ativo,target,janela,tecnica,data,target_real,target_pred,resultado_real
ITUB4,1.01,60,RNA,2020-04-22,1,1,0.0419240499749904
ITUB4,1.01,60,Random Forest,2020-04-22,1,0,0.0419240499749904
ITUB4,1.01,60,SVC,2020-04-22,1,1,0.0419240499749904
ITUB4,1.01,60,RNA,2020-04-23,1,1,0.1094755606811048
ITUB4,1.01,60,Random Forest,2020-04-23,1,1,0.1094755606811048
ITUB4,1.01,60,SVC,2020-04-23,1,1,0.1094755606811048
ITUB4,1.01,60,RNA,2020-04-24,1,1,0.1197771513340761
ITUB4,1.01,60,Random Forest,2020-04-24,1,1,0.1197771513340761
ITUB4,1.01,60,SVC,2020-04-24,1,1,0.1197771513340761
ITUB4,1.01,60,RNA,2020-04-27,1,1,0.0496083162536329
ITUB4,1.01,60,Random Forest,2020-04-27,1,1,0.0496083162536329
ITUB4,1.01,60,SVC,2020-04-27,1,1,0.0496083162536329
ITUB4,1.01,60,RNA,2020-04-28,0,1,-0.0535429469946082
ITUB4,1.01,60,Random Forest,2020-04-28,0,1,-0.0535429469946082
ITUB4,1.01,60,SVC,2020-04-28,0,1,-0.0535429469946082
ITUB4,1.01,60,RNA,2020-04-29,1,1,0.0352107806956834
ITUB4,1.01,60,Random Forest,2020-04-29,1,1,0.0352107806956834
ITUB4,1.01,60,SVC,2020-04-29,1,1,0.0352107806956834
ITUB4,1.01,60,RNA,2020-04-30,1,1,0.0646924819329424
ITUB4,1.01,60,Random Forest,2020-04-30,1,0,0.0646924819329424
ITUB4,1.01,60,SVC,2020-04-30,1,1,0.0646924819329424
ITUB4,1.01,60,RNA,2020-05-04,1,0,0.0527027143348253
ITUB4,1.01,60,Random Forest,2020-05-04,1,1,0.0527027143348253
ITUB4,1.01,60,SVC,2020-05-04,1,1,0.0527027143348253
ITUB4,1.01,60,RNA,2020-05-05,1,1,0.0190265670812666
ITUB4,1.01,60,Random Forest,2020-05-05,1,1,0.0190265670812666
ITUB4,1.01,60,SVC,2020-05-05,1,1,0.0190265670812666
ITUB4,1.01,60,RNA,2020-05-06,1,1,0.029043803007893
ITUB4,1.01,60,Random Forest,2020-05-06,1,1,0.029043803007893
ITUB4,1.01,60,SVC,2020-05-06,1,1,0.029043803007893
ITUB4,1.01,60,RNA,2020-05-07,1,1,0.0458673921279189
ITUB4,1.01,60,Random Forest,2020-05-07,1,1,0.0458673921279189
ITUB4,1.01,60,SVC,2020-05-07,1,1,0.0458673921279189
ITUB4,1.01,60,RNA,2020-05-08,1,1,0.0387911974836179
ITUB4,1.01,60,Random Forest,2020-05-08,1,1,0.0387911974836179
ITUB4,1.01,60,SVC,2020-05-08,1,1,0.0387911974836179
ITUB4,1.01,60,RNA,2020-05-11,1,1,0.0115503822856724
ITUB4,1.01,60,Random Forest,2020-05-11,1,1,0.0115503822856724
ITUB4,1.01,60,SVC,2020-05-11,1,1,0.0115503822856724
ITUB4,1.01,60,RNA,2020-05-12,1,1,0.0551977969544617
ITUB4,1.01,60,Random Forest,2020-05-12,1,1,0.0551977969544617
ITUB4,1.01,60,SVC,2020-05-12,1,1,0.0551977969544617
ITUB4,1.01,60,RNA,2020-05-13,1,1,0.0764898522257555
ITUB4,1.01,60,Random Forest,2020-05-13,1,1,0.0764898522257555
ITUB4,1.01,60,SVC,2020-05-13,1,1,0.0764898522257555
ITUB4,1.01,60,RNA,2020-05-14,1,1,0.019555547004098
ITUB4,1.01,60,Random Forest,2020-05-14,1,1,0.019555547004098
ITUB4,1.01,60,SVC,2020-05-14,1,1,0.019555547004098
ITUB4,1.01,60,RNA,2020-05-15,1,0,0.021826285052616
ITUB4,1.01,60,Random Forest,2020-05-15,1,1,0.021826285052616
ITUB4,1.01,60,SVC,2020-05-15,1,1,0.021826285052616
ITUB4,1.01,60,RNA,2020-05-18,1,1,0.0318161451531571
ITUB4,1.01,60,Random Forest,2020-05-18,1,1,0.0318161451531571
ITUB4,1.01,60,SVC,2020-05-18,1,1,0.0318161451531571
ITUB4,1.01,60,RNA,2020-05-19,1,1,0.103055194581868
ITUB4,1.01,60,Random Forest,2020-05-19,1,1,0.103055194581868
ITUB4,1.01,60,SVC,2020-05-19,1,1,0.103055194581868
ITUB4,1.01,60,RNA,2020-05-20,1,1,0.1243093961366046
ITUB4,1.01,60,Random Forest,2020-05-20,1,1,0.1243093961366046
ITUB4,1.01,60,SVC,2020-05-20,1,1,0.1243093961366046
ITUB4,1.01,60,RNA,2020-05-21,1,1,0.0805309974223686
ITUB4,1.01,60,Random Forest,2020-05-21,1,1,0.0805309974223686
ITUB4,1.01,60,SVC,2020-05-21,1,1,0.0805309974223686
ITUB4,1.01,60,RNA,2020-05-22,1,1,0.0213300097270932
ITUB4,1.01,60,Random Forest,2020-05-22,1,1,0.0213300097270932
ITUB4,1.01,60,SVC,2020-05-22,1,1,0.0213300097270932
ITUB4,1.01,60,RNA,2020-05-25,0,1,-0.0530209449775563
ITUB4,1.01,60,Random Forest,2020-05-25,0,1,-0.0530209449775563
ITUB4,1.01,60,SVC,2020-05-25,0,1,-0.0530209449775563
ITUB4,1.01,60,RNA,2020-05-26,1,1,0.017343484225633
ITUB4,1.01,60,Random Forest,2020-05-26,1,1,0.017343484225633
ITUB4,1.01,60,SVC,2020-05-26,1,1,0.017343484225633
ITUB4,1.01,60,RNA,2020-05-27,1,1,0.0777557491283429
ITUB4,1.01,60,Random Forest,2020-05-27,1,1,0.0777557491283429
ITUB4,1.01,60,SVC,2020-05-27,1,1,0.0777557491283429
ITUB4,1.01,60,RNA,2020-05-28,1,1,0.1556272357347239
ITUB4,1.01,60,Random Forest,2020-05-28,1,1,0.1556272357347239
ITUB4,1.01,60,SVC,2020-05-28,1,1,0.1556272357347239
ITUB4,1.01,60,RNA,2020-05-29,1,1,0.1752080278273537
ITUB4,1.01,60,Random Forest,2020-05-29,1,1,0.1752080278273537
ITUB4,1.01,60,SVC,2020-05-29,1,1,0.1752080278273537
ITUB4,1.01,60,RNA,2020-06-01,1,1,0.1958333603261217
ITUB4,1.01,60,Random Forest,2020-06-01,1,1,0.1958333603261217
ITUB4,1.01,60,SVC,2020-06-01,1,1,0.1958333603261217
ITUB4,1.01,60,RNA,2020-06-02,1,1,0.091254792676962
ITUB4,1.01,60,Random Forest,2020-06-02,1,1,0.091254792676962
ITUB4,1.01,60,SVC,2020-06-02,1,1,0.091254792676962
ITUB4,1.01,60,RNA,2020-06-03,1,1,0.1136980977753343
ITUB4,1.01,60,Random Forest,2020-06-03,1,1,0.1136980977753343
ITUB4,1.01,60,SVC,2020-06-03,1,1,0.1136980977753343
ITUB4,1.01,60,RNA,2020-06-04,1,1,0.0191761487670174
ITUB4,1.01,60,Random Forest,2020-06-04,1,1,0.0191761487670174
ITUB4,1.01,60,SVC,2020-06-04,1,1,0.0191761487670174
ITUB4,1.01,60,RNA,2020-06-05,1,1,0.0315103223026373
ITUB4,1.01,60,Random Forest,2020-06-05,1,1,0.0315103223026373
ITUB4,1.01,60,SVC,2020-06-05,1,1,0.0315103223026373
ITUB4,1.01,60,RNA,2020-06-08,1,1,0.0243017999946182
ITUB4,1.01,60,Random Forest,2020-06-08,1,1,0.0243017999946182
ITUB4,1.01,60,SVC,2020-06-08,1,1,0.0243017999946182
ITUB4,1.01,60,RNA,2020-06-09,0,1,-0.0686588308598515
ITUB4,1.01,60,Random Forest,2020-06-09,0,1,-0.0686588308598515
ITUB4,1.01,60,SVC,2020-06-09,0,1,-0.0686588308598515
ITUB4,1.01,60,RNA,2020-06-10,1,1,0.0397529584979643
ITUB4,1.01,60,Random Forest,2020-06-10,1,1,0.0397529584979643
ITUB4,1.01,60,SVC,2020-06-10,1,1,0.0397529584979643
ITUB4,1.01,60,RNA,2020-06-12,1,1,0.1119522350129791
ITUB4,1.01,60,Random Forest,2020-06-12,1,1,0.1119522350129791
ITUB4,1.01,60,SVC,2020-06-12,1,1,0.1119522350129791
ITUB4,1.01,60,RNA,2020-06-15,1,1,0.0656603762514884
ITUB4,1.01,60,Random Forest,2020-06-15,1,1,0.0656603762514884
ITUB4,1.01,60,SVC,2020-06-15,1,1,0.0656603762514884
ITUB4,1.01,60,RNA,2020-06-16,1,1,0.0786860193200329
ITUB4,1.01,60,Random Forest,2020-06-16,1,1,0.0786860193200329
ITUB4,1.01,60,SVC,2020-06-16,1,1,0.0786860193200329
ITUB4,1.01,60,RNA,2020-06-17,1,1,0.0656603762514884
ITUB4,1.01,60,Random Forest,2020-06-17,1,1,0.0656603762514884
ITUB4,1.01,60,SVC,2020-06-17,1,1,0.0656603762514884
ITUB4,1.01,60,RNA,2020-06-18,0,1,-0.0804270834185341
ITUB4,1.01,60,Random Forest,2020-06-18,0,1,-0.0804270834185341
ITUB4,1.01,60,SVC,2020-06-18,0,1,-0.0804270834185341
ITUB4,1.01,60,RNA,2020-06-19,0,1,-0.0674036938550665
ITUB4,1.01,60,Random Forest,2020-06-19,0,1,-0.0674036938550665
ITUB4,1.01,60,SVC,2020-06-19,0,1,-0.0674036938550665
ITUB4,1.01,60,RNA,2020-06-22,0,1,-0.0718411269320794
ITUB4,1.01,60,Random Forest,2020-06-22,0,1,-0.0718411269320794
ITUB4,1.01,60,SVC,2020-06-22,0,1,-0.0718411269320794
ITUB4,1.01,60,RNA,2020-06-23,0,1,-0.0115714964483225
ITUB4,1.01,60,Random Forest,2020-06-23,0,1,-0.0115714964483225
ITUB4,1.01,60,SVC,2020-06-23,0,1,-0.0115714964483225
ITUB4,1.01,60,RNA,2020-06-24,1,1,0.0188243871782018
ITUB4,1.01,60,Random Forest,2020-06-24,1,1,0.0188243871782018
ITUB4,1.01,60,SVC,2020-06-24,1,1,0.0188243871782018
ITUB4,1.01,60,RNA,2020-06-25,1,1,0.0315052044712051
ITUB4,1.01,60,Random Forest,2020-06-25,1,1,0.0315052044712051
ITUB4,1.01,60,SVC,2020-06-25,1,1,0.0315052044712051
ITUB4,1.01,60,RNA,2020-06-26,1,1,0.052743593136606
ITUB4,1.01,60,Random Forest,2020-06-26,1,1,0.052743593136606
ITUB4,1.01,60,SVC,2020-06-26,1,1,0.052743593136606
ITUB4,1.01,60,RNA,2020-06-29,1,1,0.0398954633876609
ITUB4,1.01,60,Random Forest,2020-06-29,1,1,0.0398954633876609
ITUB4,1.01,60,SVC,2020-06-29,1,1,0.0398954633876609
ITUB4,1.01,60,RNA,2020-06-30,1,1,0.0878905710078512
ITUB4,1.01,60,Random Forest,2020-06-30,1,1,0.0878905710078512
ITUB4,1.01,60,SVC,2020-06-30,1,1,0.0878905710078512
ITUB4,1.01,60,RNA,2020-07-01,1,1,0.0509433793906513
ITUB4,1.01,60,Random Forest,2020-07-01,1,1,0.0509433793906513
ITUB4,1.01,60,SVC,2020-07-01,1,1,0.0509433793906513
ITUB4,1.01,60,RNA,2020-07-02,1,1,0.0553239855096487
ITUB4,1.01,60,Random Forest,2020-07-02,1,1,0.0553239855096487
ITUB4,1.01,60,SVC,2020-07-02,1,1,0.0553239855096487
ITUB4,1.01,60,RNA,2020-07-03,1,1,0.0269173717505821
ITUB4,1.01,60,Random Forest,2020-07-03,1,0,0.0269173717505821
ITUB4,1.01,60,SVC,2020-07-03,1,1,0.0269173717505821
ITUB4,1.01,60,RNA,2020-07-06,1,1,0.0102078163129992
ITUB4,1.01,60,Random Forest,2020-07-06,1,1,0.0102078163129992
ITUB4,1.01,60,SVC,2020-07-06,1,1,0.0102078163129992
ITUB4,1.01,60,RNA,2020-07-07,1,1,0.0337710737671925
ITUB4,1.01,60,Random Forest,2020-07-07,1,0,0.0337710737671925
ITUB4,1.01,60,SVC,2020-07-07,1,1,0.0337710737671925
ITUB4,1.01,60,RNA,2020-07-08,1,1,0.0196150745476848
ITUB4,1.01,60,Random Forest,2020-07-08,1,1,0.0196150745476848
ITUB4,1.01,60,SVC,2020-07-08,1,1,0.0196150745476848
ITUB4,1.01,60,RNA,2020-07-09,1,1,0.0315398893803837
ITUB4,1.01,60,Random Forest,2020-07-09,1,1,0.0315398893803837
ITUB4,1.01,60,SVC,2020-07-09,1,1,0.0315398893803837
ITUB4,1.01,60,RNA,2020-07-10,1,1,0.0127504739779884
ITUB4,1.01,60,Random Forest,2020-07-10,1,1,0.0127504739779884
ITUB4,1.01,60,SVC,2020-07-10,1,1,0.0127504739779884
ITUB4,1.01,60,RNA,2020-07-13,1,1,0.0392523296035429
ITUB4,1.01,60,Random Forest,2020-07-13,1,1,0.0392523296035429
ITUB4,1.01,60,SVC,2020-07-13,1,1,0.0392523296035429
ITUB4,1.01,60,RNA,2020-07-14,0,1,-0.0087146005574519
ITUB4,1.01,60,Random Forest,2020-07-14,0,1,-0.0087146005574519
ITUB4,1.01,60,SVC,2020-07-14,0,1,-0.0087146005574519
ITUB4,1.01,60,RNA,2020-07-15,1,1,0.0320206492912065
ITUB4,1.01,60,Random Forest,2020-07-15,1,1,0.0320206492912065
ITUB4,1.01,60,SVC,2020-07-15,1,1,0.0320206492912065
ITUB4,1.01,60,RNA,2020-07-16,1,1,0.0343047079898222
ITUB4,1.01,60,Random Forest,2020-07-16,1,0,0.0343047079898222
ITUB4,1.01,60,SVC,2020-07-16,1,1,0.0343047079898222
ITUB4,1.01,60,RNA,2020-07-17,1,1,0.0289908412231794
ITUB4,1.01,60,Random Forest,2020-07-17,1,1,0.0289908412231794
ITUB4,1.01,60,SVC,2020-07-17,1,1,0.0289908412231794
ITUB4,1.01,60,RNA,2020-07-20,1,1,0.0159420256153361
ITUB4,1.01,60,Random Forest,2020-07-20,1,1,0.0159420256153361
ITUB4,1.01,60,SVC,2020-07-20,1,1,0.0159420256153361
ITUB4,1.01,60,RNA,2020-07-21,0,1,-0.0017953001258705
ITUB4,1.01,60,Random Forest,2020-07-21,0,1,-0.0017953001258705
ITUB4,1.01,60,SVC,2020-07-21,0,1,-0.0017953001258705
ITUB4,1.01,60,RNA,2020-07-22,1,1,0.0428043728953482
ITUB4,1.01,60,Random Forest,2020-07-22,1,1,0.0428043728953482
ITUB4,1.01,60,SVC,2020-07-22,1,1,0.0428043728953482
ITUB4,1.01,60,RNA,2020-07-23,1,0,0.0812144174818889
ITUB4,1.01,60,Random Forest,2020-07-23,1,1,0.0812144174818889
ITUB4,1.01,60,SVC,2020-07-23,1,1,0.0812144174818889
ITUB4,1.01,60,RNA,2020-07-24,1,1,0.0698460864603234
ITUB4,1.01,60,Random Forest,2020-07-24,1,1,0.0698460864603234
ITUB4,1.01,60,SVC,2020-07-24,1,1,0.0698460864603234
ITUB4,1.01,60,RNA,2020-07-27,1,1,0.0277778183979766
ITUB4,1.01,60,Random Forest,2020-07-27,1,1,0.0277778183979766
ITUB4,1.01,60,SVC,2020-07-27,1,1,0.0277778183979766
ITUB4,1.01,60,RNA,2020-07-28,1,1,0.0120781527957367
ITUB4,1.01,60,Random Forest,2020-07-28,1,1,0.0120781527957367
ITUB4,1.01,60,SVC,2020-07-28,1,1,0.0120781527957367
ITUB4,1.01,60,RNA,2020-07-29,1,1,0.0129170904539339
ITUB4,1.01,60,Random Forest,2020-07-29,1,1,0.0129170904539339
ITUB4,1.01,60,SVC,2020-07-29,1,1,0.0129170904539339
ITUB4,1.01,60,RNA,2020-07-30,0,1,-0.0807325903076521
ITUB4,1.01,60,Random Forest,2020-07-30,0,1,-0.0807325903076521
ITUB4,1.01,60,SVC,2020-07-30,0,1,-0.0807325903076521
ITUB4,1.01,60,RNA,2020-07-31,1,1,0.0225091816275135
ITUB4,1.01,60,Random Forest,2020-07-31,1,1,0.0225091816275135
ITUB4,1.01,60,SVC,2020-07-31,1,1,0.0225091816275135
ITUB4,1.01,60,RNA,2020-08-03,1,1,0.0167618724249269
ITUB4,1.01,60,Random Forest,2020-08-03,1,1,0.0167618724249269
ITUB4,1.01,60,SVC,2020-08-03,1,1,0.0167618724249269
ITUB4,1.01,60,RNA,2020-08-04,1,1,0.0114722531177198
ITUB4,1.01,60,Random Forest,2020-08-04,1,1,0.0114722531177198
ITUB4,1.01,60,SVC,2020-08-04,1,1,0.0114722531177198
ITUB4,1.01,60,RNA,2020-08-05,1,1,0.0291828894726329
ITUB4,1.01,60,Random Forest,2020-08-05,1,1,0.0291828894726329
ITUB4,1.01,60,SVC,2020-08-05,1,1,0.0291828894726329
ITUB4,1.01,60,RNA,2020-08-06,1,1,0.0319937620696397
ITUB4,1.01,60,Random Forest,2020-08-06,1,1,0.0319937620696397
ITUB4,1.01,60,SVC,2020-08-06,1,1,0.0319937620696397
ITUB4,1.01,60,RNA,2020-08-07,1,1,0.0301724220613508
ITUB4,1.01,60,Random Forest,2020-08-07,1,1,0.0301724220613508
ITUB4,1.01,60,SVC,2020-08-07,1,1,0.0301724220613508
ITUB4,1.01,60,RNA,2020-08-10,0,1,-0.0532159525713544
ITUB4,1.01,60,Random Forest,2020-08-10,0,1,-0.0532159525713544
ITUB4,1.01,60,SVC,2020-08-10,0,1,-0.0532159525713544
ITUB4,1.01,60,RNA,2020-08-11,0,1,-0.0603347770534901
ITUB4,1.01,60,Random Forest,2020-08-11,0,1,-0.0603347770534901
ITUB4,1.01,60,SVC,2020-08-11,0,1,-0.0603347770534901
ITUB4,1.01,60,RNA,2020-08-12,0,1,-0.0458277134218768
ITUB4,1.01,60,Random Forest,2020-08-12,0,1,-0.0458277134218768
ITUB4,1.01,60,SVC,2020-08-12,0,0,-0.0458277134218768
ITUB4,1.01,60,RNA,2020-08-13,1,1,0.0260480446429944
ITUB4,1.01,60,Random Forest,2020-08-13,1,0,0.0260480446429944
ITUB4,1.01,60,SVC,2020-08-13,1,1,0.0260480446429944
ITUB4,1.01,60,RNA,2020-08-14,0,1,-0.0221293053693227
ITUB4,1.01,60,Random Forest,2020-08-14,0,0,-0.0221293053693227
ITUB4,1.01,60,SVC,2020-08-14,0,1,-0.0221293053693227
ITUB4,1.01,60,RNA,2020-08-17,0,1,-0.0219333838774211
ITUB4,1.01,60,Random Forest,2020-08-17,0,0,-0.0219333838774211
ITUB4,1.01,60,SVC,2020-08-17,0,1,-0.0219333838774211
ITUB4,1.01,60,RNA,2020-08-18,1,1,0.0209703957335603
ITUB4,1.01,60,Random Forest,2020-08-18,1,0,0.0209703957335603
ITUB4,1.01,60,SVC,2020-08-18,1,1,0.0209703957335603
ITUB4,1.01,60,RNA,2020-08-19,1,0,0.0476793111604112
ITUB4,1.01,60,Random Forest,2020-08-19,1,0,0.0476793111604112
ITUB4,1.01,60,SVC,2020-08-19,1,0,0.0476793111604112
ITUB4,1.01,60,RNA,2020-08-20,1,1,0.038477640629406
ITUB4,1.01,60,Random Forest,2020-08-20,1,1,0.038477640629406
ITUB4,1.01,60,SVC,2020-08-20,1,1,0.038477640629406
ITUB4,1.01,60,RNA,2020-08-21,1,0,0.0239175171518604
ITUB4,1.01,60,Random Forest,2020-08-21,1,1,0.0239175171518604
ITUB4,1.01,60,SVC,2020-08-21,1,1,0.0239175171518604
ITUB4,1.01,60,RNA,2020-08-24,0,1,-0.0085227676662281
ITUB4,1.01,60,Random Forest,2020-08-24,0,1,-0.0085227676662281
ITUB4,1.01,60,SVC,2020-08-24,0,1,-0.0085227676662281
ITUB4,1.01,60,RNA,2020-08-25,1,1,0.0106995536203511
ITUB4,1.01,60,Random Forest,2020-08-25,1,1,0.0106995536203511
ITUB4,1.01,60,SVC,2020-08-25,1,1,0.0106995536203511
ITUB4,1.01,60,RNA,2020-08-26,1,1,0.0280451867478208
ITUB4,1.01,60,Random Forest,2020-08-26,1,1,0.0280451867478208
ITUB4,1.01,60,SVC,2020-08-26,1,1,0.0280451867478208
ITUB4,1.01,60,RNA,2020-08-27,1,0,0.0106995536203511
ITUB4,1.01,60,Random Forest,2020-08-27,1,1,0.0106995536203511
ITUB4,1.01,60,SVC,2020-08-27,1,1,0.0106995536203511
ITUB4,1.01,60,RNA,2020-08-28,1,1,0.0556993363520099
ITUB4,1.01,60,Random Forest,2020-08-28,1,1,0.0556993363520099
ITUB4,1.01,60,SVC,2020-08-28,1,1,0.0556993363520099
ITUB4,1.01,60,RNA,2020-08-31,1,1,0.0682865540187092
ITUB4,1.01,60,Random Forest,2020-08-31,1,1,0.0682865540187092
ITUB4,1.01,60,SVC,2020-08-31,1,1,0.0682865540187092
ITUB4,1.01,60,RNA,2020-09-01,1,1,0.0472278966949555
ITUB4,1.01,60,Random Forest,2020-09-01,1,1,0.0472278966949555
ITUB4,1.01,60,SVC,2020-09-01,1,1,0.0472278966949555
ITUB4,1.01,60,RNA,2020-09-02,1,1,0.0537189746357746
ITUB4,1.01,60,Random Forest,2020-09-02,1,1,0.0537189746357746
ITUB4,1.01,60,SVC,2020-09-02,1,1,0.0537189746357746
ITUB4,1.01,60,RNA,2020-09-03,0,1,-0.049682071299363
ITUB4,1.01,60,Random Forest,2020-09-03,0,1,-0.049682071299363
ITUB4,1.01,60,SVC,2020-09-03,0,1,-0.049682071299363
ITUB4,1.01,60,RNA,2020-09-04,1,1,0.0101791466760754
ITUB4,1.01,60,Random Forest,2020-09-04,1,1,0.0101791466760754
ITUB4,1.01,60,SVC,2020-09-04,1,1,0.0101791466760754
ITUB4,1.01,60,RNA,2020-09-08,0,1,-0.0223577098086357
ITUB4,1.01,60,Random Forest,2020-09-08,0,1,-0.0223577098086357
ITUB4,1.01,60,SVC,2020-09-08,0,1,-0.0223577098086357
ITUB4,1.01,60,RNA,2020-09-09,1,1,0.0106557448863138
ITUB4,1.01,60,Random Forest,2020-09-09,1,1,0.0106557448863138
ITUB4,1.01,60,SVC,2020-09-09,1,1,0.0106557448863138
ITUB4,1.01,60,RNA,2020-09-10,1,1,0.0116909874562709
ITUB4,1.01,60,Random Forest,2020-09-10,1,1,0.0116909874562709
ITUB4,1.01,60,SVC,2020-09-10,1,1,0.0116909874562709
ITUB4,1.01,60,RNA,2020-09-11,1,1,0.0184951403690551
ITUB4,1.01,60,Random Forest,2020-09-11,1,1,0.0184951403690551
ITUB4,1.01,60,SVC,2020-09-11,1,1,0.0184951403690551
ITUB4,1.01,60,RNA,2020-09-14,0,1,-0.0442697578550813
ITUB4,1.01,60,Random Forest,2020-09-14,0,1,-0.0442697578550813
ITUB4,1.01,60,SVC,2020-09-14,0,1,-0.0442697578550813
ITUB4,1.01,60,RNA,2020-09-15,1,1,0.0193602722823218
ITUB4,1.01,60,Random Forest,2020-09-15,1,1,0.0193602722823218
ITUB4,1.01,60,SVC,2020-09-15,1,1,0.0193602722823218
ITUB4,1.01,60,RNA,2020-09-16,1,1,0.0140425154873733
ITUB4,1.01,60,Random Forest,2020-09-16,1,1,0.0140425154873733
ITUB4,1.01,60,SVC,2020-09-16,1,1,0.0140425154873733
ITUB4,1.01,60,RNA,2020-09-17,0,1,-0.0434042559897153
ITUB4,1.01,60,Random Forest,2020-09-17,0,1,-0.0434042559897153
ITUB4,1.01,60,SVC,2020-09-17,0,1,-0.0434042559897153
ITUB4,1.01,60,RNA,2020-09-18,1,1,0.0259341097752121
ITUB4,1.01,60,Random Forest,2020-09-18,1,1,0.0259341097752121
ITUB4,1.01,60,SVC,2020-09-18,1,1,0.0259341097752121
ITUB4,1.01,60,RNA,2020-09-21,1,1,0.0214442476082039
ITUB4,1.01,60,Random Forest,2020-09-21,1,1,0.0214442476082039
ITUB4,1.01,60,SVC,2020-09-21,1,1,0.0214442476082039
ITUB4,1.01,60,RNA,2020-09-22,1,0,0.0427574347903934
ITUB4,1.01,60,Random Forest,2020-09-22,1,0,0.0427574347903934
ITUB4,1.01,60,SVC,2020-09-22,1,1,0.0427574347903934
ITUB4,1.01,60,RNA,2020-09-23,1,1,0.0622222597945596
ITUB4,1.01,60,Random Forest,2020-09-23,1,1,0.0622222597945596
ITUB4,1.01,60,SVC,2020-09-23,1,1,0.0622222597945596
ITUB4,1.01,60,RNA,2020-09-24,1,1,0.0477860888660908
ITUB4,1.01,60,Random Forest,2020-09-24,1,1,0.0477860888660908
ITUB4,1.01,60,SVC,2020-09-24,1,1,0.0477860888660908
ITUB4,1.01,60,RNA,2020-09-25,1,1,0.0279570454537556
ITUB4,1.01,60,Random Forest,2020-09-25,1,1,0.0279570454537556
ITUB4,1.01,60,SVC,2020-09-25,1,1,0.0279570454537556
ITUB4,1.01,60,RNA,2020-09-28,1,1,0.0190203345378421
ITUB4,1.01,60,Random Forest,2020-09-28,1,1,0.0190203345378421
ITUB4,1.01,60,SVC,2020-09-28,1,1,0.0190203345378421
ITUB4,1.01,60,RNA,2020-09-29,1,1,0.0334616661951561
ITUB4,1.01,60,Random Forest,2020-09-29,1,1,0.0334616661951561
ITUB4,1.01,60,SVC,2020-09-29,1,1,0.0334616661951561
ITUB4,1.01,60,RNA,2020-09-30,1,1,0.0368070339132116
ITUB4,1.01,60,Random Forest,2020-09-30,1,1,0.0368070339132116
ITUB4,1.01,60,SVC,2020-09-30,1,1,0.0368070339132116
ITUB4,1.01,60,RNA,2020-10-01,1,1,0.0456171422342353
ITUB4,1.01,60,Random Forest,2020-10-01,1,1,0.0456171422342353
ITUB4,1.01,60,SVC,2020-10-01,1,1,0.0456171422342353
ITUB4,1.01,60,RNA,2020-10-02,1,1,0.0686619753504143
ITUB4,1.01,60,Random Forest,2020-10-02,1,1,0.0686619753504143
ITUB4,1.01,60,SVC,2020-10-02,1,1,0.0686619753504143
ITUB4,1.01,60,RNA,2020-10-05,1,1,0.0658293744983689
ITUB4,1.01,60,Random Forest,2020-10-05,1,1,0.0658293744983689
ITUB4,1.01,60,SVC,2020-10-05,1,1,0.0658293744983689
ITUB4,1.01,60,RNA,2020-10-06,1,1,0.073266450767367
ITUB4,1.01,60,Random Forest,2020-10-06,1,1,0.073266450767367
ITUB4,1.01,60,SVC,2020-10-06,1,1,0.073266450767367
ITUB4,1.01,60,RNA,2020-10-07,1,1,0.0831865955059465
ITUB4,1.01,60,Random Forest,2020-10-07,1,1,0.0831865955059465
ITUB4,1.01,60,SVC,2020-10-07,1,1,0.0831865955059465
ITUB4,1.01,60,RNA,2020-10-08,1,1,0.0297071430969475
ITUB4,1.01,60,Random Forest,2020-10-08,1,1,0.0297071430969475
ITUB4,1.01,60,SVC,2020-10-08,1,1,0.0297071430969475
ITUB4,1.01,60,RNA,2020-10-09,0,1,-0.0362802404900939
ITUB4,1.01,60,Random Forest,2020-10-09,0,1,-0.0362802404900939
ITUB4,1.01,60,SVC,2020-10-09,0,1,-0.0362802404900939
ITUB4,1.01,60,RNA,2020-10-13,0,1,-0.0221850319809396
ITUB4,1.01,60,Random Forest,2020-10-13,0,1,-0.0221850319809396
ITUB4,1.01,60,SVC,2020-10-13,0,1,-0.0221850319809396
ITUB4,1.01,60,RNA,2020-10-14,1,1,0.0400681808990803
ITUB4,1.01,60,Random Forest,2020-10-14,1,1,0.0400681808990803
ITUB4,1.01,60,SVC,2020-10-14,1,1,0.0400681808990803
ITUB4,1.01,60,RNA,2020-10-15,1,1,0.0653566390432678
ITUB4,1.01,60,Random Forest,2020-10-15,1,0,0.0653566390432678
ITUB4,1.01,60,SVC,2020-10-15,1,1,0.0653566390432678
ITUB4,1.01,60,RNA,2020-10-16,1,1,0.11483876634427
ITUB4,1.01,60,Random Forest,2020-10-16,1,1,0.11483876634427
ITUB4,1.01,60,SVC,2020-10-16,1,1,0.11483876634427
ITUB4,1.01,60,RNA,2020-10-19,1,1,0.118197300318922
ITUB4,1.01,60,Random Forest,2020-10-19,1,1,0.118197300318922
ITUB4,1.01,60,SVC,2020-10-19,1,1,0.118197300318922
ITUB4,1.01,60,RNA,2020-10-20,1,1,0.0840890475106483
ITUB4,1.01,60,Random Forest,2020-10-20,1,1,0.0840890475106483
ITUB4,1.01,60,SVC,2020-10-20,1,1,0.0840890475106483
ITUB4,1.01,60,RNA,2020-10-21,1,1,0.0704110699652349
ITUB4,1.01,60,Random Forest,2020-10-21,1,1,0.0704110699652349
ITUB4,1.01,60,SVC,2020-10-21,1,1,0.0704110699652349
ITUB4,1.01,60,RNA,2020-10-22,1,1,0.0154440317436874
ITUB4,1.01,60,Random Forest,2020-10-22,1,1,0.0154440317436874
ITUB4,1.01,60,SVC,2020-10-22,1,1,0.0154440317436874
ITUB4,1.01,60,RNA,2020-10-23,1,1,0.0343873595312316
ITUB4,1.01,60,Random Forest,2020-10-23,1,1,0.0343873595312316
ITUB4,1.01,60,SVC,2020-10-23,1,1,0.0343873595312316
ITUB4,1.01,60,RNA,2020-10-26,0,1,-0.1003831759877499
ITUB4,1.01,60,Random Forest,2020-10-26,0,1,-0.1003831759877499
ITUB4,1.01,60,SVC,2020-10-26,0,1,-0.1003831759877499
ITUB4,1.01,60,RNA,2020-10-27,0,0,-0.0080259077651153
ITUB4,1.01,60,Random Forest,2020-10-27,0,1,-0.0080259077651153
ITUB4,1.01,60,SVC,2020-10-27,0,1,-0.0080259077651153
ITUB4,1.01,60,RNA,2020-10-28,1,1,0.0923010194563827
ITUB4,1.01,60,Random Forest,2020-10-28,1,1,0.0923010194563827
ITUB4,1.01,60,SVC,2020-10-28,1,1,0.0923010194563827
ITUB4,1.01,60,RNA,2020-10-29,1,1,0.09753006142946
ITUB4,1.01,60,Random Forest,2020-10-29,1,1,0.09753006142946
ITUB4,1.01,60,SVC,2020-10-29,1,1,0.09753006142946
ITUB4,1.01,60,RNA,2020-10-30,1,1,0.0853556306420686
ITUB4,1.01,60,Random Forest,2020-10-30,1,1,0.0853556306420686
ITUB4,1.01,60,SVC,2020-10-30,1,1,0.0853556306420686
ITUB4,1.01,60,RNA,2020-11-03,1,1,0.098823556402056
ITUB4,1.01,60,Random Forest,2020-11-03,1,1,0.098823556402056
ITUB4,1.01,60,SVC,2020-11-03,1,1,0.098823556402056
ITUB4,1.01,60,RNA,2020-11-04,1,0,0.1426891105399597
ITUB4,1.01,60,Random Forest,2020-11-04,1,1,0.1426891105399597
ITUB4,1.01,60,SVC,2020-11-04,1,1,0.1426891105399597
ITUB4,1.01,60,RNA,2020-11-05,1,0,0.1499013403847908
ITUB4,1.01,60,Random Forest,2020-11-05,1,1,0.1499013403847908
ITUB4,1.01,60,SVC,2020-11-05,1,1,0.1499013403847908
ITUB4,1.01,60,RNA,2020-11-06,1,1,0.0901271280955002
ITUB4,1.01,60,Random Forest,2020-11-06,1,1,0.0901271280955002
ITUB4,1.01,60,SVC,2020-11-06,1,1,0.0901271280955002
ITUB4,1.01,60,RNA,2020-11-09,1,1,0.0542495176861386
ITUB4,1.01,60,Random Forest,2020-11-09,1,1,0.0542495176861386
ITUB4,1.01,60,SVC,2020-11-09,1,1,0.0542495176861386
ITUB4,1.01,60,RNA,2020-11-10,1,1,0.0288595095407218
ITUB4,1.01,60,Random Forest,2020-11-10,1,1,0.0288595095407218
ITUB4,1.01,60,SVC,2020-11-10,1,1,0.0288595095407218
ITUB4,1.01,60,RNA,2020-11-11,1,1,0.0418719310893587
ITUB4,1.01,60,Random Forest,2020-11-11,1,1,0.0418719310893587
ITUB4,1.01,60,SVC,2020-11-11,1,1,0.0418719310893587
ITUB4,1.01,60,RNA,2020-11-12,1,1,0.0511182678695223
ITUB4,1.01,60,Random Forest,2020-11-12,1,1,0.0511182678695223
ITUB4,1.01,60,SVC,2020-11-12,1,1,0.0511182678695223
ITUB4,1.01,60,RNA,2020-11-13,1,1,0.0203308279387699
ITUB4,1.01,60,Random Forest,2020-11-13,1,1,0.0203308279387699
ITUB4,1.01,60,SVC,2020-11-13,1,1,0.0203308279387699
ITUB4,1.01,60,RNA,2020-11-16,0,1,-0.027919660922846
ITUB4,1.01,60,Random Forest,2020-11-16,0,1,-0.027919660922846
ITUB4,1.01,60,SVC,2020-11-16,0,1,-0.027919660922846
ITUB4,1.01,60,RNA,2020-11-17,0,1,-0.0180088230517778
ITUB4,1.01,60,Random Forest,2020-11-17,0,1,-0.0180088230517778
ITUB4,1.01,60,SVC,2020-11-17,0,1,-0.0180088230517778
ITUB4,1.01,60,RNA,2020-11-18,1,1,0.0442906605390951
ITUB4,1.01,60,Random Forest,2020-11-18,1,1,0.0442906605390951
ITUB4,1.01,60,SVC,2020-11-18,1,1,0.0442906605390951
ITUB4,1.01,60,RNA,2020-11-19,1,1,0.0508356418377982
ITUB4,1.01,60,Random Forest,2020-11-19,1,1,0.0508356418377982
ITUB4,1.01,60,SVC,2020-11-19,1,1,0.0508356418377982
ITUB4,1.01,60,RNA,2020-11-20,1,1,0.0461005322107046
ITUB4,1.01,60,Random Forest,2020-11-20,1,1,0.0461005322107046
ITUB4,1.01,60,SVC,2020-11-20,1,1,0.0461005322107046
ITUB4,1.01,60,RNA,2020-11-23,1,1,0.0371134289809937
ITUB4,1.01,60,Random Forest,2020-11-23,1,1,0.0371134289809937
ITUB4,1.01,60,SVC,2020-11-23,1,1,0.0371134289809937
ITUB4,1.01,60,RNA,2020-11-24,0,1,-0.03578660750852
ITUB4,1.01,60,Random Forest,2020-11-24,0,1,-0.03578660750852
ITUB4,1.01,60,SVC,2020-11-24,0,1,-0.03578660750852
ITUB4,1.01,60,RNA,2020-11-25,1,1,0.0408332238538822
ITUB4,1.01,60,Random Forest,2020-11-25,1,1,0.0408332238538822
ITUB4,1.01,60,SVC,2020-11-25,1,1,0.0408332238538822
ITUB4,1.01,60,RNA,2020-11-26,1,1,0.0494321492152238
ITUB4,1.01,60,Random Forest,2020-11-26,1,1,0.0494321492152238
ITUB4,1.01,60,SVC,2020-11-26,1,1,0.0494321492152238
ITUB4,1.01,60,RNA,2020-11-27,1,1,0.0664901952398673
ITUB4,1.01,60,Random Forest,2020-11-27,1,1,0.0664901952398673
ITUB4,1.01,60,SVC,2020-11-27,1,1,0.0664901952398673
ITUB4,1.01,60,RNA,2020-11-30,1,1,0.062994829341191
ITUB4,1.01,60,Random Forest,2020-11-30,1,1,0.062994829341191
ITUB4,1.01,60,SVC,2020-11-30,1,1,0.062994829341191
ITUB4,1.01,60,RNA,2020-12-01,1,1,0.038101594443231
ITUB4,1.01,60,Random Forest,2020-12-01,1,1,0.038101594443231
ITUB4,1.01,60,SVC,2020-12-01,1,1,0.038101594443231
ITUB4,1.01,60,RNA,2020-12-02,1,1,0.0328467293667715
ITUB4,1.01,60,Random Forest,2020-12-02,1,1,0.0328467293667715
ITUB4,1.01,60,SVC,2020-12-02,1,1,0.0328467293667715
ITUB4,1.01,60,RNA,2020-12-03,1,1,0.0301124968107175
ITUB4,1.01,60,Random Forest,2020-12-03,1,1,0.0301124968107175
ITUB4,1.01,60,SVC,2020-12-03,1,1,0.0301124968107175
ITUB4,1.01,60,RNA,2020-12-04,1,1,0.0485950358689428
ITUB4,1.01,60,Random Forest,2020-12-04,1,1,0.0485950358689428
ITUB4,1.01,60,SVC,2020-12-04,1,1,0.0485950358689428
ITUB4,1.01,60,RNA,2020-12-07,1,1,0.0420499401720753
ITUB4,1.01,60,Random Forest,2020-12-07,1,1,0.0420499401720753
ITUB4,1.01,60,SVC,2020-12-07,1,1,0.0420499401720753
ITUB4,1.01,60,RNA,2020-12-08,1,1,0.043764374806493
ITUB4,1.01,60,Random Forest,2020-12-08,1,1,0.043764374806493
ITUB4,1.01,60,SVC,2020-12-08,1,1,0.043764374806493
ITUB4,1.01,60,RNA,2020-12-09,1,1,0.0312093812058198
ITUB4,1.01,60,Random Forest,2020-12-09,1,1,0.0312093812058198
ITUB4,1.01,60,SVC,2020-12-09,1,1,0.0312093812058198
ITUB4,1.01,60,RNA,2020-12-10,1,1,0.0324029464129325
ITUB4,1.01,60,Random Forest,2020-12-10,1,1,0.0324029464129325
ITUB4,1.01,60,SVC,2020-12-10,1,1,0.0324029464129325
ITUB4,1.01,60,RNA,2020-12-11,1,1,0.0225611366906675
ITUB4,1.01,60,Random Forest,2020-12-11,1,1,0.0225611366906675
ITUB4,1.01,60,SVC,2020-12-11,1,1,0.0225611366906675
ITUB4,1.01,60,RNA,2020-12-14,1,1,0.0390700816184832
ITUB4,1.01,60,Random Forest,2020-12-14,1,1,0.0390700816184832
ITUB4,1.01,60,SVC,2020-12-14,1,1,0.0390700816184832
ITUB4,1.01,60,RNA,2020-12-15,1,1,0.0300895949027364
ITUB4,1.01,60,Random Forest,2020-12-15,1,1,0.0300895949027364
ITUB4,1.01,60,SVC,2020-12-15,1,1,0.0300895949027364
ITUB4,1.01,60,RNA,2020-12-16,0,1,-0.0200689812405855
ITUB4,1.01,60,Random Forest,2020-12-16,0,1,-0.0200689812405855
ITUB4,1.01,60,SVC,2020-12-16,0,1,-0.0200689812405855
ITUB4,1.01,60,RNA,2020-12-17,1,1,0.0126103233473171
ITUB4,1.01,60,Random Forest,2020-12-17,1,1,0.0126103233473171
ITUB4,1.01,60,SVC,2020-12-17,1,1,0.0126103233473171
ITUB4,1.01,60,RNA,2020-12-18,1,1,0.0444444396441925
ITUB4,1.01,60,Random Forest,2020-12-18,1,1,0.0444444396441925
ITUB4,1.01,60,SVC,2020-12-18,1,1,0.0444444396441925
ITUB4,1.01,60,RNA,2020-12-21,1,1,0.0404235016713008
ITUB4,1.01,60,Random Forest,2020-12-21,1,1,0.0404235016713008
ITUB4,1.01,60,SVC,2020-12-21,1,1,0.0404235016713008
ITUB4,1.01,60,RNA,2020-12-22,1,1,0.0354406164626421
ITUB4,1.01,60,Random Forest,2020-12-22,1,1,0.0354406164626421
ITUB4,1.01,60,SVC,2020-12-22,1,1,0.0354406164626421
ITUB4,1.01,60,RNA,2020-12-23,0,1,-0.0405135301232991
ITUB4,1.01,60,Random Forest,2020-12-23,0,1,-0.0405135301232991
ITUB4,1.01,60,SVC,2020-12-23,0,1,-0.0405135301232991
ITUB4,1.01,60,RNA,2020-12-28,0,1,-0.0482008225666257
ITUB4,1.01,60,Random Forest,2020-12-28,0,1,-0.0482008225666257
ITUB4,1.01,60,SVC,2020-12-28,0,1,-0.0482008225666257
ITUB4,1.01,60,RNA,2020-12-29,0,1,-0.0197216823578263
ITUB4,1.01,60,Random Forest,2020-12-29,0,1,-0.0197216823578263
ITUB4,1.01,60,SVC,2020-12-29,0,1,-0.0197216823578263
ITUB4,1.01,60,RNA,2020-12-30,1,1,0.0337711057619314
ITUB4,1.01,60,Random Forest,2020-12-30,1,0,0.0337711057619314
ITUB4,1.01,60,SVC,2020-12-30,1,1,0.0337711057619314
ITUB4,1.01,60,RNA,2021-01-04,1,1,0.0881874005782368
ITUB4,1.01,60,Random Forest,2021-01-04,1,1,0.0881874005782368
ITUB4,1.01,60,SVC,2021-01-04,1,1,0.0881874005782368
ITUB4,1.01,60,RNA,2021-01-05,1,1,0.0794060470569981
ITUB4,1.01,60,Random Forest,2021-01-05,1,1,0.0794060470569981
ITUB4,1.01,60,SVC,2021-01-05,1,1,0.0794060470569981
ITUB4,1.01,60,RNA,2021-01-06,1,1,0.0565560590595639
ITUB4,1.01,60,Random Forest,2021-01-06,1,1,0.0565560590595639
ITUB4,1.01,60,SVC,2021-01-06,1,1,0.0565560590595639
ITUB4,1.01,60,RNA,2021-01-07,1,1,0.015487388545561
ITUB4,1.01,60,Random Forest,2021-01-07,1,1,0.015487388545561
ITUB4,1.01,60,SVC,2021-01-07,1,1,0.015487388545561
ITUB4,1.01,60,RNA,2021-01-08,1,1,0.0144749137059647
ITUB4,1.01,60,Random Forest,2021-01-08,1,0,0.0144749137059647
ITUB4,1.01,60,SVC,2021-01-08,1,1,0.0144749137059647
ITUB4,1.01,60,RNA,2021-01-11,1,1,0.023617181899169
ITUB4,1.01,60,Random Forest,2021-01-11,1,1,0.023617181899169
ITUB4,1.01,60,SVC,2021-01-11,1,1,0.023617181899169
ITUB4,1.01,60,RNA,2021-01-12,1,1,0.023617181899169
ITUB4,1.01,60,Random Forest,2021-01-12,1,1,0.023617181899169
ITUB4,1.01,60,SVC,2021-01-12,1,1,0.023617181899169
ITUB4,1.01,60,RNA,2021-01-13,1,1,0.0287320828497581
ITUB4,1.01,60,Random Forest,2021-01-13,1,1,0.0287320828497581
ITUB4,1.01,60,SVC,2021-01-13,1,1,0.0287320828497581
ITUB4,1.01,60,RNA,2021-01-14,1,1,0.0106084357419229
ITUB4,1.01,60,Random Forest,2021-01-14,1,1,0.0106084357419229
ITUB4,1.01,60,SVC,2021-01-14,1,1,0.0106084357419229
ITUB4,1.01,60,RNA,2021-01-15,0,1,-0.0552747969843345
ITUB4,1.01,60,Random Forest,2021-01-15,0,1,-0.0552747969843345
ITUB4,1.01,60,SVC,2021-01-15,0,1,-0.0552747969843345
ITUB4,1.01,60,RNA,2021-01-18,0,1,-0.0704985864229434
ITUB4,1.01,60,Random Forest,2021-01-18,0,1,-0.0704985864229434
ITUB4,1.01,60,SVC,2021-01-18,0,1,-0.0704985864229434
ITUB4,1.01,60,RNA,2021-01-19,0,1,-0.0886150239810069
ITUB4,1.01,60,Random Forest,2021-01-19,0,1,-0.0886150239810069
ITUB4,1.01,60,SVC,2021-01-19,0,1,-0.0886150239810069
ITUB4,1.01,60,RNA,2021-01-20,0,1,-0.0673328039288109
ITUB4,1.01,60,Random Forest,2021-01-20,0,0,-0.0673328039288109
ITUB4,1.01,60,SVC,2021-01-20,0,1,-0.0673328039288109
ITUB4,1.01,60,RNA,2021-01-21,1,0,0.0222649824911711
ITUB4,1.01,60,Random Forest,2021-01-21,1,0,0.0222649824911711
ITUB4,1.01,60,SVC,2021-01-21,1,0,0.0222649824911711
ITUB4,1.01,60,RNA,2021-01-22,1,1,0.0296653672424476
ITUB4,1.01,60,Random Forest,2021-01-22,1,0,0.0296653672424476
ITUB4,1.01,60,SVC,2021-01-22,1,0,0.0296653672424476
ITUB4,1.01,60,RNA,2021-01-26,1,1,0.0540732807763564
ITUB4,1.01,60,Random Forest,2021-01-26,1,0,0.0540732807763564
ITUB4,1.01,60,SVC,2021-01-26,1,1,0.0540732807763564
ITUB4,1.01,60,RNA,2021-01-27,1,1,0.0473665207343632
ITUB4,1.01,60,Random Forest,2021-01-27,1,0,0.0473665207343632
ITUB4,1.01,60,SVC,2021-01-27,1,1,0.0473665207343632
ITUB4,1.01,60,RNA,2021-01-28,1,1,0.011293621093275
ITUB4,1.01,60,Random Forest,2021-01-28,1,1,0.011293621093275
ITUB4,1.01,60,SVC,2021-01-28,1,1,0.011293621093275
ITUB4,1.01,60,RNA,2021-01-29,1,1,0.0144827703521874
ITUB4,1.01,60,Random Forest,2021-01-29,1,1,0.0144827703521874
ITUB4,1.01,60,SVC,2021-01-29,1,1,0.0144827703521874
ITUB4,1.01,60,RNA,2021-02-01,0,1,-0.0343878997321204
ITUB4,1.01,60,Random Forest,2021-02-01,0,1,-0.0343878997321204
ITUB4,1.01,60,SVC,2021-02-01,0,1,-0.0343878997321204
ITUB4,1.01,60,RNA,2021-02-02,0,1,-0.0417246003802067
ITUB4,1.01,60,Random Forest,2021-02-02,0,1,-0.0417246003802067
ITUB4,1.01,60,SVC,2021-02-02,0,1,-0.0417246003802067
ITUB4,1.01,60,RNA,2021-02-03,0,1,-0.0224325147761027
ITUB4,1.01,60,Random Forest,2021-02-03,0,1,-0.0224325147761027
ITUB4,1.01,60,SVC,2021-02-03,0,1,-0.0224325147761027
ITUB4,1.01,60,RNA,2021-02-04,0,1,-0.0219003777680932
ITUB4,1.01,60,Random Forest,2021-02-04,0,1,-0.0219003777680932
ITUB4,1.01,60,SVC,2021-02-04,0,1,-0.0219003777680932
ITUB4,1.01,60,RNA,2021-02-05,1,0,0.0146428705164751
ITUB4,1.01,60,Random Forest,2021-02-05,1,0,0.0146428705164751
ITUB4,1.01,60,SVC,2021-02-05,1,0,0.0146428705164751
ITUB4,1.01,60,RNA,2021-02-08,1,0,0.0334667309687555
ITUB4,1.01,60,Random Forest,2021-02-08,1,0,0.0334667309687555
ITUB4,1.01,60,SVC,2021-02-08,1,1,0.0334667309687555
ITUB4,1.01,60,RNA,2021-02-09,1,1,0.0136200883551695
ITUB4,1.01,60,Random Forest,2021-02-09,1,0,0.0136200883551695
ITUB4,1.01,60,SVC,2021-02-09,1,1,0.0136200883551695
ITUB4,1.01,60,RNA,2021-02-10,1,1,0.0182207951895061
ITUB4,1.01,60,Random Forest,2021-02-10,1,1,0.0182207951895061
ITUB4,1.01,60,SVC,2021-02-10,1,1,0.0182207951895061
ITUB4,1.01,60,RNA,2021-02-11,1,1,0.0352342371766787
ITUB4,1.01,60,Random Forest,2021-02-11,1,1,0.0352342371766787
ITUB4,1.01,60,SVC,2021-02-11,1,1,0.0352342371766787
ITUB4,1.01,60,RNA,2021-02-12,1,1,0.0251798359921979
ITUB4,1.01,60,Random Forest,2021-02-12,1,1,0.0251798359921979
ITUB4,1.01,60,SVC,2021-02-12,1,1,0.0251798359921979
ITUB4,1.01,60,RNA,2021-02-17,1,1,0.0207736329190337
ITUB4,1.01,60,Random Forest,2021-02-17,1,1,0.0207736329190337
ITUB4,1.01,60,SVC,2021-02-17,1,1,0.0207736329190337
ITUB4,1.01,60,RNA,2021-02-18,1,1,0.0111151196529759
ITUB4,1.01,60,Random Forest,2021-02-18,1,1,0.0111151196529759
ITUB4,1.01,60,SVC,2021-02-18,1,1,0.0111151196529759
ITUB4,1.01,60,RNA,2021-02-19,1,1,0.0365348485360947
ITUB4,1.01,60,Random Forest,2021-02-19,1,1,0.0365348485360947
ITUB4,1.01,60,SVC,2021-02-19,1,1,0.0365348485360947
ITUB4,1.01,60,RNA,2021-02-22,1,1,0.0621382322411783
ITUB4,1.01,60,Random Forest,2021-02-22,1,1,0.0621382322411783
ITUB4,1.01,60,SVC,2021-02-22,1,1,0.0621382322411783
ITUB4,1.01,60,RNA,2021-02-23,0,1,-0.0913225913590477
ITUB4,1.01,60,Random Forest,2021-02-23,0,1,-0.0913225913590477
ITUB4,1.01,60,SVC,2021-02-23,0,1,-0.0913225913590477
ITUB4,1.01,60,RNA,2021-02-24,0,1,-0.0360118712557699
ITUB4,1.01,60,Random Forest,2021-02-24,0,1,-0.0360118712557699
ITUB4,1.01,60,SVC,2021-02-24,0,1,-0.0360118712557699
ITUB4,1.01,60,RNA,2021-02-25,0,1,-0.0135430252372836
ITUB4,1.01,60,Random Forest,2021-02-25,0,1,-0.0135430252372836
ITUB4,1.01,60,SVC,2021-02-25,0,1,-0.0135430252372836
ITUB4,1.01,60,RNA,2021-02-26,1,1,0.0463320223016965
ITUB4,1.01,60,Random Forest,2021-02-26,1,0,0.0463320223016965
ITUB4,1.01,60,SVC,2021-02-26,1,1,0.0463320223016965
ITUB4,1.01,60,RNA,2021-03-01,1,1,0.1434442933181736
ITUB4,1.01,60,Random Forest,2021-03-01,1,0,0.1434442933181736
ITUB4,1.01,60,SVC,2021-03-01,1,1,0.1434442933181736
ITUB4,1.01,60,RNA,2021-03-02,1,1,0.0857586160532484
ITUB4,1.01,60,Random Forest,2021-03-02,1,1,0.0857586160532484
ITUB4,1.01,60,SVC,2021-03-02,1,1,0.0857586160532484
ITUB4,1.01,60,RNA,2021-03-03,1,1,0.0753266620217889
ITUB4,1.01,60,Random Forest,2021-03-03,1,1,0.0753266620217889
ITUB4,1.01,60,SVC,2021-03-03,1,1,0.0753266620217889
ITUB4,1.01,60,RNA,2021-03-04,1,1,0.046763898205927
ITUB4,1.01,60,Random Forest,2021-03-04,1,1,0.046763898205927
ITUB4,1.01,60,SVC,2021-03-04,1,1,0.046763898205927
ITUB4,1.01,60,RNA,2021-03-05,1,1,0.0401486977823954
ITUB4,1.01,60,Random Forest,2021-03-05,1,1,0.0401486977823954
ITUB4,1.01,60,SVC,2021-03-05,1,1,0.0401486977823954
ITUB4,1.01,60,RNA,2021-03-08,1,1,0.0473328298302244
ITUB4,1.01,60,Random Forest,2021-03-08,1,1,0.0473328298302244
ITUB4,1.01,60,SVC,2021-03-08,1,1,0.0473328298302244
ITUB4,1.01,60,RNA,2021-03-09,1,1,0.0284028508776768
ITUB4,1.01,60,Random Forest,2021-03-09,1,1,0.0284028508776768
ITUB4,1.01,60,SVC,2021-03-09,1,1,0.0284028508776768
ITUB4,1.01,60,RNA,2021-03-10,1,1,0.0101449607834034
ITUB4,1.01,60,Random Forest,2021-03-10,1,1,0.0101449607834034
ITUB4,1.01,60,SVC,2021-03-10,1,1,0.0101449607834034
ITUB4,1.01,60,RNA,2021-03-11,1,1,0.0331491705943713
ITUB4,1.01,60,Random Forest,2021-03-11,1,1,0.0331491705943713
ITUB4,1.01,60,SVC,2021-03-11,1,1,0.0331491705943713
ITUB4,1.01,60,RNA,2021-03-12,1,0,0.0578269000833795
ITUB4,1.01,60,Random Forest,2021-03-12,1,1,0.0578269000833795
ITUB4,1.01,60,SVC,2021-03-12,1,1,0.0578269000833795
ITUB4,1.01,60,RNA,2021-03-15,1,0,0.0439840183544875
ITUB4,1.01,60,Random Forest,2021-03-15,1,1,0.0439840183544875
ITUB4,1.01,60,SVC,2021-03-15,1,1,0.0439840183544875
ITUB4,1.01,60,RNA,2021-03-16,1,1,0.0692479720168266
ITUB4,1.01,60,Random Forest,2021-03-16,1,1,0.0692479720168266
ITUB4,1.01,60,SVC,2021-03-16,1,1,0.0692479720168266
ITUB4,1.01,60,RNA,2021-03-17,1,1,0.0282849904767277
ITUB4,1.01,60,Random Forest,2021-03-17,1,1,0.0282849904767277
ITUB4,1.01,60,SVC,2021-03-17,1,1,0.0282849904767277
ITUB4,1.01,60,RNA,2021-03-18,1,1,0.0120396528883444
ITUB4,1.01,60,Random Forest,2021-03-18,1,1,0.0120396528883444
ITUB4,1.01,60,SVC,2021-03-18,1,1,0.0120396528883444
ITUB4,1.01,60,RNA,2021-03-19,1,1,0.0189352999389413
ITUB4,1.01,60,Random Forest,2021-03-19,1,1,0.0189352999389413
ITUB4,1.01,60,SVC,2021-03-19,1,1,0.0189352999389413
ITUB4,1.01,60,RNA,2021-03-22,1,1,0.0185714213644911
ITUB4,1.01,60,Random Forest,2021-03-22,1,1,0.0185714213644911
ITUB4,1.01,60,SVC,2021-03-22,1,1,0.0185714213644911
ITUB4,1.01,60,RNA,2021-03-23,1,1,0.0224944756312401
ITUB4,1.01,60,Random Forest,2021-03-23,1,1,0.0224944756312401
ITUB4,1.01,60,SVC,2021-03-23,1,1,0.0224944756312401
ITUB4,1.01,60,RNA,2021-03-24,1,1,0.0593470182772912
ITUB4,1.01,60,Random Forest,2021-03-24,1,1,0.0593470182772912
ITUB4,1.01,60,SVC,2021-03-24,1,1,0.0593470182772912
ITUB4,1.01,60,RNA,2021-03-25,1,1,0.0374272809220519
ITUB4,1.01,60,Random Forest,2021-03-25,1,1,0.0374272809220519
ITUB4,1.01,60,SVC,2021-03-25,1,1,0.0374272809220519
ITUB4,1.01,60,RNA,2021-03-26,1,1,0.0152915622105445
ITUB4,1.01,60,Random Forest,2021-03-26,1,1,0.0152915622105445
ITUB4,1.01,60,SVC,2021-03-26,1,1,0.0152915622105445
ITUB4,1.01,60,RNA,2021-03-29,1,1,0.0255028571265143
ITUB4,1.01,60,Random Forest,2021-03-29,1,1,0.0255028571265143
ITUB4,1.01,60,SVC,2021-03-29,1,1,0.0255028571265143
ITUB4,1.01,60,RNA,2021-03-30,0,1,-0.0411674591974341
ITUB4,1.01,60,Random Forest,2021-03-30,0,1,-0.0411674591974341
ITUB4,1.01,60,SVC,2021-03-30,0,1,-0.0411674591974341
ITUB4,1.01,60,RNA,2021-03-31,0,1,-0.0440810652683939
ITUB4,1.01,60,Random Forest,2021-03-31,0,1,-0.0440810652683939
ITUB4,1.01,60,SVC,2021-03-31,0,1,-0.0440810652683939
ITUB4,1.01,60,RNA,2021-04-01,0,1,-0.0248537609495226
ITUB4,1.01,60,Random Forest,2021-04-01,0,1,-0.0248537609495226
ITUB4,1.01,60,SVC,2021-04-01,0,1,-0.0248537609495226
ITUB4,1.01,60,RNA,2021-04-05,0,0,-0.0312726944325443
ITUB4,1.01,60,Random Forest,2021-04-05,0,1,-0.0312726944325443
ITUB4,1.01,60,SVC,2021-04-05,0,1,-0.0312726944325443
ITUB4,1.01,60,RNA,2021-04-06,1,1,0.0122131987245313
ITUB4,1.01,60,Random Forest,2021-04-06,1,1,0.0122131987245313
ITUB4,1.01,60,SVC,2021-04-06,1,1,0.0122131987245313
ITUB4,1.01,60,RNA,2021-04-07,1,1,0.0159200435265542
ITUB4,1.01,60,Random Forest,2021-04-07,1,0,0.0159200435265542
ITUB4,1.01,60,SVC,2021-04-07,1,1,0.0159200435265542
ITUB4,1.01,60,RNA,2021-04-08,1,1,0.0588013779655249
ITUB4,1.01,60,Random Forest,2021-04-08,1,1,0.0588013779655249
ITUB4,1.01,60,SVC,2021-04-08,1,1,0.0588013779655249
ITUB4,1.01,60,RNA,2021-04-09,1,1,0.048134370322842
ITUB4,1.01,60,Random Forest,2021-04-09,1,1,0.048134370322842
ITUB4,1.01,60,SVC,2021-04-09,1,1,0.048134370322842
ITUB4,1.01,60,RNA,2021-04-12,1,1,0.0342288938632082
ITUB4,1.01,60,Random Forest,2021-04-12,1,1,0.0342288938632082
ITUB4,1.01,60,SVC,2021-04-12,1,1,0.0342288938632082
ITUB4,1.01,60,RNA,2021-04-13,1,1,0.0270467861948544
ITUB4,1.01,60,Random Forest,2021-04-13,1,1,0.0270467861948544
ITUB4,1.01,60,SVC,2021-04-13,1,1,0.0270467861948544
ITUB4,1.01,60,RNA,2021-04-14,1,1,0.0159074178034333
ITUB4,1.01,60,Random Forest,2021-04-14,1,1,0.0159074178034333
ITUB4,1.01,60,SVC,2021-04-14,1,1,0.0159074178034333
ITUB4,1.01,60,RNA,2021-04-15,1,1,0.0221898468426899
ITUB4,1.01,60,Random Forest,2021-04-15,1,1,0.0221898468426899
ITUB4,1.01,60,SVC,2021-04-15,1,1,0.0221898468426899
ITUB4,1.01,60,RNA,2021-04-16,0,1,-0.0125537985959441
ITUB4,1.01,60,Random Forest,2021-04-16,0,1,-0.0125537985959441
ITUB4,1.01,60,SVC,2021-04-16,0,1,-0.0125537985959441
ITUB4,1.01,60,RNA,2021-04-19,1,1,0.0178766828608087
ITUB4,1.01,60,Random Forest,2021-04-19,1,1,0.0178766828608087
ITUB4,1.01,60,SVC,2021-04-19,1,1,0.0178766828608087
ITUB4,1.01,60,RNA,2021-04-20,1,1,0.0134398542538851
ITUB4,1.01,60,Random Forest,2021-04-20,1,1,0.0134398542538851
ITUB4,1.01,60,SVC,2021-04-20,1,1,0.0134398542538851
ITUB4,1.01,60,RNA,2021-04-22,1,1,0.0331194064646742
ITUB4,1.01,60,Random Forest,2021-04-22,1,1,0.0331194064646742
ITUB4,1.01,60,SVC,2021-04-22,1,1,0.0331194064646742
ITUB4,1.01,60,RNA,2021-04-23,1,1,0.0267160254810165
ITUB4,1.01,60,Random Forest,2021-04-23,1,1,0.0267160254810165
ITUB4,1.01,60,SVC,2021-04-23,1,1,0.0267160254810165
ITUB4,1.01,60,RNA,2021-04-26,1,1,0.0341912483841178
ITUB4,1.01,60,Random Forest,2021-04-26,1,1,0.0341912483841178
ITUB4,1.01,60,SVC,2021-04-26,1,1,0.0341912483841178
ITUB4,1.01,60,RNA,2021-04-27,1,1,0.0301598584678914
ITUB4,1.01,60,Random Forest,2021-04-27,1,1,0.0301598584678914
ITUB4,1.01,60,SVC,2021-04-27,1,1,0.0301598584678914
ITUB4,1.01,60,RNA,2021-04-28,0,1,-0.0516478443557051
ITUB4,1.01,60,Random Forest,2021-04-28,0,1,-0.0516478443557051
ITUB4,1.01,60,SVC,2021-04-28,0,1,-0.0516478443557051
ITUB4,1.01,60,RNA,2021-04-29,1,1,0.0436151124843919
ITUB4,1.01,60,Random Forest,2021-04-29,1,1,0.0436151124843919
ITUB4,1.01,60,SVC,2021-04-29,1,1,0.0436151124843919
ITUB4,1.01,60,RNA,2021-04-30,1,1,0.0234657090354752
ITUB4,1.01,60,Random Forest,2021-04-30,1,1,0.0234657090354752
ITUB4,1.01,60,SVC,2021-04-30,1,1,0.0234657090354752
ITUB4,1.01,60,RNA,2021-05-03,0,1,-0.0167259863540787
ITUB4,1.01,60,Random Forest,2021-05-03,0,1,-0.0167259863540787
ITUB4,1.01,60,SVC,2021-05-03,0,1,-0.0167259863540787
ITUB4,1.01,60,RNA,2021-05-04,1,1,0.0498141083872087
ITUB4,1.01,60,Random Forest,2021-05-04,1,1,0.0498141083872087
ITUB4,1.01,60,SVC,2021-05-04,1,1,0.0498141083872087
ITUB4,1.01,60,RNA,2021-05-05,1,1,0.032163740569477
ITUB4,1.01,60,Random Forest,2021-05-05,1,1,0.032163740569477
ITUB4,1.01,60,SVC,2021-05-05,1,1,0.032163740569477
ITUB4,1.01,60,RNA,2021-05-06,1,1,0.0302809216173971
ITUB4,1.01,60,Random Forest,2021-05-06,1,1,0.0302809216173971
ITUB4,1.01,60,SVC,2021-05-06,1,1,0.0302809216173971
ITUB4,1.01,60,RNA,2021-05-07,1,1,0.0325262457639496
ITUB4,1.01,60,Random Forest,2021-05-07,1,1,0.0325262457639496
ITUB4,1.01,60,SVC,2021-05-07,1,1,0.0325262457639496
ITUB4,1.01,60,RNA,2021-05-10,1,1,0.0519105712525724
ITUB4,1.01,60,Random Forest,2021-05-10,1,1,0.0519105712525724
ITUB4,1.01,60,SVC,2021-05-10,1,1,0.0519105712525724
ITUB4,1.01,60,RNA,2021-05-11,1,1,0.0534296098273321
ITUB4,1.01,60,Random Forest,2021-05-11,1,1,0.0534296098273321
ITUB4,1.01,60,SVC,2021-05-11,1,1,0.0534296098273321
ITUB4,1.01,60,RNA,2021-05-12,1,1,0.059398724225351
ITUB4,1.01,60,Random Forest,2021-05-12,1,1,0.059398724225351
ITUB4,1.01,60,SVC,2021-05-12,1,1,0.059398724225351
ITUB4,1.01,60,RNA,2021-05-13,1,1,0.0205861694662883
ITUB4,1.01,60,Random Forest,2021-05-13,1,1,0.0205861694662883
ITUB4,1.01,60,SVC,2021-05-13,1,1,0.0205861694662883
ITUB4,1.01,60,RNA,2021-05-14,1,1,0.0294423161492605
ITUB4,1.01,60,Random Forest,2021-05-14,1,1,0.0294423161492605
ITUB4,1.01,60,SVC,2021-05-14,1,1,0.0294423161492605
ITUB4,1.01,60,RNA,2021-05-17,1,1,0.0319444151788737
ITUB4,1.01,60,Random Forest,2021-05-17,1,1,0.0319444151788737
ITUB4,1.01,60,SVC,2021-05-17,1,1,0.0319444151788737
ITUB4,1.01,60,RNA,2021-05-18,1,1,0.0417104757473452
ITUB4,1.01,60,Random Forest,2021-05-18,1,0,0.0417104757473452
ITUB4,1.01,60,SVC,2021-05-18,1,1,0.0417104757473452
ITUB4,1.01,60,RNA,2021-05-19,1,1,0.0181568715910158
ITUB4,1.01,60,Random Forest,2021-05-19,1,1,0.0181568715910158
ITUB4,1.01,60,SVC,2021-05-19,1,1,0.0181568715910158
ITUB4,1.01,60,RNA,2021-05-20,0,0,0.004054369766641
ITUB4,1.01,60,Random Forest,2021-05-20,0,0,0.004054369766641
ITUB4,1.01,60,SVC,2021-05-20,0,1,0.004054369766641
ITUB4,1.01,60,RNA,2021-05-21,0,1,-0.0108909888930758
ITUB4,1.01,60,Random Forest,2021-05-21,0,1,-0.0108909888930758
ITUB4,1.01,60,SVC,2021-05-21,0,1,-0.0108909888930758
ITUB4,1.01,60,RNA,2021-05-24,1,1,0.0143246709974029
ITUB4,1.01,60,Random Forest,2021-05-24,1,0,0.0143246709974029
ITUB4,1.01,60,SVC,2021-05-24,1,1,0.0143246709974029
ITUB4,1.01,60,RNA,2021-05-25,1,1,0.0292296847100561
ITUB4,1.01,60,Random Forest,2021-05-25,1,1,0.0292296847100561
ITUB4,1.01,60,SVC,2021-05-25,1,1,0.0292296847100561
ITUB4,1.01,60,RNA,2021-05-26,1,1,0.0413453622988138
ITUB4,1.01,60,Random Forest,2021-05-26,1,1,0.0413453622988138
ITUB4,1.01,60,SVC,2021-05-26,1,1,0.0413453622988138
ITUB4,1.01,60,RNA,2021-05-27,1,1,0.0944996155901241
ITUB4,1.01,60,Random Forest,2021-05-27,1,1,0.0944996155901241
ITUB4,1.01,60,SVC,2021-05-27,1,1,0.0944996155901241
ITUB4,1.01,60,RNA,2021-05-28,1,1,0.0918927009076051
ITUB4,1.01,60,Random Forest,2021-05-28,1,1,0.0918927009076051
ITUB4,1.01,60,SVC,2021-05-28,1,1,0.0918927009076051
ITUB4,1.01,60,RNA,2021-05-31,1,1,0.1119302912001642
ITUB4,1.01,60,Random Forest,2021-05-31,1,1,0.1119302912001642
ITUB4,1.01,60,SVC,2021-05-31,1,1,0.1119302912001642
ITUB4,1.01,60,RNA,2021-06-01,1,1,0.0825448653070464
ITUB4,1.01,60,Random Forest,2021-06-01,1,1,0.0825448653070464
ITUB4,1.01,60,SVC,2021-06-01,1,1,0.0825448653070464
ITUB4,1.01,60,RNA,2021-06-02,1,1,0.0829901928017131
ITUB4,1.01,60,Random Forest,2021-06-02,1,1,0.0829901928017131
ITUB4,1.01,60,SVC,2021-06-02,1,1,0.0829901928017131
ITUB4,1.01,60,RNA,2021-06-04,1,1,0.0591697545051483
ITUB4,1.01,60,Random Forest,2021-06-04,1,0,0.0591697545051483
ITUB4,1.01,60,SVC,2021-06-04,1,1,0.0591697545051483
ITUB4,1.01,60,RNA,2021-06-07,1,1,0.0417428700457789
ITUB4,1.01,60,Random Forest,2021-06-07,1,1,0.0417428700457789
ITUB4,1.01,60,SVC,2021-06-07,1,1,0.0417428700457789
ITUB4,1.01,60,RNA,2021-06-08,1,1,0.0465258782031916
ITUB4,1.01,60,Random Forest,2021-06-08,1,1,0.0465258782031916
ITUB4,1.01,60,SVC,2021-06-08,1,1,0.0465258782031916
ITUB4,1.01,60,RNA,2021-06-09,0,1,-0.0285714061229996
ITUB4,1.01,60,Random Forest,2021-06-09,0,1,-0.0285714061229996
ITUB4,1.01,60,SVC,2021-06-09,0,1,-0.0285714061229996
ITUB4,1.01,60,RNA,2021-06-10,1,0,0.0172518146807842
ITUB4,1.01,60,Random Forest,2021-06-10,1,1,0.0172518146807842
ITUB4,1.01,60,SVC,2021-06-10,1,1,0.0172518146807842
ITUB4,1.01,60,RNA,2021-06-11,1,1,0.0425015350033355
ITUB4,1.01,60,Random Forest,2021-06-11,1,1,0.0425015350033355
ITUB4,1.01,60,SVC,2021-06-11,1,1,0.0425015350033355
ITUB4,1.01,60,RNA,2021-06-14,1,1,0.0482295345467318
ITUB4,1.01,60,Random Forest,2021-06-14,1,1,0.0482295345467318
ITUB4,1.01,60,SVC,2021-06-14,1,1,0.0482295345467318
ITUB4,1.01,60,RNA,2021-06-15,1,1,0.0507955778460527
ITUB4,1.01,60,Random Forest,2021-06-15,1,1,0.0507955778460527
ITUB4,1.01,60,SVC,2021-06-15,1,1,0.0507955778460527
ITUB4,1.01,60,RNA,2021-06-16,1,1,0.0202020038625523
ITUB4,1.01,60,Random Forest,2021-06-16,1,1,0.0202020038625523
ITUB4,1.01,60,SVC,2021-06-16,1,1,0.0202020038625523
ITUB4,1.01,60,RNA,2021-06-17,0,1,-0.0290076483557939
ITUB4,1.01,60,Random Forest,2021-06-17,0,1,-0.0290076483557939
ITUB4,1.01,60,SVC,2021-06-17,0,1,-0.0290076483557939
ITUB4,1.01,60,RNA,2021-06-18,1,1,0.0161390312617653
ITUB4,1.01,60,Random Forest,2021-06-18,1,1,0.0161390312617653
ITUB4,1.01,60,SVC,2021-06-18,1,1,0.0161390312617653
ITUB4,1.01,60,RNA,2021-06-21,1,1,0.0121005049039837
ITUB4,1.01,60,Random Forest,2021-06-21,1,1,0.0121005049039837
ITUB4,1.01,60,SVC,2021-06-21,1,1,0.0121005049039837
ITUB4,1.01,60,RNA,2021-06-22,1,1,0.0177847102961952
ITUB4,1.01,60,Random Forest,2021-06-22,1,1,0.0177847102961952
ITUB4,1.01,60,SVC,2021-06-22,1,1,0.0177847102961952
ITUB4,1.01,60,RNA,2021-06-23,0,1,-0.0627913971100218
ITUB4,1.01,60,Random Forest,2021-06-23,0,1,-0.0627913971100218
ITUB4,1.01,60,SVC,2021-06-23,0,1,-0.0627913971100218
ITUB4,1.01,60,RNA,2021-06-24,0,1,-0.0681676276296294
ITUB4,1.01,60,Random Forest,2021-06-24,0,1,-0.0681676276296294
ITUB4,1.01,60,SVC,2021-06-24,0,1,-0.0681676276296294
ITUB4,1.01,60,RNA,2021-06-25,0,1,-0.036804743237627
ITUB4,1.01,60,Random Forest,2021-06-25,0,0,-0.036804743237627
ITUB4,1.01,60,SVC,2021-06-25,0,1,-0.036804743237627
ITUB4,1.01,60,RNA,2021-06-28,0,1,-0.0077626069229377
ITUB4,1.01,60,Random Forest,2021-06-28,0,0,-0.0077626069229377
ITUB4,1.01,60,SVC,2021-06-28,0,1,-0.0077626069229377
ITUB4,1.01,60,RNA,2021-06-29,0,1,-0.0128367402431293
ITUB4,1.01,60,Random Forest,2021-06-29,0,0,-0.0128367402431293
ITUB4,1.01,60,SVC,2021-06-29,0,1,-0.0128367402431293
ITUB4,1.01,60,RNA,2021-06-30,1,1,0.0104061791151774
ITUB4,1.01,60,Random Forest,2021-06-30,1,0,0.0104061791151774
ITUB4,1.01,60,SVC,2021-06-30,1,1,0.0104061791151774
ITUB4,1.01,60,RNA,2021-07-01,0,1,-0.0066934350348086
ITUB4,1.01,60,Random Forest,2021-07-01,0,0,-0.0066934350348086
ITUB4,1.01,60,SVC,2021-07-01,0,1,-0.0066934350348086
ITUB4,1.01,60,RNA,2021-07-02,0,0,-0.0144683377106663
ITUB4,1.01,60,Random Forest,2021-07-02,0,0,-0.0144683377106663
ITUB4,1.01,60,SVC,2021-07-02,0,1,-0.0144683377106663
ITUB4,1.01,60,RNA,2021-07-05,1,1,0.0176390853104007
ITUB4,1.01,60,Random Forest,2021-07-05,1,0,0.0176390853104007
ITUB4,1.01,60,SVC,2021-07-05,1,1,0.0176390853104007
ITUB4,1.01,60,RNA,2021-07-06,1,0,0.0152129693614808
ITUB4,1.01,60,Random Forest,2021-07-06,1,0,0.0152129693614808
ITUB4,1.01,60,SVC,2021-07-06,1,1,0.0152129693614808
ITUB4,1.01,60,RNA,2021-07-07,1,1,0.0583190498343204
ITUB4,1.01,60,Random Forest,2021-07-07,1,0,0.0583190498343204
ITUB4,1.01,60,SVC,2021-07-07,1,1,0.0583190498343204
ITUB4,1.01,60,RNA,2021-07-08,1,1,0.0493197452532272
ITUB4,1.01,60,Random Forest,2021-07-08,1,0,0.0493197452532272
ITUB4,1.01,60,SVC,2021-07-08,1,1,0.0493197452532272
ITUB4,1.01,60,RNA,2021-07-12,1,1,0.0457627319514781
ITUB4,1.01,60,Random Forest,2021-07-12,1,0,0.0457627319514781
ITUB4,1.01,60,SVC,2021-07-12,1,1,0.0457627319514781
ITUB4,1.01,60,RNA,2021-07-13,1,1,0.0215231611782233
ITUB4,1.01,60,Random Forest,2021-07-13,1,1,0.0215231611782233
ITUB4,1.01,60,SVC,2021-07-13,1,1,0.0215231611782233
ITUB4,1.01,60,RNA,2021-07-14,0,1,-0.0194239412419426
ITUB4,1.01,60,Random Forest,2021-07-14,0,1,-0.0194239412419426
ITUB4,1.01,60,SVC,2021-07-14,0,1,-0.0194239412419426
ITUB4,1.01,60,RNA,2021-07-15,0,1,-0.0124286316595101
ITUB4,1.01,60,Random Forest,2021-07-15,0,1,-0.0124286316595101
ITUB4,1.01,60,SVC,2021-07-15,0,1,-0.0124286316595101
ITUB4,1.01,60,RNA,2021-07-16,1,1,0.0334494619355607
ITUB4,1.01,60,Random Forest,2021-07-16,1,1,0.0334494619355607
ITUB4,1.01,60,SVC,2021-07-16,1,1,0.0334494619355607
ITUB4,1.01,60,RNA,2021-07-19,1,0,0.0309349647391798
ITUB4,1.01,60,Random Forest,2021-07-19,1,1,0.0309349647391798
ITUB4,1.01,60,SVC,2021-07-19,1,1,0.0309349647391798
ITUB4,1.01,60,RNA,2021-07-20,1,1,0.0164046686712102
ITUB4,1.01,60,Random Forest,2021-07-20,1,1,0.0164046686712102
ITUB4,1.01,60,SVC,2021-07-20,1,1,0.0164046686712102
ITUB4,1.01,60,RNA,2021-07-21,1,1,0.0203942731368897
ITUB4,1.01,60,Random Forest,2021-07-21,1,1,0.0203942731368897
ITUB4,1.01,60,SVC,2021-07-21,1,1,0.0203942731368897
ITUB4,1.01,60,RNA,2021-07-22,1,0,0.0688120632502451
ITUB4,1.01,60,Random Forest,2021-07-22,1,1,0.0688120632502451
ITUB4,1.01,60,SVC,2021-07-22,1,1,0.0688120632502451
ITUB4,1.01,60,RNA,2021-07-23,1,1,0.0735900807239835
ITUB4,1.01,60,Random Forest,2021-07-23,1,1,0.0735900807239835
ITUB4,1.01,60,SVC,2021-07-23,1,1,0.0735900807239835
ITUB4,1.01,60,RNA,2021-07-26,1,1,0.0583051173777786
ITUB4,1.01,60,Random Forest,2021-07-26,1,1,0.0583051173777786
ITUB4,1.01,60,SVC,2021-07-26,1,1,0.0583051173777786
ITUB4,1.01,60,RNA,2021-07-27,1,1,0.0456253707122906
ITUB4,1.01,60,Random Forest,2021-07-27,1,1,0.0456253707122906
ITUB4,1.01,60,SVC,2021-07-27,1,1,0.0456253707122906
ITUB4,1.01,60,RNA,2021-07-28,1,1,0.0209068823921776
ITUB4,1.01,60,Random Forest,2021-07-28,1,1,0.0209068823921776
ITUB4,1.01,60,SVC,2021-07-28,1,1,0.0209068823921776
ITUB4,1.01,60,RNA,2021-07-29,1,1,0.0370264848580883
ITUB4,1.01,60,Random Forest,2021-07-29,1,0,0.0370264848580883
ITUB4,1.01,60,SVC,2021-07-29,1,1,0.0370264848580883
ITUB4,1.01,60,RNA,2021-07-30,1,1,0.0230519279136973
ITUB4,1.01,60,Random Forest,2021-07-30,1,1,0.0230519279136973
ITUB4,1.01,60,SVC,2021-07-30,1,1,0.0230519279136973
ITUB4,1.01,60,RNA,2021-08-02,0,1,-0.0178343819982774
ITUB4,1.01,60,Random Forest,2021-08-02,0,1,-0.0178343819982774
ITUB4,1.01,60,SVC,2021-08-02,0,1,-0.0178343819982774
ITUB4,1.01,60,RNA,2021-08-03,1,1,0.027795908205231
ITUB4,1.01,60,Random Forest,2021-08-03,1,1,0.027795908205231
ITUB4,1.01,60,SVC,2021-08-03,1,1,0.027795908205231
ITUB4,1.01,60,RNA,2021-08-04,1,1,0.0407284562181797
ITUB4,1.01,60,Random Forest,2021-08-04,1,0,0.0407284562181797
ITUB4,1.01,60,SVC,2021-08-04,1,1,0.0407284562181797
ITUB4,1.01,60,RNA,2021-08-05,1,1,0.0434926487528801
ITUB4,1.01,60,Random Forest,2021-08-05,1,1,0.0434926487528801
ITUB4,1.01,60,SVC,2021-08-05,1,1,0.0434926487528801
ITUB4,1.01,60,RNA,2021-08-06,1,1,0.0214494464410146
ITUB4,1.01,60,Random Forest,2021-08-06,1,1,0.0214494464410146
ITUB4,1.01,60,SVC,2021-08-06,1,1,0.0214494464410146
ITUB4,1.01,60,RNA,2021-08-09,0,1,-0.0121951374336694
ITUB4,1.01,60,Random Forest,2021-08-09,0,1,-0.0121951374336694
ITUB4,1.01,60,SVC,2021-08-09,0,1,-0.0121951374336694
ITUB4,1.01,60,RNA,2021-08-10,1,1,0.0292763210688704
ITUB4,1.01,60,Random Forest,2021-08-10,1,1,0.0292763210688704
ITUB4,1.01,60,SVC,2021-08-10,1,1,0.0292763210688704
ITUB4,1.01,60,RNA,2021-08-11,1,1,0.0137966597178114
ITUB4,1.01,60,Random Forest,2021-08-11,1,1,0.0137966597178114
ITUB4,1.01,60,SVC,2021-08-11,1,1,0.0137966597178114
ITUB4,1.01,60,RNA,2021-08-12,1,1,0.0277938557254502
ITUB4,1.01,60,Random Forest,2021-08-12,1,1,0.0277938557254502
ITUB4,1.01,60,SVC,2021-08-12,1,1,0.0277938557254502
ITUB4,1.01,60,RNA,2021-08-13,1,1,0.0163078750554883
ITUB4,1.01,60,Random Forest,2021-08-13,1,1,0.0163078750554883
ITUB4,1.01,60,SVC,2021-08-13,1,1,0.0163078750554883
ITUB4,1.01,60,RNA,2021-08-16,1,1,0.0267238488108989
ITUB4,1.01,60,Random Forest,2021-08-16,1,1,0.0267238488108989
ITUB4,1.01,60,SVC,2021-08-16,1,1,0.0267238488108989
ITUB4,1.01,60,RNA,2021-08-17,1,1,0.0332005496782998
ITUB4,1.01,60,Random Forest,2021-08-17,1,1,0.0332005496782998
ITUB4,1.01,60,SVC,2021-08-17,1,1,0.0332005496782998
ITUB4,1.01,60,RNA,2021-08-18,1,1,0.0371237184956325
ITUB4,1.01,60,Random Forest,2021-08-18,1,1,0.0371237184956325
ITUB4,1.01,60,SVC,2021-08-18,1,1,0.0371237184956325
ITUB4,1.01,60,RNA,2021-08-19,1,1,0.0489864720494095
ITUB4,1.01,60,Random Forest,2021-08-19,1,1,0.0489864720494095
ITUB4,1.01,60,SVC,2021-08-19,1,1,0.0489864720494095
ITUB4,1.01,60,RNA,2021-08-20,1,1,0.0398526320642387
ITUB4,1.01,60,Random Forest,2021-08-20,1,1,0.0398526320642387
ITUB4,1.01,60,SVC,2021-08-20,1,1,0.0398526320642387
ITUB4,1.01,60,RNA,2021-08-23,1,1,0.0264462406887198
ITUB4,1.01,60,Random Forest,2021-08-23,1,1,0.0264462406887198
ITUB4,1.01,60,SVC,2021-08-23,1,1,0.0264462406887198
ITUB4,1.01,60,RNA,2021-08-24,0,1,-0.006829253334292
ITUB4,1.01,60,Random Forest,2021-08-24,0,1,-0.006829253334292
ITUB4,1.01,60,SVC,2021-08-24,0,1,-0.006829253334292
ITUB4,1.01,60,RNA,2021-08-25,1,1,0.0119741193746845
ITUB4,1.01,60,Random Forest,2021-08-25,1,1,0.0119741193746845
ITUB4,1.01,60,SVC,2021-08-25,1,1,0.0119741193746845
ITUB4,1.01,60,RNA,2021-08-26,1,1,0.0402809548416598
ITUB4,1.01,60,Random Forest,2021-08-26,1,1,0.0402809548416598
ITUB4,1.01,60,SVC,2021-08-26,1,1,0.0402809548416598
ITUB4,1.01,60,RNA,2021-08-27,1,1,0.0311289430660963
ITUB4,1.01,60,Random Forest,2021-08-27,1,1,0.0311289430660963
ITUB4,1.01,60,SVC,2021-08-27,1,1,0.0311289430660963
ITUB4,1.01,60,RNA,2021-08-30,1,1,0.033148779845135
ITUB4,1.01,60,Random Forest,2021-08-30,1,1,0.033148779845135
ITUB4,1.01,60,SVC,2021-08-30,1,1,0.033148779845135
ITUB4,1.01,60,RNA,2021-08-31,1,1,0.0183515711411952
ITUB4,1.01,60,Random Forest,2021-08-31,1,1,0.0183515711411952
ITUB4,1.01,60,SVC,2021-08-31,1,1,0.0183515711411952
ITUB4,1.01,60,RNA,2021-09-01,0,1,-0.0702492614391222
ITUB4,1.01,60,Random Forest,2021-09-01,0,1,-0.0702492614391222
ITUB4,1.01,60,SVC,2021-09-01,0,1,-0.0702492614391222
ITUB4,1.01,60,RNA,2021-09-02,0,1,-0.0341852008779255
ITUB4,1.01,60,Random Forest,2021-09-02,0,1,-0.0341852008779255
ITUB4,1.01,60,SVC,2021-09-02,0,1,-0.0341852008779255
ITUB4,1.01,60,RNA,2021-09-03,1,1,0.0202224447897452
ITUB4,1.01,60,Random Forest,2021-09-03,1,1,0.0202224447897452
ITUB4,1.01,60,SVC,2021-09-03,1,1,0.0202224447897452
ITUB4,1.01,60,RNA,2021-09-06,0,1,-0.0289614311639029
ITUB4,1.01,60,Random Forest,2021-09-06,0,1,-0.0289614311639029
ITUB4,1.01,60,SVC,2021-09-06,0,1,-0.0289614311639029
ITUB4,1.01,60,RNA,2021-09-08,1,1,0.0241712690736959
ITUB4,1.01,60,Random Forest,2021-09-08,1,1,0.0241712690736959
ITUB4,1.01,60,SVC,2021-09-08,1,1,0.0241712690736959
ITUB4,1.01,60,RNA,2021-09-09,0,1,-0.0332203148702248
ITUB4,1.01,60,Random Forest,2021-09-09,0,0,-0.0332203148702248
ITUB4,1.01,60,SVC,2021-09-09,0,1,-0.0332203148702248
ITUB4,1.01,60,RNA,2021-09-10,0,1,-0.0282986741590129
ITUB4,1.01,60,Random Forest,2021-09-10,0,1,-0.0282986741590129
ITUB4,1.01,60,SVC,2021-09-10,0,1,-0.0282986741590129
ITUB4,1.01,60,RNA,2021-09-13,0,0,-0.0439862292437968
ITUB4,1.01,60,Random Forest,2021-09-13,0,1,-0.0439862292437968
ITUB4,1.01,60,SVC,2021-09-13,0,1,-0.0439862292437968
ITUB4,1.01,60,RNA,2021-09-14,0,1,-0.0640275446022548
ITUB4,1.01,60,Random Forest,2021-09-14,0,0,-0.0640275446022548
ITUB4,1.01,60,SVC,2021-09-14,0,1,-0.0640275446022548
ITUB4,1.01,60,RNA,2021-09-15,1,1,0.012005637147286
ITUB4,1.01,60,Random Forest,2021-09-15,1,0,0.012005637147286
ITUB4,1.01,60,SVC,2021-09-15,1,1,0.012005637147286
ITUB4,1.01,60,RNA,2021-09-16,0,0,-0.0252897427978466
ITUB4,1.01,60,Random Forest,2021-09-16,0,0,-0.0252897427978466
ITUB4,1.01,60,SVC,2021-09-16,0,1,-0.0252897427978466
ITUB4,1.01,60,RNA,2021-09-17,1,1,0.060439586876869
ITUB4,1.01,60,Random Forest,2021-09-17,1,1,0.060439586876869
ITUB4,1.01,60,SVC,2021-09-17,1,1,0.060439586876869
ITUB4,1.01,60,RNA,2021-09-20,1,1,0.05966325135598
ITUB4,1.01,60,Random Forest,2021-09-20,1,1,0.05966325135598
ITUB4,1.01,60,SVC,2021-09-20,1,1,0.05966325135598
ITUB4,1.01,60,RNA,2021-09-21,1,1,0.0731796512194113
ITUB4,1.01,60,Random Forest,2021-09-21,1,1,0.0731796512194113
ITUB4,1.01,60,SVC,2021-09-21,1,1,0.0731796512194113
ITUB4,1.01,60,RNA,2021-09-22,1,0,0.0601504073230376
ITUB4,1.01,60,Random Forest,2021-09-22,1,1,0.0601504073230376
ITUB4,1.01,60,SVC,2021-09-22,1,1,0.0601504073230376
ITUB4,1.01,60,RNA,2021-09-23,1,1,0.0389474065059218
ITUB4,1.01,60,Random Forest,2021-09-23,1,1,0.0389474065059218
ITUB4,1.01,60,SVC,2021-09-23,1,1,0.0389474065059218
ITUB4,1.01,60,RNA,2021-09-24,1,0,0.0415054840030948
ITUB4,1.01,60,Random Forest,2021-09-24,1,1,0.0415054840030948
ITUB4,1.01,60,SVC,2021-09-24,1,1,0.0415054840030948
ITUB4,1.01,60,RNA,2021-09-27,1,1,0.0333845469654519
ITUB4,1.01,60,Random Forest,2021-09-27,1,1,0.0333845469654519
ITUB4,1.01,60,SVC,2021-09-27,1,1,0.0333845469654519
ITUB4,1.01,60,RNA,2021-09-28,1,1,0.0431232427426875
ITUB4,1.01,60,Random Forest,2021-09-28,1,1,0.0431232427426875
ITUB4,1.01,60,SVC,2021-09-28,1,1,0.0431232427426875
ITUB4,1.01,60,RNA,2021-09-29,1,1,0.0464421558797345
ITUB4,1.01,60,Random Forest,2021-09-29,1,1,0.0464421558797345
ITUB4,1.01,60,SVC,2021-09-29,1,1,0.0464421558797345
ITUB4,1.01,60,RNA,2021-09-30,1,1,0.0448226136101448
ITUB4,1.01,60,Random Forest,2021-09-30,1,1,0.0448226136101448
ITUB4,1.01,60,SVC,2021-09-30,1,1,0.0448226136101448
ITUB4,1.01,60,RNA,2021-10-01,1,1,0.0254545464602167
ITUB4,1.01,60,Random Forest,2021-10-01,1,1,0.0254545464602167
ITUB4,1.01,60,SVC,2021-10-01,1,1,0.0254545464602167
ITUB4,1.01,60,RNA,2021-10-04,1,1,0.0317072937276574
ITUB4,1.01,60,Random Forest,2021-10-04,1,1,0.0317072937276574
ITUB4,1.01,60,SVC,2021-10-04,1,1,0.0317072937276574
ITUB4,1.01,60,RNA,2021-10-05,1,1,0.0325865615654548
ITUB4,1.01,60,Random Forest,2021-10-05,1,1,0.0325865615654548
ITUB4,1.01,60,SVC,2021-10-05,1,1,0.0325865615654548
ITUB4,1.01,60,RNA,2021-10-06,0,1,-0.0346199618170117
ITUB4,1.01,60,Random Forest,2021-10-06,0,1,-0.0346199618170117
ITUB4,1.01,60,SVC,2021-10-06,0,1,-0.0346199618170117
ITUB4,1.01,60,RNA,2021-10-07,1,1,0.0279805604028346
ITUB4,1.01,60,Random Forest,2021-10-07,1,1,0.0279805604028346
ITUB4,1.01,60,SVC,2021-10-07,1,1,0.0279805604028346
ITUB4,1.01,60,RNA,2021-10-08,1,1,0.0117982051231784
ITUB4,1.01,60,Random Forest,2021-10-08,1,1,0.0117982051231784
ITUB4,1.01,60,SVC,2021-10-08,1,1,0.0117982051231784
ITUB4,1.01,60,RNA,2021-10-11,1,1,0.0308641902280213
ITUB4,1.01,60,Random Forest,2021-10-11,1,1,0.0308641902280213
ITUB4,1.01,60,SVC,2021-10-11,1,1,0.0308641902280213
ITUB4,1.01,60,RNA,2021-10-13,1,1,0.0253786199605245
ITUB4,1.01,60,Random Forest,2021-10-13,1,1,0.0253786199605245
ITUB4,1.01,60,SVC,2021-10-13,1,1,0.0253786199605245
ITUB4,1.01,60,RNA,2021-10-14,1,1,0.0342691861970516
ITUB4,1.01,60,Random Forest,2021-10-14,1,1,0.0342691861970516
ITUB4,1.01,60,SVC,2021-10-14,1,1,0.0342691861970516
ITUB4,1.01,60,RNA,2021-10-15,1,1,0.023189617837914
ITUB4,1.01,60,Random Forest,2021-10-15,1,1,0.023189617837914
ITUB4,1.01,60,SVC,2021-10-15,1,1,0.023189617837914
ITUB4,1.01,60,RNA,2021-10-18,1,1,0.0182186639838548
ITUB4,1.01,60,Random Forest,2021-10-18,1,1,0.0182186639838548
ITUB4,1.01,60,SVC,2021-10-18,1,1,0.0182186639838548
ITUB4,1.01,60,RNA,2021-10-19,1,1,0.024439935114723
ITUB4,1.01,60,Random Forest,2021-10-19,1,1,0.024439935114723
ITUB4,1.01,60,SVC,2021-10-19,1,1,0.024439935114723
ITUB4,1.01,60,RNA,2021-10-20,1,1,0.0315832846173529
ITUB4,1.01,60,Random Forest,2021-10-20,1,1,0.0315832846173529
ITUB4,1.01,60,SVC,2021-10-20,1,1,0.0315832846173529
ITUB4,1.01,60,RNA,2021-10-21,1,1,0.0132670340145359
ITUB4,1.01,60,Random Forest,2021-10-21,1,1,0.0132670340145359
ITUB4,1.01,60,SVC,2021-10-21,1,1,0.0132670340145359
ITUB4,1.01,60,RNA,2021-10-22,1,1,0.0325306495736845
ITUB4,1.01,60,Random Forest,2021-10-22,1,1,0.0325306495736845
ITUB4,1.01,60,SVC,2021-10-22,1,1,0.0325306495736845
ITUB4,1.01,60,RNA,2021-10-25,1,1,0.0316589790915677
ITUB4,1.01,60,Random Forest,2021-10-25,1,1,0.0316589790915677
ITUB4,1.01,60,SVC,2021-10-25,1,1,0.0316589790915677
ITUB4,1.01,60,RNA,2021-10-26,1,1,0.0234506059498256
ITUB4,1.01,60,Random Forest,2021-10-26,1,1,0.0234506059498256
ITUB4,1.01,60,SVC,2021-10-26,1,1,0.0234506059498256
ITUB4,1.01,60,RNA,2021-10-27,1,1,0.0514930535614301
ITUB4,1.01,60,Random Forest,2021-10-27,1,1,0.0514930535614301
ITUB4,1.01,60,SVC,2021-10-27,1,1,0.0514930535614301
ITUB4,1.01,60,RNA,2021-10-28,1,1,0.0396341430290116
ITUB4,1.01,60,Random Forest,2021-10-28,1,1,0.0396341430290116
ITUB4,1.01,60,SVC,2021-10-28,1,1,0.0396341430290116
ITUB4,1.01,60,RNA,2021-10-29,1,1,0.0489244873464975
ITUB4,1.01,60,Random Forest,2021-10-29,1,1,0.0489244873464975
ITUB4,1.01,60,SVC,2021-10-29,1,1,0.0489244873464975
ITUB4,1.01,60,RNA,2021-11-01,1,1,0.035818384436663
ITUB4,1.01,60,Random Forest,2021-11-01,1,1,0.035818384436663
ITUB4,1.01,60,SVC,2021-11-01,1,1,0.035818384436663
ITUB4,1.01,60,RNA,2021-11-03,1,1,0.0102123962957607
ITUB4,1.01,60,Random Forest,2021-11-03,1,1,0.0102123962957607
ITUB4,1.01,60,SVC,2021-11-03,1,1,0.0102123962957607
ITUB4,1.01,60,RNA,2021-11-04,0,1,-0.0170212865038204
ITUB4,1.01,60,Random Forest,2021-11-04,0,1,-0.0170212865038204
ITUB4,1.01,60,SVC,2021-11-04,0,1,-0.0170212865038204
ITUB4,1.01,60,RNA,2021-11-05,1,1,0.0320175690689543
ITUB4,1.01,60,Random Forest,2021-11-05,1,1,0.0320175690689543
ITUB4,1.01,60,SVC,2021-11-05,1,1,0.0320175690689543
ITUB4,1.01,60,RNA,2021-11-08,1,1,0.0293088475990188
ITUB4,1.01,60,Random Forest,2021-11-08,1,1,0.0293088475990188
ITUB4,1.01,60,SVC,2021-11-08,1,1,0.0293088475990188
ITUB4,1.01,60,RNA,2021-11-09,1,1,0.0443852907718325
ITUB4,1.01,60,Random Forest,2021-11-09,1,1,0.0443852907718325
ITUB4,1.01,60,SVC,2021-11-09,1,1,0.0443852907718325
ITUB4,1.01,60,RNA,2021-11-10,0,1,-0.0247546374733381
ITUB4,1.01,60,Random Forest,2021-11-10,0,1,-0.0247546374733381
ITUB4,1.01,60,SVC,2021-11-10,0,1,-0.0247546374733381
ITUB4,1.01,60,RNA,2021-11-11,1,1,0.0165002030517336
ITUB4,1.01,60,Random Forest,2021-11-11,1,1,0.0165002030517336
ITUB4,1.01,60,SVC,2021-11-11,1,1,0.0165002030517336
ITUB4,1.01,60,RNA,2021-11-12,1,1,0.0142981083277886
ITUB4,1.01,60,Random Forest,2021-11-12,1,1,0.0142981083277886
ITUB4,1.01,60,SVC,2021-11-12,1,1,0.0142981083277886
ITUB4,1.01,60,RNA,2021-11-16,1,1,0.0109027241030994
ITUB4,1.01,60,Random Forest,2021-11-16,1,1,0.0109027241030994
ITUB4,1.01,60,SVC,2021-11-16,1,1,0.0109027241030994
ITUB4,1.01,60,RNA,2021-11-17,0,1,-0.0043991574343631
ITUB4,1.01,60,Random Forest,2021-11-17,0,1,-0.0043991574343631
ITUB4,1.01,60,SVC,2021-11-17,0,1,-0.0043991574343631
ITUB4,1.01,60,RNA,2021-11-18,1,1,0.0468047693498809
ITUB4,1.01,60,Random Forest,2021-11-18,1,1,0.0468047693498809
ITUB4,1.01,60,SVC,2021-11-18,1,1,0.0468047693498809
ITUB4,1.01,60,RNA,2021-11-19,1,1,0.0672421066258708
ITUB4,1.01,60,Random Forest,2021-11-19,1,1,0.0672421066258708
ITUB4,1.01,60,SVC,2021-11-19,1,1,0.0672421066258708
ITUB4,1.01,60,RNA,2021-11-22,1,1,0.0557303067445305
ITUB4,1.01,60,Random Forest,2021-11-22,1,1,0.0557303067445305
ITUB4,1.01,60,SVC,2021-11-22,1,1,0.0557303067445305
ITUB4,1.01,60,RNA,2021-11-23,1,1,0.0576316950770274
ITUB4,1.01,60,Random Forest,2021-11-23,1,1,0.0576316950770274
ITUB4,1.01,60,SVC,2021-11-23,1,1,0.0576316950770274
ITUB4,1.01,60,RNA,2021-11-24,1,1,0.0168830873977587
ITUB4,1.01,60,Random Forest,2021-11-24,1,1,0.0168830873977587
ITUB4,1.01,60,SVC,2021-11-24,1,1,0.0168830873977587
ITUB4,1.01,60,RNA,2021-11-25,1,1,0.018892790540349
ITUB4,1.01,60,Random Forest,2021-11-25,1,1,0.018892790540349
ITUB4,1.01,60,SVC,2021-11-25,1,1,0.018892790540349
ITUB4,1.01,60,RNA,2021-11-26,0,1,0.0003557636285826
ITUB4,1.01,60,Random Forest,2021-11-26,0,1,0.0003557636285826
ITUB4,1.01,60,SVC,2021-11-26,0,1,0.0003557636285826
ITUB4,1.01,60,RNA,2021-11-29,1,1,0.041386057701706
ITUB4,1.01,60,Random Forest,2021-11-29,1,1,0.041386057701706
ITUB4,1.01,60,SVC,2021-11-29,1,1,0.041386057701706
ITUB4,1.01,60,RNA,2021-11-30,1,1,0.0536347572662667
ITUB4,1.01,60,Random Forest,2021-11-30,1,1,0.0536347572662667
ITUB4,1.01,60,SVC,2021-11-30,1,1,0.0536347572662667
ITUB4,1.01,60,RNA,2021-12-01,1,1,0.0592691172032591
ITUB4,1.01,60,Random Forest,2021-12-01,1,1,0.0592691172032591
ITUB4,1.01,60,SVC,2021-12-01,1,1,0.0592691172032591
ITUB4,1.01,60,RNA,2021-12-02,1,1,0.0348279988374164
ITUB4,1.01,60,Random Forest,2021-12-02,1,1,0.0348279988374164
ITUB4,1.01,60,SVC,2021-12-02,1,1,0.0348279988374164
ITUB4,1.01,60,RNA,2021-12-03,1,1,0.0290043383694278
ITUB4,1.01,60,Random Forest,2021-12-03,1,1,0.0290043383694278
ITUB4,1.01,60,SVC,2021-12-03,1,1,0.0290043383694278
ITUB4,1.01,60,RNA,2021-12-06,0,1,-0.0618120507258376
ITUB4,1.01,60,Random Forest,2021-12-06,0,1,-0.0618120507258376
ITUB4,1.01,60,SVC,2021-12-06,0,1,-0.0618120507258376
ITUB4,1.01,60,RNA,2021-12-07,0,1,-0.0658293419037054
ITUB4,1.01,60,Random Forest,2021-12-07,0,1,-0.0658293419037054
ITUB4,1.01,60,SVC,2021-12-07,0,1,-0.0658293419037054
ITUB4,1.01,60,RNA,2021-12-08,0,1,-0.0438981392036046
ITUB4,1.01,60,Random Forest,2021-12-08,0,1,-0.0438981392036046
ITUB4,1.01,60,SVC,2021-12-08,0,1,-0.0438981392036046
ITUB4,1.01,60,RNA,2021-12-09,0,1,-0.0255834812574191
ITUB4,1.01,60,Random Forest,2021-12-09,0,1,-0.0255834812574191
ITUB4,1.01,60,SVC,2021-12-09,0,1,-0.0255834812574191
ITUB4,1.01,60,RNA,2021-12-10,0,1,-0.0121621902796168
ITUB4,1.01,60,Random Forest,2021-12-10,0,1,-0.0121621902796168
ITUB4,1.01,60,SVC,2021-12-10,0,1,-0.0121621902796168
ITUB4,1.01,60,RNA,2021-12-13,1,1,0.0183823330881811
ITUB4,1.01,60,Random Forest,2021-12-13,1,1,0.0183823330881811
ITUB4,1.01,60,SVC,2021-12-13,1,1,0.0183823330881811
ITUB4,1.01,60,RNA,2021-12-14,0,1,-0.0360565563354642
ITUB4,1.01,60,Random Forest,2021-12-14,0,0,-0.0360565563354642
ITUB4,1.01,60,SVC,2021-12-14,0,1,-0.0360565563354642
ITUB4,1.01,60,RNA,2021-12-15,0,1,-0.0342465322563038
ITUB4,1.01,60,Random Forest,2021-12-15,0,0,-0.0342465322563038
ITUB4,1.01,60,SVC,2021-12-15,0,1,-0.0342465322563038
ITUB4,1.01,60,RNA,2021-12-16,1,1,0.0101710822135629
ITUB4,1.01,60,Random Forest,2021-12-16,1,0,0.0101710822135629
ITUB4,1.01,60,SVC,2021-12-16,1,1,0.0101710822135629
ITUB4,1.01,60,RNA,2021-12-17,0,1,-0.0065177060386053
ITUB4,1.01,60,Random Forest,2021-12-17,0,0,-0.0065177060386053
ITUB4,1.01,60,SVC,2021-12-17,0,1,-0.0065177060386053
ITUB4,1.01,60,RNA,2021-12-20,1,1,0.024067948070755
ITUB4,1.01,60,Random Forest,2021-12-20,1,0,0.024067948070755
ITUB4,1.01,60,SVC,2021-12-20,1,1,0.024067948070755
ITUB4,1.01,60,RNA,2021-12-21,1,1,0.0221384703628604
ITUB4,1.01,60,Random Forest,2021-12-21,1,0,0.0221384703628604
ITUB4,1.01,60,SVC,2021-12-21,1,1,0.0221384703628604
ITUB4,1.01,60,RNA,2021-12-22,1,0,0.0173465010246824
ITUB4,1.01,60,Random Forest,2021-12-22,1,1,0.0173465010246824
ITUB4,1.01,60,SVC,2021-12-22,1,1,0.0173465010246824
ITUB4,1.01,60,RNA,2021-12-23,1,1,0.0102421094892368
ITUB4,1.01,60,Random Forest,2021-12-23,1,1,0.0102421094892368
ITUB4,1.01,60,SVC,2021-12-23,1,1,0.0102421094892368
ITUB4,1.01,60,RNA,2021-12-27,0,1,-0.0047098264950297
ITUB4,1.01,60,Random Forest,2021-12-27,0,1,-0.0047098264950297
ITUB4,1.01,60,SVC,2021-12-27,0,1,-0.0047098264950297
ITUB4,1.01,60,RNA,2021-12-28,1,1,0.0310585903132063
ITUB4,1.01,60,Random Forest,2021-12-28,1,1,0.0310585903132063
ITUB4,1.01,60,SVC,2021-12-28,1,1,0.0310585903132063
ITUB4,1.01,60,RNA,2021-12-29,1,1,0.0372539890194989
ITUB4,1.01,60,Random Forest,2021-12-29,1,1,0.0372539890194989
ITUB4,1.01,60,SVC,2021-12-29,1,1,0.0372539890194989
ITUB4,1.01,60,RNA,2021-12-30,1,0,0.0505431701703291
ITUB4,1.01,60,Random Forest,2021-12-30,1,1,0.0505431701703291
ITUB4,1.01,60,SVC,2021-12-30,1,1,0.0505431701703291
ITUB4,1.01,60,RNA,2022-01-03,1,1,0.0476410159453579
ITUB4,1.01,60,Random Forest,2022-01-03,1,1,0.0476410159453579
ITUB4,1.01,60,SVC,2022-01-03,1,1,0.0476410159453579
ITUB4,1.01,60,RNA,2022-01-04,1,1,0.0357628155006652
ITUB4,1.01,60,Random Forest,2022-01-04,1,1,0.0357628155006652
ITUB4,1.01,60,SVC,2022-01-04,1,1,0.0357628155006652
ITUB4,1.01,60,RNA,2022-01-05,1,1,0.0790203321696605
ITUB4,1.01,60,Random Forest,2022-01-05,1,1,0.0790203321696605
ITUB4,1.01,60,SVC,2022-01-05,1,1,0.0790203321696605
ITUB4,1.01,60,RNA,2022-01-06,1,1,0.0638297664373066
ITUB4,1.01,60,Random Forest,2022-01-06,1,1,0.0638297664373066
ITUB4,1.01,60,SVC,2022-01-06,1,1,0.0638297664373066
ITUB4,1.01,60,RNA,2022-01-07,1,1,0.0553832041285577
ITUB4,1.01,60,Random Forest,2022-01-07,1,1,0.0553832041285577
ITUB4,1.01,60,SVC,2022-01-07,1,1,0.0553832041285577
ITUB4,1.01,60,RNA,2022-01-10,1,1,0.0465115934802304
ITUB4,1.01,60,Random Forest,2022-01-10,1,0,0.0465115934802304
ITUB4,1.01,60,SVC,2022-01-10,1,1,0.0465115934802304
ITUB4,1.01,60,RNA,2022-01-11,1,1,0.025365427611935
ITUB4,1.01,60,Random Forest,2022-01-11,1,1,0.025365427611935
ITUB4,1.01,60,SVC,2022-01-11,1,1,0.025365427611935
ITUB4,1.01,60,RNA,2022-01-12,1,1,0.0376786879734858
ITUB4,1.01,60,Random Forest,2022-01-12,1,1,0.0376786879734858
ITUB4,1.01,60,SVC,2022-01-12,1,1,0.0376786879734858
ITUB4,1.01,60,RNA,2022-01-13,1,1,0.0216376556504924
ITUB4,1.01,60,Random Forest,2022-01-13,1,1,0.0216376556504924
ITUB4,1.01,60,SVC,2022-01-13,1,1,0.0216376556504924
ITUB4,1.01,60,RNA,2022-01-14,1,1,0.0264279757789476
ITUB4,1.01,60,Random Forest,2022-01-14,1,1,0.0264279757789476
ITUB4,1.01,60,SVC,2022-01-14,1,1,0.0264279757789476
ITUB4,1.01,60,RNA,2022-01-17,1,1,0.0294997666235299
ITUB4,1.01,60,Random Forest,2022-01-17,1,1,0.0294997666235299
ITUB4,1.01,60,SVC,2022-01-17,1,1,0.0294997666235299
ITUB4,1.01,60,RNA,2022-01-18,1,1,0.0109152101089848
ITUB4,1.01,60,Random Forest,2022-01-18,1,1,0.0109152101089848
ITUB4,1.01,60,SVC,2022-01-18,1,1,0.0109152101089848
ITUB4,1.01,60,RNA,2022-01-19,1,1,0.0259133646413598
ITUB4,1.01,60,Random Forest,2022-01-19,1,1,0.0259133646413598
ITUB4,1.01,60,SVC,2022-01-19,1,1,0.0259133646413598
ITUB4,1.01,60,RNA,2022-01-20,1,1,0.0569456819757006
ITUB4,1.01,60,Random Forest,2022-01-20,1,1,0.0569456819757006
ITUB4,1.01,60,SVC,2022-01-20,1,1,0.0569456819757006
ITUB4,1.01,60,RNA,2022-01-21,1,1,0.0672376933559397
ITUB4,1.01,60,Random Forest,2022-01-21,1,1,0.0672376933559397
ITUB4,1.01,60,SVC,2022-01-21,1,1,0.0672376933559397
ITUB4,1.01,60,RNA,2022-01-24,1,1,0.0806591279141182
ITUB4,1.01,60,Random Forest,2022-01-24,1,1,0.0806591279141182
ITUB4,1.01,60,SVC,2022-01-24,1,1,0.0806591279141182
ITUB4,1.01,60,RNA,2022-01-25,1,1,0.0484997812699279
ITUB4,1.01,60,Random Forest,2022-01-25,1,1,0.0484997812699279
ITUB4,1.01,60,SVC,2022-01-25,1,1,0.0484997812699279
ITUB4,1.01,60,RNA,2022-01-26,1,1,0.049731276264443
ITUB4,1.01,60,Random Forest,2022-01-26,1,1,0.049731276264443
ITUB4,1.01,60,SVC,2022-01-26,1,1,0.049731276264443
ITUB4,1.01,60,RNA,2022-01-27,1,1,0.064069473566501
ITUB4,1.01,60,Random Forest,2022-01-27,1,1,0.064069473566501
ITUB4,1.01,60,SVC,2022-01-27,1,1,0.064069473566501
ITUB4,1.01,60,RNA,2022-01-28,1,1,0.0420721099886232
ITUB4,1.01,60,Random Forest,2022-01-28,1,1,0.0420721099886232
ITUB4,1.01,60,SVC,2022-01-28,1,1,0.0420721099886232
ITUB4,1.01,60,RNA,2022-01-31,1,1,0.0185844547715112
ITUB4,1.01,60,Random Forest,2022-01-31,1,1,0.0185844547715112
ITUB4,1.01,60,SVC,2022-01-31,1,1,0.0185844547715112
ITUB4,1.01,60,RNA,2022-02-01,1,0,0.0113859797744479
ITUB4,1.01,60,Random Forest,2022-02-01,1,1,0.0113859797744479
ITUB4,1.01,60,SVC,2022-02-01,1,1,0.0113859797744479
ITUB4,1.01,60,RNA,2022-02-02,1,1,0.0222222281681947
ITUB4,1.01,60,Random Forest,2022-02-02,1,1,0.0222222281681947
ITUB4,1.01,60,SVC,2022-02-02,1,1,0.0222222281681947
ITUB4,1.01,60,RNA,2022-02-03,1,1,0.0206022553640792
ITUB4,1.01,60,Random Forest,2022-02-03,1,1,0.0206022553640792
ITUB4,1.01,60,SVC,2022-02-03,1,1,0.0206022553640792
ITUB4,1.01,60,RNA,2022-02-04,1,1,0.0106090078671399
ITUB4,1.01,60,Random Forest,2022-02-04,1,1,0.0106090078671399
ITUB4,1.01,60,SVC,2022-02-04,1,1,0.0106090078671399
ITUB4,1.01,60,RNA,2022-02-07,1,1,0.0680379628667453
ITUB4,1.01,60,Random Forest,2022-02-07,1,1,0.0680379628667453
ITUB4,1.01,60,SVC,2022-02-07,1,1,0.0680379628667453
ITUB4,1.01,60,RNA,2022-02-08,1,1,0.0821643226999038
ITUB4,1.01,60,Random Forest,2022-02-08,1,1,0.0821643226999038
ITUB4,1.01,60,SVC,2022-02-08,1,1,0.0821643226999038
ITUB4,1.01,60,RNA,2022-02-09,1,1,0.0997963502340921
ITUB4,1.01,60,Random Forest,2022-02-09,1,1,0.0997963502340921
ITUB4,1.01,60,SVC,2022-02-09,1,1,0.0997963502340921
ITUB4,1.01,60,RNA,2022-02-10,1,1,0.024667910809637
ITUB4,1.01,60,Random Forest,2022-02-10,1,1,0.024667910809637
ITUB4,1.01,60,SVC,2022-02-10,1,1,0.024667910809637
ITUB4,1.01,60,RNA,2022-02-11,1,1,0.0112782097830568
ITUB4,1.01,60,Random Forest,2022-02-11,1,1,0.0112782097830568
ITUB4,1.01,60,SVC,2022-02-11,1,1,0.0112782097830568
ITUB4,1.01,60,RNA,2022-02-14,0,1,-0.0235074318756265
ITUB4,1.01,60,Random Forest,2022-02-14,0,1,-0.0235074318756265
ITUB4,1.01,60,SVC,2022-02-14,0,1,-0.0235074318756265
ITUB4,1.01,60,RNA,2022-02-15,0,1,-0.0466766308714334
ITUB4,1.01,60,Random Forest,2022-02-15,0,1,-0.0466766308714334
ITUB4,1.01,60,SVC,2022-02-15,0,1,-0.0466766308714334
ITUB4,1.01,60,RNA,2022-02-16,0,1,-0.0240991402402619
ITUB4,1.01,60,Random Forest,2022-02-16,0,1,-0.0240991402402619
ITUB4,1.01,60,SVC,2022-02-16,0,1,-0.0240991402402619
ITUB4,1.01,60,RNA,2022-02-17,1,1,0.0125858174766388
ITUB4,1.01,60,Random Forest,2022-02-17,1,1,0.0125858174766388
ITUB4,1.01,60,SVC,2022-02-17,1,1,0.0125858174766388
ITUB4,1.01,60,RNA,2022-02-18,0,1,-0.0479084674639354
ITUB4,1.01,60,Random Forest,2022-02-18,0,1,-0.0479084674639354
ITUB4,1.01,60,SVC,2022-02-18,0,1,-0.0479084674639354
ITUB4,1.01,60,RNA,2022-02-21,1,1,0.0151456289742522
ITUB4,1.01,60,Random Forest,2022-02-21,1,1,0.0151456289742522
ITUB4,1.01,60,SVC,2022-02-21,1,1,0.0151456289742522
ITUB4,1.01,60,RNA,2022-02-22,1,1,0.0120294831124625
ITUB4,1.01,60,Random Forest,2022-02-22,1,0,0.0120294831124625
ITUB4,1.01,60,SVC,2022-02-22,1,1,0.0120294831124625
ITUB4,1.01,60,RNA,2022-02-23,1,1,0.0451687520653039
ITUB4,1.01,60,Random Forest,2022-02-23,1,0,0.0451687520653039
ITUB4,1.01,60,SVC,2022-02-23,1,1,0.0451687520653039
ITUB4,1.01,60,RNA,2022-02-24,1,1,0.0401256799484976
ITUB4,1.01,60,Random Forest,2022-02-24,1,1,0.0401256799484976
ITUB4,1.01,60,SVC,2022-02-24,1,1,0.0401256799484976
ITUB4,1.01,60,RNA,2022-02-25,1,1,0.0270162697164091
ITUB4,1.01,60,Random Forest,2022-02-25,1,1,0.0270162697164091
ITUB4,1.01,60,SVC,2022-02-25,1,1,0.0270162697164091
ITUB4,1.01,60,RNA,2022-03-02,1,1,0.0323482470863125
ITUB4,1.01,60,Random Forest,2022-03-02,1,1,0.0323482470863125
ITUB4,1.01,60,SVC,2022-03-02,1,1,0.0323482470863125
ITUB4,1.01,60,RNA,2022-03-03,0,1,0.0011966216512069
ITUB4,1.01,60,Random Forest,2022-03-03,0,1,0.0011966216512069
ITUB4,1.01,60,SVC,2022-03-03,0,1,0.0011966216512069
ITUB4,1.01,60,RNA,2022-03-04,1,1,0.0428512824656532
ITUB4,1.01,60,Random Forest,2022-03-04,1,1,0.0428512824656532
ITUB4,1.01,60,SVC,2022-03-04,1,1,0.0428512824656532
ITUB4,1.01,60,RNA,2022-03-07,1,1,0.0561287825794227
ITUB4,1.01,60,Random Forest,2022-03-07,1,1,0.0561287825794227
ITUB4,1.01,60,SVC,2022-03-07,1,1,0.0561287825794227
ITUB4,1.01,60,RNA,2022-03-08,1,1,0.0570012551511909
ITUB4,1.01,60,Random Forest,2022-03-08,1,1,0.0570012551511909
ITUB4,1.01,60,SVC,2022-03-08,1,1,0.0570012551511909
ITUB4,1.01,60,RNA,2022-03-09,1,1,0.0343573189920463
ITUB4,1.01,60,Random Forest,2022-03-09,1,1,0.0343573189920463
ITUB4,1.01,60,SVC,2022-03-09,1,1,0.0343573189920463
ITUB4,1.01,60,RNA,2022-03-10,1,1,0.0170432169460359
ITUB4,1.01,60,Random Forest,2022-03-10,1,1,0.0170432169460359
ITUB4,1.01,60,SVC,2022-03-10,1,1,0.0170432169460359
ITUB4,1.01,60,RNA,2022-03-11,1,1,0.0467625841187866
ITUB4,1.01,60,Random Forest,2022-03-11,1,1,0.0467625841187866
ITUB4,1.01,60,SVC,2022-03-11,1,1,0.0467625841187866
ITUB4,1.01,60,RNA,2022-03-14,1,1,0.0593388926517088
ITUB4,1.01,60,Random Forest,2022-03-14,1,1,0.0593388926517088
ITUB4,1.01,60,SVC,2022-03-14,1,1,0.0593388926517088
ITUB4,1.01,60,RNA,2022-03-15,1,0,0.0686390571528654
ITUB4,1.01,60,Random Forest,2022-03-15,1,1,0.0686390571528654
ITUB4,1.01,60,SVC,2022-03-15,1,1,0.0686390571528654
ITUB4,1.01,60,RNA,2022-03-16,1,1,0.0737129205725104
ITUB4,1.01,60,Random Forest,2022-03-16,1,1,0.0737129205725104
ITUB4,1.01,60,SVC,2022-03-16,1,1,0.0737129205725104
ITUB4,1.01,60,RNA,2022-03-17,1,1,0.0594097715633445
ITUB4,1.01,60,Random Forest,2022-03-17,1,1,0.0594097715633445
ITUB4,1.01,60,SVC,2022-03-17,1,1,0.0594097715633445
ITUB4,1.01,60,RNA,2022-03-18,1,1,0.0487897032316011
ITUB4,1.01,60,Random Forest,2022-03-18,1,1,0.0487897032316011
ITUB4,1.01,60,SVC,2022-03-18,1,1,0.0487897032316011
ITUB4,1.01,60,RNA,2022-03-21,1,1,0.0194853053684405
ITUB4,1.01,60,Random Forest,2022-03-21,1,1,0.0194853053684405
ITUB4,1.01,60,SVC,2022-03-21,1,1,0.0194853053684405
ITUB4,1.01,60,RNA,2022-03-22,1,1,0.0124132806706622
ITUB4,1.01,60,Random Forest,2022-03-22,1,1,0.0124132806706622
ITUB4,1.01,60,SVC,2022-03-22,1,1,0.0124132806706622
ITUB4,1.01,60,RNA,2022-03-23,1,1,0.027442376051892
ITUB4,1.01,60,Random Forest,2022-03-23,1,1,0.027442376051892
ITUB4,1.01,60,SVC,2022-03-23,1,1,0.027442376051892
ITUB4,1.01,60,RNA,2022-03-24,1,1,0.0203488222705303
ITUB4,1.01,60,Random Forest,2022-03-24,1,1,0.0203488222705303
ITUB4,1.01,60,SVC,2022-03-24,1,1,0.0203488222705303
ITUB4,1.01,60,RNA,2022-03-25,1,1,0.0196078287529255
ITUB4,1.01,60,Random Forest,2022-03-25,1,1,0.0196078287529255
ITUB4,1.01,60,SVC,2022-03-25,1,1,0.0196078287529255
ITUB4,1.01,60,RNA,2022-03-28,1,1,0.0133525951884052
ITUB4,1.01,60,Random Forest,2022-03-28,1,1,0.0133525951884052
ITUB4,1.01,60,SVC,2022-03-28,1,1,0.0133525951884052
ITUB4,1.01,60,RNA,2022-03-29,0,1,-0.0191260467010287
ITUB4,1.01,60,Random Forest,2022-03-29,0,1,-0.0191260467010287
ITUB4,1.01,60,SVC,2022-03-29,0,1,-0.0191260467010287
ITUB4,1.01,60,RNA,2022-03-30,0,1,-0.0402733956983835
ITUB4,1.01,60,Random Forest,2022-03-30,0,1,-0.0402733956983835
ITUB4,1.01,60,SVC,2022-03-30,0,1,-0.0402733956983835
ITUB4,1.01,60,RNA,2022-03-31,0,1,-0.035018065908836
ITUB4,1.01,60,Random Forest,2022-03-31,0,1,-0.035018065908836
ITUB4,1.01,60,SVC,2022-03-31,0,1,-0.035018065908836
ITUB4,1.01,60,RNA,2022-04-01,0,1,-0.0269581373545115
ITUB4,1.01,60,Random Forest,2022-04-01,0,1,-0.0269581373545115
ITUB4,1.01,60,SVC,2022-04-01,0,1,-0.0269581373545115
ITUB4,1.01,60,RNA,2022-04-04,0,1,-0.020932810595951
ITUB4,1.01,60,Random Forest,2022-04-04,0,0,-0.020932810595951
ITUB4,1.01,60,SVC,2022-04-04,0,1,-0.020932810595951
ITUB4,1.01,60,RNA,2022-04-05,1,1,0.0127964202688577
ITUB4,1.01,60,Random Forest,2022-04-05,1,0,0.0127964202688577
ITUB4,1.01,60,SVC,2022-04-05,1,1,0.0127964202688577
ITUB4,1.01,60,RNA,2022-04-06,1,1,0.014711443630792
ITUB4,1.01,60,Random Forest,2022-04-06,1,1,0.014711443630792
ITUB4,1.01,60,SVC,2022-04-06,1,1,0.014711443630792
ITUB4,1.01,60,RNA,2022-04-07,1,1,0.0128012380199342
ITUB4,1.01,60,Random Forest,2022-04-07,1,1,0.0128012380199342
ITUB4,1.01,60,SVC,2022-04-07,1,1,0.0128012380199342
ITUB4,1.01,60,RNA,2022-04-08,1,1,0.0112782337259462
ITUB4,1.01,60,Random Forest,2022-04-08,1,1,0.0112782337259462
ITUB4,1.01,60,SVC,2022-04-08,1,1,0.0112782337259462
ITUB4,1.01,60,RNA,2022-04-11,0,1,-0.0119403085524354
ITUB4,1.01,60,Random Forest,2022-04-11,0,1,-0.0119403085524354
ITUB4,1.01,60,SVC,2022-04-11,0,1,-0.0119403085524354
ITUB4,1.01,60,RNA,2022-04-12,1,1,0.0125571254530418
ITUB4,1.01,60,Random Forest,2022-04-12,1,1,0.0125571254530418
ITUB4,1.01,60,SVC,2022-04-12,1,1,0.0125571254530418
ITUB4,1.01,60,RNA,2022-04-13,1,1,0.0207134714159142
ITUB4,1.01,60,Random Forest,2022-04-13,1,1,0.0207134714159142
ITUB4,1.01,60,SVC,2022-04-13,1,1,0.0207134714159142
ITUB4,1.01,60,RNA,2022-04-14,1,1,0.0141006525098954
ITUB4,1.01,60,Random Forest,2022-04-14,1,1,0.0141006525098954
ITUB4,1.01,60,SVC,2022-04-14,1,1,0.0141006525098954
ITUB4,1.01,60,RNA,2022-04-18,0,1,-0.0358220153171914
ITUB4,1.01,60,Random Forest,2022-04-18,0,1,-0.0358220153171914
ITUB4,1.01,60,SVC,2022-04-18,0,1,-0.0358220153171914
ITUB4,1.01,60,RNA,2022-04-19,0,1,-0.0507301934568943
ITUB4,1.01,60,Random Forest,2022-04-19,0,1,-0.0507301934568943
ITUB4,1.01,60,SVC,2022-04-19,0,1,-0.0507301934568943
ITUB4,1.01,60,RNA,2022-04-20,0,1,-0.0540540287712879
ITUB4,1.01,60,Random Forest,2022-04-20,0,1,-0.0540540287712879
ITUB4,1.01,60,SVC,2022-04-20,0,1,-0.0540540287712879
ITUB4,1.01,60,RNA,2022-04-22,0,1,-0.0470588241504158
ITUB4,1.01,60,Random Forest,2022-04-22,0,1,-0.0470588241504158
ITUB4,1.01,60,SVC,2022-04-22,0,1,-0.0470588241504158
ITUB4,1.01,60,RNA,2022-04-25,0,1,-0.0550277017137272
ITUB4,1.01,60,Random Forest,2022-04-25,0,1,-0.0550277017137272
ITUB4,1.01,60,SVC,2022-04-25,0,1,-0.0550277017137272
ITUB4,1.01,60,RNA,2022-04-26,0,1,-0.0489169900846493
ITUB4,1.01,60,Random Forest,2022-04-26,0,1,-0.0489169900846493
ITUB4,1.01,60,SVC,2022-04-26,0,1,-0.0489169900846493
ITUB4,1.01,60,RNA,2022-04-27,1,1,0.017951850918052
ITUB4,1.01,60,Random Forest,2022-04-27,1,1,0.017951850918052
ITUB4,1.01,60,SVC,2022-04-27,1,1,0.017951850918052
ITUB4,1.01,60,RNA,2022-04-28,1,1,0.0200327360666732
ITUB4,1.01,60,Random Forest,2022-04-28,1,1,0.0200327360666732
ITUB4,1.01,60,SVC,2022-04-28,1,1,0.0200327360666732
ITUB4,1.01,60,RNA,2022-04-29,1,1,0.01214912394881
ITUB4,1.01,60,Random Forest,2022-04-29,1,1,0.01214912394881
ITUB4,1.01,60,SVC,2022-04-29,1,1,0.01214912394881
ITUB4,1.01,60,RNA,2022-05-02,1,1,0.0176470412044791
ITUB4,1.01,60,Random Forest,2022-05-02,1,1,0.0176470412044791
ITUB4,1.01,60,SVC,2022-05-02,1,1,0.0176470412044791
ITUB4,1.01,60,RNA,2022-05-03,1,1,0.0193602472503271
ITUB4,1.01,60,Random Forest,2022-05-03,1,1,0.0193602472503271
ITUB4,1.01,60,SVC,2022-05-03,1,1,0.0193602472503271
ITUB4,1.01,60,RNA,2022-05-04,1,1,0.0267062045527981
ITUB4,1.01,60,Random Forest,2022-05-04,1,1,0.0267062045527981
ITUB4,1.01,60,SVC,2022-05-04,1,1,0.0267062045527981
ITUB4,1.01,60,RNA,2022-05-05,1,1,0.0403779885571777
ITUB4,1.01,60,Random Forest,2022-05-05,1,1,0.0403779885571777
ITUB4,1.01,60,SVC,2022-05-05,1,1,0.0403779885571777
ITUB4,1.01,60,RNA,2022-05-06,1,1,0.0391744157072504
ITUB4,1.01,60,Random Forest,2022-05-06,1,1,0.0391744157072504
ITUB4,1.01,60,SVC,2022-05-06,1,1,0.0391744157072504
ITUB4,1.01,60,RNA,2022-05-09,1,1,0.0563798031783684
ITUB4,1.01,60,Random Forest,2022-05-09,1,1,0.0563798031783684
ITUB4,1.01,60,SVC,2022-05-09,1,1,0.0563798031783684
ITUB4,1.01,60,RNA,2022-05-10,1,1,0.0825492205086841
ITUB4,1.01,60,Random Forest,2022-05-10,1,1,0.0825492205086841
ITUB4,1.01,60,SVC,2022-05-10,1,1,0.0825492205086841
ITUB4,1.01,60,RNA,2022-05-11,1,1,0.0706226484780316
ITUB4,1.01,60,Random Forest,2022-05-11,1,1,0.0706226484780316
ITUB4,1.01,60,SVC,2022-05-11,1,1,0.0706226484780316
ITUB4,1.01,60,RNA,2022-05-12,1,1,0.0376670973056056
ITUB4,1.01,60,Random Forest,2022-05-12,1,1,0.0376670973056056
ITUB4,1.01,60,SVC,2022-05-12,1,1,0.0376670973056056
ITUB4,1.01,60,RNA,2022-05-13,1,1,0.0309859022282708
ITUB4,1.01,60,Random Forest,2022-05-13,1,1,0.0309859022282708
ITUB4,1.01,60,SVC,2022-05-13,1,1,0.0309859022282708
ITUB4,1.01,60,RNA,2022-05-16,1,0,0.0102523658051161
ITUB4,1.01,60,Random Forest,2022-05-16,1,1,0.0102523658051161
ITUB4,1.01,60,SVC,2022-05-16,1,1,0.0102523658051161
ITUB4,1.01,60,RNA,2022-05-17,1,1,0.0325655239541964
ITUB4,1.01,60,Random Forest,2022-05-17,1,1,0.0325655239541964
ITUB4,1.01,60,SVC,2022-05-17,1,1,0.0325655239541964
ITUB4,1.01,60,RNA,2022-05-18,1,0,0.055377198528993
ITUB4,1.01,60,Random Forest,2022-05-18,1,1,0.055377198528993
ITUB4,1.01,60,SVC,2022-05-18,1,1,0.055377198528993
ITUB4,1.01,60,RNA,2022-05-19,1,1,0.0482263808902363
ITUB4,1.01,60,Random Forest,2022-05-19,1,1,0.0482263808902363
ITUB4,1.01,60,SVC,2022-05-19,1,1,0.0482263808902363
ITUB4,1.01,60,RNA,2022-05-20,1,1,0.0399367510682473
ITUB4,1.01,60,Random Forest,2022-05-20,1,1,0.0399367510682473
ITUB4,1.01,60,SVC,2022-05-20,1,1,0.0399367510682473
ITUB4,1.01,60,RNA,2022-05-23,1,1,0.0288162039864163
ITUB4,1.01,60,Random Forest,2022-05-23,1,1,0.0288162039864163
ITUB4,1.01,60,SVC,2022-05-23,1,1,0.0288162039864163
ITUB4,1.01,60,RNA,2022-05-24,1,1,0.014971209094128
ITUB4,1.01,60,Random Forest,2022-05-24,1,1,0.014971209094128
ITUB4,1.01,60,SVC,2022-05-24,1,1,0.014971209094128
ITUB4,1.01,60,RNA,2022-05-25,1,1,0.0275942683981698
ITUB4,1.01,60,Random Forest,2022-05-25,1,1,0.0275942683981698
ITUB4,1.01,60,SVC,2022-05-25,1,1,0.0275942683981698
ITUB4,1.01,60,RNA,2022-05-26,1,1,0.0145817222588129
ITUB4,1.01,60,Random Forest,2022-05-26,1,1,0.0145817222588129
ITUB4,1.01,60,SVC,2022-05-26,1,1,0.0145817222588129
ITUB4,1.01,60,RNA,2022-05-27,0,1,-0.0137995024253322
ITUB4,1.01,60,Random Forest,2022-05-27,0,1,-0.0137995024253322
ITUB4,1.01,60,SVC,2022-05-27,0,1,-0.0137995024253322
ITUB4,1.01,60,RNA,2022-05-30,0,1,-0.0203310780095277
ITUB4,1.01,60,Random Forest,2022-05-30,0,1,-0.0203310780095277
ITUB4,1.01,60,SVC,2022-05-30,0,1,-0.0203310780095277
ITUB4,1.01,60,RNA,2022-05-31,0,1,-0.0277672243527614
ITUB4,1.01,60,Random Forest,2022-05-31,0,1,-0.0277672243527614
ITUB4,1.01,60,SVC,2022-05-31,0,1,-0.0277672243527614
ITUB4,1.01,60,RNA,2022-06-01,0,1,-0.0176786889121048
ITUB4,1.01,60,Random Forest,2022-06-01,0,1,-0.0176786889121048
ITUB4,1.01,60,SVC,2022-06-01,0,1,-0.0176786889121048
ITUB4,1.01,60,RNA,2022-06-02,0,1,-0.026407777815245
ITUB4,1.01,60,Random Forest,2022-06-02,0,1,-0.026407777815245
ITUB4,1.01,60,SVC,2022-06-02,0,1,-0.026407777815245
ITUB4,1.01,60,RNA,2022-06-03,0,1,-0.0468085250204608
ITUB4,1.01,60,Random Forest,2022-06-03,0,1,-0.0468085250204608
ITUB4,1.01,60,SVC,2022-06-03,0,1,-0.0468085250204608
ITUB4,1.01,60,RNA,2022-06-06,0,0,-0.0537888035915916
ITUB4,1.01,60,Random Forest,2022-06-06,0,0,-0.0537888035915916
ITUB4,1.01,60,SVC,2022-06-06,0,1,-0.0537888035915916
ITUB4,1.01,60,RNA,2022-06-07,0,1,-0.0644400406712316
ITUB4,1.01,60,Random Forest,2022-06-07,0,0,-0.0644400406712316
ITUB4,1.01,60,SVC,2022-06-07,0,1,-0.0644400406712316
ITUB4,1.01,60,RNA,2022-06-08,0,1,-0.0562649363477463
ITUB4,1.01,60,Random Forest,2022-06-08,0,0,-0.0562649363477463
ITUB4,1.01,60,SVC,2022-06-08,0,1,-0.0562649363477463
ITUB4,1.01,60,RNA,2022-06-09,0,1,-0.032192312455432
ITUB4,1.01,60,Random Forest,2022-06-09,0,1,-0.032192312455432
ITUB4,1.01,60,SVC,2022-06-09,0,1,-0.032192312455432
ITUB4,1.01,60,RNA,2022-06-10,0,1,-0.0229166936191477
ITUB4,1.01,60,Random Forest,2022-06-10,0,1,-0.0229166936191477
ITUB4,1.01,60,SVC,2022-06-10,0,1,-0.0229166936191477
ITUB4,1.01,60,RNA,2022-06-13,1,1,0.0289672784292056
ITUB4,1.01,60,Random Forest,2022-06-13,1,1,0.0289672784292056
ITUB4,1.01,60,SVC,2022-06-13,1,1,0.0289672784292056
ITUB4,1.01,60,RNA,2022-06-14,1,0,0.0305184092137662
ITUB4,1.01,60,Random Forest,2022-06-14,1,1,0.0305184092137662
ITUB4,1.01,60,SVC,2022-06-14,1,1,0.0305184092137662
ITUB4,1.01,60,RNA,2022-06-15,1,0,0.0561268433615489
ITUB4,1.01,60,Random Forest,2022-06-15,1,1,0.0561268433615489
ITUB4,1.01,60,SVC,2022-06-15,1,1,0.0561268433615489
ITUB4,1.01,60,RNA,2022-06-17,1,1,0.045377459659613
ITUB4,1.01,60,Random Forest,2022-06-17,1,1,0.045377459659613
ITUB4,1.01,60,SVC,2022-06-17,1,1,0.045377459659613
ITUB4,1.01,60,RNA,2022-06-20,0,1,-0.0456026274335767
ITUB4,1.01,60,Random Forest,2022-06-20,0,1,-0.0456026274335767
ITUB4,1.01,60,SVC,2022-06-20,0,1,-0.0456026274335767
ITUB4,1.01,60,RNA,2022-06-21,0,1,-0.0284301836254713
ITUB4,1.01,60,Random Forest,2022-06-21,0,1,-0.0284301836254713
ITUB4,1.01,60,SVC,2022-06-21,0,1,-0.0284301836254713
ITUB4,1.01,60,RNA,2022-06-22,0,1,-0.0307564126464507
ITUB4,1.01,60,Random Forest,2022-06-22,0,1,-0.0307564126464507
ITUB4,1.01,60,SVC,2022-06-22,0,1,-0.0307564126464507
ITUB4,1.01,60,RNA,2022-06-23,0,1,-0.0257492468736639
ITUB4,1.01,60,Random Forest,2022-06-23,0,1,-0.0257492468736639
ITUB4,1.01,60,SVC,2022-06-23,0,1,-0.0257492468736639
ITUB4,1.01,60,RNA,2022-06-24,1,1,0.0131746981633773
ITUB4,1.01,60,Random Forest,2022-06-24,1,1,0.0131746981633773
ITUB4,1.01,60,SVC,2022-06-24,1,1,0.0131746981633773
ITUB4,1.01,60,RNA,2022-06-27,0,1,-0.0363331442232922
ITUB4,1.01,60,Random Forest,2022-06-27,0,0,-0.0363331442232922
ITUB4,1.01,60,SVC,2022-06-27,0,1,-0.0363331442232922
ITUB4,1.01,60,RNA,2022-06-28,0,0,-0.0350386772035582
ITUB4,1.01,60,Random Forest,2022-06-28,0,0,-0.0350386772035582
ITUB4,1.01,60,SVC,2022-06-28,0,1,-0.0350386772035582
ITUB4,1.01,60,RNA,2022-06-29,0,1,-0.0005360591833839
ITUB4,1.01,60,Random Forest,2022-06-29,0,1,-0.0005360591833839
ITUB4,1.01,60,SVC,2022-06-29,0,1,-0.0005360591833839
ITUB4,1.01,60,RNA,2022-06-30,1,1,0.0291218372710995
ITUB4,1.01,60,Random Forest,2022-06-30,1,0,0.0291218372710995
ITUB4,1.01,60,SVC,2022-06-30,1,0,0.0291218372710995
ITUB4,1.01,60,RNA,2022-07-01,1,0,0.0167622727559524
ITUB4,1.01,60,Random Forest,2022-07-01,1,0,0.0167622727559524
ITUB4,1.01,60,SVC,2022-07-01,1,1,0.0167622727559524
ITUB4,1.01,60,RNA,2022-07-04,1,1,0.0337777822878626
ITUB4,1.01,60,Random Forest,2022-07-04,1,0,0.0337777822878626
ITUB4,1.01,60,SVC,2022-07-04,1,1,0.0337777822878626
ITUB4,1.01,60,RNA,2022-07-05,1,0,0.0287483155109851
ITUB4,1.01,60,Random Forest,2022-07-05,1,1,0.0287483155109851
ITUB4,1.01,60,SVC,2022-07-05,1,1,0.0287483155109851
ITUB4,1.01,60,RNA,2022-07-06,1,1,0.0206230933054667
ITUB4,1.01,60,Random Forest,2022-07-06,1,0,0.0206230933054667
ITUB4,1.01,60,SVC,2022-07-06,1,1,0.0206230933054667
ITUB4,1.01,60,RNA,2022-07-07,0,1,-0.0357296566372041
ITUB4,1.01,60,Random Forest,2022-07-07,0,1,-0.0357296566372041
ITUB4,1.01,60,SVC,2022-07-07,0,1,-0.0357296566372041
ITUB4,1.01,60,RNA,2022-07-08,0,1,-0.0194777031141839
ITUB4,1.01,60,Random Forest,2022-07-08,0,0,-0.0194777031141839
ITUB4,1.01,60,SVC,2022-07-08,0,0,-0.0194777031141839
ITUB4,1.01,60,RNA,2022-07-11,0,0,0.0008876944070723
ITUB4,1.01,60,Random Forest,2022-07-11,0,0,0.0008876944070723
ITUB4,1.01,60,SVC,2022-07-11,0,1,0.0008876944070723
ITUB4,1.01,60,RNA,2022-07-12,1,1,0.027703327439519
ITUB4,1.01,60,Random Forest,2022-07-12,1,0,0.027703327439519
ITUB4,1.01,60,SVC,2022-07-12,1,1,0.027703327439519
ITUB4,1.01,60,RNA,2022-07-13,1,1,0.0697569357639433
ITUB4,1.01,60,Random Forest,2022-07-13,1,0,0.0697569357639433
ITUB4,1.01,60,SVC,2022-07-13,1,0,0.0697569357639433
ITUB4,1.01,60,RNA,2022-07-14,1,1,0.0707207336925679
ITUB4,1.01,60,Random Forest,2022-07-14,1,1,0.0707207336925679
ITUB4,1.01,60,SVC,2022-07-14,1,1,0.0707207336925679
ITUB4,1.01,60,RNA,2022-07-15,1,1,0.0480599381722823
ITUB4,1.01,60,Random Forest,2022-07-15,1,1,0.0480599381722823
ITUB4,1.01,60,SVC,2022-07-15,1,1,0.0480599381722823
ITUB4,1.01,60,RNA,2022-07-18,1,1,0.0411738595981889
ITUB4,1.01,60,Random Forest,2022-07-18,1,1,0.0411738595981889
ITUB4,1.01,60,SVC,2022-07-18,1,1,0.0411738595981889
ITUB4,1.01,60,RNA,2022-07-19,1,1,0.0110638659268809
ITUB4,1.01,60,Random Forest,2022-07-19,1,1,0.0110638659268809
ITUB4,1.01,60,SVC,2022-07-19,1,1,0.0110638659268809
ITUB4,1.01,60,RNA,2022-07-20,1,0,0.0266323228257965
ITUB4,1.01,60,Random Forest,2022-07-20,1,1,0.0266323228257965
ITUB4,1.01,60,SVC,2022-07-20,1,1,0.0266323228257965
ITUB4,1.01,60,RNA,2022-07-21,1,1,0.0127118795988641
ITUB4,1.01,60,Random Forest,2022-07-21,1,1,0.0127118795988641
ITUB4,1.01,60,SVC,2022-07-21,1,1,0.0127118795988641
ITUB4,1.01,60,RNA,2022-07-22,1,1,0.0213675471223346
ITUB4,1.01,60,Random Forest,2022-07-22,1,1,0.0213675471223346
ITUB4,1.01,60,SVC,2022-07-22,1,1,0.0213675471223346
ITUB4,1.01,60,RNA,2022-07-25,1,1,0.0148116975784604
ITUB4,1.01,60,Random Forest,2022-07-25,1,1,0.0148116975784604
ITUB4,1.01,60,SVC,2022-07-25,1,1,0.0148116975784604
ITUB4,1.01,60,RNA,2022-07-26,1,1,0.0152413620321876
ITUB4,1.01,60,Random Forest,2022-07-26,1,1,0.0152413620321876
ITUB4,1.01,60,SVC,2022-07-26,1,1,0.0152413620321876
ITUB4,1.01,60,RNA,2022-07-27,1,1,0.0182590566286195
ITUB4,1.01,60,Random Forest,2022-07-27,1,1,0.0182590566286195
ITUB4,1.01,60,SVC,2022-07-27,1,1,0.0182590566286195
ITUB4,1.01,60,RNA,2022-07-28,1,1,0.010109565981982
ITUB4,1.01,60,Random Forest,2022-07-28,1,1,0.010109565981982
ITUB4,1.01,60,SVC,2022-07-28,1,1,0.010109565981982
ITUB4,1.01,60,RNA,2022-07-29,1,1,0.0301886611959589
ITUB4,1.01,60,Random Forest,2022-07-29,1,1,0.0301886611959589
ITUB4,1.01,60,SVC,2022-07-29,1,1,0.0301886611959589
ITUB4,1.01,60,RNA,2022-08-01,1,0,0.0634786543870638
ITUB4,1.01,60,Random Forest,2022-08-01,1,1,0.0634786543870638
ITUB4,1.01,60,SVC,2022-08-01,1,1,0.0634786543870638
ITUB4,1.01,60,RNA,2022-08-02,1,1,0.0670886062330078
ITUB4,1.01,60,Random Forest,2022-08-02,1,1,0.0670886062330078
ITUB4,1.01,60,SVC,2022-08-02,1,1,0.0670886062330078
ITUB4,1.01,60,RNA,2022-08-03,1,1,0.0927234899623232
ITUB4,1.01,60,Random Forest,2022-08-03,1,1,0.0927234899623232
ITUB4,1.01,60,SVC,2022-08-03,1,1,0.0927234899623232
ITUB4,1.01,60,RNA,2022-08-04,1,1,0.0820743380437973
ITUB4,1.01,60,Random Forest,2022-08-04,1,1,0.0820743380437973
ITUB4,1.01,60,SVC,2022-08-04,1,1,0.0820743380437973
ITUB4,1.01,60,RNA,2022-08-05,1,1,0.0677831098024766
ITUB4,1.01,60,Random Forest,2022-08-05,1,1,0.0677831098024766
ITUB4,1.01,60,SVC,2022-08-05,1,1,0.0677831098024766
ITUB4,1.01,60,RNA,2022-08-08,1,1,0.0288018546589094
ITUB4,1.01,60,Random Forest,2022-08-08,1,1,0.0288018546589094
ITUB4,1.01,60,SVC,2022-08-08,1,1,0.0288018546589094
ITUB4,1.01,60,RNA,2022-08-09,1,1,0.0363149885336344
ITUB4,1.01,60,Random Forest,2022-08-09,1,1,0.0363149885336344
ITUB4,1.01,60,SVC,2022-08-09,1,1,0.0363149885336344
ITUB4,1.01,60,RNA,2022-08-10,1,0,0.0270371595578606
ITUB4,1.01,60,Random Forest,2022-08-10,1,0,0.0270371595578606
ITUB4,1.01,60,SVC,2022-08-10,1,1,0.0270371595578606
ITUB4,1.01,60,RNA,2022-08-11,1,1,0.0334712302411992
ITUB4,1.01,60,Random Forest,2022-08-11,1,0,0.0334712302411992
ITUB4,1.01,60,SVC,2022-08-11,1,1,0.0334712302411992
ITUB4,1.01,60,RNA,2022-08-12,1,1,0.0447988082143453
ITUB4,1.01,60,Random Forest,2022-08-12,1,0,0.0447988082143453
ITUB4,1.01,60,SVC,2022-08-12,1,1,0.0447988082143453
ITUB4,1.01,60,RNA,2022-08-15,1,1,0.0215293180264566
ITUB4,1.01,60,Random Forest,2022-08-15,1,1,0.0215293180264566
ITUB4,1.01,60,SVC,2022-08-15,1,1,0.0215293180264566
ITUB4,1.01,60,RNA,2022-08-16,1,1,0.0162481574987558
ITUB4,1.01,60,Random Forest,2022-08-16,1,1,0.0162481574987558
ITUB4,1.01,60,SVC,2022-08-16,1,1,0.0162481574987558
ITUB4,1.01,60,RNA,2022-08-17,0,1,-0.0244632343440613
ITUB4,1.01,60,Random Forest,2022-08-17,0,1,-0.0244632343440613
ITUB4,1.01,60,SVC,2022-08-17,0,1,-0.0244632343440613
ITUB4,1.01,60,RNA,2022-08-18,0,1,-0.010447767475726
ITUB4,1.01,60,Random Forest,2022-08-18,0,1,-0.010447767475726
ITUB4,1.01,60,SVC,2022-08-18,0,1,-0.010447767475726
ITUB4,1.01,60,RNA,2022-08-19,1,1,0.0178030265522124
ITUB4,1.01,60,Random Forest,2022-08-19,1,1,0.0178030265522124
ITUB4,1.01,60,SVC,2022-08-19,1,1,0.0178030265522124
ITUB4,1.01,60,RNA,2022-08-22,1,1,0.0299810061675065
ITUB4,1.01,60,Random Forest,2022-08-22,1,1,0.0299810061675065
ITUB4,1.01,60,SVC,2022-08-22,1,1,0.0299810061675065
ITUB4,1.01,60,RNA,2022-08-23,1,1,0.0299810061675065
ITUB4,1.01,60,Random Forest,2022-08-23,1,1,0.0299810061675065
ITUB4,1.01,60,SVC,2022-08-23,1,1,0.0299810061675065
ITUB4,1.01,60,RNA,2022-08-24,1,0,0.0199173147191049
ITUB4,1.01,60,Random Forest,2022-08-24,1,0,0.0199173147191049
ITUB4,1.01,60,SVC,2022-08-24,1,1,0.0199173147191049
ITUB4,1.01,60,RNA,2022-08-25,0,1,-0.040520448370624
ITUB4,1.01,60,Random Forest,2022-08-25,0,1,-0.040520448370624
ITUB4,1.01,60,SVC,2022-08-25,0,1,-0.040520448370624
ITUB4,1.01,60,RNA,2022-08-26,1,1,0.0135644462319861
ITUB4,1.01,60,Random Forest,2022-08-26,1,1,0.0135644462319861
ITUB4,1.01,60,SVC,2022-08-26,1,1,0.0135644462319861
ITUB4,1.01,60,RNA,2022-08-29,0,1,-0.0053098970989149
ITUB4,1.01,60,Random Forest,2022-08-29,0,1,-0.0053098970989149
ITUB4,1.01,60,SVC,2022-08-29,0,1,-0.0053098970989149
ITUB4,1.01,60,RNA,2022-08-30,1,0,0.0220794488641768
ITUB4,1.01,60,Random Forest,2022-08-30,1,1,0.0220794488641768
ITUB4,1.01,60,SVC,2022-08-30,1,1,0.0220794488641768
ITUB4,1.01,60,RNA,2022-08-31,1,1,0.0448963798566997
ITUB4,1.01,60,Random Forest,2022-08-31,1,1,0.0448963798566997
ITUB4,1.01,60,SVC,2022-08-31,1,1,0.0448963798566997
ITUB4,1.01,60,RNA,2022-09-01,1,1,0.0333965877061461
ITUB4,1.01,60,Random Forest,2022-09-01,1,0,0.0333965877061461
ITUB4,1.01,60,SVC,2022-09-01,1,1,0.0333965877061461
ITUB4,1.01,60,RNA,2022-09-02,1,1,0.0221471151764578
ITUB4,1.01,60,Random Forest,2022-09-02,1,1,0.0221471151764578
ITUB4,1.01,60,SVC,2022-09-02,1,1,0.0221471151764578
ITUB4,1.01,60,RNA,2022-09-05,1,1,0.0232209403372787
ITUB4,1.01,60,Random Forest,2022-09-05,1,1,0.0232209403372787
ITUB4,1.01,60,SVC,2022-09-05,1,1,0.0232209403372787
ITUB4,1.01,60,RNA,2022-09-06,1,1,0.0156133605786528
ITUB4,1.01,60,Random Forest,2022-09-06,1,1,0.0156133605786528
ITUB4,1.01,60,SVC,2022-09-06,1,1,0.0156133605786528
ITUB4,1.01,60,RNA,2022-09-08,1,1,0.0232209403372787
ITUB4,1.01,60,Random Forest,2022-09-08,1,1,0.0232209403372787
ITUB4,1.01,60,SVC,2022-09-08,1,1,0.0232209403372787
ITUB4,1.01,60,RNA,2022-09-09,1,1,0.0118518349711349
ITUB4,1.01,60,Random Forest,2022-09-09,1,1,0.0118518349711349
ITUB4,1.01,60,SVC,2022-09-09,1,1,0.0118518349711349
ITUB4,1.01,60,RNA,2022-09-12,1,1,0.0107886750411452
ITUB4,1.01,60,Random Forest,2022-09-12,1,1,0.0107886750411452
ITUB4,1.01,60,SVC,2022-09-12,1,1,0.0107886750411452
ITUB4,1.01,60,RNA,2022-09-13,1,1,0.039640979866611
ITUB4,1.01,60,Random Forest,2022-09-13,1,1,0.039640979866611
ITUB4,1.01,60,SVC,2022-09-13,1,1,0.039640979866611
ITUB4,1.01,60,RNA,2022-09-14,1,1,0.0762298055066221
ITUB4,1.01,60,Random Forest,2022-09-14,1,1,0.0762298055066221
ITUB4,1.01,60,SVC,2022-09-14,1,1,0.0762298055066221
ITUB4,1.01,60,RNA,2022-09-15,1,1,0.0781955291287419
ITUB4,1.01,60,Random Forest,2022-09-15,1,1,0.0781955291287419
ITUB4,1.01,60,SVC,2022-09-15,1,1,0.0781955291287419
ITUB4,1.01,60,RNA,2022-09-16,1,1,0.0898158828769895
ITUB4,1.01,60,Random Forest,2022-09-16,1,1,0.0898158828769895
ITUB4,1.01,60,SVC,2022-09-16,1,1,0.0898158828769895
ITUB4,1.01,60,RNA,2022-09-19,1,1,0.0424155154093417
ITUB4,1.01,60,Random Forest,2022-09-19,1,1,0.0424155154093417
ITUB4,1.01,60,SVC,2022-09-19,1,1,0.0424155154093417
ITUB4,1.01,60,RNA,2022-09-20,1,1,0.0139859938830517
ITUB4,1.01,60,Random Forest,2022-09-20,1,1,0.0139859938830517
ITUB4,1.01,60,SVC,2022-09-20,1,1,0.0139859938830517
ITUB4,1.01,60,RNA,2022-09-21,1,1,0.0143406579389835
ITUB4,1.01,60,Random Forest,2022-09-21,1,1,0.0143406579389835
ITUB4,1.01,60,SVC,2022-09-21,1,1,0.0143406579389835
ITUB4,1.01,60,RNA,2022-09-22,0,1,-0.0309859187811997
ITUB4,1.01,60,Random Forest,2022-09-22,0,1,-0.0309859187811997
ITUB4,1.01,60,SVC,2022-09-22,0,1,-0.0309859187811997
ITUB4,1.01,60,RNA,2022-09-23,0,1,-0.0071098370832829
ITUB4,1.01,60,Random Forest,2022-09-23,0,1,-0.0071098370832829
ITUB4,1.01,60,SVC,2022-09-23,0,1,-0.0071098370832829
ITUB4,1.01,60,RNA,2022-09-26,0,1,0.0028591810669964
ITUB4,1.01,60,Random Forest,2022-09-26,0,0,0.0028591810669964
ITUB4,1.01,60,SVC,2022-09-26,0,1,0.0028591810669964
ITUB4,1.01,60,RNA,2022-09-27,1,1,0.0804475099369617
ITUB4,1.01,60,Random Forest,2022-09-27,1,1,0.0804475099369617
ITUB4,1.01,60,SVC,2022-09-27,1,1,0.0804475099369617
ITUB4,1.01,60,RNA,2022-09-28,1,1,0.100838121628203
ITUB4,1.01,60,Random Forest,2022-09-28,1,1,0.100838121628203
ITUB4,1.01,60,SVC,2022-09-28,1,1,0.100838121628203
ITUB4,1.01,60,RNA,2022-09-29,1,1,0.0869835998300745
ITUB4,1.01,60,Random Forest,2022-09-29,1,1,0.0869835998300745
ITUB4,1.01,60,SVC,2022-09-29,1,1,0.0869835998300745
ITUB4,1.01,60,RNA,2022-09-30,1,1,0.0493227056935587
ITUB4,1.01,60,Random Forest,2022-09-30,1,1,0.0493227056935587
ITUB4,1.01,60,SVC,2022-09-30,1,1,0.0493227056935587
ITUB4,1.01,60,RNA,2022-10-03,0,1,-0.0216883899160162
ITUB4,1.01,60,Random Forest,2022-10-03,0,0,-0.0216883899160162
ITUB4,1.01,60,SVC,2022-10-03,0,1,-0.0216883899160162
ITUB4,1.01,60,RNA,2022-10-04,0,0,-0.0287914252056065
ITUB4,1.01,60,Random Forest,2022-10-04,0,0,-0.0287914252056065
ITUB4,1.01,60,SVC,2022-10-04,0,1,-0.0287914252056065
ITUB4,1.01,60,RNA,2022-10-05,0,1,-0.0364548274555773
ITUB4,1.01,60,Random Forest,2022-10-05,0,0,-0.0364548274555773
ITUB4,1.01,60,SVC,2022-10-05,0,0,-0.0364548274555773
ITUB4,1.01,60,RNA,2022-10-06,1,0,0.0116438477398845
ITUB4,1.01,60,Random Forest,2022-10-06,1,0,0.0116438477398845
ITUB4,1.01,60,SVC,2022-10-06,1,1,0.0116438477398845
ITUB4,1.01,60,RNA,2022-10-07,0,1,-0.0281546882763017
ITUB4,1.01,60,Random Forest,2022-10-07,0,0,-0.0281546882763017
ITUB4,1.01,60,SVC,2022-10-07,0,1,-0.0281546882763017
ITUB4,1.01,60,RNA,2022-10-10,0,0,-0.0006920638001016
ITUB4,1.01,60,Random Forest,2022-10-10,0,0,-0.0006920638001016
ITUB4,1.01,60,SVC,2022-10-10,0,1,-0.0006920638001016
ITUB4,1.01,60,RNA,2022-10-11,1,1,0.0382456374808437
ITUB4,1.01,60,Random Forest,2022-10-11,1,0,0.0382456374808437
ITUB4,1.01,60,SVC,2022-10-11,1,1,0.0382456374808437
ITUB4,1.01,60,RNA,2022-10-13,1,0,0.0351304604197713
ITUB4,1.01,60,Random Forest,2022-10-13,1,0,0.0351304604197713
ITUB4,1.01,60,SVC,2022-10-13,1,0,0.0351304604197713
ITUB4,1.01,60,RNA,2022-10-14,1,1,0.0452660595772733
ITUB4,1.01,60,Random Forest,2022-10-14,1,1,0.0452660595772733
ITUB4,1.01,60,SVC,2022-10-14,1,0,0.0452660595772733
ITUB4,1.01,60,RNA,2022-10-17,1,1,0.0675767969956944
ITUB4,1.01,60,Random Forest,2022-10-17,1,0,0.0675767969956944
ITUB4,1.01,60,SVC,2022-10-17,1,0,0.0675767969956944
ITUB4,1.01,60,RNA,2022-10-18,1,1,0.0581867288869737
ITUB4,1.01,60,Random Forest,2022-10-18,1,1,0.0581867288869737
ITUB4,1.01,60,SVC,2022-10-18,1,1,0.0581867288869737
ITUB4,1.01,60,RNA,2022-10-19,1,0,0.0496644276200199
ITUB4,1.01,60,Random Forest,2022-10-19,1,0,0.0496644276200199
ITUB4,1.01,60,SVC,2022-10-19,1,1,0.0496644276200199
ITUB4,1.01,60,RNA,2022-10-20,1,1,0.0451052363415873
ITUB4,1.01,60,Random Forest,2022-10-20,1,0,0.0451052363415873
ITUB4,1.01,60,SVC,2022-10-20,1,1,0.0451052363415873
ITUB4,1.01,60,RNA,2022-10-21,0,0,-0.0486854687298442
ITUB4,1.01,60,Random Forest,2022-10-21,0,0,-0.0486854687298442
ITUB4,1.01,60,SVC,2022-10-21,0,1,-0.0486854687298442
ITUB4,1.01,60,RNA,2022-10-24,0,1,-0.0037099348777994
ITUB4,1.01,60,Random Forest,2022-10-24,0,0,-0.0037099348777994
ITUB4,1.01,60,SVC,2022-10-24,0,1,-0.0037099348777994
ITUB4,1.01,60,RNA,2022-10-25,1,1,0.0541379386771145
ITUB4,1.01,60,Random Forest,2022-10-25,1,0,0.0541379386771145
ITUB4,1.01,60,SVC,2022-10-25,1,1,0.0541379386771145
ITUB4,1.01,60,RNA,2022-10-26,1,1,0.0755131899057708
ITUB4,1.01,60,Random Forest,2022-10-26,1,1,0.0755131899057708
ITUB4,1.01,60,SVC,2022-10-26,1,1,0.0755131899057708
ITUB4,1.01,60,RNA,2022-10-27,1,1,0.0718312142974715
ITUB4,1.01,60,Random Forest,2022-10-27,1,1,0.0718312142974715
ITUB4,1.01,60,SVC,2022-10-27,1,1,0.0718312142974715
ITUB4,1.01,60,RNA,2022-10-28,1,1,0.0795927558282927
ITUB4,1.01,60,Random Forest,2022-10-28,1,1,0.0795927558282927
ITUB4,1.01,60,SVC,2022-10-28,1,1,0.0795927558282927
ITUB4,1.01,60,RNA,2022-10-31,0,1,-0.0432257963905406
ITUB4,1.01,60,Random Forest,2022-10-31,0,1,-0.0432257963905406
ITUB4,1.01,60,SVC,2022-10-31,0,1,-0.0432257963905406
ITUB4,1.01,60,RNA,2022-11-01,1,1,0.0309999840621133
ITUB4,1.01,60,Random Forest,2022-11-01,1,0,0.0309999840621133
ITUB4,1.01,60,SVC,2022-11-01,1,0,0.0309999840621133
ITUB4,1.01,60,RNA,2022-11-03,0,0,-0.0827631366627924
ITUB4,1.01,60,Random Forest,2022-11-03,0,0,-0.0827631366627924
ITUB4,1.01,60,SVC,2022-11-03,0,0,-0.0827631366627924
ITUB4,1.01,60,RNA,2022-11-04,0,0,-0.0814765459901348
ITUB4,1.01,60,Random Forest,2022-11-04,0,1,-0.0814765459901348
ITUB4,1.01,60,SVC,2022-11-04,0,0,-0.0814765459901348
ITUB4,1.01,60,RNA,2022-11-07,0,1,-0.0923599290187667
ITUB4,1.01,60,Random Forest,2022-11-07,0,1,-0.0923599290187667
ITUB4,1.01,60,SVC,2022-11-07,0,1,-0.0923599290187667
ITUB4,1.01,60,RNA,2022-11-08,1,1,0.0143056573792375
ITUB4,1.01,60,Random Forest,2022-11-08,1,1,0.0143056573792375
ITUB4,1.01,60,SVC,2022-11-08,1,1,0.0143056573792375
ITUB4,1.01,60,RNA,2022-11-09,1,1,0.0307017512011433
ITUB4,1.01,60,Random Forest,2022-11-09,1,1,0.0307017512011433
ITUB4,1.01,60,SVC,2022-11-09,1,1,0.0307017512011433
ITUB4,1.01,60,RNA,2022-11-10,0,1,-0.0560714029941342
ITUB4,1.01,60,Random Forest,2022-11-10,0,1,-0.0560714029941342
ITUB4,1.01,60,SVC,2022-11-10,0,1,-0.0560714029941342
ITUB4,1.01,60,RNA,2022-11-11,0,1,-0.0151570733155699
ITUB4,1.01,60,Random Forest,2022-11-11,0,1,-0.0151570733155699
ITUB4,1.01,60,SVC,2022-11-11,0,1,-0.0151570733155699
ITUB4,1.01,60,RNA,2022-11-14,1,1,0.0187617168476548
ITUB4,1.01,60,Random Forest,2022-11-14,1,1,0.0187617168476548
ITUB4,1.01,60,SVC,2022-11-14,1,1,0.0187617168476548
ITUB4,1.01,60,RNA,2022-11-16,1,1,0.0482625506318836
ITUB4,1.01,60,Random Forest,2022-11-16,1,0,0.0482625506318836
ITUB4,1.01,60,SVC,2022-11-16,1,1,0.0482625506318836
ITUB4,1.01,60,RNA,2022-11-17,1,1,0.017234939246947
ITUB4,1.01,60,Random Forest,2022-11-17,1,1,0.017234939246947
ITUB4,1.01,60,SVC,2022-11-17,1,1,0.017234939246947
ITUB4,1.01,60,RNA,2022-11-18,0,0,-0.0022222289808758
ITUB4,1.01,60,Random Forest,2022-11-18,0,1,-0.0022222289808758
ITUB4,1.01,60,SVC,2022-11-18,0,1,-0.0022222289808758
ITUB4,1.01,60,RNA,2022-11-21,1,1,0.012686572880767
ITUB4,1.01,60,Random Forest,2022-11-21,1,1,0.012686572880767
ITUB4,1.01,60,SVC,2022-11-21,1,1,0.012686572880767
ITUB4,1.01,60,RNA,2022-11-22,1,0,0.0402453000445468
ITUB4,1.01,60,Random Forest,2022-11-22,1,0,0.0402453000445468
ITUB4,1.01,60,SVC,2022-11-22,1,1,0.0402453000445468
ITUB4,1.01,60,RNA,2022-11-23,1,1,0.035877888373387
ITUB4,1.01,60,Random Forest,2022-11-23,1,1,0.035877888373387
ITUB4,1.01,60,SVC,2022-11-23,1,1,0.035877888373387
ITUB4,1.01,60,RNA,2022-11-24,0,1,-0.0291262524861783
ITUB4,1.01,60,Random Forest,2022-11-24,0,1,-0.0291262524861783
ITUB4,1.01,60,SVC,2022-11-24,0,1,-0.0291262524861783
ITUB4,1.01,60,RNA,2022-11-25,0,1,-0.0039213686273763
ITUB4,1.01,60,Random Forest,2022-11-25,0,1,-0.0039213686273763
ITUB4,1.01,60,SVC,2022-11-25,0,1,-0.0039213686273763
ITUB4,1.01,60,RNA,2022-11-28,1,0,0.0441702038373874
ITUB4,1.01,60,Random Forest,2022-11-28,1,1,0.0441702038373874
ITUB4,1.01,60,SVC,2022-11-28,1,1,0.0441702038373874
ITUB4,1.01,60,RNA,2022-11-29,1,1,0.0336475443688606
ITUB4,1.01,60,Random Forest,2022-11-29,1,1,0.0336475443688606
ITUB4,1.01,60,SVC,2022-11-29,1,1,0.0336475443688606
ITUB4,1.01,60,RNA,2022-11-30,1,1,0.0406091129200307
ITUB4,1.01,60,Random Forest,2022-11-30,1,1,0.0406091129200307
ITUB4,1.01,60,SVC,2022-11-30,1,1,0.0406091129200307
ITUB4,1.01,60,RNA,2022-12-01,1,1,0.0222478013715869
ITUB4,1.01,60,Random Forest,2022-12-01,1,1,0.0222478013715869
ITUB4,1.01,60,SVC,2022-12-01,1,1,0.0222478013715869
ITUB4,1.01,60,RNA,2022-12-02,0,1,-0.041698555683857
ITUB4,1.01,60,Random Forest,2022-12-02,0,1,-0.041698555683857
ITUB4,1.01,60,SVC,2022-12-02,0,1,-0.041698555683857
ITUB4,1.01,60,RNA,2022-12-05,1,1,0.0237169673948818
ITUB4,1.01,60,Random Forest,2022-12-05,1,1,0.0237169673948818
ITUB4,1.01,60,SVC,2022-12-05,1,1,0.0237169673948818
ITUB4,1.01,60,RNA,2022-12-06,0,1,-0.0626624690407758
ITUB4,1.01,60,Random Forest,2022-12-06,0,1,-0.0626624690407758
ITUB4,1.01,60,SVC,2022-12-06,0,1,-0.0626624690407758
ITUB4,1.01,60,RNA,2022-12-07,0,1,-0.0833728953429828
ITUB4,1.01,60,Random Forest,2022-12-07,0,1,-0.0833728953429828
ITUB4,1.01,60,SVC,2022-12-07,0,1,-0.0833728953429828
ITUB4,1.01,60,RNA,2022-12-08,0,1,-0.0563209383013869
ITUB4,1.01,60,Random Forest,2022-12-08,0,1,-0.0563209383013869
ITUB4,1.01,60,SVC,2022-12-08,0,1,-0.0563209383013869
ITUB4,1.01,60,RNA,2022-12-09,0,1,-0.0370065386586278
ITUB4,1.01,60,Random Forest,2022-12-09,0,0,-0.0370065386586278
ITUB4,1.01,60,SVC,2022-12-09,0,1,-0.0370065386586278
ITUB4,1.01,60,RNA,2022-12-12,0,1,-0.0235051496291431
ITUB4,1.01,60,Random Forest,2022-12-12,0,1,-0.0235051496291431
ITUB4,1.01,60,SVC,2022-12-12,0,1,-0.0235051496291431
ITUB4,1.01,60,RNA,2022-12-13,1,1,0.0685290313984203
ITUB4,1.01,60,Random Forest,2022-12-13,1,1,0.0685290313984203
ITUB4,1.01,60,SVC,2022-12-13,1,1,0.0685290313984203
ITUB4,1.01,60,RNA,2022-12-14,1,1,0.0933159808040602
ITUB4,1.01,60,Random Forest,2022-12-14,1,1,0.0933159808040602
ITUB4,1.01,60,SVC,2022-12-14,1,1,0.0933159808040602
ITUB4,1.01,60,RNA,2022-12-15,1,1,0.0710033986858855
ITUB4,1.01,60,Random Forest,2022-12-15,1,1,0.0710033986858855
ITUB4,1.01,60,SVC,2022-12-15,1,1,0.0710033986858855
ITUB4,1.01,60,RNA,2022-12-16,1,1,0.0588482433466048
ITUB4,1.01,60,Random Forest,2022-12-16,1,1,0.0588482433466048
ITUB4,1.01,60,SVC,2022-12-16,1,1,0.0588482433466048
ITUB4,1.01,60,RNA,2022-12-19,1,1,0.0463304439520844
ITUB4,1.01,60,Random Forest,2022-12-19,1,1,0.0463304439520844
ITUB4,1.01,60,SVC,2022-12-19,1,1,0.0463304439520844
ITUB4,1.01,60,RNA,2022-12-20,1,1,0.031527887130295
ITUB4,1.01,60,Random Forest,2022-12-20,1,1,0.031527887130295
ITUB4,1.01,60,SVC,2022-12-20,1,1,0.031527887130295
ITUB4,1.01,60,RNA,2022-12-21,1,1,0.02944735715086
ITUB4,1.01,60,Random Forest,2022-12-21,1,1,0.02944735715086
ITUB4,1.01,60,SVC,2022-12-21,1,1,0.02944735715086
ITUB4,1.01,60,RNA,2022-12-22,1,1,0.0195764758931438
ITUB4,1.01,60,Random Forest,2022-12-22,1,1,0.0195764758931438
ITUB4,1.01,60,SVC,2022-12-22,1,1,0.0195764758931438
ITUB4,1.01,60,RNA,2022-12-23,1,1,0.0212424929761738
ITUB4,1.01,60,Random Forest,2022-12-23,1,1,0.0212424929761738
ITUB4,1.01,60,SVC,2022-12-23,1,1,0.0212424929761738
ITUB4,1.01,60,RNA,2022-12-26,0,1,
ITUB4,1.01,60,Random Forest,2022-12-26,0,1,
ITUB4,1.01,60,SVC,2022-12-26,0,1,
ITUB4,1.01,60,RNA,2022-12-27,0,1,
ITUB4,1.01,60,Random Forest,2022-12-27,0,1,
ITUB4,1.01,60,SVC,2022-12-27,0,1,
ITUB4,1.01,60,RNA,2022-12-28,0,1,
ITUB4,1.01,60,Random Forest,2022-12-28,0,1,
ITUB4,1.01,60,SVC,2022-12-28,0,1,
ITUB4,1.01,60,RNA,2022-12-29,0,1,
ITUB4,1.01,60,Random Forest,2022-12-29,0,0,
ITUB4,1.01,60,SVC,2022-12-29,0,1,
ITUB4,1.01,75,RNA,2020-05-14,1,1,0.019555547004098
ITUB4,1.01,75,Random Forest,2020-05-14,1,1,0.019555547004098
ITUB4,1.01,75,SVC,2020-05-14,1,1,0.019555547004098
ITUB4,1.01,75,RNA,2020-05-15,1,1,0.021826285052616
ITUB4,1.01,75,Random Forest,2020-05-15,1,1,0.021826285052616
ITUB4,1.01,75,SVC,2020-05-15,1,1,0.021826285052616
ITUB4,1.01,75,RNA,2020-05-18,1,1,0.0318161451531571
ITUB4,1.01,75,Random Forest,2020-05-18,1,1,0.0318161451531571
ITUB4,1.01,75,SVC,2020-05-18,1,1,0.0318161451531571
ITUB4,1.01,75,RNA,2020-05-19,1,1,0.103055194581868
ITUB4,1.01,75,Random Forest,2020-05-19,1,1,0.103055194581868
ITUB4,1.01,75,SVC,2020-05-19,1,1,0.103055194581868
ITUB4,1.01,75,RNA,2020-05-20,1,1,0.1243093961366046
ITUB4,1.01,75,Random Forest,2020-05-20,1,1,0.1243093961366046
ITUB4,1.01,75,SVC,2020-05-20,1,1,0.1243093961366046
ITUB4,1.01,75,RNA,2020-05-21,1,1,0.0805309974223686
ITUB4,1.01,75,Random Forest,2020-05-21,1,1,0.0805309974223686
ITUB4,1.01,75,SVC,2020-05-21,1,1,0.0805309974223686
ITUB4,1.01,75,RNA,2020-05-22,1,1,0.0213300097270932
ITUB4,1.01,75,Random Forest,2020-05-22,1,1,0.0213300097270932
ITUB4,1.01,75,SVC,2020-05-22,1,1,0.0213300097270932
ITUB4,1.01,75,RNA,2020-05-25,0,1,-0.0530209449775563
ITUB4,1.01,75,Random Forest,2020-05-25,0,1,-0.0530209449775563
ITUB4,1.01,75,SVC,2020-05-25,0,1,-0.0530209449775563
ITUB4,1.01,75,RNA,2020-05-26,1,1,0.017343484225633
ITUB4,1.01,75,Random Forest,2020-05-26,1,1,0.017343484225633
ITUB4,1.01,75,SVC,2020-05-26,1,1,0.017343484225633
ITUB4,1.01,75,RNA,2020-05-27,1,1,0.0777557491283429
ITUB4,1.01,75,Random Forest,2020-05-27,1,1,0.0777557491283429
ITUB4,1.01,75,SVC,2020-05-27,1,1,0.0777557491283429
ITUB4,1.01,75,RNA,2020-05-28,1,1,0.1556272357347239
ITUB4,1.01,75,Random Forest,2020-05-28,1,1,0.1556272357347239
ITUB4,1.01,75,SVC,2020-05-28,1,1,0.1556272357347239
ITUB4,1.01,75,RNA,2020-05-29,1,1,0.1752080278273537
ITUB4,1.01,75,Random Forest,2020-05-29,1,1,0.1752080278273537
ITUB4,1.01,75,SVC,2020-05-29,1,1,0.1752080278273537
ITUB4,1.01,75,RNA,2020-06-01,1,1,0.1958333603261217
ITUB4,1.01,75,Random Forest,2020-06-01,1,1,0.1958333603261217
ITUB4,1.01,75,SVC,2020-06-01,1,1,0.1958333603261217
ITUB4,1.01,75,RNA,2020-06-02,1,1,0.091254792676962
ITUB4,1.01,75,Random Forest,2020-06-02,1,1,0.091254792676962
ITUB4,1.01,75,SVC,2020-06-02,1,1,0.091254792676962
ITUB4,1.01,75,RNA,2020-06-03,1,1,0.1136980977753343
ITUB4,1.01,75,Random Forest,2020-06-03,1,1,0.1136980977753343
ITUB4,1.01,75,SVC,2020-06-03,1,1,0.1136980977753343
ITUB4,1.01,75,RNA,2020-06-04,1,1,0.0191761487670174
ITUB4,1.01,75,Random Forest,2020-06-04,1,1,0.0191761487670174
ITUB4,1.01,75,SVC,2020-06-04,1,1,0.0191761487670174
ITUB4,1.01,75,RNA,2020-06-05,1,1,0.0315103223026373
ITUB4,1.01,75,Random Forest,2020-06-05,1,1,0.0315103223026373
ITUB4,1.01,75,SVC,2020-06-05,1,1,0.0315103223026373
ITUB4,1.01,75,RNA,2020-06-08,1,1,0.0243017999946182
ITUB4,1.01,75,Random Forest,2020-06-08,1,1,0.0243017999946182
ITUB4,1.01,75,SVC,2020-06-08,1,1,0.0243017999946182
ITUB4,1.01,75,RNA,2020-06-09,0,1,-0.0686588308598515
ITUB4,1.01,75,Random Forest,2020-06-09,0,1,-0.0686588308598515
ITUB4,1.01,75,SVC,2020-06-09,0,1,-0.0686588308598515
ITUB4,1.01,75,RNA,2020-06-10,1,1,0.0397529584979643
ITUB4,1.01,75,Random Forest,2020-06-10,1,1,0.0397529584979643
ITUB4,1.01,75,SVC,2020-06-10,1,1,0.0397529584979643
ITUB4,1.01,75,RNA,2020-06-12,1,1,0.1119522350129791
ITUB4,1.01,75,Random Forest,2020-06-12,1,1,0.1119522350129791
ITUB4,1.01,75,SVC,2020-06-12,1,1,0.1119522350129791
ITUB4,1.01,75,RNA,2020-06-15,1,1,0.0656603762514884
ITUB4,1.01,75,Random Forest,2020-06-15,1,1,0.0656603762514884
ITUB4,1.01,75,SVC,2020-06-15,1,1,0.0656603762514884
ITUB4,1.01,75,RNA,2020-06-16,1,1,0.0786860193200329
ITUB4,1.01,75,Random Forest,2020-06-16,1,1,0.0786860193200329
ITUB4,1.01,75,SVC,2020-06-16,1,1,0.0786860193200329
ITUB4,1.01,75,RNA,2020-06-17,1,1,0.0656603762514884
ITUB4,1.01,75,Random Forest,2020-06-17,1,1,0.0656603762514884
ITUB4,1.01,75,SVC,2020-06-17,1,1,0.0656603762514884
ITUB4,1.01,75,RNA,2020-06-18,0,1,-0.0804270834185341
ITUB4,1.01,75,Random Forest,2020-06-18,0,1,-0.0804270834185341
ITUB4,1.01,75,SVC,2020-06-18,0,1,-0.0804270834185341
ITUB4,1.01,75,RNA,2020-06-19,0,1,-0.0674036938550665
ITUB4,1.01,75,Random Forest,2020-06-19,0,1,-0.0674036938550665
ITUB4,1.01,75,SVC,2020-06-19,0,1,-0.0674036938550665
ITUB4,1.01,75,RNA,2020-06-22,0,1,-0.0718411269320794
ITUB4,1.01,75,Random Forest,2020-06-22,0,0,-0.0718411269320794
ITUB4,1.01,75,SVC,2020-06-22,0,1,-0.0718411269320794
ITUB4,1.01,75,RNA,2020-06-23,0,1,-0.0115714964483225
ITUB4,1.01,75,Random Forest,2020-06-23,0,1,-0.0115714964483225
ITUB4,1.01,75,SVC,2020-06-23,0,1,-0.0115714964483225
ITUB4,1.01,75,RNA,2020-06-24,1,1,0.0188243871782018
ITUB4,1.01,75,Random Forest,2020-06-24,1,1,0.0188243871782018
ITUB4,1.01,75,SVC,2020-06-24,1,1,0.0188243871782018
ITUB4,1.01,75,RNA,2020-06-25,1,1,0.0315052044712051
ITUB4,1.01,75,Random Forest,2020-06-25,1,1,0.0315052044712051
ITUB4,1.01,75,SVC,2020-06-25,1,1,0.0315052044712051
ITUB4,1.01,75,RNA,2020-06-26,1,1,0.052743593136606
ITUB4,1.01,75,Random Forest,2020-06-26,1,1,0.052743593136606
ITUB4,1.01,75,SVC,2020-06-26,1,1,0.052743593136606
ITUB4,1.01,75,RNA,2020-06-29,1,1,0.0398954633876609
ITUB4,1.01,75,Random Forest,2020-06-29,1,1,0.0398954633876609
ITUB4,1.01,75,SVC,2020-06-29,1,1,0.0398954633876609
ITUB4,1.01,75,RNA,2020-06-30,1,1,0.0878905710078512
ITUB4,1.01,75,Random Forest,2020-06-30,1,1,0.0878905710078512
ITUB4,1.01,75,SVC,2020-06-30,1,1,0.0878905710078512
ITUB4,1.01,75,RNA,2020-07-01,1,1,0.0509433793906513
ITUB4,1.01,75,Random Forest,2020-07-01,1,1,0.0509433793906513
ITUB4,1.01,75,SVC,2020-07-01,1,1,0.0509433793906513
ITUB4,1.01,75,RNA,2020-07-02,1,1,0.0553239855096487
ITUB4,1.01,75,Random Forest,2020-07-02,1,1,0.0553239855096487
ITUB4,1.01,75,SVC,2020-07-02,1,1,0.0553239855096487
ITUB4,1.01,75,RNA,2020-07-03,1,1,0.0269173717505821
ITUB4,1.01,75,Random Forest,2020-07-03,1,0,0.0269173717505821
ITUB4,1.01,75,SVC,2020-07-03,1,1,0.0269173717505821
ITUB4,1.01,75,RNA,2020-07-06,1,1,0.0102078163129992
ITUB4,1.01,75,Random Forest,2020-07-06,1,1,0.0102078163129992
ITUB4,1.01,75,SVC,2020-07-06,1,1,0.0102078163129992
ITUB4,1.01,75,RNA,2020-07-07,1,1,0.0337710737671925
ITUB4,1.01,75,Random Forest,2020-07-07,1,0,0.0337710737671925
ITUB4,1.01,75,SVC,2020-07-07,1,1,0.0337710737671925
ITUB4,1.01,75,RNA,2020-07-08,1,1,0.0196150745476848
ITUB4,1.01,75,Random Forest,2020-07-08,1,1,0.0196150745476848
ITUB4,1.01,75,SVC,2020-07-08,1,1,0.0196150745476848
ITUB4,1.01,75,RNA,2020-07-09,1,1,0.0315398893803837
ITUB4,1.01,75,Random Forest,2020-07-09,1,1,0.0315398893803837
ITUB4,1.01,75,SVC,2020-07-09,1,1,0.0315398893803837
ITUB4,1.01,75,RNA,2020-07-10,1,1,0.0127504739779884
ITUB4,1.01,75,Random Forest,2020-07-10,1,1,0.0127504739779884
ITUB4,1.01,75,SVC,2020-07-10,1,1,0.0127504739779884
ITUB4,1.01,75,RNA,2020-07-13,1,1,0.0392523296035429
ITUB4,1.01,75,Random Forest,2020-07-13,1,1,0.0392523296035429
ITUB4,1.01,75,SVC,2020-07-13,1,1,0.0392523296035429
ITUB4,1.01,75,RNA,2020-07-14,0,1,-0.0087146005574519
ITUB4,1.01,75,Random Forest,2020-07-14,0,1,-0.0087146005574519
ITUB4,1.01,75,SVC,2020-07-14,0,1,-0.0087146005574519
ITUB4,1.01,75,RNA,2020-07-15,1,1,0.0320206492912065
ITUB4,1.01,75,Random Forest,2020-07-15,1,1,0.0320206492912065
ITUB4,1.01,75,SVC,2020-07-15,1,1,0.0320206492912065
ITUB4,1.01,75,RNA,2020-07-16,1,1,0.0343047079898222
ITUB4,1.01,75,Random Forest,2020-07-16,1,0,0.0343047079898222
ITUB4,1.01,75,SVC,2020-07-16,1,1,0.0343047079898222
ITUB4,1.01,75,RNA,2020-07-17,1,1,0.0289908412231794
ITUB4,1.01,75,Random Forest,2020-07-17,1,1,0.0289908412231794
ITUB4,1.01,75,SVC,2020-07-17,1,1,0.0289908412231794
ITUB4,1.01,75,RNA,2020-07-20,1,1,0.0159420256153361
ITUB4,1.01,75,Random Forest,2020-07-20,1,1,0.0159420256153361
ITUB4,1.01,75,SVC,2020-07-20,1,1,0.0159420256153361
ITUB4,1.01,75,RNA,2020-07-21,0,1,-0.0017953001258705
ITUB4,1.01,75,Random Forest,2020-07-21,0,1,-0.0017953001258705
ITUB4,1.01,75,SVC,2020-07-21,0,1,-0.0017953001258705
ITUB4,1.01,75,RNA,2020-07-22,1,1,0.0428043728953482
ITUB4,1.01,75,Random Forest,2020-07-22,1,1,0.0428043728953482
ITUB4,1.01,75,SVC,2020-07-22,1,1,0.0428043728953482
ITUB4,1.01,75,RNA,2020-07-23,1,1,0.0812144174818889
ITUB4,1.01,75,Random Forest,2020-07-23,1,1,0.0812144174818889
ITUB4,1.01,75,SVC,2020-07-23,1,1,0.0812144174818889
ITUB4,1.01,75,RNA,2020-07-24,1,1,0.0698460864603234
ITUB4,1.01,75,Random Forest,2020-07-24,1,1,0.0698460864603234
ITUB4,1.01,75,SVC,2020-07-24,1,1,0.0698460864603234
ITUB4,1.01,75,RNA,2020-07-27,1,1,0.0277778183979766
ITUB4,1.01,75,Random Forest,2020-07-27,1,1,0.0277778183979766
ITUB4,1.01,75,SVC,2020-07-27,1,1,0.0277778183979766
ITUB4,1.01,75,RNA,2020-07-28,1,1,0.0120781527957367
ITUB4,1.01,75,Random Forest,2020-07-28,1,1,0.0120781527957367
ITUB4,1.01,75,SVC,2020-07-28,1,1,0.0120781527957367
ITUB4,1.01,75,RNA,2020-07-29,1,1,0.0129170904539339
ITUB4,1.01,75,Random Forest,2020-07-29,1,1,0.0129170904539339
ITUB4,1.01,75,SVC,2020-07-29,1,1,0.0129170904539339
ITUB4,1.01,75,RNA,2020-07-30,0,1,-0.0807325903076521
ITUB4,1.01,75,Random Forest,2020-07-30,0,1,-0.0807325903076521
ITUB4,1.01,75,SVC,2020-07-30,0,1,-0.0807325903076521
ITUB4,1.01,75,RNA,2020-07-31,1,1,0.0225091816275135
ITUB4,1.01,75,Random Forest,2020-07-31,1,1,0.0225091816275135
ITUB4,1.01,75,SVC,2020-07-31,1,1,0.0225091816275135
ITUB4,1.01,75,RNA,2020-08-03,1,1,0.0167618724249269
ITUB4,1.01,75,Random Forest,2020-08-03,1,1,0.0167618724249269
ITUB4,1.01,75,SVC,2020-08-03,1,1,0.0167618724249269
ITUB4,1.01,75,RNA,2020-08-04,1,1,0.0114722531177198
ITUB4,1.01,75,Random Forest,2020-08-04,1,1,0.0114722531177198
ITUB4,1.01,75,SVC,2020-08-04,1,1,0.0114722531177198
ITUB4,1.01,75,RNA,2020-08-05,1,1,0.0291828894726329
ITUB4,1.01,75,Random Forest,2020-08-05,1,1,0.0291828894726329
ITUB4,1.01,75,SVC,2020-08-05,1,1,0.0291828894726329
ITUB4,1.01,75,RNA,2020-08-06,1,1,0.0319937620696397
ITUB4,1.01,75,Random Forest,2020-08-06,1,1,0.0319937620696397
ITUB4,1.01,75,SVC,2020-08-06,1,1,0.0319937620696397
ITUB4,1.01,75,RNA,2020-08-07,1,1,0.0301724220613508
ITUB4,1.01,75,Random Forest,2020-08-07,1,1,0.0301724220613508
ITUB4,1.01,75,SVC,2020-08-07,1,1,0.0301724220613508
ITUB4,1.01,75,RNA,2020-08-10,0,1,-0.0532159525713544
ITUB4,1.01,75,Random Forest,2020-08-10,0,1,-0.0532159525713544
ITUB4,1.01,75,SVC,2020-08-10,0,1,-0.0532159525713544
ITUB4,1.01,75,RNA,2020-08-11,0,1,-0.0603347770534901
ITUB4,1.01,75,Random Forest,2020-08-11,0,1,-0.0603347770534901
ITUB4,1.01,75,SVC,2020-08-11,0,1,-0.0603347770534901
ITUB4,1.01,75,RNA,2020-08-12,0,1,-0.0458277134218768
ITUB4,1.01,75,Random Forest,2020-08-12,0,1,-0.0458277134218768
ITUB4,1.01,75,SVC,2020-08-12,0,1,-0.0458277134218768
ITUB4,1.01,75,RNA,2020-08-13,1,1,0.0260480446429944
ITUB4,1.01,75,Random Forest,2020-08-13,1,0,0.0260480446429944
ITUB4,1.01,75,SVC,2020-08-13,1,1,0.0260480446429944
ITUB4,1.01,75,RNA,2020-08-14,0,1,-0.0221293053693227
ITUB4,1.01,75,Random Forest,2020-08-14,0,0,-0.0221293053693227
ITUB4,1.01,75,SVC,2020-08-14,0,1,-0.0221293053693227
ITUB4,1.01,75,RNA,2020-08-17,0,1,-0.0219333838774211
ITUB4,1.01,75,Random Forest,2020-08-17,0,0,-0.0219333838774211
ITUB4,1.01,75,SVC,2020-08-17,0,1,-0.0219333838774211
ITUB4,1.01,75,RNA,2020-08-18,1,1,0.0209703957335603
ITUB4,1.01,75,Random Forest,2020-08-18,1,0,0.0209703957335603
ITUB4,1.01,75,SVC,2020-08-18,1,1,0.0209703957335603
ITUB4,1.01,75,RNA,2020-08-19,1,1,0.0476793111604112
ITUB4,1.01,75,Random Forest,2020-08-19,1,1,0.0476793111604112
ITUB4,1.01,75,SVC,2020-08-19,1,1,0.0476793111604112
ITUB4,1.01,75,RNA,2020-08-20,1,1,0.038477640629406
ITUB4,1.01,75,Random Forest,2020-08-20,1,1,0.038477640629406
ITUB4,1.01,75,SVC,2020-08-20,1,1,0.038477640629406
ITUB4,1.01,75,RNA,2020-08-21,1,1,0.0239175171518604
ITUB4,1.01,75,Random Forest,2020-08-21,1,1,0.0239175171518604
ITUB4,1.01,75,SVC,2020-08-21,1,1,0.0239175171518604
ITUB4,1.01,75,RNA,2020-08-24,0,1,-0.0085227676662281
ITUB4,1.01,75,Random Forest,2020-08-24,0,1,-0.0085227676662281
ITUB4,1.01,75,SVC,2020-08-24,0,1,-0.0085227676662281
ITUB4,1.01,75,RNA,2020-08-25,1,1,0.0106995536203511
ITUB4,1.01,75,Random Forest,2020-08-25,1,1,0.0106995536203511
ITUB4,1.01,75,SVC,2020-08-25,1,1,0.0106995536203511
ITUB4,1.01,75,RNA,2020-08-26,1,1,0.0280451867478208
ITUB4,1.01,75,Random Forest,2020-08-26,1,1,0.0280451867478208
ITUB4,1.01,75,SVC,2020-08-26,1,1,0.0280451867478208
ITUB4,1.01,75,RNA,2020-08-27,1,1,0.0106995536203511
ITUB4,1.01,75,Random Forest,2020-08-27,1,1,0.0106995536203511
ITUB4,1.01,75,SVC,2020-08-27,1,1,0.0106995536203511
ITUB4,1.01,75,RNA,2020-08-28,1,1,0.0556993363520099
ITUB4,1.01,75,Random Forest,2020-08-28,1,1,0.0556993363520099
ITUB4,1.01,75,SVC,2020-08-28,1,1,0.0556993363520099
ITUB4,1.01,75,RNA,2020-08-31,1,1,0.0682865540187092
ITUB4,1.01,75,Random Forest,2020-08-31,1,1,0.0682865540187092
ITUB4,1.01,75,SVC,2020-08-31,1,1,0.0682865540187092
ITUB4,1.01,75,RNA,2020-09-01,1,1,0.0472278966949555
ITUB4,1.01,75,Random Forest,2020-09-01,1,1,0.0472278966949555
ITUB4,1.01,75,SVC,2020-09-01,1,1,0.0472278966949555
ITUB4,1.01,75,RNA,2020-09-02,1,1,0.0537189746357746
ITUB4,1.01,75,Random Forest,2020-09-02,1,1,0.0537189746357746
ITUB4,1.01,75,SVC,2020-09-02,1,1,0.0537189746357746
ITUB4,1.01,75,RNA,2020-09-03,0,1,-0.049682071299363
ITUB4,1.01,75,Random Forest,2020-09-03,0,1,-0.049682071299363
ITUB4,1.01,75,SVC,2020-09-03,0,1,-0.049682071299363
ITUB4,1.01,75,RNA,2020-09-04,1,1,0.0101791466760754
ITUB4,1.01,75,Random Forest,2020-09-04,1,1,0.0101791466760754
ITUB4,1.01,75,SVC,2020-09-04,1,1,0.0101791466760754
ITUB4,1.01,75,RNA,2020-09-08,0,1,-0.0223577098086357
ITUB4,1.01,75,Random Forest,2020-09-08,0,1,-0.0223577098086357
ITUB4,1.01,75,SVC,2020-09-08,0,1,-0.0223577098086357
ITUB4,1.01,75,RNA,2020-09-09,1,1,0.0106557448863138
ITUB4,1.01,75,Random Forest,2020-09-09,1,1,0.0106557448863138
ITUB4,1.01,75,SVC,2020-09-09,1,1,0.0106557448863138
ITUB4,1.01,75,RNA,2020-09-10,1,1,0.0116909874562709
ITUB4,1.01,75,Random Forest,2020-09-10,1,1,0.0116909874562709
ITUB4,1.01,75,SVC,2020-09-10,1,1,0.0116909874562709
ITUB4,1.01,75,RNA,2020-09-11,1,1,0.0184951403690551
ITUB4,1.01,75,Random Forest,2020-09-11,1,1,0.0184951403690551
ITUB4,1.01,75,SVC,2020-09-11,1,1,0.0184951403690551
ITUB4,1.01,75,RNA,2020-09-14,0,1,-0.0442697578550813
ITUB4,1.01,75,Random Forest,2020-09-14,0,1,-0.0442697578550813
ITUB4,1.01,75,SVC,2020-09-14,0,1,-0.0442697578550813
ITUB4,1.01,75,RNA,2020-09-15,1,1,0.0193602722823218
ITUB4,1.01,75,Random Forest,2020-09-15,1,1,0.0193602722823218
ITUB4,1.01,75,SVC,2020-09-15,1,1,0.0193602722823218
ITUB4,1.01,75,RNA,2020-09-16,1,1,0.0140425154873733
ITUB4,1.01,75,Random Forest,2020-09-16,1,1,0.0140425154873733
ITUB4,1.01,75,SVC,2020-09-16,1,1,0.0140425154873733
ITUB4,1.01,75,RNA,2020-09-17,0,1,-0.0434042559897153
ITUB4,1.01,75,Random Forest,2020-09-17,0,1,-0.0434042559897153
ITUB4,1.01,75,SVC,2020-09-17,0,1,-0.0434042559897153
ITUB4,1.01,75,RNA,2020-09-18,1,1,0.0259341097752121
ITUB4,1.01,75,Random Forest,2020-09-18,1,1,0.0259341097752121
ITUB4,1.01,75,SVC,2020-09-18,1,1,0.0259341097752121
ITUB4,1.01,75,RNA,2020-09-21,1,1,0.0214442476082039
ITUB4,1.01,75,Random Forest,2020-09-21,1,1,0.0214442476082039
ITUB4,1.01,75,SVC,2020-09-21,1,1,0.0214442476082039
ITUB4,1.01,75,RNA,2020-09-22,1,1,0.0427574347903934
ITUB4,1.01,75,Random Forest,2020-09-22,1,0,0.0427574347903934
ITUB4,1.01,75,SVC,2020-09-22,1,1,0.0427574347903934
ITUB4,1.01,75,RNA,2020-09-23,1,1,0.0622222597945596
ITUB4,1.01,75,Random Forest,2020-09-23,1,1,0.0622222597945596
ITUB4,1.01,75,SVC,2020-09-23,1,1,0.0622222597945596
ITUB4,1.01,75,RNA,2020-09-24,1,1,0.0477860888660908
ITUB4,1.01,75,Random Forest,2020-09-24,1,1,0.0477860888660908
ITUB4,1.01,75,SVC,2020-09-24,1,1,0.0477860888660908
ITUB4,1.01,75,RNA,2020-09-25,1,1,0.0279570454537556
ITUB4,1.01,75,Random Forest,2020-09-25,1,1,0.0279570454537556
ITUB4,1.01,75,SVC,2020-09-25,1,1,0.0279570454537556
ITUB4,1.01,75,RNA,2020-09-28,1,1,0.0190203345378421
ITUB4,1.01,75,Random Forest,2020-09-28,1,1,0.0190203345378421
ITUB4,1.01,75,SVC,2020-09-28,1,1,0.0190203345378421
ITUB4,1.01,75,RNA,2020-09-29,1,1,0.0334616661951561
ITUB4,1.01,75,Random Forest,2020-09-29,1,1,0.0334616661951561
ITUB4,1.01,75,SVC,2020-09-29,1,1,0.0334616661951561
ITUB4,1.01,75,RNA,2020-09-30,1,1,0.0368070339132116
ITUB4,1.01,75,Random Forest,2020-09-30,1,1,0.0368070339132116
ITUB4,1.01,75,SVC,2020-09-30,1,1,0.0368070339132116
ITUB4,1.01,75,RNA,2020-10-01,1,1,0.0456171422342353
ITUB4,1.01,75,Random Forest,2020-10-01,1,1,0.0456171422342353
ITUB4,1.01,75,SVC,2020-10-01,1,1,0.0456171422342353
ITUB4,1.01,75,RNA,2020-10-02,1,1,0.0686619753504143
ITUB4,1.01,75,Random Forest,2020-10-02,1,1,0.0686619753504143
ITUB4,1.01,75,SVC,2020-10-02,1,1,0.0686619753504143
ITUB4,1.01,75,RNA,2020-10-05,1,1,0.0658293744983689
ITUB4,1.01,75,Random Forest,2020-10-05,1,1,0.0658293744983689
ITUB4,1.01,75,SVC,2020-10-05,1,1,0.0658293744983689
ITUB4,1.01,75,RNA,2020-10-06,1,1,0.073266450767367
ITUB4,1.01,75,Random Forest,2020-10-06,1,1,0.073266450767367
ITUB4,1.01,75,SVC,2020-10-06,1,1,0.073266450767367
ITUB4,1.01,75,RNA,2020-10-07,1,1,0.0831865955059465
ITUB4,1.01,75,Random Forest,2020-10-07,1,1,0.0831865955059465
ITUB4,1.01,75,SVC,2020-10-07,1,1,0.0831865955059465
ITUB4,1.01,75,RNA,2020-10-08,1,1,0.0297071430969475
ITUB4,1.01,75,Random Forest,2020-10-08,1,1,0.0297071430969475
ITUB4,1.01,75,SVC,2020-10-08,1,1,0.0297071430969475
ITUB4,1.01,75,RNA,2020-10-09,0,1,-0.0362802404900939
ITUB4,1.01,75,Random Forest,2020-10-09,0,1,-0.0362802404900939
ITUB4,1.01,75,SVC,2020-10-09,0,1,-0.0362802404900939
ITUB4,1.01,75,RNA,2020-10-13,0,0,-0.0221850319809396
ITUB4,1.01,75,Random Forest,2020-10-13,0,1,-0.0221850319809396
ITUB4,1.01,75,SVC,2020-10-13,0,1,-0.0221850319809396
ITUB4,1.01,75,RNA,2020-10-14,1,1,0.0400681808990803
ITUB4,1.01,75,Random Forest,2020-10-14,1,1,0.0400681808990803
ITUB4,1.01,75,SVC,2020-10-14,1,1,0.0400681808990803
ITUB4,1.01,75,RNA,2020-10-15,1,1,0.0653566390432678
ITUB4,1.01,75,Random Forest,2020-10-15,1,1,0.0653566390432678
ITUB4,1.01,75,SVC,2020-10-15,1,1,0.0653566390432678
ITUB4,1.01,75,RNA,2020-10-16,1,1,0.11483876634427
ITUB4,1.01,75,Random Forest,2020-10-16,1,1,0.11483876634427
ITUB4,1.01,75,SVC,2020-10-16,1,1,0.11483876634427
ITUB4,1.01,75,RNA,2020-10-19,1,1,0.118197300318922
ITUB4,1.01,75,Random Forest,2020-10-19,1,1,0.118197300318922
ITUB4,1.01,75,SVC,2020-10-19,1,1,0.118197300318922
ITUB4,1.01,75,RNA,2020-10-20,1,1,0.0840890475106483
ITUB4,1.01,75,Random Forest,2020-10-20,1,1,0.0840890475106483
ITUB4,1.01,75,SVC,2020-10-20,1,1,0.0840890475106483
ITUB4,1.01,75,RNA,2020-10-21,1,1,0.0704110699652349
ITUB4,1.01,75,Random Forest,2020-10-21,1,0,0.0704110699652349
ITUB4,1.01,75,SVC,2020-10-21,1,1,0.0704110699652349
ITUB4,1.01,75,RNA,2020-10-22,1,1,0.0154440317436874
ITUB4,1.01,75,Random Forest,2020-10-22,1,1,0.0154440317436874
ITUB4,1.01,75,SVC,2020-10-22,1,1,0.0154440317436874
ITUB4,1.01,75,RNA,2020-10-23,1,1,0.0343873595312316
ITUB4,1.01,75,Random Forest,2020-10-23,1,1,0.0343873595312316
ITUB4,1.01,75,SVC,2020-10-23,1,1,0.0343873595312316
ITUB4,1.01,75,RNA,2020-10-26,0,1,-0.1003831759877499
ITUB4,1.01,75,Random Forest,2020-10-26,0,1,-0.1003831759877499
ITUB4,1.01,75,SVC,2020-10-26,0,1,-0.1003831759877499
ITUB4,1.01,75,RNA,2020-10-27,0,1,-0.0080259077651153
ITUB4,1.01,75,Random Forest,2020-10-27,0,1,-0.0080259077651153
ITUB4,1.01,75,SVC,2020-10-27,0,1,-0.0080259077651153
ITUB4,1.01,75,RNA,2020-10-28,1,1,0.0923010194563827
ITUB4,1.01,75,Random Forest,2020-10-28,1,1,0.0923010194563827
ITUB4,1.01,75,SVC,2020-10-28,1,1,0.0923010194563827
ITUB4,1.01,75,RNA,2020-10-29,1,1,0.09753006142946
ITUB4,1.01,75,Random Forest,2020-10-29,1,1,0.09753006142946
ITUB4,1.01,75,SVC,2020-10-29,1,1,0.09753006142946
ITUB4,1.01,75,RNA,2020-10-30,1,1,0.0853556306420686
ITUB4,1.01,75,Random Forest,2020-10-30,1,1,0.0853556306420686
ITUB4,1.01,75,SVC,2020-10-30,1,1,0.0853556306420686
ITUB4,1.01,75,RNA,2020-11-03,1,1,0.098823556402056
ITUB4,1.01,75,Random Forest,2020-11-03,1,1,0.098823556402056
ITUB4,1.01,75,SVC,2020-11-03,1,1,0.098823556402056
ITUB4,1.01,75,RNA,2020-11-04,1,1,0.1426891105399597
ITUB4,1.01,75,Random Forest,2020-11-04,1,1,0.1426891105399597
ITUB4,1.01,75,SVC,2020-11-04,1,1,0.1426891105399597
ITUB4,1.01,75,RNA,2020-11-05,1,1,0.1499013403847908
ITUB4,1.01,75,Random Forest,2020-11-05,1,1,0.1499013403847908
ITUB4,1.01,75,SVC,2020-11-05,1,1,0.1499013403847908
ITUB4,1.01,75,RNA,2020-11-06,1,1,0.0901271280955002
ITUB4,1.01,75,Random Forest,2020-11-06,1,1,0.0901271280955002
ITUB4,1.01,75,SVC,2020-11-06,1,1,0.0901271280955002
ITUB4,1.01,75,RNA,2020-11-09,1,1,0.0542495176861386
ITUB4,1.01,75,Random Forest,2020-11-09,1,1,0.0542495176861386
ITUB4,1.01,75,SVC,2020-11-09,1,1,0.0542495176861386
ITUB4,1.01,75,RNA,2020-11-10,1,1,0.0288595095407218
ITUB4,1.01,75,Random Forest,2020-11-10,1,1,0.0288595095407218
ITUB4,1.01,75,SVC,2020-11-10,1,1,0.0288595095407218
ITUB4,1.01,75,RNA,2020-11-11,1,1,0.0418719310893587
ITUB4,1.01,75,Random Forest,2020-11-11,1,1,0.0418719310893587
ITUB4,1.01,75,SVC,2020-11-11,1,1,0.0418719310893587
ITUB4,1.01,75,RNA,2020-11-12,1,1,0.0511182678695223
ITUB4,1.01,75,Random Forest,2020-11-12,1,1,0.0511182678695223
ITUB4,1.01,75,SVC,2020-11-12,1,1,0.0511182678695223
ITUB4,1.01,75,RNA,2020-11-13,1,1,0.0203308279387699
ITUB4,1.01,75,Random Forest,2020-11-13,1,1,0.0203308279387699
ITUB4,1.01,75,SVC,2020-11-13,1,1,0.0203308279387699
ITUB4,1.01,75,RNA,2020-11-16,0,1,-0.027919660922846
ITUB4,1.01,75,Random Forest,2020-11-16,0,1,-0.027919660922846
ITUB4,1.01,75,SVC,2020-11-16,0,1,-0.027919660922846
ITUB4,1.01,75,RNA,2020-11-17,0,1,-0.0180088230517778
ITUB4,1.01,75,Random Forest,2020-11-17,0,1,-0.0180088230517778
ITUB4,1.01,75,SVC,2020-11-17,0,1,-0.0180088230517778
ITUB4,1.01,75,RNA,2020-11-18,1,1,0.0442906605390951
ITUB4,1.01,75,Random Forest,2020-11-18,1,0,0.0442906605390951
ITUB4,1.01,75,SVC,2020-11-18,1,1,0.0442906605390951
ITUB4,1.01,75,RNA,2020-11-19,1,1,0.0508356418377982
ITUB4,1.01,75,Random Forest,2020-11-19,1,1,0.0508356418377982
ITUB4,1.01,75,SVC,2020-11-19,1,1,0.0508356418377982
ITUB4,1.01,75,RNA,2020-11-20,1,1,0.0461005322107046
ITUB4,1.01,75,Random Forest,2020-11-20,1,1,0.0461005322107046
ITUB4,1.01,75,SVC,2020-11-20,1,1,0.0461005322107046
ITUB4,1.01,75,RNA,2020-11-23,1,1,0.0371134289809937
ITUB4,1.01,75,Random Forest,2020-11-23,1,1,0.0371134289809937
ITUB4,1.01,75,SVC,2020-11-23,1,1,0.0371134289809937
ITUB4,1.01,75,RNA,2020-11-24,0,1,-0.03578660750852
ITUB4,1.01,75,Random Forest,2020-11-24,0,1,-0.03578660750852
ITUB4,1.01,75,SVC,2020-11-24,0,1,-0.03578660750852
ITUB4,1.01,75,RNA,2020-11-25,1,1,0.0408332238538822
ITUB4,1.01,75,Random Forest,2020-11-25,1,1,0.0408332238538822
ITUB4,1.01,75,SVC,2020-11-25,1,1,0.0408332238538822
ITUB4,1.01,75,RNA,2020-11-26,1,1,0.0494321492152238
ITUB4,1.01,75,Random Forest,2020-11-26,1,1,0.0494321492152238
ITUB4,1.01,75,SVC,2020-11-26,1,1,0.0494321492152238
ITUB4,1.01,75,RNA,2020-11-27,1,1,0.0664901952398673
ITUB4,1.01,75,Random Forest,2020-11-27,1,1,0.0664901952398673
ITUB4,1.01,75,SVC,2020-11-27,1,1,0.0664901952398673
ITUB4,1.01,75,RNA,2020-11-30,1,1,0.062994829341191
ITUB4,1.01,75,Random Forest,2020-11-30,1,1,0.062994829341191
ITUB4,1.01,75,SVC,2020-11-30,1,1,0.062994829341191
ITUB4,1.01,75,RNA,2020-12-01,1,1,0.038101594443231
ITUB4,1.01,75,Random Forest,2020-12-01,1,1,0.038101594443231
ITUB4,1.01,75,SVC,2020-12-01,1,1,0.038101594443231
ITUB4,1.01,75,RNA,2020-12-02,1,1,0.0328467293667715
ITUB4,1.01,75,Random Forest,2020-12-02,1,1,0.0328467293667715
ITUB4,1.01,75,SVC,2020-12-02,1,1,0.0328467293667715
ITUB4,1.01,75,RNA,2020-12-03,1,1,0.0301124968107175
ITUB4,1.01,75,Random Forest,2020-12-03,1,1,0.0301124968107175
ITUB4,1.01,75,SVC,2020-12-03,1,1,0.0301124968107175
ITUB4,1.01,75,RNA,2020-12-04,1,1,0.0485950358689428
ITUB4,1.01,75,Random Forest,2020-12-04,1,1,0.0485950358689428
ITUB4,1.01,75,SVC,2020-12-04,1,1,0.0485950358689428
ITUB4,1.01,75,RNA,2020-12-07,1,1,0.0420499401720753
ITUB4,1.01,75,Random Forest,2020-12-07,1,1,0.0420499401720753
ITUB4,1.01,75,SVC,2020-12-07,1,1,0.0420499401720753
ITUB4,1.01,75,RNA,2020-12-08,1,1,0.043764374806493
ITUB4,1.01,75,Random Forest,2020-12-08,1,1,0.043764374806493
ITUB4,1.01,75,SVC,2020-12-08,1,1,0.043764374806493
ITUB4,1.01,75,RNA,2020-12-09,1,1,0.0312093812058198
ITUB4,1.01,75,Random Forest,2020-12-09,1,1,0.0312093812058198
ITUB4,1.01,75,SVC,2020-12-09,1,1,0.0312093812058198
ITUB4,1.01,75,RNA,2020-12-10,1,1,0.0324029464129325
ITUB4,1.01,75,Random Forest,2020-12-10,1,1,0.0324029464129325
ITUB4,1.01,75,SVC,2020-12-10,1,1,0.0324029464129325
ITUB4,1.01,75,RNA,2020-12-11,1,1,0.0225611366906675
ITUB4,1.01,75,Random Forest,2020-12-11,1,1,0.0225611366906675
ITUB4,1.01,75,SVC,2020-12-11,1,1,0.0225611366906675
ITUB4,1.01,75,RNA,2020-12-14,1,1,0.0390700816184832
ITUB4,1.01,75,Random Forest,2020-12-14,1,1,0.0390700816184832
ITUB4,1.01,75,SVC,2020-12-14,1,1,0.0390700816184832
ITUB4,1.01,75,RNA,2020-12-15,1,1,0.0300895949027364
ITUB4,1.01,75,Random Forest,2020-12-15,1,1,0.0300895949027364
ITUB4,1.01,75,SVC,2020-12-15,1,1,0.0300895949027364
ITUB4,1.01,75,RNA,2020-12-16,0,1,-0.0200689812405855
ITUB4,1.01,75,Random Forest,2020-12-16,0,1,-0.0200689812405855
ITUB4,1.01,75,SVC,2020-12-16,0,1,-0.0200689812405855
ITUB4,1.01,75,RNA,2020-12-17,1,1,0.0126103233473171
ITUB4,1.01,75,Random Forest,2020-12-17,1,1,0.0126103233473171
ITUB4,1.01,75,SVC,2020-12-17,1,1,0.0126103233473171
ITUB4,1.01,75,RNA,2020-12-18,1,1,0.0444444396441925
ITUB4,1.01,75,Random Forest,2020-12-18,1,1,0.0444444396441925
ITUB4,1.01,75,SVC,2020-12-18,1,1,0.0444444396441925
ITUB4,1.01,75,RNA,2020-12-21,1,1,0.0404235016713008
ITUB4,1.01,75,Random Forest,2020-12-21,1,1,0.0404235016713008
ITUB4,1.01,75,SVC,2020-12-21,1,1,0.0404235016713008
ITUB4,1.01,75,RNA,2020-12-22,1,1,0.0354406164626421
ITUB4,1.01,75,Random Forest,2020-12-22,1,1,0.0354406164626421
ITUB4,1.01,75,SVC,2020-12-22,1,1,0.0354406164626421
ITUB4,1.01,75,RNA,2020-12-23,0,1,-0.0405135301232991
ITUB4,1.01,75,Random Forest,2020-12-23,0,1,-0.0405135301232991
ITUB4,1.01,75,SVC,2020-12-23,0,1,-0.0405135301232991
ITUB4,1.01,75,RNA,2020-12-28,0,1,-0.0482008225666257
ITUB4,1.01,75,Random Forest,2020-12-28,0,1,-0.0482008225666257
ITUB4,1.01,75,SVC,2020-12-28,0,1,-0.0482008225666257
ITUB4,1.01,75,RNA,2020-12-29,0,1,-0.0197216823578263
ITUB4,1.01,75,Random Forest,2020-12-29,0,1,-0.0197216823578263
ITUB4,1.01,75,SVC,2020-12-29,0,1,-0.0197216823578263
ITUB4,1.01,75,RNA,2020-12-30,1,1,0.0337711057619314
ITUB4,1.01,75,Random Forest,2020-12-30,1,1,0.0337711057619314
ITUB4,1.01,75,SVC,2020-12-30,1,1,0.0337711057619314
ITUB4,1.01,75,RNA,2021-01-04,1,1,0.0881874005782368
ITUB4,1.01,75,Random Forest,2021-01-04,1,1,0.0881874005782368
ITUB4,1.01,75,SVC,2021-01-04,1,1,0.0881874005782368
ITUB4,1.01,75,RNA,2021-01-05,1,1,0.0794060470569981
ITUB4,1.01,75,Random Forest,2021-01-05,1,1,0.0794060470569981
ITUB4,1.01,75,SVC,2021-01-05,1,1,0.0794060470569981
ITUB4,1.01,75,RNA,2021-01-06,1,1,0.0565560590595639
ITUB4,1.01,75,Random Forest,2021-01-06,1,1,0.0565560590595639
ITUB4,1.01,75,SVC,2021-01-06,1,1,0.0565560590595639
ITUB4,1.01,75,RNA,2021-01-07,1,1,0.015487388545561
ITUB4,1.01,75,Random Forest,2021-01-07,1,1,0.015487388545561
ITUB4,1.01,75,SVC,2021-01-07,1,1,0.015487388545561
ITUB4,1.01,75,RNA,2021-01-08,1,1,0.0144749137059647
ITUB4,1.01,75,Random Forest,2021-01-08,1,0,0.0144749137059647
ITUB4,1.01,75,SVC,2021-01-08,1,1,0.0144749137059647
ITUB4,1.01,75,RNA,2021-01-11,1,1,0.023617181899169
ITUB4,1.01,75,Random Forest,2021-01-11,1,1,0.023617181899169
ITUB4,1.01,75,SVC,2021-01-11,1,1,0.023617181899169
ITUB4,1.01,75,RNA,2021-01-12,1,1,0.023617181899169
ITUB4,1.01,75,Random Forest,2021-01-12,1,1,0.023617181899169
ITUB4,1.01,75,SVC,2021-01-12,1,1,0.023617181899169
ITUB4,1.01,75,RNA,2021-01-13,1,1,0.0287320828497581
ITUB4,1.01,75,Random Forest,2021-01-13,1,1,0.0287320828497581
ITUB4,1.01,75,SVC,2021-01-13,1,1,0.0287320828497581
ITUB4,1.01,75,RNA,2021-01-14,1,1,0.0106084357419229
ITUB4,1.01,75,Random Forest,2021-01-14,1,1,0.0106084357419229
ITUB4,1.01,75,SVC,2021-01-14,1,1,0.0106084357419229
ITUB4,1.01,75,RNA,2021-01-15,0,1,-0.0552747969843345
ITUB4,1.01,75,Random Forest,2021-01-15,0,1,-0.0552747969843345
ITUB4,1.01,75,SVC,2021-01-15,0,1,-0.0552747969843345
ITUB4,1.01,75,RNA,2021-01-18,0,1,-0.0704985864229434
ITUB4,1.01,75,Random Forest,2021-01-18,0,1,-0.0704985864229434
ITUB4,1.01,75,SVC,2021-01-18,0,1,-0.0704985864229434
ITUB4,1.01,75,RNA,2021-01-19,0,1,-0.0886150239810069
ITUB4,1.01,75,Random Forest,2021-01-19,0,1,-0.0886150239810069
ITUB4,1.01,75,SVC,2021-01-19,0,1,-0.0886150239810069
ITUB4,1.01,75,RNA,2021-01-20,0,1,-0.0673328039288109
ITUB4,1.01,75,Random Forest,2021-01-20,0,0,-0.0673328039288109
ITUB4,1.01,75,SVC,2021-01-20,0,1,-0.0673328039288109
ITUB4,1.01,75,RNA,2021-01-21,1,1,0.0222649824911711
ITUB4,1.01,75,Random Forest,2021-01-21,1,0,0.0222649824911711
ITUB4,1.01,75,SVC,2021-01-21,1,1,0.0222649824911711
ITUB4,1.01,75,RNA,2021-01-22,1,1,0.0296653672424476
ITUB4,1.01,75,Random Forest,2021-01-22,1,0,0.0296653672424476
ITUB4,1.01,75,SVC,2021-01-22,1,1,0.0296653672424476
ITUB4,1.01,75,RNA,2021-01-26,1,1,0.0540732807763564
ITUB4,1.01,75,Random Forest,2021-01-26,1,1,0.0540732807763564
ITUB4,1.01,75,SVC,2021-01-26,1,1,0.0540732807763564
ITUB4,1.01,75,RNA,2021-01-27,1,1,0.0473665207343632
ITUB4,1.01,75,Random Forest,2021-01-27,1,1,0.0473665207343632
ITUB4,1.01,75,SVC,2021-01-27,1,1,0.0473665207343632
ITUB4,1.01,75,RNA,2021-01-28,1,1,0.011293621093275
ITUB4,1.01,75,Random Forest,2021-01-28,1,1,0.011293621093275
ITUB4,1.01,75,SVC,2021-01-28,1,1,0.011293621093275
ITUB4,1.01,75,RNA,2021-01-29,1,1,0.0144827703521874
ITUB4,1.01,75,Random Forest,2021-01-29,1,1,0.0144827703521874
ITUB4,1.01,75,SVC,2021-01-29,1,1,0.0144827703521874
ITUB4,1.01,75,RNA,2021-02-01,0,1,-0.0343878997321204
ITUB4,1.01,75,Random Forest,2021-02-01,0,1,-0.0343878997321204
ITUB4,1.01,75,SVC,2021-02-01,0,1,-0.0343878997321204
ITUB4,1.01,75,RNA,2021-02-02,0,1,-0.0417246003802067
ITUB4,1.01,75,Random Forest,2021-02-02,0,1,-0.0417246003802067
ITUB4,1.01,75,SVC,2021-02-02,0,0,-0.0417246003802067
ITUB4,1.01,75,RNA,2021-02-03,0,1,-0.0224325147761027
ITUB4,1.01,75,Random Forest,2021-02-03,0,1,-0.0224325147761027
ITUB4,1.01,75,SVC,2021-02-03,0,1,-0.0224325147761027
ITUB4,1.01,75,RNA,2021-02-04,0,1,-0.0219003777680932
ITUB4,1.01,75,Random Forest,2021-02-04,0,0,-0.0219003777680932
ITUB4,1.01,75,SVC,2021-02-04,0,1,-0.0219003777680932
ITUB4,1.01,75,RNA,2021-02-05,1,0,0.0146428705164751
ITUB4,1.01,75,Random Forest,2021-02-05,1,0,0.0146428705164751
ITUB4,1.01,75,SVC,2021-02-05,1,1,0.0146428705164751
ITUB4,1.01,75,RNA,2021-02-08,1,1,0.0334667309687555
ITUB4,1.01,75,Random Forest,2021-02-08,1,0,0.0334667309687555
ITUB4,1.01,75,SVC,2021-02-08,1,1,0.0334667309687555
ITUB4,1.01,75,RNA,2021-02-09,1,1,0.0136200883551695
ITUB4,1.01,75,Random Forest,2021-02-09,1,0,0.0136200883551695
ITUB4,1.01,75,SVC,2021-02-09,1,1,0.0136200883551695
ITUB4,1.01,75,RNA,2021-02-10,1,1,0.0182207951895061
ITUB4,1.01,75,Random Forest,2021-02-10,1,1,0.0182207951895061
ITUB4,1.01,75,SVC,2021-02-10,1,1,0.0182207951895061
ITUB4,1.01,75,RNA,2021-02-11,1,1,0.0352342371766787
ITUB4,1.01,75,Random Forest,2021-02-11,1,1,0.0352342371766787
ITUB4,1.01,75,SVC,2021-02-11,1,1,0.0352342371766787
ITUB4,1.01,75,RNA,2021-02-12,1,1,0.0251798359921979
ITUB4,1.01,75,Random Forest,2021-02-12,1,1,0.0251798359921979
ITUB4,1.01,75,SVC,2021-02-12,1,1,0.0251798359921979
ITUB4,1.01,75,RNA,2021-02-17,1,0,0.0207736329190337
ITUB4,1.01,75,Random Forest,2021-02-17,1,1,0.0207736329190337
ITUB4,1.01,75,SVC,2021-02-17,1,1,0.0207736329190337
ITUB4,1.01,75,RNA,2021-02-18,1,1,0.0111151196529759
ITUB4,1.01,75,Random Forest,2021-02-18,1,1,0.0111151196529759
ITUB4,1.01,75,SVC,2021-02-18,1,1,0.0111151196529759
ITUB4,1.01,75,RNA,2021-02-19,1,1,0.0365348485360947
ITUB4,1.01,75,Random Forest,2021-02-19,1,1,0.0365348485360947
ITUB4,1.01,75,SVC,2021-02-19,1,1,0.0365348485360947
ITUB4,1.01,75,RNA,2021-02-22,1,1,0.0621382322411783
ITUB4,1.01,75,Random Forest,2021-02-22,1,1,0.0621382322411783
ITUB4,1.01,75,SVC,2021-02-22,1,1,0.0621382322411783
ITUB4,1.01,75,RNA,2021-02-23,0,1,-0.0913225913590477
ITUB4,1.01,75,Random Forest,2021-02-23,0,1,-0.0913225913590477
ITUB4,1.01,75,SVC,2021-02-23,0,1,-0.0913225913590477
ITUB4,1.01,75,RNA,2021-02-24,0,1,-0.0360118712557699
ITUB4,1.01,75,Random Forest,2021-02-24,0,1,-0.0360118712557699
ITUB4,1.01,75,SVC,2021-02-24,0,1,-0.0360118712557699
ITUB4,1.01,75,RNA,2021-02-25,0,1,-0.0135430252372836
ITUB4,1.01,75,Random Forest,2021-02-25,0,1,-0.0135430252372836
ITUB4,1.01,75,SVC,2021-02-25,0,1,-0.0135430252372836
ITUB4,1.01,75,RNA,2021-02-26,1,1,0.0463320223016965
ITUB4,1.01,75,Random Forest,2021-02-26,1,0,0.0463320223016965
ITUB4,1.01,75,SVC,2021-02-26,1,1,0.0463320223016965
ITUB4,1.01,75,RNA,2021-03-01,1,1,0.1434442933181736
ITUB4,1.01,75,Random Forest,2021-03-01,1,0,0.1434442933181736
ITUB4,1.01,75,SVC,2021-03-01,1,1,0.1434442933181736
ITUB4,1.01,75,RNA,2021-03-02,1,0,0.0857586160532484
ITUB4,1.01,75,Random Forest,2021-03-02,1,1,0.0857586160532484
ITUB4,1.01,75,SVC,2021-03-02,1,1,0.0857586160532484
ITUB4,1.01,75,RNA,2021-03-03,1,1,0.0753266620217889
ITUB4,1.01,75,Random Forest,2021-03-03,1,1,0.0753266620217889
ITUB4,1.01,75,SVC,2021-03-03,1,1,0.0753266620217889
ITUB4,1.01,75,RNA,2021-03-04,1,1,0.046763898205927
ITUB4,1.01,75,Random Forest,2021-03-04,1,1,0.046763898205927
ITUB4,1.01,75,SVC,2021-03-04,1,1,0.046763898205927
ITUB4,1.01,75,RNA,2021-03-05,1,1,0.0401486977823954
ITUB4,1.01,75,Random Forest,2021-03-05,1,1,0.0401486977823954
ITUB4,1.01,75,SVC,2021-03-05,1,1,0.0401486977823954
ITUB4,1.01,75,RNA,2021-03-08,1,1,0.0473328298302244
ITUB4,1.01,75,Random Forest,2021-03-08,1,0,0.0473328298302244
ITUB4,1.01,75,SVC,2021-03-08,1,1,0.0473328298302244
ITUB4,1.01,75,RNA,2021-03-09,1,1,0.0284028508776768
ITUB4,1.01,75,Random Forest,2021-03-09,1,1,0.0284028508776768
ITUB4,1.01,75,SVC,2021-03-09,1,1,0.0284028508776768
ITUB4,1.01,75,RNA,2021-03-10,1,1,0.0101449607834034
ITUB4,1.01,75,Random Forest,2021-03-10,1,1,0.0101449607834034
ITUB4,1.01,75,SVC,2021-03-10,1,1,0.0101449607834034
ITUB4,1.01,75,RNA,2021-03-11,1,1,0.0331491705943713
ITUB4,1.01,75,Random Forest,2021-03-11,1,1,0.0331491705943713
ITUB4,1.01,75,SVC,2021-03-11,1,1,0.0331491705943713
ITUB4,1.01,75,RNA,2021-03-12,1,1,0.0578269000833795
ITUB4,1.01,75,Random Forest,2021-03-12,1,1,0.0578269000833795
ITUB4,1.01,75,SVC,2021-03-12,1,1,0.0578269000833795
ITUB4,1.01,75,RNA,2021-03-15,1,1,0.0439840183544875
ITUB4,1.01,75,Random Forest,2021-03-15,1,1,0.0439840183544875
ITUB4,1.01,75,SVC,2021-03-15,1,1,0.0439840183544875
ITUB4,1.01,75,RNA,2021-03-16,1,1,0.0692479720168266
ITUB4,1.01,75,Random Forest,2021-03-16,1,1,0.0692479720168266
ITUB4,1.01,75,SVC,2021-03-16,1,1,0.0692479720168266
ITUB4,1.01,75,RNA,2021-03-17,1,1,0.0282849904767277
ITUB4,1.01,75,Random Forest,2021-03-17,1,1,0.0282849904767277
ITUB4,1.01,75,SVC,2021-03-17,1,1,0.0282849904767277
ITUB4,1.01,75,RNA,2021-03-18,1,1,0.0120396528883444
ITUB4,1.01,75,Random Forest,2021-03-18,1,1,0.0120396528883444
ITUB4,1.01,75,SVC,2021-03-18,1,1,0.0120396528883444
ITUB4,1.01,75,RNA,2021-03-19,1,1,0.0189352999389413
ITUB4,1.01,75,Random Forest,2021-03-19,1,1,0.0189352999389413
ITUB4,1.01,75,SVC,2021-03-19,1,1,0.0189352999389413
ITUB4,1.01,75,RNA,2021-03-22,1,1,0.0185714213644911
ITUB4,1.01,75,Random Forest,2021-03-22,1,1,0.0185714213644911
ITUB4,1.01,75,SVC,2021-03-22,1,1,0.0185714213644911
ITUB4,1.01,75,RNA,2021-03-23,1,1,0.0224944756312401
ITUB4,1.01,75,Random Forest,2021-03-23,1,1,0.0224944756312401
ITUB4,1.01,75,SVC,2021-03-23,1,1,0.0224944756312401
ITUB4,1.01,75,RNA,2021-03-24,1,1,0.0593470182772912
ITUB4,1.01,75,Random Forest,2021-03-24,1,1,0.0593470182772912
ITUB4,1.01,75,SVC,2021-03-24,1,1,0.0593470182772912
ITUB4,1.01,75,RNA,2021-03-25,1,1,0.0374272809220519
ITUB4,1.01,75,Random Forest,2021-03-25,1,1,0.0374272809220519
ITUB4,1.01,75,SVC,2021-03-25,1,1,0.0374272809220519
ITUB4,1.01,75,RNA,2021-03-26,1,1,0.0152915622105445
ITUB4,1.01,75,Random Forest,2021-03-26,1,1,0.0152915622105445
ITUB4,1.01,75,SVC,2021-03-26,1,1,0.0152915622105445
ITUB4,1.01,75,RNA,2021-03-29,1,0,0.0255028571265143
ITUB4,1.01,75,Random Forest,2021-03-29,1,1,0.0255028571265143
ITUB4,1.01,75,SVC,2021-03-29,1,1,0.0255028571265143
ITUB4,1.01,75,RNA,2021-03-30,0,1,-0.0411674591974341
ITUB4,1.01,75,Random Forest,2021-03-30,0,1,-0.0411674591974341
ITUB4,1.01,75,SVC,2021-03-30,0,1,-0.0411674591974341
ITUB4,1.01,75,RNA,2021-03-31,0,1,-0.0440810652683939
ITUB4,1.01,75,Random Forest,2021-03-31,0,1,-0.0440810652683939
ITUB4,1.01,75,SVC,2021-03-31,0,1,-0.0440810652683939
ITUB4,1.01,75,RNA,2021-04-01,0,1,-0.0248537609495226
ITUB4,1.01,75,Random Forest,2021-04-01,0,1,-0.0248537609495226
ITUB4,1.01,75,SVC,2021-04-01,0,1,-0.0248537609495226
ITUB4,1.01,75,RNA,2021-04-05,0,1,-0.0312726944325443
ITUB4,1.01,75,Random Forest,2021-04-05,0,1,-0.0312726944325443
ITUB4,1.01,75,SVC,2021-04-05,0,1,-0.0312726944325443
ITUB4,1.01,75,RNA,2021-04-06,1,1,0.0122131987245313
ITUB4,1.01,75,Random Forest,2021-04-06,1,1,0.0122131987245313
ITUB4,1.01,75,SVC,2021-04-06,1,1,0.0122131987245313
ITUB4,1.01,75,RNA,2021-04-07,1,1,0.0159200435265542
ITUB4,1.01,75,Random Forest,2021-04-07,1,1,0.0159200435265542
ITUB4,1.01,75,SVC,2021-04-07,1,1,0.0159200435265542
ITUB4,1.01,75,RNA,2021-04-08,1,1,0.0588013779655249
ITUB4,1.01,75,Random Forest,2021-04-08,1,1,0.0588013779655249
ITUB4,1.01,75,SVC,2021-04-08,1,1,0.0588013779655249
ITUB4,1.01,75,RNA,2021-04-09,1,1,0.048134370322842
ITUB4,1.01,75,Random Forest,2021-04-09,1,1,0.048134370322842
ITUB4,1.01,75,SVC,2021-04-09,1,1,0.048134370322842
ITUB4,1.01,75,RNA,2021-04-12,1,1,0.0342288938632082
ITUB4,1.01,75,Random Forest,2021-04-12,1,1,0.0342288938632082
ITUB4,1.01,75,SVC,2021-04-12,1,1,0.0342288938632082
ITUB4,1.01,75,RNA,2021-04-13,1,1,0.0270467861948544
ITUB4,1.01,75,Random Forest,2021-04-13,1,1,0.0270467861948544
ITUB4,1.01,75,SVC,2021-04-13,1,1,0.0270467861948544
ITUB4,1.01,75,RNA,2021-04-14,1,1,0.0159074178034333
ITUB4,1.01,75,Random Forest,2021-04-14,1,1,0.0159074178034333
ITUB4,1.01,75,SVC,2021-04-14,1,1,0.0159074178034333
ITUB4,1.01,75,RNA,2021-04-15,1,1,0.0221898468426899
ITUB4,1.01,75,Random Forest,2021-04-15,1,1,0.0221898468426899
ITUB4,1.01,75,SVC,2021-04-15,1,1,0.0221898468426899
ITUB4,1.01,75,RNA,2021-04-16,0,1,-0.0125537985959441
ITUB4,1.01,75,Random Forest,2021-04-16,0,1,-0.0125537985959441
ITUB4,1.01,75,SVC,2021-04-16,0,1,-0.0125537985959441
ITUB4,1.01,75,RNA,2021-04-19,1,1,0.0178766828608087
ITUB4,1.01,75,Random Forest,2021-04-19,1,1,0.0178766828608087
ITUB4,1.01,75,SVC,2021-04-19,1,1,0.0178766828608087
ITUB4,1.01,75,RNA,2021-04-20,1,1,0.0134398542538851
ITUB4,1.01,75,Random Forest,2021-04-20,1,1,0.0134398542538851
ITUB4,1.01,75,SVC,2021-04-20,1,1,0.0134398542538851
ITUB4,1.01,75,RNA,2021-04-22,1,1,0.0331194064646742
ITUB4,1.01,75,Random Forest,2021-04-22,1,1,0.0331194064646742
ITUB4,1.01,75,SVC,2021-04-22,1,1,0.0331194064646742
ITUB4,1.01,75,RNA,2021-04-23,1,1,0.0267160254810165
ITUB4,1.01,75,Random Forest,2021-04-23,1,1,0.0267160254810165
ITUB4,1.01,75,SVC,2021-04-23,1,1,0.0267160254810165
ITUB4,1.01,75,RNA,2021-04-26,1,1,0.0341912483841178
ITUB4,1.01,75,Random Forest,2021-04-26,1,1,0.0341912483841178
ITUB4,1.01,75,SVC,2021-04-26,1,1,0.0341912483841178
ITUB4,1.01,75,RNA,2021-04-27,1,1,0.0301598584678914
ITUB4,1.01,75,Random Forest,2021-04-27,1,1,0.0301598584678914
ITUB4,1.01,75,SVC,2021-04-27,1,1,0.0301598584678914
ITUB4,1.01,75,RNA,2021-04-28,0,1,-0.0516478443557051
ITUB4,1.01,75,Random Forest,2021-04-28,0,1,-0.0516478443557051
ITUB4,1.01,75,SVC,2021-04-28,0,1,-0.0516478443557051
ITUB4,1.01,75,RNA,2021-04-29,1,1,0.0436151124843919
ITUB4,1.01,75,Random Forest,2021-04-29,1,1,0.0436151124843919
ITUB4,1.01,75,SVC,2021-04-29,1,1,0.0436151124843919
ITUB4,1.01,75,RNA,2021-04-30,1,1,0.0234657090354752
ITUB4,1.01,75,Random Forest,2021-04-30,1,1,0.0234657090354752
ITUB4,1.01,75,SVC,2021-04-30,1,1,0.0234657090354752
ITUB4,1.01,75,RNA,2021-05-03,0,1,-0.0167259863540787
ITUB4,1.01,75,Random Forest,2021-05-03,0,1,-0.0167259863540787
ITUB4,1.01,75,SVC,2021-05-03,0,1,-0.0167259863540787
ITUB4,1.01,75,RNA,2021-05-04,1,1,0.0498141083872087
ITUB4,1.01,75,Random Forest,2021-05-04,1,1,0.0498141083872087
ITUB4,1.01,75,SVC,2021-05-04,1,1,0.0498141083872087
ITUB4,1.01,75,RNA,2021-05-05,1,0,0.032163740569477
ITUB4,1.01,75,Random Forest,2021-05-05,1,1,0.032163740569477
ITUB4,1.01,75,SVC,2021-05-05,1,1,0.032163740569477
ITUB4,1.01,75,RNA,2021-05-06,1,1,0.0302809216173971
ITUB4,1.01,75,Random Forest,2021-05-06,1,1,0.0302809216173971
ITUB4,1.01,75,SVC,2021-05-06,1,1,0.0302809216173971
ITUB4,1.01,75,RNA,2021-05-07,1,1,0.0325262457639496
ITUB4,1.01,75,Random Forest,2021-05-07,1,1,0.0325262457639496
ITUB4,1.01,75,SVC,2021-05-07,1,1,0.0325262457639496
ITUB4,1.01,75,RNA,2021-05-10,1,1,0.0519105712525724
ITUB4,1.01,75,Random Forest,2021-05-10,1,1,0.0519105712525724
ITUB4,1.01,75,SVC,2021-05-10,1,1,0.0519105712525724
ITUB4,1.01,75,RNA,2021-05-11,1,1,0.0534296098273321
ITUB4,1.01,75,Random Forest,2021-05-11,1,1,0.0534296098273321
ITUB4,1.01,75,SVC,2021-05-11,1,1,0.0534296098273321
ITUB4,1.01,75,RNA,2021-05-12,1,1,0.059398724225351
ITUB4,1.01,75,Random Forest,2021-05-12,1,1,0.059398724225351
ITUB4,1.01,75,SVC,2021-05-12,1,1,0.059398724225351
ITUB4,1.01,75,RNA,2021-05-13,1,1,0.0205861694662883
ITUB4,1.01,75,Random Forest,2021-05-13,1,1,0.0205861694662883
ITUB4,1.01,75,SVC,2021-05-13,1,1,0.0205861694662883
ITUB4,1.01,75,RNA,2021-05-14,1,1,0.0294423161492605
ITUB4,1.01,75,Random Forest,2021-05-14,1,1,0.0294423161492605
ITUB4,1.01,75,SVC,2021-05-14,1,1,0.0294423161492605
ITUB4,1.01,75,RNA,2021-05-17,1,1,0.0319444151788737
ITUB4,1.01,75,Random Forest,2021-05-17,1,1,0.0319444151788737
ITUB4,1.01,75,SVC,2021-05-17,1,1,0.0319444151788737
ITUB4,1.01,75,RNA,2021-05-18,1,1,0.0417104757473452
ITUB4,1.01,75,Random Forest,2021-05-18,1,1,0.0417104757473452
ITUB4,1.01,75,SVC,2021-05-18,1,1,0.0417104757473452
ITUB4,1.01,75,RNA,2021-05-19,1,1,0.0181568715910158
ITUB4,1.01,75,Random Forest,2021-05-19,1,1,0.0181568715910158
ITUB4,1.01,75,SVC,2021-05-19,1,1,0.0181568715910158
ITUB4,1.01,75,RNA,2021-05-20,0,1,0.004054369766641
ITUB4,1.01,75,Random Forest,2021-05-20,0,1,0.004054369766641
ITUB4,1.01,75,SVC,2021-05-20,0,1,0.004054369766641
ITUB4,1.01,75,RNA,2021-05-21,0,1,-0.0108909888930758
ITUB4,1.01,75,Random Forest,2021-05-21,0,1,-0.0108909888930758
ITUB4,1.01,75,SVC,2021-05-21,0,1,-0.0108909888930758
ITUB4,1.01,75,RNA,2021-05-24,1,1,0.0143246709974029
ITUB4,1.01,75,Random Forest,2021-05-24,1,0,0.0143246709974029
ITUB4,1.01,75,SVC,2021-05-24,1,1,0.0143246709974029
ITUB4,1.01,75,RNA,2021-05-25,1,1,0.0292296847100561
ITUB4,1.01,75,Random Forest,2021-05-25,1,0,0.0292296847100561
ITUB4,1.01,75,SVC,2021-05-25,1,1,0.0292296847100561
ITUB4,1.01,75,RNA,2021-05-26,1,1,0.0413453622988138
ITUB4,1.01,75,Random Forest,2021-05-26,1,1,0.0413453622988138
ITUB4,1.01,75,SVC,2021-05-26,1,1,0.0413453622988138
ITUB4,1.01,75,RNA,2021-05-27,1,1,0.0944996155901241
ITUB4,1.01,75,Random Forest,2021-05-27,1,0,0.0944996155901241
ITUB4,1.01,75,SVC,2021-05-27,1,1,0.0944996155901241
ITUB4,1.01,75,RNA,2021-05-28,1,1,0.0918927009076051
ITUB4,1.01,75,Random Forest,2021-05-28,1,1,0.0918927009076051
ITUB4,1.01,75,SVC,2021-05-28,1,1,0.0918927009076051
ITUB4,1.01,75,RNA,2021-05-31,1,1,0.1119302912001642
ITUB4,1.01,75,Random Forest,2021-05-31,1,1,0.1119302912001642
ITUB4,1.01,75,SVC,2021-05-31,1,1,0.1119302912001642
ITUB4,1.01,75,RNA,2021-06-01,1,1,0.0825448653070464
ITUB4,1.01,75,Random Forest,2021-06-01,1,1,0.0825448653070464
ITUB4,1.01,75,SVC,2021-06-01,1,1,0.0825448653070464
ITUB4,1.01,75,RNA,2021-06-02,1,1,0.0829901928017131
ITUB4,1.01,75,Random Forest,2021-06-02,1,1,0.0829901928017131
ITUB4,1.01,75,SVC,2021-06-02,1,1,0.0829901928017131
ITUB4,1.01,75,RNA,2021-06-04,1,1,0.0591697545051483
ITUB4,1.01,75,Random Forest,2021-06-04,1,0,0.0591697545051483
ITUB4,1.01,75,SVC,2021-06-04,1,1,0.0591697545051483
ITUB4,1.01,75,RNA,2021-06-07,1,1,0.0417428700457789
ITUB4,1.01,75,Random Forest,2021-06-07,1,1,0.0417428700457789
ITUB4,1.01,75,SVC,2021-06-07,1,1,0.0417428700457789
ITUB4,1.01,75,RNA,2021-06-08,1,1,0.0465258782031916
ITUB4,1.01,75,Random Forest,2021-06-08,1,1,0.0465258782031916
ITUB4,1.01,75,SVC,2021-06-08,1,1,0.0465258782031916
ITUB4,1.01,75,RNA,2021-06-09,0,1,-0.0285714061229996
ITUB4,1.01,75,Random Forest,2021-06-09,0,1,-0.0285714061229996
ITUB4,1.01,75,SVC,2021-06-09,0,1,-0.0285714061229996
ITUB4,1.01,75,RNA,2021-06-10,1,1,0.0172518146807842
ITUB4,1.01,75,Random Forest,2021-06-10,1,1,0.0172518146807842
ITUB4,1.01,75,SVC,2021-06-10,1,1,0.0172518146807842
ITUB4,1.01,75,RNA,2021-06-11,1,1,0.0425015350033355
ITUB4,1.01,75,Random Forest,2021-06-11,1,1,0.0425015350033355
ITUB4,1.01,75,SVC,2021-06-11,1,1,0.0425015350033355
ITUB4,1.01,75,RNA,2021-06-14,1,1,0.0482295345467318
ITUB4,1.01,75,Random Forest,2021-06-14,1,1,0.0482295345467318
ITUB4,1.01,75,SVC,2021-06-14,1,1,0.0482295345467318
ITUB4,1.01,75,RNA,2021-06-15,1,1,0.0507955778460527
ITUB4,1.01,75,Random Forest,2021-06-15,1,1,0.0507955778460527
ITUB4,1.01,75,SVC,2021-06-15,1,1,0.0507955778460527
ITUB4,1.01,75,RNA,2021-06-16,1,1,0.0202020038625523
ITUB4,1.01,75,Random Forest,2021-06-16,1,1,0.0202020038625523
ITUB4,1.01,75,SVC,2021-06-16,1,1,0.0202020038625523
ITUB4,1.01,75,RNA,2021-06-17,0,1,-0.0290076483557939
ITUB4,1.01,75,Random Forest,2021-06-17,0,1,-0.0290076483557939
ITUB4,1.01,75,SVC,2021-06-17,0,1,-0.0290076483557939
ITUB4,1.01,75,RNA,2021-06-18,1,1,0.0161390312617653
ITUB4,1.01,75,Random Forest,2021-06-18,1,1,0.0161390312617653
ITUB4,1.01,75,SVC,2021-06-18,1,1,0.0161390312617653
ITUB4,1.01,75,RNA,2021-06-21,1,1,0.0121005049039837
ITUB4,1.01,75,Random Forest,2021-06-21,1,1,0.0121005049039837
ITUB4,1.01,75,SVC,2021-06-21,1,1,0.0121005049039837
ITUB4,1.01,75,RNA,2021-06-22,1,1,0.0177847102961952
ITUB4,1.01,75,Random Forest,2021-06-22,1,1,0.0177847102961952
ITUB4,1.01,75,SVC,2021-06-22,1,1,0.0177847102961952
ITUB4,1.01,75,RNA,2021-06-23,0,1,-0.0627913971100218
ITUB4,1.01,75,Random Forest,2021-06-23,0,1,-0.0627913971100218
ITUB4,1.01,75,SVC,2021-06-23,0,1,-0.0627913971100218
ITUB4,1.01,75,RNA,2021-06-24,0,1,-0.0681676276296294
ITUB4,1.01,75,Random Forest,2021-06-24,0,1,-0.0681676276296294
ITUB4,1.01,75,SVC,2021-06-24,0,1,-0.0681676276296294
ITUB4,1.01,75,RNA,2021-06-25,0,1,-0.036804743237627
ITUB4,1.01,75,Random Forest,2021-06-25,0,0,-0.036804743237627
ITUB4,1.01,75,SVC,2021-06-25,0,1,-0.036804743237627
ITUB4,1.01,75,RNA,2021-06-28,0,1,-0.0077626069229377
ITUB4,1.01,75,Random Forest,2021-06-28,0,0,-0.0077626069229377
ITUB4,1.01,75,SVC,2021-06-28,0,1,-0.0077626069229377
ITUB4,1.01,75,RNA,2021-06-29,0,0,-0.0128367402431293
ITUB4,1.01,75,Random Forest,2021-06-29,0,0,-0.0128367402431293
ITUB4,1.01,75,SVC,2021-06-29,0,1,-0.0128367402431293
ITUB4,1.01,75,RNA,2021-06-30,1,1,0.0104061791151774
ITUB4,1.01,75,Random Forest,2021-06-30,1,0,0.0104061791151774
ITUB4,1.01,75,SVC,2021-06-30,1,1,0.0104061791151774
ITUB4,1.01,75,RNA,2021-07-01,0,1,-0.0066934350348086
ITUB4,1.01,75,Random Forest,2021-07-01,0,0,-0.0066934350348086
ITUB4,1.01,75,SVC,2021-07-01,0,1,-0.0066934350348086
ITUB4,1.01,75,RNA,2021-07-02,0,0,-0.0144683377106663
ITUB4,1.01,75,Random Forest,2021-07-02,0,0,-0.0144683377106663
ITUB4,1.01,75,SVC,2021-07-02,0,1,-0.0144683377106663
ITUB4,1.01,75,RNA,2021-07-05,1,1,0.0176390853104007
ITUB4,1.01,75,Random Forest,2021-07-05,1,0,0.0176390853104007
ITUB4,1.01,75,SVC,2021-07-05,1,1,0.0176390853104007
ITUB4,1.01,75,RNA,2021-07-06,1,0,0.0152129693614808
ITUB4,1.01,75,Random Forest,2021-07-06,1,0,0.0152129693614808
ITUB4,1.01,75,SVC,2021-07-06,1,1,0.0152129693614808
ITUB4,1.01,75,RNA,2021-07-07,1,1,0.0583190498343204
ITUB4,1.01,75,Random Forest,2021-07-07,1,1,0.0583190498343204
ITUB4,1.01,75,SVC,2021-07-07,1,1,0.0583190498343204
ITUB4,1.01,75,RNA,2021-07-08,1,0,0.0493197452532272
ITUB4,1.01,75,Random Forest,2021-07-08,1,0,0.0493197452532272
ITUB4,1.01,75,SVC,2021-07-08,1,1,0.0493197452532272
ITUB4,1.01,75,RNA,2021-07-12,1,1,0.0457627319514781
ITUB4,1.01,75,Random Forest,2021-07-12,1,0,0.0457627319514781
ITUB4,1.01,75,SVC,2021-07-12,1,1,0.0457627319514781
ITUB4,1.01,75,RNA,2021-07-13,1,1,0.0215231611782233
ITUB4,1.01,75,Random Forest,2021-07-13,1,1,0.0215231611782233
ITUB4,1.01,75,SVC,2021-07-13,1,1,0.0215231611782233
ITUB4,1.01,75,RNA,2021-07-14,0,1,-0.0194239412419426
ITUB4,1.01,75,Random Forest,2021-07-14,0,1,-0.0194239412419426
ITUB4,1.01,75,SVC,2021-07-14,0,1,-0.0194239412419426
ITUB4,1.01,75,RNA,2021-07-15,0,1,-0.0124286316595101
ITUB4,1.01,75,Random Forest,2021-07-15,0,1,-0.0124286316595101
ITUB4,1.01,75,SVC,2021-07-15,0,1,-0.0124286316595101
ITUB4,1.01,75,RNA,2021-07-16,1,1,0.0334494619355607
ITUB4,1.01,75,Random Forest,2021-07-16,1,1,0.0334494619355607
ITUB4,1.01,75,SVC,2021-07-16,1,1,0.0334494619355607
ITUB4,1.01,75,RNA,2021-07-19,1,1,0.0309349647391798
ITUB4,1.01,75,Random Forest,2021-07-19,1,1,0.0309349647391798
ITUB4,1.01,75,SVC,2021-07-19,1,1,0.0309349647391798
ITUB4,1.01,75,RNA,2021-07-20,1,1,0.0164046686712102
ITUB4,1.01,75,Random Forest,2021-07-20,1,1,0.0164046686712102
ITUB4,1.01,75,SVC,2021-07-20,1,1,0.0164046686712102
ITUB4,1.01,75,RNA,2021-07-21,1,1,0.0203942731368897
ITUB4,1.01,75,Random Forest,2021-07-21,1,1,0.0203942731368897
ITUB4,1.01,75,SVC,2021-07-21,1,1,0.0203942731368897
ITUB4,1.01,75,RNA,2021-07-22,1,1,0.0688120632502451
ITUB4,1.01,75,Random Forest,2021-07-22,1,1,0.0688120632502451
ITUB4,1.01,75,SVC,2021-07-22,1,1,0.0688120632502451
ITUB4,1.01,75,RNA,2021-07-23,1,1,0.0735900807239835
ITUB4,1.01,75,Random Forest,2021-07-23,1,1,0.0735900807239835
ITUB4,1.01,75,SVC,2021-07-23,1,1,0.0735900807239835
ITUB4,1.01,75,RNA,2021-07-26,1,1,0.0583051173777786
ITUB4,1.01,75,Random Forest,2021-07-26,1,1,0.0583051173777786
ITUB4,1.01,75,SVC,2021-07-26,1,1,0.0583051173777786
ITUB4,1.01,75,RNA,2021-07-27,1,1,0.0456253707122906
ITUB4,1.01,75,Random Forest,2021-07-27,1,1,0.0456253707122906
ITUB4,1.01,75,SVC,2021-07-27,1,1,0.0456253707122906
ITUB4,1.01,75,RNA,2021-07-28,1,1,0.0209068823921776
ITUB4,1.01,75,Random Forest,2021-07-28,1,1,0.0209068823921776
ITUB4,1.01,75,SVC,2021-07-28,1,1,0.0209068823921776
ITUB4,1.01,75,RNA,2021-07-29,1,1,0.0370264848580883
ITUB4,1.01,75,Random Forest,2021-07-29,1,0,0.0370264848580883
ITUB4,1.01,75,SVC,2021-07-29,1,1,0.0370264848580883
ITUB4,1.01,75,RNA,2021-07-30,1,1,0.0230519279136973
ITUB4,1.01,75,Random Forest,2021-07-30,1,1,0.0230519279136973
ITUB4,1.01,75,SVC,2021-07-30,1,1,0.0230519279136973
ITUB4,1.01,75,RNA,2021-08-02,0,1,-0.0178343819982774
ITUB4,1.01,75,Random Forest,2021-08-02,0,1,-0.0178343819982774
ITUB4,1.01,75,SVC,2021-08-02,0,1,-0.0178343819982774
ITUB4,1.01,75,RNA,2021-08-03,1,1,0.027795908205231
ITUB4,1.01,75,Random Forest,2021-08-03,1,1,0.027795908205231
ITUB4,1.01,75,SVC,2021-08-03,1,1,0.027795908205231
ITUB4,1.01,75,RNA,2021-08-04,1,1,0.0407284562181797
ITUB4,1.01,75,Random Forest,2021-08-04,1,0,0.0407284562181797
ITUB4,1.01,75,SVC,2021-08-04,1,1,0.0407284562181797
ITUB4,1.01,75,RNA,2021-08-05,1,1,0.0434926487528801
ITUB4,1.01,75,Random Forest,2021-08-05,1,1,0.0434926487528801
ITUB4,1.01,75,SVC,2021-08-05,1,1,0.0434926487528801
ITUB4,1.01,75,RNA,2021-08-06,1,1,0.0214494464410146
ITUB4,1.01,75,Random Forest,2021-08-06,1,1,0.0214494464410146
ITUB4,1.01,75,SVC,2021-08-06,1,1,0.0214494464410146
ITUB4,1.01,75,RNA,2021-08-09,0,1,-0.0121951374336694
ITUB4,1.01,75,Random Forest,2021-08-09,0,1,-0.0121951374336694
ITUB4,1.01,75,SVC,2021-08-09,0,1,-0.0121951374336694
ITUB4,1.01,75,RNA,2021-08-10,1,0,0.0292763210688704
ITUB4,1.01,75,Random Forest,2021-08-10,1,1,0.0292763210688704
ITUB4,1.01,75,SVC,2021-08-10,1,1,0.0292763210688704
ITUB4,1.01,75,RNA,2021-08-11,1,1,0.0137966597178114
ITUB4,1.01,75,Random Forest,2021-08-11,1,1,0.0137966597178114
ITUB4,1.01,75,SVC,2021-08-11,1,1,0.0137966597178114
ITUB4,1.01,75,RNA,2021-08-12,1,1,0.0277938557254502
ITUB4,1.01,75,Random Forest,2021-08-12,1,1,0.0277938557254502
ITUB4,1.01,75,SVC,2021-08-12,1,1,0.0277938557254502
ITUB4,1.01,75,RNA,2021-08-13,1,1,0.0163078750554883
ITUB4,1.01,75,Random Forest,2021-08-13,1,1,0.0163078750554883
ITUB4,1.01,75,SVC,2021-08-13,1,1,0.0163078750554883
ITUB4,1.01,75,RNA,2021-08-16,1,1,0.0267238488108989
ITUB4,1.01,75,Random Forest,2021-08-16,1,1,0.0267238488108989
ITUB4,1.01,75,SVC,2021-08-16,1,1,0.0267238488108989
ITUB4,1.01,75,RNA,2021-08-17,1,1,0.0332005496782998
ITUB4,1.01,75,Random Forest,2021-08-17,1,1,0.0332005496782998
ITUB4,1.01,75,SVC,2021-08-17,1,1,0.0332005496782998
ITUB4,1.01,75,RNA,2021-08-18,1,1,0.0371237184956325
ITUB4,1.01,75,Random Forest,2021-08-18,1,1,0.0371237184956325
ITUB4,1.01,75,SVC,2021-08-18,1,1,0.0371237184956325
ITUB4,1.01,75,RNA,2021-08-19,1,1,0.0489864720494095
ITUB4,1.01,75,Random Forest,2021-08-19,1,1,0.0489864720494095
ITUB4,1.01,75,SVC,2021-08-19,1,1,0.0489864720494095
ITUB4,1.01,75,RNA,2021-08-20,1,1,0.0398526320642387
ITUB4,1.01,75,Random Forest,2021-08-20,1,1,0.0398526320642387
ITUB4,1.01,75,SVC,2021-08-20,1,1,0.0398526320642387
ITUB4,1.01,75,RNA,2021-08-23,1,1,0.0264462406887198
ITUB4,1.01,75,Random Forest,2021-08-23,1,1,0.0264462406887198
ITUB4,1.01,75,SVC,2021-08-23,1,1,0.0264462406887198
ITUB4,1.01,75,RNA,2021-08-24,0,1,-0.006829253334292
ITUB4,1.01,75,Random Forest,2021-08-24,0,1,-0.006829253334292
ITUB4,1.01,75,SVC,2021-08-24,0,1,-0.006829253334292
ITUB4,1.01,75,RNA,2021-08-25,1,1,0.0119741193746845
ITUB4,1.01,75,Random Forest,2021-08-25,1,1,0.0119741193746845
ITUB4,1.01,75,SVC,2021-08-25,1,1,0.0119741193746845
ITUB4,1.01,75,RNA,2021-08-26,1,1,0.0402809548416598
ITUB4,1.01,75,Random Forest,2021-08-26,1,1,0.0402809548416598
ITUB4,1.01,75,SVC,2021-08-26,1,1,0.0402809548416598
ITUB4,1.01,75,RNA,2021-08-27,1,1,0.0311289430660963
ITUB4,1.01,75,Random Forest,2021-08-27,1,1,0.0311289430660963
ITUB4,1.01,75,SVC,2021-08-27,1,1,0.0311289430660963
ITUB4,1.01,75,RNA,2021-08-30,1,1,0.033148779845135
ITUB4,1.01,75,Random Forest,2021-08-30,1,1,0.033148779845135
ITUB4,1.01,75,SVC,2021-08-30,1,1,0.033148779845135
ITUB4,1.01,75,RNA,2021-08-31,1,1,0.0183515711411952
ITUB4,1.01,75,Random Forest,2021-08-31,1,1,0.0183515711411952
ITUB4,1.01,75,SVC,2021-08-31,1,1,0.0183515711411952
ITUB4,1.01,75,RNA,2021-09-01,0,1,-0.0702492614391222
ITUB4,1.01,75,Random Forest,2021-09-01,0,1,-0.0702492614391222
ITUB4,1.01,75,SVC,2021-09-01,0,1,-0.0702492614391222
ITUB4,1.01,75,RNA,2021-09-02,0,1,-0.0341852008779255
ITUB4,1.01,75,Random Forest,2021-09-02,0,1,-0.0341852008779255
ITUB4,1.01,75,SVC,2021-09-02,0,1,-0.0341852008779255
ITUB4,1.01,75,RNA,2021-09-03,1,0,0.0202224447897452
ITUB4,1.01,75,Random Forest,2021-09-03,1,1,0.0202224447897452
ITUB4,1.01,75,SVC,2021-09-03,1,1,0.0202224447897452
ITUB4,1.01,75,RNA,2021-09-06,0,0,-0.0289614311639029
ITUB4,1.01,75,Random Forest,2021-09-06,0,1,-0.0289614311639029
ITUB4,1.01,75,SVC,2021-09-06,0,1,-0.0289614311639029
ITUB4,1.01,75,RNA,2021-09-08,1,1,0.0241712690736959
ITUB4,1.01,75,Random Forest,2021-09-08,1,1,0.0241712690736959
ITUB4,1.01,75,SVC,2021-09-08,1,1,0.0241712690736959
ITUB4,1.01,75,RNA,2021-09-09,0,0,-0.0332203148702248
ITUB4,1.01,75,Random Forest,2021-09-09,0,0,-0.0332203148702248
ITUB4,1.01,75,SVC,2021-09-09,0,1,-0.0332203148702248
ITUB4,1.01,75,RNA,2021-09-10,0,1,-0.0282986741590129
ITUB4,1.01,75,Random Forest,2021-09-10,0,1,-0.0282986741590129
ITUB4,1.01,75,SVC,2021-09-10,0,1,-0.0282986741590129
ITUB4,1.01,75,RNA,2021-09-13,0,1,-0.0439862292437968
ITUB4,1.01,75,Random Forest,2021-09-13,0,1,-0.0439862292437968
ITUB4,1.01,75,SVC,2021-09-13,0,1,-0.0439862292437968
ITUB4,1.01,75,RNA,2021-09-14,0,1,-0.0640275446022548
ITUB4,1.01,75,Random Forest,2021-09-14,0,0,-0.0640275446022548
ITUB4,1.01,75,SVC,2021-09-14,0,1,-0.0640275446022548
ITUB4,1.01,75,RNA,2021-09-15,1,1,0.012005637147286
ITUB4,1.01,75,Random Forest,2021-09-15,1,0,0.012005637147286
ITUB4,1.01,75,SVC,2021-09-15,1,1,0.012005637147286
ITUB4,1.01,75,RNA,2021-09-16,0,1,-0.0252897427978466
ITUB4,1.01,75,Random Forest,2021-09-16,0,0,-0.0252897427978466
ITUB4,1.01,75,SVC,2021-09-16,0,1,-0.0252897427978466
ITUB4,1.01,75,RNA,2021-09-17,1,1,0.060439586876869
ITUB4,1.01,75,Random Forest,2021-09-17,1,1,0.060439586876869
ITUB4,1.01,75,SVC,2021-09-17,1,1,0.060439586876869
ITUB4,1.01,75,RNA,2021-09-20,1,1,0.05966325135598
ITUB4,1.01,75,Random Forest,2021-09-20,1,0,0.05966325135598
ITUB4,1.01,75,SVC,2021-09-20,1,1,0.05966325135598
ITUB4,1.01,75,RNA,2021-09-21,1,1,0.0731796512194113
ITUB4,1.01,75,Random Forest,2021-09-21,1,1,0.0731796512194113
ITUB4,1.01,75,SVC,2021-09-21,1,1,0.0731796512194113
ITUB4,1.01,75,RNA,2021-09-22,1,1,0.0601504073230376
ITUB4,1.01,75,Random Forest,2021-09-22,1,1,0.0601504073230376
ITUB4,1.01,75,SVC,2021-09-22,1,1,0.0601504073230376
ITUB4,1.01,75,RNA,2021-09-23,1,0,0.0389474065059218
ITUB4,1.01,75,Random Forest,2021-09-23,1,1,0.0389474065059218
ITUB4,1.01,75,SVC,2021-09-23,1,1,0.0389474065059218
ITUB4,1.01,75,RNA,2021-09-24,1,1,0.0415054840030948
ITUB4,1.01,75,Random Forest,2021-09-24,1,1,0.0415054840030948
ITUB4,1.01,75,SVC,2021-09-24,1,1,0.0415054840030948
ITUB4,1.01,75,RNA,2021-09-27,1,1,0.0333845469654519
ITUB4,1.01,75,Random Forest,2021-09-27,1,1,0.0333845469654519
ITUB4,1.01,75,SVC,2021-09-27,1,1,0.0333845469654519
ITUB4,1.01,75,RNA,2021-09-28,1,1,0.0431232427426875
ITUB4,1.01,75,Random Forest,2021-09-28,1,1,0.0431232427426875
ITUB4,1.01,75,SVC,2021-09-28,1,1,0.0431232427426875
ITUB4,1.01,75,RNA,2021-09-29,1,1,0.0464421558797345
ITUB4,1.01,75,Random Forest,2021-09-29,1,1,0.0464421558797345
ITUB4,1.01,75,SVC,2021-09-29,1,1,0.0464421558797345
ITUB4,1.01,75,RNA,2021-09-30,1,1,0.0448226136101448
ITUB4,1.01,75,Random Forest,2021-09-30,1,1,0.0448226136101448
ITUB4,1.01,75,SVC,2021-09-30,1,1,0.0448226136101448
ITUB4,1.01,75,RNA,2021-10-01,1,1,0.0254545464602167
ITUB4,1.01,75,Random Forest,2021-10-01,1,1,0.0254545464602167
ITUB4,1.01,75,SVC,2021-10-01,1,1,0.0254545464602167
ITUB4,1.01,75,RNA,2021-10-04,1,1,0.0317072937276574
ITUB4,1.01,75,Random Forest,2021-10-04,1,1,0.0317072937276574
ITUB4,1.01,75,SVC,2021-10-04,1,1,0.0317072937276574
ITUB4,1.01,75,RNA,2021-10-05,1,1,0.0325865615654548
ITUB4,1.01,75,Random Forest,2021-10-05,1,1,0.0325865615654548
ITUB4,1.01,75,SVC,2021-10-05,1,1,0.0325865615654548
ITUB4,1.01,75,RNA,2021-10-06,0,1,-0.0346199618170117
ITUB4,1.01,75,Random Forest,2021-10-06,0,1,-0.0346199618170117
ITUB4,1.01,75,SVC,2021-10-06,0,1,-0.0346199618170117
ITUB4,1.01,75,RNA,2021-10-07,1,0,0.0279805604028346
ITUB4,1.01,75,Random Forest,2021-10-07,1,1,0.0279805604028346
ITUB4,1.01,75,SVC,2021-10-07,1,1,0.0279805604028346
ITUB4,1.01,75,RNA,2021-10-08,1,1,0.0117982051231784
ITUB4,1.01,75,Random Forest,2021-10-08,1,1,0.0117982051231784
ITUB4,1.01,75,SVC,2021-10-08,1,1,0.0117982051231784
ITUB4,1.01,75,RNA,2021-10-11,1,1,0.0308641902280213
ITUB4,1.01,75,Random Forest,2021-10-11,1,1,0.0308641902280213
ITUB4,1.01,75,SVC,2021-10-11,1,1,0.0308641902280213
ITUB4,1.01,75,RNA,2021-10-13,1,1,0.0253786199605245
ITUB4,1.01,75,Random Forest,2021-10-13,1,1,0.0253786199605245
ITUB4,1.01,75,SVC,2021-10-13,1,1,0.0253786199605245
ITUB4,1.01,75,RNA,2021-10-14,1,1,0.0342691861970516
ITUB4,1.01,75,Random Forest,2021-10-14,1,1,0.0342691861970516
ITUB4,1.01,75,SVC,2021-10-14,1,1,0.0342691861970516
ITUB4,1.01,75,RNA,2021-10-15,1,0,0.023189617837914
ITUB4,1.01,75,Random Forest,2021-10-15,1,1,0.023189617837914
ITUB4,1.01,75,SVC,2021-10-15,1,1,0.023189617837914
ITUB4,1.01,75,RNA,2021-10-18,1,1,0.0182186639838548
ITUB4,1.01,75,Random Forest,2021-10-18,1,1,0.0182186639838548
ITUB4,1.01,75,SVC,2021-10-18,1,1,0.0182186639838548
ITUB4,1.01,75,RNA,2021-10-19,1,1,0.024439935114723
ITUB4,1.01,75,Random Forest,2021-10-19,1,1,0.024439935114723
ITUB4,1.01,75,SVC,2021-10-19,1,1,0.024439935114723
ITUB4,1.01,75,RNA,2021-10-20,1,1,0.0315832846173529
ITUB4,1.01,75,Random Forest,2021-10-20,1,1,0.0315832846173529
ITUB4,1.01,75,SVC,2021-10-20,1,1,0.0315832846173529
ITUB4,1.01,75,RNA,2021-10-21,1,1,0.0132670340145359
ITUB4,1.01,75,Random Forest,2021-10-21,1,1,0.0132670340145359
ITUB4,1.01,75,SVC,2021-10-21,1,1,0.0132670340145359
ITUB4,1.01,75,RNA,2021-10-22,1,1,0.0325306495736845
ITUB4,1.01,75,Random Forest,2021-10-22,1,1,0.0325306495736845
ITUB4,1.01,75,SVC,2021-10-22,1,1,0.0325306495736845
ITUB4,1.01,75,RNA,2021-10-25,1,1,0.0316589790915677
ITUB4,1.01,75,Random Forest,2021-10-25,1,1,0.0316589790915677
ITUB4,1.01,75,SVC,2021-10-25,1,1,0.0316589790915677
ITUB4,1.01,75,RNA,2021-10-26,1,1,0.0234506059498256
ITUB4,1.01,75,Random Forest,2021-10-26,1,1,0.0234506059498256
ITUB4,1.01,75,SVC,2021-10-26,1,1,0.0234506059498256
ITUB4,1.01,75,RNA,2021-10-27,1,1,0.0514930535614301
ITUB4,1.01,75,Random Forest,2021-10-27,1,1,0.0514930535614301
ITUB4,1.01,75,SVC,2021-10-27,1,1,0.0514930535614301
ITUB4,1.01,75,RNA,2021-10-28,1,1,0.0396341430290116
ITUB4,1.01,75,Random Forest,2021-10-28,1,1,0.0396341430290116
ITUB4,1.01,75,SVC,2021-10-28,1,1,0.0396341430290116
ITUB4,1.01,75,RNA,2021-10-29,1,1,0.0489244873464975
ITUB4,1.01,75,Random Forest,2021-10-29,1,1,0.0489244873464975
ITUB4,1.01,75,SVC,2021-10-29,1,1,0.0489244873464975
ITUB4,1.01,75,RNA,2021-11-01,1,1,0.035818384436663
ITUB4,1.01,75,Random Forest,2021-11-01,1,1,0.035818384436663
ITUB4,1.01,75,SVC,2021-11-01,1,1,0.035818384436663
ITUB4,1.01,75,RNA,2021-11-03,1,1,0.0102123962957607
ITUB4,1.01,75,Random Forest,2021-11-03,1,1,0.0102123962957607
ITUB4,1.01,75,SVC,2021-11-03,1,1,0.0102123962957607
ITUB4,1.01,75,RNA,2021-11-04,0,1,-0.0170212865038204
ITUB4,1.01,75,Random Forest,2021-11-04,0,1,-0.0170212865038204
ITUB4,1.01,75,SVC,2021-11-04,0,1,-0.0170212865038204
ITUB4,1.01,75,RNA,2021-11-05,1,1,0.0320175690689543
ITUB4,1.01,75,Random Forest,2021-11-05,1,1,0.0320175690689543
ITUB4,1.01,75,SVC,2021-11-05,1,1,0.0320175690689543
ITUB4,1.01,75,RNA,2021-11-08,1,1,0.0293088475990188
ITUB4,1.01,75,Random Forest,2021-11-08,1,1,0.0293088475990188
ITUB4,1.01,75,SVC,2021-11-08,1,1,0.0293088475990188
ITUB4,1.01,75,RNA,2021-11-09,1,0,0.0443852907718325
ITUB4,1.01,75,Random Forest,2021-11-09,1,1,0.0443852907718325
ITUB4,1.01,75,SVC,2021-11-09,1,1,0.0443852907718325
ITUB4,1.01,75,RNA,2021-11-10,0,1,-0.0247546374733381
ITUB4,1.01,75,Random Forest,2021-11-10,0,1,-0.0247546374733381
ITUB4,1.01,75,SVC,2021-11-10,0,1,-0.0247546374733381
ITUB4,1.01,75,RNA,2021-11-11,1,0,0.0165002030517336
ITUB4,1.01,75,Random Forest,2021-11-11,1,1,0.0165002030517336
ITUB4,1.01,75,SVC,2021-11-11,1,1,0.0165002030517336
ITUB4,1.01,75,RNA,2021-11-12,1,1,0.0142981083277886
ITUB4,1.01,75,Random Forest,2021-11-12,1,1,0.0142981083277886
ITUB4,1.01,75,SVC,2021-11-12,1,1,0.0142981083277886
ITUB4,1.01,75,RNA,2021-11-16,1,1,0.0109027241030994
ITUB4,1.01,75,Random Forest,2021-11-16,1,1,0.0109027241030994
ITUB4,1.01,75,SVC,2021-11-16,1,1,0.0109027241030994
ITUB4,1.01,75,RNA,2021-11-17,0,1,-0.0043991574343631
ITUB4,1.01,75,Random Forest,2021-11-17,0,1,-0.0043991574343631
ITUB4,1.01,75,SVC,2021-11-17,0,1,-0.0043991574343631
ITUB4,1.01,75,RNA,2021-11-18,1,1,0.0468047693498809
ITUB4,1.01,75,Random Forest,2021-11-18,1,1,0.0468047693498809
ITUB4,1.01,75,SVC,2021-11-18,1,1,0.0468047693498809
ITUB4,1.01,75,RNA,2021-11-19,1,1,0.0672421066258708
ITUB4,1.01,75,Random Forest,2021-11-19,1,1,0.0672421066258708
ITUB4,1.01,75,SVC,2021-11-19,1,1,0.0672421066258708
ITUB4,1.01,75,RNA,2021-11-22,1,1,0.0557303067445305
ITUB4,1.01,75,Random Forest,2021-11-22,1,1,0.0557303067445305
ITUB4,1.01,75,SVC,2021-11-22,1,1,0.0557303067445305
ITUB4,1.01,75,RNA,2021-11-23,1,1,0.0576316950770274
ITUB4,1.01,75,Random Forest,2021-11-23,1,1,0.0576316950770274
ITUB4,1.01,75,SVC,2021-11-23,1,1,0.0576316950770274
ITUB4,1.01,75,RNA,2021-11-24,1,1,0.0168830873977587
ITUB4,1.01,75,Random Forest,2021-11-24,1,1,0.0168830873977587
ITUB4,1.01,75,SVC,2021-11-24,1,1,0.0168830873977587
ITUB4,1.01,75,RNA,2021-11-25,1,1,0.018892790540349
ITUB4,1.01,75,Random Forest,2021-11-25,1,1,0.018892790540349
ITUB4,1.01,75,SVC,2021-11-25,1,1,0.018892790540349
ITUB4,1.01,75,RNA,2021-11-26,0,1,0.0003557636285826
ITUB4,1.01,75,Random Forest,2021-11-26,0,1,0.0003557636285826
ITUB4,1.01,75,SVC,2021-11-26,0,1,0.0003557636285826
ITUB4,1.01,75,RNA,2021-11-29,1,1,0.041386057701706
ITUB4,1.01,75,Random Forest,2021-11-29,1,1,0.041386057701706
ITUB4,1.01,75,SVC,2021-11-29,1,1,0.041386057701706
ITUB4,1.01,75,RNA,2021-11-30,1,1,0.0536347572662667
ITUB4,1.01,75,Random Forest,2021-11-30,1,1,0.0536347572662667
ITUB4,1.01,75,SVC,2021-11-30,1,1,0.0536347572662667
ITUB4,1.01,75,RNA,2021-12-01,1,1,0.0592691172032591
ITUB4,1.01,75,Random Forest,2021-12-01,1,1,0.0592691172032591
ITUB4,1.01,75,SVC,2021-12-01,1,1,0.0592691172032591
ITUB4,1.01,75,RNA,2021-12-02,1,1,0.0348279988374164
ITUB4,1.01,75,Random Forest,2021-12-02,1,1,0.0348279988374164
ITUB4,1.01,75,SVC,2021-12-02,1,1,0.0348279988374164
ITUB4,1.01,75,RNA,2021-12-03,1,1,0.0290043383694278
ITUB4,1.01,75,Random Forest,2021-12-03,1,1,0.0290043383694278
ITUB4,1.01,75,SVC,2021-12-03,1,1,0.0290043383694278
ITUB4,1.01,75,RNA,2021-12-06,0,1,-0.0618120507258376
ITUB4,1.01,75,Random Forest,2021-12-06,0,1,-0.0618120507258376
ITUB4,1.01,75,SVC,2021-12-06,0,1,-0.0618120507258376
ITUB4,1.01,75,RNA,2021-12-07,0,1,-0.0658293419037054
ITUB4,1.01,75,Random Forest,2021-12-07,0,1,-0.0658293419037054
ITUB4,1.01,75,SVC,2021-12-07,0,1,-0.0658293419037054
ITUB4,1.01,75,RNA,2021-12-08,0,1,-0.0438981392036046
ITUB4,1.01,75,Random Forest,2021-12-08,0,1,-0.0438981392036046
ITUB4,1.01,75,SVC,2021-12-08,0,1,-0.0438981392036046
ITUB4,1.01,75,RNA,2021-12-09,0,1,-0.0255834812574191
ITUB4,1.01,75,Random Forest,2021-12-09,0,1,-0.0255834812574191
ITUB4,1.01,75,SVC,2021-12-09,0,1,-0.0255834812574191
ITUB4,1.01,75,RNA,2021-12-10,0,1,-0.0121621902796168
ITUB4,1.01,75,Random Forest,2021-12-10,0,0,-0.0121621902796168
ITUB4,1.01,75,SVC,2021-12-10,0,1,-0.0121621902796168
ITUB4,1.01,75,RNA,2021-12-13,1,1,0.0183823330881811
ITUB4,1.01,75,Random Forest,2021-12-13,1,0,0.0183823330881811
ITUB4,1.01,75,SVC,2021-12-13,1,1,0.0183823330881811
ITUB4,1.01,75,RNA,2021-12-14,0,1,-0.0360565563354642
ITUB4,1.01,75,Random Forest,2021-12-14,0,0,-0.0360565563354642
ITUB4,1.01,75,SVC,2021-12-14,0,1,-0.0360565563354642
ITUB4,1.01,75,RNA,2021-12-15,0,1,-0.0342465322563038
ITUB4,1.01,75,Random Forest,2021-12-15,0,1,-0.0342465322563038
ITUB4,1.01,75,SVC,2021-12-15,0,1,-0.0342465322563038
ITUB4,1.01,75,RNA,2021-12-16,1,1,0.0101710822135629
ITUB4,1.01,75,Random Forest,2021-12-16,1,0,0.0101710822135629
ITUB4,1.01,75,SVC,2021-12-16,1,1,0.0101710822135629
ITUB4,1.01,75,RNA,2021-12-17,0,0,-0.0065177060386053
ITUB4,1.01,75,Random Forest,2021-12-17,0,0,-0.0065177060386053
ITUB4,1.01,75,SVC,2021-12-17,0,1,-0.0065177060386053
ITUB4,1.01,75,RNA,2021-12-20,1,1,0.024067948070755
ITUB4,1.01,75,Random Forest,2021-12-20,1,0,0.024067948070755
ITUB4,1.01,75,SVC,2021-12-20,1,1,0.024067948070755
ITUB4,1.01,75,RNA,2021-12-21,1,1,0.0221384703628604
ITUB4,1.01,75,Random Forest,2021-12-21,1,0,0.0221384703628604
ITUB4,1.01,75,SVC,2021-12-21,1,1,0.0221384703628604
ITUB4,1.01,75,RNA,2021-12-22,1,1,0.0173465010246824
ITUB4,1.01,75,Random Forest,2021-12-22,1,1,0.0173465010246824
ITUB4,1.01,75,SVC,2021-12-22,1,1,0.0173465010246824
ITUB4,1.01,75,RNA,2021-12-23,1,0,0.0102421094892368
ITUB4,1.01,75,Random Forest,2021-12-23,1,1,0.0102421094892368
ITUB4,1.01,75,SVC,2021-12-23,1,1,0.0102421094892368
ITUB4,1.01,75,RNA,2021-12-27,0,1,-0.0047098264950297
ITUB4,1.01,75,Random Forest,2021-12-27,0,1,-0.0047098264950297
ITUB4,1.01,75,SVC,2021-12-27,0,1,-0.0047098264950297
ITUB4,1.01,75,RNA,2021-12-28,1,1,0.0310585903132063
ITUB4,1.01,75,Random Forest,2021-12-28,1,1,0.0310585903132063
ITUB4,1.01,75,SVC,2021-12-28,1,1,0.0310585903132063
ITUB4,1.01,75,RNA,2021-12-29,1,1,0.0372539890194989
ITUB4,1.01,75,Random Forest,2021-12-29,1,1,0.0372539890194989
ITUB4,1.01,75,SVC,2021-12-29,1,1,0.0372539890194989
ITUB4,1.01,75,RNA,2021-12-30,1,1,0.0505431701703291
ITUB4,1.01,75,Random Forest,2021-12-30,1,1,0.0505431701703291
ITUB4,1.01,75,SVC,2021-12-30,1,1,0.0505431701703291
ITUB4,1.01,75,RNA,2022-01-03,1,0,0.0476410159453579
ITUB4,1.01,75,Random Forest,2022-01-03,1,1,0.0476410159453579
ITUB4,1.01,75,SVC,2022-01-03,1,1,0.0476410159453579
ITUB4,1.01,75,RNA,2022-01-04,1,1,0.0357628155006652
ITUB4,1.01,75,Random Forest,2022-01-04,1,1,0.0357628155006652
ITUB4,1.01,75,SVC,2022-01-04,1,1,0.0357628155006652
ITUB4,1.01,75,RNA,2022-01-05,1,1,0.0790203321696605
ITUB4,1.01,75,Random Forest,2022-01-05,1,0,0.0790203321696605
ITUB4,1.01,75,SVC,2022-01-05,1,1,0.0790203321696605
ITUB4,1.01,75,RNA,2022-01-06,1,1,0.0638297664373066
ITUB4,1.01,75,Random Forest,2022-01-06,1,1,0.0638297664373066
ITUB4,1.01,75,SVC,2022-01-06,1,1,0.0638297664373066
ITUB4,1.01,75,RNA,2022-01-07,1,1,0.0553832041285577
ITUB4,1.01,75,Random Forest,2022-01-07,1,1,0.0553832041285577
ITUB4,1.01,75,SVC,2022-01-07,1,1,0.0553832041285577
ITUB4,1.01,75,RNA,2022-01-10,1,1,0.0465115934802304
ITUB4,1.01,75,Random Forest,2022-01-10,1,1,0.0465115934802304
ITUB4,1.01,75,SVC,2022-01-10,1,1,0.0465115934802304
ITUB4,1.01,75,RNA,2022-01-11,1,1,0.025365427611935
ITUB4,1.01,75,Random Forest,2022-01-11,1,1,0.025365427611935
ITUB4,1.01,75,SVC,2022-01-11,1,1,0.025365427611935
ITUB4,1.01,75,RNA,2022-01-12,1,1,0.0376786879734858
ITUB4,1.01,75,Random Forest,2022-01-12,1,1,0.0376786879734858
ITUB4,1.01,75,SVC,2022-01-12,1,1,0.0376786879734858
ITUB4,1.01,75,RNA,2022-01-13,1,0,0.0216376556504924
ITUB4,1.01,75,Random Forest,2022-01-13,1,1,0.0216376556504924
ITUB4,1.01,75,SVC,2022-01-13,1,1,0.0216376556504924
ITUB4,1.01,75,RNA,2022-01-14,1,1,0.0264279757789476
ITUB4,1.01,75,Random Forest,2022-01-14,1,1,0.0264279757789476
ITUB4,1.01,75,SVC,2022-01-14,1,1,0.0264279757789476
ITUB4,1.01,75,RNA,2022-01-17,1,1,0.0294997666235299
ITUB4,1.01,75,Random Forest,2022-01-17,1,1,0.0294997666235299
ITUB4,1.01,75,SVC,2022-01-17,1,1,0.0294997666235299
ITUB4,1.01,75,RNA,2022-01-18,1,1,0.0109152101089848
ITUB4,1.01,75,Random Forest,2022-01-18,1,1,0.0109152101089848
ITUB4,1.01,75,SVC,2022-01-18,1,1,0.0109152101089848
ITUB4,1.01,75,RNA,2022-01-19,1,1,0.0259133646413598
ITUB4,1.01,75,Random Forest,2022-01-19,1,1,0.0259133646413598
ITUB4,1.01,75,SVC,2022-01-19,1,1,0.0259133646413598
ITUB4,1.01,75,RNA,2022-01-20,1,1,0.0569456819757006
ITUB4,1.01,75,Random Forest,2022-01-20,1,1,0.0569456819757006
ITUB4,1.01,75,SVC,2022-01-20,1,1,0.0569456819757006
ITUB4,1.01,75,RNA,2022-01-21,1,0,0.0672376933559397
ITUB4,1.01,75,Random Forest,2022-01-21,1,1,0.0672376933559397
ITUB4,1.01,75,SVC,2022-01-21,1,1,0.0672376933559397
ITUB4,1.01,75,RNA,2022-01-24,1,1,0.0806591279141182
ITUB4,1.01,75,Random Forest,2022-01-24,1,1,0.0806591279141182
ITUB4,1.01,75,SVC,2022-01-24,1,1,0.0806591279141182
ITUB4,1.01,75,RNA,2022-01-25,1,1,0.0484997812699279
ITUB4,1.01,75,Random Forest,2022-01-25,1,1,0.0484997812699279
ITUB4,1.01,75,SVC,2022-01-25,1,1,0.0484997812699279
ITUB4,1.01,75,RNA,2022-01-26,1,1,0.049731276264443
ITUB4,1.01,75,Random Forest,2022-01-26,1,1,0.049731276264443
ITUB4,1.01,75,SVC,2022-01-26,1,1,0.049731276264443
ITUB4,1.01,75,RNA,2022-01-27,1,1,0.064069473566501
ITUB4,1.01,75,Random Forest,2022-01-27,1,1,0.064069473566501
ITUB4,1.01,75,SVC,2022-01-27,1,1,0.064069473566501
ITUB4,1.01,75,RNA,2022-01-28,1,1,0.0420721099886232
ITUB4,1.01,75,Random Forest,2022-01-28,1,1,0.0420721099886232
ITUB4,1.01,75,SVC,2022-01-28,1,1,0.0420721099886232
ITUB4,1.01,75,RNA,2022-01-31,1,1,0.0185844547715112
ITUB4,1.01,75,Random Forest,2022-01-31,1,1,0.0185844547715112
ITUB4,1.01,75,SVC,2022-01-31,1,1,0.0185844547715112
ITUB4,1.01,75,RNA,2022-02-01,1,1,0.0113859797744479
ITUB4,1.01,75,Random Forest,2022-02-01,1,1,0.0113859797744479
ITUB4,1.01,75,SVC,2022-02-01,1,1,0.0113859797744479
ITUB4,1.01,75,RNA,2022-02-02,1,1,0.0222222281681947
ITUB4,1.01,75,Random Forest,2022-02-02,1,1,0.0222222281681947
ITUB4,1.01,75,SVC,2022-02-02,1,1,0.0222222281681947
ITUB4,1.01,75,RNA,2022-02-03,1,1,0.0206022553640792
ITUB4,1.01,75,Random Forest,2022-02-03,1,1,0.0206022553640792
ITUB4,1.01,75,SVC,2022-02-03,1,1,0.0206022553640792
ITUB4,1.01,75,RNA,2022-02-04,1,1,0.0106090078671399
ITUB4,1.01,75,Random Forest,2022-02-04,1,1,0.0106090078671399
ITUB4,1.01,75,SVC,2022-02-04,1,1,0.0106090078671399
ITUB4,1.01,75,RNA,2022-02-07,1,1,0.0680379628667453
ITUB4,1.01,75,Random Forest,2022-02-07,1,1,0.0680379628667453
ITUB4,1.01,75,SVC,2022-02-07,1,1,0.0680379628667453
ITUB4,1.01,75,RNA,2022-02-08,1,1,0.0821643226999038
ITUB4,1.01,75,Random Forest,2022-02-08,1,1,0.0821643226999038
ITUB4,1.01,75,SVC,2022-02-08,1,1,0.0821643226999038
ITUB4,1.01,75,RNA,2022-02-09,1,1,0.0997963502340921
ITUB4,1.01,75,Random Forest,2022-02-09,1,1,0.0997963502340921
ITUB4,1.01,75,SVC,2022-02-09,1,1,0.0997963502340921
ITUB4,1.01,75,RNA,2022-02-10,1,1,0.024667910809637
ITUB4,1.01,75,Random Forest,2022-02-10,1,1,0.024667910809637
ITUB4,1.01,75,SVC,2022-02-10,1,1,0.024667910809637
ITUB4,1.01,75,RNA,2022-02-11,1,1,0.0112782097830568
ITUB4,1.01,75,Random Forest,2022-02-11,1,1,0.0112782097830568
ITUB4,1.01,75,SVC,2022-02-11,1,1,0.0112782097830568
ITUB4,1.01,75,RNA,2022-02-14,0,1,-0.0235074318756265
ITUB4,1.01,75,Random Forest,2022-02-14,0,1,-0.0235074318756265
ITUB4,1.01,75,SVC,2022-02-14,0,1,-0.0235074318756265
ITUB4,1.01,75,RNA,2022-02-15,0,1,-0.0466766308714334
ITUB4,1.01,75,Random Forest,2022-02-15,0,1,-0.0466766308714334
ITUB4,1.01,75,SVC,2022-02-15,0,1,-0.0466766308714334
ITUB4,1.01,75,RNA,2022-02-16,0,1,-0.0240991402402619
ITUB4,1.01,75,Random Forest,2022-02-16,0,1,-0.0240991402402619
ITUB4,1.01,75,SVC,2022-02-16,0,1,-0.0240991402402619
ITUB4,1.01,75,RNA,2022-02-17,1,1,0.0125858174766388
ITUB4,1.01,75,Random Forest,2022-02-17,1,1,0.0125858174766388
ITUB4,1.01,75,SVC,2022-02-17,1,1,0.0125858174766388
ITUB4,1.01,75,RNA,2022-02-18,0,1,-0.0479084674639354
ITUB4,1.01,75,Random Forest,2022-02-18,0,1,-0.0479084674639354
ITUB4,1.01,75,SVC,2022-02-18,0,1,-0.0479084674639354
ITUB4,1.01,75,RNA,2022-02-21,1,1,0.0151456289742522
ITUB4,1.01,75,Random Forest,2022-02-21,1,1,0.0151456289742522
ITUB4,1.01,75,SVC,2022-02-21,1,1,0.0151456289742522
ITUB4,1.01,75,RNA,2022-02-22,1,1,0.0120294831124625
ITUB4,1.01,75,Random Forest,2022-02-22,1,1,0.0120294831124625
ITUB4,1.01,75,SVC,2022-02-22,1,1,0.0120294831124625
ITUB4,1.01,75,RNA,2022-02-23,1,1,0.0451687520653039
ITUB4,1.01,75,Random Forest,2022-02-23,1,0,0.0451687520653039
ITUB4,1.01,75,SVC,2022-02-23,1,1,0.0451687520653039
ITUB4,1.01,75,RNA,2022-02-24,1,1,0.0401256799484976
ITUB4,1.01,75,Random Forest,2022-02-24,1,1,0.0401256799484976
ITUB4,1.01,75,SVC,2022-02-24,1,1,0.0401256799484976
ITUB4,1.01,75,RNA,2022-02-25,1,1,0.0270162697164091
ITUB4,1.01,75,Random Forest,2022-02-25,1,1,0.0270162697164091
ITUB4,1.01,75,SVC,2022-02-25,1,1,0.0270162697164091
ITUB4,1.01,75,RNA,2022-03-02,1,0,0.0323482470863125
ITUB4,1.01,75,Random Forest,2022-03-02,1,1,0.0323482470863125
ITUB4,1.01,75,SVC,2022-03-02,1,1,0.0323482470863125
ITUB4,1.01,75,RNA,2022-03-03,0,1,0.0011966216512069
ITUB4,1.01,75,Random Forest,2022-03-03,0,1,0.0011966216512069
ITUB4,1.01,75,SVC,2022-03-03,0,1,0.0011966216512069
ITUB4,1.01,75,RNA,2022-03-04,1,1,0.0428512824656532
ITUB4,1.01,75,Random Forest,2022-03-04,1,1,0.0428512824656532
ITUB4,1.01,75,SVC,2022-03-04,1,1,0.0428512824656532
ITUB4,1.01,75,RNA,2022-03-07,1,1,0.0561287825794227
ITUB4,1.01,75,Random Forest,2022-03-07,1,1,0.0561287825794227
ITUB4,1.01,75,SVC,2022-03-07,1,1,0.0561287825794227
ITUB4,1.01,75,RNA,2022-03-08,1,1,0.0570012551511909
ITUB4,1.01,75,Random Forest,2022-03-08,1,1,0.0570012551511909
ITUB4,1.01,75,SVC,2022-03-08,1,1,0.0570012551511909
ITUB4,1.01,75,RNA,2022-03-09,1,1,0.0343573189920463
ITUB4,1.01,75,Random Forest,2022-03-09,1,1,0.0343573189920463
ITUB4,1.01,75,SVC,2022-03-09,1,1,0.0343573189920463
ITUB4,1.01,75,RNA,2022-03-10,1,1,0.0170432169460359
ITUB4,1.01,75,Random Forest,2022-03-10,1,1,0.0170432169460359
ITUB4,1.01,75,SVC,2022-03-10,1,1,0.0170432169460359
ITUB4,1.01,75,RNA,2022-03-11,1,1,0.0467625841187866
ITUB4,1.01,75,Random Forest,2022-03-11,1,1,0.0467625841187866
ITUB4,1.01,75,SVC,2022-03-11,1,1,0.0467625841187866
ITUB4,1.01,75,RNA,2022-03-14,1,1,0.0593388926517088
ITUB4,1.01,75,Random Forest,2022-03-14,1,1,0.0593388926517088
ITUB4,1.01,75,SVC,2022-03-14,1,1,0.0593388926517088
ITUB4,1.01,75,RNA,2022-03-15,1,1,0.0686390571528654
ITUB4,1.01,75,Random Forest,2022-03-15,1,1,0.0686390571528654
ITUB4,1.01,75,SVC,2022-03-15,1,1,0.0686390571528654
ITUB4,1.01,75,RNA,2022-03-16,1,1,0.0737129205725104
ITUB4,1.01,75,Random Forest,2022-03-16,1,1,0.0737129205725104
ITUB4,1.01,75,SVC,2022-03-16,1,1,0.0737129205725104
ITUB4,1.01,75,RNA,2022-03-17,1,1,0.0594097715633445
ITUB4,1.01,75,Random Forest,2022-03-17,1,1,0.0594097715633445
ITUB4,1.01,75,SVC,2022-03-17,1,1,0.0594097715633445
ITUB4,1.01,75,RNA,2022-03-18,1,1,0.0487897032316011
ITUB4,1.01,75,Random Forest,2022-03-18,1,1,0.0487897032316011
ITUB4,1.01,75,SVC,2022-03-18,1,1,0.0487897032316011
ITUB4,1.01,75,RNA,2022-03-21,1,1,0.0194853053684405
ITUB4,1.01,75,Random Forest,2022-03-21,1,0,0.0194853053684405
ITUB4,1.01,75,SVC,2022-03-21,1,1,0.0194853053684405
ITUB4,1.01,75,RNA,2022-03-22,1,1,0.0124132806706622
ITUB4,1.01,75,Random Forest,2022-03-22,1,1,0.0124132806706622
ITUB4,1.01,75,SVC,2022-03-22,1,1,0.0124132806706622
ITUB4,1.01,75,RNA,2022-03-23,1,1,0.027442376051892
ITUB4,1.01,75,Random Forest,2022-03-23,1,1,0.027442376051892
ITUB4,1.01,75,SVC,2022-03-23,1,1,0.027442376051892
ITUB4,1.01,75,RNA,2022-03-24,1,1,0.0203488222705303
ITUB4,1.01,75,Random Forest,2022-03-24,1,1,0.0203488222705303
ITUB4,1.01,75,SVC,2022-03-24,1,1,0.0203488222705303
ITUB4,1.01,75,RNA,2022-03-25,1,1,0.0196078287529255
ITUB4,1.01,75,Random Forest,2022-03-25,1,1,0.0196078287529255
ITUB4,1.01,75,SVC,2022-03-25,1,1,0.0196078287529255
ITUB4,1.01,75,RNA,2022-03-28,1,1,0.0133525951884052
ITUB4,1.01,75,Random Forest,2022-03-28,1,1,0.0133525951884052
ITUB4,1.01,75,SVC,2022-03-28,1,1,0.0133525951884052
ITUB4,1.01,75,RNA,2022-03-29,0,1,-0.0191260467010287
ITUB4,1.01,75,Random Forest,2022-03-29,0,1,-0.0191260467010287
ITUB4,1.01,75,SVC,2022-03-29,0,1,-0.0191260467010287
ITUB4,1.01,75,RNA,2022-03-30,0,1,-0.0402733956983835
ITUB4,1.01,75,Random Forest,2022-03-30,0,1,-0.0402733956983835
ITUB4,1.01,75,SVC,2022-03-30,0,1,-0.0402733956983835
ITUB4,1.01,75,RNA,2022-03-31,0,1,-0.035018065908836
ITUB4,1.01,75,Random Forest,2022-03-31,0,1,-0.035018065908836
ITUB4,1.01,75,SVC,2022-03-31,0,1,-0.035018065908836
ITUB4,1.01,75,RNA,2022-04-01,0,1,-0.0269581373545115
ITUB4,1.01,75,Random Forest,2022-04-01,0,1,-0.0269581373545115
ITUB4,1.01,75,SVC,2022-04-01,0,1,-0.0269581373545115
ITUB4,1.01,75,RNA,2022-04-04,0,0,-0.020932810595951
ITUB4,1.01,75,Random Forest,2022-04-04,0,0,-0.020932810595951
ITUB4,1.01,75,SVC,2022-04-04,0,1,-0.020932810595951
ITUB4,1.01,75,RNA,2022-04-05,1,1,0.0127964202688577
ITUB4,1.01,75,Random Forest,2022-04-05,1,0,0.0127964202688577
ITUB4,1.01,75,SVC,2022-04-05,1,1,0.0127964202688577
ITUB4,1.01,75,RNA,2022-04-06,1,1,0.014711443630792
ITUB4,1.01,75,Random Forest,2022-04-06,1,1,0.014711443630792
ITUB4,1.01,75,SVC,2022-04-06,1,1,0.014711443630792
ITUB4,1.01,75,RNA,2022-04-07,1,1,0.0128012380199342
ITUB4,1.01,75,Random Forest,2022-04-07,1,1,0.0128012380199342
ITUB4,1.01,75,SVC,2022-04-07,1,1,0.0128012380199342
ITUB4,1.01,75,RNA,2022-04-08,1,1,0.0112782337259462
ITUB4,1.01,75,Random Forest,2022-04-08,1,0,0.0112782337259462
ITUB4,1.01,75,SVC,2022-04-08,1,1,0.0112782337259462
ITUB4,1.01,75,RNA,2022-04-11,0,1,-0.0119403085524354
ITUB4,1.01,75,Random Forest,2022-04-11,0,1,-0.0119403085524354
ITUB4,1.01,75,SVC,2022-04-11,0,1,-0.0119403085524354
ITUB4,1.01,75,RNA,2022-04-12,1,1,0.0125571254530418
ITUB4,1.01,75,Random Forest,2022-04-12,1,1,0.0125571254530418
ITUB4,1.01,75,SVC,2022-04-12,1,1,0.0125571254530418
ITUB4,1.01,75,RNA,2022-04-13,1,1,0.0207134714159142
ITUB4,1.01,75,Random Forest,2022-04-13,1,1,0.0207134714159142
ITUB4,1.01,75,SVC,2022-04-13,1,1,0.0207134714159142
ITUB4,1.01,75,RNA,2022-04-14,1,1,0.0141006525098954
ITUB4,1.01,75,Random Forest,2022-04-14,1,1,0.0141006525098954
ITUB4,1.01,75,SVC,2022-04-14,1,1,0.0141006525098954
ITUB4,1.01,75,RNA,2022-04-18,0,1,-0.0358220153171914
ITUB4,1.01,75,Random Forest,2022-04-18,0,1,-0.0358220153171914
ITUB4,1.01,75,SVC,2022-04-18,0,1,-0.0358220153171914
ITUB4,1.01,75,RNA,2022-04-19,0,1,-0.0507301934568943
ITUB4,1.01,75,Random Forest,2022-04-19,0,1,-0.0507301934568943
ITUB4,1.01,75,SVC,2022-04-19,0,1,-0.0507301934568943
ITUB4,1.01,75,RNA,2022-04-20,0,1,-0.0540540287712879
ITUB4,1.01,75,Random Forest,2022-04-20,0,1,-0.0540540287712879
ITUB4,1.01,75,SVC,2022-04-20,0,1,-0.0540540287712879
ITUB4,1.01,75,RNA,2022-04-22,0,1,-0.0470588241504158
ITUB4,1.01,75,Random Forest,2022-04-22,0,1,-0.0470588241504158
ITUB4,1.01,75,SVC,2022-04-22,0,1,-0.0470588241504158
ITUB4,1.01,75,RNA,2022-04-25,0,1,-0.0550277017137272
ITUB4,1.01,75,Random Forest,2022-04-25,0,1,-0.0550277017137272
ITUB4,1.01,75,SVC,2022-04-25,0,1,-0.0550277017137272
ITUB4,1.01,75,RNA,2022-04-26,0,1,-0.0489169900846493
ITUB4,1.01,75,Random Forest,2022-04-26,0,1,-0.0489169900846493
ITUB4,1.01,75,SVC,2022-04-26,0,1,-0.0489169900846493
ITUB4,1.01,75,RNA,2022-04-27,1,1,0.017951850918052
ITUB4,1.01,75,Random Forest,2022-04-27,1,1,0.017951850918052
ITUB4,1.01,75,SVC,2022-04-27,1,1,0.017951850918052
ITUB4,1.01,75,RNA,2022-04-28,1,1,0.0200327360666732
ITUB4,1.01,75,Random Forest,2022-04-28,1,1,0.0200327360666732
ITUB4,1.01,75,SVC,2022-04-28,1,1,0.0200327360666732
ITUB4,1.01,75,RNA,2022-04-29,1,1,0.01214912394881
ITUB4,1.01,75,Random Forest,2022-04-29,1,1,0.01214912394881
ITUB4,1.01,75,SVC,2022-04-29,1,1,0.01214912394881
ITUB4,1.01,75,RNA,2022-05-02,1,1,0.0176470412044791
ITUB4,1.01,75,Random Forest,2022-05-02,1,1,0.0176470412044791
ITUB4,1.01,75,SVC,2022-05-02,1,1,0.0176470412044791
ITUB4,1.01,75,RNA,2022-05-03,1,1,0.0193602472503271
ITUB4,1.01,75,Random Forest,2022-05-03,1,1,0.0193602472503271
ITUB4,1.01,75,SVC,2022-05-03,1,1,0.0193602472503271
ITUB4,1.01,75,RNA,2022-05-04,1,0,0.0267062045527981
ITUB4,1.01,75,Random Forest,2022-05-04,1,1,0.0267062045527981
ITUB4,1.01,75,SVC,2022-05-04,1,1,0.0267062045527981
ITUB4,1.01,75,RNA,2022-05-05,1,1,0.0403779885571777
ITUB4,1.01,75,Random Forest,2022-05-05,1,1,0.0403779885571777
ITUB4,1.01,75,SVC,2022-05-05,1,1,0.0403779885571777
ITUB4,1.01,75,RNA,2022-05-06,1,1,0.0391744157072504
ITUB4,1.01,75,Random Forest,2022-05-06,1,1,0.0391744157072504
ITUB4,1.01,75,SVC,2022-05-06,1,1,0.0391744157072504
ITUB4,1.01,75,RNA,2022-05-09,1,1,0.0563798031783684
ITUB4,1.01,75,Random Forest,2022-05-09,1,1,0.0563798031783684
ITUB4,1.01,75,SVC,2022-05-09,1,1,0.0563798031783684
ITUB4,1.01,75,RNA,2022-05-10,1,1,0.0825492205086841
ITUB4,1.01,75,Random Forest,2022-05-10,1,1,0.0825492205086841
ITUB4,1.01,75,SVC,2022-05-10,1,1,0.0825492205086841
ITUB4,1.01,75,RNA,2022-05-11,1,1,0.0706226484780316
ITUB4,1.01,75,Random Forest,2022-05-11,1,1,0.0706226484780316
ITUB4,1.01,75,SVC,2022-05-11,1,1,0.0706226484780316
ITUB4,1.01,75,RNA,2022-05-12,1,1,0.0376670973056056
ITUB4,1.01,75,Random Forest,2022-05-12,1,1,0.0376670973056056
ITUB4,1.01,75,SVC,2022-05-12,1,1,0.0376670973056056
ITUB4,1.01,75,RNA,2022-05-13,1,1,0.0309859022282708
ITUB4,1.01,75,Random Forest,2022-05-13,1,1,0.0309859022282708
ITUB4,1.01,75,SVC,2022-05-13,1,1,0.0309859022282708
ITUB4,1.01,75,RNA,2022-05-16,1,1,0.0102523658051161
ITUB4,1.01,75,Random Forest,2022-05-16,1,1,0.0102523658051161
ITUB4,1.01,75,SVC,2022-05-16,1,1,0.0102523658051161
ITUB4,1.01,75,RNA,2022-05-17,1,1,0.0325655239541964
ITUB4,1.01,75,Random Forest,2022-05-17,1,1,0.0325655239541964
ITUB4,1.01,75,SVC,2022-05-17,1,1,0.0325655239541964
ITUB4,1.01,75,RNA,2022-05-18,1,1,0.055377198528993
ITUB4,1.01,75,Random Forest,2022-05-18,1,1,0.055377198528993
ITUB4,1.01,75,SVC,2022-05-18,1,1,0.055377198528993
ITUB4,1.01,75,RNA,2022-05-19,1,1,0.0482263808902363
ITUB4,1.01,75,Random Forest,2022-05-19,1,1,0.0482263808902363
ITUB4,1.01,75,SVC,2022-05-19,1,1,0.0482263808902363
ITUB4,1.01,75,RNA,2022-05-20,1,1,0.0399367510682473
ITUB4,1.01,75,Random Forest,2022-05-20,1,1,0.0399367510682473
ITUB4,1.01,75,SVC,2022-05-20,1,1,0.0399367510682473
ITUB4,1.01,75,RNA,2022-05-23,1,1,0.0288162039864163
ITUB4,1.01,75,Random Forest,2022-05-23,1,1,0.0288162039864163
ITUB4,1.01,75,SVC,2022-05-23,1,1,0.0288162039864163
ITUB4,1.01,75,RNA,2022-05-24,1,1,0.014971209094128
ITUB4,1.01,75,Random Forest,2022-05-24,1,1,0.014971209094128
ITUB4,1.01,75,SVC,2022-05-24,1,1,0.014971209094128
ITUB4,1.01,75,RNA,2022-05-25,1,1,0.0275942683981698
ITUB4,1.01,75,Random Forest,2022-05-25,1,1,0.0275942683981698
ITUB4,1.01,75,SVC,2022-05-25,1,1,0.0275942683981698
ITUB4,1.01,75,RNA,2022-05-26,1,1,0.0145817222588129
ITUB4,1.01,75,Random Forest,2022-05-26,1,1,0.0145817222588129
ITUB4,1.01,75,SVC,2022-05-26,1,1,0.0145817222588129
ITUB4,1.01,75,RNA,2022-05-27,0,1,-0.0137995024253322
ITUB4,1.01,75,Random Forest,2022-05-27,0,1,-0.0137995024253322
ITUB4,1.01,75,SVC,2022-05-27,0,1,-0.0137995024253322
ITUB4,1.01,75,RNA,2022-05-30,0,1,-0.0203310780095277
ITUB4,1.01,75,Random Forest,2022-05-30,0,1,-0.0203310780095277
ITUB4,1.01,75,SVC,2022-05-30,0,1,-0.0203310780095277
ITUB4,1.01,75,RNA,2022-05-31,0,1,-0.0277672243527614
ITUB4,1.01,75,Random Forest,2022-05-31,0,1,-0.0277672243527614
ITUB4,1.01,75,SVC,2022-05-31,0,1,-0.0277672243527614
ITUB4,1.01,75,RNA,2022-06-01,0,1,-0.0176786889121048
ITUB4,1.01,75,Random Forest,2022-06-01,0,0,-0.0176786889121048
ITUB4,1.01,75,SVC,2022-06-01,0,1,-0.0176786889121048
ITUB4,1.01,75,RNA,2022-06-02,0,1,-0.026407777815245
ITUB4,1.01,75,Random Forest,2022-06-02,0,1,-0.026407777815245
ITUB4,1.01,75,SVC,2022-06-02,0,1,-0.026407777815245
ITUB4,1.01,75,RNA,2022-06-03,0,0,-0.0468085250204608
ITUB4,1.01,75,Random Forest,2022-06-03,0,0,-0.0468085250204608
ITUB4,1.01,75,SVC,2022-06-03,0,1,-0.0468085250204608
ITUB4,1.01,75,RNA,2022-06-06,0,1,-0.0537888035915916
ITUB4,1.01,75,Random Forest,2022-06-06,0,0,-0.0537888035915916
ITUB4,1.01,75,SVC,2022-06-06,0,1,-0.0537888035915916
ITUB4,1.01,75,RNA,2022-06-07,0,1,-0.0644400406712316
ITUB4,1.01,75,Random Forest,2022-06-07,0,0,-0.0644400406712316
ITUB4,1.01,75,SVC,2022-06-07,0,1,-0.0644400406712316
ITUB4,1.01,75,RNA,2022-06-08,0,1,-0.0562649363477463
ITUB4,1.01,75,Random Forest,2022-06-08,0,0,-0.0562649363477463
ITUB4,1.01,75,SVC,2022-06-08,0,1,-0.0562649363477463
ITUB4,1.01,75,RNA,2022-06-09,0,1,-0.032192312455432
ITUB4,1.01,75,Random Forest,2022-06-09,0,1,-0.032192312455432
ITUB4,1.01,75,SVC,2022-06-09,0,1,-0.032192312455432
ITUB4,1.01,75,RNA,2022-06-10,0,1,-0.0229166936191477
ITUB4,1.01,75,Random Forest,2022-06-10,0,1,-0.0229166936191477
ITUB4,1.01,75,SVC,2022-06-10,0,1,-0.0229166936191477
ITUB4,1.01,75,RNA,2022-06-13,1,1,0.0289672784292056
ITUB4,1.01,75,Random Forest,2022-06-13,1,1,0.0289672784292056
ITUB4,1.01,75,SVC,2022-06-13,1,1,0.0289672784292056
ITUB4,1.01,75,RNA,2022-06-14,1,1,0.0305184092137662
ITUB4,1.01,75,Random Forest,2022-06-14,1,1,0.0305184092137662
ITUB4,1.01,75,SVC,2022-06-14,1,1,0.0305184092137662
ITUB4,1.01,75,RNA,2022-06-15,1,1,0.0561268433615489
ITUB4,1.01,75,Random Forest,2022-06-15,1,1,0.0561268433615489
ITUB4,1.01,75,SVC,2022-06-15,1,1,0.0561268433615489
ITUB4,1.01,75,RNA,2022-06-17,1,1,0.045377459659613
ITUB4,1.01,75,Random Forest,2022-06-17,1,1,0.045377459659613
ITUB4,1.01,75,SVC,2022-06-17,1,1,0.045377459659613
ITUB4,1.01,75,RNA,2022-06-20,0,1,-0.0456026274335767
ITUB4,1.01,75,Random Forest,2022-06-20,0,1,-0.0456026274335767
ITUB4,1.01,75,SVC,2022-06-20,0,1,-0.0456026274335767
ITUB4,1.01,75,RNA,2022-06-21,0,1,-0.0284301836254713
ITUB4,1.01,75,Random Forest,2022-06-21,0,1,-0.0284301836254713
ITUB4,1.01,75,SVC,2022-06-21,0,1,-0.0284301836254713
ITUB4,1.01,75,RNA,2022-06-22,0,1,-0.0307564126464507
ITUB4,1.01,75,Random Forest,2022-06-22,0,1,-0.0307564126464507
ITUB4,1.01,75,SVC,2022-06-22,0,1,-0.0307564126464507
ITUB4,1.01,75,RNA,2022-06-23,0,1,-0.0257492468736639
ITUB4,1.01,75,Random Forest,2022-06-23,0,1,-0.0257492468736639
ITUB4,1.01,75,SVC,2022-06-23,0,1,-0.0257492468736639
ITUB4,1.01,75,RNA,2022-06-24,1,0,0.0131746981633773
ITUB4,1.01,75,Random Forest,2022-06-24,1,1,0.0131746981633773
ITUB4,1.01,75,SVC,2022-06-24,1,1,0.0131746981633773
ITUB4,1.01,75,RNA,2022-06-27,0,1,-0.0363331442232922
ITUB4,1.01,75,Random Forest,2022-06-27,0,0,-0.0363331442232922
ITUB4,1.01,75,SVC,2022-06-27,0,1,-0.0363331442232922
ITUB4,1.01,75,RNA,2022-06-28,0,1,-0.0350386772035582
ITUB4,1.01,75,Random Forest,2022-06-28,0,0,-0.0350386772035582
ITUB4,1.01,75,SVC,2022-06-28,0,1,-0.0350386772035582
ITUB4,1.01,75,RNA,2022-06-29,0,0,-0.0005360591833839
ITUB4,1.01,75,Random Forest,2022-06-29,0,1,-0.0005360591833839
ITUB4,1.01,75,SVC,2022-06-29,0,1,-0.0005360591833839
ITUB4,1.01,75,RNA,2022-06-30,1,0,0.0291218372710995
ITUB4,1.01,75,Random Forest,2022-06-30,1,1,0.0291218372710995
ITUB4,1.01,75,SVC,2022-06-30,1,1,0.0291218372710995
ITUB4,1.01,75,RNA,2022-07-01,1,1,0.0167622727559524
ITUB4,1.01,75,Random Forest,2022-07-01,1,0,0.0167622727559524
ITUB4,1.01,75,SVC,2022-07-01,1,1,0.0167622727559524
ITUB4,1.01,75,RNA,2022-07-04,1,1,0.0337777822878626
ITUB4,1.01,75,Random Forest,2022-07-04,1,0,0.0337777822878626
ITUB4,1.01,75,SVC,2022-07-04,1,1,0.0337777822878626
ITUB4,1.01,75,RNA,2022-07-05,1,0,0.0287483155109851
ITUB4,1.01,75,Random Forest,2022-07-05,1,1,0.0287483155109851
ITUB4,1.01,75,SVC,2022-07-05,1,1,0.0287483155109851
ITUB4,1.01,75,RNA,2022-07-06,1,1,0.0206230933054667
ITUB4,1.01,75,Random Forest,2022-07-06,1,0,0.0206230933054667
ITUB4,1.01,75,SVC,2022-07-06,1,1,0.0206230933054667
ITUB4,1.01,75,RNA,2022-07-07,0,1,-0.0357296566372041
ITUB4,1.01,75,Random Forest,2022-07-07,0,1,-0.0357296566372041
ITUB4,1.01,75,SVC,2022-07-07,0,1,-0.0357296566372041
ITUB4,1.01,75,RNA,2022-07-08,0,1,-0.0194777031141839
ITUB4,1.01,75,Random Forest,2022-07-08,0,0,-0.0194777031141839
ITUB4,1.01,75,SVC,2022-07-08,0,1,-0.0194777031141839
ITUB4,1.01,75,RNA,2022-07-11,0,1,0.0008876944070723
ITUB4,1.01,75,Random Forest,2022-07-11,0,0,0.0008876944070723
ITUB4,1.01,75,SVC,2022-07-11,0,1,0.0008876944070723
ITUB4,1.01,75,RNA,2022-07-12,1,0,0.027703327439519
ITUB4,1.01,75,Random Forest,2022-07-12,1,0,0.027703327439519
ITUB4,1.01,75,SVC,2022-07-12,1,1,0.027703327439519
ITUB4,1.01,75,RNA,2022-07-13,1,1,0.0697569357639433
ITUB4,1.01,75,Random Forest,2022-07-13,1,0,0.0697569357639433
ITUB4,1.01,75,SVC,2022-07-13,1,1,0.0697569357639433
ITUB4,1.01,75,RNA,2022-07-14,1,1,0.0707207336925679
ITUB4,1.01,75,Random Forest,2022-07-14,1,1,0.0707207336925679
ITUB4,1.01,75,SVC,2022-07-14,1,1,0.0707207336925679
ITUB4,1.01,75,RNA,2022-07-15,1,1,0.0480599381722823
ITUB4,1.01,75,Random Forest,2022-07-15,1,1,0.0480599381722823
ITUB4,1.01,75,SVC,2022-07-15,1,1,0.0480599381722823
ITUB4,1.01,75,RNA,2022-07-18,1,1,0.0411738595981889
ITUB4,1.01,75,Random Forest,2022-07-18,1,1,0.0411738595981889
ITUB4,1.01,75,SVC,2022-07-18,1,1,0.0411738595981889
ITUB4,1.01,75,RNA,2022-07-19,1,0,0.0110638659268809
ITUB4,1.01,75,Random Forest,2022-07-19,1,1,0.0110638659268809
ITUB4,1.01,75,SVC,2022-07-19,1,1,0.0110638659268809
ITUB4,1.01,75,RNA,2022-07-20,1,1,0.0266323228257965
ITUB4,1.01,75,Random Forest,2022-07-20,1,1,0.0266323228257965
ITUB4,1.01,75,SVC,2022-07-20,1,1,0.0266323228257965
ITUB4,1.01,75,RNA,2022-07-21,1,1,0.0127118795988641
ITUB4,1.01,75,Random Forest,2022-07-21,1,1,0.0127118795988641
ITUB4,1.01,75,SVC,2022-07-21,1,1,0.0127118795988641
ITUB4,1.01,75,RNA,2022-07-22,1,1,0.0213675471223346
ITUB4,1.01,75,Random Forest,2022-07-22,1,1,0.0213675471223346
ITUB4,1.01,75,SVC,2022-07-22,1,1,0.0213675471223346
ITUB4,1.01,75,RNA,2022-07-25,1,1,0.0148116975784604
ITUB4,1.01,75,Random Forest,2022-07-25,1,1,0.0148116975784604
ITUB4,1.01,75,SVC,2022-07-25,1,1,0.0148116975784604
ITUB4,1.01,75,RNA,2022-07-26,1,1,0.0152413620321876
ITUB4,1.01,75,Random Forest,2022-07-26,1,1,0.0152413620321876
ITUB4,1.01,75,SVC,2022-07-26,1,1,0.0152413620321876
ITUB4,1.01,75,RNA,2022-07-27,1,1,0.0182590566286195
ITUB4,1.01,75,Random Forest,2022-07-27,1,1,0.0182590566286195
ITUB4,1.01,75,SVC,2022-07-27,1,1,0.0182590566286195
ITUB4,1.01,75,RNA,2022-07-28,1,1,0.010109565981982
ITUB4,1.01,75,Random Forest,2022-07-28,1,1,0.010109565981982
ITUB4,1.01,75,SVC,2022-07-28,1,1,0.010109565981982
ITUB4,1.01,75,RNA,2022-07-29,1,1,0.0301886611959589
ITUB4,1.01,75,Random Forest,2022-07-29,1,1,0.0301886611959589
ITUB4,1.01,75,SVC,2022-07-29,1,1,0.0301886611959589
ITUB4,1.01,75,RNA,2022-08-01,1,1,0.0634786543870638
ITUB4,1.01,75,Random Forest,2022-08-01,1,1,0.0634786543870638
ITUB4,1.01,75,SVC,2022-08-01,1,1,0.0634786543870638
ITUB4,1.01,75,RNA,2022-08-02,1,1,0.0670886062330078
ITUB4,1.01,75,Random Forest,2022-08-02,1,1,0.0670886062330078
ITUB4,1.01,75,SVC,2022-08-02,1,1,0.0670886062330078
ITUB4,1.01,75,RNA,2022-08-03,1,1,0.0927234899623232
ITUB4,1.01,75,Random Forest,2022-08-03,1,1,0.0927234899623232
ITUB4,1.01,75,SVC,2022-08-03,1,1,0.0927234899623232
ITUB4,1.01,75,RNA,2022-08-04,1,1,0.0820743380437973
ITUB4,1.01,75,Random Forest,2022-08-04,1,1,0.0820743380437973
ITUB4,1.01,75,SVC,2022-08-04,1,1,0.0820743380437973
ITUB4,1.01,75,RNA,2022-08-05,1,1,0.0677831098024766
ITUB4,1.01,75,Random Forest,2022-08-05,1,1,0.0677831098024766
ITUB4,1.01,75,SVC,2022-08-05,1,1,0.0677831098024766
ITUB4,1.01,75,RNA,2022-08-08,1,1,0.0288018546589094
ITUB4,1.01,75,Random Forest,2022-08-08,1,1,0.0288018546589094
ITUB4,1.01,75,SVC,2022-08-08,1,1,0.0288018546589094
ITUB4,1.01,75,RNA,2022-08-09,1,1,0.0363149885336344
ITUB4,1.01,75,Random Forest,2022-08-09,1,1,0.0363149885336344
ITUB4,1.01,75,SVC,2022-08-09,1,1,0.0363149885336344
ITUB4,1.01,75,RNA,2022-08-10,1,1,0.0270371595578606
ITUB4,1.01,75,Random Forest,2022-08-10,1,0,0.0270371595578606
ITUB4,1.01,75,SVC,2022-08-10,1,1,0.0270371595578606
ITUB4,1.01,75,RNA,2022-08-11,1,1,0.0334712302411992
ITUB4,1.01,75,Random Forest,2022-08-11,1,0,0.0334712302411992
ITUB4,1.01,75,SVC,2022-08-11,1,1,0.0334712302411992
ITUB4,1.01,75,RNA,2022-08-12,1,1,0.0447988082143453
ITUB4,1.01,75,Random Forest,2022-08-12,1,1,0.0447988082143453
ITUB4,1.01,75,SVC,2022-08-12,1,1,0.0447988082143453
ITUB4,1.01,75,RNA,2022-08-15,1,0,0.0215293180264566
ITUB4,1.01,75,Random Forest,2022-08-15,1,1,0.0215293180264566
ITUB4,1.01,75,SVC,2022-08-15,1,1,0.0215293180264566
ITUB4,1.01,75,RNA,2022-08-16,1,1,0.0162481574987558
ITUB4,1.01,75,Random Forest,2022-08-16,1,1,0.0162481574987558
ITUB4,1.01,75,SVC,2022-08-16,1,1,0.0162481574987558
ITUB4,1.01,75,RNA,2022-08-17,0,1,-0.0244632343440613
ITUB4,1.01,75,Random Forest,2022-08-17,0,1,-0.0244632343440613
ITUB4,1.01,75,SVC,2022-08-17,0,1,-0.0244632343440613
ITUB4,1.01,75,RNA,2022-08-18,0,1,-0.010447767475726
ITUB4,1.01,75,Random Forest,2022-08-18,0,1,-0.010447767475726
ITUB4,1.01,75,SVC,2022-08-18,0,1,-0.010447767475726
ITUB4,1.01,75,RNA,2022-08-19,1,1,0.0178030265522124
ITUB4,1.01,75,Random Forest,2022-08-19,1,1,0.0178030265522124
ITUB4,1.01,75,SVC,2022-08-19,1,1,0.0178030265522124
ITUB4,1.01,75,RNA,2022-08-22,1,0,0.0299810061675065
ITUB4,1.01,75,Random Forest,2022-08-22,1,1,0.0299810061675065
ITUB4,1.01,75,SVC,2022-08-22,1,1,0.0299810061675065
ITUB4,1.01,75,RNA,2022-08-23,1,1,0.0299810061675065
ITUB4,1.01,75,Random Forest,2022-08-23,1,1,0.0299810061675065
ITUB4,1.01,75,SVC,2022-08-23,1,1,0.0299810061675065
ITUB4,1.01,75,RNA,2022-08-24,1,1,0.0199173147191049
ITUB4,1.01,75,Random Forest,2022-08-24,1,0,0.0199173147191049
ITUB4,1.01,75,SVC,2022-08-24,1,1,0.0199173147191049
ITUB4,1.01,75,RNA,2022-08-25,0,1,-0.040520448370624
ITUB4,1.01,75,Random Forest,2022-08-25,0,0,-0.040520448370624
ITUB4,1.01,75,SVC,2022-08-25,0,1,-0.040520448370624
ITUB4,1.01,75,RNA,2022-08-26,1,1,0.0135644462319861
ITUB4,1.01,75,Random Forest,2022-08-26,1,1,0.0135644462319861
ITUB4,1.01,75,SVC,2022-08-26,1,1,0.0135644462319861
ITUB4,1.01,75,RNA,2022-08-29,0,1,-0.0053098970989149
ITUB4,1.01,75,Random Forest,2022-08-29,0,1,-0.0053098970989149
ITUB4,1.01,75,SVC,2022-08-29,0,1,-0.0053098970989149
ITUB4,1.01,75,RNA,2022-08-30,1,1,0.0220794488641768
ITUB4,1.01,75,Random Forest,2022-08-30,1,1,0.0220794488641768
ITUB4,1.01,75,SVC,2022-08-30,1,1,0.0220794488641768
ITUB4,1.01,75,RNA,2022-08-31,1,1,0.0448963798566997
ITUB4,1.01,75,Random Forest,2022-08-31,1,0,0.0448963798566997
ITUB4,1.01,75,SVC,2022-08-31,1,1,0.0448963798566997
ITUB4,1.01,75,RNA,2022-09-01,1,0,0.0333965877061461
ITUB4,1.01,75,Random Forest,2022-09-01,1,1,0.0333965877061461
ITUB4,1.01,75,SVC,2022-09-01,1,1,0.0333965877061461
ITUB4,1.01,75,RNA,2022-09-02,1,1,0.0221471151764578
ITUB4,1.01,75,Random Forest,2022-09-02,1,1,0.0221471151764578
ITUB4,1.01,75,SVC,2022-09-02,1,1,0.0221471151764578
ITUB4,1.01,75,RNA,2022-09-05,1,1,0.0232209403372787
ITUB4,1.01,75,Random Forest,2022-09-05,1,1,0.0232209403372787
ITUB4,1.01,75,SVC,2022-09-05,1,1,0.0232209403372787
ITUB4,1.01,75,RNA,2022-09-06,1,1,0.0156133605786528
ITUB4,1.01,75,Random Forest,2022-09-06,1,1,0.0156133605786528
ITUB4,1.01,75,SVC,2022-09-06,1,1,0.0156133605786528
ITUB4,1.01,75,RNA,2022-09-08,1,1,0.0232209403372787
ITUB4,1.01,75,Random Forest,2022-09-08,1,1,0.0232209403372787
ITUB4,1.01,75,SVC,2022-09-08,1,1,0.0232209403372787
ITUB4,1.01,75,RNA,2022-09-09,1,1,0.0118518349711349
ITUB4,1.01,75,Random Forest,2022-09-09,1,1,0.0118518349711349
ITUB4,1.01,75,SVC,2022-09-09,1,1,0.0118518349711349
ITUB4,1.01,75,RNA,2022-09-12,1,1,0.0107886750411452
ITUB4,1.01,75,Random Forest,2022-09-12,1,1,0.0107886750411452
ITUB4,1.01,75,SVC,2022-09-12,1,1,0.0107886750411452
ITUB4,1.01,75,RNA,2022-09-13,1,1,0.039640979866611
ITUB4,1.01,75,Random Forest,2022-09-13,1,1,0.039640979866611
ITUB4,1.01,75,SVC,2022-09-13,1,1,0.039640979866611
ITUB4,1.01,75,RNA,2022-09-14,1,1,0.0762298055066221
ITUB4,1.01,75,Random Forest,2022-09-14,1,1,0.0762298055066221
ITUB4,1.01,75,SVC,2022-09-14,1,1,0.0762298055066221
ITUB4,1.01,75,RNA,2022-09-15,1,1,0.0781955291287419
ITUB4,1.01,75,Random Forest,2022-09-15,1,1,0.0781955291287419
ITUB4,1.01,75,SVC,2022-09-15,1,1,0.0781955291287419
ITUB4,1.01,75,RNA,2022-09-16,1,0,0.0898158828769895
ITUB4,1.01,75,Random Forest,2022-09-16,1,1,0.0898158828769895
ITUB4,1.01,75,SVC,2022-09-16,1,1,0.0898158828769895
ITUB4,1.01,75,RNA,2022-09-19,1,1,0.0424155154093417
ITUB4,1.01,75,Random Forest,2022-09-19,1,1,0.0424155154093417
ITUB4,1.01,75,SVC,2022-09-19,1,1,0.0424155154093417
ITUB4,1.01,75,RNA,2022-09-20,1,0,0.0139859938830517
ITUB4,1.01,75,Random Forest,2022-09-20,1,1,0.0139859938830517
ITUB4,1.01,75,SVC,2022-09-20,1,1,0.0139859938830517
ITUB4,1.01,75,RNA,2022-09-21,1,1,0.0143406579389835
ITUB4,1.01,75,Random Forest,2022-09-21,1,1,0.0143406579389835
ITUB4,1.01,75,SVC,2022-09-21,1,1,0.0143406579389835
ITUB4,1.01,75,RNA,2022-09-22,0,1,-0.0309859187811997
ITUB4,1.01,75,Random Forest,2022-09-22,0,1,-0.0309859187811997
ITUB4,1.01,75,SVC,2022-09-22,0,1,-0.0309859187811997
ITUB4,1.01,75,RNA,2022-09-23,0,1,-0.0071098370832829
ITUB4,1.01,75,Random Forest,2022-09-23,0,1,-0.0071098370832829
ITUB4,1.01,75,SVC,2022-09-23,0,1,-0.0071098370832829
ITUB4,1.01,75,RNA,2022-09-26,0,1,0.0028591810669964
ITUB4,1.01,75,Random Forest,2022-09-26,0,1,0.0028591810669964
ITUB4,1.01,75,SVC,2022-09-26,0,1,0.0028591810669964
ITUB4,1.01,75,RNA,2022-09-27,1,1,0.0804475099369617
ITUB4,1.01,75,Random Forest,2022-09-27,1,1,0.0804475099369617
ITUB4,1.01,75,SVC,2022-09-27,1,1,0.0804475099369617
ITUB4,1.01,75,RNA,2022-09-28,1,1,0.100838121628203
ITUB4,1.01,75,Random Forest,2022-09-28,1,1,0.100838121628203
ITUB4,1.01,75,SVC,2022-09-28,1,1,0.100838121628203
ITUB4,1.01,75,RNA,2022-09-29,1,1,0.0869835998300745
ITUB4,1.01,75,Random Forest,2022-09-29,1,1,0.0869835998300745
ITUB4,1.01,75,SVC,2022-09-29,1,1,0.0869835998300745
ITUB4,1.01,75,RNA,2022-09-30,1,1,0.0493227056935587
ITUB4,1.01,75,Random Forest,2022-09-30,1,1,0.0493227056935587
ITUB4,1.01,75,SVC,2022-09-30,1,1,0.0493227056935587
ITUB4,1.01,75,RNA,2022-10-03,0,1,-0.0216883899160162
ITUB4,1.01,75,Random Forest,2022-10-03,0,0,-0.0216883899160162
ITUB4,1.01,75,SVC,2022-10-03,0,1,-0.0216883899160162
ITUB4,1.01,75,RNA,2022-10-04,0,1,-0.0287914252056065
ITUB4,1.01,75,Random Forest,2022-10-04,0,0,-0.0287914252056065
ITUB4,1.01,75,SVC,2022-10-04,0,1,-0.0287914252056065
ITUB4,1.01,75,RNA,2022-10-05,0,0,-0.0364548274555773
ITUB4,1.01,75,Random Forest,2022-10-05,0,0,-0.0364548274555773
ITUB4,1.01,75,SVC,2022-10-05,0,0,-0.0364548274555773
ITUB4,1.01,75,RNA,2022-10-06,1,1,0.0116438477398845
ITUB4,1.01,75,Random Forest,2022-10-06,1,0,0.0116438477398845
ITUB4,1.01,75,SVC,2022-10-06,1,0,0.0116438477398845
ITUB4,1.01,75,RNA,2022-10-07,0,1,-0.0281546882763017
ITUB4,1.01,75,Random Forest,2022-10-07,0,0,-0.0281546882763017
ITUB4,1.01,75,SVC,2022-10-07,0,0,-0.0281546882763017
ITUB4,1.01,75,RNA,2022-10-10,0,1,-0.0006920638001016
ITUB4,1.01,75,Random Forest,2022-10-10,0,0,-0.0006920638001016
ITUB4,1.01,75,SVC,2022-10-10,0,0,-0.0006920638001016
ITUB4,1.01,75,RNA,2022-10-11,1,1,0.0382456374808437
ITUB4,1.01,75,Random Forest,2022-10-11,1,0,0.0382456374808437
ITUB4,1.01,75,SVC,2022-10-11,1,0,0.0382456374808437
ITUB4,1.01,75,RNA,2022-10-13,1,1,0.0351304604197713
ITUB4,1.01,75,Random Forest,2022-10-13,1,0,0.0351304604197713
ITUB4,1.01,75,SVC,2022-10-13,1,0,0.0351304604197713
ITUB4,1.01,75,RNA,2022-10-14,1,0,0.0452660595772733
ITUB4,1.01,75,Random Forest,2022-10-14,1,1,0.0452660595772733
ITUB4,1.01,75,SVC,2022-10-14,1,0,0.0452660595772733
ITUB4,1.01,75,RNA,2022-10-17,1,1,0.0675767969956944
ITUB4,1.01,75,Random Forest,2022-10-17,1,0,0.0675767969956944
ITUB4,1.01,75,SVC,2022-10-17,1,0,0.0675767969956944
ITUB4,1.01,75,RNA,2022-10-18,1,1,0.0581867288869737
ITUB4,1.01,75,Random Forest,2022-10-18,1,1,0.0581867288869737
ITUB4,1.01,75,SVC,2022-10-18,1,1,0.0581867288869737
ITUB4,1.01,75,RNA,2022-10-19,1,1,0.0496644276200199
ITUB4,1.01,75,Random Forest,2022-10-19,1,0,0.0496644276200199
ITUB4,1.01,75,SVC,2022-10-19,1,1,0.0496644276200199
ITUB4,1.01,75,RNA,2022-10-20,1,1,0.0451052363415873
ITUB4,1.01,75,Random Forest,2022-10-20,1,0,0.0451052363415873
ITUB4,1.01,75,SVC,2022-10-20,1,1,0.0451052363415873
ITUB4,1.01,75,RNA,2022-10-21,0,0,-0.0486854687298442
ITUB4,1.01,75,Random Forest,2022-10-21,0,1,-0.0486854687298442
ITUB4,1.01,75,SVC,2022-10-21,0,1,-0.0486854687298442
ITUB4,1.01,75,RNA,2022-10-24,0,1,-0.0037099348777994
ITUB4,1.01,75,Random Forest,2022-10-24,0,0,-0.0037099348777994
ITUB4,1.01,75,SVC,2022-10-24,0,1,-0.0037099348777994
ITUB4,1.01,75,RNA,2022-10-25,1,1,0.0541379386771145
ITUB4,1.01,75,Random Forest,2022-10-25,1,1,0.0541379386771145
ITUB4,1.01,75,SVC,2022-10-25,1,1,0.0541379386771145
ITUB4,1.01,75,RNA,2022-10-26,1,1,0.0755131899057708
ITUB4,1.01,75,Random Forest,2022-10-26,1,1,0.0755131899057708
ITUB4,1.01,75,SVC,2022-10-26,1,1,0.0755131899057708
ITUB4,1.01,75,RNA,2022-10-27,1,1,0.0718312142974715
ITUB4,1.01,75,Random Forest,2022-10-27,1,1,0.0718312142974715
ITUB4,1.01,75,SVC,2022-10-27,1,1,0.0718312142974715
ITUB4,1.01,75,RNA,2022-10-28,1,1,0.0795927558282927
ITUB4,1.01,75,Random Forest,2022-10-28,1,1,0.0795927558282927
ITUB4,1.01,75,SVC,2022-10-28,1,1,0.0795927558282927
ITUB4,1.01,75,RNA,2022-10-31,0,1,-0.0432257963905406
ITUB4,1.01,75,Random Forest,2022-10-31,0,1,-0.0432257963905406
ITUB4,1.01,75,SVC,2022-10-31,0,1,-0.0432257963905406
ITUB4,1.01,75,RNA,2022-11-01,1,0,0.0309999840621133
ITUB4,1.01,75,Random Forest,2022-11-01,1,0,0.0309999840621133
ITUB4,1.01,75,SVC,2022-11-01,1,1,0.0309999840621133
ITUB4,1.01,75,RNA,2022-11-03,0,0,-0.0827631366627924
ITUB4,1.01,75,Random Forest,2022-11-03,0,0,-0.0827631366627924
ITUB4,1.01,75,SVC,2022-11-03,0,1,-0.0827631366627924
ITUB4,1.01,75,RNA,2022-11-04,0,1,-0.0814765459901348
ITUB4,1.01,75,Random Forest,2022-11-04,0,1,-0.0814765459901348
ITUB4,1.01,75,SVC,2022-11-04,0,1,-0.0814765459901348
ITUB4,1.01,75,RNA,2022-11-07,0,1,-0.0923599290187667
ITUB4,1.01,75,Random Forest,2022-11-07,0,1,-0.0923599290187667
ITUB4,1.01,75,SVC,2022-11-07,0,1,-0.0923599290187667
ITUB4,1.01,75,RNA,2022-11-08,1,1,0.0143056573792375
ITUB4,1.01,75,Random Forest,2022-11-08,1,1,0.0143056573792375
ITUB4,1.01,75,SVC,2022-11-08,1,1,0.0143056573792375
ITUB4,1.01,75,RNA,2022-11-09,1,1,0.0307017512011433
ITUB4,1.01,75,Random Forest,2022-11-09,1,1,0.0307017512011433
ITUB4,1.01,75,SVC,2022-11-09,1,1,0.0307017512011433
ITUB4,1.01,75,RNA,2022-11-10,0,1,-0.0560714029941342
ITUB4,1.01,75,Random Forest,2022-11-10,0,0,-0.0560714029941342
ITUB4,1.01,75,SVC,2022-11-10,0,1,-0.0560714029941342
ITUB4,1.01,75,RNA,2022-11-11,0,1,-0.0151570733155699
ITUB4,1.01,75,Random Forest,2022-11-11,0,1,-0.0151570733155699
ITUB4,1.01,75,SVC,2022-11-11,0,1,-0.0151570733155699
ITUB4,1.01,75,RNA,2022-11-14,1,1,0.0187617168476548
ITUB4,1.01,75,Random Forest,2022-11-14,1,1,0.0187617168476548
ITUB4,1.01,75,SVC,2022-11-14,1,1,0.0187617168476548
ITUB4,1.01,75,RNA,2022-11-16,1,1,0.0482625506318836
ITUB4,1.01,75,Random Forest,2022-11-16,1,1,0.0482625506318836
ITUB4,1.01,75,SVC,2022-11-16,1,1,0.0482625506318836
ITUB4,1.01,75,RNA,2022-11-17,1,1,0.017234939246947
ITUB4,1.01,75,Random Forest,2022-11-17,1,1,0.017234939246947
ITUB4,1.01,75,SVC,2022-11-17,1,1,0.017234939246947
ITUB4,1.01,75,RNA,2022-11-18,0,1,-0.0022222289808758
ITUB4,1.01,75,Random Forest,2022-11-18,0,1,-0.0022222289808758
ITUB4,1.01,75,SVC,2022-11-18,0,1,-0.0022222289808758
ITUB4,1.01,75,RNA,2022-11-21,1,1,0.012686572880767
ITUB4,1.01,75,Random Forest,2022-11-21,1,1,0.012686572880767
ITUB4,1.01,75,SVC,2022-11-21,1,1,0.012686572880767
ITUB4,1.01,75,RNA,2022-11-22,1,1,0.0402453000445468
ITUB4,1.01,75,Random Forest,2022-11-22,1,1,0.0402453000445468
ITUB4,1.01,75,SVC,2022-11-22,1,1,0.0402453000445468
ITUB4,1.01,75,RNA,2022-11-23,1,0,0.035877888373387
ITUB4,1.01,75,Random Forest,2022-11-23,1,1,0.035877888373387
ITUB4,1.01,75,SVC,2022-11-23,1,1,0.035877888373387
ITUB4,1.01,75,RNA,2022-11-24,0,1,-0.0291262524861783
ITUB4,1.01,75,Random Forest,2022-11-24,0,1,-0.0291262524861783
ITUB4,1.01,75,SVC,2022-11-24,0,1,-0.0291262524861783
ITUB4,1.01,75,RNA,2022-11-25,0,1,-0.0039213686273763
ITUB4,1.01,75,Random Forest,2022-11-25,0,1,-0.0039213686273763
ITUB4,1.01,75,SVC,2022-11-25,0,1,-0.0039213686273763
ITUB4,1.01,75,RNA,2022-11-28,1,1,0.0441702038373874
ITUB4,1.01,75,Random Forest,2022-11-28,1,1,0.0441702038373874
ITUB4,1.01,75,SVC,2022-11-28,1,1,0.0441702038373874
ITUB4,1.01,75,RNA,2022-11-29,1,1,0.0336475443688606
ITUB4,1.01,75,Random Forest,2022-11-29,1,1,0.0336475443688606
ITUB4,1.01,75,SVC,2022-11-29,1,1,0.0336475443688606
ITUB4,1.01,75,RNA,2022-11-30,1,0,0.0406091129200307
ITUB4,1.01,75,Random Forest,2022-11-30,1,1,0.0406091129200307
ITUB4,1.01,75,SVC,2022-11-30,1,1,0.0406091129200307
ITUB4,1.01,75,RNA,2022-12-01,1,1,0.0222478013715869
ITUB4,1.01,75,Random Forest,2022-12-01,1,1,0.0222478013715869
ITUB4,1.01,75,SVC,2022-12-01,1,1,0.0222478013715869
ITUB4,1.01,75,RNA,2022-12-02,0,1,-0.041698555683857
ITUB4,1.01,75,Random Forest,2022-12-02,0,1,-0.041698555683857
ITUB4,1.01,75,SVC,2022-12-02,0,1,-0.041698555683857
ITUB4,1.01,75,RNA,2022-12-05,1,1,0.0237169673948818
ITUB4,1.01,75,Random Forest,2022-12-05,1,0,0.0237169673948818
ITUB4,1.01,75,SVC,2022-12-05,1,1,0.0237169673948818
ITUB4,1.01,75,RNA,2022-12-06,0,1,-0.0626624690407758
ITUB4,1.01,75,Random Forest,2022-12-06,0,1,-0.0626624690407758
ITUB4,1.01,75,SVC,2022-12-06,0,1,-0.0626624690407758
ITUB4,1.01,75,RNA,2022-12-07,0,0,-0.0833728953429828
ITUB4,1.01,75,Random Forest,2022-12-07,0,1,-0.0833728953429828
ITUB4,1.01,75,SVC,2022-12-07,0,1,-0.0833728953429828
ITUB4,1.01,75,RNA,2022-12-08,0,1,-0.0563209383013869
ITUB4,1.01,75,Random Forest,2022-12-08,0,1,-0.0563209383013869
ITUB4,1.01,75,SVC,2022-12-08,0,1,-0.0563209383013869
ITUB4,1.01,75,RNA,2022-12-09,0,1,-0.0370065386586278
ITUB4,1.01,75,Random Forest,2022-12-09,0,0,-0.0370065386586278
ITUB4,1.01,75,SVC,2022-12-09,0,1,-0.0370065386586278
ITUB4,1.01,75,RNA,2022-12-12,0,1,-0.0235051496291431
ITUB4,1.01,75,Random Forest,2022-12-12,0,1,-0.0235051496291431
ITUB4,1.01,75,SVC,2022-12-12,0,1,-0.0235051496291431
ITUB4,1.01,75,RNA,2022-12-13,1,1,0.0685290313984203
ITUB4,1.01,75,Random Forest,2022-12-13,1,1,0.0685290313984203
ITUB4,1.01,75,SVC,2022-12-13,1,1,0.0685290313984203
ITUB4,1.01,75,RNA,2022-12-14,1,1,0.0933159808040602
ITUB4,1.01,75,Random Forest,2022-12-14,1,1,0.0933159808040602
ITUB4,1.01,75,SVC,2022-12-14,1,1,0.0933159808040602
ITUB4,1.01,75,RNA,2022-12-15,1,1,0.0710033986858855
ITUB4,1.01,75,Random Forest,2022-12-15,1,1,0.0710033986858855
ITUB4,1.01,75,SVC,2022-12-15,1,1,0.0710033986858855
ITUB4,1.01,75,RNA,2022-12-16,1,0,0.0588482433466048
ITUB4,1.01,75,Random Forest,2022-12-16,1,1,0.0588482433466048
ITUB4,1.01,75,SVC,2022-12-16,1,1,0.0588482433466048
ITUB4,1.01,75,RNA,2022-12-19,1,1,0.0463304439520844
ITUB4,1.01,75,Random Forest,2022-12-19,1,1,0.0463304439520844
ITUB4,1.01,75,SVC,2022-12-19,1,1,0.0463304439520844
ITUB4,1.01,75,RNA,2022-12-20,1,1,0.031527887130295
ITUB4,1.01,75,Random Forest,2022-12-20,1,1,0.031527887130295
ITUB4,1.01,75,SVC,2022-12-20,1,1,0.031527887130295
ITUB4,1.01,75,RNA,2022-12-21,1,1,0.02944735715086
ITUB4,1.01,75,Random Forest,2022-12-21,1,1,0.02944735715086
ITUB4,1.01,75,SVC,2022-12-21,1,1,0.02944735715086
ITUB4,1.01,75,RNA,2022-12-22,1,1,0.0195764758931438
ITUB4,1.01,75,Random Forest,2022-12-22,1,1,0.0195764758931438
ITUB4,1.01,75,SVC,2022-12-22,1,1,0.0195764758931438
ITUB4,1.01,75,RNA,2022-12-23,1,1,0.0212424929761738
ITUB4,1.01,75,Random Forest,2022-12-23,1,1,0.0212424929761738
ITUB4,1.01,75,SVC,2022-12-23,1,1,0.0212424929761738
ITUB4,1.01,75,RNA,2022-12-26,0,1,
ITUB4,1.01,75,Random Forest,2022-12-26,0,1,
ITUB4,1.01,75,SVC,2022-12-26,0,1,
ITUB4,1.01,75,RNA,2022-12-27,0,1,
ITUB4,1.01,75,Random Forest,2022-12-27,0,1,
ITUB4,1.01,75,SVC,2022-12-27,0,1,
ITUB4,1.01,75,RNA,2022-12-28,0,1,
ITUB4,1.01,75,Random Forest,2022-12-28,0,1,
ITUB4,1.01,75,SVC,2022-12-28,0,1,
ITUB4,1.01,75,RNA,2022-12-29,0,1,
ITUB4,1.01,75,Random Forest,2022-12-29,0,0,
ITUB4,1.01,75,SVC,2022-12-29,0,1,
ITUB4,1.01,90,RNA,2020-06-04,1,1,0.0191761487670174
ITUB4,1.01,90,Random Forest,2020-06-04,1,1,0.0191761487670174
ITUB4,1.01,90,SVC,2020-06-04,1,1,0.0191761487670174
ITUB4,1.01,90,RNA,2020-06-05,1,1,0.0315103223026373
ITUB4,1.01,90,Random Forest,2020-06-05,1,1,0.0315103223026373
ITUB4,1.01,90,SVC,2020-06-05,1,1,0.0315103223026373
ITUB4,1.01,90,RNA,2020-06-08,1,1,0.0243017999946182
ITUB4,1.01,90,Random Forest,2020-06-08,1,1,0.0243017999946182
ITUB4,1.01,90,SVC,2020-06-08,1,1,0.0243017999946182
ITUB4,1.01,90,RNA,2020-06-09,0,1,-0.0686588308598515
ITUB4,1.01,90,Random Forest,2020-06-09,0,1,-0.0686588308598515
ITUB4,1.01,90,SVC,2020-06-09,0,1,-0.0686588308598515
ITUB4,1.01,90,RNA,2020-06-10,1,1,0.0397529584979643
ITUB4,1.01,90,Random Forest,2020-06-10,1,1,0.0397529584979643
ITUB4,1.01,90,SVC,2020-06-10,1,1,0.0397529584979643
ITUB4,1.01,90,RNA,2020-06-12,1,1,0.1119522350129791
ITUB4,1.01,90,Random Forest,2020-06-12,1,1,0.1119522350129791
ITUB4,1.01,90,SVC,2020-06-12,1,1,0.1119522350129791
ITUB4,1.01,90,RNA,2020-06-15,1,1,0.0656603762514884
ITUB4,1.01,90,Random Forest,2020-06-15,1,1,0.0656603762514884
ITUB4,1.01,90,SVC,2020-06-15,1,1,0.0656603762514884
ITUB4,1.01,90,RNA,2020-06-16,1,1,0.0786860193200329
ITUB4,1.01,90,Random Forest,2020-06-16,1,1,0.0786860193200329
ITUB4,1.01,90,SVC,2020-06-16,1,1,0.0786860193200329
ITUB4,1.01,90,RNA,2020-06-17,1,1,0.0656603762514884
ITUB4,1.01,90,Random Forest,2020-06-17,1,1,0.0656603762514884
ITUB4,1.01,90,SVC,2020-06-17,1,1,0.0656603762514884
ITUB4,1.01,90,RNA,2020-06-18,0,1,-0.0804270834185341
ITUB4,1.01,90,Random Forest,2020-06-18,0,1,-0.0804270834185341
ITUB4,1.01,90,SVC,2020-06-18,0,1,-0.0804270834185341
ITUB4,1.01,90,RNA,2020-06-19,0,1,-0.0674036938550665
ITUB4,1.01,90,Random Forest,2020-06-19,0,1,-0.0674036938550665
ITUB4,1.01,90,SVC,2020-06-19,0,1,-0.0674036938550665
ITUB4,1.01,90,RNA,2020-06-22,0,1,-0.0718411269320794
ITUB4,1.01,90,Random Forest,2020-06-22,0,1,-0.0718411269320794
ITUB4,1.01,90,SVC,2020-06-22,0,1,-0.0718411269320794
ITUB4,1.01,90,RNA,2020-06-23,0,1,-0.0115714964483225
ITUB4,1.01,90,Random Forest,2020-06-23,0,1,-0.0115714964483225
ITUB4,1.01,90,SVC,2020-06-23,0,1,-0.0115714964483225
ITUB4,1.01,90,RNA,2020-06-24,1,1,0.0188243871782018
ITUB4,1.01,90,Random Forest,2020-06-24,1,1,0.0188243871782018
ITUB4,1.01,90,SVC,2020-06-24,1,1,0.0188243871782018
ITUB4,1.01,90,RNA,2020-06-25,1,1,0.0315052044712051
ITUB4,1.01,90,Random Forest,2020-06-25,1,1,0.0315052044712051
ITUB4,1.01,90,SVC,2020-06-25,1,1,0.0315052044712051
ITUB4,1.01,90,RNA,2020-06-26,1,1,0.052743593136606
ITUB4,1.01,90,Random Forest,2020-06-26,1,1,0.052743593136606
ITUB4,1.01,90,SVC,2020-06-26,1,1,0.052743593136606
ITUB4,1.01,90,RNA,2020-06-29,1,1,0.0398954633876609
ITUB4,1.01,90,Random Forest,2020-06-29,1,1,0.0398954633876609
ITUB4,1.01,90,SVC,2020-06-29,1,1,0.0398954633876609
ITUB4,1.01,90,RNA,2020-06-30,1,1,0.0878905710078512
ITUB4,1.01,90,Random Forest,2020-06-30,1,1,0.0878905710078512
ITUB4,1.01,90,SVC,2020-06-30,1,1,0.0878905710078512
ITUB4,1.01,90,RNA,2020-07-01,1,1,0.0509433793906513
ITUB4,1.01,90,Random Forest,2020-07-01,1,1,0.0509433793906513
ITUB4,1.01,90,SVC,2020-07-01,1,1,0.0509433793906513
ITUB4,1.01,90,RNA,2020-07-02,1,1,0.0553239855096487
ITUB4,1.01,90,Random Forest,2020-07-02,1,1,0.0553239855096487
ITUB4,1.01,90,SVC,2020-07-02,1,1,0.0553239855096487
ITUB4,1.01,90,RNA,2020-07-03,1,1,0.0269173717505821
ITUB4,1.01,90,Random Forest,2020-07-03,1,1,0.0269173717505821
ITUB4,1.01,90,SVC,2020-07-03,1,1,0.0269173717505821
ITUB4,1.01,90,RNA,2020-07-06,1,1,0.0102078163129992
ITUB4,1.01,90,Random Forest,2020-07-06,1,1,0.0102078163129992
ITUB4,1.01,90,SVC,2020-07-06,1,1,0.0102078163129992
ITUB4,1.01,90,RNA,2020-07-07,1,1,0.0337710737671925
ITUB4,1.01,90,Random Forest,2020-07-07,1,1,0.0337710737671925
ITUB4,1.01,90,SVC,2020-07-07,1,1,0.0337710737671925
ITUB4,1.01,90,RNA,2020-07-08,1,1,0.0196150745476848
ITUB4,1.01,90,Random Forest,2020-07-08,1,1,0.0196150745476848
ITUB4,1.01,90,SVC,2020-07-08,1,1,0.0196150745476848
ITUB4,1.01,90,RNA,2020-07-09,1,1,0.0315398893803837
ITUB4,1.01,90,Random Forest,2020-07-09,1,1,0.0315398893803837
ITUB4,1.01,90,SVC,2020-07-09,1,1,0.0315398893803837
ITUB4,1.01,90,RNA,2020-07-10,1,1,0.0127504739779884
ITUB4,1.01,90,Random Forest,2020-07-10,1,1,0.0127504739779884
ITUB4,1.01,90,SVC,2020-07-10,1,1,0.0127504739779884
ITUB4,1.01,90,RNA,2020-07-13,1,1,0.0392523296035429
ITUB4,1.01,90,Random Forest,2020-07-13,1,1,0.0392523296035429
ITUB4,1.01,90,SVC,2020-07-13,1,1,0.0392523296035429
ITUB4,1.01,90,RNA,2020-07-14,0,1,-0.0087146005574519
ITUB4,1.01,90,Random Forest,2020-07-14,0,1,-0.0087146005574519
ITUB4,1.01,90,SVC,2020-07-14,0,1,-0.0087146005574519
ITUB4,1.01,90,RNA,2020-07-15,1,1,0.0320206492912065
ITUB4,1.01,90,Random Forest,2020-07-15,1,1,0.0320206492912065
ITUB4,1.01,90,SVC,2020-07-15,1,1,0.0320206492912065
ITUB4,1.01,90,RNA,2020-07-16,1,1,0.0343047079898222
ITUB4,1.01,90,Random Forest,2020-07-16,1,1,0.0343047079898222
ITUB4,1.01,90,SVC,2020-07-16,1,1,0.0343047079898222
ITUB4,1.01,90,RNA,2020-07-17,1,1,0.0289908412231794
ITUB4,1.01,90,Random Forest,2020-07-17,1,1,0.0289908412231794
ITUB4,1.01,90,SVC,2020-07-17,1,1,0.0289908412231794
ITUB4,1.01,90,RNA,2020-07-20,1,1,0.0159420256153361
ITUB4,1.01,90,Random Forest,2020-07-20,1,1,0.0159420256153361
ITUB4,1.01,90,SVC,2020-07-20,1,1,0.0159420256153361
ITUB4,1.01,90,RNA,2020-07-21,0,1,-0.0017953001258705
ITUB4,1.01,90,Random Forest,2020-07-21,0,1,-0.0017953001258705
ITUB4,1.01,90,SVC,2020-07-21,0,1,-0.0017953001258705
ITUB4,1.01,90,RNA,2020-07-22,1,1,0.0428043728953482
ITUB4,1.01,90,Random Forest,2020-07-22,1,1,0.0428043728953482
ITUB4,1.01,90,SVC,2020-07-22,1,1,0.0428043728953482
ITUB4,1.01,90,RNA,2020-07-23,1,1,0.0812144174818889
ITUB4,1.01,90,Random Forest,2020-07-23,1,1,0.0812144174818889
ITUB4,1.01,90,SVC,2020-07-23,1,1,0.0812144174818889
ITUB4,1.01,90,RNA,2020-07-24,1,1,0.0698460864603234
ITUB4,1.01,90,Random Forest,2020-07-24,1,1,0.0698460864603234
ITUB4,1.01,90,SVC,2020-07-24,1,1,0.0698460864603234
ITUB4,1.01,90,RNA,2020-07-27,1,1,0.0277778183979766
ITUB4,1.01,90,Random Forest,2020-07-27,1,1,0.0277778183979766
ITUB4,1.01,90,SVC,2020-07-27,1,1,0.0277778183979766
ITUB4,1.01,90,RNA,2020-07-28,1,1,0.0120781527957367
ITUB4,1.01,90,Random Forest,2020-07-28,1,1,0.0120781527957367
ITUB4,1.01,90,SVC,2020-07-28,1,1,0.0120781527957367
ITUB4,1.01,90,RNA,2020-07-29,1,1,0.0129170904539339
ITUB4,1.01,90,Random Forest,2020-07-29,1,1,0.0129170904539339
ITUB4,1.01,90,SVC,2020-07-29,1,1,0.0129170904539339
ITUB4,1.01,90,RNA,2020-07-30,0,1,-0.0807325903076521
ITUB4,1.01,90,Random Forest,2020-07-30,0,1,-0.0807325903076521
ITUB4,1.01,90,SVC,2020-07-30,0,1,-0.0807325903076521
ITUB4,1.01,90,RNA,2020-07-31,1,1,0.0225091816275135
ITUB4,1.01,90,Random Forest,2020-07-31,1,1,0.0225091816275135
ITUB4,1.01,90,SVC,2020-07-31,1,1,0.0225091816275135
ITUB4,1.01,90,RNA,2020-08-03,1,1,0.0167618724249269
ITUB4,1.01,90,Random Forest,2020-08-03,1,1,0.0167618724249269
ITUB4,1.01,90,SVC,2020-08-03,1,1,0.0167618724249269
ITUB4,1.01,90,RNA,2020-08-04,1,1,0.0114722531177198
ITUB4,1.01,90,Random Forest,2020-08-04,1,1,0.0114722531177198
ITUB4,1.01,90,SVC,2020-08-04,1,1,0.0114722531177198
ITUB4,1.01,90,RNA,2020-08-05,1,1,0.0291828894726329
ITUB4,1.01,90,Random Forest,2020-08-05,1,1,0.0291828894726329
ITUB4,1.01,90,SVC,2020-08-05,1,1,0.0291828894726329
ITUB4,1.01,90,RNA,2020-08-06,1,1,0.0319937620696397
ITUB4,1.01,90,Random Forest,2020-08-06,1,1,0.0319937620696397
ITUB4,1.01,90,SVC,2020-08-06,1,1,0.0319937620696397
ITUB4,1.01,90,RNA,2020-08-07,1,1,0.0301724220613508
ITUB4,1.01,90,Random Forest,2020-08-07,1,1,0.0301724220613508
ITUB4,1.01,90,SVC,2020-08-07,1,1,0.0301724220613508
ITUB4,1.01,90,RNA,2020-08-10,0,1,-0.0532159525713544
ITUB4,1.01,90,Random Forest,2020-08-10,0,1,-0.0532159525713544
ITUB4,1.01,90,SVC,2020-08-10,0,1,-0.0532159525713544
ITUB4,1.01,90,RNA,2020-08-11,0,1,-0.0603347770534901
ITUB4,1.01,90,Random Forest,2020-08-11,0,1,-0.0603347770534901
ITUB4,1.01,90,SVC,2020-08-11,0,1,-0.0603347770534901
ITUB4,1.01,90,RNA,2020-08-12,0,1,-0.0458277134218768
ITUB4,1.01,90,Random Forest,2020-08-12,0,1,-0.0458277134218768
ITUB4,1.01,90,SVC,2020-08-12,0,1,-0.0458277134218768
ITUB4,1.01,90,RNA,2020-08-13,1,1,0.0260480446429944
ITUB4,1.01,90,Random Forest,2020-08-13,1,0,0.0260480446429944
ITUB4,1.01,90,SVC,2020-08-13,1,1,0.0260480446429944
ITUB4,1.01,90,RNA,2020-08-14,0,1,-0.0221293053693227
ITUB4,1.01,90,Random Forest,2020-08-14,0,0,-0.0221293053693227
ITUB4,1.01,90,SVC,2020-08-14,0,1,-0.0221293053693227
ITUB4,1.01,90,RNA,2020-08-17,0,1,-0.0219333838774211
ITUB4,1.01,90,Random Forest,2020-08-17,0,0,-0.0219333838774211
ITUB4,1.01,90,SVC,2020-08-17,0,1,-0.0219333838774211
ITUB4,1.01,90,RNA,2020-08-18,1,1,0.0209703957335603
ITUB4,1.01,90,Random Forest,2020-08-18,1,0,0.0209703957335603
ITUB4,1.01,90,SVC,2020-08-18,1,1,0.0209703957335603
ITUB4,1.01,90,RNA,2020-08-19,1,1,0.0476793111604112
ITUB4,1.01,90,Random Forest,2020-08-19,1,0,0.0476793111604112
ITUB4,1.01,90,SVC,2020-08-19,1,1,0.0476793111604112
ITUB4,1.01,90,RNA,2020-08-20,1,0,0.038477640629406
ITUB4,1.01,90,Random Forest,2020-08-20,1,1,0.038477640629406
ITUB4,1.01,90,SVC,2020-08-20,1,1,0.038477640629406
ITUB4,1.01,90,RNA,2020-08-21,1,1,0.0239175171518604
ITUB4,1.01,90,Random Forest,2020-08-21,1,1,0.0239175171518604
ITUB4,1.01,90,SVC,2020-08-21,1,1,0.0239175171518604
ITUB4,1.01,90,RNA,2020-08-24,0,1,-0.0085227676662281
ITUB4,1.01,90,Random Forest,2020-08-24,0,1,-0.0085227676662281
ITUB4,1.01,90,SVC,2020-08-24,0,1,-0.0085227676662281
ITUB4,1.01,90,RNA,2020-08-25,1,1,0.0106995536203511
ITUB4,1.01,90,Random Forest,2020-08-25,1,1,0.0106995536203511
ITUB4,1.01,90,SVC,2020-08-25,1,1,0.0106995536203511
ITUB4,1.01,90,RNA,2020-08-26,1,0,0.0280451867478208
ITUB4,1.01,90,Random Forest,2020-08-26,1,1,0.0280451867478208
ITUB4,1.01,90,SVC,2020-08-26,1,1,0.0280451867478208
ITUB4,1.01,90,RNA,2020-08-27,1,1,0.0106995536203511
ITUB4,1.01,90,Random Forest,2020-08-27,1,1,0.0106995536203511
ITUB4,1.01,90,SVC,2020-08-27,1,1,0.0106995536203511
ITUB4,1.01,90,RNA,2020-08-28,1,1,0.0556993363520099
ITUB4,1.01,90,Random Forest,2020-08-28,1,1,0.0556993363520099
ITUB4,1.01,90,SVC,2020-08-28,1,1,0.0556993363520099
ITUB4,1.01,90,RNA,2020-08-31,1,1,0.0682865540187092
ITUB4,1.01,90,Random Forest,2020-08-31,1,1,0.0682865540187092
ITUB4,1.01,90,SVC,2020-08-31,1,1,0.0682865540187092
ITUB4,1.01,90,RNA,2020-09-01,1,0,0.0472278966949555
ITUB4,1.01,90,Random Forest,2020-09-01,1,1,0.0472278966949555
ITUB4,1.01,90,SVC,2020-09-01,1,1,0.0472278966949555
ITUB4,1.01,90,RNA,2020-09-02,1,1,0.0537189746357746
ITUB4,1.01,90,Random Forest,2020-09-02,1,1,0.0537189746357746
ITUB4,1.01,90,SVC,2020-09-02,1,1,0.0537189746357746
ITUB4,1.01,90,RNA,2020-09-03,0,1,-0.049682071299363
ITUB4,1.01,90,Random Forest,2020-09-03,0,1,-0.049682071299363
ITUB4,1.01,90,SVC,2020-09-03,0,1,-0.049682071299363
ITUB4,1.01,90,RNA,2020-09-04,1,1,0.0101791466760754
ITUB4,1.01,90,Random Forest,2020-09-04,1,1,0.0101791466760754
ITUB4,1.01,90,SVC,2020-09-04,1,1,0.0101791466760754
ITUB4,1.01,90,RNA,2020-09-08,0,1,-0.0223577098086357
ITUB4,1.01,90,Random Forest,2020-09-08,0,0,-0.0223577098086357
ITUB4,1.01,90,SVC,2020-09-08,0,1,-0.0223577098086357
ITUB4,1.01,90,RNA,2020-09-09,1,1,0.0106557448863138
ITUB4,1.01,90,Random Forest,2020-09-09,1,1,0.0106557448863138
ITUB4,1.01,90,SVC,2020-09-09,1,1,0.0106557448863138
ITUB4,1.01,90,RNA,2020-09-10,1,1,0.0116909874562709
ITUB4,1.01,90,Random Forest,2020-09-10,1,1,0.0116909874562709
ITUB4,1.01,90,SVC,2020-09-10,1,1,0.0116909874562709
ITUB4,1.01,90,RNA,2020-09-11,1,1,0.0184951403690551
ITUB4,1.01,90,Random Forest,2020-09-11,1,1,0.0184951403690551
ITUB4,1.01,90,SVC,2020-09-11,1,1,0.0184951403690551
ITUB4,1.01,90,RNA,2020-09-14,0,1,-0.0442697578550813
ITUB4,1.01,90,Random Forest,2020-09-14,0,1,-0.0442697578550813
ITUB4,1.01,90,SVC,2020-09-14,0,1,-0.0442697578550813
ITUB4,1.01,90,RNA,2020-09-15,1,1,0.0193602722823218
ITUB4,1.01,90,Random Forest,2020-09-15,1,1,0.0193602722823218
ITUB4,1.01,90,SVC,2020-09-15,1,1,0.0193602722823218
ITUB4,1.01,90,RNA,2020-09-16,1,1,0.0140425154873733
ITUB4,1.01,90,Random Forest,2020-09-16,1,1,0.0140425154873733
ITUB4,1.01,90,SVC,2020-09-16,1,1,0.0140425154873733
ITUB4,1.01,90,RNA,2020-09-17,0,1,-0.0434042559897153
ITUB4,1.01,90,Random Forest,2020-09-17,0,1,-0.0434042559897153
ITUB4,1.01,90,SVC,2020-09-17,0,1,-0.0434042559897153
ITUB4,1.01,90,RNA,2020-09-18,1,1,0.0259341097752121
ITUB4,1.01,90,Random Forest,2020-09-18,1,1,0.0259341097752121
ITUB4,1.01,90,SVC,2020-09-18,1,1,0.0259341097752121
ITUB4,1.01,90,RNA,2020-09-21,1,1,0.0214442476082039
ITUB4,1.01,90,Random Forest,2020-09-21,1,0,0.0214442476082039
ITUB4,1.01,90,SVC,2020-09-21,1,1,0.0214442476082039
ITUB4,1.01,90,RNA,2020-09-22,1,1,0.0427574347903934
ITUB4,1.01,90,Random Forest,2020-09-22,1,0,0.0427574347903934
ITUB4,1.01,90,SVC,2020-09-22,1,1,0.0427574347903934
ITUB4,1.01,90,RNA,2020-09-23,1,1,0.0622222597945596
ITUB4,1.01,90,Random Forest,2020-09-23,1,1,0.0622222597945596
ITUB4,1.01,90,SVC,2020-09-23,1,1,0.0622222597945596
ITUB4,1.01,90,RNA,2020-09-24,1,1,0.0477860888660908
ITUB4,1.01,90,Random Forest,2020-09-24,1,1,0.0477860888660908
ITUB4,1.01,90,SVC,2020-09-24,1,1,0.0477860888660908
ITUB4,1.01,90,RNA,2020-09-25,1,1,0.0279570454537556
ITUB4,1.01,90,Random Forest,2020-09-25,1,1,0.0279570454537556
ITUB4,1.01,90,SVC,2020-09-25,1,1,0.0279570454537556
ITUB4,1.01,90,RNA,2020-09-28,1,1,0.0190203345378421
ITUB4,1.01,90,Random Forest,2020-09-28,1,1,0.0190203345378421
ITUB4,1.01,90,SVC,2020-09-28,1,1,0.0190203345378421
ITUB4,1.01,90,RNA,2020-09-29,1,1,0.0334616661951561
ITUB4,1.01,90,Random Forest,2020-09-29,1,1,0.0334616661951561
ITUB4,1.01,90,SVC,2020-09-29,1,1,0.0334616661951561
ITUB4,1.01,90,RNA,2020-09-30,1,1,0.0368070339132116
ITUB4,1.01,90,Random Forest,2020-09-30,1,1,0.0368070339132116
ITUB4,1.01,90,SVC,2020-09-30,1,1,0.0368070339132116
ITUB4,1.01,90,RNA,2020-10-01,1,1,0.0456171422342353
ITUB4,1.01,90,Random Forest,2020-10-01,1,1,0.0456171422342353
ITUB4,1.01,90,SVC,2020-10-01,1,1,0.0456171422342353
ITUB4,1.01,90,RNA,2020-10-02,1,1,0.0686619753504143
ITUB4,1.01,90,Random Forest,2020-10-02,1,1,0.0686619753504143
ITUB4,1.01,90,SVC,2020-10-02,1,1,0.0686619753504143
ITUB4,1.01,90,RNA,2020-10-05,1,1,0.0658293744983689
ITUB4,1.01,90,Random Forest,2020-10-05,1,1,0.0658293744983689
ITUB4,1.01,90,SVC,2020-10-05,1,1,0.0658293744983689
ITUB4,1.01,90,RNA,2020-10-06,1,1,0.073266450767367
ITUB4,1.01,90,Random Forest,2020-10-06,1,1,0.073266450767367
ITUB4,1.01,90,SVC,2020-10-06,1,1,0.073266450767367
ITUB4,1.01,90,RNA,2020-10-07,1,1,0.0831865955059465
ITUB4,1.01,90,Random Forest,2020-10-07,1,1,0.0831865955059465
ITUB4,1.01,90,SVC,2020-10-07,1,1,0.0831865955059465
ITUB4,1.01,90,RNA,2020-10-08,1,1,0.0297071430969475
ITUB4,1.01,90,Random Forest,2020-10-08,1,1,0.0297071430969475
ITUB4,1.01,90,SVC,2020-10-08,1,1,0.0297071430969475
ITUB4,1.01,90,RNA,2020-10-09,0,1,-0.0362802404900939
ITUB4,1.01,90,Random Forest,2020-10-09,0,1,-0.0362802404900939
ITUB4,1.01,90,SVC,2020-10-09,0,1,-0.0362802404900939
ITUB4,1.01,90,RNA,2020-10-13,0,1,-0.0221850319809396
ITUB4,1.01,90,Random Forest,2020-10-13,0,1,-0.0221850319809396
ITUB4,1.01,90,SVC,2020-10-13,0,1,-0.0221850319809396
ITUB4,1.01,90,RNA,2020-10-14,1,1,0.0400681808990803
ITUB4,1.01,90,Random Forest,2020-10-14,1,1,0.0400681808990803
ITUB4,1.01,90,SVC,2020-10-14,1,1,0.0400681808990803
ITUB4,1.01,90,RNA,2020-10-15,1,1,0.0653566390432678
ITUB4,1.01,90,Random Forest,2020-10-15,1,1,0.0653566390432678
ITUB4,1.01,90,SVC,2020-10-15,1,0,0.0653566390432678
ITUB4,1.01,90,RNA,2020-10-16,1,0,0.11483876634427
ITUB4,1.01,90,Random Forest,2020-10-16,1,1,0.11483876634427
ITUB4,1.01,90,SVC,2020-10-16,1,1,0.11483876634427
ITUB4,1.01,90,RNA,2020-10-19,1,1,0.118197300318922
ITUB4,1.01,90,Random Forest,2020-10-19,1,1,0.118197300318922
ITUB4,1.01,90,SVC,2020-10-19,1,1,0.118197300318922
ITUB4,1.01,90,RNA,2020-10-20,1,1,0.0840890475106483
ITUB4,1.01,90,Random Forest,2020-10-20,1,1,0.0840890475106483
ITUB4,1.01,90,SVC,2020-10-20,1,1,0.0840890475106483
ITUB4,1.01,90,RNA,2020-10-21,1,1,0.0704110699652349
ITUB4,1.01,90,Random Forest,2020-10-21,1,1,0.0704110699652349
ITUB4,1.01,90,SVC,2020-10-21,1,0,0.0704110699652349
ITUB4,1.01,90,RNA,2020-10-22,1,1,0.0154440317436874
ITUB4,1.01,90,Random Forest,2020-10-22,1,1,0.0154440317436874
ITUB4,1.01,90,SVC,2020-10-22,1,1,0.0154440317436874
ITUB4,1.01,90,RNA,2020-10-23,1,1,0.0343873595312316
ITUB4,1.01,90,Random Forest,2020-10-23,1,0,0.0343873595312316
ITUB4,1.01,90,SVC,2020-10-23,1,1,0.0343873595312316
ITUB4,1.01,90,RNA,2020-10-26,0,1,-0.1003831759877499
ITUB4,1.01,90,Random Forest,2020-10-26,0,1,-0.1003831759877499
ITUB4,1.01,90,SVC,2020-10-26,0,1,-0.1003831759877499
ITUB4,1.01,90,RNA,2020-10-27,0,1,-0.0080259077651153
ITUB4,1.01,90,Random Forest,2020-10-27,0,1,-0.0080259077651153
ITUB4,1.01,90,SVC,2020-10-27,0,1,-0.0080259077651153
ITUB4,1.01,90,RNA,2020-10-28,1,1,0.0923010194563827
ITUB4,1.01,90,Random Forest,2020-10-28,1,1,0.0923010194563827
ITUB4,1.01,90,SVC,2020-10-28,1,1,0.0923010194563827
ITUB4,1.01,90,RNA,2020-10-29,1,1,0.09753006142946
ITUB4,1.01,90,Random Forest,2020-10-29,1,1,0.09753006142946
ITUB4,1.01,90,SVC,2020-10-29,1,1,0.09753006142946
ITUB4,1.01,90,RNA,2020-10-30,1,1,0.0853556306420686
ITUB4,1.01,90,Random Forest,2020-10-30,1,1,0.0853556306420686
ITUB4,1.01,90,SVC,2020-10-30,1,1,0.0853556306420686
ITUB4,1.01,90,RNA,2020-11-03,1,1,0.098823556402056
ITUB4,1.01,90,Random Forest,2020-11-03,1,1,0.098823556402056
ITUB4,1.01,90,SVC,2020-11-03,1,1,0.098823556402056
ITUB4,1.01,90,RNA,2020-11-04,1,1,0.1426891105399597
ITUB4,1.01,90,Random Forest,2020-11-04,1,1,0.1426891105399597
ITUB4,1.01,90,SVC,2020-11-04,1,1,0.1426891105399597
ITUB4,1.01,90,RNA,2020-11-05,1,1,0.1499013403847908
ITUB4,1.01,90,Random Forest,2020-11-05,1,1,0.1499013403847908
ITUB4,1.01,90,SVC,2020-11-05,1,1,0.1499013403847908
ITUB4,1.01,90,RNA,2020-11-06,1,1,0.0901271280955002
ITUB4,1.01,90,Random Forest,2020-11-06,1,1,0.0901271280955002
ITUB4,1.01,90,SVC,2020-11-06,1,1,0.0901271280955002
ITUB4,1.01,90,RNA,2020-11-09,1,1,0.0542495176861386
ITUB4,1.01,90,Random Forest,2020-11-09,1,1,0.0542495176861386
ITUB4,1.01,90,SVC,2020-11-09,1,1,0.0542495176861386
ITUB4,1.01,90,RNA,2020-11-10,1,1,0.0288595095407218
ITUB4,1.01,90,Random Forest,2020-11-10,1,1,0.0288595095407218
ITUB4,1.01,90,SVC,2020-11-10,1,1,0.0288595095407218
ITUB4,1.01,90,RNA,2020-11-11,1,1,0.0418719310893587
ITUB4,1.01,90,Random Forest,2020-11-11,1,1,0.0418719310893587
ITUB4,1.01,90,SVC,2020-11-11,1,1,0.0418719310893587
ITUB4,1.01,90,RNA,2020-11-12,1,1,0.0511182678695223
ITUB4,1.01,90,Random Forest,2020-11-12,1,1,0.0511182678695223
ITUB4,1.01,90,SVC,2020-11-12,1,1,0.0511182678695223
ITUB4,1.01,90,RNA,2020-11-13,1,1,0.0203308279387699
ITUB4,1.01,90,Random Forest,2020-11-13,1,1,0.0203308279387699
ITUB4,1.01,90,SVC,2020-11-13,1,1,0.0203308279387699
ITUB4,1.01,90,RNA,2020-11-16,0,1,-0.027919660922846
ITUB4,1.01,90,Random Forest,2020-11-16,0,1,-0.027919660922846
ITUB4,1.01,90,SVC,2020-11-16,0,1,-0.027919660922846
ITUB4,1.01,90,RNA,2020-11-17,0,1,-0.0180088230517778
ITUB4,1.01,90,Random Forest,2020-11-17,0,1,-0.0180088230517778
ITUB4,1.01,90,SVC,2020-11-17,0,1,-0.0180088230517778
ITUB4,1.01,90,RNA,2020-11-18,1,1,0.0442906605390951
ITUB4,1.01,90,Random Forest,2020-11-18,1,0,0.0442906605390951
ITUB4,1.01,90,SVC,2020-11-18,1,1,0.0442906605390951
ITUB4,1.01,90,RNA,2020-11-19,1,0,0.0508356418377982
ITUB4,1.01,90,Random Forest,2020-11-19,1,0,0.0508356418377982
ITUB4,1.01,90,SVC,2020-11-19,1,1,0.0508356418377982
ITUB4,1.01,90,RNA,2020-11-20,1,1,0.0461005322107046
ITUB4,1.01,90,Random Forest,2020-11-20,1,1,0.0461005322107046
ITUB4,1.01,90,SVC,2020-11-20,1,1,0.0461005322107046
ITUB4,1.01,90,RNA,2020-11-23,1,1,0.0371134289809937
ITUB4,1.01,90,Random Forest,2020-11-23,1,1,0.0371134289809937
ITUB4,1.01,90,SVC,2020-11-23,1,1,0.0371134289809937
ITUB4,1.01,90,RNA,2020-11-24,0,1,-0.03578660750852
ITUB4,1.01,90,Random Forest,2020-11-24,0,1,-0.03578660750852
ITUB4,1.01,90,SVC,2020-11-24,0,1,-0.03578660750852
ITUB4,1.01,90,RNA,2020-11-25,1,1,0.0408332238538822
ITUB4,1.01,90,Random Forest,2020-11-25,1,1,0.0408332238538822
ITUB4,1.01,90,SVC,2020-11-25,1,1,0.0408332238538822
ITUB4,1.01,90,RNA,2020-11-26,1,1,0.0494321492152238
ITUB4,1.01,90,Random Forest,2020-11-26,1,1,0.0494321492152238
ITUB4,1.01,90,SVC,2020-11-26,1,1,0.0494321492152238
ITUB4,1.01,90,RNA,2020-11-27,1,1,0.0664901952398673
ITUB4,1.01,90,Random Forest,2020-11-27,1,1,0.0664901952398673
ITUB4,1.01,90,SVC,2020-11-27,1,1,0.0664901952398673
ITUB4,1.01,90,RNA,2020-11-30,1,1,0.062994829341191
ITUB4,1.01,90,Random Forest,2020-11-30,1,1,0.062994829341191
ITUB4,1.01,90,SVC,2020-11-30,1,1,0.062994829341191
ITUB4,1.01,90,RNA,2020-12-01,1,1,0.038101594443231
ITUB4,1.01,90,Random Forest,2020-12-01,1,1,0.038101594443231
ITUB4,1.01,90,SVC,2020-12-01,1,1,0.038101594443231
ITUB4,1.01,90,RNA,2020-12-02,1,1,0.0328467293667715
ITUB4,1.01,90,Random Forest,2020-12-02,1,1,0.0328467293667715
ITUB4,1.01,90,SVC,2020-12-02,1,1,0.0328467293667715
ITUB4,1.01,90,RNA,2020-12-03,1,1,0.0301124968107175
ITUB4,1.01,90,Random Forest,2020-12-03,1,1,0.0301124968107175
ITUB4,1.01,90,SVC,2020-12-03,1,1,0.0301124968107175
ITUB4,1.01,90,RNA,2020-12-04,1,0,0.0485950358689428
ITUB4,1.01,90,Random Forest,2020-12-04,1,1,0.0485950358689428
ITUB4,1.01,90,SVC,2020-12-04,1,1,0.0485950358689428
ITUB4,1.01,90,RNA,2020-12-07,1,0,0.0420499401720753
ITUB4,1.01,90,Random Forest,2020-12-07,1,1,0.0420499401720753
ITUB4,1.01,90,SVC,2020-12-07,1,1,0.0420499401720753
ITUB4,1.01,90,RNA,2020-12-08,1,1,0.043764374806493
ITUB4,1.01,90,Random Forest,2020-12-08,1,1,0.043764374806493
ITUB4,1.01,90,SVC,2020-12-08,1,1,0.043764374806493
ITUB4,1.01,90,RNA,2020-12-09,1,1,0.0312093812058198
ITUB4,1.01,90,Random Forest,2020-12-09,1,1,0.0312093812058198
ITUB4,1.01,90,SVC,2020-12-09,1,1,0.0312093812058198
ITUB4,1.01,90,RNA,2020-12-10,1,1,0.0324029464129325
ITUB4,1.01,90,Random Forest,2020-12-10,1,1,0.0324029464129325
ITUB4,1.01,90,SVC,2020-12-10,1,1,0.0324029464129325
ITUB4,1.01,90,RNA,2020-12-11,1,1,0.0225611366906675
ITUB4,1.01,90,Random Forest,2020-12-11,1,1,0.0225611366906675
ITUB4,1.01,90,SVC,2020-12-11,1,1,0.0225611366906675
ITUB4,1.01,90,RNA,2020-12-14,1,1,0.0390700816184832
ITUB4,1.01,90,Random Forest,2020-12-14,1,1,0.0390700816184832
ITUB4,1.01,90,SVC,2020-12-14,1,1,0.0390700816184832
ITUB4,1.01,90,RNA,2020-12-15,1,1,0.0300895949027364
ITUB4,1.01,90,Random Forest,2020-12-15,1,1,0.0300895949027364
ITUB4,1.01,90,SVC,2020-12-15,1,1,0.0300895949027364
ITUB4,1.01,90,RNA,2020-12-16,0,1,-0.0200689812405855
ITUB4,1.01,90,Random Forest,2020-12-16,0,1,-0.0200689812405855
ITUB4,1.01,90,SVC,2020-12-16,0,1,-0.0200689812405855
ITUB4,1.01,90,RNA,2020-12-17,1,1,0.0126103233473171
ITUB4,1.01,90,Random Forest,2020-12-17,1,1,0.0126103233473171
ITUB4,1.01,90,SVC,2020-12-17,1,1,0.0126103233473171
ITUB4,1.01,90,RNA,2020-12-18,1,1,0.0444444396441925
ITUB4,1.01,90,Random Forest,2020-12-18,1,1,0.0444444396441925
ITUB4,1.01,90,SVC,2020-12-18,1,1,0.0444444396441925
ITUB4,1.01,90,RNA,2020-12-21,1,1,0.0404235016713008
ITUB4,1.01,90,Random Forest,2020-12-21,1,1,0.0404235016713008
ITUB4,1.01,90,SVC,2020-12-21,1,1,0.0404235016713008
ITUB4,1.01,90,RNA,2020-12-22,1,1,0.0354406164626421
ITUB4,1.01,90,Random Forest,2020-12-22,1,1,0.0354406164626421
ITUB4,1.01,90,SVC,2020-12-22,1,1,0.0354406164626421
ITUB4,1.01,90,RNA,2020-12-23,0,1,-0.0405135301232991
ITUB4,1.01,90,Random Forest,2020-12-23,0,1,-0.0405135301232991
ITUB4,1.01,90,SVC,2020-12-23,0,1,-0.0405135301232991
ITUB4,1.01,90,RNA,2020-12-28,0,1,-0.0482008225666257
ITUB4,1.01,90,Random Forest,2020-12-28,0,1,-0.0482008225666257
ITUB4,1.01,90,SVC,2020-12-28,0,1,-0.0482008225666257
ITUB4,1.01,90,RNA,2020-12-29,0,1,-0.0197216823578263
ITUB4,1.01,90,Random Forest,2020-12-29,0,1,-0.0197216823578263
ITUB4,1.01,90,SVC,2020-12-29,0,1,-0.0197216823578263
ITUB4,1.01,90,RNA,2020-12-30,1,1,0.0337711057619314
ITUB4,1.01,90,Random Forest,2020-12-30,1,0,0.0337711057619314
ITUB4,1.01,90,SVC,2020-12-30,1,1,0.0337711057619314
ITUB4,1.01,90,RNA,2021-01-04,1,1,0.0881874005782368
ITUB4,1.01,90,Random Forest,2021-01-04,1,1,0.0881874005782368
ITUB4,1.01,90,SVC,2021-01-04,1,1,0.0881874005782368
ITUB4,1.01,90,RNA,2021-01-05,1,1,0.0794060470569981
ITUB4,1.01,90,Random Forest,2021-01-05,1,1,0.0794060470569981
ITUB4,1.01,90,SVC,2021-01-05,1,1,0.0794060470569981
ITUB4,1.01,90,RNA,2021-01-06,1,1,0.0565560590595639
ITUB4,1.01,90,Random Forest,2021-01-06,1,1,0.0565560590595639
ITUB4,1.01,90,SVC,2021-01-06,1,1,0.0565560590595639
ITUB4,1.01,90,RNA,2021-01-07,1,1,0.015487388545561
ITUB4,1.01,90,Random Forest,2021-01-07,1,1,0.015487388545561
ITUB4,1.01,90,SVC,2021-01-07,1,1,0.015487388545561
ITUB4,1.01,90,RNA,2021-01-08,1,1,0.0144749137059647
ITUB4,1.01,90,Random Forest,2021-01-08,1,0,0.0144749137059647
ITUB4,1.01,90,SVC,2021-01-08,1,1,0.0144749137059647
ITUB4,1.01,90,RNA,2021-01-11,1,1,0.023617181899169
ITUB4,1.01,90,Random Forest,2021-01-11,1,1,0.023617181899169
ITUB4,1.01,90,SVC,2021-01-11,1,1,0.023617181899169
ITUB4,1.01,90,RNA,2021-01-12,1,1,0.023617181899169
ITUB4,1.01,90,Random Forest,2021-01-12,1,1,0.023617181899169
ITUB4,1.01,90,SVC,2021-01-12,1,1,0.023617181899169
ITUB4,1.01,90,RNA,2021-01-13,1,1,0.0287320828497581
ITUB4,1.01,90,Random Forest,2021-01-13,1,1,0.0287320828497581
ITUB4,1.01,90,SVC,2021-01-13,1,1,0.0287320828497581
ITUB4,1.01,90,RNA,2021-01-14,1,1,0.0106084357419229
ITUB4,1.01,90,Random Forest,2021-01-14,1,1,0.0106084357419229
ITUB4,1.01,90,SVC,2021-01-14,1,1,0.0106084357419229
ITUB4,1.01,90,RNA,2021-01-15,0,1,-0.0552747969843345
ITUB4,1.01,90,Random Forest,2021-01-15,0,1,-0.0552747969843345
ITUB4,1.01,90,SVC,2021-01-15,0,1,-0.0552747969843345
ITUB4,1.01,90,RNA,2021-01-18,0,1,-0.0704985864229434
ITUB4,1.01,90,Random Forest,2021-01-18,0,1,-0.0704985864229434
ITUB4,1.01,90,SVC,2021-01-18,0,1,-0.0704985864229434
ITUB4,1.01,90,RNA,2021-01-19,0,1,-0.0886150239810069
ITUB4,1.01,90,Random Forest,2021-01-19,0,1,-0.0886150239810069
ITUB4,1.01,90,SVC,2021-01-19,0,1,-0.0886150239810069
ITUB4,1.01,90,RNA,2021-01-20,0,1,-0.0673328039288109
ITUB4,1.01,90,Random Forest,2021-01-20,0,0,-0.0673328039288109
ITUB4,1.01,90,SVC,2021-01-20,0,1,-0.0673328039288109
ITUB4,1.01,90,RNA,2021-01-21,1,1,0.0222649824911711
ITUB4,1.01,90,Random Forest,2021-01-21,1,0,0.0222649824911711
ITUB4,1.01,90,SVC,2021-01-21,1,1,0.0222649824911711
ITUB4,1.01,90,RNA,2021-01-22,1,1,0.0296653672424476
ITUB4,1.01,90,Random Forest,2021-01-22,1,0,0.0296653672424476
ITUB4,1.01,90,SVC,2021-01-22,1,1,0.0296653672424476
ITUB4,1.01,90,RNA,2021-01-26,1,1,0.0540732807763564
ITUB4,1.01,90,Random Forest,2021-01-26,1,0,0.0540732807763564
ITUB4,1.01,90,SVC,2021-01-26,1,1,0.0540732807763564
ITUB4,1.01,90,RNA,2021-01-27,1,1,0.0473665207343632
ITUB4,1.01,90,Random Forest,2021-01-27,1,1,0.0473665207343632
ITUB4,1.01,90,SVC,2021-01-27,1,1,0.0473665207343632
ITUB4,1.01,90,RNA,2021-01-28,1,1,0.011293621093275
ITUB4,1.01,90,Random Forest,2021-01-28,1,1,0.011293621093275
ITUB4,1.01,90,SVC,2021-01-28,1,1,0.011293621093275
ITUB4,1.01,90,RNA,2021-01-29,1,1,0.0144827703521874
ITUB4,1.01,90,Random Forest,2021-01-29,1,1,0.0144827703521874
ITUB4,1.01,90,SVC,2021-01-29,1,1,0.0144827703521874
ITUB4,1.01,90,RNA,2021-02-01,0,1,-0.0343878997321204
ITUB4,1.01,90,Random Forest,2021-02-01,0,1,-0.0343878997321204
ITUB4,1.01,90,SVC,2021-02-01,0,1,-0.0343878997321204
ITUB4,1.01,90,RNA,2021-02-02,0,1,-0.0417246003802067
ITUB4,1.01,90,Random Forest,2021-02-02,0,1,-0.0417246003802067
ITUB4,1.01,90,SVC,2021-02-02,0,1,-0.0417246003802067
ITUB4,1.01,90,RNA,2021-02-03,0,1,-0.0224325147761027
ITUB4,1.01,90,Random Forest,2021-02-03,0,1,-0.0224325147761027
ITUB4,1.01,90,SVC,2021-02-03,0,1,-0.0224325147761027
ITUB4,1.01,90,RNA,2021-02-04,0,1,-0.0219003777680932
ITUB4,1.01,90,Random Forest,2021-02-04,0,1,-0.0219003777680932
ITUB4,1.01,90,SVC,2021-02-04,0,1,-0.0219003777680932
ITUB4,1.01,90,RNA,2021-02-05,1,1,0.0146428705164751
ITUB4,1.01,90,Random Forest,2021-02-05,1,0,0.0146428705164751
ITUB4,1.01,90,SVC,2021-02-05,1,1,0.0146428705164751
ITUB4,1.01,90,RNA,2021-02-08,1,1,0.0334667309687555
ITUB4,1.01,90,Random Forest,2021-02-08,1,0,0.0334667309687555
ITUB4,1.01,90,SVC,2021-02-08,1,1,0.0334667309687555
ITUB4,1.01,90,RNA,2021-02-09,1,0,0.0136200883551695
ITUB4,1.01,90,Random Forest,2021-02-09,1,0,0.0136200883551695
ITUB4,1.01,90,SVC,2021-02-09,1,1,0.0136200883551695
ITUB4,1.01,90,RNA,2021-02-10,1,1,0.0182207951895061
ITUB4,1.01,90,Random Forest,2021-02-10,1,1,0.0182207951895061
ITUB4,1.01,90,SVC,2021-02-10,1,1,0.0182207951895061
ITUB4,1.01,90,RNA,2021-02-11,1,1,0.0352342371766787
ITUB4,1.01,90,Random Forest,2021-02-11,1,1,0.0352342371766787
ITUB4,1.01,90,SVC,2021-02-11,1,1,0.0352342371766787
ITUB4,1.01,90,RNA,2021-02-12,1,0,0.0251798359921979
ITUB4,1.01,90,Random Forest,2021-02-12,1,1,0.0251798359921979
ITUB4,1.01,90,SVC,2021-02-12,1,1,0.0251798359921979
ITUB4,1.01,90,RNA,2021-02-17,1,1,0.0207736329190337
ITUB4,1.01,90,Random Forest,2021-02-17,1,1,0.0207736329190337
ITUB4,1.01,90,SVC,2021-02-17,1,1,0.0207736329190337
ITUB4,1.01,90,RNA,2021-02-18,1,0,0.0111151196529759
ITUB4,1.01,90,Random Forest,2021-02-18,1,1,0.0111151196529759
ITUB4,1.01,90,SVC,2021-02-18,1,1,0.0111151196529759
ITUB4,1.01,90,RNA,2021-02-19,1,1,0.0365348485360947
ITUB4,1.01,90,Random Forest,2021-02-19,1,1,0.0365348485360947
ITUB4,1.01,90,SVC,2021-02-19,1,1,0.0365348485360947
ITUB4,1.01,90,RNA,2021-02-22,1,1,0.0621382322411783
ITUB4,1.01,90,Random Forest,2021-02-22,1,1,0.0621382322411783
ITUB4,1.01,90,SVC,2021-02-22,1,1,0.0621382322411783
ITUB4,1.01,90,RNA,2021-02-23,0,1,-0.0913225913590477
ITUB4,1.01,90,Random Forest,2021-02-23,0,1,-0.0913225913590477
ITUB4,1.01,90,SVC,2021-02-23,0,1,-0.0913225913590477
ITUB4,1.01,90,RNA,2021-02-24,0,1,-0.0360118712557699
ITUB4,1.01,90,Random Forest,2021-02-24,0,1,-0.0360118712557699
ITUB4,1.01,90,SVC,2021-02-24,0,1,-0.0360118712557699
ITUB4,1.01,90,RNA,2021-02-25,0,1,-0.0135430252372836
ITUB4,1.01,90,Random Forest,2021-02-25,0,1,-0.0135430252372836
ITUB4,1.01,90,SVC,2021-02-25,0,1,-0.0135430252372836
ITUB4,1.01,90,RNA,2021-02-26,1,1,0.0463320223016965
ITUB4,1.01,90,Random Forest,2021-02-26,1,1,0.0463320223016965
ITUB4,1.01,90,SVC,2021-02-26,1,1,0.0463320223016965
ITUB4,1.01,90,RNA,2021-03-01,1,1,0.1434442933181736
ITUB4,1.01,90,Random Forest,2021-03-01,1,0,0.1434442933181736
ITUB4,1.01,90,SVC,2021-03-01,1,1,0.1434442933181736
ITUB4,1.01,90,RNA,2021-03-02,1,1,0.0857586160532484
ITUB4,1.01,90,Random Forest,2021-03-02,1,1,0.0857586160532484
ITUB4,1.01,90,SVC,2021-03-02,1,1,0.0857586160532484
ITUB4,1.01,90,RNA,2021-03-03,1,1,0.0753266620217889
ITUB4,1.01,90,Random Forest,2021-03-03,1,1,0.0753266620217889
ITUB4,1.01,90,SVC,2021-03-03,1,1,0.0753266620217889
ITUB4,1.01,90,RNA,2021-03-04,1,1,0.046763898205927
ITUB4,1.01,90,Random Forest,2021-03-04,1,1,0.046763898205927
ITUB4,1.01,90,SVC,2021-03-04,1,1,0.046763898205927
ITUB4,1.01,90,RNA,2021-03-05,1,1,0.0401486977823954
ITUB4,1.01,90,Random Forest,2021-03-05,1,1,0.0401486977823954
ITUB4,1.01,90,SVC,2021-03-05,1,1,0.0401486977823954
ITUB4,1.01,90,RNA,2021-03-08,1,1,0.0473328298302244
ITUB4,1.01,90,Random Forest,2021-03-08,1,1,0.0473328298302244
ITUB4,1.01,90,SVC,2021-03-08,1,1,0.0473328298302244
ITUB4,1.01,90,RNA,2021-03-09,1,1,0.0284028508776768
ITUB4,1.01,90,Random Forest,2021-03-09,1,1,0.0284028508776768
ITUB4,1.01,90,SVC,2021-03-09,1,1,0.0284028508776768
ITUB4,1.01,90,RNA,2021-03-10,1,1,0.0101449607834034
ITUB4,1.01,90,Random Forest,2021-03-10,1,1,0.0101449607834034
ITUB4,1.01,90,SVC,2021-03-10,1,1,0.0101449607834034
ITUB4,1.01,90,RNA,2021-03-11,1,1,0.0331491705943713
ITUB4,1.01,90,Random Forest,2021-03-11,1,1,0.0331491705943713
ITUB4,1.01,90,SVC,2021-03-11,1,1,0.0331491705943713
ITUB4,1.01,90,RNA,2021-03-12,1,1,0.0578269000833795
ITUB4,1.01,90,Random Forest,2021-03-12,1,1,0.0578269000833795
ITUB4,1.01,90,SVC,2021-03-12,1,1,0.0578269000833795
ITUB4,1.01,90,RNA,2021-03-15,1,1,0.0439840183544875
ITUB4,1.01,90,Random Forest,2021-03-15,1,1,0.0439840183544875
ITUB4,1.01,90,SVC,2021-03-15,1,1,0.0439840183544875
ITUB4,1.01,90,RNA,2021-03-16,1,1,0.0692479720168266
ITUB4,1.01,90,Random Forest,2021-03-16,1,1,0.0692479720168266
ITUB4,1.01,90,SVC,2021-03-16,1,1,0.0692479720168266
ITUB4,1.01,90,RNA,2021-03-17,1,1,0.0282849904767277
ITUB4,1.01,90,Random Forest,2021-03-17,1,1,0.0282849904767277
ITUB4,1.01,90,SVC,2021-03-17,1,1,0.0282849904767277
ITUB4,1.01,90,RNA,2021-03-18,1,1,0.0120396528883444
ITUB4,1.01,90,Random Forest,2021-03-18,1,1,0.0120396528883444
ITUB4,1.01,90,SVC,2021-03-18,1,1,0.0120396528883444
ITUB4,1.01,90,RNA,2021-03-19,1,1,0.0189352999389413
ITUB4,1.01,90,Random Forest,2021-03-19,1,1,0.0189352999389413
ITUB4,1.01,90,SVC,2021-03-19,1,1,0.0189352999389413
ITUB4,1.01,90,RNA,2021-03-22,1,1,0.0185714213644911
ITUB4,1.01,90,Random Forest,2021-03-22,1,1,0.0185714213644911
ITUB4,1.01,90,SVC,2021-03-22,1,1,0.0185714213644911
ITUB4,1.01,90,RNA,2021-03-23,1,1,0.0224944756312401
ITUB4,1.01,90,Random Forest,2021-03-23,1,1,0.0224944756312401
ITUB4,1.01,90,SVC,2021-03-23,1,1,0.0224944756312401
ITUB4,1.01,90,RNA,2021-03-24,1,1,0.0593470182772912
ITUB4,1.01,90,Random Forest,2021-03-24,1,1,0.0593470182772912
ITUB4,1.01,90,SVC,2021-03-24,1,1,0.0593470182772912
ITUB4,1.01,90,RNA,2021-03-25,1,1,0.0374272809220519
ITUB4,1.01,90,Random Forest,2021-03-25,1,1,0.0374272809220519
ITUB4,1.01,90,SVC,2021-03-25,1,1,0.0374272809220519
ITUB4,1.01,90,RNA,2021-03-26,1,1,0.0152915622105445
ITUB4,1.01,90,Random Forest,2021-03-26,1,1,0.0152915622105445
ITUB4,1.01,90,SVC,2021-03-26,1,1,0.0152915622105445
ITUB4,1.01,90,RNA,2021-03-29,1,1,0.0255028571265143
ITUB4,1.01,90,Random Forest,2021-03-29,1,1,0.0255028571265143
ITUB4,1.01,90,SVC,2021-03-29,1,1,0.0255028571265143
ITUB4,1.01,90,RNA,2021-03-30,0,1,-0.0411674591974341
ITUB4,1.01,90,Random Forest,2021-03-30,0,1,-0.0411674591974341
ITUB4,1.01,90,SVC,2021-03-30,0,1,-0.0411674591974341
ITUB4,1.01,90,RNA,2021-03-31,0,1,-0.0440810652683939
ITUB4,1.01,90,Random Forest,2021-03-31,0,1,-0.0440810652683939
ITUB4,1.01,90,SVC,2021-03-31,0,1,-0.0440810652683939
ITUB4,1.01,90,RNA,2021-04-01,0,1,-0.0248537609495226
ITUB4,1.01,90,Random Forest,2021-04-01,0,1,-0.0248537609495226
ITUB4,1.01,90,SVC,2021-04-01,0,1,-0.0248537609495226
ITUB4,1.01,90,RNA,2021-04-05,0,1,-0.0312726944325443
ITUB4,1.01,90,Random Forest,2021-04-05,0,1,-0.0312726944325443
ITUB4,1.01,90,SVC,2021-04-05,0,1,-0.0312726944325443
ITUB4,1.01,90,RNA,2021-04-06,1,1,0.0122131987245313
ITUB4,1.01,90,Random Forest,2021-04-06,1,1,0.0122131987245313
ITUB4,1.01,90,SVC,2021-04-06,1,1,0.0122131987245313
ITUB4,1.01,90,RNA,2021-04-07,1,1,0.0159200435265542
ITUB4,1.01,90,Random Forest,2021-04-07,1,1,0.0159200435265542
ITUB4,1.01,90,SVC,2021-04-07,1,1,0.0159200435265542
ITUB4,1.01,90,RNA,2021-04-08,1,1,0.0588013779655249
ITUB4,1.01,90,Random Forest,2021-04-08,1,1,0.0588013779655249
ITUB4,1.01,90,SVC,2021-04-08,1,1,0.0588013779655249
ITUB4,1.01,90,RNA,2021-04-09,1,1,0.048134370322842
ITUB4,1.01,90,Random Forest,2021-04-09,1,1,0.048134370322842
ITUB4,1.01,90,SVC,2021-04-09,1,1,0.048134370322842
ITUB4,1.01,90,RNA,2021-04-12,1,1,0.0342288938632082
ITUB4,1.01,90,Random Forest,2021-04-12,1,1,0.0342288938632082
ITUB4,1.01,90,SVC,2021-04-12,1,1,0.0342288938632082
ITUB4,1.01,90,RNA,2021-04-13,1,1,0.0270467861948544
ITUB4,1.01,90,Random Forest,2021-04-13,1,1,0.0270467861948544
ITUB4,1.01,90,SVC,2021-04-13,1,1,0.0270467861948544
ITUB4,1.01,90,RNA,2021-04-14,1,1,0.0159074178034333
ITUB4,1.01,90,Random Forest,2021-04-14,1,1,0.0159074178034333
ITUB4,1.01,90,SVC,2021-04-14,1,1,0.0159074178034333
ITUB4,1.01,90,RNA,2021-04-15,1,1,0.0221898468426899
ITUB4,1.01,90,Random Forest,2021-04-15,1,1,0.0221898468426899
ITUB4,1.01,90,SVC,2021-04-15,1,1,0.0221898468426899
ITUB4,1.01,90,RNA,2021-04-16,0,1,-0.0125537985959441
ITUB4,1.01,90,Random Forest,2021-04-16,0,1,-0.0125537985959441
ITUB4,1.01,90,SVC,2021-04-16,0,1,-0.0125537985959441
ITUB4,1.01,90,RNA,2021-04-19,1,1,0.0178766828608087
ITUB4,1.01,90,Random Forest,2021-04-19,1,1,0.0178766828608087
ITUB4,1.01,90,SVC,2021-04-19,1,1,0.0178766828608087
ITUB4,1.01,90,RNA,2021-04-20,1,1,0.0134398542538851
ITUB4,1.01,90,Random Forest,2021-04-20,1,1,0.0134398542538851
ITUB4,1.01,90,SVC,2021-04-20,1,1,0.0134398542538851
ITUB4,1.01,90,RNA,2021-04-22,1,1,0.0331194064646742
ITUB4,1.01,90,Random Forest,2021-04-22,1,1,0.0331194064646742
ITUB4,1.01,90,SVC,2021-04-22,1,1,0.0331194064646742
ITUB4,1.01,90,RNA,2021-04-23,1,1,0.0267160254810165
ITUB4,1.01,90,Random Forest,2021-04-23,1,1,0.0267160254810165
ITUB4,1.01,90,SVC,2021-04-23,1,1,0.0267160254810165
ITUB4,1.01,90,RNA,2021-04-26,1,1,0.0341912483841178
ITUB4,1.01,90,Random Forest,2021-04-26,1,1,0.0341912483841178
ITUB4,1.01,90,SVC,2021-04-26,1,1,0.0341912483841178
ITUB4,1.01,90,RNA,2021-04-27,1,1,0.0301598584678914
ITUB4,1.01,90,Random Forest,2021-04-27,1,1,0.0301598584678914
ITUB4,1.01,90,SVC,2021-04-27,1,1,0.0301598584678914
ITUB4,1.01,90,RNA,2021-04-28,0,1,-0.0516478443557051
ITUB4,1.01,90,Random Forest,2021-04-28,0,1,-0.0516478443557051
ITUB4,1.01,90,SVC,2021-04-28,0,1,-0.0516478443557051
ITUB4,1.01,90,RNA,2021-04-29,1,1,0.0436151124843919
ITUB4,1.01,90,Random Forest,2021-04-29,1,1,0.0436151124843919
ITUB4,1.01,90,SVC,2021-04-29,1,1,0.0436151124843919
ITUB4,1.01,90,RNA,2021-04-30,1,1,0.0234657090354752
ITUB4,1.01,90,Random Forest,2021-04-30,1,1,0.0234657090354752
ITUB4,1.01,90,SVC,2021-04-30,1,1,0.0234657090354752
ITUB4,1.01,90,RNA,2021-05-03,0,1,-0.0167259863540787
ITUB4,1.01,90,Random Forest,2021-05-03,0,1,-0.0167259863540787
ITUB4,1.01,90,SVC,2021-05-03,0,1,-0.0167259863540787
ITUB4,1.01,90,RNA,2021-05-04,1,1,0.0498141083872087
ITUB4,1.01,90,Random Forest,2021-05-04,1,1,0.0498141083872087
ITUB4,1.01,90,SVC,2021-05-04,1,1,0.0498141083872087
ITUB4,1.01,90,RNA,2021-05-05,1,1,0.032163740569477
ITUB4,1.01,90,Random Forest,2021-05-05,1,1,0.032163740569477
ITUB4,1.01,90,SVC,2021-05-05,1,1,0.032163740569477
ITUB4,1.01,90,RNA,2021-05-06,1,1,0.0302809216173971
ITUB4,1.01,90,Random Forest,2021-05-06,1,1,0.0302809216173971
ITUB4,1.01,90,SVC,2021-05-06,1,1,0.0302809216173971
ITUB4,1.01,90,RNA,2021-05-07,1,1,0.0325262457639496
ITUB4,1.01,90,Random Forest,2021-05-07,1,1,0.0325262457639496
ITUB4,1.01,90,SVC,2021-05-07,1,1,0.0325262457639496
ITUB4,1.01,90,RNA,2021-05-10,1,1,0.0519105712525724
ITUB4,1.01,90,Random Forest,2021-05-10,1,1,0.0519105712525724
ITUB4,1.01,90,SVC,2021-05-10,1,1,0.0519105712525724
ITUB4,1.01,90,RNA,2021-05-11,1,0,0.0534296098273321
ITUB4,1.01,90,Random Forest,2021-05-11,1,1,0.0534296098273321
ITUB4,1.01,90,SVC,2021-05-11,1,1,0.0534296098273321
ITUB4,1.01,90,RNA,2021-05-12,1,1,0.059398724225351
ITUB4,1.01,90,Random Forest,2021-05-12,1,1,0.059398724225351
ITUB4,1.01,90,SVC,2021-05-12,1,1,0.059398724225351
ITUB4,1.01,90,RNA,2021-05-13,1,1,0.0205861694662883
ITUB4,1.01,90,Random Forest,2021-05-13,1,1,0.0205861694662883
ITUB4,1.01,90,SVC,2021-05-13,1,1,0.0205861694662883
ITUB4,1.01,90,RNA,2021-05-14,1,1,0.0294423161492605
ITUB4,1.01,90,Random Forest,2021-05-14,1,1,0.0294423161492605
ITUB4,1.01,90,SVC,2021-05-14,1,1,0.0294423161492605
ITUB4,1.01,90,RNA,2021-05-17,1,1,0.0319444151788737
ITUB4,1.01,90,Random Forest,2021-05-17,1,1,0.0319444151788737
ITUB4,1.01,90,SVC,2021-05-17,1,1,0.0319444151788737
ITUB4,1.01,90,RNA,2021-05-18,1,1,0.0417104757473452
ITUB4,1.01,90,Random Forest,2021-05-18,1,1,0.0417104757473452
ITUB4,1.01,90,SVC,2021-05-18,1,1,0.0417104757473452
ITUB4,1.01,90,RNA,2021-05-19,1,1,0.0181568715910158
ITUB4,1.01,90,Random Forest,2021-05-19,1,1,0.0181568715910158
ITUB4,1.01,90,SVC,2021-05-19,1,1,0.0181568715910158
ITUB4,1.01,90,RNA,2021-05-20,0,1,0.004054369766641
ITUB4,1.01,90,Random Forest,2021-05-20,0,1,0.004054369766641
ITUB4,1.01,90,SVC,2021-05-20,0,1,0.004054369766641
ITUB4,1.01,90,RNA,2021-05-21,0,1,-0.0108909888930758
ITUB4,1.01,90,Random Forest,2021-05-21,0,1,-0.0108909888930758
ITUB4,1.01,90,SVC,2021-05-21,0,1,-0.0108909888930758
ITUB4,1.01,90,RNA,2021-05-24,1,1,0.0143246709974029
ITUB4,1.01,90,Random Forest,2021-05-24,1,1,0.0143246709974029
ITUB4,1.01,90,SVC,2021-05-24,1,1,0.0143246709974029
ITUB4,1.01,90,RNA,2021-05-25,1,1,0.0292296847100561
ITUB4,1.01,90,Random Forest,2021-05-25,1,0,0.0292296847100561
ITUB4,1.01,90,SVC,2021-05-25,1,1,0.0292296847100561
ITUB4,1.01,90,RNA,2021-05-26,1,1,0.0413453622988138
ITUB4,1.01,90,Random Forest,2021-05-26,1,1,0.0413453622988138
ITUB4,1.01,90,SVC,2021-05-26,1,1,0.0413453622988138
ITUB4,1.01,90,RNA,2021-05-27,1,1,0.0944996155901241
ITUB4,1.01,90,Random Forest,2021-05-27,1,1,0.0944996155901241
ITUB4,1.01,90,SVC,2021-05-27,1,1,0.0944996155901241
ITUB4,1.01,90,RNA,2021-05-28,1,1,0.0918927009076051
ITUB4,1.01,90,Random Forest,2021-05-28,1,1,0.0918927009076051
ITUB4,1.01,90,SVC,2021-05-28,1,1,0.0918927009076051
ITUB4,1.01,90,RNA,2021-05-31,1,1,0.1119302912001642
ITUB4,1.01,90,Random Forest,2021-05-31,1,1,0.1119302912001642
ITUB4,1.01,90,SVC,2021-05-31,1,1,0.1119302912001642
ITUB4,1.01,90,RNA,2021-06-01,1,1,0.0825448653070464
ITUB4,1.01,90,Random Forest,2021-06-01,1,1,0.0825448653070464
ITUB4,1.01,90,SVC,2021-06-01,1,1,0.0825448653070464
ITUB4,1.01,90,RNA,2021-06-02,1,1,0.0829901928017131
ITUB4,1.01,90,Random Forest,2021-06-02,1,1,0.0829901928017131
ITUB4,1.01,90,SVC,2021-06-02,1,1,0.0829901928017131
ITUB4,1.01,90,RNA,2021-06-04,1,0,0.0591697545051483
ITUB4,1.01,90,Random Forest,2021-06-04,1,0,0.0591697545051483
ITUB4,1.01,90,SVC,2021-06-04,1,1,0.0591697545051483
ITUB4,1.01,90,RNA,2021-06-07,1,1,0.0417428700457789
ITUB4,1.01,90,Random Forest,2021-06-07,1,1,0.0417428700457789
ITUB4,1.01,90,SVC,2021-06-07,1,1,0.0417428700457789
ITUB4,1.01,90,RNA,2021-06-08,1,1,0.0465258782031916
ITUB4,1.01,90,Random Forest,2021-06-08,1,1,0.0465258782031916
ITUB4,1.01,90,SVC,2021-06-08,1,1,0.0465258782031916
ITUB4,1.01,90,RNA,2021-06-09,0,1,-0.0285714061229996
ITUB4,1.01,90,Random Forest,2021-06-09,0,1,-0.0285714061229996
ITUB4,1.01,90,SVC,2021-06-09,0,1,-0.0285714061229996
ITUB4,1.01,90,RNA,2021-06-10,1,1,0.0172518146807842
ITUB4,1.01,90,Random Forest,2021-06-10,1,1,0.0172518146807842
ITUB4,1.01,90,SVC,2021-06-10,1,1,0.0172518146807842
ITUB4,1.01,90,RNA,2021-06-11,1,1,0.0425015350033355
ITUB4,1.01,90,Random Forest,2021-06-11,1,1,0.0425015350033355
ITUB4,1.01,90,SVC,2021-06-11,1,1,0.0425015350033355
ITUB4,1.01,90,RNA,2021-06-14,1,1,0.0482295345467318
ITUB4,1.01,90,Random Forest,2021-06-14,1,1,0.0482295345467318
ITUB4,1.01,90,SVC,2021-06-14,1,1,0.0482295345467318
ITUB4,1.01,90,RNA,2021-06-15,1,1,0.0507955778460527
ITUB4,1.01,90,Random Forest,2021-06-15,1,1,0.0507955778460527
ITUB4,1.01,90,SVC,2021-06-15,1,1,0.0507955778460527
ITUB4,1.01,90,RNA,2021-06-16,1,0,0.0202020038625523
ITUB4,1.01,90,Random Forest,2021-06-16,1,1,0.0202020038625523
ITUB4,1.01,90,SVC,2021-06-16,1,1,0.0202020038625523
ITUB4,1.01,90,RNA,2021-06-17,0,1,-0.0290076483557939
ITUB4,1.01,90,Random Forest,2021-06-17,0,1,-0.0290076483557939
ITUB4,1.01,90,SVC,2021-06-17,0,1,-0.0290076483557939
ITUB4,1.01,90,RNA,2021-06-18,1,1,0.0161390312617653
ITUB4,1.01,90,Random Forest,2021-06-18,1,1,0.0161390312617653
ITUB4,1.01,90,SVC,2021-06-18,1,1,0.0161390312617653
ITUB4,1.01,90,RNA,2021-06-21,1,1,0.0121005049039837
ITUB4,1.01,90,Random Forest,2021-06-21,1,1,0.0121005049039837
ITUB4,1.01,90,SVC,2021-06-21,1,1,0.0121005049039837
ITUB4,1.01,90,RNA,2021-06-22,1,0,0.0177847102961952
ITUB4,1.01,90,Random Forest,2021-06-22,1,1,0.0177847102961952
ITUB4,1.01,90,SVC,2021-06-22,1,1,0.0177847102961952
ITUB4,1.01,90,RNA,2021-06-23,0,1,-0.0627913971100218
ITUB4,1.01,90,Random Forest,2021-06-23,0,1,-0.0627913971100218
ITUB4,1.01,90,SVC,2021-06-23,0,1,-0.0627913971100218
ITUB4,1.01,90,RNA,2021-06-24,0,1,-0.0681676276296294
ITUB4,1.01,90,Random Forest,2021-06-24,0,1,-0.0681676276296294
ITUB4,1.01,90,SVC,2021-06-24,0,1,-0.0681676276296294
ITUB4,1.01,90,RNA,2021-06-25,0,1,-0.036804743237627
ITUB4,1.01,90,Random Forest,2021-06-25,0,0,-0.036804743237627
ITUB4,1.01,90,SVC,2021-06-25,0,1,-0.036804743237627
ITUB4,1.01,90,RNA,2021-06-28,0,1,-0.0077626069229377
ITUB4,1.01,90,Random Forest,2021-06-28,0,0,-0.0077626069229377
ITUB4,1.01,90,SVC,2021-06-28,0,1,-0.0077626069229377
ITUB4,1.01,90,RNA,2021-06-29,0,0,-0.0128367402431293
ITUB4,1.01,90,Random Forest,2021-06-29,0,0,-0.0128367402431293
ITUB4,1.01,90,SVC,2021-06-29,0,1,-0.0128367402431293
ITUB4,1.01,90,RNA,2021-06-30,1,1,0.0104061791151774
ITUB4,1.01,90,Random Forest,2021-06-30,1,0,0.0104061791151774
ITUB4,1.01,90,SVC,2021-06-30,1,1,0.0104061791151774
ITUB4,1.01,90,RNA,2021-07-01,0,0,-0.0066934350348086
ITUB4,1.01,90,Random Forest,2021-07-01,0,0,-0.0066934350348086
ITUB4,1.01,90,SVC,2021-07-01,0,1,-0.0066934350348086
ITUB4,1.01,90,RNA,2021-07-02,0,1,-0.0144683377106663
ITUB4,1.01,90,Random Forest,2021-07-02,0,1,-0.0144683377106663
ITUB4,1.01,90,SVC,2021-07-02,0,1,-0.0144683377106663
ITUB4,1.01,90,RNA,2021-07-05,1,1,0.0176390853104007
ITUB4,1.01,90,Random Forest,2021-07-05,1,0,0.0176390853104007
ITUB4,1.01,90,SVC,2021-07-05,1,1,0.0176390853104007
ITUB4,1.01,90,RNA,2021-07-06,1,1,0.0152129693614808
ITUB4,1.01,90,Random Forest,2021-07-06,1,0,0.0152129693614808
ITUB4,1.01,90,SVC,2021-07-06,1,1,0.0152129693614808
ITUB4,1.01,90,RNA,2021-07-07,1,1,0.0583190498343204
ITUB4,1.01,90,Random Forest,2021-07-07,1,1,0.0583190498343204
ITUB4,1.01,90,SVC,2021-07-07,1,1,0.0583190498343204
ITUB4,1.01,90,RNA,2021-07-08,1,1,0.0493197452532272
ITUB4,1.01,90,Random Forest,2021-07-08,1,0,0.0493197452532272
ITUB4,1.01,90,SVC,2021-07-08,1,1,0.0493197452532272
ITUB4,1.01,90,RNA,2021-07-12,1,1,0.0457627319514781
ITUB4,1.01,90,Random Forest,2021-07-12,1,1,0.0457627319514781
ITUB4,1.01,90,SVC,2021-07-12,1,1,0.0457627319514781
ITUB4,1.01,90,RNA,2021-07-13,1,1,0.0215231611782233
ITUB4,1.01,90,Random Forest,2021-07-13,1,1,0.0215231611782233
ITUB4,1.01,90,SVC,2021-07-13,1,1,0.0215231611782233
ITUB4,1.01,90,RNA,2021-07-14,0,1,-0.0194239412419426
ITUB4,1.01,90,Random Forest,2021-07-14,0,1,-0.0194239412419426
ITUB4,1.01,90,SVC,2021-07-14,0,1,-0.0194239412419426
ITUB4,1.01,90,RNA,2021-07-15,0,1,-0.0124286316595101
ITUB4,1.01,90,Random Forest,2021-07-15,0,1,-0.0124286316595101
ITUB4,1.01,90,SVC,2021-07-15,0,1,-0.0124286316595101
ITUB4,1.01,90,RNA,2021-07-16,1,1,0.0334494619355607
ITUB4,1.01,90,Random Forest,2021-07-16,1,1,0.0334494619355607
ITUB4,1.01,90,SVC,2021-07-16,1,1,0.0334494619355607
ITUB4,1.01,90,RNA,2021-07-19,1,1,0.0309349647391798
ITUB4,1.01,90,Random Forest,2021-07-19,1,1,0.0309349647391798
ITUB4,1.01,90,SVC,2021-07-19,1,1,0.0309349647391798
ITUB4,1.01,90,RNA,2021-07-20,1,1,0.0164046686712102
ITUB4,1.01,90,Random Forest,2021-07-20,1,1,0.0164046686712102
ITUB4,1.01,90,SVC,2021-07-20,1,1,0.0164046686712102
ITUB4,1.01,90,RNA,2021-07-21,1,1,0.0203942731368897
ITUB4,1.01,90,Random Forest,2021-07-21,1,1,0.0203942731368897
ITUB4,1.01,90,SVC,2021-07-21,1,1,0.0203942731368897
ITUB4,1.01,90,RNA,2021-07-22,1,1,0.0688120632502451
ITUB4,1.01,90,Random Forest,2021-07-22,1,1,0.0688120632502451
ITUB4,1.01,90,SVC,2021-07-22,1,1,0.0688120632502451
ITUB4,1.01,90,RNA,2021-07-23,1,1,0.0735900807239835
ITUB4,1.01,90,Random Forest,2021-07-23,1,1,0.0735900807239835
ITUB4,1.01,90,SVC,2021-07-23,1,1,0.0735900807239835
ITUB4,1.01,90,RNA,2021-07-26,1,1,0.0583051173777786
ITUB4,1.01,90,Random Forest,2021-07-26,1,1,0.0583051173777786
ITUB4,1.01,90,SVC,2021-07-26,1,1,0.0583051173777786
ITUB4,1.01,90,RNA,2021-07-27,1,1,0.0456253707122906
ITUB4,1.01,90,Random Forest,2021-07-27,1,1,0.0456253707122906
ITUB4,1.01,90,SVC,2021-07-27,1,1,0.0456253707122906
ITUB4,1.01,90,RNA,2021-07-28,1,1,0.0209068823921776
ITUB4,1.01,90,Random Forest,2021-07-28,1,1,0.0209068823921776
ITUB4,1.01,90,SVC,2021-07-28,1,1,0.0209068823921776
ITUB4,1.01,90,RNA,2021-07-29,1,1,0.0370264848580883
ITUB4,1.01,90,Random Forest,2021-07-29,1,0,0.0370264848580883
ITUB4,1.01,90,SVC,2021-07-29,1,0,0.0370264848580883
ITUB4,1.01,90,RNA,2021-07-30,1,1,0.0230519279136973
ITUB4,1.01,90,Random Forest,2021-07-30,1,1,0.0230519279136973
ITUB4,1.01,90,SVC,2021-07-30,1,1,0.0230519279136973
ITUB4,1.01,90,RNA,2021-08-02,0,1,-0.0178343819982774
ITUB4,1.01,90,Random Forest,2021-08-02,0,1,-0.0178343819982774
ITUB4,1.01,90,SVC,2021-08-02,0,1,-0.0178343819982774
ITUB4,1.01,90,RNA,2021-08-03,1,1,0.027795908205231
ITUB4,1.01,90,Random Forest,2021-08-03,1,1,0.027795908205231
ITUB4,1.01,90,SVC,2021-08-03,1,1,0.027795908205231
ITUB4,1.01,90,RNA,2021-08-04,1,1,0.0407284562181797
ITUB4,1.01,90,Random Forest,2021-08-04,1,0,0.0407284562181797
ITUB4,1.01,90,SVC,2021-08-04,1,1,0.0407284562181797
ITUB4,1.01,90,RNA,2021-08-05,1,1,0.0434926487528801
ITUB4,1.01,90,Random Forest,2021-08-05,1,1,0.0434926487528801
ITUB4,1.01,90,SVC,2021-08-05,1,1,0.0434926487528801
ITUB4,1.01,90,RNA,2021-08-06,1,1,0.0214494464410146
ITUB4,1.01,90,Random Forest,2021-08-06,1,1,0.0214494464410146
ITUB4,1.01,90,SVC,2021-08-06,1,1,0.0214494464410146
ITUB4,1.01,90,RNA,2021-08-09,0,0,-0.0121951374336694
ITUB4,1.01,90,Random Forest,2021-08-09,0,1,-0.0121951374336694
ITUB4,1.01,90,SVC,2021-08-09,0,1,-0.0121951374336694
ITUB4,1.01,90,RNA,2021-08-10,1,1,0.0292763210688704
ITUB4,1.01,90,Random Forest,2021-08-10,1,1,0.0292763210688704
ITUB4,1.01,90,SVC,2021-08-10,1,1,0.0292763210688704
ITUB4,1.01,90,RNA,2021-08-11,1,1,0.0137966597178114
ITUB4,1.01,90,Random Forest,2021-08-11,1,1,0.0137966597178114
ITUB4,1.01,90,SVC,2021-08-11,1,0,0.0137966597178114
ITUB4,1.01,90,RNA,2021-08-12,1,1,0.0277938557254502
ITUB4,1.01,90,Random Forest,2021-08-12,1,1,0.0277938557254502
ITUB4,1.01,90,SVC,2021-08-12,1,1,0.0277938557254502
ITUB4,1.01,90,RNA,2021-08-13,1,1,0.0163078750554883
ITUB4,1.01,90,Random Forest,2021-08-13,1,1,0.0163078750554883
ITUB4,1.01,90,SVC,2021-08-13,1,1,0.0163078750554883
ITUB4,1.01,90,RNA,2021-08-16,1,1,0.0267238488108989
ITUB4,1.01,90,Random Forest,2021-08-16,1,1,0.0267238488108989
ITUB4,1.01,90,SVC,2021-08-16,1,1,0.0267238488108989
ITUB4,1.01,90,RNA,2021-08-17,1,1,0.0332005496782998
ITUB4,1.01,90,Random Forest,2021-08-17,1,1,0.0332005496782998
ITUB4,1.01,90,SVC,2021-08-17,1,1,0.0332005496782998
ITUB4,1.01,90,RNA,2021-08-18,1,1,0.0371237184956325
ITUB4,1.01,90,Random Forest,2021-08-18,1,1,0.0371237184956325
ITUB4,1.01,90,SVC,2021-08-18,1,1,0.0371237184956325
ITUB4,1.01,90,RNA,2021-08-19,1,1,0.0489864720494095
ITUB4,1.01,90,Random Forest,2021-08-19,1,1,0.0489864720494095
ITUB4,1.01,90,SVC,2021-08-19,1,1,0.0489864720494095
ITUB4,1.01,90,RNA,2021-08-20,1,1,0.0398526320642387
ITUB4,1.01,90,Random Forest,2021-08-20,1,1,0.0398526320642387
ITUB4,1.01,90,SVC,2021-08-20,1,1,0.0398526320642387
ITUB4,1.01,90,RNA,2021-08-23,1,1,0.0264462406887198
ITUB4,1.01,90,Random Forest,2021-08-23,1,1,0.0264462406887198
ITUB4,1.01,90,SVC,2021-08-23,1,1,0.0264462406887198
ITUB4,1.01,90,RNA,2021-08-24,0,1,-0.006829253334292
ITUB4,1.01,90,Random Forest,2021-08-24,0,1,-0.006829253334292
ITUB4,1.01,90,SVC,2021-08-24,0,1,-0.006829253334292
ITUB4,1.01,90,RNA,2021-08-25,1,1,0.0119741193746845
ITUB4,1.01,90,Random Forest,2021-08-25,1,1,0.0119741193746845
ITUB4,1.01,90,SVC,2021-08-25,1,1,0.0119741193746845
ITUB4,1.01,90,RNA,2021-08-26,1,1,0.0402809548416598
ITUB4,1.01,90,Random Forest,2021-08-26,1,1,0.0402809548416598
ITUB4,1.01,90,SVC,2021-08-26,1,1,0.0402809548416598
ITUB4,1.01,90,RNA,2021-08-27,1,1,0.0311289430660963
ITUB4,1.01,90,Random Forest,2021-08-27,1,1,0.0311289430660963
ITUB4,1.01,90,SVC,2021-08-27,1,1,0.0311289430660963
ITUB4,1.01,90,RNA,2021-08-30,1,1,0.033148779845135
ITUB4,1.01,90,Random Forest,2021-08-30,1,1,0.033148779845135
ITUB4,1.01,90,SVC,2021-08-30,1,1,0.033148779845135
ITUB4,1.01,90,RNA,2021-08-31,1,1,0.0183515711411952
ITUB4,1.01,90,Random Forest,2021-08-31,1,1,0.0183515711411952
ITUB4,1.01,90,SVC,2021-08-31,1,1,0.0183515711411952
ITUB4,1.01,90,RNA,2021-09-01,0,1,-0.0702492614391222
ITUB4,1.01,90,Random Forest,2021-09-01,0,1,-0.0702492614391222
ITUB4,1.01,90,SVC,2021-09-01,0,1,-0.0702492614391222
ITUB4,1.01,90,RNA,2021-09-02,0,1,-0.0341852008779255
ITUB4,1.01,90,Random Forest,2021-09-02,0,1,-0.0341852008779255
ITUB4,1.01,90,SVC,2021-09-02,0,1,-0.0341852008779255
ITUB4,1.01,90,RNA,2021-09-03,1,1,0.0202224447897452
ITUB4,1.01,90,Random Forest,2021-09-03,1,1,0.0202224447897452
ITUB4,1.01,90,SVC,2021-09-03,1,1,0.0202224447897452
ITUB4,1.01,90,RNA,2021-09-06,0,1,-0.0289614311639029
ITUB4,1.01,90,Random Forest,2021-09-06,0,1,-0.0289614311639029
ITUB4,1.01,90,SVC,2021-09-06,0,1,-0.0289614311639029
ITUB4,1.01,90,RNA,2021-09-08,1,1,0.0241712690736959
ITUB4,1.01,90,Random Forest,2021-09-08,1,1,0.0241712690736959
ITUB4,1.01,90,SVC,2021-09-08,1,1,0.0241712690736959
ITUB4,1.01,90,RNA,2021-09-09,0,1,-0.0332203148702248
ITUB4,1.01,90,Random Forest,2021-09-09,0,0,-0.0332203148702248
ITUB4,1.01,90,SVC,2021-09-09,0,1,-0.0332203148702248
ITUB4,1.01,90,RNA,2021-09-10,0,1,-0.0282986741590129
ITUB4,1.01,90,Random Forest,2021-09-10,0,1,-0.0282986741590129
ITUB4,1.01,90,SVC,2021-09-10,0,1,-0.0282986741590129
ITUB4,1.01,90,RNA,2021-09-13,0,1,-0.0439862292437968
ITUB4,1.01,90,Random Forest,2021-09-13,0,0,-0.0439862292437968
ITUB4,1.01,90,SVC,2021-09-13,0,1,-0.0439862292437968
ITUB4,1.01,90,RNA,2021-09-14,0,1,-0.0640275446022548
ITUB4,1.01,90,Random Forest,2021-09-14,0,0,-0.0640275446022548
ITUB4,1.01,90,SVC,2021-09-14,0,1,-0.0640275446022548
ITUB4,1.01,90,RNA,2021-09-15,1,1,0.012005637147286
ITUB4,1.01,90,Random Forest,2021-09-15,1,0,0.012005637147286
ITUB4,1.01,90,SVC,2021-09-15,1,1,0.012005637147286
ITUB4,1.01,90,RNA,2021-09-16,0,1,-0.0252897427978466
ITUB4,1.01,90,Random Forest,2021-09-16,0,0,-0.0252897427978466
ITUB4,1.01,90,SVC,2021-09-16,0,1,-0.0252897427978466
ITUB4,1.01,90,RNA,2021-09-17,1,1,0.060439586876869
ITUB4,1.01,90,Random Forest,2021-09-17,1,1,0.060439586876869
ITUB4,1.01,90,SVC,2021-09-17,1,1,0.060439586876869
ITUB4,1.01,90,RNA,2021-09-20,1,1,0.05966325135598
ITUB4,1.01,90,Random Forest,2021-09-20,1,0,0.05966325135598
ITUB4,1.01,90,SVC,2021-09-20,1,1,0.05966325135598
ITUB4,1.01,90,RNA,2021-09-21,1,1,0.0731796512194113
ITUB4,1.01,90,Random Forest,2021-09-21,1,1,0.0731796512194113
ITUB4,1.01,90,SVC,2021-09-21,1,1,0.0731796512194113
ITUB4,1.01,90,RNA,2021-09-22,1,1,0.0601504073230376
ITUB4,1.01,90,Random Forest,2021-09-22,1,1,0.0601504073230376
ITUB4,1.01,90,SVC,2021-09-22,1,1,0.0601504073230376
ITUB4,1.01,90,RNA,2021-09-23,1,1,0.0389474065059218
ITUB4,1.01,90,Random Forest,2021-09-23,1,1,0.0389474065059218
ITUB4,1.01,90,SVC,2021-09-23,1,1,0.0389474065059218
ITUB4,1.01,90,RNA,2021-09-24,1,1,0.0415054840030948
ITUB4,1.01,90,Random Forest,2021-09-24,1,1,0.0415054840030948
ITUB4,1.01,90,SVC,2021-09-24,1,1,0.0415054840030948
ITUB4,1.01,90,RNA,2021-09-27,1,1,0.0333845469654519
ITUB4,1.01,90,Random Forest,2021-09-27,1,1,0.0333845469654519
ITUB4,1.01,90,SVC,2021-09-27,1,1,0.0333845469654519
ITUB4,1.01,90,RNA,2021-09-28,1,1,0.0431232427426875
ITUB4,1.01,90,Random Forest,2021-09-28,1,1,0.0431232427426875
ITUB4,1.01,90,SVC,2021-09-28,1,1,0.0431232427426875
ITUB4,1.01,90,RNA,2021-09-29,1,1,0.0464421558797345
ITUB4,1.01,90,Random Forest,2021-09-29,1,1,0.0464421558797345
ITUB4,1.01,90,SVC,2021-09-29,1,1,0.0464421558797345
ITUB4,1.01,90,RNA,2021-09-30,1,1,0.0448226136101448
ITUB4,1.01,90,Random Forest,2021-09-30,1,1,0.0448226136101448
ITUB4,1.01,90,SVC,2021-09-30,1,1,0.0448226136101448
ITUB4,1.01,90,RNA,2021-10-01,1,1,0.0254545464602167
ITUB4,1.01,90,Random Forest,2021-10-01,1,1,0.0254545464602167
ITUB4,1.01,90,SVC,2021-10-01,1,1,0.0254545464602167
ITUB4,1.01,90,RNA,2021-10-04,1,1,0.0317072937276574
ITUB4,1.01,90,Random Forest,2021-10-04,1,1,0.0317072937276574
ITUB4,1.01,90,SVC,2021-10-04,1,1,0.0317072937276574
ITUB4,1.01,90,RNA,2021-10-05,1,1,0.0325865615654548
ITUB4,1.01,90,Random Forest,2021-10-05,1,1,0.0325865615654548
ITUB4,1.01,90,SVC,2021-10-05,1,1,0.0325865615654548
ITUB4,1.01,90,RNA,2021-10-06,0,1,-0.0346199618170117
ITUB4,1.01,90,Random Forest,2021-10-06,0,1,-0.0346199618170117
ITUB4,1.01,90,SVC,2021-10-06,0,1,-0.0346199618170117
ITUB4,1.01,90,RNA,2021-10-07,1,1,0.0279805604028346
ITUB4,1.01,90,Random Forest,2021-10-07,1,1,0.0279805604028346
ITUB4,1.01,90,SVC,2021-10-07,1,1,0.0279805604028346
ITUB4,1.01,90,RNA,2021-10-08,1,1,0.0117982051231784
ITUB4,1.01,90,Random Forest,2021-10-08,1,1,0.0117982051231784
ITUB4,1.01,90,SVC,2021-10-08,1,1,0.0117982051231784
ITUB4,1.01,90,RNA,2021-10-11,1,1,0.0308641902280213
ITUB4,1.01,90,Random Forest,2021-10-11,1,1,0.0308641902280213
ITUB4,1.01,90,SVC,2021-10-11,1,1,0.0308641902280213
ITUB4,1.01,90,RNA,2021-10-13,1,1,0.0253786199605245
ITUB4,1.01,90,Random Forest,2021-10-13,1,1,0.0253786199605245
ITUB4,1.01,90,SVC,2021-10-13,1,1,0.0253786199605245
ITUB4,1.01,90,RNA,2021-10-14,1,1,0.0342691861970516
ITUB4,1.01,90,Random Forest,2021-10-14,1,1,0.0342691861970516
ITUB4,1.01,90,SVC,2021-10-14,1,1,0.0342691861970516
ITUB4,1.01,90,RNA,2021-10-15,1,1,0.023189617837914
ITUB4,1.01,90,Random Forest,2021-10-15,1,1,0.023189617837914
ITUB4,1.01,90,SVC,2021-10-15,1,1,0.023189617837914
ITUB4,1.01,90,RNA,2021-10-18,1,1,0.0182186639838548
ITUB4,1.01,90,Random Forest,2021-10-18,1,1,0.0182186639838548
ITUB4,1.01,90,SVC,2021-10-18,1,1,0.0182186639838548
ITUB4,1.01,90,RNA,2021-10-19,1,1,0.024439935114723
ITUB4,1.01,90,Random Forest,2021-10-19,1,1,0.024439935114723
ITUB4,1.01,90,SVC,2021-10-19,1,1,0.024439935114723
ITUB4,1.01,90,RNA,2021-10-20,1,1,0.0315832846173529
ITUB4,1.01,90,Random Forest,2021-10-20,1,1,0.0315832846173529
ITUB4,1.01,90,SVC,2021-10-20,1,1,0.0315832846173529
ITUB4,1.01,90,RNA,2021-10-21,1,1,0.0132670340145359
ITUB4,1.01,90,Random Forest,2021-10-21,1,1,0.0132670340145359
ITUB4,1.01,90,SVC,2021-10-21,1,1,0.0132670340145359
ITUB4,1.01,90,RNA,2021-10-22,1,1,0.0325306495736845
ITUB4,1.01,90,Random Forest,2021-10-22,1,1,0.0325306495736845
ITUB4,1.01,90,SVC,2021-10-22,1,1,0.0325306495736845
ITUB4,1.01,90,RNA,2021-10-25,1,1,0.0316589790915677
ITUB4,1.01,90,Random Forest,2021-10-25,1,1,0.0316589790915677
ITUB4,1.01,90,SVC,2021-10-25,1,1,0.0316589790915677
ITUB4,1.01,90,RNA,2021-10-26,1,1,0.0234506059498256
ITUB4,1.01,90,Random Forest,2021-10-26,1,1,0.0234506059498256
ITUB4,1.01,90,SVC,2021-10-26,1,1,0.0234506059498256
ITUB4,1.01,90,RNA,2021-10-27,1,1,0.0514930535614301
ITUB4,1.01,90,Random Forest,2021-10-27,1,1,0.0514930535614301
ITUB4,1.01,90,SVC,2021-10-27,1,1,0.0514930535614301
ITUB4,1.01,90,RNA,2021-10-28,1,1,0.0396341430290116
ITUB4,1.01,90,Random Forest,2021-10-28,1,1,0.0396341430290116
ITUB4,1.01,90,SVC,2021-10-28,1,1,0.0396341430290116
ITUB4,1.01,90,RNA,2021-10-29,1,1,0.0489244873464975
ITUB4,1.01,90,Random Forest,2021-10-29,1,1,0.0489244873464975
ITUB4,1.01,90,SVC,2021-10-29,1,1,0.0489244873464975
ITUB4,1.01,90,RNA,2021-11-01,1,0,0.035818384436663
ITUB4,1.01,90,Random Forest,2021-11-01,1,1,0.035818384436663
ITUB4,1.01,90,SVC,2021-11-01,1,1,0.035818384436663
ITUB4,1.01,90,RNA,2021-11-03,1,1,0.0102123962957607
ITUB4,1.01,90,Random Forest,2021-11-03,1,1,0.0102123962957607
ITUB4,1.01,90,SVC,2021-11-03,1,1,0.0102123962957607
ITUB4,1.01,90,RNA,2021-11-04,0,1,-0.0170212865038204
ITUB4,1.01,90,Random Forest,2021-11-04,0,1,-0.0170212865038204
ITUB4,1.01,90,SVC,2021-11-04,0,1,-0.0170212865038204
ITUB4,1.01,90,RNA,2021-11-05,1,1,0.0320175690689543
ITUB4,1.01,90,Random Forest,2021-11-05,1,1,0.0320175690689543
ITUB4,1.01,90,SVC,2021-11-05,1,1,0.0320175690689543
ITUB4,1.01,90,RNA,2021-11-08,1,1,0.0293088475990188
ITUB4,1.01,90,Random Forest,2021-11-08,1,1,0.0293088475990188
ITUB4,1.01,90,SVC,2021-11-08,1,1,0.0293088475990188
ITUB4,1.01,90,RNA,2021-11-09,1,1,0.0443852907718325
ITUB4,1.01,90,Random Forest,2021-11-09,1,1,0.0443852907718325
ITUB4,1.01,90,SVC,2021-11-09,1,1,0.0443852907718325
ITUB4,1.01,90,RNA,2021-11-10,0,1,-0.0247546374733381
ITUB4,1.01,90,Random Forest,2021-11-10,0,1,-0.0247546374733381
ITUB4,1.01,90,SVC,2021-11-10,0,1,-0.0247546374733381
ITUB4,1.01,90,RNA,2021-11-11,1,1,0.0165002030517336
ITUB4,1.01,90,Random Forest,2021-11-11,1,1,0.0165002030517336
ITUB4,1.01,90,SVC,2021-11-11,1,1,0.0165002030517336
ITUB4,1.01,90,RNA,2021-11-12,1,1,0.0142981083277886
ITUB4,1.01,90,Random Forest,2021-11-12,1,1,0.0142981083277886
ITUB4,1.01,90,SVC,2021-11-12,1,1,0.0142981083277886
ITUB4,1.01,90,RNA,2021-11-16,1,1,0.0109027241030994
ITUB4,1.01,90,Random Forest,2021-11-16,1,1,0.0109027241030994
ITUB4,1.01,90,SVC,2021-11-16,1,1,0.0109027241030994
ITUB4,1.01,90,RNA,2021-11-17,0,1,-0.0043991574343631
ITUB4,1.01,90,Random Forest,2021-11-17,0,1,-0.0043991574343631
ITUB4,1.01,90,SVC,2021-11-17,0,1,-0.0043991574343631
ITUB4,1.01,90,RNA,2021-11-18,1,1,0.0468047693498809
ITUB4,1.01,90,Random Forest,2021-11-18,1,1,0.0468047693498809
ITUB4,1.01,90,SVC,2021-11-18,1,1,0.0468047693498809
ITUB4,1.01,90,RNA,2021-11-19,1,1,0.0672421066258708
ITUB4,1.01,90,Random Forest,2021-11-19,1,1,0.0672421066258708
ITUB4,1.01,90,SVC,2021-11-19,1,1,0.0672421066258708
ITUB4,1.01,90,RNA,2021-11-22,1,1,0.0557303067445305
ITUB4,1.01,90,Random Forest,2021-11-22,1,1,0.0557303067445305
ITUB4,1.01,90,SVC,2021-11-22,1,1,0.0557303067445305
ITUB4,1.01,90,RNA,2021-11-23,1,1,0.0576316950770274
ITUB4,1.01,90,Random Forest,2021-11-23,1,1,0.0576316950770274
ITUB4,1.01,90,SVC,2021-11-23,1,1,0.0576316950770274
ITUB4,1.01,90,RNA,2021-11-24,1,1,0.0168830873977587
ITUB4,1.01,90,Random Forest,2021-11-24,1,1,0.0168830873977587
ITUB4,1.01,90,SVC,2021-11-24,1,1,0.0168830873977587
ITUB4,1.01,90,RNA,2021-11-25,1,1,0.018892790540349
ITUB4,1.01,90,Random Forest,2021-11-25,1,1,0.018892790540349
ITUB4,1.01,90,SVC,2021-11-25,1,1,0.018892790540349
ITUB4,1.01,90,RNA,2021-11-26,0,1,0.0003557636285826
ITUB4,1.01,90,Random Forest,2021-11-26,0,1,0.0003557636285826
ITUB4,1.01,90,SVC,2021-11-26,0,1,0.0003557636285826
ITUB4,1.01,90,RNA,2021-11-29,1,1,0.041386057701706
ITUB4,1.01,90,Random Forest,2021-11-29,1,1,0.041386057701706
ITUB4,1.01,90,SVC,2021-11-29,1,1,0.041386057701706
ITUB4,1.01,90,RNA,2021-11-30,1,1,0.0536347572662667
ITUB4,1.01,90,Random Forest,2021-11-30,1,1,0.0536347572662667
ITUB4,1.01,90,SVC,2021-11-30,1,1,0.0536347572662667
ITUB4,1.01,90,RNA,2021-12-01,1,1,0.0592691172032591
ITUB4,1.01,90,Random Forest,2021-12-01,1,1,0.0592691172032591
ITUB4,1.01,90,SVC,2021-12-01,1,1,0.0592691172032591
ITUB4,1.01,90,RNA,2021-12-02,1,1,0.0348279988374164
ITUB4,1.01,90,Random Forest,2021-12-02,1,1,0.0348279988374164
ITUB4,1.01,90,SVC,2021-12-02,1,1,0.0348279988374164
ITUB4,1.01,90,RNA,2021-12-03,1,1,0.0290043383694278
ITUB4,1.01,90,Random Forest,2021-12-03,1,1,0.0290043383694278
ITUB4,1.01,90,SVC,2021-12-03,1,1,0.0290043383694278
ITUB4,1.01,90,RNA,2021-12-06,0,1,-0.0618120507258376
ITUB4,1.01,90,Random Forest,2021-12-06,0,1,-0.0618120507258376
ITUB4,1.01,90,SVC,2021-12-06,0,1,-0.0618120507258376
ITUB4,1.01,90,RNA,2021-12-07,0,1,-0.0658293419037054
ITUB4,1.01,90,Random Forest,2021-12-07,0,1,-0.0658293419037054
ITUB4,1.01,90,SVC,2021-12-07,0,1,-0.0658293419037054
ITUB4,1.01,90,RNA,2021-12-08,0,1,-0.0438981392036046
ITUB4,1.01,90,Random Forest,2021-12-08,0,1,-0.0438981392036046
ITUB4,1.01,90,SVC,2021-12-08,0,1,-0.0438981392036046
ITUB4,1.01,90,RNA,2021-12-09,0,1,-0.0255834812574191
ITUB4,1.01,90,Random Forest,2021-12-09,0,1,-0.0255834812574191
ITUB4,1.01,90,SVC,2021-12-09,0,1,-0.0255834812574191
ITUB4,1.01,90,RNA,2021-12-10,0,1,-0.0121621902796168
ITUB4,1.01,90,Random Forest,2021-12-10,0,0,-0.0121621902796168
ITUB4,1.01,90,SVC,2021-12-10,0,1,-0.0121621902796168
ITUB4,1.01,90,RNA,2021-12-13,1,1,0.0183823330881811
ITUB4,1.01,90,Random Forest,2021-12-13,1,0,0.0183823330881811
ITUB4,1.01,90,SVC,2021-12-13,1,1,0.0183823330881811
ITUB4,1.01,90,RNA,2021-12-14,0,1,-0.0360565563354642
ITUB4,1.01,90,Random Forest,2021-12-14,0,0,-0.0360565563354642
ITUB4,1.01,90,SVC,2021-12-14,0,1,-0.0360565563354642
ITUB4,1.01,90,RNA,2021-12-15,0,1,-0.0342465322563038
ITUB4,1.01,90,Random Forest,2021-12-15,0,0,-0.0342465322563038
ITUB4,1.01,90,SVC,2021-12-15,0,1,-0.0342465322563038
ITUB4,1.01,90,RNA,2021-12-16,1,0,0.0101710822135629
ITUB4,1.01,90,Random Forest,2021-12-16,1,0,0.0101710822135629
ITUB4,1.01,90,SVC,2021-12-16,1,1,0.0101710822135629
ITUB4,1.01,90,RNA,2021-12-17,0,1,-0.0065177060386053
ITUB4,1.01,90,Random Forest,2021-12-17,0,0,-0.0065177060386053
ITUB4,1.01,90,SVC,2021-12-17,0,1,-0.0065177060386053
ITUB4,1.01,90,RNA,2021-12-20,1,0,0.024067948070755
ITUB4,1.01,90,Random Forest,2021-12-20,1,1,0.024067948070755
ITUB4,1.01,90,SVC,2021-12-20,1,1,0.024067948070755
ITUB4,1.01,90,RNA,2021-12-21,1,1,0.0221384703628604
ITUB4,1.01,90,Random Forest,2021-12-21,1,0,0.0221384703628604
ITUB4,1.01,90,SVC,2021-12-21,1,1,0.0221384703628604
ITUB4,1.01,90,RNA,2021-12-22,1,0,0.0173465010246824
ITUB4,1.01,90,Random Forest,2021-12-22,1,1,0.0173465010246824
ITUB4,1.01,90,SVC,2021-12-22,1,1,0.0173465010246824
ITUB4,1.01,90,RNA,2021-12-23,1,1,0.0102421094892368
ITUB4,1.01,90,Random Forest,2021-12-23,1,1,0.0102421094892368
ITUB4,1.01,90,SVC,2021-12-23,1,1,0.0102421094892368
ITUB4,1.01,90,RNA,2021-12-27,0,1,-0.0047098264950297
ITUB4,1.01,90,Random Forest,2021-12-27,0,1,-0.0047098264950297
ITUB4,1.01,90,SVC,2021-12-27,0,1,-0.0047098264950297
ITUB4,1.01,90,RNA,2021-12-28,1,1,0.0310585903132063
ITUB4,1.01,90,Random Forest,2021-12-28,1,1,0.0310585903132063
ITUB4,1.01,90,SVC,2021-12-28,1,1,0.0310585903132063
ITUB4,1.01,90,RNA,2021-12-29,1,1,0.0372539890194989
ITUB4,1.01,90,Random Forest,2021-12-29,1,1,0.0372539890194989
ITUB4,1.01,90,SVC,2021-12-29,1,1,0.0372539890194989
ITUB4,1.01,90,RNA,2021-12-30,1,1,0.0505431701703291
ITUB4,1.01,90,Random Forest,2021-12-30,1,1,0.0505431701703291
ITUB4,1.01,90,SVC,2021-12-30,1,1,0.0505431701703291
ITUB4,1.01,90,RNA,2022-01-03,1,1,0.0476410159453579
ITUB4,1.01,90,Random Forest,2022-01-03,1,1,0.0476410159453579
ITUB4,1.01,90,SVC,2022-01-03,1,1,0.0476410159453579
ITUB4,1.01,90,RNA,2022-01-04,1,1,0.0357628155006652
ITUB4,1.01,90,Random Forest,2022-01-04,1,1,0.0357628155006652
ITUB4,1.01,90,SVC,2022-01-04,1,1,0.0357628155006652
ITUB4,1.01,90,RNA,2022-01-05,1,1,0.0790203321696605
ITUB4,1.01,90,Random Forest,2022-01-05,1,0,0.0790203321696605
ITUB4,1.01,90,SVC,2022-01-05,1,1,0.0790203321696605
ITUB4,1.01,90,RNA,2022-01-06,1,1,0.0638297664373066
ITUB4,1.01,90,Random Forest,2022-01-06,1,1,0.0638297664373066
ITUB4,1.01,90,SVC,2022-01-06,1,1,0.0638297664373066
ITUB4,1.01,90,RNA,2022-01-07,1,1,0.0553832041285577
ITUB4,1.01,90,Random Forest,2022-01-07,1,1,0.0553832041285577
ITUB4,1.01,90,SVC,2022-01-07,1,1,0.0553832041285577
ITUB4,1.01,90,RNA,2022-01-10,1,1,0.0465115934802304
ITUB4,1.01,90,Random Forest,2022-01-10,1,1,0.0465115934802304
ITUB4,1.01,90,SVC,2022-01-10,1,1,0.0465115934802304
ITUB4,1.01,90,RNA,2022-01-11,1,1,0.025365427611935
ITUB4,1.01,90,Random Forest,2022-01-11,1,1,0.025365427611935
ITUB4,1.01,90,SVC,2022-01-11,1,1,0.025365427611935
ITUB4,1.01,90,RNA,2022-01-12,1,1,0.0376786879734858
ITUB4,1.01,90,Random Forest,2022-01-12,1,1,0.0376786879734858
ITUB4,1.01,90,SVC,2022-01-12,1,1,0.0376786879734858
ITUB4,1.01,90,RNA,2022-01-13,1,1,0.0216376556504924
ITUB4,1.01,90,Random Forest,2022-01-13,1,1,0.0216376556504924
ITUB4,1.01,90,SVC,2022-01-13,1,1,0.0216376556504924
ITUB4,1.01,90,RNA,2022-01-14,1,1,0.0264279757789476
ITUB4,1.01,90,Random Forest,2022-01-14,1,1,0.0264279757789476
ITUB4,1.01,90,SVC,2022-01-14,1,1,0.0264279757789476
ITUB4,1.01,90,RNA,2022-01-17,1,1,0.0294997666235299
ITUB4,1.01,90,Random Forest,2022-01-17,1,1,0.0294997666235299
ITUB4,1.01,90,SVC,2022-01-17,1,1,0.0294997666235299
ITUB4,1.01,90,RNA,2022-01-18,1,1,0.0109152101089848
ITUB4,1.01,90,Random Forest,2022-01-18,1,1,0.0109152101089848
ITUB4,1.01,90,SVC,2022-01-18,1,1,0.0109152101089848
ITUB4,1.01,90,RNA,2022-01-19,1,1,0.0259133646413598
ITUB4,1.01,90,Random Forest,2022-01-19,1,1,0.0259133646413598
ITUB4,1.01,90,SVC,2022-01-19,1,1,0.0259133646413598
ITUB4,1.01,90,RNA,2022-01-20,1,1,0.0569456819757006
ITUB4,1.01,90,Random Forest,2022-01-20,1,1,0.0569456819757006
ITUB4,1.01,90,SVC,2022-01-20,1,1,0.0569456819757006
ITUB4,1.01,90,RNA,2022-01-21,1,1,0.0672376933559397
ITUB4,1.01,90,Random Forest,2022-01-21,1,1,0.0672376933559397
ITUB4,1.01,90,SVC,2022-01-21,1,1,0.0672376933559397
ITUB4,1.01,90,RNA,2022-01-24,1,1,0.0806591279141182
ITUB4,1.01,90,Random Forest,2022-01-24,1,1,0.0806591279141182
ITUB4,1.01,90,SVC,2022-01-24,1,1,0.0806591279141182
ITUB4,1.01,90,RNA,2022-01-25,1,1,0.0484997812699279
ITUB4,1.01,90,Random Forest,2022-01-25,1,1,0.0484997812699279
ITUB4,1.01,90,SVC,2022-01-25,1,1,0.0484997812699279
ITUB4,1.01,90,RNA,2022-01-26,1,1,0.049731276264443
ITUB4,1.01,90,Random Forest,2022-01-26,1,1,0.049731276264443
ITUB4,1.01,90,SVC,2022-01-26,1,1,0.049731276264443
ITUB4,1.01,90,RNA,2022-01-27,1,1,0.064069473566501
ITUB4,1.01,90,Random Forest,2022-01-27,1,1,0.064069473566501
ITUB4,1.01,90,SVC,2022-01-27,1,1,0.064069473566501
ITUB4,1.01,90,RNA,2022-01-28,1,1,0.0420721099886232
ITUB4,1.01,90,Random Forest,2022-01-28,1,1,0.0420721099886232
ITUB4,1.01,90,SVC,2022-01-28,1,1,0.0420721099886232
ITUB4,1.01,90,RNA,2022-01-31,1,1,0.0185844547715112
ITUB4,1.01,90,Random Forest,2022-01-31,1,1,0.0185844547715112
ITUB4,1.01,90,SVC,2022-01-31,1,1,0.0185844547715112
ITUB4,1.01,90,RNA,2022-02-01,1,1,0.0113859797744479
ITUB4,1.01,90,Random Forest,2022-02-01,1,1,0.0113859797744479
ITUB4,1.01,90,SVC,2022-02-01,1,1,0.0113859797744479
ITUB4,1.01,90,RNA,2022-02-02,1,1,0.0222222281681947
ITUB4,1.01,90,Random Forest,2022-02-02,1,1,0.0222222281681947
ITUB4,1.01,90,SVC,2022-02-02,1,1,0.0222222281681947
ITUB4,1.01,90,RNA,2022-02-03,1,1,0.0206022553640792
ITUB4,1.01,90,Random Forest,2022-02-03,1,1,0.0206022553640792
ITUB4,1.01,90,SVC,2022-02-03,1,1,0.0206022553640792
ITUB4,1.01,90,RNA,2022-02-04,1,1,0.0106090078671399
ITUB4,1.01,90,Random Forest,2022-02-04,1,1,0.0106090078671399
ITUB4,1.01,90,SVC,2022-02-04,1,1,0.0106090078671399
ITUB4,1.01,90,RNA,2022-02-07,1,1,0.0680379628667453
ITUB4,1.01,90,Random Forest,2022-02-07,1,1,0.0680379628667453
ITUB4,1.01,90,SVC,2022-02-07,1,1,0.0680379628667453
ITUB4,1.01,90,RNA,2022-02-08,1,1,0.0821643226999038
ITUB4,1.01,90,Random Forest,2022-02-08,1,1,0.0821643226999038
ITUB4,1.01,90,SVC,2022-02-08,1,1,0.0821643226999038
ITUB4,1.01,90,RNA,2022-02-09,1,1,0.0997963502340921
ITUB4,1.01,90,Random Forest,2022-02-09,1,1,0.0997963502340921
ITUB4,1.01,90,SVC,2022-02-09,1,1,0.0997963502340921
ITUB4,1.01,90,RNA,2022-02-10,1,1,0.024667910809637
ITUB4,1.01,90,Random Forest,2022-02-10,1,1,0.024667910809637
ITUB4,1.01,90,SVC,2022-02-10,1,1,0.024667910809637
ITUB4,1.01,90,RNA,2022-02-11,1,1,0.0112782097830568
ITUB4,1.01,90,Random Forest,2022-02-11,1,1,0.0112782097830568
ITUB4,1.01,90,SVC,2022-02-11,1,1,0.0112782097830568
ITUB4,1.01,90,RNA,2022-02-14,0,1,-0.0235074318756265
ITUB4,1.01,90,Random Forest,2022-02-14,0,1,-0.0235074318756265
ITUB4,1.01,90,SVC,2022-02-14,0,1,-0.0235074318756265
ITUB4,1.01,90,RNA,2022-02-15,0,1,-0.0466766308714334
ITUB4,1.01,90,Random Forest,2022-02-15,0,1,-0.0466766308714334
ITUB4,1.01,90,SVC,2022-02-15,0,1,-0.0466766308714334
ITUB4,1.01,90,RNA,2022-02-16,0,1,-0.0240991402402619
ITUB4,1.01,90,Random Forest,2022-02-16,0,1,-0.0240991402402619
ITUB4,1.01,90,SVC,2022-02-16,0,1,-0.0240991402402619
ITUB4,1.01,90,RNA,2022-02-17,1,1,0.0125858174766388
ITUB4,1.01,90,Random Forest,2022-02-17,1,1,0.0125858174766388
ITUB4,1.01,90,SVC,2022-02-17,1,1,0.0125858174766388
ITUB4,1.01,90,RNA,2022-02-18,0,1,-0.0479084674639354
ITUB4,1.01,90,Random Forest,2022-02-18,0,1,-0.0479084674639354
ITUB4,1.01,90,SVC,2022-02-18,0,1,-0.0479084674639354
ITUB4,1.01,90,RNA,2022-02-21,1,1,0.0151456289742522
ITUB4,1.01,90,Random Forest,2022-02-21,1,1,0.0151456289742522
ITUB4,1.01,90,SVC,2022-02-21,1,1,0.0151456289742522
ITUB4,1.01,90,RNA,2022-02-22,1,1,0.0120294831124625
ITUB4,1.01,90,Random Forest,2022-02-22,1,1,0.0120294831124625
ITUB4,1.01,90,SVC,2022-02-22,1,1,0.0120294831124625
ITUB4,1.01,90,RNA,2022-02-23,1,1,0.0451687520653039
ITUB4,1.01,90,Random Forest,2022-02-23,1,1,0.0451687520653039
ITUB4,1.01,90,SVC,2022-02-23,1,1,0.0451687520653039
ITUB4,1.01,90,RNA,2022-02-24,1,1,0.0401256799484976
ITUB4,1.01,90,Random Forest,2022-02-24,1,1,0.0401256799484976
ITUB4,1.01,90,SVC,2022-02-24,1,1,0.0401256799484976
ITUB4,1.01,90,RNA,2022-02-25,1,1,0.0270162697164091
ITUB4,1.01,90,Random Forest,2022-02-25,1,1,0.0270162697164091
ITUB4,1.01,90,SVC,2022-02-25,1,1,0.0270162697164091
ITUB4,1.01,90,RNA,2022-03-02,1,0,0.0323482470863125
ITUB4,1.01,90,Random Forest,2022-03-02,1,1,0.0323482470863125
ITUB4,1.01,90,SVC,2022-03-02,1,1,0.0323482470863125
ITUB4,1.01,90,RNA,2022-03-03,0,1,0.0011966216512069
ITUB4,1.01,90,Random Forest,2022-03-03,0,1,0.0011966216512069
ITUB4,1.01,90,SVC,2022-03-03,0,1,0.0011966216512069
ITUB4,1.01,90,RNA,2022-03-04,1,1,0.0428512824656532
ITUB4,1.01,90,Random Forest,2022-03-04,1,1,0.0428512824656532
ITUB4,1.01,90,SVC,2022-03-04,1,1,0.0428512824656532
ITUB4,1.01,90,RNA,2022-03-07,1,0,0.0561287825794227
ITUB4,1.01,90,Random Forest,2022-03-07,1,1,0.0561287825794227
ITUB4,1.01,90,SVC,2022-03-07,1,1,0.0561287825794227
ITUB4,1.01,90,RNA,2022-03-08,1,1,0.0570012551511909
ITUB4,1.01,90,Random Forest,2022-03-08,1,1,0.0570012551511909
ITUB4,1.01,90,SVC,2022-03-08,1,1,0.0570012551511909
ITUB4,1.01,90,RNA,2022-03-09,1,1,0.0343573189920463
ITUB4,1.01,90,Random Forest,2022-03-09,1,1,0.0343573189920463
ITUB4,1.01,90,SVC,2022-03-09,1,1,0.0343573189920463
ITUB4,1.01,90,RNA,2022-03-10,1,0,0.0170432169460359
ITUB4,1.01,90,Random Forest,2022-03-10,1,1,0.0170432169460359
ITUB4,1.01,90,SVC,2022-03-10,1,1,0.0170432169460359
ITUB4,1.01,90,RNA,2022-03-11,1,1,0.0467625841187866
ITUB4,1.01,90,Random Forest,2022-03-11,1,1,0.0467625841187866
ITUB4,1.01,90,SVC,2022-03-11,1,1,0.0467625841187866
ITUB4,1.01,90,RNA,2022-03-14,1,1,0.0593388926517088
ITUB4,1.01,90,Random Forest,2022-03-14,1,1,0.0593388926517088
ITUB4,1.01,90,SVC,2022-03-14,1,1,0.0593388926517088
ITUB4,1.01,90,RNA,2022-03-15,1,1,0.0686390571528654
ITUB4,1.01,90,Random Forest,2022-03-15,1,1,0.0686390571528654
ITUB4,1.01,90,SVC,2022-03-15,1,1,0.0686390571528654
ITUB4,1.01,90,RNA,2022-03-16,1,1,0.0737129205725104
ITUB4,1.01,90,Random Forest,2022-03-16,1,1,0.0737129205725104
ITUB4,1.01,90,SVC,2022-03-16,1,1,0.0737129205725104
ITUB4,1.01,90,RNA,2022-03-17,1,1,0.0594097715633445
ITUB4,1.01,90,Random Forest,2022-03-17,1,1,0.0594097715633445
ITUB4,1.01,90,SVC,2022-03-17,1,1,0.0594097715633445
ITUB4,1.01,90,RNA,2022-03-18,1,1,0.0487897032316011
ITUB4,1.01,90,Random Forest,2022-03-18,1,1,0.0487897032316011
ITUB4,1.01,90,SVC,2022-03-18,1,1,0.0487897032316011
ITUB4,1.01,90,RNA,2022-03-21,1,1,0.0194853053684405
ITUB4,1.01,90,Random Forest,2022-03-21,1,1,0.0194853053684405
ITUB4,1.01,90,SVC,2022-03-21,1,1,0.0194853053684405
ITUB4,1.01,90,RNA,2022-03-22,1,1,0.0124132806706622
ITUB4,1.01,90,Random Forest,2022-03-22,1,1,0.0124132806706622
ITUB4,1.01,90,SVC,2022-03-22,1,1,0.0124132806706622
ITUB4,1.01,90,RNA,2022-03-23,1,1,0.027442376051892
ITUB4,1.01,90,Random Forest,2022-03-23,1,1,0.027442376051892
ITUB4,1.01,90,SVC,2022-03-23,1,1,0.027442376051892
ITUB4,1.01,90,RNA,2022-03-24,1,1,0.0203488222705303
ITUB4,1.01,90,Random Forest,2022-03-24,1,1,0.0203488222705303
ITUB4,1.01,90,SVC,2022-03-24,1,1,0.0203488222705303
ITUB4,1.01,90,RNA,2022-03-25,1,1,0.0196078287529255
ITUB4,1.01,90,Random Forest,2022-03-25,1,1,0.0196078287529255
ITUB4,1.01,90,SVC,2022-03-25,1,1,0.0196078287529255
ITUB4,1.01,90,RNA,2022-03-28,1,1,0.0133525951884052
ITUB4,1.01,90,Random Forest,2022-03-28,1,1,0.0133525951884052
ITUB4,1.01,90,SVC,2022-03-28,1,1,0.0133525951884052
ITUB4,1.01,90,RNA,2022-03-29,0,1,-0.0191260467010287
ITUB4,1.01,90,Random Forest,2022-03-29,0,1,-0.0191260467010287
ITUB4,1.01,90,SVC,2022-03-29,0,1,-0.0191260467010287
ITUB4,1.01,90,RNA,2022-03-30,0,1,-0.0402733956983835
ITUB4,1.01,90,Random Forest,2022-03-30,0,1,-0.0402733956983835
ITUB4,1.01,90,SVC,2022-03-30,0,1,-0.0402733956983835
ITUB4,1.01,90,RNA,2022-03-31,0,1,-0.035018065908836
ITUB4,1.01,90,Random Forest,2022-03-31,0,0,-0.035018065908836
ITUB4,1.01,90,SVC,2022-03-31,0,1,-0.035018065908836
ITUB4,1.01,90,RNA,2022-04-01,0,1,-0.0269581373545115
ITUB4,1.01,90,Random Forest,2022-04-01,0,1,-0.0269581373545115
ITUB4,1.01,90,SVC,2022-04-01,0,1,-0.0269581373545115
ITUB4,1.01,90,RNA,2022-04-04,0,1,-0.020932810595951
ITUB4,1.01,90,Random Forest,2022-04-04,0,0,-0.020932810595951
ITUB4,1.01,90,SVC,2022-04-04,0,1,-0.020932810595951
ITUB4,1.01,90,RNA,2022-04-05,1,1,0.0127964202688577
ITUB4,1.01,90,Random Forest,2022-04-05,1,0,0.0127964202688577
ITUB4,1.01,90,SVC,2022-04-05,1,1,0.0127964202688577
ITUB4,1.01,90,RNA,2022-04-06,1,1,0.014711443630792
ITUB4,1.01,90,Random Forest,2022-04-06,1,1,0.014711443630792
ITUB4,1.01,90,SVC,2022-04-06,1,1,0.014711443630792
ITUB4,1.01,90,RNA,2022-04-07,1,1,0.0128012380199342
ITUB4,1.01,90,Random Forest,2022-04-07,1,1,0.0128012380199342
ITUB4,1.01,90,SVC,2022-04-07,1,1,0.0128012380199342
ITUB4,1.01,90,RNA,2022-04-08,1,1,0.0112782337259462
ITUB4,1.01,90,Random Forest,2022-04-08,1,1,0.0112782337259462
ITUB4,1.01,90,SVC,2022-04-08,1,1,0.0112782337259462
ITUB4,1.01,90,RNA,2022-04-11,0,1,-0.0119403085524354
ITUB4,1.01,90,Random Forest,2022-04-11,0,1,-0.0119403085524354
ITUB4,1.01,90,SVC,2022-04-11,0,1,-0.0119403085524354
ITUB4,1.01,90,RNA,2022-04-12,1,1,0.0125571254530418
ITUB4,1.01,90,Random Forest,2022-04-12,1,1,0.0125571254530418
ITUB4,1.01,90,SVC,2022-04-12,1,1,0.0125571254530418
ITUB4,1.01,90,RNA,2022-04-13,1,1,0.0207134714159142
ITUB4,1.01,90,Random Forest,2022-04-13,1,1,0.0207134714159142
ITUB4,1.01,90,SVC,2022-04-13,1,1,0.0207134714159142
ITUB4,1.01,90,RNA,2022-04-14,1,1,0.0141006525098954
ITUB4,1.01,90,Random Forest,2022-04-14,1,1,0.0141006525098954
ITUB4,1.01,90,SVC,2022-04-14,1,1,0.0141006525098954
ITUB4,1.01,90,RNA,2022-04-18,0,1,-0.0358220153171914
ITUB4,1.01,90,Random Forest,2022-04-18,0,1,-0.0358220153171914
ITUB4,1.01,90,SVC,2022-04-18,0,1,-0.0358220153171914
ITUB4,1.01,90,RNA,2022-04-19,0,1,-0.0507301934568943
ITUB4,1.01,90,Random Forest,2022-04-19,0,1,-0.0507301934568943
ITUB4,1.01,90,SVC,2022-04-19,0,1,-0.0507301934568943
ITUB4,1.01,90,RNA,2022-04-20,0,1,-0.0540540287712879
ITUB4,1.01,90,Random Forest,2022-04-20,0,1,-0.0540540287712879
ITUB4,1.01,90,SVC,2022-04-20,0,1,-0.0540540287712879
ITUB4,1.01,90,RNA,2022-04-22,0,1,-0.0470588241504158
ITUB4,1.01,90,Random Forest,2022-04-22,0,0,-0.0470588241504158
ITUB4,1.01,90,SVC,2022-04-22,0,1,-0.0470588241504158
ITUB4,1.01,90,RNA,2022-04-25,0,1,-0.0550277017137272
ITUB4,1.01,90,Random Forest,2022-04-25,0,1,-0.0550277017137272
ITUB4,1.01,90,SVC,2022-04-25,0,1,-0.0550277017137272
ITUB4,1.01,90,RNA,2022-04-26,0,1,-0.0489169900846493
ITUB4,1.01,90,Random Forest,2022-04-26,0,1,-0.0489169900846493
ITUB4,1.01,90,SVC,2022-04-26,0,1,-0.0489169900846493
ITUB4,1.01,90,RNA,2022-04-27,1,1,0.017951850918052
ITUB4,1.01,90,Random Forest,2022-04-27,1,1,0.017951850918052
ITUB4,1.01,90,SVC,2022-04-27,1,1,0.017951850918052
ITUB4,1.01,90,RNA,2022-04-28,1,1,0.0200327360666732
ITUB4,1.01,90,Random Forest,2022-04-28,1,1,0.0200327360666732
ITUB4,1.01,90,SVC,2022-04-28,1,1,0.0200327360666732
ITUB4,1.01,90,RNA,2022-04-29,1,1,0.01214912394881
ITUB4,1.01,90,Random Forest,2022-04-29,1,1,0.01214912394881
ITUB4,1.01,90,SVC,2022-04-29,1,1,0.01214912394881
ITUB4,1.01,90,RNA,2022-05-02,1,1,0.0176470412044791
ITUB4,1.01,90,Random Forest,2022-05-02,1,1,0.0176470412044791
ITUB4,1.01,90,SVC,2022-05-02,1,1,0.0176470412044791
ITUB4,1.01,90,RNA,2022-05-03,1,1,0.0193602472503271
ITUB4,1.01,90,Random Forest,2022-05-03,1,1,0.0193602472503271
ITUB4,1.01,90,SVC,2022-05-03,1,1,0.0193602472503271
ITUB4,1.01,90,RNA,2022-05-04,1,1,0.0267062045527981
ITUB4,1.01,90,Random Forest,2022-05-04,1,1,0.0267062045527981
ITUB4,1.01,90,SVC,2022-05-04,1,1,0.0267062045527981
ITUB4,1.01,90,RNA,2022-05-05,1,1,0.0403779885571777
ITUB4,1.01,90,Random Forest,2022-05-05,1,1,0.0403779885571777
ITUB4,1.01,90,SVC,2022-05-05,1,1,0.0403779885571777
ITUB4,1.01,90,RNA,2022-05-06,1,1,0.0391744157072504
ITUB4,1.01,90,Random Forest,2022-05-06,1,1,0.0391744157072504
ITUB4,1.01,90,SVC,2022-05-06,1,1,0.0391744157072504
ITUB4,1.01,90,RNA,2022-05-09,1,1,0.0563798031783684
ITUB4,1.01,90,Random Forest,2022-05-09,1,1,0.0563798031783684
ITUB4,1.01,90,SVC,2022-05-09,1,1,0.0563798031783684
ITUB4,1.01,90,RNA,2022-05-10,1,1,0.0825492205086841
ITUB4,1.01,90,Random Forest,2022-05-10,1,1,0.0825492205086841
ITUB4,1.01,90,SVC,2022-05-10,1,1,0.0825492205086841
ITUB4,1.01,90,RNA,2022-05-11,1,1,0.0706226484780316
ITUB4,1.01,90,Random Forest,2022-05-11,1,1,0.0706226484780316
ITUB4,1.01,90,SVC,2022-05-11,1,1,0.0706226484780316
ITUB4,1.01,90,RNA,2022-05-12,1,1,0.0376670973056056
ITUB4,1.01,90,Random Forest,2022-05-12,1,1,0.0376670973056056
ITUB4,1.01,90,SVC,2022-05-12,1,1,0.0376670973056056
ITUB4,1.01,90,RNA,2022-05-13,1,1,0.0309859022282708
ITUB4,1.01,90,Random Forest,2022-05-13,1,1,0.0309859022282708
ITUB4,1.01,90,SVC,2022-05-13,1,1,0.0309859022282708
ITUB4,1.01,90,RNA,2022-05-16,1,1,0.0102523658051161
ITUB4,1.01,90,Random Forest,2022-05-16,1,1,0.0102523658051161
ITUB4,1.01,90,SVC,2022-05-16,1,1,0.0102523658051161
ITUB4,1.01,90,RNA,2022-05-17,1,1,0.0325655239541964
ITUB4,1.01,90,Random Forest,2022-05-17,1,1,0.0325655239541964
ITUB4,1.01,90,SVC,2022-05-17,1,1,0.0325655239541964
ITUB4,1.01,90,RNA,2022-05-18,1,1,0.055377198528993
ITUB4,1.01,90,Random Forest,2022-05-18,1,1,0.055377198528993
ITUB4,1.01,90,SVC,2022-05-18,1,1,0.055377198528993
ITUB4,1.01,90,RNA,2022-05-19,1,1,0.0482263808902363
ITUB4,1.01,90,Random Forest,2022-05-19,1,1,0.0482263808902363
ITUB4,1.01,90,SVC,2022-05-19,1,1,0.0482263808902363
ITUB4,1.01,90,RNA,2022-05-20,1,1,0.0399367510682473
ITUB4,1.01,90,Random Forest,2022-05-20,1,1,0.0399367510682473
ITUB4,1.01,90,SVC,2022-05-20,1,1,0.0399367510682473
ITUB4,1.01,90,RNA,2022-05-23,1,1,0.0288162039864163
ITUB4,1.01,90,Random Forest,2022-05-23,1,1,0.0288162039864163
ITUB4,1.01,90,SVC,2022-05-23,1,1,0.0288162039864163
ITUB4,1.01,90,RNA,2022-05-24,1,1,0.014971209094128
ITUB4,1.01,90,Random Forest,2022-05-24,1,1,0.014971209094128
ITUB4,1.01,90,SVC,2022-05-24,1,1,0.014971209094128
ITUB4,1.01,90,RNA,2022-05-25,1,1,0.0275942683981698
ITUB4,1.01,90,Random Forest,2022-05-25,1,1,0.0275942683981698
ITUB4,1.01,90,SVC,2022-05-25,1,1,0.0275942683981698
ITUB4,1.01,90,RNA,2022-05-26,1,1,0.0145817222588129
ITUB4,1.01,90,Random Forest,2022-05-26,1,1,0.0145817222588129
ITUB4,1.01,90,SVC,2022-05-26,1,1,0.0145817222588129
ITUB4,1.01,90,RNA,2022-05-27,0,1,-0.0137995024253322
ITUB4,1.01,90,Random Forest,2022-05-27,0,1,-0.0137995024253322
ITUB4,1.01,90,SVC,2022-05-27,0,1,-0.0137995024253322
ITUB4,1.01,90,RNA,2022-05-30,0,1,-0.0203310780095277
ITUB4,1.01,90,Random Forest,2022-05-30,0,1,-0.0203310780095277
ITUB4,1.01,90,SVC,2022-05-30,0,1,-0.0203310780095277
ITUB4,1.01,90,RNA,2022-05-31,0,1,-0.0277672243527614
ITUB4,1.01,90,Random Forest,2022-05-31,0,1,-0.0277672243527614
ITUB4,1.01,90,SVC,2022-05-31,0,1,-0.0277672243527614
ITUB4,1.01,90,RNA,2022-06-01,0,1,-0.0176786889121048
ITUB4,1.01,90,Random Forest,2022-06-01,0,1,-0.0176786889121048
ITUB4,1.01,90,SVC,2022-06-01,0,1,-0.0176786889121048
ITUB4,1.01,90,RNA,2022-06-02,0,1,-0.026407777815245
ITUB4,1.01,90,Random Forest,2022-06-02,0,1,-0.026407777815245
ITUB4,1.01,90,SVC,2022-06-02,0,1,-0.026407777815245
ITUB4,1.01,90,RNA,2022-06-03,0,1,-0.0468085250204608
ITUB4,1.01,90,Random Forest,2022-06-03,0,1,-0.0468085250204608
ITUB4,1.01,90,SVC,2022-06-03,0,1,-0.0468085250204608
ITUB4,1.01,90,RNA,2022-06-06,0,1,-0.0537888035915916
ITUB4,1.01,90,Random Forest,2022-06-06,0,0,-0.0537888035915916
ITUB4,1.01,90,SVC,2022-06-06,0,1,-0.0537888035915916
ITUB4,1.01,90,RNA,2022-06-07,0,1,-0.0644400406712316
ITUB4,1.01,90,Random Forest,2022-06-07,0,0,-0.0644400406712316
ITUB4,1.01,90,SVC,2022-06-07,0,1,-0.0644400406712316
ITUB4,1.01,90,RNA,2022-06-08,0,1,-0.0562649363477463
ITUB4,1.01,90,Random Forest,2022-06-08,0,0,-0.0562649363477463
ITUB4,1.01,90,SVC,2022-06-08,0,1,-0.0562649363477463
ITUB4,1.01,90,RNA,2022-06-09,0,1,-0.032192312455432
ITUB4,1.01,90,Random Forest,2022-06-09,0,1,-0.032192312455432
ITUB4,1.01,90,SVC,2022-06-09,0,1,-0.032192312455432
ITUB4,1.01,90,RNA,2022-06-10,0,0,-0.0229166936191477
ITUB4,1.01,90,Random Forest,2022-06-10,0,1,-0.0229166936191477
ITUB4,1.01,90,SVC,2022-06-10,0,1,-0.0229166936191477
ITUB4,1.01,90,RNA,2022-06-13,1,1,0.0289672784292056
ITUB4,1.01,90,Random Forest,2022-06-13,1,1,0.0289672784292056
ITUB4,1.01,90,SVC,2022-06-13,1,1,0.0289672784292056
ITUB4,1.01,90,RNA,2022-06-14,1,1,0.0305184092137662
ITUB4,1.01,90,Random Forest,2022-06-14,1,1,0.0305184092137662
ITUB4,1.01,90,SVC,2022-06-14,1,1,0.0305184092137662
ITUB4,1.01,90,RNA,2022-06-15,1,1,0.0561268433615489
ITUB4,1.01,90,Random Forest,2022-06-15,1,1,0.0561268433615489
ITUB4,1.01,90,SVC,2022-06-15,1,1,0.0561268433615489
ITUB4,1.01,90,RNA,2022-06-17,1,0,0.045377459659613
ITUB4,1.01,90,Random Forest,2022-06-17,1,1,0.045377459659613
ITUB4,1.01,90,SVC,2022-06-17,1,1,0.045377459659613
ITUB4,1.01,90,RNA,2022-06-20,0,0,-0.0456026274335767
ITUB4,1.01,90,Random Forest,2022-06-20,0,1,-0.0456026274335767
ITUB4,1.01,90,SVC,2022-06-20,0,1,-0.0456026274335767
ITUB4,1.01,90,RNA,2022-06-21,0,1,-0.0284301836254713
ITUB4,1.01,90,Random Forest,2022-06-21,0,1,-0.0284301836254713
ITUB4,1.01,90,SVC,2022-06-21,0,1,-0.0284301836254713
ITUB4,1.01,90,RNA,2022-06-22,0,1,-0.0307564126464507
ITUB4,1.01,90,Random Forest,2022-06-22,0,1,-0.0307564126464507
ITUB4,1.01,90,SVC,2022-06-22,0,1,-0.0307564126464507
ITUB4,1.01,90,RNA,2022-06-23,0,1,-0.0257492468736639
ITUB4,1.01,90,Random Forest,2022-06-23,0,1,-0.0257492468736639
ITUB4,1.01,90,SVC,2022-06-23,0,1,-0.0257492468736639
ITUB4,1.01,90,RNA,2022-06-24,1,1,0.0131746981633773
ITUB4,1.01,90,Random Forest,2022-06-24,1,1,0.0131746981633773
ITUB4,1.01,90,SVC,2022-06-24,1,1,0.0131746981633773
ITUB4,1.01,90,RNA,2022-06-27,0,1,-0.0363331442232922
ITUB4,1.01,90,Random Forest,2022-06-27,0,0,-0.0363331442232922
ITUB4,1.01,90,SVC,2022-06-27,0,1,-0.0363331442232922
ITUB4,1.01,90,RNA,2022-06-28,0,0,-0.0350386772035582
ITUB4,1.01,90,Random Forest,2022-06-28,0,1,-0.0350386772035582
ITUB4,1.01,90,SVC,2022-06-28,0,1,-0.0350386772035582
ITUB4,1.01,90,RNA,2022-06-29,0,1,-0.0005360591833839
ITUB4,1.01,90,Random Forest,2022-06-29,0,1,-0.0005360591833839
ITUB4,1.01,90,SVC,2022-06-29,0,1,-0.0005360591833839
ITUB4,1.01,90,RNA,2022-06-30,1,0,0.0291218372710995
ITUB4,1.01,90,Random Forest,2022-06-30,1,0,0.0291218372710995
ITUB4,1.01,90,SVC,2022-06-30,1,1,0.0291218372710995
ITUB4,1.01,90,RNA,2022-07-01,1,1,0.0167622727559524
ITUB4,1.01,90,Random Forest,2022-07-01,1,0,0.0167622727559524
ITUB4,1.01,90,SVC,2022-07-01,1,1,0.0167622727559524
ITUB4,1.01,90,RNA,2022-07-04,1,1,0.0337777822878626
ITUB4,1.01,90,Random Forest,2022-07-04,1,0,0.0337777822878626
ITUB4,1.01,90,SVC,2022-07-04,1,1,0.0337777822878626
ITUB4,1.01,90,RNA,2022-07-05,1,1,0.0287483155109851
ITUB4,1.01,90,Random Forest,2022-07-05,1,1,0.0287483155109851
ITUB4,1.01,90,SVC,2022-07-05,1,1,0.0287483155109851
ITUB4,1.01,90,RNA,2022-07-06,1,0,0.0206230933054667
ITUB4,1.01,90,Random Forest,2022-07-06,1,1,0.0206230933054667
ITUB4,1.01,90,SVC,2022-07-06,1,1,0.0206230933054667
ITUB4,1.01,90,RNA,2022-07-07,0,1,-0.0357296566372041
ITUB4,1.01,90,Random Forest,2022-07-07,0,1,-0.0357296566372041
ITUB4,1.01,90,SVC,2022-07-07,0,1,-0.0357296566372041
ITUB4,1.01,90,RNA,2022-07-08,0,1,-0.0194777031141839
ITUB4,1.01,90,Random Forest,2022-07-08,0,1,-0.0194777031141839
ITUB4,1.01,90,SVC,2022-07-08,0,1,-0.0194777031141839
ITUB4,1.01,90,RNA,2022-07-11,0,1,0.0008876944070723
ITUB4,1.01,90,Random Forest,2022-07-11,0,0,0.0008876944070723
ITUB4,1.01,90,SVC,2022-07-11,0,1,0.0008876944070723
ITUB4,1.01,90,RNA,2022-07-12,1,0,0.027703327439519
ITUB4,1.01,90,Random Forest,2022-07-12,1,0,0.027703327439519
ITUB4,1.01,90,SVC,2022-07-12,1,1,0.027703327439519
ITUB4,1.01,90,RNA,2022-07-13,1,1,0.0697569357639433
ITUB4,1.01,90,Random Forest,2022-07-13,1,0,0.0697569357639433
ITUB4,1.01,90,SVC,2022-07-13,1,1,0.0697569357639433
ITUB4,1.01,90,RNA,2022-07-14,1,1,0.0707207336925679
ITUB4,1.01,90,Random Forest,2022-07-14,1,1,0.0707207336925679
ITUB4,1.01,90,SVC,2022-07-14,1,1,0.0707207336925679
ITUB4,1.01,90,RNA,2022-07-15,1,1,0.0480599381722823
ITUB4,1.01,90,Random Forest,2022-07-15,1,1,0.0480599381722823
ITUB4,1.01,90,SVC,2022-07-15,1,1,0.0480599381722823
ITUB4,1.01,90,RNA,2022-07-18,1,1,0.0411738595981889
ITUB4,1.01,90,Random Forest,2022-07-18,1,1,0.0411738595981889
ITUB4,1.01,90,SVC,2022-07-18,1,1,0.0411738595981889
ITUB4,1.01,90,RNA,2022-07-19,1,0,0.0110638659268809
ITUB4,1.01,90,Random Forest,2022-07-19,1,1,0.0110638659268809
ITUB4,1.01,90,SVC,2022-07-19,1,1,0.0110638659268809
ITUB4,1.01,90,RNA,2022-07-20,1,1,0.0266323228257965
ITUB4,1.01,90,Random Forest,2022-07-20,1,1,0.0266323228257965
ITUB4,1.01,90,SVC,2022-07-20,1,1,0.0266323228257965
ITUB4,1.01,90,RNA,2022-07-21,1,1,0.0127118795988641
ITUB4,1.01,90,Random Forest,2022-07-21,1,1,0.0127118795988641
ITUB4,1.01,90,SVC,2022-07-21,1,1,0.0127118795988641
ITUB4,1.01,90,RNA,2022-07-22,1,1,0.0213675471223346
ITUB4,1.01,90,Random Forest,2022-07-22,1,1,0.0213675471223346
ITUB4,1.01,90,SVC,2022-07-22,1,1,0.0213675471223346
ITUB4,1.01,90,RNA,2022-07-25,1,1,0.0148116975784604
ITUB4,1.01,90,Random Forest,2022-07-25,1,1,0.0148116975784604
ITUB4,1.01,90,SVC,2022-07-25,1,1,0.0148116975784604
ITUB4,1.01,90,RNA,2022-07-26,1,1,0.0152413620321876
ITUB4,1.01,90,Random Forest,2022-07-26,1,1,0.0152413620321876
ITUB4,1.01,90,SVC,2022-07-26,1,1,0.0152413620321876
ITUB4,1.01,90,RNA,2022-07-27,1,1,0.0182590566286195
ITUB4,1.01,90,Random Forest,2022-07-27,1,1,0.0182590566286195
ITUB4,1.01,90,SVC,2022-07-27,1,1,0.0182590566286195
ITUB4,1.01,90,RNA,2022-07-28,1,1,0.010109565981982
ITUB4,1.01,90,Random Forest,2022-07-28,1,1,0.010109565981982
ITUB4,1.01,90,SVC,2022-07-28,1,1,0.010109565981982
ITUB4,1.01,90,RNA,2022-07-29,1,1,0.0301886611959589
ITUB4,1.01,90,Random Forest,2022-07-29,1,1,0.0301886611959589
ITUB4,1.01,90,SVC,2022-07-29,1,1,0.0301886611959589
ITUB4,1.01,90,RNA,2022-08-01,1,1,0.0634786543870638
ITUB4,1.01,90,Random Forest,2022-08-01,1,1,0.0634786543870638
ITUB4,1.01,90,SVC,2022-08-01,1,1,0.0634786543870638
ITUB4,1.01,90,RNA,2022-08-02,1,1,0.0670886062330078
ITUB4,1.01,90,Random Forest,2022-08-02,1,1,0.0670886062330078
ITUB4,1.01,90,SVC,2022-08-02,1,1,0.0670886062330078
ITUB4,1.01,90,RNA,2022-08-03,1,0,0.0927234899623232
ITUB4,1.01,90,Random Forest,2022-08-03,1,1,0.0927234899623232
ITUB4,1.01,90,SVC,2022-08-03,1,1,0.0927234899623232
ITUB4,1.01,90,RNA,2022-08-04,1,1,0.0820743380437973
ITUB4,1.01,90,Random Forest,2022-08-04,1,1,0.0820743380437973
ITUB4,1.01,90,SVC,2022-08-04,1,1,0.0820743380437973
ITUB4,1.01,90,RNA,2022-08-05,1,1,0.0677831098024766
ITUB4,1.01,90,Random Forest,2022-08-05,1,1,0.0677831098024766
ITUB4,1.01,90,SVC,2022-08-05,1,1,0.0677831098024766
ITUB4,1.01,90,RNA,2022-08-08,1,1,0.0288018546589094
ITUB4,1.01,90,Random Forest,2022-08-08,1,1,0.0288018546589094
ITUB4,1.01,90,SVC,2022-08-08,1,1,0.0288018546589094
ITUB4,1.01,90,RNA,2022-08-09,1,1,0.0363149885336344
ITUB4,1.01,90,Random Forest,2022-08-09,1,1,0.0363149885336344
ITUB4,1.01,90,SVC,2022-08-09,1,1,0.0363149885336344
ITUB4,1.01,90,RNA,2022-08-10,1,1,0.0270371595578606
ITUB4,1.01,90,Random Forest,2022-08-10,1,1,0.0270371595578606
ITUB4,1.01,90,SVC,2022-08-10,1,1,0.0270371595578606
ITUB4,1.01,90,RNA,2022-08-11,1,1,0.0334712302411992
ITUB4,1.01,90,Random Forest,2022-08-11,1,0,0.0334712302411992
ITUB4,1.01,90,SVC,2022-08-11,1,1,0.0334712302411992
ITUB4,1.01,90,RNA,2022-08-12,1,1,0.0447988082143453
ITUB4,1.01,90,Random Forest,2022-08-12,1,1,0.0447988082143453
ITUB4,1.01,90,SVC,2022-08-12,1,1,0.0447988082143453
ITUB4,1.01,90,RNA,2022-08-15,1,1,0.0215293180264566
ITUB4,1.01,90,Random Forest,2022-08-15,1,1,0.0215293180264566
ITUB4,1.01,90,SVC,2022-08-15,1,1,0.0215293180264566
ITUB4,1.01,90,RNA,2022-08-16,1,1,0.0162481574987558
ITUB4,1.01,90,Random Forest,2022-08-16,1,1,0.0162481574987558
ITUB4,1.01,90,SVC,2022-08-16,1,1,0.0162481574987558
ITUB4,1.01,90,RNA,2022-08-17,0,0,-0.0244632343440613
ITUB4,1.01,90,Random Forest,2022-08-17,0,1,-0.0244632343440613
ITUB4,1.01,90,SVC,2022-08-17,0,1,-0.0244632343440613
ITUB4,1.01,90,RNA,2022-08-18,0,1,-0.010447767475726
ITUB4,1.01,90,Random Forest,2022-08-18,0,1,-0.010447767475726
ITUB4,1.01,90,SVC,2022-08-18,0,1,-0.010447767475726
ITUB4,1.01,90,RNA,2022-08-19,1,1,0.0178030265522124
ITUB4,1.01,90,Random Forest,2022-08-19,1,1,0.0178030265522124
ITUB4,1.01,90,SVC,2022-08-19,1,1,0.0178030265522124
ITUB4,1.01,90,RNA,2022-08-22,1,1,0.0299810061675065
ITUB4,1.01,90,Random Forest,2022-08-22,1,1,0.0299810061675065
ITUB4,1.01,90,SVC,2022-08-22,1,1,0.0299810061675065
ITUB4,1.01,90,RNA,2022-08-23,1,1,0.0299810061675065
ITUB4,1.01,90,Random Forest,2022-08-23,1,1,0.0299810061675065
ITUB4,1.01,90,SVC,2022-08-23,1,1,0.0299810061675065
ITUB4,1.01,90,RNA,2022-08-24,1,1,0.0199173147191049
ITUB4,1.01,90,Random Forest,2022-08-24,1,0,0.0199173147191049
ITUB4,1.01,90,SVC,2022-08-24,1,1,0.0199173147191049
ITUB4,1.01,90,RNA,2022-08-25,0,1,-0.040520448370624
ITUB4,1.01,90,Random Forest,2022-08-25,0,1,-0.040520448370624
ITUB4,1.01,90,SVC,2022-08-25,0,1,-0.040520448370624
ITUB4,1.01,90,RNA,2022-08-26,1,1,0.0135644462319861
ITUB4,1.01,90,Random Forest,2022-08-26,1,1,0.0135644462319861
ITUB4,1.01,90,SVC,2022-08-26,1,1,0.0135644462319861
ITUB4,1.01,90,RNA,2022-08-29,0,1,-0.0053098970989149
ITUB4,1.01,90,Random Forest,2022-08-29,0,1,-0.0053098970989149
ITUB4,1.01,90,SVC,2022-08-29,0,1,-0.0053098970989149
ITUB4,1.01,90,RNA,2022-08-30,1,1,0.0220794488641768
ITUB4,1.01,90,Random Forest,2022-08-30,1,1,0.0220794488641768
ITUB4,1.01,90,SVC,2022-08-30,1,1,0.0220794488641768
ITUB4,1.01,90,RNA,2022-08-31,1,1,0.0448963798566997
ITUB4,1.01,90,Random Forest,2022-08-31,1,1,0.0448963798566997
ITUB4,1.01,90,SVC,2022-08-31,1,1,0.0448963798566997
ITUB4,1.01,90,RNA,2022-09-01,1,1,0.0333965877061461
ITUB4,1.01,90,Random Forest,2022-09-01,1,1,0.0333965877061461
ITUB4,1.01,90,SVC,2022-09-01,1,1,0.0333965877061461
ITUB4,1.01,90,RNA,2022-09-02,1,1,0.0221471151764578
ITUB4,1.01,90,Random Forest,2022-09-02,1,1,0.0221471151764578
ITUB4,1.01,90,SVC,2022-09-02,1,1,0.0221471151764578
ITUB4,1.01,90,RNA,2022-09-05,1,0,0.0232209403372787
ITUB4,1.01,90,Random Forest,2022-09-05,1,1,0.0232209403372787
ITUB4,1.01,90,SVC,2022-09-05,1,1,0.0232209403372787
ITUB4,1.01,90,RNA,2022-09-06,1,1,0.0156133605786528
ITUB4,1.01,90,Random Forest,2022-09-06,1,1,0.0156133605786528
ITUB4,1.01,90,SVC,2022-09-06,1,1,0.0156133605786528
ITUB4,1.01,90,RNA,2022-09-08,1,1,0.0232209403372787
ITUB4,1.01,90,Random Forest,2022-09-08,1,1,0.0232209403372787
ITUB4,1.01,90,SVC,2022-09-08,1,1,0.0232209403372787
ITUB4,1.01,90,RNA,2022-09-09,1,1,0.0118518349711349
ITUB4,1.01,90,Random Forest,2022-09-09,1,1,0.0118518349711349
ITUB4,1.01,90,SVC,2022-09-09,1,1,0.0118518349711349
ITUB4,1.01,90,RNA,2022-09-12,1,1,0.0107886750411452
ITUB4,1.01,90,Random Forest,2022-09-12,1,1,0.0107886750411452
ITUB4,1.01,90,SVC,2022-09-12,1,1,0.0107886750411452
ITUB4,1.01,90,RNA,2022-09-13,1,0,0.039640979866611
ITUB4,1.01,90,Random Forest,2022-09-13,1,1,0.039640979866611
ITUB4,1.01,90,SVC,2022-09-13,1,1,0.039640979866611
ITUB4,1.01,90,RNA,2022-09-14,1,1,0.0762298055066221
ITUB4,1.01,90,Random Forest,2022-09-14,1,1,0.0762298055066221
ITUB4,1.01,90,SVC,2022-09-14,1,1,0.0762298055066221
ITUB4,1.01,90,RNA,2022-09-15,1,1,0.0781955291287419
ITUB4,1.01,90,Random Forest,2022-09-15,1,1,0.0781955291287419
ITUB4,1.01,90,SVC,2022-09-15,1,1,0.0781955291287419
ITUB4,1.01,90,RNA,2022-09-16,1,1,0.0898158828769895
ITUB4,1.01,90,Random Forest,2022-09-16,1,1,0.0898158828769895
ITUB4,1.01,90,SVC,2022-09-16,1,1,0.0898158828769895
ITUB4,1.01,90,RNA,2022-09-19,1,1,0.0424155154093417
ITUB4,1.01,90,Random Forest,2022-09-19,1,1,0.0424155154093417
ITUB4,1.01,90,SVC,2022-09-19,1,1,0.0424155154093417
ITUB4,1.01,90,RNA,2022-09-20,1,1,0.0139859938830517
ITUB4,1.01,90,Random Forest,2022-09-20,1,1,0.0139859938830517
ITUB4,1.01,90,SVC,2022-09-20,1,1,0.0139859938830517
ITUB4,1.01,90,RNA,2022-09-21,1,1,0.0143406579389835
ITUB4,1.01,90,Random Forest,2022-09-21,1,1,0.0143406579389835
ITUB4,1.01,90,SVC,2022-09-21,1,1,0.0143406579389835
ITUB4,1.01,90,RNA,2022-09-22,0,1,-0.0309859187811997
ITUB4,1.01,90,Random Forest,2022-09-22,0,1,-0.0309859187811997
ITUB4,1.01,90,SVC,2022-09-22,0,1,-0.0309859187811997
ITUB4,1.01,90,RNA,2022-09-23,0,1,-0.0071098370832829
ITUB4,1.01,90,Random Forest,2022-09-23,0,1,-0.0071098370832829
ITUB4,1.01,90,SVC,2022-09-23,0,1,-0.0071098370832829
ITUB4,1.01,90,RNA,2022-09-26,0,0,0.0028591810669964
ITUB4,1.01,90,Random Forest,2022-09-26,0,1,0.0028591810669964
ITUB4,1.01,90,SVC,2022-09-26,0,1,0.0028591810669964
ITUB4,1.01,90,RNA,2022-09-27,1,1,0.0804475099369617
ITUB4,1.01,90,Random Forest,2022-09-27,1,1,0.0804475099369617
ITUB4,1.01,90,SVC,2022-09-27,1,1,0.0804475099369617
ITUB4,1.01,90,RNA,2022-09-28,1,1,0.100838121628203
ITUB4,1.01,90,Random Forest,2022-09-28,1,1,0.100838121628203
ITUB4,1.01,90,SVC,2022-09-28,1,1,0.100838121628203
ITUB4,1.01,90,RNA,2022-09-29,1,0,0.0869835998300745
ITUB4,1.01,90,Random Forest,2022-09-29,1,1,0.0869835998300745
ITUB4,1.01,90,SVC,2022-09-29,1,1,0.0869835998300745
ITUB4,1.01,90,RNA,2022-09-30,1,1,0.0493227056935587
ITUB4,1.01,90,Random Forest,2022-09-30,1,1,0.0493227056935587
ITUB4,1.01,90,SVC,2022-09-30,1,1,0.0493227056935587
ITUB4,1.01,90,RNA,2022-10-03,0,1,-0.0216883899160162
ITUB4,1.01,90,Random Forest,2022-10-03,0,0,-0.0216883899160162
ITUB4,1.01,90,SVC,2022-10-03,0,1,-0.0216883899160162
ITUB4,1.01,90,RNA,2022-10-04,0,1,-0.0287914252056065
ITUB4,1.01,90,Random Forest,2022-10-04,0,0,-0.0287914252056065
ITUB4,1.01,90,SVC,2022-10-04,0,1,-0.0287914252056065
ITUB4,1.01,90,RNA,2022-10-05,0,1,-0.0364548274555773
ITUB4,1.01,90,Random Forest,2022-10-05,0,0,-0.0364548274555773
ITUB4,1.01,90,SVC,2022-10-05,0,1,-0.0364548274555773
ITUB4,1.01,90,RNA,2022-10-06,1,0,0.0116438477398845
ITUB4,1.01,90,Random Forest,2022-10-06,1,0,0.0116438477398845
ITUB4,1.01,90,SVC,2022-10-06,1,1,0.0116438477398845
ITUB4,1.01,90,RNA,2022-10-07,0,0,-0.0281546882763017
ITUB4,1.01,90,Random Forest,2022-10-07,0,0,-0.0281546882763017
ITUB4,1.01,90,SVC,2022-10-07,0,0,-0.0281546882763017
ITUB4,1.01,90,RNA,2022-10-10,0,1,-0.0006920638001016
ITUB4,1.01,90,Random Forest,2022-10-10,0,0,-0.0006920638001016
ITUB4,1.01,90,SVC,2022-10-10,0,0,-0.0006920638001016
ITUB4,1.01,90,RNA,2022-10-11,1,0,0.0382456374808437
ITUB4,1.01,90,Random Forest,2022-10-11,1,0,0.0382456374808437
ITUB4,1.01,90,SVC,2022-10-11,1,0,0.0382456374808437
ITUB4,1.01,90,RNA,2022-10-13,1,1,0.0351304604197713
ITUB4,1.01,90,Random Forest,2022-10-13,1,0,0.0351304604197713
ITUB4,1.01,90,SVC,2022-10-13,1,0,0.0351304604197713
ITUB4,1.01,90,RNA,2022-10-14,1,0,0.0452660595772733
ITUB4,1.01,90,Random Forest,2022-10-14,1,0,0.0452660595772733
ITUB4,1.01,90,SVC,2022-10-14,1,0,0.0452660595772733
ITUB4,1.01,90,RNA,2022-10-17,1,0,0.0675767969956944
ITUB4,1.01,90,Random Forest,2022-10-17,1,0,0.0675767969956944
ITUB4,1.01,90,SVC,2022-10-17,1,0,0.0675767969956944
ITUB4,1.01,90,RNA,2022-10-18,1,0,0.0581867288869737
ITUB4,1.01,90,Random Forest,2022-10-18,1,1,0.0581867288869737
ITUB4,1.01,90,SVC,2022-10-18,1,0,0.0581867288869737
ITUB4,1.01,90,RNA,2022-10-19,1,1,0.0496644276200199
ITUB4,1.01,90,Random Forest,2022-10-19,1,0,0.0496644276200199
ITUB4,1.01,90,SVC,2022-10-19,1,1,0.0496644276200199
ITUB4,1.01,90,RNA,2022-10-20,1,1,0.0451052363415873
ITUB4,1.01,90,Random Forest,2022-10-20,1,0,0.0451052363415873
ITUB4,1.01,90,SVC,2022-10-20,1,1,0.0451052363415873
ITUB4,1.01,90,RNA,2022-10-21,0,1,-0.0486854687298442
ITUB4,1.01,90,Random Forest,2022-10-21,0,0,-0.0486854687298442
ITUB4,1.01,90,SVC,2022-10-21,0,1,-0.0486854687298442
ITUB4,1.01,90,RNA,2022-10-24,0,0,-0.0037099348777994
ITUB4,1.01,90,Random Forest,2022-10-24,0,0,-0.0037099348777994
ITUB4,1.01,90,SVC,2022-10-24,0,1,-0.0037099348777994
ITUB4,1.01,90,RNA,2022-10-25,1,0,0.0541379386771145
ITUB4,1.01,90,Random Forest,2022-10-25,1,0,0.0541379386771145
ITUB4,1.01,90,SVC,2022-10-25,1,1,0.0541379386771145
ITUB4,1.01,90,RNA,2022-10-26,1,0,0.0755131899057708
ITUB4,1.01,90,Random Forest,2022-10-26,1,1,0.0755131899057708
ITUB4,1.01,90,SVC,2022-10-26,1,1,0.0755131899057708
ITUB4,1.01,90,RNA,2022-10-27,1,1,0.0718312142974715
ITUB4,1.01,90,Random Forest,2022-10-27,1,1,0.0718312142974715
ITUB4,1.01,90,SVC,2022-10-27,1,1,0.0718312142974715
ITUB4,1.01,90,RNA,2022-10-28,1,1,0.0795927558282927
ITUB4,1.01,90,Random Forest,2022-10-28,1,1,0.0795927558282927
ITUB4,1.01,90,SVC,2022-10-28,1,1,0.0795927558282927
ITUB4,1.01,90,RNA,2022-10-31,0,1,-0.0432257963905406
ITUB4,1.01,90,Random Forest,2022-10-31,0,1,-0.0432257963905406
ITUB4,1.01,90,SVC,2022-10-31,0,1,-0.0432257963905406
ITUB4,1.01,90,RNA,2022-11-01,1,1,0.0309999840621133
ITUB4,1.01,90,Random Forest,2022-11-01,1,0,0.0309999840621133
ITUB4,1.01,90,SVC,2022-11-01,1,1,0.0309999840621133
ITUB4,1.01,90,RNA,2022-11-03,0,0,-0.0827631366627924
ITUB4,1.01,90,Random Forest,2022-11-03,0,0,-0.0827631366627924
ITUB4,1.01,90,SVC,2022-11-03,0,0,-0.0827631366627924
ITUB4,1.01,90,RNA,2022-11-04,0,1,-0.0814765459901348
ITUB4,1.01,90,Random Forest,2022-11-04,0,1,-0.0814765459901348
ITUB4,1.01,90,SVC,2022-11-04,0,1,-0.0814765459901348
ITUB4,1.01,90,RNA,2022-11-07,0,1,-0.0923599290187667
ITUB4,1.01,90,Random Forest,2022-11-07,0,1,-0.0923599290187667
ITUB4,1.01,90,SVC,2022-11-07,0,1,-0.0923599290187667
ITUB4,1.01,90,RNA,2022-11-08,1,1,0.0143056573792375
ITUB4,1.01,90,Random Forest,2022-11-08,1,1,0.0143056573792375
ITUB4,1.01,90,SVC,2022-11-08,1,1,0.0143056573792375
ITUB4,1.01,90,RNA,2022-11-09,1,1,0.0307017512011433
ITUB4,1.01,90,Random Forest,2022-11-09,1,1,0.0307017512011433
ITUB4,1.01,90,SVC,2022-11-09,1,1,0.0307017512011433
ITUB4,1.01,90,RNA,2022-11-10,0,1,-0.0560714029941342
ITUB4,1.01,90,Random Forest,2022-11-10,0,0,-0.0560714029941342
ITUB4,1.01,90,SVC,2022-11-10,0,1,-0.0560714029941342
ITUB4,1.01,90,RNA,2022-11-11,0,0,-0.0151570733155699
ITUB4,1.01,90,Random Forest,2022-11-11,0,1,-0.0151570733155699
ITUB4,1.01,90,SVC,2022-11-11,0,1,-0.0151570733155699
ITUB4,1.01,90,RNA,2022-11-14,1,1,0.0187617168476548
ITUB4,1.01,90,Random Forest,2022-11-14,1,1,0.0187617168476548
ITUB4,1.01,90,SVC,2022-11-14,1,1,0.0187617168476548
ITUB4,1.01,90,RNA,2022-11-16,1,1,0.0482625506318836
ITUB4,1.01,90,Random Forest,2022-11-16,1,1,0.0482625506318836
ITUB4,1.01,90,SVC,2022-11-16,1,1,0.0482625506318836
ITUB4,1.01,90,RNA,2022-11-17,1,0,0.017234939246947
ITUB4,1.01,90,Random Forest,2022-11-17,1,1,0.017234939246947
ITUB4,1.01,90,SVC,2022-11-17,1,1,0.017234939246947
ITUB4,1.01,90,RNA,2022-11-18,0,1,-0.0022222289808758
ITUB4,1.01,90,Random Forest,2022-11-18,0,1,-0.0022222289808758
ITUB4,1.01,90,SVC,2022-11-18,0,1,-0.0022222289808758
ITUB4,1.01,90,RNA,2022-11-21,1,1,0.012686572880767
ITUB4,1.01,90,Random Forest,2022-11-21,1,1,0.012686572880767
ITUB4,1.01,90,SVC,2022-11-21,1,1,0.012686572880767
ITUB4,1.01,90,RNA,2022-11-22,1,1,0.0402453000445468
ITUB4,1.01,90,Random Forest,2022-11-22,1,1,0.0402453000445468
ITUB4,1.01,90,SVC,2022-11-22,1,1,0.0402453000445468
ITUB4,1.01,90,RNA,2022-11-23,1,1,0.035877888373387
ITUB4,1.01,90,Random Forest,2022-11-23,1,1,0.035877888373387
ITUB4,1.01,90,SVC,2022-11-23,1,1,0.035877888373387
ITUB4,1.01,90,RNA,2022-11-24,0,1,-0.0291262524861783
ITUB4,1.01,90,Random Forest,2022-11-24,0,1,-0.0291262524861783
ITUB4,1.01,90,SVC,2022-11-24,0,1,-0.0291262524861783
ITUB4,1.01,90,RNA,2022-11-25,0,0,-0.0039213686273763
ITUB4,1.01,90,Random Forest,2022-11-25,0,1,-0.0039213686273763
ITUB4,1.01,90,SVC,2022-11-25,0,1,-0.0039213686273763
ITUB4,1.01,90,RNA,2022-11-28,1,1,0.0441702038373874
ITUB4,1.01,90,Random Forest,2022-11-28,1,1,0.0441702038373874
ITUB4,1.01,90,SVC,2022-11-28,1,1,0.0441702038373874
ITUB4,1.01,90,RNA,2022-11-29,1,1,0.0336475443688606
ITUB4,1.01,90,Random Forest,2022-11-29,1,1,0.0336475443688606
ITUB4,1.01,90,SVC,2022-11-29,1,1,0.0336475443688606
ITUB4,1.01,90,RNA,2022-11-30,1,0,0.0406091129200307
ITUB4,1.01,90,Random Forest,2022-11-30,1,1,0.0406091129200307
ITUB4,1.01,90,SVC,2022-11-30,1,1,0.0406091129200307
ITUB4,1.01,90,RNA,2022-12-01,1,1,0.0222478013715869
ITUB4,1.01,90,Random Forest,2022-12-01,1,1,0.0222478013715869
ITUB4,1.01,90,SVC,2022-12-01,1,1,0.0222478013715869
ITUB4,1.01,90,RNA,2022-12-02,0,1,-0.041698555683857
ITUB4,1.01,90,Random Forest,2022-12-02,0,1,-0.041698555683857
ITUB4,1.01,90,SVC,2022-12-02,0,1,-0.041698555683857
ITUB4,1.01,90,RNA,2022-12-05,1,0,0.0237169673948818
ITUB4,1.01,90,Random Forest,2022-12-05,1,1,0.0237169673948818
ITUB4,1.01,90,SVC,2022-12-05,1,1,0.0237169673948818
ITUB4,1.01,90,RNA,2022-12-06,0,1,-0.0626624690407758
ITUB4,1.01,90,Random Forest,2022-12-06,0,0,-0.0626624690407758
ITUB4,1.01,90,SVC,2022-12-06,0,1,-0.0626624690407758
ITUB4,1.01,90,RNA,2022-12-07,0,1,-0.0833728953429828
ITUB4,1.01,90,Random Forest,2022-12-07,0,1,-0.0833728953429828
ITUB4,1.01,90,SVC,2022-12-07,0,1,-0.0833728953429828
ITUB4,1.01,90,RNA,2022-12-08,0,1,-0.0563209383013869
ITUB4,1.01,90,Random Forest,2022-12-08,0,1,-0.0563209383013869
ITUB4,1.01,90,SVC,2022-12-08,0,1,-0.0563209383013869
ITUB4,1.01,90,RNA,2022-12-09,0,1,-0.0370065386586278
ITUB4,1.01,90,Random Forest,2022-12-09,0,0,-0.0370065386586278
ITUB4,1.01,90,SVC,2022-12-09,0,1,-0.0370065386586278
ITUB4,1.01,90,RNA,2022-12-12,0,1,-0.0235051496291431
ITUB4,1.01,90,Random Forest,2022-12-12,0,1,-0.0235051496291431
ITUB4,1.01,90,SVC,2022-12-12,0,1,-0.0235051496291431
ITUB4,1.01,90,RNA,2022-12-13,1,1,0.0685290313984203
ITUB4,1.01,90,Random Forest,2022-12-13,1,1,0.0685290313984203
ITUB4,1.01,90,SVC,2022-12-13,1,1,0.0685290313984203
ITUB4,1.01,90,RNA,2022-12-14,1,1,0.0933159808040602
ITUB4,1.01,90,Random Forest,2022-12-14,1,1,0.0933159808040602
ITUB4,1.01,90,SVC,2022-12-14,1,1,0.0933159808040602
ITUB4,1.01,90,RNA,2022-12-15,1,1,0.0710033986858855
ITUB4,1.01,90,Random Forest,2022-12-15,1,1,0.0710033986858855
ITUB4,1.01,90,SVC,2022-12-15,1,1,0.0710033986858855
ITUB4,1.01,90,RNA,2022-12-16,1,0,0.0588482433466048
ITUB4,1.01,90,Random Forest,2022-12-16,1,1,0.0588482433466048
ITUB4,1.01,90,SVC,2022-12-16,1,1,0.0588482433466048
ITUB4,1.01,90,RNA,2022-12-19,1,1,0.0463304439520844
ITUB4,1.01,90,Random Forest,2022-12-19,1,1,0.0463304439520844
ITUB4,1.01,90,SVC,2022-12-19,1,1,0.0463304439520844
ITUB4,1.01,90,RNA,2022-12-20,1,0,0.031527887130295
ITUB4,1.01,90,Random Forest,2022-12-20,1,0,0.031527887130295
ITUB4,1.01,90,SVC,2022-12-20,1,0,0.031527887130295
ITUB4,1.01,90,RNA,2022-12-21,1,1,0.02944735715086
ITUB4,1.01,90,Random Forest,2022-12-21,1,1,0.02944735715086
ITUB4,1.01,90,SVC,2022-12-21,1,1,0.02944735715086
ITUB4,1.01,90,RNA,2022-12-22,1,1,0.0195764758931438
ITUB4,1.01,90,Random Forest,2022-12-22,1,1,0.0195764758931438
ITUB4,1.01,90,SVC,2022-12-22,1,1,0.0195764758931438
ITUB4,1.01,90,RNA,2022-12-23,1,1,0.0212424929761738
ITUB4,1.01,90,Random Forest,2022-12-23,1,1,0.0212424929761738
ITUB4,1.01,90,SVC,2022-12-23,1,1,0.0212424929761738
ITUB4,1.01,90,RNA,2022-12-26,0,1,
ITUB4,1.01,90,Random Forest,2022-12-26,0,1,
ITUB4,1.01,90,SVC,2022-12-26,0,1,
ITUB4,1.01,90,RNA,2022-12-27,0,1,
ITUB4,1.01,90,Random Forest,2022-12-27,0,1,
ITUB4,1.01,90,SVC,2022-12-27,0,1,
ITUB4,1.01,90,RNA,2022-12-28,0,0,
ITUB4,1.01,90,Random Forest,2022-12-28,0,1,
ITUB4,1.01,90,SVC,2022-12-28,0,1,
ITUB4,1.01,90,RNA,2022-12-29,0,1,
ITUB4,1.01,90,Random Forest,2022-12-29,0,0,
ITUB4,1.01,90,SVC,2022-12-29,0,1,
ITUB4,1.015,60,RNA,2020-04-22,1,1,0.0419240499749904
ITUB4,1.015,60,Random Forest,2020-04-22,1,0,0.0419240499749904
ITUB4,1.015,60,SVC,2020-04-22,1,1,0.0419240499749904
ITUB4,1.015,60,RNA,2020-04-23,1,1,0.1094755606811048
ITUB4,1.015,60,Random Forest,2020-04-23,1,0,0.1094755606811048
ITUB4,1.015,60,SVC,2020-04-23,1,1,0.1094755606811048
ITUB4,1.015,60,RNA,2020-04-24,1,1,0.1197771513340761
ITUB4,1.015,60,Random Forest,2020-04-24,1,1,0.1197771513340761
ITUB4,1.015,60,SVC,2020-04-24,1,1,0.1197771513340761
ITUB4,1.015,60,RNA,2020-04-27,1,1,0.0496083162536329
ITUB4,1.015,60,Random Forest,2020-04-27,1,1,0.0496083162536329
ITUB4,1.015,60,SVC,2020-04-27,1,1,0.0496083162536329
ITUB4,1.015,60,RNA,2020-04-28,0,1,-0.0535429469946082
ITUB4,1.015,60,Random Forest,2020-04-28,0,1,-0.0535429469946082
ITUB4,1.015,60,SVC,2020-04-28,0,1,-0.0535429469946082
ITUB4,1.015,60,RNA,2020-04-29,1,1,0.0352107806956834
ITUB4,1.015,60,Random Forest,2020-04-29,1,1,0.0352107806956834
ITUB4,1.015,60,SVC,2020-04-29,1,1,0.0352107806956834
ITUB4,1.015,60,RNA,2020-04-30,1,1,0.0646924819329424
ITUB4,1.015,60,Random Forest,2020-04-30,1,0,0.0646924819329424
ITUB4,1.015,60,SVC,2020-04-30,1,1,0.0646924819329424
ITUB4,1.015,60,RNA,2020-05-04,1,1,0.0527027143348253
ITUB4,1.015,60,Random Forest,2020-05-04,1,1,0.0527027143348253
ITUB4,1.015,60,SVC,2020-05-04,1,1,0.0527027143348253
ITUB4,1.015,60,RNA,2020-05-05,1,1,0.0190265670812666
ITUB4,1.015,60,Random Forest,2020-05-05,1,1,0.0190265670812666
ITUB4,1.015,60,SVC,2020-05-05,1,1,0.0190265670812666
ITUB4,1.015,60,RNA,2020-05-06,1,1,0.029043803007893
ITUB4,1.015,60,Random Forest,2020-05-06,1,1,0.029043803007893
ITUB4,1.015,60,SVC,2020-05-06,1,1,0.029043803007893
ITUB4,1.015,60,RNA,2020-05-07,1,1,0.0458673921279189
ITUB4,1.015,60,Random Forest,2020-05-07,1,1,0.0458673921279189
ITUB4,1.015,60,SVC,2020-05-07,1,1,0.0458673921279189
ITUB4,1.015,60,RNA,2020-05-08,1,1,0.0387911974836179
ITUB4,1.015,60,Random Forest,2020-05-08,1,1,0.0387911974836179
ITUB4,1.015,60,SVC,2020-05-08,1,1,0.0387911974836179
ITUB4,1.015,60,RNA,2020-05-11,0,1,-0.0390937922864929
ITUB4,1.015,60,Random Forest,2020-05-11,0,1,-0.0390937922864929
ITUB4,1.015,60,SVC,2020-05-11,0,1,-0.0390937922864929
ITUB4,1.015,60,RNA,2020-05-12,1,1,0.0551977969544617
ITUB4,1.015,60,Random Forest,2020-05-12,1,1,0.0551977969544617
ITUB4,1.015,60,SVC,2020-05-12,1,1,0.0551977969544617
ITUB4,1.015,60,RNA,2020-05-13,1,1,0.0764898522257555
ITUB4,1.015,60,Random Forest,2020-05-13,1,1,0.0764898522257555
ITUB4,1.015,60,SVC,2020-05-13,1,1,0.0764898522257555
ITUB4,1.015,60,RNA,2020-05-14,1,1,0.019555547004098
ITUB4,1.015,60,Random Forest,2020-05-14,1,1,0.019555547004098
ITUB4,1.015,60,SVC,2020-05-14,1,1,0.019555547004098
ITUB4,1.015,60,RNA,2020-05-15,1,1,0.021826285052616
ITUB4,1.015,60,Random Forest,2020-05-15,1,1,0.021826285052616
ITUB4,1.015,60,SVC,2020-05-15,1,1,0.021826285052616
ITUB4,1.015,60,RNA,2020-05-18,1,1,0.0318161451531571
ITUB4,1.015,60,Random Forest,2020-05-18,1,1,0.0318161451531571
ITUB4,1.015,60,SVC,2020-05-18,1,1,0.0318161451531571
ITUB4,1.015,60,RNA,2020-05-19,1,1,0.103055194581868
ITUB4,1.015,60,Random Forest,2020-05-19,1,1,0.103055194581868
ITUB4,1.015,60,SVC,2020-05-19,1,1,0.103055194581868
ITUB4,1.015,60,RNA,2020-05-20,1,1,0.1243093961366046
ITUB4,1.015,60,Random Forest,2020-05-20,1,1,0.1243093961366046
ITUB4,1.015,60,SVC,2020-05-20,1,1,0.1243093961366046
ITUB4,1.015,60,RNA,2020-05-21,1,1,0.0805309974223686
ITUB4,1.015,60,Random Forest,2020-05-21,1,1,0.0805309974223686
ITUB4,1.015,60,SVC,2020-05-21,1,1,0.0805309974223686
ITUB4,1.015,60,RNA,2020-05-22,1,1,0.0213300097270932
ITUB4,1.015,60,Random Forest,2020-05-22,1,1,0.0213300097270932
ITUB4,1.015,60,SVC,2020-05-22,1,1,0.0213300097270932
ITUB4,1.015,60,RNA,2020-05-25,0,1,-0.0530209449775563
ITUB4,1.015,60,Random Forest,2020-05-25,0,1,-0.0530209449775563
ITUB4,1.015,60,SVC,2020-05-25,0,1,-0.0530209449775563
ITUB4,1.015,60,RNA,2020-05-26,1,1,0.017343484225633
ITUB4,1.015,60,Random Forest,2020-05-26,1,1,0.017343484225633
ITUB4,1.015,60,SVC,2020-05-26,1,1,0.017343484225633
ITUB4,1.015,60,RNA,2020-05-27,1,1,0.0777557491283429
ITUB4,1.015,60,Random Forest,2020-05-27,1,1,0.0777557491283429
ITUB4,1.015,60,SVC,2020-05-27,1,1,0.0777557491283429
ITUB4,1.015,60,RNA,2020-05-28,1,1,0.1556272357347239
ITUB4,1.015,60,Random Forest,2020-05-28,1,1,0.1556272357347239
ITUB4,1.015,60,SVC,2020-05-28,1,1,0.1556272357347239
ITUB4,1.015,60,RNA,2020-05-29,1,1,0.1752080278273537
ITUB4,1.015,60,Random Forest,2020-05-29,1,1,0.1752080278273537
ITUB4,1.015,60,SVC,2020-05-29,1,1,0.1752080278273537
ITUB4,1.015,60,RNA,2020-06-01,1,1,0.1958333603261217
ITUB4,1.015,60,Random Forest,2020-06-01,1,1,0.1958333603261217
ITUB4,1.015,60,SVC,2020-06-01,1,1,0.1958333603261217
ITUB4,1.015,60,RNA,2020-06-02,1,1,0.091254792676962
ITUB4,1.015,60,Random Forest,2020-06-02,1,1,0.091254792676962
ITUB4,1.015,60,SVC,2020-06-02,1,1,0.091254792676962
ITUB4,1.015,60,RNA,2020-06-03,1,1,0.1136980977753343
ITUB4,1.015,60,Random Forest,2020-06-03,1,1,0.1136980977753343
ITUB4,1.015,60,SVC,2020-06-03,1,1,0.1136980977753343
ITUB4,1.015,60,RNA,2020-06-04,1,0,0.0191761487670174
ITUB4,1.015,60,Random Forest,2020-06-04,1,1,0.0191761487670174
ITUB4,1.015,60,SVC,2020-06-04,1,1,0.0191761487670174
ITUB4,1.015,60,RNA,2020-06-05,1,1,0.0315103223026373
ITUB4,1.015,60,Random Forest,2020-06-05,1,1,0.0315103223026373
ITUB4,1.015,60,SVC,2020-06-05,1,1,0.0315103223026373
ITUB4,1.015,60,RNA,2020-06-08,1,1,0.0243017999946182
ITUB4,1.015,60,Random Forest,2020-06-08,1,1,0.0243017999946182
ITUB4,1.015,60,SVC,2020-06-08,1,1,0.0243017999946182
ITUB4,1.015,60,RNA,2020-06-09,0,1,-0.0686588308598515
ITUB4,1.015,60,Random Forest,2020-06-09,0,1,-0.0686588308598515
ITUB4,1.015,60,SVC,2020-06-09,0,1,-0.0686588308598515
ITUB4,1.015,60,RNA,2020-06-10,1,1,0.0397529584979643
ITUB4,1.015,60,Random Forest,2020-06-10,1,1,0.0397529584979643
ITUB4,1.015,60,SVC,2020-06-10,1,1,0.0397529584979643
ITUB4,1.015,60,RNA,2020-06-12,1,1,0.1119522350129791
ITUB4,1.015,60,Random Forest,2020-06-12,1,1,0.1119522350129791
ITUB4,1.015,60,SVC,2020-06-12,1,1,0.1119522350129791
ITUB4,1.015,60,RNA,2020-06-15,1,1,0.0656603762514884
ITUB4,1.015,60,Random Forest,2020-06-15,1,1,0.0656603762514884
ITUB4,1.015,60,SVC,2020-06-15,1,1,0.0656603762514884
ITUB4,1.015,60,RNA,2020-06-16,1,1,0.0786860193200329
ITUB4,1.015,60,Random Forest,2020-06-16,1,1,0.0786860193200329
ITUB4,1.015,60,SVC,2020-06-16,1,1,0.0786860193200329
ITUB4,1.015,60,RNA,2020-06-17,1,1,0.0656603762514884
ITUB4,1.015,60,Random Forest,2020-06-17,1,1,0.0656603762514884
ITUB4,1.015,60,SVC,2020-06-17,1,1,0.0656603762514884
ITUB4,1.015,60,RNA,2020-06-18,0,1,-0.0804270834185341
ITUB4,1.015,60,Random Forest,2020-06-18,0,1,-0.0804270834185341
ITUB4,1.015,60,SVC,2020-06-18,0,1,-0.0804270834185341
ITUB4,1.015,60,RNA,2020-06-19,0,1,-0.0674036938550665
ITUB4,1.015,60,Random Forest,2020-06-19,0,1,-0.0674036938550665
ITUB4,1.015,60,SVC,2020-06-19,0,1,-0.0674036938550665
ITUB4,1.015,60,RNA,2020-06-22,0,1,-0.0718411269320794
ITUB4,1.015,60,Random Forest,2020-06-22,0,1,-0.0718411269320794
ITUB4,1.015,60,SVC,2020-06-22,0,1,-0.0718411269320794
ITUB4,1.015,60,RNA,2020-06-23,0,0,-0.0115714964483225
ITUB4,1.015,60,Random Forest,2020-06-23,0,1,-0.0115714964483225
ITUB4,1.015,60,SVC,2020-06-23,0,1,-0.0115714964483225
ITUB4,1.015,60,RNA,2020-06-24,1,1,0.0188243871782018
ITUB4,1.015,60,Random Forest,2020-06-24,1,1,0.0188243871782018
ITUB4,1.015,60,SVC,2020-06-24,1,1,0.0188243871782018
ITUB4,1.015,60,RNA,2020-06-25,1,1,0.0315052044712051
ITUB4,1.015,60,Random Forest,2020-06-25,1,1,0.0315052044712051
ITUB4,1.015,60,SVC,2020-06-25,1,1,0.0315052044712051
ITUB4,1.015,60,RNA,2020-06-26,1,0,0.052743593136606
ITUB4,1.015,60,Random Forest,2020-06-26,1,1,0.052743593136606
ITUB4,1.015,60,SVC,2020-06-26,1,1,0.052743593136606
ITUB4,1.015,60,RNA,2020-06-29,1,1,0.0398954633876609
ITUB4,1.015,60,Random Forest,2020-06-29,1,1,0.0398954633876609
ITUB4,1.015,60,SVC,2020-06-29,1,1,0.0398954633876609
ITUB4,1.015,60,RNA,2020-06-30,1,1,0.0878905710078512
ITUB4,1.015,60,Random Forest,2020-06-30,1,1,0.0878905710078512
ITUB4,1.015,60,SVC,2020-06-30,1,1,0.0878905710078512
ITUB4,1.015,60,RNA,2020-07-01,1,1,0.0509433793906513
ITUB4,1.015,60,Random Forest,2020-07-01,1,1,0.0509433793906513
ITUB4,1.015,60,SVC,2020-07-01,1,1,0.0509433793906513
ITUB4,1.015,60,RNA,2020-07-02,1,1,0.0553239855096487
ITUB4,1.015,60,Random Forest,2020-07-02,1,1,0.0553239855096487
ITUB4,1.015,60,SVC,2020-07-02,1,1,0.0553239855096487
ITUB4,1.015,60,RNA,2020-07-03,1,1,0.0269173717505821
ITUB4,1.015,60,Random Forest,2020-07-03,1,0,0.0269173717505821
ITUB4,1.015,60,SVC,2020-07-03,1,1,0.0269173717505821
ITUB4,1.015,60,RNA,2020-07-06,0,1,-0.0083849655823319
ITUB4,1.015,60,Random Forest,2020-07-06,0,1,-0.0083849655823319
ITUB4,1.015,60,SVC,2020-07-06,0,1,-0.0083849655823319
ITUB4,1.015,60,RNA,2020-07-07,1,1,0.0337710737671925
ITUB4,1.015,60,Random Forest,2020-07-07,1,0,0.0337710737671925
ITUB4,1.015,60,SVC,2020-07-07,1,1,0.0337710737671925
ITUB4,1.015,60,RNA,2020-07-08,1,1,0.0196150745476848
ITUB4,1.015,60,Random Forest,2020-07-08,1,1,0.0196150745476848
ITUB4,1.015,60,SVC,2020-07-08,1,1,0.0196150745476848
ITUB4,1.015,60,RNA,2020-07-09,1,1,0.0315398893803837
ITUB4,1.015,60,Random Forest,2020-07-09,1,1,0.0315398893803837
ITUB4,1.015,60,SVC,2020-07-09,1,1,0.0315398893803837
ITUB4,1.015,60,RNA,2020-07-10,0,1,-0.0171220298963773
ITUB4,1.015,60,Random Forest,2020-07-10,0,1,-0.0171220298963773
ITUB4,1.015,60,SVC,2020-07-10,0,1,-0.0171220298963773
ITUB4,1.015,60,RNA,2020-07-13,1,1,0.0392523296035429
ITUB4,1.015,60,Random Forest,2020-07-13,1,1,0.0392523296035429
ITUB4,1.015,60,SVC,2020-07-13,1,1,0.0392523296035429
ITUB4,1.015,60,RNA,2020-07-14,0,1,-0.0087146005574519
ITUB4,1.015,60,Random Forest,2020-07-14,0,1,-0.0087146005574519
ITUB4,1.015,60,SVC,2020-07-14,0,1,-0.0087146005574519
ITUB4,1.015,60,RNA,2020-07-15,1,1,0.0320206492912065
ITUB4,1.015,60,Random Forest,2020-07-15,1,0,0.0320206492912065
ITUB4,1.015,60,SVC,2020-07-15,1,1,0.0320206492912065
ITUB4,1.015,60,RNA,2020-07-16,1,1,0.0343047079898222
ITUB4,1.015,60,Random Forest,2020-07-16,1,0,0.0343047079898222
ITUB4,1.015,60,SVC,2020-07-16,1,1,0.0343047079898222
ITUB4,1.015,60,RNA,2020-07-17,1,1,0.0289908412231794
ITUB4,1.015,60,Random Forest,2020-07-17,1,1,0.0289908412231794
ITUB4,1.015,60,SVC,2020-07-17,1,1,0.0289908412231794
ITUB4,1.015,60,RNA,2020-07-20,1,1,0.0159420256153361
ITUB4,1.015,60,Random Forest,2020-07-20,1,1,0.0159420256153361
ITUB4,1.015,60,SVC,2020-07-20,1,1,0.0159420256153361
ITUB4,1.015,60,RNA,2020-07-21,0,1,-0.0017953001258705
ITUB4,1.015,60,Random Forest,2020-07-21,0,1,-0.0017953001258705
ITUB4,1.015,60,SVC,2020-07-21,0,1,-0.0017953001258705
ITUB4,1.015,60,RNA,2020-07-22,1,0,0.0428043728953482
ITUB4,1.015,60,Random Forest,2020-07-22,1,1,0.0428043728953482
ITUB4,1.015,60,SVC,2020-07-22,1,1,0.0428043728953482
ITUB4,1.015,60,RNA,2020-07-23,1,1,0.0812144174818889
ITUB4,1.015,60,Random Forest,2020-07-23,1,1,0.0812144174818889
ITUB4,1.015,60,SVC,2020-07-23,1,1,0.0812144174818889
ITUB4,1.015,60,RNA,2020-07-24,1,1,0.0698460864603234
ITUB4,1.015,60,Random Forest,2020-07-24,1,1,0.0698460864603234
ITUB4,1.015,60,SVC,2020-07-24,1,1,0.0698460864603234
ITUB4,1.015,60,RNA,2020-07-27,1,1,0.0277778183979766
ITUB4,1.015,60,Random Forest,2020-07-27,1,1,0.0277778183979766
ITUB4,1.015,60,SVC,2020-07-27,1,1,0.0277778183979766
ITUB4,1.015,60,RNA,2020-07-28,0,1,-0.0303648207659938
ITUB4,1.015,60,Random Forest,2020-07-28,0,0,-0.0303648207659938
ITUB4,1.015,60,SVC,2020-07-28,0,1,-0.0303648207659938
ITUB4,1.015,60,RNA,2020-07-29,0,1,-0.0777056818411143
ITUB4,1.015,60,Random Forest,2020-07-29,0,1,-0.0777056818411143
ITUB4,1.015,60,SVC,2020-07-29,0,1,-0.0777056818411143
ITUB4,1.015,60,RNA,2020-07-30,0,1,-0.0807325903076521
ITUB4,1.015,60,Random Forest,2020-07-30,0,0,-0.0807325903076521
ITUB4,1.015,60,SVC,2020-07-30,0,1,-0.0807325903076521
ITUB4,1.015,60,RNA,2020-07-31,1,1,0.0225091816275135
ITUB4,1.015,60,Random Forest,2020-07-31,1,0,0.0225091816275135
ITUB4,1.015,60,SVC,2020-07-31,1,1,0.0225091816275135
ITUB4,1.015,60,RNA,2020-08-03,1,1,0.0167618724249269
ITUB4,1.015,60,Random Forest,2020-08-03,1,1,0.0167618724249269
ITUB4,1.015,60,SVC,2020-08-03,1,1,0.0167618724249269
ITUB4,1.015,60,RNA,2020-08-04,0,1,-0.0130019514191522
ITUB4,1.015,60,Random Forest,2020-08-04,0,1,-0.0130019514191522
ITUB4,1.015,60,SVC,2020-08-04,0,1,-0.0130019514191522
ITUB4,1.015,60,RNA,2020-08-05,1,1,0.0291828894726329
ITUB4,1.015,60,Random Forest,2020-08-05,1,1,0.0291828894726329
ITUB4,1.015,60,SVC,2020-08-05,1,1,0.0291828894726329
ITUB4,1.015,60,RNA,2020-08-06,1,1,0.0319937620696397
ITUB4,1.015,60,Random Forest,2020-08-06,1,1,0.0319937620696397
ITUB4,1.015,60,SVC,2020-08-06,1,1,0.0319937620696397
ITUB4,1.015,60,RNA,2020-08-07,1,1,0.0301724220613508
ITUB4,1.015,60,Random Forest,2020-08-07,1,1,0.0301724220613508
ITUB4,1.015,60,SVC,2020-08-07,1,1,0.0301724220613508
ITUB4,1.015,60,RNA,2020-08-10,0,1,-0.0532159525713544
ITUB4,1.015,60,Random Forest,2020-08-10,0,1,-0.0532159525713544
ITUB4,1.015,60,SVC,2020-08-10,0,1,-0.0532159525713544
ITUB4,1.015,60,RNA,2020-08-11,0,1,-0.0603347770534901
ITUB4,1.015,60,Random Forest,2020-08-11,0,1,-0.0603347770534901
ITUB4,1.015,60,SVC,2020-08-11,0,1,-0.0603347770534901
ITUB4,1.015,60,RNA,2020-08-12,0,1,-0.0458277134218768
ITUB4,1.015,60,Random Forest,2020-08-12,0,0,-0.0458277134218768
ITUB4,1.015,60,SVC,2020-08-12,0,1,-0.0458277134218768
ITUB4,1.015,60,RNA,2020-08-13,1,1,0.0260480446429944
ITUB4,1.015,60,Random Forest,2020-08-13,1,0,0.0260480446429944
ITUB4,1.015,60,SVC,2020-08-13,1,0,0.0260480446429944
ITUB4,1.015,60,RNA,2020-08-14,0,1,-0.0221293053693227
ITUB4,1.015,60,Random Forest,2020-08-14,0,0,-0.0221293053693227
ITUB4,1.015,60,SVC,2020-08-14,0,1,-0.0221293053693227
ITUB4,1.015,60,RNA,2020-08-17,0,1,-0.0219333838774211
ITUB4,1.015,60,Random Forest,2020-08-17,0,0,-0.0219333838774211
ITUB4,1.015,60,SVC,2020-08-17,0,1,-0.0219333838774211
ITUB4,1.015,60,RNA,2020-08-18,1,1,0.0209703957335603
ITUB4,1.015,60,Random Forest,2020-08-18,1,0,0.0209703957335603
ITUB4,1.015,60,SVC,2020-08-18,1,1,0.0209703957335603
ITUB4,1.015,60,RNA,2020-08-19,1,1,0.0476793111604112
ITUB4,1.015,60,Random Forest,2020-08-19,1,1,0.0476793111604112
ITUB4,1.015,60,SVC,2020-08-19,1,1,0.0476793111604112
ITUB4,1.015,60,RNA,2020-08-20,1,0,0.038477640629406
ITUB4,1.015,60,Random Forest,2020-08-20,1,1,0.038477640629406
ITUB4,1.015,60,SVC,2020-08-20,1,1,0.038477640629406
ITUB4,1.015,60,RNA,2020-08-21,1,0,0.0239175171518604
ITUB4,1.015,60,Random Forest,2020-08-21,1,0,0.0239175171518604
ITUB4,1.015,60,SVC,2020-08-21,1,1,0.0239175171518604
ITUB4,1.015,60,RNA,2020-08-24,0,1,-0.0085227676662281
ITUB4,1.015,60,Random Forest,2020-08-24,0,1,-0.0085227676662281
ITUB4,1.015,60,SVC,2020-08-24,0,1,-0.0085227676662281
ITUB4,1.015,60,RNA,2020-08-25,0,1,-0.0308641662964684
ITUB4,1.015,60,Random Forest,2020-08-25,0,1,-0.0308641662964684
ITUB4,1.015,60,SVC,2020-08-25,0,1,-0.0308641662964684
ITUB4,1.015,60,RNA,2020-08-26,1,1,0.0280451867478208
ITUB4,1.015,60,Random Forest,2020-08-26,1,1,0.0280451867478208
ITUB4,1.015,60,SVC,2020-08-26,1,1,0.0280451867478208
ITUB4,1.015,60,RNA,2020-08-27,0,1,0.0002256193041956
ITUB4,1.015,60,Random Forest,2020-08-27,0,0,0.0002256193041956
ITUB4,1.015,60,SVC,2020-08-27,0,1,0.0002256193041956
ITUB4,1.015,60,RNA,2020-08-28,1,0,0.0556993363520099
ITUB4,1.015,60,Random Forest,2020-08-28,1,0,0.0556993363520099
ITUB4,1.015,60,SVC,2020-08-28,1,1,0.0556993363520099
ITUB4,1.015,60,RNA,2020-08-31,1,0,0.0682865540187092
ITUB4,1.015,60,Random Forest,2020-08-31,1,1,0.0682865540187092
ITUB4,1.015,60,SVC,2020-08-31,1,1,0.0682865540187092
ITUB4,1.015,60,RNA,2020-09-01,1,1,0.0472278966949555
ITUB4,1.015,60,Random Forest,2020-09-01,1,1,0.0472278966949555
ITUB4,1.015,60,SVC,2020-09-01,1,0,0.0472278966949555
ITUB4,1.015,60,RNA,2020-09-02,1,1,0.0537189746357746
ITUB4,1.015,60,Random Forest,2020-09-02,1,1,0.0537189746357746
ITUB4,1.015,60,SVC,2020-09-02,1,1,0.0537189746357746
ITUB4,1.015,60,RNA,2020-09-03,0,1,-0.049682071299363
ITUB4,1.015,60,Random Forest,2020-09-03,0,1,-0.049682071299363
ITUB4,1.015,60,SVC,2020-09-03,0,1,-0.049682071299363
ITUB4,1.015,60,RNA,2020-09-04,0,0,-0.0378664667573277
ITUB4,1.015,60,Random Forest,2020-09-04,0,1,-0.0378664667573277
ITUB4,1.015,60,SVC,2020-09-04,0,1,-0.0378664667573277
ITUB4,1.015,60,RNA,2020-09-08,0,1,-0.0223577098086357
ITUB4,1.015,60,Random Forest,2020-09-08,0,1,-0.0223577098086357
ITUB4,1.015,60,SVC,2020-09-08,0,1,-0.0223577098086357
ITUB4,1.015,60,RNA,2020-09-09,0,0,-0.0274590269393506
ITUB4,1.015,60,Random Forest,2020-09-09,0,1,-0.0274590269393506
ITUB4,1.015,60,SVC,2020-09-09,0,1,-0.0274590269393506
ITUB4,1.015,60,RNA,2020-09-10,0,0,-0.0121086080660095
ITUB4,1.015,60,Random Forest,2020-09-10,0,0,-0.0121086080660095
ITUB4,1.015,60,SVC,2020-09-10,0,0,-0.0121086080660095
ITUB4,1.015,60,RNA,2020-09-11,1,1,0.0184951403690551
ITUB4,1.015,60,Random Forest,2020-09-11,1,1,0.0184951403690551
ITUB4,1.015,60,SVC,2020-09-11,1,1,0.0184951403690551
ITUB4,1.015,60,RNA,2020-09-14,0,0,-0.0442697578550813
ITUB4,1.015,60,Random Forest,2020-09-14,0,1,-0.0442697578550813
ITUB4,1.015,60,SVC,2020-09-14,0,1,-0.0442697578550813
ITUB4,1.015,60,RNA,2020-09-15,1,1,0.0193602722823218
ITUB4,1.015,60,Random Forest,2020-09-15,1,1,0.0193602722823218
ITUB4,1.015,60,SVC,2020-09-15,1,1,0.0193602722823218
ITUB4,1.015,60,RNA,2020-09-16,0,0,-0.0170213372515174
ITUB4,1.015,60,Random Forest,2020-09-16,0,0,-0.0170213372515174
ITUB4,1.015,60,SVC,2020-09-16,0,1,-0.0170213372515174
ITUB4,1.015,60,RNA,2020-09-17,0,0,-0.0434042559897153
ITUB4,1.015,60,Random Forest,2020-09-17,0,1,-0.0434042559897153
ITUB4,1.015,60,SVC,2020-09-17,0,1,-0.0434042559897153
ITUB4,1.015,60,RNA,2020-09-18,1,1,0.0259341097752121
ITUB4,1.015,60,Random Forest,2020-09-18,1,1,0.0259341097752121
ITUB4,1.015,60,SVC,2020-09-18,1,1,0.0259341097752121
ITUB4,1.015,60,RNA,2020-09-21,1,1,0.0214442476082039
ITUB4,1.015,60,Random Forest,2020-09-21,1,0,0.0214442476082039
ITUB4,1.015,60,SVC,2020-09-21,1,1,0.0214442476082039
ITUB4,1.015,60,RNA,2020-09-22,1,0,0.0427574347903934
ITUB4,1.015,60,Random Forest,2020-09-22,1,0,0.0427574347903934
ITUB4,1.015,60,SVC,2020-09-22,1,1,0.0427574347903934
ITUB4,1.015,60,RNA,2020-09-23,1,0,0.0622222597945596
ITUB4,1.015,60,Random Forest,2020-09-23,1,1,0.0622222597945596
ITUB4,1.015,60,SVC,2020-09-23,1,1,0.0622222597945596
ITUB4,1.015,60,RNA,2020-09-24,1,1,0.0477860888660908
ITUB4,1.015,60,Random Forest,2020-09-24,1,1,0.0477860888660908
ITUB4,1.015,60,SVC,2020-09-24,1,1,0.0477860888660908
ITUB4,1.015,60,RNA,2020-09-25,1,1,0.0279570454537556
ITUB4,1.015,60,Random Forest,2020-09-25,1,1,0.0279570454537556
ITUB4,1.015,60,SVC,2020-09-25,1,1,0.0279570454537556
ITUB4,1.015,60,RNA,2020-09-28,1,1,0.0190203345378421
ITUB4,1.015,60,Random Forest,2020-09-28,1,0,0.0190203345378421
ITUB4,1.015,60,SVC,2020-09-28,1,1,0.0190203345378421
ITUB4,1.015,60,RNA,2020-09-29,1,0,0.0334616661951561
ITUB4,1.015,60,Random Forest,2020-09-29,1,1,0.0334616661951561
ITUB4,1.015,60,SVC,2020-09-29,1,1,0.0334616661951561
ITUB4,1.015,60,RNA,2020-09-30,1,1,0.0368070339132116
ITUB4,1.015,60,Random Forest,2020-09-30,1,1,0.0368070339132116
ITUB4,1.015,60,SVC,2020-09-30,1,1,0.0368070339132116
ITUB4,1.015,60,RNA,2020-10-01,1,1,0.0456171422342353
ITUB4,1.015,60,Random Forest,2020-10-01,1,1,0.0456171422342353
ITUB4,1.015,60,SVC,2020-10-01,1,1,0.0456171422342353
ITUB4,1.015,60,RNA,2020-10-02,1,1,0.0686619753504143
ITUB4,1.015,60,Random Forest,2020-10-02,1,1,0.0686619753504143
ITUB4,1.015,60,SVC,2020-10-02,1,1,0.0686619753504143
ITUB4,1.015,60,RNA,2020-10-05,1,1,0.0658293744983689
ITUB4,1.015,60,Random Forest,2020-10-05,1,1,0.0658293744983689
ITUB4,1.015,60,SVC,2020-10-05,1,1,0.0658293744983689
ITUB4,1.015,60,RNA,2020-10-06,1,0,0.073266450767367
ITUB4,1.015,60,Random Forest,2020-10-06,1,1,0.073266450767367
ITUB4,1.015,60,SVC,2020-10-06,1,0,0.073266450767367
ITUB4,1.015,60,RNA,2020-10-07,1,0,0.0831865955059465
ITUB4,1.015,60,Random Forest,2020-10-07,1,1,0.0831865955059465
ITUB4,1.015,60,SVC,2020-10-07,1,1,0.0831865955059465
ITUB4,1.015,60,RNA,2020-10-08,1,1,0.0297071430969475
ITUB4,1.015,60,Random Forest,2020-10-08,1,1,0.0297071430969475
ITUB4,1.015,60,SVC,2020-10-08,1,1,0.0297071430969475
ITUB4,1.015,60,RNA,2020-10-09,0,0,-0.0362802404900939
ITUB4,1.015,60,Random Forest,2020-10-09,0,1,-0.0362802404900939
ITUB4,1.015,60,SVC,2020-10-09,0,1,-0.0362802404900939
ITUB4,1.015,60,RNA,2020-10-13,0,1,-0.0221850319809396
ITUB4,1.015,60,Random Forest,2020-10-13,0,1,-0.0221850319809396
ITUB4,1.015,60,SVC,2020-10-13,0,1,-0.0221850319809396
ITUB4,1.015,60,RNA,2020-10-14,1,1,0.0400681808990803
ITUB4,1.015,60,Random Forest,2020-10-14,1,1,0.0400681808990803
ITUB4,1.015,60,SVC,2020-10-14,1,1,0.0400681808990803
ITUB4,1.015,60,RNA,2020-10-15,1,0,0.0653566390432678
ITUB4,1.015,60,Random Forest,2020-10-15,1,0,0.0653566390432678
ITUB4,1.015,60,SVC,2020-10-15,1,1,0.0653566390432678
ITUB4,1.015,60,RNA,2020-10-16,1,1,0.11483876634427
ITUB4,1.015,60,Random Forest,2020-10-16,1,1,0.11483876634427
ITUB4,1.015,60,SVC,2020-10-16,1,1,0.11483876634427
ITUB4,1.015,60,RNA,2020-10-19,1,1,0.118197300318922
ITUB4,1.015,60,Random Forest,2020-10-19,1,1,0.118197300318922
ITUB4,1.015,60,SVC,2020-10-19,1,1,0.118197300318922
ITUB4,1.015,60,RNA,2020-10-20,1,1,0.0840890475106483
ITUB4,1.015,60,Random Forest,2020-10-20,1,1,0.0840890475106483
ITUB4,1.015,60,SVC,2020-10-20,1,1,0.0840890475106483
ITUB4,1.015,60,RNA,2020-10-21,1,0,0.0704110699652349
ITUB4,1.015,60,Random Forest,2020-10-21,1,1,0.0704110699652349
ITUB4,1.015,60,SVC,2020-10-21,1,1,0.0704110699652349
ITUB4,1.015,60,RNA,2020-10-22,1,1,0.0154440317436874
ITUB4,1.015,60,Random Forest,2020-10-22,1,1,0.0154440317436874
ITUB4,1.015,60,SVC,2020-10-22,1,1,0.0154440317436874
ITUB4,1.015,60,RNA,2020-10-23,1,1,0.0343873595312316
ITUB4,1.015,60,Random Forest,2020-10-23,1,0,0.0343873595312316
ITUB4,1.015,60,SVC,2020-10-23,1,1,0.0343873595312316
ITUB4,1.015,60,RNA,2020-10-26,0,1,-0.1003831759877499
ITUB4,1.015,60,Random Forest,2020-10-26,0,1,-0.1003831759877499
ITUB4,1.015,60,SVC,2020-10-26,0,1,-0.1003831759877499
ITUB4,1.015,60,RNA,2020-10-27,0,1,-0.0080259077651153
ITUB4,1.015,60,Random Forest,2020-10-27,0,1,-0.0080259077651153
ITUB4,1.015,60,SVC,2020-10-27,0,1,-0.0080259077651153
ITUB4,1.015,60,RNA,2020-10-28,1,0,0.0923010194563827
ITUB4,1.015,60,Random Forest,2020-10-28,1,1,0.0923010194563827
ITUB4,1.015,60,SVC,2020-10-28,1,1,0.0923010194563827
ITUB4,1.015,60,RNA,2020-10-29,1,1,0.09753006142946
ITUB4,1.015,60,Random Forest,2020-10-29,1,1,0.09753006142946
ITUB4,1.015,60,SVC,2020-10-29,1,1,0.09753006142946
ITUB4,1.015,60,RNA,2020-10-30,1,1,0.0853556306420686
ITUB4,1.015,60,Random Forest,2020-10-30,1,1,0.0853556306420686
ITUB4,1.015,60,SVC,2020-10-30,1,1,0.0853556306420686
ITUB4,1.015,60,RNA,2020-11-03,1,1,0.098823556402056
ITUB4,1.015,60,Random Forest,2020-11-03,1,1,0.098823556402056
ITUB4,1.015,60,SVC,2020-11-03,1,1,0.098823556402056
ITUB4,1.015,60,RNA,2020-11-04,1,1,0.1426891105399597
ITUB4,1.015,60,Random Forest,2020-11-04,1,1,0.1426891105399597
ITUB4,1.015,60,SVC,2020-11-04,1,1,0.1426891105399597
ITUB4,1.015,60,RNA,2020-11-05,1,0,0.1499013403847908
ITUB4,1.015,60,Random Forest,2020-11-05,1,1,0.1499013403847908
ITUB4,1.015,60,SVC,2020-11-05,1,1,0.1499013403847908
ITUB4,1.015,60,RNA,2020-11-06,1,0,0.0901271280955002
ITUB4,1.015,60,Random Forest,2020-11-06,1,1,0.0901271280955002
ITUB4,1.015,60,SVC,2020-11-06,1,1,0.0901271280955002
ITUB4,1.015,60,RNA,2020-11-09,1,1,0.0542495176861386
ITUB4,1.015,60,Random Forest,2020-11-09,1,1,0.0542495176861386
ITUB4,1.015,60,SVC,2020-11-09,1,1,0.0542495176861386
ITUB4,1.015,60,RNA,2020-11-10,1,1,0.0288595095407218
ITUB4,1.015,60,Random Forest,2020-11-10,1,1,0.0288595095407218
ITUB4,1.015,60,SVC,2020-11-10,1,1,0.0288595095407218
ITUB4,1.015,60,RNA,2020-11-11,1,1,0.0418719310893587
ITUB4,1.015,60,Random Forest,2020-11-11,1,1,0.0418719310893587
ITUB4,1.015,60,SVC,2020-11-11,1,1,0.0418719310893587
ITUB4,1.015,60,RNA,2020-11-12,1,1,0.0511182678695223
ITUB4,1.015,60,Random Forest,2020-11-12,1,1,0.0511182678695223
ITUB4,1.015,60,SVC,2020-11-12,1,1,0.0511182678695223
ITUB4,1.015,60,RNA,2020-11-13,1,1,0.0203308279387699
ITUB4,1.015,60,Random Forest,2020-11-13,1,1,0.0203308279387699
ITUB4,1.015,60,SVC,2020-11-13,1,1,0.0203308279387699
ITUB4,1.015,60,RNA,2020-11-16,0,1,-0.027919660922846
ITUB4,1.015,60,Random Forest,2020-11-16,0,1,-0.027919660922846
ITUB4,1.015,60,SVC,2020-11-16,0,1,-0.027919660922846
ITUB4,1.015,60,RNA,2020-11-17,0,1,-0.0180088230517778
ITUB4,1.015,60,Random Forest,2020-11-17,0,1,-0.0180088230517778
ITUB4,1.015,60,SVC,2020-11-17,0,1,-0.0180088230517778
ITUB4,1.015,60,RNA,2020-11-18,1,1,0.0442906605390951
ITUB4,1.015,60,Random Forest,2020-11-18,1,0,0.0442906605390951
ITUB4,1.015,60,SVC,2020-11-18,1,1,0.0442906605390951
ITUB4,1.015,60,RNA,2020-11-19,1,1,0.0508356418377982
ITUB4,1.015,60,Random Forest,2020-11-19,1,1,0.0508356418377982
ITUB4,1.015,60,SVC,2020-11-19,1,1,0.0508356418377982
ITUB4,1.015,60,RNA,2020-11-20,1,0,0.0461005322107046
ITUB4,1.015,60,Random Forest,2020-11-20,1,1,0.0461005322107046
ITUB4,1.015,60,SVC,2020-11-20,1,1,0.0461005322107046
ITUB4,1.015,60,RNA,2020-11-23,1,1,0.0371134289809937
ITUB4,1.015,60,Random Forest,2020-11-23,1,1,0.0371134289809937
ITUB4,1.015,60,SVC,2020-11-23,1,1,0.0371134289809937
ITUB4,1.015,60,RNA,2020-11-24,0,1,-0.03578660750852
ITUB4,1.015,60,Random Forest,2020-11-24,0,1,-0.03578660750852
ITUB4,1.015,60,SVC,2020-11-24,0,1,-0.03578660750852
ITUB4,1.015,60,RNA,2020-11-25,1,1,0.0408332238538822
ITUB4,1.015,60,Random Forest,2020-11-25,1,1,0.0408332238538822
ITUB4,1.015,60,SVC,2020-11-25,1,1,0.0408332238538822
ITUB4,1.015,60,RNA,2020-11-26,1,1,0.0494321492152238
ITUB4,1.015,60,Random Forest,2020-11-26,1,1,0.0494321492152238
ITUB4,1.015,60,SVC,2020-11-26,1,1,0.0494321492152238
ITUB4,1.015,60,RNA,2020-11-27,1,1,0.0664901952398673
ITUB4,1.015,60,Random Forest,2020-11-27,1,1,0.0664901952398673
ITUB4,1.015,60,SVC,2020-11-27,1,1,0.0664901952398673
ITUB4,1.015,60,RNA,2020-11-30,1,1,0.062994829341191
ITUB4,1.015,60,Random Forest,2020-11-30,1,1,0.062994829341191
ITUB4,1.015,60,SVC,2020-11-30,1,1,0.062994829341191
ITUB4,1.015,60,RNA,2020-12-01,1,1,0.038101594443231
ITUB4,1.015,60,Random Forest,2020-12-01,1,1,0.038101594443231
ITUB4,1.015,60,SVC,2020-12-01,1,1,0.038101594443231
ITUB4,1.015,60,RNA,2020-12-02,1,1,0.0328467293667715
ITUB4,1.015,60,Random Forest,2020-12-02,1,1,0.0328467293667715
ITUB4,1.015,60,SVC,2020-12-02,1,1,0.0328467293667715
ITUB4,1.015,60,RNA,2020-12-03,1,1,0.0301124968107175
ITUB4,1.015,60,Random Forest,2020-12-03,1,1,0.0301124968107175
ITUB4,1.015,60,SVC,2020-12-03,1,1,0.0301124968107175
ITUB4,1.015,60,RNA,2020-12-04,1,1,0.0485950358689428
ITUB4,1.015,60,Random Forest,2020-12-04,1,1,0.0485950358689428
ITUB4,1.015,60,SVC,2020-12-04,1,1,0.0485950358689428
ITUB4,1.015,60,RNA,2020-12-07,1,1,0.0420499401720753
ITUB4,1.015,60,Random Forest,2020-12-07,1,1,0.0420499401720753
ITUB4,1.015,60,SVC,2020-12-07,1,1,0.0420499401720753
ITUB4,1.015,60,RNA,2020-12-08,1,1,0.043764374806493
ITUB4,1.015,60,Random Forest,2020-12-08,1,1,0.043764374806493
ITUB4,1.015,60,SVC,2020-12-08,1,1,0.043764374806493
ITUB4,1.015,60,RNA,2020-12-09,1,1,0.0312093812058198
ITUB4,1.015,60,Random Forest,2020-12-09,1,1,0.0312093812058198
ITUB4,1.015,60,SVC,2020-12-09,1,1,0.0312093812058198
ITUB4,1.015,60,RNA,2020-12-10,1,1,0.0324029464129325
ITUB4,1.015,60,Random Forest,2020-12-10,1,1,0.0324029464129325
ITUB4,1.015,60,SVC,2020-12-10,1,1,0.0324029464129325
ITUB4,1.015,60,RNA,2020-12-11,1,1,0.0225611366906675
ITUB4,1.015,60,Random Forest,2020-12-11,1,1,0.0225611366906675
ITUB4,1.015,60,SVC,2020-12-11,1,1,0.0225611366906675
ITUB4,1.015,60,RNA,2020-12-14,1,1,0.0390700816184832
ITUB4,1.015,60,Random Forest,2020-12-14,1,1,0.0390700816184832
ITUB4,1.015,60,SVC,2020-12-14,1,1,0.0390700816184832
ITUB4,1.015,60,RNA,2020-12-15,1,1,0.0300895949027364
ITUB4,1.015,60,Random Forest,2020-12-15,1,1,0.0300895949027364
ITUB4,1.015,60,SVC,2020-12-15,1,1,0.0300895949027364
ITUB4,1.015,60,RNA,2020-12-16,0,1,-0.0200689812405855
ITUB4,1.015,60,Random Forest,2020-12-16,0,1,-0.0200689812405855
ITUB4,1.015,60,SVC,2020-12-16,0,1,-0.0200689812405855
ITUB4,1.015,60,RNA,2020-12-17,0,1,0.0069356751979159
ITUB4,1.015,60,Random Forest,2020-12-17,0,1,0.0069356751979159
ITUB4,1.015,60,SVC,2020-12-17,0,1,0.0069356751979159
ITUB4,1.015,60,RNA,2020-12-18,1,1,0.0444444396441925
ITUB4,1.015,60,Random Forest,2020-12-18,1,1,0.0444444396441925
ITUB4,1.015,60,SVC,2020-12-18,1,1,0.0444444396441925
ITUB4,1.015,60,RNA,2020-12-21,1,1,0.0404235016713008
ITUB4,1.015,60,Random Forest,2020-12-21,1,1,0.0404235016713008
ITUB4,1.015,60,SVC,2020-12-21,1,1,0.0404235016713008
ITUB4,1.015,60,RNA,2020-12-22,1,1,0.0354406164626421
ITUB4,1.015,60,Random Forest,2020-12-22,1,1,0.0354406164626421
ITUB4,1.015,60,SVC,2020-12-22,1,1,0.0354406164626421
ITUB4,1.015,60,RNA,2020-12-23,0,1,-0.0405135301232991
ITUB4,1.015,60,Random Forest,2020-12-23,0,1,-0.0405135301232991
ITUB4,1.015,60,SVC,2020-12-23,0,1,-0.0405135301232991
ITUB4,1.015,60,RNA,2020-12-28,0,1,-0.0482008225666257
ITUB4,1.015,60,Random Forest,2020-12-28,0,1,-0.0482008225666257
ITUB4,1.015,60,SVC,2020-12-28,0,1,-0.0482008225666257
ITUB4,1.015,60,RNA,2020-12-29,0,1,-0.0197216823578263
ITUB4,1.015,60,Random Forest,2020-12-29,0,0,-0.0197216823578263
ITUB4,1.015,60,SVC,2020-12-29,0,1,-0.0197216823578263
ITUB4,1.015,60,RNA,2020-12-30,1,1,0.0337711057619314
ITUB4,1.015,60,Random Forest,2020-12-30,1,0,0.0337711057619314
ITUB4,1.015,60,SVC,2020-12-30,1,1,0.0337711057619314
ITUB4,1.015,60,RNA,2021-01-04,1,1,0.0881874005782368
ITUB4,1.015,60,Random Forest,2021-01-04,1,1,0.0881874005782368
ITUB4,1.015,60,SVC,2021-01-04,1,1,0.0881874005782368
ITUB4,1.015,60,RNA,2021-01-05,1,1,0.0794060470569981
ITUB4,1.015,60,Random Forest,2021-01-05,1,1,0.0794060470569981
ITUB4,1.015,60,SVC,2021-01-05,1,1,0.0794060470569981
ITUB4,1.015,60,RNA,2021-01-06,1,1,0.0565560590595639
ITUB4,1.015,60,Random Forest,2021-01-06,1,1,0.0565560590595639
ITUB4,1.015,60,SVC,2021-01-06,1,1,0.0565560590595639
ITUB4,1.015,60,RNA,2021-01-07,1,1,0.015487388545561
ITUB4,1.015,60,Random Forest,2021-01-07,1,1,0.015487388545561
ITUB4,1.015,60,SVC,2021-01-07,1,1,0.015487388545561
ITUB4,1.015,60,RNA,2021-01-08,0,1,0.0036957017820189
ITUB4,1.015,60,Random Forest,2021-01-08,0,0,0.0036957017820189
ITUB4,1.015,60,SVC,2021-01-08,0,1,0.0036957017820189
ITUB4,1.015,60,RNA,2021-01-11,1,1,0.023617181899169
ITUB4,1.015,60,Random Forest,2021-01-11,1,1,0.023617181899169
ITUB4,1.015,60,SVC,2021-01-11,1,1,0.023617181899169
ITUB4,1.015,60,RNA,2021-01-12,1,1,0.023617181899169
ITUB4,1.015,60,Random Forest,2021-01-12,1,1,0.023617181899169
ITUB4,1.015,60,SVC,2021-01-12,1,1,0.023617181899169
ITUB4,1.015,60,RNA,2021-01-13,1,1,0.0287320828497581
ITUB4,1.015,60,Random Forest,2021-01-13,1,1,0.0287320828497581
ITUB4,1.015,60,SVC,2021-01-13,1,1,0.0287320828497581
ITUB4,1.015,60,RNA,2021-01-14,0,1,-0.0539781202614298
ITUB4,1.015,60,Random Forest,2021-01-14,0,1,-0.0539781202614298
ITUB4,1.015,60,SVC,2021-01-14,0,1,-0.0539781202614298
ITUB4,1.015,60,RNA,2021-01-15,0,1,-0.0552747969843345
ITUB4,1.015,60,Random Forest,2021-01-15,0,1,-0.0552747969843345
ITUB4,1.015,60,SVC,2021-01-15,0,1,-0.0552747969843345
ITUB4,1.015,60,RNA,2021-01-18,0,1,-0.0704985864229434
ITUB4,1.015,60,Random Forest,2021-01-18,0,1,-0.0704985864229434
ITUB4,1.015,60,SVC,2021-01-18,0,1,-0.0704985864229434
ITUB4,1.015,60,RNA,2021-01-19,0,1,-0.0886150239810069
ITUB4,1.015,60,Random Forest,2021-01-19,0,1,-0.0886150239810069
ITUB4,1.015,60,SVC,2021-01-19,0,1,-0.0886150239810069
ITUB4,1.015,60,RNA,2021-01-20,0,1,-0.0673328039288109
ITUB4,1.015,60,Random Forest,2021-01-20,0,0,-0.0673328039288109
ITUB4,1.015,60,SVC,2021-01-20,0,1,-0.0673328039288109
ITUB4,1.015,60,RNA,2021-01-21,1,1,0.0222649824911711
ITUB4,1.015,60,Random Forest,2021-01-21,1,0,0.0222649824911711
ITUB4,1.015,60,SVC,2021-01-21,1,1,0.0222649824911711
ITUB4,1.015,60,RNA,2021-01-22,1,1,0.0296653672424476
ITUB4,1.015,60,Random Forest,2021-01-22,1,0,0.0296653672424476
ITUB4,1.015,60,SVC,2021-01-22,1,1,0.0296653672424476
ITUB4,1.015,60,RNA,2021-01-26,1,1,0.0540732807763564
ITUB4,1.015,60,Random Forest,2021-01-26,1,0,0.0540732807763564
ITUB4,1.015,60,SVC,2021-01-26,1,1,0.0540732807763564
ITUB4,1.015,60,RNA,2021-01-27,1,1,0.0473665207343632
ITUB4,1.015,60,Random Forest,2021-01-27,1,1,0.0473665207343632
ITUB4,1.015,60,SVC,2021-01-27,1,1,0.0473665207343632
ITUB4,1.015,60,RNA,2021-01-28,0,1,-0.0302878339971227
ITUB4,1.015,60,Random Forest,2021-01-28,0,1,-0.0302878339971227
ITUB4,1.015,60,SVC,2021-01-28,0,1,-0.0302878339971227
ITUB4,1.015,60,RNA,2021-01-29,0,1,-0.0275861770707103
ITUB4,1.015,60,Random Forest,2021-01-29,0,1,-0.0275861770707103
ITUB4,1.015,60,SVC,2021-01-29,0,1,-0.0275861770707103
ITUB4,1.015,60,RNA,2021-02-01,0,0,-0.0343878997321204
ITUB4,1.015,60,Random Forest,2021-02-01,0,1,-0.0343878997321204
ITUB4,1.015,60,SVC,2021-02-01,0,1,-0.0343878997321204
ITUB4,1.015,60,RNA,2021-02-02,0,1,-0.0417246003802067
ITUB4,1.015,60,Random Forest,2021-02-02,0,0,-0.0417246003802067
ITUB4,1.015,60,SVC,2021-02-02,0,1,-0.0417246003802067
ITUB4,1.015,60,RNA,2021-02-03,0,0,-0.0224325147761027
ITUB4,1.015,60,Random Forest,2021-02-03,0,0,-0.0224325147761027
ITUB4,1.015,60,SVC,2021-02-03,0,1,-0.0224325147761027
ITUB4,1.015,60,RNA,2021-02-04,0,1,-0.0219003777680932
ITUB4,1.015,60,Random Forest,2021-02-04,0,1,-0.0219003777680932
ITUB4,1.015,60,SVC,2021-02-04,0,1,-0.0219003777680932
ITUB4,1.015,60,RNA,2021-02-05,0,1,-0.0110713935270033
ITUB4,1.015,60,Random Forest,2021-02-05,0,0,-0.0110713935270033
ITUB4,1.015,60,SVC,2021-02-05,0,1,-0.0110713935270033
ITUB4,1.015,60,RNA,2021-02-08,1,1,0.0334667309687555
ITUB4,1.015,60,Random Forest,2021-02-08,1,0,0.0334667309687555
ITUB4,1.015,60,SVC,2021-02-08,1,0,0.0334667309687555
ITUB4,1.015,60,RNA,2021-02-09,0,0,0.0075269177469319
ITUB4,1.015,60,Random Forest,2021-02-09,0,0,0.0075269177469319
ITUB4,1.015,60,SVC,2021-02-09,0,0,0.0075269177469319
ITUB4,1.015,60,RNA,2021-02-10,1,0,0.0182207951895061
ITUB4,1.015,60,Random Forest,2021-02-10,1,0,0.0182207951895061
ITUB4,1.015,60,SVC,2021-02-10,1,0,0.0182207951895061
ITUB4,1.015,60,RNA,2021-02-11,1,0,0.0352342371766787
ITUB4,1.015,60,Random Forest,2021-02-11,1,0,0.0352342371766787
ITUB4,1.015,60,SVC,2021-02-11,1,0,0.0352342371766787
ITUB4,1.015,60,RNA,2021-02-12,1,0,0.0251798359921979
ITUB4,1.015,60,Random Forest,2021-02-12,1,1,0.0251798359921979
ITUB4,1.015,60,SVC,2021-02-12,1,0,0.0251798359921979
ITUB4,1.015,60,RNA,2021-02-17,1,0,0.0207736329190337
ITUB4,1.015,60,Random Forest,2021-02-17,1,1,0.0207736329190337
ITUB4,1.015,60,SVC,2021-02-17,1,0,0.0207736329190337
ITUB4,1.015,60,RNA,2021-02-18,0,1,-0.0372893524407473
ITUB4,1.015,60,Random Forest,2021-02-18,0,1,-0.0372893524407473
ITUB4,1.015,60,SVC,2021-02-18,0,1,-0.0372893524407473
ITUB4,1.015,60,RNA,2021-02-19,1,1,0.0365348485360947
ITUB4,1.015,60,Random Forest,2021-02-19,1,1,0.0365348485360947
ITUB4,1.015,60,SVC,2021-02-19,1,1,0.0365348485360947
ITUB4,1.015,60,RNA,2021-02-22,1,1,0.0621382322411783
ITUB4,1.015,60,Random Forest,2021-02-22,1,1,0.0621382322411783
ITUB4,1.015,60,SVC,2021-02-22,1,1,0.0621382322411783
ITUB4,1.015,60,RNA,2021-02-23,0,1,-0.0913225913590477
ITUB4,1.015,60,Random Forest,2021-02-23,0,0,-0.0913225913590477
ITUB4,1.015,60,SVC,2021-02-23,0,1,-0.0913225913590477
ITUB4,1.015,60,RNA,2021-02-24,0,1,-0.0360118712557699
ITUB4,1.015,60,Random Forest,2021-02-24,0,1,-0.0360118712557699
ITUB4,1.015,60,SVC,2021-02-24,0,1,-0.0360118712557699
ITUB4,1.015,60,RNA,2021-02-25,0,1,-0.0135430252372836
ITUB4,1.015,60,Random Forest,2021-02-25,0,1,-0.0135430252372836
ITUB4,1.015,60,SVC,2021-02-25,0,1,-0.0135430252372836
ITUB4,1.015,60,RNA,2021-02-26,1,0,0.0463320223016965
ITUB4,1.015,60,Random Forest,2021-02-26,1,0,0.0463320223016965
ITUB4,1.015,60,SVC,2021-02-26,1,1,0.0463320223016965
ITUB4,1.015,60,RNA,2021-03-01,1,0,0.1434442933181736
ITUB4,1.015,60,Random Forest,2021-03-01,1,0,0.1434442933181736
ITUB4,1.015,60,SVC,2021-03-01,1,1,0.1434442933181736
ITUB4,1.015,60,RNA,2021-03-02,1,1,0.0857586160532484
ITUB4,1.015,60,Random Forest,2021-03-02,1,0,0.0857586160532484
ITUB4,1.015,60,SVC,2021-03-02,1,1,0.0857586160532484
ITUB4,1.015,60,RNA,2021-03-03,1,1,0.0753266620217889
ITUB4,1.015,60,Random Forest,2021-03-03,1,1,0.0753266620217889
ITUB4,1.015,60,SVC,2021-03-03,1,1,0.0753266620217889
ITUB4,1.015,60,RNA,2021-03-04,1,1,0.046763898205927
ITUB4,1.015,60,Random Forest,2021-03-04,1,1,0.046763898205927
ITUB4,1.015,60,SVC,2021-03-04,1,1,0.046763898205927
ITUB4,1.015,60,RNA,2021-03-05,1,1,0.0401486977823954
ITUB4,1.015,60,Random Forest,2021-03-05,1,0,0.0401486977823954
ITUB4,1.015,60,SVC,2021-03-05,1,1,0.0401486977823954
ITUB4,1.015,60,RNA,2021-03-08,1,0,0.0473328298302244
ITUB4,1.015,60,Random Forest,2021-03-08,1,0,0.0473328298302244
ITUB4,1.015,60,SVC,2021-03-08,1,1,0.0473328298302244
ITUB4,1.015,60,RNA,2021-03-09,1,0,0.0284028508776768
ITUB4,1.015,60,Random Forest,2021-03-09,1,1,0.0284028508776768
ITUB4,1.015,60,SVC,2021-03-09,1,1,0.0284028508776768
ITUB4,1.015,60,RNA,2021-03-10,0,0,-0.0239130229278435
ITUB4,1.015,60,Random Forest,2021-03-10,0,1,-0.0239130229278435
ITUB4,1.015,60,SVC,2021-03-10,0,1,-0.0239130229278435
ITUB4,1.015,60,RNA,2021-03-11,1,0,0.0331491705943713
ITUB4,1.015,60,Random Forest,2021-03-11,1,1,0.0331491705943713
ITUB4,1.015,60,SVC,2021-03-11,1,1,0.0331491705943713
ITUB4,1.015,60,RNA,2021-03-12,1,0,0.0578269000833795
ITUB4,1.015,60,Random Forest,2021-03-12,1,0,0.0578269000833795
ITUB4,1.015,60,SVC,2021-03-12,1,1,0.0578269000833795
ITUB4,1.015,60,RNA,2021-03-15,1,0,0.0439840183544875
ITUB4,1.015,60,Random Forest,2021-03-15,1,1,0.0439840183544875
ITUB4,1.015,60,SVC,2021-03-15,1,1,0.0439840183544875
ITUB4,1.015,60,RNA,2021-03-16,1,1,0.0692479720168266
ITUB4,1.015,60,Random Forest,2021-03-16,1,1,0.0692479720168266
ITUB4,1.015,60,SVC,2021-03-16,1,1,0.0692479720168266
ITUB4,1.015,60,RNA,2021-03-17,1,0,0.0282849904767277
ITUB4,1.015,60,Random Forest,2021-03-17,1,1,0.0282849904767277
ITUB4,1.015,60,SVC,2021-03-17,1,1,0.0282849904767277
ITUB4,1.015,60,RNA,2021-03-18,0,1,-0.0378895425858152
ITUB4,1.015,60,Random Forest,2021-03-18,0,1,-0.0378895425858152
ITUB4,1.015,60,SVC,2021-03-18,0,1,-0.0378895425858152
ITUB4,1.015,60,RNA,2021-03-19,1,1,0.0189352999389413
ITUB4,1.015,60,Random Forest,2021-03-19,1,1,0.0189352999389413
ITUB4,1.015,60,SVC,2021-03-19,1,1,0.0189352999389413
ITUB4,1.015,60,RNA,2021-03-22,1,0,0.0185714213644911
ITUB4,1.015,60,Random Forest,2021-03-22,1,1,0.0185714213644911
ITUB4,1.015,60,SVC,2021-03-22,1,1,0.0185714213644911
ITUB4,1.015,60,RNA,2021-03-23,1,0,0.0224944756312401
ITUB4,1.015,60,Random Forest,2021-03-23,1,0,0.0224944756312401
ITUB4,1.015,60,SVC,2021-03-23,1,1,0.0224944756312401
ITUB4,1.015,60,RNA,2021-03-24,1,1,0.0593470182772912
ITUB4,1.015,60,Random Forest,2021-03-24,1,1,0.0593470182772912
ITUB4,1.015,60,SVC,2021-03-24,1,1,0.0593470182772912
ITUB4,1.015,60,RNA,2021-03-25,1,1,0.0374272809220519
ITUB4,1.015,60,Random Forest,2021-03-25,1,1,0.0374272809220519
ITUB4,1.015,60,SVC,2021-03-25,1,1,0.0374272809220519
ITUB4,1.015,60,RNA,2021-03-26,1,1,0.0152915622105445
ITUB4,1.015,60,Random Forest,2021-03-26,1,1,0.0152915622105445
ITUB4,1.015,60,SVC,2021-03-26,1,1,0.0152915622105445
ITUB4,1.015,60,RNA,2021-03-29,1,1,0.0255028571265143
ITUB4,1.015,60,Random Forest,2021-03-29,1,1,0.0255028571265143
ITUB4,1.015,60,SVC,2021-03-29,1,1,0.0255028571265143
ITUB4,1.015,60,RNA,2021-03-30,0,0,-0.0411674591974341
ITUB4,1.015,60,Random Forest,2021-03-30,0,1,-0.0411674591974341
ITUB4,1.015,60,SVC,2021-03-30,0,1,-0.0411674591974341
ITUB4,1.015,60,RNA,2021-03-31,0,1,-0.0440810652683939
ITUB4,1.015,60,Random Forest,2021-03-31,0,1,-0.0440810652683939
ITUB4,1.015,60,SVC,2021-03-31,0,1,-0.0440810652683939
ITUB4,1.015,60,RNA,2021-04-01,0,1,-0.0248537609495226
ITUB4,1.015,60,Random Forest,2021-04-01,0,1,-0.0248537609495226
ITUB4,1.015,60,SVC,2021-04-01,0,1,-0.0248537609495226
ITUB4,1.015,60,RNA,2021-04-05,0,1,-0.0312726944325443
ITUB4,1.015,60,Random Forest,2021-04-05,0,1,-0.0312726944325443
ITUB4,1.015,60,SVC,2021-04-05,0,1,-0.0312726944325443
ITUB4,1.015,60,RNA,2021-04-06,0,1,0.0103626917571664
ITUB4,1.015,60,Random Forest,2021-04-06,0,1,0.0103626917571664
ITUB4,1.015,60,SVC,2021-04-06,0,1,0.0103626917571664
ITUB4,1.015,60,RNA,2021-04-07,1,0,0.0159200435265542
ITUB4,1.015,60,Random Forest,2021-04-07,1,0,0.0159200435265542
ITUB4,1.015,60,SVC,2021-04-07,1,1,0.0159200435265542
ITUB4,1.015,60,RNA,2021-04-08,1,0,0.0588013779655249
ITUB4,1.015,60,Random Forest,2021-04-08,1,0,0.0588013779655249
ITUB4,1.015,60,SVC,2021-04-08,1,1,0.0588013779655249
ITUB4,1.015,60,RNA,2021-04-09,1,1,0.048134370322842
ITUB4,1.015,60,Random Forest,2021-04-09,1,1,0.048134370322842
ITUB4,1.015,60,SVC,2021-04-09,1,1,0.048134370322842
ITUB4,1.015,60,RNA,2021-04-12,1,1,0.0342288938632082
ITUB4,1.015,60,Random Forest,2021-04-12,1,1,0.0342288938632082
ITUB4,1.015,60,SVC,2021-04-12,1,1,0.0342288938632082
ITUB4,1.015,60,RNA,2021-04-13,1,1,0.0270467861948544
ITUB4,1.015,60,Random Forest,2021-04-13,1,1,0.0270467861948544
ITUB4,1.015,60,SVC,2021-04-13,1,1,0.0270467861948544
ITUB4,1.015,60,RNA,2021-04-14,1,1,0.0159074178034333
ITUB4,1.015,60,Random Forest,2021-04-14,1,1,0.0159074178034333
ITUB4,1.015,60,SVC,2021-04-14,1,1,0.0159074178034333
ITUB4,1.015,60,RNA,2021-04-15,1,1,0.0221898468426899
ITUB4,1.015,60,Random Forest,2021-04-15,1,0,0.0221898468426899
ITUB4,1.015,60,SVC,2021-04-15,1,1,0.0221898468426899
ITUB4,1.015,60,RNA,2021-04-16,0,1,-0.0125537985959441
ITUB4,1.015,60,Random Forest,2021-04-16,0,1,-0.0125537985959441
ITUB4,1.015,60,SVC,2021-04-16,0,1,-0.0125537985959441
ITUB4,1.015,60,RNA,2021-04-19,1,1,0.0178766828608087
ITUB4,1.015,60,Random Forest,2021-04-19,1,1,0.0178766828608087
ITUB4,1.015,60,SVC,2021-04-19,1,1,0.0178766828608087
ITUB4,1.015,60,RNA,2021-04-20,0,1,-0.0159825944875235
ITUB4,1.015,60,Random Forest,2021-04-20,0,1,-0.0159825944875235
ITUB4,1.015,60,SVC,2021-04-20,0,1,-0.0159825944875235
ITUB4,1.015,60,RNA,2021-04-22,1,1,0.0331194064646742
ITUB4,1.015,60,Random Forest,2021-04-22,1,1,0.0331194064646742
ITUB4,1.015,60,SVC,2021-04-22,1,1,0.0331194064646742
ITUB4,1.015,60,RNA,2021-04-23,1,1,0.0267160254810165
ITUB4,1.015,60,Random Forest,2021-04-23,1,0,0.0267160254810165
ITUB4,1.015,60,SVC,2021-04-23,1,1,0.0267160254810165
ITUB4,1.015,60,RNA,2021-04-26,1,1,0.0341912483841178
ITUB4,1.015,60,Random Forest,2021-04-26,1,1,0.0341912483841178
ITUB4,1.015,60,SVC,2021-04-26,1,1,0.0341912483841178
ITUB4,1.015,60,RNA,2021-04-27,1,1,0.0301598584678914
ITUB4,1.015,60,Random Forest,2021-04-27,1,1,0.0301598584678914
ITUB4,1.015,60,SVC,2021-04-27,1,1,0.0301598584678914
ITUB4,1.015,60,RNA,2021-04-28,0,1,-0.0516478443557051
ITUB4,1.015,60,Random Forest,2021-04-28,0,1,-0.0516478443557051
ITUB4,1.015,60,SVC,2021-04-28,0,1,-0.0516478443557051
ITUB4,1.015,60,RNA,2021-04-29,1,1,0.0436151124843919
ITUB4,1.015,60,Random Forest,2021-04-29,1,1,0.0436151124843919
ITUB4,1.015,60,SVC,2021-04-29,1,1,0.0436151124843919
ITUB4,1.015,60,RNA,2021-04-30,1,1,0.0234657090354752
ITUB4,1.015,60,Random Forest,2021-04-30,1,1,0.0234657090354752
ITUB4,1.015,60,SVC,2021-04-30,1,1,0.0234657090354752
ITUB4,1.015,60,RNA,2021-05-03,0,1,-0.0167259863540787
ITUB4,1.015,60,Random Forest,2021-05-03,0,1,-0.0167259863540787
ITUB4,1.015,60,SVC,2021-05-03,0,1,-0.0167259863540787
ITUB4,1.015,60,RNA,2021-05-04,1,1,0.0498141083872087
ITUB4,1.015,60,Random Forest,2021-05-04,1,1,0.0498141083872087
ITUB4,1.015,60,SVC,2021-05-04,1,1,0.0498141083872087
ITUB4,1.015,60,RNA,2021-05-05,1,1,0.032163740569477
ITUB4,1.015,60,Random Forest,2021-05-05,1,1,0.032163740569477
ITUB4,1.015,60,SVC,2021-05-05,1,1,0.032163740569477
ITUB4,1.015,60,RNA,2021-05-06,1,1,0.0302809216173971
ITUB4,1.015,60,Random Forest,2021-05-06,1,1,0.0302809216173971
ITUB4,1.015,60,SVC,2021-05-06,1,1,0.0302809216173971
ITUB4,1.015,60,RNA,2021-05-07,1,1,0.0325262457639496
ITUB4,1.015,60,Random Forest,2021-05-07,1,1,0.0325262457639496
ITUB4,1.015,60,SVC,2021-05-07,1,1,0.0325262457639496
ITUB4,1.015,60,RNA,2021-05-10,1,1,0.0519105712525724
ITUB4,1.015,60,Random Forest,2021-05-10,1,1,0.0519105712525724
ITUB4,1.015,60,SVC,2021-05-10,1,1,0.0519105712525724
ITUB4,1.015,60,RNA,2021-05-11,1,1,0.0534296098273321
ITUB4,1.015,60,Random Forest,2021-05-11,1,1,0.0534296098273321
ITUB4,1.015,60,SVC,2021-05-11,1,1,0.0534296098273321
ITUB4,1.015,60,RNA,2021-05-12,1,1,0.059398724225351
ITUB4,1.015,60,Random Forest,2021-05-12,1,1,0.059398724225351
ITUB4,1.015,60,SVC,2021-05-12,1,1,0.059398724225351
ITUB4,1.015,60,RNA,2021-05-13,1,1,0.0205861694662883
ITUB4,1.015,60,Random Forest,2021-05-13,1,1,0.0205861694662883
ITUB4,1.015,60,SVC,2021-05-13,1,1,0.0205861694662883
ITUB4,1.015,60,RNA,2021-05-14,1,1,0.0294423161492605
ITUB4,1.015,60,Random Forest,2021-05-14,1,1,0.0294423161492605
ITUB4,1.015,60,SVC,2021-05-14,1,1,0.0294423161492605
ITUB4,1.015,60,RNA,2021-05-17,1,1,0.0319444151788737
ITUB4,1.015,60,Random Forest,2021-05-17,1,1,0.0319444151788737
ITUB4,1.015,60,SVC,2021-05-17,1,1,0.0319444151788737
ITUB4,1.015,60,RNA,2021-05-18,1,1,0.0417104757473452
ITUB4,1.015,60,Random Forest,2021-05-18,1,0,0.0417104757473452
ITUB4,1.015,60,SVC,2021-05-18,1,1,0.0417104757473452
ITUB4,1.015,60,RNA,2021-05-19,1,1,0.0181568715910158
ITUB4,1.015,60,Random Forest,2021-05-19,1,1,0.0181568715910158
ITUB4,1.015,60,SVC,2021-05-19,1,1,0.0181568715910158
ITUB4,1.015,60,RNA,2021-05-20,0,1,0.004054369766641
ITUB4,1.015,60,Random Forest,2021-05-20,0,1,0.004054369766641
ITUB4,1.015,60,SVC,2021-05-20,0,1,0.004054369766641
ITUB4,1.015,60,RNA,2021-05-21,0,1,-0.0108909888930758
ITUB4,1.015,60,Random Forest,2021-05-21,0,1,-0.0108909888930758
ITUB4,1.015,60,SVC,2021-05-21,0,1,-0.0108909888930758
ITUB4,1.015,60,RNA,2021-05-24,0,1,0.010572990218064
ITUB4,1.015,60,Random Forest,2021-05-24,0,0,0.010572990218064
ITUB4,1.015,60,SVC,2021-05-24,0,1,0.010572990218064
ITUB4,1.015,60,RNA,2021-05-25,1,1,0.0292296847100561
ITUB4,1.015,60,Random Forest,2021-05-25,1,1,0.0292296847100561
ITUB4,1.015,60,SVC,2021-05-25,1,1,0.0292296847100561
ITUB4,1.015,60,RNA,2021-05-26,1,0,0.0413453622988138
ITUB4,1.015,60,Random Forest,2021-05-26,1,0,0.0413453622988138
ITUB4,1.015,60,SVC,2021-05-26,1,1,0.0413453622988138
ITUB4,1.015,60,RNA,2021-05-27,1,0,0.0944996155901241
ITUB4,1.015,60,Random Forest,2021-05-27,1,0,0.0944996155901241
ITUB4,1.015,60,SVC,2021-05-27,1,1,0.0944996155901241
ITUB4,1.015,60,RNA,2021-05-28,1,1,0.0918927009076051
ITUB4,1.015,60,Random Forest,2021-05-28,1,1,0.0918927009076051
ITUB4,1.015,60,SVC,2021-05-28,1,1,0.0918927009076051
ITUB4,1.015,60,RNA,2021-05-31,1,1,0.1119302912001642
ITUB4,1.015,60,Random Forest,2021-05-31,1,0,0.1119302912001642
ITUB4,1.015,60,SVC,2021-05-31,1,1,0.1119302912001642
ITUB4,1.015,60,RNA,2021-06-01,1,1,0.0825448653070464
ITUB4,1.015,60,Random Forest,2021-06-01,1,1,0.0825448653070464
ITUB4,1.015,60,SVC,2021-06-01,1,1,0.0825448653070464
ITUB4,1.015,60,RNA,2021-06-02,1,1,0.0829901928017131
ITUB4,1.015,60,Random Forest,2021-06-02,1,1,0.0829901928017131
ITUB4,1.015,60,SVC,2021-06-02,1,1,0.0829901928017131
ITUB4,1.015,60,RNA,2021-06-04,1,1,0.0591697545051483
ITUB4,1.015,60,Random Forest,2021-06-04,1,0,0.0591697545051483
ITUB4,1.015,60,SVC,2021-06-04,1,1,0.0591697545051483
ITUB4,1.015,60,RNA,2021-06-07,1,0,0.0417428700457789
ITUB4,1.015,60,Random Forest,2021-06-07,1,1,0.0417428700457789
ITUB4,1.015,60,SVC,2021-06-07,1,1,0.0417428700457789
ITUB4,1.015,60,RNA,2021-06-08,1,0,0.0465258782031916
ITUB4,1.015,60,Random Forest,2021-06-08,1,1,0.0465258782031916
ITUB4,1.015,60,SVC,2021-06-08,1,1,0.0465258782031916
ITUB4,1.015,60,RNA,2021-06-09,0,1,-0.0285714061229996
ITUB4,1.015,60,Random Forest,2021-06-09,0,1,-0.0285714061229996
ITUB4,1.015,60,SVC,2021-06-09,0,1,-0.0285714061229996
ITUB4,1.015,60,RNA,2021-06-10,1,1,0.0172518146807842
ITUB4,1.015,60,Random Forest,2021-06-10,1,1,0.0172518146807842
ITUB4,1.015,60,SVC,2021-06-10,1,1,0.0172518146807842
ITUB4,1.015,60,RNA,2021-06-11,1,1,0.0425015350033355
ITUB4,1.015,60,Random Forest,2021-06-11,1,1,0.0425015350033355
ITUB4,1.015,60,SVC,2021-06-11,1,1,0.0425015350033355
ITUB4,1.015,60,RNA,2021-06-14,1,1,0.0482295345467318
ITUB4,1.015,60,Random Forest,2021-06-14,1,1,0.0482295345467318
ITUB4,1.015,60,SVC,2021-06-14,1,1,0.0482295345467318
ITUB4,1.015,60,RNA,2021-06-15,1,1,0.0507955778460527
ITUB4,1.015,60,Random Forest,2021-06-15,1,1,0.0507955778460527
ITUB4,1.015,60,SVC,2021-06-15,1,1,0.0507955778460527
ITUB4,1.015,60,RNA,2021-06-16,1,1,0.0202020038625523
ITUB4,1.015,60,Random Forest,2021-06-16,1,1,0.0202020038625523
ITUB4,1.015,60,SVC,2021-06-16,1,1,0.0202020038625523
ITUB4,1.015,60,RNA,2021-06-17,0,1,-0.0290076483557939
ITUB4,1.015,60,Random Forest,2021-06-17,0,1,-0.0290076483557939
ITUB4,1.015,60,SVC,2021-06-17,0,1,-0.0290076483557939
ITUB4,1.015,60,RNA,2021-06-18,1,1,0.0161390312617653
ITUB4,1.015,60,Random Forest,2021-06-18,1,1,0.0161390312617653
ITUB4,1.015,60,SVC,2021-06-18,1,1,0.0161390312617653
ITUB4,1.015,60,RNA,2021-06-21,0,1,-0.0443686033034103
ITUB4,1.015,60,Random Forest,2021-06-21,0,1,-0.0443686033034103
ITUB4,1.015,60,SVC,2021-06-21,0,1,-0.0443686033034103
ITUB4,1.015,60,RNA,2021-06-22,1,1,0.0177847102961952
ITUB4,1.015,60,Random Forest,2021-06-22,1,1,0.0177847102961952
ITUB4,1.015,60,SVC,2021-06-22,1,1,0.0177847102961952
ITUB4,1.015,60,RNA,2021-06-23,0,1,-0.0627913971100218
ITUB4,1.015,60,Random Forest,2021-06-23,0,1,-0.0627913971100218
ITUB4,1.015,60,SVC,2021-06-23,0,1,-0.0627913971100218
ITUB4,1.015,60,RNA,2021-06-24,0,0,-0.0681676276296294
ITUB4,1.015,60,Random Forest,2021-06-24,0,0,-0.0681676276296294
ITUB4,1.015,60,SVC,2021-06-24,0,1,-0.0681676276296294
ITUB4,1.015,60,RNA,2021-06-25,0,1,-0.036804743237627
ITUB4,1.015,60,Random Forest,2021-06-25,0,0,-0.036804743237627
ITUB4,1.015,60,SVC,2021-06-25,0,1,-0.036804743237627
ITUB4,1.015,60,RNA,2021-06-28,0,1,-0.0077626069229377
ITUB4,1.015,60,Random Forest,2021-06-28,0,0,-0.0077626069229377
ITUB4,1.015,60,SVC,2021-06-28,0,1,-0.0077626069229377
ITUB4,1.015,60,RNA,2021-06-29,0,0,-0.0128367402431293
ITUB4,1.015,60,Random Forest,2021-06-29,0,0,-0.0128367402431293
ITUB4,1.015,60,SVC,2021-06-29,0,1,-0.0128367402431293
ITUB4,1.015,60,RNA,2021-06-30,0,1,-0.0174555298292327
ITUB4,1.015,60,Random Forest,2021-06-30,0,0,-0.0174555298292327
ITUB4,1.015,60,SVC,2021-06-30,0,1,-0.0174555298292327
ITUB4,1.015,60,RNA,2021-07-01,0,1,-0.0066934350348086
ITUB4,1.015,60,Random Forest,2021-07-01,0,0,-0.0066934350348086
ITUB4,1.015,60,SVC,2021-07-01,0,1,-0.0066934350348086
ITUB4,1.015,60,RNA,2021-07-02,0,0,-0.0144683377106663
ITUB4,1.015,60,Random Forest,2021-07-02,0,0,-0.0144683377106663
ITUB4,1.015,60,SVC,2021-07-02,0,0,-0.0144683377106663
ITUB4,1.015,60,RNA,2021-07-05,1,1,0.0176390853104007
ITUB4,1.015,60,Random Forest,2021-07-05,1,0,0.0176390853104007
ITUB4,1.015,60,SVC,2021-07-05,1,0,0.0176390853104007
ITUB4,1.015,60,RNA,2021-07-06,1,1,0.0152129693614808
ITUB4,1.015,60,Random Forest,2021-07-06,1,0,0.0152129693614808
ITUB4,1.015,60,SVC,2021-07-06,1,0,0.0152129693614808
ITUB4,1.015,60,RNA,2021-07-07,1,0,0.0583190498343204
ITUB4,1.015,60,Random Forest,2021-07-07,1,0,0.0583190498343204
ITUB4,1.015,60,SVC,2021-07-07,1,1,0.0583190498343204
ITUB4,1.015,60,RNA,2021-07-08,1,1,0.0493197452532272
ITUB4,1.015,60,Random Forest,2021-07-08,1,0,0.0493197452532272
ITUB4,1.015,60,SVC,2021-07-08,1,1,0.0493197452532272
ITUB4,1.015,60,RNA,2021-07-12,1,1,0.0457627319514781
ITUB4,1.015,60,Random Forest,2021-07-12,1,1,0.0457627319514781
ITUB4,1.015,60,SVC,2021-07-12,1,1,0.0457627319514781
ITUB4,1.015,60,RNA,2021-07-13,1,1,0.0215231611782233
ITUB4,1.015,60,Random Forest,2021-07-13,1,1,0.0215231611782233
ITUB4,1.015,60,SVC,2021-07-13,1,1,0.0215231611782233
ITUB4,1.015,60,RNA,2021-07-14,0,1,-0.0194239412419426
ITUB4,1.015,60,Random Forest,2021-07-14,0,1,-0.0194239412419426
ITUB4,1.015,60,SVC,2021-07-14,0,1,-0.0194239412419426
ITUB4,1.015,60,RNA,2021-07-15,0,1,-0.0124286316595101
ITUB4,1.015,60,Random Forest,2021-07-15,0,1,-0.0124286316595101
ITUB4,1.015,60,SVC,2021-07-15,0,1,-0.0124286316595101
ITUB4,1.015,60,RNA,2021-07-16,1,1,0.0334494619355607
ITUB4,1.015,60,Random Forest,2021-07-16,1,1,0.0334494619355607
ITUB4,1.015,60,SVC,2021-07-16,1,1,0.0334494619355607
ITUB4,1.015,60,RNA,2021-07-19,1,0,0.0309349647391798
ITUB4,1.015,60,Random Forest,2021-07-19,1,1,0.0309349647391798
ITUB4,1.015,60,SVC,2021-07-19,1,1,0.0309349647391798
ITUB4,1.015,60,RNA,2021-07-20,1,1,0.0164046686712102
ITUB4,1.015,60,Random Forest,2021-07-20,1,1,0.0164046686712102
ITUB4,1.015,60,SVC,2021-07-20,1,1,0.0164046686712102
ITUB4,1.015,60,RNA,2021-07-21,1,1,0.0203942731368897
ITUB4,1.015,60,Random Forest,2021-07-21,1,1,0.0203942731368897
ITUB4,1.015,60,SVC,2021-07-21,1,1,0.0203942731368897
ITUB4,1.015,60,RNA,2021-07-22,1,1,0.0688120632502451
ITUB4,1.015,60,Random Forest,2021-07-22,1,1,0.0688120632502451
ITUB4,1.015,60,SVC,2021-07-22,1,1,0.0688120632502451
ITUB4,1.015,60,RNA,2021-07-23,1,1,0.0735900807239835
ITUB4,1.015,60,Random Forest,2021-07-23,1,1,0.0735900807239835
ITUB4,1.015,60,SVC,2021-07-23,1,1,0.0735900807239835
ITUB4,1.015,60,RNA,2021-07-26,1,1,0.0583051173777786
ITUB4,1.015,60,Random Forest,2021-07-26,1,1,0.0583051173777786
ITUB4,1.015,60,SVC,2021-07-26,1,1,0.0583051173777786
ITUB4,1.015,60,RNA,2021-07-27,1,1,0.0456253707122906
ITUB4,1.015,60,Random Forest,2021-07-27,1,1,0.0456253707122906
ITUB4,1.015,60,SVC,2021-07-27,1,1,0.0456253707122906
ITUB4,1.015,60,RNA,2021-07-28,1,1,0.0209068823921776
ITUB4,1.015,60,Random Forest,2021-07-28,1,1,0.0209068823921776
ITUB4,1.015,60,SVC,2021-07-28,1,1,0.0209068823921776
ITUB4,1.015,60,RNA,2021-07-29,1,1,0.0370264848580883
ITUB4,1.015,60,Random Forest,2021-07-29,1,0,0.0370264848580883
ITUB4,1.015,60,SVC,2021-07-29,1,1,0.0370264848580883
ITUB4,1.015,60,RNA,2021-07-30,1,1,0.0230519279136973
ITUB4,1.015,60,Random Forest,2021-07-30,1,1,0.0230519279136973
ITUB4,1.015,60,SVC,2021-07-30,1,1,0.0230519279136973
ITUB4,1.015,60,RNA,2021-08-02,0,1,-0.0178343819982774
ITUB4,1.015,60,Random Forest,2021-08-02,0,1,-0.0178343819982774
ITUB4,1.015,60,SVC,2021-08-02,0,1,-0.0178343819982774
ITUB4,1.015,60,RNA,2021-08-03,1,0,0.027795908205231
ITUB4,1.015,60,Random Forest,2021-08-03,1,1,0.027795908205231
ITUB4,1.015,60,SVC,2021-08-03,1,1,0.027795908205231
ITUB4,1.015,60,RNA,2021-08-04,1,1,0.0407284562181797
ITUB4,1.015,60,Random Forest,2021-08-04,1,1,0.0407284562181797
ITUB4,1.015,60,SVC,2021-08-04,1,1,0.0407284562181797
ITUB4,1.015,60,RNA,2021-08-05,1,0,0.0434926487528801
ITUB4,1.015,60,Random Forest,2021-08-05,1,1,0.0434926487528801
ITUB4,1.015,60,SVC,2021-08-05,1,1,0.0434926487528801
ITUB4,1.015,60,RNA,2021-08-06,1,1,0.0214494464410146
ITUB4,1.015,60,Random Forest,2021-08-06,1,1,0.0214494464410146
ITUB4,1.015,60,SVC,2021-08-06,1,1,0.0214494464410146
ITUB4,1.015,60,RNA,2021-08-09,0,1,-0.0121951374336694
ITUB4,1.015,60,Random Forest,2021-08-09,0,1,-0.0121951374336694
ITUB4,1.015,60,SVC,2021-08-09,0,1,-0.0121951374336694
ITUB4,1.015,60,RNA,2021-08-10,1,1,0.0292763210688704
ITUB4,1.015,60,Random Forest,2021-08-10,1,1,0.0292763210688704
ITUB4,1.015,60,SVC,2021-08-10,1,1,0.0292763210688704
ITUB4,1.015,60,RNA,2021-08-11,0,1,-0.0164610586532274
ITUB4,1.015,60,Random Forest,2021-08-11,0,1,-0.0164610586532274
ITUB4,1.015,60,SVC,2021-08-11,0,0,-0.0164610586532274
ITUB4,1.015,60,RNA,2021-08-12,1,1,0.0277938557254502
ITUB4,1.015,60,Random Forest,2021-08-12,1,1,0.0277938557254502
ITUB4,1.015,60,SVC,2021-08-12,1,1,0.0277938557254502
ITUB4,1.015,60,RNA,2021-08-13,1,1,0.0163078750554883
ITUB4,1.015,60,Random Forest,2021-08-13,1,1,0.0163078750554883
ITUB4,1.015,60,SVC,2021-08-13,1,1,0.0163078750554883
ITUB4,1.015,60,RNA,2021-08-16,1,1,0.0267238488108989
ITUB4,1.015,60,Random Forest,2021-08-16,1,1,0.0267238488108989
ITUB4,1.015,60,SVC,2021-08-16,1,1,0.0267238488108989
ITUB4,1.015,60,RNA,2021-08-17,1,1,0.0332005496782998
ITUB4,1.015,60,Random Forest,2021-08-17,1,1,0.0332005496782998
ITUB4,1.015,60,SVC,2021-08-17,1,1,0.0332005496782998
ITUB4,1.015,60,RNA,2021-08-18,1,1,0.0371237184956325
ITUB4,1.015,60,Random Forest,2021-08-18,1,1,0.0371237184956325
ITUB4,1.015,60,SVC,2021-08-18,1,1,0.0371237184956325
ITUB4,1.015,60,RNA,2021-08-19,1,1,0.0489864720494095
ITUB4,1.015,60,Random Forest,2021-08-19,1,1,0.0489864720494095
ITUB4,1.015,60,SVC,2021-08-19,1,1,0.0489864720494095
ITUB4,1.015,60,RNA,2021-08-20,1,1,0.0398526320642387
ITUB4,1.015,60,Random Forest,2021-08-20,1,1,0.0398526320642387
ITUB4,1.015,60,SVC,2021-08-20,1,1,0.0398526320642387
ITUB4,1.015,60,RNA,2021-08-23,1,1,0.0264462406887198
ITUB4,1.015,60,Random Forest,2021-08-23,1,1,0.0264462406887198
ITUB4,1.015,60,SVC,2021-08-23,1,1,0.0264462406887198
ITUB4,1.015,60,RNA,2021-08-24,0,1,-0.006829253334292
ITUB4,1.015,60,Random Forest,2021-08-24,0,1,-0.006829253334292
ITUB4,1.015,60,SVC,2021-08-24,0,1,-0.006829253334292
ITUB4,1.015,60,RNA,2021-08-25,0,1,0.001294531002582
ITUB4,1.015,60,Random Forest,2021-08-25,0,1,0.001294531002582
ITUB4,1.015,60,SVC,2021-08-25,0,1,0.001294531002582
ITUB4,1.015,60,RNA,2021-08-26,1,1,0.0402809548416598
ITUB4,1.015,60,Random Forest,2021-08-26,1,1,0.0402809548416598
ITUB4,1.015,60,SVC,2021-08-26,1,1,0.0402809548416598
ITUB4,1.015,60,RNA,2021-08-27,1,1,0.0311289430660963
ITUB4,1.015,60,Random Forest,2021-08-27,1,1,0.0311289430660963
ITUB4,1.015,60,SVC,2021-08-27,1,1,0.0311289430660963
ITUB4,1.015,60,RNA,2021-08-30,1,1,0.033148779845135
ITUB4,1.015,60,Random Forest,2021-08-30,1,1,0.033148779845135
ITUB4,1.015,60,SVC,2021-08-30,1,1,0.033148779845135
ITUB4,1.015,60,RNA,2021-08-31,1,1,0.0183515711411952
ITUB4,1.015,60,Random Forest,2021-08-31,1,1,0.0183515711411952
ITUB4,1.015,60,SVC,2021-08-31,1,1,0.0183515711411952
ITUB4,1.015,60,RNA,2021-09-01,0,1,-0.0702492614391222
ITUB4,1.015,60,Random Forest,2021-09-01,0,1,-0.0702492614391222
ITUB4,1.015,60,SVC,2021-09-01,0,1,-0.0702492614391222
ITUB4,1.015,60,RNA,2021-09-02,0,0,-0.0341852008779255
ITUB4,1.015,60,Random Forest,2021-09-02,0,1,-0.0341852008779255
ITUB4,1.015,60,SVC,2021-09-02,0,1,-0.0341852008779255
ITUB4,1.015,60,RNA,2021-09-03,1,1,0.0202224447897452
ITUB4,1.015,60,Random Forest,2021-09-03,1,1,0.0202224447897452
ITUB4,1.015,60,SVC,2021-09-03,1,1,0.0202224447897452
ITUB4,1.015,60,RNA,2021-09-06,0,1,-0.0289614311639029
ITUB4,1.015,60,Random Forest,2021-09-06,0,1,-0.0289614311639029
ITUB4,1.015,60,SVC,2021-09-06,0,1,-0.0289614311639029
ITUB4,1.015,60,RNA,2021-09-08,1,1,0.0241712690736959
ITUB4,1.015,60,Random Forest,2021-09-08,1,1,0.0241712690736959
ITUB4,1.015,60,SVC,2021-09-08,1,1,0.0241712690736959
ITUB4,1.015,60,RNA,2021-09-09,0,1,-0.0332203148702248
ITUB4,1.015,60,Random Forest,2021-09-09,0,0,-0.0332203148702248
ITUB4,1.015,60,SVC,2021-09-09,0,1,-0.0332203148702248
ITUB4,1.015,60,RNA,2021-09-10,0,1,-0.0282986741590129
ITUB4,1.015,60,Random Forest,2021-09-10,0,1,-0.0282986741590129
ITUB4,1.015,60,SVC,2021-09-10,0,1,-0.0282986741590129
ITUB4,1.015,60,RNA,2021-09-13,0,1,-0.0439862292437968
ITUB4,1.015,60,Random Forest,2021-09-13,0,1,-0.0439862292437968
ITUB4,1.015,60,SVC,2021-09-13,0,1,-0.0439862292437968
ITUB4,1.015,60,RNA,2021-09-14,0,0,-0.0640275446022548
ITUB4,1.015,60,Random Forest,2021-09-14,0,0,-0.0640275446022548
ITUB4,1.015,60,SVC,2021-09-14,0,1,-0.0640275446022548
ITUB4,1.015,60,RNA,2021-09-15,0,1,-0.0423728779165213
ITUB4,1.015,60,Random Forest,2021-09-15,0,0,-0.0423728779165213
ITUB4,1.015,60,SVC,2021-09-15,0,1,-0.0423728779165213
ITUB4,1.015,60,RNA,2021-09-16,0,1,-0.0252897427978466
ITUB4,1.015,60,Random Forest,2021-09-16,0,0,-0.0252897427978466
ITUB4,1.015,60,SVC,2021-09-16,0,0,-0.0252897427978466
ITUB4,1.015,60,RNA,2021-09-17,1,1,0.060439586876869
ITUB4,1.015,60,Random Forest,2021-09-17,1,0,0.060439586876869
ITUB4,1.015,60,SVC,2021-09-17,1,1,0.060439586876869
ITUB4,1.015,60,RNA,2021-09-20,1,1,0.05966325135598
ITUB4,1.015,60,Random Forest,2021-09-20,1,0,0.05966325135598
ITUB4,1.015,60,SVC,2021-09-20,1,1,0.05966325135598
ITUB4,1.015,60,RNA,2021-09-21,1,1,0.0731796512194113
ITUB4,1.015,60,Random Forest,2021-09-21,1,1,0.0731796512194113
ITUB4,1.015,60,SVC,2021-09-21,1,1,0.0731796512194113
ITUB4,1.015,60,RNA,2021-09-22,1,0,0.0601504073230376
ITUB4,1.015,60,Random Forest,2021-09-22,1,1,0.0601504073230376
ITUB4,1.015,60,SVC,2021-09-22,1,1,0.0601504073230376
ITUB4,1.015,60,RNA,2021-09-23,1,1,0.0389474065059218
ITUB4,1.015,60,Random Forest,2021-09-23,1,1,0.0389474065059218
ITUB4,1.015,60,SVC,2021-09-23,1,1,0.0389474065059218
ITUB4,1.015,60,RNA,2021-09-24,1,1,0.0415054840030948
ITUB4,1.015,60,Random Forest,2021-09-24,1,1,0.0415054840030948
ITUB4,1.015,60,SVC,2021-09-24,1,1,0.0415054840030948
ITUB4,1.015,60,RNA,2021-09-27,1,1,0.0333845469654519
ITUB4,1.015,60,Random Forest,2021-09-27,1,1,0.0333845469654519
ITUB4,1.015,60,SVC,2021-09-27,1,1,0.0333845469654519
ITUB4,1.015,60,RNA,2021-09-28,1,1,0.0431232427426875
ITUB4,1.015,60,Random Forest,2021-09-28,1,1,0.0431232427426875
ITUB4,1.015,60,SVC,2021-09-28,1,1,0.0431232427426875
ITUB4,1.015,60,RNA,2021-09-29,1,1,0.0464421558797345
ITUB4,1.015,60,Random Forest,2021-09-29,1,1,0.0464421558797345
ITUB4,1.015,60,SVC,2021-09-29,1,1,0.0464421558797345
ITUB4,1.015,60,RNA,2021-09-30,1,1,0.0448226136101448
ITUB4,1.015,60,Random Forest,2021-09-30,1,1,0.0448226136101448
ITUB4,1.015,60,SVC,2021-09-30,1,1,0.0448226136101448
ITUB4,1.015,60,RNA,2021-10-01,1,1,0.0254545464602167
ITUB4,1.015,60,Random Forest,2021-10-01,1,1,0.0254545464602167
ITUB4,1.015,60,SVC,2021-10-01,1,1,0.0254545464602167
ITUB4,1.015,60,RNA,2021-10-04,1,1,0.0317072937276574
ITUB4,1.015,60,Random Forest,2021-10-04,1,1,0.0317072937276574
ITUB4,1.015,60,SVC,2021-10-04,1,1,0.0317072937276574
ITUB4,1.015,60,RNA,2021-10-05,1,1,0.0325865615654548
ITUB4,1.015,60,Random Forest,2021-10-05,1,1,0.0325865615654548
ITUB4,1.015,60,SVC,2021-10-05,1,1,0.0325865615654548
ITUB4,1.015,60,RNA,2021-10-06,0,1,-0.0346199618170117
ITUB4,1.015,60,Random Forest,2021-10-06,0,1,-0.0346199618170117
ITUB4,1.015,60,SVC,2021-10-06,0,1,-0.0346199618170117
ITUB4,1.015,60,RNA,2021-10-07,1,1,0.0279805604028346
ITUB4,1.015,60,Random Forest,2021-10-07,1,1,0.0279805604028346
ITUB4,1.015,60,SVC,2021-10-07,1,1,0.0279805604028346
ITUB4,1.015,60,RNA,2021-10-08,0,1,0.0073230430745487
ITUB4,1.015,60,Random Forest,2021-10-08,0,1,0.0073230430745487
ITUB4,1.015,60,SVC,2021-10-08,0,1,0.0073230430745487
ITUB4,1.015,60,RNA,2021-10-11,1,1,0.0308641902280213
ITUB4,1.015,60,Random Forest,2021-10-11,1,1,0.0308641902280213
ITUB4,1.015,60,SVC,2021-10-11,1,1,0.0308641902280213
ITUB4,1.015,60,RNA,2021-10-13,1,1,0.0253786199605245
ITUB4,1.015,60,Random Forest,2021-10-13,1,1,0.0253786199605245
ITUB4,1.015,60,SVC,2021-10-13,1,1,0.0253786199605245
ITUB4,1.015,60,RNA,2021-10-14,1,1,0.0342691861970516
ITUB4,1.015,60,Random Forest,2021-10-14,1,1,0.0342691861970516
ITUB4,1.015,60,SVC,2021-10-14,1,1,0.0342691861970516
ITUB4,1.015,60,RNA,2021-10-15,1,1,0.023189617837914
ITUB4,1.015,60,Random Forest,2021-10-15,1,1,0.023189617837914
ITUB4,1.015,60,SVC,2021-10-15,1,1,0.023189617837914
ITUB4,1.015,60,RNA,2021-10-18,1,1,0.0182186639838548
ITUB4,1.015,60,Random Forest,2021-10-18,1,0,0.0182186639838548
ITUB4,1.015,60,SVC,2021-10-18,1,1,0.0182186639838548
ITUB4,1.015,60,RNA,2021-10-19,1,0,0.024439935114723
ITUB4,1.015,60,Random Forest,2021-10-19,1,1,0.024439935114723
ITUB4,1.015,60,SVC,2021-10-19,1,1,0.024439935114723
ITUB4,1.015,60,RNA,2021-10-20,1,1,0.0315832846173529
ITUB4,1.015,60,Random Forest,2021-10-20,1,1,0.0315832846173529
ITUB4,1.015,60,SVC,2021-10-20,1,1,0.0315832846173529
ITUB4,1.015,60,RNA,2021-10-21,0,1,-0.0082918607861871
ITUB4,1.015,60,Random Forest,2021-10-21,0,1,-0.0082918607861871
ITUB4,1.015,60,SVC,2021-10-21,0,1,-0.0082918607861871
ITUB4,1.015,60,RNA,2021-10-22,1,1,0.0325306495736845
ITUB4,1.015,60,Random Forest,2021-10-22,1,1,0.0325306495736845
ITUB4,1.015,60,SVC,2021-10-22,1,1,0.0325306495736845
ITUB4,1.015,60,RNA,2021-10-25,1,1,0.0316589790915677
ITUB4,1.015,60,Random Forest,2021-10-25,1,1,0.0316589790915677
ITUB4,1.015,60,SVC,2021-10-25,1,1,0.0316589790915677
ITUB4,1.015,60,RNA,2021-10-26,1,1,0.0234506059498256
ITUB4,1.015,60,Random Forest,2021-10-26,1,1,0.0234506059498256
ITUB4,1.015,60,SVC,2021-10-26,1,1,0.0234506059498256
ITUB4,1.015,60,RNA,2021-10-27,1,1,0.0514930535614301
ITUB4,1.015,60,Random Forest,2021-10-27,1,1,0.0514930535614301
ITUB4,1.015,60,SVC,2021-10-27,1,1,0.0514930535614301
ITUB4,1.015,60,RNA,2021-10-28,1,1,0.0396341430290116
ITUB4,1.015,60,Random Forest,2021-10-28,1,1,0.0396341430290116
ITUB4,1.015,60,SVC,2021-10-28,1,1,0.0396341430290116
ITUB4,1.015,60,RNA,2021-10-29,1,1,0.0489244873464975
ITUB4,1.015,60,Random Forest,2021-10-29,1,1,0.0489244873464975
ITUB4,1.015,60,SVC,2021-10-29,1,1,0.0489244873464975
ITUB4,1.015,60,RNA,2021-11-01,1,1,0.035818384436663
ITUB4,1.015,60,Random Forest,2021-11-01,1,1,0.035818384436663
ITUB4,1.015,60,SVC,2021-11-01,1,1,0.035818384436663
ITUB4,1.015,60,RNA,2021-11-03,0,1,-0.0796568810977264
ITUB4,1.015,60,Random Forest,2021-11-03,0,1,-0.0796568810977264
ITUB4,1.015,60,SVC,2021-11-03,0,1,-0.0796568810977264
ITUB4,1.015,60,RNA,2021-11-04,0,1,-0.0170212865038204
ITUB4,1.015,60,Random Forest,2021-11-04,0,1,-0.0170212865038204
ITUB4,1.015,60,SVC,2021-11-04,0,1,-0.0170212865038204
ITUB4,1.015,60,RNA,2021-11-05,1,1,0.0320175690689543
ITUB4,1.015,60,Random Forest,2021-11-05,1,1,0.0320175690689543
ITUB4,1.015,60,SVC,2021-11-05,1,1,0.0320175690689543
ITUB4,1.015,60,RNA,2021-11-08,1,1,0.0293088475990188
ITUB4,1.015,60,Random Forest,2021-11-08,1,1,0.0293088475990188
ITUB4,1.015,60,SVC,2021-11-08,1,1,0.0293088475990188
ITUB4,1.015,60,RNA,2021-11-09,1,1,0.0443852907718325
ITUB4,1.015,60,Random Forest,2021-11-09,1,1,0.0443852907718325
ITUB4,1.015,60,SVC,2021-11-09,1,1,0.0443852907718325
ITUB4,1.015,60,RNA,2021-11-10,0,1,-0.0247546374733381
ITUB4,1.015,60,Random Forest,2021-11-10,0,1,-0.0247546374733381
ITUB4,1.015,60,SVC,2021-11-10,0,1,-0.0247546374733381
ITUB4,1.015,60,RNA,2021-11-11,1,1,0.0165002030517336
ITUB4,1.015,60,Random Forest,2021-11-11,1,1,0.0165002030517336
ITUB4,1.015,60,SVC,2021-11-11,1,1,0.0165002030517336
ITUB4,1.015,60,RNA,2021-11-12,0,1,-0.0346620071571147
ITUB4,1.015,60,Random Forest,2021-11-12,0,1,-0.0346620071571147
ITUB4,1.015,60,SVC,2021-11-12,0,1,-0.0346620071571147
ITUB4,1.015,60,RNA,2021-11-16,0,0,-0.0259394954502034
ITUB4,1.015,60,Random Forest,2021-11-16,0,1,-0.0259394954502034
ITUB4,1.015,60,SVC,2021-11-16,0,1,-0.0259394954502034
ITUB4,1.015,60,RNA,2021-11-17,0,1,-0.0043991574343631
ITUB4,1.015,60,Random Forest,2021-11-17,0,0,-0.0043991574343631
ITUB4,1.015,60,SVC,2021-11-17,0,1,-0.0043991574343631
ITUB4,1.015,60,RNA,2021-11-18,1,1,0.0468047693498809
ITUB4,1.015,60,Random Forest,2021-11-18,1,0,0.0468047693498809
ITUB4,1.015,60,SVC,2021-11-18,1,1,0.0468047693498809
ITUB4,1.015,60,RNA,2021-11-19,1,0,0.0672421066258708
ITUB4,1.015,60,Random Forest,2021-11-19,1,0,0.0672421066258708
ITUB4,1.015,60,SVC,2021-11-19,1,1,0.0672421066258708
ITUB4,1.015,60,RNA,2021-11-22,1,1,0.0557303067445305
ITUB4,1.015,60,Random Forest,2021-11-22,1,0,0.0557303067445305
ITUB4,1.015,60,SVC,2021-11-22,1,1,0.0557303067445305
ITUB4,1.015,60,RNA,2021-11-23,1,1,0.0576316950770274
ITUB4,1.015,60,Random Forest,2021-11-23,1,0,0.0576316950770274
ITUB4,1.015,60,SVC,2021-11-23,1,1,0.0576316950770274
ITUB4,1.015,60,RNA,2021-11-24,1,0,0.0168830873977587
ITUB4,1.015,60,Random Forest,2021-11-24,1,1,0.0168830873977587
ITUB4,1.015,60,SVC,2021-11-24,1,1,0.0168830873977587
ITUB4,1.015,60,RNA,2021-11-25,1,1,0.018892790540349
ITUB4,1.015,60,Random Forest,2021-11-25,1,0,0.018892790540349
ITUB4,1.015,60,SVC,2021-11-25,1,1,0.018892790540349
ITUB4,1.015,60,RNA,2021-11-26,0,1,0.0003557636285826
ITUB4,1.015,60,Random Forest,2021-11-26,0,1,0.0003557636285826
ITUB4,1.015,60,SVC,2021-11-26,0,1,0.0003557636285826
ITUB4,1.015,60,RNA,2021-11-29,1,1,0.041386057701706
ITUB4,1.015,60,Random Forest,2021-11-29,1,1,0.041386057701706
ITUB4,1.015,60,SVC,2021-11-29,1,1,0.041386057701706
ITUB4,1.015,60,RNA,2021-11-30,1,1,0.0536347572662667
ITUB4,1.015,60,Random Forest,2021-11-30,1,1,0.0536347572662667
ITUB4,1.015,60,SVC,2021-11-30,1,1,0.0536347572662667
ITUB4,1.015,60,RNA,2021-12-01,1,1,0.0592691172032591
ITUB4,1.015,60,Random Forest,2021-12-01,1,1,0.0592691172032591
ITUB4,1.015,60,SVC,2021-12-01,1,0,0.0592691172032591
ITUB4,1.015,60,RNA,2021-12-02,1,1,0.0348279988374164
ITUB4,1.015,60,Random Forest,2021-12-02,1,1,0.0348279988374164
ITUB4,1.015,60,SVC,2021-12-02,1,1,0.0348279988374164
ITUB4,1.015,60,RNA,2021-12-03,1,1,0.0290043383694278
ITUB4,1.015,60,Random Forest,2021-12-03,1,1,0.0290043383694278
ITUB4,1.015,60,SVC,2021-12-03,1,1,0.0290043383694278
ITUB4,1.015,60,RNA,2021-12-06,0,1,-0.0618120507258376
ITUB4,1.015,60,Random Forest,2021-12-06,0,1,-0.0618120507258376
ITUB4,1.015,60,SVC,2021-12-06,0,1,-0.0618120507258376
ITUB4,1.015,60,RNA,2021-12-07,0,1,-0.0658293419037054
ITUB4,1.015,60,Random Forest,2021-12-07,0,1,-0.0658293419037054
ITUB4,1.015,60,SVC,2021-12-07,0,1,-0.0658293419037054
ITUB4,1.015,60,RNA,2021-12-08,0,1,-0.0438981392036046
ITUB4,1.015,60,Random Forest,2021-12-08,0,1,-0.0438981392036046
ITUB4,1.015,60,SVC,2021-12-08,0,1,-0.0438981392036046
ITUB4,1.015,60,RNA,2021-12-09,0,1,-0.0255834812574191
ITUB4,1.015,60,Random Forest,2021-12-09,0,1,-0.0255834812574191
ITUB4,1.015,60,SVC,2021-12-09,0,1,-0.0255834812574191
ITUB4,1.015,60,RNA,2021-12-10,0,1,-0.0121621902796168
ITUB4,1.015,60,Random Forest,2021-12-10,0,0,-0.0121621902796168
ITUB4,1.015,60,SVC,2021-12-10,0,1,-0.0121621902796168
ITUB4,1.015,60,RNA,2021-12-13,1,1,0.0183823330881811
ITUB4,1.015,60,Random Forest,2021-12-13,1,0,0.0183823330881811
ITUB4,1.015,60,SVC,2021-12-13,1,1,0.0183823330881811
ITUB4,1.015,60,RNA,2021-12-14,0,0,-0.0360565563354642
ITUB4,1.015,60,Random Forest,2021-12-14,0,0,-0.0360565563354642
ITUB4,1.015,60,SVC,2021-12-14,0,1,-0.0360565563354642
ITUB4,1.015,60,RNA,2021-12-15,0,0,-0.0342465322563038
ITUB4,1.015,60,Random Forest,2021-12-15,0,0,-0.0342465322563038
ITUB4,1.015,60,SVC,2021-12-15,0,1,-0.0342465322563038
ITUB4,1.015,60,RNA,2021-12-16,0,0,-0.01849281430975
ITUB4,1.015,60,Random Forest,2021-12-16,0,0,-0.01849281430975
ITUB4,1.015,60,SVC,2021-12-16,0,1,-0.01849281430975
ITUB4,1.015,60,RNA,2021-12-17,0,0,-0.0065177060386053
ITUB4,1.015,60,Random Forest,2021-12-17,0,0,-0.0065177060386053
ITUB4,1.015,60,SVC,2021-12-17,0,1,-0.0065177060386053
ITUB4,1.015,60,RNA,2021-12-20,1,0,0.024067948070755
ITUB4,1.015,60,Random Forest,2021-12-20,1,0,0.024067948070755
ITUB4,1.015,60,SVC,2021-12-20,1,1,0.024067948070755
ITUB4,1.015,60,RNA,2021-12-21,1,1,0.0221384703628604
ITUB4,1.015,60,Random Forest,2021-12-21,1,0,0.0221384703628604
ITUB4,1.015,60,SVC,2021-12-21,1,1,0.0221384703628604
ITUB4,1.015,60,RNA,2021-12-22,1,1,0.0173465010246824
ITUB4,1.015,60,Random Forest,2021-12-22,1,0,0.0173465010246824
ITUB4,1.015,60,SVC,2021-12-22,1,1,0.0173465010246824
ITUB4,1.015,60,RNA,2021-12-23,0,1,-0.0246741099822024
ITUB4,1.015,60,Random Forest,2021-12-23,0,0,-0.0246741099822024
ITUB4,1.015,60,SVC,2021-12-23,0,1,-0.0246741099822024
ITUB4,1.015,60,RNA,2021-12-27,0,1,-0.0047098264950297
ITUB4,1.015,60,Random Forest,2021-12-27,0,1,-0.0047098264950297
ITUB4,1.015,60,SVC,2021-12-27,0,1,-0.0047098264950297
ITUB4,1.015,60,RNA,2021-12-28,1,0,0.0310585903132063
ITUB4,1.015,60,Random Forest,2021-12-28,1,0,0.0310585903132063
ITUB4,1.015,60,SVC,2021-12-28,1,1,0.0310585903132063
ITUB4,1.015,60,RNA,2021-12-29,1,1,0.0372539890194989
ITUB4,1.015,60,Random Forest,2021-12-29,1,1,0.0372539890194989
ITUB4,1.015,60,SVC,2021-12-29,1,1,0.0372539890194989
ITUB4,1.015,60,RNA,2021-12-30,1,0,0.0505431701703291
ITUB4,1.015,60,Random Forest,2021-12-30,1,1,0.0505431701703291
ITUB4,1.015,60,SVC,2021-12-30,1,1,0.0505431701703291
ITUB4,1.015,60,RNA,2022-01-03,1,1,0.0476410159453579
ITUB4,1.015,60,Random Forest,2022-01-03,1,0,0.0476410159453579
ITUB4,1.015,60,SVC,2022-01-03,1,1,0.0476410159453579
ITUB4,1.015,60,RNA,2022-01-04,1,1,0.0357628155006652
ITUB4,1.015,60,Random Forest,2022-01-04,1,0,0.0357628155006652
ITUB4,1.015,60,SVC,2022-01-04,1,1,0.0357628155006652
ITUB4,1.015,60,RNA,2022-01-05,1,1,0.0790203321696605
ITUB4,1.015,60,Random Forest,2022-01-05,1,1,0.0790203321696605
ITUB4,1.015,60,SVC,2022-01-05,1,1,0.0790203321696605
ITUB4,1.015,60,RNA,2022-01-06,1,0,0.0638297664373066
ITUB4,1.015,60,Random Forest,2022-01-06,1,1,0.0638297664373066
ITUB4,1.015,60,SVC,2022-01-06,1,1,0.0638297664373066
ITUB4,1.015,60,RNA,2022-01-07,1,1,0.0553832041285577
ITUB4,1.015,60,Random Forest,2022-01-07,1,1,0.0553832041285577
ITUB4,1.015,60,SVC,2022-01-07,1,1,0.0553832041285577
ITUB4,1.015,60,RNA,2022-01-10,1,0,0.0465115934802304
ITUB4,1.015,60,Random Forest,2022-01-10,1,0,0.0465115934802304
ITUB4,1.015,60,SVC,2022-01-10,1,1,0.0465115934802304
ITUB4,1.015,60,RNA,2022-01-11,1,1,0.025365427611935
ITUB4,1.015,60,Random Forest,2022-01-11,1,1,0.025365427611935
ITUB4,1.015,60,SVC,2022-01-11,1,1,0.025365427611935
ITUB4,1.015,60,RNA,2022-01-12,1,1,0.0376786879734858
ITUB4,1.015,60,Random Forest,2022-01-12,1,1,0.0376786879734858
ITUB4,1.015,60,SVC,2022-01-12,1,1,0.0376786879734858
ITUB4,1.015,60,RNA,2022-01-13,1,1,0.0216376556504924
ITUB4,1.015,60,Random Forest,2022-01-13,1,1,0.0216376556504924
ITUB4,1.015,60,SVC,2022-01-13,1,1,0.0216376556504924
ITUB4,1.015,60,RNA,2022-01-14,1,1,0.0264279757789476
ITUB4,1.015,60,Random Forest,2022-01-14,1,1,0.0264279757789476
ITUB4,1.015,60,SVC,2022-01-14,1,1,0.0264279757789476
ITUB4,1.015,60,RNA,2022-01-17,1,1,0.0294997666235299
ITUB4,1.015,60,Random Forest,2022-01-17,1,1,0.0294997666235299
ITUB4,1.015,60,SVC,2022-01-17,1,1,0.0294997666235299
ITUB4,1.015,60,RNA,2022-01-18,0,1,-0.0230898283165588
ITUB4,1.015,60,Random Forest,2022-01-18,0,1,-0.0230898283165588
ITUB4,1.015,60,SVC,2022-01-18,0,1,-0.0230898283165588
ITUB4,1.015,60,RNA,2022-01-19,1,1,0.0259133646413598
ITUB4,1.015,60,Random Forest,2022-01-19,1,1,0.0259133646413598
ITUB4,1.015,60,SVC,2022-01-19,1,1,0.0259133646413598
ITUB4,1.015,60,RNA,2022-01-20,1,1,0.0569456819757006
ITUB4,1.015,60,Random Forest,2022-01-20,1,1,0.0569456819757006
ITUB4,1.015,60,SVC,2022-01-20,1,1,0.0569456819757006
ITUB4,1.015,60,RNA,2022-01-21,1,1,0.0672376933559397
ITUB4,1.015,60,Random Forest,2022-01-21,1,1,0.0672376933559397
ITUB4,1.015,60,SVC,2022-01-21,1,1,0.0672376933559397
ITUB4,1.015,60,RNA,2022-01-24,1,1,0.0806591279141182
ITUB4,1.015,60,Random Forest,2022-01-24,1,1,0.0806591279141182
ITUB4,1.015,60,SVC,2022-01-24,1,1,0.0806591279141182
ITUB4,1.015,60,RNA,2022-01-25,1,1,0.0484997812699279
ITUB4,1.015,60,Random Forest,2022-01-25,1,1,0.0484997812699279
ITUB4,1.015,60,SVC,2022-01-25,1,1,0.0484997812699279
ITUB4,1.015,60,RNA,2022-01-26,1,1,0.049731276264443
ITUB4,1.015,60,Random Forest,2022-01-26,1,1,0.049731276264443
ITUB4,1.015,60,SVC,2022-01-26,1,1,0.049731276264443
ITUB4,1.015,60,RNA,2022-01-27,1,1,0.064069473566501
ITUB4,1.015,60,Random Forest,2022-01-27,1,1,0.064069473566501
ITUB4,1.015,60,SVC,2022-01-27,1,1,0.064069473566501
ITUB4,1.015,60,RNA,2022-01-28,1,1,0.0420721099886232
ITUB4,1.015,60,Random Forest,2022-01-28,1,1,0.0420721099886232
ITUB4,1.015,60,SVC,2022-01-28,1,1,0.0420721099886232
ITUB4,1.015,60,RNA,2022-01-31,1,1,0.0185844547715112
ITUB4,1.015,60,Random Forest,2022-01-31,1,1,0.0185844547715112
ITUB4,1.015,60,SVC,2022-01-31,1,1,0.0185844547715112
ITUB4,1.015,60,RNA,2022-02-01,0,1,-0.0058892889288928
ITUB4,1.015,60,Random Forest,2022-02-01,0,1,-0.0058892889288928
ITUB4,1.015,60,SVC,2022-02-01,0,1,-0.0058892889288928
ITUB4,1.015,60,RNA,2022-02-02,1,1,0.0222222281681947
ITUB4,1.015,60,Random Forest,2022-02-02,1,1,0.0222222281681947
ITUB4,1.015,60,SVC,2022-02-02,1,1,0.0222222281681947
ITUB4,1.015,60,RNA,2022-02-03,1,1,0.0206022553640792
ITUB4,1.015,60,Random Forest,2022-02-03,1,1,0.0206022553640792
ITUB4,1.015,60,SVC,2022-02-03,1,1,0.0206022553640792
ITUB4,1.015,60,RNA,2022-02-04,0,1,-0.015717111492743
ITUB4,1.015,60,Random Forest,2022-02-04,0,1,-0.015717111492743
ITUB4,1.015,60,SVC,2022-02-04,0,1,-0.015717111492743
ITUB4,1.015,60,RNA,2022-02-07,1,1,0.0680379628667453
ITUB4,1.015,60,Random Forest,2022-02-07,1,1,0.0680379628667453
ITUB4,1.015,60,SVC,2022-02-07,1,1,0.0680379628667453
ITUB4,1.015,60,RNA,2022-02-08,1,1,0.0821643226999038
ITUB4,1.015,60,Random Forest,2022-02-08,1,1,0.0821643226999038
ITUB4,1.015,60,SVC,2022-02-08,1,1,0.0821643226999038
ITUB4,1.015,60,RNA,2022-02-09,1,1,0.0997963502340921
ITUB4,1.015,60,Random Forest,2022-02-09,1,1,0.0997963502340921
ITUB4,1.015,60,SVC,2022-02-09,1,1,0.0997963502340921
ITUB4,1.015,60,RNA,2022-02-10,1,1,0.024667910809637
ITUB4,1.015,60,Random Forest,2022-02-10,1,1,0.024667910809637
ITUB4,1.015,60,SVC,2022-02-10,1,1,0.024667910809637
ITUB4,1.015,60,RNA,2022-02-11,0,1,-0.0199247764467103
ITUB4,1.015,60,Random Forest,2022-02-11,0,1,-0.0199247764467103
ITUB4,1.015,60,SVC,2022-02-11,0,1,-0.0199247764467103
ITUB4,1.015,60,RNA,2022-02-14,0,0,-0.0235074318756265
ITUB4,1.015,60,Random Forest,2022-02-14,0,1,-0.0235074318756265
ITUB4,1.015,60,SVC,2022-02-14,0,1,-0.0235074318756265
ITUB4,1.015,60,RNA,2022-02-15,0,1,-0.0466766308714334
ITUB4,1.015,60,Random Forest,2022-02-15,0,1,-0.0466766308714334
ITUB4,1.015,60,SVC,2022-02-15,0,1,-0.0466766308714334
ITUB4,1.015,60,RNA,2022-02-16,0,1,-0.0240991402402619
ITUB4,1.015,60,Random Forest,2022-02-16,0,1,-0.0240991402402619
ITUB4,1.015,60,SVC,2022-02-16,0,1,-0.0240991402402619
ITUB4,1.015,60,RNA,2022-02-17,0,1,-0.0311369219655965
ITUB4,1.015,60,Random Forest,2022-02-17,0,1,-0.0311369219655965
ITUB4,1.015,60,SVC,2022-02-17,0,1,-0.0311369219655965
ITUB4,1.015,60,RNA,2022-02-18,0,1,-0.0479084674639354
ITUB4,1.015,60,Random Forest,2022-02-18,0,1,-0.0479084674639354
ITUB4,1.015,60,SVC,2022-02-18,0,1,-0.0479084674639354
ITUB4,1.015,60,RNA,2022-02-21,1,1,0.0151456289742522
ITUB4,1.015,60,Random Forest,2022-02-21,1,1,0.0151456289742522
ITUB4,1.015,60,SVC,2022-02-21,1,1,0.0151456289742522
ITUB4,1.015,60,RNA,2022-02-22,0,0,-0.0280419803855617
ITUB4,1.015,60,Random Forest,2022-02-22,0,0,-0.0280419803855617
ITUB4,1.015,60,SVC,2022-02-22,0,1,-0.0280419803855617
ITUB4,1.015,60,RNA,2022-02-23,1,1,0.0451687520653039
ITUB4,1.015,60,Random Forest,2022-02-23,1,0,0.0451687520653039
ITUB4,1.015,60,SVC,2022-02-23,1,1,0.0451687520653039
ITUB4,1.015,60,RNA,2022-02-24,1,1,0.0401256799484976
ITUB4,1.015,60,Random Forest,2022-02-24,1,0,0.0401256799484976
ITUB4,1.015,60,SVC,2022-02-24,1,1,0.0401256799484976
ITUB4,1.015,60,RNA,2022-02-25,1,1,0.0270162697164091
ITUB4,1.015,60,Random Forest,2022-02-25,1,1,0.0270162697164091
ITUB4,1.015,60,SVC,2022-02-25,1,1,0.0270162697164091
ITUB4,1.015,60,RNA,2022-03-02,1,1,0.0323482470863125
ITUB4,1.015,60,Random Forest,2022-03-02,1,0,0.0323482470863125
ITUB4,1.015,60,SVC,2022-03-02,1,1,0.0323482470863125
ITUB4,1.015,60,RNA,2022-03-03,0,1,0.0011966216512069
ITUB4,1.015,60,Random Forest,2022-03-03,0,0,0.0011966216512069
ITUB4,1.015,60,SVC,2022-03-03,0,1,0.0011966216512069
ITUB4,1.015,60,RNA,2022-03-04,1,1,0.0428512824656532
ITUB4,1.015,60,Random Forest,2022-03-04,1,1,0.0428512824656532
ITUB4,1.015,60,SVC,2022-03-04,1,1,0.0428512824656532
ITUB4,1.015,60,RNA,2022-03-07,1,1,0.0561287825794227
ITUB4,1.015,60,Random Forest,2022-03-07,1,1,0.0561287825794227
ITUB4,1.015,60,SVC,2022-03-07,1,1,0.0561287825794227
ITUB4,1.015,60,RNA,2022-03-08,1,1,0.0570012551511909
ITUB4,1.015,60,Random Forest,2022-03-08,1,1,0.0570012551511909
ITUB4,1.015,60,SVC,2022-03-08,1,1,0.0570012551511909
ITUB4,1.015,60,RNA,2022-03-09,1,1,0.0343573189920463
ITUB4,1.015,60,Random Forest,2022-03-09,1,1,0.0343573189920463
ITUB4,1.015,60,SVC,2022-03-09,1,1,0.0343573189920463
ITUB4,1.015,60,RNA,2022-03-10,1,0,0.0170432169460359
ITUB4,1.015,60,Random Forest,2022-03-10,1,1,0.0170432169460359
ITUB4,1.015,60,SVC,2022-03-10,1,1,0.0170432169460359
ITUB4,1.015,60,RNA,2022-03-11,1,1,0.0467625841187866
ITUB4,1.015,60,Random Forest,2022-03-11,1,1,0.0467625841187866
ITUB4,1.015,60,SVC,2022-03-11,1,1,0.0467625841187866
ITUB4,1.015,60,RNA,2022-03-14,1,1,0.0593388926517088
ITUB4,1.015,60,Random Forest,2022-03-14,1,1,0.0593388926517088
ITUB4,1.015,60,SVC,2022-03-14,1,1,0.0593388926517088
ITUB4,1.015,60,RNA,2022-03-15,1,1,0.0686390571528654
ITUB4,1.015,60,Random Forest,2022-03-15,1,1,0.0686390571528654
ITUB4,1.015,60,SVC,2022-03-15,1,1,0.0686390571528654
ITUB4,1.015,60,RNA,2022-03-16,1,1,0.0737129205725104
ITUB4,1.015,60,Random Forest,2022-03-16,1,1,0.0737129205725104
ITUB4,1.015,60,SVC,2022-03-16,1,1,0.0737129205725104
ITUB4,1.015,60,RNA,2022-03-17,1,0,0.0594097715633445
ITUB4,1.015,60,Random Forest,2022-03-17,1,1,0.0594097715633445
ITUB4,1.015,60,SVC,2022-03-17,1,1,0.0594097715633445
ITUB4,1.015,60,RNA,2022-03-18,1,1,0.0487897032316011
ITUB4,1.015,60,Random Forest,2022-03-18,1,1,0.0487897032316011
ITUB4,1.015,60,SVC,2022-03-18,1,1,0.0487897032316011
ITUB4,1.015,60,RNA,2022-03-21,1,0,0.0194853053684405
ITUB4,1.015,60,Random Forest,2022-03-21,1,0,0.0194853053684405
ITUB4,1.015,60,SVC,2022-03-21,1,0,0.0194853053684405
ITUB4,1.015,60,RNA,2022-03-22,0,0,0.0021905789418816
ITUB4,1.015,60,Random Forest,2022-03-22,0,0,0.0021905789418816
ITUB4,1.015,60,SVC,2022-03-22,0,1,0.0021905789418816
ITUB4,1.015,60,RNA,2022-03-23,1,1,0.027442376051892
ITUB4,1.015,60,Random Forest,2022-03-23,1,1,0.027442376051892
ITUB4,1.015,60,SVC,2022-03-23,1,1,0.027442376051892
ITUB4,1.015,60,RNA,2022-03-24,1,0,0.0203488222705303
ITUB4,1.015,60,Random Forest,2022-03-24,1,0,0.0203488222705303
ITUB4,1.015,60,SVC,2022-03-24,1,1,0.0203488222705303
ITUB4,1.015,60,RNA,2022-03-25,1,1,0.0196078287529255
ITUB4,1.015,60,Random Forest,2022-03-25,1,0,0.0196078287529255
ITUB4,1.015,60,SVC,2022-03-25,1,1,0.0196078287529255
ITUB4,1.015,60,RNA,2022-03-28,0,1,-0.0054964919587053
ITUB4,1.015,60,Random Forest,2022-03-28,0,0,-0.0054964919587053
ITUB4,1.015,60,SVC,2022-03-28,0,1,-0.0054964919587053
ITUB4,1.015,60,RNA,2022-03-29,0,1,-0.0191260467010287
ITUB4,1.015,60,Random Forest,2022-03-29,0,1,-0.0191260467010287
ITUB4,1.015,60,SVC,2022-03-29,0,1,-0.0191260467010287
ITUB4,1.015,60,RNA,2022-03-30,0,1,-0.0402733956983835
ITUB4,1.015,60,Random Forest,2022-03-30,0,0,-0.0402733956983835
ITUB4,1.015,60,SVC,2022-03-30,0,1,-0.0402733956983835
ITUB4,1.015,60,RNA,2022-03-31,0,1,-0.035018065908836
ITUB4,1.015,60,Random Forest,2022-03-31,0,0,-0.035018065908836
ITUB4,1.015,60,SVC,2022-03-31,0,1,-0.035018065908836
ITUB4,1.015,60,RNA,2022-04-01,0,0,-0.0269581373545115
ITUB4,1.015,60,Random Forest,2022-04-01,0,0,-0.0269581373545115
ITUB4,1.015,60,SVC,2022-04-01,0,1,-0.0269581373545115
ITUB4,1.015,60,RNA,2022-04-04,0,1,-0.020932810595951
ITUB4,1.015,60,Random Forest,2022-04-04,0,0,-0.020932810595951
ITUB4,1.015,60,SVC,2022-04-04,0,1,-0.020932810595951
ITUB4,1.015,60,RNA,2022-04-05,0,0,-0.0003763504021335
ITUB4,1.015,60,Random Forest,2022-04-05,0,0,-0.0003763504021335
ITUB4,1.015,60,SVC,2022-04-05,0,1,-0.0003763504021335
ITUB4,1.015,60,RNA,2022-04-06,0,1,-0.0158431009522819
ITUB4,1.015,60,Random Forest,2022-04-06,0,0,-0.0158431009522819
ITUB4,1.015,60,SVC,2022-04-06,0,1,-0.0158431009522819
ITUB4,1.015,60,RNA,2022-04-07,0,1,-0.0150602412691489
ITUB4,1.015,60,Random Forest,2022-04-07,0,0,-0.0150602412691489
ITUB4,1.015,60,SVC,2022-04-07,0,1,-0.0150602412691489
ITUB4,1.015,60,RNA,2022-04-08,0,0,-0.0101503546906058
ITUB4,1.015,60,Random Forest,2022-04-08,0,0,-0.0101503546906058
ITUB4,1.015,60,SVC,2022-04-08,0,1,-0.0101503546906058
ITUB4,1.015,60,RNA,2022-04-11,0,1,-0.0119403085524354
ITUB4,1.015,60,Random Forest,2022-04-11,0,0,-0.0119403085524354
ITUB4,1.015,60,SVC,2022-04-11,0,1,-0.0119403085524354
ITUB4,1.015,60,RNA,2022-04-12,0,0,-0.0102739512031623
ITUB4,1.015,60,Random Forest,2022-04-12,0,0,-0.0102739512031623
ITUB4,1.015,60,SVC,2022-04-12,0,0,-0.0102739512031623
ITUB4,1.015,60,RNA,2022-04-13,1,1,0.0207134714159142
ITUB4,1.015,60,Random Forest,2022-04-13,1,0,0.0207134714159142
ITUB4,1.015,60,SVC,2022-04-13,1,1,0.0207134714159142
ITUB4,1.015,60,RNA,2022-04-14,0,1,-0.0217225270188895
ITUB4,1.015,60,Random Forest,2022-04-14,0,0,-0.0217225270188895
ITUB4,1.015,60,SVC,2022-04-14,0,1,-0.0217225270188895
ITUB4,1.015,60,RNA,2022-04-18,0,0,-0.0358220153171914
ITUB4,1.015,60,Random Forest,2022-04-18,0,0,-0.0358220153171914
ITUB4,1.015,60,SVC,2022-04-18,0,1,-0.0358220153171914
ITUB4,1.015,60,RNA,2022-04-19,0,1,-0.0507301934568943
ITUB4,1.015,60,Random Forest,2022-04-19,0,0,-0.0507301934568943
ITUB4,1.015,60,SVC,2022-04-19,0,0,-0.0507301934568943
ITUB4,1.015,60,RNA,2022-04-20,0,0,-0.0540540287712879
ITUB4,1.015,60,Random Forest,2022-04-20,0,0,-0.0540540287712879
ITUB4,1.015,60,SVC,2022-04-20,0,0,-0.0540540287712879
ITUB4,1.015,60,RNA,2022-04-22,0,0,-0.0470588241504158
ITUB4,1.015,60,Random Forest,2022-04-22,0,0,-0.0470588241504158
ITUB4,1.015,60,SVC,2022-04-22,0,0,-0.0470588241504158
ITUB4,1.015,60,RNA,2022-04-25,0,0,-0.0550277017137272
ITUB4,1.015,60,Random Forest,2022-04-25,0,0,-0.0550277017137272
ITUB4,1.015,60,SVC,2022-04-25,0,0,-0.0550277017137272
ITUB4,1.015,60,RNA,2022-04-26,0,1,-0.0489169900846493
ITUB4,1.015,60,Random Forest,2022-04-26,0,0,-0.0489169900846493
ITUB4,1.015,60,SVC,2022-04-26,0,0,-0.0489169900846493
ITUB4,1.015,60,RNA,2022-04-27,1,1,0.017951850918052
ITUB4,1.015,60,Random Forest,2022-04-27,1,1,0.017951850918052
ITUB4,1.015,60,SVC,2022-04-27,1,0,0.017951850918052
ITUB4,1.015,60,RNA,2022-04-28,1,1,0.0200327360666732
ITUB4,1.015,60,Random Forest,2022-04-28,1,1,0.0200327360666732
ITUB4,1.015,60,SVC,2022-04-28,1,1,0.0200327360666732
ITUB4,1.015,60,RNA,2022-04-29,0,1,-0.0242982478976204
ITUB4,1.015,60,Random Forest,2022-04-29,0,1,-0.0242982478976204
ITUB4,1.015,60,SVC,2022-04-29,0,1,-0.0242982478976204
ITUB4,1.015,60,RNA,2022-05-02,1,1,0.0176470412044791
ITUB4,1.015,60,Random Forest,2022-05-02,1,1,0.0176470412044791
ITUB4,1.015,60,SVC,2022-05-02,1,1,0.0176470412044791
ITUB4,1.015,60,RNA,2022-05-03,1,0,0.0193602472503271
ITUB4,1.015,60,Random Forest,2022-05-03,1,0,0.0193602472503271
ITUB4,1.015,60,SVC,2022-05-03,1,1,0.0193602472503271
ITUB4,1.015,60,RNA,2022-05-04,1,1,0.0267062045527981
ITUB4,1.015,60,Random Forest,2022-05-04,1,1,0.0267062045527981
ITUB4,1.015,60,SVC,2022-05-04,1,1,0.0267062045527981
ITUB4,1.015,60,RNA,2022-05-05,1,1,0.0403779885571777
ITUB4,1.015,60,Random Forest,2022-05-05,1,1,0.0403779885571777
ITUB4,1.015,60,SVC,2022-05-05,1,1,0.0403779885571777
ITUB4,1.015,60,RNA,2022-05-06,1,1,0.0391744157072504
ITUB4,1.015,60,Random Forest,2022-05-06,1,1,0.0391744157072504
ITUB4,1.015,60,SVC,2022-05-06,1,1,0.0391744157072504
ITUB4,1.015,60,RNA,2022-05-09,1,1,0.0563798031783684
ITUB4,1.015,60,Random Forest,2022-05-09,1,1,0.0563798031783684
ITUB4,1.015,60,SVC,2022-05-09,1,1,0.0563798031783684
ITUB4,1.015,60,RNA,2022-05-10,1,1,0.0825492205086841
ITUB4,1.015,60,Random Forest,2022-05-10,1,1,0.0825492205086841
ITUB4,1.015,60,SVC,2022-05-10,1,1,0.0825492205086841
ITUB4,1.015,60,RNA,2022-05-11,1,1,0.0706226484780316
ITUB4,1.015,60,Random Forest,2022-05-11,1,1,0.0706226484780316
ITUB4,1.015,60,SVC,2022-05-11,1,1,0.0706226484780316
ITUB4,1.015,60,RNA,2022-05-12,1,1,0.0376670973056056
ITUB4,1.015,60,Random Forest,2022-05-12,1,1,0.0376670973056056
ITUB4,1.015,60,SVC,2022-05-12,1,1,0.0376670973056056
ITUB4,1.015,60,RNA,2022-05-13,1,1,0.0309859022282708
ITUB4,1.015,60,Random Forest,2022-05-13,1,1,0.0309859022282708
ITUB4,1.015,60,SVC,2022-05-13,1,1,0.0309859022282708
ITUB4,1.015,60,RNA,2022-05-16,0,0,-0.009069416839149
ITUB4,1.015,60,Random Forest,2022-05-16,0,1,-0.009069416839149
ITUB4,1.015,60,SVC,2022-05-16,0,1,-0.009069416839149
ITUB4,1.015,60,RNA,2022-05-17,1,0,0.0325655239541964
ITUB4,1.015,60,Random Forest,2022-05-17,1,1,0.0325655239541964
ITUB4,1.015,60,SVC,2022-05-17,1,1,0.0325655239541964
ITUB4,1.015,60,RNA,2022-05-18,1,1,0.055377198528993
ITUB4,1.015,60,Random Forest,2022-05-18,1,0,0.055377198528993
ITUB4,1.015,60,SVC,2022-05-18,1,1,0.055377198528993
ITUB4,1.015,60,RNA,2022-05-19,1,1,0.0482263808902363
ITUB4,1.015,60,Random Forest,2022-05-19,1,1,0.0482263808902363
ITUB4,1.015,60,SVC,2022-05-19,1,1,0.0482263808902363
ITUB4,1.015,60,RNA,2022-05-20,1,1,0.0399367510682473
ITUB4,1.015,60,Random Forest,2022-05-20,1,1,0.0399367510682473
ITUB4,1.015,60,SVC,2022-05-20,1,1,0.0399367510682473
ITUB4,1.015,60,RNA,2022-05-23,1,1,0.0288162039864163
ITUB4,1.015,60,Random Forest,2022-05-23,1,1,0.0288162039864163
ITUB4,1.015,60,SVC,2022-05-23,1,1,0.0288162039864163
ITUB4,1.015,60,RNA,2022-05-24,0,1,-0.0049904030313762
ITUB4,1.015,60,Random Forest,2022-05-24,0,1,-0.0049904030313762
ITUB4,1.015,60,SVC,2022-05-24,0,1,-0.0049904030313762
ITUB4,1.015,60,RNA,2022-05-25,1,1,0.0275942683981698
ITUB4,1.015,60,Random Forest,2022-05-25,1,1,0.0275942683981698
ITUB4,1.015,60,SVC,2022-05-25,1,1,0.0275942683981698
ITUB4,1.015,60,RNA,2022-05-26,0,1,-0.0100762791903735
ITUB4,1.015,60,Random Forest,2022-05-26,0,1,-0.0100762791903735
ITUB4,1.015,60,SVC,2022-05-26,0,1,-0.0100762791903735
ITUB4,1.015,60,RNA,2022-05-27,0,0,-0.0137995024253322
ITUB4,1.015,60,Random Forest,2022-05-27,0,1,-0.0137995024253322
ITUB4,1.015,60,SVC,2022-05-27,0,1,-0.0137995024253322
ITUB4,1.015,60,RNA,2022-05-30,0,1,-0.0203310780095277
ITUB4,1.015,60,Random Forest,2022-05-30,0,0,-0.0203310780095277
ITUB4,1.015,60,SVC,2022-05-30,0,0,-0.0203310780095277
ITUB4,1.015,60,RNA,2022-05-31,0,1,-0.0277672243527614
ITUB4,1.015,60,Random Forest,2022-05-31,0,0,-0.0277672243527614
ITUB4,1.015,60,SVC,2022-05-31,0,1,-0.0277672243527614
ITUB4,1.015,60,RNA,2022-06-01,0,0,-0.0176786889121048
ITUB4,1.015,60,Random Forest,2022-06-01,0,0,-0.0176786889121048
ITUB4,1.015,60,SVC,2022-06-01,0,1,-0.0176786889121048
ITUB4,1.015,60,RNA,2022-06-02,0,1,-0.026407777815245
ITUB4,1.015,60,Random Forest,2022-06-02,0,1,-0.026407777815245
ITUB4,1.015,60,SVC,2022-06-02,0,1,-0.026407777815245
ITUB4,1.015,60,RNA,2022-06-03,0,0,-0.0468085250204608
ITUB4,1.015,60,Random Forest,2022-06-03,0,1,-0.0468085250204608
ITUB4,1.015,60,SVC,2022-06-03,0,1,-0.0468085250204608
ITUB4,1.015,60,RNA,2022-06-06,0,1,-0.0537888035915916
ITUB4,1.015,60,Random Forest,2022-06-06,0,0,-0.0537888035915916
ITUB4,1.015,60,SVC,2022-06-06,0,1,-0.0537888035915916
ITUB4,1.015,60,RNA,2022-06-07,0,1,-0.0644400406712316
ITUB4,1.015,60,Random Forest,2022-06-07,0,0,-0.0644400406712316
ITUB4,1.015,60,SVC,2022-06-07,0,1,-0.0644400406712316
ITUB4,1.015,60,RNA,2022-06-08,0,0,-0.0562649363477463
ITUB4,1.015,60,Random Forest,2022-06-08,0,0,-0.0562649363477463
ITUB4,1.015,60,SVC,2022-06-08,0,1,-0.0562649363477463
ITUB4,1.015,60,RNA,2022-06-09,0,0,-0.032192312455432
ITUB4,1.015,60,Random Forest,2022-06-09,0,0,-0.032192312455432
ITUB4,1.015,60,SVC,2022-06-09,0,1,-0.032192312455432
ITUB4,1.015,60,RNA,2022-06-10,0,1,-0.0229166936191477
ITUB4,1.015,60,Random Forest,2022-06-10,0,1,-0.0229166936191477
ITUB4,1.015,60,SVC,2022-06-10,0,1,-0.0229166936191477
ITUB4,1.015,60,RNA,2022-06-13,1,1,0.0289672784292056
ITUB4,1.015,60,Random Forest,2022-06-13,1,1,0.0289672784292056
ITUB4,1.015,60,SVC,2022-06-13,1,0,0.0289672784292056
ITUB4,1.015,60,RNA,2022-06-14,1,0,0.0305184092137662
ITUB4,1.015,60,Random Forest,2022-06-14,1,1,0.0305184092137662
ITUB4,1.015,60,SVC,2022-06-14,1,0,0.0305184092137662
ITUB4,1.015,60,RNA,2022-06-15,1,0,0.0561268433615489
ITUB4,1.015,60,Random Forest,2022-06-15,1,1,0.0561268433615489
ITUB4,1.015,60,SVC,2022-06-15,1,1,0.0561268433615489
ITUB4,1.015,60,RNA,2022-06-17,1,1,0.045377459659613
ITUB4,1.015,60,Random Forest,2022-06-17,1,1,0.045377459659613
ITUB4,1.015,60,SVC,2022-06-17,1,1,0.045377459659613
ITUB4,1.015,60,RNA,2022-06-20,0,0,-0.0456026274335767
ITUB4,1.015,60,Random Forest,2022-06-20,0,1,-0.0456026274335767
ITUB4,1.015,60,SVC,2022-06-20,0,1,-0.0456026274335767
ITUB4,1.015,60,RNA,2022-06-21,0,0,-0.0284301836254713
ITUB4,1.015,60,Random Forest,2022-06-21,0,1,-0.0284301836254713
ITUB4,1.015,60,SVC,2022-06-21,0,1,-0.0284301836254713
ITUB4,1.015,60,RNA,2022-06-22,0,1,-0.0307564126464507
ITUB4,1.015,60,Random Forest,2022-06-22,0,1,-0.0307564126464507
ITUB4,1.015,60,SVC,2022-06-22,0,1,-0.0307564126464507
ITUB4,1.015,60,RNA,2022-06-23,0,0,-0.0257492468736639
ITUB4,1.015,60,Random Forest,2022-06-23,0,1,-0.0257492468736639
ITUB4,1.015,60,SVC,2022-06-23,0,1,-0.0257492468736639
ITUB4,1.015,60,RNA,2022-06-24,0,1,-0.0365490852532083
ITUB4,1.015,60,Random Forest,2022-06-24,0,1,-0.0365490852532083
ITUB4,1.015,60,SVC,2022-06-24,0,1,-0.0365490852532083
ITUB4,1.015,60,RNA,2022-06-27,0,1,-0.0363331442232922
ITUB4,1.015,60,Random Forest,2022-06-27,0,0,-0.0363331442232922
ITUB4,1.015,60,SVC,2022-06-27,0,1,-0.0363331442232922
ITUB4,1.015,60,RNA,2022-06-28,0,0,-0.0350386772035582
ITUB4,1.015,60,Random Forest,2022-06-28,0,0,-0.0350386772035582
ITUB4,1.015,60,SVC,2022-06-28,0,1,-0.0350386772035582
ITUB4,1.015,60,RNA,2022-06-29,0,0,-0.0005360591833839
ITUB4,1.015,60,Random Forest,2022-06-29,0,0,-0.0005360591833839
ITUB4,1.015,60,SVC,2022-06-29,0,1,-0.0005360591833839
ITUB4,1.015,60,RNA,2022-06-30,1,0,0.0291218372710995
ITUB4,1.015,60,Random Forest,2022-06-30,1,0,0.0291218372710995
ITUB4,1.015,60,SVC,2022-06-30,1,1,0.0291218372710995
ITUB4,1.015,60,RNA,2022-07-01,1,0,0.0167622727559524
ITUB4,1.015,60,Random Forest,2022-07-01,1,0,0.0167622727559524
ITUB4,1.015,60,SVC,2022-07-01,1,1,0.0167622727559524
ITUB4,1.015,60,RNA,2022-07-04,1,0,0.0337777822878626
ITUB4,1.015,60,Random Forest,2022-07-04,1,0,0.0337777822878626
ITUB4,1.015,60,SVC,2022-07-04,1,1,0.0337777822878626
ITUB4,1.015,60,RNA,2022-07-05,1,1,0.0287483155109851
ITUB4,1.015,60,Random Forest,2022-07-05,1,1,0.0287483155109851
ITUB4,1.015,60,SVC,2022-07-05,1,1,0.0287483155109851
ITUB4,1.015,60,RNA,2022-07-06,1,1,0.0206230933054667
ITUB4,1.015,60,Random Forest,2022-07-06,1,0,0.0206230933054667
ITUB4,1.015,60,SVC,2022-07-06,1,1,0.0206230933054667
ITUB4,1.015,60,RNA,2022-07-07,0,1,-0.0357296566372041
ITUB4,1.015,60,Random Forest,2022-07-07,0,1,-0.0357296566372041
ITUB4,1.015,60,SVC,2022-07-07,0,1,-0.0357296566372041
ITUB4,1.015,60,RNA,2022-07-08,0,1,-0.0194777031141839
ITUB4,1.015,60,Random Forest,2022-07-08,0,0,-0.0194777031141839
ITUB4,1.015,60,SVC,2022-07-08,0,1,-0.0194777031141839
ITUB4,1.015,60,RNA,2022-07-11,0,1,0.0008876944070723
ITUB4,1.015,60,Random Forest,2022-07-11,0,0,0.0008876944070723
ITUB4,1.015,60,SVC,2022-07-11,0,0,0.0008876944070723
ITUB4,1.015,60,RNA,2022-07-12,1,1,0.027703327439519
ITUB4,1.015,60,Random Forest,2022-07-12,1,0,0.027703327439519
ITUB4,1.015,60,SVC,2022-07-12,1,0,0.027703327439519
ITUB4,1.015,60,RNA,2022-07-13,1,1,0.0697569357639433
ITUB4,1.015,60,Random Forest,2022-07-13,1,0,0.0697569357639433
ITUB4,1.015,60,SVC,2022-07-13,1,0,0.0697569357639433
ITUB4,1.015,60,RNA,2022-07-14,1,0,0.0707207336925679
ITUB4,1.015,60,Random Forest,2022-07-14,1,1,0.0707207336925679
ITUB4,1.015,60,SVC,2022-07-14,1,0,0.0707207336925679
ITUB4,1.015,60,RNA,2022-07-15,1,1,0.0480599381722823
ITUB4,1.015,60,Random Forest,2022-07-15,1,1,0.0480599381722823
ITUB4,1.015,60,SVC,2022-07-15,1,1,0.0480599381722823
ITUB4,1.015,60,RNA,2022-07-18,1,0,0.0411738595981889
ITUB4,1.015,60,Random Forest,2022-07-18,1,1,0.0411738595981889
ITUB4,1.015,60,SVC,2022-07-18,1,1,0.0411738595981889
ITUB4,1.015,60,RNA,2022-07-19,0,1,0.004255324256154
ITUB4,1.015,60,Random Forest,2022-07-19,0,1,0.004255324256154
ITUB4,1.015,60,SVC,2022-07-19,0,1,0.004255324256154
ITUB4,1.015,60,RNA,2022-07-20,1,0,0.0266323228257965
ITUB4,1.015,60,Random Forest,2022-07-20,1,1,0.0266323228257965
ITUB4,1.015,60,SVC,2022-07-20,1,1,0.0266323228257965
ITUB4,1.015,60,RNA,2022-07-21,0,1,-0.0021186465998106
ITUB4,1.015,60,Random Forest,2022-07-21,0,1,-0.0021186465998106
ITUB4,1.015,60,SVC,2022-07-21,0,1,-0.0021186465998106
ITUB4,1.015,60,RNA,2022-07-22,1,1,0.0213675471223346
ITUB4,1.015,60,Random Forest,2022-07-22,1,1,0.0213675471223346
ITUB4,1.015,60,SVC,2022-07-22,1,1,0.0213675471223346
ITUB4,1.015,60,RNA,2022-07-25,0,0,-0.0004232140944956
ITUB4,1.015,60,Random Forest,2022-07-25,0,1,-0.0004232140944956
ITUB4,1.015,60,SVC,2022-07-25,0,1,-0.0004232140944956
ITUB4,1.015,60,RNA,2022-07-26,1,0,0.0152413620321876
ITUB4,1.015,60,Random Forest,2022-07-26,1,0,0.0152413620321876
ITUB4,1.015,60,SVC,2022-07-26,1,1,0.0152413620321876
ITUB4,1.015,60,RNA,2022-07-27,1,1,0.0182590566286195
ITUB4,1.015,60,Random Forest,2022-07-27,1,1,0.0182590566286195
ITUB4,1.015,60,SVC,2022-07-27,1,1,0.0182590566286195
ITUB4,1.015,60,RNA,2022-07-28,0,1,0.0070707841604975
ITUB4,1.015,60,Random Forest,2022-07-28,0,0,0.0070707841604975
ITUB4,1.015,60,SVC,2022-07-28,0,1,0.0070707841604975
ITUB4,1.015,60,RNA,2022-07-29,1,1,0.0301886611959589
ITUB4,1.015,60,Random Forest,2022-07-29,1,1,0.0301886611959589
ITUB4,1.015,60,SVC,2022-07-29,1,1,0.0301886611959589
ITUB4,1.015,60,RNA,2022-08-01,1,0,0.0634786543870638
ITUB4,1.015,60,Random Forest,2022-08-01,1,1,0.0634786543870638
ITUB4,1.015,60,SVC,2022-08-01,1,1,0.0634786543870638
ITUB4,1.015,60,RNA,2022-08-02,1,1,0.0670886062330078
ITUB4,1.015,60,Random Forest,2022-08-02,1,1,0.0670886062330078
ITUB4,1.015,60,SVC,2022-08-02,1,1,0.0670886062330078
ITUB4,1.015,60,RNA,2022-08-03,1,0,0.0927234899623232
ITUB4,1.015,60,Random Forest,2022-08-03,1,0,0.0927234899623232
ITUB4,1.015,60,SVC,2022-08-03,1,1,0.0927234899623232
ITUB4,1.015,60,RNA,2022-08-04,1,1,0.0820743380437973
ITUB4,1.015,60,Random Forest,2022-08-04,1,0,0.0820743380437973
ITUB4,1.015,60,SVC,2022-08-04,1,1,0.0820743380437973
ITUB4,1.015,60,RNA,2022-08-05,1,1,0.0677831098024766
ITUB4,1.015,60,Random Forest,2022-08-05,1,0,0.0677831098024766
ITUB4,1.015,60,SVC,2022-08-05,1,1,0.0677831098024766
ITUB4,1.015,60,RNA,2022-08-08,1,1,0.0288018546589094
ITUB4,1.015,60,Random Forest,2022-08-08,1,1,0.0288018546589094
ITUB4,1.015,60,SVC,2022-08-08,1,0,0.0288018546589094
ITUB4,1.015,60,RNA,2022-08-09,1,1,0.0363149885336344
ITUB4,1.015,60,Random Forest,2022-08-09,1,1,0.0363149885336344
ITUB4,1.015,60,SVC,2022-08-09,1,1,0.0363149885336344
ITUB4,1.015,60,RNA,2022-08-10,1,1,0.0270371595578606
ITUB4,1.015,60,Random Forest,2022-08-10,1,0,0.0270371595578606
ITUB4,1.015,60,SVC,2022-08-10,1,0,0.0270371595578606
ITUB4,1.015,60,RNA,2022-08-11,1,0,0.0334712302411992
ITUB4,1.015,60,Random Forest,2022-08-11,1,0,0.0334712302411992
ITUB4,1.015,60,SVC,2022-08-11,1,1,0.0334712302411992
ITUB4,1.015,60,RNA,2022-08-12,1,0,0.0447988082143453
ITUB4,1.015,60,Random Forest,2022-08-12,1,0,0.0447988082143453
ITUB4,1.015,60,SVC,2022-08-12,1,1,0.0447988082143453
ITUB4,1.015,60,RNA,2022-08-15,1,1,0.0215293180264566
ITUB4,1.015,60,Random Forest,2022-08-15,1,1,0.0215293180264566
ITUB4,1.015,60,SVC,2022-08-15,1,1,0.0215293180264566
ITUB4,1.015,60,RNA,2022-08-16,1,0,0.0162481574987558
ITUB4,1.015,60,Random Forest,2022-08-16,1,1,0.0162481574987558
ITUB4,1.015,60,SVC,2022-08-16,1,1,0.0162481574987558
ITUB4,1.015,60,RNA,2022-08-17,0,1,-0.0244632343440613
ITUB4,1.015,60,Random Forest,2022-08-17,0,1,-0.0244632343440613
ITUB4,1.015,60,SVC,2022-08-17,0,1,-0.0244632343440613
ITUB4,1.015,60,RNA,2022-08-18,0,0,-0.010447767475726
ITUB4,1.015,60,Random Forest,2022-08-18,0,1,-0.010447767475726
ITUB4,1.015,60,SVC,2022-08-18,0,1,-0.010447767475726
ITUB4,1.015,60,RNA,2022-08-19,1,0,0.0178030265522124
ITUB4,1.015,60,Random Forest,2022-08-19,1,1,0.0178030265522124
ITUB4,1.015,60,SVC,2022-08-19,1,1,0.0178030265522124
ITUB4,1.015,60,RNA,2022-08-22,1,0,0.0299810061675065
ITUB4,1.015,60,Random Forest,2022-08-22,1,1,0.0299810061675065
ITUB4,1.015,60,SVC,2022-08-22,1,1,0.0299810061675065
ITUB4,1.015,60,RNA,2022-08-23,1,1,0.0299810061675065
ITUB4,1.015,60,Random Forest,2022-08-23,1,1,0.0299810061675065
ITUB4,1.015,60,SVC,2022-08-23,1,1,0.0299810061675065
ITUB4,1.015,60,RNA,2022-08-24,1,0,0.0199173147191049
ITUB4,1.015,60,Random Forest,2022-08-24,1,1,0.0199173147191049
ITUB4,1.015,60,SVC,2022-08-24,1,1,0.0199173147191049
ITUB4,1.015,60,RNA,2022-08-25,0,1,-0.040520448370624
ITUB4,1.015,60,Random Forest,2022-08-25,0,1,-0.040520448370624
ITUB4,1.015,60,SVC,2022-08-25,0,1,-0.040520448370624
ITUB4,1.015,60,RNA,2022-08-26,0,1,-0.0125122042816372
ITUB4,1.015,60,Random Forest,2022-08-26,0,1,-0.0125122042816372
ITUB4,1.015,60,SVC,2022-08-26,0,1,-0.0125122042816372
ITUB4,1.015,60,RNA,2022-08-29,0,0,-0.0053098970989149
ITUB4,1.015,60,Random Forest,2022-08-29,0,1,-0.0053098970989149
ITUB4,1.015,60,SVC,2022-08-29,0,1,-0.0053098970989149
ITUB4,1.015,60,RNA,2022-08-30,1,1,0.0220794488641768
ITUB4,1.015,60,Random Forest,2022-08-30,1,0,0.0220794488641768
ITUB4,1.015,60,SVC,2022-08-30,1,1,0.0220794488641768
ITUB4,1.015,60,RNA,2022-08-31,1,1,0.0448963798566997
ITUB4,1.015,60,Random Forest,2022-08-31,1,0,0.0448963798566997
ITUB4,1.015,60,SVC,2022-08-31,1,1,0.0448963798566997
ITUB4,1.015,60,RNA,2022-09-01,1,1,0.0333965877061461
ITUB4,1.015,60,Random Forest,2022-09-01,1,0,0.0333965877061461
ITUB4,1.015,60,SVC,2022-09-01,1,1,0.0333965877061461
ITUB4,1.015,60,RNA,2022-09-02,1,1,0.0221471151764578
ITUB4,1.015,60,Random Forest,2022-09-02,1,1,0.0221471151764578
ITUB4,1.015,60,SVC,2022-09-02,1,1,0.0221471151764578
ITUB4,1.015,60,RNA,2022-09-05,1,1,0.0232209403372787
ITUB4,1.015,60,Random Forest,2022-09-05,1,1,0.0232209403372787
ITUB4,1.015,60,SVC,2022-09-05,1,1,0.0232209403372787
ITUB4,1.015,60,RNA,2022-09-06,1,1,0.0156133605786528
ITUB4,1.015,60,Random Forest,2022-09-06,1,1,0.0156133605786528
ITUB4,1.015,60,SVC,2022-09-06,1,1,0.0156133605786528
ITUB4,1.015,60,RNA,2022-09-08,1,1,0.0232209403372787
ITUB4,1.015,60,Random Forest,2022-09-08,1,1,0.0232209403372787
ITUB4,1.015,60,SVC,2022-09-08,1,1,0.0232209403372787
ITUB4,1.015,60,RNA,2022-09-09,0,0,-0.0085185063855031
ITUB4,1.015,60,Random Forest,2022-09-09,0,1,-0.0085185063855031
ITUB4,1.015,60,SVC,2022-09-09,0,1,-0.0085185063855031
ITUB4,1.015,60,RNA,2022-09-12,0,1,-0.0074404655456176
ITUB4,1.015,60,Random Forest,2022-09-12,0,1,-0.0074404655456176
ITUB4,1.015,60,SVC,2022-09-12,0,1,-0.0074404655456176
ITUB4,1.015,60,RNA,2022-09-13,1,1,0.039640979866611
ITUB4,1.015,60,Random Forest,2022-09-13,1,1,0.039640979866611
ITUB4,1.015,60,SVC,2022-09-13,1,1,0.039640979866611
ITUB4,1.015,60,RNA,2022-09-14,1,1,0.0762298055066221
ITUB4,1.015,60,Random Forest,2022-09-14,1,1,0.0762298055066221
ITUB4,1.015,60,SVC,2022-09-14,1,1,0.0762298055066221
ITUB4,1.015,60,RNA,2022-09-15,1,1,0.0781955291287419
ITUB4,1.015,60,Random Forest,2022-09-15,1,1,0.0781955291287419
ITUB4,1.015,60,SVC,2022-09-15,1,1,0.0781955291287419
ITUB4,1.015,60,RNA,2022-09-16,1,1,0.0898158828769895
ITUB4,1.015,60,Random Forest,2022-09-16,1,1,0.0898158828769895
ITUB4,1.015,60,SVC,2022-09-16,1,1,0.0898158828769895
ITUB4,1.015,60,RNA,2022-09-19,1,1,0.0424155154093417
ITUB4,1.015,60,Random Forest,2022-09-19,1,1,0.0424155154093417
ITUB4,1.015,60,SVC,2022-09-19,1,1,0.0424155154093417
ITUB4,1.015,60,RNA,2022-09-20,0,1,-0.0283216839796895
ITUB4,1.015,60,Random Forest,2022-09-20,0,1,-0.0283216839796895
ITUB4,1.015,60,SVC,2022-09-20,0,1,-0.0283216839796895
ITUB4,1.015,60,RNA,2022-09-21,0,1,-0.0370759401198994
ITUB4,1.015,60,Random Forest,2022-09-21,0,1,-0.0370759401198994
ITUB4,1.015,60,SVC,2022-09-21,0,1,-0.0370759401198994
ITUB4,1.015,60,RNA,2022-09-22,0,1,-0.0309859187811997
ITUB4,1.015,60,Random Forest,2022-09-22,0,1,-0.0309859187811997
ITUB4,1.015,60,SVC,2022-09-22,0,1,-0.0309859187811997
ITUB4,1.015,60,RNA,2022-09-23,0,1,-0.0071098370832829
ITUB4,1.015,60,Random Forest,2022-09-23,0,0,-0.0071098370832829
ITUB4,1.015,60,SVC,2022-09-23,0,1,-0.0071098370832829
ITUB4,1.015,60,RNA,2022-09-26,0,1,0.0028591810669964
ITUB4,1.015,60,Random Forest,2022-09-26,0,0,0.0028591810669964
ITUB4,1.015,60,SVC,2022-09-26,0,1,0.0028591810669964
ITUB4,1.015,60,RNA,2022-09-27,1,0,0.0804475099369617
ITUB4,1.015,60,Random Forest,2022-09-27,1,0,0.0804475099369617
ITUB4,1.015,60,SVC,2022-09-27,1,1,0.0804475099369617
ITUB4,1.015,60,RNA,2022-09-28,1,1,0.100838121628203
ITUB4,1.015,60,Random Forest,2022-09-28,1,1,0.100838121628203
ITUB4,1.015,60,SVC,2022-09-28,1,1,0.100838121628203
ITUB4,1.015,60,RNA,2022-09-29,1,1,0.0869835998300745
ITUB4,1.015,60,Random Forest,2022-09-29,1,1,0.0869835998300745
ITUB4,1.015,60,SVC,2022-09-29,1,1,0.0869835998300745
ITUB4,1.015,60,RNA,2022-09-30,1,1,0.0493227056935587
ITUB4,1.015,60,Random Forest,2022-09-30,1,1,0.0493227056935587
ITUB4,1.015,60,SVC,2022-09-30,1,1,0.0493227056935587
ITUB4,1.015,60,RNA,2022-10-03,0,1,-0.0216883899160162
ITUB4,1.015,60,Random Forest,2022-10-03,0,0,-0.0216883899160162
ITUB4,1.015,60,SVC,2022-10-03,0,1,-0.0216883899160162
ITUB4,1.015,60,RNA,2022-10-04,0,0,-0.0287914252056065
ITUB4,1.015,60,Random Forest,2022-10-04,0,0,-0.0287914252056065
ITUB4,1.015,60,SVC,2022-10-04,0,1,-0.0287914252056065
ITUB4,1.015,60,RNA,2022-10-05,0,0,-0.0364548274555773
ITUB4,1.015,60,Random Forest,2022-10-05,0,0,-0.0364548274555773
ITUB4,1.015,60,SVC,2022-10-05,0,1,-0.0364548274555773
ITUB4,1.015,60,RNA,2022-10-06,0,1,-0.0191780647837552
ITUB4,1.015,60,Random Forest,2022-10-06,0,0,-0.0191780647837552
ITUB4,1.015,60,SVC,2022-10-06,0,1,-0.0191780647837552
ITUB4,1.015,60,RNA,2022-10-07,0,0,-0.0281546882763017
ITUB4,1.015,60,Random Forest,2022-10-07,0,0,-0.0281546882763017
ITUB4,1.015,60,SVC,2022-10-07,0,1,-0.0281546882763017
ITUB4,1.015,60,RNA,2022-10-10,0,0,-0.0006920638001016
ITUB4,1.015,60,Random Forest,2022-10-10,0,0,-0.0006920638001016
ITUB4,1.015,60,SVC,2022-10-10,0,1,-0.0006920638001016
ITUB4,1.015,60,RNA,2022-10-11,1,0,0.0382456374808437
ITUB4,1.015,60,Random Forest,2022-10-11,1,0,0.0382456374808437
ITUB4,1.015,60,SVC,2022-10-11,1,1,0.0382456374808437
ITUB4,1.015,60,RNA,2022-10-13,1,1,0.0351304604197713
ITUB4,1.015,60,Random Forest,2022-10-13,1,0,0.0351304604197713
ITUB4,1.015,60,SVC,2022-10-13,1,0,0.0351304604197713
ITUB4,1.015,60,RNA,2022-10-14,1,1,0.0452660595772733
ITUB4,1.015,60,Random Forest,2022-10-14,1,0,0.0452660595772733
ITUB4,1.015,60,SVC,2022-10-14,1,0,0.0452660595772733
ITUB4,1.015,60,RNA,2022-10-17,1,0,0.0675767969956944
ITUB4,1.015,60,Random Forest,2022-10-17,1,0,0.0675767969956944
ITUB4,1.015,60,SVC,2022-10-17,1,0,0.0675767969956944
ITUB4,1.015,60,RNA,2022-10-18,1,1,0.0581867288869737
ITUB4,1.015,60,Random Forest,2022-10-18,1,1,0.0581867288869737
ITUB4,1.015,60,SVC,2022-10-18,1,0,0.0581867288869737
ITUB4,1.015,60,RNA,2022-10-19,1,0,0.0496644276200199
ITUB4,1.015,60,Random Forest,2022-10-19,1,0,0.0496644276200199
ITUB4,1.015,60,SVC,2022-10-19,1,0,0.0496644276200199
ITUB4,1.015,60,RNA,2022-10-20,1,0,0.0451052363415873
ITUB4,1.015,60,Random Forest,2022-10-20,1,0,0.0451052363415873
ITUB4,1.015,60,SVC,2022-10-20,1,1,0.0451052363415873
ITUB4,1.015,60,RNA,2022-10-21,0,1,-0.0486854687298442
ITUB4,1.015,60,Random Forest,2022-10-21,0,0,-0.0486854687298442
ITUB4,1.015,60,SVC,2022-10-21,0,1,-0.0486854687298442
ITUB4,1.015,60,RNA,2022-10-24,0,1,-0.0037099348777994
ITUB4,1.015,60,Random Forest,2022-10-24,0,0,-0.0037099348777994
ITUB4,1.015,60,SVC,2022-10-24,0,1,-0.0037099348777994
ITUB4,1.015,60,RNA,2022-10-25,1,1,0.0541379386771145
ITUB4,1.015,60,Random Forest,2022-10-25,1,0,0.0541379386771145
ITUB4,1.015,60,SVC,2022-10-25,1,1,0.0541379386771145
ITUB4,1.015,60,RNA,2022-10-26,1,1,0.0755131899057708
ITUB4,1.015,60,Random Forest,2022-10-26,1,1,0.0755131899057708
ITUB4,1.015,60,SVC,2022-10-26,1,1,0.0755131899057708
ITUB4,1.015,60,RNA,2022-10-27,1,1,0.0718312142974715
ITUB4,1.015,60,Random Forest,2022-10-27,1,1,0.0718312142974715
ITUB4,1.015,60,SVC,2022-10-27,1,1,0.0718312142974715
ITUB4,1.015,60,RNA,2022-10-28,1,1,0.0795927558282927
ITUB4,1.015,60,Random Forest,2022-10-28,1,1,0.0795927558282927
ITUB4,1.015,60,SVC,2022-10-28,1,1,0.0795927558282927
ITUB4,1.015,60,RNA,2022-10-31,0,1,-0.0432257963905406
ITUB4,1.015,60,Random Forest,2022-10-31,0,1,-0.0432257963905406
ITUB4,1.015,60,SVC,2022-10-31,0,1,-0.0432257963905406
ITUB4,1.015,60,RNA,2022-11-01,1,1,0.0309999840621133
ITUB4,1.015,60,Random Forest,2022-11-01,1,0,0.0309999840621133
ITUB4,1.015,60,SVC,2022-11-01,1,1,0.0309999840621133
ITUB4,1.015,60,RNA,2022-11-03,0,0,-0.0827631366627924
ITUB4,1.015,60,Random Forest,2022-11-03,0,0,-0.0827631366627924
ITUB4,1.015,60,SVC,2022-11-03,0,0,-0.0827631366627924
ITUB4,1.015,60,RNA,2022-11-04,0,0,-0.0814765459901348
ITUB4,1.015,60,Random Forest,2022-11-04,0,1,-0.0814765459901348
ITUB4,1.015,60,SVC,2022-11-04,0,1,-0.0814765459901348
ITUB4,1.015,60,RNA,2022-11-07,0,1,-0.0923599290187667
ITUB4,1.015,60,Random Forest,2022-11-07,0,0,-0.0923599290187667
ITUB4,1.015,60,SVC,2022-11-07,0,1,-0.0923599290187667
ITUB4,1.015,60,RNA,2022-11-08,0,0,-0.070132593843848
ITUB4,1.015,60,Random Forest,2022-11-08,0,1,-0.070132593843848
ITUB4,1.015,60,SVC,2022-11-08,0,1,-0.070132593843848
ITUB4,1.015,60,RNA,2022-11-09,1,1,0.0307017512011433
ITUB4,1.015,60,Random Forest,2022-11-09,1,1,0.0307017512011433
ITUB4,1.015,60,SVC,2022-11-09,1,1,0.0307017512011433
ITUB4,1.015,60,RNA,2022-11-10,0,1,-0.0560714029941342
ITUB4,1.015,60,Random Forest,2022-11-10,0,1,-0.0560714029941342
ITUB4,1.015,60,SVC,2022-11-10,0,1,-0.0560714029941342
ITUB4,1.015,60,RNA,2022-11-11,0,1,-0.0151570733155699
ITUB4,1.015,60,Random Forest,2022-11-11,0,1,-0.0151570733155699
ITUB4,1.015,60,SVC,2022-11-11,0,1,-0.0151570733155699
ITUB4,1.015,60,RNA,2022-11-14,1,1,0.0187617168476548
ITUB4,1.015,60,Random Forest,2022-11-14,1,1,0.0187617168476548
ITUB4,1.015,60,SVC,2022-11-14,1,1,0.0187617168476548
ITUB4,1.015,60,RNA,2022-11-16,1,1,0.0482625506318836
ITUB4,1.015,60,Random Forest,2022-11-16,1,1,0.0482625506318836
ITUB4,1.015,60,SVC,2022-11-16,1,0,0.0482625506318836
ITUB4,1.015,60,RNA,2022-11-17,1,1,0.017234939246947
ITUB4,1.015,60,Random Forest,2022-11-17,1,1,0.017234939246947
ITUB4,1.015,60,SVC,2022-11-17,1,1,0.017234939246947
ITUB4,1.015,60,RNA,2022-11-18,0,1,-0.0022222289808758
ITUB4,1.015,60,Random Forest,2022-11-18,0,1,-0.0022222289808758
ITUB4,1.015,60,SVC,2022-11-18,0,1,-0.0022222289808758
ITUB4,1.015,60,RNA,2022-11-21,0,1,-0.0302238985766061
ITUB4,1.015,60,Random Forest,2022-11-21,0,1,-0.0302238985766061
ITUB4,1.015,60,SVC,2022-11-21,0,1,-0.0302238985766061
ITUB4,1.015,60,RNA,2022-11-22,1,1,0.0402453000445468
ITUB4,1.015,60,Random Forest,2022-11-22,1,0,0.0402453000445468
ITUB4,1.015,60,SVC,2022-11-22,1,1,0.0402453000445468
ITUB4,1.015,60,RNA,2022-11-23,1,1,0.035877888373387
ITUB4,1.015,60,Random Forest,2022-11-23,1,1,0.035877888373387
ITUB4,1.015,60,SVC,2022-11-23,1,1,0.035877888373387
ITUB4,1.015,60,RNA,2022-11-24,0,1,-0.0291262524861783
ITUB4,1.015,60,Random Forest,2022-11-24,0,1,-0.0291262524861783
ITUB4,1.015,60,SVC,2022-11-24,0,1,-0.0291262524861783
ITUB4,1.015,60,RNA,2022-11-25,0,1,-0.0039213686273763
ITUB4,1.015,60,Random Forest,2022-11-25,0,1,-0.0039213686273763
ITUB4,1.015,60,SVC,2022-11-25,0,1,-0.0039213686273763
ITUB4,1.015,60,RNA,2022-11-28,1,1,0.0441702038373874
ITUB4,1.015,60,Random Forest,2022-11-28,1,1,0.0441702038373874
ITUB4,1.015,60,SVC,2022-11-28,1,1,0.0441702038373874
ITUB4,1.015,60,RNA,2022-11-29,1,1,0.0336475443688606
ITUB4,1.015,60,Random Forest,2022-11-29,1,1,0.0336475443688606
ITUB4,1.015,60,SVC,2022-11-29,1,1,0.0336475443688606
ITUB4,1.015,60,RNA,2022-11-30,1,0,0.0406091129200307
ITUB4,1.015,60,Random Forest,2022-11-30,1,1,0.0406091129200307
ITUB4,1.015,60,SVC,2022-11-30,1,1,0.0406091129200307
ITUB4,1.015,60,RNA,2022-12-01,1,1,0.0222478013715869
ITUB4,1.015,60,Random Forest,2022-12-01,1,1,0.0222478013715869
ITUB4,1.015,60,SVC,2022-12-01,1,1,0.0222478013715869
ITUB4,1.015,60,RNA,2022-12-02,0,1,-0.041698555683857
ITUB4,1.015,60,Random Forest,2022-12-02,0,1,-0.041698555683857
ITUB4,1.015,60,SVC,2022-12-02,0,1,-0.041698555683857
ITUB4,1.015,60,RNA,2022-12-05,1,0,0.0237169673948818
ITUB4,1.015,60,Random Forest,2022-12-05,1,0,0.0237169673948818
ITUB4,1.015,60,SVC,2022-12-05,1,0,0.0237169673948818
ITUB4,1.015,60,RNA,2022-12-06,0,1,-0.0626624690407758
ITUB4,1.015,60,Random Forest,2022-12-06,0,0,-0.0626624690407758
ITUB4,1.015,60,SVC,2022-12-06,0,1,-0.0626624690407758
ITUB4,1.015,60,RNA,2022-12-07,0,1,-0.0833728953429828
ITUB4,1.015,60,Random Forest,2022-12-07,0,1,-0.0833728953429828
ITUB4,1.015,60,SVC,2022-12-07,0,1,-0.0833728953429828
ITUB4,1.015,60,RNA,2022-12-08,0,1,-0.0563209383013869
ITUB4,1.015,60,Random Forest,2022-12-08,0,1,-0.0563209383013869
ITUB4,1.015,60,SVC,2022-12-08,0,1,-0.0563209383013869
ITUB4,1.015,60,RNA,2022-12-09,0,0,-0.0370065386586278
ITUB4,1.015,60,Random Forest,2022-12-09,0,0,-0.0370065386586278
ITUB4,1.015,60,SVC,2022-12-09,0,1,-0.0370065386586278
ITUB4,1.015,60,RNA,2022-12-12,0,0,-0.0235051496291431
ITUB4,1.015,60,Random Forest,2022-12-12,0,1,-0.0235051496291431
ITUB4,1.015,60,SVC,2022-12-12,0,1,-0.0235051496291431
ITUB4,1.015,60,RNA,2022-12-13,1,1,0.0685290313984203
ITUB4,1.015,60,Random Forest,2022-12-13,1,0,0.0685290313984203
ITUB4,1.015,60,SVC,2022-12-13,1,1,0.0685290313984203
ITUB4,1.015,60,RNA,2022-12-14,1,1,0.0933159808040602
ITUB4,1.015,60,Random Forest,2022-12-14,1,1,0.0933159808040602
ITUB4,1.015,60,SVC,2022-12-14,1,1,0.0933159808040602
ITUB4,1.015,60,RNA,2022-12-15,1,0,0.0710033986858855
ITUB4,1.015,60,Random Forest,2022-12-15,1,1,0.0710033986858855
ITUB4,1.015,60,SVC,2022-12-15,1,1,0.0710033986858855
ITUB4,1.015,60,RNA,2022-12-16,1,0,0.0588482433466048
ITUB4,1.015,60,Random Forest,2022-12-16,1,1,0.0588482433466048
ITUB4,1.015,60,SVC,2022-12-16,1,1,0.0588482433466048
ITUB4,1.015,60,RNA,2022-12-19,1,1,0.0463304439520844
ITUB4,1.015,60,Random Forest,2022-12-19,1,1,0.0463304439520844
ITUB4,1.015,60,SVC,2022-12-19,1,1,0.0463304439520844
ITUB4,1.015,60,RNA,2022-12-20,1,1,0.031527887130295
ITUB4,1.015,60,Random Forest,2022-12-20,1,1,0.031527887130295
ITUB4,1.015,60,SVC,2022-12-20,1,1,0.031527887130295
ITUB4,1.015,60,RNA,2022-12-21,1,1,0.02944735715086
ITUB4,1.015,60,Random Forest,2022-12-21,1,1,0.02944735715086
ITUB4,1.015,60,SVC,2022-12-21,1,1,0.02944735715086
ITUB4,1.015,60,RNA,2022-12-22,1,1,0.0195764758931438
ITUB4,1.015,60,Random Forest,2022-12-22,1,1,0.0195764758931438
ITUB4,1.015,60,SVC,2022-12-22,1,1,0.0195764758931438
ITUB4,1.015,60,RNA,2022-12-23,1,1,0.0212424929761738
ITUB4,1.015,60,Random Forest,2022-12-23,1,1,0.0212424929761738
ITUB4,1.015,60,SVC,2022-12-23,1,1,0.0212424929761738
ITUB4,1.015,60,RNA,2022-12-26,0,1,
ITUB4,1.015,60,Random Forest,2022-12-26,0,1,
ITUB4,1.015,60,SVC,2022-12-26,0,1,
ITUB4,1.015,60,RNA,2022-12-27,0,1,
ITUB4,1.015,60,Random Forest,2022-12-27,0,1,
ITUB4,1.015,60,SVC,2022-12-27,0,1,
ITUB4,1.015,60,RNA,2022-12-28,0,1,
ITUB4,1.015,60,Random Forest,2022-12-28,0,1,
ITUB4,1.015,60,SVC,2022-12-28,0,1,
ITUB4,1.015,60,RNA,2022-12-29,0,0,
ITUB4,1.015,60,Random Forest,2022-12-29,0,0,
ITUB4,1.015,60,SVC,2022-12-29,0,1,
ITUB4,1.015,75,RNA,2020-05-14,1,1,0.019555547004098
ITUB4,1.015,75,Random Forest,2020-05-14,1,1,0.019555547004098
ITUB4,1.015,75,SVC,2020-05-14,1,1,0.019555547004098
ITUB4,1.015,75,RNA,2020-05-15,1,1,0.021826285052616
ITUB4,1.015,75,Random Forest,2020-05-15,1,1,0.021826285052616
ITUB4,1.015,75,SVC,2020-05-15,1,1,0.021826285052616
ITUB4,1.015,75,RNA,2020-05-18,1,1,0.0318161451531571
ITUB4,1.015,75,Random Forest,2020-05-18,1,1,0.0318161451531571
ITUB4,1.015,75,SVC,2020-05-18,1,1,0.0318161451531571
ITUB4,1.015,75,RNA,2020-05-19,1,1,0.103055194581868
ITUB4,1.015,75,Random Forest,2020-05-19,1,1,0.103055194581868
ITUB4,1.015,75,SVC,2020-05-19,1,1,0.103055194581868
ITUB4,1.015,75,RNA,2020-05-20,1,1,0.1243093961366046
ITUB4,1.015,75,Random Forest,2020-05-20,1,1,0.1243093961366046
ITUB4,1.015,75,SVC,2020-05-20,1,1,0.1243093961366046
ITUB4,1.015,75,RNA,2020-05-21,1,1,0.0805309974223686
ITUB4,1.015,75,Random Forest,2020-05-21,1,1,0.0805309974223686
ITUB4,1.015,75,SVC,2020-05-21,1,1,0.0805309974223686
ITUB4,1.015,75,RNA,2020-05-22,1,1,0.0213300097270932
ITUB4,1.015,75,Random Forest,2020-05-22,1,1,0.0213300097270932
ITUB4,1.015,75,SVC,2020-05-22,1,1,0.0213300097270932
ITUB4,1.015,75,RNA,2020-05-25,0,1,-0.0530209449775563
ITUB4,1.015,75,Random Forest,2020-05-25,0,1,-0.0530209449775563
ITUB4,1.015,75,SVC,2020-05-25,0,1,-0.0530209449775563
ITUB4,1.015,75,RNA,2020-05-26,1,1,0.017343484225633
ITUB4,1.015,75,Random Forest,2020-05-26,1,1,0.017343484225633
ITUB4,1.015,75,SVC,2020-05-26,1,1,0.017343484225633
ITUB4,1.015,75,RNA,2020-05-27,1,0,0.0777557491283429
ITUB4,1.015,75,Random Forest,2020-05-27,1,1,0.0777557491283429
ITUB4,1.015,75,SVC,2020-05-27,1,1,0.0777557491283429
ITUB4,1.015,75,RNA,2020-05-28,1,1,0.1556272357347239
ITUB4,1.015,75,Random Forest,2020-05-28,1,0,0.1556272357347239
ITUB4,1.015,75,SVC,2020-05-28,1,1,0.1556272357347239
ITUB4,1.015,75,RNA,2020-05-29,1,1,0.1752080278273537
ITUB4,1.015,75,Random Forest,2020-05-29,1,1,0.1752080278273537
ITUB4,1.015,75,SVC,2020-05-29,1,1,0.1752080278273537
ITUB4,1.015,75,RNA,2020-06-01,1,1,0.1958333603261217
ITUB4,1.015,75,Random Forest,2020-06-01,1,1,0.1958333603261217
ITUB4,1.015,75,SVC,2020-06-01,1,1,0.1958333603261217
ITUB4,1.015,75,RNA,2020-06-02,1,1,0.091254792676962
ITUB4,1.015,75,Random Forest,2020-06-02,1,1,0.091254792676962
ITUB4,1.015,75,SVC,2020-06-02,1,1,0.091254792676962
ITUB4,1.015,75,RNA,2020-06-03,1,1,0.1136980977753343
ITUB4,1.015,75,Random Forest,2020-06-03,1,1,0.1136980977753343
ITUB4,1.015,75,SVC,2020-06-03,1,1,0.1136980977753343
ITUB4,1.015,75,RNA,2020-06-04,1,1,0.0191761487670174
ITUB4,1.015,75,Random Forest,2020-06-04,1,1,0.0191761487670174
ITUB4,1.015,75,SVC,2020-06-04,1,1,0.0191761487670174
ITUB4,1.015,75,RNA,2020-06-05,1,1,0.0315103223026373
ITUB4,1.015,75,Random Forest,2020-06-05,1,1,0.0315103223026373
ITUB4,1.015,75,SVC,2020-06-05,1,1,0.0315103223026373
ITUB4,1.015,75,RNA,2020-06-08,1,1,0.0243017999946182
ITUB4,1.015,75,Random Forest,2020-06-08,1,1,0.0243017999946182
ITUB4,1.015,75,SVC,2020-06-08,1,1,0.0243017999946182
ITUB4,1.015,75,RNA,2020-06-09,0,1,-0.0686588308598515
ITUB4,1.015,75,Random Forest,2020-06-09,0,1,-0.0686588308598515
ITUB4,1.015,75,SVC,2020-06-09,0,1,-0.0686588308598515
ITUB4,1.015,75,RNA,2020-06-10,1,1,0.0397529584979643
ITUB4,1.015,75,Random Forest,2020-06-10,1,1,0.0397529584979643
ITUB4,1.015,75,SVC,2020-06-10,1,1,0.0397529584979643
ITUB4,1.015,75,RNA,2020-06-12,1,1,0.1119522350129791
ITUB4,1.015,75,Random Forest,2020-06-12,1,1,0.1119522350129791
ITUB4,1.015,75,SVC,2020-06-12,1,1,0.1119522350129791
ITUB4,1.015,75,RNA,2020-06-15,1,1,0.0656603762514884
ITUB4,1.015,75,Random Forest,2020-06-15,1,1,0.0656603762514884
ITUB4,1.015,75,SVC,2020-06-15,1,1,0.0656603762514884
ITUB4,1.015,75,RNA,2020-06-16,1,1,0.0786860193200329
ITUB4,1.015,75,Random Forest,2020-06-16,1,1,0.0786860193200329
ITUB4,1.015,75,SVC,2020-06-16,1,1,0.0786860193200329
ITUB4,1.015,75,RNA,2020-06-17,1,1,0.0656603762514884
ITUB4,1.015,75,Random Forest,2020-06-17,1,1,0.0656603762514884
ITUB4,1.015,75,SVC,2020-06-17,1,1,0.0656603762514884
ITUB4,1.015,75,RNA,2020-06-18,0,1,-0.0804270834185341
ITUB4,1.015,75,Random Forest,2020-06-18,0,1,-0.0804270834185341
ITUB4,1.015,75,SVC,2020-06-18,0,1,-0.0804270834185341
ITUB4,1.015,75,RNA,2020-06-19,0,0,-0.0674036938550665
ITUB4,1.015,75,Random Forest,2020-06-19,0,1,-0.0674036938550665
ITUB4,1.015,75,SVC,2020-06-19,0,1,-0.0674036938550665
ITUB4,1.015,75,RNA,2020-06-22,0,0,-0.0718411269320794
ITUB4,1.015,75,Random Forest,2020-06-22,0,1,-0.0718411269320794
ITUB4,1.015,75,SVC,2020-06-22,0,1,-0.0718411269320794
ITUB4,1.015,75,RNA,2020-06-23,0,0,-0.0115714964483225
ITUB4,1.015,75,Random Forest,2020-06-23,0,0,-0.0115714964483225
ITUB4,1.015,75,SVC,2020-06-23,0,1,-0.0115714964483225
ITUB4,1.015,75,RNA,2020-06-24,1,1,0.0188243871782018
ITUB4,1.015,75,Random Forest,2020-06-24,1,1,0.0188243871782018
ITUB4,1.015,75,SVC,2020-06-24,1,1,0.0188243871782018
ITUB4,1.015,75,RNA,2020-06-25,1,1,0.0315052044712051
ITUB4,1.015,75,Random Forest,2020-06-25,1,1,0.0315052044712051
ITUB4,1.015,75,SVC,2020-06-25,1,1,0.0315052044712051
ITUB4,1.015,75,RNA,2020-06-26,1,1,0.052743593136606
ITUB4,1.015,75,Random Forest,2020-06-26,1,1,0.052743593136606
ITUB4,1.015,75,SVC,2020-06-26,1,1,0.052743593136606
ITUB4,1.015,75,RNA,2020-06-29,1,1,0.0398954633876609
ITUB4,1.015,75,Random Forest,2020-06-29,1,1,0.0398954633876609
ITUB4,1.015,75,SVC,2020-06-29,1,1,0.0398954633876609
ITUB4,1.015,75,RNA,2020-06-30,1,1,0.0878905710078512
ITUB4,1.015,75,Random Forest,2020-06-30,1,1,0.0878905710078512
ITUB4,1.015,75,SVC,2020-06-30,1,1,0.0878905710078512
ITUB4,1.015,75,RNA,2020-07-01,1,1,0.0509433793906513
ITUB4,1.015,75,Random Forest,2020-07-01,1,1,0.0509433793906513
ITUB4,1.015,75,SVC,2020-07-01,1,1,0.0509433793906513
ITUB4,1.015,75,RNA,2020-07-02,1,1,0.0553239855096487
ITUB4,1.015,75,Random Forest,2020-07-02,1,1,0.0553239855096487
ITUB4,1.015,75,SVC,2020-07-02,1,1,0.0553239855096487
ITUB4,1.015,75,RNA,2020-07-03,1,1,0.0269173717505821
ITUB4,1.015,75,Random Forest,2020-07-03,1,1,0.0269173717505821
ITUB4,1.015,75,SVC,2020-07-03,1,1,0.0269173717505821
ITUB4,1.015,75,RNA,2020-07-06,0,1,-0.0083849655823319
ITUB4,1.015,75,Random Forest,2020-07-06,0,1,-0.0083849655823319
ITUB4,1.015,75,SVC,2020-07-06,0,1,-0.0083849655823319
ITUB4,1.015,75,RNA,2020-07-07,1,1,0.0337710737671925
ITUB4,1.015,75,Random Forest,2020-07-07,1,0,0.0337710737671925
ITUB4,1.015,75,SVC,2020-07-07,1,1,0.0337710737671925
ITUB4,1.015,75,RNA,2020-07-08,1,1,0.0196150745476848
ITUB4,1.015,75,Random Forest,2020-07-08,1,1,0.0196150745476848
ITUB4,1.015,75,SVC,2020-07-08,1,1,0.0196150745476848
ITUB4,1.015,75,RNA,2020-07-09,1,1,0.0315398893803837
ITUB4,1.015,75,Random Forest,2020-07-09,1,1,0.0315398893803837
ITUB4,1.015,75,SVC,2020-07-09,1,1,0.0315398893803837
ITUB4,1.015,75,RNA,2020-07-10,0,1,-0.0171220298963773
ITUB4,1.015,75,Random Forest,2020-07-10,0,1,-0.0171220298963773
ITUB4,1.015,75,SVC,2020-07-10,0,1,-0.0171220298963773
ITUB4,1.015,75,RNA,2020-07-13,1,1,0.0392523296035429
ITUB4,1.015,75,Random Forest,2020-07-13,1,0,0.0392523296035429
ITUB4,1.015,75,SVC,2020-07-13,1,1,0.0392523296035429
ITUB4,1.015,75,RNA,2020-07-14,0,1,-0.0087146005574519
ITUB4,1.015,75,Random Forest,2020-07-14,0,1,-0.0087146005574519
ITUB4,1.015,75,SVC,2020-07-14,0,1,-0.0087146005574519
ITUB4,1.015,75,RNA,2020-07-15,1,1,0.0320206492912065
ITUB4,1.015,75,Random Forest,2020-07-15,1,0,0.0320206492912065
ITUB4,1.015,75,SVC,2020-07-15,1,1,0.0320206492912065
ITUB4,1.015,75,RNA,2020-07-16,1,1,0.0343047079898222
ITUB4,1.015,75,Random Forest,2020-07-16,1,0,0.0343047079898222
ITUB4,1.015,75,SVC,2020-07-16,1,1,0.0343047079898222
ITUB4,1.015,75,RNA,2020-07-17,1,1,0.0289908412231794
ITUB4,1.015,75,Random Forest,2020-07-17,1,1,0.0289908412231794
ITUB4,1.015,75,SVC,2020-07-17,1,1,0.0289908412231794
ITUB4,1.015,75,RNA,2020-07-20,1,1,0.0159420256153361
ITUB4,1.015,75,Random Forest,2020-07-20,1,1,0.0159420256153361
ITUB4,1.015,75,SVC,2020-07-20,1,1,0.0159420256153361
ITUB4,1.015,75,RNA,2020-07-21,0,1,-0.0017953001258705
ITUB4,1.015,75,Random Forest,2020-07-21,0,1,-0.0017953001258705
ITUB4,1.015,75,SVC,2020-07-21,0,1,-0.0017953001258705
ITUB4,1.015,75,RNA,2020-07-22,1,1,0.0428043728953482
ITUB4,1.015,75,Random Forest,2020-07-22,1,1,0.0428043728953482
ITUB4,1.015,75,SVC,2020-07-22,1,0,0.0428043728953482
ITUB4,1.015,75,RNA,2020-07-23,1,1,0.0812144174818889
ITUB4,1.015,75,Random Forest,2020-07-23,1,1,0.0812144174818889
ITUB4,1.015,75,SVC,2020-07-23,1,1,0.0812144174818889
ITUB4,1.015,75,RNA,2020-07-24,1,1,0.0698460864603234
ITUB4,1.015,75,Random Forest,2020-07-24,1,1,0.0698460864603234
ITUB4,1.015,75,SVC,2020-07-24,1,1,0.0698460864603234
ITUB4,1.015,75,RNA,2020-07-27,1,1,0.0277778183979766
ITUB4,1.015,75,Random Forest,2020-07-27,1,1,0.0277778183979766
ITUB4,1.015,75,SVC,2020-07-27,1,1,0.0277778183979766
ITUB4,1.015,75,RNA,2020-07-28,0,0,-0.0303648207659938
ITUB4,1.015,75,Random Forest,2020-07-28,0,0,-0.0303648207659938
ITUB4,1.015,75,SVC,2020-07-28,0,1,-0.0303648207659938
ITUB4,1.015,75,RNA,2020-07-29,0,1,-0.0777056818411143
ITUB4,1.015,75,Random Forest,2020-07-29,0,1,-0.0777056818411143
ITUB4,1.015,75,SVC,2020-07-29,0,1,-0.0777056818411143
ITUB4,1.015,75,RNA,2020-07-30,0,1,-0.0807325903076521
ITUB4,1.015,75,Random Forest,2020-07-30,0,0,-0.0807325903076521
ITUB4,1.015,75,SVC,2020-07-30,0,1,-0.0807325903076521
ITUB4,1.015,75,RNA,2020-07-31,1,1,0.0225091816275135
ITUB4,1.015,75,Random Forest,2020-07-31,1,0,0.0225091816275135
ITUB4,1.015,75,SVC,2020-07-31,1,1,0.0225091816275135
ITUB4,1.015,75,RNA,2020-08-03,1,1,0.0167618724249269
ITUB4,1.015,75,Random Forest,2020-08-03,1,1,0.0167618724249269
ITUB4,1.015,75,SVC,2020-08-03,1,1,0.0167618724249269
ITUB4,1.015,75,RNA,2020-08-04,0,1,-0.0130019514191522
ITUB4,1.015,75,Random Forest,2020-08-04,0,1,-0.0130019514191522
ITUB4,1.015,75,SVC,2020-08-04,0,1,-0.0130019514191522
ITUB4,1.015,75,RNA,2020-08-05,1,1,0.0291828894726329
ITUB4,1.015,75,Random Forest,2020-08-05,1,1,0.0291828894726329
ITUB4,1.015,75,SVC,2020-08-05,1,1,0.0291828894726329
ITUB4,1.015,75,RNA,2020-08-06,1,1,0.0319937620696397
ITUB4,1.015,75,Random Forest,2020-08-06,1,1,0.0319937620696397
ITUB4,1.015,75,SVC,2020-08-06,1,1,0.0319937620696397
ITUB4,1.015,75,RNA,2020-08-07,1,1,0.0301724220613508
ITUB4,1.015,75,Random Forest,2020-08-07,1,1,0.0301724220613508
ITUB4,1.015,75,SVC,2020-08-07,1,1,0.0301724220613508
ITUB4,1.015,75,RNA,2020-08-10,0,1,-0.0532159525713544
ITUB4,1.015,75,Random Forest,2020-08-10,0,1,-0.0532159525713544
ITUB4,1.015,75,SVC,2020-08-10,0,1,-0.0532159525713544
ITUB4,1.015,75,RNA,2020-08-11,0,1,-0.0603347770534901
ITUB4,1.015,75,Random Forest,2020-08-11,0,1,-0.0603347770534901
ITUB4,1.015,75,SVC,2020-08-11,0,1,-0.0603347770534901
ITUB4,1.015,75,RNA,2020-08-12,0,1,-0.0458277134218768
ITUB4,1.015,75,Random Forest,2020-08-12,0,1,-0.0458277134218768
ITUB4,1.015,75,SVC,2020-08-12,0,1,-0.0458277134218768
ITUB4,1.015,75,RNA,2020-08-13,1,1,0.0260480446429944
ITUB4,1.015,75,Random Forest,2020-08-13,1,0,0.0260480446429944
ITUB4,1.015,75,SVC,2020-08-13,1,1,0.0260480446429944
ITUB4,1.015,75,RNA,2020-08-14,0,1,-0.0221293053693227
ITUB4,1.015,75,Random Forest,2020-08-14,0,0,-0.0221293053693227
ITUB4,1.015,75,SVC,2020-08-14,0,1,-0.0221293053693227
ITUB4,1.015,75,RNA,2020-08-17,0,1,-0.0219333838774211
ITUB4,1.015,75,Random Forest,2020-08-17,0,0,-0.0219333838774211
ITUB4,1.015,75,SVC,2020-08-17,0,1,-0.0219333838774211
ITUB4,1.015,75,RNA,2020-08-18,1,1,0.0209703957335603
ITUB4,1.015,75,Random Forest,2020-08-18,1,0,0.0209703957335603
ITUB4,1.015,75,SVC,2020-08-18,1,1,0.0209703957335603
ITUB4,1.015,75,RNA,2020-08-19,1,1,0.0476793111604112
ITUB4,1.015,75,Random Forest,2020-08-19,1,1,0.0476793111604112
ITUB4,1.015,75,SVC,2020-08-19,1,1,0.0476793111604112
ITUB4,1.015,75,RNA,2020-08-20,1,1,0.038477640629406
ITUB4,1.015,75,Random Forest,2020-08-20,1,1,0.038477640629406
ITUB4,1.015,75,SVC,2020-08-20,1,1,0.038477640629406
ITUB4,1.015,75,RNA,2020-08-21,1,1,0.0239175171518604
ITUB4,1.015,75,Random Forest,2020-08-21,1,1,0.0239175171518604
ITUB4,1.015,75,SVC,2020-08-21,1,1,0.0239175171518604
ITUB4,1.015,75,RNA,2020-08-24,0,1,-0.0085227676662281
ITUB4,1.015,75,Random Forest,2020-08-24,0,1,-0.0085227676662281
ITUB4,1.015,75,SVC,2020-08-24,0,1,-0.0085227676662281
ITUB4,1.015,75,RNA,2020-08-25,0,1,-0.0308641662964684
ITUB4,1.015,75,Random Forest,2020-08-25,0,1,-0.0308641662964684
ITUB4,1.015,75,SVC,2020-08-25,0,1,-0.0308641662964684
ITUB4,1.015,75,RNA,2020-08-26,1,0,0.0280451867478208
ITUB4,1.015,75,Random Forest,2020-08-26,1,1,0.0280451867478208
ITUB4,1.015,75,SVC,2020-08-26,1,1,0.0280451867478208
ITUB4,1.015,75,RNA,2020-08-27,0,1,0.0002256193041956
ITUB4,1.015,75,Random Forest,2020-08-27,0,1,0.0002256193041956
ITUB4,1.015,75,SVC,2020-08-27,0,1,0.0002256193041956
ITUB4,1.015,75,RNA,2020-08-28,1,1,0.0556993363520099
ITUB4,1.015,75,Random Forest,2020-08-28,1,1,0.0556993363520099
ITUB4,1.015,75,SVC,2020-08-28,1,1,0.0556993363520099
ITUB4,1.015,75,RNA,2020-08-31,1,1,0.0682865540187092
ITUB4,1.015,75,Random Forest,2020-08-31,1,0,0.0682865540187092
ITUB4,1.015,75,SVC,2020-08-31,1,1,0.0682865540187092
ITUB4,1.015,75,RNA,2020-09-01,1,1,0.0472278966949555
ITUB4,1.015,75,Random Forest,2020-09-01,1,1,0.0472278966949555
ITUB4,1.015,75,SVC,2020-09-01,1,1,0.0472278966949555
ITUB4,1.015,75,RNA,2020-09-02,1,1,0.0537189746357746
ITUB4,1.015,75,Random Forest,2020-09-02,1,1,0.0537189746357746
ITUB4,1.015,75,SVC,2020-09-02,1,1,0.0537189746357746
ITUB4,1.015,75,RNA,2020-09-03,0,1,-0.049682071299363
ITUB4,1.015,75,Random Forest,2020-09-03,0,1,-0.049682071299363
ITUB4,1.015,75,SVC,2020-09-03,0,1,-0.049682071299363
ITUB4,1.015,75,RNA,2020-09-04,0,1,-0.0378664667573277
ITUB4,1.015,75,Random Forest,2020-09-04,0,1,-0.0378664667573277
ITUB4,1.015,75,SVC,2020-09-04,0,1,-0.0378664667573277
ITUB4,1.015,75,RNA,2020-09-08,0,0,-0.0223577098086357
ITUB4,1.015,75,Random Forest,2020-09-08,0,1,-0.0223577098086357
ITUB4,1.015,75,SVC,2020-09-08,0,1,-0.0223577098086357
ITUB4,1.015,75,RNA,2020-09-09,0,1,-0.0274590269393506
ITUB4,1.015,75,Random Forest,2020-09-09,0,1,-0.0274590269393506
ITUB4,1.015,75,SVC,2020-09-09,0,1,-0.0274590269393506
ITUB4,1.015,75,RNA,2020-09-10,0,1,-0.0121086080660095
ITUB4,1.015,75,Random Forest,2020-09-10,0,0,-0.0121086080660095
ITUB4,1.015,75,SVC,2020-09-10,0,1,-0.0121086080660095
ITUB4,1.015,75,RNA,2020-09-11,1,1,0.0184951403690551
ITUB4,1.015,75,Random Forest,2020-09-11,1,1,0.0184951403690551
ITUB4,1.015,75,SVC,2020-09-11,1,1,0.0184951403690551
ITUB4,1.015,75,RNA,2020-09-14,0,1,-0.0442697578550813
ITUB4,1.015,75,Random Forest,2020-09-14,0,1,-0.0442697578550813
ITUB4,1.015,75,SVC,2020-09-14,0,1,-0.0442697578550813
ITUB4,1.015,75,RNA,2020-09-15,1,1,0.0193602722823218
ITUB4,1.015,75,Random Forest,2020-09-15,1,0,0.0193602722823218
ITUB4,1.015,75,SVC,2020-09-15,1,1,0.0193602722823218
ITUB4,1.015,75,RNA,2020-09-16,0,1,-0.0170213372515174
ITUB4,1.015,75,Random Forest,2020-09-16,0,0,-0.0170213372515174
ITUB4,1.015,75,SVC,2020-09-16,0,1,-0.0170213372515174
ITUB4,1.015,75,RNA,2020-09-17,0,0,-0.0434042559897153
ITUB4,1.015,75,Random Forest,2020-09-17,0,1,-0.0434042559897153
ITUB4,1.015,75,SVC,2020-09-17,0,1,-0.0434042559897153
ITUB4,1.015,75,RNA,2020-09-18,1,0,0.0259341097752121
ITUB4,1.015,75,Random Forest,2020-09-18,1,1,0.0259341097752121
ITUB4,1.015,75,SVC,2020-09-18,1,1,0.0259341097752121
ITUB4,1.015,75,RNA,2020-09-21,1,0,0.0214442476082039
ITUB4,1.015,75,Random Forest,2020-09-21,1,0,0.0214442476082039
ITUB4,1.015,75,SVC,2020-09-21,1,1,0.0214442476082039
ITUB4,1.015,75,RNA,2020-09-22,1,0,0.0427574347903934
ITUB4,1.015,75,Random Forest,2020-09-22,1,0,0.0427574347903934
ITUB4,1.015,75,SVC,2020-09-22,1,1,0.0427574347903934
ITUB4,1.015,75,RNA,2020-09-23,1,0,0.0622222597945596
ITUB4,1.015,75,Random Forest,2020-09-23,1,1,0.0622222597945596
ITUB4,1.015,75,SVC,2020-09-23,1,1,0.0622222597945596
ITUB4,1.015,75,RNA,2020-09-24,1,1,0.0477860888660908
ITUB4,1.015,75,Random Forest,2020-09-24,1,1,0.0477860888660908
ITUB4,1.015,75,SVC,2020-09-24,1,1,0.0477860888660908
ITUB4,1.015,75,RNA,2020-09-25,1,1,0.0279570454537556
ITUB4,1.015,75,Random Forest,2020-09-25,1,1,0.0279570454537556
ITUB4,1.015,75,SVC,2020-09-25,1,1,0.0279570454537556
ITUB4,1.015,75,RNA,2020-09-28,1,1,0.0190203345378421
ITUB4,1.015,75,Random Forest,2020-09-28,1,1,0.0190203345378421
ITUB4,1.015,75,SVC,2020-09-28,1,1,0.0190203345378421
ITUB4,1.015,75,RNA,2020-09-29,1,1,0.0334616661951561
ITUB4,1.015,75,Random Forest,2020-09-29,1,1,0.0334616661951561
ITUB4,1.015,75,SVC,2020-09-29,1,1,0.0334616661951561
ITUB4,1.015,75,RNA,2020-09-30,1,0,0.0368070339132116
ITUB4,1.015,75,Random Forest,2020-09-30,1,1,0.0368070339132116
ITUB4,1.015,75,SVC,2020-09-30,1,1,0.0368070339132116
ITUB4,1.015,75,RNA,2020-10-01,1,1,0.0456171422342353
ITUB4,1.015,75,Random Forest,2020-10-01,1,1,0.0456171422342353
ITUB4,1.015,75,SVC,2020-10-01,1,1,0.0456171422342353
ITUB4,1.015,75,RNA,2020-10-02,1,1,0.0686619753504143
ITUB4,1.015,75,Random Forest,2020-10-02,1,1,0.0686619753504143
ITUB4,1.015,75,SVC,2020-10-02,1,1,0.0686619753504143
ITUB4,1.015,75,RNA,2020-10-05,1,0,0.0658293744983689
ITUB4,1.015,75,Random Forest,2020-10-05,1,1,0.0658293744983689
ITUB4,1.015,75,SVC,2020-10-05,1,1,0.0658293744983689
ITUB4,1.015,75,RNA,2020-10-06,1,1,0.073266450767367
ITUB4,1.015,75,Random Forest,2020-10-06,1,1,0.073266450767367
ITUB4,1.015,75,SVC,2020-10-06,1,1,0.073266450767367
ITUB4,1.015,75,RNA,2020-10-07,1,1,0.0831865955059465
ITUB4,1.015,75,Random Forest,2020-10-07,1,1,0.0831865955059465
ITUB4,1.015,75,SVC,2020-10-07,1,1,0.0831865955059465
ITUB4,1.015,75,RNA,2020-10-08,1,1,0.0297071430969475
ITUB4,1.015,75,Random Forest,2020-10-08,1,1,0.0297071430969475
ITUB4,1.015,75,SVC,2020-10-08,1,1,0.0297071430969475
ITUB4,1.015,75,RNA,2020-10-09,0,0,-0.0362802404900939
ITUB4,1.015,75,Random Forest,2020-10-09,0,1,-0.0362802404900939
ITUB4,1.015,75,SVC,2020-10-09,0,1,-0.0362802404900939
ITUB4,1.015,75,RNA,2020-10-13,0,0,-0.0221850319809396
ITUB4,1.015,75,Random Forest,2020-10-13,0,1,-0.0221850319809396
ITUB4,1.015,75,SVC,2020-10-13,0,1,-0.0221850319809396
ITUB4,1.015,75,RNA,2020-10-14,1,1,0.0400681808990803
ITUB4,1.015,75,Random Forest,2020-10-14,1,1,0.0400681808990803
ITUB4,1.015,75,SVC,2020-10-14,1,1,0.0400681808990803
ITUB4,1.015,75,RNA,2020-10-15,1,1,0.0653566390432678
ITUB4,1.015,75,Random Forest,2020-10-15,1,1,0.0653566390432678
ITUB4,1.015,75,SVC,2020-10-15,1,1,0.0653566390432678
ITUB4,1.015,75,RNA,2020-10-16,1,1,0.11483876634427
ITUB4,1.015,75,Random Forest,2020-10-16,1,1,0.11483876634427
ITUB4,1.015,75,SVC,2020-10-16,1,1,0.11483876634427
ITUB4,1.015,75,RNA,2020-10-19,1,1,0.118197300318922
ITUB4,1.015,75,Random Forest,2020-10-19,1,1,0.118197300318922
ITUB4,1.015,75,SVC,2020-10-19,1,1,0.118197300318922
ITUB4,1.015,75,RNA,2020-10-20,1,0,0.0840890475106483
ITUB4,1.015,75,Random Forest,2020-10-20,1,1,0.0840890475106483
ITUB4,1.015,75,SVC,2020-10-20,1,1,0.0840890475106483
ITUB4,1.015,75,RNA,2020-10-21,1,1,0.0704110699652349
ITUB4,1.015,75,Random Forest,2020-10-21,1,0,0.0704110699652349
ITUB4,1.015,75,SVC,2020-10-21,1,1,0.0704110699652349
ITUB4,1.015,75,RNA,2020-10-22,1,1,0.0154440317436874
ITUB4,1.015,75,Random Forest,2020-10-22,1,1,0.0154440317436874
ITUB4,1.015,75,SVC,2020-10-22,1,1,0.0154440317436874
ITUB4,1.015,75,RNA,2020-10-23,1,1,0.0343873595312316
ITUB4,1.015,75,Random Forest,2020-10-23,1,1,0.0343873595312316
ITUB4,1.015,75,SVC,2020-10-23,1,1,0.0343873595312316
ITUB4,1.015,75,RNA,2020-10-26,0,1,-0.1003831759877499
ITUB4,1.015,75,Random Forest,2020-10-26,0,1,-0.1003831759877499
ITUB4,1.015,75,SVC,2020-10-26,0,1,-0.1003831759877499
ITUB4,1.015,75,RNA,2020-10-27,0,1,-0.0080259077651153
ITUB4,1.015,75,Random Forest,2020-10-27,0,1,-0.0080259077651153
ITUB4,1.015,75,SVC,2020-10-27,0,1,-0.0080259077651153
ITUB4,1.015,75,RNA,2020-10-28,1,1,0.0923010194563827
ITUB4,1.015,75,Random Forest,2020-10-28,1,1,0.0923010194563827
ITUB4,1.015,75,SVC,2020-10-28,1,1,0.0923010194563827
ITUB4,1.015,75,RNA,2020-10-29,1,1,0.09753006142946
ITUB4,1.015,75,Random Forest,2020-10-29,1,1,0.09753006142946
ITUB4,1.015,75,SVC,2020-10-29,1,1,0.09753006142946
ITUB4,1.015,75,RNA,2020-10-30,1,0,0.0853556306420686
ITUB4,1.015,75,Random Forest,2020-10-30,1,1,0.0853556306420686
ITUB4,1.015,75,SVC,2020-10-30,1,1,0.0853556306420686
ITUB4,1.015,75,RNA,2020-11-03,1,1,0.098823556402056
ITUB4,1.015,75,Random Forest,2020-11-03,1,1,0.098823556402056
ITUB4,1.015,75,SVC,2020-11-03,1,1,0.098823556402056
ITUB4,1.015,75,RNA,2020-11-04,1,1,0.1426891105399597
ITUB4,1.015,75,Random Forest,2020-11-04,1,1,0.1426891105399597
ITUB4,1.015,75,SVC,2020-11-04,1,1,0.1426891105399597
ITUB4,1.015,75,RNA,2020-11-05,1,1,0.1499013403847908
ITUB4,1.015,75,Random Forest,2020-11-05,1,1,0.1499013403847908
ITUB4,1.015,75,SVC,2020-11-05,1,1,0.1499013403847908
ITUB4,1.015,75,RNA,2020-11-06,1,1,0.0901271280955002
ITUB4,1.015,75,Random Forest,2020-11-06,1,1,0.0901271280955002
ITUB4,1.015,75,SVC,2020-11-06,1,1,0.0901271280955002
ITUB4,1.015,75,RNA,2020-11-09,1,1,0.0542495176861386
ITUB4,1.015,75,Random Forest,2020-11-09,1,1,0.0542495176861386
ITUB4,1.015,75,SVC,2020-11-09,1,1,0.0542495176861386
ITUB4,1.015,75,RNA,2020-11-10,1,1,0.0288595095407218
ITUB4,1.015,75,Random Forest,2020-11-10,1,1,0.0288595095407218
ITUB4,1.015,75,SVC,2020-11-10,1,1,0.0288595095407218
ITUB4,1.015,75,RNA,2020-11-11,1,1,0.0418719310893587
ITUB4,1.015,75,Random Forest,2020-11-11,1,1,0.0418719310893587
ITUB4,1.015,75,SVC,2020-11-11,1,1,0.0418719310893587
ITUB4,1.015,75,RNA,2020-11-12,1,1,0.0511182678695223
ITUB4,1.015,75,Random Forest,2020-11-12,1,1,0.0511182678695223
ITUB4,1.015,75,SVC,2020-11-12,1,1,0.0511182678695223
ITUB4,1.015,75,RNA,2020-11-13,1,1,0.0203308279387699
ITUB4,1.015,75,Random Forest,2020-11-13,1,1,0.0203308279387699
ITUB4,1.015,75,SVC,2020-11-13,1,1,0.0203308279387699
ITUB4,1.015,75,RNA,2020-11-16,0,1,-0.027919660922846
ITUB4,1.015,75,Random Forest,2020-11-16,0,1,-0.027919660922846
ITUB4,1.015,75,SVC,2020-11-16,0,1,-0.027919660922846
ITUB4,1.015,75,RNA,2020-11-17,0,1,-0.0180088230517778
ITUB4,1.015,75,Random Forest,2020-11-17,0,1,-0.0180088230517778
ITUB4,1.015,75,SVC,2020-11-17,0,1,-0.0180088230517778
ITUB4,1.015,75,RNA,2020-11-18,1,0,0.0442906605390951
ITUB4,1.015,75,Random Forest,2020-11-18,1,0,0.0442906605390951
ITUB4,1.015,75,SVC,2020-11-18,1,1,0.0442906605390951
ITUB4,1.015,75,RNA,2020-11-19,1,1,0.0508356418377982
ITUB4,1.015,75,Random Forest,2020-11-19,1,0,0.0508356418377982
ITUB4,1.015,75,SVC,2020-11-19,1,1,0.0508356418377982
ITUB4,1.015,75,RNA,2020-11-20,1,1,0.0461005322107046
ITUB4,1.015,75,Random Forest,2020-11-20,1,1,0.0461005322107046
ITUB4,1.015,75,SVC,2020-11-20,1,1,0.0461005322107046
ITUB4,1.015,75,RNA,2020-11-23,1,1,0.0371134289809937
ITUB4,1.015,75,Random Forest,2020-11-23,1,1,0.0371134289809937
ITUB4,1.015,75,SVC,2020-11-23,1,1,0.0371134289809937
ITUB4,1.015,75,RNA,2020-11-24,0,1,-0.03578660750852
ITUB4,1.015,75,Random Forest,2020-11-24,0,1,-0.03578660750852
ITUB4,1.015,75,SVC,2020-11-24,0,1,-0.03578660750852
ITUB4,1.015,75,RNA,2020-11-25,1,1,0.0408332238538822
ITUB4,1.015,75,Random Forest,2020-11-25,1,1,0.0408332238538822
ITUB4,1.015,75,SVC,2020-11-25,1,1,0.0408332238538822
ITUB4,1.015,75,RNA,2020-11-26,1,1,0.0494321492152238
ITUB4,1.015,75,Random Forest,2020-11-26,1,1,0.0494321492152238
ITUB4,1.015,75,SVC,2020-11-26,1,1,0.0494321492152238
ITUB4,1.015,75,RNA,2020-11-27,1,1,0.0664901952398673
ITUB4,1.015,75,Random Forest,2020-11-27,1,1,0.0664901952398673
ITUB4,1.015,75,SVC,2020-11-27,1,1,0.0664901952398673
ITUB4,1.015,75,RNA,2020-11-30,1,1,0.062994829341191
ITUB4,1.015,75,Random Forest,2020-11-30,1,1,0.062994829341191
ITUB4,1.015,75,SVC,2020-11-30,1,1,0.062994829341191
ITUB4,1.015,75,RNA,2020-12-01,1,1,0.038101594443231
ITUB4,1.015,75,Random Forest,2020-12-01,1,1,0.038101594443231
ITUB4,1.015,75,SVC,2020-12-01,1,1,0.038101594443231
ITUB4,1.015,75,RNA,2020-12-02,1,1,0.0328467293667715
ITUB4,1.015,75,Random Forest,2020-12-02,1,1,0.0328467293667715
ITUB4,1.015,75,SVC,2020-12-02,1,1,0.0328467293667715
ITUB4,1.015,75,RNA,2020-12-03,1,1,0.0301124968107175
ITUB4,1.015,75,Random Forest,2020-12-03,1,1,0.0301124968107175
ITUB4,1.015,75,SVC,2020-12-03,1,1,0.0301124968107175
ITUB4,1.015,75,RNA,2020-12-04,1,1,0.0485950358689428
ITUB4,1.015,75,Random Forest,2020-12-04,1,1,0.0485950358689428
ITUB4,1.015,75,SVC,2020-12-04,1,1,0.0485950358689428
ITUB4,1.015,75,RNA,2020-12-07,1,1,0.0420499401720753
ITUB4,1.015,75,Random Forest,2020-12-07,1,1,0.0420499401720753
ITUB4,1.015,75,SVC,2020-12-07,1,1,0.0420499401720753
ITUB4,1.015,75,RNA,2020-12-08,1,1,0.043764374806493
ITUB4,1.015,75,Random Forest,2020-12-08,1,1,0.043764374806493
ITUB4,1.015,75,SVC,2020-12-08,1,1,0.043764374806493
ITUB4,1.015,75,RNA,2020-12-09,1,1,0.0312093812058198
ITUB4,1.015,75,Random Forest,2020-12-09,1,1,0.0312093812058198
ITUB4,1.015,75,SVC,2020-12-09,1,1,0.0312093812058198
ITUB4,1.015,75,RNA,2020-12-10,1,1,0.0324029464129325
ITUB4,1.015,75,Random Forest,2020-12-10,1,1,0.0324029464129325
ITUB4,1.015,75,SVC,2020-12-10,1,1,0.0324029464129325
ITUB4,1.015,75,RNA,2020-12-11,1,1,0.0225611366906675
ITUB4,1.015,75,Random Forest,2020-12-11,1,1,0.0225611366906675
ITUB4,1.015,75,SVC,2020-12-11,1,1,0.0225611366906675
ITUB4,1.015,75,RNA,2020-12-14,1,1,0.0390700816184832
ITUB4,1.015,75,Random Forest,2020-12-14,1,1,0.0390700816184832
ITUB4,1.015,75,SVC,2020-12-14,1,1,0.0390700816184832
ITUB4,1.015,75,RNA,2020-12-15,1,1,0.0300895949027364
ITUB4,1.015,75,Random Forest,2020-12-15,1,1,0.0300895949027364
ITUB4,1.015,75,SVC,2020-12-15,1,1,0.0300895949027364
ITUB4,1.015,75,RNA,2020-12-16,0,1,-0.0200689812405855
ITUB4,1.015,75,Random Forest,2020-12-16,0,1,-0.0200689812405855
ITUB4,1.015,75,SVC,2020-12-16,0,1,-0.0200689812405855
ITUB4,1.015,75,RNA,2020-12-17,0,1,0.0069356751979159
ITUB4,1.015,75,Random Forest,2020-12-17,0,1,0.0069356751979159
ITUB4,1.015,75,SVC,2020-12-17,0,1,0.0069356751979159
ITUB4,1.015,75,RNA,2020-12-18,1,1,0.0444444396441925
ITUB4,1.015,75,Random Forest,2020-12-18,1,1,0.0444444396441925
ITUB4,1.015,75,SVC,2020-12-18,1,1,0.0444444396441925
ITUB4,1.015,75,RNA,2020-12-21,1,1,0.0404235016713008
ITUB4,1.015,75,Random Forest,2020-12-21,1,1,0.0404235016713008
ITUB4,1.015,75,SVC,2020-12-21,1,1,0.0404235016713008
ITUB4,1.015,75,RNA,2020-12-22,1,1,0.0354406164626421
ITUB4,1.015,75,Random Forest,2020-12-22,1,1,0.0354406164626421
ITUB4,1.015,75,SVC,2020-12-22,1,1,0.0354406164626421
ITUB4,1.015,75,RNA,2020-12-23,0,1,-0.0405135301232991
ITUB4,1.015,75,Random Forest,2020-12-23,0,1,-0.0405135301232991
ITUB4,1.015,75,SVC,2020-12-23,0,1,-0.0405135301232991
ITUB4,1.015,75,RNA,2020-12-28,0,1,-0.0482008225666257
ITUB4,1.015,75,Random Forest,2020-12-28,0,1,-0.0482008225666257
ITUB4,1.015,75,SVC,2020-12-28,0,1,-0.0482008225666257
ITUB4,1.015,75,RNA,2020-12-29,0,1,-0.0197216823578263
ITUB4,1.015,75,Random Forest,2020-12-29,0,0,-0.0197216823578263
ITUB4,1.015,75,SVC,2020-12-29,0,1,-0.0197216823578263
ITUB4,1.015,75,RNA,2020-12-30,1,1,0.0337711057619314
ITUB4,1.015,75,Random Forest,2020-12-30,1,0,0.0337711057619314
ITUB4,1.015,75,SVC,2020-12-30,1,1,0.0337711057619314
ITUB4,1.015,75,RNA,2021-01-04,1,1,0.0881874005782368
ITUB4,1.015,75,Random Forest,2021-01-04,1,1,0.0881874005782368
ITUB4,1.015,75,SVC,2021-01-04,1,1,0.0881874005782368
ITUB4,1.015,75,RNA,2021-01-05,1,1,0.0794060470569981
ITUB4,1.015,75,Random Forest,2021-01-05,1,1,0.0794060470569981
ITUB4,1.015,75,SVC,2021-01-05,1,1,0.0794060470569981
ITUB4,1.015,75,RNA,2021-01-06,1,1,0.0565560590595639
ITUB4,1.015,75,Random Forest,2021-01-06,1,1,0.0565560590595639
ITUB4,1.015,75,SVC,2021-01-06,1,1,0.0565560590595639
ITUB4,1.015,75,RNA,2021-01-07,1,1,0.015487388545561
ITUB4,1.015,75,Random Forest,2021-01-07,1,1,0.015487388545561
ITUB4,1.015,75,SVC,2021-01-07,1,1,0.015487388545561
ITUB4,1.015,75,RNA,2021-01-08,0,1,0.0036957017820189
ITUB4,1.015,75,Random Forest,2021-01-08,0,0,0.0036957017820189
ITUB4,1.015,75,SVC,2021-01-08,0,1,0.0036957017820189
ITUB4,1.015,75,RNA,2021-01-11,1,1,0.023617181899169
ITUB4,1.015,75,Random Forest,2021-01-11,1,1,0.023617181899169
ITUB4,1.015,75,SVC,2021-01-11,1,1,0.023617181899169
ITUB4,1.015,75,RNA,2021-01-12,1,1,0.023617181899169
ITUB4,1.015,75,Random Forest,2021-01-12,1,1,0.023617181899169
ITUB4,1.015,75,SVC,2021-01-12,1,1,0.023617181899169
ITUB4,1.015,75,RNA,2021-01-13,1,1,0.0287320828497581
ITUB4,1.015,75,Random Forest,2021-01-13,1,1,0.0287320828497581
ITUB4,1.015,75,SVC,2021-01-13,1,1,0.0287320828497581
ITUB4,1.015,75,RNA,2021-01-14,0,1,-0.0539781202614298
ITUB4,1.015,75,Random Forest,2021-01-14,0,1,-0.0539781202614298
ITUB4,1.015,75,SVC,2021-01-14,0,1,-0.0539781202614298
ITUB4,1.015,75,RNA,2021-01-15,0,1,-0.0552747969843345
ITUB4,1.015,75,Random Forest,2021-01-15,0,1,-0.0552747969843345
ITUB4,1.015,75,SVC,2021-01-15,0,1,-0.0552747969843345
ITUB4,1.015,75,RNA,2021-01-18,0,1,-0.0704985864229434
ITUB4,1.015,75,Random Forest,2021-01-18,0,1,-0.0704985864229434
ITUB4,1.015,75,SVC,2021-01-18,0,1,-0.0704985864229434
ITUB4,1.015,75,RNA,2021-01-19,0,1,-0.0886150239810069
ITUB4,1.015,75,Random Forest,2021-01-19,0,1,-0.0886150239810069
ITUB4,1.015,75,SVC,2021-01-19,0,1,-0.0886150239810069
ITUB4,1.015,75,RNA,2021-01-20,0,1,-0.0673328039288109
ITUB4,1.015,75,Random Forest,2021-01-20,0,0,-0.0673328039288109
ITUB4,1.015,75,SVC,2021-01-20,0,1,-0.0673328039288109
ITUB4,1.015,75,RNA,2021-01-21,1,1,0.0222649824911711
ITUB4,1.015,75,Random Forest,2021-01-21,1,0,0.0222649824911711
ITUB4,1.015,75,SVC,2021-01-21,1,1,0.0222649824911711
ITUB4,1.015,75,RNA,2021-01-22,1,1,0.0296653672424476
ITUB4,1.015,75,Random Forest,2021-01-22,1,0,0.0296653672424476
ITUB4,1.015,75,SVC,2021-01-22,1,1,0.0296653672424476
ITUB4,1.015,75,RNA,2021-01-26,1,1,0.0540732807763564
ITUB4,1.015,75,Random Forest,2021-01-26,1,0,0.0540732807763564
ITUB4,1.015,75,SVC,2021-01-26,1,1,0.0540732807763564
ITUB4,1.015,75,RNA,2021-01-27,1,1,0.0473665207343632
ITUB4,1.015,75,Random Forest,2021-01-27,1,1,0.0473665207343632
ITUB4,1.015,75,SVC,2021-01-27,1,1,0.0473665207343632
ITUB4,1.015,75,RNA,2021-01-28,0,1,-0.0302878339971227
ITUB4,1.015,75,Random Forest,2021-01-28,0,1,-0.0302878339971227
ITUB4,1.015,75,SVC,2021-01-28,0,1,-0.0302878339971227
ITUB4,1.015,75,RNA,2021-01-29,0,1,-0.0275861770707103
ITUB4,1.015,75,Random Forest,2021-01-29,0,1,-0.0275861770707103
ITUB4,1.015,75,SVC,2021-01-29,0,1,-0.0275861770707103
ITUB4,1.015,75,RNA,2021-02-01,0,1,-0.0343878997321204
ITUB4,1.015,75,Random Forest,2021-02-01,0,1,-0.0343878997321204
ITUB4,1.015,75,SVC,2021-02-01,0,1,-0.0343878997321204
ITUB4,1.015,75,RNA,2021-02-02,0,1,-0.0417246003802067
ITUB4,1.015,75,Random Forest,2021-02-02,0,0,-0.0417246003802067
ITUB4,1.015,75,SVC,2021-02-02,0,1,-0.0417246003802067
ITUB4,1.015,75,RNA,2021-02-03,0,0,-0.0224325147761027
ITUB4,1.015,75,Random Forest,2021-02-03,0,0,-0.0224325147761027
ITUB4,1.015,75,SVC,2021-02-03,0,1,-0.0224325147761027
ITUB4,1.015,75,RNA,2021-02-04,0,0,-0.0219003777680932
ITUB4,1.015,75,Random Forest,2021-02-04,0,0,-0.0219003777680932
ITUB4,1.015,75,SVC,2021-02-04,0,1,-0.0219003777680932
ITUB4,1.015,75,RNA,2021-02-05,0,1,-0.0110713935270033
ITUB4,1.015,75,Random Forest,2021-02-05,0,0,-0.0110713935270033
ITUB4,1.015,75,SVC,2021-02-05,0,1,-0.0110713935270033
ITUB4,1.015,75,RNA,2021-02-08,1,1,0.0334667309687555
ITUB4,1.015,75,Random Forest,2021-02-08,1,0,0.0334667309687555
ITUB4,1.015,75,SVC,2021-02-08,1,0,0.0334667309687555
ITUB4,1.015,75,RNA,2021-02-09,0,0,0.0075269177469319
ITUB4,1.015,75,Random Forest,2021-02-09,0,0,0.0075269177469319
ITUB4,1.015,75,SVC,2021-02-09,0,0,0.0075269177469319
ITUB4,1.015,75,RNA,2021-02-10,1,0,0.0182207951895061
ITUB4,1.015,75,Random Forest,2021-02-10,1,0,0.0182207951895061
ITUB4,1.015,75,SVC,2021-02-10,1,1,0.0182207951895061
ITUB4,1.015,75,RNA,2021-02-11,1,1,0.0352342371766787
ITUB4,1.015,75,Random Forest,2021-02-11,1,1,0.0352342371766787
ITUB4,1.015,75,SVC,2021-02-11,1,0,0.0352342371766787
ITUB4,1.015,75,RNA,2021-02-12,1,0,0.0251798359921979
ITUB4,1.015,75,Random Forest,2021-02-12,1,1,0.0251798359921979
ITUB4,1.015,75,SVC,2021-02-12,1,0,0.0251798359921979
ITUB4,1.015,75,RNA,2021-02-17,1,1,0.0207736329190337
ITUB4,1.015,75,Random Forest,2021-02-17,1,1,0.0207736329190337
ITUB4,1.015,75,SVC,2021-02-17,1,0,0.0207736329190337
ITUB4,1.015,75,RNA,2021-02-18,0,1,-0.0372893524407473
ITUB4,1.015,75,Random Forest,2021-02-18,0,1,-0.0372893524407473
ITUB4,1.015,75,SVC,2021-02-18,0,1,-0.0372893524407473
ITUB4,1.015,75,RNA,2021-02-19,1,1,0.0365348485360947
ITUB4,1.015,75,Random Forest,2021-02-19,1,1,0.0365348485360947
ITUB4,1.015,75,SVC,2021-02-19,1,1,0.0365348485360947
ITUB4,1.015,75,RNA,2021-02-22,1,1,0.0621382322411783
ITUB4,1.015,75,Random Forest,2021-02-22,1,1,0.0621382322411783
ITUB4,1.015,75,SVC,2021-02-22,1,1,0.0621382322411783
ITUB4,1.015,75,RNA,2021-02-23,0,1,-0.0913225913590477
ITUB4,1.015,75,Random Forest,2021-02-23,0,1,-0.0913225913590477
ITUB4,1.015,75,SVC,2021-02-23,0,1,-0.0913225913590477
ITUB4,1.015,75,RNA,2021-02-24,0,1,-0.0360118712557699
ITUB4,1.015,75,Random Forest,2021-02-24,0,1,-0.0360118712557699
ITUB4,1.015,75,SVC,2021-02-24,0,1,-0.0360118712557699
ITUB4,1.015,75,RNA,2021-02-25,0,1,-0.0135430252372836
ITUB4,1.015,75,Random Forest,2021-02-25,0,1,-0.0135430252372836
ITUB4,1.015,75,SVC,2021-02-25,0,1,-0.0135430252372836
ITUB4,1.015,75,RNA,2021-02-26,1,0,0.0463320223016965
ITUB4,1.015,75,Random Forest,2021-02-26,1,0,0.0463320223016965
ITUB4,1.015,75,SVC,2021-02-26,1,1,0.0463320223016965
ITUB4,1.015,75,RNA,2021-03-01,1,0,0.1434442933181736
ITUB4,1.015,75,Random Forest,2021-03-01,1,0,0.1434442933181736
ITUB4,1.015,75,SVC,2021-03-01,1,1,0.1434442933181736
ITUB4,1.015,75,RNA,2021-03-02,1,1,0.0857586160532484
ITUB4,1.015,75,Random Forest,2021-03-02,1,0,0.0857586160532484
ITUB4,1.015,75,SVC,2021-03-02,1,1,0.0857586160532484
ITUB4,1.015,75,RNA,2021-03-03,1,1,0.0753266620217889
ITUB4,1.015,75,Random Forest,2021-03-03,1,1,0.0753266620217889
ITUB4,1.015,75,SVC,2021-03-03,1,1,0.0753266620217889
ITUB4,1.015,75,RNA,2021-03-04,1,0,0.046763898205927
ITUB4,1.015,75,Random Forest,2021-03-04,1,0,0.046763898205927
ITUB4,1.015,75,SVC,2021-03-04,1,1,0.046763898205927
ITUB4,1.015,75,RNA,2021-03-05,1,1,0.0401486977823954
ITUB4,1.015,75,Random Forest,2021-03-05,1,0,0.0401486977823954
ITUB4,1.015,75,SVC,2021-03-05,1,1,0.0401486977823954
ITUB4,1.015,75,RNA,2021-03-08,1,0,0.0473328298302244
ITUB4,1.015,75,Random Forest,2021-03-08,1,0,0.0473328298302244
ITUB4,1.015,75,SVC,2021-03-08,1,1,0.0473328298302244
ITUB4,1.015,75,RNA,2021-03-09,1,1,0.0284028508776768
ITUB4,1.015,75,Random Forest,2021-03-09,1,1,0.0284028508776768
ITUB4,1.015,75,SVC,2021-03-09,1,1,0.0284028508776768
ITUB4,1.015,75,RNA,2021-03-10,0,1,-0.0239130229278435
ITUB4,1.015,75,Random Forest,2021-03-10,0,0,-0.0239130229278435
ITUB4,1.015,75,SVC,2021-03-10,0,1,-0.0239130229278435
ITUB4,1.015,75,RNA,2021-03-11,1,1,0.0331491705943713
ITUB4,1.015,75,Random Forest,2021-03-11,1,1,0.0331491705943713
ITUB4,1.015,75,SVC,2021-03-11,1,1,0.0331491705943713
ITUB4,1.015,75,RNA,2021-03-12,1,1,0.0578269000833795
ITUB4,1.015,75,Random Forest,2021-03-12,1,0,0.0578269000833795
ITUB4,1.015,75,SVC,2021-03-12,1,1,0.0578269000833795
ITUB4,1.015,75,RNA,2021-03-15,1,1,0.0439840183544875
ITUB4,1.015,75,Random Forest,2021-03-15,1,1,0.0439840183544875
ITUB4,1.015,75,SVC,2021-03-15,1,1,0.0439840183544875
ITUB4,1.015,75,RNA,2021-03-16,1,1,0.0692479720168266
ITUB4,1.015,75,Random Forest,2021-03-16,1,1,0.0692479720168266
ITUB4,1.015,75,SVC,2021-03-16,1,1,0.0692479720168266
ITUB4,1.015,75,RNA,2021-03-17,1,1,0.0282849904767277
ITUB4,1.015,75,Random Forest,2021-03-17,1,1,0.0282849904767277
ITUB4,1.015,75,SVC,2021-03-17,1,1,0.0282849904767277
ITUB4,1.015,75,RNA,2021-03-18,0,1,-0.0378895425858152
ITUB4,1.015,75,Random Forest,2021-03-18,0,1,-0.0378895425858152
ITUB4,1.015,75,SVC,2021-03-18,0,1,-0.0378895425858152
ITUB4,1.015,75,RNA,2021-03-19,1,1,0.0189352999389413
ITUB4,1.015,75,Random Forest,2021-03-19,1,1,0.0189352999389413
ITUB4,1.015,75,SVC,2021-03-19,1,1,0.0189352999389413
ITUB4,1.015,75,RNA,2021-03-22,1,1,0.0185714213644911
ITUB4,1.015,75,Random Forest,2021-03-22,1,1,0.0185714213644911
ITUB4,1.015,75,SVC,2021-03-22,1,1,0.0185714213644911
ITUB4,1.015,75,RNA,2021-03-23,1,1,0.0224944756312401
ITUB4,1.015,75,Random Forest,2021-03-23,1,0,0.0224944756312401
ITUB4,1.015,75,SVC,2021-03-23,1,1,0.0224944756312401
ITUB4,1.015,75,RNA,2021-03-24,1,1,0.0593470182772912
ITUB4,1.015,75,Random Forest,2021-03-24,1,1,0.0593470182772912
ITUB4,1.015,75,SVC,2021-03-24,1,1,0.0593470182772912
ITUB4,1.015,75,RNA,2021-03-25,1,1,0.0374272809220519
ITUB4,1.015,75,Random Forest,2021-03-25,1,1,0.0374272809220519
ITUB4,1.015,75,SVC,2021-03-25,1,1,0.0374272809220519
ITUB4,1.015,75,RNA,2021-03-26,1,1,0.0152915622105445
ITUB4,1.015,75,Random Forest,2021-03-26,1,1,0.0152915622105445
ITUB4,1.015,75,SVC,2021-03-26,1,1,0.0152915622105445
ITUB4,1.015,75,RNA,2021-03-29,1,0,0.0255028571265143
ITUB4,1.015,75,Random Forest,2021-03-29,1,1,0.0255028571265143
ITUB4,1.015,75,SVC,2021-03-29,1,1,0.0255028571265143
ITUB4,1.015,75,RNA,2021-03-30,0,1,-0.0411674591974341
ITUB4,1.015,75,Random Forest,2021-03-30,0,1,-0.0411674591974341
ITUB4,1.015,75,SVC,2021-03-30,0,1,-0.0411674591974341
ITUB4,1.015,75,RNA,2021-03-31,0,1,-0.0440810652683939
ITUB4,1.015,75,Random Forest,2021-03-31,0,1,-0.0440810652683939
ITUB4,1.015,75,SVC,2021-03-31,0,1,-0.0440810652683939
ITUB4,1.015,75,RNA,2021-04-01,0,1,-0.0248537609495226
ITUB4,1.015,75,Random Forest,2021-04-01,0,1,-0.0248537609495226
ITUB4,1.015,75,SVC,2021-04-01,0,1,-0.0248537609495226
ITUB4,1.015,75,RNA,2021-04-05,0,0,-0.0312726944325443
ITUB4,1.015,75,Random Forest,2021-04-05,0,1,-0.0312726944325443
ITUB4,1.015,75,SVC,2021-04-05,0,1,-0.0312726944325443
ITUB4,1.015,75,RNA,2021-04-06,0,0,0.0103626917571664
ITUB4,1.015,75,Random Forest,2021-04-06,0,1,0.0103626917571664
ITUB4,1.015,75,SVC,2021-04-06,0,1,0.0103626917571664
ITUB4,1.015,75,RNA,2021-04-07,1,1,0.0159200435265542
ITUB4,1.015,75,Random Forest,2021-04-07,1,1,0.0159200435265542
ITUB4,1.015,75,SVC,2021-04-07,1,1,0.0159200435265542
ITUB4,1.015,75,RNA,2021-04-08,1,1,0.0588013779655249
ITUB4,1.015,75,Random Forest,2021-04-08,1,1,0.0588013779655249
ITUB4,1.015,75,SVC,2021-04-08,1,1,0.0588013779655249
ITUB4,1.015,75,RNA,2021-04-09,1,1,0.048134370322842
ITUB4,1.015,75,Random Forest,2021-04-09,1,1,0.048134370322842
ITUB4,1.015,75,SVC,2021-04-09,1,1,0.048134370322842
ITUB4,1.015,75,RNA,2021-04-12,1,0,0.0342288938632082
ITUB4,1.015,75,Random Forest,2021-04-12,1,1,0.0342288938632082
ITUB4,1.015,75,SVC,2021-04-12,1,1,0.0342288938632082
ITUB4,1.015,75,RNA,2021-04-13,1,0,0.0270467861948544
ITUB4,1.015,75,Random Forest,2021-04-13,1,1,0.0270467861948544
ITUB4,1.015,75,SVC,2021-04-13,1,1,0.0270467861948544
ITUB4,1.015,75,RNA,2021-04-14,1,1,0.0159074178034333
ITUB4,1.015,75,Random Forest,2021-04-14,1,1,0.0159074178034333
ITUB4,1.015,75,SVC,2021-04-14,1,1,0.0159074178034333
ITUB4,1.015,75,RNA,2021-04-15,1,1,0.0221898468426899
ITUB4,1.015,75,Random Forest,2021-04-15,1,1,0.0221898468426899
ITUB4,1.015,75,SVC,2021-04-15,1,1,0.0221898468426899
ITUB4,1.015,75,RNA,2021-04-16,0,1,-0.0125537985959441
ITUB4,1.015,75,Random Forest,2021-04-16,0,1,-0.0125537985959441
ITUB4,1.015,75,SVC,2021-04-16,0,1,-0.0125537985959441
ITUB4,1.015,75,RNA,2021-04-19,1,1,0.0178766828608087
ITUB4,1.015,75,Random Forest,2021-04-19,1,1,0.0178766828608087
ITUB4,1.015,75,SVC,2021-04-19,1,1,0.0178766828608087
ITUB4,1.015,75,RNA,2021-04-20,0,0,-0.0159825944875235
ITUB4,1.015,75,Random Forest,2021-04-20,0,1,-0.0159825944875235
ITUB4,1.015,75,SVC,2021-04-20,0,1,-0.0159825944875235
ITUB4,1.015,75,RNA,2021-04-22,1,1,0.0331194064646742
ITUB4,1.015,75,Random Forest,2021-04-22,1,1,0.0331194064646742
ITUB4,1.015,75,SVC,2021-04-22,1,1,0.0331194064646742
ITUB4,1.015,75,RNA,2021-04-23,1,1,0.0267160254810165
ITUB4,1.015,75,Random Forest,2021-04-23,1,1,0.0267160254810165
ITUB4,1.015,75,SVC,2021-04-23,1,1,0.0267160254810165
ITUB4,1.015,75,RNA,2021-04-26,1,0,0.0341912483841178
ITUB4,1.015,75,Random Forest,2021-04-26,1,1,0.0341912483841178
ITUB4,1.015,75,SVC,2021-04-26,1,1,0.0341912483841178
ITUB4,1.015,75,RNA,2021-04-27,1,1,0.0301598584678914
ITUB4,1.015,75,Random Forest,2021-04-27,1,1,0.0301598584678914
ITUB4,1.015,75,SVC,2021-04-27,1,1,0.0301598584678914
ITUB4,1.015,75,RNA,2021-04-28,0,1,-0.0516478443557051
ITUB4,1.015,75,Random Forest,2021-04-28,0,1,-0.0516478443557051
ITUB4,1.015,75,SVC,2021-04-28,0,1,-0.0516478443557051
ITUB4,1.015,75,RNA,2021-04-29,1,1,0.0436151124843919
ITUB4,1.015,75,Random Forest,2021-04-29,1,1,0.0436151124843919
ITUB4,1.015,75,SVC,2021-04-29,1,1,0.0436151124843919
ITUB4,1.015,75,RNA,2021-04-30,1,1,0.0234657090354752
ITUB4,1.015,75,Random Forest,2021-04-30,1,1,0.0234657090354752
ITUB4,1.015,75,SVC,2021-04-30,1,1,0.0234657090354752
ITUB4,1.015,75,RNA,2021-05-03,0,1,-0.0167259863540787
ITUB4,1.015,75,Random Forest,2021-05-03,0,1,-0.0167259863540787
ITUB4,1.015,75,SVC,2021-05-03,0,1,-0.0167259863540787
ITUB4,1.015,75,RNA,2021-05-04,1,1,0.0498141083872087
ITUB4,1.015,75,Random Forest,2021-05-04,1,1,0.0498141083872087
ITUB4,1.015,75,SVC,2021-05-04,1,1,0.0498141083872087
ITUB4,1.015,75,RNA,2021-05-05,1,1,0.032163740569477
ITUB4,1.015,75,Random Forest,2021-05-05,1,1,0.032163740569477
ITUB4,1.015,75,SVC,2021-05-05,1,1,0.032163740569477
ITUB4,1.015,75,RNA,2021-05-06,1,1,0.0302809216173971
ITUB4,1.015,75,Random Forest,2021-05-06,1,1,0.0302809216173971
ITUB4,1.015,75,SVC,2021-05-06,1,1,0.0302809216173971
ITUB4,1.015,75,RNA,2021-05-07,1,0,0.0325262457639496
ITUB4,1.015,75,Random Forest,2021-05-07,1,1,0.0325262457639496
ITUB4,1.015,75,SVC,2021-05-07,1,1,0.0325262457639496
ITUB4,1.015,75,RNA,2021-05-10,1,1,0.0519105712525724
ITUB4,1.015,75,Random Forest,2021-05-10,1,1,0.0519105712525724
ITUB4,1.015,75,SVC,2021-05-10,1,1,0.0519105712525724
ITUB4,1.015,75,RNA,2021-05-11,1,1,0.0534296098273321
ITUB4,1.015,75,Random Forest,2021-05-11,1,1,0.0534296098273321
ITUB4,1.015,75,SVC,2021-05-11,1,1,0.0534296098273321
ITUB4,1.015,75,RNA,2021-05-12,1,1,0.059398724225351
ITUB4,1.015,75,Random Forest,2021-05-12,1,1,0.059398724225351
ITUB4,1.015,75,SVC,2021-05-12,1,1,0.059398724225351
ITUB4,1.015,75,RNA,2021-05-13,1,1,0.0205861694662883
ITUB4,1.015,75,Random Forest,2021-05-13,1,1,0.0205861694662883
ITUB4,1.015,75,SVC,2021-05-13,1,1,0.0205861694662883
ITUB4,1.015,75,RNA,2021-05-14,1,1,0.0294423161492605
ITUB4,1.015,75,Random Forest,2021-05-14,1,1,0.0294423161492605
ITUB4,1.015,75,SVC,2021-05-14,1,1,0.0294423161492605
ITUB4,1.015,75,RNA,2021-05-17,1,1,0.0319444151788737
ITUB4,1.015,75,Random Forest,2021-05-17,1,1,0.0319444151788737
ITUB4,1.015,75,SVC,2021-05-17,1,1,0.0319444151788737
ITUB4,1.015,75,RNA,2021-05-18,1,0,0.0417104757473452
ITUB4,1.015,75,Random Forest,2021-05-18,1,0,0.0417104757473452
ITUB4,1.015,75,SVC,2021-05-18,1,1,0.0417104757473452
ITUB4,1.015,75,RNA,2021-05-19,1,1,0.0181568715910158
ITUB4,1.015,75,Random Forest,2021-05-19,1,1,0.0181568715910158
ITUB4,1.015,75,SVC,2021-05-19,1,1,0.0181568715910158
ITUB4,1.015,75,RNA,2021-05-20,0,1,0.004054369766641
ITUB4,1.015,75,Random Forest,2021-05-20,0,0,0.004054369766641
ITUB4,1.015,75,SVC,2021-05-20,0,1,0.004054369766641
ITUB4,1.015,75,RNA,2021-05-21,0,1,-0.0108909888930758
ITUB4,1.015,75,Random Forest,2021-05-21,0,1,-0.0108909888930758
ITUB4,1.015,75,SVC,2021-05-21,0,1,-0.0108909888930758
ITUB4,1.015,75,RNA,2021-05-24,0,0,0.010572990218064
ITUB4,1.015,75,Random Forest,2021-05-24,0,0,0.010572990218064
ITUB4,1.015,75,SVC,2021-05-24,0,1,0.010572990218064
ITUB4,1.015,75,RNA,2021-05-25,1,0,0.0292296847100561
ITUB4,1.015,75,Random Forest,2021-05-25,1,0,0.0292296847100561
ITUB4,1.015,75,SVC,2021-05-25,1,1,0.0292296847100561
ITUB4,1.015,75,RNA,2021-05-26,1,0,0.0413453622988138
ITUB4,1.015,75,Random Forest,2021-05-26,1,0,0.0413453622988138
ITUB4,1.015,75,SVC,2021-05-26,1,1,0.0413453622988138
ITUB4,1.015,75,RNA,2021-05-27,1,0,0.0944996155901241
ITUB4,1.015,75,Random Forest,2021-05-27,1,0,0.0944996155901241
ITUB4,1.015,75,SVC,2021-05-27,1,1,0.0944996155901241
ITUB4,1.015,75,RNA,2021-05-28,1,1,0.0918927009076051
ITUB4,1.015,75,Random Forest,2021-05-28,1,1,0.0918927009076051
ITUB4,1.015,75,SVC,2021-05-28,1,1,0.0918927009076051
ITUB4,1.015,75,RNA,2021-05-31,1,1,0.1119302912001642
ITUB4,1.015,75,Random Forest,2021-05-31,1,1,0.1119302912001642
ITUB4,1.015,75,SVC,2021-05-31,1,1,0.1119302912001642
ITUB4,1.015,75,RNA,2021-06-01,1,1,0.0825448653070464
ITUB4,1.015,75,Random Forest,2021-06-01,1,1,0.0825448653070464
ITUB4,1.015,75,SVC,2021-06-01,1,1,0.0825448653070464
ITUB4,1.015,75,RNA,2021-06-02,1,1,0.0829901928017131
ITUB4,1.015,75,Random Forest,2021-06-02,1,1,0.0829901928017131
ITUB4,1.015,75,SVC,2021-06-02,1,1,0.0829901928017131
ITUB4,1.015,75,RNA,2021-06-04,1,1,0.0591697545051483
ITUB4,1.015,75,Random Forest,2021-06-04,1,0,0.0591697545051483
ITUB4,1.015,75,SVC,2021-06-04,1,1,0.0591697545051483
ITUB4,1.015,75,RNA,2021-06-07,1,1,0.0417428700457789
ITUB4,1.015,75,Random Forest,2021-06-07,1,0,0.0417428700457789
ITUB4,1.015,75,SVC,2021-06-07,1,1,0.0417428700457789
ITUB4,1.015,75,RNA,2021-06-08,1,1,0.0465258782031916
ITUB4,1.015,75,Random Forest,2021-06-08,1,1,0.0465258782031916
ITUB4,1.015,75,SVC,2021-06-08,1,1,0.0465258782031916
ITUB4,1.015,75,RNA,2021-06-09,0,1,-0.0285714061229996
ITUB4,1.015,75,Random Forest,2021-06-09,0,1,-0.0285714061229996
ITUB4,1.015,75,SVC,2021-06-09,0,1,-0.0285714061229996
ITUB4,1.015,75,RNA,2021-06-10,1,1,0.0172518146807842
ITUB4,1.015,75,Random Forest,2021-06-10,1,1,0.0172518146807842
ITUB4,1.015,75,SVC,2021-06-10,1,1,0.0172518146807842
ITUB4,1.015,75,RNA,2021-06-11,1,1,0.0425015350033355
ITUB4,1.015,75,Random Forest,2021-06-11,1,1,0.0425015350033355
ITUB4,1.015,75,SVC,2021-06-11,1,1,0.0425015350033355
ITUB4,1.015,75,RNA,2021-06-14,1,1,0.0482295345467318
ITUB4,1.015,75,Random Forest,2021-06-14,1,1,0.0482295345467318
ITUB4,1.015,75,SVC,2021-06-14,1,1,0.0482295345467318
ITUB4,1.015,75,RNA,2021-06-15,1,1,0.0507955778460527
ITUB4,1.015,75,Random Forest,2021-06-15,1,1,0.0507955778460527
ITUB4,1.015,75,SVC,2021-06-15,1,1,0.0507955778460527
ITUB4,1.015,75,RNA,2021-06-16,1,1,0.0202020038625523
ITUB4,1.015,75,Random Forest,2021-06-16,1,1,0.0202020038625523
ITUB4,1.015,75,SVC,2021-06-16,1,1,0.0202020038625523
ITUB4,1.015,75,RNA,2021-06-17,0,1,-0.0290076483557939
ITUB4,1.015,75,Random Forest,2021-06-17,0,1,-0.0290076483557939
ITUB4,1.015,75,SVC,2021-06-17,0,1,-0.0290076483557939
ITUB4,1.015,75,RNA,2021-06-18,1,1,0.0161390312617653
ITUB4,1.015,75,Random Forest,2021-06-18,1,1,0.0161390312617653
ITUB4,1.015,75,SVC,2021-06-18,1,1,0.0161390312617653
ITUB4,1.015,75,RNA,2021-06-21,0,1,-0.0443686033034103
ITUB4,1.015,75,Random Forest,2021-06-21,0,1,-0.0443686033034103
ITUB4,1.015,75,SVC,2021-06-21,0,1,-0.0443686033034103
ITUB4,1.015,75,RNA,2021-06-22,1,1,0.0177847102961952
ITUB4,1.015,75,Random Forest,2021-06-22,1,1,0.0177847102961952
ITUB4,1.015,75,SVC,2021-06-22,1,1,0.0177847102961952
ITUB4,1.015,75,RNA,2021-06-23,0,0,-0.0627913971100218
ITUB4,1.015,75,Random Forest,2021-06-23,0,1,-0.0627913971100218
ITUB4,1.015,75,SVC,2021-06-23,0,1,-0.0627913971100218
ITUB4,1.015,75,RNA,2021-06-24,0,1,-0.0681676276296294
ITUB4,1.015,75,Random Forest,2021-06-24,0,0,-0.0681676276296294
ITUB4,1.015,75,SVC,2021-06-24,0,1,-0.0681676276296294
ITUB4,1.015,75,RNA,2021-06-25,0,1,-0.036804743237627
ITUB4,1.015,75,Random Forest,2021-06-25,0,0,-0.036804743237627
ITUB4,1.015,75,SVC,2021-06-25,0,1,-0.036804743237627
ITUB4,1.015,75,RNA,2021-06-28,0,0,-0.0077626069229377
ITUB4,1.015,75,Random Forest,2021-06-28,0,0,-0.0077626069229377
ITUB4,1.015,75,SVC,2021-06-28,0,1,-0.0077626069229377
ITUB4,1.015,75,RNA,2021-06-29,0,1,-0.0128367402431293
ITUB4,1.015,75,Random Forest,2021-06-29,0,0,-0.0128367402431293
ITUB4,1.015,75,SVC,2021-06-29,0,1,-0.0128367402431293
ITUB4,1.015,75,RNA,2021-06-30,0,1,-0.0174555298292327
ITUB4,1.015,75,Random Forest,2021-06-30,0,0,-0.0174555298292327
ITUB4,1.015,75,SVC,2021-06-30,0,1,-0.0174555298292327
ITUB4,1.015,75,RNA,2021-07-01,0,1,-0.0066934350348086
ITUB4,1.015,75,Random Forest,2021-07-01,0,0,-0.0066934350348086
ITUB4,1.015,75,SVC,2021-07-01,0,1,-0.0066934350348086
ITUB4,1.015,75,RNA,2021-07-02,0,1,-0.0144683377106663
ITUB4,1.015,75,Random Forest,2021-07-02,0,0,-0.0144683377106663
ITUB4,1.015,75,SVC,2021-07-02,0,0,-0.0144683377106663
ITUB4,1.015,75,RNA,2021-07-05,1,1,0.0176390853104007
ITUB4,1.015,75,Random Forest,2021-07-05,1,0,0.0176390853104007
ITUB4,1.015,75,SVC,2021-07-05,1,1,0.0176390853104007
ITUB4,1.015,75,RNA,2021-07-06,1,0,0.0152129693614808
ITUB4,1.015,75,Random Forest,2021-07-06,1,0,0.0152129693614808
ITUB4,1.015,75,SVC,2021-07-06,1,1,0.0152129693614808
ITUB4,1.015,75,RNA,2021-07-07,1,1,0.0583190498343204
ITUB4,1.015,75,Random Forest,2021-07-07,1,0,0.0583190498343204
ITUB4,1.015,75,SVC,2021-07-07,1,1,0.0583190498343204
ITUB4,1.015,75,RNA,2021-07-08,1,0,0.0493197452532272
ITUB4,1.015,75,Random Forest,2021-07-08,1,0,0.0493197452532272
ITUB4,1.015,75,SVC,2021-07-08,1,1,0.0493197452532272
ITUB4,1.015,75,RNA,2021-07-12,1,0,0.0457627319514781
ITUB4,1.015,75,Random Forest,2021-07-12,1,0,0.0457627319514781
ITUB4,1.015,75,SVC,2021-07-12,1,1,0.0457627319514781
ITUB4,1.015,75,RNA,2021-07-13,1,1,0.0215231611782233
ITUB4,1.015,75,Random Forest,2021-07-13,1,1,0.0215231611782233
ITUB4,1.015,75,SVC,2021-07-13,1,1,0.0215231611782233
ITUB4,1.015,75,RNA,2021-07-14,0,1,-0.0194239412419426
ITUB4,1.015,75,Random Forest,2021-07-14,0,1,-0.0194239412419426
ITUB4,1.015,75,SVC,2021-07-14,0,1,-0.0194239412419426
ITUB4,1.015,75,RNA,2021-07-15,0,1,-0.0124286316595101
ITUB4,1.015,75,Random Forest,2021-07-15,0,1,-0.0124286316595101
ITUB4,1.015,75,SVC,2021-07-15,0,1,-0.0124286316595101
ITUB4,1.015,75,RNA,2021-07-16,1,1,0.0334494619355607
ITUB4,1.015,75,Random Forest,2021-07-16,1,1,0.0334494619355607
ITUB4,1.015,75,SVC,2021-07-16,1,1,0.0334494619355607
ITUB4,1.015,75,RNA,2021-07-19,1,1,0.0309349647391798
ITUB4,1.015,75,Random Forest,2021-07-19,1,1,0.0309349647391798
ITUB4,1.015,75,SVC,2021-07-19,1,1,0.0309349647391798
ITUB4,1.015,75,RNA,2021-07-20,1,1,0.0164046686712102
ITUB4,1.015,75,Random Forest,2021-07-20,1,1,0.0164046686712102
ITUB4,1.015,75,SVC,2021-07-20,1,1,0.0164046686712102
ITUB4,1.015,75,RNA,2021-07-21,1,1,0.0203942731368897
ITUB4,1.015,75,Random Forest,2021-07-21,1,1,0.0203942731368897
ITUB4,1.015,75,SVC,2021-07-21,1,1,0.0203942731368897
ITUB4,1.015,75,RNA,2021-07-22,1,1,0.0688120632502451
ITUB4,1.015,75,Random Forest,2021-07-22,1,1,0.0688120632502451
ITUB4,1.015,75,SVC,2021-07-22,1,1,0.0688120632502451
ITUB4,1.015,75,RNA,2021-07-23,1,1,0.0735900807239835
ITUB4,1.015,75,Random Forest,2021-07-23,1,1,0.0735900807239835
ITUB4,1.015,75,SVC,2021-07-23,1,1,0.0735900807239835
ITUB4,1.015,75,RNA,2021-07-26,1,1,0.0583051173777786
ITUB4,1.015,75,Random Forest,2021-07-26,1,1,0.0583051173777786
ITUB4,1.015,75,SVC,2021-07-26,1,1,0.0583051173777786
ITUB4,1.015,75,RNA,2021-07-27,1,1,0.0456253707122906
ITUB4,1.015,75,Random Forest,2021-07-27,1,1,0.0456253707122906
ITUB4,1.015,75,SVC,2021-07-27,1,1,0.0456253707122906
ITUB4,1.015,75,RNA,2021-07-28,1,1,0.0209068823921776
ITUB4,1.015,75,Random Forest,2021-07-28,1,0,0.0209068823921776
ITUB4,1.015,75,SVC,2021-07-28,1,1,0.0209068823921776
ITUB4,1.015,75,RNA,2021-07-29,1,1,0.0370264848580883
ITUB4,1.015,75,Random Forest,2021-07-29,1,0,0.0370264848580883
ITUB4,1.015,75,SVC,2021-07-29,1,1,0.0370264848580883
ITUB4,1.015,75,RNA,2021-07-30,1,1,0.0230519279136973
ITUB4,1.015,75,Random Forest,2021-07-30,1,1,0.0230519279136973
ITUB4,1.015,75,SVC,2021-07-30,1,1,0.0230519279136973
ITUB4,1.015,75,RNA,2021-08-02,0,1,-0.0178343819982774
ITUB4,1.015,75,Random Forest,2021-08-02,0,1,-0.0178343819982774
ITUB4,1.015,75,SVC,2021-08-02,0,1,-0.0178343819982774
ITUB4,1.015,75,RNA,2021-08-03,1,1,0.027795908205231
ITUB4,1.015,75,Random Forest,2021-08-03,1,1,0.027795908205231
ITUB4,1.015,75,SVC,2021-08-03,1,1,0.027795908205231
ITUB4,1.015,75,RNA,2021-08-04,1,0,0.0407284562181797
ITUB4,1.015,75,Random Forest,2021-08-04,1,0,0.0407284562181797
ITUB4,1.015,75,SVC,2021-08-04,1,1,0.0407284562181797
ITUB4,1.015,75,RNA,2021-08-05,1,1,0.0434926487528801
ITUB4,1.015,75,Random Forest,2021-08-05,1,1,0.0434926487528801
ITUB4,1.015,75,SVC,2021-08-05,1,1,0.0434926487528801
ITUB4,1.015,75,RNA,2021-08-06,1,1,0.0214494464410146
ITUB4,1.015,75,Random Forest,2021-08-06,1,1,0.0214494464410146
ITUB4,1.015,75,SVC,2021-08-06,1,1,0.0214494464410146
ITUB4,1.015,75,RNA,2021-08-09,0,1,-0.0121951374336694
ITUB4,1.015,75,Random Forest,2021-08-09,0,1,-0.0121951374336694
ITUB4,1.015,75,SVC,2021-08-09,0,1,-0.0121951374336694
ITUB4,1.015,75,RNA,2021-08-10,1,1,0.0292763210688704
ITUB4,1.015,75,Random Forest,2021-08-10,1,1,0.0292763210688704
ITUB4,1.015,75,SVC,2021-08-10,1,1,0.0292763210688704
ITUB4,1.015,75,RNA,2021-08-11,0,1,-0.0164610586532274
ITUB4,1.015,75,Random Forest,2021-08-11,0,1,-0.0164610586532274
ITUB4,1.015,75,SVC,2021-08-11,0,0,-0.0164610586532274
ITUB4,1.015,75,RNA,2021-08-12,1,0,0.0277938557254502
ITUB4,1.015,75,Random Forest,2021-08-12,1,1,0.0277938557254502
ITUB4,1.015,75,SVC,2021-08-12,1,1,0.0277938557254502
ITUB4,1.015,75,RNA,2021-08-13,1,1,0.0163078750554883
ITUB4,1.015,75,Random Forest,2021-08-13,1,1,0.0163078750554883
ITUB4,1.015,75,SVC,2021-08-13,1,1,0.0163078750554883
ITUB4,1.015,75,RNA,2021-08-16,1,1,0.0267238488108989
ITUB4,1.015,75,Random Forest,2021-08-16,1,1,0.0267238488108989
ITUB4,1.015,75,SVC,2021-08-16,1,1,0.0267238488108989
ITUB4,1.015,75,RNA,2021-08-17,1,1,0.0332005496782998
ITUB4,1.015,75,Random Forest,2021-08-17,1,1,0.0332005496782998
ITUB4,1.015,75,SVC,2021-08-17,1,1,0.0332005496782998
ITUB4,1.015,75,RNA,2021-08-18,1,1,0.0371237184956325
ITUB4,1.015,75,Random Forest,2021-08-18,1,1,0.0371237184956325
ITUB4,1.015,75,SVC,2021-08-18,1,1,0.0371237184956325
ITUB4,1.015,75,RNA,2021-08-19,1,1,0.0489864720494095
ITUB4,1.015,75,Random Forest,2021-08-19,1,1,0.0489864720494095
ITUB4,1.015,75,SVC,2021-08-19,1,1,0.0489864720494095
ITUB4,1.015,75,RNA,2021-08-20,1,0,0.0398526320642387
ITUB4,1.015,75,Random Forest,2021-08-20,1,1,0.0398526320642387
ITUB4,1.015,75,SVC,2021-08-20,1,1,0.0398526320642387
ITUB4,1.015,75,RNA,2021-08-23,1,1,0.0264462406887198
ITUB4,1.015,75,Random Forest,2021-08-23,1,1,0.0264462406887198
ITUB4,1.015,75,SVC,2021-08-23,1,1,0.0264462406887198
ITUB4,1.015,75,RNA,2021-08-24,0,1,-0.006829253334292
ITUB4,1.015,75,Random Forest,2021-08-24,0,1,-0.006829253334292
ITUB4,1.015,75,SVC,2021-08-24,0,1,-0.006829253334292
ITUB4,1.015,75,RNA,2021-08-25,0,1,0.001294531002582
ITUB4,1.015,75,Random Forest,2021-08-25,0,1,0.001294531002582
ITUB4,1.015,75,SVC,2021-08-25,0,1,0.001294531002582
ITUB4,1.015,75,RNA,2021-08-26,1,1,0.0402809548416598
ITUB4,1.015,75,Random Forest,2021-08-26,1,1,0.0402809548416598
ITUB4,1.015,75,SVC,2021-08-26,1,1,0.0402809548416598
ITUB4,1.015,75,RNA,2021-08-27,1,1,0.0311289430660963
ITUB4,1.015,75,Random Forest,2021-08-27,1,1,0.0311289430660963
ITUB4,1.015,75,SVC,2021-08-27,1,1,0.0311289430660963
ITUB4,1.015,75,RNA,2021-08-30,1,1,0.033148779845135
ITUB4,1.015,75,Random Forest,2021-08-30,1,1,0.033148779845135
ITUB4,1.015,75,SVC,2021-08-30,1,1,0.033148779845135
ITUB4,1.015,75,RNA,2021-08-31,1,1,0.0183515711411952
ITUB4,1.015,75,Random Forest,2021-08-31,1,1,0.0183515711411952
ITUB4,1.015,75,SVC,2021-08-31,1,1,0.0183515711411952
ITUB4,1.015,75,RNA,2021-09-01,0,1,-0.0702492614391222
ITUB4,1.015,75,Random Forest,2021-09-01,0,1,-0.0702492614391222
ITUB4,1.015,75,SVC,2021-09-01,0,1,-0.0702492614391222
ITUB4,1.015,75,RNA,2021-09-02,0,1,-0.0341852008779255
ITUB4,1.015,75,Random Forest,2021-09-02,0,1,-0.0341852008779255
ITUB4,1.015,75,SVC,2021-09-02,0,1,-0.0341852008779255
ITUB4,1.015,75,RNA,2021-09-03,1,1,0.0202224447897452
ITUB4,1.015,75,Random Forest,2021-09-03,1,1,0.0202224447897452
ITUB4,1.015,75,SVC,2021-09-03,1,1,0.0202224447897452
ITUB4,1.015,75,RNA,2021-09-06,0,0,-0.0289614311639029
ITUB4,1.015,75,Random Forest,2021-09-06,0,1,-0.0289614311639029
ITUB4,1.015,75,SVC,2021-09-06,0,1,-0.0289614311639029
ITUB4,1.015,75,RNA,2021-09-08,1,1,0.0241712690736959
ITUB4,1.015,75,Random Forest,2021-09-08,1,1,0.0241712690736959
ITUB4,1.015,75,SVC,2021-09-08,1,1,0.0241712690736959
ITUB4,1.015,75,RNA,2021-09-09,0,1,-0.0332203148702248
ITUB4,1.015,75,Random Forest,2021-09-09,0,0,-0.0332203148702248
ITUB4,1.015,75,SVC,2021-09-09,0,1,-0.0332203148702248
ITUB4,1.015,75,RNA,2021-09-10,0,1,-0.0282986741590129
ITUB4,1.015,75,Random Forest,2021-09-10,0,1,-0.0282986741590129
ITUB4,1.015,75,SVC,2021-09-10,0,1,-0.0282986741590129
ITUB4,1.015,75,RNA,2021-09-13,0,1,-0.0439862292437968
ITUB4,1.015,75,Random Forest,2021-09-13,0,1,-0.0439862292437968
ITUB4,1.015,75,SVC,2021-09-13,0,1,-0.0439862292437968
ITUB4,1.015,75,RNA,2021-09-14,0,1,-0.0640275446022548
ITUB4,1.015,75,Random Forest,2021-09-14,0,0,-0.0640275446022548
ITUB4,1.015,75,SVC,2021-09-14,0,1,-0.0640275446022548
ITUB4,1.015,75,RNA,2021-09-15,0,1,-0.0423728779165213
ITUB4,1.015,75,Random Forest,2021-09-15,0,0,-0.0423728779165213
ITUB4,1.015,75,SVC,2021-09-15,0,1,-0.0423728779165213
ITUB4,1.015,75,RNA,2021-09-16,0,0,-0.0252897427978466
ITUB4,1.015,75,Random Forest,2021-09-16,0,0,-0.0252897427978466
ITUB4,1.015,75,SVC,2021-09-16,0,0,-0.0252897427978466
ITUB4,1.015,75,RNA,2021-09-17,1,0,0.060439586876869
ITUB4,1.015,75,Random Forest,2021-09-17,1,0,0.060439586876869
ITUB4,1.015,75,SVC,2021-09-17,1,1,0.060439586876869
ITUB4,1.015,75,RNA,2021-09-20,1,0,0.05966325135598
ITUB4,1.015,75,Random Forest,2021-09-20,1,0,0.05966325135598
ITUB4,1.015,75,SVC,2021-09-20,1,1,0.05966325135598
ITUB4,1.015,75,RNA,2021-09-21,1,1,0.0731796512194113
ITUB4,1.015,75,Random Forest,2021-09-21,1,1,0.0731796512194113
ITUB4,1.015,75,SVC,2021-09-21,1,1,0.0731796512194113
ITUB4,1.015,75,RNA,2021-09-22,1,1,0.0601504073230376
ITUB4,1.015,75,Random Forest,2021-09-22,1,1,0.0601504073230376
ITUB4,1.015,75,SVC,2021-09-22,1,1,0.0601504073230376
ITUB4,1.015,75,RNA,2021-09-23,1,0,0.0389474065059218
ITUB4,1.015,75,Random Forest,2021-09-23,1,1,0.0389474065059218
ITUB4,1.015,75,SVC,2021-09-23,1,1,0.0389474065059218
ITUB4,1.015,75,RNA,2021-09-24,1,1,0.0415054840030948
ITUB4,1.015,75,Random Forest,2021-09-24,1,1,0.0415054840030948
ITUB4,1.015,75,SVC,2021-09-24,1,1,0.0415054840030948
ITUB4,1.015,75,RNA,2021-09-27,1,1,0.0333845469654519
ITUB4,1.015,75,Random Forest,2021-09-27,1,1,0.0333845469654519
ITUB4,1.015,75,SVC,2021-09-27,1,1,0.0333845469654519
ITUB4,1.015,75,RNA,2021-09-28,1,1,0.0431232427426875
ITUB4,1.015,75,Random Forest,2021-09-28,1,1,0.0431232427426875
ITUB4,1.015,75,SVC,2021-09-28,1,1,0.0431232427426875
ITUB4,1.015,75,RNA,2021-09-29,1,1,0.0464421558797345
ITUB4,1.015,75,Random Forest,2021-09-29,1,1,0.0464421558797345
ITUB4,1.015,75,SVC,2021-09-29,1,1,0.0464421558797345
ITUB4,1.015,75,RNA,2021-09-30,1,1,0.0448226136101448
ITUB4,1.015,75,Random Forest,2021-09-30,1,1,0.0448226136101448
ITUB4,1.015,75,SVC,2021-09-30,1,1,0.0448226136101448
ITUB4,1.015,75,RNA,2021-10-01,1,1,0.0254545464602167
ITUB4,1.015,75,Random Forest,2021-10-01,1,1,0.0254545464602167
ITUB4,1.015,75,SVC,2021-10-01,1,1,0.0254545464602167
ITUB4,1.015,75,RNA,2021-10-04,1,0,0.0317072937276574
ITUB4,1.015,75,Random Forest,2021-10-04,1,1,0.0317072937276574
ITUB4,1.015,75,SVC,2021-10-04,1,1,0.0317072937276574
ITUB4,1.015,75,RNA,2021-10-05,1,1,0.0325865615654548
ITUB4,1.015,75,Random Forest,2021-10-05,1,1,0.0325865615654548
ITUB4,1.015,75,SVC,2021-10-05,1,1,0.0325865615654548
ITUB4,1.015,75,RNA,2021-10-06,0,1,-0.0346199618170117
ITUB4,1.015,75,Random Forest,2021-10-06,0,1,-0.0346199618170117
ITUB4,1.015,75,SVC,2021-10-06,0,1,-0.0346199618170117
ITUB4,1.015,75,RNA,2021-10-07,1,1,0.0279805604028346
ITUB4,1.015,75,Random Forest,2021-10-07,1,1,0.0279805604028346
ITUB4,1.015,75,SVC,2021-10-07,1,1,0.0279805604028346
ITUB4,1.015,75,RNA,2021-10-08,0,1,0.0073230430745487
ITUB4,1.015,75,Random Forest,2021-10-08,0,1,0.0073230430745487
ITUB4,1.015,75,SVC,2021-10-08,0,1,0.0073230430745487
ITUB4,1.015,75,RNA,2021-10-11,1,1,0.0308641902280213
ITUB4,1.015,75,Random Forest,2021-10-11,1,1,0.0308641902280213
ITUB4,1.015,75,SVC,2021-10-11,1,1,0.0308641902280213
ITUB4,1.015,75,RNA,2021-10-13,1,1,0.0253786199605245
ITUB4,1.015,75,Random Forest,2021-10-13,1,1,0.0253786199605245
ITUB4,1.015,75,SVC,2021-10-13,1,1,0.0253786199605245
ITUB4,1.015,75,RNA,2021-10-14,1,1,0.0342691861970516
ITUB4,1.015,75,Random Forest,2021-10-14,1,1,0.0342691861970516
ITUB4,1.015,75,SVC,2021-10-14,1,1,0.0342691861970516
ITUB4,1.015,75,RNA,2021-10-15,1,1,0.023189617837914
ITUB4,1.015,75,Random Forest,2021-10-15,1,1,0.023189617837914
ITUB4,1.015,75,SVC,2021-10-15,1,1,0.023189617837914
ITUB4,1.015,75,RNA,2021-10-18,1,1,0.0182186639838548
ITUB4,1.015,75,Random Forest,2021-10-18,1,0,0.0182186639838548
ITUB4,1.015,75,SVC,2021-10-18,1,1,0.0182186639838548
ITUB4,1.015,75,RNA,2021-10-19,1,0,0.024439935114723
ITUB4,1.015,75,Random Forest,2021-10-19,1,1,0.024439935114723
ITUB4,1.015,75,SVC,2021-10-19,1,1,0.024439935114723
ITUB4,1.015,75,RNA,2021-10-20,1,1,0.0315832846173529
ITUB4,1.015,75,Random Forest,2021-10-20,1,1,0.0315832846173529
ITUB4,1.015,75,SVC,2021-10-20,1,1,0.0315832846173529
ITUB4,1.015,75,RNA,2021-10-21,0,1,-0.0082918607861871
ITUB4,1.015,75,Random Forest,2021-10-21,0,1,-0.0082918607861871
ITUB4,1.015,75,SVC,2021-10-21,0,1,-0.0082918607861871
ITUB4,1.015,75,RNA,2021-10-22,1,1,0.0325306495736845
ITUB4,1.015,75,Random Forest,2021-10-22,1,1,0.0325306495736845
ITUB4,1.015,75,SVC,2021-10-22,1,1,0.0325306495736845
ITUB4,1.015,75,RNA,2021-10-25,1,1,0.0316589790915677
ITUB4,1.015,75,Random Forest,2021-10-25,1,1,0.0316589790915677
ITUB4,1.015,75,SVC,2021-10-25,1,1,0.0316589790915677
ITUB4,1.015,75,RNA,2021-10-26,1,1,0.0234506059498256
ITUB4,1.015,75,Random Forest,2021-10-26,1,1,0.0234506059498256
ITUB4,1.015,75,SVC,2021-10-26,1,1,0.0234506059498256
ITUB4,1.015,75,RNA,2021-10-27,1,0,0.0514930535614301
ITUB4,1.015,75,Random Forest,2021-10-27,1,1,0.0514930535614301
ITUB4,1.015,75,SVC,2021-10-27,1,1,0.0514930535614301
ITUB4,1.015,75,RNA,2021-10-28,1,1,0.0396341430290116
ITUB4,1.015,75,Random Forest,2021-10-28,1,1,0.0396341430290116
ITUB4,1.015,75,SVC,2021-10-28,1,1,0.0396341430290116
ITUB4,1.015,75,RNA,2021-10-29,1,1,0.0489244873464975
ITUB4,1.015,75,Random Forest,2021-10-29,1,1,0.0489244873464975
ITUB4,1.015,75,SVC,2021-10-29,1,1,0.0489244873464975
ITUB4,1.015,75,RNA,2021-11-01,1,1,0.035818384436663
ITUB4,1.015,75,Random Forest,2021-11-01,1,1,0.035818384436663
ITUB4,1.015,75,SVC,2021-11-01,1,1,0.035818384436663
ITUB4,1.015,75,RNA,2021-11-03,0,1,-0.0796568810977264
ITUB4,1.015,75,Random Forest,2021-11-03,0,1,-0.0796568810977264
ITUB4,1.015,75,SVC,2021-11-03,0,1,-0.0796568810977264
ITUB4,1.015,75,RNA,2021-11-04,0,1,-0.0170212865038204
ITUB4,1.015,75,Random Forest,2021-11-04,0,1,-0.0170212865038204
ITUB4,1.015,75,SVC,2021-11-04,0,1,-0.0170212865038204
ITUB4,1.015,75,RNA,2021-11-05,1,1,0.0320175690689543
ITUB4,1.015,75,Random Forest,2021-11-05,1,1,0.0320175690689543
ITUB4,1.015,75,SVC,2021-11-05,1,1,0.0320175690689543
ITUB4,1.015,75,RNA,2021-11-08,1,1,0.0293088475990188
ITUB4,1.015,75,Random Forest,2021-11-08,1,1,0.0293088475990188
ITUB4,1.015,75,SVC,2021-11-08,1,1,0.0293088475990188
ITUB4,1.015,75,RNA,2021-11-09,1,1,0.0443852907718325
ITUB4,1.015,75,Random Forest,2021-11-09,1,1,0.0443852907718325
ITUB4,1.015,75,SVC,2021-11-09,1,1,0.0443852907718325
ITUB4,1.015,75,RNA,2021-11-10,0,0,-0.0247546374733381
ITUB4,1.015,75,Random Forest,2021-11-10,0,1,-0.0247546374733381
ITUB4,1.015,75,SVC,2021-11-10,0,1,-0.0247546374733381
ITUB4,1.015,75,RNA,2021-11-11,1,1,0.0165002030517336
ITUB4,1.015,75,Random Forest,2021-11-11,1,1,0.0165002030517336
ITUB4,1.015,75,SVC,2021-11-11,1,1,0.0165002030517336
ITUB4,1.015,75,RNA,2021-11-12,0,1,-0.0346620071571147
ITUB4,1.015,75,Random Forest,2021-11-12,0,1,-0.0346620071571147
ITUB4,1.015,75,SVC,2021-11-12,0,1,-0.0346620071571147
ITUB4,1.015,75,RNA,2021-11-16,0,1,-0.0259394954502034
ITUB4,1.015,75,Random Forest,2021-11-16,0,1,-0.0259394954502034
ITUB4,1.015,75,SVC,2021-11-16,0,1,-0.0259394954502034
ITUB4,1.015,75,RNA,2021-11-17,0,1,-0.0043991574343631
ITUB4,1.015,75,Random Forest,2021-11-17,0,1,-0.0043991574343631
ITUB4,1.015,75,SVC,2021-11-17,0,1,-0.0043991574343631
ITUB4,1.015,75,RNA,2021-11-18,1,1,0.0468047693498809
ITUB4,1.015,75,Random Forest,2021-11-18,1,0,0.0468047693498809
ITUB4,1.015,75,SVC,2021-11-18,1,1,0.0468047693498809
ITUB4,1.015,75,RNA,2021-11-19,1,1,0.0672421066258708
ITUB4,1.015,75,Random Forest,2021-11-19,1,0,0.0672421066258708
ITUB4,1.015,75,SVC,2021-11-19,1,1,0.0672421066258708
ITUB4,1.015,75,RNA,2021-11-22,1,1,0.0557303067445305
ITUB4,1.015,75,Random Forest,2021-11-22,1,0,0.0557303067445305
ITUB4,1.015,75,SVC,2021-11-22,1,1,0.0557303067445305
ITUB4,1.015,75,RNA,2021-11-23,1,1,0.0576316950770274
ITUB4,1.015,75,Random Forest,2021-11-23,1,1,0.0576316950770274
ITUB4,1.015,75,SVC,2021-11-23,1,1,0.0576316950770274
ITUB4,1.015,75,RNA,2021-11-24,1,1,0.0168830873977587
ITUB4,1.015,75,Random Forest,2021-11-24,1,1,0.0168830873977587
ITUB4,1.015,75,SVC,2021-11-24,1,1,0.0168830873977587
ITUB4,1.015,75,RNA,2021-11-25,1,1,0.018892790540349
ITUB4,1.015,75,Random Forest,2021-11-25,1,1,0.018892790540349
ITUB4,1.015,75,SVC,2021-11-25,1,1,0.018892790540349
ITUB4,1.015,75,RNA,2021-11-26,0,1,0.0003557636285826
ITUB4,1.015,75,Random Forest,2021-11-26,0,1,0.0003557636285826
ITUB4,1.015,75,SVC,2021-11-26,0,1,0.0003557636285826
ITUB4,1.015,75,RNA,2021-11-29,1,1,0.041386057701706
ITUB4,1.015,75,Random Forest,2021-11-29,1,1,0.041386057701706
ITUB4,1.015,75,SVC,2021-11-29,1,1,0.041386057701706
ITUB4,1.015,75,RNA,2021-11-30,1,1,0.0536347572662667
ITUB4,1.015,75,Random Forest,2021-11-30,1,1,0.0536347572662667
ITUB4,1.015,75,SVC,2021-11-30,1,1,0.0536347572662667
ITUB4,1.015,75,RNA,2021-12-01,1,1,0.0592691172032591
ITUB4,1.015,75,Random Forest,2021-12-01,1,1,0.0592691172032591
ITUB4,1.015,75,SVC,2021-12-01,1,1,0.0592691172032591
ITUB4,1.015,75,RNA,2021-12-02,1,1,0.0348279988374164
ITUB4,1.015,75,Random Forest,2021-12-02,1,1,0.0348279988374164
ITUB4,1.015,75,SVC,2021-12-02,1,1,0.0348279988374164
ITUB4,1.015,75,RNA,2021-12-03,1,1,0.0290043383694278
ITUB4,1.015,75,Random Forest,2021-12-03,1,1,0.0290043383694278
ITUB4,1.015,75,SVC,2021-12-03,1,1,0.0290043383694278
ITUB4,1.015,75,RNA,2021-12-06,0,1,-0.0618120507258376
ITUB4,1.015,75,Random Forest,2021-12-06,0,1,-0.0618120507258376
ITUB4,1.015,75,SVC,2021-12-06,0,1,-0.0618120507258376
ITUB4,1.015,75,RNA,2021-12-07,0,1,-0.0658293419037054
ITUB4,1.015,75,Random Forest,2021-12-07,0,1,-0.0658293419037054
ITUB4,1.015,75,SVC,2021-12-07,0,1,-0.0658293419037054
ITUB4,1.015,75,RNA,2021-12-08,0,1,-0.0438981392036046
ITUB4,1.015,75,Random Forest,2021-12-08,0,1,-0.0438981392036046
ITUB4,1.015,75,SVC,2021-12-08,0,1,-0.0438981392036046
ITUB4,1.015,75,RNA,2021-12-09,0,1,-0.0255834812574191
ITUB4,1.015,75,Random Forest,2021-12-09,0,1,-0.0255834812574191
ITUB4,1.015,75,SVC,2021-12-09,0,1,-0.0255834812574191
ITUB4,1.015,75,RNA,2021-12-10,0,1,-0.0121621902796168
ITUB4,1.015,75,Random Forest,2021-12-10,0,0,-0.0121621902796168
ITUB4,1.015,75,SVC,2021-12-10,0,1,-0.0121621902796168
ITUB4,1.015,75,RNA,2021-12-13,1,1,0.0183823330881811
ITUB4,1.015,75,Random Forest,2021-12-13,1,0,0.0183823330881811
ITUB4,1.015,75,SVC,2021-12-13,1,1,0.0183823330881811
ITUB4,1.015,75,RNA,2021-12-14,0,1,-0.0360565563354642
ITUB4,1.015,75,Random Forest,2021-12-14,0,0,-0.0360565563354642
ITUB4,1.015,75,SVC,2021-12-14,0,0,-0.0360565563354642
ITUB4,1.015,75,RNA,2021-12-15,0,0,-0.0342465322563038
ITUB4,1.015,75,Random Forest,2021-12-15,0,0,-0.0342465322563038
ITUB4,1.015,75,SVC,2021-12-15,0,1,-0.0342465322563038
ITUB4,1.015,75,RNA,2021-12-16,0,0,-0.01849281430975
ITUB4,1.015,75,Random Forest,2021-12-16,0,0,-0.01849281430975
ITUB4,1.015,75,SVC,2021-12-16,0,1,-0.01849281430975
ITUB4,1.015,75,RNA,2021-12-17,0,1,-0.0065177060386053
ITUB4,1.015,75,Random Forest,2021-12-17,0,0,-0.0065177060386053
ITUB4,1.015,75,SVC,2021-12-17,0,1,-0.0065177060386053
ITUB4,1.015,75,RNA,2021-12-20,1,1,0.024067948070755
ITUB4,1.015,75,Random Forest,2021-12-20,1,0,0.024067948070755
ITUB4,1.015,75,SVC,2021-12-20,1,1,0.024067948070755
ITUB4,1.015,75,RNA,2021-12-21,1,0,0.0221384703628604
ITUB4,1.015,75,Random Forest,2021-12-21,1,0,0.0221384703628604
ITUB4,1.015,75,SVC,2021-12-21,1,1,0.0221384703628604
ITUB4,1.015,75,RNA,2021-12-22,1,1,0.0173465010246824
ITUB4,1.015,75,Random Forest,2021-12-22,1,1,0.0173465010246824
ITUB4,1.015,75,SVC,2021-12-22,1,1,0.0173465010246824
ITUB4,1.015,75,RNA,2021-12-23,0,1,-0.0246741099822024
ITUB4,1.015,75,Random Forest,2021-12-23,0,0,-0.0246741099822024
ITUB4,1.015,75,SVC,2021-12-23,0,1,-0.0246741099822024
ITUB4,1.015,75,RNA,2021-12-27,0,0,-0.0047098264950297
ITUB4,1.015,75,Random Forest,2021-12-27,0,0,-0.0047098264950297
ITUB4,1.015,75,SVC,2021-12-27,0,1,-0.0047098264950297
ITUB4,1.015,75,RNA,2021-12-28,1,0,0.0310585903132063
ITUB4,1.015,75,Random Forest,2021-12-28,1,0,0.0310585903132063
ITUB4,1.015,75,SVC,2021-12-28,1,1,0.0310585903132063
ITUB4,1.015,75,RNA,2021-12-29,1,1,0.0372539890194989
ITUB4,1.015,75,Random Forest,2021-12-29,1,1,0.0372539890194989
ITUB4,1.015,75,SVC,2021-12-29,1,1,0.0372539890194989
ITUB4,1.015,75,RNA,2021-12-30,1,1,0.0505431701703291
ITUB4,1.015,75,Random Forest,2021-12-30,1,1,0.0505431701703291
ITUB4,1.015,75,SVC,2021-12-30,1,0,0.0505431701703291
ITUB4,1.015,75,RNA,2022-01-03,1,1,0.0476410159453579
ITUB4,1.015,75,Random Forest,2022-01-03,1,0,0.0476410159453579
ITUB4,1.015,75,SVC,2022-01-03,1,1,0.0476410159453579
ITUB4,1.015,75,RNA,2022-01-04,1,0,0.0357628155006652
ITUB4,1.015,75,Random Forest,2022-01-04,1,0,0.0357628155006652
ITUB4,1.015,75,SVC,2022-01-04,1,1,0.0357628155006652
ITUB4,1.015,75,RNA,2022-01-05,1,1,0.0790203321696605
ITUB4,1.015,75,Random Forest,2022-01-05,1,1,0.0790203321696605
ITUB4,1.015,75,SVC,2022-01-05,1,1,0.0790203321696605
ITUB4,1.015,75,RNA,2022-01-06,1,0,0.0638297664373066
ITUB4,1.015,75,Random Forest,2022-01-06,1,1,0.0638297664373066
ITUB4,1.015,75,SVC,2022-01-06,1,1,0.0638297664373066
ITUB4,1.015,75,RNA,2022-01-07,1,1,0.0553832041285577
ITUB4,1.015,75,Random Forest,2022-01-07,1,1,0.0553832041285577
ITUB4,1.015,75,SVC,2022-01-07,1,1,0.0553832041285577
ITUB4,1.015,75,RNA,2022-01-10,1,1,0.0465115934802304
ITUB4,1.015,75,Random Forest,2022-01-10,1,0,0.0465115934802304
ITUB4,1.015,75,SVC,2022-01-10,1,1,0.0465115934802304
ITUB4,1.015,75,RNA,2022-01-11,1,0,0.025365427611935
ITUB4,1.015,75,Random Forest,2022-01-11,1,1,0.025365427611935
ITUB4,1.015,75,SVC,2022-01-11,1,1,0.025365427611935
ITUB4,1.015,75,RNA,2022-01-12,1,1,0.0376786879734858
ITUB4,1.015,75,Random Forest,2022-01-12,1,1,0.0376786879734858
ITUB4,1.015,75,SVC,2022-01-12,1,1,0.0376786879734858
ITUB4,1.015,75,RNA,2022-01-13,1,1,0.0216376556504924
ITUB4,1.015,75,Random Forest,2022-01-13,1,1,0.0216376556504924
ITUB4,1.015,75,SVC,2022-01-13,1,1,0.0216376556504924
ITUB4,1.015,75,RNA,2022-01-14,1,1,0.0264279757789476
ITUB4,1.015,75,Random Forest,2022-01-14,1,1,0.0264279757789476
ITUB4,1.015,75,SVC,2022-01-14,1,1,0.0264279757789476
ITUB4,1.015,75,RNA,2022-01-17,1,1,0.0294997666235299
ITUB4,1.015,75,Random Forest,2022-01-17,1,1,0.0294997666235299
ITUB4,1.015,75,SVC,2022-01-17,1,1,0.0294997666235299
ITUB4,1.015,75,RNA,2022-01-18,0,1,-0.0230898283165588
ITUB4,1.015,75,Random Forest,2022-01-18,0,1,-0.0230898283165588
ITUB4,1.015,75,SVC,2022-01-18,0,1,-0.0230898283165588
ITUB4,1.015,75,RNA,2022-01-19,1,1,0.0259133646413598
ITUB4,1.015,75,Random Forest,2022-01-19,1,1,0.0259133646413598
ITUB4,1.015,75,SVC,2022-01-19,1,1,0.0259133646413598
ITUB4,1.015,75,RNA,2022-01-20,1,1,0.0569456819757006
ITUB4,1.015,75,Random Forest,2022-01-20,1,1,0.0569456819757006
ITUB4,1.015,75,SVC,2022-01-20,1,1,0.0569456819757006
ITUB4,1.015,75,RNA,2022-01-21,1,1,0.0672376933559397
ITUB4,1.015,75,Random Forest,2022-01-21,1,1,0.0672376933559397
ITUB4,1.015,75,SVC,2022-01-21,1,1,0.0672376933559397
ITUB4,1.015,75,RNA,2022-01-24,1,1,0.0806591279141182
ITUB4,1.015,75,Random Forest,2022-01-24,1,1,0.0806591279141182
ITUB4,1.015,75,SVC,2022-01-24,1,1,0.0806591279141182
ITUB4,1.015,75,RNA,2022-01-25,1,1,0.0484997812699279
ITUB4,1.015,75,Random Forest,2022-01-25,1,1,0.0484997812699279
ITUB4,1.015,75,SVC,2022-01-25,1,1,0.0484997812699279
ITUB4,1.015,75,RNA,2022-01-26,1,0,0.049731276264443
ITUB4,1.015,75,Random Forest,2022-01-26,1,1,0.049731276264443
ITUB4,1.015,75,SVC,2022-01-26,1,1,0.049731276264443
ITUB4,1.015,75,RNA,2022-01-27,1,1,0.064069473566501
ITUB4,1.015,75,Random Forest,2022-01-27,1,1,0.064069473566501
ITUB4,1.015,75,SVC,2022-01-27,1,1,0.064069473566501
ITUB4,1.015,75,RNA,2022-01-28,1,1,0.0420721099886232
ITUB4,1.015,75,Random Forest,2022-01-28,1,1,0.0420721099886232
ITUB4,1.015,75,SVC,2022-01-28,1,1,0.0420721099886232
ITUB4,1.015,75,RNA,2022-01-31,1,1,0.0185844547715112
ITUB4,1.015,75,Random Forest,2022-01-31,1,1,0.0185844547715112
ITUB4,1.015,75,SVC,2022-01-31,1,1,0.0185844547715112
ITUB4,1.015,75,RNA,2022-02-01,0,1,-0.0058892889288928
ITUB4,1.015,75,Random Forest,2022-02-01,0,1,-0.0058892889288928
ITUB4,1.015,75,SVC,2022-02-01,0,1,-0.0058892889288928
ITUB4,1.015,75,RNA,2022-02-02,1,1,0.0222222281681947
ITUB4,1.015,75,Random Forest,2022-02-02,1,1,0.0222222281681947
ITUB4,1.015,75,SVC,2022-02-02,1,1,0.0222222281681947
ITUB4,1.015,75,RNA,2022-02-03,1,1,0.0206022553640792
ITUB4,1.015,75,Random Forest,2022-02-03,1,1,0.0206022553640792
ITUB4,1.015,75,SVC,2022-02-03,1,1,0.0206022553640792
ITUB4,1.015,75,RNA,2022-02-04,0,1,-0.015717111492743
ITUB4,1.015,75,Random Forest,2022-02-04,0,1,-0.015717111492743
ITUB4,1.015,75,SVC,2022-02-04,0,1,-0.015717111492743
ITUB4,1.015,75,RNA,2022-02-07,1,0,0.0680379628667453
ITUB4,1.015,75,Random Forest,2022-02-07,1,1,0.0680379628667453
ITUB4,1.015,75,SVC,2022-02-07,1,1,0.0680379628667453
ITUB4,1.015,75,RNA,2022-02-08,1,1,0.0821643226999038
ITUB4,1.015,75,Random Forest,2022-02-08,1,1,0.0821643226999038
ITUB4,1.015,75,SVC,2022-02-08,1,1,0.0821643226999038
ITUB4,1.015,75,RNA,2022-02-09,1,1,0.0997963502340921
ITUB4,1.015,75,Random Forest,2022-02-09,1,1,0.0997963502340921
ITUB4,1.015,75,SVC,2022-02-09,1,1,0.0997963502340921
ITUB4,1.015,75,RNA,2022-02-10,1,1,0.024667910809637
ITUB4,1.015,75,Random Forest,2022-02-10,1,1,0.024667910809637
ITUB4,1.015,75,SVC,2022-02-10,1,1,0.024667910809637
ITUB4,1.015,75,RNA,2022-02-11,0,1,-0.0199247764467103
ITUB4,1.015,75,Random Forest,2022-02-11,0,1,-0.0199247764467103
ITUB4,1.015,75,SVC,2022-02-11,0,1,-0.0199247764467103
ITUB4,1.015,75,RNA,2022-02-14,0,0,-0.0235074318756265
ITUB4,1.015,75,Random Forest,2022-02-14,0,1,-0.0235074318756265
ITUB4,1.015,75,SVC,2022-02-14,0,1,-0.0235074318756265
ITUB4,1.015,75,RNA,2022-02-15,0,0,-0.0466766308714334
ITUB4,1.015,75,Random Forest,2022-02-15,0,1,-0.0466766308714334
ITUB4,1.015,75,SVC,2022-02-15,0,1,-0.0466766308714334
ITUB4,1.015,75,RNA,2022-02-16,0,1,-0.0240991402402619
ITUB4,1.015,75,Random Forest,2022-02-16,0,0,-0.0240991402402619
ITUB4,1.015,75,SVC,2022-02-16,0,1,-0.0240991402402619
ITUB4,1.015,75,RNA,2022-02-17,0,1,-0.0311369219655965
ITUB4,1.015,75,Random Forest,2022-02-17,0,1,-0.0311369219655965
ITUB4,1.015,75,SVC,2022-02-17,0,1,-0.0311369219655965
ITUB4,1.015,75,RNA,2022-02-18,0,1,-0.0479084674639354
ITUB4,1.015,75,Random Forest,2022-02-18,0,1,-0.0479084674639354
ITUB4,1.015,75,SVC,2022-02-18,0,1,-0.0479084674639354
ITUB4,1.015,75,RNA,2022-02-21,1,1,0.0151456289742522
ITUB4,1.015,75,Random Forest,2022-02-21,1,1,0.0151456289742522
ITUB4,1.015,75,SVC,2022-02-21,1,1,0.0151456289742522
ITUB4,1.015,75,RNA,2022-02-22,0,1,-0.0280419803855617
ITUB4,1.015,75,Random Forest,2022-02-22,0,1,-0.0280419803855617
ITUB4,1.015,75,SVC,2022-02-22,0,1,-0.0280419803855617
ITUB4,1.015,75,RNA,2022-02-23,1,1,0.0451687520653039
ITUB4,1.015,75,Random Forest,2022-02-23,1,0,0.0451687520653039
ITUB4,1.015,75,SVC,2022-02-23,1,1,0.0451687520653039
ITUB4,1.015,75,RNA,2022-02-24,1,0,0.0401256799484976
ITUB4,1.015,75,Random Forest,2022-02-24,1,0,0.0401256799484976
ITUB4,1.015,75,SVC,2022-02-24,1,1,0.0401256799484976
ITUB4,1.015,75,RNA,2022-02-25,1,1,0.0270162697164091
ITUB4,1.015,75,Random Forest,2022-02-25,1,1,0.0270162697164091
ITUB4,1.015,75,SVC,2022-02-25,1,1,0.0270162697164091
ITUB4,1.015,75,RNA,2022-03-02,1,0,0.0323482470863125
ITUB4,1.015,75,Random Forest,2022-03-02,1,1,0.0323482470863125
ITUB4,1.015,75,SVC,2022-03-02,1,1,0.0323482470863125
ITUB4,1.015,75,RNA,2022-03-03,0,1,0.0011966216512069
ITUB4,1.015,75,Random Forest,2022-03-03,0,0,0.0011966216512069
ITUB4,1.015,75,SVC,2022-03-03,0,1,0.0011966216512069
ITUB4,1.015,75,RNA,2022-03-04,1,0,0.0428512824656532
ITUB4,1.015,75,Random Forest,2022-03-04,1,1,0.0428512824656532
ITUB4,1.015,75,SVC,2022-03-04,1,1,0.0428512824656532
ITUB4,1.015,75,RNA,2022-03-07,1,1,0.0561287825794227
ITUB4,1.015,75,Random Forest,2022-03-07,1,1,0.0561287825794227
ITUB4,1.015,75,SVC,2022-03-07,1,1,0.0561287825794227
ITUB4,1.015,75,RNA,2022-03-08,1,1,0.0570012551511909
ITUB4,1.015,75,Random Forest,2022-03-08,1,1,0.0570012551511909
ITUB4,1.015,75,SVC,2022-03-08,1,1,0.0570012551511909
ITUB4,1.015,75,RNA,2022-03-09,1,1,0.0343573189920463
ITUB4,1.015,75,Random Forest,2022-03-09,1,1,0.0343573189920463
ITUB4,1.015,75,SVC,2022-03-09,1,1,0.0343573189920463
ITUB4,1.015,75,RNA,2022-03-10,1,0,0.0170432169460359
ITUB4,1.015,75,Random Forest,2022-03-10,1,1,0.0170432169460359
ITUB4,1.015,75,SVC,2022-03-10,1,1,0.0170432169460359
ITUB4,1.015,75,RNA,2022-03-11,1,1,0.0467625841187866
ITUB4,1.015,75,Random Forest,2022-03-11,1,1,0.0467625841187866
ITUB4,1.015,75,SVC,2022-03-11,1,1,0.0467625841187866
ITUB4,1.015,75,RNA,2022-03-14,1,1,0.0593388926517088
ITUB4,1.015,75,Random Forest,2022-03-14,1,1,0.0593388926517088
ITUB4,1.015,75,SVC,2022-03-14,1,1,0.0593388926517088
ITUB4,1.015,75,RNA,2022-03-15,1,1,0.0686390571528654
ITUB4,1.015,75,Random Forest,2022-03-15,1,1,0.0686390571528654
ITUB4,1.015,75,SVC,2022-03-15,1,1,0.0686390571528654
ITUB4,1.015,75,RNA,2022-03-16,1,1,0.0737129205725104
ITUB4,1.015,75,Random Forest,2022-03-16,1,1,0.0737129205725104
ITUB4,1.015,75,SVC,2022-03-16,1,1,0.0737129205725104
ITUB4,1.015,75,RNA,2022-03-17,1,1,0.0594097715633445
ITUB4,1.015,75,Random Forest,2022-03-17,1,1,0.0594097715633445
ITUB4,1.015,75,SVC,2022-03-17,1,1,0.0594097715633445
ITUB4,1.015,75,RNA,2022-03-18,1,1,0.0487897032316011
ITUB4,1.015,75,Random Forest,2022-03-18,1,1,0.0487897032316011
ITUB4,1.015,75,SVC,2022-03-18,1,1,0.0487897032316011
ITUB4,1.015,75,RNA,2022-03-21,1,1,0.0194853053684405
ITUB4,1.015,75,Random Forest,2022-03-21,1,0,0.0194853053684405
ITUB4,1.015,75,SVC,2022-03-21,1,1,0.0194853053684405
ITUB4,1.015,75,RNA,2022-03-22,0,1,0.0021905789418816
ITUB4,1.015,75,Random Forest,2022-03-22,0,0,0.0021905789418816
ITUB4,1.015,75,SVC,2022-03-22,0,1,0.0021905789418816
ITUB4,1.015,75,RNA,2022-03-23,1,1,0.027442376051892
ITUB4,1.015,75,Random Forest,2022-03-23,1,0,0.027442376051892
ITUB4,1.015,75,SVC,2022-03-23,1,1,0.027442376051892
ITUB4,1.015,75,RNA,2022-03-24,1,0,0.0203488222705303
ITUB4,1.015,75,Random Forest,2022-03-24,1,0,0.0203488222705303
ITUB4,1.015,75,SVC,2022-03-24,1,1,0.0203488222705303
ITUB4,1.015,75,RNA,2022-03-25,1,1,0.0196078287529255
ITUB4,1.015,75,Random Forest,2022-03-25,1,0,0.0196078287529255
ITUB4,1.015,75,SVC,2022-03-25,1,1,0.0196078287529255
ITUB4,1.015,75,RNA,2022-03-28,0,1,-0.0054964919587053
ITUB4,1.015,75,Random Forest,2022-03-28,0,1,-0.0054964919587053
ITUB4,1.015,75,SVC,2022-03-28,0,1,-0.0054964919587053
ITUB4,1.015,75,RNA,2022-03-29,0,1,-0.0191260467010287
ITUB4,1.015,75,Random Forest,2022-03-29,0,1,-0.0191260467010287
ITUB4,1.015,75,SVC,2022-03-29,0,1,-0.0191260467010287
ITUB4,1.015,75,RNA,2022-03-30,0,1,-0.0402733956983835
ITUB4,1.015,75,Random Forest,2022-03-30,0,1,-0.0402733956983835
ITUB4,1.015,75,SVC,2022-03-30,0,1,-0.0402733956983835
ITUB4,1.015,75,RNA,2022-03-31,0,0,-0.035018065908836
ITUB4,1.015,75,Random Forest,2022-03-31,0,0,-0.035018065908836
ITUB4,1.015,75,SVC,2022-03-31,0,1,-0.035018065908836
ITUB4,1.015,75,RNA,2022-04-01,0,1,-0.0269581373545115
ITUB4,1.015,75,Random Forest,2022-04-01,0,0,-0.0269581373545115
ITUB4,1.015,75,SVC,2022-04-01,0,1,-0.0269581373545115
ITUB4,1.015,75,RNA,2022-04-04,0,1,-0.020932810595951
ITUB4,1.015,75,Random Forest,2022-04-04,0,0,-0.020932810595951
ITUB4,1.015,75,SVC,2022-04-04,0,0,-0.020932810595951
ITUB4,1.015,75,RNA,2022-04-05,0,1,-0.0003763504021335
ITUB4,1.015,75,Random Forest,2022-04-05,0,0,-0.0003763504021335
ITUB4,1.015,75,SVC,2022-04-05,0,1,-0.0003763504021335
ITUB4,1.015,75,RNA,2022-04-06,0,1,-0.0158431009522819
ITUB4,1.015,75,Random Forest,2022-04-06,0,0,-0.0158431009522819
ITUB4,1.015,75,SVC,2022-04-06,0,1,-0.0158431009522819
ITUB4,1.015,75,RNA,2022-04-07,0,0,-0.0150602412691489
ITUB4,1.015,75,Random Forest,2022-04-07,0,0,-0.0150602412691489
ITUB4,1.015,75,SVC,2022-04-07,0,1,-0.0150602412691489
ITUB4,1.015,75,RNA,2022-04-08,0,1,-0.0101503546906058
ITUB4,1.015,75,Random Forest,2022-04-08,0,0,-0.0101503546906058
ITUB4,1.015,75,SVC,2022-04-08,0,1,-0.0101503546906058
ITUB4,1.015,75,RNA,2022-04-11,0,1,-0.0119403085524354
ITUB4,1.015,75,Random Forest,2022-04-11,0,0,-0.0119403085524354
ITUB4,1.015,75,SVC,2022-04-11,0,1,-0.0119403085524354
ITUB4,1.015,75,RNA,2022-04-12,0,0,-0.0102739512031623
ITUB4,1.015,75,Random Forest,2022-04-12,0,0,-0.0102739512031623
ITUB4,1.015,75,SVC,2022-04-12,0,1,-0.0102739512031623
ITUB4,1.015,75,RNA,2022-04-13,1,0,0.0207134714159142
ITUB4,1.015,75,Random Forest,2022-04-13,1,0,0.0207134714159142
ITUB4,1.015,75,SVC,2022-04-13,1,1,0.0207134714159142
ITUB4,1.015,75,RNA,2022-04-14,0,1,-0.0217225270188895
ITUB4,1.015,75,Random Forest,2022-04-14,0,0,-0.0217225270188895
ITUB4,1.015,75,SVC,2022-04-14,0,1,-0.0217225270188895
ITUB4,1.015,75,RNA,2022-04-18,0,1,-0.0358220153171914
ITUB4,1.015,75,Random Forest,2022-04-18,0,0,-0.0358220153171914
ITUB4,1.015,75,SVC,2022-04-18,0,1,-0.0358220153171914
ITUB4,1.015,75,RNA,2022-04-19,0,1,-0.0507301934568943
ITUB4,1.015,75,Random Forest,2022-04-19,0,0,-0.0507301934568943
ITUB4,1.015,75,SVC,2022-04-19,0,1,-0.0507301934568943
ITUB4,1.015,75,RNA,2022-04-20,0,1,-0.0540540287712879
ITUB4,1.015,75,Random Forest,2022-04-20,0,0,-0.0540540287712879
ITUB4,1.015,75,SVC,2022-04-20,0,1,-0.0540540287712879
ITUB4,1.015,75,RNA,2022-04-22,0,0,-0.0470588241504158
ITUB4,1.015,75,Random Forest,2022-04-22,0,0,-0.0470588241504158
ITUB4,1.015,75,SVC,2022-04-22,0,1,-0.0470588241504158
ITUB4,1.015,75,RNA,2022-04-25,0,1,-0.0550277017137272
ITUB4,1.015,75,Random Forest,2022-04-25,0,0,-0.0550277017137272
ITUB4,1.015,75,SVC,2022-04-25,0,1,-0.0550277017137272
ITUB4,1.015,75,RNA,2022-04-26,0,1,-0.0489169900846493
ITUB4,1.015,75,Random Forest,2022-04-26,0,0,-0.0489169900846493
ITUB4,1.015,75,SVC,2022-04-26,0,1,-0.0489169900846493
ITUB4,1.015,75,RNA,2022-04-27,1,1,0.017951850918052
ITUB4,1.015,75,Random Forest,2022-04-27,1,1,0.017951850918052
ITUB4,1.015,75,SVC,2022-04-27,1,1,0.017951850918052
ITUB4,1.015,75,RNA,2022-04-28,1,0,0.0200327360666732
ITUB4,1.015,75,Random Forest,2022-04-28,1,1,0.0200327360666732
ITUB4,1.015,75,SVC,2022-04-28,1,1,0.0200327360666732
ITUB4,1.015,75,RNA,2022-04-29,0,0,-0.0242982478976204
ITUB4,1.015,75,Random Forest,2022-04-29,0,1,-0.0242982478976204
ITUB4,1.015,75,SVC,2022-04-29,0,1,-0.0242982478976204
ITUB4,1.015,75,RNA,2022-05-02,1,1,0.0176470412044791
ITUB4,1.015,75,Random Forest,2022-05-02,1,1,0.0176470412044791
ITUB4,1.015,75,SVC,2022-05-02,1,1,0.0176470412044791
ITUB4,1.015,75,RNA,2022-05-03,1,1,0.0193602472503271
ITUB4,1.015,75,Random Forest,2022-05-03,1,1,0.0193602472503271
ITUB4,1.015,75,SVC,2022-05-03,1,1,0.0193602472503271
ITUB4,1.015,75,RNA,2022-05-04,1,1,0.0267062045527981
ITUB4,1.015,75,Random Forest,2022-05-04,1,1,0.0267062045527981
ITUB4,1.015,75,SVC,2022-05-04,1,1,0.0267062045527981
ITUB4,1.015,75,RNA,2022-05-05,1,1,0.0403779885571777
ITUB4,1.015,75,Random Forest,2022-05-05,1,1,0.0403779885571777
ITUB4,1.015,75,SVC,2022-05-05,1,1,0.0403779885571777
ITUB4,1.015,75,RNA,2022-05-06,1,1,0.0391744157072504
ITUB4,1.015,75,Random Forest,2022-05-06,1,1,0.0391744157072504
ITUB4,1.015,75,SVC,2022-05-06,1,1,0.0391744157072504
ITUB4,1.015,75,RNA,2022-05-09,1,1,0.0563798031783684
ITUB4,1.015,75,Random Forest,2022-05-09,1,1,0.0563798031783684
ITUB4,1.015,75,SVC,2022-05-09,1,1,0.0563798031783684
ITUB4,1.015,75,RNA,2022-05-10,1,1,0.0825492205086841
ITUB4,1.015,75,Random Forest,2022-05-10,1,1,0.0825492205086841
ITUB4,1.015,75,SVC,2022-05-10,1,1,0.0825492205086841
ITUB4,1.015,75,RNA,2022-05-11,1,1,0.0706226484780316
ITUB4,1.015,75,Random Forest,2022-05-11,1,1,0.0706226484780316
ITUB4,1.015,75,SVC,2022-05-11,1,1,0.0706226484780316
ITUB4,1.015,75,RNA,2022-05-12,1,1,0.0376670973056056
ITUB4,1.015,75,Random Forest,2022-05-12,1,1,0.0376670973056056
ITUB4,1.015,75,SVC,2022-05-12,1,1,0.0376670973056056
ITUB4,1.015,75,RNA,2022-05-13,1,1,0.0309859022282708
ITUB4,1.015,75,Random Forest,2022-05-13,1,1,0.0309859022282708
ITUB4,1.015,75,SVC,2022-05-13,1,1,0.0309859022282708
ITUB4,1.015,75,RNA,2022-05-16,0,0,-0.009069416839149
ITUB4,1.015,75,Random Forest,2022-05-16,0,1,-0.009069416839149
ITUB4,1.015,75,SVC,2022-05-16,0,1,-0.009069416839149
ITUB4,1.015,75,RNA,2022-05-17,1,1,0.0325655239541964
ITUB4,1.015,75,Random Forest,2022-05-17,1,1,0.0325655239541964
ITUB4,1.015,75,SVC,2022-05-17,1,1,0.0325655239541964
ITUB4,1.015,75,RNA,2022-05-18,1,1,0.055377198528993
ITUB4,1.015,75,Random Forest,2022-05-18,1,1,0.055377198528993
ITUB4,1.015,75,SVC,2022-05-18,1,1,0.055377198528993
ITUB4,1.015,75,RNA,2022-05-19,1,1,0.0482263808902363
ITUB4,1.015,75,Random Forest,2022-05-19,1,1,0.0482263808902363
ITUB4,1.015,75,SVC,2022-05-19,1,1,0.0482263808902363
ITUB4,1.015,75,RNA,2022-05-20,1,1,0.0399367510682473
ITUB4,1.015,75,Random Forest,2022-05-20,1,1,0.0399367510682473
ITUB4,1.015,75,SVC,2022-05-20,1,1,0.0399367510682473
ITUB4,1.015,75,RNA,2022-05-23,1,1,0.0288162039864163
ITUB4,1.015,75,Random Forest,2022-05-23,1,1,0.0288162039864163
ITUB4,1.015,75,SVC,2022-05-23,1,1,0.0288162039864163
ITUB4,1.015,75,RNA,2022-05-24,0,1,-0.0049904030313762
ITUB4,1.015,75,Random Forest,2022-05-24,0,1,-0.0049904030313762
ITUB4,1.015,75,SVC,2022-05-24,0,1,-0.0049904030313762
ITUB4,1.015,75,RNA,2022-05-25,1,1,0.0275942683981698
ITUB4,1.015,75,Random Forest,2022-05-25,1,1,0.0275942683981698
ITUB4,1.015,75,SVC,2022-05-25,1,1,0.0275942683981698
ITUB4,1.015,75,RNA,2022-05-26,0,1,-0.0100762791903735
ITUB4,1.015,75,Random Forest,2022-05-26,0,1,-0.0100762791903735
ITUB4,1.015,75,SVC,2022-05-26,0,1,-0.0100762791903735
ITUB4,1.015,75,RNA,2022-05-27,0,1,-0.0137995024253322
ITUB4,1.015,75,Random Forest,2022-05-27,0,1,-0.0137995024253322
ITUB4,1.015,75,SVC,2022-05-27,0,1,-0.0137995024253322
ITUB4,1.015,75,RNA,2022-05-30,0,0,-0.0203310780095277
ITUB4,1.015,75,Random Forest,2022-05-30,0,0,-0.0203310780095277
ITUB4,1.015,75,SVC,2022-05-30,0,1,-0.0203310780095277
ITUB4,1.015,75,RNA,2022-05-31,0,1,-0.0277672243527614
ITUB4,1.015,75,Random Forest,2022-05-31,0,0,-0.0277672243527614
ITUB4,1.015,75,SVC,2022-05-31,0,1,-0.0277672243527614
ITUB4,1.015,75,RNA,2022-06-01,0,0,-0.0176786889121048
ITUB4,1.015,75,Random Forest,2022-06-01,0,0,-0.0176786889121048
ITUB4,1.015,75,SVC,2022-06-01,0,0,-0.0176786889121048
ITUB4,1.015,75,RNA,2022-06-02,0,1,-0.026407777815245
ITUB4,1.015,75,Random Forest,2022-06-02,0,0,-0.026407777815245
ITUB4,1.015,75,SVC,2022-06-02,0,1,-0.026407777815245
ITUB4,1.015,75,RNA,2022-06-03,0,1,-0.0468085250204608
ITUB4,1.015,75,Random Forest,2022-06-03,0,0,-0.0468085250204608
ITUB4,1.015,75,SVC,2022-06-03,0,1,-0.0468085250204608
ITUB4,1.015,75,RNA,2022-06-06,0,0,-0.0537888035915916
ITUB4,1.015,75,Random Forest,2022-06-06,0,0,-0.0537888035915916
ITUB4,1.015,75,SVC,2022-06-06,0,1,-0.0537888035915916
ITUB4,1.015,75,RNA,2022-06-07,0,0,-0.0644400406712316
ITUB4,1.015,75,Random Forest,2022-06-07,0,0,-0.0644400406712316
ITUB4,1.015,75,SVC,2022-06-07,0,1,-0.0644400406712316
ITUB4,1.015,75,RNA,2022-06-08,0,0,-0.0562649363477463
ITUB4,1.015,75,Random Forest,2022-06-08,0,0,-0.0562649363477463
ITUB4,1.015,75,SVC,2022-06-08,0,0,-0.0562649363477463
ITUB4,1.015,75,RNA,2022-06-09,0,1,-0.032192312455432
ITUB4,1.015,75,Random Forest,2022-06-09,0,1,-0.032192312455432
ITUB4,1.015,75,SVC,2022-06-09,0,1,-0.032192312455432
ITUB4,1.015,75,RNA,2022-06-10,0,1,-0.0229166936191477
ITUB4,1.015,75,Random Forest,2022-06-10,0,1,-0.0229166936191477
ITUB4,1.015,75,SVC,2022-06-10,0,1,-0.0229166936191477
ITUB4,1.015,75,RNA,2022-06-13,1,1,0.0289672784292056
ITUB4,1.015,75,Random Forest,2022-06-13,1,1,0.0289672784292056
ITUB4,1.015,75,SVC,2022-06-13,1,1,0.0289672784292056
ITUB4,1.015,75,RNA,2022-06-14,1,1,0.0305184092137662
ITUB4,1.015,75,Random Forest,2022-06-14,1,0,0.0305184092137662
ITUB4,1.015,75,SVC,2022-06-14,1,1,0.0305184092137662
ITUB4,1.015,75,RNA,2022-06-15,1,1,0.0561268433615489
ITUB4,1.015,75,Random Forest,2022-06-15,1,1,0.0561268433615489
ITUB4,1.015,75,SVC,2022-06-15,1,1,0.0561268433615489
ITUB4,1.015,75,RNA,2022-06-17,1,1,0.045377459659613
ITUB4,1.015,75,Random Forest,2022-06-17,1,1,0.045377459659613
ITUB4,1.015,75,SVC,2022-06-17,1,1,0.045377459659613
ITUB4,1.015,75,RNA,2022-06-20,0,1,-0.0456026274335767
ITUB4,1.015,75,Random Forest,2022-06-20,0,1,-0.0456026274335767
ITUB4,1.015,75,SVC,2022-06-20,0,1,-0.0456026274335767
ITUB4,1.015,75,RNA,2022-06-21,0,0,-0.0284301836254713
ITUB4,1.015,75,Random Forest,2022-06-21,0,1,-0.0284301836254713
ITUB4,1.015,75,SVC,2022-06-21,0,1,-0.0284301836254713
ITUB4,1.015,75,RNA,2022-06-22,0,1,-0.0307564126464507
ITUB4,1.015,75,Random Forest,2022-06-22,0,1,-0.0307564126464507
ITUB4,1.015,75,SVC,2022-06-22,0,1,-0.0307564126464507
ITUB4,1.015,75,RNA,2022-06-23,0,1,-0.0257492468736639
ITUB4,1.015,75,Random Forest,2022-06-23,0,1,-0.0257492468736639
ITUB4,1.015,75,SVC,2022-06-23,0,1,-0.0257492468736639
ITUB4,1.015,75,RNA,2022-06-24,0,1,-0.0365490852532083
ITUB4,1.015,75,Random Forest,2022-06-24,0,1,-0.0365490852532083
ITUB4,1.015,75,SVC,2022-06-24,0,1,-0.0365490852532083
ITUB4,1.015,75,RNA,2022-06-27,0,1,-0.0363331442232922
ITUB4,1.015,75,Random Forest,2022-06-27,0,0,-0.0363331442232922
ITUB4,1.015,75,SVC,2022-06-27,0,1,-0.0363331442232922
ITUB4,1.015,75,RNA,2022-06-28,0,1,-0.0350386772035582
ITUB4,1.015,75,Random Forest,2022-06-28,0,0,-0.0350386772035582
ITUB4,1.015,75,SVC,2022-06-28,0,1,-0.0350386772035582
ITUB4,1.015,75,RNA,2022-06-29,0,1,-0.0005360591833839
ITUB4,1.015,75,Random Forest,2022-06-29,0,0,-0.0005360591833839
ITUB4,1.015,75,SVC,2022-06-29,0,1,-0.0005360591833839
ITUB4,1.015,75,RNA,2022-06-30,1,1,0.0291218372710995
ITUB4,1.015,75,Random Forest,2022-06-30,1,0,0.0291218372710995
ITUB4,1.015,75,SVC,2022-06-30,1,0,0.0291218372710995
ITUB4,1.015,75,RNA,2022-07-01,1,1,0.0167622727559524
ITUB4,1.015,75,Random Forest,2022-07-01,1,0,0.0167622727559524
ITUB4,1.015,75,SVC,2022-07-01,1,0,0.0167622727559524
ITUB4,1.015,75,RNA,2022-07-04,1,1,0.0337777822878626
ITUB4,1.015,75,Random Forest,2022-07-04,1,0,0.0337777822878626
ITUB4,1.015,75,SVC,2022-07-04,1,0,0.0337777822878626
ITUB4,1.015,75,RNA,2022-07-05,1,1,0.0287483155109851
ITUB4,1.015,75,Random Forest,2022-07-05,1,1,0.0287483155109851
ITUB4,1.015,75,SVC,2022-07-05,1,0,0.0287483155109851
ITUB4,1.015,75,RNA,2022-07-06,1,1,0.0206230933054667
ITUB4,1.015,75,Random Forest,2022-07-06,1,0,0.0206230933054667
ITUB4,1.015,75,SVC,2022-07-06,1,0,0.0206230933054667
ITUB4,1.015,75,RNA,2022-07-07,0,1,-0.0357296566372041
ITUB4,1.015,75,Random Forest,2022-07-07,0,1,-0.0357296566372041
ITUB4,1.015,75,SVC,2022-07-07,0,1,-0.0357296566372041
ITUB4,1.015,75,RNA,2022-07-08,0,0,-0.0194777031141839
ITUB4,1.015,75,Random Forest,2022-07-08,0,0,-0.0194777031141839
ITUB4,1.015,75,SVC,2022-07-08,0,1,-0.0194777031141839
ITUB4,1.015,75,RNA,2022-07-11,0,1,0.0008876944070723
ITUB4,1.015,75,Random Forest,2022-07-11,0,0,0.0008876944070723
ITUB4,1.015,75,SVC,2022-07-11,0,1,0.0008876944070723
ITUB4,1.015,75,RNA,2022-07-12,1,1,0.027703327439519
ITUB4,1.015,75,Random Forest,2022-07-12,1,0,0.027703327439519
ITUB4,1.015,75,SVC,2022-07-12,1,0,0.027703327439519
ITUB4,1.015,75,RNA,2022-07-13,1,0,0.0697569357639433
ITUB4,1.015,75,Random Forest,2022-07-13,1,0,0.0697569357639433
ITUB4,1.015,75,SVC,2022-07-13,1,1,0.0697569357639433
ITUB4,1.015,75,RNA,2022-07-14,1,0,0.0707207336925679
ITUB4,1.015,75,Random Forest,2022-07-14,1,1,0.0707207336925679
ITUB4,1.015,75,SVC,2022-07-14,1,0,0.0707207336925679
ITUB4,1.015,75,RNA,2022-07-15,1,1,0.0480599381722823
ITUB4,1.015,75,Random Forest,2022-07-15,1,1,0.0480599381722823
ITUB4,1.015,75,SVC,2022-07-15,1,1,0.0480599381722823
ITUB4,1.015,75,RNA,2022-07-18,1,1,0.0411738595981889
ITUB4,1.015,75,Random Forest,2022-07-18,1,1,0.0411738595981889
ITUB4,1.015,75,SVC,2022-07-18,1,1,0.0411738595981889
ITUB4,1.015,75,RNA,2022-07-19,0,1,0.004255324256154
ITUB4,1.015,75,Random Forest,2022-07-19,0,1,0.004255324256154
ITUB4,1.015,75,SVC,2022-07-19,0,1,0.004255324256154
ITUB4,1.015,75,RNA,2022-07-20,1,1,0.0266323228257965
ITUB4,1.015,75,Random Forest,2022-07-20,1,1,0.0266323228257965
ITUB4,1.015,75,SVC,2022-07-20,1,1,0.0266323228257965
ITUB4,1.015,75,RNA,2022-07-21,0,0,-0.0021186465998106
ITUB4,1.015,75,Random Forest,2022-07-21,0,1,-0.0021186465998106
ITUB4,1.015,75,SVC,2022-07-21,0,1,-0.0021186465998106
ITUB4,1.015,75,RNA,2022-07-22,1,1,0.0213675471223346
ITUB4,1.015,75,Random Forest,2022-07-22,1,1,0.0213675471223346
ITUB4,1.015,75,SVC,2022-07-22,1,1,0.0213675471223346
ITUB4,1.015,75,RNA,2022-07-25,0,1,-0.0004232140944956
ITUB4,1.015,75,Random Forest,2022-07-25,0,1,-0.0004232140944956
ITUB4,1.015,75,SVC,2022-07-25,0,1,-0.0004232140944956
ITUB4,1.015,75,RNA,2022-07-26,1,1,0.0152413620321876
ITUB4,1.015,75,Random Forest,2022-07-26,1,0,0.0152413620321876
ITUB4,1.015,75,SVC,2022-07-26,1,1,0.0152413620321876
ITUB4,1.015,75,RNA,2022-07-27,1,1,0.0182590566286195
ITUB4,1.015,75,Random Forest,2022-07-27,1,1,0.0182590566286195
ITUB4,1.015,75,SVC,2022-07-27,1,1,0.0182590566286195
ITUB4,1.015,75,RNA,2022-07-28,0,1,0.0070707841604975
ITUB4,1.015,75,Random Forest,2022-07-28,0,0,0.0070707841604975
ITUB4,1.015,75,SVC,2022-07-28,0,1,0.0070707841604975
ITUB4,1.015,75,RNA,2022-07-29,1,1,0.0301886611959589
ITUB4,1.015,75,Random Forest,2022-07-29,1,1,0.0301886611959589
ITUB4,1.015,75,SVC,2022-07-29,1,1,0.0301886611959589
ITUB4,1.015,75,RNA,2022-08-01,1,1,0.0634786543870638
ITUB4,1.015,75,Random Forest,2022-08-01,1,1,0.0634786543870638
ITUB4,1.015,75,SVC,2022-08-01,1,1,0.0634786543870638
ITUB4,1.015,75,RNA,2022-08-02,1,1,0.0670886062330078
ITUB4,1.015,75,Random Forest,2022-08-02,1,1,0.0670886062330078
ITUB4,1.015,75,SVC,2022-08-02,1,1,0.0670886062330078
ITUB4,1.015,75,RNA,2022-08-03,1,1,0.0927234899623232
ITUB4,1.015,75,Random Forest,2022-08-03,1,0,0.0927234899623232
ITUB4,1.015,75,SVC,2022-08-03,1,1,0.0927234899623232
ITUB4,1.015,75,RNA,2022-08-04,1,1,0.0820743380437973
ITUB4,1.015,75,Random Forest,2022-08-04,1,1,0.0820743380437973
ITUB4,1.015,75,SVC,2022-08-04,1,1,0.0820743380437973
ITUB4,1.015,75,RNA,2022-08-05,1,1,0.0677831098024766
ITUB4,1.015,75,Random Forest,2022-08-05,1,1,0.0677831098024766
ITUB4,1.015,75,SVC,2022-08-05,1,1,0.0677831098024766
ITUB4,1.015,75,RNA,2022-08-08,1,1,0.0288018546589094
ITUB4,1.015,75,Random Forest,2022-08-08,1,1,0.0288018546589094
ITUB4,1.015,75,SVC,2022-08-08,1,1,0.0288018546589094
ITUB4,1.015,75,RNA,2022-08-09,1,1,0.0363149885336344
ITUB4,1.015,75,Random Forest,2022-08-09,1,1,0.0363149885336344
ITUB4,1.015,75,SVC,2022-08-09,1,0,0.0363149885336344
ITUB4,1.015,75,RNA,2022-08-10,1,0,0.0270371595578606
ITUB4,1.015,75,Random Forest,2022-08-10,1,0,0.0270371595578606
ITUB4,1.015,75,SVC,2022-08-10,1,0,0.0270371595578606
ITUB4,1.015,75,RNA,2022-08-11,1,1,0.0334712302411992
ITUB4,1.015,75,Random Forest,2022-08-11,1,0,0.0334712302411992
ITUB4,1.015,75,SVC,2022-08-11,1,1,0.0334712302411992
ITUB4,1.015,75,RNA,2022-08-12,1,0,0.0447988082143453
ITUB4,1.015,75,Random Forest,2022-08-12,1,1,0.0447988082143453
ITUB4,1.015,75,SVC,2022-08-12,1,1,0.0447988082143453
ITUB4,1.015,75,RNA,2022-08-15,1,1,0.0215293180264566
ITUB4,1.015,75,Random Forest,2022-08-15,1,1,0.0215293180264566
ITUB4,1.015,75,SVC,2022-08-15,1,0,0.0215293180264566
ITUB4,1.015,75,RNA,2022-08-16,1,0,0.0162481574987558
ITUB4,1.015,75,Random Forest,2022-08-16,1,1,0.0162481574987558
ITUB4,1.015,75,SVC,2022-08-16,1,1,0.0162481574987558
ITUB4,1.015,75,RNA,2022-08-17,0,1,-0.0244632343440613
ITUB4,1.015,75,Random Forest,2022-08-17,0,1,-0.0244632343440613
ITUB4,1.015,75,SVC,2022-08-17,0,1,-0.0244632343440613
ITUB4,1.015,75,RNA,2022-08-18,0,1,-0.010447767475726
ITUB4,1.015,75,Random Forest,2022-08-18,0,1,-0.010447767475726
ITUB4,1.015,75,SVC,2022-08-18,0,1,-0.010447767475726
ITUB4,1.015,75,RNA,2022-08-19,1,1,0.0178030265522124
ITUB4,1.015,75,Random Forest,2022-08-19,1,1,0.0178030265522124
ITUB4,1.015,75,SVC,2022-08-19,1,1,0.0178030265522124
ITUB4,1.015,75,RNA,2022-08-22,1,1,0.0299810061675065
ITUB4,1.015,75,Random Forest,2022-08-22,1,1,0.0299810061675065
ITUB4,1.015,75,SVC,2022-08-22,1,1,0.0299810061675065
ITUB4,1.015,75,RNA,2022-08-23,1,1,0.0299810061675065
ITUB4,1.015,75,Random Forest,2022-08-23,1,1,0.0299810061675065
ITUB4,1.015,75,SVC,2022-08-23,1,1,0.0299810061675065
ITUB4,1.015,75,RNA,2022-08-24,1,1,0.0199173147191049
ITUB4,1.015,75,Random Forest,2022-08-24,1,1,0.0199173147191049
ITUB4,1.015,75,SVC,2022-08-24,1,1,0.0199173147191049
ITUB4,1.015,75,RNA,2022-08-25,0,0,-0.040520448370624
ITUB4,1.015,75,Random Forest,2022-08-25,0,1,-0.040520448370624
ITUB4,1.015,75,SVC,2022-08-25,0,1,-0.040520448370624
ITUB4,1.015,75,RNA,2022-08-26,0,1,-0.0125122042816372
ITUB4,1.015,75,Random Forest,2022-08-26,0,1,-0.0125122042816372
ITUB4,1.015,75,SVC,2022-08-26,0,1,-0.0125122042816372
ITUB4,1.015,75,RNA,2022-08-29,0,1,-0.0053098970989149
ITUB4,1.015,75,Random Forest,2022-08-29,0,1,-0.0053098970989149
ITUB4,1.015,75,SVC,2022-08-29,0,1,-0.0053098970989149
ITUB4,1.015,75,RNA,2022-08-30,1,1,0.0220794488641768
ITUB4,1.015,75,Random Forest,2022-08-30,1,0,0.0220794488641768
ITUB4,1.015,75,SVC,2022-08-30,1,1,0.0220794488641768
ITUB4,1.015,75,RNA,2022-08-31,1,0,0.0448963798566997
ITUB4,1.015,75,Random Forest,2022-08-31,1,0,0.0448963798566997
ITUB4,1.015,75,SVC,2022-08-31,1,1,0.0448963798566997
ITUB4,1.015,75,RNA,2022-09-01,1,0,0.0333965877061461
ITUB4,1.015,75,Random Forest,2022-09-01,1,0,0.0333965877061461
ITUB4,1.015,75,SVC,2022-09-01,1,1,0.0333965877061461
ITUB4,1.015,75,RNA,2022-09-02,1,1,0.0221471151764578
ITUB4,1.015,75,Random Forest,2022-09-02,1,1,0.0221471151764578
ITUB4,1.015,75,SVC,2022-09-02,1,1,0.0221471151764578
ITUB4,1.015,75,RNA,2022-09-05,1,1,0.0232209403372787
ITUB4,1.015,75,Random Forest,2022-09-05,1,1,0.0232209403372787
ITUB4,1.015,75,SVC,2022-09-05,1,1,0.0232209403372787
ITUB4,1.015,75,RNA,2022-09-06,1,1,0.0156133605786528
ITUB4,1.015,75,Random Forest,2022-09-06,1,1,0.0156133605786528
ITUB4,1.015,75,SVC,2022-09-06,1,1,0.0156133605786528
ITUB4,1.015,75,RNA,2022-09-08,1,1,0.0232209403372787
ITUB4,1.015,75,Random Forest,2022-09-08,1,1,0.0232209403372787
ITUB4,1.015,75,SVC,2022-09-08,1,1,0.0232209403372787
ITUB4,1.015,75,RNA,2022-09-09,0,0,-0.0085185063855031
ITUB4,1.015,75,Random Forest,2022-09-09,0,1,-0.0085185063855031
ITUB4,1.015,75,SVC,2022-09-09,0,1,-0.0085185063855031
ITUB4,1.015,75,RNA,2022-09-12,0,1,-0.0074404655456176
ITUB4,1.015,75,Random Forest,2022-09-12,0,1,-0.0074404655456176
ITUB4,1.015,75,SVC,2022-09-12,0,1,-0.0074404655456176
ITUB4,1.015,75,RNA,2022-09-13,1,1,0.039640979866611
ITUB4,1.015,75,Random Forest,2022-09-13,1,1,0.039640979866611
ITUB4,1.015,75,SVC,2022-09-13,1,1,0.039640979866611
ITUB4,1.015,75,RNA,2022-09-14,1,0,0.0762298055066221
ITUB4,1.015,75,Random Forest,2022-09-14,1,1,0.0762298055066221
ITUB4,1.015,75,SVC,2022-09-14,1,1,0.0762298055066221
ITUB4,1.015,75,RNA,2022-09-15,1,1,0.0781955291287419
ITUB4,1.015,75,Random Forest,2022-09-15,1,1,0.0781955291287419
ITUB4,1.015,75,SVC,2022-09-15,1,1,0.0781955291287419
ITUB4,1.015,75,RNA,2022-09-16,1,1,0.0898158828769895
ITUB4,1.015,75,Random Forest,2022-09-16,1,1,0.0898158828769895
ITUB4,1.015,75,SVC,2022-09-16,1,1,0.0898158828769895
ITUB4,1.015,75,RNA,2022-09-19,1,1,0.0424155154093417
ITUB4,1.015,75,Random Forest,2022-09-19,1,1,0.0424155154093417
ITUB4,1.015,75,SVC,2022-09-19,1,1,0.0424155154093417
ITUB4,1.015,75,RNA,2022-09-20,0,1,-0.0283216839796895
ITUB4,1.015,75,Random Forest,2022-09-20,0,1,-0.0283216839796895
ITUB4,1.015,75,SVC,2022-09-20,0,1,-0.0283216839796895
ITUB4,1.015,75,RNA,2022-09-21,0,1,-0.0370759401198994
ITUB4,1.015,75,Random Forest,2022-09-21,0,1,-0.0370759401198994
ITUB4,1.015,75,SVC,2022-09-21,0,1,-0.0370759401198994
ITUB4,1.015,75,RNA,2022-09-22,0,0,-0.0309859187811997
ITUB4,1.015,75,Random Forest,2022-09-22,0,1,-0.0309859187811997
ITUB4,1.015,75,SVC,2022-09-22,0,1,-0.0309859187811997
ITUB4,1.015,75,RNA,2022-09-23,0,1,-0.0071098370832829
ITUB4,1.015,75,Random Forest,2022-09-23,0,0,-0.0071098370832829
ITUB4,1.015,75,SVC,2022-09-23,0,1,-0.0071098370832829
ITUB4,1.015,75,RNA,2022-09-26,0,1,0.0028591810669964
ITUB4,1.015,75,Random Forest,2022-09-26,0,0,0.0028591810669964
ITUB4,1.015,75,SVC,2022-09-26,0,1,0.0028591810669964
ITUB4,1.015,75,RNA,2022-09-27,1,1,0.0804475099369617
ITUB4,1.015,75,Random Forest,2022-09-27,1,0,0.0804475099369617
ITUB4,1.015,75,SVC,2022-09-27,1,1,0.0804475099369617
ITUB4,1.015,75,RNA,2022-09-28,1,1,0.100838121628203
ITUB4,1.015,75,Random Forest,2022-09-28,1,1,0.100838121628203
ITUB4,1.015,75,SVC,2022-09-28,1,1,0.100838121628203
ITUB4,1.015,75,RNA,2022-09-29,1,0,0.0869835998300745
ITUB4,1.015,75,Random Forest,2022-09-29,1,1,0.0869835998300745
ITUB4,1.015,75,SVC,2022-09-29,1,1,0.0869835998300745
ITUB4,1.015,75,RNA,2022-09-30,1,1,0.0493227056935587
ITUB4,1.015,75,Random Forest,2022-09-30,1,1,0.0493227056935587
ITUB4,1.015,75,SVC,2022-09-30,1,1,0.0493227056935587
ITUB4,1.015,75,RNA,2022-10-03,0,1,-0.0216883899160162
ITUB4,1.015,75,Random Forest,2022-10-03,0,0,-0.0216883899160162
ITUB4,1.015,75,SVC,2022-10-03,0,1,-0.0216883899160162
ITUB4,1.015,75,RNA,2022-10-04,0,0,-0.0287914252056065
ITUB4,1.015,75,Random Forest,2022-10-04,0,0,-0.0287914252056065
ITUB4,1.015,75,SVC,2022-10-04,0,1,-0.0287914252056065
ITUB4,1.015,75,RNA,2022-10-05,0,0,-0.0364548274555773
ITUB4,1.015,75,Random Forest,2022-10-05,0,0,-0.0364548274555773
ITUB4,1.015,75,SVC,2022-10-05,0,0,-0.0364548274555773
ITUB4,1.015,75,RNA,2022-10-06,0,1,-0.0191780647837552
ITUB4,1.015,75,Random Forest,2022-10-06,0,0,-0.0191780647837552
ITUB4,1.015,75,SVC,2022-10-06,0,0,-0.0191780647837552
ITUB4,1.015,75,RNA,2022-10-07,0,0,-0.0281546882763017
ITUB4,1.015,75,Random Forest,2022-10-07,0,0,-0.0281546882763017
ITUB4,1.015,75,SVC,2022-10-07,0,0,-0.0281546882763017
ITUB4,1.015,75,RNA,2022-10-10,0,0,-0.0006920638001016
ITUB4,1.015,75,Random Forest,2022-10-10,0,0,-0.0006920638001016
ITUB4,1.015,75,SVC,2022-10-10,0,0,-0.0006920638001016
ITUB4,1.015,75,RNA,2022-10-11,1,1,0.0382456374808437
ITUB4,1.015,75,Random Forest,2022-10-11,1,0,0.0382456374808437
ITUB4,1.015,75,SVC,2022-10-11,1,0,0.0382456374808437
ITUB4,1.015,75,RNA,2022-10-13,1,0,0.0351304604197713
ITUB4,1.015,75,Random Forest,2022-10-13,1,0,0.0351304604197713
ITUB4,1.015,75,SVC,2022-10-13,1,0,0.0351304604197713
ITUB4,1.015,75,RNA,2022-10-14,1,0,0.0452660595772733
ITUB4,1.015,75,Random Forest,2022-10-14,1,0,0.0452660595772733
ITUB4,1.015,75,SVC,2022-10-14,1,0,0.0452660595772733
ITUB4,1.015,75,RNA,2022-10-17,1,1,0.0675767969956944
ITUB4,1.015,75,Random Forest,2022-10-17,1,0,0.0675767969956944
ITUB4,1.015,75,SVC,2022-10-17,1,0,0.0675767969956944
ITUB4,1.015,75,RNA,2022-10-18,1,0,0.0581867288869737
ITUB4,1.015,75,Random Forest,2022-10-18,1,1,0.0581867288869737
ITUB4,1.015,75,SVC,2022-10-18,1,0,0.0581867288869737
ITUB4,1.015,75,RNA,2022-10-19,1,0,0.0496644276200199
ITUB4,1.015,75,Random Forest,2022-10-19,1,0,0.0496644276200199
ITUB4,1.015,75,SVC,2022-10-19,1,0,0.0496644276200199
ITUB4,1.015,75,RNA,2022-10-20,1,0,0.0451052363415873
ITUB4,1.015,75,Random Forest,2022-10-20,1,0,0.0451052363415873
ITUB4,1.015,75,SVC,2022-10-20,1,1,0.0451052363415873
ITUB4,1.015,75,RNA,2022-10-21,0,1,-0.0486854687298442
ITUB4,1.015,75,Random Forest,2022-10-21,0,0,-0.0486854687298442
ITUB4,1.015,75,SVC,2022-10-21,0,1,-0.0486854687298442
ITUB4,1.015,75,RNA,2022-10-24,0,0,-0.0037099348777994
ITUB4,1.015,75,Random Forest,2022-10-24,0,0,-0.0037099348777994
ITUB4,1.015,75,SVC,2022-10-24,0,1,-0.0037099348777994
ITUB4,1.015,75,RNA,2022-10-25,1,1,0.0541379386771145
ITUB4,1.015,75,Random Forest,2022-10-25,1,0,0.0541379386771145
ITUB4,1.015,75,SVC,2022-10-25,1,1,0.0541379386771145
ITUB4,1.015,75,RNA,2022-10-26,1,1,0.0755131899057708
ITUB4,1.015,75,Random Forest,2022-10-26,1,1,0.0755131899057708
ITUB4,1.015,75,SVC,2022-10-26,1,1,0.0755131899057708
ITUB4,1.015,75,RNA,2022-10-27,1,1,0.0718312142974715
ITUB4,1.015,75,Random Forest,2022-10-27,1,1,0.0718312142974715
ITUB4,1.015,75,SVC,2022-10-27,1,1,0.0718312142974715
ITUB4,1.015,75,RNA,2022-10-28,1,1,0.0795927558282927
ITUB4,1.015,75,Random Forest,2022-10-28,1,1,0.0795927558282927
ITUB4,1.015,75,SVC,2022-10-28,1,1,0.0795927558282927
ITUB4,1.015,75,RNA,2022-10-31,0,0,-0.0432257963905406
ITUB4,1.015,75,Random Forest,2022-10-31,0,1,-0.0432257963905406
ITUB4,1.015,75,SVC,2022-10-31,0,1,-0.0432257963905406
ITUB4,1.015,75,RNA,2022-11-01,1,1,0.0309999840621133
ITUB4,1.015,75,Random Forest,2022-11-01,1,0,0.0309999840621133
ITUB4,1.015,75,SVC,2022-11-01,1,0,0.0309999840621133
ITUB4,1.015,75,RNA,2022-11-03,0,1,-0.0827631366627924
ITUB4,1.015,75,Random Forest,2022-11-03,0,0,-0.0827631366627924
ITUB4,1.015,75,SVC,2022-11-03,0,0,-0.0827631366627924
ITUB4,1.015,75,RNA,2022-11-04,0,1,-0.0814765459901348
ITUB4,1.015,75,Random Forest,2022-11-04,0,0,-0.0814765459901348
ITUB4,1.015,75,SVC,2022-11-04,0,1,-0.0814765459901348
ITUB4,1.015,75,RNA,2022-11-07,0,1,-0.0923599290187667
ITUB4,1.015,75,Random Forest,2022-11-07,0,0,-0.0923599290187667
ITUB4,1.015,75,SVC,2022-11-07,0,1,-0.0923599290187667
ITUB4,1.015,75,RNA,2022-11-08,0,1,-0.070132593843848
ITUB4,1.015,75,Random Forest,2022-11-08,0,1,-0.070132593843848
ITUB4,1.015,75,SVC,2022-11-08,0,1,-0.070132593843848
ITUB4,1.015,75,RNA,2022-11-09,1,1,0.0307017512011433
ITUB4,1.015,75,Random Forest,2022-11-09,1,1,0.0307017512011433
ITUB4,1.015,75,SVC,2022-11-09,1,1,0.0307017512011433
ITUB4,1.015,75,RNA,2022-11-10,0,0,-0.0560714029941342
ITUB4,1.015,75,Random Forest,2022-11-10,0,0,-0.0560714029941342
ITUB4,1.015,75,SVC,2022-11-10,0,1,-0.0560714029941342
ITUB4,1.015,75,RNA,2022-11-11,0,1,-0.0151570733155699
ITUB4,1.015,75,Random Forest,2022-11-11,0,1,-0.0151570733155699
ITUB4,1.015,75,SVC,2022-11-11,0,1,-0.0151570733155699
ITUB4,1.015,75,RNA,2022-11-14,1,1,0.0187617168476548
ITUB4,1.015,75,Random Forest,2022-11-14,1,1,0.0187617168476548
ITUB4,1.015,75,SVC,2022-11-14,1,1,0.0187617168476548
ITUB4,1.015,75,RNA,2022-11-16,1,0,0.0482625506318836
ITUB4,1.015,75,Random Forest,2022-11-16,1,1,0.0482625506318836
ITUB4,1.015,75,SVC,2022-11-16,1,1,0.0482625506318836
ITUB4,1.015,75,RNA,2022-11-17,1,1,0.017234939246947
ITUB4,1.015,75,Random Forest,2022-11-17,1,1,0.017234939246947
ITUB4,1.015,75,SVC,2022-11-17,1,1,0.017234939246947
ITUB4,1.015,75,RNA,2022-11-18,0,1,-0.0022222289808758
ITUB4,1.015,75,Random Forest,2022-11-18,0,1,-0.0022222289808758
ITUB4,1.015,75,SVC,2022-11-18,0,1,-0.0022222289808758
ITUB4,1.015,75,RNA,2022-11-21,0,1,-0.0302238985766061
ITUB4,1.015,75,Random Forest,2022-11-21,0,1,-0.0302238985766061
ITUB4,1.015,75,SVC,2022-11-21,0,1,-0.0302238985766061
ITUB4,1.015,75,RNA,2022-11-22,1,0,0.0402453000445468
ITUB4,1.015,75,Random Forest,2022-11-22,1,0,0.0402453000445468
ITUB4,1.015,75,SVC,2022-11-22,1,1,0.0402453000445468
ITUB4,1.015,75,RNA,2022-11-23,1,0,0.035877888373387
ITUB4,1.015,75,Random Forest,2022-11-23,1,1,0.035877888373387
ITUB4,1.015,75,SVC,2022-11-23,1,1,0.035877888373387
ITUB4,1.015,75,RNA,2022-11-24,0,1,-0.0291262524861783
ITUB4,1.015,75,Random Forest,2022-11-24,0,1,-0.0291262524861783
ITUB4,1.015,75,SVC,2022-11-24,0,1,-0.0291262524861783
ITUB4,1.015,75,RNA,2022-11-25,0,1,-0.0039213686273763
ITUB4,1.015,75,Random Forest,2022-11-25,0,1,-0.0039213686273763
ITUB4,1.015,75,SVC,2022-11-25,0,1,-0.0039213686273763
ITUB4,1.015,75,RNA,2022-11-28,1,1,0.0441702038373874
ITUB4,1.015,75,Random Forest,2022-11-28,1,1,0.0441702038373874
ITUB4,1.015,75,SVC,2022-11-28,1,1,0.0441702038373874
ITUB4,1.015,75,RNA,2022-11-29,1,0,0.0336475443688606
ITUB4,1.015,75,Random Forest,2022-11-29,1,1,0.0336475443688606
ITUB4,1.015,75,SVC,2022-11-29,1,1,0.0336475443688606
ITUB4,1.015,75,RNA,2022-11-30,1,1,0.0406091129200307
ITUB4,1.015,75,Random Forest,2022-11-30,1,1,0.0406091129200307
ITUB4,1.015,75,SVC,2022-11-30,1,1,0.0406091129200307
ITUB4,1.015,75,RNA,2022-12-01,1,1,0.0222478013715869
ITUB4,1.015,75,Random Forest,2022-12-01,1,1,0.0222478013715869
ITUB4,1.015,75,SVC,2022-12-01,1,1,0.0222478013715869
ITUB4,1.015,75,RNA,2022-12-02,0,1,-0.041698555683857
ITUB4,1.015,75,Random Forest,2022-12-02,0,1,-0.041698555683857
ITUB4,1.015,75,SVC,2022-12-02,0,1,-0.041698555683857
ITUB4,1.015,75,RNA,2022-12-05,1,1,0.0237169673948818
ITUB4,1.015,75,Random Forest,2022-12-05,1,0,0.0237169673948818
ITUB4,1.015,75,SVC,2022-12-05,1,0,0.0237169673948818
ITUB4,1.015,75,RNA,2022-12-06,0,1,-0.0626624690407758
ITUB4,1.015,75,Random Forest,2022-12-06,0,0,-0.0626624690407758
ITUB4,1.015,75,SVC,2022-12-06,0,1,-0.0626624690407758
ITUB4,1.015,75,RNA,2022-12-07,0,1,-0.0833728953429828
ITUB4,1.015,75,Random Forest,2022-12-07,0,1,-0.0833728953429828
ITUB4,1.015,75,SVC,2022-12-07,0,1,-0.0833728953429828
ITUB4,1.015,75,RNA,2022-12-08,0,1,-0.0563209383013869
ITUB4,1.015,75,Random Forest,2022-12-08,0,1,-0.0563209383013869
ITUB4,1.015,75,SVC,2022-12-08,0,1,-0.0563209383013869
ITUB4,1.015,75,RNA,2022-12-09,0,0,-0.0370065386586278
ITUB4,1.015,75,Random Forest,2022-12-09,0,0,-0.0370065386586278
ITUB4,1.015,75,SVC,2022-12-09,0,1,-0.0370065386586278
ITUB4,1.015,75,RNA,2022-12-12,0,1,-0.0235051496291431
ITUB4,1.015,75,Random Forest,2022-12-12,0,1,-0.0235051496291431
ITUB4,1.015,75,SVC,2022-12-12,0,1,-0.0235051496291431
ITUB4,1.015,75,RNA,2022-12-13,1,0,0.0685290313984203
ITUB4,1.015,75,Random Forest,2022-12-13,1,0,0.0685290313984203
ITUB4,1.015,75,SVC,2022-12-13,1,1,0.0685290313984203
ITUB4,1.015,75,RNA,2022-12-14,1,1,0.0933159808040602
ITUB4,1.015,75,Random Forest,2022-12-14,1,1,0.0933159808040602
ITUB4,1.015,75,SVC,2022-12-14,1,1,0.0933159808040602
ITUB4,1.015,75,RNA,2022-12-15,1,1,0.0710033986858855
ITUB4,1.015,75,Random Forest,2022-12-15,1,1,0.0710033986858855
ITUB4,1.015,75,SVC,2022-12-15,1,1,0.0710033986858855
ITUB4,1.015,75,RNA,2022-12-16,1,1,0.0588482433466048
ITUB4,1.015,75,Random Forest,2022-12-16,1,1,0.0588482433466048
ITUB4,1.015,75,SVC,2022-12-16,1,1,0.0588482433466048
ITUB4,1.015,75,RNA,2022-12-19,1,1,0.0463304439520844
ITUB4,1.015,75,Random Forest,2022-12-19,1,1,0.0463304439520844
ITUB4,1.015,75,SVC,2022-12-19,1,1,0.0463304439520844
ITUB4,1.015,75,RNA,2022-12-20,1,0,0.031527887130295
ITUB4,1.015,75,Random Forest,2022-12-20,1,0,0.031527887130295
ITUB4,1.015,75,SVC,2022-12-20,1,0,0.031527887130295
ITUB4,1.015,75,RNA,2022-12-21,1,1,0.02944735715086
ITUB4,1.015,75,Random Forest,2022-12-21,1,0,0.02944735715086
ITUB4,1.015,75,SVC,2022-12-21,1,0,0.02944735715086
ITUB4,1.015,75,RNA,2022-12-22,1,1,0.0195764758931438
ITUB4,1.015,75,Random Forest,2022-12-22,1,1,0.0195764758931438
ITUB4,1.015,75,SVC,2022-12-22,1,1,0.0195764758931438
ITUB4,1.015,75,RNA,2022-12-23,1,1,0.0212424929761738
ITUB4,1.015,75,Random Forest,2022-12-23,1,1,0.0212424929761738
ITUB4,1.015,75,SVC,2022-12-23,1,1,0.0212424929761738
ITUB4,1.015,75,RNA,2022-12-26,0,1,
ITUB4,1.015,75,Random Forest,2022-12-26,0,1,
ITUB4,1.015,75,SVC,2022-12-26,0,1,
ITUB4,1.015,75,RNA,2022-12-27,0,1,
ITUB4,1.015,75,Random Forest,2022-12-27,0,1,
ITUB4,1.015,75,SVC,2022-12-27,0,1,
ITUB4,1.015,75,RNA,2022-12-28,0,1,
ITUB4,1.015,75,Random Forest,2022-12-28,0,1,
ITUB4,1.015,75,SVC,2022-12-28,0,1,
ITUB4,1.015,75,RNA,2022-12-29,0,0,
ITUB4,1.015,75,Random Forest,2022-12-29,0,0,
ITUB4,1.015,75,SVC,2022-12-29,0,1,
ITUB4,1.015,90,RNA,2020-06-04,1,1,0.0191761487670174
ITUB4,1.015,90,Random Forest,2020-06-04,1,1,0.0191761487670174
ITUB4,1.015,90,SVC,2020-06-04,1,1,0.0191761487670174
ITUB4,1.015,90,RNA,2020-06-05,1,1,0.0315103223026373
ITUB4,1.015,90,Random Forest,2020-06-05,1,1,0.0315103223026373
ITUB4,1.015,90,SVC,2020-06-05,1,1,0.0315103223026373
ITUB4,1.015,90,RNA,2020-06-08,1,1,0.0243017999946182
ITUB4,1.015,90,Random Forest,2020-06-08,1,1,0.0243017999946182
ITUB4,1.015,90,SVC,2020-06-08,1,1,0.0243017999946182
ITUB4,1.015,90,RNA,2020-06-09,0,0,-0.0686588308598515
ITUB4,1.015,90,Random Forest,2020-06-09,0,1,-0.0686588308598515
ITUB4,1.015,90,SVC,2020-06-09,0,1,-0.0686588308598515
ITUB4,1.015,90,RNA,2020-06-10,1,1,0.0397529584979643
ITUB4,1.015,90,Random Forest,2020-06-10,1,1,0.0397529584979643
ITUB4,1.015,90,SVC,2020-06-10,1,1,0.0397529584979643
ITUB4,1.015,90,RNA,2020-06-12,1,1,0.1119522350129791
ITUB4,1.015,90,Random Forest,2020-06-12,1,1,0.1119522350129791
ITUB4,1.015,90,SVC,2020-06-12,1,1,0.1119522350129791
ITUB4,1.015,90,RNA,2020-06-15,1,1,0.0656603762514884
ITUB4,1.015,90,Random Forest,2020-06-15,1,1,0.0656603762514884
ITUB4,1.015,90,SVC,2020-06-15,1,1,0.0656603762514884
ITUB4,1.015,90,RNA,2020-06-16,1,1,0.0786860193200329
ITUB4,1.015,90,Random Forest,2020-06-16,1,1,0.0786860193200329
ITUB4,1.015,90,SVC,2020-06-16,1,1,0.0786860193200329
ITUB4,1.015,90,RNA,2020-06-17,1,1,0.0656603762514884
ITUB4,1.015,90,Random Forest,2020-06-17,1,1,0.0656603762514884
ITUB4,1.015,90,SVC,2020-06-17,1,1,0.0656603762514884
ITUB4,1.015,90,RNA,2020-06-18,0,1,-0.0804270834185341
ITUB4,1.015,90,Random Forest,2020-06-18,0,1,-0.0804270834185341
ITUB4,1.015,90,SVC,2020-06-18,0,1,-0.0804270834185341
ITUB4,1.015,90,RNA,2020-06-19,0,1,-0.0674036938550665
ITUB4,1.015,90,Random Forest,2020-06-19,0,1,-0.0674036938550665
ITUB4,1.015,90,SVC,2020-06-19,0,1,-0.0674036938550665
ITUB4,1.015,90,RNA,2020-06-22,0,1,-0.0718411269320794
ITUB4,1.015,90,Random Forest,2020-06-22,0,1,-0.0718411269320794
ITUB4,1.015,90,SVC,2020-06-22,0,1,-0.0718411269320794
ITUB4,1.015,90,RNA,2020-06-23,0,1,-0.0115714964483225
ITUB4,1.015,90,Random Forest,2020-06-23,0,1,-0.0115714964483225
ITUB4,1.015,90,SVC,2020-06-23,0,1,-0.0115714964483225
ITUB4,1.015,90,RNA,2020-06-24,1,1,0.0188243871782018
ITUB4,1.015,90,Random Forest,2020-06-24,1,1,0.0188243871782018
ITUB4,1.015,90,SVC,2020-06-24,1,1,0.0188243871782018
ITUB4,1.015,90,RNA,2020-06-25,1,1,0.0315052044712051
ITUB4,1.015,90,Random Forest,2020-06-25,1,1,0.0315052044712051
ITUB4,1.015,90,SVC,2020-06-25,1,1,0.0315052044712051
ITUB4,1.015,90,RNA,2020-06-26,1,1,0.052743593136606
ITUB4,1.015,90,Random Forest,2020-06-26,1,1,0.052743593136606
ITUB4,1.015,90,SVC,2020-06-26,1,1,0.052743593136606
ITUB4,1.015,90,RNA,2020-06-29,1,1,0.0398954633876609
ITUB4,1.015,90,Random Forest,2020-06-29,1,1,0.0398954633876609
ITUB4,1.015,90,SVC,2020-06-29,1,1,0.0398954633876609
ITUB4,1.015,90,RNA,2020-06-30,1,1,0.0878905710078512
ITUB4,1.015,90,Random Forest,2020-06-30,1,1,0.0878905710078512
ITUB4,1.015,90,SVC,2020-06-30,1,1,0.0878905710078512
ITUB4,1.015,90,RNA,2020-07-01,1,1,0.0509433793906513
ITUB4,1.015,90,Random Forest,2020-07-01,1,1,0.0509433793906513
ITUB4,1.015,90,SVC,2020-07-01,1,1,0.0509433793906513
ITUB4,1.015,90,RNA,2020-07-02,1,1,0.0553239855096487
ITUB4,1.015,90,Random Forest,2020-07-02,1,1,0.0553239855096487
ITUB4,1.015,90,SVC,2020-07-02,1,1,0.0553239855096487
ITUB4,1.015,90,RNA,2020-07-03,1,1,0.0269173717505821
ITUB4,1.015,90,Random Forest,2020-07-03,1,1,0.0269173717505821
ITUB4,1.015,90,SVC,2020-07-03,1,1,0.0269173717505821
ITUB4,1.015,90,RNA,2020-07-06,0,1,-0.0083849655823319
ITUB4,1.015,90,Random Forest,2020-07-06,0,1,-0.0083849655823319
ITUB4,1.015,90,SVC,2020-07-06,0,1,-0.0083849655823319
ITUB4,1.015,90,RNA,2020-07-07,1,1,0.0337710737671925
ITUB4,1.015,90,Random Forest,2020-07-07,1,1,0.0337710737671925
ITUB4,1.015,90,SVC,2020-07-07,1,1,0.0337710737671925
ITUB4,1.015,90,RNA,2020-07-08,1,1,0.0196150745476848
ITUB4,1.015,90,Random Forest,2020-07-08,1,1,0.0196150745476848
ITUB4,1.015,90,SVC,2020-07-08,1,1,0.0196150745476848
ITUB4,1.015,90,RNA,2020-07-09,1,1,0.0315398893803837
ITUB4,1.015,90,Random Forest,2020-07-09,1,1,0.0315398893803837
ITUB4,1.015,90,SVC,2020-07-09,1,1,0.0315398893803837
ITUB4,1.015,90,RNA,2020-07-10,0,1,-0.0171220298963773
ITUB4,1.015,90,Random Forest,2020-07-10,0,0,-0.0171220298963773
ITUB4,1.015,90,SVC,2020-07-10,0,1,-0.0171220298963773
ITUB4,1.015,90,RNA,2020-07-13,1,1,0.0392523296035429
ITUB4,1.015,90,Random Forest,2020-07-13,1,1,0.0392523296035429
ITUB4,1.015,90,SVC,2020-07-13,1,1,0.0392523296035429
ITUB4,1.015,90,RNA,2020-07-14,0,1,-0.0087146005574519
ITUB4,1.015,90,Random Forest,2020-07-14,0,0,-0.0087146005574519
ITUB4,1.015,90,SVC,2020-07-14,0,1,-0.0087146005574519
ITUB4,1.015,90,RNA,2020-07-15,1,1,0.0320206492912065
ITUB4,1.015,90,Random Forest,2020-07-15,1,1,0.0320206492912065
ITUB4,1.015,90,SVC,2020-07-15,1,1,0.0320206492912065
ITUB4,1.015,90,RNA,2020-07-16,1,1,0.0343047079898222
ITUB4,1.015,90,Random Forest,2020-07-16,1,1,0.0343047079898222
ITUB4,1.015,90,SVC,2020-07-16,1,1,0.0343047079898222
ITUB4,1.015,90,RNA,2020-07-17,1,1,0.0289908412231794
ITUB4,1.015,90,Random Forest,2020-07-17,1,1,0.0289908412231794
ITUB4,1.015,90,SVC,2020-07-17,1,1,0.0289908412231794
ITUB4,1.015,90,RNA,2020-07-20,1,1,0.0159420256153361
ITUB4,1.015,90,Random Forest,2020-07-20,1,1,0.0159420256153361
ITUB4,1.015,90,SVC,2020-07-20,1,1,0.0159420256153361
ITUB4,1.015,90,RNA,2020-07-21,0,1,-0.0017953001258705
ITUB4,1.015,90,Random Forest,2020-07-21,0,1,-0.0017953001258705
ITUB4,1.015,90,SVC,2020-07-21,0,1,-0.0017953001258705
ITUB4,1.015,90,RNA,2020-07-22,1,1,0.0428043728953482
ITUB4,1.015,90,Random Forest,2020-07-22,1,1,0.0428043728953482
ITUB4,1.015,90,SVC,2020-07-22,1,1,0.0428043728953482
ITUB4,1.015,90,RNA,2020-07-23,1,1,0.0812144174818889
ITUB4,1.015,90,Random Forest,2020-07-23,1,1,0.0812144174818889
ITUB4,1.015,90,SVC,2020-07-23,1,1,0.0812144174818889
ITUB4,1.015,90,RNA,2020-07-24,1,1,0.0698460864603234
ITUB4,1.015,90,Random Forest,2020-07-24,1,1,0.0698460864603234
ITUB4,1.015,90,SVC,2020-07-24,1,1,0.0698460864603234
ITUB4,1.015,90,RNA,2020-07-27,1,1,0.0277778183979766
ITUB4,1.015,90,Random Forest,2020-07-27,1,1,0.0277778183979766
ITUB4,1.015,90,SVC,2020-07-27,1,1,0.0277778183979766
ITUB4,1.015,90,RNA,2020-07-28,0,1,-0.0303648207659938
ITUB4,1.015,90,Random Forest,2020-07-28,0,1,-0.0303648207659938
ITUB4,1.015,90,SVC,2020-07-28,0,1,-0.0303648207659938
ITUB4,1.015,90,RNA,2020-07-29,0,1,-0.0777056818411143
ITUB4,1.015,90,Random Forest,2020-07-29,0,1,-0.0777056818411143
ITUB4,1.015,90,SVC,2020-07-29,0,1,-0.0777056818411143
ITUB4,1.015,90,RNA,2020-07-30,0,1,-0.0807325903076521
ITUB4,1.015,90,Random Forest,2020-07-30,0,0,-0.0807325903076521
ITUB4,1.015,90,SVC,2020-07-30,0,0,-0.0807325903076521
ITUB4,1.015,90,RNA,2020-07-31,1,1,0.0225091816275135
ITUB4,1.015,90,Random Forest,2020-07-31,1,0,0.0225091816275135
ITUB4,1.015,90,SVC,2020-07-31,1,1,0.0225091816275135
ITUB4,1.015,90,RNA,2020-08-03,1,1,0.0167618724249269
ITUB4,1.015,90,Random Forest,2020-08-03,1,1,0.0167618724249269
ITUB4,1.015,90,SVC,2020-08-03,1,1,0.0167618724249269
ITUB4,1.015,90,RNA,2020-08-04,0,1,-0.0130019514191522
ITUB4,1.015,90,Random Forest,2020-08-04,0,1,-0.0130019514191522
ITUB4,1.015,90,SVC,2020-08-04,0,1,-0.0130019514191522
ITUB4,1.015,90,RNA,2020-08-05,1,1,0.0291828894726329
ITUB4,1.015,90,Random Forest,2020-08-05,1,1,0.0291828894726329
ITUB4,1.015,90,SVC,2020-08-05,1,1,0.0291828894726329
ITUB4,1.015,90,RNA,2020-08-06,1,1,0.0319937620696397
ITUB4,1.015,90,Random Forest,2020-08-06,1,1,0.0319937620696397
ITUB4,1.015,90,SVC,2020-08-06,1,1,0.0319937620696397
ITUB4,1.015,90,RNA,2020-08-07,1,1,0.0301724220613508
ITUB4,1.015,90,Random Forest,2020-08-07,1,1,0.0301724220613508
ITUB4,1.015,90,SVC,2020-08-07,1,1,0.0301724220613508
ITUB4,1.015,90,RNA,2020-08-10,0,1,-0.0532159525713544
ITUB4,1.015,90,Random Forest,2020-08-10,0,1,-0.0532159525713544
ITUB4,1.015,90,SVC,2020-08-10,0,1,-0.0532159525713544
ITUB4,1.015,90,RNA,2020-08-11,0,1,-0.0603347770534901
ITUB4,1.015,90,Random Forest,2020-08-11,0,1,-0.0603347770534901
ITUB4,1.015,90,SVC,2020-08-11,0,1,-0.0603347770534901
ITUB4,1.015,90,RNA,2020-08-12,0,1,-0.0458277134218768
ITUB4,1.015,90,Random Forest,2020-08-12,0,0,-0.0458277134218768
ITUB4,1.015,90,SVC,2020-08-12,0,1,-0.0458277134218768
ITUB4,1.015,90,RNA,2020-08-13,1,1,0.0260480446429944
ITUB4,1.015,90,Random Forest,2020-08-13,1,0,0.0260480446429944
ITUB4,1.015,90,SVC,2020-08-13,1,1,0.0260480446429944
ITUB4,1.015,90,RNA,2020-08-14,0,1,-0.0221293053693227
ITUB4,1.015,90,Random Forest,2020-08-14,0,0,-0.0221293053693227
ITUB4,1.015,90,SVC,2020-08-14,0,1,-0.0221293053693227
ITUB4,1.015,90,RNA,2020-08-17,0,1,-0.0219333838774211
ITUB4,1.015,90,Random Forest,2020-08-17,0,0,-0.0219333838774211
ITUB4,1.015,90,SVC,2020-08-17,0,1,-0.0219333838774211
ITUB4,1.015,90,RNA,2020-08-18,1,0,0.0209703957335603
ITUB4,1.015,90,Random Forest,2020-08-18,1,0,0.0209703957335603
ITUB4,1.015,90,SVC,2020-08-18,1,1,0.0209703957335603
ITUB4,1.015,90,RNA,2020-08-19,1,1,0.0476793111604112
ITUB4,1.015,90,Random Forest,2020-08-19,1,1,0.0476793111604112
ITUB4,1.015,90,SVC,2020-08-19,1,1,0.0476793111604112
ITUB4,1.015,90,RNA,2020-08-20,1,1,0.038477640629406
ITUB4,1.015,90,Random Forest,2020-08-20,1,1,0.038477640629406
ITUB4,1.015,90,SVC,2020-08-20,1,1,0.038477640629406
ITUB4,1.015,90,RNA,2020-08-21,1,1,0.0239175171518604
ITUB4,1.015,90,Random Forest,2020-08-21,1,1,0.0239175171518604
ITUB4,1.015,90,SVC,2020-08-21,1,1,0.0239175171518604
ITUB4,1.015,90,RNA,2020-08-24,0,1,-0.0085227676662281
ITUB4,1.015,90,Random Forest,2020-08-24,0,1,-0.0085227676662281
ITUB4,1.015,90,SVC,2020-08-24,0,1,-0.0085227676662281
ITUB4,1.015,90,RNA,2020-08-25,0,1,-0.0308641662964684
ITUB4,1.015,90,Random Forest,2020-08-25,0,1,-0.0308641662964684
ITUB4,1.015,90,SVC,2020-08-25,0,1,-0.0308641662964684
ITUB4,1.015,90,RNA,2020-08-26,1,1,0.0280451867478208
ITUB4,1.015,90,Random Forest,2020-08-26,1,1,0.0280451867478208
ITUB4,1.015,90,SVC,2020-08-26,1,1,0.0280451867478208
ITUB4,1.015,90,RNA,2020-08-27,0,1,0.0002256193041956
ITUB4,1.015,90,Random Forest,2020-08-27,0,0,0.0002256193041956
ITUB4,1.015,90,SVC,2020-08-27,0,1,0.0002256193041956
ITUB4,1.015,90,RNA,2020-08-28,1,0,0.0556993363520099
ITUB4,1.015,90,Random Forest,2020-08-28,1,0,0.0556993363520099
ITUB4,1.015,90,SVC,2020-08-28,1,1,0.0556993363520099
ITUB4,1.015,90,RNA,2020-08-31,1,1,0.0682865540187092
ITUB4,1.015,90,Random Forest,2020-08-31,1,0,0.0682865540187092
ITUB4,1.015,90,SVC,2020-08-31,1,1,0.0682865540187092
ITUB4,1.015,90,RNA,2020-09-01,1,1,0.0472278966949555
ITUB4,1.015,90,Random Forest,2020-09-01,1,0,0.0472278966949555
ITUB4,1.015,90,SVC,2020-09-01,1,1,0.0472278966949555
ITUB4,1.015,90,RNA,2020-09-02,1,1,0.0537189746357746
ITUB4,1.015,90,Random Forest,2020-09-02,1,1,0.0537189746357746
ITUB4,1.015,90,SVC,2020-09-02,1,1,0.0537189746357746
ITUB4,1.015,90,RNA,2020-09-03,0,1,-0.049682071299363
ITUB4,1.015,90,Random Forest,2020-09-03,0,1,-0.049682071299363
ITUB4,1.015,90,SVC,2020-09-03,0,1,-0.049682071299363
ITUB4,1.015,90,RNA,2020-09-04,0,0,-0.0378664667573277
ITUB4,1.015,90,Random Forest,2020-09-04,0,1,-0.0378664667573277
ITUB4,1.015,90,SVC,2020-09-04,0,1,-0.0378664667573277
ITUB4,1.015,90,RNA,2020-09-08,0,1,-0.0223577098086357
ITUB4,1.015,90,Random Forest,2020-09-08,0,0,-0.0223577098086357
ITUB4,1.015,90,SVC,2020-09-08,0,1,-0.0223577098086357
ITUB4,1.015,90,RNA,2020-09-09,0,1,-0.0274590269393506
ITUB4,1.015,90,Random Forest,2020-09-09,0,1,-0.0274590269393506
ITUB4,1.015,90,SVC,2020-09-09,0,1,-0.0274590269393506
ITUB4,1.015,90,RNA,2020-09-10,0,1,-0.0121086080660095
ITUB4,1.015,90,Random Forest,2020-09-10,0,1,-0.0121086080660095
ITUB4,1.015,90,SVC,2020-09-10,0,1,-0.0121086080660095
ITUB4,1.015,90,RNA,2020-09-11,1,1,0.0184951403690551
ITUB4,1.015,90,Random Forest,2020-09-11,1,0,0.0184951403690551
ITUB4,1.015,90,SVC,2020-09-11,1,1,0.0184951403690551
ITUB4,1.015,90,RNA,2020-09-14,0,1,-0.0442697578550813
ITUB4,1.015,90,Random Forest,2020-09-14,0,1,-0.0442697578550813
ITUB4,1.015,90,SVC,2020-09-14,0,1,-0.0442697578550813
ITUB4,1.015,90,RNA,2020-09-15,1,0,0.0193602722823218
ITUB4,1.015,90,Random Forest,2020-09-15,1,0,0.0193602722823218
ITUB4,1.015,90,SVC,2020-09-15,1,1,0.0193602722823218
ITUB4,1.015,90,RNA,2020-09-16,0,1,-0.0170213372515174
ITUB4,1.015,90,Random Forest,2020-09-16,0,1,-0.0170213372515174
ITUB4,1.015,90,SVC,2020-09-16,0,1,-0.0170213372515174
ITUB4,1.015,90,RNA,2020-09-17,0,1,-0.0434042559897153
ITUB4,1.015,90,Random Forest,2020-09-17,0,1,-0.0434042559897153
ITUB4,1.015,90,SVC,2020-09-17,0,1,-0.0434042559897153
ITUB4,1.015,90,RNA,2020-09-18,1,0,0.0259341097752121
ITUB4,1.015,90,Random Forest,2020-09-18,1,1,0.0259341097752121
ITUB4,1.015,90,SVC,2020-09-18,1,1,0.0259341097752121
ITUB4,1.015,90,RNA,2020-09-21,1,0,0.0214442476082039
ITUB4,1.015,90,Random Forest,2020-09-21,1,0,0.0214442476082039
ITUB4,1.015,90,SVC,2020-09-21,1,1,0.0214442476082039
ITUB4,1.015,90,RNA,2020-09-22,1,1,0.0427574347903934
ITUB4,1.015,90,Random Forest,2020-09-22,1,0,0.0427574347903934
ITUB4,1.015,90,SVC,2020-09-22,1,1,0.0427574347903934
ITUB4,1.015,90,RNA,2020-09-23,1,1,0.0622222597945596
ITUB4,1.015,90,Random Forest,2020-09-23,1,1,0.0622222597945596
ITUB4,1.015,90,SVC,2020-09-23,1,1,0.0622222597945596
ITUB4,1.015,90,RNA,2020-09-24,1,1,0.0477860888660908
ITUB4,1.015,90,Random Forest,2020-09-24,1,1,0.0477860888660908
ITUB4,1.015,90,SVC,2020-09-24,1,1,0.0477860888660908
ITUB4,1.015,90,RNA,2020-09-25,1,0,0.0279570454537556
ITUB4,1.015,90,Random Forest,2020-09-25,1,1,0.0279570454537556
ITUB4,1.015,90,SVC,2020-09-25,1,1,0.0279570454537556
ITUB4,1.015,90,RNA,2020-09-28,1,1,0.0190203345378421
ITUB4,1.015,90,Random Forest,2020-09-28,1,1,0.0190203345378421
ITUB4,1.015,90,SVC,2020-09-28,1,1,0.0190203345378421
ITUB4,1.015,90,RNA,2020-09-29,1,1,0.0334616661951561
ITUB4,1.015,90,Random Forest,2020-09-29,1,1,0.0334616661951561
ITUB4,1.015,90,SVC,2020-09-29,1,1,0.0334616661951561
ITUB4,1.015,90,RNA,2020-09-30,1,0,0.0368070339132116
ITUB4,1.015,90,Random Forest,2020-09-30,1,1,0.0368070339132116
ITUB4,1.015,90,SVC,2020-09-30,1,1,0.0368070339132116
ITUB4,1.015,90,RNA,2020-10-01,1,1,0.0456171422342353
ITUB4,1.015,90,Random Forest,2020-10-01,1,1,0.0456171422342353
ITUB4,1.015,90,SVC,2020-10-01,1,1,0.0456171422342353
ITUB4,1.015,90,RNA,2020-10-02,1,0,0.0686619753504143
ITUB4,1.015,90,Random Forest,2020-10-02,1,1,0.0686619753504143
ITUB4,1.015,90,SVC,2020-10-02,1,1,0.0686619753504143
ITUB4,1.015,90,RNA,2020-10-05,1,1,0.0658293744983689
ITUB4,1.015,90,Random Forest,2020-10-05,1,1,0.0658293744983689
ITUB4,1.015,90,SVC,2020-10-05,1,1,0.0658293744983689
ITUB4,1.015,90,RNA,2020-10-06,1,1,0.073266450767367
ITUB4,1.015,90,Random Forest,2020-10-06,1,1,0.073266450767367
ITUB4,1.015,90,SVC,2020-10-06,1,1,0.073266450767367
ITUB4,1.015,90,RNA,2020-10-07,1,1,0.0831865955059465
ITUB4,1.015,90,Random Forest,2020-10-07,1,1,0.0831865955059465
ITUB4,1.015,90,SVC,2020-10-07,1,1,0.0831865955059465
ITUB4,1.015,90,RNA,2020-10-08,1,1,0.0297071430969475
ITUB4,1.015,90,Random Forest,2020-10-08,1,1,0.0297071430969475
ITUB4,1.015,90,SVC,2020-10-08,1,1,0.0297071430969475
ITUB4,1.015,90,RNA,2020-10-09,0,0,-0.0362802404900939
ITUB4,1.015,90,Random Forest,2020-10-09,0,0,-0.0362802404900939
ITUB4,1.015,90,SVC,2020-10-09,0,1,-0.0362802404900939
ITUB4,1.015,90,RNA,2020-10-13,0,1,-0.0221850319809396
ITUB4,1.015,90,Random Forest,2020-10-13,0,1,-0.0221850319809396
ITUB4,1.015,90,SVC,2020-10-13,0,1,-0.0221850319809396
ITUB4,1.015,90,RNA,2020-10-14,1,1,0.0400681808990803
ITUB4,1.015,90,Random Forest,2020-10-14,1,1,0.0400681808990803
ITUB4,1.015,90,SVC,2020-10-14,1,1,0.0400681808990803
ITUB4,1.015,90,RNA,2020-10-15,1,1,0.0653566390432678
ITUB4,1.015,90,Random Forest,2020-10-15,1,1,0.0653566390432678
ITUB4,1.015,90,SVC,2020-10-15,1,1,0.0653566390432678
ITUB4,1.015,90,RNA,2020-10-16,1,1,0.11483876634427
ITUB4,1.015,90,Random Forest,2020-10-16,1,1,0.11483876634427
ITUB4,1.015,90,SVC,2020-10-16,1,1,0.11483876634427
ITUB4,1.015,90,RNA,2020-10-19,1,1,0.118197300318922
ITUB4,1.015,90,Random Forest,2020-10-19,1,1,0.118197300318922
ITUB4,1.015,90,SVC,2020-10-19,1,1,0.118197300318922
ITUB4,1.015,90,RNA,2020-10-20,1,0,0.0840890475106483
ITUB4,1.015,90,Random Forest,2020-10-20,1,1,0.0840890475106483
ITUB4,1.015,90,SVC,2020-10-20,1,1,0.0840890475106483
ITUB4,1.015,90,RNA,2020-10-21,1,1,0.0704110699652349
ITUB4,1.015,90,Random Forest,2020-10-21,1,1,0.0704110699652349
ITUB4,1.015,90,SVC,2020-10-21,1,1,0.0704110699652349
ITUB4,1.015,90,RNA,2020-10-22,1,1,0.0154440317436874
ITUB4,1.015,90,Random Forest,2020-10-22,1,0,0.0154440317436874
ITUB4,1.015,90,SVC,2020-10-22,1,1,0.0154440317436874
ITUB4,1.015,90,RNA,2020-10-23,1,0,0.0343873595312316
ITUB4,1.015,90,Random Forest,2020-10-23,1,0,0.0343873595312316
ITUB4,1.015,90,SVC,2020-10-23,1,1,0.0343873595312316
ITUB4,1.015,90,RNA,2020-10-26,0,0,-0.1003831759877499
ITUB4,1.015,90,Random Forest,2020-10-26,0,1,-0.1003831759877499
ITUB4,1.015,90,SVC,2020-10-26,0,1,-0.1003831759877499
ITUB4,1.015,90,RNA,2020-10-27,0,0,-0.0080259077651153
ITUB4,1.015,90,Random Forest,2020-10-27,0,1,-0.0080259077651153
ITUB4,1.015,90,SVC,2020-10-27,0,1,-0.0080259077651153
ITUB4,1.015,90,RNA,2020-10-28,1,1,0.0923010194563827
ITUB4,1.015,90,Random Forest,2020-10-28,1,1,0.0923010194563827
ITUB4,1.015,90,SVC,2020-10-28,1,1,0.0923010194563827
ITUB4,1.015,90,RNA,2020-10-29,1,0,0.09753006142946
ITUB4,1.015,90,Random Forest,2020-10-29,1,1,0.09753006142946
ITUB4,1.015,90,SVC,2020-10-29,1,1,0.09753006142946
ITUB4,1.015,90,RNA,2020-10-30,1,1,0.0853556306420686
ITUB4,1.015,90,Random Forest,2020-10-30,1,1,0.0853556306420686
ITUB4,1.015,90,SVC,2020-10-30,1,1,0.0853556306420686
ITUB4,1.015,90,RNA,2020-11-03,1,0,0.098823556402056
ITUB4,1.015,90,Random Forest,2020-11-03,1,1,0.098823556402056
ITUB4,1.015,90,SVC,2020-11-03,1,1,0.098823556402056
ITUB4,1.015,90,RNA,2020-11-04,1,1,0.1426891105399597
ITUB4,1.015,90,Random Forest,2020-11-04,1,1,0.1426891105399597
ITUB4,1.015,90,SVC,2020-11-04,1,1,0.1426891105399597
ITUB4,1.015,90,RNA,2020-11-05,1,1,0.1499013403847908
ITUB4,1.015,90,Random Forest,2020-11-05,1,1,0.1499013403847908
ITUB4,1.015,90,SVC,2020-11-05,1,1,0.1499013403847908
ITUB4,1.015,90,RNA,2020-11-06,1,0,0.0901271280955002
ITUB4,1.015,90,Random Forest,2020-11-06,1,1,0.0901271280955002
ITUB4,1.015,90,SVC,2020-11-06,1,1,0.0901271280955002
ITUB4,1.015,90,RNA,2020-11-09,1,1,0.0542495176861386
ITUB4,1.015,90,Random Forest,2020-11-09,1,1,0.0542495176861386
ITUB4,1.015,90,SVC,2020-11-09,1,1,0.0542495176861386
ITUB4,1.015,90,RNA,2020-11-10,1,1,0.0288595095407218
ITUB4,1.015,90,Random Forest,2020-11-10,1,1,0.0288595095407218
ITUB4,1.015,90,SVC,2020-11-10,1,1,0.0288595095407218
ITUB4,1.015,90,RNA,2020-11-11,1,1,0.0418719310893587
ITUB4,1.015,90,Random Forest,2020-11-11,1,1,0.0418719310893587
ITUB4,1.015,90,SVC,2020-11-11,1,1,0.0418719310893587
ITUB4,1.015,90,RNA,2020-11-12,1,1,0.0511182678695223
ITUB4,1.015,90,Random Forest,2020-11-12,1,1,0.0511182678695223
ITUB4,1.015,90,SVC,2020-11-12,1,1,0.0511182678695223
ITUB4,1.015,90,RNA,2020-11-13,1,1,0.0203308279387699
ITUB4,1.015,90,Random Forest,2020-11-13,1,1,0.0203308279387699
ITUB4,1.015,90,SVC,2020-11-13,1,1,0.0203308279387699
ITUB4,1.015,90,RNA,2020-11-16,0,1,-0.027919660922846
ITUB4,1.015,90,Random Forest,2020-11-16,0,1,-0.027919660922846
ITUB4,1.015,90,SVC,2020-11-16,0,1,-0.027919660922846
ITUB4,1.015,90,RNA,2020-11-17,0,1,-0.0180088230517778
ITUB4,1.015,90,Random Forest,2020-11-17,0,1,-0.0180088230517778
ITUB4,1.015,90,SVC,2020-11-17,0,1,-0.0180088230517778
ITUB4,1.015,90,RNA,2020-11-18,1,1,0.0442906605390951
ITUB4,1.015,90,Random Forest,2020-11-18,1,0,0.0442906605390951
ITUB4,1.015,90,SVC,2020-11-18,1,1,0.0442906605390951
ITUB4,1.015,90,RNA,2020-11-19,1,0,0.0508356418377982
ITUB4,1.015,90,Random Forest,2020-11-19,1,0,0.0508356418377982
ITUB4,1.015,90,SVC,2020-11-19,1,1,0.0508356418377982
ITUB4,1.015,90,RNA,2020-11-20,1,1,0.0461005322107046
ITUB4,1.015,90,Random Forest,2020-11-20,1,1,0.0461005322107046
ITUB4,1.015,90,SVC,2020-11-20,1,1,0.0461005322107046
ITUB4,1.015,90,RNA,2020-11-23,1,1,0.0371134289809937
ITUB4,1.015,90,Random Forest,2020-11-23,1,1,0.0371134289809937
ITUB4,1.015,90,SVC,2020-11-23,1,1,0.0371134289809937
ITUB4,1.015,90,RNA,2020-11-24,0,0,-0.03578660750852
ITUB4,1.015,90,Random Forest,2020-11-24,0,1,-0.03578660750852
ITUB4,1.015,90,SVC,2020-11-24,0,1,-0.03578660750852
ITUB4,1.015,90,RNA,2020-11-25,1,1,0.0408332238538822
ITUB4,1.015,90,Random Forest,2020-11-25,1,1,0.0408332238538822
ITUB4,1.015,90,SVC,2020-11-25,1,1,0.0408332238538822
ITUB4,1.015,90,RNA,2020-11-26,1,0,0.0494321492152238
ITUB4,1.015,90,Random Forest,2020-11-26,1,1,0.0494321492152238
ITUB4,1.015,90,SVC,2020-11-26,1,1,0.0494321492152238
ITUB4,1.015,90,RNA,2020-11-27,1,1,0.0664901952398673
ITUB4,1.015,90,Random Forest,2020-11-27,1,1,0.0664901952398673
ITUB4,1.015,90,SVC,2020-11-27,1,1,0.0664901952398673
ITUB4,1.015,90,RNA,2020-11-30,1,1,0.062994829341191
ITUB4,1.015,90,Random Forest,2020-11-30,1,1,0.062994829341191
ITUB4,1.015,90,SVC,2020-11-30,1,1,0.062994829341191
ITUB4,1.015,90,RNA,2020-12-01,1,1,0.038101594443231
ITUB4,1.015,90,Random Forest,2020-12-01,1,1,0.038101594443231
ITUB4,1.015,90,SVC,2020-12-01,1,1,0.038101594443231
ITUB4,1.015,90,RNA,2020-12-02,1,1,0.0328467293667715
ITUB4,1.015,90,Random Forest,2020-12-02,1,1,0.0328467293667715
ITUB4,1.015,90,SVC,2020-12-02,1,1,0.0328467293667715
ITUB4,1.015,90,RNA,2020-12-03,1,1,0.0301124968107175
ITUB4,1.015,90,Random Forest,2020-12-03,1,1,0.0301124968107175
ITUB4,1.015,90,SVC,2020-12-03,1,1,0.0301124968107175
ITUB4,1.015,90,RNA,2020-12-04,1,1,0.0485950358689428
ITUB4,1.015,90,Random Forest,2020-12-04,1,1,0.0485950358689428
ITUB4,1.015,90,SVC,2020-12-04,1,1,0.0485950358689428
ITUB4,1.015,90,RNA,2020-12-07,1,1,0.0420499401720753
ITUB4,1.015,90,Random Forest,2020-12-07,1,1,0.0420499401720753
ITUB4,1.015,90,SVC,2020-12-07,1,1,0.0420499401720753
ITUB4,1.015,90,RNA,2020-12-08,1,1,0.043764374806493
ITUB4,1.015,90,Random Forest,2020-12-08,1,1,0.043764374806493
ITUB4,1.015,90,SVC,2020-12-08,1,1,0.043764374806493
ITUB4,1.015,90,RNA,2020-12-09,1,1,0.0312093812058198
ITUB4,1.015,90,Random Forest,2020-12-09,1,1,0.0312093812058198
ITUB4,1.015,90,SVC,2020-12-09,1,1,0.0312093812058198
ITUB4,1.015,90,RNA,2020-12-10,1,1,0.0324029464129325
ITUB4,1.015,90,Random Forest,2020-12-10,1,1,0.0324029464129325
ITUB4,1.015,90,SVC,2020-12-10,1,1,0.0324029464129325
ITUB4,1.015,90,RNA,2020-12-11,1,1,0.0225611366906675
ITUB4,1.015,90,Random Forest,2020-12-11,1,1,0.0225611366906675
ITUB4,1.015,90,SVC,2020-12-11,1,1,0.0225611366906675
ITUB4,1.015,90,RNA,2020-12-14,1,1,0.0390700816184832
ITUB4,1.015,90,Random Forest,2020-12-14,1,1,0.0390700816184832
ITUB4,1.015,90,SVC,2020-12-14,1,1,0.0390700816184832
ITUB4,1.015,90,RNA,2020-12-15,1,1,0.0300895949027364
ITUB4,1.015,90,Random Forest,2020-12-15,1,1,0.0300895949027364
ITUB4,1.015,90,SVC,2020-12-15,1,1,0.0300895949027364
ITUB4,1.015,90,RNA,2020-12-16,0,1,-0.0200689812405855
ITUB4,1.015,90,Random Forest,2020-12-16,0,1,-0.0200689812405855
ITUB4,1.015,90,SVC,2020-12-16,0,1,-0.0200689812405855
ITUB4,1.015,90,RNA,2020-12-17,0,1,0.0069356751979159
ITUB4,1.015,90,Random Forest,2020-12-17,0,1,0.0069356751979159
ITUB4,1.015,90,SVC,2020-12-17,0,1,0.0069356751979159
ITUB4,1.015,90,RNA,2020-12-18,1,1,0.0444444396441925
ITUB4,1.015,90,Random Forest,2020-12-18,1,1,0.0444444396441925
ITUB4,1.015,90,SVC,2020-12-18,1,1,0.0444444396441925
ITUB4,1.015,90,RNA,2020-12-21,1,1,0.0404235016713008
ITUB4,1.015,90,Random Forest,2020-12-21,1,1,0.0404235016713008
ITUB4,1.015,90,SVC,2020-12-21,1,1,0.0404235016713008
ITUB4,1.015,90,RNA,2020-12-22,1,1,0.0354406164626421
ITUB4,1.015,90,Random Forest,2020-12-22,1,1,0.0354406164626421
ITUB4,1.015,90,SVC,2020-12-22,1,1,0.0354406164626421
ITUB4,1.015,90,RNA,2020-12-23,0,1,-0.0405135301232991
ITUB4,1.015,90,Random Forest,2020-12-23,0,1,-0.0405135301232991
ITUB4,1.015,90,SVC,2020-12-23,0,1,-0.0405135301232991
ITUB4,1.015,90,RNA,2020-12-28,0,1,-0.0482008225666257
ITUB4,1.015,90,Random Forest,2020-12-28,0,1,-0.0482008225666257
ITUB4,1.015,90,SVC,2020-12-28,0,1,-0.0482008225666257
ITUB4,1.015,90,RNA,2020-12-29,0,1,-0.0197216823578263
ITUB4,1.015,90,Random Forest,2020-12-29,0,0,-0.0197216823578263
ITUB4,1.015,90,SVC,2020-12-29,0,1,-0.0197216823578263
ITUB4,1.015,90,RNA,2020-12-30,1,1,0.0337711057619314
ITUB4,1.015,90,Random Forest,2020-12-30,1,0,0.0337711057619314
ITUB4,1.015,90,SVC,2020-12-30,1,1,0.0337711057619314
ITUB4,1.015,90,RNA,2021-01-04,1,0,0.0881874005782368
ITUB4,1.015,90,Random Forest,2021-01-04,1,1,0.0881874005782368
ITUB4,1.015,90,SVC,2021-01-04,1,1,0.0881874005782368
ITUB4,1.015,90,RNA,2021-01-05,1,1,0.0794060470569981
ITUB4,1.015,90,Random Forest,2021-01-05,1,1,0.0794060470569981
ITUB4,1.015,90,SVC,2021-01-05,1,1,0.0794060470569981
ITUB4,1.015,90,RNA,2021-01-06,1,1,0.0565560590595639
ITUB4,1.015,90,Random Forest,2021-01-06,1,1,0.0565560590595639
ITUB4,1.015,90,SVC,2021-01-06,1,1,0.0565560590595639
ITUB4,1.015,90,RNA,2021-01-07,1,1,0.015487388545561
ITUB4,1.015,90,Random Forest,2021-01-07,1,1,0.015487388545561
ITUB4,1.015,90,SVC,2021-01-07,1,1,0.015487388545561
ITUB4,1.015,90,RNA,2021-01-08,0,1,0.0036957017820189
ITUB4,1.015,90,Random Forest,2021-01-08,0,0,0.0036957017820189
ITUB4,1.015,90,SVC,2021-01-08,0,1,0.0036957017820189
ITUB4,1.015,90,RNA,2021-01-11,1,1,0.023617181899169
ITUB4,1.015,90,Random Forest,2021-01-11,1,1,0.023617181899169
ITUB4,1.015,90,SVC,2021-01-11,1,1,0.023617181899169
ITUB4,1.015,90,RNA,2021-01-12,1,1,0.023617181899169
ITUB4,1.015,90,Random Forest,2021-01-12,1,1,0.023617181899169
ITUB4,1.015,90,SVC,2021-01-12,1,1,0.023617181899169
ITUB4,1.015,90,RNA,2021-01-13,1,1,0.0287320828497581
ITUB4,1.015,90,Random Forest,2021-01-13,1,1,0.0287320828497581
ITUB4,1.015,90,SVC,2021-01-13,1,1,0.0287320828497581
ITUB4,1.015,90,RNA,2021-01-14,0,1,-0.0539781202614298
ITUB4,1.015,90,Random Forest,2021-01-14,0,1,-0.0539781202614298
ITUB4,1.015,90,SVC,2021-01-14,0,1,-0.0539781202614298
ITUB4,1.015,90,RNA,2021-01-15,0,1,-0.0552747969843345
ITUB4,1.015,90,Random Forest,2021-01-15,0,1,-0.0552747969843345
ITUB4,1.015,90,SVC,2021-01-15,0,1,-0.0552747969843345
ITUB4,1.015,90,RNA,2021-01-18,0,1,-0.0704985864229434
ITUB4,1.015,90,Random Forest,2021-01-18,0,1,-0.0704985864229434
ITUB4,1.015,90,SVC,2021-01-18,0,1,-0.0704985864229434
ITUB4,1.015,90,RNA,2021-01-19,0,0,-0.0886150239810069
ITUB4,1.015,90,Random Forest,2021-01-19,0,1,-0.0886150239810069
ITUB4,1.015,90,SVC,2021-01-19,0,1,-0.0886150239810069
ITUB4,1.015,90,RNA,2021-01-20,0,1,-0.0673328039288109
ITUB4,1.015,90,Random Forest,2021-01-20,0,0,-0.0673328039288109
ITUB4,1.015,90,SVC,2021-01-20,0,1,-0.0673328039288109
ITUB4,1.015,90,RNA,2021-01-21,1,1,0.0222649824911711
ITUB4,1.015,90,Random Forest,2021-01-21,1,0,0.0222649824911711
ITUB4,1.015,90,SVC,2021-01-21,1,1,0.0222649824911711
ITUB4,1.015,90,RNA,2021-01-22,1,1,0.0296653672424476
ITUB4,1.015,90,Random Forest,2021-01-22,1,0,0.0296653672424476
ITUB4,1.015,90,SVC,2021-01-22,1,1,0.0296653672424476
ITUB4,1.015,90,RNA,2021-01-26,1,1,0.0540732807763564
ITUB4,1.015,90,Random Forest,2021-01-26,1,0,0.0540732807763564
ITUB4,1.015,90,SVC,2021-01-26,1,1,0.0540732807763564
ITUB4,1.015,90,RNA,2021-01-27,1,1,0.0473665207343632
ITUB4,1.015,90,Random Forest,2021-01-27,1,1,0.0473665207343632
ITUB4,1.015,90,SVC,2021-01-27,1,1,0.0473665207343632
ITUB4,1.015,90,RNA,2021-01-28,0,1,-0.0302878339971227
ITUB4,1.015,90,Random Forest,2021-01-28,0,1,-0.0302878339971227
ITUB4,1.015,90,SVC,2021-01-28,0,1,-0.0302878339971227
ITUB4,1.015,90,RNA,2021-01-29,0,1,-0.0275861770707103
ITUB4,1.015,90,Random Forest,2021-01-29,0,1,-0.0275861770707103
ITUB4,1.015,90,SVC,2021-01-29,0,1,-0.0275861770707103
ITUB4,1.015,90,RNA,2021-02-01,0,1,-0.0343878997321204
ITUB4,1.015,90,Random Forest,2021-02-01,0,1,-0.0343878997321204
ITUB4,1.015,90,SVC,2021-02-01,0,1,-0.0343878997321204
ITUB4,1.015,90,RNA,2021-02-02,0,0,-0.0417246003802067
ITUB4,1.015,90,Random Forest,2021-02-02,0,0,-0.0417246003802067
ITUB4,1.015,90,SVC,2021-02-02,0,1,-0.0417246003802067
ITUB4,1.015,90,RNA,2021-02-03,0,1,-0.0224325147761027
ITUB4,1.015,90,Random Forest,2021-02-03,0,0,-0.0224325147761027
ITUB4,1.015,90,SVC,2021-02-03,0,1,-0.0224325147761027
ITUB4,1.015,90,RNA,2021-02-04,0,1,-0.0219003777680932
ITUB4,1.015,90,Random Forest,2021-02-04,0,0,-0.0219003777680932
ITUB4,1.015,90,SVC,2021-02-04,0,1,-0.0219003777680932
ITUB4,1.015,90,RNA,2021-02-05,0,1,-0.0110713935270033
ITUB4,1.015,90,Random Forest,2021-02-05,0,0,-0.0110713935270033
ITUB4,1.015,90,SVC,2021-02-05,0,1,-0.0110713935270033
ITUB4,1.015,90,RNA,2021-02-08,1,1,0.0334667309687555
ITUB4,1.015,90,Random Forest,2021-02-08,1,0,0.0334667309687555
ITUB4,1.015,90,SVC,2021-02-08,1,0,0.0334667309687555
ITUB4,1.015,90,RNA,2021-02-09,0,0,0.0075269177469319
ITUB4,1.015,90,Random Forest,2021-02-09,0,0,0.0075269177469319
ITUB4,1.015,90,SVC,2021-02-09,0,0,0.0075269177469319
ITUB4,1.015,90,RNA,2021-02-10,1,0,0.0182207951895061
ITUB4,1.015,90,Random Forest,2021-02-10,1,0,0.0182207951895061
ITUB4,1.015,90,SVC,2021-02-10,1,1,0.0182207951895061
ITUB4,1.015,90,RNA,2021-02-11,1,1,0.0352342371766787
ITUB4,1.015,90,Random Forest,2021-02-11,1,1,0.0352342371766787
ITUB4,1.015,90,SVC,2021-02-11,1,0,0.0352342371766787
ITUB4,1.015,90,RNA,2021-02-12,1,0,0.0251798359921979
ITUB4,1.015,90,Random Forest,2021-02-12,1,1,0.0251798359921979
ITUB4,1.015,90,SVC,2021-02-12,1,1,0.0251798359921979
ITUB4,1.015,90,RNA,2021-02-17,1,1,0.0207736329190337
ITUB4,1.015,90,Random Forest,2021-02-17,1,1,0.0207736329190337
ITUB4,1.015,90,SVC,2021-02-17,1,1,0.0207736329190337
ITUB4,1.015,90,RNA,2021-02-18,0,1,-0.0372893524407473
ITUB4,1.015,90,Random Forest,2021-02-18,0,1,-0.0372893524407473
ITUB4,1.015,90,SVC,2021-02-18,0,1,-0.0372893524407473
ITUB4,1.015,90,RNA,2021-02-19,1,1,0.0365348485360947
ITUB4,1.015,90,Random Forest,2021-02-19,1,1,0.0365348485360947
ITUB4,1.015,90,SVC,2021-02-19,1,1,0.0365348485360947
ITUB4,1.015,90,RNA,2021-02-22,1,1,0.0621382322411783
ITUB4,1.015,90,Random Forest,2021-02-22,1,1,0.0621382322411783
ITUB4,1.015,90,SVC,2021-02-22,1,1,0.0621382322411783
ITUB4,1.015,90,RNA,2021-02-23,0,0,-0.0913225913590477
ITUB4,1.015,90,Random Forest,2021-02-23,0,0,-0.0913225913590477
ITUB4,1.015,90,SVC,2021-02-23,0,1,-0.0913225913590477
ITUB4,1.015,90,RNA,2021-02-24,0,0,-0.0360118712557699
ITUB4,1.015,90,Random Forest,2021-02-24,0,1,-0.0360118712557699
ITUB4,1.015,90,SVC,2021-02-24,0,1,-0.0360118712557699
ITUB4,1.015,90,RNA,2021-02-25,0,1,-0.0135430252372836
ITUB4,1.015,90,Random Forest,2021-02-25,0,1,-0.0135430252372836
ITUB4,1.015,90,SVC,2021-02-25,0,1,-0.0135430252372836
ITUB4,1.015,90,RNA,2021-02-26,1,1,0.0463320223016965
ITUB4,1.015,90,Random Forest,2021-02-26,1,0,0.0463320223016965
ITUB4,1.015,90,SVC,2021-02-26,1,1,0.0463320223016965
ITUB4,1.015,90,RNA,2021-03-01,1,0,0.1434442933181736
ITUB4,1.015,90,Random Forest,2021-03-01,1,0,0.1434442933181736
ITUB4,1.015,90,SVC,2021-03-01,1,1,0.1434442933181736
ITUB4,1.015,90,RNA,2021-03-02,1,1,0.0857586160532484
ITUB4,1.015,90,Random Forest,2021-03-02,1,0,0.0857586160532484
ITUB4,1.015,90,SVC,2021-03-02,1,1,0.0857586160532484
ITUB4,1.015,90,RNA,2021-03-03,1,0,0.0753266620217889
ITUB4,1.015,90,Random Forest,2021-03-03,1,1,0.0753266620217889
ITUB4,1.015,90,SVC,2021-03-03,1,1,0.0753266620217889
ITUB4,1.015,90,RNA,2021-03-04,1,1,0.046763898205927
ITUB4,1.015,90,Random Forest,2021-03-04,1,1,0.046763898205927
ITUB4,1.015,90,SVC,2021-03-04,1,1,0.046763898205927
ITUB4,1.015,90,RNA,2021-03-05,1,1,0.0401486977823954
ITUB4,1.015,90,Random Forest,2021-03-05,1,1,0.0401486977823954
ITUB4,1.015,90,SVC,2021-03-05,1,1,0.0401486977823954
ITUB4,1.015,90,RNA,2021-03-08,1,1,0.0473328298302244
ITUB4,1.015,90,Random Forest,2021-03-08,1,0,0.0473328298302244
ITUB4,1.015,90,SVC,2021-03-08,1,1,0.0473328298302244
ITUB4,1.015,90,RNA,2021-03-09,1,1,0.0284028508776768
ITUB4,1.015,90,Random Forest,2021-03-09,1,1,0.0284028508776768
ITUB4,1.015,90,SVC,2021-03-09,1,1,0.0284028508776768
ITUB4,1.015,90,RNA,2021-03-10,0,1,-0.0239130229278435
ITUB4,1.015,90,Random Forest,2021-03-10,0,1,-0.0239130229278435
ITUB4,1.015,90,SVC,2021-03-10,0,1,-0.0239130229278435
ITUB4,1.015,90,RNA,2021-03-11,1,1,0.0331491705943713
ITUB4,1.015,90,Random Forest,2021-03-11,1,1,0.0331491705943713
ITUB4,1.015,90,SVC,2021-03-11,1,1,0.0331491705943713
ITUB4,1.015,90,RNA,2021-03-12,1,1,0.0578269000833795
ITUB4,1.015,90,Random Forest,2021-03-12,1,0,0.0578269000833795
ITUB4,1.015,90,SVC,2021-03-12,1,1,0.0578269000833795
ITUB4,1.015,90,RNA,2021-03-15,1,1,0.0439840183544875
ITUB4,1.015,90,Random Forest,2021-03-15,1,1,0.0439840183544875
ITUB4,1.015,90,SVC,2021-03-15,1,1,0.0439840183544875
ITUB4,1.015,90,RNA,2021-03-16,1,1,0.0692479720168266
ITUB4,1.015,90,Random Forest,2021-03-16,1,1,0.0692479720168266
ITUB4,1.015,90,SVC,2021-03-16,1,1,0.0692479720168266
ITUB4,1.015,90,RNA,2021-03-17,1,0,0.0282849904767277
ITUB4,1.015,90,Random Forest,2021-03-17,1,1,0.0282849904767277
ITUB4,1.015,90,SVC,2021-03-17,1,1,0.0282849904767277
ITUB4,1.015,90,RNA,2021-03-18,0,0,-0.0378895425858152
ITUB4,1.015,90,Random Forest,2021-03-18,0,1,-0.0378895425858152
ITUB4,1.015,90,SVC,2021-03-18,0,1,-0.0378895425858152
ITUB4,1.015,90,RNA,2021-03-19,1,1,0.0189352999389413
ITUB4,1.015,90,Random Forest,2021-03-19,1,1,0.0189352999389413
ITUB4,1.015,90,SVC,2021-03-19,1,1,0.0189352999389413
ITUB4,1.015,90,RNA,2021-03-22,1,1,0.0185714213644911
ITUB4,1.015,90,Random Forest,2021-03-22,1,1,0.0185714213644911
ITUB4,1.015,90,SVC,2021-03-22,1,1,0.0185714213644911
ITUB4,1.015,90,RNA,2021-03-23,1,1,0.0224944756312401
ITUB4,1.015,90,Random Forest,2021-03-23,1,1,0.0224944756312401
ITUB4,1.015,90,SVC,2021-03-23,1,1,0.0224944756312401
ITUB4,1.015,90,RNA,2021-03-24,1,1,0.0593470182772912
ITUB4,1.015,90,Random Forest,2021-03-24,1,0,0.0593470182772912
ITUB4,1.015,90,SVC,2021-03-24,1,1,0.0593470182772912
ITUB4,1.015,90,RNA,2021-03-25,1,1,0.0374272809220519
ITUB4,1.015,90,Random Forest,2021-03-25,1,1,0.0374272809220519
ITUB4,1.015,90,SVC,2021-03-25,1,1,0.0374272809220519
ITUB4,1.015,90,RNA,2021-03-26,1,1,0.0152915622105445
ITUB4,1.015,90,Random Forest,2021-03-26,1,1,0.0152915622105445
ITUB4,1.015,90,SVC,2021-03-26,1,1,0.0152915622105445
ITUB4,1.015,90,RNA,2021-03-29,1,1,0.0255028571265143
ITUB4,1.015,90,Random Forest,2021-03-29,1,1,0.0255028571265143
ITUB4,1.015,90,SVC,2021-03-29,1,1,0.0255028571265143
ITUB4,1.015,90,RNA,2021-03-30,0,1,-0.0411674591974341
ITUB4,1.015,90,Random Forest,2021-03-30,0,1,-0.0411674591974341
ITUB4,1.015,90,SVC,2021-03-30,0,1,-0.0411674591974341
ITUB4,1.015,90,RNA,2021-03-31,0,1,-0.0440810652683939
ITUB4,1.015,90,Random Forest,2021-03-31,0,1,-0.0440810652683939
ITUB4,1.015,90,SVC,2021-03-31,0,1,-0.0440810652683939
ITUB4,1.015,90,RNA,2021-04-01,0,1,-0.0248537609495226
ITUB4,1.015,90,Random Forest,2021-04-01,0,1,-0.0248537609495226
ITUB4,1.015,90,SVC,2021-04-01,0,1,-0.0248537609495226
ITUB4,1.015,90,RNA,2021-04-05,0,1,-0.0312726944325443
ITUB4,1.015,90,Random Forest,2021-04-05,0,0,-0.0312726944325443
ITUB4,1.015,90,SVC,2021-04-05,0,1,-0.0312726944325443
ITUB4,1.015,90,RNA,2021-04-06,0,1,0.0103626917571664
ITUB4,1.015,90,Random Forest,2021-04-06,0,1,0.0103626917571664
ITUB4,1.015,90,SVC,2021-04-06,0,1,0.0103626917571664
ITUB4,1.015,90,RNA,2021-04-07,1,1,0.0159200435265542
ITUB4,1.015,90,Random Forest,2021-04-07,1,1,0.0159200435265542
ITUB4,1.015,90,SVC,2021-04-07,1,1,0.0159200435265542
ITUB4,1.015,90,RNA,2021-04-08,1,1,0.0588013779655249
ITUB4,1.015,90,Random Forest,2021-04-08,1,1,0.0588013779655249
ITUB4,1.015,90,SVC,2021-04-08,1,1,0.0588013779655249
ITUB4,1.015,90,RNA,2021-04-09,1,1,0.048134370322842
ITUB4,1.015,90,Random Forest,2021-04-09,1,1,0.048134370322842
ITUB4,1.015,90,SVC,2021-04-09,1,1,0.048134370322842
ITUB4,1.015,90,RNA,2021-04-12,1,0,0.0342288938632082
ITUB4,1.015,90,Random Forest,2021-04-12,1,1,0.0342288938632082
ITUB4,1.015,90,SVC,2021-04-12,1,1,0.0342288938632082
ITUB4,1.015,90,RNA,2021-04-13,1,1,0.0270467861948544
ITUB4,1.015,90,Random Forest,2021-04-13,1,1,0.0270467861948544
ITUB4,1.015,90,SVC,2021-04-13,1,1,0.0270467861948544
ITUB4,1.015,90,RNA,2021-04-14,1,1,0.0159074178034333
ITUB4,1.015,90,Random Forest,2021-04-14,1,1,0.0159074178034333
ITUB4,1.015,90,SVC,2021-04-14,1,1,0.0159074178034333
ITUB4,1.015,90,RNA,2021-04-15,1,1,0.0221898468426899
ITUB4,1.015,90,Random Forest,2021-04-15,1,0,0.0221898468426899
ITUB4,1.015,90,SVC,2021-04-15,1,1,0.0221898468426899
ITUB4,1.015,90,RNA,2021-04-16,0,1,-0.0125537985959441
ITUB4,1.015,90,Random Forest,2021-04-16,0,1,-0.0125537985959441
ITUB4,1.015,90,SVC,2021-04-16,0,1,-0.0125537985959441
ITUB4,1.015,90,RNA,2021-04-19,1,1,0.0178766828608087
ITUB4,1.015,90,Random Forest,2021-04-19,1,1,0.0178766828608087
ITUB4,1.015,90,SVC,2021-04-19,1,1,0.0178766828608087
ITUB4,1.015,90,RNA,2021-04-20,0,1,-0.0159825944875235
ITUB4,1.015,90,Random Forest,2021-04-20,0,1,-0.0159825944875235
ITUB4,1.015,90,SVC,2021-04-20,0,1,-0.0159825944875235
ITUB4,1.015,90,RNA,2021-04-22,1,1,0.0331194064646742
ITUB4,1.015,90,Random Forest,2021-04-22,1,1,0.0331194064646742
ITUB4,1.015,90,SVC,2021-04-22,1,1,0.0331194064646742
ITUB4,1.015,90,RNA,2021-04-23,1,1,0.0267160254810165
ITUB4,1.015,90,Random Forest,2021-04-23,1,1,0.0267160254810165
ITUB4,1.015,90,SVC,2021-04-23,1,1,0.0267160254810165
ITUB4,1.015,90,RNA,2021-04-26,1,1,0.0341912483841178
ITUB4,1.015,90,Random Forest,2021-04-26,1,1,0.0341912483841178
ITUB4,1.015,90,SVC,2021-04-26,1,1,0.0341912483841178
ITUB4,1.015,90,RNA,2021-04-27,1,0,0.0301598584678914
ITUB4,1.015,90,Random Forest,2021-04-27,1,1,0.0301598584678914
ITUB4,1.015,90,SVC,2021-04-27,1,1,0.0301598584678914
ITUB4,1.015,90,RNA,2021-04-28,0,1,-0.0516478443557051
ITUB4,1.015,90,Random Forest,2021-04-28,0,1,-0.0516478443557051
ITUB4,1.015,90,SVC,2021-04-28,0,1,-0.0516478443557051
ITUB4,1.015,90,RNA,2021-04-29,1,0,0.0436151124843919
ITUB4,1.015,90,Random Forest,2021-04-29,1,1,0.0436151124843919
ITUB4,1.015,90,SVC,2021-04-29,1,1,0.0436151124843919
ITUB4,1.015,90,RNA,2021-04-30,1,1,0.0234657090354752
ITUB4,1.015,90,Random Forest,2021-04-30,1,1,0.0234657090354752
ITUB4,1.015,90,SVC,2021-04-30,1,1,0.0234657090354752
ITUB4,1.015,90,RNA,2021-05-03,0,1,-0.0167259863540787
ITUB4,1.015,90,Random Forest,2021-05-03,0,1,-0.0167259863540787
ITUB4,1.015,90,SVC,2021-05-03,0,1,-0.0167259863540787
ITUB4,1.015,90,RNA,2021-05-04,1,1,0.0498141083872087
ITUB4,1.015,90,Random Forest,2021-05-04,1,1,0.0498141083872087
ITUB4,1.015,90,SVC,2021-05-04,1,1,0.0498141083872087
ITUB4,1.015,90,RNA,2021-05-05,1,1,0.032163740569477
ITUB4,1.015,90,Random Forest,2021-05-05,1,1,0.032163740569477
ITUB4,1.015,90,SVC,2021-05-05,1,1,0.032163740569477
ITUB4,1.015,90,RNA,2021-05-06,1,1,0.0302809216173971
ITUB4,1.015,90,Random Forest,2021-05-06,1,1,0.0302809216173971
ITUB4,1.015,90,SVC,2021-05-06,1,1,0.0302809216173971
ITUB4,1.015,90,RNA,2021-05-07,1,1,0.0325262457639496
ITUB4,1.015,90,Random Forest,2021-05-07,1,1,0.0325262457639496
ITUB4,1.015,90,SVC,2021-05-07,1,1,0.0325262457639496
ITUB4,1.015,90,RNA,2021-05-10,1,1,0.0519105712525724
ITUB4,1.015,90,Random Forest,2021-05-10,1,1,0.0519105712525724
ITUB4,1.015,90,SVC,2021-05-10,1,1,0.0519105712525724
ITUB4,1.015,90,RNA,2021-05-11,1,0,0.0534296098273321
ITUB4,1.015,90,Random Forest,2021-05-11,1,1,0.0534296098273321
ITUB4,1.015,90,SVC,2021-05-11,1,1,0.0534296098273321
ITUB4,1.015,90,RNA,2021-05-12,1,1,0.059398724225351
ITUB4,1.015,90,Random Forest,2021-05-12,1,1,0.059398724225351
ITUB4,1.015,90,SVC,2021-05-12,1,1,0.059398724225351
ITUB4,1.015,90,RNA,2021-05-13,1,1,0.0205861694662883
ITUB4,1.015,90,Random Forest,2021-05-13,1,1,0.0205861694662883
ITUB4,1.015,90,SVC,2021-05-13,1,1,0.0205861694662883
ITUB4,1.015,90,RNA,2021-05-14,1,1,0.0294423161492605
ITUB4,1.015,90,Random Forest,2021-05-14,1,0,0.0294423161492605
ITUB4,1.015,90,SVC,2021-05-14,1,1,0.0294423161492605
ITUB4,1.015,90,RNA,2021-05-17,1,1,0.0319444151788737
ITUB4,1.015,90,Random Forest,2021-05-17,1,1,0.0319444151788737
ITUB4,1.015,90,SVC,2021-05-17,1,1,0.0319444151788737
ITUB4,1.015,90,RNA,2021-05-18,1,1,0.0417104757473452
ITUB4,1.015,90,Random Forest,2021-05-18,1,0,0.0417104757473452
ITUB4,1.015,90,SVC,2021-05-18,1,1,0.0417104757473452
ITUB4,1.015,90,RNA,2021-05-19,1,1,0.0181568715910158
ITUB4,1.015,90,Random Forest,2021-05-19,1,1,0.0181568715910158
ITUB4,1.015,90,SVC,2021-05-19,1,1,0.0181568715910158
ITUB4,1.015,90,RNA,2021-05-20,0,1,0.004054369766641
ITUB4,1.015,90,Random Forest,2021-05-20,0,1,0.004054369766641
ITUB4,1.015,90,SVC,2021-05-20,0,1,0.004054369766641
ITUB4,1.015,90,RNA,2021-05-21,0,1,-0.0108909888930758
ITUB4,1.015,90,Random Forest,2021-05-21,0,1,-0.0108909888930758
ITUB4,1.015,90,SVC,2021-05-21,0,1,-0.0108909888930758
ITUB4,1.015,90,RNA,2021-05-24,0,0,0.010572990218064
ITUB4,1.015,90,Random Forest,2021-05-24,0,0,0.010572990218064
ITUB4,1.015,90,SVC,2021-05-24,0,1,0.010572990218064
ITUB4,1.015,90,RNA,2021-05-25,1,0,0.0292296847100561
ITUB4,1.015,90,Random Forest,2021-05-25,1,0,0.0292296847100561
ITUB4,1.015,90,SVC,2021-05-25,1,1,0.0292296847100561
ITUB4,1.015,90,RNA,2021-05-26,1,1,0.0413453622988138
ITUB4,1.015,90,Random Forest,2021-05-26,1,1,0.0413453622988138
ITUB4,1.015,90,SVC,2021-05-26,1,1,0.0413453622988138
ITUB4,1.015,90,RNA,2021-05-27,1,1,0.0944996155901241
ITUB4,1.015,90,Random Forest,2021-05-27,1,0,0.0944996155901241
ITUB4,1.015,90,SVC,2021-05-27,1,1,0.0944996155901241
ITUB4,1.015,90,RNA,2021-05-28,1,1,0.0918927009076051
ITUB4,1.015,90,Random Forest,2021-05-28,1,1,0.0918927009076051
ITUB4,1.015,90,SVC,2021-05-28,1,1,0.0918927009076051
ITUB4,1.015,90,RNA,2021-05-31,1,1,0.1119302912001642
ITUB4,1.015,90,Random Forest,2021-05-31,1,0,0.1119302912001642
ITUB4,1.015,90,SVC,2021-05-31,1,1,0.1119302912001642
ITUB4,1.015,90,RNA,2021-06-01,1,1,0.0825448653070464
ITUB4,1.015,90,Random Forest,2021-06-01,1,1,0.0825448653070464
ITUB4,1.015,90,SVC,2021-06-01,1,1,0.0825448653070464
ITUB4,1.015,90,RNA,2021-06-02,1,1,0.0829901928017131
ITUB4,1.015,90,Random Forest,2021-06-02,1,1,0.0829901928017131
ITUB4,1.015,90,SVC,2021-06-02,1,1,0.0829901928017131
ITUB4,1.015,90,RNA,2021-06-04,1,1,0.0591697545051483
ITUB4,1.015,90,Random Forest,2021-06-04,1,0,0.0591697545051483
ITUB4,1.015,90,SVC,2021-06-04,1,1,0.0591697545051483
ITUB4,1.015,90,RNA,2021-06-07,1,1,0.0417428700457789
ITUB4,1.015,90,Random Forest,2021-06-07,1,1,0.0417428700457789
ITUB4,1.015,90,SVC,2021-06-07,1,1,0.0417428700457789
ITUB4,1.015,90,RNA,2021-06-08,1,0,0.0465258782031916
ITUB4,1.015,90,Random Forest,2021-06-08,1,1,0.0465258782031916
ITUB4,1.015,90,SVC,2021-06-08,1,1,0.0465258782031916
ITUB4,1.015,90,RNA,2021-06-09,0,1,-0.0285714061229996
ITUB4,1.015,90,Random Forest,2021-06-09,0,1,-0.0285714061229996
ITUB4,1.015,90,SVC,2021-06-09,0,1,-0.0285714061229996
ITUB4,1.015,90,RNA,2021-06-10,1,1,0.0172518146807842
ITUB4,1.015,90,Random Forest,2021-06-10,1,1,0.0172518146807842
ITUB4,1.015,90,SVC,2021-06-10,1,1,0.0172518146807842
ITUB4,1.015,90,RNA,2021-06-11,1,1,0.0425015350033355
ITUB4,1.015,90,Random Forest,2021-06-11,1,1,0.0425015350033355
ITUB4,1.015,90,SVC,2021-06-11,1,1,0.0425015350033355
ITUB4,1.015,90,RNA,2021-06-14,1,1,0.0482295345467318
ITUB4,1.015,90,Random Forest,2021-06-14,1,1,0.0482295345467318
ITUB4,1.015,90,SVC,2021-06-14,1,1,0.0482295345467318
ITUB4,1.015,90,RNA,2021-06-15,1,1,0.0507955778460527
ITUB4,1.015,90,Random Forest,2021-06-15,1,1,0.0507955778460527
ITUB4,1.015,90,SVC,2021-06-15,1,1,0.0507955778460527
ITUB4,1.015,90,RNA,2021-06-16,1,1,0.0202020038625523
ITUB4,1.015,90,Random Forest,2021-06-16,1,1,0.0202020038625523
ITUB4,1.015,90,SVC,2021-06-16,1,1,0.0202020038625523
ITUB4,1.015,90,RNA,2021-06-17,0,1,-0.0290076483557939
ITUB4,1.015,90,Random Forest,2021-06-17,0,1,-0.0290076483557939
ITUB4,1.015,90,SVC,2021-06-17,0,1,-0.0290076483557939
ITUB4,1.015,90,RNA,2021-06-18,1,1,0.0161390312617653
ITUB4,1.015,90,Random Forest,2021-06-18,1,1,0.0161390312617653
ITUB4,1.015,90,SVC,2021-06-18,1,1,0.0161390312617653
ITUB4,1.015,90,RNA,2021-06-21,0,1,-0.0443686033034103
ITUB4,1.015,90,Random Forest,2021-06-21,0,0,-0.0443686033034103
ITUB4,1.015,90,SVC,2021-06-21,0,1,-0.0443686033034103
ITUB4,1.015,90,RNA,2021-06-22,1,1,0.0177847102961952
ITUB4,1.015,90,Random Forest,2021-06-22,1,1,0.0177847102961952
ITUB4,1.015,90,SVC,2021-06-22,1,1,0.0177847102961952
ITUB4,1.015,90,RNA,2021-06-23,0,1,-0.0627913971100218
ITUB4,1.015,90,Random Forest,2021-06-23,0,0,-0.0627913971100218
ITUB4,1.015,90,SVC,2021-06-23,0,1,-0.0627913971100218
ITUB4,1.015,90,RNA,2021-06-24,0,1,-0.0681676276296294
ITUB4,1.015,90,Random Forest,2021-06-24,0,1,-0.0681676276296294
ITUB4,1.015,90,SVC,2021-06-24,0,1,-0.0681676276296294
ITUB4,1.015,90,RNA,2021-06-25,0,1,-0.036804743237627
ITUB4,1.015,90,Random Forest,2021-06-25,0,0,-0.036804743237627
ITUB4,1.015,90,SVC,2021-06-25,0,1,-0.036804743237627
ITUB4,1.015,90,RNA,2021-06-28,0,1,-0.0077626069229377
ITUB4,1.015,90,Random Forest,2021-06-28,0,0,-0.0077626069229377
ITUB4,1.015,90,SVC,2021-06-28,0,1,-0.0077626069229377
ITUB4,1.015,90,RNA,2021-06-29,0,0,-0.0128367402431293
ITUB4,1.015,90,Random Forest,2021-06-29,0,0,-0.0128367402431293
ITUB4,1.015,90,SVC,2021-06-29,0,1,-0.0128367402431293
ITUB4,1.015,90,RNA,2021-06-30,0,1,-0.0174555298292327
ITUB4,1.015,90,Random Forest,2021-06-30,0,0,-0.0174555298292327
ITUB4,1.015,90,SVC,2021-06-30,0,1,-0.0174555298292327
ITUB4,1.015,90,RNA,2021-07-01,0,1,-0.0066934350348086
ITUB4,1.015,90,Random Forest,2021-07-01,0,0,-0.0066934350348086
ITUB4,1.015,90,SVC,2021-07-01,0,1,-0.0066934350348086
ITUB4,1.015,90,RNA,2021-07-02,0,1,-0.0144683377106663
ITUB4,1.015,90,Random Forest,2021-07-02,0,0,-0.0144683377106663
ITUB4,1.015,90,SVC,2021-07-02,0,0,-0.0144683377106663
ITUB4,1.015,90,RNA,2021-07-05,1,1,0.0176390853104007
ITUB4,1.015,90,Random Forest,2021-07-05,1,0,0.0176390853104007
ITUB4,1.015,90,SVC,2021-07-05,1,1,0.0176390853104007
ITUB4,1.015,90,RNA,2021-07-06,1,1,0.0152129693614808
ITUB4,1.015,90,Random Forest,2021-07-06,1,0,0.0152129693614808
ITUB4,1.015,90,SVC,2021-07-06,1,1,0.0152129693614808
ITUB4,1.015,90,RNA,2021-07-07,1,1,0.0583190498343204
ITUB4,1.015,90,Random Forest,2021-07-07,1,0,0.0583190498343204
ITUB4,1.015,90,SVC,2021-07-07,1,1,0.0583190498343204
ITUB4,1.015,90,RNA,2021-07-08,1,0,0.0493197452532272
ITUB4,1.015,90,Random Forest,2021-07-08,1,0,0.0493197452532272
ITUB4,1.015,90,SVC,2021-07-08,1,1,0.0493197452532272
ITUB4,1.015,90,RNA,2021-07-12,1,1,0.0457627319514781
ITUB4,1.015,90,Random Forest,2021-07-12,1,1,0.0457627319514781
ITUB4,1.015,90,SVC,2021-07-12,1,1,0.0457627319514781
ITUB4,1.015,90,RNA,2021-07-13,1,1,0.0215231611782233
ITUB4,1.015,90,Random Forest,2021-07-13,1,1,0.0215231611782233
ITUB4,1.015,90,SVC,2021-07-13,1,1,0.0215231611782233
ITUB4,1.015,90,RNA,2021-07-14,0,1,-0.0194239412419426
ITUB4,1.015,90,Random Forest,2021-07-14,0,1,-0.0194239412419426
ITUB4,1.015,90,SVC,2021-07-14,0,1,-0.0194239412419426
ITUB4,1.015,90,RNA,2021-07-15,0,1,-0.0124286316595101
ITUB4,1.015,90,Random Forest,2021-07-15,0,1,-0.0124286316595101
ITUB4,1.015,90,SVC,2021-07-15,0,1,-0.0124286316595101
ITUB4,1.015,90,RNA,2021-07-16,1,1,0.0334494619355607
ITUB4,1.015,90,Random Forest,2021-07-16,1,1,0.0334494619355607
ITUB4,1.015,90,SVC,2021-07-16,1,1,0.0334494619355607
ITUB4,1.015,90,RNA,2021-07-19,1,1,0.0309349647391798
ITUB4,1.015,90,Random Forest,2021-07-19,1,1,0.0309349647391798
ITUB4,1.015,90,SVC,2021-07-19,1,1,0.0309349647391798
ITUB4,1.015,90,RNA,2021-07-20,1,1,0.0164046686712102
ITUB4,1.015,90,Random Forest,2021-07-20,1,1,0.0164046686712102
ITUB4,1.015,90,SVC,2021-07-20,1,1,0.0164046686712102
ITUB4,1.015,90,RNA,2021-07-21,1,1,0.0203942731368897
ITUB4,1.015,90,Random Forest,2021-07-21,1,1,0.0203942731368897
ITUB4,1.015,90,SVC,2021-07-21,1,1,0.0203942731368897
ITUB4,1.015,90,RNA,2021-07-22,1,1,0.0688120632502451
ITUB4,1.015,90,Random Forest,2021-07-22,1,1,0.0688120632502451
ITUB4,1.015,90,SVC,2021-07-22,1,1,0.0688120632502451
ITUB4,1.015,90,RNA,2021-07-23,1,1,0.0735900807239835
ITUB4,1.015,90,Random Forest,2021-07-23,1,1,0.0735900807239835
ITUB4,1.015,90,SVC,2021-07-23,1,1,0.0735900807239835
ITUB4,1.015,90,RNA,2021-07-26,1,1,0.0583051173777786
ITUB4,1.015,90,Random Forest,2021-07-26,1,1,0.0583051173777786
ITUB4,1.015,90,SVC,2021-07-26,1,1,0.0583051173777786
ITUB4,1.015,90,RNA,2021-07-27,1,0,0.0456253707122906
ITUB4,1.015,90,Random Forest,2021-07-27,1,1,0.0456253707122906
ITUB4,1.015,90,SVC,2021-07-27,1,1,0.0456253707122906
ITUB4,1.015,90,RNA,2021-07-28,1,1,0.0209068823921776
ITUB4,1.015,90,Random Forest,2021-07-28,1,0,0.0209068823921776
ITUB4,1.015,90,SVC,2021-07-28,1,1,0.0209068823921776
ITUB4,1.015,90,RNA,2021-07-29,1,0,0.0370264848580883
ITUB4,1.015,90,Random Forest,2021-07-29,1,0,0.0370264848580883
ITUB4,1.015,90,SVC,2021-07-29,1,1,0.0370264848580883
ITUB4,1.015,90,RNA,2021-07-30,1,1,0.0230519279136973
ITUB4,1.015,90,Random Forest,2021-07-30,1,1,0.0230519279136973
ITUB4,1.015,90,SVC,2021-07-30,1,1,0.0230519279136973
ITUB4,1.015,90,RNA,2021-08-02,0,1,-0.0178343819982774
ITUB4,1.015,90,Random Forest,2021-08-02,0,1,-0.0178343819982774
ITUB4,1.015,90,SVC,2021-08-02,0,1,-0.0178343819982774
ITUB4,1.015,90,RNA,2021-08-03,1,0,0.027795908205231
ITUB4,1.015,90,Random Forest,2021-08-03,1,1,0.027795908205231
ITUB4,1.015,90,SVC,2021-08-03,1,1,0.027795908205231
ITUB4,1.015,90,RNA,2021-08-04,1,1,0.0407284562181797
ITUB4,1.015,90,Random Forest,2021-08-04,1,0,0.0407284562181797
ITUB4,1.015,90,SVC,2021-08-04,1,1,0.0407284562181797
ITUB4,1.015,90,RNA,2021-08-05,1,1,0.0434926487528801
ITUB4,1.015,90,Random Forest,2021-08-05,1,1,0.0434926487528801
ITUB4,1.015,90,SVC,2021-08-05,1,1,0.0434926487528801
ITUB4,1.015,90,RNA,2021-08-06,1,1,0.0214494464410146
ITUB4,1.015,90,Random Forest,2021-08-06,1,1,0.0214494464410146
ITUB4,1.015,90,SVC,2021-08-06,1,1,0.0214494464410146
ITUB4,1.015,90,RNA,2021-08-09,0,1,-0.0121951374336694
ITUB4,1.015,90,Random Forest,2021-08-09,0,1,-0.0121951374336694
ITUB4,1.015,90,SVC,2021-08-09,0,1,-0.0121951374336694
ITUB4,1.015,90,RNA,2021-08-10,1,1,0.0292763210688704
ITUB4,1.015,90,Random Forest,2021-08-10,1,1,0.0292763210688704
ITUB4,1.015,90,SVC,2021-08-10,1,0,0.0292763210688704
ITUB4,1.015,90,RNA,2021-08-11,0,1,-0.0164610586532274
ITUB4,1.015,90,Random Forest,2021-08-11,0,1,-0.0164610586532274
ITUB4,1.015,90,SVC,2021-08-11,0,0,-0.0164610586532274
ITUB4,1.015,90,RNA,2021-08-12,1,1,0.0277938557254502
ITUB4,1.015,90,Random Forest,2021-08-12,1,1,0.0277938557254502
ITUB4,1.015,90,SVC,2021-08-12,1,1,0.0277938557254502
ITUB4,1.015,90,RNA,2021-08-13,1,1,0.0163078750554883
ITUB4,1.015,90,Random Forest,2021-08-13,1,1,0.0163078750554883
ITUB4,1.015,90,SVC,2021-08-13,1,1,0.0163078750554883
ITUB4,1.015,90,RNA,2021-08-16,1,0,0.0267238488108989
ITUB4,1.015,90,Random Forest,2021-08-16,1,1,0.0267238488108989
ITUB4,1.015,90,SVC,2021-08-16,1,1,0.0267238488108989
ITUB4,1.015,90,RNA,2021-08-17,1,1,0.0332005496782998
ITUB4,1.015,90,Random Forest,2021-08-17,1,1,0.0332005496782998
ITUB4,1.015,90,SVC,2021-08-17,1,1,0.0332005496782998
ITUB4,1.015,90,RNA,2021-08-18,1,1,0.0371237184956325
ITUB4,1.015,90,Random Forest,2021-08-18,1,1,0.0371237184956325
ITUB4,1.015,90,SVC,2021-08-18,1,1,0.0371237184956325
ITUB4,1.015,90,RNA,2021-08-19,1,1,0.0489864720494095
ITUB4,1.015,90,Random Forest,2021-08-19,1,1,0.0489864720494095
ITUB4,1.015,90,SVC,2021-08-19,1,1,0.0489864720494095
ITUB4,1.015,90,RNA,2021-08-20,1,1,0.0398526320642387
ITUB4,1.015,90,Random Forest,2021-08-20,1,1,0.0398526320642387
ITUB4,1.015,90,SVC,2021-08-20,1,1,0.0398526320642387
ITUB4,1.015,90,RNA,2021-08-23,1,1,0.0264462406887198
ITUB4,1.015,90,Random Forest,2021-08-23,1,1,0.0264462406887198
ITUB4,1.015,90,SVC,2021-08-23,1,1,0.0264462406887198
ITUB4,1.015,90,RNA,2021-08-24,0,1,-0.006829253334292
ITUB4,1.015,90,Random Forest,2021-08-24,0,1,-0.006829253334292
ITUB4,1.015,90,SVC,2021-08-24,0,1,-0.006829253334292
ITUB4,1.015,90,RNA,2021-08-25,0,1,0.001294531002582
ITUB4,1.015,90,Random Forest,2021-08-25,0,1,0.001294531002582
ITUB4,1.015,90,SVC,2021-08-25,0,1,0.001294531002582
ITUB4,1.015,90,RNA,2021-08-26,1,1,0.0402809548416598
ITUB4,1.015,90,Random Forest,2021-08-26,1,1,0.0402809548416598
ITUB4,1.015,90,SVC,2021-08-26,1,1,0.0402809548416598
ITUB4,1.015,90,RNA,2021-08-27,1,1,0.0311289430660963
ITUB4,1.015,90,Random Forest,2021-08-27,1,1,0.0311289430660963
ITUB4,1.015,90,SVC,2021-08-27,1,1,0.0311289430660963
ITUB4,1.015,90,RNA,2021-08-30,1,1,0.033148779845135
ITUB4,1.015,90,Random Forest,2021-08-30,1,1,0.033148779845135
ITUB4,1.015,90,SVC,2021-08-30,1,1,0.033148779845135
ITUB4,1.015,90,RNA,2021-08-31,1,1,0.0183515711411952
ITUB4,1.015,90,Random Forest,2021-08-31,1,1,0.0183515711411952
ITUB4,1.015,90,SVC,2021-08-31,1,1,0.0183515711411952
ITUB4,1.015,90,RNA,2021-09-01,0,0,-0.0702492614391222
ITUB4,1.015,90,Random Forest,2021-09-01,0,1,-0.0702492614391222
ITUB4,1.015,90,SVC,2021-09-01,0,1,-0.0702492614391222
ITUB4,1.015,90,RNA,2021-09-02,0,1,-0.0341852008779255
ITUB4,1.015,90,Random Forest,2021-09-02,0,1,-0.0341852008779255
ITUB4,1.015,90,SVC,2021-09-02,0,1,-0.0341852008779255
ITUB4,1.015,90,RNA,2021-09-03,1,1,0.0202224447897452
ITUB4,1.015,90,Random Forest,2021-09-03,1,1,0.0202224447897452
ITUB4,1.015,90,SVC,2021-09-03,1,1,0.0202224447897452
ITUB4,1.015,90,RNA,2021-09-06,0,1,-0.0289614311639029
ITUB4,1.015,90,Random Forest,2021-09-06,0,1,-0.0289614311639029
ITUB4,1.015,90,SVC,2021-09-06,0,1,-0.0289614311639029
ITUB4,1.015,90,RNA,2021-09-08,1,1,0.0241712690736959
ITUB4,1.015,90,Random Forest,2021-09-08,1,1,0.0241712690736959
ITUB4,1.015,90,SVC,2021-09-08,1,1,0.0241712690736959
ITUB4,1.015,90,RNA,2021-09-09,0,0,-0.0332203148702248
ITUB4,1.015,90,Random Forest,2021-09-09,0,0,-0.0332203148702248
ITUB4,1.015,90,SVC,2021-09-09,0,1,-0.0332203148702248
ITUB4,1.015,90,RNA,2021-09-10,0,1,-0.0282986741590129
ITUB4,1.015,90,Random Forest,2021-09-10,0,1,-0.0282986741590129
ITUB4,1.015,90,SVC,2021-09-10,0,1,-0.0282986741590129
ITUB4,1.015,90,RNA,2021-09-13,0,1,-0.0439862292437968
ITUB4,1.015,90,Random Forest,2021-09-13,0,1,-0.0439862292437968
ITUB4,1.015,90,SVC,2021-09-13,0,1,-0.0439862292437968
ITUB4,1.015,90,RNA,2021-09-14,0,1,-0.0640275446022548
ITUB4,1.015,90,Random Forest,2021-09-14,0,0,-0.0640275446022548
ITUB4,1.015,90,SVC,2021-09-14,0,1,-0.0640275446022548
ITUB4,1.015,90,RNA,2021-09-15,0,0,-0.0423728779165213
ITUB4,1.015,90,Random Forest,2021-09-15,0,0,-0.0423728779165213
ITUB4,1.015,90,SVC,2021-09-15,0,1,-0.0423728779165213
ITUB4,1.015,90,RNA,2021-09-16,0,1,-0.0252897427978466
ITUB4,1.015,90,Random Forest,2021-09-16,0,0,-0.0252897427978466
ITUB4,1.015,90,SVC,2021-09-16,0,1,-0.0252897427978466
ITUB4,1.015,90,RNA,2021-09-17,1,1,0.060439586876869
ITUB4,1.015,90,Random Forest,2021-09-17,1,0,0.060439586876869
ITUB4,1.015,90,SVC,2021-09-17,1,1,0.060439586876869
ITUB4,1.015,90,RNA,2021-09-20,1,1,0.05966325135598
ITUB4,1.015,90,Random Forest,2021-09-20,1,0,0.05966325135598
ITUB4,1.015,90,SVC,2021-09-20,1,1,0.05966325135598
ITUB4,1.015,90,RNA,2021-09-21,1,1,0.0731796512194113
ITUB4,1.015,90,Random Forest,2021-09-21,1,0,0.0731796512194113
ITUB4,1.015,90,SVC,2021-09-21,1,1,0.0731796512194113
ITUB4,1.015,90,RNA,2021-09-22,1,1,0.0601504073230376
ITUB4,1.015,90,Random Forest,2021-09-22,1,1,0.0601504073230376
ITUB4,1.015,90,SVC,2021-09-22,1,1,0.0601504073230376
ITUB4,1.015,90,RNA,2021-09-23,1,1,0.0389474065059218
ITUB4,1.015,90,Random Forest,2021-09-23,1,1,0.0389474065059218
ITUB4,1.015,90,SVC,2021-09-23,1,1,0.0389474065059218
ITUB4,1.015,90,RNA,2021-09-24,1,1,0.0415054840030948
ITUB4,1.015,90,Random Forest,2021-09-24,1,1,0.0415054840030948
ITUB4,1.015,90,SVC,2021-09-24,1,1,0.0415054840030948
ITUB4,1.015,90,RNA,2021-09-27,1,1,0.0333845469654519
ITUB4,1.015,90,Random Forest,2021-09-27,1,1,0.0333845469654519
ITUB4,1.015,90,SVC,2021-09-27,1,1,0.0333845469654519
ITUB4,1.015,90,RNA,2021-09-28,1,1,0.0431232427426875
ITUB4,1.015,90,Random Forest,2021-09-28,1,1,0.0431232427426875
ITUB4,1.015,90,SVC,2021-09-28,1,1,0.0431232427426875
ITUB4,1.015,90,RNA,2021-09-29,1,1,0.0464421558797345
ITUB4,1.015,90,Random Forest,2021-09-29,1,1,0.0464421558797345
ITUB4,1.015,90,SVC,2021-09-29,1,1,0.0464421558797345
ITUB4,1.015,90,RNA,2021-09-30,1,1,0.0448226136101448
ITUB4,1.015,90,Random Forest,2021-09-30,1,1,0.0448226136101448
ITUB4,1.015,90,SVC,2021-09-30,1,1,0.0448226136101448
ITUB4,1.015,90,RNA,2021-10-01,1,1,0.0254545464602167
ITUB4,1.015,90,Random Forest,2021-10-01,1,1,0.0254545464602167
ITUB4,1.015,90,SVC,2021-10-01,1,1,0.0254545464602167
ITUB4,1.015,90,RNA,2021-10-04,1,1,0.0317072937276574
ITUB4,1.015,90,Random Forest,2021-10-04,1,1,0.0317072937276574
ITUB4,1.015,90,SVC,2021-10-04,1,1,0.0317072937276574
ITUB4,1.015,90,RNA,2021-10-05,1,1,0.0325865615654548
ITUB4,1.015,90,Random Forest,2021-10-05,1,1,0.0325865615654548
ITUB4,1.015,90,SVC,2021-10-05,1,1,0.0325865615654548
ITUB4,1.015,90,RNA,2021-10-06,0,1,-0.0346199618170117
ITUB4,1.015,90,Random Forest,2021-10-06,0,1,-0.0346199618170117
ITUB4,1.015,90,SVC,2021-10-06,0,1,-0.0346199618170117
ITUB4,1.015,90,RNA,2021-10-07,1,1,0.0279805604028346
ITUB4,1.015,90,Random Forest,2021-10-07,1,1,0.0279805604028346
ITUB4,1.015,90,SVC,2021-10-07,1,1,0.0279805604028346
ITUB4,1.015,90,RNA,2021-10-08,0,1,0.0073230430745487
ITUB4,1.015,90,Random Forest,2021-10-08,0,1,0.0073230430745487
ITUB4,1.015,90,SVC,2021-10-08,0,1,0.0073230430745487
ITUB4,1.015,90,RNA,2021-10-11,1,1,0.0308641902280213
ITUB4,1.015,90,Random Forest,2021-10-11,1,1,0.0308641902280213
ITUB4,1.015,90,SVC,2021-10-11,1,1,0.0308641902280213
ITUB4,1.015,90,RNA,2021-10-13,1,1,0.0253786199605245
ITUB4,1.015,90,Random Forest,2021-10-13,1,1,0.0253786199605245
ITUB4,1.015,90,SVC,2021-10-13,1,1,0.0253786199605245
ITUB4,1.015,90,RNA,2021-10-14,1,1,0.0342691861970516
ITUB4,1.015,90,Random Forest,2021-10-14,1,1,0.0342691861970516
ITUB4,1.015,90,SVC,2021-10-14,1,1,0.0342691861970516
ITUB4,1.015,90,RNA,2021-10-15,1,1,0.023189617837914
ITUB4,1.015,90,Random Forest,2021-10-15,1,1,0.023189617837914
ITUB4,1.015,90,SVC,2021-10-15,1,1,0.023189617837914
ITUB4,1.015,90,RNA,2021-10-18,1,1,0.0182186639838548
ITUB4,1.015,90,Random Forest,2021-10-18,1,1,0.0182186639838548
ITUB4,1.015,90,SVC,2021-10-18,1,1,0.0182186639838548
ITUB4,1.015,90,RNA,2021-10-19,1,1,0.024439935114723
ITUB4,1.015,90,Random Forest,2021-10-19,1,1,0.024439935114723
ITUB4,1.015,90,SVC,2021-10-19,1,1,0.024439935114723
ITUB4,1.015,90,RNA,2021-10-20,1,1,0.0315832846173529
ITUB4,1.015,90,Random Forest,2021-10-20,1,1,0.0315832846173529
ITUB4,1.015,90,SVC,2021-10-20,1,1,0.0315832846173529
ITUB4,1.015,90,RNA,2021-10-21,0,1,-0.0082918607861871
ITUB4,1.015,90,Random Forest,2021-10-21,0,1,-0.0082918607861871
ITUB4,1.015,90,SVC,2021-10-21,0,1,-0.0082918607861871
ITUB4,1.015,90,RNA,2021-10-22,1,1,0.0325306495736845
ITUB4,1.015,90,Random Forest,2021-10-22,1,1,0.0325306495736845
ITUB4,1.015,90,SVC,2021-10-22,1,1,0.0325306495736845
ITUB4,1.015,90,RNA,2021-10-25,1,0,0.0316589790915677
ITUB4,1.015,90,Random Forest,2021-10-25,1,1,0.0316589790915677
ITUB4,1.015,90,SVC,2021-10-25,1,1,0.0316589790915677
ITUB4,1.015,90,RNA,2021-10-26,1,1,0.0234506059498256
ITUB4,1.015,90,Random Forest,2021-10-26,1,1,0.0234506059498256
ITUB4,1.015,90,SVC,2021-10-26,1,1,0.0234506059498256
ITUB4,1.015,90,RNA,2021-10-27,1,1,0.0514930535614301
ITUB4,1.015,90,Random Forest,2021-10-27,1,1,0.0514930535614301
ITUB4,1.015,90,SVC,2021-10-27,1,1,0.0514930535614301
ITUB4,1.015,90,RNA,2021-10-28,1,1,0.0396341430290116
ITUB4,1.015,90,Random Forest,2021-10-28,1,1,0.0396341430290116
ITUB4,1.015,90,SVC,2021-10-28,1,1,0.0396341430290116
ITUB4,1.015,90,RNA,2021-10-29,1,1,0.0489244873464975
ITUB4,1.015,90,Random Forest,2021-10-29,1,1,0.0489244873464975
ITUB4,1.015,90,SVC,2021-10-29,1,1,0.0489244873464975
ITUB4,1.015,90,RNA,2021-11-01,1,1,0.035818384436663
ITUB4,1.015,90,Random Forest,2021-11-01,1,1,0.035818384436663
ITUB4,1.015,90,SVC,2021-11-01,1,1,0.035818384436663
ITUB4,1.015,90,RNA,2021-11-03,0,1,-0.0796568810977264
ITUB4,1.015,90,Random Forest,2021-11-03,0,1,-0.0796568810977264
ITUB4,1.015,90,SVC,2021-11-03,0,1,-0.0796568810977264
ITUB4,1.015,90,RNA,2021-11-04,0,1,-0.0170212865038204
ITUB4,1.015,90,Random Forest,2021-11-04,0,1,-0.0170212865038204
ITUB4,1.015,90,SVC,2021-11-04,0,1,-0.0170212865038204
ITUB4,1.015,90,RNA,2021-11-05,1,1,0.0320175690689543
ITUB4,1.015,90,Random Forest,2021-11-05,1,1,0.0320175690689543
ITUB4,1.015,90,SVC,2021-11-05,1,1,0.0320175690689543
ITUB4,1.015,90,RNA,2021-11-08,1,1,0.0293088475990188
ITUB4,1.015,90,Random Forest,2021-11-08,1,1,0.0293088475990188
ITUB4,1.015,90,SVC,2021-11-08,1,1,0.0293088475990188
ITUB4,1.015,90,RNA,2021-11-09,1,1,0.0443852907718325
ITUB4,1.015,90,Random Forest,2021-11-09,1,1,0.0443852907718325
ITUB4,1.015,90,SVC,2021-11-09,1,1,0.0443852907718325
ITUB4,1.015,90,RNA,2021-11-10,0,1,-0.0247546374733381
ITUB4,1.015,90,Random Forest,2021-11-10,0,1,-0.0247546374733381
ITUB4,1.015,90,SVC,2021-11-10,0,1,-0.0247546374733381
ITUB4,1.015,90,RNA,2021-11-11,1,0,0.0165002030517336
ITUB4,1.015,90,Random Forest,2021-11-11,1,1,0.0165002030517336
ITUB4,1.015,90,SVC,2021-11-11,1,1,0.0165002030517336
ITUB4,1.015,90,RNA,2021-11-12,0,1,-0.0346620071571147
ITUB4,1.015,90,Random Forest,2021-11-12,0,1,-0.0346620071571147
ITUB4,1.015,90,SVC,2021-11-12,0,1,-0.0346620071571147
ITUB4,1.015,90,RNA,2021-11-16,0,1,-0.0259394954502034
ITUB4,1.015,90,Random Forest,2021-11-16,0,1,-0.0259394954502034
ITUB4,1.015,90,SVC,2021-11-16,0,1,-0.0259394954502034
ITUB4,1.015,90,RNA,2021-11-17,0,1,-0.0043991574343631
ITUB4,1.015,90,Random Forest,2021-11-17,0,0,-0.0043991574343631
ITUB4,1.015,90,SVC,2021-11-17,0,0,-0.0043991574343631
ITUB4,1.015,90,RNA,2021-11-18,1,1,0.0468047693498809
ITUB4,1.015,90,Random Forest,2021-11-18,1,0,0.0468047693498809
ITUB4,1.015,90,SVC,2021-11-18,1,1,0.0468047693498809
ITUB4,1.015,90,RNA,2021-11-19,1,1,0.0672421066258708
ITUB4,1.015,90,Random Forest,2021-11-19,1,0,0.0672421066258708
ITUB4,1.015,90,SVC,2021-11-19,1,0,0.0672421066258708
ITUB4,1.015,90,RNA,2021-11-22,1,1,0.0557303067445305
ITUB4,1.015,90,Random Forest,2021-11-22,1,0,0.0557303067445305
ITUB4,1.015,90,SVC,2021-11-22,1,0,0.0557303067445305
ITUB4,1.015,90,RNA,2021-11-23,1,1,0.0576316950770274
ITUB4,1.015,90,Random Forest,2021-11-23,1,1,0.0576316950770274
ITUB4,1.015,90,SVC,2021-11-23,1,0,0.0576316950770274
ITUB4,1.015,90,RNA,2021-11-24,1,1,0.0168830873977587
ITUB4,1.015,90,Random Forest,2021-11-24,1,1,0.0168830873977587
ITUB4,1.015,90,SVC,2021-11-24,1,1,0.0168830873977587
ITUB4,1.015,90,RNA,2021-11-25,1,1,0.018892790540349
ITUB4,1.015,90,Random Forest,2021-11-25,1,1,0.018892790540349
ITUB4,1.015,90,SVC,2021-11-25,1,0,0.018892790540349
ITUB4,1.015,90,RNA,2021-11-26,0,1,0.0003557636285826
ITUB4,1.015,90,Random Forest,2021-11-26,0,1,0.0003557636285826
ITUB4,1.015,90,SVC,2021-11-26,0,1,0.0003557636285826
ITUB4,1.015,90,RNA,2021-11-29,1,1,0.041386057701706
ITUB4,1.015,90,Random Forest,2021-11-29,1,1,0.041386057701706
ITUB4,1.015,90,SVC,2021-11-29,1,1,0.041386057701706
ITUB4,1.015,90,RNA,2021-11-30,1,1,0.0536347572662667
ITUB4,1.015,90,Random Forest,2021-11-30,1,1,0.0536347572662667
ITUB4,1.015,90,SVC,2021-11-30,1,1,0.0536347572662667
ITUB4,1.015,90,RNA,2021-12-01,1,1,0.0592691172032591
ITUB4,1.015,90,Random Forest,2021-12-01,1,1,0.0592691172032591
ITUB4,1.015,90,SVC,2021-12-01,1,1,0.0592691172032591
ITUB4,1.015,90,RNA,2021-12-02,1,1,0.0348279988374164
ITUB4,1.015,90,Random Forest,2021-12-02,1,1,0.0348279988374164
ITUB4,1.015,90,SVC,2021-12-02,1,1,0.0348279988374164
ITUB4,1.015,90,RNA,2021-12-03,1,1,0.0290043383694278
ITUB4,1.015,90,Random Forest,2021-12-03,1,1,0.0290043383694278
ITUB4,1.015,90,SVC,2021-12-03,1,1,0.0290043383694278
ITUB4,1.015,90,RNA,2021-12-06,0,1,-0.0618120507258376
ITUB4,1.015,90,Random Forest,2021-12-06,0,1,-0.0618120507258376
ITUB4,1.015,90,SVC,2021-12-06,0,1,-0.0618120507258376
ITUB4,1.015,90,RNA,2021-12-07,0,1,-0.0658293419037054
ITUB4,1.015,90,Random Forest,2021-12-07,0,1,-0.0658293419037054
ITUB4,1.015,90,SVC,2021-12-07,0,1,-0.0658293419037054
ITUB4,1.015,90,RNA,2021-12-08,0,1,-0.0438981392036046
ITUB4,1.015,90,Random Forest,2021-12-08,0,1,-0.0438981392036046
ITUB4,1.015,90,SVC,2021-12-08,0,1,-0.0438981392036046
ITUB4,1.015,90,RNA,2021-12-09,0,1,-0.0255834812574191
ITUB4,1.015,90,Random Forest,2021-12-09,0,1,-0.0255834812574191
ITUB4,1.015,90,SVC,2021-12-09,0,1,-0.0255834812574191
ITUB4,1.015,90,RNA,2021-12-10,0,1,-0.0121621902796168
ITUB4,1.015,90,Random Forest,2021-12-10,0,0,-0.0121621902796168
ITUB4,1.015,90,SVC,2021-12-10,0,1,-0.0121621902796168
ITUB4,1.015,90,RNA,2021-12-13,1,1,0.0183823330881811
ITUB4,1.015,90,Random Forest,2021-12-13,1,0,0.0183823330881811
ITUB4,1.015,90,SVC,2021-12-13,1,1,0.0183823330881811
ITUB4,1.015,90,RNA,2021-12-14,0,1,-0.0360565563354642
ITUB4,1.015,90,Random Forest,2021-12-14,0,0,-0.0360565563354642
ITUB4,1.015,90,SVC,2021-12-14,0,1,-0.0360565563354642
ITUB4,1.015,90,RNA,2021-12-15,0,1,-0.0342465322563038
ITUB4,1.015,90,Random Forest,2021-12-15,0,0,-0.0342465322563038
ITUB4,1.015,90,SVC,2021-12-15,0,1,-0.0342465322563038
ITUB4,1.015,90,RNA,2021-12-16,0,0,-0.01849281430975
ITUB4,1.015,90,Random Forest,2021-12-16,0,0,-0.01849281430975
ITUB4,1.015,90,SVC,2021-12-16,0,1,-0.01849281430975
ITUB4,1.015,90,RNA,2021-12-17,0,0,-0.0065177060386053
ITUB4,1.015,90,Random Forest,2021-12-17,0,0,-0.0065177060386053
ITUB4,1.015,90,SVC,2021-12-17,0,1,-0.0065177060386053
ITUB4,1.015,90,RNA,2021-12-20,1,1,0.024067948070755
ITUB4,1.015,90,Random Forest,2021-12-20,1,0,0.024067948070755
ITUB4,1.015,90,SVC,2021-12-20,1,0,0.024067948070755
ITUB4,1.015,90,RNA,2021-12-21,1,1,0.0221384703628604
ITUB4,1.015,90,Random Forest,2021-12-21,1,0,0.0221384703628604
ITUB4,1.015,90,SVC,2021-12-21,1,0,0.0221384703628604
ITUB4,1.015,90,RNA,2021-12-22,1,0,0.0173465010246824
ITUB4,1.015,90,Random Forest,2021-12-22,1,0,0.0173465010246824
ITUB4,1.015,90,SVC,2021-12-22,1,1,0.0173465010246824
ITUB4,1.015,90,RNA,2021-12-23,0,0,-0.0246741099822024
ITUB4,1.015,90,Random Forest,2021-12-23,0,0,-0.0246741099822024
ITUB4,1.015,90,SVC,2021-12-23,0,1,-0.0246741099822024
ITUB4,1.015,90,RNA,2021-12-27,0,0,-0.0047098264950297
ITUB4,1.015,90,Random Forest,2021-12-27,0,0,-0.0047098264950297
ITUB4,1.015,90,SVC,2021-12-27,0,1,-0.0047098264950297
ITUB4,1.015,90,RNA,2021-12-28,1,0,0.0310585903132063
ITUB4,1.015,90,Random Forest,2021-12-28,1,0,0.0310585903132063
ITUB4,1.015,90,SVC,2021-12-28,1,1,0.0310585903132063
ITUB4,1.015,90,RNA,2021-12-29,1,1,0.0372539890194989
ITUB4,1.015,90,Random Forest,2021-12-29,1,1,0.0372539890194989
ITUB4,1.015,90,SVC,2021-12-29,1,1,0.0372539890194989
ITUB4,1.015,90,RNA,2021-12-30,1,1,0.0505431701703291
ITUB4,1.015,90,Random Forest,2021-12-30,1,1,0.0505431701703291
ITUB4,1.015,90,SVC,2021-12-30,1,1,0.0505431701703291
ITUB4,1.015,90,RNA,2022-01-03,1,1,0.0476410159453579
ITUB4,1.015,90,Random Forest,2022-01-03,1,0,0.0476410159453579
ITUB4,1.015,90,SVC,2022-01-03,1,0,0.0476410159453579
ITUB4,1.015,90,RNA,2022-01-04,1,1,0.0357628155006652
ITUB4,1.015,90,Random Forest,2022-01-04,1,1,0.0357628155006652
ITUB4,1.015,90,SVC,2022-01-04,1,0,0.0357628155006652
ITUB4,1.015,90,RNA,2022-01-05,1,0,0.0790203321696605
ITUB4,1.015,90,Random Forest,2022-01-05,1,1,0.0790203321696605
ITUB4,1.015,90,SVC,2022-01-05,1,1,0.0790203321696605
ITUB4,1.015,90,RNA,2022-01-06,1,0,0.0638297664373066
ITUB4,1.015,90,Random Forest,2022-01-06,1,1,0.0638297664373066
ITUB4,1.015,90,SVC,2022-01-06,1,1,0.0638297664373066
ITUB4,1.015,90,RNA,2022-01-07,1,1,0.0553832041285577
ITUB4,1.015,90,Random Forest,2022-01-07,1,1,0.0553832041285577
ITUB4,1.015,90,SVC,2022-01-07,1,1,0.0553832041285577
ITUB4,1.015,90,RNA,2022-01-10,1,1,0.0465115934802304
ITUB4,1.015,90,Random Forest,2022-01-10,1,1,0.0465115934802304
ITUB4,1.015,90,SVC,2022-01-10,1,1,0.0465115934802304
ITUB4,1.015,90,RNA,2022-01-11,1,1,0.025365427611935
ITUB4,1.015,90,Random Forest,2022-01-11,1,1,0.025365427611935
ITUB4,1.015,90,SVC,2022-01-11,1,1,0.025365427611935
ITUB4,1.015,90,RNA,2022-01-12,1,1,0.0376786879734858
ITUB4,1.015,90,Random Forest,2022-01-12,1,1,0.0376786879734858
ITUB4,1.015,90,SVC,2022-01-12,1,1,0.0376786879734858
ITUB4,1.015,90,RNA,2022-01-13,1,1,0.0216376556504924
ITUB4,1.015,90,Random Forest,2022-01-13,1,1,0.0216376556504924
ITUB4,1.015,90,SVC,2022-01-13,1,1,0.0216376556504924
ITUB4,1.015,90,RNA,2022-01-14,1,1,0.0264279757789476
ITUB4,1.015,90,Random Forest,2022-01-14,1,1,0.0264279757789476
ITUB4,1.015,90,SVC,2022-01-14,1,1,0.0264279757789476
ITUB4,1.015,90,RNA,2022-01-17,1,1,0.0294997666235299
ITUB4,1.015,90,Random Forest,2022-01-17,1,1,0.0294997666235299
ITUB4,1.015,90,SVC,2022-01-17,1,1,0.0294997666235299
ITUB4,1.015,90,RNA,2022-01-18,0,1,-0.0230898283165588
ITUB4,1.015,90,Random Forest,2022-01-18,0,1,-0.0230898283165588
ITUB4,1.015,90,SVC,2022-01-18,0,1,-0.0230898283165588
ITUB4,1.015,90,RNA,2022-01-19,1,0,0.0259133646413598
ITUB4,1.015,90,Random Forest,2022-01-19,1,1,0.0259133646413598
ITUB4,1.015,90,SVC,2022-01-19,1,1,0.0259133646413598
ITUB4,1.015,90,RNA,2022-01-20,1,1,0.0569456819757006
ITUB4,1.015,90,Random Forest,2022-01-20,1,1,0.0569456819757006
ITUB4,1.015,90,SVC,2022-01-20,1,1,0.0569456819757006
ITUB4,1.015,90,RNA,2022-01-21,1,1,0.0672376933559397
ITUB4,1.015,90,Random Forest,2022-01-21,1,1,0.0672376933559397
ITUB4,1.015,90,SVC,2022-01-21,1,1,0.0672376933559397
ITUB4,1.015,90,RNA,2022-01-24,1,1,0.0806591279141182
ITUB4,1.015,90,Random Forest,2022-01-24,1,1,0.0806591279141182
ITUB4,1.015,90,SVC,2022-01-24,1,1,0.0806591279141182
ITUB4,1.015,90,RNA,2022-01-25,1,1,0.0484997812699279
ITUB4,1.015,90,Random Forest,2022-01-25,1,1,0.0484997812699279
ITUB4,1.015,90,SVC,2022-01-25,1,1,0.0484997812699279
ITUB4,1.015,90,RNA,2022-01-26,1,1,0.049731276264443
ITUB4,1.015,90,Random Forest,2022-01-26,1,1,0.049731276264443
ITUB4,1.015,90,SVC,2022-01-26,1,1,0.049731276264443
ITUB4,1.015,90,RNA,2022-01-27,1,1,0.064069473566501
ITUB4,1.015,90,Random Forest,2022-01-27,1,0,0.064069473566501
ITUB4,1.015,90,SVC,2022-01-27,1,1,0.064069473566501
ITUB4,1.015,90,RNA,2022-01-28,1,1,0.0420721099886232
ITUB4,1.015,90,Random Forest,2022-01-28,1,1,0.0420721099886232
ITUB4,1.015,90,SVC,2022-01-28,1,1,0.0420721099886232
ITUB4,1.015,90,RNA,2022-01-31,1,1,0.0185844547715112
ITUB4,1.015,90,Random Forest,2022-01-31,1,1,0.0185844547715112
ITUB4,1.015,90,SVC,2022-01-31,1,1,0.0185844547715112
ITUB4,1.015,90,RNA,2022-02-01,0,1,-0.0058892889288928
ITUB4,1.015,90,Random Forest,2022-02-01,0,1,-0.0058892889288928
ITUB4,1.015,90,SVC,2022-02-01,0,1,-0.0058892889288928
ITUB4,1.015,90,RNA,2022-02-02,1,1,0.0222222281681947
ITUB4,1.015,90,Random Forest,2022-02-02,1,1,0.0222222281681947
ITUB4,1.015,90,SVC,2022-02-02,1,1,0.0222222281681947
ITUB4,1.015,90,RNA,2022-02-03,1,1,0.0206022553640792
ITUB4,1.015,90,Random Forest,2022-02-03,1,1,0.0206022553640792
ITUB4,1.015,90,SVC,2022-02-03,1,1,0.0206022553640792
ITUB4,1.015,90,RNA,2022-02-04,0,1,-0.015717111492743
ITUB4,1.015,90,Random Forest,2022-02-04,0,1,-0.015717111492743
ITUB4,1.015,90,SVC,2022-02-04,0,1,-0.015717111492743
ITUB4,1.015,90,RNA,2022-02-07,1,1,0.0680379628667453
ITUB4,1.015,90,Random Forest,2022-02-07,1,1,0.0680379628667453
ITUB4,1.015,90,SVC,2022-02-07,1,1,0.0680379628667453
ITUB4,1.015,90,RNA,2022-02-08,1,1,0.0821643226999038
ITUB4,1.015,90,Random Forest,2022-02-08,1,1,0.0821643226999038
ITUB4,1.015,90,SVC,2022-02-08,1,1,0.0821643226999038
ITUB4,1.015,90,RNA,2022-02-09,1,1,0.0997963502340921
ITUB4,1.015,90,Random Forest,2022-02-09,1,1,0.0997963502340921
ITUB4,1.015,90,SVC,2022-02-09,1,1,0.0997963502340921
ITUB4,1.015,90,RNA,2022-02-10,1,1,0.024667910809637
ITUB4,1.015,90,Random Forest,2022-02-10,1,1,0.024667910809637
ITUB4,1.015,90,SVC,2022-02-10,1,1,0.024667910809637
ITUB4,1.015,90,RNA,2022-02-11,0,1,-0.0199247764467103
ITUB4,1.015,90,Random Forest,2022-02-11,0,1,-0.0199247764467103
ITUB4,1.015,90,SVC,2022-02-11,0,1,-0.0199247764467103
ITUB4,1.015,90,RNA,2022-02-14,0,1,-0.0235074318756265
ITUB4,1.015,90,Random Forest,2022-02-14,0,1,-0.0235074318756265
ITUB4,1.015,90,SVC,2022-02-14,0,1,-0.0235074318756265
ITUB4,1.015,90,RNA,2022-02-15,0,1,-0.0466766308714334
ITUB4,1.015,90,Random Forest,2022-02-15,0,1,-0.0466766308714334
ITUB4,1.015,90,SVC,2022-02-15,0,1,-0.0466766308714334
ITUB4,1.015,90,RNA,2022-02-16,0,1,-0.0240991402402619
ITUB4,1.015,90,Random Forest,2022-02-16,0,1,-0.0240991402402619
ITUB4,1.015,90,SVC,2022-02-16,0,1,-0.0240991402402619
ITUB4,1.015,90,RNA,2022-02-17,0,1,-0.0311369219655965
ITUB4,1.015,90,Random Forest,2022-02-17,0,1,-0.0311369219655965
ITUB4,1.015,90,SVC,2022-02-17,0,1,-0.0311369219655965
ITUB4,1.015,90,RNA,2022-02-18,0,1,-0.0479084674639354
ITUB4,1.015,90,Random Forest,2022-02-18,0,1,-0.0479084674639354
ITUB4,1.015,90,SVC,2022-02-18,0,1,-0.0479084674639354
ITUB4,1.015,90,RNA,2022-02-21,1,1,0.0151456289742522
ITUB4,1.015,90,Random Forest,2022-02-21,1,1,0.0151456289742522
ITUB4,1.015,90,SVC,2022-02-21,1,1,0.0151456289742522
ITUB4,1.015,90,RNA,2022-02-22,0,0,-0.0280419803855617
ITUB4,1.015,90,Random Forest,2022-02-22,0,1,-0.0280419803855617
ITUB4,1.015,90,SVC,2022-02-22,0,1,-0.0280419803855617
ITUB4,1.015,90,RNA,2022-02-23,1,1,0.0451687520653039
ITUB4,1.015,90,Random Forest,2022-02-23,1,1,0.0451687520653039
ITUB4,1.015,90,SVC,2022-02-23,1,1,0.0451687520653039
ITUB4,1.015,90,RNA,2022-02-24,1,1,0.0401256799484976
ITUB4,1.015,90,Random Forest,2022-02-24,1,1,0.0401256799484976
ITUB4,1.015,90,SVC,2022-02-24,1,1,0.0401256799484976
ITUB4,1.015,90,RNA,2022-02-25,1,1,0.0270162697164091
ITUB4,1.015,90,Random Forest,2022-02-25,1,1,0.0270162697164091
ITUB4,1.015,90,SVC,2022-02-25,1,1,0.0270162697164091
ITUB4,1.015,90,RNA,2022-03-02,1,1,0.0323482470863125
ITUB4,1.015,90,Random Forest,2022-03-02,1,1,0.0323482470863125
ITUB4,1.015,90,SVC,2022-03-02,1,1,0.0323482470863125
ITUB4,1.015,90,RNA,2022-03-03,0,1,0.0011966216512069
ITUB4,1.015,90,Random Forest,2022-03-03,0,1,0.0011966216512069
ITUB4,1.015,90,SVC,2022-03-03,0,1,0.0011966216512069
ITUB4,1.015,90,RNA,2022-03-04,1,1,0.0428512824656532
ITUB4,1.015,90,Random Forest,2022-03-04,1,0,0.0428512824656532
ITUB4,1.015,90,SVC,2022-03-04,1,1,0.0428512824656532
ITUB4,1.015,90,RNA,2022-03-07,1,0,0.0561287825794227
ITUB4,1.015,90,Random Forest,2022-03-07,1,1,0.0561287825794227
ITUB4,1.015,90,SVC,2022-03-07,1,1,0.0561287825794227
ITUB4,1.015,90,RNA,2022-03-08,1,1,0.0570012551511909
ITUB4,1.015,90,Random Forest,2022-03-08,1,1,0.0570012551511909
ITUB4,1.015,90,SVC,2022-03-08,1,1,0.0570012551511909
ITUB4,1.015,90,RNA,2022-03-09,1,1,0.0343573189920463
ITUB4,1.015,90,Random Forest,2022-03-09,1,1,0.0343573189920463
ITUB4,1.015,90,SVC,2022-03-09,1,1,0.0343573189920463
ITUB4,1.015,90,RNA,2022-03-10,1,0,0.0170432169460359
ITUB4,1.015,90,Random Forest,2022-03-10,1,1,0.0170432169460359
ITUB4,1.015,90,SVC,2022-03-10,1,1,0.0170432169460359
ITUB4,1.015,90,RNA,2022-03-11,1,1,0.0467625841187866
ITUB4,1.015,90,Random Forest,2022-03-11,1,1,0.0467625841187866
ITUB4,1.015,90,SVC,2022-03-11,1,1,0.0467625841187866
ITUB4,1.015,90,RNA,2022-03-14,1,0,0.0593388926517088
ITUB4,1.015,90,Random Forest,2022-03-14,1,1,0.0593388926517088
ITUB4,1.015,90,SVC,2022-03-14,1,1,0.0593388926517088
ITUB4,1.015,90,RNA,2022-03-15,1,0,0.0686390571528654
ITUB4,1.015,90,Random Forest,2022-03-15,1,1,0.0686390571528654
ITUB4,1.015,90,SVC,2022-03-15,1,1,0.0686390571528654
ITUB4,1.015,90,RNA,2022-03-16,1,1,0.0737129205725104
ITUB4,1.015,90,Random Forest,2022-03-16,1,1,0.0737129205725104
ITUB4,1.015,90,SVC,2022-03-16,1,1,0.0737129205725104
ITUB4,1.015,90,RNA,2022-03-17,1,1,0.0594097715633445
ITUB4,1.015,90,Random Forest,2022-03-17,1,1,0.0594097715633445
ITUB4,1.015,90,SVC,2022-03-17,1,1,0.0594097715633445
ITUB4,1.015,90,RNA,2022-03-18,1,1,0.0487897032316011
ITUB4,1.015,90,Random Forest,2022-03-18,1,1,0.0487897032316011
ITUB4,1.015,90,SVC,2022-03-18,1,1,0.0487897032316011
ITUB4,1.015,90,RNA,2022-03-21,1,1,0.0194853053684405
ITUB4,1.015,90,Random Forest,2022-03-21,1,0,0.0194853053684405
ITUB4,1.015,90,SVC,2022-03-21,1,1,0.0194853053684405
ITUB4,1.015,90,RNA,2022-03-22,0,1,0.0021905789418816
ITUB4,1.015,90,Random Forest,2022-03-22,0,0,0.0021905789418816
ITUB4,1.015,90,SVC,2022-03-22,0,1,0.0021905789418816
ITUB4,1.015,90,RNA,2022-03-23,1,1,0.027442376051892
ITUB4,1.015,90,Random Forest,2022-03-23,1,0,0.027442376051892
ITUB4,1.015,90,SVC,2022-03-23,1,1,0.027442376051892
ITUB4,1.015,90,RNA,2022-03-24,1,1,0.0203488222705303
ITUB4,1.015,90,Random Forest,2022-03-24,1,0,0.0203488222705303
ITUB4,1.015,90,SVC,2022-03-24,1,1,0.0203488222705303
ITUB4,1.015,90,RNA,2022-03-25,1,0,0.0196078287529255
ITUB4,1.015,90,Random Forest,2022-03-25,1,1,0.0196078287529255
ITUB4,1.015,90,SVC,2022-03-25,1,1,0.0196078287529255
ITUB4,1.015,90,RNA,2022-03-28,0,1,-0.0054964919587053
ITUB4,1.015,90,Random Forest,2022-03-28,0,1,-0.0054964919587053
ITUB4,1.015,90,SVC,2022-03-28,0,1,-0.0054964919587053
ITUB4,1.015,90,RNA,2022-03-29,0,0,-0.0191260467010287
ITUB4,1.015,90,Random Forest,2022-03-29,0,1,-0.0191260467010287
ITUB4,1.015,90,SVC,2022-03-29,0,1,-0.0191260467010287
ITUB4,1.015,90,RNA,2022-03-30,0,1,-0.0402733956983835
ITUB4,1.015,90,Random Forest,2022-03-30,0,1,-0.0402733956983835
ITUB4,1.015,90,SVC,2022-03-30,0,1,-0.0402733956983835
ITUB4,1.015,90,RNA,2022-03-31,0,1,-0.035018065908836
ITUB4,1.015,90,Random Forest,2022-03-31,0,0,-0.035018065908836
ITUB4,1.015,90,SVC,2022-03-31,0,1,-0.035018065908836
ITUB4,1.015,90,RNA,2022-04-01,0,0,-0.0269581373545115
ITUB4,1.015,90,Random Forest,2022-04-01,0,0,-0.0269581373545115
ITUB4,1.015,90,SVC,2022-04-01,0,1,-0.0269581373545115
ITUB4,1.015,90,RNA,2022-04-04,0,0,-0.020932810595951
ITUB4,1.015,90,Random Forest,2022-04-04,0,0,-0.020932810595951
ITUB4,1.015,90,SVC,2022-04-04,0,0,-0.020932810595951
ITUB4,1.015,90,RNA,2022-04-05,0,0,-0.0003763504021335
ITUB4,1.015,90,Random Forest,2022-04-05,0,0,-0.0003763504021335
ITUB4,1.015,90,SVC,2022-04-05,0,1,-0.0003763504021335
ITUB4,1.015,90,RNA,2022-04-06,0,0,-0.0158431009522819
ITUB4,1.015,90,Random Forest,2022-04-06,0,0,-0.0158431009522819
ITUB4,1.015,90,SVC,2022-04-06,0,1,-0.0158431009522819
ITUB4,1.015,90,RNA,2022-04-07,0,0,-0.0150602412691489
ITUB4,1.015,90,Random Forest,2022-04-07,0,0,-0.0150602412691489
ITUB4,1.015,90,SVC,2022-04-07,0,1,-0.0150602412691489
ITUB4,1.015,90,RNA,2022-04-08,0,0,-0.0101503546906058
ITUB4,1.015,90,Random Forest,2022-04-08,0,0,-0.0101503546906058
ITUB4,1.015,90,SVC,2022-04-08,0,1,-0.0101503546906058
ITUB4,1.015,90,RNA,2022-04-11,0,1,-0.0119403085524354
ITUB4,1.015,90,Random Forest,2022-04-11,0,0,-0.0119403085524354
ITUB4,1.015,90,SVC,2022-04-11,0,1,-0.0119403085524354
ITUB4,1.015,90,RNA,2022-04-12,0,1,-0.0102739512031623
ITUB4,1.015,90,Random Forest,2022-04-12,0,0,-0.0102739512031623
ITUB4,1.015,90,SVC,2022-04-12,0,1,-0.0102739512031623
ITUB4,1.015,90,RNA,2022-04-13,1,1,0.0207134714159142
ITUB4,1.015,90,Random Forest,2022-04-13,1,0,0.0207134714159142
ITUB4,1.015,90,SVC,2022-04-13,1,1,0.0207134714159142
ITUB4,1.015,90,RNA,2022-04-14,0,0,-0.0217225270188895
ITUB4,1.015,90,Random Forest,2022-04-14,0,0,-0.0217225270188895
ITUB4,1.015,90,SVC,2022-04-14,0,1,-0.0217225270188895
ITUB4,1.015,90,RNA,2022-04-18,0,1,-0.0358220153171914
ITUB4,1.015,90,Random Forest,2022-04-18,0,0,-0.0358220153171914
ITUB4,1.015,90,SVC,2022-04-18,0,1,-0.0358220153171914
ITUB4,1.015,90,RNA,2022-04-19,0,1,-0.0507301934568943
ITUB4,1.015,90,Random Forest,2022-04-19,0,0,-0.0507301934568943
ITUB4,1.015,90,SVC,2022-04-19,0,0,-0.0507301934568943
ITUB4,1.015,90,RNA,2022-04-20,0,1,-0.0540540287712879
ITUB4,1.015,90,Random Forest,2022-04-20,0,0,-0.0540540287712879
ITUB4,1.015,90,SVC,2022-04-20,0,1,-0.0540540287712879
ITUB4,1.015,90,RNA,2022-04-22,0,0,-0.0470588241504158
ITUB4,1.015,90,Random Forest,2022-04-22,0,0,-0.0470588241504158
ITUB4,1.015,90,SVC,2022-04-22,0,1,-0.0470588241504158
ITUB4,1.015,90,RNA,2022-04-25,0,1,-0.0550277017137272
ITUB4,1.015,90,Random Forest,2022-04-25,0,0,-0.0550277017137272
ITUB4,1.015,90,SVC,2022-04-25,0,1,-0.0550277017137272
ITUB4,1.015,90,RNA,2022-04-26,0,1,-0.0489169900846493
ITUB4,1.015,90,Random Forest,2022-04-26,0,0,-0.0489169900846493
ITUB4,1.015,90,SVC,2022-04-26,0,1,-0.0489169900846493
ITUB4,1.015,90,RNA,2022-04-27,1,1,0.017951850918052
ITUB4,1.015,90,Random Forest,2022-04-27,1,1,0.017951850918052
ITUB4,1.015,90,SVC,2022-04-27,1,1,0.017951850918052
ITUB4,1.015,90,RNA,2022-04-28,1,0,0.0200327360666732
ITUB4,1.015,90,Random Forest,2022-04-28,1,1,0.0200327360666732
ITUB4,1.015,90,SVC,2022-04-28,1,1,0.0200327360666732
ITUB4,1.015,90,RNA,2022-04-29,0,1,-0.0242982478976204
ITUB4,1.015,90,Random Forest,2022-04-29,0,1,-0.0242982478976204
ITUB4,1.015,90,SVC,2022-04-29,0,1,-0.0242982478976204
ITUB4,1.015,90,RNA,2022-05-02,1,1,0.0176470412044791
ITUB4,1.015,90,Random Forest,2022-05-02,1,1,0.0176470412044791
ITUB4,1.015,90,SVC,2022-05-02,1,1,0.0176470412044791
ITUB4,1.015,90,RNA,2022-05-03,1,1,0.0193602472503271
ITUB4,1.015,90,Random Forest,2022-05-03,1,1,0.0193602472503271
ITUB4,1.015,90,SVC,2022-05-03,1,1,0.0193602472503271
ITUB4,1.015,90,RNA,2022-05-04,1,1,0.0267062045527981
ITUB4,1.015,90,Random Forest,2022-05-04,1,1,0.0267062045527981
ITUB4,1.015,90,SVC,2022-05-04,1,1,0.0267062045527981
ITUB4,1.015,90,RNA,2022-05-05,1,1,0.0403779885571777
ITUB4,1.015,90,Random Forest,2022-05-05,1,1,0.0403779885571777
ITUB4,1.015,90,SVC,2022-05-05,1,1,0.0403779885571777
ITUB4,1.015,90,RNA,2022-05-06,1,1,0.0391744157072504
ITUB4,1.015,90,Random Forest,2022-05-06,1,1,0.0391744157072504
ITUB4,1.015,90,SVC,2022-05-06,1,1,0.0391744157072504
ITUB4,1.015,90,RNA,2022-05-09,1,1,0.0563798031783684
ITUB4,1.015,90,Random Forest,2022-05-09,1,1,0.0563798031783684
ITUB4,1.015,90,SVC,2022-05-09,1,1,0.0563798031783684
ITUB4,1.015,90,RNA,2022-05-10,1,1,0.0825492205086841
ITUB4,1.015,90,Random Forest,2022-05-10,1,1,0.0825492205086841
ITUB4,1.015,90,SVC,2022-05-10,1,1,0.0825492205086841
ITUB4,1.015,90,RNA,2022-05-11,1,1,0.0706226484780316
ITUB4,1.015,90,Random Forest,2022-05-11,1,1,0.0706226484780316
ITUB4,1.015,90,SVC,2022-05-11,1,1,0.0706226484780316
ITUB4,1.015,90,RNA,2022-05-12,1,1,0.0376670973056056
ITUB4,1.015,90,Random Forest,2022-05-12,1,1,0.0376670973056056
ITUB4,1.015,90,SVC,2022-05-12,1,1,0.0376670973056056
ITUB4,1.015,90,RNA,2022-05-13,1,1,0.0309859022282708
ITUB4,1.015,90,Random Forest,2022-05-13,1,1,0.0309859022282708
ITUB4,1.015,90,SVC,2022-05-13,1,1,0.0309859022282708
ITUB4,1.015,90,RNA,2022-05-16,0,1,-0.009069416839149
ITUB4,1.015,90,Random Forest,2022-05-16,0,1,-0.009069416839149
ITUB4,1.015,90,SVC,2022-05-16,0,1,-0.009069416839149
ITUB4,1.015,90,RNA,2022-05-17,1,1,0.0325655239541964
ITUB4,1.015,90,Random Forest,2022-05-17,1,1,0.0325655239541964
ITUB4,1.015,90,SVC,2022-05-17,1,1,0.0325655239541964
ITUB4,1.015,90,RNA,2022-05-18,1,1,0.055377198528993
ITUB4,1.015,90,Random Forest,2022-05-18,1,1,0.055377198528993
ITUB4,1.015,90,SVC,2022-05-18,1,1,0.055377198528993
ITUB4,1.015,90,RNA,2022-05-19,1,1,0.0482263808902363
ITUB4,1.015,90,Random Forest,2022-05-19,1,1,0.0482263808902363
ITUB4,1.015,90,SVC,2022-05-19,1,1,0.0482263808902363
ITUB4,1.015,90,RNA,2022-05-20,1,1,0.0399367510682473
ITUB4,1.015,90,Random Forest,2022-05-20,1,1,0.0399367510682473
ITUB4,1.015,90,SVC,2022-05-20,1,1,0.0399367510682473
ITUB4,1.015,90,RNA,2022-05-23,1,1,0.0288162039864163
ITUB4,1.015,90,Random Forest,2022-05-23,1,1,0.0288162039864163
ITUB4,1.015,90,SVC,2022-05-23,1,1,0.0288162039864163
ITUB4,1.015,90,RNA,2022-05-24,0,1,-0.0049904030313762
ITUB4,1.015,90,Random Forest,2022-05-24,0,1,-0.0049904030313762
ITUB4,1.015,90,SVC,2022-05-24,0,1,-0.0049904030313762
ITUB4,1.015,90,RNA,2022-05-25,1,1,0.0275942683981698
ITUB4,1.015,90,Random Forest,2022-05-25,1,1,0.0275942683981698
ITUB4,1.015,90,SVC,2022-05-25,1,1,0.0275942683981698
ITUB4,1.015,90,RNA,2022-05-26,0,1,-0.0100762791903735
ITUB4,1.015,90,Random Forest,2022-05-26,0,1,-0.0100762791903735
ITUB4,1.015,90,SVC,2022-05-26,0,1,-0.0100762791903735
ITUB4,1.015,90,RNA,2022-05-27,0,0,-0.0137995024253322
ITUB4,1.015,90,Random Forest,2022-05-27,0,0,-0.0137995024253322
ITUB4,1.015,90,SVC,2022-05-27,0,1,-0.0137995024253322
ITUB4,1.015,90,RNA,2022-05-30,0,0,-0.0203310780095277
ITUB4,1.015,90,Random Forest,2022-05-30,0,0,-0.0203310780095277
ITUB4,1.015,90,SVC,2022-05-30,0,0,-0.0203310780095277
ITUB4,1.015,90,RNA,2022-05-31,0,0,-0.0277672243527614
ITUB4,1.015,90,Random Forest,2022-05-31,0,0,-0.0277672243527614
ITUB4,1.015,90,SVC,2022-05-31,0,0,-0.0277672243527614
ITUB4,1.015,90,RNA,2022-06-01,0,0,-0.0176786889121048
ITUB4,1.015,90,Random Forest,2022-06-01,0,0,-0.0176786889121048
ITUB4,1.015,90,SVC,2022-06-01,0,0,-0.0176786889121048
ITUB4,1.015,90,RNA,2022-06-02,0,0,-0.026407777815245
ITUB4,1.015,90,Random Forest,2022-06-02,0,0,-0.026407777815245
ITUB4,1.015,90,SVC,2022-06-02,0,0,-0.026407777815245
ITUB4,1.015,90,RNA,2022-06-03,0,0,-0.0468085250204608
ITUB4,1.015,90,Random Forest,2022-06-03,0,0,-0.0468085250204608
ITUB4,1.015,90,SVC,2022-06-03,0,0,-0.0468085250204608
ITUB4,1.015,90,RNA,2022-06-06,0,0,-0.0537888035915916
ITUB4,1.015,90,Random Forest,2022-06-06,0,0,-0.0537888035915916
ITUB4,1.015,90,SVC,2022-06-06,0,0,-0.0537888035915916
ITUB4,1.015,90,RNA,2022-06-07,0,0,-0.0644400406712316
ITUB4,1.015,90,Random Forest,2022-06-07,0,0,-0.0644400406712316
ITUB4,1.015,90,SVC,2022-06-07,0,0,-0.0644400406712316
ITUB4,1.015,90,RNA,2022-06-08,0,0,-0.0562649363477463
ITUB4,1.015,90,Random Forest,2022-06-08,0,0,-0.0562649363477463
ITUB4,1.015,90,SVC,2022-06-08,0,0,-0.0562649363477463
ITUB4,1.015,90,RNA,2022-06-09,0,1,-0.032192312455432
ITUB4,1.015,90,Random Forest,2022-06-09,0,1,-0.032192312455432
ITUB4,1.015,90,SVC,2022-06-09,0,1,-0.032192312455432
ITUB4,1.015,90,RNA,2022-06-10,0,1,-0.0229166936191477
ITUB4,1.015,90,Random Forest,2022-06-10,0,1,-0.0229166936191477
ITUB4,1.015,90,SVC,2022-06-10,0,1,-0.0229166936191477
ITUB4,1.015,90,RNA,2022-06-13,1,1,0.0289672784292056
ITUB4,1.015,90,Random Forest,2022-06-13,1,1,0.0289672784292056
ITUB4,1.015,90,SVC,2022-06-13,1,1,0.0289672784292056
ITUB4,1.015,90,RNA,2022-06-14,1,1,0.0305184092137662
ITUB4,1.015,90,Random Forest,2022-06-14,1,0,0.0305184092137662
ITUB4,1.015,90,SVC,2022-06-14,1,1,0.0305184092137662
ITUB4,1.015,90,RNA,2022-06-15,1,1,0.0561268433615489
ITUB4,1.015,90,Random Forest,2022-06-15,1,1,0.0561268433615489
ITUB4,1.015,90,SVC,2022-06-15,1,1,0.0561268433615489
ITUB4,1.015,90,RNA,2022-06-17,1,1,0.045377459659613
ITUB4,1.015,90,Random Forest,2022-06-17,1,1,0.045377459659613
ITUB4,1.015,90,SVC,2022-06-17,1,1,0.045377459659613
ITUB4,1.015,90,RNA,2022-06-20,0,1,-0.0456026274335767
ITUB4,1.015,90,Random Forest,2022-06-20,0,1,-0.0456026274335767
ITUB4,1.015,90,SVC,2022-06-20,0,1,-0.0456026274335767
ITUB4,1.015,90,RNA,2022-06-21,0,1,-0.0284301836254713
ITUB4,1.015,90,Random Forest,2022-06-21,0,1,-0.0284301836254713
ITUB4,1.015,90,SVC,2022-06-21,0,1,-0.0284301836254713
ITUB4,1.015,90,RNA,2022-06-22,0,0,-0.0307564126464507
ITUB4,1.015,90,Random Forest,2022-06-22,0,1,-0.0307564126464507
ITUB4,1.015,90,SVC,2022-06-22,0,1,-0.0307564126464507
ITUB4,1.015,90,RNA,2022-06-23,0,1,-0.0257492468736639
ITUB4,1.015,90,Random Forest,2022-06-23,0,1,-0.0257492468736639
ITUB4,1.015,90,SVC,2022-06-23,0,1,-0.0257492468736639
ITUB4,1.015,90,RNA,2022-06-24,0,1,-0.0365490852532083
ITUB4,1.015,90,Random Forest,2022-06-24,0,1,-0.0365490852532083
ITUB4,1.015,90,SVC,2022-06-24,0,1,-0.0365490852532083
ITUB4,1.015,90,RNA,2022-06-27,0,1,-0.0363331442232922
ITUB4,1.015,90,Random Forest,2022-06-27,0,0,-0.0363331442232922
ITUB4,1.015,90,SVC,2022-06-27,0,1,-0.0363331442232922
ITUB4,1.015,90,RNA,2022-06-28,0,1,-0.0350386772035582
ITUB4,1.015,90,Random Forest,2022-06-28,0,0,-0.0350386772035582
ITUB4,1.015,90,SVC,2022-06-28,0,0,-0.0350386772035582
ITUB4,1.015,90,RNA,2022-06-29,0,1,-0.0005360591833839
ITUB4,1.015,90,Random Forest,2022-06-29,0,0,-0.0005360591833839
ITUB4,1.015,90,SVC,2022-06-29,0,1,-0.0005360591833839
ITUB4,1.015,90,RNA,2022-06-30,1,1,0.0291218372710995
ITUB4,1.015,90,Random Forest,2022-06-30,1,0,0.0291218372710995
ITUB4,1.015,90,SVC,2022-06-30,1,0,0.0291218372710995
ITUB4,1.015,90,RNA,2022-07-01,1,1,0.0167622727559524
ITUB4,1.015,90,Random Forest,2022-07-01,1,0,0.0167622727559524
ITUB4,1.015,90,SVC,2022-07-01,1,0,0.0167622727559524
ITUB4,1.015,90,RNA,2022-07-04,1,1,0.0337777822878626
ITUB4,1.015,90,Random Forest,2022-07-04,1,0,0.0337777822878626
ITUB4,1.015,90,SVC,2022-07-04,1,1,0.0337777822878626
ITUB4,1.015,90,RNA,2022-07-05,1,1,0.0287483155109851
ITUB4,1.015,90,Random Forest,2022-07-05,1,1,0.0287483155109851
ITUB4,1.015,90,SVC,2022-07-05,1,1,0.0287483155109851
ITUB4,1.015,90,RNA,2022-07-06,1,1,0.0206230933054667
ITUB4,1.015,90,Random Forest,2022-07-06,1,0,0.0206230933054667
ITUB4,1.015,90,SVC,2022-07-06,1,1,0.0206230933054667
ITUB4,1.015,90,RNA,2022-07-07,0,1,-0.0357296566372041
ITUB4,1.015,90,Random Forest,2022-07-07,0,1,-0.0357296566372041
ITUB4,1.015,90,SVC,2022-07-07,0,1,-0.0357296566372041
ITUB4,1.015,90,RNA,2022-07-08,0,1,-0.0194777031141839
ITUB4,1.015,90,Random Forest,2022-07-08,0,0,-0.0194777031141839
ITUB4,1.015,90,SVC,2022-07-08,0,0,-0.0194777031141839
ITUB4,1.015,90,RNA,2022-07-11,0,0,0.0008876944070723
ITUB4,1.015,90,Random Forest,2022-07-11,0,0,0.0008876944070723
ITUB4,1.015,90,SVC,2022-07-11,0,0,0.0008876944070723
ITUB4,1.015,90,RNA,2022-07-12,1,1,0.027703327439519
ITUB4,1.015,90,Random Forest,2022-07-12,1,0,0.027703327439519
ITUB4,1.015,90,SVC,2022-07-12,1,0,0.027703327439519
ITUB4,1.015,90,RNA,2022-07-13,1,1,0.0697569357639433
ITUB4,1.015,90,Random Forest,2022-07-13,1,0,0.0697569357639433
ITUB4,1.015,90,SVC,2022-07-13,1,1,0.0697569357639433
ITUB4,1.015,90,RNA,2022-07-14,1,1,0.0707207336925679
ITUB4,1.015,90,Random Forest,2022-07-14,1,1,0.0707207336925679
ITUB4,1.015,90,SVC,2022-07-14,1,0,0.0707207336925679
ITUB4,1.015,90,RNA,2022-07-15,1,1,0.0480599381722823
ITUB4,1.015,90,Random Forest,2022-07-15,1,1,0.0480599381722823
ITUB4,1.015,90,SVC,2022-07-15,1,1,0.0480599381722823
ITUB4,1.015,90,RNA,2022-07-18,1,1,0.0411738595981889
ITUB4,1.015,90,Random Forest,2022-07-18,1,1,0.0411738595981889
ITUB4,1.015,90,SVC,2022-07-18,1,1,0.0411738595981889
ITUB4,1.015,90,RNA,2022-07-19,0,1,0.004255324256154
ITUB4,1.015,90,Random Forest,2022-07-19,0,1,0.004255324256154
ITUB4,1.015,90,SVC,2022-07-19,0,1,0.004255324256154
ITUB4,1.015,90,RNA,2022-07-20,1,1,0.0266323228257965
ITUB4,1.015,90,Random Forest,2022-07-20,1,1,0.0266323228257965
ITUB4,1.015,90,SVC,2022-07-20,1,1,0.0266323228257965
ITUB4,1.015,90,RNA,2022-07-21,0,1,-0.0021186465998106
ITUB4,1.015,90,Random Forest,2022-07-21,0,1,-0.0021186465998106
ITUB4,1.015,90,SVC,2022-07-21,0,1,-0.0021186465998106
ITUB4,1.015,90,RNA,2022-07-22,1,1,0.0213675471223346
ITUB4,1.015,90,Random Forest,2022-07-22,1,1,0.0213675471223346
ITUB4,1.015,90,SVC,2022-07-22,1,1,0.0213675471223346
ITUB4,1.015,90,RNA,2022-07-25,0,1,-0.0004232140944956
ITUB4,1.015,90,Random Forest,2022-07-25,0,1,-0.0004232140944956
ITUB4,1.015,90,SVC,2022-07-25,0,1,-0.0004232140944956
ITUB4,1.015,90,RNA,2022-07-26,1,1,0.0152413620321876
ITUB4,1.015,90,Random Forest,2022-07-26,1,1,0.0152413620321876
ITUB4,1.015,90,SVC,2022-07-26,1,1,0.0152413620321876
ITUB4,1.015,90,RNA,2022-07-27,1,1,0.0182590566286195
ITUB4,1.015,90,Random Forest,2022-07-27,1,0,0.0182590566286195
ITUB4,1.015,90,SVC,2022-07-27,1,1,0.0182590566286195
ITUB4,1.015,90,RNA,2022-07-28,0,1,0.0070707841604975
ITUB4,1.015,90,Random Forest,2022-07-28,0,0,0.0070707841604975
ITUB4,1.015,90,SVC,2022-07-28,0,1,0.0070707841604975
ITUB4,1.015,90,RNA,2022-07-29,1,1,0.0301886611959589
ITUB4,1.015,90,Random Forest,2022-07-29,1,1,0.0301886611959589
ITUB4,1.015,90,SVC,2022-07-29,1,1,0.0301886611959589
ITUB4,1.015,90,RNA,2022-08-01,1,0,0.0634786543870638
ITUB4,1.015,90,Random Forest,2022-08-01,1,1,0.0634786543870638
ITUB4,1.015,90,SVC,2022-08-01,1,1,0.0634786543870638
ITUB4,1.015,90,RNA,2022-08-02,1,1,0.0670886062330078
ITUB4,1.015,90,Random Forest,2022-08-02,1,1,0.0670886062330078
ITUB4,1.015,90,SVC,2022-08-02,1,1,0.0670886062330078
ITUB4,1.015,90,RNA,2022-08-03,1,1,0.0927234899623232
ITUB4,1.015,90,Random Forest,2022-08-03,1,1,0.0927234899623232
ITUB4,1.015,90,SVC,2022-08-03,1,1,0.0927234899623232
ITUB4,1.015,90,RNA,2022-08-04,1,1,0.0820743380437973
ITUB4,1.015,90,Random Forest,2022-08-04,1,1,0.0820743380437973
ITUB4,1.015,90,SVC,2022-08-04,1,1,0.0820743380437973
ITUB4,1.015,90,RNA,2022-08-05,1,0,0.0677831098024766
ITUB4,1.015,90,Random Forest,2022-08-05,1,1,0.0677831098024766
ITUB4,1.015,90,SVC,2022-08-05,1,1,0.0677831098024766
ITUB4,1.015,90,RNA,2022-08-08,1,0,0.0288018546589094
ITUB4,1.015,90,Random Forest,2022-08-08,1,1,0.0288018546589094
ITUB4,1.015,90,SVC,2022-08-08,1,0,0.0288018546589094
ITUB4,1.015,90,RNA,2022-08-09,1,0,0.0363149885336344
ITUB4,1.015,90,Random Forest,2022-08-09,1,1,0.0363149885336344
ITUB4,1.015,90,SVC,2022-08-09,1,1,0.0363149885336344
ITUB4,1.015,90,RNA,2022-08-10,1,0,0.0270371595578606
ITUB4,1.015,90,Random Forest,2022-08-10,1,0,0.0270371595578606
ITUB4,1.015,90,SVC,2022-08-10,1,0,0.0270371595578606
ITUB4,1.015,90,RNA,2022-08-11,1,1,0.0334712302411992
ITUB4,1.015,90,Random Forest,2022-08-11,1,0,0.0334712302411992
ITUB4,1.015,90,SVC,2022-08-11,1,0,0.0334712302411992
ITUB4,1.015,90,RNA,2022-08-12,1,0,0.0447988082143453
ITUB4,1.015,90,Random Forest,2022-08-12,1,1,0.0447988082143453
ITUB4,1.015,90,SVC,2022-08-12,1,0,0.0447988082143453
ITUB4,1.015,90,RNA,2022-08-15,1,1,0.0215293180264566
ITUB4,1.015,90,Random Forest,2022-08-15,1,1,0.0215293180264566
ITUB4,1.015,90,SVC,2022-08-15,1,0,0.0215293180264566
ITUB4,1.015,90,RNA,2022-08-16,1,1,0.0162481574987558
ITUB4,1.015,90,Random Forest,2022-08-16,1,1,0.0162481574987558
ITUB4,1.015,90,SVC,2022-08-16,1,1,0.0162481574987558
ITUB4,1.015,90,RNA,2022-08-17,0,0,-0.0244632343440613
ITUB4,1.015,90,Random Forest,2022-08-17,0,1,-0.0244632343440613
ITUB4,1.015,90,SVC,2022-08-17,0,0,-0.0244632343440613
ITUB4,1.015,90,RNA,2022-08-18,0,0,-0.010447767475726
ITUB4,1.015,90,Random Forest,2022-08-18,0,1,-0.010447767475726
ITUB4,1.015,90,SVC,2022-08-18,0,1,-0.010447767475726
ITUB4,1.015,90,RNA,2022-08-19,1,1,0.0178030265522124
ITUB4,1.015,90,Random Forest,2022-08-19,1,1,0.0178030265522124
ITUB4,1.015,90,SVC,2022-08-19,1,1,0.0178030265522124
ITUB4,1.015,90,RNA,2022-08-22,1,0,0.0299810061675065
ITUB4,1.015,90,Random Forest,2022-08-22,1,1,0.0299810061675065
ITUB4,1.015,90,SVC,2022-08-22,1,1,0.0299810061675065
ITUB4,1.015,90,RNA,2022-08-23,1,1,0.0299810061675065
ITUB4,1.015,90,Random Forest,2022-08-23,1,0,0.0299810061675065
ITUB4,1.015,90,SVC,2022-08-23,1,1,0.0299810061675065
ITUB4,1.015,90,RNA,2022-08-24,1,1,0.0199173147191049
ITUB4,1.015,90,Random Forest,2022-08-24,1,0,0.0199173147191049
ITUB4,1.015,90,SVC,2022-08-24,1,1,0.0199173147191049
ITUB4,1.015,90,RNA,2022-08-25,0,1,-0.040520448370624
ITUB4,1.015,90,Random Forest,2022-08-25,0,1,-0.040520448370624
ITUB4,1.015,90,SVC,2022-08-25,0,1,-0.040520448370624
ITUB4,1.015,90,RNA,2022-08-26,0,1,-0.0125122042816372
ITUB4,1.015,90,Random Forest,2022-08-26,0,1,-0.0125122042816372
ITUB4,1.015,90,SVC,2022-08-26,0,1,-0.0125122042816372
ITUB4,1.015,90,RNA,2022-08-29,0,1,-0.0053098970989149
ITUB4,1.015,90,Random Forest,2022-08-29,0,1,-0.0053098970989149
ITUB4,1.015,90,SVC,2022-08-29,0,1,-0.0053098970989149
ITUB4,1.015,90,RNA,2022-08-30,1,0,0.0220794488641768
ITUB4,1.015,90,Random Forest,2022-08-30,1,0,0.0220794488641768
ITUB4,1.015,90,SVC,2022-08-30,1,1,0.0220794488641768
ITUB4,1.015,90,RNA,2022-08-31,1,0,0.0448963798566997
ITUB4,1.015,90,Random Forest,2022-08-31,1,0,0.0448963798566997
ITUB4,1.015,90,SVC,2022-08-31,1,1,0.0448963798566997
ITUB4,1.015,90,RNA,2022-09-01,1,1,0.0333965877061461
ITUB4,1.015,90,Random Forest,2022-09-01,1,1,0.0333965877061461
ITUB4,1.015,90,SVC,2022-09-01,1,1,0.0333965877061461
ITUB4,1.015,90,RNA,2022-09-02,1,0,0.0221471151764578
ITUB4,1.015,90,Random Forest,2022-09-02,1,1,0.0221471151764578
ITUB4,1.015,90,SVC,2022-09-02,1,1,0.0221471151764578
ITUB4,1.015,90,RNA,2022-09-05,1,1,0.0232209403372787
ITUB4,1.015,90,Random Forest,2022-09-05,1,1,0.0232209403372787
ITUB4,1.015,90,SVC,2022-09-05,1,1,0.0232209403372787
ITUB4,1.015,90,RNA,2022-09-06,1,1,0.0156133605786528
ITUB4,1.015,90,Random Forest,2022-09-06,1,1,0.0156133605786528
ITUB4,1.015,90,SVC,2022-09-06,1,1,0.0156133605786528
ITUB4,1.015,90,RNA,2022-09-08,1,1,0.0232209403372787
ITUB4,1.015,90,Random Forest,2022-09-08,1,1,0.0232209403372787
ITUB4,1.015,90,SVC,2022-09-08,1,1,0.0232209403372787
ITUB4,1.015,90,RNA,2022-09-09,0,1,-0.0085185063855031
ITUB4,1.015,90,Random Forest,2022-09-09,0,1,-0.0085185063855031
ITUB4,1.015,90,SVC,2022-09-09,0,1,-0.0085185063855031
ITUB4,1.015,90,RNA,2022-09-12,0,0,-0.0074404655456176
ITUB4,1.015,90,Random Forest,2022-09-12,0,1,-0.0074404655456176
ITUB4,1.015,90,SVC,2022-09-12,0,1,-0.0074404655456176
ITUB4,1.015,90,RNA,2022-09-13,1,0,0.039640979866611
ITUB4,1.015,90,Random Forest,2022-09-13,1,1,0.039640979866611
ITUB4,1.015,90,SVC,2022-09-13,1,1,0.039640979866611
ITUB4,1.015,90,RNA,2022-09-14,1,0,0.0762298055066221
ITUB4,1.015,90,Random Forest,2022-09-14,1,1,0.0762298055066221
ITUB4,1.015,90,SVC,2022-09-14,1,1,0.0762298055066221
ITUB4,1.015,90,RNA,2022-09-15,1,0,0.0781955291287419
ITUB4,1.015,90,Random Forest,2022-09-15,1,1,0.0781955291287419
ITUB4,1.015,90,SVC,2022-09-15,1,1,0.0781955291287419
ITUB4,1.015,90,RNA,2022-09-16,1,0,0.0898158828769895
ITUB4,1.015,90,Random Forest,2022-09-16,1,1,0.0898158828769895
ITUB4,1.015,90,SVC,2022-09-16,1,1,0.0898158828769895
ITUB4,1.015,90,RNA,2022-09-19,1,0,0.0424155154093417
ITUB4,1.015,90,Random Forest,2022-09-19,1,1,0.0424155154093417
ITUB4,1.015,90,SVC,2022-09-19,1,1,0.0424155154093417
ITUB4,1.015,90,RNA,2022-09-20,0,0,-0.0283216839796895
ITUB4,1.015,90,Random Forest,2022-09-20,0,1,-0.0283216839796895
ITUB4,1.015,90,SVC,2022-09-20,0,1,-0.0283216839796895
ITUB4,1.015,90,RNA,2022-09-21,0,1,-0.0370759401198994
ITUB4,1.015,90,Random Forest,2022-09-21,0,1,-0.0370759401198994
ITUB4,1.015,90,SVC,2022-09-21,0,1,-0.0370759401198994
ITUB4,1.015,90,RNA,2022-09-22,0,1,-0.0309859187811997
ITUB4,1.015,90,Random Forest,2022-09-22,0,1,-0.0309859187811997
ITUB4,1.015,90,SVC,2022-09-22,0,1,-0.0309859187811997
ITUB4,1.015,90,RNA,2022-09-23,0,1,-0.0071098370832829
ITUB4,1.015,90,Random Forest,2022-09-23,0,0,-0.0071098370832829
ITUB4,1.015,90,SVC,2022-09-23,0,1,-0.0071098370832829
ITUB4,1.015,90,RNA,2022-09-26,0,1,0.0028591810669964
ITUB4,1.015,90,Random Forest,2022-09-26,0,0,0.0028591810669964
ITUB4,1.015,90,SVC,2022-09-26,0,1,0.0028591810669964
ITUB4,1.015,90,RNA,2022-09-27,1,1,0.0804475099369617
ITUB4,1.015,90,Random Forest,2022-09-27,1,0,0.0804475099369617
ITUB4,1.015,90,SVC,2022-09-27,1,1,0.0804475099369617
ITUB4,1.015,90,RNA,2022-09-28,1,0,0.100838121628203
ITUB4,1.015,90,Random Forest,2022-09-28,1,1,0.100838121628203
ITUB4,1.015,90,SVC,2022-09-28,1,1,0.100838121628203
ITUB4,1.015,90,RNA,2022-09-29,1,0,0.0869835998300745
ITUB4,1.015,90,Random Forest,2022-09-29,1,1,0.0869835998300745
ITUB4,1.015,90,SVC,2022-09-29,1,1,0.0869835998300745
ITUB4,1.015,90,RNA,2022-09-30,1,1,0.0493227056935587
ITUB4,1.015,90,Random Forest,2022-09-30,1,1,0.0493227056935587
ITUB4,1.015,90,SVC,2022-09-30,1,1,0.0493227056935587
ITUB4,1.015,90,RNA,2022-10-03,0,0,-0.0216883899160162
ITUB4,1.015,90,Random Forest,2022-10-03,0,0,-0.0216883899160162
ITUB4,1.015,90,SVC,2022-10-03,0,1,-0.0216883899160162
ITUB4,1.015,90,RNA,2022-10-04,0,0,-0.0287914252056065
ITUB4,1.015,90,Random Forest,2022-10-04,0,0,-0.0287914252056065
ITUB4,1.015,90,SVC,2022-10-04,0,1,-0.0287914252056065
ITUB4,1.015,90,RNA,2022-10-05,0,0,-0.0364548274555773
ITUB4,1.015,90,Random Forest,2022-10-05,0,0,-0.0364548274555773
ITUB4,1.015,90,SVC,2022-10-05,0,1,-0.0364548274555773
ITUB4,1.015,90,RNA,2022-10-06,0,0,-0.0191780647837552
ITUB4,1.015,90,Random Forest,2022-10-06,0,0,-0.0191780647837552
ITUB4,1.015,90,SVC,2022-10-06,0,1,-0.0191780647837552
ITUB4,1.015,90,RNA,2022-10-07,0,1,-0.0281546882763017
ITUB4,1.015,90,Random Forest,2022-10-07,0,0,-0.0281546882763017
ITUB4,1.015,90,SVC,2022-10-07,0,1,-0.0281546882763017
ITUB4,1.015,90,RNA,2022-10-10,0,0,-0.0006920638001016
ITUB4,1.015,90,Random Forest,2022-10-10,0,0,-0.0006920638001016
ITUB4,1.015,90,SVC,2022-10-10,0,0,-0.0006920638001016
ITUB4,1.015,90,RNA,2022-10-11,1,1,0.0382456374808437
ITUB4,1.015,90,Random Forest,2022-10-11,1,0,0.0382456374808437
ITUB4,1.015,90,SVC,2022-10-11,1,0,0.0382456374808437
ITUB4,1.015,90,RNA,2022-10-13,1,0,0.0351304604197713
ITUB4,1.015,90,Random Forest,2022-10-13,1,0,0.0351304604197713
ITUB4,1.015,90,SVC,2022-10-13,1,0,0.0351304604197713
ITUB4,1.015,90,RNA,2022-10-14,1,0,0.0452660595772733
ITUB4,1.015,90,Random Forest,2022-10-14,1,0,0.0452660595772733
ITUB4,1.015,90,SVC,2022-10-14,1,0,0.0452660595772733
ITUB4,1.015,90,RNA,2022-10-17,1,1,0.0675767969956944
ITUB4,1.015,90,Random Forest,2022-10-17,1,0,0.0675767969956944
ITUB4,1.015,90,SVC,2022-10-17,1,0,0.0675767969956944
ITUB4,1.015,90,RNA,2022-10-18,1,1,0.0581867288869737
ITUB4,1.015,90,Random Forest,2022-10-18,1,1,0.0581867288869737
ITUB4,1.015,90,SVC,2022-10-18,1,0,0.0581867288869737
ITUB4,1.015,90,RNA,2022-10-19,1,0,0.0496644276200199
ITUB4,1.015,90,Random Forest,2022-10-19,1,0,0.0496644276200199
ITUB4,1.015,90,SVC,2022-10-19,1,0,0.0496644276200199
ITUB4,1.015,90,RNA,2022-10-20,1,1,0.0451052363415873
ITUB4,1.015,90,Random Forest,2022-10-20,1,0,0.0451052363415873
ITUB4,1.015,90,SVC,2022-10-20,1,1,0.0451052363415873
ITUB4,1.015,90,RNA,2022-10-21,0,1,-0.0486854687298442
ITUB4,1.015,90,Random Forest,2022-10-21,0,0,-0.0486854687298442
ITUB4,1.015,90,SVC,2022-10-21,0,1,-0.0486854687298442
ITUB4,1.015,90,RNA,2022-10-24,0,1,-0.0037099348777994
ITUB4,1.015,90,Random Forest,2022-10-24,0,0,-0.0037099348777994
ITUB4,1.015,90,SVC,2022-10-24,0,1,-0.0037099348777994
ITUB4,1.015,90,RNA,2022-10-25,1,1,0.0541379386771145
ITUB4,1.015,90,Random Forest,2022-10-25,1,0,0.0541379386771145
ITUB4,1.015,90,SVC,2022-10-25,1,1,0.0541379386771145
ITUB4,1.015,90,RNA,2022-10-26,1,1,0.0755131899057708
ITUB4,1.015,90,Random Forest,2022-10-26,1,1,0.0755131899057708
ITUB4,1.015,90,SVC,2022-10-26,1,1,0.0755131899057708
ITUB4,1.015,90,RNA,2022-10-27,1,1,0.0718312142974715
ITUB4,1.015,90,Random Forest,2022-10-27,1,1,0.0718312142974715
ITUB4,1.015,90,SVC,2022-10-27,1,1,0.0718312142974715
ITUB4,1.015,90,RNA,2022-10-28,1,1,0.0795927558282927
ITUB4,1.015,90,Random Forest,2022-10-28,1,0,0.0795927558282927
ITUB4,1.015,90,SVC,2022-10-28,1,1,0.0795927558282927
ITUB4,1.015,90,RNA,2022-10-31,0,1,-0.0432257963905406
ITUB4,1.015,90,Random Forest,2022-10-31,0,1,-0.0432257963905406
ITUB4,1.015,90,SVC,2022-10-31,0,1,-0.0432257963905406
ITUB4,1.015,90,RNA,2022-11-01,1,0,0.0309999840621133
ITUB4,1.015,90,Random Forest,2022-11-01,1,0,0.0309999840621133
ITUB4,1.015,90,SVC,2022-11-01,1,1,0.0309999840621133
ITUB4,1.015,90,RNA,2022-11-03,0,0,-0.0827631366627924
ITUB4,1.015,90,Random Forest,2022-11-03,0,0,-0.0827631366627924
ITUB4,1.015,90,SVC,2022-11-03,0,0,-0.0827631366627924
ITUB4,1.015,90,RNA,2022-11-04,0,0,-0.0814765459901348
ITUB4,1.015,90,Random Forest,2022-11-04,0,1,-0.0814765459901348
ITUB4,1.015,90,SVC,2022-11-04,0,1,-0.0814765459901348
ITUB4,1.015,90,RNA,2022-11-07,0,1,-0.0923599290187667
ITUB4,1.015,90,Random Forest,2022-11-07,0,1,-0.0923599290187667
ITUB4,1.015,90,SVC,2022-11-07,0,1,-0.0923599290187667
ITUB4,1.015,90,RNA,2022-11-08,0,0,-0.070132593843848
ITUB4,1.015,90,Random Forest,2022-11-08,0,1,-0.070132593843848
ITUB4,1.015,90,SVC,2022-11-08,0,1,-0.070132593843848
ITUB4,1.015,90,RNA,2022-11-09,1,1,0.0307017512011433
ITUB4,1.015,90,Random Forest,2022-11-09,1,1,0.0307017512011433
ITUB4,1.015,90,SVC,2022-11-09,1,1,0.0307017512011433
ITUB4,1.015,90,RNA,2022-11-10,0,1,-0.0560714029941342
ITUB4,1.015,90,Random Forest,2022-11-10,0,0,-0.0560714029941342
ITUB4,1.015,90,SVC,2022-11-10,0,0,-0.0560714029941342
ITUB4,1.015,90,RNA,2022-11-11,0,1,-0.0151570733155699
ITUB4,1.015,90,Random Forest,2022-11-11,0,1,-0.0151570733155699
ITUB4,1.015,90,SVC,2022-11-11,0,1,-0.0151570733155699
ITUB4,1.015,90,RNA,2022-11-14,1,1,0.0187617168476548
ITUB4,1.015,90,Random Forest,2022-11-14,1,1,0.0187617168476548
ITUB4,1.015,90,SVC,2022-11-14,1,1,0.0187617168476548
ITUB4,1.015,90,RNA,2022-11-16,1,1,0.0482625506318836
ITUB4,1.015,90,Random Forest,2022-11-16,1,0,0.0482625506318836
ITUB4,1.015,90,SVC,2022-11-16,1,1,0.0482625506318836
ITUB4,1.015,90,RNA,2022-11-17,1,1,0.017234939246947
ITUB4,1.015,90,Random Forest,2022-11-17,1,1,0.017234939246947
ITUB4,1.015,90,SVC,2022-11-17,1,1,0.017234939246947
ITUB4,1.015,90,RNA,2022-11-18,0,0,-0.0022222289808758
ITUB4,1.015,90,Random Forest,2022-11-18,0,1,-0.0022222289808758
ITUB4,1.015,90,SVC,2022-11-18,0,1,-0.0022222289808758
ITUB4,1.015,90,RNA,2022-11-21,0,0,-0.0302238985766061
ITUB4,1.015,90,Random Forest,2022-11-21,0,1,-0.0302238985766061
ITUB4,1.015,90,SVC,2022-11-21,0,1,-0.0302238985766061
ITUB4,1.015,90,RNA,2022-11-22,1,1,0.0402453000445468
ITUB4,1.015,90,Random Forest,2022-11-22,1,0,0.0402453000445468
ITUB4,1.015,90,SVC,2022-11-22,1,1,0.0402453000445468
ITUB4,1.015,90,RNA,2022-11-23,1,0,0.035877888373387
ITUB4,1.015,90,Random Forest,2022-11-23,1,1,0.035877888373387
ITUB4,1.015,90,SVC,2022-11-23,1,1,0.035877888373387
ITUB4,1.015,90,RNA,2022-11-24,0,1,-0.0291262524861783
ITUB4,1.015,90,Random Forest,2022-11-24,0,1,-0.0291262524861783
ITUB4,1.015,90,SVC,2022-11-24,0,1,-0.0291262524861783
ITUB4,1.015,90,RNA,2022-11-25,0,1,-0.0039213686273763
ITUB4,1.015,90,Random Forest,2022-11-25,0,1,-0.0039213686273763
ITUB4,1.015,90,SVC,2022-11-25,0,1,-0.0039213686273763
ITUB4,1.015,90,RNA,2022-11-28,1,0,0.0441702038373874
ITUB4,1.015,90,Random Forest,2022-11-28,1,1,0.0441702038373874
ITUB4,1.015,90,SVC,2022-11-28,1,1,0.0441702038373874
ITUB4,1.015,90,RNA,2022-11-29,1,0,0.0336475443688606
ITUB4,1.015,90,Random Forest,2022-11-29,1,1,0.0336475443688606
ITUB4,1.015,90,SVC,2022-11-29,1,1,0.0336475443688606
ITUB4,1.015,90,RNA,2022-11-30,1,1,0.0406091129200307
ITUB4,1.015,90,Random Forest,2022-11-30,1,1,0.0406091129200307
ITUB4,1.015,90,SVC,2022-11-30,1,1,0.0406091129200307
ITUB4,1.015,90,RNA,2022-12-01,1,1,0.0222478013715869
ITUB4,1.015,90,Random Forest,2022-12-01,1,1,0.0222478013715869
ITUB4,1.015,90,SVC,2022-12-01,1,1,0.0222478013715869
ITUB4,1.015,90,RNA,2022-12-02,0,0,-0.041698555683857
ITUB4,1.015,90,Random Forest,2022-12-02,0,1,-0.041698555683857
ITUB4,1.015,90,SVC,2022-12-02,0,1,-0.041698555683857
ITUB4,1.015,90,RNA,2022-12-05,1,1,0.0237169673948818
ITUB4,1.015,90,Random Forest,2022-12-05,1,0,0.0237169673948818
ITUB4,1.015,90,SVC,2022-12-05,1,1,0.0237169673948818
ITUB4,1.015,90,RNA,2022-12-06,0,1,-0.0626624690407758
ITUB4,1.015,90,Random Forest,2022-12-06,0,0,-0.0626624690407758
ITUB4,1.015,90,SVC,2022-12-06,0,1,-0.0626624690407758
ITUB4,1.015,90,RNA,2022-12-07,0,1,-0.0833728953429828
ITUB4,1.015,90,Random Forest,2022-12-07,0,1,-0.0833728953429828
ITUB4,1.015,90,SVC,2022-12-07,0,1,-0.0833728953429828
ITUB4,1.015,90,RNA,2022-12-08,0,1,-0.0563209383013869
ITUB4,1.015,90,Random Forest,2022-12-08,0,1,-0.0563209383013869
ITUB4,1.015,90,SVC,2022-12-08,0,1,-0.0563209383013869
ITUB4,1.015,90,RNA,2022-12-09,0,1,-0.0370065386586278
ITUB4,1.015,90,Random Forest,2022-12-09,0,0,-0.0370065386586278
ITUB4,1.015,90,SVC,2022-12-09,0,1,-0.0370065386586278
ITUB4,1.015,90,RNA,2022-12-12,0,0,-0.0235051496291431
ITUB4,1.015,90,Random Forest,2022-12-12,0,1,-0.0235051496291431
ITUB4,1.015,90,SVC,2022-12-12,0,1,-0.0235051496291431
ITUB4,1.015,90,RNA,2022-12-13,1,0,0.0685290313984203
ITUB4,1.015,90,Random Forest,2022-12-13,1,0,0.0685290313984203
ITUB4,1.015,90,SVC,2022-12-13,1,1,0.0685290313984203
ITUB4,1.015,90,RNA,2022-12-14,1,1,0.0933159808040602
ITUB4,1.015,90,Random Forest,2022-12-14,1,1,0.0933159808040602
ITUB4,1.015,90,SVC,2022-12-14,1,1,0.0933159808040602
ITUB4,1.015,90,RNA,2022-12-15,1,1,0.0710033986858855
ITUB4,1.015,90,Random Forest,2022-12-15,1,1,0.0710033986858855
ITUB4,1.015,90,SVC,2022-12-15,1,1,0.0710033986858855
ITUB4,1.015,90,RNA,2022-12-16,1,1,0.0588482433466048
ITUB4,1.015,90,Random Forest,2022-12-16,1,1,0.0588482433466048
ITUB4,1.015,90,SVC,2022-12-16,1,1,0.0588482433466048
ITUB4,1.015,90,RNA,2022-12-19,1,1,0.0463304439520844
ITUB4,1.015,90,Random Forest,2022-12-19,1,1,0.0463304439520844
ITUB4,1.015,90,SVC,2022-12-19,1,1,0.0463304439520844
ITUB4,1.015,90,RNA,2022-12-20,1,1,0.031527887130295
ITUB4,1.015,90,Random Forest,2022-12-20,1,0,0.031527887130295
ITUB4,1.015,90,SVC,2022-12-20,1,1,0.031527887130295
ITUB4,1.015,90,RNA,2022-12-21,1,0,0.02944735715086
ITUB4,1.015,90,Random Forest,2022-12-21,1,1,0.02944735715086
ITUB4,1.015,90,SVC,2022-12-21,1,1,0.02944735715086
ITUB4,1.015,90,RNA,2022-12-22,1,1,0.0195764758931438
ITUB4,1.015,90,Random Forest,2022-12-22,1,1,0.0195764758931438
ITUB4,1.015,90,SVC,2022-12-22,1,1,0.0195764758931438
ITUB4,1.015,90,RNA,2022-12-23,1,1,0.0212424929761738
ITUB4,1.015,90,Random Forest,2022-12-23,1,1,0.0212424929761738
ITUB4,1.015,90,SVC,2022-12-23,1,1,0.0212424929761738
ITUB4,1.015,90,RNA,2022-12-26,0,0,
ITUB4,1.015,90,Random Forest,2022-12-26,0,1,
ITUB4,1.015,90,SVC,2022-12-26,0,1,
ITUB4,1.015,90,RNA,2022-12-27,0,1,
ITUB4,1.015,90,Random Forest,2022-12-27,0,1,
ITUB4,1.015,90,SVC,2022-12-27,0,1,
ITUB4,1.015,90,RNA,2022-12-28,0,0,
ITUB4,1.015,90,Random Forest,2022-12-28,0,1,
ITUB4,1.015,90,SVC,2022-12-28,0,1,
ITUB4,1.015,90,RNA,2022-12-29,0,0,
ITUB4,1.015,90,Random Forest,2022-12-29,0,0,
ITUB4,1.015,90,SVC,2022-12-29,0,0,
ITUB4,1.02,60,RNA,2020-04-22,1,1,0.0419240499749904
ITUB4,1.02,60,Random Forest,2020-04-22,1,0,0.0419240499749904
ITUB4,1.02,60,SVC,2020-04-22,1,1,0.0419240499749904
ITUB4,1.02,60,RNA,2020-04-23,1,0,0.1094755606811048
ITUB4,1.02,60,Random Forest,2020-04-23,1,1,0.1094755606811048
ITUB4,1.02,60,SVC,2020-04-23,1,1,0.1094755606811048
ITUB4,1.02,60,RNA,2020-04-24,1,0,0.1197771513340761
ITUB4,1.02,60,Random Forest,2020-04-24,1,1,0.1197771513340761
ITUB4,1.02,60,SVC,2020-04-24,1,1,0.1197771513340761
ITUB4,1.02,60,RNA,2020-04-27,1,1,0.0496083162536329
ITUB4,1.02,60,Random Forest,2020-04-27,1,1,0.0496083162536329
ITUB4,1.02,60,SVC,2020-04-27,1,1,0.0496083162536329
ITUB4,1.02,60,RNA,2020-04-28,0,1,-0.0535429469946082
ITUB4,1.02,60,Random Forest,2020-04-28,0,1,-0.0535429469946082
ITUB4,1.02,60,SVC,2020-04-28,0,1,-0.0535429469946082
ITUB4,1.02,60,RNA,2020-04-29,1,1,0.0352107806956834
ITUB4,1.02,60,Random Forest,2020-04-29,1,1,0.0352107806956834
ITUB4,1.02,60,SVC,2020-04-29,1,1,0.0352107806956834
ITUB4,1.02,60,RNA,2020-04-30,1,1,0.0646924819329424
ITUB4,1.02,60,Random Forest,2020-04-30,1,0,0.0646924819329424
ITUB4,1.02,60,SVC,2020-04-30,1,1,0.0646924819329424
ITUB4,1.02,60,RNA,2020-05-04,1,1,0.0527027143348253
ITUB4,1.02,60,Random Forest,2020-05-04,1,1,0.0527027143348253
ITUB4,1.02,60,SVC,2020-05-04,1,1,0.0527027143348253
ITUB4,1.02,60,RNA,2020-05-05,0,0,-0.0097345087714887
ITUB4,1.02,60,Random Forest,2020-05-05,0,1,-0.0097345087714887
ITUB4,1.02,60,SVC,2020-05-05,0,1,-0.0097345087714887
ITUB4,1.02,60,RNA,2020-05-06,1,1,0.029043803007893
ITUB4,1.02,60,Random Forest,2020-05-06,1,1,0.029043803007893
ITUB4,1.02,60,SVC,2020-05-06,1,1,0.029043803007893
ITUB4,1.02,60,RNA,2020-05-07,1,1,0.0458673921279189
ITUB4,1.02,60,Random Forest,2020-05-07,1,1,0.0458673921279189
ITUB4,1.02,60,SVC,2020-05-07,1,1,0.0458673921279189
ITUB4,1.02,60,RNA,2020-05-08,1,1,0.0387911974836179
ITUB4,1.02,60,Random Forest,2020-05-08,1,1,0.0387911974836179
ITUB4,1.02,60,SVC,2020-05-08,1,1,0.0387911974836179
ITUB4,1.02,60,RNA,2020-05-11,0,1,-0.0390937922864929
ITUB4,1.02,60,Random Forest,2020-05-11,0,1,-0.0390937922864929
ITUB4,1.02,60,SVC,2020-05-11,0,1,-0.0390937922864929
ITUB4,1.02,60,RNA,2020-05-12,1,1,0.0551977969544617
ITUB4,1.02,60,Random Forest,2020-05-12,1,1,0.0551977969544617
ITUB4,1.02,60,SVC,2020-05-12,1,1,0.0551977969544617
ITUB4,1.02,60,RNA,2020-05-13,1,0,0.0764898522257555
ITUB4,1.02,60,Random Forest,2020-05-13,1,1,0.0764898522257555
ITUB4,1.02,60,SVC,2020-05-13,1,1,0.0764898522257555
ITUB4,1.02,60,RNA,2020-05-14,0,1,-0.0400000030063717
ITUB4,1.02,60,Random Forest,2020-05-14,0,1,-0.0400000030063717
ITUB4,1.02,60,SVC,2020-05-14,0,1,-0.0400000030063717
ITUB4,1.02,60,RNA,2020-05-15,1,1,0.021826285052616
ITUB4,1.02,60,Random Forest,2020-05-15,1,1,0.021826285052616
ITUB4,1.02,60,SVC,2020-05-15,1,1,0.021826285052616
ITUB4,1.02,60,RNA,2020-05-18,1,1,0.0318161451531571
ITUB4,1.02,60,Random Forest,2020-05-18,1,1,0.0318161451531571
ITUB4,1.02,60,SVC,2020-05-18,1,1,0.0318161451531571
ITUB4,1.02,60,RNA,2020-05-19,1,1,0.103055194581868
ITUB4,1.02,60,Random Forest,2020-05-19,1,0,0.103055194581868
ITUB4,1.02,60,SVC,2020-05-19,1,1,0.103055194581868
ITUB4,1.02,60,RNA,2020-05-20,1,1,0.1243093961366046
ITUB4,1.02,60,Random Forest,2020-05-20,1,1,0.1243093961366046
ITUB4,1.02,60,SVC,2020-05-20,1,1,0.1243093961366046
ITUB4,1.02,60,RNA,2020-05-21,1,1,0.0805309974223686
ITUB4,1.02,60,Random Forest,2020-05-21,1,1,0.0805309974223686
ITUB4,1.02,60,SVC,2020-05-21,1,1,0.0805309974223686
ITUB4,1.02,60,RNA,2020-05-22,1,1,0.0213300097270932
ITUB4,1.02,60,Random Forest,2020-05-22,1,1,0.0213300097270932
ITUB4,1.02,60,SVC,2020-05-22,1,1,0.0213300097270932
ITUB4,1.02,60,RNA,2020-05-25,0,1,-0.0530209449775563
ITUB4,1.02,60,Random Forest,2020-05-25,0,1,-0.0530209449775563
ITUB4,1.02,60,SVC,2020-05-25,0,1,-0.0530209449775563
ITUB4,1.02,60,RNA,2020-05-26,0,1,0.0014980115454406
ITUB4,1.02,60,Random Forest,2020-05-26,0,1,0.0014980115454406
ITUB4,1.02,60,SVC,2020-05-26,0,1,0.0014980115454406
ITUB4,1.02,60,RNA,2020-05-27,1,1,0.0777557491283429
ITUB4,1.02,60,Random Forest,2020-05-27,1,0,0.0777557491283429
ITUB4,1.02,60,SVC,2020-05-27,1,1,0.0777557491283429
ITUB4,1.02,60,RNA,2020-05-28,1,0,0.1556272357347239
ITUB4,1.02,60,Random Forest,2020-05-28,1,1,0.1556272357347239
ITUB4,1.02,60,SVC,2020-05-28,1,1,0.1556272357347239
ITUB4,1.02,60,RNA,2020-05-29,1,1,0.1752080278273537
ITUB4,1.02,60,Random Forest,2020-05-29,1,1,0.1752080278273537
ITUB4,1.02,60,SVC,2020-05-29,1,1,0.1752080278273537
ITUB4,1.02,60,RNA,2020-06-01,1,1,0.1958333603261217
ITUB4,1.02,60,Random Forest,2020-06-01,1,1,0.1958333603261217
ITUB4,1.02,60,SVC,2020-06-01,1,1,0.1958333603261217
ITUB4,1.02,60,RNA,2020-06-02,1,1,0.091254792676962
ITUB4,1.02,60,Random Forest,2020-06-02,1,1,0.091254792676962
ITUB4,1.02,60,SVC,2020-06-02,1,1,0.091254792676962
ITUB4,1.02,60,RNA,2020-06-03,1,1,0.1136980977753343
ITUB4,1.02,60,Random Forest,2020-06-03,1,1,0.1136980977753343
ITUB4,1.02,60,SVC,2020-06-03,1,1,0.1136980977753343
ITUB4,1.02,60,RNA,2020-06-04,0,1,-0.0557528236253418
ITUB4,1.02,60,Random Forest,2020-06-04,0,1,-0.0557528236253418
ITUB4,1.02,60,SVC,2020-06-04,0,1,-0.0557528236253418
ITUB4,1.02,60,RNA,2020-06-05,1,1,0.0315103223026373
ITUB4,1.02,60,Random Forest,2020-06-05,1,1,0.0315103223026373
ITUB4,1.02,60,SVC,2020-06-05,1,1,0.0315103223026373
ITUB4,1.02,60,RNA,2020-06-08,1,1,0.0243017999946182
ITUB4,1.02,60,Random Forest,2020-06-08,1,0,0.0243017999946182
ITUB4,1.02,60,SVC,2020-06-08,1,1,0.0243017999946182
ITUB4,1.02,60,RNA,2020-06-09,0,1,-0.0686588308598515
ITUB4,1.02,60,Random Forest,2020-06-09,0,0,-0.0686588308598515
ITUB4,1.02,60,SVC,2020-06-09,0,1,-0.0686588308598515
ITUB4,1.02,60,RNA,2020-06-10,1,1,0.0397529584979643
ITUB4,1.02,60,Random Forest,2020-06-10,1,1,0.0397529584979643
ITUB4,1.02,60,SVC,2020-06-10,1,1,0.0397529584979643
ITUB4,1.02,60,RNA,2020-06-12,1,1,0.1119522350129791
ITUB4,1.02,60,Random Forest,2020-06-12,1,1,0.1119522350129791
ITUB4,1.02,60,SVC,2020-06-12,1,1,0.1119522350129791
ITUB4,1.02,60,RNA,2020-06-15,1,1,0.0656603762514884
ITUB4,1.02,60,Random Forest,2020-06-15,1,1,0.0656603762514884
ITUB4,1.02,60,SVC,2020-06-15,1,1,0.0656603762514884
ITUB4,1.02,60,RNA,2020-06-16,1,1,0.0786860193200329
ITUB4,1.02,60,Random Forest,2020-06-16,1,1,0.0786860193200329
ITUB4,1.02,60,SVC,2020-06-16,1,1,0.0786860193200329
ITUB4,1.02,60,RNA,2020-06-17,1,1,0.0656603762514884
ITUB4,1.02,60,Random Forest,2020-06-17,1,1,0.0656603762514884
ITUB4,1.02,60,SVC,2020-06-17,1,1,0.0656603762514884
ITUB4,1.02,60,RNA,2020-06-18,0,1,-0.0804270834185341
ITUB4,1.02,60,Random Forest,2020-06-18,0,1,-0.0804270834185341
ITUB4,1.02,60,SVC,2020-06-18,0,1,-0.0804270834185341
ITUB4,1.02,60,RNA,2020-06-19,0,1,-0.0674036938550665
ITUB4,1.02,60,Random Forest,2020-06-19,0,0,-0.0674036938550665
ITUB4,1.02,60,SVC,2020-06-19,0,1,-0.0674036938550665
ITUB4,1.02,60,RNA,2020-06-22,0,1,-0.0718411269320794
ITUB4,1.02,60,Random Forest,2020-06-22,0,1,-0.0718411269320794
ITUB4,1.02,60,SVC,2020-06-22,0,1,-0.0718411269320794
ITUB4,1.02,60,RNA,2020-06-23,0,0,-0.0115714964483225
ITUB4,1.02,60,Random Forest,2020-06-23,0,0,-0.0115714964483225
ITUB4,1.02,60,SVC,2020-06-23,0,1,-0.0115714964483225
ITUB4,1.02,60,RNA,2020-06-24,0,1,-0.0222820032046704
ITUB4,1.02,60,Random Forest,2020-06-24,0,1,-0.0222820032046704
ITUB4,1.02,60,SVC,2020-06-24,0,1,-0.0222820032046704
ITUB4,1.02,60,RNA,2020-06-25,1,1,0.0315052044712051
ITUB4,1.02,60,Random Forest,2020-06-25,1,1,0.0315052044712051
ITUB4,1.02,60,SVC,2020-06-25,1,0,0.0315052044712051
ITUB4,1.02,60,RNA,2020-06-26,1,1,0.052743593136606
ITUB4,1.02,60,Random Forest,2020-06-26,1,1,0.052743593136606
ITUB4,1.02,60,SVC,2020-06-26,1,1,0.052743593136606
ITUB4,1.02,60,RNA,2020-06-29,1,1,0.0398954633876609
ITUB4,1.02,60,Random Forest,2020-06-29,1,1,0.0398954633876609
ITUB4,1.02,60,SVC,2020-06-29,1,1,0.0398954633876609
ITUB4,1.02,60,RNA,2020-06-30,1,1,0.0878905710078512
ITUB4,1.02,60,Random Forest,2020-06-30,1,1,0.0878905710078512
ITUB4,1.02,60,SVC,2020-06-30,1,1,0.0878905710078512
ITUB4,1.02,60,RNA,2020-07-01,1,1,0.0509433793906513
ITUB4,1.02,60,Random Forest,2020-07-01,1,1,0.0509433793906513
ITUB4,1.02,60,SVC,2020-07-01,1,1,0.0509433793906513
ITUB4,1.02,60,RNA,2020-07-02,1,1,0.0553239855096487
ITUB4,1.02,60,Random Forest,2020-07-02,1,1,0.0553239855096487
ITUB4,1.02,60,SVC,2020-07-02,1,1,0.0553239855096487
ITUB4,1.02,60,RNA,2020-07-03,1,1,0.0269173717505821
ITUB4,1.02,60,Random Forest,2020-07-03,1,0,0.0269173717505821
ITUB4,1.02,60,SVC,2020-07-03,1,1,0.0269173717505821
ITUB4,1.02,60,RNA,2020-07-06,0,1,-0.0083849655823319
ITUB4,1.02,60,Random Forest,2020-07-06,0,1,-0.0083849655823319
ITUB4,1.02,60,SVC,2020-07-06,0,1,-0.0083849655823319
ITUB4,1.02,60,RNA,2020-07-07,1,0,0.0337710737671925
ITUB4,1.02,60,Random Forest,2020-07-07,1,0,0.0337710737671925
ITUB4,1.02,60,SVC,2020-07-07,1,0,0.0337710737671925
ITUB4,1.02,60,RNA,2020-07-08,0,1,0.0085121986239686
ITUB4,1.02,60,Random Forest,2020-07-08,0,1,0.0085121986239686
ITUB4,1.02,60,SVC,2020-07-08,0,1,0.0085121986239686
ITUB4,1.02,60,RNA,2020-07-09,1,1,0.0315398893803837
ITUB4,1.02,60,Random Forest,2020-07-09,1,1,0.0315398893803837
ITUB4,1.02,60,SVC,2020-07-09,1,1,0.0315398893803837
ITUB4,1.02,60,RNA,2020-07-10,0,1,-0.0171220298963773
ITUB4,1.02,60,Random Forest,2020-07-10,0,0,-0.0171220298963773
ITUB4,1.02,60,SVC,2020-07-10,0,1,-0.0171220298963773
ITUB4,1.02,60,RNA,2020-07-13,1,1,0.0392523296035429
ITUB4,1.02,60,Random Forest,2020-07-13,1,1,0.0392523296035429
ITUB4,1.02,60,SVC,2020-07-13,1,1,0.0392523296035429
ITUB4,1.02,60,RNA,2020-07-14,0,1,-0.0087146005574519
ITUB4,1.02,60,Random Forest,2020-07-14,0,1,-0.0087146005574519
ITUB4,1.02,60,SVC,2020-07-14,0,1,-0.0087146005574519
ITUB4,1.02,60,RNA,2020-07-15,1,1,0.0320206492912065
ITUB4,1.02,60,Random Forest,2020-07-15,1,0,0.0320206492912065
ITUB4,1.02,60,SVC,2020-07-15,1,1,0.0320206492912065
ITUB4,1.02,60,RNA,2020-07-16,1,1,0.0343047079898222
ITUB4,1.02,60,Random Forest,2020-07-16,1,0,0.0343047079898222
ITUB4,1.02,60,SVC,2020-07-16,1,1,0.0343047079898222
ITUB4,1.02,60,RNA,2020-07-17,1,1,0.0289908412231794
ITUB4,1.02,60,Random Forest,2020-07-17,1,1,0.0289908412231794
ITUB4,1.02,60,SVC,2020-07-17,1,1,0.0289908412231794
ITUB4,1.02,60,RNA,2020-07-20,0,1,-0.0409420439738995
ITUB4,1.02,60,Random Forest,2020-07-20,0,1,-0.0409420439738995
ITUB4,1.02,60,SVC,2020-07-20,0,1,-0.0409420439738995
ITUB4,1.02,60,RNA,2020-07-21,0,1,-0.0017953001258705
ITUB4,1.02,60,Random Forest,2020-07-21,0,1,-0.0017953001258705
ITUB4,1.02,60,SVC,2020-07-21,0,1,-0.0017953001258705
ITUB4,1.02,60,RNA,2020-07-22,1,1,0.0428043728953482
ITUB4,1.02,60,Random Forest,2020-07-22,1,1,0.0428043728953482
ITUB4,1.02,60,SVC,2020-07-22,1,1,0.0428043728953482
ITUB4,1.02,60,RNA,2020-07-23,1,1,0.0812144174818889
ITUB4,1.02,60,Random Forest,2020-07-23,1,1,0.0812144174818889
ITUB4,1.02,60,SVC,2020-07-23,1,1,0.0812144174818889
ITUB4,1.02,60,RNA,2020-07-24,1,1,0.0698460864603234
ITUB4,1.02,60,Random Forest,2020-07-24,1,1,0.0698460864603234
ITUB4,1.02,60,SVC,2020-07-24,1,1,0.0698460864603234
ITUB4,1.02,60,RNA,2020-07-27,1,1,0.0277778183979766
ITUB4,1.02,60,Random Forest,2020-07-27,1,1,0.0277778183979766
ITUB4,1.02,60,SVC,2020-07-27,1,1,0.0277778183979766
ITUB4,1.02,60,RNA,2020-07-28,0,0,-0.0303648207659938
ITUB4,1.02,60,Random Forest,2020-07-28,0,0,-0.0303648207659938
ITUB4,1.02,60,SVC,2020-07-28,0,1,-0.0303648207659938
ITUB4,1.02,60,RNA,2020-07-29,0,1,-0.0777056818411143
ITUB4,1.02,60,Random Forest,2020-07-29,0,1,-0.0777056818411143
ITUB4,1.02,60,SVC,2020-07-29,0,1,-0.0777056818411143
ITUB4,1.02,60,RNA,2020-07-30,0,1,-0.0807325903076521
ITUB4,1.02,60,Random Forest,2020-07-30,0,1,-0.0807325903076521
ITUB4,1.02,60,SVC,2020-07-30,0,1,-0.0807325903076521
ITUB4,1.02,60,RNA,2020-07-31,1,1,0.0225091816275135
ITUB4,1.02,60,Random Forest,2020-07-31,1,0,0.0225091816275135
ITUB4,1.02,60,SVC,2020-07-31,1,1,0.0225091816275135
ITUB4,1.02,60,RNA,2020-08-03,0,1,-0.029333341050112
ITUB4,1.02,60,Random Forest,2020-08-03,0,1,-0.029333341050112
ITUB4,1.02,60,SVC,2020-08-03,0,1,-0.029333341050112
ITUB4,1.02,60,RNA,2020-08-04,0,1,-0.0130019514191522
ITUB4,1.02,60,Random Forest,2020-08-04,0,1,-0.0130019514191522
ITUB4,1.02,60,SVC,2020-08-04,0,1,-0.0130019514191522
ITUB4,1.02,60,RNA,2020-08-05,1,1,0.0291828894726329
ITUB4,1.02,60,Random Forest,2020-08-05,1,1,0.0291828894726329
ITUB4,1.02,60,SVC,2020-08-05,1,1,0.0291828894726329
ITUB4,1.02,60,RNA,2020-08-06,1,0,0.0319937620696397
ITUB4,1.02,60,Random Forest,2020-08-06,1,1,0.0319937620696397
ITUB4,1.02,60,SVC,2020-08-06,1,1,0.0319937620696397
ITUB4,1.02,60,RNA,2020-08-07,1,1,0.0301724220613508
ITUB4,1.02,60,Random Forest,2020-08-07,1,1,0.0301724220613508
ITUB4,1.02,60,SVC,2020-08-07,1,1,0.0301724220613508
ITUB4,1.02,60,RNA,2020-08-10,0,1,-0.0532159525713544
ITUB4,1.02,60,Random Forest,2020-08-10,0,1,-0.0532159525713544
ITUB4,1.02,60,SVC,2020-08-10,0,1,-0.0532159525713544
ITUB4,1.02,60,RNA,2020-08-11,0,1,-0.0603347770534901
ITUB4,1.02,60,Random Forest,2020-08-11,0,1,-0.0603347770534901
ITUB4,1.02,60,SVC,2020-08-11,0,1,-0.0603347770534901
ITUB4,1.02,60,RNA,2020-08-12,0,1,-0.0458277134218768
ITUB4,1.02,60,Random Forest,2020-08-12,0,0,-0.0458277134218768
ITUB4,1.02,60,SVC,2020-08-12,0,1,-0.0458277134218768
ITUB4,1.02,60,RNA,2020-08-13,1,0,0.0260480446429944
ITUB4,1.02,60,Random Forest,2020-08-13,1,0,0.0260480446429944
ITUB4,1.02,60,SVC,2020-08-13,1,0,0.0260480446429944
ITUB4,1.02,60,RNA,2020-08-14,0,1,-0.0221293053693227
ITUB4,1.02,60,Random Forest,2020-08-14,0,0,-0.0221293053693227
ITUB4,1.02,60,SVC,2020-08-14,0,0,-0.0221293053693227
ITUB4,1.02,60,RNA,2020-08-17,0,1,-0.0219333838774211
ITUB4,1.02,60,Random Forest,2020-08-17,0,0,-0.0219333838774211
ITUB4,1.02,60,SVC,2020-08-17,0,0,-0.0219333838774211
ITUB4,1.02,60,RNA,2020-08-18,1,1,0.0209703957335603
ITUB4,1.02,60,Random Forest,2020-08-18,1,0,0.0209703957335603
ITUB4,1.02,60,SVC,2020-08-18,1,1,0.0209703957335603
ITUB4,1.02,60,RNA,2020-08-19,1,0,0.0476793111604112
ITUB4,1.02,60,Random Forest,2020-08-19,1,1,0.0476793111604112
ITUB4,1.02,60,SVC,2020-08-19,1,1,0.0476793111604112
ITUB4,1.02,60,RNA,2020-08-20,1,1,0.038477640629406
ITUB4,1.02,60,Random Forest,2020-08-20,1,1,0.038477640629406
ITUB4,1.02,60,SVC,2020-08-20,1,1,0.038477640629406
ITUB4,1.02,60,RNA,2020-08-21,1,1,0.0239175171518604
ITUB4,1.02,60,Random Forest,2020-08-21,1,0,0.0239175171518604
ITUB4,1.02,60,SVC,2020-08-21,1,0,0.0239175171518604
ITUB4,1.02,60,RNA,2020-08-24,0,0,-0.0085227676662281
ITUB4,1.02,60,Random Forest,2020-08-24,0,1,-0.0085227676662281
ITUB4,1.02,60,SVC,2020-08-24,0,1,-0.0085227676662281
ITUB4,1.02,60,RNA,2020-08-25,0,1,-0.0308641662964684
ITUB4,1.02,60,Random Forest,2020-08-25,0,1,-0.0308641662964684
ITUB4,1.02,60,SVC,2020-08-25,0,1,-0.0308641662964684
ITUB4,1.02,60,RNA,2020-08-26,1,1,0.0280451867478208
ITUB4,1.02,60,Random Forest,2020-08-26,1,1,0.0280451867478208
ITUB4,1.02,60,SVC,2020-08-26,1,1,0.0280451867478208
ITUB4,1.02,60,RNA,2020-08-27,0,1,0.0002256193041956
ITUB4,1.02,60,Random Forest,2020-08-27,0,0,0.0002256193041956
ITUB4,1.02,60,SVC,2020-08-27,0,1,0.0002256193041956
ITUB4,1.02,60,RNA,2020-08-28,1,0,0.0556993363520099
ITUB4,1.02,60,Random Forest,2020-08-28,1,1,0.0556993363520099
ITUB4,1.02,60,SVC,2020-08-28,1,1,0.0556993363520099
ITUB4,1.02,60,RNA,2020-08-31,1,1,0.0682865540187092
ITUB4,1.02,60,Random Forest,2020-08-31,1,1,0.0682865540187092
ITUB4,1.02,60,SVC,2020-08-31,1,1,0.0682865540187092
ITUB4,1.02,60,RNA,2020-09-01,1,1,0.0472278966949555
ITUB4,1.02,60,Random Forest,2020-09-01,1,1,0.0472278966949555
ITUB4,1.02,60,SVC,2020-09-01,1,1,0.0472278966949555
ITUB4,1.02,60,RNA,2020-09-02,1,1,0.0537189746357746
ITUB4,1.02,60,Random Forest,2020-09-02,1,1,0.0537189746357746
ITUB4,1.02,60,SVC,2020-09-02,1,1,0.0537189746357746
ITUB4,1.02,60,RNA,2020-09-03,0,1,-0.049682071299363
ITUB4,1.02,60,Random Forest,2020-09-03,0,1,-0.049682071299363
ITUB4,1.02,60,SVC,2020-09-03,0,1,-0.049682071299363
ITUB4,1.02,60,RNA,2020-09-04,0,1,-0.0378664667573277
ITUB4,1.02,60,Random Forest,2020-09-04,0,1,-0.0378664667573277
ITUB4,1.02,60,SVC,2020-09-04,0,1,-0.0378664667573277
ITUB4,1.02,60,RNA,2020-09-08,0,1,-0.0223577098086357
ITUB4,1.02,60,Random Forest,2020-09-08,0,1,-0.0223577098086357
ITUB4,1.02,60,SVC,2020-09-08,0,1,-0.0223577098086357
ITUB4,1.02,60,RNA,2020-09-09,0,1,-0.0274590269393506
ITUB4,1.02,60,Random Forest,2020-09-09,0,1,-0.0274590269393506
ITUB4,1.02,60,SVC,2020-09-09,0,1,-0.0274590269393506
ITUB4,1.02,60,RNA,2020-09-10,0,0,-0.0121086080660095
ITUB4,1.02,60,Random Forest,2020-09-10,0,0,-0.0121086080660095
ITUB4,1.02,60,SVC,2020-09-10,0,0,-0.0121086080660095
ITUB4,1.02,60,RNA,2020-09-11,0,1,-0.0042034442091272
ITUB4,1.02,60,Random Forest,2020-09-11,0,1,-0.0042034442091272
ITUB4,1.02,60,SVC,2020-09-11,0,0,-0.0042034442091272
ITUB4,1.02,60,RNA,2020-09-14,0,1,-0.0442697578550813
ITUB4,1.02,60,Random Forest,2020-09-14,0,1,-0.0442697578550813
ITUB4,1.02,60,SVC,2020-09-14,0,0,-0.0442697578550813
ITUB4,1.02,60,RNA,2020-09-15,0,0,-0.0361952793374078
ITUB4,1.02,60,Random Forest,2020-09-15,0,1,-0.0361952793374078
ITUB4,1.02,60,SVC,2020-09-15,0,0,-0.0361952793374078
ITUB4,1.02,60,RNA,2020-09-16,0,1,-0.0170213372515174
ITUB4,1.02,60,Random Forest,2020-09-16,0,0,-0.0170213372515174
ITUB4,1.02,60,SVC,2020-09-16,0,0,-0.0170213372515174
ITUB4,1.02,60,RNA,2020-09-17,0,0,-0.0434042559897153
ITUB4,1.02,60,Random Forest,2020-09-17,0,0,-0.0434042559897153
ITUB4,1.02,60,SVC,2020-09-17,0,1,-0.0434042559897153
ITUB4,1.02,60,RNA,2020-09-18,1,0,0.0259341097752121
ITUB4,1.02,60,Random Forest,2020-09-18,1,0,0.0259341097752121
ITUB4,1.02,60,SVC,2020-09-18,1,1,0.0259341097752121
ITUB4,1.02,60,RNA,2020-09-21,1,1,0.0214442476082039
ITUB4,1.02,60,Random Forest,2020-09-21,1,1,0.0214442476082039
ITUB4,1.02,60,SVC,2020-09-21,1,1,0.0214442476082039
ITUB4,1.02,60,RNA,2020-09-22,1,0,0.0427574347903934
ITUB4,1.02,60,Random Forest,2020-09-22,1,0,0.0427574347903934
ITUB4,1.02,60,SVC,2020-09-22,1,1,0.0427574347903934
ITUB4,1.02,60,RNA,2020-09-23,1,1,0.0622222597945596
ITUB4,1.02,60,Random Forest,2020-09-23,1,1,0.0622222597945596
ITUB4,1.02,60,SVC,2020-09-23,1,1,0.0622222597945596
ITUB4,1.02,60,RNA,2020-09-24,1,1,0.0477860888660908
ITUB4,1.02,60,Random Forest,2020-09-24,1,1,0.0477860888660908
ITUB4,1.02,60,SVC,2020-09-24,1,1,0.0477860888660908
ITUB4,1.02,60,RNA,2020-09-25,1,0,0.0279570454537556
ITUB4,1.02,60,Random Forest,2020-09-25,1,1,0.0279570454537556
ITUB4,1.02,60,SVC,2020-09-25,1,1,0.0279570454537556
ITUB4,1.02,60,RNA,2020-09-28,0,1,-0.0128786631423271
ITUB4,1.02,60,Random Forest,2020-09-28,0,1,-0.0128786631423271
ITUB4,1.02,60,SVC,2020-09-28,0,1,-0.0128786631423271
ITUB4,1.02,60,RNA,2020-09-29,1,1,0.0334616661951561
ITUB4,1.02,60,Random Forest,2020-09-29,1,1,0.0334616661951561
ITUB4,1.02,60,SVC,2020-09-29,1,1,0.0334616661951561
ITUB4,1.02,60,RNA,2020-09-30,1,1,0.0368070339132116
ITUB4,1.02,60,Random Forest,2020-09-30,1,1,0.0368070339132116
ITUB4,1.02,60,SVC,2020-09-30,1,1,0.0368070339132116
ITUB4,1.02,60,RNA,2020-10-01,1,1,0.0456171422342353
ITUB4,1.02,60,Random Forest,2020-10-01,1,1,0.0456171422342353
ITUB4,1.02,60,SVC,2020-10-01,1,1,0.0456171422342353
ITUB4,1.02,60,RNA,2020-10-02,1,1,0.0686619753504143
ITUB4,1.02,60,Random Forest,2020-10-02,1,1,0.0686619753504143
ITUB4,1.02,60,SVC,2020-10-02,1,1,0.0686619753504143
ITUB4,1.02,60,RNA,2020-10-05,1,1,0.0658293744983689
ITUB4,1.02,60,Random Forest,2020-10-05,1,1,0.0658293744983689
ITUB4,1.02,60,SVC,2020-10-05,1,1,0.0658293744983689
ITUB4,1.02,60,RNA,2020-10-06,1,0,0.073266450767367
ITUB4,1.02,60,Random Forest,2020-10-06,1,1,0.073266450767367
ITUB4,1.02,60,SVC,2020-10-06,1,0,0.073266450767367
ITUB4,1.02,60,RNA,2020-10-07,1,1,0.0831865955059465
ITUB4,1.02,60,Random Forest,2020-10-07,1,1,0.0831865955059465
ITUB4,1.02,60,SVC,2020-10-07,1,0,0.0831865955059465
ITUB4,1.02,60,RNA,2020-10-08,1,1,0.0297071430969475
ITUB4,1.02,60,Random Forest,2020-10-08,1,1,0.0297071430969475
ITUB4,1.02,60,SVC,2020-10-08,1,1,0.0297071430969475
ITUB4,1.02,60,RNA,2020-10-09,0,1,-0.0362802404900939
ITUB4,1.02,60,Random Forest,2020-10-09,0,1,-0.0362802404900939
ITUB4,1.02,60,SVC,2020-10-09,0,1,-0.0362802404900939
ITUB4,1.02,60,RNA,2020-10-13,0,0,-0.0221850319809396
ITUB4,1.02,60,Random Forest,2020-10-13,0,1,-0.0221850319809396
ITUB4,1.02,60,SVC,2020-10-13,0,1,-0.0221850319809396
ITUB4,1.02,60,RNA,2020-10-14,1,0,0.0400681808990803
ITUB4,1.02,60,Random Forest,2020-10-14,1,1,0.0400681808990803
ITUB4,1.02,60,SVC,2020-10-14,1,1,0.0400681808990803
ITUB4,1.02,60,RNA,2020-10-15,1,0,0.0653566390432678
ITUB4,1.02,60,Random Forest,2020-10-15,1,1,0.0653566390432678
ITUB4,1.02,60,SVC,2020-10-15,1,0,0.0653566390432678
ITUB4,1.02,60,RNA,2020-10-16,1,0,0.11483876634427
ITUB4,1.02,60,Random Forest,2020-10-16,1,1,0.11483876634427
ITUB4,1.02,60,SVC,2020-10-16,1,1,0.11483876634427
ITUB4,1.02,60,RNA,2020-10-19,1,1,0.118197300318922
ITUB4,1.02,60,Random Forest,2020-10-19,1,1,0.118197300318922
ITUB4,1.02,60,SVC,2020-10-19,1,1,0.118197300318922
ITUB4,1.02,60,RNA,2020-10-20,1,0,0.0840890475106483
ITUB4,1.02,60,Random Forest,2020-10-20,1,1,0.0840890475106483
ITUB4,1.02,60,SVC,2020-10-20,1,0,0.0840890475106483
ITUB4,1.02,60,RNA,2020-10-21,1,0,0.0704110699652349
ITUB4,1.02,60,Random Forest,2020-10-21,1,1,0.0704110699652349
ITUB4,1.02,60,SVC,2020-10-21,1,0,0.0704110699652349
ITUB4,1.02,60,RNA,2020-10-22,0,0,-0.0818532838092425
ITUB4,1.02,60,Random Forest,2020-10-22,0,1,-0.0818532838092425
ITUB4,1.02,60,SVC,2020-10-22,0,1,-0.0818532838092425
ITUB4,1.02,60,RNA,2020-10-23,1,0,0.0343873595312316
ITUB4,1.02,60,Random Forest,2020-10-23,1,0,0.0343873595312316
ITUB4,1.02,60,SVC,2020-10-23,1,0,0.0343873595312316
ITUB4,1.02,60,RNA,2020-10-26,0,1,-0.1003831759877499
ITUB4,1.02,60,Random Forest,2020-10-26,0,1,-0.1003831759877499
ITUB4,1.02,60,SVC,2020-10-26,0,0,-0.1003831759877499
ITUB4,1.02,60,RNA,2020-10-27,0,1,-0.0080259077651153
ITUB4,1.02,60,Random Forest,2020-10-27,0,0,-0.0080259077651153
ITUB4,1.02,60,SVC,2020-10-27,0,0,-0.0080259077651153
ITUB4,1.02,60,RNA,2020-10-28,1,0,0.0923010194563827
ITUB4,1.02,60,Random Forest,2020-10-28,1,1,0.0923010194563827
ITUB4,1.02,60,SVC,2020-10-28,1,1,0.0923010194563827
ITUB4,1.02,60,RNA,2020-10-29,1,1,0.09753006142946
ITUB4,1.02,60,Random Forest,2020-10-29,1,1,0.09753006142946
ITUB4,1.02,60,SVC,2020-10-29,1,1,0.09753006142946
ITUB4,1.02,60,RNA,2020-10-30,1,0,0.0853556306420686
ITUB4,1.02,60,Random Forest,2020-10-30,1,1,0.0853556306420686
ITUB4,1.02,60,SVC,2020-10-30,1,1,0.0853556306420686
ITUB4,1.02,60,RNA,2020-11-03,1,1,0.098823556402056
ITUB4,1.02,60,Random Forest,2020-11-03,1,1,0.098823556402056
ITUB4,1.02,60,SVC,2020-11-03,1,1,0.098823556402056
ITUB4,1.02,60,RNA,2020-11-04,1,0,0.1426891105399597
ITUB4,1.02,60,Random Forest,2020-11-04,1,1,0.1426891105399597
ITUB4,1.02,60,SVC,2020-11-04,1,1,0.1426891105399597
ITUB4,1.02,60,RNA,2020-11-05,1,0,0.1499013403847908
ITUB4,1.02,60,Random Forest,2020-11-05,1,1,0.1499013403847908
ITUB4,1.02,60,SVC,2020-11-05,1,1,0.1499013403847908
ITUB4,1.02,60,RNA,2020-11-06,1,1,0.0901271280955002
ITUB4,1.02,60,Random Forest,2020-11-06,1,1,0.0901271280955002
ITUB4,1.02,60,SVC,2020-11-06,1,1,0.0901271280955002
ITUB4,1.02,60,RNA,2020-11-09,1,1,0.0542495176861386
ITUB4,1.02,60,Random Forest,2020-11-09,1,1,0.0542495176861386
ITUB4,1.02,60,SVC,2020-11-09,1,1,0.0542495176861386
ITUB4,1.02,60,RNA,2020-11-10,1,0,0.0288595095407218
ITUB4,1.02,60,Random Forest,2020-11-10,1,1,0.0288595095407218
ITUB4,1.02,60,SVC,2020-11-10,1,1,0.0288595095407218
ITUB4,1.02,60,RNA,2020-11-11,1,1,0.0418719310893587
ITUB4,1.02,60,Random Forest,2020-11-11,1,1,0.0418719310893587
ITUB4,1.02,60,SVC,2020-11-11,1,1,0.0418719310893587
ITUB4,1.02,60,RNA,2020-11-12,1,1,0.0511182678695223
ITUB4,1.02,60,Random Forest,2020-11-12,1,1,0.0511182678695223
ITUB4,1.02,60,SVC,2020-11-12,1,1,0.0511182678695223
ITUB4,1.02,60,RNA,2020-11-13,1,1,0.0203308279387699
ITUB4,1.02,60,Random Forest,2020-11-13,1,1,0.0203308279387699
ITUB4,1.02,60,SVC,2020-11-13,1,1,0.0203308279387699
ITUB4,1.02,60,RNA,2020-11-16,0,1,-0.027919660922846
ITUB4,1.02,60,Random Forest,2020-11-16,0,1,-0.027919660922846
ITUB4,1.02,60,SVC,2020-11-16,0,1,-0.027919660922846
ITUB4,1.02,60,RNA,2020-11-17,0,1,-0.0180088230517778
ITUB4,1.02,60,Random Forest,2020-11-17,0,0,-0.0180088230517778
ITUB4,1.02,60,SVC,2020-11-17,0,1,-0.0180088230517778
ITUB4,1.02,60,RNA,2020-11-18,1,1,0.0442906605390951
ITUB4,1.02,60,Random Forest,2020-11-18,1,0,0.0442906605390951
ITUB4,1.02,60,SVC,2020-11-18,1,1,0.0442906605390951
ITUB4,1.02,60,RNA,2020-11-19,1,0,0.0508356418377982
ITUB4,1.02,60,Random Forest,2020-11-19,1,1,0.0508356418377982
ITUB4,1.02,60,SVC,2020-11-19,1,1,0.0508356418377982
ITUB4,1.02,60,RNA,2020-11-20,1,1,0.0461005322107046
ITUB4,1.02,60,Random Forest,2020-11-20,1,1,0.0461005322107046
ITUB4,1.02,60,SVC,2020-11-20,1,1,0.0461005322107046
ITUB4,1.02,60,RNA,2020-11-23,1,1,0.0371134289809937
ITUB4,1.02,60,Random Forest,2020-11-23,1,1,0.0371134289809937
ITUB4,1.02,60,SVC,2020-11-23,1,1,0.0371134289809937
ITUB4,1.02,60,RNA,2020-11-24,0,1,-0.03578660750852
ITUB4,1.02,60,Random Forest,2020-11-24,0,1,-0.03578660750852
ITUB4,1.02,60,SVC,2020-11-24,0,1,-0.03578660750852
ITUB4,1.02,60,RNA,2020-11-25,1,1,0.0408332238538822
ITUB4,1.02,60,Random Forest,2020-11-25,1,1,0.0408332238538822
ITUB4,1.02,60,SVC,2020-11-25,1,1,0.0408332238538822
ITUB4,1.02,60,RNA,2020-11-26,1,0,0.0494321492152238
ITUB4,1.02,60,Random Forest,2020-11-26,1,1,0.0494321492152238
ITUB4,1.02,60,SVC,2020-11-26,1,1,0.0494321492152238
ITUB4,1.02,60,RNA,2020-11-27,1,0,0.0664901952398673
ITUB4,1.02,60,Random Forest,2020-11-27,1,1,0.0664901952398673
ITUB4,1.02,60,SVC,2020-11-27,1,1,0.0664901952398673
ITUB4,1.02,60,RNA,2020-11-30,1,1,0.062994829341191
ITUB4,1.02,60,Random Forest,2020-11-30,1,1,0.062994829341191
ITUB4,1.02,60,SVC,2020-11-30,1,1,0.062994829341191
ITUB4,1.02,60,RNA,2020-12-01,1,1,0.038101594443231
ITUB4,1.02,60,Random Forest,2020-12-01,1,1,0.038101594443231
ITUB4,1.02,60,SVC,2020-12-01,1,1,0.038101594443231
ITUB4,1.02,60,RNA,2020-12-02,1,1,0.0328467293667715
ITUB4,1.02,60,Random Forest,2020-12-02,1,1,0.0328467293667715
ITUB4,1.02,60,SVC,2020-12-02,1,1,0.0328467293667715
ITUB4,1.02,60,RNA,2020-12-03,1,1,0.0301124968107175
ITUB4,1.02,60,Random Forest,2020-12-03,1,1,0.0301124968107175
ITUB4,1.02,60,SVC,2020-12-03,1,1,0.0301124968107175
ITUB4,1.02,60,RNA,2020-12-04,1,1,0.0485950358689428
ITUB4,1.02,60,Random Forest,2020-12-04,1,1,0.0485950358689428
ITUB4,1.02,60,SVC,2020-12-04,1,1,0.0485950358689428
ITUB4,1.02,60,RNA,2020-12-07,1,1,0.0420499401720753
ITUB4,1.02,60,Random Forest,2020-12-07,1,1,0.0420499401720753
ITUB4,1.02,60,SVC,2020-12-07,1,1,0.0420499401720753
ITUB4,1.02,60,RNA,2020-12-08,1,1,0.043764374806493
ITUB4,1.02,60,Random Forest,2020-12-08,1,1,0.043764374806493
ITUB4,1.02,60,SVC,2020-12-08,1,1,0.043764374806493
ITUB4,1.02,60,RNA,2020-12-09,1,1,0.0312093812058198
ITUB4,1.02,60,Random Forest,2020-12-09,1,1,0.0312093812058198
ITUB4,1.02,60,SVC,2020-12-09,1,1,0.0312093812058198
ITUB4,1.02,60,RNA,2020-12-10,1,1,0.0324029464129325
ITUB4,1.02,60,Random Forest,2020-12-10,1,1,0.0324029464129325
ITUB4,1.02,60,SVC,2020-12-10,1,1,0.0324029464129325
ITUB4,1.02,60,RNA,2020-12-11,1,1,0.0225611366906675
ITUB4,1.02,60,Random Forest,2020-12-11,1,1,0.0225611366906675
ITUB4,1.02,60,SVC,2020-12-11,1,1,0.0225611366906675
ITUB4,1.02,60,RNA,2020-12-14,1,1,0.0390700816184832
ITUB4,1.02,60,Random Forest,2020-12-14,1,1,0.0390700816184832
ITUB4,1.02,60,SVC,2020-12-14,1,1,0.0390700816184832
ITUB4,1.02,60,RNA,2020-12-15,1,1,0.0300895949027364
ITUB4,1.02,60,Random Forest,2020-12-15,1,1,0.0300895949027364
ITUB4,1.02,60,SVC,2020-12-15,1,1,0.0300895949027364
ITUB4,1.02,60,RNA,2020-12-16,0,1,-0.0200689812405855
ITUB4,1.02,60,Random Forest,2020-12-16,0,1,-0.0200689812405855
ITUB4,1.02,60,SVC,2020-12-16,0,1,-0.0200689812405855
ITUB4,1.02,60,RNA,2020-12-17,0,1,0.0069356751979159
ITUB4,1.02,60,Random Forest,2020-12-17,0,1,0.0069356751979159
ITUB4,1.02,60,SVC,2020-12-17,0,1,0.0069356751979159
ITUB4,1.02,60,RNA,2020-12-18,1,1,0.0444444396441925
ITUB4,1.02,60,Random Forest,2020-12-18,1,1,0.0444444396441925
ITUB4,1.02,60,SVC,2020-12-18,1,1,0.0444444396441925
ITUB4,1.02,60,RNA,2020-12-21,1,1,0.0404235016713008
ITUB4,1.02,60,Random Forest,2020-12-21,1,1,0.0404235016713008
ITUB4,1.02,60,SVC,2020-12-21,1,1,0.0404235016713008
ITUB4,1.02,60,RNA,2020-12-22,1,1,0.0354406164626421
ITUB4,1.02,60,Random Forest,2020-12-22,1,1,0.0354406164626421
ITUB4,1.02,60,SVC,2020-12-22,1,1,0.0354406164626421
ITUB4,1.02,60,RNA,2020-12-23,0,1,-0.0405135301232991
ITUB4,1.02,60,Random Forest,2020-12-23,0,1,-0.0405135301232991
ITUB4,1.02,60,SVC,2020-12-23,0,1,-0.0405135301232991
ITUB4,1.02,60,RNA,2020-12-28,0,1,-0.0482008225666257
ITUB4,1.02,60,Random Forest,2020-12-28,0,1,-0.0482008225666257
ITUB4,1.02,60,SVC,2020-12-28,0,1,-0.0482008225666257
ITUB4,1.02,60,RNA,2020-12-29,0,1,-0.0197216823578263
ITUB4,1.02,60,Random Forest,2020-12-29,0,0,-0.0197216823578263
ITUB4,1.02,60,SVC,2020-12-29,0,1,-0.0197216823578263
ITUB4,1.02,60,RNA,2020-12-30,1,1,0.0337711057619314
ITUB4,1.02,60,Random Forest,2020-12-30,1,0,0.0337711057619314
ITUB4,1.02,60,SVC,2020-12-30,1,1,0.0337711057619314
ITUB4,1.02,60,RNA,2021-01-04,1,1,0.0881874005782368
ITUB4,1.02,60,Random Forest,2021-01-04,1,1,0.0881874005782368
ITUB4,1.02,60,SVC,2021-01-04,1,1,0.0881874005782368
ITUB4,1.02,60,RNA,2021-01-05,1,1,0.0794060470569981
ITUB4,1.02,60,Random Forest,2021-01-05,1,1,0.0794060470569981
ITUB4,1.02,60,SVC,2021-01-05,1,1,0.0794060470569981
ITUB4,1.02,60,RNA,2021-01-06,1,1,0.0565560590595639
ITUB4,1.02,60,Random Forest,2021-01-06,1,1,0.0565560590595639
ITUB4,1.02,60,SVC,2021-01-06,1,1,0.0565560590595639
ITUB4,1.02,60,RNA,2021-01-07,0,1,-0.0388703184860421
ITUB4,1.02,60,Random Forest,2021-01-07,0,1,-0.0388703184860421
ITUB4,1.02,60,SVC,2021-01-07,0,1,-0.0388703184860421
ITUB4,1.02,60,RNA,2021-01-08,0,1,0.0036957017820189
ITUB4,1.02,60,Random Forest,2021-01-08,0,0,0.0036957017820189
ITUB4,1.02,60,SVC,2021-01-08,0,1,0.0036957017820189
ITUB4,1.02,60,RNA,2021-01-11,1,1,0.023617181899169
ITUB4,1.02,60,Random Forest,2021-01-11,1,1,0.023617181899169
ITUB4,1.02,60,SVC,2021-01-11,1,1,0.023617181899169
ITUB4,1.02,60,RNA,2021-01-12,1,1,0.023617181899169
ITUB4,1.02,60,Random Forest,2021-01-12,1,1,0.023617181899169
ITUB4,1.02,60,SVC,2021-01-12,1,1,0.023617181899169
ITUB4,1.02,60,RNA,2021-01-13,1,1,0.0287320828497581
ITUB4,1.02,60,Random Forest,2021-01-13,1,1,0.0287320828497581
ITUB4,1.02,60,SVC,2021-01-13,1,1,0.0287320828497581
ITUB4,1.02,60,RNA,2021-01-14,0,1,-0.0539781202614298
ITUB4,1.02,60,Random Forest,2021-01-14,0,1,-0.0539781202614298
ITUB4,1.02,60,SVC,2021-01-14,0,1,-0.0539781202614298
ITUB4,1.02,60,RNA,2021-01-15,0,1,-0.0552747969843345
ITUB4,1.02,60,Random Forest,2021-01-15,0,1,-0.0552747969843345
ITUB4,1.02,60,SVC,2021-01-15,0,1,-0.0552747969843345
ITUB4,1.02,60,RNA,2021-01-18,0,1,-0.0704985864229434
ITUB4,1.02,60,Random Forest,2021-01-18,0,1,-0.0704985864229434
ITUB4,1.02,60,SVC,2021-01-18,0,1,-0.0704985864229434
ITUB4,1.02,60,RNA,2021-01-19,0,1,-0.0886150239810069
ITUB4,1.02,60,Random Forest,2021-01-19,0,1,-0.0886150239810069
ITUB4,1.02,60,SVC,2021-01-19,0,1,-0.0886150239810069
ITUB4,1.02,60,RNA,2021-01-20,0,1,-0.0673328039288109
ITUB4,1.02,60,Random Forest,2021-01-20,0,0,-0.0673328039288109
ITUB4,1.02,60,SVC,2021-01-20,0,1,-0.0673328039288109
ITUB4,1.02,60,RNA,2021-01-21,1,1,0.0222649824911711
ITUB4,1.02,60,Random Forest,2021-01-21,1,0,0.0222649824911711
ITUB4,1.02,60,SVC,2021-01-21,1,1,0.0222649824911711
ITUB4,1.02,60,RNA,2021-01-22,1,1,0.0296653672424476
ITUB4,1.02,60,Random Forest,2021-01-22,1,0,0.0296653672424476
ITUB4,1.02,60,SVC,2021-01-22,1,1,0.0296653672424476
ITUB4,1.02,60,RNA,2021-01-26,1,1,0.0540732807763564
ITUB4,1.02,60,Random Forest,2021-01-26,1,1,0.0540732807763564
ITUB4,1.02,60,SVC,2021-01-26,1,1,0.0540732807763564
ITUB4,1.02,60,RNA,2021-01-27,1,0,0.0473665207343632
ITUB4,1.02,60,Random Forest,2021-01-27,1,0,0.0473665207343632
ITUB4,1.02,60,SVC,2021-01-27,1,1,0.0473665207343632
ITUB4,1.02,60,RNA,2021-01-28,0,1,-0.0302878339971227
ITUB4,1.02,60,Random Forest,2021-01-28,0,1,-0.0302878339971227
ITUB4,1.02,60,SVC,2021-01-28,0,1,-0.0302878339971227
ITUB4,1.02,60,RNA,2021-01-29,0,1,-0.0275861770707103
ITUB4,1.02,60,Random Forest,2021-01-29,0,1,-0.0275861770707103
ITUB4,1.02,60,SVC,2021-01-29,0,1,-0.0275861770707103
ITUB4,1.02,60,RNA,2021-02-01,0,1,-0.0343878997321204
ITUB4,1.02,60,Random Forest,2021-02-01,0,1,-0.0343878997321204
ITUB4,1.02,60,SVC,2021-02-01,0,1,-0.0343878997321204
ITUB4,1.02,60,RNA,2021-02-02,0,0,-0.0417246003802067
ITUB4,1.02,60,Random Forest,2021-02-02,0,0,-0.0417246003802067
ITUB4,1.02,60,SVC,2021-02-02,0,1,-0.0417246003802067
ITUB4,1.02,60,RNA,2021-02-03,0,0,-0.0224325147761027
ITUB4,1.02,60,Random Forest,2021-02-03,0,0,-0.0224325147761027
ITUB4,1.02,60,SVC,2021-02-03,0,1,-0.0224325147761027
ITUB4,1.02,60,RNA,2021-02-04,0,0,-0.0219003777680932
ITUB4,1.02,60,Random Forest,2021-02-04,0,0,-0.0219003777680932
ITUB4,1.02,60,SVC,2021-02-04,0,1,-0.0219003777680932
ITUB4,1.02,60,RNA,2021-02-05,0,0,-0.0110713935270033
ITUB4,1.02,60,Random Forest,2021-02-05,0,0,-0.0110713935270033
ITUB4,1.02,60,SVC,2021-02-05,0,1,-0.0110713935270033
ITUB4,1.02,60,RNA,2021-02-08,1,1,0.0334667309687555
ITUB4,1.02,60,Random Forest,2021-02-08,1,0,0.0334667309687555
ITUB4,1.02,60,SVC,2021-02-08,1,0,0.0334667309687555
ITUB4,1.02,60,RNA,2021-02-09,0,1,0.0075269177469319
ITUB4,1.02,60,Random Forest,2021-02-09,0,0,0.0075269177469319
ITUB4,1.02,60,SVC,2021-02-09,0,0,0.0075269177469319
ITUB4,1.02,60,RNA,2021-02-10,0,1,-0.0028581545796819
ITUB4,1.02,60,Random Forest,2021-02-10,0,0,-0.0028581545796819
ITUB4,1.02,60,SVC,2021-02-10,0,0,-0.0028581545796819
ITUB4,1.02,60,RNA,2021-02-11,1,0,0.0352342371766787
ITUB4,1.02,60,Random Forest,2021-02-11,1,1,0.0352342371766787
ITUB4,1.02,60,SVC,2021-02-11,1,1,0.0352342371766787
ITUB4,1.02,60,RNA,2021-02-12,1,0,0.0251798359921979
ITUB4,1.02,60,Random Forest,2021-02-12,1,0,0.0251798359921979
ITUB4,1.02,60,SVC,2021-02-12,1,0,0.0251798359921979
ITUB4,1.02,60,RNA,2021-02-17,1,0,0.0207736329190337
ITUB4,1.02,60,Random Forest,2021-02-17,1,0,0.0207736329190337
ITUB4,1.02,60,SVC,2021-02-17,1,0,0.0207736329190337
ITUB4,1.02,60,RNA,2021-02-18,0,1,-0.0372893524407473
ITUB4,1.02,60,Random Forest,2021-02-18,0,1,-0.0372893524407473
ITUB4,1.02,60,SVC,2021-02-18,0,1,-0.0372893524407473
ITUB4,1.02,60,RNA,2021-02-19,1,0,0.0365348485360947
ITUB4,1.02,60,Random Forest,2021-02-19,1,1,0.0365348485360947
ITUB4,1.02,60,SVC,2021-02-19,1,1,0.0365348485360947
ITUB4,1.02,60,RNA,2021-02-22,1,0,0.0621382322411783
ITUB4,1.02,60,Random Forest,2021-02-22,1,0,0.0621382322411783
ITUB4,1.02,60,SVC,2021-02-22,1,1,0.0621382322411783
ITUB4,1.02,60,RNA,2021-02-23,0,0,-0.0913225913590477
ITUB4,1.02,60,Random Forest,2021-02-23,0,0,-0.0913225913590477
ITUB4,1.02,60,SVC,2021-02-23,0,1,-0.0913225913590477
ITUB4,1.02,60,RNA,2021-02-24,0,0,-0.0360118712557699
ITUB4,1.02,60,Random Forest,2021-02-24,0,1,-0.0360118712557699
ITUB4,1.02,60,SVC,2021-02-24,0,1,-0.0360118712557699
ITUB4,1.02,60,RNA,2021-02-25,0,1,-0.0135430252372836
ITUB4,1.02,60,Random Forest,2021-02-25,0,1,-0.0135430252372836
ITUB4,1.02,60,SVC,2021-02-25,0,1,-0.0135430252372836
ITUB4,1.02,60,RNA,2021-02-26,1,1,0.0463320223016965
ITUB4,1.02,60,Random Forest,2021-02-26,1,0,0.0463320223016965
ITUB4,1.02,60,SVC,2021-02-26,1,1,0.0463320223016965
ITUB4,1.02,60,RNA,2021-03-01,1,0,0.1434442933181736
ITUB4,1.02,60,Random Forest,2021-03-01,1,0,0.1434442933181736
ITUB4,1.02,60,SVC,2021-03-01,1,1,0.1434442933181736
ITUB4,1.02,60,RNA,2021-03-02,1,0,0.0857586160532484
ITUB4,1.02,60,Random Forest,2021-03-02,1,0,0.0857586160532484
ITUB4,1.02,60,SVC,2021-03-02,1,1,0.0857586160532484
ITUB4,1.02,60,RNA,2021-03-03,1,0,0.0753266620217889
ITUB4,1.02,60,Random Forest,2021-03-03,1,1,0.0753266620217889
ITUB4,1.02,60,SVC,2021-03-03,1,1,0.0753266620217889
ITUB4,1.02,60,RNA,2021-03-04,1,1,0.046763898205927
ITUB4,1.02,60,Random Forest,2021-03-04,1,0,0.046763898205927
ITUB4,1.02,60,SVC,2021-03-04,1,1,0.046763898205927
ITUB4,1.02,60,RNA,2021-03-05,1,1,0.0401486977823954
ITUB4,1.02,60,Random Forest,2021-03-05,1,1,0.0401486977823954
ITUB4,1.02,60,SVC,2021-03-05,1,0,0.0401486977823954
ITUB4,1.02,60,RNA,2021-03-08,1,1,0.0473328298302244
ITUB4,1.02,60,Random Forest,2021-03-08,1,0,0.0473328298302244
ITUB4,1.02,60,SVC,2021-03-08,1,1,0.0473328298302244
ITUB4,1.02,60,RNA,2021-03-09,1,1,0.0284028508776768
ITUB4,1.02,60,Random Forest,2021-03-09,1,1,0.0284028508776768
ITUB4,1.02,60,SVC,2021-03-09,1,1,0.0284028508776768
ITUB4,1.02,60,RNA,2021-03-10,0,1,-0.0239130229278435
ITUB4,1.02,60,Random Forest,2021-03-10,0,1,-0.0239130229278435
ITUB4,1.02,60,SVC,2021-03-10,0,1,-0.0239130229278435
ITUB4,1.02,60,RNA,2021-03-11,1,0,0.0331491705943713
ITUB4,1.02,60,Random Forest,2021-03-11,1,1,0.0331491705943713
ITUB4,1.02,60,SVC,2021-03-11,1,1,0.0331491705943713
ITUB4,1.02,60,RNA,2021-03-12,1,1,0.0578269000833795
ITUB4,1.02,60,Random Forest,2021-03-12,1,0,0.0578269000833795
ITUB4,1.02,60,SVC,2021-03-12,1,1,0.0578269000833795
ITUB4,1.02,60,RNA,2021-03-15,1,0,0.0439840183544875
ITUB4,1.02,60,Random Forest,2021-03-15,1,1,0.0439840183544875
ITUB4,1.02,60,SVC,2021-03-15,1,1,0.0439840183544875
ITUB4,1.02,60,RNA,2021-03-16,1,1,0.0692479720168266
ITUB4,1.02,60,Random Forest,2021-03-16,1,1,0.0692479720168266
ITUB4,1.02,60,SVC,2021-03-16,1,1,0.0692479720168266
ITUB4,1.02,60,RNA,2021-03-17,1,1,0.0282849904767277
ITUB4,1.02,60,Random Forest,2021-03-17,1,1,0.0282849904767277
ITUB4,1.02,60,SVC,2021-03-17,1,1,0.0282849904767277
ITUB4,1.02,60,RNA,2021-03-18,0,1,-0.0378895425858152
ITUB4,1.02,60,Random Forest,2021-03-18,0,1,-0.0378895425858152
ITUB4,1.02,60,SVC,2021-03-18,0,1,-0.0378895425858152
ITUB4,1.02,60,RNA,2021-03-19,0,1,-0.0121472474812425
ITUB4,1.02,60,Random Forest,2021-03-19,0,1,-0.0121472474812425
ITUB4,1.02,60,SVC,2021-03-19,0,1,-0.0121472474812425
ITUB4,1.02,60,RNA,2021-03-22,0,1,0.0043389324312734
ITUB4,1.02,60,Random Forest,2021-03-22,0,0,0.0043389324312734
ITUB4,1.02,60,SVC,2021-03-22,0,1,0.0043389324312734
ITUB4,1.02,60,RNA,2021-03-23,1,1,0.0224944756312401
ITUB4,1.02,60,Random Forest,2021-03-23,1,0,0.0224944756312401
ITUB4,1.02,60,SVC,2021-03-23,1,1,0.0224944756312401
ITUB4,1.02,60,RNA,2021-03-24,1,1,0.0593470182772912
ITUB4,1.02,60,Random Forest,2021-03-24,1,0,0.0593470182772912
ITUB4,1.02,60,SVC,2021-03-24,1,1,0.0593470182772912
ITUB4,1.02,60,RNA,2021-03-25,1,1,0.0374272809220519
ITUB4,1.02,60,Random Forest,2021-03-25,1,1,0.0374272809220519
ITUB4,1.02,60,SVC,2021-03-25,1,1,0.0374272809220519
ITUB4,1.02,60,RNA,2021-03-26,0,1,-0.0357562906387848
ITUB4,1.02,60,Random Forest,2021-03-26,0,1,-0.0357562906387848
ITUB4,1.02,60,SVC,2021-03-26,0,1,-0.0357562906387848
ITUB4,1.02,60,RNA,2021-03-29,1,1,0.0255028571265143
ITUB4,1.02,60,Random Forest,2021-03-29,1,1,0.0255028571265143
ITUB4,1.02,60,SVC,2021-03-29,1,1,0.0255028571265143
ITUB4,1.02,60,RNA,2021-03-30,0,1,-0.0411674591974341
ITUB4,1.02,60,Random Forest,2021-03-30,0,0,-0.0411674591974341
ITUB4,1.02,60,SVC,2021-03-30,0,1,-0.0411674591974341
ITUB4,1.02,60,RNA,2021-03-31,0,0,-0.0440810652683939
ITUB4,1.02,60,Random Forest,2021-03-31,0,0,-0.0440810652683939
ITUB4,1.02,60,SVC,2021-03-31,0,1,-0.0440810652683939
ITUB4,1.02,60,RNA,2021-04-01,0,0,-0.0248537609495226
ITUB4,1.02,60,Random Forest,2021-04-01,0,0,-0.0248537609495226
ITUB4,1.02,60,SVC,2021-04-01,0,1,-0.0248537609495226
ITUB4,1.02,60,RNA,2021-04-05,0,1,-0.0312726944325443
ITUB4,1.02,60,Random Forest,2021-04-05,0,0,-0.0312726944325443
ITUB4,1.02,60,SVC,2021-04-05,0,1,-0.0312726944325443
ITUB4,1.02,60,RNA,2021-04-06,0,1,0.0103626917571664
ITUB4,1.02,60,Random Forest,2021-04-06,0,1,0.0103626917571664
ITUB4,1.02,60,SVC,2021-04-06,0,1,0.0103626917571664
ITUB4,1.02,60,RNA,2021-04-07,0,0,0.010366528551043
ITUB4,1.02,60,Random Forest,2021-04-07,0,0,0.010366528551043
ITUB4,1.02,60,SVC,2021-04-07,0,1,0.010366528551043
ITUB4,1.02,60,RNA,2021-04-08,1,0,0.0588013779655249
ITUB4,1.02,60,Random Forest,2021-04-08,1,0,0.0588013779655249
ITUB4,1.02,60,SVC,2021-04-08,1,0,0.0588013779655249
ITUB4,1.02,60,RNA,2021-04-09,1,1,0.048134370322842
ITUB4,1.02,60,Random Forest,2021-04-09,1,1,0.048134370322842
ITUB4,1.02,60,SVC,2021-04-09,1,0,0.048134370322842
ITUB4,1.02,60,RNA,2021-04-12,1,1,0.0342288938632082
ITUB4,1.02,60,Random Forest,2021-04-12,1,1,0.0342288938632082
ITUB4,1.02,60,SVC,2021-04-12,1,1,0.0342288938632082
ITUB4,1.02,60,RNA,2021-04-13,1,0,0.0270467861948544
ITUB4,1.02,60,Random Forest,2021-04-13,1,1,0.0270467861948544
ITUB4,1.02,60,SVC,2021-04-13,1,0,0.0270467861948544
ITUB4,1.02,60,RNA,2021-04-14,0,1,-0.009761368653501
ITUB4,1.02,60,Random Forest,2021-04-14,0,0,-0.009761368653501
ITUB4,1.02,60,SVC,2021-04-14,0,0,-0.009761368653501
ITUB4,1.02,60,RNA,2021-04-15,1,0,0.0221898468426899
ITUB4,1.02,60,Random Forest,2021-04-15,1,0,0.0221898468426899
ITUB4,1.02,60,SVC,2021-04-15,1,0,0.0221898468426899
ITUB4,1.02,60,RNA,2021-04-16,0,0,-0.0125537985959441
ITUB4,1.02,60,Random Forest,2021-04-16,0,0,-0.0125537985959441
ITUB4,1.02,60,SVC,2021-04-16,0,1,-0.0125537985959441
ITUB4,1.02,60,RNA,2021-04-19,0,1,0.0036482939838926
ITUB4,1.02,60,Random Forest,2021-04-19,0,0,0.0036482939838926
ITUB4,1.02,60,SVC,2021-04-19,0,0,0.0036482939838926
ITUB4,1.02,60,RNA,2021-04-20,0,1,-0.0159825944875235
ITUB4,1.02,60,Random Forest,2021-04-20,0,1,-0.0159825944875235
ITUB4,1.02,60,SVC,2021-04-20,0,1,-0.0159825944875235
ITUB4,1.02,60,RNA,2021-04-22,1,1,0.0331194064646742
ITUB4,1.02,60,Random Forest,2021-04-22,1,1,0.0331194064646742
ITUB4,1.02,60,SVC,2021-04-22,1,1,0.0331194064646742
ITUB4,1.02,60,RNA,2021-04-23,1,1,0.0267160254810165
ITUB4,1.02,60,Random Forest,2021-04-23,1,0,0.0267160254810165
ITUB4,1.02,60,SVC,2021-04-23,1,1,0.0267160254810165
ITUB4,1.02,60,RNA,2021-04-26,1,1,0.0341912483841178
ITUB4,1.02,60,Random Forest,2021-04-26,1,0,0.0341912483841178
ITUB4,1.02,60,SVC,2021-04-26,1,1,0.0341912483841178
ITUB4,1.02,60,RNA,2021-04-27,1,0,0.0301598584678914
ITUB4,1.02,60,Random Forest,2021-04-27,1,1,0.0301598584678914
ITUB4,1.02,60,SVC,2021-04-27,1,1,0.0301598584678914
ITUB4,1.02,60,RNA,2021-04-28,0,1,-0.0516478443557051
ITUB4,1.02,60,Random Forest,2021-04-28,0,1,-0.0516478443557051
ITUB4,1.02,60,SVC,2021-04-28,0,1,-0.0516478443557051
ITUB4,1.02,60,RNA,2021-04-29,1,0,0.0436151124843919
ITUB4,1.02,60,Random Forest,2021-04-29,1,0,0.0436151124843919
ITUB4,1.02,60,SVC,2021-04-29,1,0,0.0436151124843919
ITUB4,1.02,60,RNA,2021-04-30,1,1,0.0234657090354752
ITUB4,1.02,60,Random Forest,2021-04-30,1,1,0.0234657090354752
ITUB4,1.02,60,SVC,2021-04-30,1,1,0.0234657090354752
ITUB4,1.02,60,RNA,2021-05-03,0,1,-0.0167259863540787
ITUB4,1.02,60,Random Forest,2021-05-03,0,1,-0.0167259863540787
ITUB4,1.02,60,SVC,2021-05-03,0,1,-0.0167259863540787
ITUB4,1.02,60,RNA,2021-05-04,1,1,0.0498141083872087
ITUB4,1.02,60,Random Forest,2021-05-04,1,1,0.0498141083872087
ITUB4,1.02,60,SVC,2021-05-04,1,1,0.0498141083872087
ITUB4,1.02,60,RNA,2021-05-05,1,1,0.032163740569477
ITUB4,1.02,60,Random Forest,2021-05-05,1,1,0.032163740569477
ITUB4,1.02,60,SVC,2021-05-05,1,1,0.032163740569477
ITUB4,1.02,60,RNA,2021-05-06,1,1,0.0302809216173971
ITUB4,1.02,60,Random Forest,2021-05-06,1,1,0.0302809216173971
ITUB4,1.02,60,SVC,2021-05-06,1,1,0.0302809216173971
ITUB4,1.02,60,RNA,2021-05-07,1,1,0.0325262457639496
ITUB4,1.02,60,Random Forest,2021-05-07,1,1,0.0325262457639496
ITUB4,1.02,60,SVC,2021-05-07,1,1,0.0325262457639496
ITUB4,1.02,60,RNA,2021-05-10,1,1,0.0519105712525724
ITUB4,1.02,60,Random Forest,2021-05-10,1,1,0.0519105712525724
ITUB4,1.02,60,SVC,2021-05-10,1,1,0.0519105712525724
ITUB4,1.02,60,RNA,2021-05-11,1,1,0.0534296098273321
ITUB4,1.02,60,Random Forest,2021-05-11,1,1,0.0534296098273321
ITUB4,1.02,60,SVC,2021-05-11,1,1,0.0534296098273321
ITUB4,1.02,60,RNA,2021-05-12,1,1,0.059398724225351
ITUB4,1.02,60,Random Forest,2021-05-12,1,1,0.059398724225351
ITUB4,1.02,60,SVC,2021-05-12,1,1,0.059398724225351
ITUB4,1.02,60,RNA,2021-05-13,1,1,0.0205861694662883
ITUB4,1.02,60,Random Forest,2021-05-13,1,1,0.0205861694662883
ITUB4,1.02,60,SVC,2021-05-13,1,1,0.0205861694662883
ITUB4,1.02,60,RNA,2021-05-14,1,1,0.0294423161492605
ITUB4,1.02,60,Random Forest,2021-05-14,1,0,0.0294423161492605
ITUB4,1.02,60,SVC,2021-05-14,1,0,0.0294423161492605
ITUB4,1.02,60,RNA,2021-05-17,1,1,0.0319444151788737
ITUB4,1.02,60,Random Forest,2021-05-17,1,0,0.0319444151788737
ITUB4,1.02,60,SVC,2021-05-17,1,0,0.0319444151788737
ITUB4,1.02,60,RNA,2021-05-18,1,0,0.0417104757473452
ITUB4,1.02,60,Random Forest,2021-05-18,1,0,0.0417104757473452
ITUB4,1.02,60,SVC,2021-05-18,1,0,0.0417104757473452
ITUB4,1.02,60,RNA,2021-05-19,0,0,-0.0048561756067782
ITUB4,1.02,60,Random Forest,2021-05-19,0,1,-0.0048561756067782
ITUB4,1.02,60,SVC,2021-05-19,0,1,-0.0048561756067782
ITUB4,1.02,60,RNA,2021-05-20,0,1,0.004054369766641
ITUB4,1.02,60,Random Forest,2021-05-20,0,1,0.004054369766641
ITUB4,1.02,60,SVC,2021-05-20,0,1,0.004054369766641
ITUB4,1.02,60,RNA,2021-05-21,0,1,-0.0108909888930758
ITUB4,1.02,60,Random Forest,2021-05-21,0,0,-0.0108909888930758
ITUB4,1.02,60,SVC,2021-05-21,0,0,-0.0108909888930758
ITUB4,1.02,60,RNA,2021-05-24,0,1,0.010572990218064
ITUB4,1.02,60,Random Forest,2021-05-24,0,0,0.010572990218064
ITUB4,1.02,60,SVC,2021-05-24,0,0,0.010572990218064
ITUB4,1.02,60,RNA,2021-05-25,1,1,0.0292296847100561
ITUB4,1.02,60,Random Forest,2021-05-25,1,1,0.0292296847100561
ITUB4,1.02,60,SVC,2021-05-25,1,0,0.0292296847100561
ITUB4,1.02,60,RNA,2021-05-26,1,0,0.0413453622988138
ITUB4,1.02,60,Random Forest,2021-05-26,1,0,0.0413453622988138
ITUB4,1.02,60,SVC,2021-05-26,1,0,0.0413453622988138
ITUB4,1.02,60,RNA,2021-05-27,1,0,0.0944996155901241
ITUB4,1.02,60,Random Forest,2021-05-27,1,0,0.0944996155901241
ITUB4,1.02,60,SVC,2021-05-27,1,0,0.0944996155901241
ITUB4,1.02,60,RNA,2021-05-28,1,1,0.0918927009076051
ITUB4,1.02,60,Random Forest,2021-05-28,1,1,0.0918927009076051
ITUB4,1.02,60,SVC,2021-05-28,1,0,0.0918927009076051
ITUB4,1.02,60,RNA,2021-05-31,1,1,0.1119302912001642
ITUB4,1.02,60,Random Forest,2021-05-31,1,0,0.1119302912001642
ITUB4,1.02,60,SVC,2021-05-31,1,0,0.1119302912001642
ITUB4,1.02,60,RNA,2021-06-01,1,0,0.0825448653070464
ITUB4,1.02,60,Random Forest,2021-06-01,1,1,0.0825448653070464
ITUB4,1.02,60,SVC,2021-06-01,1,1,0.0825448653070464
ITUB4,1.02,60,RNA,2021-06-02,1,0,0.0829901928017131
ITUB4,1.02,60,Random Forest,2021-06-02,1,0,0.0829901928017131
ITUB4,1.02,60,SVC,2021-06-02,1,1,0.0829901928017131
ITUB4,1.02,60,RNA,2021-06-04,1,1,0.0591697545051483
ITUB4,1.02,60,Random Forest,2021-06-04,1,0,0.0591697545051483
ITUB4,1.02,60,SVC,2021-06-04,1,1,0.0591697545051483
ITUB4,1.02,60,RNA,2021-06-07,1,0,0.0417428700457789
ITUB4,1.02,60,Random Forest,2021-06-07,1,1,0.0417428700457789
ITUB4,1.02,60,SVC,2021-06-07,1,1,0.0417428700457789
ITUB4,1.02,60,RNA,2021-06-08,1,1,0.0465258782031916
ITUB4,1.02,60,Random Forest,2021-06-08,1,1,0.0465258782031916
ITUB4,1.02,60,SVC,2021-06-08,1,1,0.0465258782031916
ITUB4,1.02,60,RNA,2021-06-09,0,0,-0.0285714061229996
ITUB4,1.02,60,Random Forest,2021-06-09,0,1,-0.0285714061229996
ITUB4,1.02,60,SVC,2021-06-09,0,1,-0.0285714061229996
ITUB4,1.02,60,RNA,2021-06-10,0,1,0.0075665923951848
ITUB4,1.02,60,Random Forest,2021-06-10,0,1,0.0075665923951848
ITUB4,1.02,60,SVC,2021-06-10,0,1,0.0075665923951848
ITUB4,1.02,60,RNA,2021-06-11,1,1,0.0425015350033355
ITUB4,1.02,60,Random Forest,2021-06-11,1,1,0.0425015350033355
ITUB4,1.02,60,SVC,2021-06-11,1,1,0.0425015350033355
ITUB4,1.02,60,RNA,2021-06-14,1,0,0.0482295345467318
ITUB4,1.02,60,Random Forest,2021-06-14,1,1,0.0482295345467318
ITUB4,1.02,60,SVC,2021-06-14,1,1,0.0482295345467318
ITUB4,1.02,60,RNA,2021-06-15,1,1,0.0507955778460527
ITUB4,1.02,60,Random Forest,2021-06-15,1,1,0.0507955778460527
ITUB4,1.02,60,SVC,2021-06-15,1,1,0.0507955778460527
ITUB4,1.02,60,RNA,2021-06-16,1,0,0.0202020038625523
ITUB4,1.02,60,Random Forest,2021-06-16,1,1,0.0202020038625523
ITUB4,1.02,60,SVC,2021-06-16,1,1,0.0202020038625523
ITUB4,1.02,60,RNA,2021-06-17,0,1,-0.0290076483557939
ITUB4,1.02,60,Random Forest,2021-06-17,0,1,-0.0290076483557939
ITUB4,1.02,60,SVC,2021-06-17,0,1,-0.0290076483557939
ITUB4,1.02,60,RNA,2021-06-18,0,1,-0.012725018220223
ITUB4,1.02,60,Random Forest,2021-06-18,0,1,-0.012725018220223
ITUB4,1.02,60,SVC,2021-06-18,0,1,-0.012725018220223
ITUB4,1.02,60,RNA,2021-06-21,0,0,-0.0443686033034103
ITUB4,1.02,60,Random Forest,2021-06-21,0,1,-0.0443686033034103
ITUB4,1.02,60,SVC,2021-06-21,0,1,-0.0443686033034103
ITUB4,1.02,60,RNA,2021-06-22,0,1,-0.049922009167803
ITUB4,1.02,60,Random Forest,2021-06-22,0,1,-0.049922009167803
ITUB4,1.02,60,SVC,2021-06-22,0,1,-0.049922009167803
ITUB4,1.02,60,RNA,2021-06-23,0,1,-0.0627913971100218
ITUB4,1.02,60,Random Forest,2021-06-23,0,0,-0.0627913971100218
ITUB4,1.02,60,SVC,2021-06-23,0,1,-0.0627913971100218
ITUB4,1.02,60,RNA,2021-06-24,0,0,-0.0681676276296294
ITUB4,1.02,60,Random Forest,2021-06-24,0,0,-0.0681676276296294
ITUB4,1.02,60,SVC,2021-06-24,0,1,-0.0681676276296294
ITUB4,1.02,60,RNA,2021-06-25,0,1,-0.036804743237627
ITUB4,1.02,60,Random Forest,2021-06-25,0,0,-0.036804743237627
ITUB4,1.02,60,SVC,2021-06-25,0,0,-0.036804743237627
ITUB4,1.02,60,RNA,2021-06-28,0,1,-0.0077626069229377
ITUB4,1.02,60,Random Forest,2021-06-28,0,0,-0.0077626069229377
ITUB4,1.02,60,SVC,2021-06-28,0,0,-0.0077626069229377
ITUB4,1.02,60,RNA,2021-06-29,0,0,-0.0128367402431293
ITUB4,1.02,60,Random Forest,2021-06-29,0,0,-0.0128367402431293
ITUB4,1.02,60,SVC,2021-06-29,0,0,-0.0128367402431293
ITUB4,1.02,60,RNA,2021-06-30,0,1,-0.0174555298292327
ITUB4,1.02,60,Random Forest,2021-06-30,0,0,-0.0174555298292327
ITUB4,1.02,60,SVC,2021-06-30,0,0,-0.0174555298292327
ITUB4,1.02,60,RNA,2021-07-01,0,1,-0.0066934350348086
ITUB4,1.02,60,Random Forest,2021-07-01,0,0,-0.0066934350348086
ITUB4,1.02,60,SVC,2021-07-01,0,1,-0.0066934350348086
ITUB4,1.02,60,RNA,2021-07-02,0,0,-0.0144683377106663
ITUB4,1.02,60,Random Forest,2021-07-02,0,0,-0.0144683377106663
ITUB4,1.02,60,SVC,2021-07-02,0,1,-0.0144683377106663
ITUB4,1.02,60,RNA,2021-07-05,0,1,0.0071234789115319
ITUB4,1.02,60,Random Forest,2021-07-05,0,0,0.0071234789115319
ITUB4,1.02,60,SVC,2021-07-05,0,0,0.0071234789115319
ITUB4,1.02,60,RNA,2021-07-06,0,1,0.0098039024382086
ITUB4,1.02,60,Random Forest,2021-07-06,0,0,0.0098039024382086
ITUB4,1.02,60,SVC,2021-07-06,0,0,0.0098039024382086
ITUB4,1.02,60,RNA,2021-07-07,1,0,0.0583190498343204
ITUB4,1.02,60,Random Forest,2021-07-07,1,0,0.0583190498343204
ITUB4,1.02,60,SVC,2021-07-07,1,0,0.0583190498343204
ITUB4,1.02,60,RNA,2021-07-08,1,0,0.0493197452532272
ITUB4,1.02,60,Random Forest,2021-07-08,1,0,0.0493197452532272
ITUB4,1.02,60,SVC,2021-07-08,1,0,0.0493197452532272
ITUB4,1.02,60,RNA,2021-07-12,1,0,0.0457627319514781
ITUB4,1.02,60,Random Forest,2021-07-12,1,0,0.0457627319514781
ITUB4,1.02,60,SVC,2021-07-12,1,0,0.0457627319514781
ITUB4,1.02,60,RNA,2021-07-13,1,1,0.0215231611782233
ITUB4,1.02,60,Random Forest,2021-07-13,1,0,0.0215231611782233
ITUB4,1.02,60,SVC,2021-07-13,1,1,0.0215231611782233
ITUB4,1.02,60,RNA,2021-07-14,0,0,-0.0194239412419426
ITUB4,1.02,60,Random Forest,2021-07-14,0,1,-0.0194239412419426
ITUB4,1.02,60,SVC,2021-07-14,0,1,-0.0194239412419426
ITUB4,1.02,60,RNA,2021-07-15,0,1,-0.0124286316595101
ITUB4,1.02,60,Random Forest,2021-07-15,0,1,-0.0124286316595101
ITUB4,1.02,60,SVC,2021-07-15,0,1,-0.0124286316595101
ITUB4,1.02,60,RNA,2021-07-16,1,1,0.0334494619355607
ITUB4,1.02,60,Random Forest,2021-07-16,1,1,0.0334494619355607
ITUB4,1.02,60,SVC,2021-07-16,1,1,0.0334494619355607
ITUB4,1.02,60,RNA,2021-07-19,1,0,0.0309349647391798
ITUB4,1.02,60,Random Forest,2021-07-19,1,1,0.0309349647391798
ITUB4,1.02,60,SVC,2021-07-19,1,1,0.0309349647391798
ITUB4,1.02,60,RNA,2021-07-20,0,1,0.0092276296501325
ITUB4,1.02,60,Random Forest,2021-07-20,0,1,0.0092276296501325
ITUB4,1.02,60,SVC,2021-07-20,0,1,0.0092276296501325
ITUB4,1.02,60,RNA,2021-07-21,1,1,0.0203942731368897
ITUB4,1.02,60,Random Forest,2021-07-21,1,1,0.0203942731368897
ITUB4,1.02,60,SVC,2021-07-21,1,1,0.0203942731368897
ITUB4,1.02,60,RNA,2021-07-22,1,0,0.0688120632502451
ITUB4,1.02,60,Random Forest,2021-07-22,1,1,0.0688120632502451
ITUB4,1.02,60,SVC,2021-07-22,1,1,0.0688120632502451
ITUB4,1.02,60,RNA,2021-07-23,1,1,0.0735900807239835
ITUB4,1.02,60,Random Forest,2021-07-23,1,1,0.0735900807239835
ITUB4,1.02,60,SVC,2021-07-23,1,1,0.0735900807239835
ITUB4,1.02,60,RNA,2021-07-26,1,1,0.0583051173777786
ITUB4,1.02,60,Random Forest,2021-07-26,1,1,0.0583051173777786
ITUB4,1.02,60,SVC,2021-07-26,1,1,0.0583051173777786
ITUB4,1.02,60,RNA,2021-07-27,1,1,0.0456253707122906
ITUB4,1.02,60,Random Forest,2021-07-27,1,1,0.0456253707122906
ITUB4,1.02,60,SVC,2021-07-27,1,1,0.0456253707122906
ITUB4,1.02,60,RNA,2021-07-28,1,0,0.0209068823921776
ITUB4,1.02,60,Random Forest,2021-07-28,1,0,0.0209068823921776
ITUB4,1.02,60,SVC,2021-07-28,1,1,0.0209068823921776
ITUB4,1.02,60,RNA,2021-07-29,1,1,0.0370264848580883
ITUB4,1.02,60,Random Forest,2021-07-29,1,0,0.0370264848580883
ITUB4,1.02,60,SVC,2021-07-29,1,1,0.0370264848580883
ITUB4,1.02,60,RNA,2021-07-30,1,1,0.0230519279136973
ITUB4,1.02,60,Random Forest,2021-07-30,1,1,0.0230519279136973
ITUB4,1.02,60,SVC,2021-07-30,1,1,0.0230519279136973
ITUB4,1.02,60,RNA,2021-08-02,0,1,-0.0178343819982774
ITUB4,1.02,60,Random Forest,2021-08-02,0,1,-0.0178343819982774
ITUB4,1.02,60,SVC,2021-08-02,0,1,-0.0178343819982774
ITUB4,1.02,60,RNA,2021-08-03,1,0,0.027795908205231
ITUB4,1.02,60,Random Forest,2021-08-03,1,1,0.027795908205231
ITUB4,1.02,60,SVC,2021-08-03,1,1,0.027795908205231
ITUB4,1.02,60,RNA,2021-08-04,1,0,0.0407284562181797
ITUB4,1.02,60,Random Forest,2021-08-04,1,0,0.0407284562181797
ITUB4,1.02,60,SVC,2021-08-04,1,1,0.0407284562181797
ITUB4,1.02,60,RNA,2021-08-05,1,1,0.0434926487528801
ITUB4,1.02,60,Random Forest,2021-08-05,1,1,0.0434926487528801
ITUB4,1.02,60,SVC,2021-08-05,1,1,0.0434926487528801
ITUB4,1.02,60,RNA,2021-08-06,1,1,0.0214494464410146
ITUB4,1.02,60,Random Forest,2021-08-06,1,1,0.0214494464410146
ITUB4,1.02,60,SVC,2021-08-06,1,1,0.0214494464410146
ITUB4,1.02,60,RNA,2021-08-09,0,1,-0.0121951374336694
ITUB4,1.02,60,Random Forest,2021-08-09,0,1,-0.0121951374336694
ITUB4,1.02,60,SVC,2021-08-09,0,1,-0.0121951374336694
ITUB4,1.02,60,RNA,2021-08-10,1,1,0.0292763210688704
ITUB4,1.02,60,Random Forest,2021-08-10,1,1,0.0292763210688704
ITUB4,1.02,60,SVC,2021-08-10,1,1,0.0292763210688704
ITUB4,1.02,60,RNA,2021-08-11,0,1,-0.0164610586532274
ITUB4,1.02,60,Random Forest,2021-08-11,0,1,-0.0164610586532274
ITUB4,1.02,60,SVC,2021-08-11,0,1,-0.0164610586532274
ITUB4,1.02,60,RNA,2021-08-12,1,0,0.0277938557254502
ITUB4,1.02,60,Random Forest,2021-08-12,1,1,0.0277938557254502
ITUB4,1.02,60,SVC,2021-08-12,1,1,0.0277938557254502
ITUB4,1.02,60,RNA,2021-08-13,0,1,-0.0247879786570851
ITUB4,1.02,60,Random Forest,2021-08-13,0,1,-0.0247879786570851
ITUB4,1.02,60,SVC,2021-08-13,0,1,-0.0247879786570851
ITUB4,1.02,60,RNA,2021-08-16,1,0,0.0267238488108989
ITUB4,1.02,60,Random Forest,2021-08-16,1,1,0.0267238488108989
ITUB4,1.02,60,SVC,2021-08-16,1,1,0.0267238488108989
ITUB4,1.02,60,RNA,2021-08-17,1,0,0.0332005496782998
ITUB4,1.02,60,Random Forest,2021-08-17,1,1,0.0332005496782998
ITUB4,1.02,60,SVC,2021-08-17,1,1,0.0332005496782998
ITUB4,1.02,60,RNA,2021-08-18,1,1,0.0371237184956325
ITUB4,1.02,60,Random Forest,2021-08-18,1,1,0.0371237184956325
ITUB4,1.02,60,SVC,2021-08-18,1,1,0.0371237184956325
ITUB4,1.02,60,RNA,2021-08-19,1,1,0.0489864720494095
ITUB4,1.02,60,Random Forest,2021-08-19,1,1,0.0489864720494095
ITUB4,1.02,60,SVC,2021-08-19,1,1,0.0489864720494095
ITUB4,1.02,60,RNA,2021-08-20,1,1,0.0398526320642387
ITUB4,1.02,60,Random Forest,2021-08-20,1,1,0.0398526320642387
ITUB4,1.02,60,SVC,2021-08-20,1,1,0.0398526320642387
ITUB4,1.02,60,RNA,2021-08-23,1,1,0.0264462406887198
ITUB4,1.02,60,Random Forest,2021-08-23,1,1,0.0264462406887198
ITUB4,1.02,60,SVC,2021-08-23,1,1,0.0264462406887198
ITUB4,1.02,60,RNA,2021-08-24,0,1,-0.006829253334292
ITUB4,1.02,60,Random Forest,2021-08-24,0,1,-0.006829253334292
ITUB4,1.02,60,SVC,2021-08-24,0,1,-0.006829253334292
ITUB4,1.02,60,RNA,2021-08-25,0,1,0.001294531002582
ITUB4,1.02,60,Random Forest,2021-08-25,0,1,0.001294531002582
ITUB4,1.02,60,SVC,2021-08-25,0,1,0.001294531002582
ITUB4,1.02,60,RNA,2021-08-26,1,1,0.0402809548416598
ITUB4,1.02,60,Random Forest,2021-08-26,1,1,0.0402809548416598
ITUB4,1.02,60,SVC,2021-08-26,1,1,0.0402809548416598
ITUB4,1.02,60,RNA,2021-08-27,1,1,0.0311289430660963
ITUB4,1.02,60,Random Forest,2021-08-27,1,1,0.0311289430660963
ITUB4,1.02,60,SVC,2021-08-27,1,1,0.0311289430660963
ITUB4,1.02,60,RNA,2021-08-30,1,1,0.033148779845135
ITUB4,1.02,60,Random Forest,2021-08-30,1,1,0.033148779845135
ITUB4,1.02,60,SVC,2021-08-30,1,1,0.033148779845135
ITUB4,1.02,60,RNA,2021-08-31,0,1,-0.0292981149287185
ITUB4,1.02,60,Random Forest,2021-08-31,0,1,-0.0292981149287185
ITUB4,1.02,60,SVC,2021-08-31,0,1,-0.0292981149287185
ITUB4,1.02,60,RNA,2021-09-01,0,1,-0.0702492614391222
ITUB4,1.02,60,Random Forest,2021-09-01,0,1,-0.0702492614391222
ITUB4,1.02,60,SVC,2021-09-01,0,1,-0.0702492614391222
ITUB4,1.02,60,RNA,2021-09-02,0,1,-0.0341852008779255
ITUB4,1.02,60,Random Forest,2021-09-02,0,1,-0.0341852008779255
ITUB4,1.02,60,SVC,2021-09-02,0,1,-0.0341852008779255
ITUB4,1.02,60,RNA,2021-09-03,1,1,0.0202224447897452
ITUB4,1.02,60,Random Forest,2021-09-03,1,1,0.0202224447897452
ITUB4,1.02,60,SVC,2021-09-03,1,1,0.0202224447897452
ITUB4,1.02,60,RNA,2021-09-06,0,1,-0.0289614311639029
ITUB4,1.02,60,Random Forest,2021-09-06,0,1,-0.0289614311639029
ITUB4,1.02,60,SVC,2021-09-06,0,1,-0.0289614311639029
ITUB4,1.02,60,RNA,2021-09-08,1,1,0.0241712690736959
ITUB4,1.02,60,Random Forest,2021-09-08,1,1,0.0241712690736959
ITUB4,1.02,60,SVC,2021-09-08,1,1,0.0241712690736959
ITUB4,1.02,60,RNA,2021-09-09,0,0,-0.0332203148702248
ITUB4,1.02,60,Random Forest,2021-09-09,0,1,-0.0332203148702248
ITUB4,1.02,60,SVC,2021-09-09,0,0,-0.0332203148702248
ITUB4,1.02,60,RNA,2021-09-10,0,0,-0.0282986741590129
ITUB4,1.02,60,Random Forest,2021-09-10,0,1,-0.0282986741590129
ITUB4,1.02,60,SVC,2021-09-10,0,0,-0.0282986741590129
ITUB4,1.02,60,RNA,2021-09-13,0,1,-0.0439862292437968
ITUB4,1.02,60,Random Forest,2021-09-13,0,1,-0.0439862292437968
ITUB4,1.02,60,SVC,2021-09-13,0,1,-0.0439862292437968
ITUB4,1.02,60,RNA,2021-09-14,0,1,-0.0640275446022548
ITUB4,1.02,60,Random Forest,2021-09-14,0,0,-0.0640275446022548
ITUB4,1.02,60,SVC,2021-09-14,0,0,-0.0640275446022548
ITUB4,1.02,60,RNA,2021-09-15,0,1,-0.0423728779165213
ITUB4,1.02,60,Random Forest,2021-09-15,0,0,-0.0423728779165213
ITUB4,1.02,60,SVC,2021-09-15,0,1,-0.0423728779165213
ITUB4,1.02,60,RNA,2021-09-16,0,0,-0.0252897427978466
ITUB4,1.02,60,Random Forest,2021-09-16,0,0,-0.0252897427978466
ITUB4,1.02,60,SVC,2021-09-16,0,0,-0.0252897427978466
ITUB4,1.02,60,RNA,2021-09-17,1,0,0.060439586876869
ITUB4,1.02,60,Random Forest,2021-09-17,1,0,0.060439586876869
ITUB4,1.02,60,SVC,2021-09-17,1,1,0.060439586876869
ITUB4,1.02,60,RNA,2021-09-20,1,0,0.05966325135598
ITUB4,1.02,60,Random Forest,2021-09-20,1,0,0.05966325135598
ITUB4,1.02,60,SVC,2021-09-20,1,1,0.05966325135598
ITUB4,1.02,60,RNA,2021-09-21,1,1,0.0731796512194113
ITUB4,1.02,60,Random Forest,2021-09-21,1,0,0.0731796512194113
ITUB4,1.02,60,SVC,2021-09-21,1,1,0.0731796512194113
ITUB4,1.02,60,RNA,2021-09-22,1,1,0.0601504073230376
ITUB4,1.02,60,Random Forest,2021-09-22,1,0,0.0601504073230376
ITUB4,1.02,60,SVC,2021-09-22,1,1,0.0601504073230376
ITUB4,1.02,60,RNA,2021-09-23,1,1,0.0389474065059218
ITUB4,1.02,60,Random Forest,2021-09-23,1,1,0.0389474065059218
ITUB4,1.02,60,SVC,2021-09-23,1,1,0.0389474065059218
ITUB4,1.02,60,RNA,2021-09-24,1,1,0.0415054840030948
ITUB4,1.02,60,Random Forest,2021-09-24,1,1,0.0415054840030948
ITUB4,1.02,60,SVC,2021-09-24,1,1,0.0415054840030948
ITUB4,1.02,60,RNA,2021-09-27,1,1,0.0333845469654519
ITUB4,1.02,60,Random Forest,2021-09-27,1,1,0.0333845469654519
ITUB4,1.02,60,SVC,2021-09-27,1,1,0.0333845469654519
ITUB4,1.02,60,RNA,2021-09-28,1,1,0.0431232427426875
ITUB4,1.02,60,Random Forest,2021-09-28,1,1,0.0431232427426875
ITUB4,1.02,60,SVC,2021-09-28,1,1,0.0431232427426875
ITUB4,1.02,60,RNA,2021-09-29,1,1,0.0464421558797345
ITUB4,1.02,60,Random Forest,2021-09-29,1,1,0.0464421558797345
ITUB4,1.02,60,SVC,2021-09-29,1,1,0.0464421558797345
ITUB4,1.02,60,RNA,2021-09-30,1,1,0.0448226136101448
ITUB4,1.02,60,Random Forest,2021-09-30,1,1,0.0448226136101448
ITUB4,1.02,60,SVC,2021-09-30,1,1,0.0448226136101448
ITUB4,1.02,60,RNA,2021-10-01,1,1,0.0254545464602167
ITUB4,1.02,60,Random Forest,2021-10-01,1,1,0.0254545464602167
ITUB4,1.02,60,SVC,2021-10-01,1,1,0.0254545464602167
ITUB4,1.02,60,RNA,2021-10-04,1,1,0.0317072937276574
ITUB4,1.02,60,Random Forest,2021-10-04,1,1,0.0317072937276574
ITUB4,1.02,60,SVC,2021-10-04,1,1,0.0317072937276574
ITUB4,1.02,60,RNA,2021-10-05,1,1,0.0325865615654548
ITUB4,1.02,60,Random Forest,2021-10-05,1,1,0.0325865615654548
ITUB4,1.02,60,SVC,2021-10-05,1,1,0.0325865615654548
ITUB4,1.02,60,RNA,2021-10-06,0,1,-0.0346199618170117
ITUB4,1.02,60,Random Forest,2021-10-06,0,1,-0.0346199618170117
ITUB4,1.02,60,SVC,2021-10-06,0,1,-0.0346199618170117
ITUB4,1.02,60,RNA,2021-10-07,1,1,0.0279805604028346
ITUB4,1.02,60,Random Forest,2021-10-07,1,1,0.0279805604028346
ITUB4,1.02,60,SVC,2021-10-07,1,1,0.0279805604028346
ITUB4,1.02,60,RNA,2021-10-08,0,1,0.0073230430745487
ITUB4,1.02,60,Random Forest,2021-10-08,0,1,0.0073230430745487
ITUB4,1.02,60,SVC,2021-10-08,0,1,0.0073230430745487
ITUB4,1.02,60,RNA,2021-10-11,1,1,0.0308641902280213
ITUB4,1.02,60,Random Forest,2021-10-11,1,1,0.0308641902280213
ITUB4,1.02,60,SVC,2021-10-11,1,1,0.0308641902280213
ITUB4,1.02,60,RNA,2021-10-13,1,1,0.0253786199605245
ITUB4,1.02,60,Random Forest,2021-10-13,1,1,0.0253786199605245
ITUB4,1.02,60,SVC,2021-10-13,1,1,0.0253786199605245
ITUB4,1.02,60,RNA,2021-10-14,1,1,0.0342691861970516
ITUB4,1.02,60,Random Forest,2021-10-14,1,0,0.0342691861970516
ITUB4,1.02,60,SVC,2021-10-14,1,1,0.0342691861970516
ITUB4,1.02,60,RNA,2021-10-15,1,0,0.023189617837914
ITUB4,1.02,60,Random Forest,2021-10-15,1,1,0.023189617837914
ITUB4,1.02,60,SVC,2021-10-15,1,1,0.023189617837914
ITUB4,1.02,60,RNA,2021-10-18,0,0,-0.0469635439941812
ITUB4,1.02,60,Random Forest,2021-10-18,0,0,-0.0469635439941812
ITUB4,1.02,60,SVC,2021-10-18,0,0,-0.0469635439941812
ITUB4,1.02,60,RNA,2021-10-19,1,0,0.024439935114723
ITUB4,1.02,60,Random Forest,2021-10-19,1,0,0.024439935114723
ITUB4,1.02,60,SVC,2021-10-19,1,1,0.024439935114723
ITUB4,1.02,60,RNA,2021-10-20,1,1,0.0315832846173529
ITUB4,1.02,60,Random Forest,2021-10-20,1,1,0.0315832846173529
ITUB4,1.02,60,SVC,2021-10-20,1,1,0.0315832846173529
ITUB4,1.02,60,RNA,2021-10-21,0,0,-0.0082918607861871
ITUB4,1.02,60,Random Forest,2021-10-21,0,0,-0.0082918607861871
ITUB4,1.02,60,SVC,2021-10-21,0,0,-0.0082918607861871
ITUB4,1.02,60,RNA,2021-10-22,1,1,0.0325306495736845
ITUB4,1.02,60,Random Forest,2021-10-22,1,1,0.0325306495736845
ITUB4,1.02,60,SVC,2021-10-22,1,1,0.0325306495736845
ITUB4,1.02,60,RNA,2021-10-25,1,1,0.0316589790915677
ITUB4,1.02,60,Random Forest,2021-10-25,1,1,0.0316589790915677
ITUB4,1.02,60,SVC,2021-10-25,1,1,0.0316589790915677
ITUB4,1.02,60,RNA,2021-10-26,1,1,0.0234506059498256
ITUB4,1.02,60,Random Forest,2021-10-26,1,1,0.0234506059498256
ITUB4,1.02,60,SVC,2021-10-26,1,1,0.0234506059498256
ITUB4,1.02,60,RNA,2021-10-27,1,1,0.0514930535614301
ITUB4,1.02,60,Random Forest,2021-10-27,1,1,0.0514930535614301
ITUB4,1.02,60,SVC,2021-10-27,1,1,0.0514930535614301
ITUB4,1.02,60,RNA,2021-10-28,1,1,0.0396341430290116
ITUB4,1.02,60,Random Forest,2021-10-28,1,1,0.0396341430290116
ITUB4,1.02,60,SVC,2021-10-28,1,1,0.0396341430290116
ITUB4,1.02,60,RNA,2021-10-29,1,1,0.0489244873464975
ITUB4,1.02,60,Random Forest,2021-10-29,1,1,0.0489244873464975
ITUB4,1.02,60,SVC,2021-10-29,1,1,0.0489244873464975
ITUB4,1.02,60,RNA,2021-11-01,1,1,0.035818384436663
ITUB4,1.02,60,Random Forest,2021-11-01,1,1,0.035818384436663
ITUB4,1.02,60,SVC,2021-11-01,1,1,0.035818384436663
ITUB4,1.02,60,RNA,2021-11-03,0,1,-0.0796568810977264
ITUB4,1.02,60,Random Forest,2021-11-03,0,1,-0.0796568810977264
ITUB4,1.02,60,SVC,2021-11-03,0,1,-0.0796568810977264
ITUB4,1.02,60,RNA,2021-11-04,0,1,-0.0170212865038204
ITUB4,1.02,60,Random Forest,2021-11-04,0,1,-0.0170212865038204
ITUB4,1.02,60,SVC,2021-11-04,0,1,-0.0170212865038204
ITUB4,1.02,60,RNA,2021-11-05,1,1,0.0320175690689543
ITUB4,1.02,60,Random Forest,2021-11-05,1,1,0.0320175690689543
ITUB4,1.02,60,SVC,2021-11-05,1,1,0.0320175690689543
ITUB4,1.02,60,RNA,2021-11-08,1,1,0.0293088475990188
ITUB4,1.02,60,Random Forest,2021-11-08,1,1,0.0293088475990188
ITUB4,1.02,60,SVC,2021-11-08,1,1,0.0293088475990188
ITUB4,1.02,60,RNA,2021-11-09,1,1,0.0443852907718325
ITUB4,1.02,60,Random Forest,2021-11-09,1,1,0.0443852907718325
ITUB4,1.02,60,SVC,2021-11-09,1,1,0.0443852907718325
ITUB4,1.02,60,RNA,2021-11-10,0,1,-0.0247546374733381
ITUB4,1.02,60,Random Forest,2021-11-10,0,1,-0.0247546374733381
ITUB4,1.02,60,SVC,2021-11-10,0,1,-0.0247546374733381
ITUB4,1.02,60,RNA,2021-11-11,0,1,-0.0243161356008997
ITUB4,1.02,60,Random Forest,2021-11-11,0,1,-0.0243161356008997
ITUB4,1.02,60,SVC,2021-11-11,0,1,-0.0243161356008997
ITUB4,1.02,60,RNA,2021-11-12,0,1,-0.0346620071571147
ITUB4,1.02,60,Random Forest,2021-11-12,0,1,-0.0346620071571147
ITUB4,1.02,60,SVC,2021-11-12,0,1,-0.0346620071571147
ITUB4,1.02,60,RNA,2021-11-16,0,0,-0.0259394954502034
ITUB4,1.02,60,Random Forest,2021-11-16,0,0,-0.0259394954502034
ITUB4,1.02,60,SVC,2021-11-16,0,1,-0.0259394954502034
ITUB4,1.02,60,RNA,2021-11-17,0,0,-0.0043991574343631
ITUB4,1.02,60,Random Forest,2021-11-17,0,0,-0.0043991574343631
ITUB4,1.02,60,SVC,2021-11-17,0,1,-0.0043991574343631
ITUB4,1.02,60,RNA,2021-11-18,1,1,0.0468047693498809
ITUB4,1.02,60,Random Forest,2021-11-18,1,0,0.0468047693498809
ITUB4,1.02,60,SVC,2021-11-18,1,1,0.0468047693498809
ITUB4,1.02,60,RNA,2021-11-19,1,1,0.0672421066258708
ITUB4,1.02,60,Random Forest,2021-11-19,1,0,0.0672421066258708
ITUB4,1.02,60,SVC,2021-11-19,1,1,0.0672421066258708
ITUB4,1.02,60,RNA,2021-11-22,1,1,0.0557303067445305
ITUB4,1.02,60,Random Forest,2021-11-22,1,0,0.0557303067445305
ITUB4,1.02,60,SVC,2021-11-22,1,1,0.0557303067445305
ITUB4,1.02,60,RNA,2021-11-23,1,0,0.0576316950770274
ITUB4,1.02,60,Random Forest,2021-11-23,1,1,0.0576316950770274
ITUB4,1.02,60,SVC,2021-11-23,1,1,0.0576316950770274
ITUB4,1.02,60,RNA,2021-11-24,0,1,-0.0311688217456753
ITUB4,1.02,60,Random Forest,2021-11-24,0,1,-0.0311688217456753
ITUB4,1.02,60,SVC,2021-11-24,0,1,-0.0311688217456753
ITUB4,1.02,60,RNA,2021-11-25,0,1,-0.0229549305509405
ITUB4,1.02,60,Random Forest,2021-11-25,0,1,-0.0229549305509405
ITUB4,1.02,60,SVC,2021-11-25,0,1,-0.0229549305509405
ITUB4,1.02,60,RNA,2021-11-26,0,1,0.0003557636285826
ITUB4,1.02,60,Random Forest,2021-11-26,0,1,0.0003557636285826
ITUB4,1.02,60,SVC,2021-11-26,0,1,0.0003557636285826
ITUB4,1.02,60,RNA,2021-11-29,1,1,0.041386057701706
ITUB4,1.02,60,Random Forest,2021-11-29,1,1,0.041386057701706
ITUB4,1.02,60,SVC,2021-11-29,1,0,0.041386057701706
ITUB4,1.02,60,RNA,2021-11-30,1,1,0.0536347572662667
ITUB4,1.02,60,Random Forest,2021-11-30,1,1,0.0536347572662667
ITUB4,1.02,60,SVC,2021-11-30,1,1,0.0536347572662667
ITUB4,1.02,60,RNA,2021-12-01,1,1,0.0592691172032591
ITUB4,1.02,60,Random Forest,2021-12-01,1,1,0.0592691172032591
ITUB4,1.02,60,SVC,2021-12-01,1,0,0.0592691172032591
ITUB4,1.02,60,RNA,2021-12-02,1,0,0.0348279988374164
ITUB4,1.02,60,Random Forest,2021-12-02,1,1,0.0348279988374164
ITUB4,1.02,60,SVC,2021-12-02,1,0,0.0348279988374164
ITUB4,1.02,60,RNA,2021-12-03,1,1,0.0290043383694278
ITUB4,1.02,60,Random Forest,2021-12-03,1,0,0.0290043383694278
ITUB4,1.02,60,SVC,2021-12-03,1,0,0.0290043383694278
ITUB4,1.02,60,RNA,2021-12-06,0,1,-0.0618120507258376
ITUB4,1.02,60,Random Forest,2021-12-06,0,1,-0.0618120507258376
ITUB4,1.02,60,SVC,2021-12-06,0,1,-0.0618120507258376
ITUB4,1.02,60,RNA,2021-12-07,0,1,-0.0658293419037054
ITUB4,1.02,60,Random Forest,2021-12-07,0,1,-0.0658293419037054
ITUB4,1.02,60,SVC,2021-12-07,0,1,-0.0658293419037054
ITUB4,1.02,60,RNA,2021-12-08,0,1,-0.0438981392036046
ITUB4,1.02,60,Random Forest,2021-12-08,0,0,-0.0438981392036046
ITUB4,1.02,60,SVC,2021-12-08,0,1,-0.0438981392036046
ITUB4,1.02,60,RNA,2021-12-09,0,0,-0.0255834812574191
ITUB4,1.02,60,Random Forest,2021-12-09,0,1,-0.0255834812574191
ITUB4,1.02,60,SVC,2021-12-09,0,1,-0.0255834812574191
ITUB4,1.02,60,RNA,2021-12-10,0,1,-0.0121621902796168
ITUB4,1.02,60,Random Forest,2021-12-10,0,0,-0.0121621902796168
ITUB4,1.02,60,SVC,2021-12-10,0,1,-0.0121621902796168
ITUB4,1.02,60,RNA,2021-12-13,0,1,-0.01424635624692
ITUB4,1.02,60,Random Forest,2021-12-13,0,1,-0.01424635624692
ITUB4,1.02,60,SVC,2021-12-13,0,1,-0.01424635624692
ITUB4,1.02,60,RNA,2021-12-14,0,1,-0.0360565563354642
ITUB4,1.02,60,Random Forest,2021-12-14,0,0,-0.0360565563354642
ITUB4,1.02,60,SVC,2021-12-14,0,1,-0.0360565563354642
ITUB4,1.02,60,RNA,2021-12-15,0,0,-0.0342465322563038
ITUB4,1.02,60,Random Forest,2021-12-15,0,0,-0.0342465322563038
ITUB4,1.02,60,SVC,2021-12-15,0,1,-0.0342465322563038
ITUB4,1.02,60,RNA,2021-12-16,0,1,-0.01849281430975
ITUB4,1.02,60,Random Forest,2021-12-16,0,0,-0.01849281430975
ITUB4,1.02,60,SVC,2021-12-16,0,1,-0.01849281430975
ITUB4,1.02,60,RNA,2021-12-17,0,1,-0.0065177060386053
ITUB4,1.02,60,Random Forest,2021-12-17,0,0,-0.0065177060386053
ITUB4,1.02,60,SVC,2021-12-17,0,1,-0.0065177060386053
ITUB4,1.02,60,RNA,2021-12-20,1,0,0.024067948070755
ITUB4,1.02,60,Random Forest,2021-12-20,1,0,0.024067948070755
ITUB4,1.02,60,SVC,2021-12-20,1,1,0.024067948070755
ITUB4,1.02,60,RNA,2021-12-21,1,0,0.0221384703628604
ITUB4,1.02,60,Random Forest,2021-12-21,1,0,0.0221384703628604
ITUB4,1.02,60,SVC,2021-12-21,1,1,0.0221384703628604
ITUB4,1.02,60,RNA,2021-12-22,0,0,-0.0014064730560553
ITUB4,1.02,60,Random Forest,2021-12-22,0,1,-0.0014064730560553
ITUB4,1.02,60,SVC,2021-12-22,0,1,-0.0014064730560553
ITUB4,1.02,60,RNA,2021-12-23,0,0,-0.0246741099822024
ITUB4,1.02,60,Random Forest,2021-12-23,0,0,-0.0246741099822024
ITUB4,1.02,60,SVC,2021-12-23,0,1,-0.0246741099822024
ITUB4,1.02,60,RNA,2021-12-27,0,0,-0.0047098264950297
ITUB4,1.02,60,Random Forest,2021-12-27,0,0,-0.0047098264950297
ITUB4,1.02,60,SVC,2021-12-27,0,0,-0.0047098264950297
ITUB4,1.02,60,RNA,2021-12-28,1,0,0.0310585903132063
ITUB4,1.02,60,Random Forest,2021-12-28,1,0,0.0310585903132063
ITUB4,1.02,60,SVC,2021-12-28,1,0,0.0310585903132063
ITUB4,1.02,60,RNA,2021-12-29,1,0,0.0372539890194989
ITUB4,1.02,60,Random Forest,2021-12-29,1,0,0.0372539890194989
ITUB4,1.02,60,SVC,2021-12-29,1,0,0.0372539890194989
ITUB4,1.02,60,RNA,2021-12-30,1,1,0.0505431701703291
ITUB4,1.02,60,Random Forest,2021-12-30,1,0,0.0505431701703291
ITUB4,1.02,60,SVC,2021-12-30,1,1,0.0505431701703291
ITUB4,1.02,60,RNA,2022-01-03,1,1,0.0476410159453579
ITUB4,1.02,60,Random Forest,2022-01-03,1,0,0.0476410159453579
ITUB4,1.02,60,SVC,2022-01-03,1,1,0.0476410159453579
ITUB4,1.02,60,RNA,2022-01-04,1,0,0.0357628155006652
ITUB4,1.02,60,Random Forest,2022-01-04,1,0,0.0357628155006652
ITUB4,1.02,60,SVC,2022-01-04,1,1,0.0357628155006652
ITUB4,1.02,60,RNA,2022-01-05,1,0,0.0790203321696605
ITUB4,1.02,60,Random Forest,2022-01-05,1,1,0.0790203321696605
ITUB4,1.02,60,SVC,2022-01-05,1,1,0.0790203321696605
ITUB4,1.02,60,RNA,2022-01-06,1,1,0.0638297664373066
ITUB4,1.02,60,Random Forest,2022-01-06,1,1,0.0638297664373066
ITUB4,1.02,60,SVC,2022-01-06,1,1,0.0638297664373066
ITUB4,1.02,60,RNA,2022-01-07,1,1,0.0553832041285577
ITUB4,1.02,60,Random Forest,2022-01-07,1,1,0.0553832041285577
ITUB4,1.02,60,SVC,2022-01-07,1,1,0.0553832041285577
ITUB4,1.02,60,RNA,2022-01-10,1,1,0.0465115934802304
ITUB4,1.02,60,Random Forest,2022-01-10,1,1,0.0465115934802304
ITUB4,1.02,60,SVC,2022-01-10,1,1,0.0465115934802304
ITUB4,1.02,60,RNA,2022-01-11,1,1,0.025365427611935
ITUB4,1.02,60,Random Forest,2022-01-11,1,1,0.025365427611935
ITUB4,1.02,60,SVC,2022-01-11,1,1,0.025365427611935
ITUB4,1.02,60,RNA,2022-01-12,1,0,0.0376786879734858
ITUB4,1.02,60,Random Forest,2022-01-12,1,1,0.0376786879734858
ITUB4,1.02,60,SVC,2022-01-12,1,1,0.0376786879734858
ITUB4,1.02,60,RNA,2022-01-13,1,1,0.0216376556504924
ITUB4,1.02,60,Random Forest,2022-01-13,1,1,0.0216376556504924
ITUB4,1.02,60,SVC,2022-01-13,1,1,0.0216376556504924
ITUB4,1.02,60,RNA,2022-01-14,1,1,0.0264279757789476
ITUB4,1.02,60,Random Forest,2022-01-14,1,1,0.0264279757789476
ITUB4,1.02,60,SVC,2022-01-14,1,1,0.0264279757789476
ITUB4,1.02,60,RNA,2022-01-17,1,1,0.0294997666235299
ITUB4,1.02,60,Random Forest,2022-01-17,1,1,0.0294997666235299
ITUB4,1.02,60,SVC,2022-01-17,1,1,0.0294997666235299
ITUB4,1.02,60,RNA,2022-01-18,0,1,-0.0230898283165588
ITUB4,1.02,60,Random Forest,2022-01-18,0,1,-0.0230898283165588
ITUB4,1.02,60,SVC,2022-01-18,0,1,-0.0230898283165588
ITUB4,1.02,60,RNA,2022-01-19,1,1,0.0259133646413598
ITUB4,1.02,60,Random Forest,2022-01-19,1,1,0.0259133646413598
ITUB4,1.02,60,SVC,2022-01-19,1,1,0.0259133646413598
ITUB4,1.02,60,RNA,2022-01-20,1,1,0.0569456819757006
ITUB4,1.02,60,Random Forest,2022-01-20,1,1,0.0569456819757006
ITUB4,1.02,60,SVC,2022-01-20,1,1,0.0569456819757006
ITUB4,1.02,60,RNA,2022-01-21,1,0,0.0672376933559397
ITUB4,1.02,60,Random Forest,2022-01-21,1,1,0.0672376933559397
ITUB4,1.02,60,SVC,2022-01-21,1,1,0.0672376933559397
ITUB4,1.02,60,RNA,2022-01-24,1,0,0.0806591279141182
ITUB4,1.02,60,Random Forest,2022-01-24,1,1,0.0806591279141182
ITUB4,1.02,60,SVC,2022-01-24,1,1,0.0806591279141182
ITUB4,1.02,60,RNA,2022-01-25,1,1,0.0484997812699279
ITUB4,1.02,60,Random Forest,2022-01-25,1,1,0.0484997812699279
ITUB4,1.02,60,SVC,2022-01-25,1,1,0.0484997812699279
ITUB4,1.02,60,RNA,2022-01-26,1,1,0.049731276264443
ITUB4,1.02,60,Random Forest,2022-01-26,1,0,0.049731276264443
ITUB4,1.02,60,SVC,2022-01-26,1,1,0.049731276264443
ITUB4,1.02,60,RNA,2022-01-27,1,1,0.064069473566501
ITUB4,1.02,60,Random Forest,2022-01-27,1,1,0.064069473566501
ITUB4,1.02,60,SVC,2022-01-27,1,1,0.064069473566501
ITUB4,1.02,60,RNA,2022-01-28,1,1,0.0420721099886232
ITUB4,1.02,60,Random Forest,2022-01-28,1,1,0.0420721099886232
ITUB4,1.02,60,SVC,2022-01-28,1,1,0.0420721099886232
ITUB4,1.02,60,RNA,2022-01-31,0,1,0.0067220436394803
ITUB4,1.02,60,Random Forest,2022-01-31,0,1,0.0067220436394803
ITUB4,1.02,60,SVC,2022-01-31,0,1,0.0067220436394803
ITUB4,1.02,60,RNA,2022-02-01,0,1,-0.0058892889288928
ITUB4,1.02,60,Random Forest,2022-02-01,0,1,-0.0058892889288928
ITUB4,1.02,60,SVC,2022-02-01,0,1,-0.0058892889288928
ITUB4,1.02,60,RNA,2022-02-02,1,1,0.0222222281681947
ITUB4,1.02,60,Random Forest,2022-02-02,1,1,0.0222222281681947
ITUB4,1.02,60,SVC,2022-02-02,1,1,0.0222222281681947
ITUB4,1.02,60,RNA,2022-02-03,1,1,0.0206022553640792
ITUB4,1.02,60,Random Forest,2022-02-03,1,0,0.0206022553640792
ITUB4,1.02,60,SVC,2022-02-03,1,1,0.0206022553640792
ITUB4,1.02,60,RNA,2022-02-04,0,1,-0.015717111492743
ITUB4,1.02,60,Random Forest,2022-02-04,0,0,-0.015717111492743
ITUB4,1.02,60,SVC,2022-02-04,0,1,-0.015717111492743
ITUB4,1.02,60,RNA,2022-02-07,1,1,0.0680379628667453
ITUB4,1.02,60,Random Forest,2022-02-07,1,1,0.0680379628667453
ITUB4,1.02,60,SVC,2022-02-07,1,1,0.0680379628667453
ITUB4,1.02,60,RNA,2022-02-08,1,0,0.0821643226999038
ITUB4,1.02,60,Random Forest,2022-02-08,1,0,0.0821643226999038
ITUB4,1.02,60,SVC,2022-02-08,1,1,0.0821643226999038
ITUB4,1.02,60,RNA,2022-02-09,1,1,0.0997963502340921
ITUB4,1.02,60,Random Forest,2022-02-09,1,1,0.0997963502340921
ITUB4,1.02,60,SVC,2022-02-09,1,1,0.0997963502340921
ITUB4,1.02,60,RNA,2022-02-10,1,1,0.024667910809637
ITUB4,1.02,60,Random Forest,2022-02-10,1,0,0.024667910809637
ITUB4,1.02,60,SVC,2022-02-10,1,1,0.024667910809637
ITUB4,1.02,60,RNA,2022-02-11,0,1,-0.0199247764467103
ITUB4,1.02,60,Random Forest,2022-02-11,0,1,-0.0199247764467103
ITUB4,1.02,60,SVC,2022-02-11,0,1,-0.0199247764467103
ITUB4,1.02,60,RNA,2022-02-14,0,0,-0.0235074318756265
ITUB4,1.02,60,Random Forest,2022-02-14,0,1,-0.0235074318756265
ITUB4,1.02,60,SVC,2022-02-14,0,1,-0.0235074318756265
ITUB4,1.02,60,RNA,2022-02-15,0,1,-0.0466766308714334
ITUB4,1.02,60,Random Forest,2022-02-15,0,1,-0.0466766308714334
ITUB4,1.02,60,SVC,2022-02-15,0,1,-0.0466766308714334
ITUB4,1.02,60,RNA,2022-02-16,0,1,-0.0240991402402619
ITUB4,1.02,60,Random Forest,2022-02-16,0,0,-0.0240991402402619
ITUB4,1.02,60,SVC,2022-02-16,0,1,-0.0240991402402619
ITUB4,1.02,60,RNA,2022-02-17,0,1,-0.0311369219655965
ITUB4,1.02,60,Random Forest,2022-02-17,0,1,-0.0311369219655965
ITUB4,1.02,60,SVC,2022-02-17,0,1,-0.0311369219655965
ITUB4,1.02,60,RNA,2022-02-18,0,1,-0.0479084674639354
ITUB4,1.02,60,Random Forest,2022-02-18,0,1,-0.0479084674639354
ITUB4,1.02,60,SVC,2022-02-18,0,1,-0.0479084674639354
ITUB4,1.02,60,RNA,2022-02-21,0,1,-0.010873782220349
ITUB4,1.02,60,Random Forest,2022-02-21,0,0,-0.010873782220349
ITUB4,1.02,60,SVC,2022-02-21,0,1,-0.010873782220349
ITUB4,1.02,60,RNA,2022-02-22,0,0,-0.0280419803855617
ITUB4,1.02,60,Random Forest,2022-02-22,0,0,-0.0280419803855617
ITUB4,1.02,60,SVC,2022-02-22,0,1,-0.0280419803855617
ITUB4,1.02,60,RNA,2022-02-23,1,1,0.0451687520653039
ITUB4,1.02,60,Random Forest,2022-02-23,1,0,0.0451687520653039
ITUB4,1.02,60,SVC,2022-02-23,1,1,0.0451687520653039
ITUB4,1.02,60,RNA,2022-02-24,1,0,0.0401256799484976
ITUB4,1.02,60,Random Forest,2022-02-24,1,0,0.0401256799484976
ITUB4,1.02,60,SVC,2022-02-24,1,1,0.0401256799484976
ITUB4,1.02,60,RNA,2022-02-25,1,0,0.0270162697164091
ITUB4,1.02,60,Random Forest,2022-02-25,1,0,0.0270162697164091
ITUB4,1.02,60,SVC,2022-02-25,1,1,0.0270162697164091
ITUB4,1.02,60,RNA,2022-03-02,1,1,0.0323482470863125
ITUB4,1.02,60,Random Forest,2022-03-02,1,0,0.0323482470863125
ITUB4,1.02,60,SVC,2022-03-02,1,1,0.0323482470863125
ITUB4,1.02,60,RNA,2022-03-03,0,0,0.0011966216512069
ITUB4,1.02,60,Random Forest,2022-03-03,0,0,0.0011966216512069
ITUB4,1.02,60,SVC,2022-03-03,0,1,0.0011966216512069
ITUB4,1.02,60,RNA,2022-03-04,1,0,0.0428512824656532
ITUB4,1.02,60,Random Forest,2022-03-04,1,1,0.0428512824656532
ITUB4,1.02,60,SVC,2022-03-04,1,1,0.0428512824656532
ITUB4,1.02,60,RNA,2022-03-07,1,0,0.0561287825794227
ITUB4,1.02,60,Random Forest,2022-03-07,1,0,0.0561287825794227
ITUB4,1.02,60,SVC,2022-03-07,1,1,0.0561287825794227
ITUB4,1.02,60,RNA,2022-03-08,1,0,0.0570012551511909
ITUB4,1.02,60,Random Forest,2022-03-08,1,1,0.0570012551511909
ITUB4,1.02,60,SVC,2022-03-08,1,1,0.0570012551511909
ITUB4,1.02,60,RNA,2022-03-09,1,0,0.0343573189920463
ITUB4,1.02,60,Random Forest,2022-03-09,1,1,0.0343573189920463
ITUB4,1.02,60,SVC,2022-03-09,1,1,0.0343573189920463
ITUB4,1.02,60,RNA,2022-03-10,0,0,0.0142687174217719
ITUB4,1.02,60,Random Forest,2022-03-10,0,1,0.0142687174217719
ITUB4,1.02,60,SVC,2022-03-10,0,1,0.0142687174217719
ITUB4,1.02,60,RNA,2022-03-11,1,1,0.0467625841187866
ITUB4,1.02,60,Random Forest,2022-03-11,1,1,0.0467625841187866
ITUB4,1.02,60,SVC,2022-03-11,1,1,0.0467625841187866
ITUB4,1.02,60,RNA,2022-03-14,1,1,0.0593388926517088
ITUB4,1.02,60,Random Forest,2022-03-14,1,1,0.0593388926517088
ITUB4,1.02,60,SVC,2022-03-14,1,1,0.0593388926517088
ITUB4,1.02,60,RNA,2022-03-15,1,1,0.0686390571528654
ITUB4,1.02,60,Random Forest,2022-03-15,1,1,0.0686390571528654
ITUB4,1.02,60,SVC,2022-03-15,1,1,0.0686390571528654
ITUB4,1.02,60,RNA,2022-03-16,1,1,0.0737129205725104
ITUB4,1.02,60,Random Forest,2022-03-16,1,1,0.0737129205725104
ITUB4,1.02,60,SVC,2022-03-16,1,1,0.0737129205725104
ITUB4,1.02,60,RNA,2022-03-17,1,1,0.0594097715633445
ITUB4,1.02,60,Random Forest,2022-03-17,1,1,0.0594097715633445
ITUB4,1.02,60,SVC,2022-03-17,1,0,0.0594097715633445
ITUB4,1.02,60,RNA,2022-03-18,1,1,0.0487897032316011
ITUB4,1.02,60,Random Forest,2022-03-18,1,1,0.0487897032316011
ITUB4,1.02,60,SVC,2022-03-18,1,1,0.0487897032316011
ITUB4,1.02,60,RNA,2022-03-21,0,0,0.0099264884657097
ITUB4,1.02,60,Random Forest,2022-03-21,0,0,0.0099264884657097
ITUB4,1.02,60,SVC,2022-03-21,0,1,0.0099264884657097
ITUB4,1.02,60,RNA,2022-03-22,0,1,0.0021905789418816
ITUB4,1.02,60,Random Forest,2022-03-22,0,0,0.0021905789418816
ITUB4,1.02,60,SVC,2022-03-22,0,1,0.0021905789418816
ITUB4,1.02,60,RNA,2022-03-23,1,1,0.027442376051892
ITUB4,1.02,60,Random Forest,2022-03-23,1,0,0.027442376051892
ITUB4,1.02,60,SVC,2022-03-23,1,1,0.027442376051892
ITUB4,1.02,60,RNA,2022-03-24,1,0,0.0203488222705303
ITUB4,1.02,60,Random Forest,2022-03-24,1,0,0.0203488222705303
ITUB4,1.02,60,SVC,2022-03-24,1,1,0.0203488222705303
ITUB4,1.02,60,RNA,2022-03-25,0,1,-0.002178647639214
ITUB4,1.02,60,Random Forest,2022-03-25,0,1,-0.002178647639214
ITUB4,1.02,60,SVC,2022-03-25,0,1,-0.002178647639214
ITUB4,1.02,60,RNA,2022-03-28,0,1,-0.0054964919587053
ITUB4,1.02,60,Random Forest,2022-03-28,0,0,-0.0054964919587053
ITUB4,1.02,60,SVC,2022-03-28,0,1,-0.0054964919587053
ITUB4,1.02,60,RNA,2022-03-29,0,1,-0.0191260467010287
ITUB4,1.02,60,Random Forest,2022-03-29,0,0,-0.0191260467010287
ITUB4,1.02,60,SVC,2022-03-29,0,1,-0.0191260467010287
ITUB4,1.02,60,RNA,2022-03-30,0,1,-0.0402733956983835
ITUB4,1.02,60,Random Forest,2022-03-30,0,0,-0.0402733956983835
ITUB4,1.02,60,SVC,2022-03-30,0,1,-0.0402733956983835
ITUB4,1.02,60,RNA,2022-03-31,0,1,-0.035018065908836
ITUB4,1.02,60,Random Forest,2022-03-31,0,0,-0.035018065908836
ITUB4,1.02,60,SVC,2022-03-31,0,1,-0.035018065908836
ITUB4,1.02,60,RNA,2022-04-01,0,0,-0.0269581373545115
ITUB4,1.02,60,Random Forest,2022-04-01,0,0,-0.0269581373545115
ITUB4,1.02,60,SVC,2022-04-01,0,1,-0.0269581373545115
ITUB4,1.02,60,RNA,2022-04-04,0,0,-0.020932810595951
ITUB4,1.02,60,Random Forest,2022-04-04,0,0,-0.020932810595951
ITUB4,1.02,60,SVC,2022-04-04,0,1,-0.020932810595951
ITUB4,1.02,60,RNA,2022-04-05,0,0,-0.0003763504021335
ITUB4,1.02,60,Random Forest,2022-04-05,0,0,-0.0003763504021335
ITUB4,1.02,60,SVC,2022-04-05,0,1,-0.0003763504021335
ITUB4,1.02,60,RNA,2022-04-06,0,0,-0.0158431009522819
ITUB4,1.02,60,Random Forest,2022-04-06,0,0,-0.0158431009522819
ITUB4,1.02,60,SVC,2022-04-06,0,1,-0.0158431009522819
ITUB4,1.02,60,RNA,2022-04-07,0,0,-0.0150602412691489
ITUB4,1.02,60,Random Forest,2022-04-07,0,0,-0.0150602412691489
ITUB4,1.02,60,SVC,2022-04-07,0,1,-0.0150602412691489
ITUB4,1.02,60,RNA,2022-04-08,0,0,-0.0101503546906058
ITUB4,1.02,60,Random Forest,2022-04-08,0,0,-0.0101503546906058
ITUB4,1.02,60,SVC,2022-04-08,0,0,-0.0101503546906058
ITUB4,1.02,60,RNA,2022-04-11,0,0,-0.0119403085524354
ITUB4,1.02,60,Random Forest,2022-04-11,0,0,-0.0119403085524354
ITUB4,1.02,60,SVC,2022-04-11,0,0,-0.0119403085524354
ITUB4,1.02,60,RNA,2022-04-12,0,0,-0.0102739512031623
ITUB4,1.02,60,Random Forest,2022-04-12,0,0,-0.0102739512031623
ITUB4,1.02,60,SVC,2022-04-12,0,0,-0.0102739512031623
ITUB4,1.02,60,RNA,2022-04-13,1,1,0.0207134714159142
ITUB4,1.02,60,Random Forest,2022-04-13,1,0,0.0207134714159142
ITUB4,1.02,60,SVC,2022-04-13,1,1,0.0207134714159142
ITUB4,1.02,60,RNA,2022-04-14,0,0,-0.0217225270188895
ITUB4,1.02,60,Random Forest,2022-04-14,0,0,-0.0217225270188895
ITUB4,1.02,60,SVC,2022-04-14,0,0,-0.0217225270188895
ITUB4,1.02,60,RNA,2022-04-18,0,0,-0.0358220153171914
ITUB4,1.02,60,Random Forest,2022-04-18,0,0,-0.0358220153171914
ITUB4,1.02,60,SVC,2022-04-18,0,1,-0.0358220153171914
ITUB4,1.02,60,RNA,2022-04-19,0,0,-0.0507301934568943
ITUB4,1.02,60,Random Forest,2022-04-19,0,0,-0.0507301934568943
ITUB4,1.02,60,SVC,2022-04-19,0,0,-0.0507301934568943
ITUB4,1.02,60,RNA,2022-04-20,0,0,-0.0540540287712879
ITUB4,1.02,60,Random Forest,2022-04-20,0,0,-0.0540540287712879
ITUB4,1.02,60,SVC,2022-04-20,0,1,-0.0540540287712879
ITUB4,1.02,60,RNA,2022-04-22,0,1,-0.0470588241504158
ITUB4,1.02,60,Random Forest,2022-04-22,0,0,-0.0470588241504158
ITUB4,1.02,60,SVC,2022-04-22,0,0,-0.0470588241504158
ITUB4,1.02,60,RNA,2022-04-25,0,0,-0.0550277017137272
ITUB4,1.02,60,Random Forest,2022-04-25,0,0,-0.0550277017137272
ITUB4,1.02,60,SVC,2022-04-25,0,0,-0.0550277017137272
ITUB4,1.02,60,RNA,2022-04-26,0,0,-0.0489169900846493
ITUB4,1.02,60,Random Forest,2022-04-26,0,0,-0.0489169900846493
ITUB4,1.02,60,SVC,2022-04-26,0,0,-0.0489169900846493
ITUB4,1.02,60,RNA,2022-04-27,0,0,-0.0253915709313881
ITUB4,1.02,60,Random Forest,2022-04-27,0,1,-0.0253915709313881
ITUB4,1.02,60,SVC,2022-04-27,0,0,-0.0253915709313881
ITUB4,1.02,60,RNA,2022-04-28,1,1,0.0200327360666732
ITUB4,1.02,60,Random Forest,2022-04-28,1,1,0.0200327360666732
ITUB4,1.02,60,SVC,2022-04-28,1,1,0.0200327360666732
ITUB4,1.02,60,RNA,2022-04-29,0,0,-0.0242982478976204
ITUB4,1.02,60,Random Forest,2022-04-29,0,1,-0.0242982478976204
ITUB4,1.02,60,SVC,2022-04-29,0,0,-0.0242982478976204
ITUB4,1.02,60,RNA,2022-05-02,0,1,-0.0004201811034244
ITUB4,1.02,60,Random Forest,2022-05-02,0,1,-0.0004201811034244
ITUB4,1.02,60,SVC,2022-05-02,0,1,-0.0004201811034244
ITUB4,1.02,60,RNA,2022-05-03,0,0,-0.0130471465289693
ITUB4,1.02,60,Random Forest,2022-05-03,0,1,-0.0130471465289693
ITUB4,1.02,60,SVC,2022-05-03,0,0,-0.0130471465289693
ITUB4,1.02,60,RNA,2022-05-04,1,0,0.0267062045527981
ITUB4,1.02,60,Random Forest,2022-05-04,1,0,0.0267062045527981
ITUB4,1.02,60,SVC,2022-05-04,1,0,0.0267062045527981
ITUB4,1.02,60,RNA,2022-05-05,1,0,0.0403779885571777
ITUB4,1.02,60,Random Forest,2022-05-05,1,0,0.0403779885571777
ITUB4,1.02,60,SVC,2022-05-05,1,0,0.0403779885571777
ITUB4,1.02,60,RNA,2022-05-06,1,1,0.0391744157072504
ITUB4,1.02,60,Random Forest,2022-05-06,1,0,0.0391744157072504
ITUB4,1.02,60,SVC,2022-05-06,1,0,0.0391744157072504
ITUB4,1.02,60,RNA,2022-05-09,1,1,0.0563798031783684
ITUB4,1.02,60,Random Forest,2022-05-09,1,1,0.0563798031783684
ITUB4,1.02,60,SVC,2022-05-09,1,0,0.0563798031783684
ITUB4,1.02,60,RNA,2022-05-10,1,1,0.0825492205086841
ITUB4,1.02,60,Random Forest,2022-05-10,1,1,0.0825492205086841
ITUB4,1.02,60,SVC,2022-05-10,1,0,0.0825492205086841
ITUB4,1.02,60,RNA,2022-05-11,1,1,0.0706226484780316
ITUB4,1.02,60,Random Forest,2022-05-11,1,1,0.0706226484780316
ITUB4,1.02,60,SVC,2022-05-11,1,1,0.0706226484780316
ITUB4,1.02,60,RNA,2022-05-12,1,0,0.0376670973056056
ITUB4,1.02,60,Random Forest,2022-05-12,1,1,0.0376670973056056
ITUB4,1.02,60,SVC,2022-05-12,1,1,0.0376670973056056
ITUB4,1.02,60,RNA,2022-05-13,1,0,0.0309859022282708
ITUB4,1.02,60,Random Forest,2022-05-13,1,1,0.0309859022282708
ITUB4,1.02,60,SVC,2022-05-13,1,1,0.0309859022282708
ITUB4,1.02,60,RNA,2022-05-16,0,1,-0.009069416839149
ITUB4,1.02,60,Random Forest,2022-05-16,0,0,-0.009069416839149
ITUB4,1.02,60,SVC,2022-05-16,0,0,-0.009069416839149
ITUB4,1.02,60,RNA,2022-05-17,1,1,0.0325655239541964
ITUB4,1.02,60,Random Forest,2022-05-17,1,1,0.0325655239541964
ITUB4,1.02,60,SVC,2022-05-17,1,1,0.0325655239541964
ITUB4,1.02,60,RNA,2022-05-18,1,0,0.055377198528993
ITUB4,1.02,60,Random Forest,2022-05-18,1,0,0.055377198528993
ITUB4,1.02,60,SVC,2022-05-18,1,0,0.055377198528993
ITUB4,1.02,60,RNA,2022-05-19,1,0,0.0482263808902363
ITUB4,1.02,60,Random Forest,2022-05-19,1,1,0.0482263808902363
ITUB4,1.02,60,SVC,2022-05-19,1,1,0.0482263808902363
ITUB4,1.02,60,RNA,2022-05-20,1,1,0.0399367510682473
ITUB4,1.02,60,Random Forest,2022-05-20,1,1,0.0399367510682473
ITUB4,1.02,60,SVC,2022-05-20,1,1,0.0399367510682473
ITUB4,1.02,60,RNA,2022-05-23,1,1,0.0288162039864163
ITUB4,1.02,60,Random Forest,2022-05-23,1,1,0.0288162039864163
ITUB4,1.02,60,SVC,2022-05-23,1,1,0.0288162039864163
ITUB4,1.02,60,RNA,2022-05-24,0,1,-0.0049904030313762
ITUB4,1.02,60,Random Forest,2022-05-24,0,1,-0.0049904030313762
ITUB4,1.02,60,SVC,2022-05-24,0,0,-0.0049904030313762
ITUB4,1.02,60,RNA,2022-05-25,1,1,0.0275942683981698
ITUB4,1.02,60,Random Forest,2022-05-25,1,0,0.0275942683981698
ITUB4,1.02,60,SVC,2022-05-25,1,1,0.0275942683981698
ITUB4,1.02,60,RNA,2022-05-26,0,0,-0.0100762791903735
ITUB4,1.02,60,Random Forest,2022-05-26,0,1,-0.0100762791903735
ITUB4,1.02,60,SVC,2022-05-26,0,1,-0.0100762791903735
ITUB4,1.02,60,RNA,2022-05-27,0,1,-0.0137995024253322
ITUB4,1.02,60,Random Forest,2022-05-27,0,0,-0.0137995024253322
ITUB4,1.02,60,SVC,2022-05-27,0,1,-0.0137995024253322
ITUB4,1.02,60,RNA,2022-05-30,0,0,-0.0203310780095277
ITUB4,1.02,60,Random Forest,2022-05-30,0,0,-0.0203310780095277
ITUB4,1.02,60,SVC,2022-05-30,0,0,-0.0203310780095277
ITUB4,1.02,60,RNA,2022-05-31,0,1,-0.0277672243527614
ITUB4,1.02,60,Random Forest,2022-05-31,0,1,-0.0277672243527614
ITUB4,1.02,60,SVC,2022-05-31,0,1,-0.0277672243527614
ITUB4,1.02,60,RNA,2022-06-01,0,0,-0.0176786889121048
ITUB4,1.02,60,Random Forest,2022-06-01,0,0,-0.0176786889121048
ITUB4,1.02,60,SVC,2022-06-01,0,0,-0.0176786889121048
ITUB4,1.02,60,RNA,2022-06-02,0,1,-0.026407777815245
ITUB4,1.02,60,Random Forest,2022-06-02,0,1,-0.026407777815245
ITUB4,1.02,60,SVC,2022-06-02,0,1,-0.026407777815245
ITUB4,1.02,60,RNA,2022-06-03,0,1,-0.0468085250204608
ITUB4,1.02,60,Random Forest,2022-06-03,0,1,-0.0468085250204608
ITUB4,1.02,60,SVC,2022-06-03,0,0,-0.0468085250204608
ITUB4,1.02,60,RNA,2022-06-06,0,0,-0.0537888035915916
ITUB4,1.02,60,Random Forest,2022-06-06,0,0,-0.0537888035915916
ITUB4,1.02,60,SVC,2022-06-06,0,1,-0.0537888035915916
ITUB4,1.02,60,RNA,2022-06-07,0,1,-0.0644400406712316
ITUB4,1.02,60,Random Forest,2022-06-07,0,0,-0.0644400406712316
ITUB4,1.02,60,SVC,2022-06-07,0,0,-0.0644400406712316
ITUB4,1.02,60,RNA,2022-06-08,0,1,-0.0562649363477463
ITUB4,1.02,60,Random Forest,2022-06-08,0,0,-0.0562649363477463
ITUB4,1.02,60,SVC,2022-06-08,0,0,-0.0562649363477463
ITUB4,1.02,60,RNA,2022-06-09,0,0,-0.032192312455432
ITUB4,1.02,60,Random Forest,2022-06-09,0,0,-0.032192312455432
ITUB4,1.02,60,SVC,2022-06-09,0,0,-0.032192312455432
ITUB4,1.02,60,RNA,2022-06-10,0,0,-0.0229166936191477
ITUB4,1.02,60,Random Forest,2022-06-10,0,0,-0.0229166936191477
ITUB4,1.02,60,SVC,2022-06-10,0,0,-0.0229166936191477
ITUB4,1.02,60,RNA,2022-06-13,1,0,0.0289672784292056
ITUB4,1.02,60,Random Forest,2022-06-13,1,0,0.0289672784292056
ITUB4,1.02,60,SVC,2022-06-13,1,0,0.0289672784292056
ITUB4,1.02,60,RNA,2022-06-14,1,0,0.0305184092137662
ITUB4,1.02,60,Random Forest,2022-06-14,1,0,0.0305184092137662
ITUB4,1.02,60,SVC,2022-06-14,1,0,0.0305184092137662
ITUB4,1.02,60,RNA,2022-06-15,1,0,0.0561268433615489
ITUB4,1.02,60,Random Forest,2022-06-15,1,0,0.0561268433615489
ITUB4,1.02,60,SVC,2022-06-15,1,0,0.0561268433615489
ITUB4,1.02,60,RNA,2022-06-17,1,0,0.045377459659613
ITUB4,1.02,60,Random Forest,2022-06-17,1,1,0.045377459659613
ITUB4,1.02,60,SVC,2022-06-17,1,0,0.045377459659613
ITUB4,1.02,60,RNA,2022-06-20,0,0,-0.0456026274335767
ITUB4,1.02,60,Random Forest,2022-06-20,0,1,-0.0456026274335767
ITUB4,1.02,60,SVC,2022-06-20,0,0,-0.0456026274335767
ITUB4,1.02,60,RNA,2022-06-21,0,0,-0.0284301836254713
ITUB4,1.02,60,Random Forest,2022-06-21,0,1,-0.0284301836254713
ITUB4,1.02,60,SVC,2022-06-21,0,0,-0.0284301836254713
ITUB4,1.02,60,RNA,2022-06-22,0,1,-0.0307564126464507
ITUB4,1.02,60,Random Forest,2022-06-22,0,1,-0.0307564126464507
ITUB4,1.02,60,SVC,2022-06-22,0,1,-0.0307564126464507
ITUB4,1.02,60,RNA,2022-06-23,0,1,-0.0257492468736639
ITUB4,1.02,60,Random Forest,2022-06-23,0,1,-0.0257492468736639
ITUB4,1.02,60,SVC,2022-06-23,0,1,-0.0257492468736639
ITUB4,1.02,60,RNA,2022-06-24,0,1,-0.0365490852532083
ITUB4,1.02,60,Random Forest,2022-06-24,0,1,-0.0365490852532083
ITUB4,1.02,60,SVC,2022-06-24,0,1,-0.0365490852532083
ITUB4,1.02,60,RNA,2022-06-27,0,0,-0.0363331442232922
ITUB4,1.02,60,Random Forest,2022-06-27,0,1,-0.0363331442232922
ITUB4,1.02,60,SVC,2022-06-27,0,1,-0.0363331442232922
ITUB4,1.02,60,RNA,2022-06-28,0,0,-0.0350386772035582
ITUB4,1.02,60,Random Forest,2022-06-28,0,0,-0.0350386772035582
ITUB4,1.02,60,SVC,2022-06-28,0,1,-0.0350386772035582
ITUB4,1.02,60,RNA,2022-06-29,0,0,-0.0005360591833839
ITUB4,1.02,60,Random Forest,2022-06-29,0,0,-0.0005360591833839
ITUB4,1.02,60,SVC,2022-06-29,0,1,-0.0005360591833839
ITUB4,1.02,60,RNA,2022-06-30,1,0,0.0291218372710995
ITUB4,1.02,60,Random Forest,2022-06-30,1,0,0.0291218372710995
ITUB4,1.02,60,SVC,2022-06-30,1,0,0.0291218372710995
ITUB4,1.02,60,RNA,2022-07-01,0,0,0.0101455908189715
ITUB4,1.02,60,Random Forest,2022-07-01,0,0,0.0101455908189715
ITUB4,1.02,60,SVC,2022-07-01,0,0,0.0101455908189715
ITUB4,1.02,60,RNA,2022-07-04,1,1,0.0337777822878626
ITUB4,1.02,60,Random Forest,2022-07-04,1,0,0.0337777822878626
ITUB4,1.02,60,SVC,2022-07-04,1,0,0.0337777822878626
ITUB4,1.02,60,RNA,2022-07-05,1,0,0.0287483155109851
ITUB4,1.02,60,Random Forest,2022-07-05,1,0,0.0287483155109851
ITUB4,1.02,60,SVC,2022-07-05,1,0,0.0287483155109851
ITUB4,1.02,60,RNA,2022-07-06,1,1,0.0206230933054667
ITUB4,1.02,60,Random Forest,2022-07-06,1,0,0.0206230933054667
ITUB4,1.02,60,SVC,2022-07-06,1,0,0.0206230933054667
ITUB4,1.02,60,RNA,2022-07-07,0,0,-0.0357296566372041
ITUB4,1.02,60,Random Forest,2022-07-07,0,1,-0.0357296566372041
ITUB4,1.02,60,SVC,2022-07-07,0,1,-0.0357296566372041
ITUB4,1.02,60,RNA,2022-07-08,0,0,-0.0194777031141839
ITUB4,1.02,60,Random Forest,2022-07-08,0,0,-0.0194777031141839
ITUB4,1.02,60,SVC,2022-07-08,0,0,-0.0194777031141839
ITUB4,1.02,60,RNA,2022-07-11,0,0,0.0008876944070723
ITUB4,1.02,60,Random Forest,2022-07-11,0,0,0.0008876944070723
ITUB4,1.02,60,SVC,2022-07-11,0,0,0.0008876944070723
ITUB4,1.02,60,RNA,2022-07-12,1,0,0.027703327439519
ITUB4,1.02,60,Random Forest,2022-07-12,1,0,0.027703327439519
ITUB4,1.02,60,SVC,2022-07-12,1,0,0.027703327439519
ITUB4,1.02,60,RNA,2022-07-13,1,0,0.0697569357639433
ITUB4,1.02,60,Random Forest,2022-07-13,1,0,0.0697569357639433
ITUB4,1.02,60,SVC,2022-07-13,1,0,0.0697569357639433
ITUB4,1.02,60,RNA,2022-07-14,1,0,0.0707207336925679
ITUB4,1.02,60,Random Forest,2022-07-14,1,0,0.0707207336925679
ITUB4,1.02,60,SVC,2022-07-14,1,1,0.0707207336925679
ITUB4,1.02,60,RNA,2022-07-15,1,0,0.0480599381722823
ITUB4,1.02,60,Random Forest,2022-07-15,1,0,0.0480599381722823
ITUB4,1.02,60,SVC,2022-07-15,1,0,0.0480599381722823
ITUB4,1.02,60,RNA,2022-07-18,1,0,0.0411738595981889
ITUB4,1.02,60,Random Forest,2022-07-18,1,1,0.0411738595981889
ITUB4,1.02,60,SVC,2022-07-18,1,1,0.0411738595981889
ITUB4,1.02,60,RNA,2022-07-19,0,1,0.004255324256154
ITUB4,1.02,60,Random Forest,2022-07-19,0,1,0.004255324256154
ITUB4,1.02,60,SVC,2022-07-19,0,1,0.004255324256154
ITUB4,1.02,60,RNA,2022-07-20,1,1,0.0266323228257965
ITUB4,1.02,60,Random Forest,2022-07-20,1,1,0.0266323228257965
ITUB4,1.02,60,SVC,2022-07-20,1,1,0.0266323228257965
ITUB4,1.02,60,RNA,2022-07-21,0,1,-0.0021186465998106
ITUB4,1.02,60,Random Forest,2022-07-21,0,1,-0.0021186465998106
ITUB4,1.02,60,SVC,2022-07-21,0,1,-0.0021186465998106
ITUB4,1.02,60,RNA,2022-07-22,1,1,0.0213675471223346
ITUB4,1.02,60,Random Forest,2022-07-22,1,1,0.0213675471223346
ITUB4,1.02,60,SVC,2022-07-22,1,1,0.0213675471223346
ITUB4,1.02,60,RNA,2022-07-25,0,0,-0.0004232140944956
ITUB4,1.02,60,Random Forest,2022-07-25,0,1,-0.0004232140944956
ITUB4,1.02,60,SVC,2022-07-25,0,1,-0.0004232140944956
ITUB4,1.02,60,RNA,2022-07-26,0,1,-0.0056077149238341
ITUB4,1.02,60,Random Forest,2022-07-26,0,0,-0.0056077149238341
ITUB4,1.02,60,SVC,2022-07-26,0,1,-0.0056077149238341
ITUB4,1.02,60,RNA,2022-07-27,0,1,0.0079716593133929
ITUB4,1.02,60,Random Forest,2022-07-27,0,0,0.0079716593133929
ITUB4,1.02,60,SVC,2022-07-27,0,1,0.0079716593133929
ITUB4,1.02,60,RNA,2022-07-28,0,1,0.0070707841604975
ITUB4,1.02,60,Random Forest,2022-07-28,0,0,0.0070707841604975
ITUB4,1.02,60,SVC,2022-07-28,0,1,0.0070707841604975
ITUB4,1.02,60,RNA,2022-07-29,1,1,0.0301886611959589
ITUB4,1.02,60,Random Forest,2022-07-29,1,0,0.0301886611959589
ITUB4,1.02,60,SVC,2022-07-29,1,0,0.0301886611959589
ITUB4,1.02,60,RNA,2022-08-01,1,0,0.0634786543870638
ITUB4,1.02,60,Random Forest,2022-08-01,1,0,0.0634786543870638
ITUB4,1.02,60,SVC,2022-08-01,1,1,0.0634786543870638
ITUB4,1.02,60,RNA,2022-08-02,1,1,0.0670886062330078
ITUB4,1.02,60,Random Forest,2022-08-02,1,1,0.0670886062330078
ITUB4,1.02,60,SVC,2022-08-02,1,1,0.0670886062330078
ITUB4,1.02,60,RNA,2022-08-03,1,1,0.0927234899623232
ITUB4,1.02,60,Random Forest,2022-08-03,1,0,0.0927234899623232
ITUB4,1.02,60,SVC,2022-08-03,1,1,0.0927234899623232
ITUB4,1.02,60,RNA,2022-08-04,1,1,0.0820743380437973
ITUB4,1.02,60,Random Forest,2022-08-04,1,0,0.0820743380437973
ITUB4,1.02,60,SVC,2022-08-04,1,1,0.0820743380437973
ITUB4,1.02,60,RNA,2022-08-05,1,1,0.0677831098024766
ITUB4,1.02,60,Random Forest,2022-08-05,1,1,0.0677831098024766
ITUB4,1.02,60,SVC,2022-08-05,1,1,0.0677831098024766
ITUB4,1.02,60,RNA,2022-08-08,1,0,0.0288018546589094
ITUB4,1.02,60,Random Forest,2022-08-08,1,1,0.0288018546589094
ITUB4,1.02,60,SVC,2022-08-08,1,0,0.0288018546589094
ITUB4,1.02,60,RNA,2022-08-09,1,0,0.0363149885336344
ITUB4,1.02,60,Random Forest,2022-08-09,1,1,0.0363149885336344
ITUB4,1.02,60,SVC,2022-08-09,1,1,0.0363149885336344
ITUB4,1.02,60,RNA,2022-08-10,1,0,0.0270371595578606
ITUB4,1.02,60,Random Forest,2022-08-10,1,0,0.0270371595578606
ITUB4,1.02,60,SVC,2022-08-10,1,0,0.0270371595578606
ITUB4,1.02,60,RNA,2022-08-11,1,1,0.0334712302411992
ITUB4,1.02,60,Random Forest,2022-08-11,1,0,0.0334712302411992
ITUB4,1.02,60,SVC,2022-08-11,1,1,0.0334712302411992
ITUB4,1.02,60,RNA,2022-08-12,1,0,0.0447988082143453
ITUB4,1.02,60,Random Forest,2022-08-12,1,0,0.0447988082143453
ITUB4,1.02,60,SVC,2022-08-12,1,1,0.0447988082143453
ITUB4,1.02,60,RNA,2022-08-15,1,0,0.0215293180264566
ITUB4,1.02,60,Random Forest,2022-08-15,1,1,0.0215293180264566
ITUB4,1.02,60,SVC,2022-08-15,1,1,0.0215293180264566
ITUB4,1.02,60,RNA,2022-08-16,0,0,-0.0162703106305197
ITUB4,1.02,60,Random Forest,2022-08-16,0,1,-0.0162703106305197
ITUB4,1.02,60,SVC,2022-08-16,0,1,-0.0162703106305197
ITUB4,1.02,60,RNA,2022-08-17,0,0,-0.0244632343440613
ITUB4,1.02,60,Random Forest,2022-08-17,0,1,-0.0244632343440613
ITUB4,1.02,60,SVC,2022-08-17,0,0,-0.0244632343440613
ITUB4,1.02,60,RNA,2022-08-18,0,1,-0.010447767475726
ITUB4,1.02,60,Random Forest,2022-08-18,0,0,-0.010447767475726
ITUB4,1.02,60,SVC,2022-08-18,0,1,-0.010447767475726
ITUB4,1.02,60,RNA,2022-08-19,0,0,0.0170454359817622
ITUB4,1.02,60,Random Forest,2022-08-19,0,0,0.0170454359817622
ITUB4,1.02,60,SVC,2022-08-19,0,0,0.0170454359817622
ITUB4,1.02,60,RNA,2022-08-22,1,1,0.0299810061675065
ITUB4,1.02,60,Random Forest,2022-08-22,1,1,0.0299810061675065
ITUB4,1.02,60,SVC,2022-08-22,1,0,0.0299810061675065
ITUB4,1.02,60,RNA,2022-08-23,1,1,0.0299810061675065
ITUB4,1.02,60,Random Forest,2022-08-23,1,0,0.0299810061675065
ITUB4,1.02,60,SVC,2022-08-23,1,0,0.0299810061675065
ITUB4,1.02,60,RNA,2022-08-24,0,0,-0.00488537720023
ITUB4,1.02,60,Random Forest,2022-08-24,0,0,-0.00488537720023
ITUB4,1.02,60,SVC,2022-08-24,0,0,-0.00488537720023
ITUB4,1.02,60,RNA,2022-08-25,0,1,-0.040520448370624
ITUB4,1.02,60,Random Forest,2022-08-25,0,1,-0.040520448370624
ITUB4,1.02,60,SVC,2022-08-25,0,1,-0.040520448370624
ITUB4,1.02,60,RNA,2022-08-26,0,0,-0.0125122042816372
ITUB4,1.02,60,Random Forest,2022-08-26,0,0,-0.0125122042816372
ITUB4,1.02,60,SVC,2022-08-26,0,0,-0.0125122042816372
ITUB4,1.02,60,RNA,2022-08-29,0,0,-0.0053098970989149
ITUB4,1.02,60,Random Forest,2022-08-29,0,0,-0.0053098970989149
ITUB4,1.02,60,SVC,2022-08-29,0,0,-0.0053098970989149
ITUB4,1.02,60,RNA,2022-08-30,1,0,0.0220794488641768
ITUB4,1.02,60,Random Forest,2022-08-30,1,0,0.0220794488641768
ITUB4,1.02,60,SVC,2022-08-30,1,0,0.0220794488641768
ITUB4,1.02,60,RNA,2022-08-31,1,0,0.0448963798566997
ITUB4,1.02,60,Random Forest,2022-08-31,1,0,0.0448963798566997
ITUB4,1.02,60,SVC,2022-08-31,1,0,0.0448963798566997
ITUB4,1.02,60,RNA,2022-09-01,1,0,0.0333965877061461
ITUB4,1.02,60,Random Forest,2022-09-01,1,0,0.0333965877061461
ITUB4,1.02,60,SVC,2022-09-01,1,0,0.0333965877061461
ITUB4,1.02,60,RNA,2022-09-02,1,0,0.0221471151764578
ITUB4,1.02,60,Random Forest,2022-09-02,1,0,0.0221471151764578
ITUB4,1.02,60,SVC,2022-09-02,1,1,0.0221471151764578
ITUB4,1.02,60,RNA,2022-09-05,1,1,0.0232209403372787
ITUB4,1.02,60,Random Forest,2022-09-05,1,1,0.0232209403372787
ITUB4,1.02,60,SVC,2022-09-05,1,1,0.0232209403372787
ITUB4,1.02,60,RNA,2022-09-06,0,1,-0.0037174668044412
ITUB4,1.02,60,Random Forest,2022-09-06,0,1,-0.0037174668044412
ITUB4,1.02,60,SVC,2022-09-06,0,1,-0.0037174668044412
ITUB4,1.02,60,RNA,2022-09-08,1,1,0.0232209403372787
ITUB4,1.02,60,Random Forest,2022-09-08,1,1,0.0232209403372787
ITUB4,1.02,60,SVC,2022-09-08,1,1,0.0232209403372787
ITUB4,1.02,60,RNA,2022-09-09,0,1,-0.0085185063855031
ITUB4,1.02,60,Random Forest,2022-09-09,0,1,-0.0085185063855031
ITUB4,1.02,60,SVC,2022-09-09,0,1,-0.0085185063855031
ITUB4,1.02,60,RNA,2022-09-12,0,1,-0.0074404655456176
ITUB4,1.02,60,Random Forest,2022-09-12,0,1,-0.0074404655456176
ITUB4,1.02,60,SVC,2022-09-12,0,1,-0.0074404655456176
ITUB4,1.02,60,RNA,2022-09-13,1,0,0.039640979866611
ITUB4,1.02,60,Random Forest,2022-09-13,1,1,0.039640979866611
ITUB4,1.02,60,SVC,2022-09-13,1,1,0.039640979866611
ITUB4,1.02,60,RNA,2022-09-14,1,0,0.0762298055066221
ITUB4,1.02,60,Random Forest,2022-09-14,1,0,0.0762298055066221
ITUB4,1.02,60,SVC,2022-09-14,1,1,0.0762298055066221
ITUB4,1.02,60,RNA,2022-09-15,1,0,0.0781955291287419
ITUB4,1.02,60,Random Forest,2022-09-15,1,1,0.0781955291287419
ITUB4,1.02,60,SVC,2022-09-15,1,1,0.0781955291287419
ITUB4,1.02,60,RNA,2022-09-16,1,0,0.0898158828769895
ITUB4,1.02,60,Random Forest,2022-09-16,1,1,0.0898158828769895
ITUB4,1.02,60,SVC,2022-09-16,1,1,0.0898158828769895
ITUB4,1.02,60,RNA,2022-09-19,1,1,0.0424155154093417
ITUB4,1.02,60,Random Forest,2022-09-19,1,1,0.0424155154093417
ITUB4,1.02,60,SVC,2022-09-19,1,1,0.0424155154093417
ITUB4,1.02,60,RNA,2022-09-20,0,0,-0.0283216839796895
ITUB4,1.02,60,Random Forest,2022-09-20,0,1,-0.0283216839796895
ITUB4,1.02,60,SVC,2022-09-20,0,1,-0.0283216839796895
ITUB4,1.02,60,RNA,2022-09-21,0,0,-0.0370759401198994
ITUB4,1.02,60,Random Forest,2022-09-21,0,0,-0.0370759401198994
ITUB4,1.02,60,SVC,2022-09-21,0,1,-0.0370759401198994
ITUB4,1.02,60,RNA,2022-09-22,0,1,-0.0309859187811997
ITUB4,1.02,60,Random Forest,2022-09-22,0,0,-0.0309859187811997
ITUB4,1.02,60,SVC,2022-09-22,0,1,-0.0309859187811997
ITUB4,1.02,60,RNA,2022-09-23,0,1,-0.0071098370832829
ITUB4,1.02,60,Random Forest,2022-09-23,0,0,-0.0071098370832829
ITUB4,1.02,60,SVC,2022-09-23,0,1,-0.0071098370832829
ITUB4,1.02,60,RNA,2022-09-26,0,1,0.0028591810669964
ITUB4,1.02,60,Random Forest,2022-09-26,0,0,0.0028591810669964
ITUB4,1.02,60,SVC,2022-09-26,0,1,0.0028591810669964
ITUB4,1.02,60,RNA,2022-09-27,1,1,0.0804475099369617
ITUB4,1.02,60,Random Forest,2022-09-27,1,0,0.0804475099369617
ITUB4,1.02,60,SVC,2022-09-27,1,1,0.0804475099369617
ITUB4,1.02,60,RNA,2022-09-28,1,0,0.100838121628203
ITUB4,1.02,60,Random Forest,2022-09-28,1,1,0.100838121628203
ITUB4,1.02,60,SVC,2022-09-28,1,1,0.100838121628203
ITUB4,1.02,60,RNA,2022-09-29,1,1,0.0869835998300745
ITUB4,1.02,60,Random Forest,2022-09-29,1,1,0.0869835998300745
ITUB4,1.02,60,SVC,2022-09-29,1,1,0.0869835998300745
ITUB4,1.02,60,RNA,2022-09-30,1,1,0.0493227056935587
ITUB4,1.02,60,Random Forest,2022-09-30,1,0,0.0493227056935587
ITUB4,1.02,60,SVC,2022-09-30,1,1,0.0493227056935587
ITUB4,1.02,60,RNA,2022-10-03,0,0,-0.0216883899160162
ITUB4,1.02,60,Random Forest,2022-10-03,0,0,-0.0216883899160162
ITUB4,1.02,60,SVC,2022-10-03,0,1,-0.0216883899160162
ITUB4,1.02,60,RNA,2022-10-04,0,1,-0.0287914252056065
ITUB4,1.02,60,Random Forest,2022-10-04,0,0,-0.0287914252056065
ITUB4,1.02,60,SVC,2022-10-04,0,1,-0.0287914252056065
ITUB4,1.02,60,RNA,2022-10-05,0,0,-0.0364548274555773
ITUB4,1.02,60,Random Forest,2022-10-05,0,0,-0.0364548274555773
ITUB4,1.02,60,SVC,2022-10-05,0,1,-0.0364548274555773
ITUB4,1.02,60,RNA,2022-10-06,0,1,-0.0191780647837552
ITUB4,1.02,60,Random Forest,2022-10-06,0,0,-0.0191780647837552
ITUB4,1.02,60,SVC,2022-10-06,0,1,-0.0191780647837552
ITUB4,1.02,60,RNA,2022-10-07,0,0,-0.0281546882763017
ITUB4,1.02,60,Random Forest,2022-10-07,0,0,-0.0281546882763017
ITUB4,1.02,60,SVC,2022-10-07,0,1,-0.0281546882763017
ITUB4,1.02,60,RNA,2022-10-10,0,1,-0.0006920638001016
ITUB4,1.02,60,Random Forest,2022-10-10,0,0,-0.0006920638001016
ITUB4,1.02,60,SVC,2022-10-10,0,1,-0.0006920638001016
ITUB4,1.02,60,RNA,2022-10-11,1,0,0.0382456374808437
ITUB4,1.02,60,Random Forest,2022-10-11,1,0,0.0382456374808437
ITUB4,1.02,60,SVC,2022-10-11,1,1,0.0382456374808437
ITUB4,1.02,60,RNA,2022-10-13,1,1,0.0351304604197713
ITUB4,1.02,60,Random Forest,2022-10-13,1,0,0.0351304604197713
ITUB4,1.02,60,SVC,2022-10-13,1,1,0.0351304604197713
ITUB4,1.02,60,RNA,2022-10-14,1,1,0.0452660595772733
ITUB4,1.02,60,Random Forest,2022-10-14,1,0,0.0452660595772733
ITUB4,1.02,60,SVC,2022-10-14,1,1,0.0452660595772733
ITUB4,1.02,60,RNA,2022-10-17,1,0,0.0675767969956944
ITUB4,1.02,60,Random Forest,2022-10-17,1,0,0.0675767969956944
ITUB4,1.02,60,SVC,2022-10-17,1,1,0.0675767969956944
ITUB4,1.02,60,RNA,2022-10-18,1,1,0.0581867288869737
ITUB4,1.02,60,Random Forest,2022-10-18,1,1,0.0581867288869737
ITUB4,1.02,60,SVC,2022-10-18,1,1,0.0581867288869737
ITUB4,1.02,60,RNA,2022-10-19,1,1,0.0496644276200199
ITUB4,1.02,60,Random Forest,2022-10-19,1,0,0.0496644276200199
ITUB4,1.02,60,SVC,2022-10-19,1,0,0.0496644276200199
ITUB4,1.02,60,RNA,2022-10-20,1,1,0.0451052363415873
ITUB4,1.02,60,Random Forest,2022-10-20,1,1,0.0451052363415873
ITUB4,1.02,60,SVC,2022-10-20,1,1,0.0451052363415873
ITUB4,1.02,60,RNA,2022-10-21,0,0,-0.0486854687298442
ITUB4,1.02,60,Random Forest,2022-10-21,0,0,-0.0486854687298442
ITUB4,1.02,60,SVC,2022-10-21,0,1,-0.0486854687298442
ITUB4,1.02,60,RNA,2022-10-24,0,0,-0.0037099348777994
ITUB4,1.02,60,Random Forest,2022-10-24,0,0,-0.0037099348777994
ITUB4,1.02,60,SVC,2022-10-24,0,0,-0.0037099348777994
ITUB4,1.02,60,RNA,2022-10-25,1,1,0.0541379386771145
ITUB4,1.02,60,Random Forest,2022-10-25,1,1,0.0541379386771145
ITUB4,1.02,60,SVC,2022-10-25,1,0,0.0541379386771145
ITUB4,1.02,60,RNA,2022-10-26,1,1,0.0755131899057708
ITUB4,1.02,60,Random Forest,2022-10-26,1,1,0.0755131899057708
ITUB4,1.02,60,SVC,2022-10-26,1,1,0.0755131899057708
ITUB4,1.02,60,RNA,2022-10-27,1,1,0.0718312142974715
ITUB4,1.02,60,Random Forest,2022-10-27,1,1,0.0718312142974715
ITUB4,1.02,60,SVC,2022-10-27,1,1,0.0718312142974715
ITUB4,1.02,60,RNA,2022-10-28,1,1,0.0795927558282927
ITUB4,1.02,60,Random Forest,2022-10-28,1,1,0.0795927558282927
ITUB4,1.02,60,SVC,2022-10-28,1,1,0.0795927558282927
ITUB4,1.02,60,RNA,2022-10-31,0,1,-0.0432257963905406
ITUB4,1.02,60,Random Forest,2022-10-31,0,1,-0.0432257963905406
ITUB4,1.02,60,SVC,2022-10-31,0,1,-0.0432257963905406
ITUB4,1.02,60,RNA,2022-11-01,1,0,0.0309999840621133
ITUB4,1.02,60,Random Forest,2022-11-01,1,0,0.0309999840621133
ITUB4,1.02,60,SVC,2022-11-01,1,0,0.0309999840621133
ITUB4,1.02,60,RNA,2022-11-03,0,1,-0.0827631366627924
ITUB4,1.02,60,Random Forest,2022-11-03,0,0,-0.0827631366627924
ITUB4,1.02,60,SVC,2022-11-03,0,0,-0.0827631366627924
ITUB4,1.02,60,RNA,2022-11-04,0,1,-0.0814765459901348
ITUB4,1.02,60,Random Forest,2022-11-04,0,1,-0.0814765459901348
ITUB4,1.02,60,SVC,2022-11-04,0,1,-0.0814765459901348
ITUB4,1.02,60,RNA,2022-11-07,0,1,-0.0923599290187667
ITUB4,1.02,60,Random Forest,2022-11-07,0,0,-0.0923599290187667
ITUB4,1.02,60,SVC,2022-11-07,0,1,-0.0923599290187667
ITUB4,1.02,60,RNA,2022-11-08,0,1,-0.070132593843848
ITUB4,1.02,60,Random Forest,2022-11-08,0,1,-0.070132593843848
ITUB4,1.02,60,SVC,2022-11-08,0,1,-0.070132593843848
ITUB4,1.02,60,RNA,2022-11-09,1,1,0.0307017512011433
ITUB4,1.02,60,Random Forest,2022-11-09,1,1,0.0307017512011433
ITUB4,1.02,60,SVC,2022-11-09,1,1,0.0307017512011433
ITUB4,1.02,60,RNA,2022-11-10,0,1,-0.0560714029941342
ITUB4,1.02,60,Random Forest,2022-11-10,0,0,-0.0560714029941342
ITUB4,1.02,60,SVC,2022-11-10,0,1,-0.0560714029941342
ITUB4,1.02,60,RNA,2022-11-11,0,1,-0.0151570733155699
ITUB4,1.02,60,Random Forest,2022-11-11,0,1,-0.0151570733155699
ITUB4,1.02,60,SVC,2022-11-11,0,1,-0.0151570733155699
ITUB4,1.02,60,RNA,2022-11-14,0,1,0.0026266413526514
ITUB4,1.02,60,Random Forest,2022-11-14,0,1,0.0026266413526514
ITUB4,1.02,60,SVC,2022-11-14,0,0,0.0026266413526514
ITUB4,1.02,60,RNA,2022-11-16,1,1,0.0482625506318836
ITUB4,1.02,60,Random Forest,2022-11-16,1,0,0.0482625506318836
ITUB4,1.02,60,SVC,2022-11-16,1,0,0.0482625506318836
ITUB4,1.02,60,RNA,2022-11-17,0,1,-0.0254776693928883
ITUB4,1.02,60,Random Forest,2022-11-17,0,1,-0.0254776693928883
ITUB4,1.02,60,SVC,2022-11-17,0,0,-0.0254776693928883
ITUB4,1.02,60,RNA,2022-11-18,0,1,-0.0022222289808758
ITUB4,1.02,60,Random Forest,2022-11-18,0,1,-0.0022222289808758
ITUB4,1.02,60,SVC,2022-11-18,0,0,-0.0022222289808758
ITUB4,1.02,60,RNA,2022-11-21,0,0,-0.0302238985766061
ITUB4,1.02,60,Random Forest,2022-11-21,0,0,-0.0302238985766061
ITUB4,1.02,60,SVC,2022-11-21,0,0,-0.0302238985766061
ITUB4,1.02,60,RNA,2022-11-22,1,1,0.0402453000445468
ITUB4,1.02,60,Random Forest,2022-11-22,1,0,0.0402453000445468
ITUB4,1.02,60,SVC,2022-11-22,1,0,0.0402453000445468
ITUB4,1.02,60,RNA,2022-11-23,1,0,0.035877888373387
ITUB4,1.02,60,Random Forest,2022-11-23,1,0,0.035877888373387
ITUB4,1.02,60,SVC,2022-11-23,1,0,0.035877888373387
ITUB4,1.02,60,RNA,2022-11-24,0,0,-0.0291262524861783
ITUB4,1.02,60,Random Forest,2022-11-24,0,1,-0.0291262524861783
ITUB4,1.02,60,SVC,2022-11-24,0,1,-0.0291262524861783
ITUB4,1.02,60,RNA,2022-11-25,0,0,-0.0039213686273763
ITUB4,1.02,60,Random Forest,2022-11-25,0,0,-0.0039213686273763
ITUB4,1.02,60,SVC,2022-11-25,0,1,-0.0039213686273763
ITUB4,1.02,60,RNA,2022-11-28,1,1,0.0441702038373874
ITUB4,1.02,60,Random Forest,2022-11-28,1,1,0.0441702038373874
ITUB4,1.02,60,SVC,2022-11-28,1,1,0.0441702038373874
ITUB4,1.02,60,RNA,2022-11-29,1,1,0.0336475443688606
ITUB4,1.02,60,Random Forest,2022-11-29,1,1,0.0336475443688606
ITUB4,1.02,60,SVC,2022-11-29,1,1,0.0336475443688606
ITUB4,1.02,60,RNA,2022-11-30,1,1,0.0406091129200307
ITUB4,1.02,60,Random Forest,2022-11-30,1,0,0.0406091129200307
ITUB4,1.02,60,SVC,2022-11-30,1,1,0.0406091129200307
ITUB4,1.02,60,RNA,2022-12-01,1,1,0.0222478013715869
ITUB4,1.02,60,Random Forest,2022-12-01,1,1,0.0222478013715869
ITUB4,1.02,60,SVC,2022-12-01,1,1,0.0222478013715869
ITUB4,1.02,60,RNA,2022-12-02,0,0,-0.041698555683857
ITUB4,1.02,60,Random Forest,2022-12-02,0,1,-0.041698555683857
ITUB4,1.02,60,SVC,2022-12-02,0,1,-0.041698555683857
ITUB4,1.02,60,RNA,2022-12-05,1,0,0.0237169673948818
ITUB4,1.02,60,Random Forest,2022-12-05,1,0,0.0237169673948818
ITUB4,1.02,60,SVC,2022-12-05,1,0,0.0237169673948818
ITUB4,1.02,60,RNA,2022-12-06,0,0,-0.0626624690407758
ITUB4,1.02,60,Random Forest,2022-12-06,0,0,-0.0626624690407758
ITUB4,1.02,60,SVC,2022-12-06,0,0,-0.0626624690407758
ITUB4,1.02,60,RNA,2022-12-07,0,0,-0.0833728953429828
ITUB4,1.02,60,Random Forest,2022-12-07,0,1,-0.0833728953429828
ITUB4,1.02,60,SVC,2022-12-07,0,1,-0.0833728953429828
ITUB4,1.02,60,RNA,2022-12-08,0,1,-0.0563209383013869
ITUB4,1.02,60,Random Forest,2022-12-08,0,1,-0.0563209383013869
ITUB4,1.02,60,SVC,2022-12-08,0,1,-0.0563209383013869
ITUB4,1.02,60,RNA,2022-12-09,0,0,-0.0370065386586278
ITUB4,1.02,60,Random Forest,2022-12-09,0,0,-0.0370065386586278
ITUB4,1.02,60,SVC,2022-12-09,0,0,-0.0370065386586278
ITUB4,1.02,60,RNA,2022-12-12,0,0,-0.0235051496291431
ITUB4,1.02,60,Random Forest,2022-12-12,0,1,-0.0235051496291431
ITUB4,1.02,60,SVC,2022-12-12,0,1,-0.0235051496291431
ITUB4,1.02,60,RNA,2022-12-13,1,1,0.0685290313984203
ITUB4,1.02,60,Random Forest,2022-12-13,1,0,0.0685290313984203
ITUB4,1.02,60,SVC,2022-12-13,1,0,0.0685290313984203
ITUB4,1.02,60,RNA,2022-12-14,1,1,0.0933159808040602
ITUB4,1.02,60,Random Forest,2022-12-14,1,1,0.0933159808040602
ITUB4,1.02,60,SVC,2022-12-14,1,1,0.0933159808040602
ITUB4,1.02,60,RNA,2022-12-15,1,1,0.0710033986858855
ITUB4,1.02,60,Random Forest,2022-12-15,1,0,0.0710033986858855
ITUB4,1.02,60,SVC,2022-12-15,1,1,0.0710033986858855
ITUB4,1.02,60,RNA,2022-12-16,1,0,0.0588482433466048
ITUB4,1.02,60,Random Forest,2022-12-16,1,0,0.0588482433466048
ITUB4,1.02,60,SVC,2022-12-16,1,0,0.0588482433466048
ITUB4,1.02,60,RNA,2022-12-19,1,1,0.0463304439520844
ITUB4,1.02,60,Random Forest,2022-12-19,1,1,0.0463304439520844
ITUB4,1.02,60,SVC,2022-12-19,1,1,0.0463304439520844
ITUB4,1.02,60,RNA,2022-12-20,1,0,0.031527887130295
ITUB4,1.02,60,Random Forest,2022-12-20,1,0,0.031527887130295
ITUB4,1.02,60,SVC,2022-12-20,1,0,0.031527887130295
ITUB4,1.02,60,RNA,2022-12-21,1,0,0.02944735715086
ITUB4,1.02,60,Random Forest,2022-12-21,1,1,0.02944735715086
ITUB4,1.02,60,SVC,2022-12-21,1,1,0.02944735715086
ITUB4,1.02,60,RNA,2022-12-22,0,0,0.0007990091436222
ITUB4,1.02,60,Random Forest,2022-12-22,0,1,0.0007990091436222
ITUB4,1.02,60,SVC,2022-12-22,0,1,0.0007990091436222
ITUB4,1.02,60,RNA,2022-12-23,1,1,0.0212424929761738
ITUB4,1.02,60,Random Forest,2022-12-23,1,1,0.0212424929761738
ITUB4,1.02,60,SVC,2022-12-23,1,1,0.0212424929761738
ITUB4,1.02,60,RNA,2022-12-26,0,1,
ITUB4,1.02,60,Random Forest,2022-12-26,0,1,
ITUB4,1.02,60,SVC,2022-12-26,0,1,
ITUB4,1.02,60,RNA,2022-12-27,0,1,
ITUB4,1.02,60,Random Forest,2022-12-27,0,1,
ITUB4,1.02,60,SVC,2022-12-27,0,1,
ITUB4,1.02,60,RNA,2022-12-28,0,1,
ITUB4,1.02,60,Random Forest,2022-12-28,0,1,
ITUB4,1.02,60,SVC,2022-12-28,0,1,
ITUB4,1.02,60,RNA,2022-12-29,0,0,
ITUB4,1.02,60,Random Forest,2022-12-29,0,0,
ITUB4,1.02,60,SVC,2022-12-29,0,1,
ITUB4,1.02,75,RNA,2020-05-14,0,1,-0.0400000030063717
ITUB4,1.02,75,Random Forest,2020-05-14,0,1,-0.0400000030063717
ITUB4,1.02,75,SVC,2020-05-14,0,1,-0.0400000030063717
ITUB4,1.02,75,RNA,2020-05-15,1,1,0.021826285052616
ITUB4,1.02,75,Random Forest,2020-05-15,1,1,0.021826285052616
ITUB4,1.02,75,SVC,2020-05-15,1,1,0.021826285052616
ITUB4,1.02,75,RNA,2020-05-18,1,0,0.0318161451531571
ITUB4,1.02,75,Random Forest,2020-05-18,1,1,0.0318161451531571
ITUB4,1.02,75,SVC,2020-05-18,1,1,0.0318161451531571
ITUB4,1.02,75,RNA,2020-05-19,1,0,0.103055194581868
ITUB4,1.02,75,Random Forest,2020-05-19,1,0,0.103055194581868
ITUB4,1.02,75,SVC,2020-05-19,1,1,0.103055194581868
ITUB4,1.02,75,RNA,2020-05-20,1,1,0.1243093961366046
ITUB4,1.02,75,Random Forest,2020-05-20,1,1,0.1243093961366046
ITUB4,1.02,75,SVC,2020-05-20,1,1,0.1243093961366046
ITUB4,1.02,75,RNA,2020-05-21,1,1,0.0805309974223686
ITUB4,1.02,75,Random Forest,2020-05-21,1,1,0.0805309974223686
ITUB4,1.02,75,SVC,2020-05-21,1,1,0.0805309974223686
ITUB4,1.02,75,RNA,2020-05-22,1,0,0.0213300097270932
ITUB4,1.02,75,Random Forest,2020-05-22,1,1,0.0213300097270932
ITUB4,1.02,75,SVC,2020-05-22,1,1,0.0213300097270932
ITUB4,1.02,75,RNA,2020-05-25,0,1,-0.0530209449775563
ITUB4,1.02,75,Random Forest,2020-05-25,0,1,-0.0530209449775563
ITUB4,1.02,75,SVC,2020-05-25,0,1,-0.0530209449775563
ITUB4,1.02,75,RNA,2020-05-26,0,1,0.0014980115454406
ITUB4,1.02,75,Random Forest,2020-05-26,0,1,0.0014980115454406
ITUB4,1.02,75,SVC,2020-05-26,0,1,0.0014980115454406
ITUB4,1.02,75,RNA,2020-05-27,1,1,0.0777557491283429
ITUB4,1.02,75,Random Forest,2020-05-27,1,0,0.0777557491283429
ITUB4,1.02,75,SVC,2020-05-27,1,1,0.0777557491283429
ITUB4,1.02,75,RNA,2020-05-28,1,1,0.1556272357347239
ITUB4,1.02,75,Random Forest,2020-05-28,1,0,0.1556272357347239
ITUB4,1.02,75,SVC,2020-05-28,1,1,0.1556272357347239
ITUB4,1.02,75,RNA,2020-05-29,1,1,0.1752080278273537
ITUB4,1.02,75,Random Forest,2020-05-29,1,1,0.1752080278273537
ITUB4,1.02,75,SVC,2020-05-29,1,1,0.1752080278273537
ITUB4,1.02,75,RNA,2020-06-01,1,1,0.1958333603261217
ITUB4,1.02,75,Random Forest,2020-06-01,1,1,0.1958333603261217
ITUB4,1.02,75,SVC,2020-06-01,1,1,0.1958333603261217
ITUB4,1.02,75,RNA,2020-06-02,1,1,0.091254792676962
ITUB4,1.02,75,Random Forest,2020-06-02,1,1,0.091254792676962
ITUB4,1.02,75,SVC,2020-06-02,1,1,0.091254792676962
ITUB4,1.02,75,RNA,2020-06-03,1,1,0.1136980977753343
ITUB4,1.02,75,Random Forest,2020-06-03,1,1,0.1136980977753343
ITUB4,1.02,75,SVC,2020-06-03,1,1,0.1136980977753343
ITUB4,1.02,75,RNA,2020-06-04,0,1,-0.0557528236253418
ITUB4,1.02,75,Random Forest,2020-06-04,0,1,-0.0557528236253418
ITUB4,1.02,75,SVC,2020-06-04,0,1,-0.0557528236253418
ITUB4,1.02,75,RNA,2020-06-05,1,1,0.0315103223026373
ITUB4,1.02,75,Random Forest,2020-06-05,1,1,0.0315103223026373
ITUB4,1.02,75,SVC,2020-06-05,1,1,0.0315103223026373
ITUB4,1.02,75,RNA,2020-06-08,1,0,0.0243017999946182
ITUB4,1.02,75,Random Forest,2020-06-08,1,0,0.0243017999946182
ITUB4,1.02,75,SVC,2020-06-08,1,1,0.0243017999946182
ITUB4,1.02,75,RNA,2020-06-09,0,1,-0.0686588308598515
ITUB4,1.02,75,Random Forest,2020-06-09,0,1,-0.0686588308598515
ITUB4,1.02,75,SVC,2020-06-09,0,1,-0.0686588308598515
ITUB4,1.02,75,RNA,2020-06-10,1,1,0.0397529584979643
ITUB4,1.02,75,Random Forest,2020-06-10,1,1,0.0397529584979643
ITUB4,1.02,75,SVC,2020-06-10,1,1,0.0397529584979643
ITUB4,1.02,75,RNA,2020-06-12,1,1,0.1119522350129791
ITUB4,1.02,75,Random Forest,2020-06-12,1,1,0.1119522350129791
ITUB4,1.02,75,SVC,2020-06-12,1,1,0.1119522350129791
ITUB4,1.02,75,RNA,2020-06-15,1,1,0.0656603762514884
ITUB4,1.02,75,Random Forest,2020-06-15,1,1,0.0656603762514884
ITUB4,1.02,75,SVC,2020-06-15,1,1,0.0656603762514884
ITUB4,1.02,75,RNA,2020-06-16,1,0,0.0786860193200329
ITUB4,1.02,75,Random Forest,2020-06-16,1,1,0.0786860193200329
ITUB4,1.02,75,SVC,2020-06-16,1,1,0.0786860193200329
ITUB4,1.02,75,RNA,2020-06-17,1,0,0.0656603762514884
ITUB4,1.02,75,Random Forest,2020-06-17,1,1,0.0656603762514884
ITUB4,1.02,75,SVC,2020-06-17,1,1,0.0656603762514884
ITUB4,1.02,75,RNA,2020-06-18,0,1,-0.0804270834185341
ITUB4,1.02,75,Random Forest,2020-06-18,0,1,-0.0804270834185341
ITUB4,1.02,75,SVC,2020-06-18,0,1,-0.0804270834185341
ITUB4,1.02,75,RNA,2020-06-19,0,1,-0.0674036938550665
ITUB4,1.02,75,Random Forest,2020-06-19,0,1,-0.0674036938550665
ITUB4,1.02,75,SVC,2020-06-19,0,1,-0.0674036938550665
ITUB4,1.02,75,RNA,2020-06-22,0,1,-0.0718411269320794
ITUB4,1.02,75,Random Forest,2020-06-22,0,0,-0.0718411269320794
ITUB4,1.02,75,SVC,2020-06-22,0,1,-0.0718411269320794
ITUB4,1.02,75,RNA,2020-06-23,0,1,-0.0115714964483225
ITUB4,1.02,75,Random Forest,2020-06-23,0,1,-0.0115714964483225
ITUB4,1.02,75,SVC,2020-06-23,0,1,-0.0115714964483225
ITUB4,1.02,75,RNA,2020-06-24,0,0,-0.0222820032046704
ITUB4,1.02,75,Random Forest,2020-06-24,0,1,-0.0222820032046704
ITUB4,1.02,75,SVC,2020-06-24,0,1,-0.0222820032046704
ITUB4,1.02,75,RNA,2020-06-25,1,1,0.0315052044712051
ITUB4,1.02,75,Random Forest,2020-06-25,1,1,0.0315052044712051
ITUB4,1.02,75,SVC,2020-06-25,1,1,0.0315052044712051
ITUB4,1.02,75,RNA,2020-06-26,1,1,0.052743593136606
ITUB4,1.02,75,Random Forest,2020-06-26,1,1,0.052743593136606
ITUB4,1.02,75,SVC,2020-06-26,1,1,0.052743593136606
ITUB4,1.02,75,RNA,2020-06-29,1,1,0.0398954633876609
ITUB4,1.02,75,Random Forest,2020-06-29,1,1,0.0398954633876609
ITUB4,1.02,75,SVC,2020-06-29,1,1,0.0398954633876609
ITUB4,1.02,75,RNA,2020-06-30,1,0,0.0878905710078512
ITUB4,1.02,75,Random Forest,2020-06-30,1,1,0.0878905710078512
ITUB4,1.02,75,SVC,2020-06-30,1,1,0.0878905710078512
ITUB4,1.02,75,RNA,2020-07-01,1,0,0.0509433793906513
ITUB4,1.02,75,Random Forest,2020-07-01,1,1,0.0509433793906513
ITUB4,1.02,75,SVC,2020-07-01,1,1,0.0509433793906513
ITUB4,1.02,75,RNA,2020-07-02,1,1,0.0553239855096487
ITUB4,1.02,75,Random Forest,2020-07-02,1,1,0.0553239855096487
ITUB4,1.02,75,SVC,2020-07-02,1,1,0.0553239855096487
ITUB4,1.02,75,RNA,2020-07-03,1,1,0.0269173717505821
ITUB4,1.02,75,Random Forest,2020-07-03,1,1,0.0269173717505821
ITUB4,1.02,75,SVC,2020-07-03,1,1,0.0269173717505821
ITUB4,1.02,75,RNA,2020-07-06,0,1,-0.0083849655823319
ITUB4,1.02,75,Random Forest,2020-07-06,0,1,-0.0083849655823319
ITUB4,1.02,75,SVC,2020-07-06,0,1,-0.0083849655823319
ITUB4,1.02,75,RNA,2020-07-07,1,1,0.0337710737671925
ITUB4,1.02,75,Random Forest,2020-07-07,1,0,0.0337710737671925
ITUB4,1.02,75,SVC,2020-07-07,1,1,0.0337710737671925
ITUB4,1.02,75,RNA,2020-07-08,0,1,0.0085121986239686
ITUB4,1.02,75,Random Forest,2020-07-08,0,1,0.0085121986239686
ITUB4,1.02,75,SVC,2020-07-08,0,1,0.0085121986239686
ITUB4,1.02,75,RNA,2020-07-09,1,1,0.0315398893803837
ITUB4,1.02,75,Random Forest,2020-07-09,1,1,0.0315398893803837
ITUB4,1.02,75,SVC,2020-07-09,1,1,0.0315398893803837
ITUB4,1.02,75,RNA,2020-07-10,0,1,-0.0171220298963773
ITUB4,1.02,75,Random Forest,2020-07-10,0,0,-0.0171220298963773
ITUB4,1.02,75,SVC,2020-07-10,0,1,-0.0171220298963773
ITUB4,1.02,75,RNA,2020-07-13,1,1,0.0392523296035429
ITUB4,1.02,75,Random Forest,2020-07-13,1,0,0.0392523296035429
ITUB4,1.02,75,SVC,2020-07-13,1,1,0.0392523296035429
ITUB4,1.02,75,RNA,2020-07-14,0,1,-0.0087146005574519
ITUB4,1.02,75,Random Forest,2020-07-14,0,1,-0.0087146005574519
ITUB4,1.02,75,SVC,2020-07-14,0,1,-0.0087146005574519
ITUB4,1.02,75,RNA,2020-07-15,1,1,0.0320206492912065
ITUB4,1.02,75,Random Forest,2020-07-15,1,0,0.0320206492912065
ITUB4,1.02,75,SVC,2020-07-15,1,1,0.0320206492912065
ITUB4,1.02,75,RNA,2020-07-16,1,1,0.0343047079898222
ITUB4,1.02,75,Random Forest,2020-07-16,1,0,0.0343047079898222
ITUB4,1.02,75,SVC,2020-07-16,1,1,0.0343047079898222
ITUB4,1.02,75,RNA,2020-07-17,1,1,0.0289908412231794
ITUB4,1.02,75,Random Forest,2020-07-17,1,1,0.0289908412231794
ITUB4,1.02,75,SVC,2020-07-17,1,1,0.0289908412231794
ITUB4,1.02,75,RNA,2020-07-20,0,1,-0.0409420439738995
ITUB4,1.02,75,Random Forest,2020-07-20,0,1,-0.0409420439738995
ITUB4,1.02,75,SVC,2020-07-20,0,1,-0.0409420439738995
ITUB4,1.02,75,RNA,2020-07-21,0,1,-0.0017953001258705
ITUB4,1.02,75,Random Forest,2020-07-21,0,1,-0.0017953001258705
ITUB4,1.02,75,SVC,2020-07-21,0,1,-0.0017953001258705
ITUB4,1.02,75,RNA,2020-07-22,1,1,0.0428043728953482
ITUB4,1.02,75,Random Forest,2020-07-22,1,0,0.0428043728953482
ITUB4,1.02,75,SVC,2020-07-22,1,1,0.0428043728953482
ITUB4,1.02,75,RNA,2020-07-23,1,0,0.0812144174818889
ITUB4,1.02,75,Random Forest,2020-07-23,1,1,0.0812144174818889
ITUB4,1.02,75,SVC,2020-07-23,1,1,0.0812144174818889
ITUB4,1.02,75,RNA,2020-07-24,1,0,0.0698460864603234
ITUB4,1.02,75,Random Forest,2020-07-24,1,1,0.0698460864603234
ITUB4,1.02,75,SVC,2020-07-24,1,1,0.0698460864603234
ITUB4,1.02,75,RNA,2020-07-27,1,1,0.0277778183979766
ITUB4,1.02,75,Random Forest,2020-07-27,1,1,0.0277778183979766
ITUB4,1.02,75,SVC,2020-07-27,1,1,0.0277778183979766
ITUB4,1.02,75,RNA,2020-07-28,0,0,-0.0303648207659938
ITUB4,1.02,75,Random Forest,2020-07-28,0,0,-0.0303648207659938
ITUB4,1.02,75,SVC,2020-07-28,0,1,-0.0303648207659938
ITUB4,1.02,75,RNA,2020-07-29,0,1,-0.0777056818411143
ITUB4,1.02,75,Random Forest,2020-07-29,0,1,-0.0777056818411143
ITUB4,1.02,75,SVC,2020-07-29,0,1,-0.0777056818411143
ITUB4,1.02,75,RNA,2020-07-30,0,1,-0.0807325903076521
ITUB4,1.02,75,Random Forest,2020-07-30,0,0,-0.0807325903076521
ITUB4,1.02,75,SVC,2020-07-30,0,1,-0.0807325903076521
ITUB4,1.02,75,RNA,2020-07-31,1,0,0.0225091816275135
ITUB4,1.02,75,Random Forest,2020-07-31,1,0,0.0225091816275135
ITUB4,1.02,75,SVC,2020-07-31,1,1,0.0225091816275135
ITUB4,1.02,75,RNA,2020-08-03,0,1,-0.029333341050112
ITUB4,1.02,75,Random Forest,2020-08-03,0,1,-0.029333341050112
ITUB4,1.02,75,SVC,2020-08-03,0,1,-0.029333341050112
ITUB4,1.02,75,RNA,2020-08-04,0,1,-0.0130019514191522
ITUB4,1.02,75,Random Forest,2020-08-04,0,1,-0.0130019514191522
ITUB4,1.02,75,SVC,2020-08-04,0,1,-0.0130019514191522
ITUB4,1.02,75,RNA,2020-08-05,1,1,0.0291828894726329
ITUB4,1.02,75,Random Forest,2020-08-05,1,0,0.0291828894726329
ITUB4,1.02,75,SVC,2020-08-05,1,1,0.0291828894726329
ITUB4,1.02,75,RNA,2020-08-06,1,1,0.0319937620696397
ITUB4,1.02,75,Random Forest,2020-08-06,1,1,0.0319937620696397
ITUB4,1.02,75,SVC,2020-08-06,1,1,0.0319937620696397
ITUB4,1.02,75,RNA,2020-08-07,1,0,0.0301724220613508
ITUB4,1.02,75,Random Forest,2020-08-07,1,1,0.0301724220613508
ITUB4,1.02,75,SVC,2020-08-07,1,1,0.0301724220613508
ITUB4,1.02,75,RNA,2020-08-10,0,1,-0.0532159525713544
ITUB4,1.02,75,Random Forest,2020-08-10,0,1,-0.0532159525713544
ITUB4,1.02,75,SVC,2020-08-10,0,1,-0.0532159525713544
ITUB4,1.02,75,RNA,2020-08-11,0,0,-0.0603347770534901
ITUB4,1.02,75,Random Forest,2020-08-11,0,1,-0.0603347770534901
ITUB4,1.02,75,SVC,2020-08-11,0,1,-0.0603347770534901
ITUB4,1.02,75,RNA,2020-08-12,0,0,-0.0458277134218768
ITUB4,1.02,75,Random Forest,2020-08-12,0,0,-0.0458277134218768
ITUB4,1.02,75,SVC,2020-08-12,0,1,-0.0458277134218768
ITUB4,1.02,75,RNA,2020-08-13,1,1,0.0260480446429944
ITUB4,1.02,75,Random Forest,2020-08-13,1,0,0.0260480446429944
ITUB4,1.02,75,SVC,2020-08-13,1,1,0.0260480446429944
ITUB4,1.02,75,RNA,2020-08-14,0,0,-0.0221293053693227
ITUB4,1.02,75,Random Forest,2020-08-14,0,0,-0.0221293053693227
ITUB4,1.02,75,SVC,2020-08-14,0,1,-0.0221293053693227
ITUB4,1.02,75,RNA,2020-08-17,0,1,-0.0219333838774211
ITUB4,1.02,75,Random Forest,2020-08-17,0,0,-0.0219333838774211
ITUB4,1.02,75,SVC,2020-08-17,0,1,-0.0219333838774211
ITUB4,1.02,75,RNA,2020-08-18,1,1,0.0209703957335603
ITUB4,1.02,75,Random Forest,2020-08-18,1,0,0.0209703957335603
ITUB4,1.02,75,SVC,2020-08-18,1,1,0.0209703957335603
ITUB4,1.02,75,RNA,2020-08-19,1,1,0.0476793111604112
ITUB4,1.02,75,Random Forest,2020-08-19,1,1,0.0476793111604112
ITUB4,1.02,75,SVC,2020-08-19,1,1,0.0476793111604112
ITUB4,1.02,75,RNA,2020-08-20,1,0,0.038477640629406
ITUB4,1.02,75,Random Forest,2020-08-20,1,1,0.038477640629406
ITUB4,1.02,75,SVC,2020-08-20,1,1,0.038477640629406
ITUB4,1.02,75,RNA,2020-08-21,1,0,0.0239175171518604
ITUB4,1.02,75,Random Forest,2020-08-21,1,0,0.0239175171518604
ITUB4,1.02,75,SVC,2020-08-21,1,1,0.0239175171518604
ITUB4,1.02,75,RNA,2020-08-24,0,0,-0.0085227676662281
ITUB4,1.02,75,Random Forest,2020-08-24,0,1,-0.0085227676662281
ITUB4,1.02,75,SVC,2020-08-24,0,1,-0.0085227676662281
ITUB4,1.02,75,RNA,2020-08-25,0,1,-0.0308641662964684
ITUB4,1.02,75,Random Forest,2020-08-25,0,1,-0.0308641662964684
ITUB4,1.02,75,SVC,2020-08-25,0,1,-0.0308641662964684
ITUB4,1.02,75,RNA,2020-08-26,1,1,0.0280451867478208
ITUB4,1.02,75,Random Forest,2020-08-26,1,1,0.0280451867478208
ITUB4,1.02,75,SVC,2020-08-26,1,1,0.0280451867478208
ITUB4,1.02,75,RNA,2020-08-27,0,0,0.0002256193041956
ITUB4,1.02,75,Random Forest,2020-08-27,0,1,0.0002256193041956
ITUB4,1.02,75,SVC,2020-08-27,0,0,0.0002256193041956
ITUB4,1.02,75,RNA,2020-08-28,1,1,0.0556993363520099
ITUB4,1.02,75,Random Forest,2020-08-28,1,1,0.0556993363520099
ITUB4,1.02,75,SVC,2020-08-28,1,1,0.0556993363520099
ITUB4,1.02,75,RNA,2020-08-31,1,1,0.0682865540187092
ITUB4,1.02,75,Random Forest,2020-08-31,1,1,0.0682865540187092
ITUB4,1.02,75,SVC,2020-08-31,1,1,0.0682865540187092
ITUB4,1.02,75,RNA,2020-09-01,1,0,0.0472278966949555
ITUB4,1.02,75,Random Forest,2020-09-01,1,1,0.0472278966949555
ITUB4,1.02,75,SVC,2020-09-01,1,0,0.0472278966949555
ITUB4,1.02,75,RNA,2020-09-02,1,0,0.0537189746357746
ITUB4,1.02,75,Random Forest,2020-09-02,1,1,0.0537189746357746
ITUB4,1.02,75,SVC,2020-09-02,1,1,0.0537189746357746
ITUB4,1.02,75,RNA,2020-09-03,0,1,-0.049682071299363
ITUB4,1.02,75,Random Forest,2020-09-03,0,1,-0.049682071299363
ITUB4,1.02,75,SVC,2020-09-03,0,1,-0.049682071299363
ITUB4,1.02,75,RNA,2020-09-04,0,1,-0.0378664667573277
ITUB4,1.02,75,Random Forest,2020-09-04,0,1,-0.0378664667573277
ITUB4,1.02,75,SVC,2020-09-04,0,1,-0.0378664667573277
ITUB4,1.02,75,RNA,2020-09-08,0,1,-0.0223577098086357
ITUB4,1.02,75,Random Forest,2020-09-08,0,0,-0.0223577098086357
ITUB4,1.02,75,SVC,2020-09-08,0,1,-0.0223577098086357
ITUB4,1.02,75,RNA,2020-09-09,0,1,-0.0274590269393506
ITUB4,1.02,75,Random Forest,2020-09-09,0,1,-0.0274590269393506
ITUB4,1.02,75,SVC,2020-09-09,0,1,-0.0274590269393506
ITUB4,1.02,75,RNA,2020-09-10,0,1,-0.0121086080660095
ITUB4,1.02,75,Random Forest,2020-09-10,0,1,-0.0121086080660095
ITUB4,1.02,75,SVC,2020-09-10,0,1,-0.0121086080660095
ITUB4,1.02,75,RNA,2020-09-11,0,0,-0.0042034442091272
ITUB4,1.02,75,Random Forest,2020-09-11,0,0,-0.0042034442091272
ITUB4,1.02,75,SVC,2020-09-11,0,1,-0.0042034442091272
ITUB4,1.02,75,RNA,2020-09-14,0,0,-0.0442697578550813
ITUB4,1.02,75,Random Forest,2020-09-14,0,1,-0.0442697578550813
ITUB4,1.02,75,SVC,2020-09-14,0,0,-0.0442697578550813
ITUB4,1.02,75,RNA,2020-09-15,0,1,-0.0361952793374078
ITUB4,1.02,75,Random Forest,2020-09-15,0,0,-0.0361952793374078
ITUB4,1.02,75,SVC,2020-09-15,0,0,-0.0361952793374078
ITUB4,1.02,75,RNA,2020-09-16,0,1,-0.0170213372515174
ITUB4,1.02,75,Random Forest,2020-09-16,0,0,-0.0170213372515174
ITUB4,1.02,75,SVC,2020-09-16,0,1,-0.0170213372515174
ITUB4,1.02,75,RNA,2020-09-17,0,0,-0.0434042559897153
ITUB4,1.02,75,Random Forest,2020-09-17,0,1,-0.0434042559897153
ITUB4,1.02,75,SVC,2020-09-17,0,1,-0.0434042559897153
ITUB4,1.02,75,RNA,2020-09-18,1,1,0.0259341097752121
ITUB4,1.02,75,Random Forest,2020-09-18,1,1,0.0259341097752121
ITUB4,1.02,75,SVC,2020-09-18,1,1,0.0259341097752121
ITUB4,1.02,75,RNA,2020-09-21,1,1,0.0214442476082039
ITUB4,1.02,75,Random Forest,2020-09-21,1,0,0.0214442476082039
ITUB4,1.02,75,SVC,2020-09-21,1,1,0.0214442476082039
ITUB4,1.02,75,RNA,2020-09-22,1,0,0.0427574347903934
ITUB4,1.02,75,Random Forest,2020-09-22,1,0,0.0427574347903934
ITUB4,1.02,75,SVC,2020-09-22,1,1,0.0427574347903934
ITUB4,1.02,75,RNA,2020-09-23,1,1,0.0622222597945596
ITUB4,1.02,75,Random Forest,2020-09-23,1,1,0.0622222597945596
ITUB4,1.02,75,SVC,2020-09-23,1,1,0.0622222597945596
ITUB4,1.02,75,RNA,2020-09-24,1,1,0.0477860888660908
ITUB4,1.02,75,Random Forest,2020-09-24,1,1,0.0477860888660908
ITUB4,1.02,75,SVC,2020-09-24,1,1,0.0477860888660908
ITUB4,1.02,75,RNA,2020-09-25,1,0,0.0279570454537556
ITUB4,1.02,75,Random Forest,2020-09-25,1,1,0.0279570454537556
ITUB4,1.02,75,SVC,2020-09-25,1,1,0.0279570454537556
ITUB4,1.02,75,RNA,2020-09-28,0,1,-0.0128786631423271
ITUB4,1.02,75,Random Forest,2020-09-28,0,1,-0.0128786631423271
ITUB4,1.02,75,SVC,2020-09-28,0,1,-0.0128786631423271
ITUB4,1.02,75,RNA,2020-09-29,1,1,0.0334616661951561
ITUB4,1.02,75,Random Forest,2020-09-29,1,1,0.0334616661951561
ITUB4,1.02,75,SVC,2020-09-29,1,1,0.0334616661951561
ITUB4,1.02,75,RNA,2020-09-30,1,0,0.0368070339132116
ITUB4,1.02,75,Random Forest,2020-09-30,1,1,0.0368070339132116
ITUB4,1.02,75,SVC,2020-09-30,1,1,0.0368070339132116
ITUB4,1.02,75,RNA,2020-10-01,1,1,0.0456171422342353
ITUB4,1.02,75,Random Forest,2020-10-01,1,1,0.0456171422342353
ITUB4,1.02,75,SVC,2020-10-01,1,1,0.0456171422342353
ITUB4,1.02,75,RNA,2020-10-02,1,0,0.0686619753504143
ITUB4,1.02,75,Random Forest,2020-10-02,1,1,0.0686619753504143
ITUB4,1.02,75,SVC,2020-10-02,1,1,0.0686619753504143
ITUB4,1.02,75,RNA,2020-10-05,1,1,0.0658293744983689
ITUB4,1.02,75,Random Forest,2020-10-05,1,1,0.0658293744983689
ITUB4,1.02,75,SVC,2020-10-05,1,0,0.0658293744983689
ITUB4,1.02,75,RNA,2020-10-06,1,0,0.073266450767367
ITUB4,1.02,75,Random Forest,2020-10-06,1,1,0.073266450767367
ITUB4,1.02,75,SVC,2020-10-06,1,0,0.073266450767367
ITUB4,1.02,75,RNA,2020-10-07,1,0,0.0831865955059465
ITUB4,1.02,75,Random Forest,2020-10-07,1,1,0.0831865955059465
ITUB4,1.02,75,SVC,2020-10-07,1,0,0.0831865955059465
ITUB4,1.02,75,RNA,2020-10-08,1,1,0.0297071430969475
ITUB4,1.02,75,Random Forest,2020-10-08,1,1,0.0297071430969475
ITUB4,1.02,75,SVC,2020-10-08,1,1,0.0297071430969475
ITUB4,1.02,75,RNA,2020-10-09,0,1,-0.0362802404900939
ITUB4,1.02,75,Random Forest,2020-10-09,0,0,-0.0362802404900939
ITUB4,1.02,75,SVC,2020-10-09,0,1,-0.0362802404900939
ITUB4,1.02,75,RNA,2020-10-13,0,1,-0.0221850319809396
ITUB4,1.02,75,Random Forest,2020-10-13,0,1,-0.0221850319809396
ITUB4,1.02,75,SVC,2020-10-13,0,0,-0.0221850319809396
ITUB4,1.02,75,RNA,2020-10-14,1,1,0.0400681808990803
ITUB4,1.02,75,Random Forest,2020-10-14,1,1,0.0400681808990803
ITUB4,1.02,75,SVC,2020-10-14,1,1,0.0400681808990803
ITUB4,1.02,75,RNA,2020-10-15,1,0,0.0653566390432678
ITUB4,1.02,75,Random Forest,2020-10-15,1,1,0.0653566390432678
ITUB4,1.02,75,SVC,2020-10-15,1,1,0.0653566390432678
ITUB4,1.02,75,RNA,2020-10-16,1,0,0.11483876634427
ITUB4,1.02,75,Random Forest,2020-10-16,1,1,0.11483876634427
ITUB4,1.02,75,SVC,2020-10-16,1,1,0.11483876634427
ITUB4,1.02,75,RNA,2020-10-19,1,1,0.118197300318922
ITUB4,1.02,75,Random Forest,2020-10-19,1,1,0.118197300318922
ITUB4,1.02,75,SVC,2020-10-19,1,1,0.118197300318922
ITUB4,1.02,75,RNA,2020-10-20,1,1,0.0840890475106483
ITUB4,1.02,75,Random Forest,2020-10-20,1,1,0.0840890475106483
ITUB4,1.02,75,SVC,2020-10-20,1,1,0.0840890475106483
ITUB4,1.02,75,RNA,2020-10-21,1,1,0.0704110699652349
ITUB4,1.02,75,Random Forest,2020-10-21,1,1,0.0704110699652349
ITUB4,1.02,75,SVC,2020-10-21,1,1,0.0704110699652349
ITUB4,1.02,75,RNA,2020-10-22,0,0,-0.0818532838092425
ITUB4,1.02,75,Random Forest,2020-10-22,0,1,-0.0818532838092425
ITUB4,1.02,75,SVC,2020-10-22,0,1,-0.0818532838092425
ITUB4,1.02,75,RNA,2020-10-23,1,0,0.0343873595312316
ITUB4,1.02,75,Random Forest,2020-10-23,1,0,0.0343873595312316
ITUB4,1.02,75,SVC,2020-10-23,1,1,0.0343873595312316
ITUB4,1.02,75,RNA,2020-10-26,0,1,-0.1003831759877499
ITUB4,1.02,75,Random Forest,2020-10-26,0,1,-0.1003831759877499
ITUB4,1.02,75,SVC,2020-10-26,0,1,-0.1003831759877499
ITUB4,1.02,75,RNA,2020-10-27,0,1,-0.0080259077651153
ITUB4,1.02,75,Random Forest,2020-10-27,0,0,-0.0080259077651153
ITUB4,1.02,75,SVC,2020-10-27,0,1,-0.0080259077651153
ITUB4,1.02,75,RNA,2020-10-28,1,0,0.0923010194563827
ITUB4,1.02,75,Random Forest,2020-10-28,1,1,0.0923010194563827
ITUB4,1.02,75,SVC,2020-10-28,1,1,0.0923010194563827
ITUB4,1.02,75,RNA,2020-10-29,1,0,0.09753006142946
ITUB4,1.02,75,Random Forest,2020-10-29,1,1,0.09753006142946
ITUB4,1.02,75,SVC,2020-10-29,1,1,0.09753006142946
ITUB4,1.02,75,RNA,2020-10-30,1,1,0.0853556306420686
ITUB4,1.02,75,Random Forest,2020-10-30,1,1,0.0853556306420686
ITUB4,1.02,75,SVC,2020-10-30,1,1,0.0853556306420686
ITUB4,1.02,75,RNA,2020-11-03,1,1,0.098823556402056
ITUB4,1.02,75,Random Forest,2020-11-03,1,1,0.098823556402056
ITUB4,1.02,75,SVC,2020-11-03,1,1,0.098823556402056
ITUB4,1.02,75,RNA,2020-11-04,1,1,0.1426891105399597
ITUB4,1.02,75,Random Forest,2020-11-04,1,1,0.1426891105399597
ITUB4,1.02,75,SVC,2020-11-04,1,1,0.1426891105399597
ITUB4,1.02,75,RNA,2020-11-05,1,0,0.1499013403847908
ITUB4,1.02,75,Random Forest,2020-11-05,1,1,0.1499013403847908
ITUB4,1.02,75,SVC,2020-11-05,1,1,0.1499013403847908
ITUB4,1.02,75,RNA,2020-11-06,1,1,0.0901271280955002
ITUB4,1.02,75,Random Forest,2020-11-06,1,1,0.0901271280955002
ITUB4,1.02,75,SVC,2020-11-06,1,1,0.0901271280955002
ITUB4,1.02,75,RNA,2020-11-09,1,1,0.0542495176861386
ITUB4,1.02,75,Random Forest,2020-11-09,1,1,0.0542495176861386
ITUB4,1.02,75,SVC,2020-11-09,1,0,0.0542495176861386
ITUB4,1.02,75,RNA,2020-11-10,1,1,0.0288595095407218
ITUB4,1.02,75,Random Forest,2020-11-10,1,1,0.0288595095407218
ITUB4,1.02,75,SVC,2020-11-10,1,1,0.0288595095407218
ITUB4,1.02,75,RNA,2020-11-11,1,1,0.0418719310893587
ITUB4,1.02,75,Random Forest,2020-11-11,1,1,0.0418719310893587
ITUB4,1.02,75,SVC,2020-11-11,1,1,0.0418719310893587
ITUB4,1.02,75,RNA,2020-11-12,1,1,0.0511182678695223
ITUB4,1.02,75,Random Forest,2020-11-12,1,1,0.0511182678695223
ITUB4,1.02,75,SVC,2020-11-12,1,1,0.0511182678695223
ITUB4,1.02,75,RNA,2020-11-13,1,1,0.0203308279387699
ITUB4,1.02,75,Random Forest,2020-11-13,1,1,0.0203308279387699
ITUB4,1.02,75,SVC,2020-11-13,1,1,0.0203308279387699
ITUB4,1.02,75,RNA,2020-11-16,0,1,-0.027919660922846
ITUB4,1.02,75,Random Forest,2020-11-16,0,1,-0.027919660922846
ITUB4,1.02,75,SVC,2020-11-16,0,1,-0.027919660922846
ITUB4,1.02,75,RNA,2020-11-17,0,0,-0.0180088230517778
ITUB4,1.02,75,Random Forest,2020-11-17,0,1,-0.0180088230517778
ITUB4,1.02,75,SVC,2020-11-17,0,1,-0.0180088230517778
ITUB4,1.02,75,RNA,2020-11-18,1,0,0.0442906605390951
ITUB4,1.02,75,Random Forest,2020-11-18,1,0,0.0442906605390951
ITUB4,1.02,75,SVC,2020-11-18,1,0,0.0442906605390951
ITUB4,1.02,75,RNA,2020-11-19,1,1,0.0508356418377982
ITUB4,1.02,75,Random Forest,2020-11-19,1,0,0.0508356418377982
ITUB4,1.02,75,SVC,2020-11-19,1,1,0.0508356418377982
ITUB4,1.02,75,RNA,2020-11-20,1,1,0.0461005322107046
ITUB4,1.02,75,Random Forest,2020-11-20,1,1,0.0461005322107046
ITUB4,1.02,75,SVC,2020-11-20,1,1,0.0461005322107046
ITUB4,1.02,75,RNA,2020-11-23,1,0,0.0371134289809937
ITUB4,1.02,75,Random Forest,2020-11-23,1,1,0.0371134289809937
ITUB4,1.02,75,SVC,2020-11-23,1,1,0.0371134289809937
ITUB4,1.02,75,RNA,2020-11-24,0,1,-0.03578660750852
ITUB4,1.02,75,Random Forest,2020-11-24,0,1,-0.03578660750852
ITUB4,1.02,75,SVC,2020-11-24,0,1,-0.03578660750852
ITUB4,1.02,75,RNA,2020-11-25,1,1,0.0408332238538822
ITUB4,1.02,75,Random Forest,2020-11-25,1,1,0.0408332238538822
ITUB4,1.02,75,SVC,2020-11-25,1,1,0.0408332238538822
ITUB4,1.02,75,RNA,2020-11-26,1,1,0.0494321492152238
ITUB4,1.02,75,Random Forest,2020-11-26,1,1,0.0494321492152238
ITUB4,1.02,75,SVC,2020-11-26,1,1,0.0494321492152238
ITUB4,1.02,75,RNA,2020-11-27,1,1,0.0664901952398673
ITUB4,1.02,75,Random Forest,2020-11-27,1,1,0.0664901952398673
ITUB4,1.02,75,SVC,2020-11-27,1,1,0.0664901952398673
ITUB4,1.02,75,RNA,2020-11-30,1,1,0.062994829341191
ITUB4,1.02,75,Random Forest,2020-11-30,1,1,0.062994829341191
ITUB4,1.02,75,SVC,2020-11-30,1,1,0.062994829341191
ITUB4,1.02,75,RNA,2020-12-01,1,1,0.038101594443231
ITUB4,1.02,75,Random Forest,2020-12-01,1,1,0.038101594443231
ITUB4,1.02,75,SVC,2020-12-01,1,1,0.038101594443231
ITUB4,1.02,75,RNA,2020-12-02,1,1,0.0328467293667715
ITUB4,1.02,75,Random Forest,2020-12-02,1,1,0.0328467293667715
ITUB4,1.02,75,SVC,2020-12-02,1,1,0.0328467293667715
ITUB4,1.02,75,RNA,2020-12-03,1,1,0.0301124968107175
ITUB4,1.02,75,Random Forest,2020-12-03,1,1,0.0301124968107175
ITUB4,1.02,75,SVC,2020-12-03,1,1,0.0301124968107175
ITUB4,1.02,75,RNA,2020-12-04,1,1,0.0485950358689428
ITUB4,1.02,75,Random Forest,2020-12-04,1,1,0.0485950358689428
ITUB4,1.02,75,SVC,2020-12-04,1,1,0.0485950358689428
ITUB4,1.02,75,RNA,2020-12-07,1,1,0.0420499401720753
ITUB4,1.02,75,Random Forest,2020-12-07,1,1,0.0420499401720753
ITUB4,1.02,75,SVC,2020-12-07,1,1,0.0420499401720753
ITUB4,1.02,75,RNA,2020-12-08,1,1,0.043764374806493
ITUB4,1.02,75,Random Forest,2020-12-08,1,1,0.043764374806493
ITUB4,1.02,75,SVC,2020-12-08,1,1,0.043764374806493
ITUB4,1.02,75,RNA,2020-12-09,1,1,0.0312093812058198
ITUB4,1.02,75,Random Forest,2020-12-09,1,1,0.0312093812058198
ITUB4,1.02,75,SVC,2020-12-09,1,1,0.0312093812058198
ITUB4,1.02,75,RNA,2020-12-10,1,1,0.0324029464129325
ITUB4,1.02,75,Random Forest,2020-12-10,1,1,0.0324029464129325
ITUB4,1.02,75,SVC,2020-12-10,1,1,0.0324029464129325
ITUB4,1.02,75,RNA,2020-12-11,1,1,0.0225611366906675
ITUB4,1.02,75,Random Forest,2020-12-11,1,1,0.0225611366906675
ITUB4,1.02,75,SVC,2020-12-11,1,1,0.0225611366906675
ITUB4,1.02,75,RNA,2020-12-14,1,1,0.0390700816184832
ITUB4,1.02,75,Random Forest,2020-12-14,1,1,0.0390700816184832
ITUB4,1.02,75,SVC,2020-12-14,1,1,0.0390700816184832
ITUB4,1.02,75,RNA,2020-12-15,1,1,0.0300895949027364
ITUB4,1.02,75,Random Forest,2020-12-15,1,1,0.0300895949027364
ITUB4,1.02,75,SVC,2020-12-15,1,1,0.0300895949027364
ITUB4,1.02,75,RNA,2020-12-16,0,1,-0.0200689812405855
ITUB4,1.02,75,Random Forest,2020-12-16,0,1,-0.0200689812405855
ITUB4,1.02,75,SVC,2020-12-16,0,1,-0.0200689812405855
ITUB4,1.02,75,RNA,2020-12-17,0,1,0.0069356751979159
ITUB4,1.02,75,Random Forest,2020-12-17,0,1,0.0069356751979159
ITUB4,1.02,75,SVC,2020-12-17,0,1,0.0069356751979159
ITUB4,1.02,75,RNA,2020-12-18,1,1,0.0444444396441925
ITUB4,1.02,75,Random Forest,2020-12-18,1,1,0.0444444396441925
ITUB4,1.02,75,SVC,2020-12-18,1,1,0.0444444396441925
ITUB4,1.02,75,RNA,2020-12-21,1,1,0.0404235016713008
ITUB4,1.02,75,Random Forest,2020-12-21,1,1,0.0404235016713008
ITUB4,1.02,75,SVC,2020-12-21,1,1,0.0404235016713008
ITUB4,1.02,75,RNA,2020-12-22,1,1,0.0354406164626421
ITUB4,1.02,75,Random Forest,2020-12-22,1,1,0.0354406164626421
ITUB4,1.02,75,SVC,2020-12-22,1,1,0.0354406164626421
ITUB4,1.02,75,RNA,2020-12-23,0,1,-0.0405135301232991
ITUB4,1.02,75,Random Forest,2020-12-23,0,1,-0.0405135301232991
ITUB4,1.02,75,SVC,2020-12-23,0,1,-0.0405135301232991
ITUB4,1.02,75,RNA,2020-12-28,0,1,-0.0482008225666257
ITUB4,1.02,75,Random Forest,2020-12-28,0,1,-0.0482008225666257
ITUB4,1.02,75,SVC,2020-12-28,0,1,-0.0482008225666257
ITUB4,1.02,75,RNA,2020-12-29,0,1,-0.0197216823578263
ITUB4,1.02,75,Random Forest,2020-12-29,0,0,-0.0197216823578263
ITUB4,1.02,75,SVC,2020-12-29,0,1,-0.0197216823578263
ITUB4,1.02,75,RNA,2020-12-30,1,1,0.0337711057619314
ITUB4,1.02,75,Random Forest,2020-12-30,1,0,0.0337711057619314
ITUB4,1.02,75,SVC,2020-12-30,1,1,0.0337711057619314
ITUB4,1.02,75,RNA,2021-01-04,1,1,0.0881874005782368
ITUB4,1.02,75,Random Forest,2021-01-04,1,1,0.0881874005782368
ITUB4,1.02,75,SVC,2021-01-04,1,1,0.0881874005782368
ITUB4,1.02,75,RNA,2021-01-05,1,1,0.0794060470569981
ITUB4,1.02,75,Random Forest,2021-01-05,1,1,0.0794060470569981
ITUB4,1.02,75,SVC,2021-01-05,1,1,0.0794060470569981
ITUB4,1.02,75,RNA,2021-01-06,1,1,0.0565560590595639
ITUB4,1.02,75,Random Forest,2021-01-06,1,1,0.0565560590595639
ITUB4,1.02,75,SVC,2021-01-06,1,1,0.0565560590595639
ITUB4,1.02,75,RNA,2021-01-07,0,1,-0.0388703184860421
ITUB4,1.02,75,Random Forest,2021-01-07,0,1,-0.0388703184860421
ITUB4,1.02,75,SVC,2021-01-07,0,1,-0.0388703184860421
ITUB4,1.02,75,RNA,2021-01-08,0,1,0.0036957017820189
ITUB4,1.02,75,Random Forest,2021-01-08,0,0,0.0036957017820189
ITUB4,1.02,75,SVC,2021-01-08,0,1,0.0036957017820189
ITUB4,1.02,75,RNA,2021-01-11,1,1,0.023617181899169
ITUB4,1.02,75,Random Forest,2021-01-11,1,1,0.023617181899169
ITUB4,1.02,75,SVC,2021-01-11,1,1,0.023617181899169
ITUB4,1.02,75,RNA,2021-01-12,1,1,0.023617181899169
ITUB4,1.02,75,Random Forest,2021-01-12,1,1,0.023617181899169
ITUB4,1.02,75,SVC,2021-01-12,1,1,0.023617181899169
ITUB4,1.02,75,RNA,2021-01-13,1,1,0.0287320828497581
ITUB4,1.02,75,Random Forest,2021-01-13,1,1,0.0287320828497581
ITUB4,1.02,75,SVC,2021-01-13,1,1,0.0287320828497581
ITUB4,1.02,75,RNA,2021-01-14,0,1,-0.0539781202614298
ITUB4,1.02,75,Random Forest,2021-01-14,0,1,-0.0539781202614298
ITUB4,1.02,75,SVC,2021-01-14,0,1,-0.0539781202614298
ITUB4,1.02,75,RNA,2021-01-15,0,1,-0.0552747969843345
ITUB4,1.02,75,Random Forest,2021-01-15,0,1,-0.0552747969843345
ITUB4,1.02,75,SVC,2021-01-15,0,1,-0.0552747969843345
ITUB4,1.02,75,RNA,2021-01-18,0,1,-0.0704985864229434
ITUB4,1.02,75,Random Forest,2021-01-18,0,1,-0.0704985864229434
ITUB4,1.02,75,SVC,2021-01-18,0,1,-0.0704985864229434
ITUB4,1.02,75,RNA,2021-01-19,0,1,-0.0886150239810069
ITUB4,1.02,75,Random Forest,2021-01-19,0,1,-0.0886150239810069
ITUB4,1.02,75,SVC,2021-01-19,0,1,-0.0886150239810069
ITUB4,1.02,75,RNA,2021-01-20,0,1,-0.0673328039288109
ITUB4,1.02,75,Random Forest,2021-01-20,0,0,-0.0673328039288109
ITUB4,1.02,75,SVC,2021-01-20,0,1,-0.0673328039288109
ITUB4,1.02,75,RNA,2021-01-21,1,1,0.0222649824911711
ITUB4,1.02,75,Random Forest,2021-01-21,1,0,0.0222649824911711
ITUB4,1.02,75,SVC,2021-01-21,1,1,0.0222649824911711
ITUB4,1.02,75,RNA,2021-01-22,1,1,0.0296653672424476
ITUB4,1.02,75,Random Forest,2021-01-22,1,0,0.0296653672424476
ITUB4,1.02,75,SVC,2021-01-22,1,1,0.0296653672424476
ITUB4,1.02,75,RNA,2021-01-26,1,1,0.0540732807763564
ITUB4,1.02,75,Random Forest,2021-01-26,1,0,0.0540732807763564
ITUB4,1.02,75,SVC,2021-01-26,1,1,0.0540732807763564
ITUB4,1.02,75,RNA,2021-01-27,1,1,0.0473665207343632
ITUB4,1.02,75,Random Forest,2021-01-27,1,1,0.0473665207343632
ITUB4,1.02,75,SVC,2021-01-27,1,1,0.0473665207343632
ITUB4,1.02,75,RNA,2021-01-28,0,1,-0.0302878339971227
ITUB4,1.02,75,Random Forest,2021-01-28,0,1,-0.0302878339971227
ITUB4,1.02,75,SVC,2021-01-28,0,1,-0.0302878339971227
ITUB4,1.02,75,RNA,2021-01-29,0,0,-0.0275861770707103
ITUB4,1.02,75,Random Forest,2021-01-29,0,1,-0.0275861770707103
ITUB4,1.02,75,SVC,2021-01-29,0,1,-0.0275861770707103
ITUB4,1.02,75,RNA,2021-02-01,0,1,-0.0343878997321204
ITUB4,1.02,75,Random Forest,2021-02-01,0,1,-0.0343878997321204
ITUB4,1.02,75,SVC,2021-02-01,0,1,-0.0343878997321204
ITUB4,1.02,75,RNA,2021-02-02,0,0,-0.0417246003802067
ITUB4,1.02,75,Random Forest,2021-02-02,0,0,-0.0417246003802067
ITUB4,1.02,75,SVC,2021-02-02,0,1,-0.0417246003802067
ITUB4,1.02,75,RNA,2021-02-03,0,0,-0.0224325147761027
ITUB4,1.02,75,Random Forest,2021-02-03,0,0,-0.0224325147761027
ITUB4,1.02,75,SVC,2021-02-03,0,1,-0.0224325147761027
ITUB4,1.02,75,RNA,2021-02-04,0,1,-0.0219003777680932
ITUB4,1.02,75,Random Forest,2021-02-04,0,0,-0.0219003777680932
ITUB4,1.02,75,SVC,2021-02-04,0,1,-0.0219003777680932
ITUB4,1.02,75,RNA,2021-02-05,0,0,-0.0110713935270033
ITUB4,1.02,75,Random Forest,2021-02-05,0,0,-0.0110713935270033
ITUB4,1.02,75,SVC,2021-02-05,0,1,-0.0110713935270033
ITUB4,1.02,75,RNA,2021-02-08,1,0,0.0334667309687555
ITUB4,1.02,75,Random Forest,2021-02-08,1,0,0.0334667309687555
ITUB4,1.02,75,SVC,2021-02-08,1,0,0.0334667309687555
ITUB4,1.02,75,RNA,2021-02-09,0,1,0.0075269177469319
ITUB4,1.02,75,Random Forest,2021-02-09,0,0,0.0075269177469319
ITUB4,1.02,75,SVC,2021-02-09,0,0,0.0075269177469319
ITUB4,1.02,75,RNA,2021-02-10,0,0,-0.0028581545796819
ITUB4,1.02,75,Random Forest,2021-02-10,0,0,-0.0028581545796819
ITUB4,1.02,75,SVC,2021-02-10,0,1,-0.0028581545796819
ITUB4,1.02,75,RNA,2021-02-11,1,1,0.0352342371766787
ITUB4,1.02,75,Random Forest,2021-02-11,1,1,0.0352342371766787
ITUB4,1.02,75,SVC,2021-02-11,1,0,0.0352342371766787
ITUB4,1.02,75,RNA,2021-02-12,1,1,0.0251798359921979
ITUB4,1.02,75,Random Forest,2021-02-12,1,0,0.0251798359921979
ITUB4,1.02,75,SVC,2021-02-12,1,0,0.0251798359921979
ITUB4,1.02,75,RNA,2021-02-17,1,0,0.0207736329190337
ITUB4,1.02,75,Random Forest,2021-02-17,1,0,0.0207736329190337
ITUB4,1.02,75,SVC,2021-02-17,1,0,0.0207736329190337
ITUB4,1.02,75,RNA,2021-02-18,0,1,-0.0372893524407473
ITUB4,1.02,75,Random Forest,2021-02-18,0,0,-0.0372893524407473
ITUB4,1.02,75,SVC,2021-02-18,0,0,-0.0372893524407473
ITUB4,1.02,75,RNA,2021-02-19,1,1,0.0365348485360947
ITUB4,1.02,75,Random Forest,2021-02-19,1,1,0.0365348485360947
ITUB4,1.02,75,SVC,2021-02-19,1,1,0.0365348485360947
ITUB4,1.02,75,RNA,2021-02-22,1,0,0.0621382322411783
ITUB4,1.02,75,Random Forest,2021-02-22,1,0,0.0621382322411783
ITUB4,1.02,75,SVC,2021-02-22,1,0,0.0621382322411783
ITUB4,1.02,75,RNA,2021-02-23,0,1,-0.0913225913590477
ITUB4,1.02,75,Random Forest,2021-02-23,0,1,-0.0913225913590477
ITUB4,1.02,75,SVC,2021-02-23,0,1,-0.0913225913590477
ITUB4,1.02,75,RNA,2021-02-24,0,0,-0.0360118712557699
ITUB4,1.02,75,Random Forest,2021-02-24,0,1,-0.0360118712557699
ITUB4,1.02,75,SVC,2021-02-24,0,1,-0.0360118712557699
ITUB4,1.02,75,RNA,2021-02-25,0,0,-0.0135430252372836
ITUB4,1.02,75,Random Forest,2021-02-25,0,1,-0.0135430252372836
ITUB4,1.02,75,SVC,2021-02-25,0,1,-0.0135430252372836
ITUB4,1.02,75,RNA,2021-02-26,1,0,0.0463320223016965
ITUB4,1.02,75,Random Forest,2021-02-26,1,0,0.0463320223016965
ITUB4,1.02,75,SVC,2021-02-26,1,1,0.0463320223016965
ITUB4,1.02,75,RNA,2021-03-01,1,0,0.1434442933181736
ITUB4,1.02,75,Random Forest,2021-03-01,1,0,0.1434442933181736
ITUB4,1.02,75,SVC,2021-03-01,1,0,0.1434442933181736
ITUB4,1.02,75,RNA,2021-03-02,1,0,0.0857586160532484
ITUB4,1.02,75,Random Forest,2021-03-02,1,0,0.0857586160532484
ITUB4,1.02,75,SVC,2021-03-02,1,1,0.0857586160532484
ITUB4,1.02,75,RNA,2021-03-03,1,1,0.0753266620217889
ITUB4,1.02,75,Random Forest,2021-03-03,1,1,0.0753266620217889
ITUB4,1.02,75,SVC,2021-03-03,1,1,0.0753266620217889
ITUB4,1.02,75,RNA,2021-03-04,1,0,0.046763898205927
ITUB4,1.02,75,Random Forest,2021-03-04,1,1,0.046763898205927
ITUB4,1.02,75,SVC,2021-03-04,1,1,0.046763898205927
ITUB4,1.02,75,RNA,2021-03-05,1,0,0.0401486977823954
ITUB4,1.02,75,Random Forest,2021-03-05,1,0,0.0401486977823954
ITUB4,1.02,75,SVC,2021-03-05,1,1,0.0401486977823954
ITUB4,1.02,75,RNA,2021-03-08,1,0,0.0473328298302244
ITUB4,1.02,75,Random Forest,2021-03-08,1,0,0.0473328298302244
ITUB4,1.02,75,SVC,2021-03-08,1,1,0.0473328298302244
ITUB4,1.02,75,RNA,2021-03-09,1,0,0.0284028508776768
ITUB4,1.02,75,Random Forest,2021-03-09,1,1,0.0284028508776768
ITUB4,1.02,75,SVC,2021-03-09,1,1,0.0284028508776768
ITUB4,1.02,75,RNA,2021-03-10,0,0,-0.0239130229278435
ITUB4,1.02,75,Random Forest,2021-03-10,0,1,-0.0239130229278435
ITUB4,1.02,75,SVC,2021-03-10,0,1,-0.0239130229278435
ITUB4,1.02,75,RNA,2021-03-11,1,1,0.0331491705943713
ITUB4,1.02,75,Random Forest,2021-03-11,1,1,0.0331491705943713
ITUB4,1.02,75,SVC,2021-03-11,1,1,0.0331491705943713
ITUB4,1.02,75,RNA,2021-03-12,1,1,0.0578269000833795
ITUB4,1.02,75,Random Forest,2021-03-12,1,0,0.0578269000833795
ITUB4,1.02,75,SVC,2021-03-12,1,1,0.0578269000833795
ITUB4,1.02,75,RNA,2021-03-15,1,1,0.0439840183544875
ITUB4,1.02,75,Random Forest,2021-03-15,1,1,0.0439840183544875
ITUB4,1.02,75,SVC,2021-03-15,1,1,0.0439840183544875
ITUB4,1.02,75,RNA,2021-03-16,1,1,0.0692479720168266
ITUB4,1.02,75,Random Forest,2021-03-16,1,1,0.0692479720168266
ITUB4,1.02,75,SVC,2021-03-16,1,1,0.0692479720168266
ITUB4,1.02,75,RNA,2021-03-17,1,1,0.0282849904767277
ITUB4,1.02,75,Random Forest,2021-03-17,1,1,0.0282849904767277
ITUB4,1.02,75,SVC,2021-03-17,1,1,0.0282849904767277
ITUB4,1.02,75,RNA,2021-03-18,0,1,-0.0378895425858152
ITUB4,1.02,75,Random Forest,2021-03-18,0,1,-0.0378895425858152
ITUB4,1.02,75,SVC,2021-03-18,0,1,-0.0378895425858152
ITUB4,1.02,75,RNA,2021-03-19,0,1,-0.0121472474812425
ITUB4,1.02,75,Random Forest,2021-03-19,0,1,-0.0121472474812425
ITUB4,1.02,75,SVC,2021-03-19,0,1,-0.0121472474812425
ITUB4,1.02,75,RNA,2021-03-22,0,1,0.0043389324312734
ITUB4,1.02,75,Random Forest,2021-03-22,0,0,0.0043389324312734
ITUB4,1.02,75,SVC,2021-03-22,0,1,0.0043389324312734
ITUB4,1.02,75,RNA,2021-03-23,1,0,0.0224944756312401
ITUB4,1.02,75,Random Forest,2021-03-23,1,0,0.0224944756312401
ITUB4,1.02,75,SVC,2021-03-23,1,1,0.0224944756312401
ITUB4,1.02,75,RNA,2021-03-24,1,1,0.0593470182772912
ITUB4,1.02,75,Random Forest,2021-03-24,1,0,0.0593470182772912
ITUB4,1.02,75,SVC,2021-03-24,1,1,0.0593470182772912
ITUB4,1.02,75,RNA,2021-03-25,1,0,0.0374272809220519
ITUB4,1.02,75,Random Forest,2021-03-25,1,1,0.0374272809220519
ITUB4,1.02,75,SVC,2021-03-25,1,1,0.0374272809220519
ITUB4,1.02,75,RNA,2021-03-26,0,1,-0.0357562906387848
ITUB4,1.02,75,Random Forest,2021-03-26,0,0,-0.0357562906387848
ITUB4,1.02,75,SVC,2021-03-26,0,1,-0.0357562906387848
ITUB4,1.02,75,RNA,2021-03-29,1,1,0.0255028571265143
ITUB4,1.02,75,Random Forest,2021-03-29,1,1,0.0255028571265143
ITUB4,1.02,75,SVC,2021-03-29,1,1,0.0255028571265143
ITUB4,1.02,75,RNA,2021-03-30,0,1,-0.0411674591974341
ITUB4,1.02,75,Random Forest,2021-03-30,0,0,-0.0411674591974341
ITUB4,1.02,75,SVC,2021-03-30,0,1,-0.0411674591974341
ITUB4,1.02,75,RNA,2021-03-31,0,1,-0.0440810652683939
ITUB4,1.02,75,Random Forest,2021-03-31,0,1,-0.0440810652683939
ITUB4,1.02,75,SVC,2021-03-31,0,1,-0.0440810652683939
ITUB4,1.02,75,RNA,2021-04-01,0,1,-0.0248537609495226
ITUB4,1.02,75,Random Forest,2021-04-01,0,0,-0.0248537609495226
ITUB4,1.02,75,SVC,2021-04-01,0,0,-0.0248537609495226
ITUB4,1.02,75,RNA,2021-04-05,0,0,-0.0312726944325443
ITUB4,1.02,75,Random Forest,2021-04-05,0,0,-0.0312726944325443
ITUB4,1.02,75,SVC,2021-04-05,0,1,-0.0312726944325443
ITUB4,1.02,75,RNA,2021-04-06,0,1,0.0103626917571664
ITUB4,1.02,75,Random Forest,2021-04-06,0,1,0.0103626917571664
ITUB4,1.02,75,SVC,2021-04-06,0,1,0.0103626917571664
ITUB4,1.02,75,RNA,2021-04-07,0,1,0.010366528551043
ITUB4,1.02,75,Random Forest,2021-04-07,0,1,0.010366528551043
ITUB4,1.02,75,SVC,2021-04-07,0,1,0.010366528551043
ITUB4,1.02,75,RNA,2021-04-08,1,1,0.0588013779655249
ITUB4,1.02,75,Random Forest,2021-04-08,1,0,0.0588013779655249
ITUB4,1.02,75,SVC,2021-04-08,1,1,0.0588013779655249
ITUB4,1.02,75,RNA,2021-04-09,1,0,0.048134370322842
ITUB4,1.02,75,Random Forest,2021-04-09,1,0,0.048134370322842
ITUB4,1.02,75,SVC,2021-04-09,1,1,0.048134370322842
ITUB4,1.02,75,RNA,2021-04-12,1,1,0.0342288938632082
ITUB4,1.02,75,Random Forest,2021-04-12,1,1,0.0342288938632082
ITUB4,1.02,75,SVC,2021-04-12,1,1,0.0342288938632082
ITUB4,1.02,75,RNA,2021-04-13,1,1,0.0270467861948544
ITUB4,1.02,75,Random Forest,2021-04-13,1,0,0.0270467861948544
ITUB4,1.02,75,SVC,2021-04-13,1,1,0.0270467861948544
ITUB4,1.02,75,RNA,2021-04-14,0,1,-0.009761368653501
ITUB4,1.02,75,Random Forest,2021-04-14,0,0,-0.009761368653501
ITUB4,1.02,75,SVC,2021-04-14,0,0,-0.009761368653501
ITUB4,1.02,75,RNA,2021-04-15,1,1,0.0221898468426899
ITUB4,1.02,75,Random Forest,2021-04-15,1,0,0.0221898468426899
ITUB4,1.02,75,SVC,2021-04-15,1,1,0.0221898468426899
ITUB4,1.02,75,RNA,2021-04-16,0,1,-0.0125537985959441
ITUB4,1.02,75,Random Forest,2021-04-16,0,0,-0.0125537985959441
ITUB4,1.02,75,SVC,2021-04-16,0,1,-0.0125537985959441
ITUB4,1.02,75,RNA,2021-04-19,0,0,0.0036482939838926
ITUB4,1.02,75,Random Forest,2021-04-19,0,0,0.0036482939838926
ITUB4,1.02,75,SVC,2021-04-19,0,1,0.0036482939838926
ITUB4,1.02,75,RNA,2021-04-20,0,1,-0.0159825944875235
ITUB4,1.02,75,Random Forest,2021-04-20,0,1,-0.0159825944875235
ITUB4,1.02,75,SVC,2021-04-20,0,1,-0.0159825944875235
ITUB4,1.02,75,RNA,2021-04-22,1,1,0.0331194064646742
ITUB4,1.02,75,Random Forest,2021-04-22,1,1,0.0331194064646742
ITUB4,1.02,75,SVC,2021-04-22,1,1,0.0331194064646742
ITUB4,1.02,75,RNA,2021-04-23,1,0,0.0267160254810165
ITUB4,1.02,75,Random Forest,2021-04-23,1,1,0.0267160254810165
ITUB4,1.02,75,SVC,2021-04-23,1,1,0.0267160254810165
ITUB4,1.02,75,RNA,2021-04-26,1,0,0.0341912483841178
ITUB4,1.02,75,Random Forest,2021-04-26,1,1,0.0341912483841178
ITUB4,1.02,75,SVC,2021-04-26,1,1,0.0341912483841178
ITUB4,1.02,75,RNA,2021-04-27,1,1,0.0301598584678914
ITUB4,1.02,75,Random Forest,2021-04-27,1,1,0.0301598584678914
ITUB4,1.02,75,SVC,2021-04-27,1,1,0.0301598584678914
ITUB4,1.02,75,RNA,2021-04-28,0,1,-0.0516478443557051
ITUB4,1.02,75,Random Forest,2021-04-28,0,1,-0.0516478443557051
ITUB4,1.02,75,SVC,2021-04-28,0,1,-0.0516478443557051
ITUB4,1.02,75,RNA,2021-04-29,1,0,0.0436151124843919
ITUB4,1.02,75,Random Forest,2021-04-29,1,1,0.0436151124843919
ITUB4,1.02,75,SVC,2021-04-29,1,1,0.0436151124843919
ITUB4,1.02,75,RNA,2021-04-30,1,1,0.0234657090354752
ITUB4,1.02,75,Random Forest,2021-04-30,1,1,0.0234657090354752
ITUB4,1.02,75,SVC,2021-04-30,1,1,0.0234657090354752
ITUB4,1.02,75,RNA,2021-05-03,0,0,-0.0167259863540787
ITUB4,1.02,75,Random Forest,2021-05-03,0,1,-0.0167259863540787
ITUB4,1.02,75,SVC,2021-05-03,0,1,-0.0167259863540787
ITUB4,1.02,75,RNA,2021-05-04,1,1,0.0498141083872087
ITUB4,1.02,75,Random Forest,2021-05-04,1,1,0.0498141083872087
ITUB4,1.02,75,SVC,2021-05-04,1,1,0.0498141083872087
ITUB4,1.02,75,RNA,2021-05-05,1,0,0.032163740569477
ITUB4,1.02,75,Random Forest,2021-05-05,1,1,0.032163740569477
ITUB4,1.02,75,SVC,2021-05-05,1,1,0.032163740569477
ITUB4,1.02,75,RNA,2021-05-06,1,0,0.0302809216173971
ITUB4,1.02,75,Random Forest,2021-05-06,1,1,0.0302809216173971
ITUB4,1.02,75,SVC,2021-05-06,1,1,0.0302809216173971
ITUB4,1.02,75,RNA,2021-05-07,1,1,0.0325262457639496
ITUB4,1.02,75,Random Forest,2021-05-07,1,1,0.0325262457639496
ITUB4,1.02,75,SVC,2021-05-07,1,1,0.0325262457639496
ITUB4,1.02,75,RNA,2021-05-10,1,1,0.0519105712525724
ITUB4,1.02,75,Random Forest,2021-05-10,1,1,0.0519105712525724
ITUB4,1.02,75,SVC,2021-05-10,1,1,0.0519105712525724
ITUB4,1.02,75,RNA,2021-05-11,1,1,0.0534296098273321
ITUB4,1.02,75,Random Forest,2021-05-11,1,1,0.0534296098273321
ITUB4,1.02,75,SVC,2021-05-11,1,1,0.0534296098273321
ITUB4,1.02,75,RNA,2021-05-12,1,1,0.059398724225351
ITUB4,1.02,75,Random Forest,2021-05-12,1,1,0.059398724225351
ITUB4,1.02,75,SVC,2021-05-12,1,1,0.059398724225351
ITUB4,1.02,75,RNA,2021-05-13,1,1,0.0205861694662883
ITUB4,1.02,75,Random Forest,2021-05-13,1,1,0.0205861694662883
ITUB4,1.02,75,SVC,2021-05-13,1,1,0.0205861694662883
ITUB4,1.02,75,RNA,2021-05-14,1,1,0.0294423161492605
ITUB4,1.02,75,Random Forest,2021-05-14,1,0,0.0294423161492605
ITUB4,1.02,75,SVC,2021-05-14,1,1,0.0294423161492605
ITUB4,1.02,75,RNA,2021-05-17,1,1,0.0319444151788737
ITUB4,1.02,75,Random Forest,2021-05-17,1,0,0.0319444151788737
ITUB4,1.02,75,SVC,2021-05-17,1,1,0.0319444151788737
ITUB4,1.02,75,RNA,2021-05-18,1,1,0.0417104757473452
ITUB4,1.02,75,Random Forest,2021-05-18,1,0,0.0417104757473452
ITUB4,1.02,75,SVC,2021-05-18,1,1,0.0417104757473452
ITUB4,1.02,75,RNA,2021-05-19,0,1,-0.0048561756067782
ITUB4,1.02,75,Random Forest,2021-05-19,0,1,-0.0048561756067782
ITUB4,1.02,75,SVC,2021-05-19,0,1,-0.0048561756067782
ITUB4,1.02,75,RNA,2021-05-20,0,1,0.004054369766641
ITUB4,1.02,75,Random Forest,2021-05-20,0,0,0.004054369766641
ITUB4,1.02,75,SVC,2021-05-20,0,0,0.004054369766641
ITUB4,1.02,75,RNA,2021-05-21,0,0,-0.0108909888930758
ITUB4,1.02,75,Random Forest,2021-05-21,0,0,-0.0108909888930758
ITUB4,1.02,75,SVC,2021-05-21,0,0,-0.0108909888930758
ITUB4,1.02,75,RNA,2021-05-24,0,0,0.010572990218064
ITUB4,1.02,75,Random Forest,2021-05-24,0,0,0.010572990218064
ITUB4,1.02,75,SVC,2021-05-24,0,0,0.010572990218064
ITUB4,1.02,75,RNA,2021-05-25,1,0,0.0292296847100561
ITUB4,1.02,75,Random Forest,2021-05-25,1,0,0.0292296847100561
ITUB4,1.02,75,SVC,2021-05-25,1,0,0.0292296847100561
ITUB4,1.02,75,RNA,2021-05-26,1,0,0.0413453622988138
ITUB4,1.02,75,Random Forest,2021-05-26,1,0,0.0413453622988138
ITUB4,1.02,75,SVC,2021-05-26,1,0,0.0413453622988138
ITUB4,1.02,75,RNA,2021-05-27,1,0,0.0944996155901241
ITUB4,1.02,75,Random Forest,2021-05-27,1,0,0.0944996155901241
ITUB4,1.02,75,SVC,2021-05-27,1,0,0.0944996155901241
ITUB4,1.02,75,RNA,2021-05-28,1,0,0.0918927009076051
ITUB4,1.02,75,Random Forest,2021-05-28,1,1,0.0918927009076051
ITUB4,1.02,75,SVC,2021-05-28,1,0,0.0918927009076051
ITUB4,1.02,75,RNA,2021-05-31,1,1,0.1119302912001642
ITUB4,1.02,75,Random Forest,2021-05-31,1,0,0.1119302912001642
ITUB4,1.02,75,SVC,2021-05-31,1,0,0.1119302912001642
ITUB4,1.02,75,RNA,2021-06-01,1,0,0.0825448653070464
ITUB4,1.02,75,Random Forest,2021-06-01,1,1,0.0825448653070464
ITUB4,1.02,75,SVC,2021-06-01,1,1,0.0825448653070464
ITUB4,1.02,75,RNA,2021-06-02,1,0,0.0829901928017131
ITUB4,1.02,75,Random Forest,2021-06-02,1,0,0.0829901928017131
ITUB4,1.02,75,SVC,2021-06-02,1,1,0.0829901928017131
ITUB4,1.02,75,RNA,2021-06-04,1,1,0.0591697545051483
ITUB4,1.02,75,Random Forest,2021-06-04,1,0,0.0591697545051483
ITUB4,1.02,75,SVC,2021-06-04,1,1,0.0591697545051483
ITUB4,1.02,75,RNA,2021-06-07,1,1,0.0417428700457789
ITUB4,1.02,75,Random Forest,2021-06-07,1,1,0.0417428700457789
ITUB4,1.02,75,SVC,2021-06-07,1,1,0.0417428700457789
ITUB4,1.02,75,RNA,2021-06-08,1,0,0.0465258782031916
ITUB4,1.02,75,Random Forest,2021-06-08,1,1,0.0465258782031916
ITUB4,1.02,75,SVC,2021-06-08,1,1,0.0465258782031916
ITUB4,1.02,75,RNA,2021-06-09,0,1,-0.0285714061229996
ITUB4,1.02,75,Random Forest,2021-06-09,0,1,-0.0285714061229996
ITUB4,1.02,75,SVC,2021-06-09,0,1,-0.0285714061229996
ITUB4,1.02,75,RNA,2021-06-10,0,1,0.0075665923951848
ITUB4,1.02,75,Random Forest,2021-06-10,0,1,0.0075665923951848
ITUB4,1.02,75,SVC,2021-06-10,0,1,0.0075665923951848
ITUB4,1.02,75,RNA,2021-06-11,1,1,0.0425015350033355
ITUB4,1.02,75,Random Forest,2021-06-11,1,1,0.0425015350033355
ITUB4,1.02,75,SVC,2021-06-11,1,1,0.0425015350033355
ITUB4,1.02,75,RNA,2021-06-14,1,1,0.0482295345467318
ITUB4,1.02,75,Random Forest,2021-06-14,1,1,0.0482295345467318
ITUB4,1.02,75,SVC,2021-06-14,1,1,0.0482295345467318
ITUB4,1.02,75,RNA,2021-06-15,1,1,0.0507955778460527
ITUB4,1.02,75,Random Forest,2021-06-15,1,1,0.0507955778460527
ITUB4,1.02,75,SVC,2021-06-15,1,1,0.0507955778460527
ITUB4,1.02,75,RNA,2021-06-16,1,0,0.0202020038625523
ITUB4,1.02,75,Random Forest,2021-06-16,1,1,0.0202020038625523
ITUB4,1.02,75,SVC,2021-06-16,1,1,0.0202020038625523
ITUB4,1.02,75,RNA,2021-06-17,0,1,-0.0290076483557939
ITUB4,1.02,75,Random Forest,2021-06-17,0,1,-0.0290076483557939
ITUB4,1.02,75,SVC,2021-06-17,0,1,-0.0290076483557939
ITUB4,1.02,75,RNA,2021-06-18,0,1,-0.012725018220223
ITUB4,1.02,75,Random Forest,2021-06-18,0,1,-0.012725018220223
ITUB4,1.02,75,SVC,2021-06-18,0,1,-0.012725018220223
ITUB4,1.02,75,RNA,2021-06-21,0,0,-0.0443686033034103
ITUB4,1.02,75,Random Forest,2021-06-21,0,1,-0.0443686033034103
ITUB4,1.02,75,SVC,2021-06-21,0,1,-0.0443686033034103
ITUB4,1.02,75,RNA,2021-06-22,0,1,-0.049922009167803
ITUB4,1.02,75,Random Forest,2021-06-22,0,0,-0.049922009167803
ITUB4,1.02,75,SVC,2021-06-22,0,1,-0.049922009167803
ITUB4,1.02,75,RNA,2021-06-23,0,0,-0.0627913971100218
ITUB4,1.02,75,Random Forest,2021-06-23,0,0,-0.0627913971100218
ITUB4,1.02,75,SVC,2021-06-23,0,1,-0.0627913971100218
ITUB4,1.02,75,RNA,2021-06-24,0,0,-0.0681676276296294
ITUB4,1.02,75,Random Forest,2021-06-24,0,0,-0.0681676276296294
ITUB4,1.02,75,SVC,2021-06-24,0,1,-0.0681676276296294
ITUB4,1.02,75,RNA,2021-06-25,0,1,-0.036804743237627
ITUB4,1.02,75,Random Forest,2021-06-25,0,0,-0.036804743237627
ITUB4,1.02,75,SVC,2021-06-25,0,0,-0.036804743237627
ITUB4,1.02,75,RNA,2021-06-28,0,0,-0.0077626069229377
ITUB4,1.02,75,Random Forest,2021-06-28,0,0,-0.0077626069229377
ITUB4,1.02,75,SVC,2021-06-28,0,1,-0.0077626069229377
ITUB4,1.02,75,RNA,2021-06-29,0,0,-0.0128367402431293
ITUB4,1.02,75,Random Forest,2021-06-29,0,0,-0.0128367402431293
ITUB4,1.02,75,SVC,2021-06-29,0,0,-0.0128367402431293
ITUB4,1.02,75,RNA,2021-06-30,0,0,-0.0174555298292327
ITUB4,1.02,75,Random Forest,2021-06-30,0,0,-0.0174555298292327
ITUB4,1.02,75,SVC,2021-06-30,0,0,-0.0174555298292327
ITUB4,1.02,75,RNA,2021-07-01,0,0,-0.0066934350348086
ITUB4,1.02,75,Random Forest,2021-07-01,0,0,-0.0066934350348086
ITUB4,1.02,75,SVC,2021-07-01,0,0,-0.0066934350348086
ITUB4,1.02,75,RNA,2021-07-02,0,1,-0.0144683377106663
ITUB4,1.02,75,Random Forest,2021-07-02,0,0,-0.0144683377106663
ITUB4,1.02,75,SVC,2021-07-02,0,0,-0.0144683377106663
ITUB4,1.02,75,RNA,2021-07-05,0,0,0.0071234789115319
ITUB4,1.02,75,Random Forest,2021-07-05,0,0,0.0071234789115319
ITUB4,1.02,75,SVC,2021-07-05,0,1,0.0071234789115319
ITUB4,1.02,75,RNA,2021-07-06,0,0,0.0098039024382086
ITUB4,1.02,75,Random Forest,2021-07-06,0,0,0.0098039024382086
ITUB4,1.02,75,SVC,2021-07-06,0,1,0.0098039024382086
ITUB4,1.02,75,RNA,2021-07-07,1,0,0.0583190498343204
ITUB4,1.02,75,Random Forest,2021-07-07,1,0,0.0583190498343204
ITUB4,1.02,75,SVC,2021-07-07,1,0,0.0583190498343204
ITUB4,1.02,75,RNA,2021-07-08,1,0,0.0493197452532272
ITUB4,1.02,75,Random Forest,2021-07-08,1,0,0.0493197452532272
ITUB4,1.02,75,SVC,2021-07-08,1,0,0.0493197452532272
ITUB4,1.02,75,RNA,2021-07-12,1,0,0.0457627319514781
ITUB4,1.02,75,Random Forest,2021-07-12,1,0,0.0457627319514781
ITUB4,1.02,75,SVC,2021-07-12,1,0,0.0457627319514781
ITUB4,1.02,75,RNA,2021-07-13,1,0,0.0215231611782233
ITUB4,1.02,75,Random Forest,2021-07-13,1,0,0.0215231611782233
ITUB4,1.02,75,SVC,2021-07-13,1,1,0.0215231611782233
ITUB4,1.02,75,RNA,2021-07-14,0,0,-0.0194239412419426
ITUB4,1.02,75,Random Forest,2021-07-14,0,0,-0.0194239412419426
ITUB4,1.02,75,SVC,2021-07-14,0,1,-0.0194239412419426
ITUB4,1.02,75,RNA,2021-07-15,0,0,-0.0124286316595101
ITUB4,1.02,75,Random Forest,2021-07-15,0,0,-0.0124286316595101
ITUB4,1.02,75,SVC,2021-07-15,0,1,-0.0124286316595101
ITUB4,1.02,75,RNA,2021-07-16,1,1,0.0334494619355607
ITUB4,1.02,75,Random Forest,2021-07-16,1,1,0.0334494619355607
ITUB4,1.02,75,SVC,2021-07-16,1,1,0.0334494619355607
ITUB4,1.02,75,RNA,2021-07-19,1,1,0.0309349647391798
ITUB4,1.02,75,Random Forest,2021-07-19,1,1,0.0309349647391798
ITUB4,1.02,75,SVC,2021-07-19,1,1,0.0309349647391798
ITUB4,1.02,75,RNA,2021-07-20,0,1,0.0092276296501325
ITUB4,1.02,75,Random Forest,2021-07-20,0,0,0.0092276296501325
ITUB4,1.02,75,SVC,2021-07-20,0,1,0.0092276296501325
ITUB4,1.02,75,RNA,2021-07-21,1,1,0.0203942731368897
ITUB4,1.02,75,Random Forest,2021-07-21,1,1,0.0203942731368897
ITUB4,1.02,75,SVC,2021-07-21,1,1,0.0203942731368897
ITUB4,1.02,75,RNA,2021-07-22,1,1,0.0688120632502451
ITUB4,1.02,75,Random Forest,2021-07-22,1,0,0.0688120632502451
ITUB4,1.02,75,SVC,2021-07-22,1,1,0.0688120632502451
ITUB4,1.02,75,RNA,2021-07-23,1,1,0.0735900807239835
ITUB4,1.02,75,Random Forest,2021-07-23,1,1,0.0735900807239835
ITUB4,1.02,75,SVC,2021-07-23,1,1,0.0735900807239835
ITUB4,1.02,75,RNA,2021-07-26,1,1,0.0583051173777786
ITUB4,1.02,75,Random Forest,2021-07-26,1,1,0.0583051173777786
ITUB4,1.02,75,SVC,2021-07-26,1,1,0.0583051173777786
ITUB4,1.02,75,RNA,2021-07-27,1,0,0.0456253707122906
ITUB4,1.02,75,Random Forest,2021-07-27,1,1,0.0456253707122906
ITUB4,1.02,75,SVC,2021-07-27,1,1,0.0456253707122906
ITUB4,1.02,75,RNA,2021-07-28,1,1,0.0209068823921776
ITUB4,1.02,75,Random Forest,2021-07-28,1,0,0.0209068823921776
ITUB4,1.02,75,SVC,2021-07-28,1,1,0.0209068823921776
ITUB4,1.02,75,RNA,2021-07-29,1,0,0.0370264848580883
ITUB4,1.02,75,Random Forest,2021-07-29,1,0,0.0370264848580883
ITUB4,1.02,75,SVC,2021-07-29,1,1,0.0370264848580883
ITUB4,1.02,75,RNA,2021-07-30,1,1,0.0230519279136973
ITUB4,1.02,75,Random Forest,2021-07-30,1,1,0.0230519279136973
ITUB4,1.02,75,SVC,2021-07-30,1,1,0.0230519279136973
ITUB4,1.02,75,RNA,2021-08-02,0,1,-0.0178343819982774
ITUB4,1.02,75,Random Forest,2021-08-02,0,1,-0.0178343819982774
ITUB4,1.02,75,SVC,2021-08-02,0,1,-0.0178343819982774
ITUB4,1.02,75,RNA,2021-08-03,1,1,0.027795908205231
ITUB4,1.02,75,Random Forest,2021-08-03,1,1,0.027795908205231
ITUB4,1.02,75,SVC,2021-08-03,1,1,0.027795908205231
ITUB4,1.02,75,RNA,2021-08-04,1,1,0.0407284562181797
ITUB4,1.02,75,Random Forest,2021-08-04,1,0,0.0407284562181797
ITUB4,1.02,75,SVC,2021-08-04,1,1,0.0407284562181797
ITUB4,1.02,75,RNA,2021-08-05,1,1,0.0434926487528801
ITUB4,1.02,75,Random Forest,2021-08-05,1,1,0.0434926487528801
ITUB4,1.02,75,SVC,2021-08-05,1,1,0.0434926487528801
ITUB4,1.02,75,RNA,2021-08-06,1,1,0.0214494464410146
ITUB4,1.02,75,Random Forest,2021-08-06,1,1,0.0214494464410146
ITUB4,1.02,75,SVC,2021-08-06,1,1,0.0214494464410146
ITUB4,1.02,75,RNA,2021-08-09,0,1,-0.0121951374336694
ITUB4,1.02,75,Random Forest,2021-08-09,0,1,-0.0121951374336694
ITUB4,1.02,75,SVC,2021-08-09,0,1,-0.0121951374336694
ITUB4,1.02,75,RNA,2021-08-10,1,1,0.0292763210688704
ITUB4,1.02,75,Random Forest,2021-08-10,1,1,0.0292763210688704
ITUB4,1.02,75,SVC,2021-08-10,1,1,0.0292763210688704
ITUB4,1.02,75,RNA,2021-08-11,0,1,-0.0164610586532274
ITUB4,1.02,75,Random Forest,2021-08-11,0,1,-0.0164610586532274
ITUB4,1.02,75,SVC,2021-08-11,0,0,-0.0164610586532274
ITUB4,1.02,75,RNA,2021-08-12,1,1,0.0277938557254502
ITUB4,1.02,75,Random Forest,2021-08-12,1,1,0.0277938557254502
ITUB4,1.02,75,SVC,2021-08-12,1,1,0.0277938557254502
ITUB4,1.02,75,RNA,2021-08-13,0,0,-0.0247879786570851
ITUB4,1.02,75,Random Forest,2021-08-13,0,1,-0.0247879786570851
ITUB4,1.02,75,SVC,2021-08-13,0,1,-0.0247879786570851
ITUB4,1.02,75,RNA,2021-08-16,1,0,0.0267238488108989
ITUB4,1.02,75,Random Forest,2021-08-16,1,1,0.0267238488108989
ITUB4,1.02,75,SVC,2021-08-16,1,1,0.0267238488108989
ITUB4,1.02,75,RNA,2021-08-17,1,1,0.0332005496782998
ITUB4,1.02,75,Random Forest,2021-08-17,1,1,0.0332005496782998
ITUB4,1.02,75,SVC,2021-08-17,1,1,0.0332005496782998
ITUB4,1.02,75,RNA,2021-08-18,1,1,0.0371237184956325
ITUB4,1.02,75,Random Forest,2021-08-18,1,1,0.0371237184956325
ITUB4,1.02,75,SVC,2021-08-18,1,1,0.0371237184956325
ITUB4,1.02,75,RNA,2021-08-19,1,1,0.0489864720494095
ITUB4,1.02,75,Random Forest,2021-08-19,1,1,0.0489864720494095
ITUB4,1.02,75,SVC,2021-08-19,1,1,0.0489864720494095
ITUB4,1.02,75,RNA,2021-08-20,1,0,0.0398526320642387
ITUB4,1.02,75,Random Forest,2021-08-20,1,1,0.0398526320642387
ITUB4,1.02,75,SVC,2021-08-20,1,1,0.0398526320642387
ITUB4,1.02,75,RNA,2021-08-23,1,1,0.0264462406887198
ITUB4,1.02,75,Random Forest,2021-08-23,1,1,0.0264462406887198
ITUB4,1.02,75,SVC,2021-08-23,1,1,0.0264462406887198
ITUB4,1.02,75,RNA,2021-08-24,0,1,-0.006829253334292
ITUB4,1.02,75,Random Forest,2021-08-24,0,1,-0.006829253334292
ITUB4,1.02,75,SVC,2021-08-24,0,1,-0.006829253334292
ITUB4,1.02,75,RNA,2021-08-25,0,1,0.001294531002582
ITUB4,1.02,75,Random Forest,2021-08-25,0,1,0.001294531002582
ITUB4,1.02,75,SVC,2021-08-25,0,1,0.001294531002582
ITUB4,1.02,75,RNA,2021-08-26,1,1,0.0402809548416598
ITUB4,1.02,75,Random Forest,2021-08-26,1,1,0.0402809548416598
ITUB4,1.02,75,SVC,2021-08-26,1,1,0.0402809548416598
ITUB4,1.02,75,RNA,2021-08-27,1,1,0.0311289430660963
ITUB4,1.02,75,Random Forest,2021-08-27,1,1,0.0311289430660963
ITUB4,1.02,75,SVC,2021-08-27,1,1,0.0311289430660963
ITUB4,1.02,75,RNA,2021-08-30,1,1,0.033148779845135
ITUB4,1.02,75,Random Forest,2021-08-30,1,1,0.033148779845135
ITUB4,1.02,75,SVC,2021-08-30,1,1,0.033148779845135
ITUB4,1.02,75,RNA,2021-08-31,0,1,-0.0292981149287185
ITUB4,1.02,75,Random Forest,2021-08-31,0,1,-0.0292981149287185
ITUB4,1.02,75,SVC,2021-08-31,0,1,-0.0292981149287185
ITUB4,1.02,75,RNA,2021-09-01,0,1,-0.0702492614391222
ITUB4,1.02,75,Random Forest,2021-09-01,0,1,-0.0702492614391222
ITUB4,1.02,75,SVC,2021-09-01,0,1,-0.0702492614391222
ITUB4,1.02,75,RNA,2021-09-02,0,1,-0.0341852008779255
ITUB4,1.02,75,Random Forest,2021-09-02,0,0,-0.0341852008779255
ITUB4,1.02,75,SVC,2021-09-02,0,1,-0.0341852008779255
ITUB4,1.02,75,RNA,2021-09-03,1,1,0.0202224447897452
ITUB4,1.02,75,Random Forest,2021-09-03,1,1,0.0202224447897452
ITUB4,1.02,75,SVC,2021-09-03,1,1,0.0202224447897452
ITUB4,1.02,75,RNA,2021-09-06,0,1,-0.0289614311639029
ITUB4,1.02,75,Random Forest,2021-09-06,0,1,-0.0289614311639029
ITUB4,1.02,75,SVC,2021-09-06,0,1,-0.0289614311639029
ITUB4,1.02,75,RNA,2021-09-08,1,1,0.0241712690736959
ITUB4,1.02,75,Random Forest,2021-09-08,1,1,0.0241712690736959
ITUB4,1.02,75,SVC,2021-09-08,1,1,0.0241712690736959
ITUB4,1.02,75,RNA,2021-09-09,0,0,-0.0332203148702248
ITUB4,1.02,75,Random Forest,2021-09-09,0,0,-0.0332203148702248
ITUB4,1.02,75,SVC,2021-09-09,0,0,-0.0332203148702248
ITUB4,1.02,75,RNA,2021-09-10,0,0,-0.0282986741590129
ITUB4,1.02,75,Random Forest,2021-09-10,0,1,-0.0282986741590129
ITUB4,1.02,75,SVC,2021-09-10,0,1,-0.0282986741590129
ITUB4,1.02,75,RNA,2021-09-13,0,0,-0.0439862292437968
ITUB4,1.02,75,Random Forest,2021-09-13,0,1,-0.0439862292437968
ITUB4,1.02,75,SVC,2021-09-13,0,1,-0.0439862292437968
ITUB4,1.02,75,RNA,2021-09-14,0,0,-0.0640275446022548
ITUB4,1.02,75,Random Forest,2021-09-14,0,0,-0.0640275446022548
ITUB4,1.02,75,SVC,2021-09-14,0,0,-0.0640275446022548
ITUB4,1.02,75,RNA,2021-09-15,0,1,-0.0423728779165213
ITUB4,1.02,75,Random Forest,2021-09-15,0,0,-0.0423728779165213
ITUB4,1.02,75,SVC,2021-09-15,0,1,-0.0423728779165213
ITUB4,1.02,75,RNA,2021-09-16,0,1,-0.0252897427978466
ITUB4,1.02,75,Random Forest,2021-09-16,0,0,-0.0252897427978466
ITUB4,1.02,75,SVC,2021-09-16,0,0,-0.0252897427978466
ITUB4,1.02,75,RNA,2021-09-17,1,0,0.060439586876869
ITUB4,1.02,75,Random Forest,2021-09-17,1,0,0.060439586876869
ITUB4,1.02,75,SVC,2021-09-17,1,0,0.060439586876869
ITUB4,1.02,75,RNA,2021-09-20,1,1,0.05966325135598
ITUB4,1.02,75,Random Forest,2021-09-20,1,0,0.05966325135598
ITUB4,1.02,75,SVC,2021-09-20,1,1,0.05966325135598
ITUB4,1.02,75,RNA,2021-09-21,1,1,0.0731796512194113
ITUB4,1.02,75,Random Forest,2021-09-21,1,0,0.0731796512194113
ITUB4,1.02,75,SVC,2021-09-21,1,1,0.0731796512194113
ITUB4,1.02,75,RNA,2021-09-22,1,1,0.0601504073230376
ITUB4,1.02,75,Random Forest,2021-09-22,1,0,0.0601504073230376
ITUB4,1.02,75,SVC,2021-09-22,1,1,0.0601504073230376
ITUB4,1.02,75,RNA,2021-09-23,1,1,0.0389474065059218
ITUB4,1.02,75,Random Forest,2021-09-23,1,1,0.0389474065059218
ITUB4,1.02,75,SVC,2021-09-23,1,1,0.0389474065059218
ITUB4,1.02,75,RNA,2021-09-24,1,1,0.0415054840030948
ITUB4,1.02,75,Random Forest,2021-09-24,1,1,0.0415054840030948
ITUB4,1.02,75,SVC,2021-09-24,1,1,0.0415054840030948
ITUB4,1.02,75,RNA,2021-09-27,1,1,0.0333845469654519
ITUB4,1.02,75,Random Forest,2021-09-27,1,1,0.0333845469654519
ITUB4,1.02,75,SVC,2021-09-27,1,1,0.0333845469654519
ITUB4,1.02,75,RNA,2021-09-28,1,1,0.0431232427426875
ITUB4,1.02,75,Random Forest,2021-09-28,1,1,0.0431232427426875
ITUB4,1.02,75,SVC,2021-09-28,1,1,0.0431232427426875
ITUB4,1.02,75,RNA,2021-09-29,1,1,0.0464421558797345
ITUB4,1.02,75,Random Forest,2021-09-29,1,1,0.0464421558797345
ITUB4,1.02,75,SVC,2021-09-29,1,1,0.0464421558797345
ITUB4,1.02,75,RNA,2021-09-30,1,1,0.0448226136101448
ITUB4,1.02,75,Random Forest,2021-09-30,1,1,0.0448226136101448
ITUB4,1.02,75,SVC,2021-09-30,1,1,0.0448226136101448
ITUB4,1.02,75,RNA,2021-10-01,1,1,0.0254545464602167
ITUB4,1.02,75,Random Forest,2021-10-01,1,1,0.0254545464602167
ITUB4,1.02,75,SVC,2021-10-01,1,1,0.0254545464602167
ITUB4,1.02,75,RNA,2021-10-04,1,1,0.0317072937276574
ITUB4,1.02,75,Random Forest,2021-10-04,1,1,0.0317072937276574
ITUB4,1.02,75,SVC,2021-10-04,1,1,0.0317072937276574
ITUB4,1.02,75,RNA,2021-10-05,1,1,0.0325865615654548
ITUB4,1.02,75,Random Forest,2021-10-05,1,1,0.0325865615654548
ITUB4,1.02,75,SVC,2021-10-05,1,1,0.0325865615654548
ITUB4,1.02,75,RNA,2021-10-06,0,1,-0.0346199618170117
ITUB4,1.02,75,Random Forest,2021-10-06,0,1,-0.0346199618170117
ITUB4,1.02,75,SVC,2021-10-06,0,1,-0.0346199618170117
ITUB4,1.02,75,RNA,2021-10-07,1,1,0.0279805604028346
ITUB4,1.02,75,Random Forest,2021-10-07,1,1,0.0279805604028346
ITUB4,1.02,75,SVC,2021-10-07,1,1,0.0279805604028346
ITUB4,1.02,75,RNA,2021-10-08,0,1,0.0073230430745487
ITUB4,1.02,75,Random Forest,2021-10-08,0,1,0.0073230430745487
ITUB4,1.02,75,SVC,2021-10-08,0,1,0.0073230430745487
ITUB4,1.02,75,RNA,2021-10-11,1,1,0.0308641902280213
ITUB4,1.02,75,Random Forest,2021-10-11,1,1,0.0308641902280213
ITUB4,1.02,75,SVC,2021-10-11,1,1,0.0308641902280213
ITUB4,1.02,75,RNA,2021-10-13,1,1,0.0253786199605245
ITUB4,1.02,75,Random Forest,2021-10-13,1,1,0.0253786199605245
ITUB4,1.02,75,SVC,2021-10-13,1,1,0.0253786199605245
ITUB4,1.02,75,RNA,2021-10-14,1,1,0.0342691861970516
ITUB4,1.02,75,Random Forest,2021-10-14,1,0,0.0342691861970516
ITUB4,1.02,75,SVC,2021-10-14,1,1,0.0342691861970516
ITUB4,1.02,75,RNA,2021-10-15,1,1,0.023189617837914
ITUB4,1.02,75,Random Forest,2021-10-15,1,1,0.023189617837914
ITUB4,1.02,75,SVC,2021-10-15,1,1,0.023189617837914
ITUB4,1.02,75,RNA,2021-10-18,0,1,-0.0469635439941812
ITUB4,1.02,75,Random Forest,2021-10-18,0,0,-0.0469635439941812
ITUB4,1.02,75,SVC,2021-10-18,0,1,-0.0469635439941812
ITUB4,1.02,75,RNA,2021-10-19,1,0,0.024439935114723
ITUB4,1.02,75,Random Forest,2021-10-19,1,0,0.024439935114723
ITUB4,1.02,75,SVC,2021-10-19,1,0,0.024439935114723
ITUB4,1.02,75,RNA,2021-10-20,1,1,0.0315832846173529
ITUB4,1.02,75,Random Forest,2021-10-20,1,1,0.0315832846173529
ITUB4,1.02,75,SVC,2021-10-20,1,1,0.0315832846173529
ITUB4,1.02,75,RNA,2021-10-21,0,1,-0.0082918607861871
ITUB4,1.02,75,Random Forest,2021-10-21,0,0,-0.0082918607861871
ITUB4,1.02,75,SVC,2021-10-21,0,1,-0.0082918607861871
ITUB4,1.02,75,RNA,2021-10-22,1,1,0.0325306495736845
ITUB4,1.02,75,Random Forest,2021-10-22,1,1,0.0325306495736845
ITUB4,1.02,75,SVC,2021-10-22,1,1,0.0325306495736845
ITUB4,1.02,75,RNA,2021-10-25,1,1,0.0316589790915677
ITUB4,1.02,75,Random Forest,2021-10-25,1,1,0.0316589790915677
ITUB4,1.02,75,SVC,2021-10-25,1,1,0.0316589790915677
ITUB4,1.02,75,RNA,2021-10-26,1,1,0.0234506059498256
ITUB4,1.02,75,Random Forest,2021-10-26,1,1,0.0234506059498256
ITUB4,1.02,75,SVC,2021-10-26,1,1,0.0234506059498256
ITUB4,1.02,75,RNA,2021-10-27,1,1,0.0514930535614301
ITUB4,1.02,75,Random Forest,2021-10-27,1,1,0.0514930535614301
ITUB4,1.02,75,SVC,2021-10-27,1,1,0.0514930535614301
ITUB4,1.02,75,RNA,2021-10-28,1,1,0.0396341430290116
ITUB4,1.02,75,Random Forest,2021-10-28,1,1,0.0396341430290116
ITUB4,1.02,75,SVC,2021-10-28,1,1,0.0396341430290116
ITUB4,1.02,75,RNA,2021-10-29,1,1,0.0489244873464975
ITUB4,1.02,75,Random Forest,2021-10-29,1,1,0.0489244873464975
ITUB4,1.02,75,SVC,2021-10-29,1,1,0.0489244873464975
ITUB4,1.02,75,RNA,2021-11-01,1,1,0.035818384436663
ITUB4,1.02,75,Random Forest,2021-11-01,1,1,0.035818384436663
ITUB4,1.02,75,SVC,2021-11-01,1,1,0.035818384436663
ITUB4,1.02,75,RNA,2021-11-03,0,1,-0.0796568810977264
ITUB4,1.02,75,Random Forest,2021-11-03,0,1,-0.0796568810977264
ITUB4,1.02,75,SVC,2021-11-03,0,1,-0.0796568810977264
ITUB4,1.02,75,RNA,2021-11-04,0,1,-0.0170212865038204
ITUB4,1.02,75,Random Forest,2021-11-04,0,1,-0.0170212865038204
ITUB4,1.02,75,SVC,2021-11-04,0,1,-0.0170212865038204
ITUB4,1.02,75,RNA,2021-11-05,1,1,0.0320175690689543
ITUB4,1.02,75,Random Forest,2021-11-05,1,1,0.0320175690689543
ITUB4,1.02,75,SVC,2021-11-05,1,1,0.0320175690689543
ITUB4,1.02,75,RNA,2021-11-08,1,1,0.0293088475990188
ITUB4,1.02,75,Random Forest,2021-11-08,1,1,0.0293088475990188
ITUB4,1.02,75,SVC,2021-11-08,1,1,0.0293088475990188
ITUB4,1.02,75,RNA,2021-11-09,1,1,0.0443852907718325
ITUB4,1.02,75,Random Forest,2021-11-09,1,1,0.0443852907718325
ITUB4,1.02,75,SVC,2021-11-09,1,1,0.0443852907718325
ITUB4,1.02,75,RNA,2021-11-10,0,1,-0.0247546374733381
ITUB4,1.02,75,Random Forest,2021-11-10,0,1,-0.0247546374733381
ITUB4,1.02,75,SVC,2021-11-10,0,1,-0.0247546374733381
ITUB4,1.02,75,RNA,2021-11-11,0,1,-0.0243161356008997
ITUB4,1.02,75,Random Forest,2021-11-11,0,1,-0.0243161356008997
ITUB4,1.02,75,SVC,2021-11-11,0,1,-0.0243161356008997
ITUB4,1.02,75,RNA,2021-11-12,0,1,-0.0346620071571147
ITUB4,1.02,75,Random Forest,2021-11-12,0,1,-0.0346620071571147
ITUB4,1.02,75,SVC,2021-11-12,0,1,-0.0346620071571147
ITUB4,1.02,75,RNA,2021-11-16,0,1,-0.0259394954502034
ITUB4,1.02,75,Random Forest,2021-11-16,0,0,-0.0259394954502034
ITUB4,1.02,75,SVC,2021-11-16,0,1,-0.0259394954502034
ITUB4,1.02,75,RNA,2021-11-17,0,1,-0.0043991574343631
ITUB4,1.02,75,Random Forest,2021-11-17,0,0,-0.0043991574343631
ITUB4,1.02,75,SVC,2021-11-17,0,1,-0.0043991574343631
ITUB4,1.02,75,RNA,2021-11-18,1,0,0.0468047693498809
ITUB4,1.02,75,Random Forest,2021-11-18,1,0,0.0468047693498809
ITUB4,1.02,75,SVC,2021-11-18,1,1,0.0468047693498809
ITUB4,1.02,75,RNA,2021-11-19,1,1,0.0672421066258708
ITUB4,1.02,75,Random Forest,2021-11-19,1,0,0.0672421066258708
ITUB4,1.02,75,SVC,2021-11-19,1,1,0.0672421066258708
ITUB4,1.02,75,RNA,2021-11-22,1,1,0.0557303067445305
ITUB4,1.02,75,Random Forest,2021-11-22,1,0,0.0557303067445305
ITUB4,1.02,75,SVC,2021-11-22,1,1,0.0557303067445305
ITUB4,1.02,75,RNA,2021-11-23,1,0,0.0576316950770274
ITUB4,1.02,75,Random Forest,2021-11-23,1,1,0.0576316950770274
ITUB4,1.02,75,SVC,2021-11-23,1,1,0.0576316950770274
ITUB4,1.02,75,RNA,2021-11-24,0,1,-0.0311688217456753
ITUB4,1.02,75,Random Forest,2021-11-24,0,1,-0.0311688217456753
ITUB4,1.02,75,SVC,2021-11-24,0,1,-0.0311688217456753
ITUB4,1.02,75,RNA,2021-11-25,0,0,-0.0229549305509405
ITUB4,1.02,75,Random Forest,2021-11-25,0,1,-0.0229549305509405
ITUB4,1.02,75,SVC,2021-11-25,0,1,-0.0229549305509405
ITUB4,1.02,75,RNA,2021-11-26,0,1,0.0003557636285826
ITUB4,1.02,75,Random Forest,2021-11-26,0,1,0.0003557636285826
ITUB4,1.02,75,SVC,2021-11-26,0,1,0.0003557636285826
ITUB4,1.02,75,RNA,2021-11-29,1,1,0.041386057701706
ITUB4,1.02,75,Random Forest,2021-11-29,1,1,0.041386057701706
ITUB4,1.02,75,SVC,2021-11-29,1,1,0.041386057701706
ITUB4,1.02,75,RNA,2021-11-30,1,0,0.0536347572662667
ITUB4,1.02,75,Random Forest,2021-11-30,1,1,0.0536347572662667
ITUB4,1.02,75,SVC,2021-11-30,1,1,0.0536347572662667
ITUB4,1.02,75,RNA,2021-12-01,1,0,0.0592691172032591
ITUB4,1.02,75,Random Forest,2021-12-01,1,1,0.0592691172032591
ITUB4,1.02,75,SVC,2021-12-01,1,1,0.0592691172032591
ITUB4,1.02,75,RNA,2021-12-02,1,0,0.0348279988374164
ITUB4,1.02,75,Random Forest,2021-12-02,1,1,0.0348279988374164
ITUB4,1.02,75,SVC,2021-12-02,1,1,0.0348279988374164
ITUB4,1.02,75,RNA,2021-12-03,1,1,0.0290043383694278
ITUB4,1.02,75,Random Forest,2021-12-03,1,0,0.0290043383694278
ITUB4,1.02,75,SVC,2021-12-03,1,1,0.0290043383694278
ITUB4,1.02,75,RNA,2021-12-06,0,1,-0.0618120507258376
ITUB4,1.02,75,Random Forest,2021-12-06,0,1,-0.0618120507258376
ITUB4,1.02,75,SVC,2021-12-06,0,1,-0.0618120507258376
ITUB4,1.02,75,RNA,2021-12-07,0,1,-0.0658293419037054
ITUB4,1.02,75,Random Forest,2021-12-07,0,1,-0.0658293419037054
ITUB4,1.02,75,SVC,2021-12-07,0,1,-0.0658293419037054
ITUB4,1.02,75,RNA,2021-12-08,0,0,-0.0438981392036046
ITUB4,1.02,75,Random Forest,2021-12-08,0,0,-0.0438981392036046
ITUB4,1.02,75,SVC,2021-12-08,0,1,-0.0438981392036046
ITUB4,1.02,75,RNA,2021-12-09,0,1,-0.0255834812574191
ITUB4,1.02,75,Random Forest,2021-12-09,0,1,-0.0255834812574191
ITUB4,1.02,75,SVC,2021-12-09,0,1,-0.0255834812574191
ITUB4,1.02,75,RNA,2021-12-10,0,0,-0.0121621902796168
ITUB4,1.02,75,Random Forest,2021-12-10,0,0,-0.0121621902796168
ITUB4,1.02,75,SVC,2021-12-10,0,1,-0.0121621902796168
ITUB4,1.02,75,RNA,2021-12-13,0,1,-0.01424635624692
ITUB4,1.02,75,Random Forest,2021-12-13,0,1,-0.01424635624692
ITUB4,1.02,75,SVC,2021-12-13,0,1,-0.01424635624692
ITUB4,1.02,75,RNA,2021-12-14,0,1,-0.0360565563354642
ITUB4,1.02,75,Random Forest,2021-12-14,0,0,-0.0360565563354642
ITUB4,1.02,75,SVC,2021-12-14,0,0,-0.0360565563354642
ITUB4,1.02,75,RNA,2021-12-15,0,1,-0.0342465322563038
ITUB4,1.02,75,Random Forest,2021-12-15,0,0,-0.0342465322563038
ITUB4,1.02,75,SVC,2021-12-15,0,1,-0.0342465322563038
ITUB4,1.02,75,RNA,2021-12-16,0,1,-0.01849281430975
ITUB4,1.02,75,Random Forest,2021-12-16,0,0,-0.01849281430975
ITUB4,1.02,75,SVC,2021-12-16,0,1,-0.01849281430975
ITUB4,1.02,75,RNA,2021-12-17,0,0,-0.0065177060386053
ITUB4,1.02,75,Random Forest,2021-12-17,0,0,-0.0065177060386053
ITUB4,1.02,75,SVC,2021-12-17,0,1,-0.0065177060386053
ITUB4,1.02,75,RNA,2021-12-20,1,0,0.024067948070755
ITUB4,1.02,75,Random Forest,2021-12-20,1,0,0.024067948070755
ITUB4,1.02,75,SVC,2021-12-20,1,1,0.024067948070755
ITUB4,1.02,75,RNA,2021-12-21,1,0,0.0221384703628604
ITUB4,1.02,75,Random Forest,2021-12-21,1,0,0.0221384703628604
ITUB4,1.02,75,SVC,2021-12-21,1,0,0.0221384703628604
ITUB4,1.02,75,RNA,2021-12-22,0,1,-0.0014064730560553
ITUB4,1.02,75,Random Forest,2021-12-22,0,0,-0.0014064730560553
ITUB4,1.02,75,SVC,2021-12-22,0,1,-0.0014064730560553
ITUB4,1.02,75,RNA,2021-12-23,0,1,-0.0246741099822024
ITUB4,1.02,75,Random Forest,2021-12-23,0,0,-0.0246741099822024
ITUB4,1.02,75,SVC,2021-12-23,0,1,-0.0246741099822024
ITUB4,1.02,75,RNA,2021-12-27,0,1,-0.0047098264950297
ITUB4,1.02,75,Random Forest,2021-12-27,0,0,-0.0047098264950297
ITUB4,1.02,75,SVC,2021-12-27,0,0,-0.0047098264950297
ITUB4,1.02,75,RNA,2021-12-28,1,1,0.0310585903132063
ITUB4,1.02,75,Random Forest,2021-12-28,1,0,0.0310585903132063
ITUB4,1.02,75,SVC,2021-12-28,1,0,0.0310585903132063
ITUB4,1.02,75,RNA,2021-12-29,1,1,0.0372539890194989
ITUB4,1.02,75,Random Forest,2021-12-29,1,0,0.0372539890194989
ITUB4,1.02,75,SVC,2021-12-29,1,1,0.0372539890194989
ITUB4,1.02,75,RNA,2021-12-30,1,0,0.0505431701703291
ITUB4,1.02,75,Random Forest,2021-12-30,1,0,0.0505431701703291
ITUB4,1.02,75,SVC,2021-12-30,1,1,0.0505431701703291
ITUB4,1.02,75,RNA,2022-01-03,1,0,0.0476410159453579
ITUB4,1.02,75,Random Forest,2022-01-03,1,0,0.0476410159453579
ITUB4,1.02,75,SVC,2022-01-03,1,1,0.0476410159453579
ITUB4,1.02,75,RNA,2022-01-04,1,1,0.0357628155006652
ITUB4,1.02,75,Random Forest,2022-01-04,1,0,0.0357628155006652
ITUB4,1.02,75,SVC,2022-01-04,1,1,0.0357628155006652
ITUB4,1.02,75,RNA,2022-01-05,1,0,0.0790203321696605
ITUB4,1.02,75,Random Forest,2022-01-05,1,1,0.0790203321696605
ITUB4,1.02,75,SVC,2022-01-05,1,1,0.0790203321696605
ITUB4,1.02,75,RNA,2022-01-06,1,0,0.0638297664373066
ITUB4,1.02,75,Random Forest,2022-01-06,1,1,0.0638297664373066
ITUB4,1.02,75,SVC,2022-01-06,1,1,0.0638297664373066
ITUB4,1.02,75,RNA,2022-01-07,1,0,0.0553832041285577
ITUB4,1.02,75,Random Forest,2022-01-07,1,1,0.0553832041285577
ITUB4,1.02,75,SVC,2022-01-07,1,1,0.0553832041285577
ITUB4,1.02,75,RNA,2022-01-10,1,0,0.0465115934802304
ITUB4,1.02,75,Random Forest,2022-01-10,1,1,0.0465115934802304
ITUB4,1.02,75,SVC,2022-01-10,1,1,0.0465115934802304
ITUB4,1.02,75,RNA,2022-01-11,1,1,0.025365427611935
ITUB4,1.02,75,Random Forest,2022-01-11,1,1,0.025365427611935
ITUB4,1.02,75,SVC,2022-01-11,1,1,0.025365427611935
ITUB4,1.02,75,RNA,2022-01-12,1,1,0.0376786879734858
ITUB4,1.02,75,Random Forest,2022-01-12,1,1,0.0376786879734858
ITUB4,1.02,75,SVC,2022-01-12,1,1,0.0376786879734858
ITUB4,1.02,75,RNA,2022-01-13,1,0,0.0216376556504924
ITUB4,1.02,75,Random Forest,2022-01-13,1,1,0.0216376556504924
ITUB4,1.02,75,SVC,2022-01-13,1,1,0.0216376556504924
ITUB4,1.02,75,RNA,2022-01-14,1,1,0.0264279757789476
ITUB4,1.02,75,Random Forest,2022-01-14,1,1,0.0264279757789476
ITUB4,1.02,75,SVC,2022-01-14,1,1,0.0264279757789476
ITUB4,1.02,75,RNA,2022-01-17,1,1,0.0294997666235299
ITUB4,1.02,75,Random Forest,2022-01-17,1,1,0.0294997666235299
ITUB4,1.02,75,SVC,2022-01-17,1,1,0.0294997666235299
ITUB4,1.02,75,RNA,2022-01-18,0,0,-0.0230898283165588
ITUB4,1.02,75,Random Forest,2022-01-18,0,1,-0.0230898283165588
ITUB4,1.02,75,SVC,2022-01-18,0,1,-0.0230898283165588
ITUB4,1.02,75,RNA,2022-01-19,1,1,0.0259133646413598
ITUB4,1.02,75,Random Forest,2022-01-19,1,1,0.0259133646413598
ITUB4,1.02,75,SVC,2022-01-19,1,1,0.0259133646413598
ITUB4,1.02,75,RNA,2022-01-20,1,1,0.0569456819757006
ITUB4,1.02,75,Random Forest,2022-01-20,1,1,0.0569456819757006
ITUB4,1.02,75,SVC,2022-01-20,1,1,0.0569456819757006
ITUB4,1.02,75,RNA,2022-01-21,1,1,0.0672376933559397
ITUB4,1.02,75,Random Forest,2022-01-21,1,1,0.0672376933559397
ITUB4,1.02,75,SVC,2022-01-21,1,1,0.0672376933559397
ITUB4,1.02,75,RNA,2022-01-24,1,1,0.0806591279141182
ITUB4,1.02,75,Random Forest,2022-01-24,1,1,0.0806591279141182
ITUB4,1.02,75,SVC,2022-01-24,1,1,0.0806591279141182
ITUB4,1.02,75,RNA,2022-01-25,1,1,0.0484997812699279
ITUB4,1.02,75,Random Forest,2022-01-25,1,1,0.0484997812699279
ITUB4,1.02,75,SVC,2022-01-25,1,1,0.0484997812699279
ITUB4,1.02,75,RNA,2022-01-26,1,0,0.049731276264443
ITUB4,1.02,75,Random Forest,2022-01-26,1,0,0.049731276264443
ITUB4,1.02,75,SVC,2022-01-26,1,1,0.049731276264443
ITUB4,1.02,75,RNA,2022-01-27,1,1,0.064069473566501
ITUB4,1.02,75,Random Forest,2022-01-27,1,0,0.064069473566501
ITUB4,1.02,75,SVC,2022-01-27,1,1,0.064069473566501
ITUB4,1.02,75,RNA,2022-01-28,1,1,0.0420721099886232
ITUB4,1.02,75,Random Forest,2022-01-28,1,1,0.0420721099886232
ITUB4,1.02,75,SVC,2022-01-28,1,1,0.0420721099886232
ITUB4,1.02,75,RNA,2022-01-31,0,1,0.0067220436394803
ITUB4,1.02,75,Random Forest,2022-01-31,0,1,0.0067220436394803
ITUB4,1.02,75,SVC,2022-01-31,0,1,0.0067220436394803
ITUB4,1.02,75,RNA,2022-02-01,0,1,-0.0058892889288928
ITUB4,1.02,75,Random Forest,2022-02-01,0,1,-0.0058892889288928
ITUB4,1.02,75,SVC,2022-02-01,0,1,-0.0058892889288928
ITUB4,1.02,75,RNA,2022-02-02,1,1,0.0222222281681947
ITUB4,1.02,75,Random Forest,2022-02-02,1,1,0.0222222281681947
ITUB4,1.02,75,SVC,2022-02-02,1,1,0.0222222281681947
ITUB4,1.02,75,RNA,2022-02-03,1,0,0.0206022553640792
ITUB4,1.02,75,Random Forest,2022-02-03,1,1,0.0206022553640792
ITUB4,1.02,75,SVC,2022-02-03,1,0,0.0206022553640792
ITUB4,1.02,75,RNA,2022-02-04,0,1,-0.015717111492743
ITUB4,1.02,75,Random Forest,2022-02-04,0,1,-0.015717111492743
ITUB4,1.02,75,SVC,2022-02-04,0,1,-0.015717111492743
ITUB4,1.02,75,RNA,2022-02-07,1,1,0.0680379628667453
ITUB4,1.02,75,Random Forest,2022-02-07,1,1,0.0680379628667453
ITUB4,1.02,75,SVC,2022-02-07,1,1,0.0680379628667453
ITUB4,1.02,75,RNA,2022-02-08,1,1,0.0821643226999038
ITUB4,1.02,75,Random Forest,2022-02-08,1,0,0.0821643226999038
ITUB4,1.02,75,SVC,2022-02-08,1,0,0.0821643226999038
ITUB4,1.02,75,RNA,2022-02-09,1,1,0.0997963502340921
ITUB4,1.02,75,Random Forest,2022-02-09,1,1,0.0997963502340921
ITUB4,1.02,75,SVC,2022-02-09,1,1,0.0997963502340921
ITUB4,1.02,75,RNA,2022-02-10,1,0,0.024667910809637
ITUB4,1.02,75,Random Forest,2022-02-10,1,0,0.024667910809637
ITUB4,1.02,75,SVC,2022-02-10,1,0,0.024667910809637
ITUB4,1.02,75,RNA,2022-02-11,0,1,-0.0199247764467103
ITUB4,1.02,75,Random Forest,2022-02-11,0,1,-0.0199247764467103
ITUB4,1.02,75,SVC,2022-02-11,0,1,-0.0199247764467103
ITUB4,1.02,75,RNA,2022-02-14,0,1,-0.0235074318756265
ITUB4,1.02,75,Random Forest,2022-02-14,0,1,-0.0235074318756265
ITUB4,1.02,75,SVC,2022-02-14,0,1,-0.0235074318756265
ITUB4,1.02,75,RNA,2022-02-15,0,1,-0.0466766308714334
ITUB4,1.02,75,Random Forest,2022-02-15,0,1,-0.0466766308714334
ITUB4,1.02,75,SVC,2022-02-15,0,1,-0.0466766308714334
ITUB4,1.02,75,RNA,2022-02-16,0,1,-0.0240991402402619
ITUB4,1.02,75,Random Forest,2022-02-16,0,0,-0.0240991402402619
ITUB4,1.02,75,SVC,2022-02-16,0,1,-0.0240991402402619
ITUB4,1.02,75,RNA,2022-02-17,0,1,-0.0311369219655965
ITUB4,1.02,75,Random Forest,2022-02-17,0,1,-0.0311369219655965
ITUB4,1.02,75,SVC,2022-02-17,0,1,-0.0311369219655965
ITUB4,1.02,75,RNA,2022-02-18,0,1,-0.0479084674639354
ITUB4,1.02,75,Random Forest,2022-02-18,0,1,-0.0479084674639354
ITUB4,1.02,75,SVC,2022-02-18,0,1,-0.0479084674639354
ITUB4,1.02,75,RNA,2022-02-21,0,1,-0.010873782220349
ITUB4,1.02,75,Random Forest,2022-02-21,0,1,-0.010873782220349
ITUB4,1.02,75,SVC,2022-02-21,0,1,-0.010873782220349
ITUB4,1.02,75,RNA,2022-02-22,0,1,-0.0280419803855617
ITUB4,1.02,75,Random Forest,2022-02-22,0,0,-0.0280419803855617
ITUB4,1.02,75,SVC,2022-02-22,0,1,-0.0280419803855617
ITUB4,1.02,75,RNA,2022-02-23,1,1,0.0451687520653039
ITUB4,1.02,75,Random Forest,2022-02-23,1,0,0.0451687520653039
ITUB4,1.02,75,SVC,2022-02-23,1,1,0.0451687520653039
ITUB4,1.02,75,RNA,2022-02-24,1,0,0.0401256799484976
ITUB4,1.02,75,Random Forest,2022-02-24,1,0,0.0401256799484976
ITUB4,1.02,75,SVC,2022-02-24,1,1,0.0401256799484976
ITUB4,1.02,75,RNA,2022-02-25,1,0,0.0270162697164091
ITUB4,1.02,75,Random Forest,2022-02-25,1,0,0.0270162697164091
ITUB4,1.02,75,SVC,2022-02-25,1,1,0.0270162697164091
ITUB4,1.02,75,RNA,2022-03-02,1,1,0.0323482470863125
ITUB4,1.02,75,Random Forest,2022-03-02,1,0,0.0323482470863125
ITUB4,1.02,75,SVC,2022-03-02,1,1,0.0323482470863125
ITUB4,1.02,75,RNA,2022-03-03,0,0,0.0011966216512069
ITUB4,1.02,75,Random Forest,2022-03-03,0,0,0.0011966216512069
ITUB4,1.02,75,SVC,2022-03-03,0,1,0.0011966216512069
ITUB4,1.02,75,RNA,2022-03-04,1,1,0.0428512824656532
ITUB4,1.02,75,Random Forest,2022-03-04,1,0,0.0428512824656532
ITUB4,1.02,75,SVC,2022-03-04,1,1,0.0428512824656532
ITUB4,1.02,75,RNA,2022-03-07,1,1,0.0561287825794227
ITUB4,1.02,75,Random Forest,2022-03-07,1,0,0.0561287825794227
ITUB4,1.02,75,SVC,2022-03-07,1,1,0.0561287825794227
ITUB4,1.02,75,RNA,2022-03-08,1,0,0.0570012551511909
ITUB4,1.02,75,Random Forest,2022-03-08,1,1,0.0570012551511909
ITUB4,1.02,75,SVC,2022-03-08,1,1,0.0570012551511909
ITUB4,1.02,75,RNA,2022-03-09,1,1,0.0343573189920463
ITUB4,1.02,75,Random Forest,2022-03-09,1,1,0.0343573189920463
ITUB4,1.02,75,SVC,2022-03-09,1,1,0.0343573189920463
ITUB4,1.02,75,RNA,2022-03-10,0,1,0.0142687174217719
ITUB4,1.02,75,Random Forest,2022-03-10,0,1,0.0142687174217719
ITUB4,1.02,75,SVC,2022-03-10,0,1,0.0142687174217719
ITUB4,1.02,75,RNA,2022-03-11,1,1,0.0467625841187866
ITUB4,1.02,75,Random Forest,2022-03-11,1,1,0.0467625841187866
ITUB4,1.02,75,SVC,2022-03-11,1,1,0.0467625841187866
ITUB4,1.02,75,RNA,2022-03-14,1,1,0.0593388926517088
ITUB4,1.02,75,Random Forest,2022-03-14,1,1,0.0593388926517088
ITUB4,1.02,75,SVC,2022-03-14,1,1,0.0593388926517088
ITUB4,1.02,75,RNA,2022-03-15,1,1,0.0686390571528654
ITUB4,1.02,75,Random Forest,2022-03-15,1,1,0.0686390571528654
ITUB4,1.02,75,SVC,2022-03-15,1,1,0.0686390571528654
ITUB4,1.02,75,RNA,2022-03-16,1,0,0.0737129205725104
ITUB4,1.02,75,Random Forest,2022-03-16,1,1,0.0737129205725104
ITUB4,1.02,75,SVC,2022-03-16,1,1,0.0737129205725104
ITUB4,1.02,75,RNA,2022-03-17,1,1,0.0594097715633445
ITUB4,1.02,75,Random Forest,2022-03-17,1,1,0.0594097715633445
ITUB4,1.02,75,SVC,2022-03-17,1,1,0.0594097715633445
ITUB4,1.02,75,RNA,2022-03-18,1,1,0.0487897032316011
ITUB4,1.02,75,Random Forest,2022-03-18,1,1,0.0487897032316011
ITUB4,1.02,75,SVC,2022-03-18,1,1,0.0487897032316011
ITUB4,1.02,75,RNA,2022-03-21,0,1,0.0099264884657097
ITUB4,1.02,75,Random Forest,2022-03-21,0,0,0.0099264884657097
ITUB4,1.02,75,SVC,2022-03-21,0,0,0.0099264884657097
ITUB4,1.02,75,RNA,2022-03-22,0,0,0.0021905789418816
ITUB4,1.02,75,Random Forest,2022-03-22,0,0,0.0021905789418816
ITUB4,1.02,75,SVC,2022-03-22,0,1,0.0021905789418816
ITUB4,1.02,75,RNA,2022-03-23,1,1,0.027442376051892
ITUB4,1.02,75,Random Forest,2022-03-23,1,0,0.027442376051892
ITUB4,1.02,75,SVC,2022-03-23,1,0,0.027442376051892
ITUB4,1.02,75,RNA,2022-03-24,1,1,0.0203488222705303
ITUB4,1.02,75,Random Forest,2022-03-24,1,0,0.0203488222705303
ITUB4,1.02,75,SVC,2022-03-24,1,0,0.0203488222705303
ITUB4,1.02,75,RNA,2022-03-25,0,1,-0.002178647639214
ITUB4,1.02,75,Random Forest,2022-03-25,0,1,-0.002178647639214
ITUB4,1.02,75,SVC,2022-03-25,0,1,-0.002178647639214
ITUB4,1.02,75,RNA,2022-03-28,0,1,-0.0054964919587053
ITUB4,1.02,75,Random Forest,2022-03-28,0,0,-0.0054964919587053
ITUB4,1.02,75,SVC,2022-03-28,0,1,-0.0054964919587053
ITUB4,1.02,75,RNA,2022-03-29,0,1,-0.0191260467010287
ITUB4,1.02,75,Random Forest,2022-03-29,0,0,-0.0191260467010287
ITUB4,1.02,75,SVC,2022-03-29,0,0,-0.0191260467010287
ITUB4,1.02,75,RNA,2022-03-30,0,1,-0.0402733956983835
ITUB4,1.02,75,Random Forest,2022-03-30,0,0,-0.0402733956983835
ITUB4,1.02,75,SVC,2022-03-30,0,1,-0.0402733956983835
ITUB4,1.02,75,RNA,2022-03-31,0,1,-0.035018065908836
ITUB4,1.02,75,Random Forest,2022-03-31,0,0,-0.035018065908836
ITUB4,1.02,75,SVC,2022-03-31,0,1,-0.035018065908836
ITUB4,1.02,75,RNA,2022-04-01,0,1,-0.0269581373545115
ITUB4,1.02,75,Random Forest,2022-04-01,0,0,-0.0269581373545115
ITUB4,1.02,75,SVC,2022-04-01,0,1,-0.0269581373545115
ITUB4,1.02,75,RNA,2022-04-04,0,0,-0.020932810595951
ITUB4,1.02,75,Random Forest,2022-04-04,0,0,-0.020932810595951
ITUB4,1.02,75,SVC,2022-04-04,0,1,-0.020932810595951
ITUB4,1.02,75,RNA,2022-04-05,0,1,-0.0003763504021335
ITUB4,1.02,75,Random Forest,2022-04-05,0,0,-0.0003763504021335
ITUB4,1.02,75,SVC,2022-04-05,0,1,-0.0003763504021335
ITUB4,1.02,75,RNA,2022-04-06,0,0,-0.0158431009522819
ITUB4,1.02,75,Random Forest,2022-04-06,0,0,-0.0158431009522819
ITUB4,1.02,75,SVC,2022-04-06,0,1,-0.0158431009522819
ITUB4,1.02,75,RNA,2022-04-07,0,0,-0.0150602412691489
ITUB4,1.02,75,Random Forest,2022-04-07,0,0,-0.0150602412691489
ITUB4,1.02,75,SVC,2022-04-07,0,1,-0.0150602412691489
ITUB4,1.02,75,RNA,2022-04-08,0,0,-0.0101503546906058
ITUB4,1.02,75,Random Forest,2022-04-08,0,0,-0.0101503546906058
ITUB4,1.02,75,SVC,2022-04-08,0,1,-0.0101503546906058
ITUB4,1.02,75,RNA,2022-04-11,0,0,-0.0119403085524354
ITUB4,1.02,75,Random Forest,2022-04-11,0,0,-0.0119403085524354
ITUB4,1.02,75,SVC,2022-04-11,0,1,-0.0119403085524354
ITUB4,1.02,75,RNA,2022-04-12,0,0,-0.0102739512031623
ITUB4,1.02,75,Random Forest,2022-04-12,0,0,-0.0102739512031623
ITUB4,1.02,75,SVC,2022-04-12,0,1,-0.0102739512031623
ITUB4,1.02,75,RNA,2022-04-13,1,0,0.0207134714159142
ITUB4,1.02,75,Random Forest,2022-04-13,1,0,0.0207134714159142
ITUB4,1.02,75,SVC,2022-04-13,1,1,0.0207134714159142
ITUB4,1.02,75,RNA,2022-04-14,0,1,-0.0217225270188895
ITUB4,1.02,75,Random Forest,2022-04-14,0,0,-0.0217225270188895
ITUB4,1.02,75,SVC,2022-04-14,0,1,-0.0217225270188895
ITUB4,1.02,75,RNA,2022-04-18,0,0,-0.0358220153171914
ITUB4,1.02,75,Random Forest,2022-04-18,0,0,-0.0358220153171914
ITUB4,1.02,75,SVC,2022-04-18,0,1,-0.0358220153171914
ITUB4,1.02,75,RNA,2022-04-19,0,1,-0.0507301934568943
ITUB4,1.02,75,Random Forest,2022-04-19,0,0,-0.0507301934568943
ITUB4,1.02,75,SVC,2022-04-19,0,1,-0.0507301934568943
ITUB4,1.02,75,RNA,2022-04-20,0,1,-0.0540540287712879
ITUB4,1.02,75,Random Forest,2022-04-20,0,0,-0.0540540287712879
ITUB4,1.02,75,SVC,2022-04-20,0,1,-0.0540540287712879
ITUB4,1.02,75,RNA,2022-04-22,0,0,-0.0470588241504158
ITUB4,1.02,75,Random Forest,2022-04-22,0,0,-0.0470588241504158
ITUB4,1.02,75,SVC,2022-04-22,0,1,-0.0470588241504158
ITUB4,1.02,75,RNA,2022-04-25,0,1,-0.0550277017137272
ITUB4,1.02,75,Random Forest,2022-04-25,0,0,-0.0550277017137272
ITUB4,1.02,75,SVC,2022-04-25,0,0,-0.0550277017137272
ITUB4,1.02,75,RNA,2022-04-26,0,0,-0.0489169900846493
ITUB4,1.02,75,Random Forest,2022-04-26,0,0,-0.0489169900846493
ITUB4,1.02,75,SVC,2022-04-26,0,0,-0.0489169900846493
ITUB4,1.02,75,RNA,2022-04-27,0,0,-0.0253915709313881
ITUB4,1.02,75,Random Forest,2022-04-27,0,1,-0.0253915709313881
ITUB4,1.02,75,SVC,2022-04-27,0,1,-0.0253915709313881
ITUB4,1.02,75,RNA,2022-04-28,1,1,0.0200327360666732
ITUB4,1.02,75,Random Forest,2022-04-28,1,1,0.0200327360666732
ITUB4,1.02,75,SVC,2022-04-28,1,1,0.0200327360666732
ITUB4,1.02,75,RNA,2022-04-29,0,1,-0.0242982478976204
ITUB4,1.02,75,Random Forest,2022-04-29,0,1,-0.0242982478976204
ITUB4,1.02,75,SVC,2022-04-29,0,0,-0.0242982478976204
ITUB4,1.02,75,RNA,2022-05-02,0,1,-0.0004201811034244
ITUB4,1.02,75,Random Forest,2022-05-02,0,1,-0.0004201811034244
ITUB4,1.02,75,SVC,2022-05-02,0,1,-0.0004201811034244
ITUB4,1.02,75,RNA,2022-05-03,0,1,-0.0130471465289693
ITUB4,1.02,75,Random Forest,2022-05-03,0,1,-0.0130471465289693
ITUB4,1.02,75,SVC,2022-05-03,0,1,-0.0130471465289693
ITUB4,1.02,75,RNA,2022-05-04,1,1,0.0267062045527981
ITUB4,1.02,75,Random Forest,2022-05-04,1,0,0.0267062045527981
ITUB4,1.02,75,SVC,2022-05-04,1,1,0.0267062045527981
ITUB4,1.02,75,RNA,2022-05-05,1,1,0.0403779885571777
ITUB4,1.02,75,Random Forest,2022-05-05,1,0,0.0403779885571777
ITUB4,1.02,75,SVC,2022-05-05,1,1,0.0403779885571777
ITUB4,1.02,75,RNA,2022-05-06,1,1,0.0391744157072504
ITUB4,1.02,75,Random Forest,2022-05-06,1,0,0.0391744157072504
ITUB4,1.02,75,SVC,2022-05-06,1,1,0.0391744157072504
ITUB4,1.02,75,RNA,2022-05-09,1,0,0.0563798031783684
ITUB4,1.02,75,Random Forest,2022-05-09,1,1,0.0563798031783684
ITUB4,1.02,75,SVC,2022-05-09,1,1,0.0563798031783684
ITUB4,1.02,75,RNA,2022-05-10,1,0,0.0825492205086841
ITUB4,1.02,75,Random Forest,2022-05-10,1,1,0.0825492205086841
ITUB4,1.02,75,SVC,2022-05-10,1,1,0.0825492205086841
ITUB4,1.02,75,RNA,2022-05-11,1,0,0.0706226484780316
ITUB4,1.02,75,Random Forest,2022-05-11,1,1,0.0706226484780316
ITUB4,1.02,75,SVC,2022-05-11,1,1,0.0706226484780316
ITUB4,1.02,75,RNA,2022-05-12,1,0,0.0376670973056056
ITUB4,1.02,75,Random Forest,2022-05-12,1,1,0.0376670973056056
ITUB4,1.02,75,SVC,2022-05-12,1,1,0.0376670973056056
ITUB4,1.02,75,RNA,2022-05-13,1,1,0.0309859022282708
ITUB4,1.02,75,Random Forest,2022-05-13,1,1,0.0309859022282708
ITUB4,1.02,75,SVC,2022-05-13,1,1,0.0309859022282708
ITUB4,1.02,75,RNA,2022-05-16,0,1,-0.009069416839149
ITUB4,1.02,75,Random Forest,2022-05-16,0,1,-0.009069416839149
ITUB4,1.02,75,SVC,2022-05-16,0,1,-0.009069416839149
ITUB4,1.02,75,RNA,2022-05-17,1,0,0.0325655239541964
ITUB4,1.02,75,Random Forest,2022-05-17,1,1,0.0325655239541964
ITUB4,1.02,75,SVC,2022-05-17,1,1,0.0325655239541964
ITUB4,1.02,75,RNA,2022-05-18,1,0,0.055377198528993
ITUB4,1.02,75,Random Forest,2022-05-18,1,1,0.055377198528993
ITUB4,1.02,75,SVC,2022-05-18,1,1,0.055377198528993
ITUB4,1.02,75,RNA,2022-05-19,1,1,0.0482263808902363
ITUB4,1.02,75,Random Forest,2022-05-19,1,1,0.0482263808902363
ITUB4,1.02,75,SVC,2022-05-19,1,1,0.0482263808902363
ITUB4,1.02,75,RNA,2022-05-20,1,1,0.0399367510682473
ITUB4,1.02,75,Random Forest,2022-05-20,1,1,0.0399367510682473
ITUB4,1.02,75,SVC,2022-05-20,1,1,0.0399367510682473
ITUB4,1.02,75,RNA,2022-05-23,1,0,0.0288162039864163
ITUB4,1.02,75,Random Forest,2022-05-23,1,1,0.0288162039864163
ITUB4,1.02,75,SVC,2022-05-23,1,1,0.0288162039864163
ITUB4,1.02,75,RNA,2022-05-24,0,1,-0.0049904030313762
ITUB4,1.02,75,Random Forest,2022-05-24,0,1,-0.0049904030313762
ITUB4,1.02,75,SVC,2022-05-24,0,1,-0.0049904030313762
ITUB4,1.02,75,RNA,2022-05-25,1,1,0.0275942683981698
ITUB4,1.02,75,Random Forest,2022-05-25,1,0,0.0275942683981698
ITUB4,1.02,75,SVC,2022-05-25,1,1,0.0275942683981698
ITUB4,1.02,75,RNA,2022-05-26,0,1,-0.0100762791903735
ITUB4,1.02,75,Random Forest,2022-05-26,0,1,-0.0100762791903735
ITUB4,1.02,75,SVC,2022-05-26,0,1,-0.0100762791903735
ITUB4,1.02,75,RNA,2022-05-27,0,1,-0.0137995024253322
ITUB4,1.02,75,Random Forest,2022-05-27,0,0,-0.0137995024253322
ITUB4,1.02,75,SVC,2022-05-27,0,1,-0.0137995024253322
ITUB4,1.02,75,RNA,2022-05-30,0,0,-0.0203310780095277
ITUB4,1.02,75,Random Forest,2022-05-30,0,0,-0.0203310780095277
ITUB4,1.02,75,SVC,2022-05-30,0,0,-0.0203310780095277
ITUB4,1.02,75,RNA,2022-05-31,0,0,-0.0277672243527614
ITUB4,1.02,75,Random Forest,2022-05-31,0,0,-0.0277672243527614
ITUB4,1.02,75,SVC,2022-05-31,0,0,-0.0277672243527614
ITUB4,1.02,75,RNA,2022-06-01,0,0,-0.0176786889121048
ITUB4,1.02,75,Random Forest,2022-06-01,0,0,-0.0176786889121048
ITUB4,1.02,75,SVC,2022-06-01,0,0,-0.0176786889121048
ITUB4,1.02,75,RNA,2022-06-02,0,0,-0.026407777815245
ITUB4,1.02,75,Random Forest,2022-06-02,0,0,-0.026407777815245
ITUB4,1.02,75,SVC,2022-06-02,0,0,-0.026407777815245
ITUB4,1.02,75,RNA,2022-06-03,0,0,-0.0468085250204608
ITUB4,1.02,75,Random Forest,2022-06-03,0,0,-0.0468085250204608
ITUB4,1.02,75,SVC,2022-06-03,0,0,-0.0468085250204608
ITUB4,1.02,75,RNA,2022-06-06,0,0,-0.0537888035915916
ITUB4,1.02,75,Random Forest,2022-06-06,0,0,-0.0537888035915916
ITUB4,1.02,75,SVC,2022-06-06,0,0,-0.0537888035915916
ITUB4,1.02,75,RNA,2022-06-07,0,0,-0.0644400406712316
ITUB4,1.02,75,Random Forest,2022-06-07,0,0,-0.0644400406712316
ITUB4,1.02,75,SVC,2022-06-07,0,0,-0.0644400406712316
ITUB4,1.02,75,RNA,2022-06-08,0,0,-0.0562649363477463
ITUB4,1.02,75,Random Forest,2022-06-08,0,0,-0.0562649363477463
ITUB4,1.02,75,SVC,2022-06-08,0,0,-0.0562649363477463
ITUB4,1.02,75,RNA,2022-06-09,0,1,-0.032192312455432
ITUB4,1.02,75,Random Forest,2022-06-09,0,1,-0.032192312455432
ITUB4,1.02,75,SVC,2022-06-09,0,0,-0.032192312455432
ITUB4,1.02,75,RNA,2022-06-10,0,1,-0.0229166936191477
ITUB4,1.02,75,Random Forest,2022-06-10,0,1,-0.0229166936191477
ITUB4,1.02,75,SVC,2022-06-10,0,0,-0.0229166936191477
ITUB4,1.02,75,RNA,2022-06-13,1,1,0.0289672784292056
ITUB4,1.02,75,Random Forest,2022-06-13,1,1,0.0289672784292056
ITUB4,1.02,75,SVC,2022-06-13,1,1,0.0289672784292056
ITUB4,1.02,75,RNA,2022-06-14,1,0,0.0305184092137662
ITUB4,1.02,75,Random Forest,2022-06-14,1,0,0.0305184092137662
ITUB4,1.02,75,SVC,2022-06-14,1,1,0.0305184092137662
ITUB4,1.02,75,RNA,2022-06-15,1,1,0.0561268433615489
ITUB4,1.02,75,Random Forest,2022-06-15,1,0,0.0561268433615489
ITUB4,1.02,75,SVC,2022-06-15,1,1,0.0561268433615489
ITUB4,1.02,75,RNA,2022-06-17,1,0,0.045377459659613
ITUB4,1.02,75,Random Forest,2022-06-17,1,1,0.045377459659613
ITUB4,1.02,75,SVC,2022-06-17,1,1,0.045377459659613
ITUB4,1.02,75,RNA,2022-06-20,0,1,-0.0456026274335767
ITUB4,1.02,75,Random Forest,2022-06-20,0,1,-0.0456026274335767
ITUB4,1.02,75,SVC,2022-06-20,0,1,-0.0456026274335767
ITUB4,1.02,75,RNA,2022-06-21,0,1,-0.0284301836254713
ITUB4,1.02,75,Random Forest,2022-06-21,0,1,-0.0284301836254713
ITUB4,1.02,75,SVC,2022-06-21,0,1,-0.0284301836254713
ITUB4,1.02,75,RNA,2022-06-22,0,1,-0.0307564126464507
ITUB4,1.02,75,Random Forest,2022-06-22,0,1,-0.0307564126464507
ITUB4,1.02,75,SVC,2022-06-22,0,1,-0.0307564126464507
ITUB4,1.02,75,RNA,2022-06-23,0,0,-0.0257492468736639
ITUB4,1.02,75,Random Forest,2022-06-23,0,0,-0.0257492468736639
ITUB4,1.02,75,SVC,2022-06-23,0,1,-0.0257492468736639
ITUB4,1.02,75,RNA,2022-06-24,0,1,-0.0365490852532083
ITUB4,1.02,75,Random Forest,2022-06-24,0,1,-0.0365490852532083
ITUB4,1.02,75,SVC,2022-06-24,0,1,-0.0365490852532083
ITUB4,1.02,75,RNA,2022-06-27,0,0,-0.0363331442232922
ITUB4,1.02,75,Random Forest,2022-06-27,0,0,-0.0363331442232922
ITUB4,1.02,75,SVC,2022-06-27,0,1,-0.0363331442232922
ITUB4,1.02,75,RNA,2022-06-28,0,1,-0.0350386772035582
ITUB4,1.02,75,Random Forest,2022-06-28,0,0,-0.0350386772035582
ITUB4,1.02,75,SVC,2022-06-28,0,1,-0.0350386772035582
ITUB4,1.02,75,RNA,2022-06-29,0,1,-0.0005360591833839
ITUB4,1.02,75,Random Forest,2022-06-29,0,1,-0.0005360591833839
ITUB4,1.02,75,SVC,2022-06-29,0,1,-0.0005360591833839
ITUB4,1.02,75,RNA,2022-06-30,1,0,0.0291218372710995
ITUB4,1.02,75,Random Forest,2022-06-30,1,0,0.0291218372710995
ITUB4,1.02,75,SVC,2022-06-30,1,0,0.0291218372710995
ITUB4,1.02,75,RNA,2022-07-01,0,1,0.0101455908189715
ITUB4,1.02,75,Random Forest,2022-07-01,0,0,0.0101455908189715
ITUB4,1.02,75,SVC,2022-07-01,0,0,0.0101455908189715
ITUB4,1.02,75,RNA,2022-07-04,1,0,0.0337777822878626
ITUB4,1.02,75,Random Forest,2022-07-04,1,0,0.0337777822878626
ITUB4,1.02,75,SVC,2022-07-04,1,1,0.0337777822878626
ITUB4,1.02,75,RNA,2022-07-05,1,1,0.0287483155109851
ITUB4,1.02,75,Random Forest,2022-07-05,1,0,0.0287483155109851
ITUB4,1.02,75,SVC,2022-07-05,1,0,0.0287483155109851
ITUB4,1.02,75,RNA,2022-07-06,1,1,0.0206230933054667
ITUB4,1.02,75,Random Forest,2022-07-06,1,0,0.0206230933054667
ITUB4,1.02,75,SVC,2022-07-06,1,1,0.0206230933054667
ITUB4,1.02,75,RNA,2022-07-07,0,1,-0.0357296566372041
ITUB4,1.02,75,Random Forest,2022-07-07,0,1,-0.0357296566372041
ITUB4,1.02,75,SVC,2022-07-07,0,1,-0.0357296566372041
ITUB4,1.02,75,RNA,2022-07-08,0,0,-0.0194777031141839
ITUB4,1.02,75,Random Forest,2022-07-08,0,0,-0.0194777031141839
ITUB4,1.02,75,SVC,2022-07-08,0,1,-0.0194777031141839
ITUB4,1.02,75,RNA,2022-07-11,0,0,0.0008876944070723
ITUB4,1.02,75,Random Forest,2022-07-11,0,0,0.0008876944070723
ITUB4,1.02,75,SVC,2022-07-11,0,1,0.0008876944070723
ITUB4,1.02,75,RNA,2022-07-12,1,0,0.027703327439519
ITUB4,1.02,75,Random Forest,2022-07-12,1,0,0.027703327439519
ITUB4,1.02,75,SVC,2022-07-12,1,0,0.027703327439519
ITUB4,1.02,75,RNA,2022-07-13,1,0,0.0697569357639433
ITUB4,1.02,75,Random Forest,2022-07-13,1,0,0.0697569357639433
ITUB4,1.02,75,SVC,2022-07-13,1,0,0.0697569357639433
ITUB4,1.02,75,RNA,2022-07-14,1,1,0.0707207336925679
ITUB4,1.02,75,Random Forest,2022-07-14,1,0,0.0707207336925679
ITUB4,1.02,75,SVC,2022-07-14,1,0,0.0707207336925679
ITUB4,1.02,75,RNA,2022-07-15,1,0,0.0480599381722823
ITUB4,1.02,75,Random Forest,2022-07-15,1,0,0.0480599381722823
ITUB4,1.02,75,SVC,2022-07-15,1,0,0.0480599381722823
ITUB4,1.02,75,RNA,2022-07-18,1,0,0.0411738595981889
ITUB4,1.02,75,Random Forest,2022-07-18,1,1,0.0411738595981889
ITUB4,1.02,75,SVC,2022-07-18,1,0,0.0411738595981889
ITUB4,1.02,75,RNA,2022-07-19,0,1,0.004255324256154
ITUB4,1.02,75,Random Forest,2022-07-19,0,1,0.004255324256154
ITUB4,1.02,75,SVC,2022-07-19,0,1,0.004255324256154
ITUB4,1.02,75,RNA,2022-07-20,1,1,0.0266323228257965
ITUB4,1.02,75,Random Forest,2022-07-20,1,1,0.0266323228257965
ITUB4,1.02,75,SVC,2022-07-20,1,1,0.0266323228257965
ITUB4,1.02,75,RNA,2022-07-21,0,1,-0.0021186465998106
ITUB4,1.02,75,Random Forest,2022-07-21,0,1,-0.0021186465998106
ITUB4,1.02,75,SVC,2022-07-21,0,1,-0.0021186465998106
ITUB4,1.02,75,RNA,2022-07-22,1,1,0.0213675471223346
ITUB4,1.02,75,Random Forest,2022-07-22,1,1,0.0213675471223346
ITUB4,1.02,75,SVC,2022-07-22,1,0,0.0213675471223346
ITUB4,1.02,75,RNA,2022-07-25,0,0,-0.0004232140944956
ITUB4,1.02,75,Random Forest,2022-07-25,0,1,-0.0004232140944956
ITUB4,1.02,75,SVC,2022-07-25,0,0,-0.0004232140944956
ITUB4,1.02,75,RNA,2022-07-26,0,1,-0.0056077149238341
ITUB4,1.02,75,Random Forest,2022-07-26,0,0,-0.0056077149238341
ITUB4,1.02,75,SVC,2022-07-26,0,1,-0.0056077149238341
ITUB4,1.02,75,RNA,2022-07-27,0,1,0.0079716593133929
ITUB4,1.02,75,Random Forest,2022-07-27,0,1,0.0079716593133929
ITUB4,1.02,75,SVC,2022-07-27,0,1,0.0079716593133929
ITUB4,1.02,75,RNA,2022-07-28,0,0,0.0070707841604975
ITUB4,1.02,75,Random Forest,2022-07-28,0,0,0.0070707841604975
ITUB4,1.02,75,SVC,2022-07-28,0,1,0.0070707841604975
ITUB4,1.02,75,RNA,2022-07-29,1,1,0.0301886611959589
ITUB4,1.02,75,Random Forest,2022-07-29,1,1,0.0301886611959589
ITUB4,1.02,75,SVC,2022-07-29,1,1,0.0301886611959589
ITUB4,1.02,75,RNA,2022-08-01,1,1,0.0634786543870638
ITUB4,1.02,75,Random Forest,2022-08-01,1,0,0.0634786543870638
ITUB4,1.02,75,SVC,2022-08-01,1,0,0.0634786543870638
ITUB4,1.02,75,RNA,2022-08-02,1,1,0.0670886062330078
ITUB4,1.02,75,Random Forest,2022-08-02,1,1,0.0670886062330078
ITUB4,1.02,75,SVC,2022-08-02,1,0,0.0670886062330078
ITUB4,1.02,75,RNA,2022-08-03,1,0,0.0927234899623232
ITUB4,1.02,75,Random Forest,2022-08-03,1,0,0.0927234899623232
ITUB4,1.02,75,SVC,2022-08-03,1,1,0.0927234899623232
ITUB4,1.02,75,RNA,2022-08-04,1,1,0.0820743380437973
ITUB4,1.02,75,Random Forest,2022-08-04,1,0,0.0820743380437973
ITUB4,1.02,75,SVC,2022-08-04,1,1,0.0820743380437973
ITUB4,1.02,75,RNA,2022-08-05,1,1,0.0677831098024766
ITUB4,1.02,75,Random Forest,2022-08-05,1,1,0.0677831098024766
ITUB4,1.02,75,SVC,2022-08-05,1,1,0.0677831098024766
ITUB4,1.02,75,RNA,2022-08-08,1,1,0.0288018546589094
ITUB4,1.02,75,Random Forest,2022-08-08,1,1,0.0288018546589094
ITUB4,1.02,75,SVC,2022-08-08,1,0,0.0288018546589094
ITUB4,1.02,75,RNA,2022-08-09,1,0,0.0363149885336344
ITUB4,1.02,75,Random Forest,2022-08-09,1,1,0.0363149885336344
ITUB4,1.02,75,SVC,2022-08-09,1,1,0.0363149885336344
ITUB4,1.02,75,RNA,2022-08-10,1,0,0.0270371595578606
ITUB4,1.02,75,Random Forest,2022-08-10,1,0,0.0270371595578606
ITUB4,1.02,75,SVC,2022-08-10,1,1,0.0270371595578606
ITUB4,1.02,75,RNA,2022-08-11,1,1,0.0334712302411992
ITUB4,1.02,75,Random Forest,2022-08-11,1,0,0.0334712302411992
ITUB4,1.02,75,SVC,2022-08-11,1,1,0.0334712302411992
ITUB4,1.02,75,RNA,2022-08-12,1,0,0.0447988082143453
ITUB4,1.02,75,Random Forest,2022-08-12,1,1,0.0447988082143453
ITUB4,1.02,75,SVC,2022-08-12,1,1,0.0447988082143453
ITUB4,1.02,75,RNA,2022-08-15,1,1,0.0215293180264566
ITUB4,1.02,75,Random Forest,2022-08-15,1,1,0.0215293180264566
ITUB4,1.02,75,SVC,2022-08-15,1,1,0.0215293180264566
ITUB4,1.02,75,RNA,2022-08-16,0,0,-0.0162703106305197
ITUB4,1.02,75,Random Forest,2022-08-16,0,1,-0.0162703106305197
ITUB4,1.02,75,SVC,2022-08-16,0,1,-0.0162703106305197
ITUB4,1.02,75,RNA,2022-08-17,0,1,-0.0244632343440613
ITUB4,1.02,75,Random Forest,2022-08-17,0,1,-0.0244632343440613
ITUB4,1.02,75,SVC,2022-08-17,0,1,-0.0244632343440613
ITUB4,1.02,75,RNA,2022-08-18,0,1,-0.010447767475726
ITUB4,1.02,75,Random Forest,2022-08-18,0,0,-0.010447767475726
ITUB4,1.02,75,SVC,2022-08-18,0,1,-0.010447767475726
ITUB4,1.02,75,RNA,2022-08-19,0,0,0.0170454359817622
ITUB4,1.02,75,Random Forest,2022-08-19,0,1,0.0170454359817622
ITUB4,1.02,75,SVC,2022-08-19,0,1,0.0170454359817622
ITUB4,1.02,75,RNA,2022-08-22,1,1,0.0299810061675065
ITUB4,1.02,75,Random Forest,2022-08-22,1,0,0.0299810061675065
ITUB4,1.02,75,SVC,2022-08-22,1,1,0.0299810061675065
ITUB4,1.02,75,RNA,2022-08-23,1,1,0.0299810061675065
ITUB4,1.02,75,Random Forest,2022-08-23,1,0,0.0299810061675065
ITUB4,1.02,75,SVC,2022-08-23,1,1,0.0299810061675065
ITUB4,1.02,75,RNA,2022-08-24,0,1,-0.00488537720023
ITUB4,1.02,75,Random Forest,2022-08-24,0,0,-0.00488537720023
ITUB4,1.02,75,SVC,2022-08-24,0,1,-0.00488537720023
ITUB4,1.02,75,RNA,2022-08-25,0,1,-0.040520448370624
ITUB4,1.02,75,Random Forest,2022-08-25,0,1,-0.040520448370624
ITUB4,1.02,75,SVC,2022-08-25,0,1,-0.040520448370624
ITUB4,1.02,75,RNA,2022-08-26,0,1,-0.0125122042816372
ITUB4,1.02,75,Random Forest,2022-08-26,0,0,-0.0125122042816372
ITUB4,1.02,75,SVC,2022-08-26,0,1,-0.0125122042816372
ITUB4,1.02,75,RNA,2022-08-29,0,1,-0.0053098970989149
ITUB4,1.02,75,Random Forest,2022-08-29,0,1,-0.0053098970989149
ITUB4,1.02,75,SVC,2022-08-29,0,0,-0.0053098970989149
ITUB4,1.02,75,RNA,2022-08-30,1,1,0.0220794488641768
ITUB4,1.02,75,Random Forest,2022-08-30,1,0,0.0220794488641768
ITUB4,1.02,75,SVC,2022-08-30,1,0,0.0220794488641768
ITUB4,1.02,75,RNA,2022-08-31,1,1,0.0448963798566997
ITUB4,1.02,75,Random Forest,2022-08-31,1,0,0.0448963798566997
ITUB4,1.02,75,SVC,2022-08-31,1,0,0.0448963798566997
ITUB4,1.02,75,RNA,2022-09-01,1,1,0.0333965877061461
ITUB4,1.02,75,Random Forest,2022-09-01,1,1,0.0333965877061461
ITUB4,1.02,75,SVC,2022-09-01,1,0,0.0333965877061461
ITUB4,1.02,75,RNA,2022-09-02,1,1,0.0221471151764578
ITUB4,1.02,75,Random Forest,2022-09-02,1,0,0.0221471151764578
ITUB4,1.02,75,SVC,2022-09-02,1,0,0.0221471151764578
ITUB4,1.02,75,RNA,2022-09-05,1,1,0.0232209403372787
ITUB4,1.02,75,Random Forest,2022-09-05,1,0,0.0232209403372787
ITUB4,1.02,75,SVC,2022-09-05,1,0,0.0232209403372787
ITUB4,1.02,75,RNA,2022-09-06,0,1,-0.0037174668044412
ITUB4,1.02,75,Random Forest,2022-09-06,0,1,-0.0037174668044412
ITUB4,1.02,75,SVC,2022-09-06,0,0,-0.0037174668044412
ITUB4,1.02,75,RNA,2022-09-08,1,0,0.0232209403372787
ITUB4,1.02,75,Random Forest,2022-09-08,1,0,0.0232209403372787
ITUB4,1.02,75,SVC,2022-09-08,1,0,0.0232209403372787
ITUB4,1.02,75,RNA,2022-09-09,0,0,-0.0085185063855031
ITUB4,1.02,75,Random Forest,2022-09-09,0,1,-0.0085185063855031
ITUB4,1.02,75,SVC,2022-09-09,0,0,-0.0085185063855031
ITUB4,1.02,75,RNA,2022-09-12,0,0,-0.0074404655456176
ITUB4,1.02,75,Random Forest,2022-09-12,0,1,-0.0074404655456176
ITUB4,1.02,75,SVC,2022-09-12,0,0,-0.0074404655456176
ITUB4,1.02,75,RNA,2022-09-13,1,1,0.039640979866611
ITUB4,1.02,75,Random Forest,2022-09-13,1,1,0.039640979866611
ITUB4,1.02,75,SVC,2022-09-13,1,0,0.039640979866611
ITUB4,1.02,75,RNA,2022-09-14,1,0,0.0762298055066221
ITUB4,1.02,75,Random Forest,2022-09-14,1,0,0.0762298055066221
ITUB4,1.02,75,SVC,2022-09-14,1,0,0.0762298055066221
ITUB4,1.02,75,RNA,2022-09-15,1,0,0.0781955291287419
ITUB4,1.02,75,Random Forest,2022-09-15,1,1,0.0781955291287419
ITUB4,1.02,75,SVC,2022-09-15,1,0,0.0781955291287419
ITUB4,1.02,75,RNA,2022-09-16,1,1,0.0898158828769895
ITUB4,1.02,75,Random Forest,2022-09-16,1,1,0.0898158828769895
ITUB4,1.02,75,SVC,2022-09-16,1,1,0.0898158828769895
ITUB4,1.02,75,RNA,2022-09-19,1,1,0.0424155154093417
ITUB4,1.02,75,Random Forest,2022-09-19,1,1,0.0424155154093417
ITUB4,1.02,75,SVC,2022-09-19,1,1,0.0424155154093417
ITUB4,1.02,75,RNA,2022-09-20,0,0,-0.0283216839796895
ITUB4,1.02,75,Random Forest,2022-09-20,0,1,-0.0283216839796895
ITUB4,1.02,75,SVC,2022-09-20,0,1,-0.0283216839796895
ITUB4,1.02,75,RNA,2022-09-21,0,0,-0.0370759401198994
ITUB4,1.02,75,Random Forest,2022-09-21,0,1,-0.0370759401198994
ITUB4,1.02,75,SVC,2022-09-21,0,1,-0.0370759401198994
ITUB4,1.02,75,RNA,2022-09-22,0,0,-0.0309859187811997
ITUB4,1.02,75,Random Forest,2022-09-22,0,1,-0.0309859187811997
ITUB4,1.02,75,SVC,2022-09-22,0,1,-0.0309859187811997
ITUB4,1.02,75,RNA,2022-09-23,0,1,-0.0071098370832829
ITUB4,1.02,75,Random Forest,2022-09-23,0,0,-0.0071098370832829
ITUB4,1.02,75,SVC,2022-09-23,0,1,-0.0071098370832829
ITUB4,1.02,75,RNA,2022-09-26,0,0,0.0028591810669964
ITUB4,1.02,75,Random Forest,2022-09-26,0,0,0.0028591810669964
ITUB4,1.02,75,SVC,2022-09-26,0,1,0.0028591810669964
ITUB4,1.02,75,RNA,2022-09-27,1,0,0.0804475099369617
ITUB4,1.02,75,Random Forest,2022-09-27,1,0,0.0804475099369617
ITUB4,1.02,75,SVC,2022-09-27,1,1,0.0804475099369617
ITUB4,1.02,75,RNA,2022-09-28,1,0,0.100838121628203
ITUB4,1.02,75,Random Forest,2022-09-28,1,1,0.100838121628203
ITUB4,1.02,75,SVC,2022-09-28,1,1,0.100838121628203
ITUB4,1.02,75,RNA,2022-09-29,1,1,0.0869835998300745
ITUB4,1.02,75,Random Forest,2022-09-29,1,1,0.0869835998300745
ITUB4,1.02,75,SVC,2022-09-29,1,1,0.0869835998300745
ITUB4,1.02,75,RNA,2022-09-30,1,0,0.0493227056935587
ITUB4,1.02,75,Random Forest,2022-09-30,1,0,0.0493227056935587
ITUB4,1.02,75,SVC,2022-09-30,1,1,0.0493227056935587
ITUB4,1.02,75,RNA,2022-10-03,0,0,-0.0216883899160162
ITUB4,1.02,75,Random Forest,2022-10-03,0,0,-0.0216883899160162
ITUB4,1.02,75,SVC,2022-10-03,0,1,-0.0216883899160162
ITUB4,1.02,75,RNA,2022-10-04,0,1,-0.0287914252056065
ITUB4,1.02,75,Random Forest,2022-10-04,0,0,-0.0287914252056065
ITUB4,1.02,75,SVC,2022-10-04,0,1,-0.0287914252056065
ITUB4,1.02,75,RNA,2022-10-05,0,1,-0.0364548274555773
ITUB4,1.02,75,Random Forest,2022-10-05,0,0,-0.0364548274555773
ITUB4,1.02,75,SVC,2022-10-05,0,0,-0.0364548274555773
ITUB4,1.02,75,RNA,2022-10-06,0,1,-0.0191780647837552
ITUB4,1.02,75,Random Forest,2022-10-06,0,0,-0.0191780647837552
ITUB4,1.02,75,SVC,2022-10-06,0,0,-0.0191780647837552
ITUB4,1.02,75,RNA,2022-10-07,0,0,-0.0281546882763017
ITUB4,1.02,75,Random Forest,2022-10-07,0,0,-0.0281546882763017
ITUB4,1.02,75,SVC,2022-10-07,0,0,-0.0281546882763017
ITUB4,1.02,75,RNA,2022-10-10,0,1,-0.0006920638001016
ITUB4,1.02,75,Random Forest,2022-10-10,0,0,-0.0006920638001016
ITUB4,1.02,75,SVC,2022-10-10,0,0,-0.0006920638001016
ITUB4,1.02,75,RNA,2022-10-11,1,1,0.0382456374808437
ITUB4,1.02,75,Random Forest,2022-10-11,1,0,0.0382456374808437
ITUB4,1.02,75,SVC,2022-10-11,1,0,0.0382456374808437
ITUB4,1.02,75,RNA,2022-10-13,1,0,0.0351304604197713
ITUB4,1.02,75,Random Forest,2022-10-13,1,0,0.0351304604197713
ITUB4,1.02,75,SVC,2022-10-13,1,0,0.0351304604197713
ITUB4,1.02,75,RNA,2022-10-14,1,0,0.0452660595772733
ITUB4,1.02,75,Random Forest,2022-10-14,1,0,0.0452660595772733
ITUB4,1.02,75,SVC,2022-10-14,1,1,0.0452660595772733
ITUB4,1.02,75,RNA,2022-10-17,1,0,0.0675767969956944
ITUB4,1.02,75,Random Forest,2022-10-17,1,0,0.0675767969956944
ITUB4,1.02,75,SVC,2022-10-17,1,1,0.0675767969956944
ITUB4,1.02,75,RNA,2022-10-18,1,1,0.0581867288869737
ITUB4,1.02,75,Random Forest,2022-10-18,1,1,0.0581867288869737
ITUB4,1.02,75,SVC,2022-10-18,1,1,0.0581867288869737
ITUB4,1.02,75,RNA,2022-10-19,1,1,0.0496644276200199
ITUB4,1.02,75,Random Forest,2022-10-19,1,0,0.0496644276200199
ITUB4,1.02,75,SVC,2022-10-19,1,1,0.0496644276200199
ITUB4,1.02,75,RNA,2022-10-20,1,0,0.0451052363415873
ITUB4,1.02,75,Random Forest,2022-10-20,1,0,0.0451052363415873
ITUB4,1.02,75,SVC,2022-10-20,1,1,0.0451052363415873
ITUB4,1.02,75,RNA,2022-10-21,0,0,-0.0486854687298442
ITUB4,1.02,75,Random Forest,2022-10-21,0,0,-0.0486854687298442
ITUB4,1.02,75,SVC,2022-10-21,0,0,-0.0486854687298442
ITUB4,1.02,75,RNA,2022-10-24,0,1,-0.0037099348777994
ITUB4,1.02,75,Random Forest,2022-10-24,0,0,-0.0037099348777994
ITUB4,1.02,75,SVC,2022-10-24,0,0,-0.0037099348777994
ITUB4,1.02,75,RNA,2022-10-25,1,0,0.0541379386771145
ITUB4,1.02,75,Random Forest,2022-10-25,1,0,0.0541379386771145
ITUB4,1.02,75,SVC,2022-10-25,1,1,0.0541379386771145
ITUB4,1.02,75,RNA,2022-10-26,1,1,0.0755131899057708
ITUB4,1.02,75,Random Forest,2022-10-26,1,1,0.0755131899057708
ITUB4,1.02,75,SVC,2022-10-26,1,1,0.0755131899057708
ITUB4,1.02,75,RNA,2022-10-27,1,0,0.0718312142974715
ITUB4,1.02,75,Random Forest,2022-10-27,1,1,0.0718312142974715
ITUB4,1.02,75,SVC,2022-10-27,1,1,0.0718312142974715
ITUB4,1.02,75,RNA,2022-10-28,1,1,0.0795927558282927
ITUB4,1.02,75,Random Forest,2022-10-28,1,0,0.0795927558282927
ITUB4,1.02,75,SVC,2022-10-28,1,1,0.0795927558282927
ITUB4,1.02,75,RNA,2022-10-31,0,0,-0.0432257963905406
ITUB4,1.02,75,Random Forest,2022-10-31,0,1,-0.0432257963905406
ITUB4,1.02,75,SVC,2022-10-31,0,1,-0.0432257963905406
ITUB4,1.02,75,RNA,2022-11-01,1,0,0.0309999840621133
ITUB4,1.02,75,Random Forest,2022-11-01,1,0,0.0309999840621133
ITUB4,1.02,75,SVC,2022-11-01,1,0,0.0309999840621133
ITUB4,1.02,75,RNA,2022-11-03,0,0,-0.0827631366627924
ITUB4,1.02,75,Random Forest,2022-11-03,0,0,-0.0827631366627924
ITUB4,1.02,75,SVC,2022-11-03,0,0,-0.0827631366627924
ITUB4,1.02,75,RNA,2022-11-04,0,0,-0.0814765459901348
ITUB4,1.02,75,Random Forest,2022-11-04,0,1,-0.0814765459901348
ITUB4,1.02,75,SVC,2022-11-04,0,1,-0.0814765459901348
ITUB4,1.02,75,RNA,2022-11-07,0,1,-0.0923599290187667
ITUB4,1.02,75,Random Forest,2022-11-07,0,0,-0.0923599290187667
ITUB4,1.02,75,SVC,2022-11-07,0,1,-0.0923599290187667
ITUB4,1.02,75,RNA,2022-11-08,0,1,-0.070132593843848
ITUB4,1.02,75,Random Forest,2022-11-08,0,1,-0.070132593843848
ITUB4,1.02,75,SVC,2022-11-08,0,1,-0.070132593843848
ITUB4,1.02,75,RNA,2022-11-09,1,1,0.0307017512011433
ITUB4,1.02,75,Random Forest,2022-11-09,1,1,0.0307017512011433
ITUB4,1.02,75,SVC,2022-11-09,1,1,0.0307017512011433
ITUB4,1.02,75,RNA,2022-11-10,0,1,-0.0560714029941342
ITUB4,1.02,75,Random Forest,2022-11-10,0,0,-0.0560714029941342
ITUB4,1.02,75,SVC,2022-11-10,0,0,-0.0560714029941342
ITUB4,1.02,75,RNA,2022-11-11,0,0,-0.0151570733155699
ITUB4,1.02,75,Random Forest,2022-11-11,0,1,-0.0151570733155699
ITUB4,1.02,75,SVC,2022-11-11,0,1,-0.0151570733155699
ITUB4,1.02,75,RNA,2022-11-14,0,1,0.0026266413526514
ITUB4,1.02,75,Random Forest,2022-11-14,0,1,0.0026266413526514
ITUB4,1.02,75,SVC,2022-11-14,0,1,0.0026266413526514
ITUB4,1.02,75,RNA,2022-11-16,1,1,0.0482625506318836
ITUB4,1.02,75,Random Forest,2022-11-16,1,0,0.0482625506318836
ITUB4,1.02,75,SVC,2022-11-16,1,1,0.0482625506318836
ITUB4,1.02,75,RNA,2022-11-17,0,1,-0.0254776693928883
ITUB4,1.02,75,Random Forest,2022-11-17,0,1,-0.0254776693928883
ITUB4,1.02,75,SVC,2022-11-17,0,1,-0.0254776693928883
ITUB4,1.02,75,RNA,2022-11-18,0,1,-0.0022222289808758
ITUB4,1.02,75,Random Forest,2022-11-18,0,1,-0.0022222289808758
ITUB4,1.02,75,SVC,2022-11-18,0,1,-0.0022222289808758
ITUB4,1.02,75,RNA,2022-11-21,0,1,-0.0302238985766061
ITUB4,1.02,75,Random Forest,2022-11-21,0,0,-0.0302238985766061
ITUB4,1.02,75,SVC,2022-11-21,0,1,-0.0302238985766061
ITUB4,1.02,75,RNA,2022-11-22,1,1,0.0402453000445468
ITUB4,1.02,75,Random Forest,2022-11-22,1,0,0.0402453000445468
ITUB4,1.02,75,SVC,2022-11-22,1,1,0.0402453000445468
ITUB4,1.02,75,RNA,2022-11-23,1,0,0.035877888373387
ITUB4,1.02,75,Random Forest,2022-11-23,1,0,0.035877888373387
ITUB4,1.02,75,SVC,2022-11-23,1,0,0.035877888373387
ITUB4,1.02,75,RNA,2022-11-24,0,1,-0.0291262524861783
ITUB4,1.02,75,Random Forest,2022-11-24,0,0,-0.0291262524861783
ITUB4,1.02,75,SVC,2022-11-24,0,1,-0.0291262524861783
ITUB4,1.02,75,RNA,2022-11-25,0,0,-0.0039213686273763
ITUB4,1.02,75,Random Forest,2022-11-25,0,0,-0.0039213686273763
ITUB4,1.02,75,SVC,2022-11-25,0,0,-0.0039213686273763
ITUB4,1.02,75,RNA,2022-11-28,1,0,0.0441702038373874
ITUB4,1.02,75,Random Forest,2022-11-28,1,1,0.0441702038373874
ITUB4,1.02,75,SVC,2022-11-28,1,0,0.0441702038373874
ITUB4,1.02,75,RNA,2022-11-29,1,1,0.0336475443688606
ITUB4,1.02,75,Random Forest,2022-11-29,1,1,0.0336475443688606
ITUB4,1.02,75,SVC,2022-11-29,1,1,0.0336475443688606
ITUB4,1.02,75,RNA,2022-11-30,1,1,0.0406091129200307
ITUB4,1.02,75,Random Forest,2022-11-30,1,0,0.0406091129200307
ITUB4,1.02,75,SVC,2022-11-30,1,0,0.0406091129200307
ITUB4,1.02,75,RNA,2022-12-01,1,1,0.0222478013715869
ITUB4,1.02,75,Random Forest,2022-12-01,1,1,0.0222478013715869
ITUB4,1.02,75,SVC,2022-12-01,1,1,0.0222478013715869
ITUB4,1.02,75,RNA,2022-12-02,0,1,-0.041698555683857
ITUB4,1.02,75,Random Forest,2022-12-02,0,1,-0.041698555683857
ITUB4,1.02,75,SVC,2022-12-02,0,1,-0.041698555683857
ITUB4,1.02,75,RNA,2022-12-05,1,0,0.0237169673948818
ITUB4,1.02,75,Random Forest,2022-12-05,1,0,0.0237169673948818
ITUB4,1.02,75,SVC,2022-12-05,1,1,0.0237169673948818
ITUB4,1.02,75,RNA,2022-12-06,0,0,-0.0626624690407758
ITUB4,1.02,75,Random Forest,2022-12-06,0,0,-0.0626624690407758
ITUB4,1.02,75,SVC,2022-12-06,0,0,-0.0626624690407758
ITUB4,1.02,75,RNA,2022-12-07,0,1,-0.0833728953429828
ITUB4,1.02,75,Random Forest,2022-12-07,0,1,-0.0833728953429828
ITUB4,1.02,75,SVC,2022-12-07,0,1,-0.0833728953429828
ITUB4,1.02,75,RNA,2022-12-08,0,1,-0.0563209383013869
ITUB4,1.02,75,Random Forest,2022-12-08,0,1,-0.0563209383013869
ITUB4,1.02,75,SVC,2022-12-08,0,1,-0.0563209383013869
ITUB4,1.02,75,RNA,2022-12-09,0,1,-0.0370065386586278
ITUB4,1.02,75,Random Forest,2022-12-09,0,0,-0.0370065386586278
ITUB4,1.02,75,SVC,2022-12-09,0,1,-0.0370065386586278
ITUB4,1.02,75,RNA,2022-12-12,0,1,-0.0235051496291431
ITUB4,1.02,75,Random Forest,2022-12-12,0,1,-0.0235051496291431
ITUB4,1.02,75,SVC,2022-12-12,0,1,-0.0235051496291431
ITUB4,1.02,75,RNA,2022-12-13,1,1,0.0685290313984203
ITUB4,1.02,75,Random Forest,2022-12-13,1,0,0.0685290313984203
ITUB4,1.02,75,SVC,2022-12-13,1,0,0.0685290313984203
ITUB4,1.02,75,RNA,2022-12-14,1,0,0.0933159808040602
ITUB4,1.02,75,Random Forest,2022-12-14,1,1,0.0933159808040602
ITUB4,1.02,75,SVC,2022-12-14,1,0,0.0933159808040602
ITUB4,1.02,75,RNA,2022-12-15,1,0,0.0710033986858855
ITUB4,1.02,75,Random Forest,2022-12-15,1,0,0.0710033986858855
ITUB4,1.02,75,SVC,2022-12-15,1,0,0.0710033986858855
ITUB4,1.02,75,RNA,2022-12-16,1,1,0.0588482433466048
ITUB4,1.02,75,Random Forest,2022-12-16,1,0,0.0588482433466048
ITUB4,1.02,75,SVC,2022-12-16,1,0,0.0588482433466048
ITUB4,1.02,75,RNA,2022-12-19,1,0,0.0463304439520844
ITUB4,1.02,75,Random Forest,2022-12-19,1,1,0.0463304439520844
ITUB4,1.02,75,SVC,2022-12-19,1,1,0.0463304439520844
ITUB4,1.02,75,RNA,2022-12-20,1,1,0.031527887130295
ITUB4,1.02,75,Random Forest,2022-12-20,1,1,0.031527887130295
ITUB4,1.02,75,SVC,2022-12-20,1,1,0.031527887130295
ITUB4,1.02,75,RNA,2022-12-21,1,0,0.02944735715086
ITUB4,1.02,75,Random Forest,2022-12-21,1,0,0.02944735715086
ITUB4,1.02,75,SVC,2022-12-21,1,1,0.02944735715086
ITUB4,1.02,75,RNA,2022-12-22,0,0,0.0007990091436222
ITUB4,1.02,75,Random Forest,2022-12-22,0,1,0.0007990091436222
ITUB4,1.02,75,SVC,2022-12-22,0,1,0.0007990091436222
ITUB4,1.02,75,RNA,2022-12-23,1,1,0.0212424929761738
ITUB4,1.02,75,Random Forest,2022-12-23,1,1,0.0212424929761738
ITUB4,1.02,75,SVC,2022-12-23,1,1,0.0212424929761738
ITUB4,1.02,75,RNA,2022-12-26,0,1,
ITUB4,1.02,75,Random Forest,2022-12-26,0,1,
ITUB4,1.02,75,SVC,2022-12-26,0,1,
ITUB4,1.02,75,RNA,2022-12-27,0,0,
ITUB4,1.02,75,Random Forest,2022-12-27,0,1,
ITUB4,1.02,75,SVC,2022-12-27,0,1,
ITUB4,1.02,75,RNA,2022-12-28,0,0,
ITUB4,1.02,75,Random Forest,2022-12-28,0,1,
ITUB4,1.02,75,SVC,2022-12-28,0,1,
ITUB4,1.02,75,RNA,2022-12-29,0,0,
ITUB4,1.02,75,Random Forest,2022-12-29,0,0,
ITUB4,1.02,75,SVC,2022-12-29,0,1,
ITUB4,1.02,90,RNA,2020-06-04,0,1,-0.0557528236253418
ITUB4,1.02,90,Random Forest,2020-06-04,0,1,-0.0557528236253418
ITUB4,1.02,90,SVC,2020-06-04,0,1,-0.0557528236253418
ITUB4,1.02,90,RNA,2020-06-05,1,1,0.0315103223026373
ITUB4,1.02,90,Random Forest,2020-06-05,1,1,0.0315103223026373
ITUB4,1.02,90,SVC,2020-06-05,1,1,0.0315103223026373
ITUB4,1.02,90,RNA,2020-06-08,1,0,0.0243017999946182
ITUB4,1.02,90,Random Forest,2020-06-08,1,0,0.0243017999946182
ITUB4,1.02,90,SVC,2020-06-08,1,1,0.0243017999946182
ITUB4,1.02,90,RNA,2020-06-09,0,0,-0.0686588308598515
ITUB4,1.02,90,Random Forest,2020-06-09,0,1,-0.0686588308598515
ITUB4,1.02,90,SVC,2020-06-09,0,1,-0.0686588308598515
ITUB4,1.02,90,RNA,2020-06-10,1,0,0.0397529584979643
ITUB4,1.02,90,Random Forest,2020-06-10,1,1,0.0397529584979643
ITUB4,1.02,90,SVC,2020-06-10,1,1,0.0397529584979643
ITUB4,1.02,90,RNA,2020-06-12,1,1,0.1119522350129791
ITUB4,1.02,90,Random Forest,2020-06-12,1,1,0.1119522350129791
ITUB4,1.02,90,SVC,2020-06-12,1,1,0.1119522350129791
ITUB4,1.02,90,RNA,2020-06-15,1,1,0.0656603762514884
ITUB4,1.02,90,Random Forest,2020-06-15,1,1,0.0656603762514884
ITUB4,1.02,90,SVC,2020-06-15,1,1,0.0656603762514884
ITUB4,1.02,90,RNA,2020-06-16,1,1,0.0786860193200329
ITUB4,1.02,90,Random Forest,2020-06-16,1,1,0.0786860193200329
ITUB4,1.02,90,SVC,2020-06-16,1,1,0.0786860193200329
ITUB4,1.02,90,RNA,2020-06-17,1,0,0.0656603762514884
ITUB4,1.02,90,Random Forest,2020-06-17,1,1,0.0656603762514884
ITUB4,1.02,90,SVC,2020-06-17,1,1,0.0656603762514884
ITUB4,1.02,90,RNA,2020-06-18,0,0,-0.0804270834185341
ITUB4,1.02,90,Random Forest,2020-06-18,0,1,-0.0804270834185341
ITUB4,1.02,90,SVC,2020-06-18,0,1,-0.0804270834185341
ITUB4,1.02,90,RNA,2020-06-19,0,1,-0.0674036938550665
ITUB4,1.02,90,Random Forest,2020-06-19,0,1,-0.0674036938550665
ITUB4,1.02,90,SVC,2020-06-19,0,1,-0.0674036938550665
ITUB4,1.02,90,RNA,2020-06-22,0,1,-0.0718411269320794
ITUB4,1.02,90,Random Forest,2020-06-22,0,1,-0.0718411269320794
ITUB4,1.02,90,SVC,2020-06-22,0,1,-0.0718411269320794
ITUB4,1.02,90,RNA,2020-06-23,0,1,-0.0115714964483225
ITUB4,1.02,90,Random Forest,2020-06-23,0,1,-0.0115714964483225
ITUB4,1.02,90,SVC,2020-06-23,0,1,-0.0115714964483225
ITUB4,1.02,90,RNA,2020-06-24,0,1,-0.0222820032046704
ITUB4,1.02,90,Random Forest,2020-06-24,0,1,-0.0222820032046704
ITUB4,1.02,90,SVC,2020-06-24,0,1,-0.0222820032046704
ITUB4,1.02,90,RNA,2020-06-25,1,0,0.0315052044712051
ITUB4,1.02,90,Random Forest,2020-06-25,1,1,0.0315052044712051
ITUB4,1.02,90,SVC,2020-06-25,1,1,0.0315052044712051
ITUB4,1.02,90,RNA,2020-06-26,1,0,0.052743593136606
ITUB4,1.02,90,Random Forest,2020-06-26,1,1,0.052743593136606
ITUB4,1.02,90,SVC,2020-06-26,1,1,0.052743593136606
ITUB4,1.02,90,RNA,2020-06-29,1,1,0.0398954633876609
ITUB4,1.02,90,Random Forest,2020-06-29,1,1,0.0398954633876609
ITUB4,1.02,90,SVC,2020-06-29,1,1,0.0398954633876609
ITUB4,1.02,90,RNA,2020-06-30,1,0,0.0878905710078512
ITUB4,1.02,90,Random Forest,2020-06-30,1,1,0.0878905710078512
ITUB4,1.02,90,SVC,2020-06-30,1,1,0.0878905710078512
ITUB4,1.02,90,RNA,2020-07-01,1,1,0.0509433793906513
ITUB4,1.02,90,Random Forest,2020-07-01,1,1,0.0509433793906513
ITUB4,1.02,90,SVC,2020-07-01,1,1,0.0509433793906513
ITUB4,1.02,90,RNA,2020-07-02,1,1,0.0553239855096487
ITUB4,1.02,90,Random Forest,2020-07-02,1,1,0.0553239855096487
ITUB4,1.02,90,SVC,2020-07-02,1,1,0.0553239855096487
ITUB4,1.02,90,RNA,2020-07-03,1,1,0.0269173717505821
ITUB4,1.02,90,Random Forest,2020-07-03,1,1,0.0269173717505821
ITUB4,1.02,90,SVC,2020-07-03,1,1,0.0269173717505821
ITUB4,1.02,90,RNA,2020-07-06,0,1,-0.0083849655823319
ITUB4,1.02,90,Random Forest,2020-07-06,0,1,-0.0083849655823319
ITUB4,1.02,90,SVC,2020-07-06,0,1,-0.0083849655823319
ITUB4,1.02,90,RNA,2020-07-07,1,1,0.0337710737671925
ITUB4,1.02,90,Random Forest,2020-07-07,1,1,0.0337710737671925
ITUB4,1.02,90,SVC,2020-07-07,1,1,0.0337710737671925
ITUB4,1.02,90,RNA,2020-07-08,0,1,0.0085121986239686
ITUB4,1.02,90,Random Forest,2020-07-08,0,1,0.0085121986239686
ITUB4,1.02,90,SVC,2020-07-08,0,1,0.0085121986239686
ITUB4,1.02,90,RNA,2020-07-09,1,0,0.0315398893803837
ITUB4,1.02,90,Random Forest,2020-07-09,1,1,0.0315398893803837
ITUB4,1.02,90,SVC,2020-07-09,1,1,0.0315398893803837
ITUB4,1.02,90,RNA,2020-07-10,0,1,-0.0171220298963773
ITUB4,1.02,90,Random Forest,2020-07-10,0,0,-0.0171220298963773
ITUB4,1.02,90,SVC,2020-07-10,0,1,-0.0171220298963773
ITUB4,1.02,90,RNA,2020-07-13,1,1,0.0392523296035429
ITUB4,1.02,90,Random Forest,2020-07-13,1,1,0.0392523296035429
ITUB4,1.02,90,SVC,2020-07-13,1,1,0.0392523296035429
ITUB4,1.02,90,RNA,2020-07-14,0,1,-0.0087146005574519
ITUB4,1.02,90,Random Forest,2020-07-14,0,1,-0.0087146005574519
ITUB4,1.02,90,SVC,2020-07-14,0,1,-0.0087146005574519
ITUB4,1.02,90,RNA,2020-07-15,1,1,0.0320206492912065
ITUB4,1.02,90,Random Forest,2020-07-15,1,0,0.0320206492912065
ITUB4,1.02,90,SVC,2020-07-15,1,1,0.0320206492912065
ITUB4,1.02,90,RNA,2020-07-16,1,1,0.0343047079898222
ITUB4,1.02,90,Random Forest,2020-07-16,1,0,0.0343047079898222
ITUB4,1.02,90,SVC,2020-07-16,1,1,0.0343047079898222
ITUB4,1.02,90,RNA,2020-07-17,1,1,0.0289908412231794
ITUB4,1.02,90,Random Forest,2020-07-17,1,1,0.0289908412231794
ITUB4,1.02,90,SVC,2020-07-17,1,1,0.0289908412231794
ITUB4,1.02,90,RNA,2020-07-20,0,1,-0.0409420439738995
ITUB4,1.02,90,Random Forest,2020-07-20,0,1,-0.0409420439738995
ITUB4,1.02,90,SVC,2020-07-20,0,1,-0.0409420439738995
ITUB4,1.02,90,RNA,2020-07-21,0,1,-0.0017953001258705
ITUB4,1.02,90,Random Forest,2020-07-21,0,1,-0.0017953001258705
ITUB4,1.02,90,SVC,2020-07-21,0,1,-0.0017953001258705
ITUB4,1.02,90,RNA,2020-07-22,1,1,0.0428043728953482
ITUB4,1.02,90,Random Forest,2020-07-22,1,0,0.0428043728953482
ITUB4,1.02,90,SVC,2020-07-22,1,1,0.0428043728953482
ITUB4,1.02,90,RNA,2020-07-23,1,1,0.0812144174818889
ITUB4,1.02,90,Random Forest,2020-07-23,1,0,0.0812144174818889
ITUB4,1.02,90,SVC,2020-07-23,1,1,0.0812144174818889
ITUB4,1.02,90,RNA,2020-07-24,1,0,0.0698460864603234
ITUB4,1.02,90,Random Forest,2020-07-24,1,0,0.0698460864603234
ITUB4,1.02,90,SVC,2020-07-24,1,1,0.0698460864603234
ITUB4,1.02,90,RNA,2020-07-27,1,1,0.0277778183979766
ITUB4,1.02,90,Random Forest,2020-07-27,1,1,0.0277778183979766
ITUB4,1.02,90,SVC,2020-07-27,1,1,0.0277778183979766
ITUB4,1.02,90,RNA,2020-07-28,0,0,-0.0303648207659938
ITUB4,1.02,90,Random Forest,2020-07-28,0,0,-0.0303648207659938
ITUB4,1.02,90,SVC,2020-07-28,0,1,-0.0303648207659938
ITUB4,1.02,90,RNA,2020-07-29,0,1,-0.0777056818411143
ITUB4,1.02,90,Random Forest,2020-07-29,0,1,-0.0777056818411143
ITUB4,1.02,90,SVC,2020-07-29,0,1,-0.0777056818411143
ITUB4,1.02,90,RNA,2020-07-30,0,1,-0.0807325903076521
ITUB4,1.02,90,Random Forest,2020-07-30,0,0,-0.0807325903076521
ITUB4,1.02,90,SVC,2020-07-30,0,1,-0.0807325903076521
ITUB4,1.02,90,RNA,2020-07-31,1,1,0.0225091816275135
ITUB4,1.02,90,Random Forest,2020-07-31,1,0,0.0225091816275135
ITUB4,1.02,90,SVC,2020-07-31,1,1,0.0225091816275135
ITUB4,1.02,90,RNA,2020-08-03,0,1,-0.029333341050112
ITUB4,1.02,90,Random Forest,2020-08-03,0,1,-0.029333341050112
ITUB4,1.02,90,SVC,2020-08-03,0,1,-0.029333341050112
ITUB4,1.02,90,RNA,2020-08-04,0,1,-0.0130019514191522
ITUB4,1.02,90,Random Forest,2020-08-04,0,1,-0.0130019514191522
ITUB4,1.02,90,SVC,2020-08-04,0,1,-0.0130019514191522
ITUB4,1.02,90,RNA,2020-08-05,1,1,0.0291828894726329
ITUB4,1.02,90,Random Forest,2020-08-05,1,1,0.0291828894726329
ITUB4,1.02,90,SVC,2020-08-05,1,1,0.0291828894726329
ITUB4,1.02,90,RNA,2020-08-06,1,1,0.0319937620696397
ITUB4,1.02,90,Random Forest,2020-08-06,1,1,0.0319937620696397
ITUB4,1.02,90,SVC,2020-08-06,1,1,0.0319937620696397
ITUB4,1.02,90,RNA,2020-08-07,1,1,0.0301724220613508
ITUB4,1.02,90,Random Forest,2020-08-07,1,1,0.0301724220613508
ITUB4,1.02,90,SVC,2020-08-07,1,1,0.0301724220613508
ITUB4,1.02,90,RNA,2020-08-10,0,1,-0.0532159525713544
ITUB4,1.02,90,Random Forest,2020-08-10,0,1,-0.0532159525713544
ITUB4,1.02,90,SVC,2020-08-10,0,1,-0.0532159525713544
ITUB4,1.02,90,RNA,2020-08-11,0,0,-0.0603347770534901
ITUB4,1.02,90,Random Forest,2020-08-11,0,1,-0.0603347770534901
ITUB4,1.02,90,SVC,2020-08-11,0,1,-0.0603347770534901
ITUB4,1.02,90,RNA,2020-08-12,0,1,-0.0458277134218768
ITUB4,1.02,90,Random Forest,2020-08-12,0,0,-0.0458277134218768
ITUB4,1.02,90,SVC,2020-08-12,0,1,-0.0458277134218768
ITUB4,1.02,90,RNA,2020-08-13,1,1,0.0260480446429944
ITUB4,1.02,90,Random Forest,2020-08-13,1,0,0.0260480446429944
ITUB4,1.02,90,SVC,2020-08-13,1,1,0.0260480446429944
ITUB4,1.02,90,RNA,2020-08-14,0,1,-0.0221293053693227
ITUB4,1.02,90,Random Forest,2020-08-14,0,0,-0.0221293053693227
ITUB4,1.02,90,SVC,2020-08-14,0,1,-0.0221293053693227
ITUB4,1.02,90,RNA,2020-08-17,0,1,-0.0219333838774211
ITUB4,1.02,90,Random Forest,2020-08-17,0,0,-0.0219333838774211
ITUB4,1.02,90,SVC,2020-08-17,0,1,-0.0219333838774211
ITUB4,1.02,90,RNA,2020-08-18,1,1,0.0209703957335603
ITUB4,1.02,90,Random Forest,2020-08-18,1,0,0.0209703957335603
ITUB4,1.02,90,SVC,2020-08-18,1,1,0.0209703957335603
ITUB4,1.02,90,RNA,2020-08-19,1,1,0.0476793111604112
ITUB4,1.02,90,Random Forest,2020-08-19,1,0,0.0476793111604112
ITUB4,1.02,90,SVC,2020-08-19,1,1,0.0476793111604112
ITUB4,1.02,90,RNA,2020-08-20,1,0,0.038477640629406
ITUB4,1.02,90,Random Forest,2020-08-20,1,1,0.038477640629406
ITUB4,1.02,90,SVC,2020-08-20,1,1,0.038477640629406
ITUB4,1.02,90,RNA,2020-08-21,1,1,0.0239175171518604
ITUB4,1.02,90,Random Forest,2020-08-21,1,1,0.0239175171518604
ITUB4,1.02,90,SVC,2020-08-21,1,1,0.0239175171518604
ITUB4,1.02,90,RNA,2020-08-24,0,1,-0.0085227676662281
ITUB4,1.02,90,Random Forest,2020-08-24,0,1,-0.0085227676662281
ITUB4,1.02,90,SVC,2020-08-24,0,1,-0.0085227676662281
ITUB4,1.02,90,RNA,2020-08-25,0,1,-0.0308641662964684
ITUB4,1.02,90,Random Forest,2020-08-25,0,1,-0.0308641662964684
ITUB4,1.02,90,SVC,2020-08-25,0,1,-0.0308641662964684
ITUB4,1.02,90,RNA,2020-08-26,1,1,0.0280451867478208
ITUB4,1.02,90,Random Forest,2020-08-26,1,1,0.0280451867478208
ITUB4,1.02,90,SVC,2020-08-26,1,1,0.0280451867478208
ITUB4,1.02,90,RNA,2020-08-27,0,0,0.0002256193041956
ITUB4,1.02,90,Random Forest,2020-08-27,0,0,0.0002256193041956
ITUB4,1.02,90,SVC,2020-08-27,0,1,0.0002256193041956
ITUB4,1.02,90,RNA,2020-08-28,1,1,0.0556993363520099
ITUB4,1.02,90,Random Forest,2020-08-28,1,0,0.0556993363520099
ITUB4,1.02,90,SVC,2020-08-28,1,1,0.0556993363520099
ITUB4,1.02,90,RNA,2020-08-31,1,0,0.0682865540187092
ITUB4,1.02,90,Random Forest,2020-08-31,1,0,0.0682865540187092
ITUB4,1.02,90,SVC,2020-08-31,1,1,0.0682865540187092
ITUB4,1.02,90,RNA,2020-09-01,1,1,0.0472278966949555
ITUB4,1.02,90,Random Forest,2020-09-01,1,0,0.0472278966949555
ITUB4,1.02,90,SVC,2020-09-01,1,1,0.0472278966949555
ITUB4,1.02,90,RNA,2020-09-02,1,0,0.0537189746357746
ITUB4,1.02,90,Random Forest,2020-09-02,1,1,0.0537189746357746
ITUB4,1.02,90,SVC,2020-09-02,1,1,0.0537189746357746
ITUB4,1.02,90,RNA,2020-09-03,0,0,-0.049682071299363
ITUB4,1.02,90,Random Forest,2020-09-03,0,1,-0.049682071299363
ITUB4,1.02,90,SVC,2020-09-03,0,1,-0.049682071299363
ITUB4,1.02,90,RNA,2020-09-04,0,1,-0.0378664667573277
ITUB4,1.02,90,Random Forest,2020-09-04,0,1,-0.0378664667573277
ITUB4,1.02,90,SVC,2020-09-04,0,1,-0.0378664667573277
ITUB4,1.02,90,RNA,2020-09-08,0,1,-0.0223577098086357
ITUB4,1.02,90,Random Forest,2020-09-08,0,0,-0.0223577098086357
ITUB4,1.02,90,SVC,2020-09-08,0,1,-0.0223577098086357
ITUB4,1.02,90,RNA,2020-09-09,0,0,-0.0274590269393506
ITUB4,1.02,90,Random Forest,2020-09-09,0,1,-0.0274590269393506
ITUB4,1.02,90,SVC,2020-09-09,0,1,-0.0274590269393506
ITUB4,1.02,90,RNA,2020-09-10,0,0,-0.0121086080660095
ITUB4,1.02,90,Random Forest,2020-09-10,0,1,-0.0121086080660095
ITUB4,1.02,90,SVC,2020-09-10,0,1,-0.0121086080660095
ITUB4,1.02,90,RNA,2020-09-11,0,1,-0.0042034442091272
ITUB4,1.02,90,Random Forest,2020-09-11,0,1,-0.0042034442091272
ITUB4,1.02,90,SVC,2020-09-11,0,1,-0.0042034442091272
ITUB4,1.02,90,RNA,2020-09-14,0,0,-0.0442697578550813
ITUB4,1.02,90,Random Forest,2020-09-14,0,1,-0.0442697578550813
ITUB4,1.02,90,SVC,2020-09-14,0,1,-0.0442697578550813
ITUB4,1.02,90,RNA,2020-09-15,0,1,-0.0361952793374078
ITUB4,1.02,90,Random Forest,2020-09-15,0,0,-0.0361952793374078
ITUB4,1.02,90,SVC,2020-09-15,0,1,-0.0361952793374078
ITUB4,1.02,90,RNA,2020-09-16,0,0,-0.0170213372515174
ITUB4,1.02,90,Random Forest,2020-09-16,0,0,-0.0170213372515174
ITUB4,1.02,90,SVC,2020-09-16,0,1,-0.0170213372515174
ITUB4,1.02,90,RNA,2020-09-17,0,1,-0.0434042559897153
ITUB4,1.02,90,Random Forest,2020-09-17,0,1,-0.0434042559897153
ITUB4,1.02,90,SVC,2020-09-17,0,0,-0.0434042559897153
ITUB4,1.02,90,RNA,2020-09-18,1,0,0.0259341097752121
ITUB4,1.02,90,Random Forest,2020-09-18,1,0,0.0259341097752121
ITUB4,1.02,90,SVC,2020-09-18,1,0,0.0259341097752121
ITUB4,1.02,90,RNA,2020-09-21,1,1,0.0214442476082039
ITUB4,1.02,90,Random Forest,2020-09-21,1,0,0.0214442476082039
ITUB4,1.02,90,SVC,2020-09-21,1,1,0.0214442476082039
ITUB4,1.02,90,RNA,2020-09-22,1,1,0.0427574347903934
ITUB4,1.02,90,Random Forest,2020-09-22,1,0,0.0427574347903934
ITUB4,1.02,90,SVC,2020-09-22,1,1,0.0427574347903934
ITUB4,1.02,90,RNA,2020-09-23,1,0,0.0622222597945596
ITUB4,1.02,90,Random Forest,2020-09-23,1,1,0.0622222597945596
ITUB4,1.02,90,SVC,2020-09-23,1,1,0.0622222597945596
ITUB4,1.02,90,RNA,2020-09-24,1,0,0.0477860888660908
ITUB4,1.02,90,Random Forest,2020-09-24,1,1,0.0477860888660908
ITUB4,1.02,90,SVC,2020-09-24,1,1,0.0477860888660908
ITUB4,1.02,90,RNA,2020-09-25,1,1,0.0279570454537556
ITUB4,1.02,90,Random Forest,2020-09-25,1,1,0.0279570454537556
ITUB4,1.02,90,SVC,2020-09-25,1,1,0.0279570454537556
ITUB4,1.02,90,RNA,2020-09-28,0,1,-0.0128786631423271
ITUB4,1.02,90,Random Forest,2020-09-28,0,1,-0.0128786631423271
ITUB4,1.02,90,SVC,2020-09-28,0,1,-0.0128786631423271
ITUB4,1.02,90,RNA,2020-09-29,1,1,0.0334616661951561
ITUB4,1.02,90,Random Forest,2020-09-29,1,1,0.0334616661951561
ITUB4,1.02,90,SVC,2020-09-29,1,1,0.0334616661951561
ITUB4,1.02,90,RNA,2020-09-30,1,1,0.0368070339132116
ITUB4,1.02,90,Random Forest,2020-09-30,1,1,0.0368070339132116
ITUB4,1.02,90,SVC,2020-09-30,1,1,0.0368070339132116
ITUB4,1.02,90,RNA,2020-10-01,1,1,0.0456171422342353
ITUB4,1.02,90,Random Forest,2020-10-01,1,1,0.0456171422342353
ITUB4,1.02,90,SVC,2020-10-01,1,1,0.0456171422342353
ITUB4,1.02,90,RNA,2020-10-02,1,0,0.0686619753504143
ITUB4,1.02,90,Random Forest,2020-10-02,1,1,0.0686619753504143
ITUB4,1.02,90,SVC,2020-10-02,1,1,0.0686619753504143
ITUB4,1.02,90,RNA,2020-10-05,1,1,0.0658293744983689
ITUB4,1.02,90,Random Forest,2020-10-05,1,1,0.0658293744983689
ITUB4,1.02,90,SVC,2020-10-05,1,1,0.0658293744983689
ITUB4,1.02,90,RNA,2020-10-06,1,1,0.073266450767367
ITUB4,1.02,90,Random Forest,2020-10-06,1,1,0.073266450767367
ITUB4,1.02,90,SVC,2020-10-06,1,1,0.073266450767367
ITUB4,1.02,90,RNA,2020-10-07,1,1,0.0831865955059465
ITUB4,1.02,90,Random Forest,2020-10-07,1,1,0.0831865955059465
ITUB4,1.02,90,SVC,2020-10-07,1,1,0.0831865955059465
ITUB4,1.02,90,RNA,2020-10-08,1,1,0.0297071430969475
ITUB4,1.02,90,Random Forest,2020-10-08,1,1,0.0297071430969475
ITUB4,1.02,90,SVC,2020-10-08,1,1,0.0297071430969475
ITUB4,1.02,90,RNA,2020-10-09,0,0,-0.0362802404900939
ITUB4,1.02,90,Random Forest,2020-10-09,0,0,-0.0362802404900939
ITUB4,1.02,90,SVC,2020-10-09,0,1,-0.0362802404900939
ITUB4,1.02,90,RNA,2020-10-13,0,1,-0.0221850319809396
ITUB4,1.02,90,Random Forest,2020-10-13,0,1,-0.0221850319809396
ITUB4,1.02,90,SVC,2020-10-13,0,1,-0.0221850319809396
ITUB4,1.02,90,RNA,2020-10-14,1,1,0.0400681808990803
ITUB4,1.02,90,Random Forest,2020-10-14,1,1,0.0400681808990803
ITUB4,1.02,90,SVC,2020-10-14,1,1,0.0400681808990803
ITUB4,1.02,90,RNA,2020-10-15,1,1,0.0653566390432678
ITUB4,1.02,90,Random Forest,2020-10-15,1,1,0.0653566390432678
ITUB4,1.02,90,SVC,2020-10-15,1,1,0.0653566390432678
ITUB4,1.02,90,RNA,2020-10-16,1,1,0.11483876634427
ITUB4,1.02,90,Random Forest,2020-10-16,1,1,0.11483876634427
ITUB4,1.02,90,SVC,2020-10-16,1,1,0.11483876634427
ITUB4,1.02,90,RNA,2020-10-19,1,1,0.118197300318922
ITUB4,1.02,90,Random Forest,2020-10-19,1,1,0.118197300318922
ITUB4,1.02,90,SVC,2020-10-19,1,1,0.118197300318922
ITUB4,1.02,90,RNA,2020-10-20,1,0,0.0840890475106483
ITUB4,1.02,90,Random Forest,2020-10-20,1,1,0.0840890475106483
ITUB4,1.02,90,SVC,2020-10-20,1,0,0.0840890475106483
ITUB4,1.02,90,RNA,2020-10-21,1,0,0.0704110699652349
ITUB4,1.02,90,Random Forest,2020-10-21,1,1,0.0704110699652349
ITUB4,1.02,90,SVC,2020-10-21,1,0,0.0704110699652349
ITUB4,1.02,90,RNA,2020-10-22,0,1,-0.0818532838092425
ITUB4,1.02,90,Random Forest,2020-10-22,0,1,-0.0818532838092425
ITUB4,1.02,90,SVC,2020-10-22,0,1,-0.0818532838092425
ITUB4,1.02,90,RNA,2020-10-23,1,0,0.0343873595312316
ITUB4,1.02,90,Random Forest,2020-10-23,1,0,0.0343873595312316
ITUB4,1.02,90,SVC,2020-10-23,1,1,0.0343873595312316
ITUB4,1.02,90,RNA,2020-10-26,0,1,-0.1003831759877499
ITUB4,1.02,90,Random Forest,2020-10-26,0,1,-0.1003831759877499
ITUB4,1.02,90,SVC,2020-10-26,0,1,-0.1003831759877499
ITUB4,1.02,90,RNA,2020-10-27,0,0,-0.0080259077651153
ITUB4,1.02,90,Random Forest,2020-10-27,0,0,-0.0080259077651153
ITUB4,1.02,90,SVC,2020-10-27,0,1,-0.0080259077651153
ITUB4,1.02,90,RNA,2020-10-28,1,0,0.0923010194563827
ITUB4,1.02,90,Random Forest,2020-10-28,1,1,0.0923010194563827
ITUB4,1.02,90,SVC,2020-10-28,1,1,0.0923010194563827
ITUB4,1.02,90,RNA,2020-10-29,1,1,0.09753006142946
ITUB4,1.02,90,Random Forest,2020-10-29,1,1,0.09753006142946
ITUB4,1.02,90,SVC,2020-10-29,1,0,0.09753006142946
ITUB4,1.02,90,RNA,2020-10-30,1,1,0.0853556306420686
ITUB4,1.02,90,Random Forest,2020-10-30,1,1,0.0853556306420686
ITUB4,1.02,90,SVC,2020-10-30,1,1,0.0853556306420686
ITUB4,1.02,90,RNA,2020-11-03,1,1,0.098823556402056
ITUB4,1.02,90,Random Forest,2020-11-03,1,1,0.098823556402056
ITUB4,1.02,90,SVC,2020-11-03,1,1,0.098823556402056
ITUB4,1.02,90,RNA,2020-11-04,1,1,0.1426891105399597
ITUB4,1.02,90,Random Forest,2020-11-04,1,1,0.1426891105399597
ITUB4,1.02,90,SVC,2020-11-04,1,1,0.1426891105399597
ITUB4,1.02,90,RNA,2020-11-05,1,1,0.1499013403847908
ITUB4,1.02,90,Random Forest,2020-11-05,1,1,0.1499013403847908
ITUB4,1.02,90,SVC,2020-11-05,1,1,0.1499013403847908
ITUB4,1.02,90,RNA,2020-11-06,1,1,0.0901271280955002
ITUB4,1.02,90,Random Forest,2020-11-06,1,1,0.0901271280955002
ITUB4,1.02,90,SVC,2020-11-06,1,1,0.0901271280955002
ITUB4,1.02,90,RNA,2020-11-09,1,1,0.0542495176861386
ITUB4,1.02,90,Random Forest,2020-11-09,1,1,0.0542495176861386
ITUB4,1.02,90,SVC,2020-11-09,1,1,0.0542495176861386
ITUB4,1.02,90,RNA,2020-11-10,1,1,0.0288595095407218
ITUB4,1.02,90,Random Forest,2020-11-10,1,1,0.0288595095407218
ITUB4,1.02,90,SVC,2020-11-10,1,1,0.0288595095407218
ITUB4,1.02,90,RNA,2020-11-11,1,0,0.0418719310893587
ITUB4,1.02,90,Random Forest,2020-11-11,1,1,0.0418719310893587
ITUB4,1.02,90,SVC,2020-11-11,1,1,0.0418719310893587
ITUB4,1.02,90,RNA,2020-11-12,1,1,0.0511182678695223
ITUB4,1.02,90,Random Forest,2020-11-12,1,1,0.0511182678695223
ITUB4,1.02,90,SVC,2020-11-12,1,1,0.0511182678695223
ITUB4,1.02,90,RNA,2020-11-13,1,0,0.0203308279387699
ITUB4,1.02,90,Random Forest,2020-11-13,1,1,0.0203308279387699
ITUB4,1.02,90,SVC,2020-11-13,1,1,0.0203308279387699
ITUB4,1.02,90,RNA,2020-11-16,0,0,-0.027919660922846
ITUB4,1.02,90,Random Forest,2020-11-16,0,1,-0.027919660922846
ITUB4,1.02,90,SVC,2020-11-16,0,1,-0.027919660922846
ITUB4,1.02,90,RNA,2020-11-17,0,1,-0.0180088230517778
ITUB4,1.02,90,Random Forest,2020-11-17,0,1,-0.0180088230517778
ITUB4,1.02,90,SVC,2020-11-17,0,1,-0.0180088230517778
ITUB4,1.02,90,RNA,2020-11-18,1,1,0.0442906605390951
ITUB4,1.02,90,Random Forest,2020-11-18,1,0,0.0442906605390951
ITUB4,1.02,90,SVC,2020-11-18,1,1,0.0442906605390951
ITUB4,1.02,90,RNA,2020-11-19,1,1,0.0508356418377982
ITUB4,1.02,90,Random Forest,2020-11-19,1,0,0.0508356418377982
ITUB4,1.02,90,SVC,2020-11-19,1,1,0.0508356418377982
ITUB4,1.02,90,RNA,2020-11-20,1,0,0.0461005322107046
ITUB4,1.02,90,Random Forest,2020-11-20,1,1,0.0461005322107046
ITUB4,1.02,90,SVC,2020-11-20,1,1,0.0461005322107046
ITUB4,1.02,90,RNA,2020-11-23,1,1,0.0371134289809937
ITUB4,1.02,90,Random Forest,2020-11-23,1,1,0.0371134289809937
ITUB4,1.02,90,SVC,2020-11-23,1,1,0.0371134289809937
ITUB4,1.02,90,RNA,2020-11-24,0,1,-0.03578660750852
ITUB4,1.02,90,Random Forest,2020-11-24,0,1,-0.03578660750852
ITUB4,1.02,90,SVC,2020-11-24,0,1,-0.03578660750852
ITUB4,1.02,90,RNA,2020-11-25,1,1,0.0408332238538822
ITUB4,1.02,90,Random Forest,2020-11-25,1,1,0.0408332238538822
ITUB4,1.02,90,SVC,2020-11-25,1,1,0.0408332238538822
ITUB4,1.02,90,RNA,2020-11-26,1,0,0.0494321492152238
ITUB4,1.02,90,Random Forest,2020-11-26,1,1,0.0494321492152238
ITUB4,1.02,90,SVC,2020-11-26,1,1,0.0494321492152238
ITUB4,1.02,90,RNA,2020-11-27,1,1,0.0664901952398673
ITUB4,1.02,90,Random Forest,2020-11-27,1,1,0.0664901952398673
ITUB4,1.02,90,SVC,2020-11-27,1,1,0.0664901952398673
ITUB4,1.02,90,RNA,2020-11-30,1,0,0.062994829341191
ITUB4,1.02,90,Random Forest,2020-11-30,1,1,0.062994829341191
ITUB4,1.02,90,SVC,2020-11-30,1,1,0.062994829341191
ITUB4,1.02,90,RNA,2020-12-01,1,0,0.038101594443231
ITUB4,1.02,90,Random Forest,2020-12-01,1,1,0.038101594443231
ITUB4,1.02,90,SVC,2020-12-01,1,1,0.038101594443231
ITUB4,1.02,90,RNA,2020-12-02,1,1,0.0328467293667715
ITUB4,1.02,90,Random Forest,2020-12-02,1,1,0.0328467293667715
ITUB4,1.02,90,SVC,2020-12-02,1,1,0.0328467293667715
ITUB4,1.02,90,RNA,2020-12-03,1,0,0.0301124968107175
ITUB4,1.02,90,Random Forest,2020-12-03,1,1,0.0301124968107175
ITUB4,1.02,90,SVC,2020-12-03,1,1,0.0301124968107175
ITUB4,1.02,90,RNA,2020-12-04,1,0,0.0485950358689428
ITUB4,1.02,90,Random Forest,2020-12-04,1,1,0.0485950358689428
ITUB4,1.02,90,SVC,2020-12-04,1,1,0.0485950358689428
ITUB4,1.02,90,RNA,2020-12-07,1,1,0.0420499401720753
ITUB4,1.02,90,Random Forest,2020-12-07,1,1,0.0420499401720753
ITUB4,1.02,90,SVC,2020-12-07,1,1,0.0420499401720753
ITUB4,1.02,90,RNA,2020-12-08,1,1,0.043764374806493
ITUB4,1.02,90,Random Forest,2020-12-08,1,1,0.043764374806493
ITUB4,1.02,90,SVC,2020-12-08,1,1,0.043764374806493
ITUB4,1.02,90,RNA,2020-12-09,1,1,0.0312093812058198
ITUB4,1.02,90,Random Forest,2020-12-09,1,1,0.0312093812058198
ITUB4,1.02,90,SVC,2020-12-09,1,1,0.0312093812058198
ITUB4,1.02,90,RNA,2020-12-10,1,1,0.0324029464129325
ITUB4,1.02,90,Random Forest,2020-12-10,1,1,0.0324029464129325
ITUB4,1.02,90,SVC,2020-12-10,1,1,0.0324029464129325
ITUB4,1.02,90,RNA,2020-12-11,1,0,0.0225611366906675
ITUB4,1.02,90,Random Forest,2020-12-11,1,1,0.0225611366906675
ITUB4,1.02,90,SVC,2020-12-11,1,1,0.0225611366906675
ITUB4,1.02,90,RNA,2020-12-14,1,1,0.0390700816184832
ITUB4,1.02,90,Random Forest,2020-12-14,1,1,0.0390700816184832
ITUB4,1.02,90,SVC,2020-12-14,1,1,0.0390700816184832
ITUB4,1.02,90,RNA,2020-12-15,1,1,0.0300895949027364
ITUB4,1.02,90,Random Forest,2020-12-15,1,1,0.0300895949027364
ITUB4,1.02,90,SVC,2020-12-15,1,1,0.0300895949027364
ITUB4,1.02,90,RNA,2020-12-16,0,1,-0.0200689812405855
ITUB4,1.02,90,Random Forest,2020-12-16,0,1,-0.0200689812405855
ITUB4,1.02,90,SVC,2020-12-16,0,1,-0.0200689812405855
ITUB4,1.02,90,RNA,2020-12-17,0,1,0.0069356751979159
ITUB4,1.02,90,Random Forest,2020-12-17,0,1,0.0069356751979159
ITUB4,1.02,90,SVC,2020-12-17,0,1,0.0069356751979159
ITUB4,1.02,90,RNA,2020-12-18,1,1,0.0444444396441925
ITUB4,1.02,90,Random Forest,2020-12-18,1,1,0.0444444396441925
ITUB4,1.02,90,SVC,2020-12-18,1,1,0.0444444396441925
ITUB4,1.02,90,RNA,2020-12-21,1,1,0.0404235016713008
ITUB4,1.02,90,Random Forest,2020-12-21,1,1,0.0404235016713008
ITUB4,1.02,90,SVC,2020-12-21,1,1,0.0404235016713008
ITUB4,1.02,90,RNA,2020-12-22,1,1,0.0354406164626421
ITUB4,1.02,90,Random Forest,2020-12-22,1,1,0.0354406164626421
ITUB4,1.02,90,SVC,2020-12-22,1,1,0.0354406164626421
ITUB4,1.02,90,RNA,2020-12-23,0,1,-0.0405135301232991
ITUB4,1.02,90,Random Forest,2020-12-23,0,1,-0.0405135301232991
ITUB4,1.02,90,SVC,2020-12-23,0,1,-0.0405135301232991
ITUB4,1.02,90,RNA,2020-12-28,0,1,-0.0482008225666257
ITUB4,1.02,90,Random Forest,2020-12-28,0,1,-0.0482008225666257
ITUB4,1.02,90,SVC,2020-12-28,0,1,-0.0482008225666257
ITUB4,1.02,90,RNA,2020-12-29,0,1,-0.0197216823578263
ITUB4,1.02,90,Random Forest,2020-12-29,0,0,-0.0197216823578263
ITUB4,1.02,90,SVC,2020-12-29,0,1,-0.0197216823578263
ITUB4,1.02,90,RNA,2020-12-30,1,1,0.0337711057619314
ITUB4,1.02,90,Random Forest,2020-12-30,1,0,0.0337711057619314
ITUB4,1.02,90,SVC,2020-12-30,1,1,0.0337711057619314
ITUB4,1.02,90,RNA,2021-01-04,1,1,0.0881874005782368
ITUB4,1.02,90,Random Forest,2021-01-04,1,1,0.0881874005782368
ITUB4,1.02,90,SVC,2021-01-04,1,1,0.0881874005782368
ITUB4,1.02,90,RNA,2021-01-05,1,1,0.0794060470569981
ITUB4,1.02,90,Random Forest,2021-01-05,1,1,0.0794060470569981
ITUB4,1.02,90,SVC,2021-01-05,1,1,0.0794060470569981
ITUB4,1.02,90,RNA,2021-01-06,1,1,0.0565560590595639
ITUB4,1.02,90,Random Forest,2021-01-06,1,1,0.0565560590595639
ITUB4,1.02,90,SVC,2021-01-06,1,1,0.0565560590595639
ITUB4,1.02,90,RNA,2021-01-07,0,1,-0.0388703184860421
ITUB4,1.02,90,Random Forest,2021-01-07,0,1,-0.0388703184860421
ITUB4,1.02,90,SVC,2021-01-07,0,1,-0.0388703184860421
ITUB4,1.02,90,RNA,2021-01-08,0,1,0.0036957017820189
ITUB4,1.02,90,Random Forest,2021-01-08,0,0,0.0036957017820189
ITUB4,1.02,90,SVC,2021-01-08,0,1,0.0036957017820189
ITUB4,1.02,90,RNA,2021-01-11,1,0,0.023617181899169
ITUB4,1.02,90,Random Forest,2021-01-11,1,1,0.023617181899169
ITUB4,1.02,90,SVC,2021-01-11,1,1,0.023617181899169
ITUB4,1.02,90,RNA,2021-01-12,1,1,0.023617181899169
ITUB4,1.02,90,Random Forest,2021-01-12,1,1,0.023617181899169
ITUB4,1.02,90,SVC,2021-01-12,1,1,0.023617181899169
ITUB4,1.02,90,RNA,2021-01-13,1,1,0.0287320828497581
ITUB4,1.02,90,Random Forest,2021-01-13,1,1,0.0287320828497581
ITUB4,1.02,90,SVC,2021-01-13,1,1,0.0287320828497581
ITUB4,1.02,90,RNA,2021-01-14,0,1,-0.0539781202614298
ITUB4,1.02,90,Random Forest,2021-01-14,0,1,-0.0539781202614298
ITUB4,1.02,90,SVC,2021-01-14,0,1,-0.0539781202614298
ITUB4,1.02,90,RNA,2021-01-15,0,1,-0.0552747969843345
ITUB4,1.02,90,Random Forest,2021-01-15,0,1,-0.0552747969843345
ITUB4,1.02,90,SVC,2021-01-15,0,1,-0.0552747969843345
ITUB4,1.02,90,RNA,2021-01-18,0,1,-0.0704985864229434
ITUB4,1.02,90,Random Forest,2021-01-18,0,1,-0.0704985864229434
ITUB4,1.02,90,SVC,2021-01-18,0,1,-0.0704985864229434
ITUB4,1.02,90,RNA,2021-01-19,0,1,-0.0886150239810069
ITUB4,1.02,90,Random Forest,2021-01-19,0,1,-0.0886150239810069
ITUB4,1.02,90,SVC,2021-01-19,0,1,-0.0886150239810069
ITUB4,1.02,90,RNA,2021-01-20,0,0,-0.0673328039288109
ITUB4,1.02,90,Random Forest,2021-01-20,0,0,-0.0673328039288109
ITUB4,1.02,90,SVC,2021-01-20,0,1,-0.0673328039288109
ITUB4,1.02,90,RNA,2021-01-21,1,1,0.0222649824911711
ITUB4,1.02,90,Random Forest,2021-01-21,1,0,0.0222649824911711
ITUB4,1.02,90,SVC,2021-01-21,1,1,0.0222649824911711
ITUB4,1.02,90,RNA,2021-01-22,1,1,0.0296653672424476
ITUB4,1.02,90,Random Forest,2021-01-22,1,0,0.0296653672424476
ITUB4,1.02,90,SVC,2021-01-22,1,1,0.0296653672424476
ITUB4,1.02,90,RNA,2021-01-26,1,1,0.0540732807763564
ITUB4,1.02,90,Random Forest,2021-01-26,1,1,0.0540732807763564
ITUB4,1.02,90,SVC,2021-01-26,1,1,0.0540732807763564
ITUB4,1.02,90,RNA,2021-01-27,1,1,0.0473665207343632
ITUB4,1.02,90,Random Forest,2021-01-27,1,1,0.0473665207343632
ITUB4,1.02,90,SVC,2021-01-27,1,1,0.0473665207343632
ITUB4,1.02,90,RNA,2021-01-28,0,1,-0.0302878339971227
ITUB4,1.02,90,Random Forest,2021-01-28,0,1,-0.0302878339971227
ITUB4,1.02,90,SVC,2021-01-28,0,1,-0.0302878339971227
ITUB4,1.02,90,RNA,2021-01-29,0,1,-0.0275861770707103
ITUB4,1.02,90,Random Forest,2021-01-29,0,1,-0.0275861770707103
ITUB4,1.02,90,SVC,2021-01-29,0,1,-0.0275861770707103
ITUB4,1.02,90,RNA,2021-02-01,0,1,-0.0343878997321204
ITUB4,1.02,90,Random Forest,2021-02-01,0,1,-0.0343878997321204
ITUB4,1.02,90,SVC,2021-02-01,0,1,-0.0343878997321204
ITUB4,1.02,90,RNA,2021-02-02,0,1,-0.0417246003802067
ITUB4,1.02,90,Random Forest,2021-02-02,0,0,-0.0417246003802067
ITUB4,1.02,90,SVC,2021-02-02,0,1,-0.0417246003802067
ITUB4,1.02,90,RNA,2021-02-03,0,1,-0.0224325147761027
ITUB4,1.02,90,Random Forest,2021-02-03,0,0,-0.0224325147761027
ITUB4,1.02,90,SVC,2021-02-03,0,1,-0.0224325147761027
ITUB4,1.02,90,RNA,2021-02-04,0,1,-0.0219003777680932
ITUB4,1.02,90,Random Forest,2021-02-04,0,0,-0.0219003777680932
ITUB4,1.02,90,SVC,2021-02-04,0,1,-0.0219003777680932
ITUB4,1.02,90,RNA,2021-02-05,0,1,-0.0110713935270033
ITUB4,1.02,90,Random Forest,2021-02-05,0,0,-0.0110713935270033
ITUB4,1.02,90,SVC,2021-02-05,0,1,-0.0110713935270033
ITUB4,1.02,90,RNA,2021-02-08,1,0,0.0334667309687555
ITUB4,1.02,90,Random Forest,2021-02-08,1,0,0.0334667309687555
ITUB4,1.02,90,SVC,2021-02-08,1,1,0.0334667309687555
ITUB4,1.02,90,RNA,2021-02-09,0,1,0.0075269177469319
ITUB4,1.02,90,Random Forest,2021-02-09,0,0,0.0075269177469319
ITUB4,1.02,90,SVC,2021-02-09,0,0,0.0075269177469319
ITUB4,1.02,90,RNA,2021-02-10,0,1,-0.0028581545796819
ITUB4,1.02,90,Random Forest,2021-02-10,0,0,-0.0028581545796819
ITUB4,1.02,90,SVC,2021-02-10,0,1,-0.0028581545796819
ITUB4,1.02,90,RNA,2021-02-11,1,0,0.0352342371766787
ITUB4,1.02,90,Random Forest,2021-02-11,1,1,0.0352342371766787
ITUB4,1.02,90,SVC,2021-02-11,1,0,0.0352342371766787
ITUB4,1.02,90,RNA,2021-02-12,1,1,0.0251798359921979
ITUB4,1.02,90,Random Forest,2021-02-12,1,0,0.0251798359921979
ITUB4,1.02,90,SVC,2021-02-12,1,0,0.0251798359921979
ITUB4,1.02,90,RNA,2021-02-17,1,1,0.0207736329190337
ITUB4,1.02,90,Random Forest,2021-02-17,1,0,0.0207736329190337
ITUB4,1.02,90,SVC,2021-02-17,1,0,0.0207736329190337
ITUB4,1.02,90,RNA,2021-02-18,0,0,-0.0372893524407473
ITUB4,1.02,90,Random Forest,2021-02-18,0,0,-0.0372893524407473
ITUB4,1.02,90,SVC,2021-02-18,0,1,-0.0372893524407473
ITUB4,1.02,90,RNA,2021-02-19,1,0,0.0365348485360947
ITUB4,1.02,90,Random Forest,2021-02-19,1,1,0.0365348485360947
ITUB4,1.02,90,SVC,2021-02-19,1,0,0.0365348485360947
ITUB4,1.02,90,RNA,2021-02-22,1,0,0.0621382322411783
ITUB4,1.02,90,Random Forest,2021-02-22,1,1,0.0621382322411783
ITUB4,1.02,90,SVC,2021-02-22,1,1,0.0621382322411783
ITUB4,1.02,90,RNA,2021-02-23,0,0,-0.0913225913590477
ITUB4,1.02,90,Random Forest,2021-02-23,0,1,-0.0913225913590477
ITUB4,1.02,90,SVC,2021-02-23,0,1,-0.0913225913590477
ITUB4,1.02,90,RNA,2021-02-24,0,0,-0.0360118712557699
ITUB4,1.02,90,Random Forest,2021-02-24,0,1,-0.0360118712557699
ITUB4,1.02,90,SVC,2021-02-24,0,1,-0.0360118712557699
ITUB4,1.02,90,RNA,2021-02-25,0,0,-0.0135430252372836
ITUB4,1.02,90,Random Forest,2021-02-25,0,1,-0.0135430252372836
ITUB4,1.02,90,SVC,2021-02-25,0,0,-0.0135430252372836
ITUB4,1.02,90,RNA,2021-02-26,1,1,0.0463320223016965
ITUB4,1.02,90,Random Forest,2021-02-26,1,0,0.0463320223016965
ITUB4,1.02,90,SVC,2021-02-26,1,1,0.0463320223016965
ITUB4,1.02,90,RNA,2021-03-01,1,1,0.1434442933181736
ITUB4,1.02,90,Random Forest,2021-03-01,1,0,0.1434442933181736
ITUB4,1.02,90,SVC,2021-03-01,1,0,0.1434442933181736
ITUB4,1.02,90,RNA,2021-03-02,1,1,0.0857586160532484
ITUB4,1.02,90,Random Forest,2021-03-02,1,0,0.0857586160532484
ITUB4,1.02,90,SVC,2021-03-02,1,0,0.0857586160532484
ITUB4,1.02,90,RNA,2021-03-03,1,1,0.0753266620217889
ITUB4,1.02,90,Random Forest,2021-03-03,1,1,0.0753266620217889
ITUB4,1.02,90,SVC,2021-03-03,1,1,0.0753266620217889
ITUB4,1.02,90,RNA,2021-03-04,1,1,0.046763898205927
ITUB4,1.02,90,Random Forest,2021-03-04,1,1,0.046763898205927
ITUB4,1.02,90,SVC,2021-03-04,1,1,0.046763898205927
ITUB4,1.02,90,RNA,2021-03-05,1,1,0.0401486977823954
ITUB4,1.02,90,Random Forest,2021-03-05,1,0,0.0401486977823954
ITUB4,1.02,90,SVC,2021-03-05,1,1,0.0401486977823954
ITUB4,1.02,90,RNA,2021-03-08,1,1,0.0473328298302244
ITUB4,1.02,90,Random Forest,2021-03-08,1,0,0.0473328298302244
ITUB4,1.02,90,SVC,2021-03-08,1,1,0.0473328298302244
ITUB4,1.02,90,RNA,2021-03-09,1,1,0.0284028508776768
ITUB4,1.02,90,Random Forest,2021-03-09,1,1,0.0284028508776768
ITUB4,1.02,90,SVC,2021-03-09,1,1,0.0284028508776768
ITUB4,1.02,90,RNA,2021-03-10,0,1,-0.0239130229278435
ITUB4,1.02,90,Random Forest,2021-03-10,0,1,-0.0239130229278435
ITUB4,1.02,90,SVC,2021-03-10,0,1,-0.0239130229278435
ITUB4,1.02,90,RNA,2021-03-11,1,1,0.0331491705943713
ITUB4,1.02,90,Random Forest,2021-03-11,1,1,0.0331491705943713
ITUB4,1.02,90,SVC,2021-03-11,1,1,0.0331491705943713
ITUB4,1.02,90,RNA,2021-03-12,1,1,0.0578269000833795
ITUB4,1.02,90,Random Forest,2021-03-12,1,0,0.0578269000833795
ITUB4,1.02,90,SVC,2021-03-12,1,1,0.0578269000833795
ITUB4,1.02,90,RNA,2021-03-15,1,1,0.0439840183544875
ITUB4,1.02,90,Random Forest,2021-03-15,1,1,0.0439840183544875
ITUB4,1.02,90,SVC,2021-03-15,1,1,0.0439840183544875
ITUB4,1.02,90,RNA,2021-03-16,1,0,0.0692479720168266
ITUB4,1.02,90,Random Forest,2021-03-16,1,1,0.0692479720168266
ITUB4,1.02,90,SVC,2021-03-16,1,1,0.0692479720168266
ITUB4,1.02,90,RNA,2021-03-17,1,1,0.0282849904767277
ITUB4,1.02,90,Random Forest,2021-03-17,1,1,0.0282849904767277
ITUB4,1.02,90,SVC,2021-03-17,1,1,0.0282849904767277
ITUB4,1.02,90,RNA,2021-03-18,0,1,-0.0378895425858152
ITUB4,1.02,90,Random Forest,2021-03-18,0,1,-0.0378895425858152
ITUB4,1.02,90,SVC,2021-03-18,0,1,-0.0378895425858152
ITUB4,1.02,90,RNA,2021-03-19,0,1,-0.0121472474812425
ITUB4,1.02,90,Random Forest,2021-03-19,0,1,-0.0121472474812425
ITUB4,1.02,90,SVC,2021-03-19,0,1,-0.0121472474812425
ITUB4,1.02,90,RNA,2021-03-22,0,1,0.0043389324312734
ITUB4,1.02,90,Random Forest,2021-03-22,0,0,0.0043389324312734
ITUB4,1.02,90,SVC,2021-03-22,0,1,0.0043389324312734
ITUB4,1.02,90,RNA,2021-03-23,1,1,0.0224944756312401
ITUB4,1.02,90,Random Forest,2021-03-23,1,0,0.0224944756312401
ITUB4,1.02,90,SVC,2021-03-23,1,1,0.0224944756312401
ITUB4,1.02,90,RNA,2021-03-24,1,0,0.0593470182772912
ITUB4,1.02,90,Random Forest,2021-03-24,1,0,0.0593470182772912
ITUB4,1.02,90,SVC,2021-03-24,1,1,0.0593470182772912
ITUB4,1.02,90,RNA,2021-03-25,1,1,0.0374272809220519
ITUB4,1.02,90,Random Forest,2021-03-25,1,1,0.0374272809220519
ITUB4,1.02,90,SVC,2021-03-25,1,1,0.0374272809220519
ITUB4,1.02,90,RNA,2021-03-26,0,0,-0.0357562906387848
ITUB4,1.02,90,Random Forest,2021-03-26,0,0,-0.0357562906387848
ITUB4,1.02,90,SVC,2021-03-26,0,1,-0.0357562906387848
ITUB4,1.02,90,RNA,2021-03-29,1,1,0.0255028571265143
ITUB4,1.02,90,Random Forest,2021-03-29,1,1,0.0255028571265143
ITUB4,1.02,90,SVC,2021-03-29,1,1,0.0255028571265143
ITUB4,1.02,90,RNA,2021-03-30,0,1,-0.0411674591974341
ITUB4,1.02,90,Random Forest,2021-03-30,0,0,-0.0411674591974341
ITUB4,1.02,90,SVC,2021-03-30,0,1,-0.0411674591974341
ITUB4,1.02,90,RNA,2021-03-31,0,1,-0.0440810652683939
ITUB4,1.02,90,Random Forest,2021-03-31,0,0,-0.0440810652683939
ITUB4,1.02,90,SVC,2021-03-31,0,1,-0.0440810652683939
ITUB4,1.02,90,RNA,2021-04-01,0,1,-0.0248537609495226
ITUB4,1.02,90,Random Forest,2021-04-01,0,0,-0.0248537609495226
ITUB4,1.02,90,SVC,2021-04-01,0,1,-0.0248537609495226
ITUB4,1.02,90,RNA,2021-04-05,0,1,-0.0312726944325443
ITUB4,1.02,90,Random Forest,2021-04-05,0,0,-0.0312726944325443
ITUB4,1.02,90,SVC,2021-04-05,0,1,-0.0312726944325443
ITUB4,1.02,90,RNA,2021-04-06,0,1,0.0103626917571664
ITUB4,1.02,90,Random Forest,2021-04-06,0,1,0.0103626917571664
ITUB4,1.02,90,SVC,2021-04-06,0,1,0.0103626917571664
ITUB4,1.02,90,RNA,2021-04-07,0,1,0.010366528551043
ITUB4,1.02,90,Random Forest,2021-04-07,0,0,0.010366528551043
ITUB4,1.02,90,SVC,2021-04-07,0,1,0.010366528551043
ITUB4,1.02,90,RNA,2021-04-08,1,1,0.0588013779655249
ITUB4,1.02,90,Random Forest,2021-04-08,1,0,0.0588013779655249
ITUB4,1.02,90,SVC,2021-04-08,1,1,0.0588013779655249
ITUB4,1.02,90,RNA,2021-04-09,1,0,0.048134370322842
ITUB4,1.02,90,Random Forest,2021-04-09,1,1,0.048134370322842
ITUB4,1.02,90,SVC,2021-04-09,1,1,0.048134370322842
ITUB4,1.02,90,RNA,2021-04-12,1,1,0.0342288938632082
ITUB4,1.02,90,Random Forest,2021-04-12,1,1,0.0342288938632082
ITUB4,1.02,90,SVC,2021-04-12,1,1,0.0342288938632082
ITUB4,1.02,90,RNA,2021-04-13,1,1,0.0270467861948544
ITUB4,1.02,90,Random Forest,2021-04-13,1,0,0.0270467861948544
ITUB4,1.02,90,SVC,2021-04-13,1,1,0.0270467861948544
ITUB4,1.02,90,RNA,2021-04-14,0,1,-0.009761368653501
ITUB4,1.02,90,Random Forest,2021-04-14,0,0,-0.009761368653501
ITUB4,1.02,90,SVC,2021-04-14,0,1,-0.009761368653501
ITUB4,1.02,90,RNA,2021-04-15,1,0,0.0221898468426899
ITUB4,1.02,90,Random Forest,2021-04-15,1,0,0.0221898468426899
ITUB4,1.02,90,SVC,2021-04-15,1,1,0.0221898468426899
ITUB4,1.02,90,RNA,2021-04-16,0,1,-0.0125537985959441
ITUB4,1.02,90,Random Forest,2021-04-16,0,0,-0.0125537985959441
ITUB4,1.02,90,SVC,2021-04-16,0,1,-0.0125537985959441
ITUB4,1.02,90,RNA,2021-04-19,0,1,0.0036482939838926
ITUB4,1.02,90,Random Forest,2021-04-19,0,1,0.0036482939838926
ITUB4,1.02,90,SVC,2021-04-19,0,1,0.0036482939838926
ITUB4,1.02,90,RNA,2021-04-20,0,1,-0.0159825944875235
ITUB4,1.02,90,Random Forest,2021-04-20,0,1,-0.0159825944875235
ITUB4,1.02,90,SVC,2021-04-20,0,1,-0.0159825944875235
ITUB4,1.02,90,RNA,2021-04-22,1,1,0.0331194064646742
ITUB4,1.02,90,Random Forest,2021-04-22,1,1,0.0331194064646742
ITUB4,1.02,90,SVC,2021-04-22,1,1,0.0331194064646742
ITUB4,1.02,90,RNA,2021-04-23,1,0,0.0267160254810165
ITUB4,1.02,90,Random Forest,2021-04-23,1,0,0.0267160254810165
ITUB4,1.02,90,SVC,2021-04-23,1,1,0.0267160254810165
ITUB4,1.02,90,RNA,2021-04-26,1,0,0.0341912483841178
ITUB4,1.02,90,Random Forest,2021-04-26,1,1,0.0341912483841178
ITUB4,1.02,90,SVC,2021-04-26,1,1,0.0341912483841178
ITUB4,1.02,90,RNA,2021-04-27,1,1,0.0301598584678914
ITUB4,1.02,90,Random Forest,2021-04-27,1,1,0.0301598584678914
ITUB4,1.02,90,SVC,2021-04-27,1,1,0.0301598584678914
ITUB4,1.02,90,RNA,2021-04-28,0,0,-0.0516478443557051
ITUB4,1.02,90,Random Forest,2021-04-28,0,1,-0.0516478443557051
ITUB4,1.02,90,SVC,2021-04-28,0,1,-0.0516478443557051
ITUB4,1.02,90,RNA,2021-04-29,1,1,0.0436151124843919
ITUB4,1.02,90,Random Forest,2021-04-29,1,1,0.0436151124843919
ITUB4,1.02,90,SVC,2021-04-29,1,1,0.0436151124843919
ITUB4,1.02,90,RNA,2021-04-30,1,1,0.0234657090354752
ITUB4,1.02,90,Random Forest,2021-04-30,1,1,0.0234657090354752
ITUB4,1.02,90,SVC,2021-04-30,1,1,0.0234657090354752
ITUB4,1.02,90,RNA,2021-05-03,0,1,-0.0167259863540787
ITUB4,1.02,90,Random Forest,2021-05-03,0,1,-0.0167259863540787
ITUB4,1.02,90,SVC,2021-05-03,0,1,-0.0167259863540787
ITUB4,1.02,90,RNA,2021-05-04,1,0,0.0498141083872087
ITUB4,1.02,90,Random Forest,2021-05-04,1,1,0.0498141083872087
ITUB4,1.02,90,SVC,2021-05-04,1,1,0.0498141083872087
ITUB4,1.02,90,RNA,2021-05-05,1,0,0.032163740569477
ITUB4,1.02,90,Random Forest,2021-05-05,1,1,0.032163740569477
ITUB4,1.02,90,SVC,2021-05-05,1,1,0.032163740569477
ITUB4,1.02,90,RNA,2021-05-06,1,1,0.0302809216173971
ITUB4,1.02,90,Random Forest,2021-05-06,1,1,0.0302809216173971
ITUB4,1.02,90,SVC,2021-05-06,1,1,0.0302809216173971
ITUB4,1.02,90,RNA,2021-05-07,1,1,0.0325262457639496
ITUB4,1.02,90,Random Forest,2021-05-07,1,1,0.0325262457639496
ITUB4,1.02,90,SVC,2021-05-07,1,1,0.0325262457639496
ITUB4,1.02,90,RNA,2021-05-10,1,1,0.0519105712525724
ITUB4,1.02,90,Random Forest,2021-05-10,1,1,0.0519105712525724
ITUB4,1.02,90,SVC,2021-05-10,1,1,0.0519105712525724
ITUB4,1.02,90,RNA,2021-05-11,1,0,0.0534296098273321
ITUB4,1.02,90,Random Forest,2021-05-11,1,0,0.0534296098273321
ITUB4,1.02,90,SVC,2021-05-11,1,0,0.0534296098273321
ITUB4,1.02,90,RNA,2021-05-12,1,1,0.059398724225351
ITUB4,1.02,90,Random Forest,2021-05-12,1,1,0.059398724225351
ITUB4,1.02,90,SVC,2021-05-12,1,1,0.059398724225351
ITUB4,1.02,90,RNA,2021-05-13,1,1,0.0205861694662883
ITUB4,1.02,90,Random Forest,2021-05-13,1,1,0.0205861694662883
ITUB4,1.02,90,SVC,2021-05-13,1,1,0.0205861694662883
ITUB4,1.02,90,RNA,2021-05-14,1,1,0.0294423161492605
ITUB4,1.02,90,Random Forest,2021-05-14,1,0,0.0294423161492605
ITUB4,1.02,90,SVC,2021-05-14,1,1,0.0294423161492605
ITUB4,1.02,90,RNA,2021-05-17,1,0,0.0319444151788737
ITUB4,1.02,90,Random Forest,2021-05-17,1,0,0.0319444151788737
ITUB4,1.02,90,SVC,2021-05-17,1,1,0.0319444151788737
ITUB4,1.02,90,RNA,2021-05-18,1,0,0.0417104757473452
ITUB4,1.02,90,Random Forest,2021-05-18,1,0,0.0417104757473452
ITUB4,1.02,90,SVC,2021-05-18,1,1,0.0417104757473452
ITUB4,1.02,90,RNA,2021-05-19,0,1,-0.0048561756067782
ITUB4,1.02,90,Random Forest,2021-05-19,0,1,-0.0048561756067782
ITUB4,1.02,90,SVC,2021-05-19,0,1,-0.0048561756067782
ITUB4,1.02,90,RNA,2021-05-20,0,1,0.004054369766641
ITUB4,1.02,90,Random Forest,2021-05-20,0,0,0.004054369766641
ITUB4,1.02,90,SVC,2021-05-20,0,1,0.004054369766641
ITUB4,1.02,90,RNA,2021-05-21,0,0,-0.0108909888930758
ITUB4,1.02,90,Random Forest,2021-05-21,0,0,-0.0108909888930758
ITUB4,1.02,90,SVC,2021-05-21,0,1,-0.0108909888930758
ITUB4,1.02,90,RNA,2021-05-24,0,1,0.010572990218064
ITUB4,1.02,90,Random Forest,2021-05-24,0,0,0.010572990218064
ITUB4,1.02,90,SVC,2021-05-24,0,1,0.010572990218064
ITUB4,1.02,90,RNA,2021-05-25,1,1,0.0292296847100561
ITUB4,1.02,90,Random Forest,2021-05-25,1,0,0.0292296847100561
ITUB4,1.02,90,SVC,2021-05-25,1,1,0.0292296847100561
ITUB4,1.02,90,RNA,2021-05-26,1,0,0.0413453622988138
ITUB4,1.02,90,Random Forest,2021-05-26,1,0,0.0413453622988138
ITUB4,1.02,90,SVC,2021-05-26,1,1,0.0413453622988138
ITUB4,1.02,90,RNA,2021-05-27,1,0,0.0944996155901241
ITUB4,1.02,90,Random Forest,2021-05-27,1,0,0.0944996155901241
ITUB4,1.02,90,SVC,2021-05-27,1,1,0.0944996155901241
ITUB4,1.02,90,RNA,2021-05-28,1,0,0.0918927009076051
ITUB4,1.02,90,Random Forest,2021-05-28,1,0,0.0918927009076051
ITUB4,1.02,90,SVC,2021-05-28,1,1,0.0918927009076051
ITUB4,1.02,90,RNA,2021-05-31,1,0,0.1119302912001642
ITUB4,1.02,90,Random Forest,2021-05-31,1,0,0.1119302912001642
ITUB4,1.02,90,SVC,2021-05-31,1,1,0.1119302912001642
ITUB4,1.02,90,RNA,2021-06-01,1,1,0.0825448653070464
ITUB4,1.02,90,Random Forest,2021-06-01,1,1,0.0825448653070464
ITUB4,1.02,90,SVC,2021-06-01,1,1,0.0825448653070464
ITUB4,1.02,90,RNA,2021-06-02,1,1,0.0829901928017131
ITUB4,1.02,90,Random Forest,2021-06-02,1,0,0.0829901928017131
ITUB4,1.02,90,SVC,2021-06-02,1,1,0.0829901928017131
ITUB4,1.02,90,RNA,2021-06-04,1,1,0.0591697545051483
ITUB4,1.02,90,Random Forest,2021-06-04,1,0,0.0591697545051483
ITUB4,1.02,90,SVC,2021-06-04,1,1,0.0591697545051483
ITUB4,1.02,90,RNA,2021-06-07,1,0,0.0417428700457789
ITUB4,1.02,90,Random Forest,2021-06-07,1,1,0.0417428700457789
ITUB4,1.02,90,SVC,2021-06-07,1,1,0.0417428700457789
ITUB4,1.02,90,RNA,2021-06-08,1,0,0.0465258782031916
ITUB4,1.02,90,Random Forest,2021-06-08,1,1,0.0465258782031916
ITUB4,1.02,90,SVC,2021-06-08,1,1,0.0465258782031916
ITUB4,1.02,90,RNA,2021-06-09,0,1,-0.0285714061229996
ITUB4,1.02,90,Random Forest,2021-06-09,0,1,-0.0285714061229996
ITUB4,1.02,90,SVC,2021-06-09,0,1,-0.0285714061229996
ITUB4,1.02,90,RNA,2021-06-10,0,1,0.0075665923951848
ITUB4,1.02,90,Random Forest,2021-06-10,0,1,0.0075665923951848
ITUB4,1.02,90,SVC,2021-06-10,0,1,0.0075665923951848
ITUB4,1.02,90,RNA,2021-06-11,1,1,0.0425015350033355
ITUB4,1.02,90,Random Forest,2021-06-11,1,1,0.0425015350033355
ITUB4,1.02,90,SVC,2021-06-11,1,1,0.0425015350033355
ITUB4,1.02,90,RNA,2021-06-14,1,0,0.0482295345467318
ITUB4,1.02,90,Random Forest,2021-06-14,1,1,0.0482295345467318
ITUB4,1.02,90,SVC,2021-06-14,1,1,0.0482295345467318
ITUB4,1.02,90,RNA,2021-06-15,1,1,0.0507955778460527
ITUB4,1.02,90,Random Forest,2021-06-15,1,1,0.0507955778460527
ITUB4,1.02,90,SVC,2021-06-15,1,1,0.0507955778460527
ITUB4,1.02,90,RNA,2021-06-16,1,1,0.0202020038625523
ITUB4,1.02,90,Random Forest,2021-06-16,1,1,0.0202020038625523
ITUB4,1.02,90,SVC,2021-06-16,1,1,0.0202020038625523
ITUB4,1.02,90,RNA,2021-06-17,0,1,-0.0290076483557939
ITUB4,1.02,90,Random Forest,2021-06-17,0,1,-0.0290076483557939
ITUB4,1.02,90,SVC,2021-06-17,0,1,-0.0290076483557939
ITUB4,1.02,90,RNA,2021-06-18,0,0,-0.012725018220223
ITUB4,1.02,90,Random Forest,2021-06-18,0,1,-0.012725018220223
ITUB4,1.02,90,SVC,2021-06-18,0,1,-0.012725018220223
ITUB4,1.02,90,RNA,2021-06-21,0,0,-0.0443686033034103
ITUB4,1.02,90,Random Forest,2021-06-21,0,0,-0.0443686033034103
ITUB4,1.02,90,SVC,2021-06-21,0,1,-0.0443686033034103
ITUB4,1.02,90,RNA,2021-06-22,0,1,-0.049922009167803
ITUB4,1.02,90,Random Forest,2021-06-22,0,0,-0.049922009167803
ITUB4,1.02,90,SVC,2021-06-22,0,1,-0.049922009167803
ITUB4,1.02,90,RNA,2021-06-23,0,1,-0.0627913971100218
ITUB4,1.02,90,Random Forest,2021-06-23,0,0,-0.0627913971100218
ITUB4,1.02,90,SVC,2021-06-23,0,1,-0.0627913971100218
ITUB4,1.02,90,RNA,2021-06-24,0,0,-0.0681676276296294
ITUB4,1.02,90,Random Forest,2021-06-24,0,0,-0.0681676276296294
ITUB4,1.02,90,SVC,2021-06-24,0,1,-0.0681676276296294
ITUB4,1.02,90,RNA,2021-06-25,0,0,-0.036804743237627
ITUB4,1.02,90,Random Forest,2021-06-25,0,0,-0.036804743237627
ITUB4,1.02,90,SVC,2021-06-25,0,1,-0.036804743237627
ITUB4,1.02,90,RNA,2021-06-28,0,1,-0.0077626069229377
ITUB4,1.02,90,Random Forest,2021-06-28,0,0,-0.0077626069229377
ITUB4,1.02,90,SVC,2021-06-28,0,1,-0.0077626069229377
ITUB4,1.02,90,RNA,2021-06-29,0,0,-0.0128367402431293
ITUB4,1.02,90,Random Forest,2021-06-29,0,0,-0.0128367402431293
ITUB4,1.02,90,SVC,2021-06-29,0,0,-0.0128367402431293
ITUB4,1.02,90,RNA,2021-06-30,0,1,-0.0174555298292327
ITUB4,1.02,90,Random Forest,2021-06-30,0,0,-0.0174555298292327
ITUB4,1.02,90,SVC,2021-06-30,0,1,-0.0174555298292327
ITUB4,1.02,90,RNA,2021-07-01,0,1,-0.0066934350348086
ITUB4,1.02,90,Random Forest,2021-07-01,0,0,-0.0066934350348086
ITUB4,1.02,90,SVC,2021-07-01,0,1,-0.0066934350348086
ITUB4,1.02,90,RNA,2021-07-02,0,0,-0.0144683377106663
ITUB4,1.02,90,Random Forest,2021-07-02,0,0,-0.0144683377106663
ITUB4,1.02,90,SVC,2021-07-02,0,1,-0.0144683377106663
ITUB4,1.02,90,RNA,2021-07-05,0,1,0.0071234789115319
ITUB4,1.02,90,Random Forest,2021-07-05,0,0,0.0071234789115319
ITUB4,1.02,90,SVC,2021-07-05,0,1,0.0071234789115319
ITUB4,1.02,90,RNA,2021-07-06,0,0,0.0098039024382086
ITUB4,1.02,90,Random Forest,2021-07-06,0,0,0.0098039024382086
ITUB4,1.02,90,SVC,2021-07-06,0,1,0.0098039024382086
ITUB4,1.02,90,RNA,2021-07-07,1,1,0.0583190498343204
ITUB4,1.02,90,Random Forest,2021-07-07,1,0,0.0583190498343204
ITUB4,1.02,90,SVC,2021-07-07,1,1,0.0583190498343204
ITUB4,1.02,90,RNA,2021-07-08,1,0,0.0493197452532272
ITUB4,1.02,90,Random Forest,2021-07-08,1,0,0.0493197452532272
ITUB4,1.02,90,SVC,2021-07-08,1,1,0.0493197452532272
ITUB4,1.02,90,RNA,2021-07-12,1,0,0.0457627319514781
ITUB4,1.02,90,Random Forest,2021-07-12,1,0,0.0457627319514781
ITUB4,1.02,90,SVC,2021-07-12,1,1,0.0457627319514781
ITUB4,1.02,90,RNA,2021-07-13,1,1,0.0215231611782233
ITUB4,1.02,90,Random Forest,2021-07-13,1,1,0.0215231611782233
ITUB4,1.02,90,SVC,2021-07-13,1,1,0.0215231611782233
ITUB4,1.02,90,RNA,2021-07-14,0,0,-0.0194239412419426
ITUB4,1.02,90,Random Forest,2021-07-14,0,0,-0.0194239412419426
ITUB4,1.02,90,SVC,2021-07-14,0,1,-0.0194239412419426
ITUB4,1.02,90,RNA,2021-07-15,0,1,-0.0124286316595101
ITUB4,1.02,90,Random Forest,2021-07-15,0,1,-0.0124286316595101
ITUB4,1.02,90,SVC,2021-07-15,0,1,-0.0124286316595101
ITUB4,1.02,90,RNA,2021-07-16,1,0,0.0334494619355607
ITUB4,1.02,90,Random Forest,2021-07-16,1,1,0.0334494619355607
ITUB4,1.02,90,SVC,2021-07-16,1,1,0.0334494619355607
ITUB4,1.02,90,RNA,2021-07-19,1,0,0.0309349647391798
ITUB4,1.02,90,Random Forest,2021-07-19,1,1,0.0309349647391798
ITUB4,1.02,90,SVC,2021-07-19,1,1,0.0309349647391798
ITUB4,1.02,90,RNA,2021-07-20,0,0,0.0092276296501325
ITUB4,1.02,90,Random Forest,2021-07-20,0,0,0.0092276296501325
ITUB4,1.02,90,SVC,2021-07-20,0,1,0.0092276296501325
ITUB4,1.02,90,RNA,2021-07-21,1,0,0.0203942731368897
ITUB4,1.02,90,Random Forest,2021-07-21,1,1,0.0203942731368897
ITUB4,1.02,90,SVC,2021-07-21,1,1,0.0203942731368897
ITUB4,1.02,90,RNA,2021-07-22,1,1,0.0688120632502451
ITUB4,1.02,90,Random Forest,2021-07-22,1,1,0.0688120632502451
ITUB4,1.02,90,SVC,2021-07-22,1,1,0.0688120632502451
ITUB4,1.02,90,RNA,2021-07-23,1,0,0.0735900807239835
ITUB4,1.02,90,Random Forest,2021-07-23,1,1,0.0735900807239835
ITUB4,1.02,90,SVC,2021-07-23,1,1,0.0735900807239835
ITUB4,1.02,90,RNA,2021-07-26,1,1,0.0583051173777786
ITUB4,1.02,90,Random Forest,2021-07-26,1,1,0.0583051173777786
ITUB4,1.02,90,SVC,2021-07-26,1,1,0.0583051173777786
ITUB4,1.02,90,RNA,2021-07-27,1,1,0.0456253707122906
ITUB4,1.02,90,Random Forest,2021-07-27,1,1,0.0456253707122906
ITUB4,1.02,90,SVC,2021-07-27,1,1,0.0456253707122906
ITUB4,1.02,90,RNA,2021-07-28,1,1,0.0209068823921776
ITUB4,1.02,90,Random Forest,2021-07-28,1,0,0.0209068823921776
ITUB4,1.02,90,SVC,2021-07-28,1,1,0.0209068823921776
ITUB4,1.02,90,RNA,2021-07-29,1,1,0.0370264848580883
ITUB4,1.02,90,Random Forest,2021-07-29,1,0,0.0370264848580883
ITUB4,1.02,90,SVC,2021-07-29,1,0,0.0370264848580883
ITUB4,1.02,90,RNA,2021-07-30,1,1,0.0230519279136973
ITUB4,1.02,90,Random Forest,2021-07-30,1,1,0.0230519279136973
ITUB4,1.02,90,SVC,2021-07-30,1,1,0.0230519279136973
ITUB4,1.02,90,RNA,2021-08-02,0,1,-0.0178343819982774
ITUB4,1.02,90,Random Forest,2021-08-02,0,1,-0.0178343819982774
ITUB4,1.02,90,SVC,2021-08-02,0,1,-0.0178343819982774
ITUB4,1.02,90,RNA,2021-08-03,1,0,0.027795908205231
ITUB4,1.02,90,Random Forest,2021-08-03,1,1,0.027795908205231
ITUB4,1.02,90,SVC,2021-08-03,1,1,0.027795908205231
ITUB4,1.02,90,RNA,2021-08-04,1,0,0.0407284562181797
ITUB4,1.02,90,Random Forest,2021-08-04,1,0,0.0407284562181797
ITUB4,1.02,90,SVC,2021-08-04,1,0,0.0407284562181797
ITUB4,1.02,90,RNA,2021-08-05,1,1,0.0434926487528801
ITUB4,1.02,90,Random Forest,2021-08-05,1,1,0.0434926487528801
ITUB4,1.02,90,SVC,2021-08-05,1,1,0.0434926487528801
ITUB4,1.02,90,RNA,2021-08-06,1,1,0.0214494464410146
ITUB4,1.02,90,Random Forest,2021-08-06,1,1,0.0214494464410146
ITUB4,1.02,90,SVC,2021-08-06,1,0,0.0214494464410146
ITUB4,1.02,90,RNA,2021-08-09,0,1,-0.0121951374336694
ITUB4,1.02,90,Random Forest,2021-08-09,0,1,-0.0121951374336694
ITUB4,1.02,90,SVC,2021-08-09,0,1,-0.0121951374336694
ITUB4,1.02,90,RNA,2021-08-10,1,0,0.0292763210688704
ITUB4,1.02,90,Random Forest,2021-08-10,1,1,0.0292763210688704
ITUB4,1.02,90,SVC,2021-08-10,1,1,0.0292763210688704
ITUB4,1.02,90,RNA,2021-08-11,0,0,-0.0164610586532274
ITUB4,1.02,90,Random Forest,2021-08-11,0,1,-0.0164610586532274
ITUB4,1.02,90,SVC,2021-08-11,0,0,-0.0164610586532274
ITUB4,1.02,90,RNA,2021-08-12,1,0,0.0277938557254502
ITUB4,1.02,90,Random Forest,2021-08-12,1,1,0.0277938557254502
ITUB4,1.02,90,SVC,2021-08-12,1,0,0.0277938557254502
ITUB4,1.02,90,RNA,2021-08-13,0,0,-0.0247879786570851
ITUB4,1.02,90,Random Forest,2021-08-13,0,1,-0.0247879786570851
ITUB4,1.02,90,SVC,2021-08-13,0,0,-0.0247879786570851
ITUB4,1.02,90,RNA,2021-08-16,1,1,0.0267238488108989
ITUB4,1.02,90,Random Forest,2021-08-16,1,1,0.0267238488108989
ITUB4,1.02,90,SVC,2021-08-16,1,0,0.0267238488108989
ITUB4,1.02,90,RNA,2021-08-17,1,0,0.0332005496782998
ITUB4,1.02,90,Random Forest,2021-08-17,1,1,0.0332005496782998
ITUB4,1.02,90,SVC,2021-08-17,1,0,0.0332005496782998
ITUB4,1.02,90,RNA,2021-08-18,1,1,0.0371237184956325
ITUB4,1.02,90,Random Forest,2021-08-18,1,1,0.0371237184956325
ITUB4,1.02,90,SVC,2021-08-18,1,0,0.0371237184956325
ITUB4,1.02,90,RNA,2021-08-19,1,1,0.0489864720494095
ITUB4,1.02,90,Random Forest,2021-08-19,1,1,0.0489864720494095
ITUB4,1.02,90,SVC,2021-08-19,1,1,0.0489864720494095
ITUB4,1.02,90,RNA,2021-08-20,1,1,0.0398526320642387
ITUB4,1.02,90,Random Forest,2021-08-20,1,1,0.0398526320642387
ITUB4,1.02,90,SVC,2021-08-20,1,1,0.0398526320642387
ITUB4,1.02,90,RNA,2021-08-23,1,1,0.0264462406887198
ITUB4,1.02,90,Random Forest,2021-08-23,1,1,0.0264462406887198
ITUB4,1.02,90,SVC,2021-08-23,1,1,0.0264462406887198
ITUB4,1.02,90,RNA,2021-08-24,0,0,-0.006829253334292
ITUB4,1.02,90,Random Forest,2021-08-24,0,1,-0.006829253334292
ITUB4,1.02,90,SVC,2021-08-24,0,1,-0.006829253334292
ITUB4,1.02,90,RNA,2021-08-25,0,1,0.001294531002582
ITUB4,1.02,90,Random Forest,2021-08-25,0,1,0.001294531002582
ITUB4,1.02,90,SVC,2021-08-25,0,1,0.001294531002582
ITUB4,1.02,90,RNA,2021-08-26,1,0,0.0402809548416598
ITUB4,1.02,90,Random Forest,2021-08-26,1,0,0.0402809548416598
ITUB4,1.02,90,SVC,2021-08-26,1,1,0.0402809548416598
ITUB4,1.02,90,RNA,2021-08-27,1,0,0.0311289430660963
ITUB4,1.02,90,Random Forest,2021-08-27,1,1,0.0311289430660963
ITUB4,1.02,90,SVC,2021-08-27,1,1,0.0311289430660963
ITUB4,1.02,90,RNA,2021-08-30,1,1,0.033148779845135
ITUB4,1.02,90,Random Forest,2021-08-30,1,0,0.033148779845135
ITUB4,1.02,90,SVC,2021-08-30,1,1,0.033148779845135
ITUB4,1.02,90,RNA,2021-08-31,0,1,-0.0292981149287185
ITUB4,1.02,90,Random Forest,2021-08-31,0,1,-0.0292981149287185
ITUB4,1.02,90,SVC,2021-08-31,0,1,-0.0292981149287185
ITUB4,1.02,90,RNA,2021-09-01,0,0,-0.0702492614391222
ITUB4,1.02,90,Random Forest,2021-09-01,0,1,-0.0702492614391222
ITUB4,1.02,90,SVC,2021-09-01,0,1,-0.0702492614391222
ITUB4,1.02,90,RNA,2021-09-02,0,1,-0.0341852008779255
ITUB4,1.02,90,Random Forest,2021-09-02,0,1,-0.0341852008779255
ITUB4,1.02,90,SVC,2021-09-02,0,1,-0.0341852008779255
ITUB4,1.02,90,RNA,2021-09-03,1,1,0.0202224447897452
ITUB4,1.02,90,Random Forest,2021-09-03,1,1,0.0202224447897452
ITUB4,1.02,90,SVC,2021-09-03,1,1,0.0202224447897452
ITUB4,1.02,90,RNA,2021-09-06,0,0,-0.0289614311639029
ITUB4,1.02,90,Random Forest,2021-09-06,0,1,-0.0289614311639029
ITUB4,1.02,90,SVC,2021-09-06,0,1,-0.0289614311639029
ITUB4,1.02,90,RNA,2021-09-08,1,1,0.0241712690736959
ITUB4,1.02,90,Random Forest,2021-09-08,1,1,0.0241712690736959
ITUB4,1.02,90,SVC,2021-09-08,1,1,0.0241712690736959
ITUB4,1.02,90,RNA,2021-09-09,0,0,-0.0332203148702248
ITUB4,1.02,90,Random Forest,2021-09-09,0,0,-0.0332203148702248
ITUB4,1.02,90,SVC,2021-09-09,0,1,-0.0332203148702248
ITUB4,1.02,90,RNA,2021-09-10,0,0,-0.0282986741590129
ITUB4,1.02,90,Random Forest,2021-09-10,0,1,-0.0282986741590129
ITUB4,1.02,90,SVC,2021-09-10,0,1,-0.0282986741590129
ITUB4,1.02,90,RNA,2021-09-13,0,1,-0.0439862292437968
ITUB4,1.02,90,Random Forest,2021-09-13,0,1,-0.0439862292437968
ITUB4,1.02,90,SVC,2021-09-13,0,1,-0.0439862292437968
ITUB4,1.02,90,RNA,2021-09-14,0,0,-0.0640275446022548
ITUB4,1.02,90,Random Forest,2021-09-14,0,0,-0.0640275446022548
ITUB4,1.02,90,SVC,2021-09-14,0,1,-0.0640275446022548
ITUB4,1.02,90,RNA,2021-09-15,0,1,-0.0423728779165213
ITUB4,1.02,90,Random Forest,2021-09-15,0,0,-0.0423728779165213
ITUB4,1.02,90,SVC,2021-09-15,0,0,-0.0423728779165213
ITUB4,1.02,90,RNA,2021-09-16,0,0,-0.0252897427978466
ITUB4,1.02,90,Random Forest,2021-09-16,0,0,-0.0252897427978466
ITUB4,1.02,90,SVC,2021-09-16,0,0,-0.0252897427978466
ITUB4,1.02,90,RNA,2021-09-17,1,0,0.060439586876869
ITUB4,1.02,90,Random Forest,2021-09-17,1,0,0.060439586876869
ITUB4,1.02,90,SVC,2021-09-17,1,0,0.060439586876869
ITUB4,1.02,90,RNA,2021-09-20,1,1,0.05966325135598
ITUB4,1.02,90,Random Forest,2021-09-20,1,0,0.05966325135598
ITUB4,1.02,90,SVC,2021-09-20,1,0,0.05966325135598
ITUB4,1.02,90,RNA,2021-09-21,1,1,0.0731796512194113
ITUB4,1.02,90,Random Forest,2021-09-21,1,1,0.0731796512194113
ITUB4,1.02,90,SVC,2021-09-21,1,1,0.0731796512194113
ITUB4,1.02,90,RNA,2021-09-22,1,1,0.0601504073230376
ITUB4,1.02,90,Random Forest,2021-09-22,1,1,0.0601504073230376
ITUB4,1.02,90,SVC,2021-09-22,1,1,0.0601504073230376
ITUB4,1.02,90,RNA,2021-09-23,1,1,0.0389474065059218
ITUB4,1.02,90,Random Forest,2021-09-23,1,1,0.0389474065059218
ITUB4,1.02,90,SVC,2021-09-23,1,1,0.0389474065059218
ITUB4,1.02,90,RNA,2021-09-24,1,1,0.0415054840030948
ITUB4,1.02,90,Random Forest,2021-09-24,1,1,0.0415054840030948
ITUB4,1.02,90,SVC,2021-09-24,1,1,0.0415054840030948
ITUB4,1.02,90,RNA,2021-09-27,1,1,0.0333845469654519
ITUB4,1.02,90,Random Forest,2021-09-27,1,1,0.0333845469654519
ITUB4,1.02,90,SVC,2021-09-27,1,1,0.0333845469654519
ITUB4,1.02,90,RNA,2021-09-28,1,1,0.0431232427426875
ITUB4,1.02,90,Random Forest,2021-09-28,1,1,0.0431232427426875
ITUB4,1.02,90,SVC,2021-09-28,1,1,0.0431232427426875
ITUB4,1.02,90,RNA,2021-09-29,1,1,0.0464421558797345
ITUB4,1.02,90,Random Forest,2021-09-29,1,1,0.0464421558797345
ITUB4,1.02,90,SVC,2021-09-29,1,1,0.0464421558797345
ITUB4,1.02,90,RNA,2021-09-30,1,1,0.0448226136101448
ITUB4,1.02,90,Random Forest,2021-09-30,1,1,0.0448226136101448
ITUB4,1.02,90,SVC,2021-09-30,1,1,0.0448226136101448
ITUB4,1.02,90,RNA,2021-10-01,1,1,0.0254545464602167
ITUB4,1.02,90,Random Forest,2021-10-01,1,1,0.0254545464602167
ITUB4,1.02,90,SVC,2021-10-01,1,1,0.0254545464602167
ITUB4,1.02,90,RNA,2021-10-04,1,1,0.0317072937276574
ITUB4,1.02,90,Random Forest,2021-10-04,1,1,0.0317072937276574
ITUB4,1.02,90,SVC,2021-10-04,1,1,0.0317072937276574
ITUB4,1.02,90,RNA,2021-10-05,1,1,0.0325865615654548
ITUB4,1.02,90,Random Forest,2021-10-05,1,1,0.0325865615654548
ITUB4,1.02,90,SVC,2021-10-05,1,1,0.0325865615654548
ITUB4,1.02,90,RNA,2021-10-06,0,1,-0.0346199618170117
ITUB4,1.02,90,Random Forest,2021-10-06,0,1,-0.0346199618170117
ITUB4,1.02,90,SVC,2021-10-06,0,1,-0.0346199618170117
ITUB4,1.02,90,RNA,2021-10-07,1,1,0.0279805604028346
ITUB4,1.02,90,Random Forest,2021-10-07,1,1,0.0279805604028346
ITUB4,1.02,90,SVC,2021-10-07,1,1,0.0279805604028346
ITUB4,1.02,90,RNA,2021-10-08,0,1,0.0073230430745487
ITUB4,1.02,90,Random Forest,2021-10-08,0,1,0.0073230430745487
ITUB4,1.02,90,SVC,2021-10-08,0,1,0.0073230430745487
ITUB4,1.02,90,RNA,2021-10-11,1,1,0.0308641902280213
ITUB4,1.02,90,Random Forest,2021-10-11,1,1,0.0308641902280213
ITUB4,1.02,90,SVC,2021-10-11,1,1,0.0308641902280213
ITUB4,1.02,90,RNA,2021-10-13,1,0,0.0253786199605245
ITUB4,1.02,90,Random Forest,2021-10-13,1,1,0.0253786199605245
ITUB4,1.02,90,SVC,2021-10-13,1,1,0.0253786199605245
ITUB4,1.02,90,RNA,2021-10-14,1,0,0.0342691861970516
ITUB4,1.02,90,Random Forest,2021-10-14,1,1,0.0342691861970516
ITUB4,1.02,90,SVC,2021-10-14,1,1,0.0342691861970516
ITUB4,1.02,90,RNA,2021-10-15,1,1,0.023189617837914
ITUB4,1.02,90,Random Forest,2021-10-15,1,1,0.023189617837914
ITUB4,1.02,90,SVC,2021-10-15,1,1,0.023189617837914
ITUB4,1.02,90,RNA,2021-10-18,0,1,-0.0469635439941812
ITUB4,1.02,90,Random Forest,2021-10-18,0,0,-0.0469635439941812
ITUB4,1.02,90,SVC,2021-10-18,0,1,-0.0469635439941812
ITUB4,1.02,90,RNA,2021-10-19,1,1,0.024439935114723
ITUB4,1.02,90,Random Forest,2021-10-19,1,1,0.024439935114723
ITUB4,1.02,90,SVC,2021-10-19,1,1,0.024439935114723
ITUB4,1.02,90,RNA,2021-10-20,1,1,0.0315832846173529
ITUB4,1.02,90,Random Forest,2021-10-20,1,1,0.0315832846173529
ITUB4,1.02,90,SVC,2021-10-20,1,1,0.0315832846173529
ITUB4,1.02,90,RNA,2021-10-21,0,0,-0.0082918607861871
ITUB4,1.02,90,Random Forest,2021-10-21,0,0,-0.0082918607861871
ITUB4,1.02,90,SVC,2021-10-21,0,1,-0.0082918607861871
ITUB4,1.02,90,RNA,2021-10-22,1,1,0.0325306495736845
ITUB4,1.02,90,Random Forest,2021-10-22,1,1,0.0325306495736845
ITUB4,1.02,90,SVC,2021-10-22,1,1,0.0325306495736845
ITUB4,1.02,90,RNA,2021-10-25,1,1,0.0316589790915677
ITUB4,1.02,90,Random Forest,2021-10-25,1,1,0.0316589790915677
ITUB4,1.02,90,SVC,2021-10-25,1,1,0.0316589790915677
ITUB4,1.02,90,RNA,2021-10-26,1,1,0.0234506059498256
ITUB4,1.02,90,Random Forest,2021-10-26,1,1,0.0234506059498256
ITUB4,1.02,90,SVC,2021-10-26,1,1,0.0234506059498256
ITUB4,1.02,90,RNA,2021-10-27,1,1,0.0514930535614301
ITUB4,1.02,90,Random Forest,2021-10-27,1,1,0.0514930535614301
ITUB4,1.02,90,SVC,2021-10-27,1,1,0.0514930535614301
ITUB4,1.02,90,RNA,2021-10-28,1,1,0.0396341430290116
ITUB4,1.02,90,Random Forest,2021-10-28,1,1,0.0396341430290116
ITUB4,1.02,90,SVC,2021-10-28,1,1,0.0396341430290116
ITUB4,1.02,90,RNA,2021-10-29,1,1,0.0489244873464975
ITUB4,1.02,90,Random Forest,2021-10-29,1,1,0.0489244873464975
ITUB4,1.02,90,SVC,2021-10-29,1,1,0.0489244873464975
ITUB4,1.02,90,RNA,2021-11-01,1,1,0.035818384436663
ITUB4,1.02,90,Random Forest,2021-11-01,1,1,0.035818384436663
ITUB4,1.02,90,SVC,2021-11-01,1,1,0.035818384436663
ITUB4,1.02,90,RNA,2021-11-03,0,1,-0.0796568810977264
ITUB4,1.02,90,Random Forest,2021-11-03,0,1,-0.0796568810977264
ITUB4,1.02,90,SVC,2021-11-03,0,1,-0.0796568810977264
ITUB4,1.02,90,RNA,2021-11-04,0,1,-0.0170212865038204
ITUB4,1.02,90,Random Forest,2021-11-04,0,1,-0.0170212865038204
ITUB4,1.02,90,SVC,2021-11-04,0,1,-0.0170212865038204
ITUB4,1.02,90,RNA,2021-11-05,1,1,0.0320175690689543
ITUB4,1.02,90,Random Forest,2021-11-05,1,1,0.0320175690689543
ITUB4,1.02,90,SVC,2021-11-05,1,1,0.0320175690689543
ITUB4,1.02,90,RNA,2021-11-08,1,1,0.0293088475990188
ITUB4,1.02,90,Random Forest,2021-11-08,1,1,0.0293088475990188
ITUB4,1.02,90,SVC,2021-11-08,1,1,0.0293088475990188
ITUB4,1.02,90,RNA,2021-11-09,1,1,0.0443852907718325
ITUB4,1.02,90,Random Forest,2021-11-09,1,1,0.0443852907718325
ITUB4,1.02,90,SVC,2021-11-09,1,1,0.0443852907718325
ITUB4,1.02,90,RNA,2021-11-10,0,1,-0.0247546374733381
ITUB4,1.02,90,Random Forest,2021-11-10,0,1,-0.0247546374733381
ITUB4,1.02,90,SVC,2021-11-10,0,1,-0.0247546374733381
ITUB4,1.02,90,RNA,2021-11-11,0,1,-0.0243161356008997
ITUB4,1.02,90,Random Forest,2021-11-11,0,1,-0.0243161356008997
ITUB4,1.02,90,SVC,2021-11-11,0,1,-0.0243161356008997
ITUB4,1.02,90,RNA,2021-11-12,0,1,-0.0346620071571147
ITUB4,1.02,90,Random Forest,2021-11-12,0,1,-0.0346620071571147
ITUB4,1.02,90,SVC,2021-11-12,0,1,-0.0346620071571147
ITUB4,1.02,90,RNA,2021-11-16,0,1,-0.0259394954502034
ITUB4,1.02,90,Random Forest,2021-11-16,0,0,-0.0259394954502034
ITUB4,1.02,90,SVC,2021-11-16,0,0,-0.0259394954502034
ITUB4,1.02,90,RNA,2021-11-17,0,1,-0.0043991574343631
ITUB4,1.02,90,Random Forest,2021-11-17,0,0,-0.0043991574343631
ITUB4,1.02,90,SVC,2021-11-17,0,0,-0.0043991574343631
ITUB4,1.02,90,RNA,2021-11-18,1,1,0.0468047693498809
ITUB4,1.02,90,Random Forest,2021-11-18,1,0,0.0468047693498809
ITUB4,1.02,90,SVC,2021-11-18,1,0,0.0468047693498809
ITUB4,1.02,90,RNA,2021-11-19,1,0,0.0672421066258708
ITUB4,1.02,90,Random Forest,2021-11-19,1,0,0.0672421066258708
ITUB4,1.02,90,SVC,2021-11-19,1,1,0.0672421066258708
ITUB4,1.02,90,RNA,2021-11-22,1,1,0.0557303067445305
ITUB4,1.02,90,Random Forest,2021-11-22,1,0,0.0557303067445305
ITUB4,1.02,90,SVC,2021-11-22,1,0,0.0557303067445305
ITUB4,1.02,90,RNA,2021-11-23,1,1,0.0576316950770274
ITUB4,1.02,90,Random Forest,2021-11-23,1,0,0.0576316950770274
ITUB4,1.02,90,SVC,2021-11-23,1,0,0.0576316950770274
ITUB4,1.02,90,RNA,2021-11-24,0,1,-0.0311688217456753
ITUB4,1.02,90,Random Forest,2021-11-24,0,1,-0.0311688217456753
ITUB4,1.02,90,SVC,2021-11-24,0,1,-0.0311688217456753
ITUB4,1.02,90,RNA,2021-11-25,0,1,-0.0229549305509405
ITUB4,1.02,90,Random Forest,2021-11-25,0,1,-0.0229549305509405
ITUB4,1.02,90,SVC,2021-11-25,0,1,-0.0229549305509405
ITUB4,1.02,90,RNA,2021-11-26,0,1,0.0003557636285826
ITUB4,1.02,90,Random Forest,2021-11-26,0,1,0.0003557636285826
ITUB4,1.02,90,SVC,2021-11-26,0,1,0.0003557636285826
ITUB4,1.02,90,RNA,2021-11-29,1,1,0.041386057701706
ITUB4,1.02,90,Random Forest,2021-11-29,1,1,0.041386057701706
ITUB4,1.02,90,SVC,2021-11-29,1,1,0.041386057701706
ITUB4,1.02,90,RNA,2021-11-30,1,1,0.0536347572662667
ITUB4,1.02,90,Random Forest,2021-11-30,1,1,0.0536347572662667
ITUB4,1.02,90,SVC,2021-11-30,1,1,0.0536347572662667
ITUB4,1.02,90,RNA,2021-12-01,1,0,0.0592691172032591
ITUB4,1.02,90,Random Forest,2021-12-01,1,1,0.0592691172032591
ITUB4,1.02,90,SVC,2021-12-01,1,1,0.0592691172032591
ITUB4,1.02,90,RNA,2021-12-02,1,1,0.0348279988374164
ITUB4,1.02,90,Random Forest,2021-12-02,1,1,0.0348279988374164
ITUB4,1.02,90,SVC,2021-12-02,1,1,0.0348279988374164
ITUB4,1.02,90,RNA,2021-12-03,1,1,0.0290043383694278
ITUB4,1.02,90,Random Forest,2021-12-03,1,0,0.0290043383694278
ITUB4,1.02,90,SVC,2021-12-03,1,1,0.0290043383694278
ITUB4,1.02,90,RNA,2021-12-06,0,1,-0.0618120507258376
ITUB4,1.02,90,Random Forest,2021-12-06,0,1,-0.0618120507258376
ITUB4,1.02,90,SVC,2021-12-06,0,1,-0.0618120507258376
ITUB4,1.02,90,RNA,2021-12-07,0,1,-0.0658293419037054
ITUB4,1.02,90,Random Forest,2021-12-07,0,1,-0.0658293419037054
ITUB4,1.02,90,SVC,2021-12-07,0,1,-0.0658293419037054
ITUB4,1.02,90,RNA,2021-12-08,0,1,-0.0438981392036046
ITUB4,1.02,90,Random Forest,2021-12-08,0,0,-0.0438981392036046
ITUB4,1.02,90,SVC,2021-12-08,0,1,-0.0438981392036046
ITUB4,1.02,90,RNA,2021-12-09,0,0,-0.0255834812574191
ITUB4,1.02,90,Random Forest,2021-12-09,0,1,-0.0255834812574191
ITUB4,1.02,90,SVC,2021-12-09,0,1,-0.0255834812574191
ITUB4,1.02,90,RNA,2021-12-10,0,1,-0.0121621902796168
ITUB4,1.02,90,Random Forest,2021-12-10,0,0,-0.0121621902796168
ITUB4,1.02,90,SVC,2021-12-10,0,1,-0.0121621902796168
ITUB4,1.02,90,RNA,2021-12-13,0,1,-0.01424635624692
ITUB4,1.02,90,Random Forest,2021-12-13,0,0,-0.01424635624692
ITUB4,1.02,90,SVC,2021-12-13,0,1,-0.01424635624692
ITUB4,1.02,90,RNA,2021-12-14,0,1,-0.0360565563354642
ITUB4,1.02,90,Random Forest,2021-12-14,0,0,-0.0360565563354642
ITUB4,1.02,90,SVC,2021-12-14,0,1,-0.0360565563354642
ITUB4,1.02,90,RNA,2021-12-15,0,0,-0.0342465322563038
ITUB4,1.02,90,Random Forest,2021-12-15,0,0,-0.0342465322563038
ITUB4,1.02,90,SVC,2021-12-15,0,1,-0.0342465322563038
ITUB4,1.02,90,RNA,2021-12-16,0,1,-0.01849281430975
ITUB4,1.02,90,Random Forest,2021-12-16,0,0,-0.01849281430975
ITUB4,1.02,90,SVC,2021-12-16,0,1,-0.01849281430975
ITUB4,1.02,90,RNA,2021-12-17,0,1,-0.0065177060386053
ITUB4,1.02,90,Random Forest,2021-12-17,0,0,-0.0065177060386053
ITUB4,1.02,90,SVC,2021-12-17,0,0,-0.0065177060386053
ITUB4,1.02,90,RNA,2021-12-20,1,0,0.024067948070755
ITUB4,1.02,90,Random Forest,2021-12-20,1,0,0.024067948070755
ITUB4,1.02,90,SVC,2021-12-20,1,0,0.024067948070755
ITUB4,1.02,90,RNA,2021-12-21,1,1,0.0221384703628604
ITUB4,1.02,90,Random Forest,2021-12-21,1,0,0.0221384703628604
ITUB4,1.02,90,SVC,2021-12-21,1,0,0.0221384703628604
ITUB4,1.02,90,RNA,2021-12-22,0,0,-0.0014064730560553
ITUB4,1.02,90,Random Forest,2021-12-22,0,1,-0.0014064730560553
ITUB4,1.02,90,SVC,2021-12-22,0,0,-0.0014064730560553
ITUB4,1.02,90,RNA,2021-12-23,0,0,-0.0246741099822024
ITUB4,1.02,90,Random Forest,2021-12-23,0,0,-0.0246741099822024
ITUB4,1.02,90,SVC,2021-12-23,0,1,-0.0246741099822024
ITUB4,1.02,90,RNA,2021-12-27,0,1,-0.0047098264950297
ITUB4,1.02,90,Random Forest,2021-12-27,0,0,-0.0047098264950297
ITUB4,1.02,90,SVC,2021-12-27,0,0,-0.0047098264950297
ITUB4,1.02,90,RNA,2021-12-28,1,0,0.0310585903132063
ITUB4,1.02,90,Random Forest,2021-12-28,1,0,0.0310585903132063
ITUB4,1.02,90,SVC,2021-12-28,1,0,0.0310585903132063
ITUB4,1.02,90,RNA,2021-12-29,1,0,0.0372539890194989
ITUB4,1.02,90,Random Forest,2021-12-29,1,0,0.0372539890194989
ITUB4,1.02,90,SVC,2021-12-29,1,0,0.0372539890194989
ITUB4,1.02,90,RNA,2021-12-30,1,1,0.0505431701703291
ITUB4,1.02,90,Random Forest,2021-12-30,1,1,0.0505431701703291
ITUB4,1.02,90,SVC,2021-12-30,1,1,0.0505431701703291
ITUB4,1.02,90,RNA,2022-01-03,1,1,0.0476410159453579
ITUB4,1.02,90,Random Forest,2022-01-03,1,0,0.0476410159453579
ITUB4,1.02,90,SVC,2022-01-03,1,1,0.0476410159453579
ITUB4,1.02,90,RNA,2022-01-04,1,0,0.0357628155006652
ITUB4,1.02,90,Random Forest,2022-01-04,1,0,0.0357628155006652
ITUB4,1.02,90,SVC,2022-01-04,1,1,0.0357628155006652
ITUB4,1.02,90,RNA,2022-01-05,1,0,0.0790203321696605
ITUB4,1.02,90,Random Forest,2022-01-05,1,1,0.0790203321696605
ITUB4,1.02,90,SVC,2022-01-05,1,1,0.0790203321696605
ITUB4,1.02,90,RNA,2022-01-06,1,1,0.0638297664373066
ITUB4,1.02,90,Random Forest,2022-01-06,1,1,0.0638297664373066
ITUB4,1.02,90,SVC,2022-01-06,1,1,0.0638297664373066
ITUB4,1.02,90,RNA,2022-01-07,1,1,0.0553832041285577
ITUB4,1.02,90,Random Forest,2022-01-07,1,1,0.0553832041285577
ITUB4,1.02,90,SVC,2022-01-07,1,1,0.0553832041285577
ITUB4,1.02,90,RNA,2022-01-10,1,0,0.0465115934802304
ITUB4,1.02,90,Random Forest,2022-01-10,1,1,0.0465115934802304
ITUB4,1.02,90,SVC,2022-01-10,1,1,0.0465115934802304
ITUB4,1.02,90,RNA,2022-01-11,1,0,0.025365427611935
ITUB4,1.02,90,Random Forest,2022-01-11,1,1,0.025365427611935
ITUB4,1.02,90,SVC,2022-01-11,1,1,0.025365427611935
ITUB4,1.02,90,RNA,2022-01-12,1,1,0.0376786879734858
ITUB4,1.02,90,Random Forest,2022-01-12,1,1,0.0376786879734858
ITUB4,1.02,90,SVC,2022-01-12,1,1,0.0376786879734858
ITUB4,1.02,90,RNA,2022-01-13,1,1,0.0216376556504924
ITUB4,1.02,90,Random Forest,2022-01-13,1,1,0.0216376556504924
ITUB4,1.02,90,SVC,2022-01-13,1,1,0.0216376556504924
ITUB4,1.02,90,RNA,2022-01-14,1,1,0.0264279757789476
ITUB4,1.02,90,Random Forest,2022-01-14,1,1,0.0264279757789476
ITUB4,1.02,90,SVC,2022-01-14,1,1,0.0264279757789476
ITUB4,1.02,90,RNA,2022-01-17,1,0,0.0294997666235299
ITUB4,1.02,90,Random Forest,2022-01-17,1,1,0.0294997666235299
ITUB4,1.02,90,SVC,2022-01-17,1,1,0.0294997666235299
ITUB4,1.02,90,RNA,2022-01-18,0,0,-0.0230898283165588
ITUB4,1.02,90,Random Forest,2022-01-18,0,1,-0.0230898283165588
ITUB4,1.02,90,SVC,2022-01-18,0,1,-0.0230898283165588
ITUB4,1.02,90,RNA,2022-01-19,1,1,0.0259133646413598
ITUB4,1.02,90,Random Forest,2022-01-19,1,1,0.0259133646413598
ITUB4,1.02,90,SVC,2022-01-19,1,1,0.0259133646413598
ITUB4,1.02,90,RNA,2022-01-20,1,1,0.0569456819757006
ITUB4,1.02,90,Random Forest,2022-01-20,1,1,0.0569456819757006
ITUB4,1.02,90,SVC,2022-01-20,1,1,0.0569456819757006
ITUB4,1.02,90,RNA,2022-01-21,1,0,0.0672376933559397
ITUB4,1.02,90,Random Forest,2022-01-21,1,1,0.0672376933559397
ITUB4,1.02,90,SVC,2022-01-21,1,1,0.0672376933559397
ITUB4,1.02,90,RNA,2022-01-24,1,1,0.0806591279141182
ITUB4,1.02,90,Random Forest,2022-01-24,1,1,0.0806591279141182
ITUB4,1.02,90,SVC,2022-01-24,1,1,0.0806591279141182
ITUB4,1.02,90,RNA,2022-01-25,1,1,0.0484997812699279
ITUB4,1.02,90,Random Forest,2022-01-25,1,1,0.0484997812699279
ITUB4,1.02,90,SVC,2022-01-25,1,1,0.0484997812699279
ITUB4,1.02,90,RNA,2022-01-26,1,1,0.049731276264443
ITUB4,1.02,90,Random Forest,2022-01-26,1,0,0.049731276264443
ITUB4,1.02,90,SVC,2022-01-26,1,1,0.049731276264443
ITUB4,1.02,90,RNA,2022-01-27,1,1,0.064069473566501
ITUB4,1.02,90,Random Forest,2022-01-27,1,0,0.064069473566501
ITUB4,1.02,90,SVC,2022-01-27,1,1,0.064069473566501
ITUB4,1.02,90,RNA,2022-01-28,1,1,0.0420721099886232
ITUB4,1.02,90,Random Forest,2022-01-28,1,1,0.0420721099886232
ITUB4,1.02,90,SVC,2022-01-28,1,1,0.0420721099886232
ITUB4,1.02,90,RNA,2022-01-31,0,1,0.0067220436394803
ITUB4,1.02,90,Random Forest,2022-01-31,0,1,0.0067220436394803
ITUB4,1.02,90,SVC,2022-01-31,0,1,0.0067220436394803
ITUB4,1.02,90,RNA,2022-02-01,0,1,-0.0058892889288928
ITUB4,1.02,90,Random Forest,2022-02-01,0,1,-0.0058892889288928
ITUB4,1.02,90,SVC,2022-02-01,0,1,-0.0058892889288928
ITUB4,1.02,90,RNA,2022-02-02,1,1,0.0222222281681947
ITUB4,1.02,90,Random Forest,2022-02-02,1,1,0.0222222281681947
ITUB4,1.02,90,SVC,2022-02-02,1,1,0.0222222281681947
ITUB4,1.02,90,RNA,2022-02-03,1,1,0.0206022553640792
ITUB4,1.02,90,Random Forest,2022-02-03,1,1,0.0206022553640792
ITUB4,1.02,90,SVC,2022-02-03,1,1,0.0206022553640792
ITUB4,1.02,90,RNA,2022-02-04,0,1,-0.015717111492743
ITUB4,1.02,90,Random Forest,2022-02-04,0,1,-0.015717111492743
ITUB4,1.02,90,SVC,2022-02-04,0,1,-0.015717111492743
ITUB4,1.02,90,RNA,2022-02-07,1,1,0.0680379628667453
ITUB4,1.02,90,Random Forest,2022-02-07,1,1,0.0680379628667453
ITUB4,1.02,90,SVC,2022-02-07,1,1,0.0680379628667453
ITUB4,1.02,90,RNA,2022-02-08,1,0,0.0821643226999038
ITUB4,1.02,90,Random Forest,2022-02-08,1,0,0.0821643226999038
ITUB4,1.02,90,SVC,2022-02-08,1,1,0.0821643226999038
ITUB4,1.02,90,RNA,2022-02-09,1,1,0.0997963502340921
ITUB4,1.02,90,Random Forest,2022-02-09,1,1,0.0997963502340921
ITUB4,1.02,90,SVC,2022-02-09,1,1,0.0997963502340921
ITUB4,1.02,90,RNA,2022-02-10,1,1,0.024667910809637
ITUB4,1.02,90,Random Forest,2022-02-10,1,0,0.024667910809637
ITUB4,1.02,90,SVC,2022-02-10,1,1,0.024667910809637
ITUB4,1.02,90,RNA,2022-02-11,0,0,-0.0199247764467103
ITUB4,1.02,90,Random Forest,2022-02-11,0,1,-0.0199247764467103
ITUB4,1.02,90,SVC,2022-02-11,0,1,-0.0199247764467103
ITUB4,1.02,90,RNA,2022-02-14,0,1,-0.0235074318756265
ITUB4,1.02,90,Random Forest,2022-02-14,0,1,-0.0235074318756265
ITUB4,1.02,90,SVC,2022-02-14,0,1,-0.0235074318756265
ITUB4,1.02,90,RNA,2022-02-15,0,1,-0.0466766308714334
ITUB4,1.02,90,Random Forest,2022-02-15,0,1,-0.0466766308714334
ITUB4,1.02,90,SVC,2022-02-15,0,1,-0.0466766308714334
ITUB4,1.02,90,RNA,2022-02-16,0,1,-0.0240991402402619
ITUB4,1.02,90,Random Forest,2022-02-16,0,1,-0.0240991402402619
ITUB4,1.02,90,SVC,2022-02-16,0,1,-0.0240991402402619
ITUB4,1.02,90,RNA,2022-02-17,0,0,-0.0311369219655965
ITUB4,1.02,90,Random Forest,2022-02-17,0,1,-0.0311369219655965
ITUB4,1.02,90,SVC,2022-02-17,0,1,-0.0311369219655965
ITUB4,1.02,90,RNA,2022-02-18,0,1,-0.0479084674639354
ITUB4,1.02,90,Random Forest,2022-02-18,0,1,-0.0479084674639354
ITUB4,1.02,90,SVC,2022-02-18,0,1,-0.0479084674639354
ITUB4,1.02,90,RNA,2022-02-21,0,0,-0.010873782220349
ITUB4,1.02,90,Random Forest,2022-02-21,0,1,-0.010873782220349
ITUB4,1.02,90,SVC,2022-02-21,0,1,-0.010873782220349
ITUB4,1.02,90,RNA,2022-02-22,0,1,-0.0280419803855617
ITUB4,1.02,90,Random Forest,2022-02-22,0,1,-0.0280419803855617
ITUB4,1.02,90,SVC,2022-02-22,0,1,-0.0280419803855617
ITUB4,1.02,90,RNA,2022-02-23,1,1,0.0451687520653039
ITUB4,1.02,90,Random Forest,2022-02-23,1,0,0.0451687520653039
ITUB4,1.02,90,SVC,2022-02-23,1,1,0.0451687520653039
ITUB4,1.02,90,RNA,2022-02-24,1,1,0.0401256799484976
ITUB4,1.02,90,Random Forest,2022-02-24,1,1,0.0401256799484976
ITUB4,1.02,90,SVC,2022-02-24,1,1,0.0401256799484976
ITUB4,1.02,90,RNA,2022-02-25,1,0,0.0270162697164091
ITUB4,1.02,90,Random Forest,2022-02-25,1,0,0.0270162697164091
ITUB4,1.02,90,SVC,2022-02-25,1,1,0.0270162697164091
ITUB4,1.02,90,RNA,2022-03-02,1,1,0.0323482470863125
ITUB4,1.02,90,Random Forest,2022-03-02,1,0,0.0323482470863125
ITUB4,1.02,90,SVC,2022-03-02,1,1,0.0323482470863125
ITUB4,1.02,90,RNA,2022-03-03,0,0,0.0011966216512069
ITUB4,1.02,90,Random Forest,2022-03-03,0,0,0.0011966216512069
ITUB4,1.02,90,SVC,2022-03-03,0,1,0.0011966216512069
ITUB4,1.02,90,RNA,2022-03-04,1,0,0.0428512824656532
ITUB4,1.02,90,Random Forest,2022-03-04,1,0,0.0428512824656532
ITUB4,1.02,90,SVC,2022-03-04,1,1,0.0428512824656532
ITUB4,1.02,90,RNA,2022-03-07,1,0,0.0561287825794227
ITUB4,1.02,90,Random Forest,2022-03-07,1,0,0.0561287825794227
ITUB4,1.02,90,SVC,2022-03-07,1,0,0.0561287825794227
ITUB4,1.02,90,RNA,2022-03-08,1,1,0.0570012551511909
ITUB4,1.02,90,Random Forest,2022-03-08,1,1,0.0570012551511909
ITUB4,1.02,90,SVC,2022-03-08,1,1,0.0570012551511909
ITUB4,1.02,90,RNA,2022-03-09,1,0,0.0343573189920463
ITUB4,1.02,90,Random Forest,2022-03-09,1,1,0.0343573189920463
ITUB4,1.02,90,SVC,2022-03-09,1,1,0.0343573189920463
ITUB4,1.02,90,RNA,2022-03-10,0,0,0.0142687174217719
ITUB4,1.02,90,Random Forest,2022-03-10,0,1,0.0142687174217719
ITUB4,1.02,90,SVC,2022-03-10,0,1,0.0142687174217719
ITUB4,1.02,90,RNA,2022-03-11,1,1,0.0467625841187866
ITUB4,1.02,90,Random Forest,2022-03-11,1,1,0.0467625841187866
ITUB4,1.02,90,SVC,2022-03-11,1,1,0.0467625841187866
ITUB4,1.02,90,RNA,2022-03-14,1,0,0.0593388926517088
ITUB4,1.02,90,Random Forest,2022-03-14,1,1,0.0593388926517088
ITUB4,1.02,90,SVC,2022-03-14,1,1,0.0593388926517088
ITUB4,1.02,90,RNA,2022-03-15,1,0,0.0686390571528654
ITUB4,1.02,90,Random Forest,2022-03-15,1,1,0.0686390571528654
ITUB4,1.02,90,SVC,2022-03-15,1,1,0.0686390571528654
ITUB4,1.02,90,RNA,2022-03-16,1,1,0.0737129205725104
ITUB4,1.02,90,Random Forest,2022-03-16,1,1,0.0737129205725104
ITUB4,1.02,90,SVC,2022-03-16,1,1,0.0737129205725104
ITUB4,1.02,90,RNA,2022-03-17,1,0,0.0594097715633445
ITUB4,1.02,90,Random Forest,2022-03-17,1,1,0.0594097715633445
ITUB4,1.02,90,SVC,2022-03-17,1,1,0.0594097715633445
ITUB4,1.02,90,RNA,2022-03-18,1,1,0.0487897032316011
ITUB4,1.02,90,Random Forest,2022-03-18,1,1,0.0487897032316011
ITUB4,1.02,90,SVC,2022-03-18,1,1,0.0487897032316011
ITUB4,1.02,90,RNA,2022-03-21,0,1,0.0099264884657097
ITUB4,1.02,90,Random Forest,2022-03-21,0,0,0.0099264884657097
ITUB4,1.02,90,SVC,2022-03-21,0,1,0.0099264884657097
ITUB4,1.02,90,RNA,2022-03-22,0,0,0.0021905789418816
ITUB4,1.02,90,Random Forest,2022-03-22,0,0,0.0021905789418816
ITUB4,1.02,90,SVC,2022-03-22,0,1,0.0021905789418816
ITUB4,1.02,90,RNA,2022-03-23,1,0,0.027442376051892
ITUB4,1.02,90,Random Forest,2022-03-23,1,0,0.027442376051892
ITUB4,1.02,90,SVC,2022-03-23,1,1,0.027442376051892
ITUB4,1.02,90,RNA,2022-03-24,1,0,0.0203488222705303
ITUB4,1.02,90,Random Forest,2022-03-24,1,0,0.0203488222705303
ITUB4,1.02,90,SVC,2022-03-24,1,1,0.0203488222705303
ITUB4,1.02,90,RNA,2022-03-25,0,0,-0.002178647639214
ITUB4,1.02,90,Random Forest,2022-03-25,0,1,-0.002178647639214
ITUB4,1.02,90,SVC,2022-03-25,0,1,-0.002178647639214
ITUB4,1.02,90,RNA,2022-03-28,0,0,-0.0054964919587053
ITUB4,1.02,90,Random Forest,2022-03-28,0,0,-0.0054964919587053
ITUB4,1.02,90,SVC,2022-03-28,0,1,-0.0054964919587053
ITUB4,1.02,90,RNA,2022-03-29,0,0,-0.0191260467010287
ITUB4,1.02,90,Random Forest,2022-03-29,0,0,-0.0191260467010287
ITUB4,1.02,90,SVC,2022-03-29,0,1,-0.0191260467010287
ITUB4,1.02,90,RNA,2022-03-30,0,0,-0.0402733956983835
ITUB4,1.02,90,Random Forest,2022-03-30,0,0,-0.0402733956983835
ITUB4,1.02,90,SVC,2022-03-30,0,0,-0.0402733956983835
ITUB4,1.02,90,RNA,2022-03-31,0,1,-0.035018065908836
ITUB4,1.02,90,Random Forest,2022-03-31,0,0,-0.035018065908836
ITUB4,1.02,90,SVC,2022-03-31,0,1,-0.035018065908836
ITUB4,1.02,90,RNA,2022-04-01,0,1,-0.0269581373545115
ITUB4,1.02,90,Random Forest,2022-04-01,0,0,-0.0269581373545115
ITUB4,1.02,90,SVC,2022-04-01,0,0,-0.0269581373545115
ITUB4,1.02,90,RNA,2022-04-04,0,0,-0.020932810595951
ITUB4,1.02,90,Random Forest,2022-04-04,0,0,-0.020932810595951
ITUB4,1.02,90,SVC,2022-04-04,0,0,-0.020932810595951
ITUB4,1.02,90,RNA,2022-04-05,0,1,-0.0003763504021335
ITUB4,1.02,90,Random Forest,2022-04-05,0,0,-0.0003763504021335
ITUB4,1.02,90,SVC,2022-04-05,0,0,-0.0003763504021335
ITUB4,1.02,90,RNA,2022-04-06,0,0,-0.0158431009522819
ITUB4,1.02,90,Random Forest,2022-04-06,0,0,-0.0158431009522819
ITUB4,1.02,90,SVC,2022-04-06,0,0,-0.0158431009522819
ITUB4,1.02,90,RNA,2022-04-07,0,0,-0.0150602412691489
ITUB4,1.02,90,Random Forest,2022-04-07,0,0,-0.0150602412691489
ITUB4,1.02,90,SVC,2022-04-07,0,1,-0.0150602412691489
ITUB4,1.02,90,RNA,2022-04-08,0,0,-0.0101503546906058
ITUB4,1.02,90,Random Forest,2022-04-08,0,0,-0.0101503546906058
ITUB4,1.02,90,SVC,2022-04-08,0,0,-0.0101503546906058
ITUB4,1.02,90,RNA,2022-04-11,0,0,-0.0119403085524354
ITUB4,1.02,90,Random Forest,2022-04-11,0,0,-0.0119403085524354
ITUB4,1.02,90,SVC,2022-04-11,0,0,-0.0119403085524354
ITUB4,1.02,90,RNA,2022-04-12,0,1,-0.0102739512031623
ITUB4,1.02,90,Random Forest,2022-04-12,0,0,-0.0102739512031623
ITUB4,1.02,90,SVC,2022-04-12,0,0,-0.0102739512031623
ITUB4,1.02,90,RNA,2022-04-13,1,0,0.0207134714159142
ITUB4,1.02,90,Random Forest,2022-04-13,1,0,0.0207134714159142
ITUB4,1.02,90,SVC,2022-04-13,1,1,0.0207134714159142
ITUB4,1.02,90,RNA,2022-04-14,0,1,-0.0217225270188895
ITUB4,1.02,90,Random Forest,2022-04-14,0,0,-0.0217225270188895
ITUB4,1.02,90,SVC,2022-04-14,0,1,-0.0217225270188895
ITUB4,1.02,90,RNA,2022-04-18,0,0,-0.0358220153171914
ITUB4,1.02,90,Random Forest,2022-04-18,0,0,-0.0358220153171914
ITUB4,1.02,90,SVC,2022-04-18,0,0,-0.0358220153171914
ITUB4,1.02,90,RNA,2022-04-19,0,0,-0.0507301934568943
ITUB4,1.02,90,Random Forest,2022-04-19,0,0,-0.0507301934568943
ITUB4,1.02,90,SVC,2022-04-19,0,1,-0.0507301934568943
ITUB4,1.02,90,RNA,2022-04-20,0,1,-0.0540540287712879
ITUB4,1.02,90,Random Forest,2022-04-20,0,0,-0.0540540287712879
ITUB4,1.02,90,SVC,2022-04-20,0,1,-0.0540540287712879
ITUB4,1.02,90,RNA,2022-04-22,0,1,-0.0470588241504158
ITUB4,1.02,90,Random Forest,2022-04-22,0,0,-0.0470588241504158
ITUB4,1.02,90,SVC,2022-04-22,0,0,-0.0470588241504158
ITUB4,1.02,90,RNA,2022-04-25,0,0,-0.0550277017137272
ITUB4,1.02,90,Random Forest,2022-04-25,0,0,-0.0550277017137272
ITUB4,1.02,90,SVC,2022-04-25,0,0,-0.0550277017137272
ITUB4,1.02,90,RNA,2022-04-26,0,0,-0.0489169900846493
ITUB4,1.02,90,Random Forest,2022-04-26,0,0,-0.0489169900846493
ITUB4,1.02,90,SVC,2022-04-26,0,0,-0.0489169900846493
ITUB4,1.02,90,RNA,2022-04-27,0,0,-0.0253915709313881
ITUB4,1.02,90,Random Forest,2022-04-27,0,1,-0.0253915709313881
ITUB4,1.02,90,SVC,2022-04-27,0,0,-0.0253915709313881
ITUB4,1.02,90,RNA,2022-04-28,1,0,0.0200327360666732
ITUB4,1.02,90,Random Forest,2022-04-28,1,1,0.0200327360666732
ITUB4,1.02,90,SVC,2022-04-28,1,0,0.0200327360666732
ITUB4,1.02,90,RNA,2022-04-29,0,0,-0.0242982478976204
ITUB4,1.02,90,Random Forest,2022-04-29,0,1,-0.0242982478976204
ITUB4,1.02,90,SVC,2022-04-29,0,0,-0.0242982478976204
ITUB4,1.02,90,RNA,2022-05-02,0,0,-0.0004201811034244
ITUB4,1.02,90,Random Forest,2022-05-02,0,1,-0.0004201811034244
ITUB4,1.02,90,SVC,2022-05-02,0,0,-0.0004201811034244
ITUB4,1.02,90,RNA,2022-05-03,0,1,-0.0130471465289693
ITUB4,1.02,90,Random Forest,2022-05-03,0,1,-0.0130471465289693
ITUB4,1.02,90,SVC,2022-05-03,0,0,-0.0130471465289693
ITUB4,1.02,90,RNA,2022-05-04,1,0,0.0267062045527981
ITUB4,1.02,90,Random Forest,2022-05-04,1,0,0.0267062045527981
ITUB4,1.02,90,SVC,2022-05-04,1,0,0.0267062045527981
ITUB4,1.02,90,RNA,2022-05-05,1,0,0.0403779885571777
ITUB4,1.02,90,Random Forest,2022-05-05,1,0,0.0403779885571777
ITUB4,1.02,90,SVC,2022-05-05,1,0,0.0403779885571777
ITUB4,1.02,90,RNA,2022-05-06,1,1,0.0391744157072504
ITUB4,1.02,90,Random Forest,2022-05-06,1,0,0.0391744157072504
ITUB4,1.02,90,SVC,2022-05-06,1,1,0.0391744157072504
ITUB4,1.02,90,RNA,2022-05-09,1,1,0.0563798031783684
ITUB4,1.02,90,Random Forest,2022-05-09,1,1,0.0563798031783684
ITUB4,1.02,90,SVC,2022-05-09,1,1,0.0563798031783684
ITUB4,1.02,90,RNA,2022-05-10,1,1,0.0825492205086841
ITUB4,1.02,90,Random Forest,2022-05-10,1,1,0.0825492205086841
ITUB4,1.02,90,SVC,2022-05-10,1,1,0.0825492205086841
ITUB4,1.02,90,RNA,2022-05-11,1,1,0.0706226484780316
ITUB4,1.02,90,Random Forest,2022-05-11,1,1,0.0706226484780316
ITUB4,1.02,90,SVC,2022-05-11,1,1,0.0706226484780316
ITUB4,1.02,90,RNA,2022-05-12,1,1,0.0376670973056056
ITUB4,1.02,90,Random Forest,2022-05-12,1,1,0.0376670973056056
ITUB4,1.02,90,SVC,2022-05-12,1,1,0.0376670973056056
ITUB4,1.02,90,RNA,2022-05-13,1,1,0.0309859022282708
ITUB4,1.02,90,Random Forest,2022-05-13,1,1,0.0309859022282708
ITUB4,1.02,90,SVC,2022-05-13,1,1,0.0309859022282708
ITUB4,1.02,90,RNA,2022-05-16,0,1,-0.009069416839149
ITUB4,1.02,90,Random Forest,2022-05-16,0,1,-0.009069416839149
ITUB4,1.02,90,SVC,2022-05-16,0,1,-0.009069416839149
ITUB4,1.02,90,RNA,2022-05-17,1,0,0.0325655239541964
ITUB4,1.02,90,Random Forest,2022-05-17,1,1,0.0325655239541964
ITUB4,1.02,90,SVC,2022-05-17,1,1,0.0325655239541964
ITUB4,1.02,90,RNA,2022-05-18,1,0,0.055377198528993
ITUB4,1.02,90,Random Forest,2022-05-18,1,0,0.055377198528993
ITUB4,1.02,90,SVC,2022-05-18,1,1,0.055377198528993
ITUB4,1.02,90,RNA,2022-05-19,1,1,0.0482263808902363
ITUB4,1.02,90,Random Forest,2022-05-19,1,1,0.0482263808902363
ITUB4,1.02,90,SVC,2022-05-19,1,1,0.0482263808902363
ITUB4,1.02,90,RNA,2022-05-20,1,1,0.0399367510682473
ITUB4,1.02,90,Random Forest,2022-05-20,1,1,0.0399367510682473
ITUB4,1.02,90,SVC,2022-05-20,1,1,0.0399367510682473
ITUB4,1.02,90,RNA,2022-05-23,1,1,0.0288162039864163
ITUB4,1.02,90,Random Forest,2022-05-23,1,1,0.0288162039864163
ITUB4,1.02,90,SVC,2022-05-23,1,1,0.0288162039864163
ITUB4,1.02,90,RNA,2022-05-24,0,1,-0.0049904030313762
ITUB4,1.02,90,Random Forest,2022-05-24,0,1,-0.0049904030313762
ITUB4,1.02,90,SVC,2022-05-24,0,1,-0.0049904030313762
ITUB4,1.02,90,RNA,2022-05-25,1,0,0.0275942683981698
ITUB4,1.02,90,Random Forest,2022-05-25,1,0,0.0275942683981698
ITUB4,1.02,90,SVC,2022-05-25,1,1,0.0275942683981698
ITUB4,1.02,90,RNA,2022-05-26,0,1,-0.0100762791903735
ITUB4,1.02,90,Random Forest,2022-05-26,0,1,-0.0100762791903735
ITUB4,1.02,90,SVC,2022-05-26,0,1,-0.0100762791903735
ITUB4,1.02,90,RNA,2022-05-27,0,0,-0.0137995024253322
ITUB4,1.02,90,Random Forest,2022-05-27,0,0,-0.0137995024253322
ITUB4,1.02,90,SVC,2022-05-27,0,1,-0.0137995024253322
ITUB4,1.02,90,RNA,2022-05-30,0,0,-0.0203310780095277
ITUB4,1.02,90,Random Forest,2022-05-30,0,0,-0.0203310780095277
ITUB4,1.02,90,SVC,2022-05-30,0,0,-0.0203310780095277
ITUB4,1.02,90,RNA,2022-05-31,0,0,-0.0277672243527614
ITUB4,1.02,90,Random Forest,2022-05-31,0,0,-0.0277672243527614
ITUB4,1.02,90,SVC,2022-05-31,0,0,-0.0277672243527614
ITUB4,1.02,90,RNA,2022-06-01,0,0,-0.0176786889121048
ITUB4,1.02,90,Random Forest,2022-06-01,0,0,-0.0176786889121048
ITUB4,1.02,90,SVC,2022-06-01,0,0,-0.0176786889121048
ITUB4,1.02,90,RNA,2022-06-02,0,0,-0.026407777815245
ITUB4,1.02,90,Random Forest,2022-06-02,0,0,-0.026407777815245
ITUB4,1.02,90,SVC,2022-06-02,0,0,-0.026407777815245
ITUB4,1.02,90,RNA,2022-06-03,0,0,-0.0468085250204608
ITUB4,1.02,90,Random Forest,2022-06-03,0,0,-0.0468085250204608
ITUB4,1.02,90,SVC,2022-06-03,0,0,-0.0468085250204608
ITUB4,1.02,90,RNA,2022-06-06,0,0,-0.0537888035915916
ITUB4,1.02,90,Random Forest,2022-06-06,0,0,-0.0537888035915916
ITUB4,1.02,90,SVC,2022-06-06,0,0,-0.0537888035915916
ITUB4,1.02,90,RNA,2022-06-07,0,0,-0.0644400406712316
ITUB4,1.02,90,Random Forest,2022-06-07,0,0,-0.0644400406712316
ITUB4,1.02,90,SVC,2022-06-07,0,0,-0.0644400406712316
ITUB4,1.02,90,RNA,2022-06-08,0,0,-0.0562649363477463
ITUB4,1.02,90,Random Forest,2022-06-08,0,0,-0.0562649363477463
ITUB4,1.02,90,SVC,2022-06-08,0,0,-0.0562649363477463
ITUB4,1.02,90,RNA,2022-06-09,0,0,-0.032192312455432
ITUB4,1.02,90,Random Forest,2022-06-09,0,1,-0.032192312455432
ITUB4,1.02,90,SVC,2022-06-09,0,1,-0.032192312455432
ITUB4,1.02,90,RNA,2022-06-10,0,0,-0.0229166936191477
ITUB4,1.02,90,Random Forest,2022-06-10,0,1,-0.0229166936191477
ITUB4,1.02,90,SVC,2022-06-10,0,1,-0.0229166936191477
ITUB4,1.02,90,RNA,2022-06-13,1,1,0.0289672784292056
ITUB4,1.02,90,Random Forest,2022-06-13,1,1,0.0289672784292056
ITUB4,1.02,90,SVC,2022-06-13,1,0,0.0289672784292056
ITUB4,1.02,90,RNA,2022-06-14,1,1,0.0305184092137662
ITUB4,1.02,90,Random Forest,2022-06-14,1,0,0.0305184092137662
ITUB4,1.02,90,SVC,2022-06-14,1,1,0.0305184092137662
ITUB4,1.02,90,RNA,2022-06-15,1,1,0.0561268433615489
ITUB4,1.02,90,Random Forest,2022-06-15,1,0,0.0561268433615489
ITUB4,1.02,90,SVC,2022-06-15,1,1,0.0561268433615489
ITUB4,1.02,90,RNA,2022-06-17,1,1,0.045377459659613
ITUB4,1.02,90,Random Forest,2022-06-17,1,1,0.045377459659613
ITUB4,1.02,90,SVC,2022-06-17,1,1,0.045377459659613
ITUB4,1.02,90,RNA,2022-06-20,0,1,-0.0456026274335767
ITUB4,1.02,90,Random Forest,2022-06-20,0,1,-0.0456026274335767
ITUB4,1.02,90,SVC,2022-06-20,0,1,-0.0456026274335767
ITUB4,1.02,90,RNA,2022-06-21,0,1,-0.0284301836254713
ITUB4,1.02,90,Random Forest,2022-06-21,0,1,-0.0284301836254713
ITUB4,1.02,90,SVC,2022-06-21,0,1,-0.0284301836254713
ITUB4,1.02,90,RNA,2022-06-22,0,1,-0.0307564126464507
ITUB4,1.02,90,Random Forest,2022-06-22,0,1,-0.0307564126464507
ITUB4,1.02,90,SVC,2022-06-22,0,1,-0.0307564126464507
ITUB4,1.02,90,RNA,2022-06-23,0,1,-0.0257492468736639
ITUB4,1.02,90,Random Forest,2022-06-23,0,1,-0.0257492468736639
ITUB4,1.02,90,SVC,2022-06-23,0,1,-0.0257492468736639
ITUB4,1.02,90,RNA,2022-06-24,0,1,-0.0365490852532083
ITUB4,1.02,90,Random Forest,2022-06-24,0,0,-0.0365490852532083
ITUB4,1.02,90,SVC,2022-06-24,0,1,-0.0365490852532083
ITUB4,1.02,90,RNA,2022-06-27,0,1,-0.0363331442232922
ITUB4,1.02,90,Random Forest,2022-06-27,0,0,-0.0363331442232922
ITUB4,1.02,90,SVC,2022-06-27,0,1,-0.0363331442232922
ITUB4,1.02,90,RNA,2022-06-28,0,0,-0.0350386772035582
ITUB4,1.02,90,Random Forest,2022-06-28,0,0,-0.0350386772035582
ITUB4,1.02,90,SVC,2022-06-28,0,1,-0.0350386772035582
ITUB4,1.02,90,RNA,2022-06-29,0,0,-0.0005360591833839
ITUB4,1.02,90,Random Forest,2022-06-29,0,0,-0.0005360591833839
ITUB4,1.02,90,SVC,2022-06-29,0,0,-0.0005360591833839
ITUB4,1.02,90,RNA,2022-06-30,1,1,0.0291218372710995
ITUB4,1.02,90,Random Forest,2022-06-30,1,0,0.0291218372710995
ITUB4,1.02,90,SVC,2022-06-30,1,0,0.0291218372710995
ITUB4,1.02,90,RNA,2022-07-01,0,0,0.0101455908189715
ITUB4,1.02,90,Random Forest,2022-07-01,0,0,0.0101455908189715
ITUB4,1.02,90,SVC,2022-07-01,0,0,0.0101455908189715
ITUB4,1.02,90,RNA,2022-07-04,1,0,0.0337777822878626
ITUB4,1.02,90,Random Forest,2022-07-04,1,0,0.0337777822878626
ITUB4,1.02,90,SVC,2022-07-04,1,0,0.0337777822878626
ITUB4,1.02,90,RNA,2022-07-05,1,0,0.0287483155109851
ITUB4,1.02,90,Random Forest,2022-07-05,1,0,0.0287483155109851
ITUB4,1.02,90,SVC,2022-07-05,1,0,0.0287483155109851
ITUB4,1.02,90,RNA,2022-07-06,1,0,0.0206230933054667
ITUB4,1.02,90,Random Forest,2022-07-06,1,0,0.0206230933054667
ITUB4,1.02,90,SVC,2022-07-06,1,0,0.0206230933054667
ITUB4,1.02,90,RNA,2022-07-07,0,0,-0.0357296566372041
ITUB4,1.02,90,Random Forest,2022-07-07,0,1,-0.0357296566372041
ITUB4,1.02,90,SVC,2022-07-07,0,1,-0.0357296566372041
ITUB4,1.02,90,RNA,2022-07-08,0,1,-0.0194777031141839
ITUB4,1.02,90,Random Forest,2022-07-08,0,0,-0.0194777031141839
ITUB4,1.02,90,SVC,2022-07-08,0,1,-0.0194777031141839
ITUB4,1.02,90,RNA,2022-07-11,0,0,0.0008876944070723
ITUB4,1.02,90,Random Forest,2022-07-11,0,0,0.0008876944070723
ITUB4,1.02,90,SVC,2022-07-11,0,1,0.0008876944070723
ITUB4,1.02,90,RNA,2022-07-12,1,1,0.027703327439519
ITUB4,1.02,90,Random Forest,2022-07-12,1,0,0.027703327439519
ITUB4,1.02,90,SVC,2022-07-12,1,1,0.027703327439519
ITUB4,1.02,90,RNA,2022-07-13,1,1,0.0697569357639433
ITUB4,1.02,90,Random Forest,2022-07-13,1,0,0.0697569357639433
ITUB4,1.02,90,SVC,2022-07-13,1,1,0.0697569357639433
ITUB4,1.02,90,RNA,2022-07-14,1,1,0.0707207336925679
ITUB4,1.02,90,Random Forest,2022-07-14,1,0,0.0707207336925679
ITUB4,1.02,90,SVC,2022-07-14,1,1,0.0707207336925679
ITUB4,1.02,90,RNA,2022-07-15,1,1,0.0480599381722823
ITUB4,1.02,90,Random Forest,2022-07-15,1,1,0.0480599381722823
ITUB4,1.02,90,SVC,2022-07-15,1,1,0.0480599381722823
ITUB4,1.02,90,RNA,2022-07-18,1,1,0.0411738595981889
ITUB4,1.02,90,Random Forest,2022-07-18,1,1,0.0411738595981889
ITUB4,1.02,90,SVC,2022-07-18,1,1,0.0411738595981889
ITUB4,1.02,90,RNA,2022-07-19,0,1,0.004255324256154
ITUB4,1.02,90,Random Forest,2022-07-19,0,1,0.004255324256154
ITUB4,1.02,90,SVC,2022-07-19,0,1,0.004255324256154
ITUB4,1.02,90,RNA,2022-07-20,1,0,0.0266323228257965
ITUB4,1.02,90,Random Forest,2022-07-20,1,1,0.0266323228257965
ITUB4,1.02,90,SVC,2022-07-20,1,1,0.0266323228257965
ITUB4,1.02,90,RNA,2022-07-21,0,0,-0.0021186465998106
ITUB4,1.02,90,Random Forest,2022-07-21,0,1,-0.0021186465998106
ITUB4,1.02,90,SVC,2022-07-21,0,1,-0.0021186465998106
ITUB4,1.02,90,RNA,2022-07-22,1,1,0.0213675471223346
ITUB4,1.02,90,Random Forest,2022-07-22,1,1,0.0213675471223346
ITUB4,1.02,90,SVC,2022-07-22,1,1,0.0213675471223346
ITUB4,1.02,90,RNA,2022-07-25,0,0,-0.0004232140944956
ITUB4,1.02,90,Random Forest,2022-07-25,0,1,-0.0004232140944956
ITUB4,1.02,90,SVC,2022-07-25,0,1,-0.0004232140944956
ITUB4,1.02,90,RNA,2022-07-26,0,0,-0.0056077149238341
ITUB4,1.02,90,Random Forest,2022-07-26,0,1,-0.0056077149238341
ITUB4,1.02,90,SVC,2022-07-26,0,1,-0.0056077149238341
ITUB4,1.02,90,RNA,2022-07-27,0,1,0.0079716593133929
ITUB4,1.02,90,Random Forest,2022-07-27,0,0,0.0079716593133929
ITUB4,1.02,90,SVC,2022-07-27,0,1,0.0079716593133929
ITUB4,1.02,90,RNA,2022-07-28,0,1,0.0070707841604975
ITUB4,1.02,90,Random Forest,2022-07-28,0,0,0.0070707841604975
ITUB4,1.02,90,SVC,2022-07-28,0,0,0.0070707841604975
ITUB4,1.02,90,RNA,2022-07-29,1,0,0.0301886611959589
ITUB4,1.02,90,Random Forest,2022-07-29,1,1,0.0301886611959589
ITUB4,1.02,90,SVC,2022-07-29,1,0,0.0301886611959589
ITUB4,1.02,90,RNA,2022-08-01,1,1,0.0634786543870638
ITUB4,1.02,90,Random Forest,2022-08-01,1,0,0.0634786543870638
ITUB4,1.02,90,SVC,2022-08-01,1,0,0.0634786543870638
ITUB4,1.02,90,RNA,2022-08-02,1,1,0.0670886062330078
ITUB4,1.02,90,Random Forest,2022-08-02,1,1,0.0670886062330078
ITUB4,1.02,90,SVC,2022-08-02,1,0,0.0670886062330078
ITUB4,1.02,90,RNA,2022-08-03,1,0,0.0927234899623232
ITUB4,1.02,90,Random Forest,2022-08-03,1,0,0.0927234899623232
ITUB4,1.02,90,SVC,2022-08-03,1,0,0.0927234899623232
ITUB4,1.02,90,RNA,2022-08-04,1,1,0.0820743380437973
ITUB4,1.02,90,Random Forest,2022-08-04,1,0,0.0820743380437973
ITUB4,1.02,90,SVC,2022-08-04,1,1,0.0820743380437973
ITUB4,1.02,90,RNA,2022-08-05,1,0,0.0677831098024766
ITUB4,1.02,90,Random Forest,2022-08-05,1,1,0.0677831098024766
ITUB4,1.02,90,SVC,2022-08-05,1,1,0.0677831098024766
ITUB4,1.02,90,RNA,2022-08-08,1,0,0.0288018546589094
ITUB4,1.02,90,Random Forest,2022-08-08,1,1,0.0288018546589094
ITUB4,1.02,90,SVC,2022-08-08,1,1,0.0288018546589094
ITUB4,1.02,90,RNA,2022-08-09,1,0,0.0363149885336344
ITUB4,1.02,90,Random Forest,2022-08-09,1,1,0.0363149885336344
ITUB4,1.02,90,SVC,2022-08-09,1,1,0.0363149885336344
ITUB4,1.02,90,RNA,2022-08-10,1,0,0.0270371595578606
ITUB4,1.02,90,Random Forest,2022-08-10,1,0,0.0270371595578606
ITUB4,1.02,90,SVC,2022-08-10,1,0,0.0270371595578606
ITUB4,1.02,90,RNA,2022-08-11,1,0,0.0334712302411992
ITUB4,1.02,90,Random Forest,2022-08-11,1,0,0.0334712302411992
ITUB4,1.02,90,SVC,2022-08-11,1,1,0.0334712302411992
ITUB4,1.02,90,RNA,2022-08-12,1,0,0.0447988082143453
ITUB4,1.02,90,Random Forest,2022-08-12,1,1,0.0447988082143453
ITUB4,1.02,90,SVC,2022-08-12,1,0,0.0447988082143453
ITUB4,1.02,90,RNA,2022-08-15,1,1,0.0215293180264566
ITUB4,1.02,90,Random Forest,2022-08-15,1,1,0.0215293180264566
ITUB4,1.02,90,SVC,2022-08-15,1,1,0.0215293180264566
ITUB4,1.02,90,RNA,2022-08-16,0,1,-0.0162703106305197
ITUB4,1.02,90,Random Forest,2022-08-16,0,1,-0.0162703106305197
ITUB4,1.02,90,SVC,2022-08-16,0,1,-0.0162703106305197
ITUB4,1.02,90,RNA,2022-08-17,0,1,-0.0244632343440613
ITUB4,1.02,90,Random Forest,2022-08-17,0,1,-0.0244632343440613
ITUB4,1.02,90,SVC,2022-08-17,0,1,-0.0244632343440613
ITUB4,1.02,90,RNA,2022-08-18,0,1,-0.010447767475726
ITUB4,1.02,90,Random Forest,2022-08-18,0,1,-0.010447767475726
ITUB4,1.02,90,SVC,2022-08-18,0,1,-0.010447767475726
ITUB4,1.02,90,RNA,2022-08-19,0,0,0.0170454359817622
ITUB4,1.02,90,Random Forest,2022-08-19,0,0,0.0170454359817622
ITUB4,1.02,90,SVC,2022-08-19,0,1,0.0170454359817622
ITUB4,1.02,90,RNA,2022-08-22,1,0,0.0299810061675065
ITUB4,1.02,90,Random Forest,2022-08-22,1,0,0.0299810061675065
ITUB4,1.02,90,SVC,2022-08-22,1,1,0.0299810061675065
ITUB4,1.02,90,RNA,2022-08-23,1,0,0.0299810061675065
ITUB4,1.02,90,Random Forest,2022-08-23,1,0,0.0299810061675065
ITUB4,1.02,90,SVC,2022-08-23,1,0,0.0299810061675065
ITUB4,1.02,90,RNA,2022-08-24,0,0,-0.00488537720023
ITUB4,1.02,90,Random Forest,2022-08-24,0,0,-0.00488537720023
ITUB4,1.02,90,SVC,2022-08-24,0,1,-0.00488537720023
ITUB4,1.02,90,RNA,2022-08-25,0,1,-0.040520448370624
ITUB4,1.02,90,Random Forest,2022-08-25,0,1,-0.040520448370624
ITUB4,1.02,90,SVC,2022-08-25,0,1,-0.040520448370624
ITUB4,1.02,90,RNA,2022-08-26,0,1,-0.0125122042816372
ITUB4,1.02,90,Random Forest,2022-08-26,0,0,-0.0125122042816372
ITUB4,1.02,90,SVC,2022-08-26,0,0,-0.0125122042816372
ITUB4,1.02,90,RNA,2022-08-29,0,1,-0.0053098970989149
ITUB4,1.02,90,Random Forest,2022-08-29,0,0,-0.0053098970989149
ITUB4,1.02,90,SVC,2022-08-29,0,0,-0.0053098970989149
ITUB4,1.02,90,RNA,2022-08-30,1,1,0.0220794488641768
ITUB4,1.02,90,Random Forest,2022-08-30,1,0,0.0220794488641768
ITUB4,1.02,90,SVC,2022-08-30,1,0,0.0220794488641768
ITUB4,1.02,90,RNA,2022-08-31,1,1,0.0448963798566997
ITUB4,1.02,90,Random Forest,2022-08-31,1,0,0.0448963798566997
ITUB4,1.02,90,SVC,2022-08-31,1,0,0.0448963798566997
ITUB4,1.02,90,RNA,2022-09-01,1,1,0.0333965877061461
ITUB4,1.02,90,Random Forest,2022-09-01,1,1,0.0333965877061461
ITUB4,1.02,90,SVC,2022-09-01,1,1,0.0333965877061461
ITUB4,1.02,90,RNA,2022-09-02,1,0,0.0221471151764578
ITUB4,1.02,90,Random Forest,2022-09-02,1,1,0.0221471151764578
ITUB4,1.02,90,SVC,2022-09-02,1,1,0.0221471151764578
ITUB4,1.02,90,RNA,2022-09-05,1,0,0.0232209403372787
ITUB4,1.02,90,Random Forest,2022-09-05,1,1,0.0232209403372787
ITUB4,1.02,90,SVC,2022-09-05,1,1,0.0232209403372787
ITUB4,1.02,90,RNA,2022-09-06,0,0,-0.0037174668044412
ITUB4,1.02,90,Random Forest,2022-09-06,0,1,-0.0037174668044412
ITUB4,1.02,90,SVC,2022-09-06,0,1,-0.0037174668044412
ITUB4,1.02,90,RNA,2022-09-08,1,0,0.0232209403372787
ITUB4,1.02,90,Random Forest,2022-09-08,1,1,0.0232209403372787
ITUB4,1.02,90,SVC,2022-09-08,1,1,0.0232209403372787
ITUB4,1.02,90,RNA,2022-09-09,0,0,-0.0085185063855031
ITUB4,1.02,90,Random Forest,2022-09-09,0,1,-0.0085185063855031
ITUB4,1.02,90,SVC,2022-09-09,0,1,-0.0085185063855031
ITUB4,1.02,90,RNA,2022-09-12,0,0,-0.0074404655456176
ITUB4,1.02,90,Random Forest,2022-09-12,0,1,-0.0074404655456176
ITUB4,1.02,90,SVC,2022-09-12,0,1,-0.0074404655456176
ITUB4,1.02,90,RNA,2022-09-13,1,0,0.039640979866611
ITUB4,1.02,90,Random Forest,2022-09-13,1,1,0.039640979866611
ITUB4,1.02,90,SVC,2022-09-13,1,1,0.039640979866611
ITUB4,1.02,90,RNA,2022-09-14,1,1,0.0762298055066221
ITUB4,1.02,90,Random Forest,2022-09-14,1,0,0.0762298055066221
ITUB4,1.02,90,SVC,2022-09-14,1,1,0.0762298055066221
ITUB4,1.02,90,RNA,2022-09-15,1,1,0.0781955291287419
ITUB4,1.02,90,Random Forest,2022-09-15,1,1,0.0781955291287419
ITUB4,1.02,90,SVC,2022-09-15,1,1,0.0781955291287419
ITUB4,1.02,90,RNA,2022-09-16,1,1,0.0898158828769895
ITUB4,1.02,90,Random Forest,2022-09-16,1,1,0.0898158828769895
ITUB4,1.02,90,SVC,2022-09-16,1,1,0.0898158828769895
ITUB4,1.02,90,RNA,2022-09-19,1,0,0.0424155154093417
ITUB4,1.02,90,Random Forest,2022-09-19,1,1,0.0424155154093417
ITUB4,1.02,90,SVC,2022-09-19,1,1,0.0424155154093417
ITUB4,1.02,90,RNA,2022-09-20,0,1,-0.0283216839796895
ITUB4,1.02,90,Random Forest,2022-09-20,0,1,-0.0283216839796895
ITUB4,1.02,90,SVC,2022-09-20,0,1,-0.0283216839796895
ITUB4,1.02,90,RNA,2022-09-21,0,0,-0.0370759401198994
ITUB4,1.02,90,Random Forest,2022-09-21,0,1,-0.0370759401198994
ITUB4,1.02,90,SVC,2022-09-21,0,1,-0.0370759401198994
ITUB4,1.02,90,RNA,2022-09-22,0,1,-0.0309859187811997
ITUB4,1.02,90,Random Forest,2022-09-22,0,1,-0.0309859187811997
ITUB4,1.02,90,SVC,2022-09-22,0,1,-0.0309859187811997
ITUB4,1.02,90,RNA,2022-09-23,0,0,-0.0071098370832829
ITUB4,1.02,90,Random Forest,2022-09-23,0,0,-0.0071098370832829
ITUB4,1.02,90,SVC,2022-09-23,0,1,-0.0071098370832829
ITUB4,1.02,90,RNA,2022-09-26,0,0,0.0028591810669964
ITUB4,1.02,90,Random Forest,2022-09-26,0,0,0.0028591810669964
ITUB4,1.02,90,SVC,2022-09-26,0,1,0.0028591810669964
ITUB4,1.02,90,RNA,2022-09-27,1,1,0.0804475099369617
ITUB4,1.02,90,Random Forest,2022-09-27,1,0,0.0804475099369617
ITUB4,1.02,90,SVC,2022-09-27,1,0,0.0804475099369617
ITUB4,1.02,90,RNA,2022-09-28,1,1,0.100838121628203
ITUB4,1.02,90,Random Forest,2022-09-28,1,1,0.100838121628203
ITUB4,1.02,90,SVC,2022-09-28,1,0,0.100838121628203
ITUB4,1.02,90,RNA,2022-09-29,1,1,0.0869835998300745
ITUB4,1.02,90,Random Forest,2022-09-29,1,1,0.0869835998300745
ITUB4,1.02,90,SVC,2022-09-29,1,0,0.0869835998300745
ITUB4,1.02,90,RNA,2022-09-30,1,1,0.0493227056935587
ITUB4,1.02,90,Random Forest,2022-09-30,1,0,0.0493227056935587
ITUB4,1.02,90,SVC,2022-09-30,1,0,0.0493227056935587
ITUB4,1.02,90,RNA,2022-10-03,0,0,-0.0216883899160162
ITUB4,1.02,90,Random Forest,2022-10-03,0,0,-0.0216883899160162
ITUB4,1.02,90,SVC,2022-10-03,0,0,-0.0216883899160162
ITUB4,1.02,90,RNA,2022-10-04,0,1,-0.0287914252056065
ITUB4,1.02,90,Random Forest,2022-10-04,0,0,-0.0287914252056065
ITUB4,1.02,90,SVC,2022-10-04,0,1,-0.0287914252056065
ITUB4,1.02,90,RNA,2022-10-05,0,1,-0.0364548274555773
ITUB4,1.02,90,Random Forest,2022-10-05,0,0,-0.0364548274555773
ITUB4,1.02,90,SVC,2022-10-05,0,0,-0.0364548274555773
ITUB4,1.02,90,RNA,2022-10-06,0,0,-0.0191780647837552
ITUB4,1.02,90,Random Forest,2022-10-06,0,0,-0.0191780647837552
ITUB4,1.02,90,SVC,2022-10-06,0,0,-0.0191780647837552
ITUB4,1.02,90,RNA,2022-10-07,0,1,-0.0281546882763017
ITUB4,1.02,90,Random Forest,2022-10-07,0,0,-0.0281546882763017
ITUB4,1.02,90,SVC,2022-10-07,0,0,-0.0281546882763017
ITUB4,1.02,90,RNA,2022-10-10,0,1,-0.0006920638001016
ITUB4,1.02,90,Random Forest,2022-10-10,0,0,-0.0006920638001016
ITUB4,1.02,90,SVC,2022-10-10,0,0,-0.0006920638001016
ITUB4,1.02,90,RNA,2022-10-11,1,1,0.0382456374808437
ITUB4,1.02,90,Random Forest,2022-10-11,1,0,0.0382456374808437
ITUB4,1.02,90,SVC,2022-10-11,1,0,0.0382456374808437
ITUB4,1.02,90,RNA,2022-10-13,1,0,0.0351304604197713
ITUB4,1.02,90,Random Forest,2022-10-13,1,0,0.0351304604197713
ITUB4,1.02,90,SVC,2022-10-13,1,0,0.0351304604197713
ITUB4,1.02,90,RNA,2022-10-14,1,1,0.0452660595772733
ITUB4,1.02,90,Random Forest,2022-10-14,1,0,0.0452660595772733
ITUB4,1.02,90,SVC,2022-10-14,1,0,0.0452660595772733
ITUB4,1.02,90,RNA,2022-10-17,1,0,0.0675767969956944
ITUB4,1.02,90,Random Forest,2022-10-17,1,0,0.0675767969956944
ITUB4,1.02,90,SVC,2022-10-17,1,0,0.0675767969956944
ITUB4,1.02,90,RNA,2022-10-18,1,0,0.0581867288869737
ITUB4,1.02,90,Random Forest,2022-10-18,1,1,0.0581867288869737
ITUB4,1.02,90,SVC,2022-10-18,1,1,0.0581867288869737
ITUB4,1.02,90,RNA,2022-10-19,1,1,0.0496644276200199
ITUB4,1.02,90,Random Forest,2022-10-19,1,0,0.0496644276200199
ITUB4,1.02,90,SVC,2022-10-19,1,0,0.0496644276200199
ITUB4,1.02,90,RNA,2022-10-20,1,1,0.0451052363415873
ITUB4,1.02,90,Random Forest,2022-10-20,1,0,0.0451052363415873
ITUB4,1.02,90,SVC,2022-10-20,1,1,0.0451052363415873
ITUB4,1.02,90,RNA,2022-10-21,0,1,-0.0486854687298442
ITUB4,1.02,90,Random Forest,2022-10-21,0,0,-0.0486854687298442
ITUB4,1.02,90,SVC,2022-10-21,0,1,-0.0486854687298442
ITUB4,1.02,90,RNA,2022-10-24,0,1,-0.0037099348777994
ITUB4,1.02,90,Random Forest,2022-10-24,0,0,-0.0037099348777994
ITUB4,1.02,90,SVC,2022-10-24,0,1,-0.0037099348777994
ITUB4,1.02,90,RNA,2022-10-25,1,0,0.0541379386771145
ITUB4,1.02,90,Random Forest,2022-10-25,1,0,0.0541379386771145
ITUB4,1.02,90,SVC,2022-10-25,1,1,0.0541379386771145
ITUB4,1.02,90,RNA,2022-10-26,1,0,0.0755131899057708
ITUB4,1.02,90,Random Forest,2022-10-26,1,0,0.0755131899057708
ITUB4,1.02,90,SVC,2022-10-26,1,1,0.0755131899057708
ITUB4,1.02,90,RNA,2022-10-27,1,1,0.0718312142974715
ITUB4,1.02,90,Random Forest,2022-10-27,1,1,0.0718312142974715
ITUB4,1.02,90,SVC,2022-10-27,1,1,0.0718312142974715
ITUB4,1.02,90,RNA,2022-10-28,1,1,0.0795927558282927
ITUB4,1.02,90,Random Forest,2022-10-28,1,0,0.0795927558282927
ITUB4,1.02,90,SVC,2022-10-28,1,1,0.0795927558282927
ITUB4,1.02,90,RNA,2022-10-31,0,1,-0.0432257963905406
ITUB4,1.02,90,Random Forest,2022-10-31,0,1,-0.0432257963905406
ITUB4,1.02,90,SVC,2022-10-31,0,1,-0.0432257963905406
ITUB4,1.02,90,RNA,2022-11-01,1,1,0.0309999840621133
ITUB4,1.02,90,Random Forest,2022-11-01,1,0,0.0309999840621133
ITUB4,1.02,90,SVC,2022-11-01,1,1,0.0309999840621133
ITUB4,1.02,90,RNA,2022-11-03,0,1,-0.0827631366627924
ITUB4,1.02,90,Random Forest,2022-11-03,0,0,-0.0827631366627924
ITUB4,1.02,90,SVC,2022-11-03,0,1,-0.0827631366627924
ITUB4,1.02,90,RNA,2022-11-04,0,0,-0.0814765459901348
ITUB4,1.02,90,Random Forest,2022-11-04,0,1,-0.0814765459901348
ITUB4,1.02,90,SVC,2022-11-04,0,1,-0.0814765459901348
ITUB4,1.02,90,RNA,2022-11-07,0,0,-0.0923599290187667
ITUB4,1.02,90,Random Forest,2022-11-07,0,1,-0.0923599290187667
ITUB4,1.02,90,SVC,2022-11-07,0,1,-0.0923599290187667
ITUB4,1.02,90,RNA,2022-11-08,0,0,-0.070132593843848
ITUB4,1.02,90,Random Forest,2022-11-08,0,1,-0.070132593843848
ITUB4,1.02,90,SVC,2022-11-08,0,1,-0.070132593843848
ITUB4,1.02,90,RNA,2022-11-09,1,1,0.0307017512011433
ITUB4,1.02,90,Random Forest,2022-11-09,1,1,0.0307017512011433
ITUB4,1.02,90,SVC,2022-11-09,1,1,0.0307017512011433
ITUB4,1.02,90,RNA,2022-11-10,0,0,-0.0560714029941342
ITUB4,1.02,90,Random Forest,2022-11-10,0,0,-0.0560714029941342
ITUB4,1.02,90,SVC,2022-11-10,0,1,-0.0560714029941342
ITUB4,1.02,90,RNA,2022-11-11,0,1,-0.0151570733155699
ITUB4,1.02,90,Random Forest,2022-11-11,0,1,-0.0151570733155699
ITUB4,1.02,90,SVC,2022-11-11,0,1,-0.0151570733155699
ITUB4,1.02,90,RNA,2022-11-14,0,1,0.0026266413526514
ITUB4,1.02,90,Random Forest,2022-11-14,0,1,0.0026266413526514
ITUB4,1.02,90,SVC,2022-11-14,0,0,0.0026266413526514
ITUB4,1.02,90,RNA,2022-11-16,1,0,0.0482625506318836
ITUB4,1.02,90,Random Forest,2022-11-16,1,1,0.0482625506318836
ITUB4,1.02,90,SVC,2022-11-16,1,0,0.0482625506318836
ITUB4,1.02,90,RNA,2022-11-17,0,1,-0.0254776693928883
ITUB4,1.02,90,Random Forest,2022-11-17,0,0,-0.0254776693928883
ITUB4,1.02,90,SVC,2022-11-17,0,0,-0.0254776693928883
ITUB4,1.02,90,RNA,2022-11-18,0,0,-0.0022222289808758
ITUB4,1.02,90,Random Forest,2022-11-18,0,1,-0.0022222289808758
ITUB4,1.02,90,SVC,2022-11-18,0,1,-0.0022222289808758
ITUB4,1.02,90,RNA,2022-11-21,0,1,-0.0302238985766061
ITUB4,1.02,90,Random Forest,2022-11-21,0,0,-0.0302238985766061
ITUB4,1.02,90,SVC,2022-11-21,0,1,-0.0302238985766061
ITUB4,1.02,90,RNA,2022-11-22,1,0,0.0402453000445468
ITUB4,1.02,90,Random Forest,2022-11-22,1,0,0.0402453000445468
ITUB4,1.02,90,SVC,2022-11-22,1,1,0.0402453000445468
ITUB4,1.02,90,RNA,2022-11-23,1,0,0.035877888373387
ITUB4,1.02,90,Random Forest,2022-11-23,1,0,0.035877888373387
ITUB4,1.02,90,SVC,2022-11-23,1,1,0.035877888373387
ITUB4,1.02,90,RNA,2022-11-24,0,1,-0.0291262524861783
ITUB4,1.02,90,Random Forest,2022-11-24,0,0,-0.0291262524861783
ITUB4,1.02,90,SVC,2022-11-24,0,1,-0.0291262524861783
ITUB4,1.02,90,RNA,2022-11-25,0,1,-0.0039213686273763
ITUB4,1.02,90,Random Forest,2022-11-25,0,0,-0.0039213686273763
ITUB4,1.02,90,SVC,2022-11-25,0,1,-0.0039213686273763
ITUB4,1.02,90,RNA,2022-11-28,1,1,0.0441702038373874
ITUB4,1.02,90,Random Forest,2022-11-28,1,1,0.0441702038373874
ITUB4,1.02,90,SVC,2022-11-28,1,1,0.0441702038373874
ITUB4,1.02,90,RNA,2022-11-29,1,0,0.0336475443688606
ITUB4,1.02,90,Random Forest,2022-11-29,1,1,0.0336475443688606
ITUB4,1.02,90,SVC,2022-11-29,1,1,0.0336475443688606
ITUB4,1.02,90,RNA,2022-11-30,1,0,0.0406091129200307
ITUB4,1.02,90,Random Forest,2022-11-30,1,0,0.0406091129200307
ITUB4,1.02,90,SVC,2022-11-30,1,1,0.0406091129200307
ITUB4,1.02,90,RNA,2022-12-01,1,1,0.0222478013715869
ITUB4,1.02,90,Random Forest,2022-12-01,1,1,0.0222478013715869
ITUB4,1.02,90,SVC,2022-12-01,1,1,0.0222478013715869
ITUB4,1.02,90,RNA,2022-12-02,0,1,-0.041698555683857
ITUB4,1.02,90,Random Forest,2022-12-02,0,1,-0.041698555683857
ITUB4,1.02,90,SVC,2022-12-02,0,1,-0.041698555683857
ITUB4,1.02,90,RNA,2022-12-05,1,1,0.0237169673948818
ITUB4,1.02,90,Random Forest,2022-12-05,1,0,0.0237169673948818
ITUB4,1.02,90,SVC,2022-12-05,1,0,0.0237169673948818
ITUB4,1.02,90,RNA,2022-12-06,0,1,-0.0626624690407758
ITUB4,1.02,90,Random Forest,2022-12-06,0,0,-0.0626624690407758
ITUB4,1.02,90,SVC,2022-12-06,0,1,-0.0626624690407758
ITUB4,1.02,90,RNA,2022-12-07,0,0,-0.0833728953429828
ITUB4,1.02,90,Random Forest,2022-12-07,0,1,-0.0833728953429828
ITUB4,1.02,90,SVC,2022-12-07,0,1,-0.0833728953429828
ITUB4,1.02,90,RNA,2022-12-08,0,1,-0.0563209383013869
ITUB4,1.02,90,Random Forest,2022-12-08,0,1,-0.0563209383013869
ITUB4,1.02,90,SVC,2022-12-08,0,1,-0.0563209383013869
ITUB4,1.02,90,RNA,2022-12-09,0,1,-0.0370065386586278
ITUB4,1.02,90,Random Forest,2022-12-09,0,0,-0.0370065386586278
ITUB4,1.02,90,SVC,2022-12-09,0,1,-0.0370065386586278
ITUB4,1.02,90,RNA,2022-12-12,0,0,-0.0235051496291431
ITUB4,1.02,90,Random Forest,2022-12-12,0,1,-0.0235051496291431
ITUB4,1.02,90,SVC,2022-12-12,0,1,-0.0235051496291431
ITUB4,1.02,90,RNA,2022-12-13,1,0,0.0685290313984203
ITUB4,1.02,90,Random Forest,2022-12-13,1,0,0.0685290313984203
ITUB4,1.02,90,SVC,2022-12-13,1,1,0.0685290313984203
ITUB4,1.02,90,RNA,2022-12-14,1,1,0.0933159808040602
ITUB4,1.02,90,Random Forest,2022-12-14,1,1,0.0933159808040602
ITUB4,1.02,90,SVC,2022-12-14,1,1,0.0933159808040602
ITUB4,1.02,90,RNA,2022-12-15,1,1,0.0710033986858855
ITUB4,1.02,90,Random Forest,2022-12-15,1,1,0.0710033986858855
ITUB4,1.02,90,SVC,2022-12-15,1,1,0.0710033986858855
ITUB4,1.02,90,RNA,2022-12-16,1,1,0.0588482433466048
ITUB4,1.02,90,Random Forest,2022-12-16,1,1,0.0588482433466048
ITUB4,1.02,90,SVC,2022-12-16,1,1,0.0588482433466048
ITUB4,1.02,90,RNA,2022-12-19,1,1,0.0463304439520844
ITUB4,1.02,90,Random Forest,2022-12-19,1,1,0.0463304439520844
ITUB4,1.02,90,SVC,2022-12-19,1,1,0.0463304439520844
ITUB4,1.02,90,RNA,2022-12-20,1,0,0.031527887130295
ITUB4,1.02,90,Random Forest,2022-12-20,1,0,0.031527887130295
ITUB4,1.02,90,SVC,2022-12-20,1,1,0.031527887130295
ITUB4,1.02,90,RNA,2022-12-21,1,1,0.02944735715086
ITUB4,1.02,90,Random Forest,2022-12-21,1,1,0.02944735715086
ITUB4,1.02,90,SVC,2022-12-21,1,1,0.02944735715086
ITUB4,1.02,90,RNA,2022-12-22,0,0,0.0007990091436222
ITUB4,1.02,90,Random Forest,2022-12-22,0,1,0.0007990091436222
ITUB4,1.02,90,SVC,2022-12-22,0,1,0.0007990091436222
ITUB4,1.02,90,RNA,2022-12-23,1,0,0.0212424929761738
ITUB4,1.02,90,Random Forest,2022-12-23,1,1,0.0212424929761738
ITUB4,1.02,90,SVC,2022-12-23,1,1,0.0212424929761738
ITUB4,1.02,90,RNA,2022-12-26,0,0,
ITUB4,1.02,90,Random Forest,2022-12-26,0,1,
ITUB4,1.02,90,SVC,2022-12-26,0,0,
ITUB4,1.02,90,RNA,2022-12-27,0,0,
ITUB4,1.02,90,Random Forest,2022-12-27,0,0,
ITUB4,1.02,90,SVC,2022-12-27,0,1,
ITUB4,1.02,90,RNA,2022-12-28,0,1,
ITUB4,1.02,90,Random Forest,2022-12-28,0,1,
ITUB4,1.02,90,SVC,2022-12-28,0,1,
ITUB4,1.02,90,RNA,2022-12-29,0,1,
ITUB4,1.02,90,Random Forest,2022-12-29,0,0,
ITUB4,1.02,90,SVC,2022-12-29,0,1,
