data,PETR4_esmble_jan_tot,PETR4_rend_decisao_esmble_jan_tot,PETR4_esmble_jan_par,PETR4_rend_decisao_esmble_jan_par,PETR4_in_precision,PETR4_rend_decisao_in_precision,VALE3_esmble_jan_tot,VALE3_rend_decisao_esmble_jan_tot,VALE3_esmble_jan_par,VALE3_rend_decisao_esmble_jan_par,VALE3_in_precision,VALE3_rend_decisao_in_precision,ITUB4_esmble_jan_tot,ITUB4_rend_decisao_esmble_jan_tot,ITUB4_esmble_jan_par,ITUB4_rend_decisao_esmble_jan_par,ITUB4_in_precision,ITUB4_rend_decisao_in_precision
2020-06-04,1,0.0,1,0.0,1.0,0.0,1,0.0,1,0.0,1.0,0.0,0,0.0,1,0.0,1.0,0.0
2020-06-05,1,0.0331986179337594,1,0.0331986179337594,1.0,0.0331986179337594,0,0.0054974231525936,0,0.0054974231525936,0.0,0.0054974231525936,1,0.0,1,0.0191761487670174,1.0,0.0191761487670174
2020-06-08,1,0.0017738051012631,1,0.0017738051012631,1.0,0.0017738051012631,0,-0.0131228924336304,1,-0.0131228924336304,1.0,-0.0131228924336304,0,0.0315103223026373,0,0.0113636370456091,0.0,0.0113636370456091
2020-06-09,1,-0.0226163878772187,1,-0.0226163878772187,1.0,-0.0226163878772187,0,-0.0248270874482987,0,-0.0248270874482987,0.0,-0.0248270874482987,0,0.0,1,0.0028409242648047,0.0,0.0028409242648047
2020-06-10,1,-0.0288248548660854,1,-0.0288248548660854,1.0,-0.0288248548660854,0,-0.0211030360694077,0,-0.0211030360694077,0.0,-0.0211030360694077,0,0.0,1,0.0003551005296981,1.0,0.0003551005296981
2020-06-12,1,-0.0611973199346969,1,-0.0611973199346969,1.0,-0.0611973199346969,0,0.0,1,0.0,0.0,0.0,0,0.0,1,0.0177537598539687,1.0,0.0177537598539687
2020-06-15,1,0.0646137256506375,1,0.0646137256506375,1.0,0.0646137256506375,0,0.0,1,0.0367619070673876,0.0,0.0,1,0.0,1,0.0030876274246383,1.0,0.0030876274246383
2020-06-16,1,0.0162338751176302,1,0.0162338751176302,1.0,0.0162338751176302,0,0.0,1,0.0001802134355723,1.0,0.0,1,0.0026414756703956,1,0.0254727631904301,1.0,0.0254727631904301
2020-06-17,1,0.0134508359646275,1,0.0134508359646275,1.0,0.0134508359646275,0,0.0,1,0.017120216735658,1.0,0.017120216735658,1,0.016603734454785,1,0.0290297546787296,1.0,0.0290297546787296
2020-06-18,0,0.0097403250705782,1,0.0097403250705782,0.0,0.0097403250705782,1,0.0,1,0.0189223510913799,1.0,0.0189223510913799,0,0.0532075594671616,1,0.0532075594671616,1.0,0.0532075594671616
2020-06-19,1,0.0306123388057701,1,0.0306123388057701,1.0,0.0306123388057701,0,0.0047931744913224,0,0.0200036018829636,0.0,0.0200036018829636,0,0.0,1,0.0049822028528361,1.0,0.0049822028528361
2020-06-22,1,0.0,1,0.0,1.0,0.0,1,-0.0173974666504073,1,0.0,1.0,0.0,0,0.0,1,0.0049822028528361,0.0,0.0049822028528361
2020-06-23,1,0.021759269062189,1,0.021759269062189,1.0,0.021759269062189,0,0.0040830995916548,1,0.0185485534260842,1.0,0.0185485534260842,0,0.0,1,-0.0124555372029659,0.0,-0.0124555372029659
2020-06-24,1,0.0032571939088251,1,0.0032571939088251,1.0,0.0032571939088251,1,-0.0012426824844165,1,0.0131460447774961,1.0,0.0131460447774961,0,0.0,1,-0.0419928955751547,1.0,-0.0419928955751547
2020-06-25,1,-0.0009308056774138,1,-0.0009308056774138,1.0,-0.0009308056774138,0,0.0117117328787233,1,0.0111651547400479,0.0,0.0111651547400479,0,0.0,1,0.0115251270571308,1.0,0.0115251270571308
2020-06-26,1,-0.0009308056774138,1,-0.0009308056774138,1.0,-0.0009308056774138,0,0.0261261504090938,1,0.0255717848688812,1.0,0.0255717848688812,1,0.0,1,0.007299260121071,1.0,0.007299260121071
2020-06-29,1,0.007910596333771,1,0.007910596333771,1.0,0.007910596333771,0,0.0,1,0.0084776405737095,0.0,0.0084776405737095,0,0.0239381881135323,1,0.0188243871782019,1.0,0.0188243871782019
2020-06-30,1,0.0215558629271275,1,0.0215558629271275,1.0,0.0215558629271275,0,0.0,0,0.0198412966103825,0.0,0.0198412966103825,1,0.0,1,0.0107568112230984,1.0,0.0107568112230984
2020-07-01,1,0.0229884151079052,1,0.0229884151079052,1.0,0.0229884151079052,0,0.0,0,0.0115440320031082,0.0,0.0115440320031082,1,0.0238281212115293,1,0.0238281212115293,1.0,0.0238281212115293
2020-07-02,1,0.0049773653061096,1,0.0049773653061096,1.0,0.0049773653061096,0,0.0,0,0.005411278993056,0.0,0.005411278993056,1,0.0283018916026709,1,0.0283018916026709,1.0,0.0283018916026709
2020-07-03,0,0.003619998876977,1,0.003619998876977,1.0,0.003619998876977,0,0.0,0,0.0,0.0,0.0,0,0.0113679957083452,1,0.0113679957083452,0.0,0.0113679957083452
2020-07-06,1,0.0343891523900986,1,0.0343891523900986,1.0,0.0343891523900986,0,0.0,1,0.0,0.0,0.0,1,0.0553239855096487,1,0.0553239855096487,1.0,0.0553239855096487
2020-07-07,0,0.0058192835252721,1,0.0058192835252721,0.0,0.0058192835252721,0,0.0,0,0.0042298094487336,0.0,0.0,0,0.0102078163129991,0,0.0102078163129991,0.0,0.0102078163129991
2020-07-08,1,0.0188004842453176,1,0.0188004842453176,1.0,0.0188004842453176,0,0.0,0,0.0172717826757965,0.0,0.0,1,-0.0131243528522775,1,-0.0131243528522775,1.0,-0.0131243528522775
2020-07-09,0,0.0210385081005112,1,0.0210385081005112,1.0,0.0210385081005112,0,0.0,0,0.0165668095735301,0.0,0.0,1,-0.0094787129654168,1,-0.0094787129654168,1.0,-0.0094787129654168
2020-07-10,0,0.0,1,0.0207301535195901,0.0,0.0207301535195901,1,0.0,1,0.0098695942668643,1.0,0.0,0,-0.004374804808917,0,-0.004374804808917,0.0,-0.004374804808917
2020-07-13,0,0.0,1,0.0017692467872441,0.0,0.0,1,0.0258098307213415,1,0.0258098307213415,1.0,0.0258098307213415,0,0.0,1,0.0,0.0,0.0
2020-07-14,1,0.0,1,0.0154799797715373,1.0,0.0,0,0.0699240225338179,1,0.0699240225338179,1.0,0.0699240225338179,1,0.0,1,0.0250467107735576,1.0,0.0
2020-07-15,0,0.0099138380898263,1,0.0362672536887195,1.0,0.0099138380898263,0,0.0,1,0.0101123770397181,0.0,0.0101123770397181,0,0.0094407917170171,0,0.0094407917170171,0.0,0.0094407917170171
2020-07-16,0,0.0034482158802314,1,0.0051812568664504,0.0,0.0034482158802314,0,0.0,0,-0.009791321791919,0.0,-0.009791321791919,0,-0.0079884093978864,0,-0.0079884093978864,0.0,-0.0079884093978864
2020-07-17,1,-0.0073276761796528,1,-0.0056132460816762,1.0,-0.0073276761796528,0,0.0,0,-0.0168539263168245,0.0,-0.0168539263168245,1,-0.0050835221025581,1,-0.0050835221025581,1.0,-0.0050835221025581
2020-07-20,1,-0.0125,1,-0.0107945029481266,1.0,-0.0125,0,0.0,0,-0.0130015820875874,0.0,-0.0130015820875874,1,-0.0003631262440493,1,-0.0003631262440493,1.0,-0.0003631262440493
2020-07-21,1,0.0194384706524272,1,0.0189982322565694,1.0,0.0194384706524272,0,0.0,0,0.0,0.0,0.0,1,0.0159420256153362,1,0.0159420256153362,1.0,0.0159420256153362
2020-07-22,0,0.0112310518128723,0,0.0047210204413011,0.0,0.0112310518128723,0,0.0,0,0.0,0.0,0.0,0,0.009057931548016,0,0.009057931548016,1.0,0.009057931548016
2020-07-23,0,0.0034748390853154,0,-0.0029852598913886,0.0,0.0034748390853154,0,0.0,1,0.0,1.0,0.0,0,-0.0166666993041124,1,-0.0166666993041124,0.0,-0.0166666993041124
2020-07-24,0,-0.0038688091354564,1,-0.0102816316957439,0.0,-0.0038688091354564,0,0.0,1,0.0047806252056684,1.0,0.0047806252056684,0,-0.0260869676965168,1,-0.0260869676965168,1.0,-0.0260869676965168
2020-07-27,1,0.0,1,-0.0021269056596965,1.0,0.0,0,0.0,1,0.0522451780044338,1.0,0.0522451780044338,1,0.0,1,0.0484416058285367,1.0,0.0484416058285367
2020-07-28,0,0.0121527739767365,0,0.0121527739767365,0.0,0.0121527739767365,0,0.0,1,0.0075782320317487,0.0,0.0075782320317487,0,0.0194805131500987,0,0.0194805131500987,0.0,0.0194805131500987
2020-07-29,0,0.0091146169725476,0,0.0091146169725476,0.0,0.0091146169725476,1,0.0,1,0.0370675424078902,1.0,0.0370675424078902,1,0.0277778183979766,1,0.0277778183979766,1.0,0.0277778183979766
2020-07-30,0,-0.005208290001464,0,-0.005208290001464,0.0,-0.005208290001464,0,0.0011236004001942,1,0.0011236004001942,1.0,0.0011236004001942,0,0.0129170904539339,1,0.0129170904539339,0.0,0.0129170904539339
2020-07-31,0,0.0043402659945501,0,0.0043402659945501,0.0,0.0043402659945501,1,-0.0014446025239346,1,-0.0014446025239346,1.0,-0.0014446025239346,0,0.0039469106339993,0,0.0039469106339993,0.0,0.0039469106339993
2020-08-03,0,0.0,1,0.0,0.0,0.0,0,0.0059390306867405,1,0.0059390306867405,1.0,0.0059390306867405,1,-0.0051858653232498,1,-0.0051858653232498,1.0,-0.0051858653232498
2020-08-04,1,0.0,1,0.0274930293105093,1.0,0.0,1,-0.0234349878130752,1,-0.0234349878130752,1.0,-0.0234349878130752,1,-0.0418047819748214,1,-0.0418047819748214,1.0,-0.0418047819748214
2020-08-05,1,0.0472334895181496,1,0.0472334895181496,1.0,0.0472334895181496,0,0.0161550786173173,1,0.0161550786173173,1.0,0.0161550786173173,0,0.0057361265588598,1,0.0057361265588598,1.0,0.0057361265588598
2020-08-06,0,0.0107388018305367,1,0.0107388018305367,1.0,0.0107388018305367,0,0.0158319754409505,0,0.0158319754409505,0.0,0.0158319754409505,1,0.0057361265588598,1,0.0057361265588598,1.0,0.0057361265588598
2020-08-07,0,-0.0158935422733786,0,-0.0158935422733786,0.0,-0.0158935422733786,0,-0.0082391042636786,0,-0.0082391042636786,0.0,-0.0082391042636786,1,0.0114722531177197,1,0.0114722531177197,1.0,0.0114722531177197
2020-08-10,1,0.0073023563537189,1,0.0073023563537189,1.0,0.0073023563537189,0,0.0048465209118278,1,0.0048465209118278,1.0,0.0048465209118278,0,-0.0026768590608012,1,-0.0026768590608012,1.0,-0.0026768590608012
2020-08-11,0,0.025773124393288,1,0.025773124393288,0.0,0.025773124393288,0,0.0,1,0.0004777851641342,1.0,0.0004777851641342,1,0.0,1,0.0065084100461187,1.0,0.0065084100461187
2020-08-12,1,0.0,1,0.013698563086882,1.0,0.0,1,0.0,1,-0.007963033359414,1.0,-0.007963033359414,0,0.0066173482311498,0,-0.0099541035206086,0.0,-0.0099541035206086
2020-08-13,0,0.0055437235976882,0,0.009417753124699,0.0,0.0055437235976882,0,0.0123778499697295,1,-0.0100334357373288,1.0,-0.0100334357373288,0,-0.005449580896241,0,-0.021822380663531,0.0,-0.021822380663531
2020-08-14,0,-0.0200425606303987,1,-0.016267106648399,1.0,-0.0200425606303987,1,0.0004886014686505,1,-0.0216594886884381,1.0,-0.0216594886884381,0,-0.0186842773585407,0,-0.0348392007557686,0.0,-0.0348392007557686
2020-08-17,1,-0.0260127796617607,1,-0.0222603269717659,1.0,-0.0260127796617607,1,0.0195439778918953,1,0.0132729078758558,1.0,0.0132729078758558,0,-0.0365901088687435,0,0.0,0.0,0.0
2020-08-18,1,-0.0089552568430361,1,0.0135192808254738,1.0,-0.0089552568430361,0,0.0374592842216223,0,0.0310780197041306,0.0,0.0310780197041306,0,0.0,0,0.0,0.0,0.0
2020-08-19,1,0.0161219301653134,1,0.0170081795308165,1.0,0.0161219301653134,0,0.0,0,0.0,0.0,0.0,0,0.0,1,0.0,0.0,0.0
2020-08-20,1,-0.0034858583814533,1,-0.0026167106940486,1.0,-0.0034858583814533,1,0.0,1,0.0,1.0,0.0,0,0.0,1,0.0227848067080499,1.0,0.0
2020-08-21,1,-0.0139434335258132,1,-0.0130834068100767,1.0,-0.0139434335258132,0,0.0060887677874319,1,0.0060887677874319,1.0,0.0060887677874319,0,0.0,1,0.01380178230813,0.0,0.01380178230813
2020-08-24,1,0.0078431447251793,1,0.0118111093392616,1.0,0.0078431447251793,0,0.0115366098587961,1,0.0115366098587961,1.0,0.0115366098587961,0,0.0,1,0.0384776406294061,1.0,0.0384776406294061
2020-08-25,0,0.0025985787192977,1,0.0126859681879138,1.0,0.0025985787192977,0,0.0068899249325167,0,0.0068899249325167,0.0,0.0068899249325167,1,0.0,1,0.0024350569451417,1.0,0.0024350569451417
2020-08-26,0,-0.0082285898712522,1,0.0017498648065777,0.0,-0.0082285898712522,1,-0.0009613885741018,1,-0.0009613885741018,1.0,-0.0009613885741018,1,0.0024691277585425,1,-0.0113636674355601,1.0,-0.0113636674355601
2020-08-27,1,-0.026851348975781,1,-0.0170602624311749,1.0,-0.026851348975781,1,0.0079429482011438,1,0.0079429482011438,1.0,0.0079429482011438,0,0.0082304258618086,1,-0.005681867896896,0.0,-0.005681867896896
2020-08-28,1,-0.0238197708992099,1,0.0130337630915749,1.0,-0.0238197708992099,0,0.0001621015311391,1,0.0001621015311391,1.0,0.0001621015311391,0,0.0106995536203511,1,-0.0032468109517543,0.0,-0.0032468109517543
2020-08-31,1,0.0049283624623008,1,0.0080898958598776,1.0,0.0049283624623008,0,-0.0087534558568399,1,-0.0087534558568399,1.0,-0.0087534558568399,0,-0.0004115212930903,1,0.0049648161755277,0.0,0.0
2020-09-01,1,0.0255376864539941,1,0.0287640573748562,1.0,0.0255376864539941,1,0.0016210153113921,1,0.0016210153113921,1.0,0.0016210153113921,0,0.0,1,0.0076753811348692,0.0,0.0
2020-09-02,1,0.0074138180862491,1,0.0074138180862491,1.0,0.0074138180862491,1,0.0071082164127216,1,0.0071082164127216,1.0,0.0071082164127216,1,0.0,1,0.012229389504059,1.0,0.0
2020-09-03,1,0.0082860060975431,1,0.0082860060975431,1.0,0.0082860060975431,0,-0.0218093842037353,1,-0.0218093842037353,1.0,-0.0218093842037353,1,0.0537189746357746,1,0.0556993363520099,1.0,0.0537189746357746
2020-09-04,0,0.0043610867166368,1,0.0043610867166368,0.0,0.0043610867166368,1,-0.0226171421446523,1,-0.0226171421446523,1.0,-0.0226171421446523,0,0.0051669016961326,1,0.0051669016961326,1.0,0.0051669016961326
2020-09-08,0,-0.0187528488737379,1,-0.0187528488737379,1.0,-0.0187528488737379,0,-0.0345719062028751,0,-0.0345719062028751,0.0,-0.0345719062028751,0,-0.015500771991178,1,-0.015500771991178,0.0,-0.015500771991178
2020-09-09,0,0.0,1,0.0124499730473134,1.0,0.0124499730473134,1,0.0,1,0.0,1.0,0.0,1,-0.0139109612310433,1,-0.0139109612310433,1.0,-0.0139109612310433
2020-09-10,0,0.0,1,0.0040017076265261,0.0,0.0040017076265261,1,0.0033333201867523,1,0.0033333201867523,1.0,0.0033333201867523,0,-0.0198728017586332,1,-0.0198728017586332,0.0,-0.0198728017586332
2020-09-11,0,0.0,1,-0.0102267689149169,0.0,-0.0102267689149169,0,0.0383333062587313,1,0.0383333062587313,0.0,0.0383333062587313,0,0.0,1,0.0050103930743293,0.0,0.0
2020-09-14,0,0.0,1,-0.0226767419622303,1.0,-0.0226767419622303,0,0.0,0,0.0087579735111116,0.0,0.0,0,0.0,1,0.0112734371293678,1.0,0.0
2020-09-15,0,0.0,1,0.0045495778681457,1.0,0.0045495778681457,0,0.0,0,0.0135350379941962,0.0,0.0,0,0.0,0,0.0116909874562709,0.0,0.0024824286948561
2020-09-16,0,0.0,1,0.0004548659874225,0.0,0.0004548659874225,0,0.0,0,-0.0047770644830845,0.0,0.0,0,0.0,0,0.0112734371293678,0.0,0.0020686789718615
2020-09-17,0,0.0,1,0.0086441367498822,1.0,0.0086441367498822,1,0.0,1,-0.0060509553720532,1.0,0.0,0,0.0,1,0.0,1.0,-0.0140670030800361
2020-09-18,1,0.0,1,0.0077342517760504,1.0,0.0077342517760504,0,0.0099231655476539,0,0.0099231655476539,0.0,0.0099231655476539,0,0.0,1,0.0051063367096465,0.0,-0.0227554686904768
2020-09-21,0,0.007984915679063,1,0.007984915679063,1.0,0.007984915679063,0,-0.0174455789069431,0,-0.0174455789069431,1.0,-0.0174455789069431,0,0.0,1,-0.0204255617246151,0.0,0.0
2020-09-22,0,0.0028181219091642,1,0.0028181219091642,1.0,0.0028181219091642,1,-0.0282294704223114,1,-0.0282294704223114,1.0,-0.0282294704223114,0,0.0,0,-0.0080851584737906,0.0,0.0
2020-09-23,0,-0.0155002233520755,1,-0.0155002233520755,0.0,-0.0155002233520755,0,-0.0060528385840849,1,-0.0060528385840849,1.0,-0.0060528385840849,0,0.0,1,-0.0157446993525985,1.0,0.0
2020-09-24,0,-0.0272427928676447,0,-0.0272427928676447,0.0,-0.0272427928676447,0,0.0,1,0.0015077838342527,1.0,0.0015077838342527,1,0.0,1,0.0373333708391711,1.0,0.0373333708391711
2020-09-25,0,0.0,0,0.0,0.0,0.0,0,0.0,1,-0.0040207746320612,1.0,-0.0040207746320612,0,0.0074528965558414,1,0.0074528965558414,1.0,0.0074528965558414
2020-09-28,0,0.0,1,0.0,1.0,0.0,1,0.0,1,0.0092142729808836,1.0,0.0092142729808836,1,0.0477860888660909,1,0.0477860888660909,1.0,0.0477860888660909
2020-09-29,0,0.0,1,0.0117167618065737,0.0,0.0117167618065737,0,0.020943309959673,1,0.004523378113839,1.0,0.004523378113839,0,0.0004366956670028,1,0.0004366956670028,1.0,0.0004366956670028
2020-09-30,1,0.0,1,0.0208864089297715,1.0,0.0208864089297715,0,0.0,1,0.0179023886671966,1.0,0.0179023886671966,0,-0.0091703149854018,1,-0.0091703149854018,1.0,-0.0091703149854018
2020-10-01,0,0.021385008576811,1,0.021385008576811,1.0,0.021385008576811,1,0.0,1,0.0108089777421446,1.0,0.0108089777421446,1,-0.012441746959081,1,-0.012441746959081,1.0,-0.012441746959081
2020-10-02,1,0.0,1,0.0005069091512782,1.0,0.0005069091512782,0,0.0141613968819466,1,0.003884468411874,1.0,0.003884468411874,1,0.019020334537842,1,0.019020334537842,1.0,0.019020334537842
2020-10-05,0,0.0413223772148402,1,0.0217941959072625,1.0,0.0217941959072625,1,0.0209861899732908,1,0.010640102974173,1.0,0.010640102974173,0,0.012764062380266,1,0.012764062380266,1.0,0.012764062380266
2020-10-06,1,0.0,1,0.0112359569020808,1.0,0.0112359569020808,0,0.0044992309380227,1,0.0044992309380227,1.0,0.0044992309380227,0,0.0290492403110646,1,0.0290492403110646,1.0,0.0290492403110646
2020-10-07,0,0.0024999932741638,1,-0.0205179057712729,0.0,-0.0205179057712729,0,0.0124978990089675,1,0.0124978990089675,1.0,0.0124978990089675,0,0.0,1,0.0030527412718691,1.0,0.0030527412718691
2020-10-08,0,0.0295000215226754,1,0.0058621883838542,1.0,0.0058621883838542,1,0.0246625510623538,1,0.0246625510623538,1.0,0.0246625510623538,0,0.0,1,0.0588748513995858,1.0,0.0588748513995858
2020-10-09,0,0.0,1,-0.0039081803509657,1.0,-0.0039081803509657,0,0.0040525320832751,1,0.0040525320832751,1.0,0.0040525320832751,0,0.0,1,0.0297071430969474,0.0,0.0297071430969474
2020-10-13,0,0.0,1,0.0110496593673389,1.0,0.0110496593673389,0,0.0153995961681003,1,0.0153995961681003,1.0,0.0153995961681003,0,0.0,1,0.0062551751752089,1.0,0.0
2020-10-14,0,0.0,1,0.023103971418408,1.0,0.023103971418408,0,0.0259361538362704,0,0.0259361538362704,0.0,0.0259361538362704,0,0.0,1,-0.0004170303845041,1.0,0.0033486707872446
2020-10-15,0,0.0,0,0.0076452392342487,1.0,0.0076452392342487,0,0.0,0,0.0,0.0,0.0,0,0.0,1,-0.0104254088721619,1.0,-0.0066974119868444
2020-10-16,0,0.0,1,0.0045872463820778,1.0,0.0045872463820778,0,0.0,0,0.0,0.0,0.0,0,0.0,1,-0.0221017686016595,1.0,-0.0184177597422005
2020-10-19,0,0.0,1,0.0163099808217689,1.0,0.0163099808217689,0,0.0,0,0.0,0.0,0.0,1,0.0,1,0.0301075411962462,1.0,0.0025114678842559
2020-10-20,0,0.0,0,0.0331295414176259,1.0,0.0331295414176259,0,0.0,1,0.0,1.0,0.0,0,0.0374149912859988,1,0.0374149912859988,1.0,0.0374149912859988
2020-10-21,0,0.0,1,0.0,0.0,0.0084324832513011,1,0.0,1,0.0253041403278062,1.0,0.0253041403278062,0,0.0,0,0.028029659390727,1.0,0.028029659390727
2020-10-22,0,0.0,1,0.0368159222292566,1.0,0.0337300998166075,0,0.0060212295457852,0,0.0060212295457852,0.0,0.0060212295457852,0,0.0,0,0.0,1.0,0.0549450692396574
2020-10-23,0,0.0,0,0.0095510713799333,0.0,0.0095510713799333,0,0.0123593619357174,0,0.0123593619357174,0.0,0.0123593619357174,0,0.0,0,0.0,0.0,0.0154440317436874
2020-10-26,0,0.0,1,-0.0195797605679765,0.0,-0.0195797605679765,0,0.0053874238574911,0,0.0053874238574911,0.0,0.0053874238574911,0,0.0,1,0.0,1.0,-0.0015443966795763
2020-10-27,0,0.0,1,-0.0272206819110364,0.0,-0.0272206819110364,0,-0.0033275176170396,0,-0.0033275176170396,0.0,-0.0033275176170396,0,0.0,0,0.0026819676682813,0.0,0.0104247262980833
2020-10-28,1,0.0,1,-0.0716333565450662,1.0,-0.0716333565450662,0,0.0,0,0.0,0.0,0.0,0,0.0,0,-0.0643678685411116,1.0,-0.0571428719880968
2020-10-29,1,0.0510037661759445,1,0.0510037661759445,1.0,0.0510037661759445,1,0.0,1,0.0,1.0,0.0,0,0.0,1,-0.0789272412907913,1.0,0.0195080314158497
2020-10-30,1,0.0208985843064535,1,0.0208985843064535,1.0,0.0208985843064535,0,0.0098705366908664,0,0.0098705366908664,0.0,0.0098705366908664,0,0.0,1,-0.0831417711195528,1.0,0.0148430937456862
2020-11-03,1,0.0199896233911515,1,0.0199896233911515,1.0,0.0199896233911515,0,0.0249190762752706,1,0.0249190762752706,0.0,0.0249190762752706,0,0.0,1,0.0175732263484166,1.0,0.032041983868327
2020-11-04,0,0.0287032169211118,1,0.0287032169211118,1.0,0.0287032169211118,0,0.0,0,0.0,0.0,0.0,0,0.0,1,0.0769874577638365,1.0,0.0094117861119756
2020-11-05,1,0.0,1,0.0020051082640465,1.0,0.0020051082640465,0,0.0,1,-0.0034766166199509,0.0,0.0,0,0.0,1,0.0168561013184884,1.0,0.0172548972555802
2020-11-06,0,0.0204603017440384,1,0.0,1.0,0.0,0,0.0,1,0.0107459013523243,0.0,0.0,0,0.0,1,0.0121521190194113,1.0,0.012549070124155
2020-11-09,1,0.0,1,0.1373434262453922,1.0,0.1373434262453922,0,0.0,1,0.0156447622390884,0.0,0.0,0,0.0,1,0.0983927829832639,1.0,0.0988235564020561
2020-11-10,0,0.057560589366358,1,0.057560589366358,1.0,0.057560589366358,0,0.0,1,0.0055344622217978,1.0,0.0,0,0.0,1,0.0542495176861386,1.0,0.0542495176861386
2020-11-11,0,0.0,0,0.000428321961582,0.0,0.000428321961582,0,0.0,1,0.0107526730476726,0.0,0.0117125649919728,0,0.0,1,0.0083449423655606,1.0,0.0083449423655606
2020-11-12,0,0.0,0,-0.0226980394980826,0.0,-0.0226980394980826,0,0.0,0,0.008380749902363,0.0,0.0093383892778792,0,0.0,1,0.003129338774113,1.0,0.003129338774113
2020-11-13,0,0.0,0,-0.0235545393990673,0.0,-0.0235545393990673,0,0.0,1,0.0049019594299517,1.0,0.0058562950665421,0,0.0,1,-0.0055632754264108,1.0,-0.0055632754264108
2020-11-16,0,0.0,1,0.0119914306803248,1.0,0.0119914306803248,1,0.0,1,0.0289763740843847,1.0,0.0341880397749477,0,0.0,1,0.0288595095407219,1.0,0.0288595095407219
2020-11-17,1,0.0,1,0.0472884597063361,1.0,0.0472884597063361,0,0.0509259469204999,0,0.0509259469204999,0.0,0.0509259469204999,0,0.0,1,0.008171622035436,1.0,0.008171622035436
2020-11-18,0,0.0058358329761079,1,0.0058358329761079,1.0,0.0058358329761079,0,0.0,0,0.0,0.0,0.0,0,0.0,0,0.0068096468709487,0.0,0.0068096468709487
2020-11-19,1,-0.0020841960243273,1,-0.0020841960243273,1.0,-0.0020841960243273,0,0.0,0,0.0,0.0,0.0,0,0.0,1,0.0010214670638976,0.0,0.0010214670638976
2020-11-20,0,0.0,1,0.0,1.0,0.0,0,0.0,0,0.0,0.0,0.0,0,0.0,1,-0.0132788428791792,1.0,-0.0132788428791792
2020-11-23,1,0.0462693479920479,1,0.0462693479920479,1.0,0.0462693479920479,0,0.0,1,0.0,1.0,0.0,1,0.0,1,0.0124783645184161,1.0,0.0124783645184161
2020-11-24,0,0.0401716557164163,1,0.0401716557164163,1.0,0.0401716557164163,0,0.0,1,0.0540464553274537,1.0,0.0540464553274537,1,0.0371134289809938,1,0.0461005322107046,1.0,0.0461005322107046
2020-11-25,0,0.0,1,0.0114504791708943,1.0,0.0114504791708943,0,0.0,1,0.0284552780783737,1.0,0.0284552780783737,0,0.0057393829984499,1,0.0057393829984499,1.0,0.0057393829984499
2020-11-26,0,0.0,1,-0.0095419590127037,0.0,-0.0095419590127037,0,0.0,1,0.0156457232978671,1.0,0.0156457232978671,1,-0.0094530747010839,1,-0.0094530747010839,1.0,-0.0094530747010839
2020-11-27,0,0.0,0,-0.0053434457048542,0.0,-0.0053434457048542,1,0.0,1,0.0445505241412816,1.0,0.0445505241412816,0,0.0057393829984499,1,0.0057393829984499,1.0,0.0057393829984499
2020-11-30,0,0.0,0,-0.0122136818651308,0.0,-0.0122136818651308,0,0.0064679630513426,1,0.0064679630513426,1.0,0.0064679630513426,1,-0.0141796120516258,1,-0.0141796120516258,1.0,-0.0141796120516258
2020-12-01,1,0.0,1,0.0,1.0,0.0,1,0.0336081100602455,1,0.0336081100602455,1.0,0.0336081100602455,1,0.0488812020909823,1,0.0488812020909823,1.0,0.0488812020909823
2020-12-02,1,0.0351562843804158,1,0.0351562843804158,1.0,0.0351562843804158,0,0.0043263213137409,1,0.0043263213137409,1.0,0.0043263213137409,0,0.0106951745531511,1,0.0106951745531511,1.0,0.0106951745531511
2020-12-03,0,0.0282982798963731,1,0.0282982798963731,1.0,0.0282982798963731,0,0.0018541461205918,1,0.0018541461205918,1.0,0.0018541461205918,1,0.0320855798156617,1,0.0320855798156617,1.0,0.0320855798156617
2020-12-04,0,0.0,1,0.0139757120412366,1.0,0.0139757120412366,1,0.0220024789882976,1,0.0220024789882976,1.0,0.0220024789882976,1,0.0062872160551796,1,0.0062872160551796,1.0,0.0062872160551796
2020-12-07,0,0.0,1,0.0220668746917995,1.0,0.0220668746917995,1,0.0069158127681042,1,0.0069158127681042,1.0,0.0069158127681042,0,0.0277961423485495,1,0.0277961423485495,1.0,0.0277961423485495
2020-12-08,1,0.0,1,0.0123088304873759,1.0,0.0123088304873759,1,0.0106770348065144,1,0.0106770348065144,1.0,0.0106770348065144,0,0.0,1,0.0226675471676867,1.0,0.0226675471676867
2020-12-09,0,0.0127674690818047,1,0.0059678303875295,1.0,0.0059678303875295,0,0.0171075155465534,1,0.0171075155465534,1.0,0.0171075155465534,0,0.0,1,0.0115169290990313,1.0,0.0115169290990313
2020-12-10,1,0.058956000332882,1,0.0518462555837477,1.0,0.0518462555837477,0,0.0339723554429699,1,0.0339723554429699,1.0,0.0339723554429699,1,0.0,1,0.043764374806493,1.0,0.043764374806493
2020-12-11,0,0.0127318673099558,1,0.0127318673099558,1.0,0.0127318673099558,1,0.0,1,0.0077995663787384,1.0,0.0077995663787384,1,0.0099454454844319,1,0.0099454454844319,1.0,0.0099454454844319
2020-12-14,1,0.0283739001858107,1,0.0283739001858107,1.0,0.0283739001858107,1,0.0002347573595695,1,0.0070905234221067,1.0,0.0070905234221067,0,0.014757778639453,1,0.014757778639453,1.0,0.014757778639453
2020-12-15,1,0.0068344649712802,1,0.0068344649712802,1.0,0.0068344649712802,1,0.0021126857325114,1,0.0089813234109492,1.0,0.0089813234109492,1,0.0073788893197266,1,0.0073788893197266,1.0,0.0073788893197266
2020-12-16,1,0.0158272457062615,1,0.0158272457062615,1.0,0.0158272457062615,1,0.0120892023527712,1,0.0190262206424248,1.0,0.0190262206424248,1,0.0324029464129324,1,0.0324029464129324,1.0,0.0324029464129324
2020-12-17,0,0.0212230351155143,0,0.0212230351155143,0.0,0.0212230351155143,0,0.0322770115962342,1,0.0167630161507692,1.0,0.0167630161507692,1,0.0081530597779931,1,0.0081530597779931,1.0,0.0081530597779931
2020-12-18,0,0.0,0,0.0,0.0,0.0,0,0.0,1,0.0217341136927524,1.0,0.0217341136927524,1,0.007212291776472,1,0.007212291776472,1.0,0.007212291776472
2020-12-21,0,0.0,0,0.0,0.0,0.0,1,0.0,1,0.0145095616707306,1.0,0.0145095616707306,1,-0.0122295107964327,1,-0.0122295107964327,1.0,-0.0122295107964327
2020-12-22,0,0.0,1,0.0,1.0,0.0,1,0.0014966691554157,1,0.0097504368004081,1.0,0.0097504368004081,1,-0.0075258285299411,1,-0.0075258285299411,1.0,-0.0075258285299411
2020-12-23,0,0.0,1,0.0298942930559238,0.0,0.0298942930559238,0,0.0077135617759735,1,0.0160185655246338,1.0,0.0160185655246338,1,0.023307781233134,1,0.023307781233134,1.0,0.023307781233134
2020-12-28,0,0.0,0,0.0056416621398898,0.0,0.0,0,0.0198019773010572,1,0.028206606915697,1.0,0.028206606915697,0,0.0065177198035169,1,0.0065177198035169,1.0,0.0065177198035169
2020-12-29,1,0.0,1,0.0024682345974274,1.0,0.0,1,0.015427123551947,1,0.0026145205616284,1.0,0.0026145205616284,0,0.0052762617556655,0,0.0052762617556655,0.0,0.0052762617556655
2020-12-30,0,0.0049383293047512,1,0.0045839320121428,1.0,0.0049383293047512,1,0.0045876949780385,1,-0.0043196520877325,1.0,-0.0043196520877325,0,0.0034140486629696,0,0.0034140486629696,0.0,0.0034140486629696
2021-01-04,1,0.0292769584133385,1,0.0289139779629279,1.0,0.0292769584133385,1,0.0492028938272818,1,0.0398999585390536,1.0,0.0398999585390536,1,-0.0066675482554041,1,-0.0066675482554041,1.0,-0.0066675482554041
2021-01-05,1,0.0442905570201895,1,0.0442905570201895,1.0,0.0442905570201895,0,0.0168379675257447,1,0.0168379675257447,1.0,0.0168379675257447,1,0.0107386821239813,1,0.0107386821239813,1.0,0.0107386821239813
2021-01-06,0,0.0245358091664491,0,0.0245358091664491,0.0,0.0245358091664491,1,0.0534660002338335,1,0.0534660002338335,1.0,0.0534660002338335,0,0.0432801645909275,1,0.0432801645909275,1.0,0.0432801645909275
2021-01-07,1,0.0,1,0.0,1.0,0.0,1,0.0612773046611172,1,0.0612773046611172,1.0,0.0612773046611172,1,0.0,1,0.0445497522416077,1.0,0.0445497522416077
2021-01-08,1,0.0095359996305705,1,0.0095359996305705,1.0,0.0095359996305705,1,0.0033006535479065,1,0.0033006535479065,1.0,0.0033006535479065,0,0.0154873885455611,0,0.0154873885455611,0.0,0.0154873885455611
2021-01-11,0,-0.0127145236473743,0,-0.0127145236473743,0.0,-0.0127145236473743,1,-0.0099990141986389,1,-0.0099990141986389,1.0,-0.0099990141986389,0,-0.0069845095577163,1,-0.0069845095577163,1.0,-0.0069845095577163
2021-01-12,0,0.0031786309118435,1,0.0031786309118435,0.0,0.0031786309118435,1,-0.0037860292625873,1,-0.0037860292625873,1.0,-0.0037860292625873,1,-0.0145763567083573,1,-0.0145763567083573,1.0,-0.0145763567083573
2021-01-13,0,-0.0190717854710613,1,-0.0190717854710613,1.0,-0.0190717854710613,0,-0.0397048807097855,1,-0.0397048807097855,1.0,-0.0397048807097855,0,-0.0121469554410256,1,-0.0121469554410256,1.0,-0.0121469554410256
2021-01-14,0,0.0,1,0.0171408511513986,1.0,0.0171408511513986,0,0.0,0,0.0168689652528978,0.0,0.0168689652528978,1,0.0,1,0.028732082849758,1.0,0.028732082849758
2021-01-15,0,0.0,0,-0.0030853070925057,0.0,-0.0030853070925057,0,0.0,0,-0.0002057162989737,0.0,-0.0002057162989737,1,0.0106084357419229,1,0.0106084357419229,1.0,0.0106084357419229
2021-01-18,0,0.0,0,-0.0109701216795221,0.0,-0.0109701216795221,0,0.0,0,-0.016251800017616,0.0,-0.016251800017616,1,-0.003744132258822,1,-0.003744132258822,1.0,-0.003744132258822
2021-01-19,0,0.0,1,-0.0106273738286135,1.0,-0.0106273738286135,0,0.0,1,-0.027257760888778,1.0,-0.027257760888778,1,-0.0137285546731214,1,-0.0137285546731214,1.0,-0.0137285546731214
2021-01-20,0,0.0,1,0.0058721538332151,1.0,0.0058721538332151,0,0.0,0,0.0014736816620215,0.0,0.0014736816620215,0,-0.0296411821394658,0,-0.0296411821394658,0.0,-0.0296411821394658
2021-01-21,0,0.0,1,-0.0189983360817489,1.0,-0.0189983360817489,0,0.0,1,0.0115789464532122,0.0,0.0115789464532122,0,0.0,0,0.0,0.0,0.0
2021-01-22,0,0.0,1,-0.0590673554665593,1.0,-0.0590673554665593,0,0.0,1,-0.0125263108473456,1.0,-0.0125263108473456,0,0.0,0,0.0,0.0,0.0
2021-01-26,0,0.0,1,-0.03385151306903,1.0,-0.03385151306903,0,0.0,1,-0.0088421066922916,1.0,-0.0088421066922916,0,0.0,1,0.0,0.0,0.0
2021-01-27,0,0.0,1,0.0507272481875868,1.0,0.0507272481875868,0,0.0,0,0.0087399047361964,0.0,0.0087399047361964,0,0.0,1,0.0313056274645567,1.0,0.0
2021-01-28,1,0.0,1,0.0413615483601591,1.0,0.0413615483601591,0,0.0,0,0.0106206279366859,0.0,0.0106206279366859,1,0.0,1,0.0473665207343632,1.0,0.0473665207343632
2021-01-29,0,0.0058138639704669,1,0.0058138639704669,1.0,0.0058138639704669,0,0.0,0,0.0050890446625895,0.0,0.0050890446625895,1,0.0112936210932749,1,0.0112936210932749,1.0,0.0112936210932749
2021-02-01,1,0.0058138639704669,1,0.0058138639704669,1.0,0.0058138639704669,0,0.0,0,0.0097355858594934,0.0,0.0097355858594934,1,0.0073775341019992,1,0.0073775341019992,1.0,0.0073775341019992
2021-02-02,0,0.058866212819413,1,0.058866212819413,1.0,0.058866212819413,0,0.0,0,0.0,0.0,0.0,0,0.0032685973477889,0,0.0032685973477889,0.0,0.0032685973477889
2021-02-03,1,0.0,1,0.0055210805526789,1.0,0.0055210805526789,0,0.0,0,0.0,1.0,0.0,0,-0.0104279157590093,0,-0.0104279157590093,0.0,-0.0104279157590093
2021-02-04,0,0.0055498061802103,1,0.0003451110505626,0.0,0.0003451110505626,1,0.0,1,0.0,1.0,0.0100054451813651,0,0.0,0,0.0,0.0,0.0
2021-02-05,1,0.0437045195378186,1,0.0383023367754698,1.0,0.0383023367754698,0,0.0284922276738838,1,0.0284922276738838,1.0,0.008917894538855,0,0.0,0,0.0,0.0,0.0
2021-02-08,1,0.0277095698779758,1,0.0277095698779758,1.0,0.0277095698779758,1,0.0,1,0.0208669467770126,1.0,0.0321914195543423,0,0.0,0,0.0,0.0,0.0
2021-02-09,1,0.0114081442076707,1,0.0114081442076707,1.0,0.0114081442076707,0,0.0065539094336913,1,0.0065539094336913,0.0,0.0065539094336913,0,0.0,0,0.0,0.0,0.0
2021-02-10,1,-0.0003565532118502,1,-0.0003565532118502,1.0,-0.0003565532118502,0,0.0113107770173886,0,0.0113107770173886,0.0,0.0113107770173886,0,0.0,0,0.0,0.0,0.0
2021-02-11,1,0.0160427365111329,1,0.0160427365111329,1.0,0.0160427365111329,0,0.0091966061842518,0,0.0091966061842518,0.0,0.0091966061842518,0,0.0,1,0.0,1.0,0.0
2021-02-12,1,0.0156863031894008,1,0.0156863031894008,1.0,0.0156863031894008,0,-0.0048625828416983,0,-0.0048625828416983,0.0,-0.0048625828416983,0,0.0,0,0.0207046798841498,0.0,0.0207046798841498
2021-02-17,1,0.0378682023835213,1,0.0378682023835213,1.0,0.0378682023835213,0,0.0,1,0.0,0.0,0.0,0,0.0,0,0.0,0.0,0.0
2021-02-18,0,0.0177747580149352,1,0.0177747580149352,1.0,0.0177747580149352,0,0.0,1,0.0106820121692917,1.0,0.0,0,0.0,1,0.0,0.0,0.0
2021-02-19,1,-0.0622119851376306,1,-0.0622119851376306,1.0,-0.0622119851376306,0,0.0,0,0.0153040302337974,0.0,0.016870684064061,0,0.0,1,0.011115119652976,1.0,0.0
2021-02-22,1,-0.2363397242053253,1,-0.2363397242053253,1.0,-0.2363397242053253,0,0.0,0,0.0119145514074843,0.0,0.0134759751393461,0,0.0,0,-0.0458945599463445,1.0,0.0022598797464324
2021-02-23,0,-0.201448401352163,1,-0.201448401352163,1.0,-0.201448401352163,1,0.0,1,-0.000102702086177,1.0,0.0014401785535128,0,0.0,1,-0.0164933743439743,1.0,0.0331449659320609
2021-02-24,1,0.0,1,0.0183298886826239,1.0,0.0183298886826239,1,0.0111191205100995,1,0.0111191205100995,1.0,0.0102870036736987,0,0.0,1,-0.0132663615711291,1.0,0.0032811296728099
2021-02-25,1,0.0100001076133773,1,0.0285132971553687,1.0,0.0285132971553687,1,0.0187377744303253,1,0.0187377744303253,1.0,0.002532935198428,0,0.0,0,0.0059479986977698,1.0,-0.0134888380261598
2021-02-26,0,-0.0631999913909298,1,0.0094827035134229,1.0,0.0094827035134229,0,0.0058684206252887,1,0.0058684206252887,1.0,-0.0101317086069762,0,0.0,0,-0.0133987714104423,0.0,-0.032461791583004
2021-03-01,0,-0.0783999774011907,1,-0.0068965907115919,1.0,-0.0068965907115919,1,0.0226500548471846,1,0.0226500548471846,1.0,0.0063829838253443,0,0.0,0,-0.0285303890881722,0.0,-0.0473010375053831
2021-03-02,0,-0.1067999548023815,0,-0.0375000126834185,0.0,-0.0375000126834185,1,0.0479999911374565,1,0.0479999911374565,1.0,0.0352583646205842,0,0.0,0,-0.0154378419185428,0.0,0.0
2021-03-03,0,0.0,1,-0.056465564663619,0.0,-0.056465564663619,0,0.0196078358089255,1,0.0196078358089255,1.0,0.0196078358089255,0,0.0,0,0.0,1.0,0.0
2021-03-04,1,0.0,1,0.0516432117604244,1.0,0.0,1,-0.00500000467181,1,-0.00500000467181,1.0,-0.00500000467181,0,0.0,1,0.0,1.0,0.0415065319630837
2021-03-05,0,0.0347592913714934,1,0.0347592913714934,1.0,0.0347592913714934,1,0.0307067638776895,1,0.0307067638776895,1.0,0.0307067638776895,0,0.0,1,0.0407781217224145,0.0,0.0407781217224145
2021-03-08,1,0.0,1,0.0154968596415503,1.0,0.0154968596415503,1,0.0275201585641826,1,0.0275201585641826,1.0,0.0275201585641826,0,0.0,0,0.0401486977823955,0.0,0.0
2021-03-09,1,0.0276217416419447,1,0.0004558485957288,1.0,0.0004558485957288,0,0.0185641092474465,1,0.0185641092474465,0.0,0.0185641092474465,1,0.0,1,0.0,1.0,0.0
2021-03-10,1,0.0182316446600418,1,0.0182316446600418,1.0,0.0182316446600418,1,0.0034871815177648,1,0.0034871815177648,1.0,0.0034871815177648,1,0.0140169746241286,1,0.0140169746241286,1.0,0.0140169746241286
2021-03-11,1,0.070647335661523,1,0.070647335661523,1.0,0.070647335661523,1,0.0266666739415985,1,0.0266666739415985,1.0,0.0266666739415985,0,0.0284028508776768,1,0.0284028508776768,1.0,0.0284028508776768
2021-03-12,0,0.0099352068150872,1,0.0099352068150872,1.0,0.0099352068150872,0,0.0044444461503267,1,0.0044444461503267,0.0,0.0044444461503267,0,0.0,0,0.0132596682377485,0.0,0.0132596682377485
2021-03-15,0,0.0224622572398245,1,0.0224622572398245,1.0,0.0224622572398245,0,-0.0166666615490197,0,-0.0166666615490197,0.0,-0.0166666615490197,0,0.0,1,0.0162062883836448,1.0,0.0162062883836448
2021-03-16,1,0.0,1,0.0021159485136272,1.0,0.0021159485136272,0,-0.0117171650487225,1,-0.0117171650487225,1.0,-0.0117171650487225,0,0.0,1,0.0143646813971559,1.0,0.0143646813971559
2021-03-17,1,0.0427831765158454,1,0.0211596274518844,1.0,0.0211596274518844,0,-0.0088888769477125,0,-0.0088888769477125,0.0,-0.0088888769477125,1,0.0,1,0.0331491705943713,1.0,0.0331491705943713
2021-03-18,1,0.0008376313340588,1,0.0008376313340588,1.0,0.0008376313340588,0,0.0,0,0.0,0.0,0.0,0,0.0282849904767276,1,0.0282849904767276,1.0,0.0282849904767276
2021-03-19,1,0.0067002057181998,1,0.0067002057181998,1.0,0.0067002057181998,0,0.0,0,0.0,0.0,0.0,1,0.0,1,0.0120396528883444,1.0,0.0120396528883444
2021-03-22,1,-0.0041875933674469,1,-0.0041875933674469,1.0,-0.0041875933674469,0,0.0,0,0.0,0.0,0.0,0,0.0139335270775193,0,0.0049574937457572,0.0,0.0049574937457572
2021-03-23,0,-0.0104689834186174,1,-0.0104689834186174,1.0,-0.0104689834186174,0,0.0,0,0.0,0.0,0.0,0,0.0189352999389413,0,0.0099149874915142,0.0,0.0099149874915142
2021-03-24,1,0.0,1,0.0150928166823936,1.0,0.0150928166823936,0,0.0,1,0.0,1.0,0.0,0,-0.0067881712026033,0,-0.0155807618830614,0.0,-0.0155807618830614
2021-03-25,1,0.0264316436622853,1,0.004743469101541,1.0,0.004743469101541,0,0.0,1,0.0026870154942513,1.0,0.0026870154942513,1,-0.0110753966020434,1,0.0,1.0,0.0
2021-03-26,1,0.0170357282808213,1,0.0297542111520974,1.0,0.0297542111520974,0,0.0,1,0.0289122899854304,1.0,0.0289122899854304,0,0.0214389238103877,1,0.0214389238103877,0.0,0.0214389238103877
2021-03-29,1,0.0149062622457187,1,0.0209940319010386,1.0,0.0209940319010386,0,0.0,1,0.025520825252049,1.0,0.025520825252049,0,0.0,1,0.0032005485576001,1.0,0.0
2021-03-30,1,0.0217206108479594,1,0.0148053732710634,1.0,0.0148053732710634,0,0.0,0,0.0060259434443722,0.0,0.0060259434443722,0,0.0,0,0.0152915622105445,0.0,0.0255028571265142
2021-03-31,1,0.0180673479448826,1,0.0249577145816055,1.0,0.0249577145816055,0,0.0,1,0.0066387633556234,1.0,0.0066387633556234,0,0.0,1,0.0128022532201626,0.0,0.0
2021-04-01,1,0.0247899341927802,1,0.0041169093717836,1.0,0.0041169093717836,0,0.0,1,0.0097028008164369,1.0,0.0097028008164369,0,0.0,0,0.0008921021792353,0.0,0.0
2021-04-05,1,0.0029009171302119,1,-0.003705163055141,1.0,-0.003705163055141,0,0.0,1,0.0603615659209786,1.0,0.0603615659209786,0,0.0,0,0.0,0.0,0.0
2021-04-06,0,0.0099460414083447,1,0.003293555187159,1.0,0.003293555187159,0,0.0,1,0.0073217821026106,1.0,0.0073217821026106,0,0.0,1,0.0,1.0,0.0
2021-04-07,1,0.0087027513906354,1,0.0020584546858918,1.0,0.0020584546858918,0,0.0,0,0.014643549562243,0.0,0.014643549562243,0,0.0,1,0.0122131987245313,0.0,0.0122131987245313
2021-04-08,0,-0.0037298700531279,1,0.0025021344292126,0.0,0.0025021344292126,0,0.0,0,0.0144508772513231,0.0,0.0144508772513231,0,0.0,0,0.0029607866044378,0.0,0.0029607866044378
2021-04-09,1,0.0,1,-0.0083402611127752,1.0,-0.0083402611127752,0,0.0,0,0.0082851729431669,1.0,0.0082851729431669,0,0.0,1,-0.0011102796370725,0.0,-0.0011102796370725
2021-04-12,0,0.0171118626368729,1,0.0162635933129819,1.0,0.0162635933129819,1,0.0,1,0.0,1.0,0.007094269985775,0,0.0,1,0.0103626917571663,1.0,0.0103626917571663
2021-04-13,1,0.0062604170102452,1,0.0054211977709939,1.0,0.0054211977709939,0,0.0037536110122969,0,0.0037536110122969,1.0,0.0135082592110907,0,0.0,1,0.0099374109571218,0.0,0.0099374109571218
2021-04-14,0,0.0258765025934189,1,0.0157024634901082,1.0,0.0157024634901082,0,0.0373436086232537,1,0.0373436086232537,1.0,0.0474246901280884,0,0.0,0,0.0338608845452684,0.0,0.0338608845452684
2021-04-15,0,0.0,1,0.017619465568447,1.0,0.017619465568447,0,0.0,1,0.0112276735038839,0.0,0.0112276735038839,0,0.0,0,0.0,0.0,0.0
2021-04-16,1,0.0,1,-0.0075754585935889,1.0,-0.0075754585935889,0,0.0,0,0.0041413570447509,0.0,0.0041413570447509,0,0.0,0,0.0,0.0,0.0
2021-04-19,1,0.0845315605724039,1,0.0628850332373001,1.0,0.0628850332373001,0,0.0,0,0.0112276735038839,0.0,0.0112276735038839,0,0.0,1,0.0,1.0,0.0
2021-04-20,0,0.0106863116716292,0,0.0106863116716292,0.0,0.0106863116716292,0,0.0,1,-0.002852946043488,0.0,-0.002852946043488,0,0.0,1,0.0134986937889362,1.0,0.0134986937889362
2021-04-22,0,-0.0057542398430083,1,-0.0057542398430083,1.0,-0.0057542398430083,1,0.0,1,0.0,1.0,0.0,0,0.0,1,0.0113097294956679,1.0,0.0113097294956679
2021-04-23,1,-0.0160296681340945,1,-0.0160296681340945,1.0,-0.0160296681340945,0,0.0088660728280905,1,0.0080193903899267,1.0,0.0088660728280905,0,0.0,0,0.0178766828608087,0.0,0.0178766828608087
2021-04-26,0,-0.0115084796860166,1,-0.0115084796860166,1.0,-0.0115084796860166,0,0.0330378041921437,1,0.0321708358300133,1.0,0.0330378041921437,0,0.0,1,0.0160525056261947,1.0,0.0160525056261947
2021-04-27,0,0.0,1,0.0146936051020711,0.0,0.0146936051020711,0,0.0,1,0.0157972113714379,1.0,0.0157972113714379,0,0.0,1,0.0101929353774487,1.0,0.0101929353774487
2021-04-28,1,0.0,1,0.0113350667930262,1.0,0.0113350667930262,1,0.0,1,0.0326047061890083,1.0,0.0326047061890083,0,0.0,1,0.03236725323362,1.0,0.03236725323362
2021-04-29,0,0.0070481261504084,0,0.0197314125656382,1.0,0.0197314125656382,0,0.0067742174626513,0,0.0067742174626513,0.0,0.0067742174626513,0,0.0,1,0.0060326231210688,0.0,0.0060326231210688
2021-04-30,0,-0.0078773174622213,1,0.0046179901749365,1.0,0.0046179901749365,0,-0.0056154774040472,1,-0.0056154774040472,1.0,-0.0056154774040472,0,0.0,1,-0.0209368475306802,1.0,-0.0209368475306802
2021-05-03,0,-0.0128524653330978,1,0.0004201700779564,1.0,0.0004201700779564,0,-0.0164007462844693,1,-0.0164007462844693,1.0,-0.0164007462844693,1,0.0,1,0.0009003170278395,1.0,0.0009003170278395
2021-05-04,0,-0.0199004565679008,1,-0.0067225845176965,1.0,-0.0067225845176965,0,-0.0099830694352039,1,-0.0099830694352039,0.0,-0.0099830694352039,0,0.0088967762117421,1,0.0065812088601057,1.0,0.0065812088601057
2021-05-05,1,0.0,1,0.0063025511693457,1.0,0.0063025511693457,1,0.0,1,0.0074113791109188,1.0,0.0,0,-0.0160142560261403,1,0.0278810372359814,1.0,0.0278810372359814
2021-05-06,0,0.0059047099332861,1,0.0021008503897819,1.0,0.0021008503897819,1,0.0291227460157961,1,0.028663275338962,1.0,0.0291227460157961,0,-0.0170818809405502,1,0.0095029260971899,1.0,0.0095029260971899
2021-05-07,1,0.0312104723987543,1,0.0342638444454416,1.0,0.0342638444454416,0,8.580481255837765e-05,1,8.580481255837765e-05,0.0,8.580481255837765e-05,0,-0.0142349007837918,1,0.0124269080068309,1.0,0.0124269080068309
2021-05-10,0,0.0072580988016802,0,0.0072580988016802,0.0,0.0072580988016802,0,0.0335507120462614,1,0.0335507120462614,1.0,0.0335507120462614,0,0.0,1,0.0321637405694769,1.0,0.0321637405694769
2021-05-11,0,0.0149192940982578,1,0.0149192940982578,0.0,0.0149192940982578,1,0.0,1,0.0415862462260673,1.0,0.0415862462260673,0,0.0,1,0.0151405435428844,0.0,0.0151405435428844
2021-05-12,0,0.0294354917016183,1,0.0294354917016183,0.0,0.0294354917016183,1,0.0038983141843073,1,0.0038983141843073,1.0,0.0038983141843073,0,0.0,1,0.0021629007297412,1.0,0.0021629007297412
2021-05-13,1,0.0,1,0.0137317590677634,1.0,0.0,0,-0.03203389355445,1,-0.03203389355445,1.0,-0.03203389355445,0,0.0,1,0.0299206930438229,1.0,0.0299206930438229
2021-05-14,1,0.0224807279036544,1,0.0654281565657893,1.0,0.0224807279036544,1,-0.0526271126795759,1,-0.0526271126795759,1.0,-0.0526271126795759,0,0.0,0,0.0181437582266154,0.0,0.0181437582266154
2021-05-17,0,0.0136881535549828,0,0.0136881535549828,0.0,0.0136881535549828,0,-0.0354237230149903,1,-0.0354237230149903,1.0,-0.0354237230149903,0,0.0,0,0.0129099951293705,0.0,0.0129099951293705
2021-05-18,0,0.019011372500109,0,0.019011372500109,0.0,0.019011372500109,0,0.0,1,0.0073324025728134,1.0,0.0073324025728134,0,0.0,0,0.0205861694662882,0.0,0.0205861694662882
2021-05-19,0,0.0019011496232594,0,0.0019011496232594,0.0,0.0019011496232594,0,0.0,0,-0.0155377098979228,0.0,-0.0155377098979228,0,0.0,1,0.0,1.0,0.0
2021-05-20,0,-0.0007604598493036,1,-0.0007604598493036,1.0,-0.0007604598493036,0,0.0,1,-0.0214734675205917,1.0,-0.0214734675205917,0,0.0,0,0.0181568715910159,1.0,0.0181568715910159
2021-05-21,0,0.0,0,0.00881906022026,0.0,0.00881906022026,0,0.0,0,-0.0288931579151062,0.0,-0.0288931579151062,0,0.0,0,0.0099349197920398,0.0,0.0099349197920398
2021-05-24,0,0.0,1,0.0168711208625132,1.0,0.0168711208625132,0,0.0,0,0.0,0.0,0.0,0,0.0,0,0.0140458956915278,0.0,0.0140458956915278
2021-05-25,0,0.0,1,0.020705494871322,1.0,0.020705494871322,0,0.0,0,0.0,0.0,0.0,0,0.0,0,0.0081836579941773,1.0,0.0081836579941773
2021-05-26,0,0.0,1,0.010420736727285,0.0,0.010420736727285,1,0.0,1,0.0,1.0,0.0,0,0.0,0,0.0,0.0,0.0168500615529695
2021-05-27,1,0.0,1,0.0131224092121367,1.0,0.0131224092121367,0,0.0116425983481832,0,0.0116425983481832,0.0,0.0116425983481832,0,0.0,0,0.0,0.0,0.0144428936832676
2021-05-28,0,0.0312977334372349,1,0.0428406809505777,0.0,0.0428406809505777,0,0.0175992724255691,0,0.0175992724255691,0.0,0.0175992724255691,0,0.0,0,0.0,0.0,0.022695975787992
2021-05-31,0,0.0,1,0.0089019983538466,0.0,0.0,0,0.036913362215599,1,0.036913362215599,1.0,0.036913362215599,0,0.0,0,0.0,0.0,0.0
2021-06-01,0,0.0,1,0.0274480797231641,0.0,0.0,0,0.0,1,0.0085470058821983,1.0,0.0085470058821983,0,0.0,1,0.0,1.0,0.0
2021-06-02,1,0.0,1,0.0263254176425691,1.0,0.0,0,0.0,1,-0.0111111076468576,1.0,-0.0111111076468576,0,0.0,0,0.0371941794595056,0.0,0.0371941794595056
2021-06-04,1,0.0199572134192651,1,0.0199572134192651,1.0,0.0199572134192651,0,0.0,0,-0.0189743608530502,0.0,-0.0189743608530502,0,0.0,0,0.0,0.0,0.0
2021-06-07,0,0.0174625472454006,1,0.0174625472454006,1.0,0.0174625472454006,0,0.0,0,-0.0371794885785125,0.0,-0.0371794885785125,0,0.0,1,0.0,1.0,0.0
2021-06-08,0,0.0263720692949167,1,0.0263720692949167,1.0,0.0263720692949167,0,0.0,0,0.0,0.0,0.0,0,0.0,1,0.0100548493401442,1.0,0.0100548493401442
2021-06-09,1,0.0,1,0.0125348785931494,1.0,0.0125348785931494,1,0.0,1,0.0,1.0,0.0,0,0.0,1,0.0417428700457789,1.0,0.0417428700457789
2021-06-10,1,0.0069372510629085,1,0.0107939232329899,1.0,0.0107939232329899,0,0.0102477244021363,1,0.0102477244021363,1.0,0.0102477244021363,1,0.0,1,0.0083333267858749,1.0,0.0083333267858749
2021-06-11,0,0.0006937251062907,1,0.004526483936415,1.0,0.004526483936415,1,0.0226341070405347,1,0.0226341070405347,1.0,0.0226341070405347,1,0.0033292826761144,1,-0.0133928588966406,1.0,-0.0133928588966406
2021-06-14,0,0.0180367398893176,0,0.0219359242314472,0.0,0.0219359242314472,0,0.0032199049303326,1,0.0032199049303326,1.0,0.0032199049303326,0,0.0006053014237292,1,-0.0160714404971563,1.0,-0.0160714404971563
2021-06-15,0,0.0079778387223448,1,0.0,1.0,0.0,1,-0.0091375830602341,1,-0.0091375830602341,1.0,-0.0091375830602341,0,-0.0063559396094848,1,-0.0229166609376404,1.0,-0.0229166609376404
2021-06-16,0,0.0,1,0.0072213800834847,0.0,0.0072213800834847,1,-0.028544074279052,1,-0.028544074279052,1.0,-0.028544074279052,0,0.0172518146807843,1,0.0284577619713321,1.0,0.0284577619713321
2021-06-17,0,0.0,0,0.0041265668499129,0.0,0.0041265668499129,1,-0.0500391585570843,1,-0.0500391585570843,1.0,-0.0500391585570843,0,0.0,1,0.0202020038625523,1.0,0.0202020038625523
2021-06-18,0,0.0,1,-0.0226960057706583,1.0,-0.0226960057706583,1,0.0194374354165266,1,0.0194374354165266,1.0,0.0194374354165266,1,0.0,1,0.0067175771118021,1.0,0.0067175771118021
2021-06-21,1,0.0,1,-0.0027510445666087,1.0,-0.0027510445666087,0,0.0343893186472064,1,0.0343893186472064,1.0,0.0343893186472064,0,0.0161390312617653,1,-0.0003053558642734,0.0,-0.0003053558642734
2021-06-22,0,0.0093102764940038,1,0.0093102764940038,1.0,0.0093102764940038,1,0.0,1,0.012557592024342,1.0,0.012557592024342,0,0.0074487836592763,1,-0.0088549674008305,0.0,-0.0088549674008305
2021-06-23,1,0.0179310067778634,1,0.0179310067778634,1.0,0.0179310067778634,0,0.0163686616553633,0,0.032161894316016,0.0,0.032161894316016,0,0.0124146394321271,0,-0.0039694750942266,0.0,-0.0039694750942266
2021-06-24,0,0.0224137865254704,1,0.0224137865254704,0.0,0.0224137865254704,0,0.0153033236560635,1,0.0,1.0,0.0,0,-0.0006207575761919,0,0.0,0.0,0.0
2021-06-25,0,0.0,0,0.0033681532940495,0.0,0.0,0,0.0339002858560285,1,0.0212365582170866,1.0,0.0212365582170866,0,0.0,0,0.0,0.0,0.0
2021-06-28,0,0.0,1,-0.014146243835008,0.0,0.0,0,0.0,1,0.0040621684195139,1.0,0.0040621684195139,0,0.0,0,0.0,0.0,0.0
2021-06-29,0,0.0,1,-0.0171774721949245,1.0,0.0,1,0.0,1,-0.0016778590405971,1.0,-0.0016778590405971,0,0.0,0,0.0,0.0,0.0
2021-06-30,0,0.0,1,-0.0040417839528595,1.0,0.0186014222592687,0,0.0219082520331385,0,0.0091840255088698,0.0,0.0091840255088698,0,0.0,0,0.0,0.0,0.0
2021-07-01,1,0.0,1,0.0047074868430109,1.0,0.0292800808709725,0,0.0,0,0.0098904890095521,1.0,0.0098904890095521,0,0.0,0,0.0,0.0,0.0
2021-07-02,1,0.0027303884661744,1,-0.0121049661677422,1.0,0.0027303884661744,0,0.0,0,0.0,0.0,0.0144642959139853,0,0.0,0,0.0,0.0,0.0
2021-07-05,0,-0.0047780687521677,0,-0.0195023360720177,0.0,-0.0047780687521677,0,0.0,0,0.0,0.0,0.0175000041255075,0,0.0,0,0.0,0.0,0.0
2021-07-06,0,-0.0170648168499531,1,-0.03160730223976,0.0,-0.0170648168499531,0,0.0,0,0.0,0.0,0.0209821454949961,0,0.0,0,0.0,0.0,0.0
2021-07-07,1,-0.0392491120739835,1,0.0,1.0,-0.0392491120739835,0,0.0,1,0.0,1.0,0.0,0,0.0,0,0.0,0.0,0.0
2021-07-08,0,0.0102190266485192,1,-0.016696233515605,1.0,0.0102190266485192,0,0.0,0,0.0222281648493214,0.0,0.0222281648493214,0,0.0,0,0.0,0.0,0.0
2021-07-12,0,0.0138686790229904,1,-0.0131438188099722,1.0,0.0138686790229904,0,0.0,1,0.0,1.0,0.0,0,0.0,0,0.0,0.0,0.0
2021-07-13,0,0.0208028997693581,1,-0.0063943464701389,1.0,0.0208028997693581,0,0.0,1,0.0070373637473905,0.0,0.0070373637473905,0,0.0,0,0.0,0.0,0.0
2021-07-14,0,0.0,1,0.0035587357582533,1.0,0.0035587357582533,0,0.0,1,0.0115551637621246,1.0,0.0115551637621246,0,0.0,1,0.0,0.0,0.0
2021-07-15,0,0.0,1,-0.0167259422572251,1.0,-0.0167259422572251,0,0.0,1,0.009209384479435,0.0,0.009209384479435,0,0.0,1,0.0070328253561244,0.0,0.0
2021-07-16,1,0.0,1,-0.0256227816528585,1.0,-0.0256227816528585,0,0.0,0,0.0066898336964397,0.0,0.0066898336964397,0,0.0,1,-0.0023442382995607,1.0,0.0
2021-07-19,0,0.0184829528517045,0,-0.0587187925914834,0.0,-0.0587187925914834,0,0.0,1,0.0,0.0,0.0,0,0.0,1,-0.025787007896216,1.0,0.0135888277504262
2021-07-20,1,0.0373508419163958,1,0.0,1.0,0.0,0,0.0,1,0.0085592066957314,1.0,0.0,0,0.0,1,-0.0130609298163905,0.0,0.0268292696941696
2021-07-21,1,0.0167972705346402,1,0.0167972705346402,1.0,0.0167972705346402,0,0.0,1,0.0241619179601374,1.0,0.0187123138661919,0,0.0,1,0.0136705290453934,1.0,0.0
2021-07-22,0,0.0160507197789062,1,0.0160507197789062,1.0,0.0160507197789062,0,0.0,0,0.0089725628109683,1.0,0.017204690065566,0,0.0,1,0.0088858551517519,0.0,0.003399045522815
2021-07-23,1,0.0141843428895717,1,0.0141843428895717,1.0,0.0141843428895717,0,0.0,1,0.007125268925014,1.0,0.0153423242550556,1,0.0,1,0.0023923651274357,1.0,-0.0030591297595915
2021-07-26,0,0.0253826042255791,1,0.0253826042255791,1.0,0.0253826042255791,0,0.0,1,0.0278852979599866,1.0,0.0362717327232498,1,0.0226960035545886,1,0.0164046686712102,1.0,0.010876968094892
2021-07-27,0,0.0,0,0.0018281622656125,0.0,0.0018281622656125,0,0.0,0,0.0030250572347208,0.0,0.0030250572347208,1,0.0176271272094981,1,0.0176271272094981,1.0,0.0203942731368898
2021-07-28,0,0.0,1,0.0201096659394868,1.0,0.0201096659394868,1,0.0,1,0.0164217816024336,1.0,0.0164217816024336,0,0.0583051173777787,0,0.0583051173777787,0.0,0.0354892133252731
2021-07-29,0,0.0,0,0.0043164499174753,0.0,0.0043164499174753,0,0.0102259955179281,0,0.0160760537822478,0.0,0.0160760537822478,0,0.0,0,0.0,0.0,0.0
2021-07-30,0,0.0,0,0.0010790246871671,0.0,0.0010790246871671,0,-0.024576787308077,0,-0.0189282664306349,0.0,-0.0189282664306349,1,0.0,1,0.0,1.0,0.0
2021-08-02,0,0.0,1,-0.0140288426646689,1.0,-0.0140288426646689,0,-0.0429664058244929,1,0.0,1.0,0.0,1,0.0230519279136972,1,0.0230519279136972,1.0,0.0230519279136972
2021-08-03,0,0.0,1,-0.0334532769902492,1.0,-0.0334532769902492,1,-0.0287015579636278,1,0.0296046692889959,1.0,0.0296046692889959,1,0.0009553917612788,1,0.0009553917612788,1.0,0.0009553917612788
2021-08-04,0,0.0,0,0.0082862919634023,1.0,0.0082862919634023,0,0.0111607224844476,1,0.0111607224844476,1.0,0.0111607224844476,0,-0.0213375726130546,0,-0.0213375726130546,0.0,-0.0213375726130546
2021-08-05,0,0.0,1,0.0915254935299118,1.0,0.0915254935299118,0,-0.0179464239753849,1,-0.0179464239753849,1.0,-0.0179464239753849,1,-0.0264331178259986,1,-0.0264331178259986,1.0,-0.0264331178259986
2021-08-06,0,0.0,0,0.0014034011611544,1.0,0.0014034011611544,1,-0.0099107069805239,1,-0.0099107069805239,1.0,-0.0099107069805239,0,-0.0114649636056105,1,-0.0114649636056105,1.0,-0.0114649636056105
2021-08-09,0,0.0,0,-0.0101754862320876,0.0,-0.0101754862320876,0,-0.0227678515106837,1,-0.0227678515106837,1.0,-0.0227678515106837,1,0.0,1,0.0214494464410146,1.0,0.0214494464410146
2021-08-10,0,0.0,0,0.0098244932152958,1.0,0.0098244932152958,1,0.0,1,0.0164295622100054,1.0,0.0164295622100054,0,0.0003208815153733,1,0.0003208815153733,1.0,0.0003208815153733
2021-08-11,0,0.0,0,0.0171929487626697,0.0,0.0171929487626697,0,0.0028133215604237,1,0.0142267188608707,0.0,0.0142267188608707,0,0.0041719886835573,1,0.0041719886835573,1.0,0.0041719886835573
2021-08-12,0,0.0,1,0.0,1.0,0.0,0,-0.0019058024035195,1,0.0094538847640915,1.0,0.0094538847640915,0,-0.0022464879978357,1,-0.0022464879978357,1.0,-0.0022464879978357
2021-08-13,0,0.0,0,0.0189263362902256,0.0,0.0189263362902256,0,-0.0026318204343809,1,0.0087196036477133,0.0,0.0087196036477133,0,-0.0070603455088808,1,-0.0070603455088808,1.0,-0.0070603455088808
2021-08-16,0,0.0,0,0.0061939983623916,0.0,0.0061939983623916,0,-0.0117070525834922,1,0.0154793020507021,1.0,0.0,0,0.0,1,0.0163078750554883,1.0,0.0163078750554883
2021-08-17,0,0.0,0,0.0074205249305269,0.0,0.0074205249305269,1,0.0,1,0.0193957440967471,1.0,0.0111923060718121,0,0.0,1,-0.002609275011178,1.0,-0.002609275011178
2021-08-18,0,0.0,0,-0.0042469868185068,0.0,-0.0042469868185068,1,0.0,1,-0.0139873228047053,1.0,-0.0219221154855781,0,0.0,1,0.0150032643397205,1.0,0.0150032643397205
2021-08-19,0,0.0,1,0.0,1.0,0.0,0,-0.051636080517883,1,-0.0649011527960149,1.0,-0.0724262238831255,1,0.0,1,0.0055446893063873,1.0,0.0055446893063873
2021-08-20,0,0.0,1,0.0087120877658384,1.0,0.0087120877658384,1,-0.0627955357330132,1,0.0154729000230775,1.0,-0.0833410402322735,1,0.0111486798102355,1,0.0111486798102355,1.0,0.0111486798102355
2021-08-23,0,0.0,0,0.0344696809736487,0.0,0.0344696809736487,0,-0.0738604071091411,1,0.0034839718296048,1.0,0.0037925402070327,1,0.021283792821019,1,0.021283792821019,1.0,0.021283792821019
2021-08-24,0,0.0,0,0.0,0.0,0.0,1,0.0,1,0.0377087934049347,1.0,0.038027885814592,1,0.0251239476613295,1,0.0251239476613295,1.0,0.0251239476613295
2021-08-25,0,0.0,0,0.0,0.0,0.0,1,0.0036966752275329,1,0.0036966752275329,1.0,0.0036966752275329,1,0.0097560761918458,1,0.0097560761918458,1.0,0.0097560761918458
2021-08-26,0,0.0,1,0.0,1.0,0.0,0,-0.0028973953046872,1,-0.0028973953046872,0.0,-0.0028973953046872,0,0.0061788838700518,1,0.0061788838700518,1.0,0.0061788838700518
2021-08-27,0,0.0,1,0.0285198589579466,0.0,0.0285198589579466,0,0.0090918184296561,1,0.0090918184296561,0.0,0.0090918184296561,0,0.0035772457446182,1,0.0035772457446182,1.0,0.0035772457446182
2021-08-30,0,0.0,1,0.0109155597851212,1.0,0.0,1,0.0154860727040791,1,0.0154860727040791,1.0,0.0154860727040791,0,0.001626030506249,1,0.001626030506249,1.0,0.001626030506249
2021-08-31,0,0.0,0,-0.0059858928363835,1.0,0.0010638257321016,1,0.0026262564701885,1,0.0026262564701885,1.0,0.0026262564701885,1,0.0,1,0.0208945376382977,1.0,0.0208945376382977
2021-09-01,0,0.0,0,-0.0373239105338716,0.0,-0.0304964465628508,0,0.0059595999409698,1,0.0059595999409698,0.0,0.0059595999409698,0,0.0183515711411952,1,0.0183515711411952,1.0,0.0183515711411952
2021-09-02,0,0.0,1,-0.0369717991905549,0.0,-0.0301418379854835,0,0.0101010084281638,1,0.0101010084281638,1.0,0.0101010084281638,0,-0.0051513302717689,1,-0.0051513302717689,0.0,-0.0051513302717689
2021-09-03,0,0.0,0,0.0048780302290824,0.0,-0.0503546358046842,0,0.0189899042760928,1,0.0189899042760928,1.0,0.0189899042760928,1,-0.0289761733067258,1,-0.0289761733067258,1.0,-0.0289761733067258
2021-09-06,0,0.0,0,0.0022513985672688,0.0,0.0,0,0.0,0,0.0068118538560807,0.0,0.0068118538560807,0,-0.0254346040088974,1,-0.0254346040088974,1.0,-0.0254346040088974
2021-09-08,0,0.0,0,-0.0112569928363439,0.0,0.0,0,0.0,0,-0.0016513557135676,0.0,-0.0016513557135676,1,0.0,1,0.0019972929604785,1.0,0.0019972929604785
2021-09-09,0,0.0,1,-0.0288930635235285,0.0,0.0,0,0.0,0,-0.0120755444242701,0.0,-0.0120755444242701,0,0.0189917397637196,0,-0.0176431462067529,0.0,-0.0176431462067529
2021-09-10,0,0.0,0,0.004611819629128,0.0,0.0,0,0.0,0,-0.0072246850927295,0.0,-0.0072246850927295,0,0.0241712690736958,1,-0.012649831817121,1.0,-0.012649831817121
2021-09-13,0,0.0,1,0.0142198952236884,1.0,0.0,0,0.0,0,0.0,0.0,0.0,1,0.0,1,-0.0206391676359066,1.0,-0.0206391676359066
2021-09-14,0,0.0,0,0.0088394389897056,0.0,0.0115607682103907,0,0.0,0,0.0,0.0,0.0,0,0.008934718684558,0,0.008934718684558,0.0,0.008934718684558
2021-09-15,0,0.0,1,0.0169101233406797,1.0,0.0196532231110741,0,0.0,0,0.0,0.0,0.0,0,-0.0010309334193395,0,-0.0010309334193395,0.0,-0.0010309334193395
2021-09-16,0,0.0,0,0.0061350639684962,0.0,0.01117541321512,0,0.0,0,0.0,0.0,0.0,0,-0.0151202627760192,0,-0.0151202627760192,0.0,-0.0151202627760192
2021-09-17,0,0.0,0,-0.0023006048273133,0.0,0.0026974849668945,0,0.0,0,0.0,0.0,0.0,0,-0.0206185555376377,0,-0.0206185555376377,0.0,-0.0206185555376377
2021-09-20,0,0.0,1,-0.0548311994799616,1.0,0.0,0,0.0,0,0.0,0.0,0.0,0,0.0,0,0.0,0.0,0.0
2021-09-21,0,0.0,0,-0.0302914146552861,0.0,0.008373173955334,0,0.0,0,0.0,1.0,0.0,0,0.0,1,0.0,0.0,0.0
2021-09-22,0,0.0,1,0.0,1.0,0.0454546178159677,0,0.0,0,0.0,1.0,0.0156640166056915,0,0.0,1,0.0241492969181769,0.0,0.0
2021-09-23,0,0.0,0,0.0385356178793356,0.0,0.0385356178793356,0,0.0,0,0.0,1.0,0.0066456433703064,1,0.0,1,0.036519892259995,1.0,0.0
2021-09-24,0,0.0,0,0.0,0.0,0.0,0,0.0,0,0.0,0.0,-0.0127755818239139,0,0.0063158236772929,1,0.0063158236772929,1.0,0.0063158236772929
2021-09-27,0,0.0,1,0.0,0.0,0.0,0,0.0,0,0.0,0.0,-0.0060094798548642,1,0.0291228111009533,1,0.0291228111009533,1.0,0.0291228111009533
2021-09-28,0,0.0,1,0.0257447731856125,1.0,0.0,0,0.0,0,0.0,0.0,0.0,1,0.0238589362981032,1,0.0238589362981032,1.0,0.0238589362981032
2021-09-29,1,0.0,1,0.0117603370803003,1.0,0.0117603370803003,0,0.0,0,0.0,0.0,0.0,1,0.0111692491210382,1,0.0111692491210382,1.0,0.0111692491210382
2021-09-30,1,0.001816193619627,1,0.0135978897490972,1.0,0.0135978897490972,0,0.0,0,0.0,0.0,0.0,0,0.020244303433073,1,0.020244303433073,1.0,0.020244303433073
2021-10-01,0,0.0170723315842987,1,0.0290334450387771,1.0,0.0290334450387771,0,0.0,0,0.0,0.0,0.0,1,0.0,1,0.0257555365020103,1.0,0.0257555365020103
2021-10-04,0,0.0464947797820613,1,0.0378242864839927,1.0,0.0378242864839927,0,0.0,0,0.0,0.0,0.0,1,0.0024242662251301,1,0.0024242662251301,1.0,0.0024242662251301
2021-10-05,0,0.0,1,0.0162069406665821,1.0,0.0162069406665821,0,0.0,0,0.0,0.0,0.0,0,0.0254545464602167,1,0.0254545464602167,1.0,0.0254545464602167
2021-10-06,0,0.0,1,0.0058620466159367,1.0,0.0058620466159367,0,0.0,0,0.0,0.0,0.0,1,0.0,1,0.0236252445883861,1.0,0.0236252445883861
2021-10-07,0,0.0,1,-0.0006896525430514,1.0,-0.0006896525430514,0,0.0,0,0.0,1.0,0.0,0,0.0047751615117744,1,0.0047751615117744,1.0,0.0047751615117744
2021-10-08,1,0.0,1,0.0210345084679418,1.0,0.0210345084679418,0,0.0,0,0.0,1.0,0.0046648642385769,1,0.0087544900093512,1,0.0087544900093512,1.0,0.0087544900093512
2021-10-11,1,0.0118643610771914,1,0.0118643610771914,1.0,0.0118643610771914,0,0.0,0,0.0,1.0,0.0201325780838071,1,-0.0127337640313983,1,-0.0127337640313983,1.0,-0.0127337640313983
2021-10-13,0,0.0067796349012521,1,0.0067796349012521,1.0,0.0067796349012521,0,0.0,0,0.0,1.0,0.0,1,-0.0270593030422513,1,-0.0270593030422513,1.0,-0.0270593030422513
2021-10-14,0,0.0244067897543807,1,0.0244067897543807,0.0,0.0244067897543807,0,0.0,0,0.0,0.0,-0.0069307076789964,0,0.0073680063240475,1,0.0073680063240475,1.0,0.0073680063240475
2021-10-15,0,0.0,0,0.0013422767606897,0.0,0.0,0,0.0,0,0.0,0.0,0.0018564216522634,0,0.0180106136364769,1,0.0180106136364769,1.0,0.0180106136364769
2021-10-18,0,0.0,0,-0.0053691070427582,0.0,0.0,0,0.0,0,0.0,0.0,-0.0049505078722788,0,0.0253786199605246,0,0.0253786199605246,0.0,0.0253786199605246
2021-10-19,0,0.0,1,-0.0161074241900656,1.0,0.0,0,0.0,0,0.0,0.0,0.0,0,0.0,1,0.0,1.0,0.0
2021-10-20,0,0.0,1,-0.0335570220790303,1.0,0.0187478265290725,0,0.0,0,0.0,0.0,0.0,0,0.0,1,0.0203665940080934,1.0,0.0203665940080934
2021-10-21,0,0.0,1,0.011485957118814,1.0,-0.0031835747359487,0,0.0,0,0.0,0.0,0.0,0,0.0,0,0.031583284617353,0.0,0.031583284617353
2021-10-22,1,0.0,1,-0.0035894718380077,1.0,-0.0180403654766392,0,0.0,0,0.0,1.0,0.0,0,0.0,1,0.0,1.0,0.0
2021-10-25,1,0.0558357461092258,1,0.0520458534330049,1.0,0.0367880833661153,0,0.0,0,0.0,0.0,0.0047927625394075,0,0.0,1,0.0266159702414714,1.0,0.0266159702414714
2021-10-26,0,0.0149304982363823,1,0.0149304982363823,1.0,0.0149304982363823,0,0.0,0,0.0,0.0,-0.0016839251592705,1,0.0,1,0.0126635800792603,1.0,0.0126635800792603
2021-10-27,0,0.0090277431196729,1,0.0090277431196729,1.0,0.0090277431196729,0,0.0,0,0.0,0.0,-0.0060880720947621,1,0.0234506059498256,1,0.0316589790915677,1.0,0.0316589790915677
2021-10-28,0,0.0156249400148186,0,0.0156249400148186,0.0,0.0156249400148186,0,0.0,0,0.0,0.0,-0.0326424864122711,1,0.0130967692943084,1,0.0130967692943084,1.0,0.0130967692943084
2021-10-29,0,0.0135416146795095,1,0.0135416146795095,1.0,0.0135416146795095,0,0.0,0,0.0,0.0,0.0,1,0.0198563697678898,1,0.0198563697678898,1.0,0.0198563697678898
2021-11-01,1,0.0,1,0.0220137413396197,1.0,0.0220137413396197,0,0.0,0,0.0,0.0,0.0,1,0.0303532526861338,1,0.0303532526861338,1.0,0.0303532526861338
2021-11-03,1,0.0050524194755058,1,0.0050524194755058,1.0,0.0050524194755058,0,0.0,0,0.0,0.0,0.0,0,0.0358183844366631,1,0.0358183844366631,1.0,0.0358183844366631
2021-11-04,0,-0.016961321864114,1,-0.016961321864114,1.0,-0.016961321864114,0,0.0,0,0.0,1.0,0.0,1,0.0,1,0.0102123962957608,1.0,0.0102123962957608
2021-11-05,0,-0.0422229759011173,1,-0.0422229759011173,1.0,-0.0422229759011173,0,0.0,0,0.0,0.0,0.0034623057468422,0,0.0021276317080049,1,-0.037990223744334,1.0,-0.037990223744334
2021-11-08,0,-0.0378924256379393,1,-0.0378924256379393,1.0,-0.0378924256379393,0,0.0,0,0.0,1.0,0.0258919248395497,1,-0.0136170524870345,1,-0.0531046060250327,1.0,-0.0531046060250327
2021-11-09,1,0.0,1,0.0286258434630564,1.0,0.0286258434630564,0,0.0,0,0.0,1.0,0.0007434888258326,1,-0.0131915377874225,1,-0.0526961258195028,1.0,-0.0526961258195028
2021-11-10,0,0.0124059677683609,1,0.0124059677683609,1.0,0.0124059677683609,0,0.0,0,0.0,1.0,-0.0144237836112213,0,0.0012766023087809,1,0.0443852907718325,1.0,0.0443852907718325
2021-11-11,0,0.0105262756822456,1,0.0105262756822456,1.0,0.0105262756822456,0,0.0,0,0.0,1.0,0.0298884716566217,1,0.0,1,0.0017072022848172,1.0,0.0017072022848172
2021-11-12,0,0.0210526668246932,1,0.0210526668246932,1.0,0.0210526668246932,0,0.0,0,0.0,1.0,0.0358737628578657,1,0.0160660043760811,1,-0.0012804163095763,1.0,-0.0012804163095763
2021-11-16,0,0.0,0,0.0110050935737149,0.0,0.0110050935737149,0,0.0,0,0.0,1.0,0.0010294238742901,0,0.0165002030517336,0,-0.0008536303343356,0.0,-0.0008536303343356
2021-11-17,0,0.0,0,0.0066030561442288,0.0,0.0066030561442288,0,0.0,0,0.0,1.0,-0.004264693644285,0,0.0065132177264014,0,-0.010670116451852,0.0,-0.010670116451852
2021-11-18,0,0.0,1,-0.0187087717400734,1.0,-0.0187087717400734,0,0.0,0,0.0,1.0,-0.0492647124087384,0,-0.0026053108497221,0,0.0,0.0,0.0
2021-11-19,0,0.0,1,-0.03595008500556,1.0,-0.03595008500556,0,0.0,1,0.0,1.0,-0.0470588267999046,0,0.0,0,0.0,0.0,0.0
2021-11-22,1,0.0,1,0.0315589305213998,1.0,0.0315589305213998,0,0.0,1,0.0529366818289755,1.0,0.0529366818289755,0,0.0,0,0.0,0.0,0.0
2021-11-23,1,0.0541150190859011,1,0.0541150190859011,1.0,0.0541150190859011,0,0.0,1,0.019260716684234,1.0,0.019260716684234,0,0.0,1,0.0,0.0,0.0
2021-11-24,1,0.0237581206036084,1,0.0237581206036084,1.0,0.0237581206036084,0,0.0,0,0.0052400497493411,0.0,0.0052400497493411,0,0.0,1,0.0432238017375528,1.0,0.0
2021-11-25,1,0.0254733306296541,1,0.0254733306296541,1.0,0.0254733306296541,0,0.0,0,0.0096303679034141,0.0,0.0096303679034141,0,0.0,1,0.0168830873977587,1.0,0.0168830873977587
2021-11-26,1,0.0271222316230985,1,0.0271222316230985,1.0,0.0271222316230985,0,0.0,0,-0.0177028754262425,0.0,-0.0177028754262425,0,0.0,1,-0.0060606074791455,1.0,-0.0060606074791455
2021-11-29,1,0.0156676205368145,1,0.0156676205368145,1.0,0.0156676205368145,0,0.0,0,0.0,0.0,0.0,0,0.0,1,0.0038960880895201,1.0,0.0038960880895201
2021-11-30,0,0.0095368534335769,1,0.0095368534335769,1.0,0.0095368534335769,0,0.0,0,0.0,1.0,0.0,0,0.0,1,-0.0151515186978641,1.0,-0.0151515186978641
2021-12-01,0,0.0446185697973106,1,0.0446185697973106,1.0,0.0446185697973106,0,0.0,0,0.0,0.0,0.0091163976381256,0,0.0,1,0.0159574840668522,1.0,0.0159574840668522
2021-12-02,0,0.0,1,0.0555761861494092,1.0,0.0555761861494092,0,0.0,1,0.0,1.0,0.0316970430437712,0,0.0,1,0.0265957469099825,1.0,0.0265957469099825
2021-12-03,0,0.0,0,0.0161516719106266,0.0,0.0161516719106266,0,0.0,0,0.017102203175704,1.0,0.017102203175704,0,0.0,0,0.0274270828941747,0.0,0.0274270828941747
2021-12-06,0,0.0,1,0.0277388139306814,0.0,0.0277388139306814,0,0.0,1,0.0396771069339335,1.0,0.0396771069339335,1,0.0,1,0.0,1.0,0.0
2021-12-07,0,0.0,0,0.0099044060895201,0.0,0.0,0,0.0,0,0.0195452305288709,0.0,0.0195452305288709,1,0.0008466848061277,1,0.0008466848061277,1.0,0.0008466848061277
2021-12-08,0,0.0,1,0.026980923235974,1.0,0.0,0,0.0,0,-0.0164793018681076,0.0,-0.0164793018681076,0,-0.0203218077003659,0,-0.0203218077003659,0.0,-0.0203218077003659
2021-12-09,1,0.0,1,0.0134021180325897,1.0,0.0134021180325897,0,0.0,1,-0.0297649467342631,1.0,-0.0297649467342631,1,-0.035139735300495,1,-0.035139735300495,1.0,-0.035139735300495
2021-12-10,0,0.0203390185509058,1,0.0343642895797004,1.0,0.0343642895797004,0,0.0,1,-0.026571272483379,1.0,-0.026571272483379,0,-0.0503810338943819,0,-0.0503810338943819,0.0,-0.0503810338943819
2021-12-13,1,0.0,1,0.0128075745591176,1.0,0.0128075745591176,0,0.0,1,0.0158709702462842,1.0,0.0158709702462842,0,0.0,1,0.0,0.0,0.0
2021-12-14,0,0.0081053466073495,1,0.0060667167450153,1.0,0.0060667167450153,0,0.0,1,0.0179354882591982,1.0,0.0179354882591982,0,0.0,0,0.0183823330881811,0.0,0.0
2021-12-15,0,-0.0104694368121087,1,-0.0124705040245742,0.0,-0.0124705040245742,0,0.0,1,0.0087741971992509,1.0,0.0087741971992509,0,0.0,0,0.0096506953884556,0.0,0.0
2021-12-16,1,0.0124957734639461,1,0.0104482651095691,1.0,0.0104482651095691,0,0.0,1,0.038193557105108,1.0,0.038193557105108,0,0.0,0,0.0091911355095229,0.0,0.0
2021-12-17,0,0.0010131683259186,1,0.0109140831357992,0.0,0.0109140831357992,0,0.0,1,0.0096370412698494,1.0,0.0096370412698494,0,0.0,0,0.0041360389103963,0.0,0.0
2021-12-20,0,0.0,1,-0.0262619251272972,1.0,-0.0262619251272972,0,0.0,1,-0.0125156516199424,1.0,-0.0125156516199424,0,0.0,0,0.0,0.0,0.0
2021-12-21,0,0.0,1,-0.0204637893219973,0.0,-0.0204637893219973,1,0.0,1,0.0061326534085203,1.0,0.0061326534085203,0,0.0,0,0.0,0.0,0.0
2021-12-22,0,0.0,1,-0.0313778724577965,0.0,-0.0313778724577965,0,0.003254484228441,1,0.0031289044553838,1.0,0.0031289044553838,0,0.0,1,0.0,1.0,0.0
2021-12-23,1,0.0,1,0.0031768353416103,1.0,0.0,0,0.0021279267951132,0,0.0013758495490126,0.0,0.0013758495490126,0,0.0,0,0.0112517844484427,0.0,0.0112517844484427
2021-12-27,0,0.016243021097276,1,0.0158842732126645,1.0,0.016243021097276,0,-0.0055075652924581,0,-0.0062539122523264,0.0,-0.0062539122523264,0,0.0,0,0.0173465010246825,0.0,0.0173465010246825
2021-12-28,0,0.0338983067209947,1,0.0335333262756293,0.0,0.0338983067209947,0,-0.0170233974595863,0,-0.0177611020145169,0.0,-0.0177611020145169,0,0.0,0,0.0173465010246825,0.0,0.0173465010246825
2021-12-29,0,0.0,0,0.0069686849281634,0.0,0.0,0,0.0,0,-0.0246404004254855,0.0,-0.0246404004254855,0,0.0,0,0.0117206088004612,0.0,0.0117206088004612
2021-12-30,1,0.0,1,0.0,1.0,0.0,0,0.0,0,0.0,0.0,0.0,0,0.0,0,0.0,0.0,0.0
2022-01-03,0,0.0238262057417322,1,0.0181184474485576,1.0,0.0238262057417322,0,0.0,0,0.0,0.0,0.0,0,0.0,0,0.0,0.0,0.0
2022-01-04,0,0.0,1,0.0243903019880957,0.0,0.0082305232825785,0,0.0,0,0.0,0.0,0.0,0,0.0,0,0.0,0.0,0.0
2022-01-05,0,0.0,1,0.0027407193512562,0.0,0.0037723427040444,0,0.0,1,0.0,1.0,0.0,0,0.0,1,0.0,1.0,0.0
2022-01-06,0,0.0,1,-0.0184994341447624,1.0,-0.01748966274028,0,0.0,1,0.0217446673766563,1.0,0.0217446673766563,0,0.0,1,0.0277264115533065,1.0,0.0277264115533065
2022-01-07,1,0.0,1,-0.0308324839026524,1.0,-0.0298354007852773,0,0.0,1,0.0447761184003516,1.0,0.0447761184003516,0,0.0,1,0.0253508101596529,1.0,0.0253508101596529
2022-01-10,0,0.0089317686019255,1,-0.0325453632511513,1.0,0.0089317686019255,0,0.0,1,0.0215783743465692,1.0,0.0215783743465692,0,0.0,1,0.0137350528004039,1.0,0.0137350528004039
2022-01-11,0,0.0385851973824941,1,0.0345195057478186,1.0,0.0385851973824941,1,0.0,1,0.020004802852947,1.0,0.020004802852947,1,0.0,1,0.0345591284644809,1.0,0.0345591284644809
2022-01-12,0,0.0,1,0.0331606222509732,0.0,0.0331606222509732,0,0.0010405905077537,1,0.0010405905077537,1.0,0.0010405905077537,0,0.0103181233286243,1,0.0103181233286243,1.0,0.0103181233286243
2022-01-13,0,0.0,1,0.0372503036722118,1.0,0.0,0,-0.0145681578274261,0,-0.0145681578274261,0.0,-0.0145681578274261,1,0.0240756404392922,1,0.0240756404392922,1.0,0.0240756404392922
2022-01-14,1,0.0,1,0.0435931880305317,1.0,0.0435931880305317,0,-0.0180367564262298,1,-0.0180367564262298,1.0,-0.0180367564262298,0,0.0118794949746061,1,0.0118794949746061,1.0,0.0118794949746061
2022-01-17,1,0.013057345748485,1,0.013057345748485,1.0,0.013057345748485,1,-0.0218522289353445,1,-0.0218522289353445,1.0,-0.0218522289353445,1,0.007636826377167,1,0.007636826377167,1.0,0.007636826377167
2022-01-18,0,0.0184713140653642,1,0.0184713140653642,1.0,0.0184713140653642,1,0.0271931765463897,1,0.0271931765463897,1.0,0.0271931765463897,0,0.0165464762353418,1,0.0165464762353418,1.0,0.0165464762353418
2022-01-19,1,0.0257961920421108,1,0.0257961920421108,1.0,0.0257961920421108,0,0.0058770359241078,1,0.0058770359241078,1.0,0.0058770359241078,1,0.0216376556504923,1,0.0216376556504923,1.0,0.0216376556504923
2022-01-20,1,0.0158730282719982,1,0.0158730282719982,1.0,0.0158730282719982,0,0.0055379788004907,1,0.0055379788004907,0.0,0.0055379788004907,0,0.005522521273198,1,0.005522521273198,1.0,0.005522521273198
2022-01-21,1,0.012063428580703,1,0.012063428580703,1.0,0.012063428580703,0,-0.0197784695552325,1,-0.0197784695552325,0.0,-0.0197784695552325,1,0.004672929074587,1,0.004672929074587,1.0,0.004672929074587
2022-01-24,1,0.0238095424079971,1,0.0238095424079971,1.0,0.0238095424079971,0,-0.0510849881367394,1,-0.0510849881367394,1.0,-0.0510849881367394,1,0.0004247960993055,1,0.0004247960993055,1.0,0.0004247960993055
2022-01-25,1,0.0482650207385424,1,0.0482650207385424,1.0,0.0482650207385424,1,0.0,1,0.0117772935173958,1.0,0.0117772935173958,0,0.0259133646413599,1,0.0259133646413599,1.0,0.0259133646413599
2022-01-26,1,0.0291290727923044,1,0.0291290727923044,1.0,0.0291290727923044,0,0.007683357760637,1,0.0297406622616337,1.0,0.0297406622616337,0,0.0,0,0.0069872707251528,0.0,0.0069872707251528
2022-01-27,0,0.0113868288947936,1,0.0113868288947936,1.0,0.0113868288947936,0,-0.0051222280278799,1,0.0054117716131635,1.0,0.0054117716131635,0,0.0,1,0.0242498906349639,0.0,0.0242498906349639
2022-01-28,0,0.002919726324649,1,0.002919726324649,1.0,0.002919726324649,0,0.0052386415867492,0,0.0158823445500259,0.0,0.0158823445500259,0,0.0,1,0.0269039485179576,1.0,0.0
2022-01-31,1,-0.0364963794978488,1,-0.0364963794978488,1.0,-0.0364963794978488,0,-0.03445868064518,0,-0.0242353022583712,1.0,-0.0242353022583712,0,0.0,1,0.0340494714244031,1.0,0.0340494714244031
2022-02-01,1,-0.0271532871886142,1,-0.0271532871886142,1.0,-0.0271532871886142,1,0.0,1,0.0038823554790791,1.0,0.0038823554790791,1,0.0,1,0.0158165481760413,1.0,0.0158165481760413
2022-02-02,1,0.0023944585971259,1,0.0023944585971259,1.0,0.0023944585971259,0,0.0092397596485645,1,0.0092397596485645,1.0,0.0092397596485645,1,0.0015704982262931,1,0.0086991121614854,1.0,0.0086991121614854
2022-02-03,0,-0.01466625325616,1,-0.01466625325616,1.0,-0.01466625325616,0,0.0149707580063648,0,0.0149707580063648,0.0,0.0149707580063648,0,0.0023557473394397,1,0.0094899502349504,0.0,0.0094899502349504
2022-02-04,0,-0.0053875932168272,1,-0.0053875932168272,1.0,-0.0053875932168272,0,0.0312280718211682,1,0.0312280718211682,1.0,0.0312280718211682,0,0.0113859797744479,1,0.0185844547715113,0.0,0.0185844547715113
2022-02-07,1,-0.0188566580899535,1,-0.0188566580899535,1.0,-0.0188566580899535,0,0.0,0,0.023709575745084,0.0,0.023709575745084,1,0.0031409435061152,1,0.0039292248851085,1.0,0.0
2022-02-08,0,0.0015673650731617,1,0.0015673650731617,1.0,0.0015673650731617,0,0.0,0,0.0,0.0,0.0,0,0.0174050528248317,0,0.0106090078671398,0.0,0.0174050528248317
2022-02-09,1,0.0247648481015154,1,0.0247648481015154,1.0,0.0247648481015154,0,0.0,0,0.0,0.0,0.0,1,0.0051424007586,1,-0.0015717323445052,1.0,0.0051424007586
2022-02-10,0,0.0185758831016353,1,0.0185758831016353,1.0,0.0185758831016353,0,0.0,0,0.0,0.0,0.0,0,0.0011866996605374,0,-0.005501010217691,0.0,0.0011866996605374
2022-02-11,1,0.049845200268793,1,0.049845200268793,1.0,0.049845200268793,0,0.0,1,0.0,1.0,0.0,0,0.0680379628667454,1,0.0,1.0,0.0680379628667454
2022-02-14,0,0.002362636098247,1,0.002362636098247,0.0,0.002362636098247,0,0.0,1,0.0116342895535864,1.0,0.0116342895535864,1,0.0,1,0.0033834832138138,1.0,0.0033834832138138
2022-02-15,1,-0.034849387096136,1,-0.034849387096136,1.0,-0.034849387096136,0,0.0,0,-0.0128416122608713,0.0,-0.0128416122608713,0,0.0037313479775096,1,0.0112782097830568,1.0,0.0112782097830568
2022-02-16,0,-0.0047253529400128,1,-0.0047253529400128,1.0,-0.0047253529400128,0,0.0,0,-0.0053781183377805,0.0,-0.0053781183377805,0,0.0026119536480375,1,0.0101503989441995,0.0,0.0101503989441995
2022-02-17,1,-0.0168340547093859,1,-0.0168340547093859,1.0,-0.0168340547093859,0,0.0,0,-0.0231588224974197,0.0,-0.0231588224974197,0,-0.011940273272908,1,-0.0045112433554293,1.0,-0.0045112433554293
2022-02-18,1,0.0159655953880507,1,0.0159655953880507,1.0,0.0159655953880507,0,0.0,1,0.0,0.0,0.0,0,-0.0093283196248705,1,0.0125858174766389,1.0,0.0125858174766389
2022-02-21,0,0.0439054502732883,1,0.0439054502732883,1.0,0.0439054502732883,0,0.0,1,0.0160508121724181,1.0,0.0,0,0.0,1,0.0022883117477589,0.0,0.0022883117477589
2022-02-22,0,0.0,1,0.0134424196531142,0.0,0.0134424196531142,0,0.0,1,0.009237868086947,1.0,0.0081901033528024,0,0.0,1,-0.0025174926600132,0.0,-0.0025174926600132
2022-02-23,0,0.0,0,0.0111046388024323,0.0,0.0111046388024323,0,0.0,1,0.0200923833583972,1.0,0.0190333497463524,0,0.0,0,-0.0048070387753428,0.0,-0.0048070387753428
2022-02-24,1,0.0,1,0.0312682283350607,1.0,0.0312682283350607,1,0.0,1,0.0404159760921822,1.0,0.0155727378696389,0,0.0,1,0.0,0.0,0.0
2022-02-25,1,0.0164424316281335,1,0.0164424316281335,1.0,0.0164424316281335,0,0.0680767481797033,1,0.0680767481797033,1.0,0.0659822375858286,0,0.0,0,0.0253316871838308,0.0,0.0
2022-03-02,1,0.0550074254613634,1,0.0550074254613634,1.0,0.0550074254613634,0,0.0,0,0.0073759715409481,0.0,0.0073759715409481,0,0.0,0,0.0,0.0,0.0
2022-03-03,0,0.0031590686958072,0,0.0031590686958072,0.0,0.0031590686958072,0,0.0,0,0.0231383278506261,0.0,0.0231383278506261,0,0.0,0,0.0,0.0,0.0
2022-03-04,1,-0.0040207185409081,1,-0.0040207185409081,1.0,-0.0040207185409081,0,0.0,0,0.0,0.0,0.0,0,0.0,1,0.0,0.0,0.0
2022-03-07,0,-0.0063182159090051,1,-0.0063182159090051,1.0,-0.0063182159090051,1,0.0,1,0.0,1.0,0.0,0,0.0,0,0.0074166140100873,0.0,0.0
2022-03-08,1,-0.0531304412551726,1,-0.0531304412551726,1.0,-0.0531304412551726,0,0.0011215916990501,1,0.0011215916990501,1.0,0.0011215916990501,0,0.0,1,0.0078286172905746,1.0,0.0
2022-03-09,1,0.0067484751586019,1,0.0067484751586019,1.0,0.0067484751586019,1,-0.0701648669881116,1,-0.0701648669881116,1.0,-0.0701648669881116,0,0.0,1,0.0428512824656533,1.0,0.0454357943795196
2022-03-10,1,0.0613497436730057,1,0.0613497436730057,1.0,0.0613497436730057,1,-0.0556058565835415,1,-0.0556058565835415,1.0,-0.0556058565835415,0,0.0,1,0.0153597304388567,0.0,0.0153597304388567
2022-03-11,1,0.0138602324903212,1,0.0138602324903212,1.0,0.0138602324903212,0,-0.0448321929226569,1,-0.0448321929226569,1.0,-0.0448321929226569,1,0.0,1,0.0343573189920463,1.0,0.0343573189920463
2022-03-14,0,-0.030079617465936,1,-0.030079617465936,1.0,-0.030079617465936,1,0.0,1,0.0023162737295978,1.0,0.0023162737295978,1,0.0207834125892437,1,0.0207834125892437,1.0,0.0207834125892437
2022-03-15,1,-0.0698909304168132,1,-0.0698909304168132,1.0,-0.0698909304168132,0,0.0066299693721326,1,-0.0568540699499142,1.0,-0.0568540699499142,0,0.0131421917356029,1,0.0131421917356029,1.0,0.0131421917356029
2022-03-16,0,-0.0698909304168132,1,-0.0698909304168132,0.0,-0.0698909304168132,1,0.0549500041539862,1,-0.0115813823377929,1.0,-0.0115813823377929,0,0.0219036350127954,1,0.0219036350127954,1.0,0.0219036350127954
2022-03-17,0,0.0,1,0.0047999862820039,1.0,0.0,1,0.0223896654129375,1,0.0,1.0,0.0,0,0.0,1,0.0214508159932491,1.0,0.0214508159932491
2022-03-18,0,0.0,1,-0.0137599898374846,1.0,0.024260604491207,1,0.0071271312824034,1,0.0071271312824034,1.0,0.0071271312824034,1,0.0,1,0.0195477316216476,1.0,0.0195477316216476
2022-03-21,0,0.0,1,0.0268800106664417,1.0,0.0381753565401366,1,0.0421339460166205,1,0.0421339460166205,1.0,0.0421339460166205,0,0.0245839716292979,0,0.0383288865448933,0.0,0.0383288865448933
2022-03-22,1,0.0,1,0.0034385362709854,1.0,0.0034385362709854,1,0.0045680604712289,1,0.0045680604712289,1.0,0.0045680604712289,0,0.0,0,0.0,0.0,0.0
2022-03-23,0,0.0169119467199271,1,0.015004646220221,0.0,0.015004646220221,1,0.0043650428943101,1,0.0043650428943101,1.0,0.0043650428943101,0,0.0,0,0.0,0.0,0.0
2022-03-24,1,0.0209833698419971,1,0.0190684330593461,1.0,0.0190684330593461,0,-0.0092376495297843,0,-0.0092376495297843,0.0,-0.0092376495297843,0,0.0,0,0.0,0.0,0.0
2022-03-25,0,0.0124416723528823,1,0.0175054775658883,1.0,0.0175054775658883,0,-0.0021317703527364,1,-0.0021317703527364,1.0,-0.0021317703527364,0,0.0,1,0.0,1.0,0.0
2022-03-28,1,-0.0021773160472376,1,0.0006238001015306,1.0,0.0006238001015306,1,0.0,1,0.0066875629060731,1.0,0.0066875629060731,0,0.0,0,0.006172810524413,0.0,0.006172810524413
2022-03-29,1,0.0189735354564743,1,0.0218340268756789,1.0,0.0218340268756789,0,0.0033564074726268,1,-0.0004179845700868,0.0,-0.0004179845700868,0,0.0,0,0.0196078287529255,0.0,0.0196078287529255
2022-03-30,1,0.0261275374524892,1,0.0150769929631671,1.0,0.0150769929631671,1,0.0185651386353602,1,0.0147335349045037,1.0,0.0147335349045037,0,0.0,0,0.0152505334744976,0.0,0.0152505334744976
2022-03-31,0,0.0307031261673118,1,0.0329231248080959,1.0,0.0329231248080959,1,0.0162576110550752,1,0.0124346877030676,1.0,0.0124346877030676,0,0.0,0,0.0167029652339736,0.0,0.0167029652339736
2022-04-01,0,0.0,0,0.0071534816384003,0.0,0.0071534816384003,1,0.0226557674878711,1,0.0074395610981801,1.0,0.0074395610981801,0,0.0,0,0.0,0.0,0.0
2022-04-04,1,0.0,1,-0.0193740670970565,1.0,-0.0193740670970565,0,0.0152939958010159,0,0.0151890854353997,0.0,0.0151890854353997,0,0.0,0,0.0,0.0,0.0
2022-04-05,1,0.0122473908152981,1,-0.0146051336645123,1.0,-0.0146051336645123,0,0.0104371300137714,1,0.0103327215082741,1.0,0.0103327215082741,0,0.0,0,0.0,0.0,0.0
2022-04-06,1,0.0036742088735676,1,-0.0229508894058406,1.0,-0.0229508894058406,1,-0.0005166901367838,1,-0.0006199667836454,1.0,-0.0006199667836454,0,0.0,0,0.0,0.0,0.0
2022-04-07,1,0.0428659097086523,1,0.0435048897455643,1.0,0.0435048897455643,0,0.009507090454876,0,0.0229319413742596,0.0,0.0229319413742596,0,0.0,0,0.0,0.0,0.0
2022-04-08,0,0.0099794522515617,1,0.0099794522515617,0.0,0.0099794522515617,0,0.0,0,0.0,0.0,0.0,0,0.0,0,0.0,0.0,0.0
2022-04-11,0,0.0008805375443779,1,0.0008805375443779,0.0,0.0008805375443779,0,0.0,1,0.0,1.0,0.0,0,0.0,0,0.0,0.0,0.0
2022-04-12,0,0.0179042901509633,1,0.0179042901509633,1.0,0.0179042901509633,0,0.0,1,0.0053627763055883,1.0,0.0053627763055883,0,0.0,0,0.0,0.0,0.0
2022-04-13,1,0.0214264403284751,1,0.0214264403284751,1.0,0.0214264403284751,0,0.0,1,-0.0075709718796399,0.0,-0.0075709718796399,0,0.0,0,0.0,0.0,0.0
2022-04-14,0,0.0148734766873769,0,0.0148734766873769,0.0,0.0148734766873769,0,0.0,1,-0.011566768670574,1.0,-0.011566768670574,0,0.0,0,0.0,0.0,0.0
2022-04-18,0,-0.0066455014127275,1,-0.0066455014127275,1.0,-0.0066455014127275,0,0.0,1,-0.0325972658632277,0.0,-0.0325972658632277,0,0.0,0,0.0,0.0,0.0
2022-04-19,1,0.0126582830972015,1,0.0126582830972015,1.0,0.0126582830972015,0,0.0,0,0.0,0.0,0.0,0,0.0,0,0.0,0.0,0.0
2022-04-20,0,0.0110759679508769,1,0.0110759679508769,1.0,0.0110759679508769,0,0.0,0,-0.0336715244940821,0.0,0.0,0,0.0,0,0.0,0.0,0.0
2022-04-22,1,0.0,1,0.0080515548910694,1.0,0.0080515548910694,0,0.0,0,-0.0701304480614513,0.0,0.0,0,0.0,0,0.0,0.0,0.0
2022-04-25,0,0.0156823270711796,1,-0.0196457196317959,1.0,-0.0196457196317959,0,0.0,1,-0.1123871083514097,1.0,0.0,0,0.0,0,0.0,0.0,0.0
2022-04-26,1,0.0203536727815542,1,-0.0151368553538765,1.0,-0.0151368553538765,0,0.0,0,0.0030348879423967,0.0,0.0030348879423967,0,0.0,0,0.0,0.0,0.0
2022-04-27,1,0.0062562197229747,1,-0.0157809442092252,1.0,-0.0157809442092252,0,0.0,1,0.0457764155510014,0.0,0.0457764155510014,0,0.0,1,0.0,1.0,0.0
2022-04-28,0,0.0082318332894601,1,0.0055829202549379,1.0,0.0055829202549379,0,0.0,0,0.0062338342404064,1.0,0.0,0,0.0,1,0.0032639629092028,1.0,0.0032639629092028
2022-04-29,1,0.0401712770922296,1,0.0374384500151121,1.0,0.0374384500151121,0,0.0,1,0.0256410272095948,1.0,0.0118356933103693,0,0.0,0,0.017951850918052,1.0,0.017951850918052
2022-05-02,1,0.0053033377181485,1,0.0053033377181485,1.0,0.0053033377181485,0,0.0,1,0.0004810139957655,0.0,-0.034578779313732,0,0.0,1,-0.0168173116014787,1.0,-0.0168173116014787
2022-05-03,1,0.0072920478028519,1,0.0072920478028519,1.0,0.0072920478028519,0,0.0,0,0.0126262734053595,0.0,-0.0228591254664964,0,0.0,1,-0.0135509323250784,1.0,-0.0135509323250784
2022-05-04,1,0.0662910565232201,1,0.0662910565232201,1.0,0.0662910565232201,0,0.0,1,-0.0117844989127698,0.0,-0.0464144726241015,0,0.0,0,0.0033669945992676,0.0,0.0033669945992676
2022-05-05,0,0.0216913056770342,1,0.0216913056770342,1.0,0.0216913056770342,0,0.0,0,0.0004810139957655,0.0,0.0,0,0.0,0,-0.0071548776757129,0.0,-0.0071548776757129
2022-05-06,1,0.0,1,0.0131538360810066,1.0,0.0131538360810066,0,0.0,1,0.0,1.0,0.0,0,0.0,0,0.0193602472503272,0.0,0.0193602472503272
2022-05-09,0,0.0103975489202137,0,0.0107065786517254,0.0,0.0107065786517254,0,0.0,1,0.0058042001623166,1.0,0.0058042001623166,0,0.0,0,0.0058922122441806,1.0,0.0058922122441806
2022-05-10,0,0.004587185512911,1,0.004894438146838,0.0,0.004894438146838,0,0.0,1,-0.0076099531873736,1.0,-0.0076099531873736,0,0.0,1,0.0,1.0,0.0063585956957505
2022-05-11,1,0.0370030868562134,1,0.0373202538820543,1.0,0.0373202538820543,0,0.0,1,0.030439829520519,1.0,0.030439829520519,1,0.0,1,0.0359281667931348,1.0,0.026706204552798
2022-05-12,0,0.0246542366062394,0,0.0246542366062394,0.0,0.0246542366062394,1,0.0,1,0.0110318037432905,1.0,0.0110318037432905,1,0.0309235308761203,1,0.0309235308761203,1.0,0.0309235308761203
2022-05-13,0,0.0,0,0.0,0.0,0.0,1,0.0118592210711098,1,0.0298507581066967,1.0,0.0298507581066967,1,0.0093155292323758,1,0.0093155292323758,1.0,0.0093155292323758
2022-05-16,0,0.0,1,0.0,1.0,0.0,0,0.0283091040844071,1,0.0249110377919497,1.0,0.0249110377919497,0,0.0251113982037371,1,0.0251113982037371,0.0,0.0251113982037371
2022-05-17,0,0.0,1,0.0040000065916852,1.0,0.0040000065916852,1,0.0,1,0.0008552152170897,1.0,0.0008552152170897,0,0.0,1,0.0102523658051161,0.0,0.0
2022-05-18,0,0.0,0,-0.0125714185815452,0.0,-0.0125714185815452,1,0.0068606220543802,1,-0.0317654271190389,1.0,-0.0317654271190389,0,0.0,0,0.0003943340011642,0.0,0.0
2022-05-19,0,0.0,0,-0.0202856965372945,0.0,-0.0202856965372945,0,0.0212171107814643,1,-0.0179596943033326,1.0,-0.0179596943033326,0,0.0,1,-0.009069416839149,1.0,0.0
2022-05-20,0,0.0,1,-0.0048571406257959,1.0,-0.0048571406257959,1,0.0,1,0.0074526601005857,1.0,0.0074526601005857,1,0.0,1,-0.005126182902558,1.0,0.0055799246868045
2022-05-23,0,0.0,1,0.0321205244427945,1.0,0.0321205244427945,1,0.0164034047978904,1,0.0164034047978904,1.0,0.0164034047978904,0,0.0280743587126649,1,0.0280743587126649,1.0,0.0362694300518136
2022-05-24,0,0.0,1,0.0285257052449094,0.0,0.0285257052449094,0,0.0217496910347888,1,0.0217496910347888,1.0,0.0217496910347888,0,0.0,1,0.0241433187829329,1.0,0.0241433187829329
2022-05-25,0,0.0,1,0.0182965084706058,1.0,0.0,0,0.0,1,0.0095238139464542,1.0,0.0095238139464542,0,0.0,0,0.0030710093065862,0.0,0.0030710093065862
2022-05-26,0,0.0,1,0.0271293644117428,1.0,0.0168644612929525,0,0.0,1,0.0077380959291333,1.0,0.0077380959291333,0,0.0,1,0.0046065139598794,1.0,0.0046065139598794
2022-05-27,0,0.0,1,0.0,1.0,0.0040599746169009,0,0.0,0,0.0223809620002046,0.0,0.0223809620002046,0,0.0,0,0.014203430951135,0.0,0.014203430951135
2022-05-30,0,0.0,0,-0.0398134013881085,0.0,-0.0359150681702558,0,0.0,0,0.0,0.0,0.0,0,0.0,0,0.0149712090941281,0.0,0.0149712090941281
2022-05-31,0,0.0,0,-0.047589463455497,0.0,-0.0437227008522573,0,0.0,1,0.0,1.0,0.0,0,0.0,0,0.0,0.0,0.0
2022-06-01,0,0.0,1,-0.0566096702557996,1.0,0.0,0,0.0,1,0.0300498890677695,0.0,0.0300498890677695,0,0.0,0,0.0,0.0,0.0
2022-06-02,1,0.0,1,0.0026693613317808,1.0,0.0026693613317808,0,0.0,1,0.0031111118045819,0.0,0.0,0,0.0,0,0.0,0.0,0.0
2022-06-03,1,0.0245708676008191,1,0.015682338267721,1.0,0.015682338267721,0,0.0,0,-0.0019999983819017,0.0,0.0,0,0.0,0,0.0,0.0,0.0
2022-06-06,1,0.0009836435686517,1,0.0186853791516504,1.0,0.0186853791516504,0,0.0,1,-0.0023333410770894,1.0,0.0,0,0.0,0,0.0,0.0,0.0
2022-06-07,0,0.0262295360156533,1,0.0443777285567901,0.0,0.0443777285567901,0,0.0,1,0.0098888776777792,1.0,0.0300317204491051,0,0.0,0,0.0,0.0,0.0
2022-06-08,0,0.0,1,0.0239973860307251,0.0,0.0,0,0.0,0,0.006126098799473,0.0,0.006126098799473,0,0.0,0,0.0,0.0,0.0
2022-06-09,1,0.0,1,0.0049163845113198,1.0,0.0,0,0.0,1,-0.0309645811170566,1.0,-0.0309645811170566,0,0.0,0,0.0,0.0,0.0
2022-06-10,1,0.0,1,-0.0163880958839912,1.0,0.0,1,0.0,1,-0.0533526326044756,1.0,-0.0533526326044756,0,0.0,0,0.0,0.0,0.0
2022-06-13,0,-0.0143284966296344,1,-0.0304817757369857,1.0,-0.0143284966296344,0,0.0093788164380937,0,-0.076965906748331,0.0,-0.076965906748331,0,0.0,1,0.0,0.0,0.0
2022-06-14,0,0.0079973353213444,1,-0.0085218216607094,1.0,0.0079973353213444,0,0.0085261895630462,1,0.0,1.0,0.0,0,0.0,0,0.0050378120869796,0.0,0.0
2022-06-15,1,0.0003332348026109,1,0.0006666167097938,1.0,0.0003332348026109,0,0.0203410488495206,0,0.0203410488495206,0.0,0.0203410488495206,0,0.0,0,0.0138538985966376,0.0,0.0
2022-06-17,0,0.0099396266754602,1,-0.0516667330507995,1.0,0.0099396266754602,1,0.0,1,0.0,1.0,0.0,0,0.0,1,-0.0100755677455885,1.0,0.0
2022-06-20,0,0.002839927571502,0,-0.0583333502106553,0.0,0.002839927571502,0,0.0076719495592255,1,0.0076719495592255,0.0,0.0076719495592255,0,0.0,1,0.0289672784292056,1.0,0.0394402288727026
2022-06-21,1,-0.0003550009318374,1,-0.061333387940846,1.0,-0.0003550009318374,0,0.0269841281034382,1,0.0269841281034382,1.0,0.0269841281034382,0,0.0,1,0.0036644885403872,1.0,0.0036644885403872
2022-06-22,0,-0.0220092589419454,1,0.0364935367518397,1.0,-0.0220092589419454,0,0.0,1,0.0277027079146555,1.0,0.0277027079146555,1,0.0,1,-0.0097719876837545,1.0,-0.0097719876837545
2022-06-23,1,0.0,1,0.0148257707331463,1.0,0.0148257707331463,0,0.0,1,0.0113814721089396,0.0,0.0113814721089396,0,0.0029094190731612,1,-0.0175081423197201,1.0,-0.0175081423197201
2022-06-24,0,0.0123317975558912,1,0.0040770806961212,1.0,0.0040770806961212,1,0.0,1,-0.0204081750682826,1.0,-0.0204081750682826,0,-0.0137157050809165,1,-0.0337948067020332,0.0,-0.0337948067020332
2022-06-27,0,0.0489536522836058,1,0.0404003149099029,1.0,0.0404003149099029,1,0.0322875880115028,1,0.0330978484802933,1.0,0.0330978484802933,0,-0.0162094848771268,1,0.0059498471023478,0.0,0.0
2022-06-28,1,0.0,1,0.0087473900580403,1.0,0.0087473900580403,0,0.0028749994798969,1,0.0028749994798969,1.0,0.0028749994798969,0,-0.0091437847654462,0,0.0131746981633772,0.0,0.0
2022-06-29,1,0.0119381771670055,1,0.0083974818577637,1.0,0.0083974818577637,1,0.0011249990898197,1,0.0011249990898197,1.0,0.0011249990898197,0,0.0,0,0.0063748484219083,0.0,0.0
2022-06-30,1,-0.0147471925648757,1,-0.0181945177794151,1.0,-0.0181945177794151,1,-0.0243750019503862,1,-0.0243750019503862,1.0,-0.0243750019503862,0,0.0,0,-0.0276242860377699,0.0,0.0
2022-07-01,1,0.0129915875713375,1,0.0094472064585936,1.0,0.0094472064585936,1,-0.0433749992198454,1,-0.0433749992198454,1.0,-0.0433749992198454,0,0.0,0,0.0,0.0,0.0
2022-07-04,1,0.0280899169376572,1,0.0259285503819021,1.0,0.0259285503819021,0,0.0136486631305167,1,0.0136486631305167,0.0,0.0136486631305167,0,0.0,0,0.0,0.0,0.0
2022-07-05,1,0.0017300910082843,1,0.0017300910082843,1.0,0.0017300910082843,1,0.0056756770006277,1,0.0056756770006277,1.0,0.0056756770006277,0,0.0,0,0.0,0.0,0.0
2022-07-06,1,-0.0145328734811285,1,-0.0145328734811285,1.0,-0.0145328734811285,0,0.0195946004239085,1,0.0195946004239085,0.0,0.0195946004239085,0,0.0,0,0.0,0.0,0.0
2022-07-07,0,0.0006920675494681,1,0.0006920675494681,1.0,0.0006920675494681,1,0.0570270302990411,1,0.0570270302990411,1.0,0.0570270302990411,1,0.0,1,0.0,1.0,0.0
2022-07-08,0,0.0024221585577524,1,0.0024221585577524,1.0,0.0024221585577524,0,0.0134062258322472,0,0.0134062258322472,0.0,0.0134062258322472,0,0.0012914466075258,0,0.0012914466075258,0.0,0.0012914466075258
2022-07-11,1,0.0,1,0.0165960332731158,1.0,0.0165960332731158,1,-0.0347520447070623,1,-0.0347520447070623,1.0,-0.0347520447070623,0,-0.0223848047202296,0,-0.0223848047202296,0.0,-0.0223848047202296
2022-07-12,1,0.004593653315704,1,0.0038841678562504,1.0,0.0038841678562504,0,-0.0476376428745369,0,-0.0476376428745369,0.0,-0.0476376428745369,0,-0.0223848047202296,0,-0.0223848047202296,0.0,-0.0223848047202296
2022-07-13,0,0.0063604247026111,1,0.0056496914763564,1.0,0.0056496914763564,0,-0.0415202381967609,1,-0.0415202381967609,0.0,-0.0415202381967609,0,-0.021093415929179,0,-0.021093415929179,0.0,-0.021093415929179
2022-07-14,0,-0.0106007078376855,0,-0.0112994624127975,0.0,-0.0112994624127975,0,0.0,1,0.0046808534418472,0.0,0.0,0,0.0,0,0.0,0.0,0.0
2022-07-15,0,-0.0088339364507783,0,0.0,0.0,0.0,0,0.0,1,-0.0285106460754805,1.0,0.0,0,0.0,0,0.0,0.0,0.0
2022-07-18,0,0.0,1,0.0,1.0,0.0,0,0.0,0,-0.0015602906284057,0.0,0.0,0,0.0,1,0.0,1.0,0.0
2022-07-19,0,0.0,1,0.0241680889070139,0.0,0.0241680889070139,0,0.0,0,-0.0174468006074581,0.0,-0.0159113362879479,0,0.0,1,0.0411738595981889,1.0,0.0411738595981889
2022-07-20,0,0.0,1,0.0051599980244959,1.0,0.0,0,0.0,1,0.0,1.0,-0.0271345227011043,1,0.0,1,0.0068085416707267,1.0,0.0068085416707267
2022-07-21,0,0.0,1,0.0020639837277915,0.0,0.005175945013553,0,0.0,1,0.019462195624841,1.0,-0.0251456033560868,0,0.0150343823024027,1,0.0055319329634403,1.0,0.0055319329634403
2022-07-22,0,0.0,1,0.0137598657152663,1.0,0.016908149164621,0,0.0,0,0.0511068251699496,0.0,0.013610324954111,0,0.0180412472244235,1,0.0085106485123081,1.0,0.0085106485123081
2022-07-25,1,0.0,1,0.0577915443781659,1.0,0.061076570472273,0,0.0,1,0.0,1.0,0.0204871040529437,0,0.020618592981755,1,0.0110638659268809,1.0,0.0110638659268809
2022-07-26,0,0.0134615404033737,1,0.0134615404033737,1.0,0.0134615404033737,1,0.0,1,0.0014021341689694,1.0,0.0014021341689694,0,0.0,1,0.0114261553358283,0.0,0.0114261553358283
2022-07-27,0,0.008653883464825,1,0.008653883464825,1.0,0.008653883464825,0,0.0092896964390094,0,-0.0098149209514683,1.0,-0.0098149209514683,0,0.0,1,0.0071942417419825,0.0,0.0071942417419825
2022-07-28,1,0.0458334000492472,1,0.0458334000492472,1.0,0.0458334000492472,0,0.0285836827802654,1,0.0091138538669837,1.0,0.0091138538669837,0,0.0,0,0.0042319135938459,0.0,0.0042319135938459
2022-07-29,1,0.0315476679223304,1,0.0315476679223304,1.0,0.0315476679223304,0,0.0,0,-0.0140213052270591,0.0,-0.0140213052270591,0,0.0,0,0.0148116975784605,0.0,0.0148116975784605
2022-08-01,0,0.0044117320024208,1,0.0044117320024208,1.0,0.0044117320024208,0,0.0,0,0.0,0.0,0.0,0,0.0,0,0.0,0.0,0.0
2022-08-02,0,0.0147058395269796,1,0.0147058395269796,1.0,0.0147058395269796,0,0.0,0,0.0,0.0,0.0,0,0.0,1,0.0,1.0,0.0
2022-08-03,0,0.0047058607063642,0,0.0047058607063642,0.0,0.0047058607063642,0,0.0,1,0.0,0.0,0.0,0,0.0,0,0.0101265382666741,0.0,0.0101265382666741
2022-08-04,0,0.0117646848586991,1,0.0117646848586991,0.0,0.0117646848586991,0,0.0,1,0.0056154909538716,0.0,0.0,0,0.0,0,0.0367088215502782,0.0,0.0367088215502782
2022-08-05,1,0.0,1,0.0266471591504016,1.0,0.0,1,0.0,1,0.0159598113387186,1.0,0.0,0,0.0,1,0.0,1.0,0.0
2022-08-08,1,0.046385835626602,1,0.046385835626602,1.0,0.046385835626602,0,0.0045038443457006,1,0.0217230632008374,1.0,0.0045038443457006,0,0.0,1,0.0083732432510241,1.0,0.0083732432510241
2022-08-09,0,0.0121589079826408,1,0.0121589079826408,0.0,0.0121589079826408,1,0.0193229645963083,1,0.0228896325870972,1.0,0.0193229645963083,0,0.0,0,0.0478468978892953,1.0,0.0478468978892953
2022-08-10,0,0.0172926664285226,1,0.0172926664285226,1.0,0.0172926664285226,0,0.0287665219891632,1,0.0011310567887903,1.0,0.0287665219891632,0,0.0,0,0.0,0.0,0.0129969756662489
2022-08-11,1,0.0229667788984061,1,0.0229667788984061,1.0,0.0229667788984061,0,0.0,1,0.0412837566248012,1.0,0.0402542481049388,0,0.0,0,0.0,0.0,0.0237003191066879
2022-08-12,1,0.0938144607740349,1,0.0938144607740349,1.0,0.0938144607740349,0,0.0,0,0.0148298957919616,0.0,0.0148298957919616,0,0.0,1,0.0,0.0,0.0
2022-08-15,0,0.043717657011103,1,0.043717657011103,1.0,0.043717657011103,0,0.0,1,-0.0033439917047955,1.0,-0.0033439917047955,0,0.0,1,0.0292331003200391,1.0,0.0
2022-08-16,1,0.0,1,0.0110340491394897,1.0,0.0110340491394897,0,0.0,1,0.0228264062905347,1.0,0.0228264062905347,0,0.0,1,0.0152189826366391,1.0,0.0152189826366391
2022-08-17,0,0.036966843687069,1,0.0346784071423525,1.0,0.0346784071423525,0,0.0,1,0.0070257573527621,1.0,0.0070257573527621,0,0.0,1,0.0200445185767565,1.0,0.0200445185767565
2022-08-18,0,0.0,1,0.0169183979280444,1.0,0.0169183979280444,0,0.0,0,0.0042447197305607,0.0,0.0042447197305607,0,0.0,1,0.0051132606071347,0.0,0.0051132606071347
2022-08-19,0,0.0,1,0.001510542575201,1.0,0.001510542575201,0,0.0,1,-0.0128805581624057,1.0,-0.0128805581624057,0,0.0,0,-0.0063635260318134,0.0,-0.0063635260318134
2022-08-22,0,0.0,1,-0.0157099527959595,1.0,-0.0157099527959595,0,0.0,1,-0.0206381837104247,1.0,-0.0206381837104247,0,0.0,0,-0.0233551169466526,0.0,-0.0233551169466526
2022-08-23,1,0.0,1,0.0120845620400862,1.0,0.0120845620400862,0,0.0,1,0.0527103952547058,1.0,0.0527103952547058,0,0.0,0,-0.0192918891119906,0.0,-0.0192918891119906
2022-08-24,1,0.0172927742445159,1,0.0172927742445159,1.0,0.0172927742445159,0,0.0,1,0.0067354577325322,1.0,0.0067354577325322,0,0.0,0,0.0,0.0,0.0
2022-08-25,1,0.0244483804755615,1,0.0244483804755615,1.0,0.0244483804755615,0,0.0,1,-0.0050157637580921,1.0,-0.0050157637580921,0,0.0,1,0.0,1.0,0.0
2022-08-26,1,0.0117187370952661,1,0.0117187370952661,1.0,0.0117187370952661,1,0.0,1,0.0203496736473537,1.0,0.0203496736473537,0,0.0,0,0.0089219100523871,0.0,0.0089219100523871
2022-08-29,1,0.054086512784427,1,0.054086512784427,1.0,0.054086512784427,1,0.0059259258173993,1,0.0059259258173993,1.0,0.0059259258173993,0,0.0,0,-0.0044610043566703,1.0,-0.0044610043566703
2022-08-30,1,0.0064705937515258,1,0.0064705937515258,1.0,0.0064705937515258,1,-0.0136296330427906,1,-0.0136296330427906,1.0,-0.0136296330427906,0,0.0,0,0.0,0.0,0.0
2022-08-31,1,-0.0164705581813417,1,-0.0164705581813417,1.0,-0.0164705581813417,0,-0.0269629661319391,0,-0.0269629661319391,1.0,-0.0269629661319391,0,0.0,0,-0.0089219593828639,0.0,-0.0089219593828639
2022-09-01,1,-0.0014705576423995,1,-0.0014705576423995,1.0,-0.0014705576423995,1,-0.0521481508558863,1,-0.0521481508558863,1.0,-0.0521481508558863,0,0.0,0,0.0,1.0,0.0
2022-09-02,1,0.0167647128251962,1,0.0167647128251962,1.0,0.0167647128251962,0,0.0051170684432775,1,0.0051170684432775,0.0,0.0051170684432775,0,0.0,1,0.0,0.0,0.0155598006961352
2022-09-05,1,0.0076809913881908,1,0.0076809913881908,1.0,0.0076809913881908,0,0.0308574849571221,1,0.0308574849571221,1.0,0.0308574849571221,0,0.0,1,0.0221471151764578,0.0,0.033396587706146
2022-09-06,1,-0.0372230161133493,1,-0.0372230161133493,1.0,-0.0372230161133493,1,0.0,1,0.0136075418675913,1.0,0.0136075418675913,0,0.0,1,0.0119850014644018,1.0,0.0
2022-09-08,0,-0.0316100151756568,1,-0.0316100151756568,0.0,-0.0316100151756568,0,0.0082593071608358,1,0.0004638897800329,1.0,0.0004638897800329,0,0.0,1,0.0112359388728767,0.0,0.003717466804441
2022-09-09,0,-0.0348596757885534,0,-0.0348596757885534,0.0,-0.0348596757885534,1,0.0852423269563148,1,0.0768517107350169,1.0,0.0768517107350169,0,0.0,1,0.0127340640559269,1.0,0.0052044535262175
2022-09-12,0,0.0,1,0.0,0.0,0.0,1,0.0072763517325276,1,0.0072763517325276,1.0,0.0072763517325276,0,0.0,1,0.0232209403372787,1.0,0.0156133605786528
2022-09-13,0,0.0,0,0.0161603294962229,0.0,0.0,0,0.0129832998010569,1,0.0129832998010569,1.0,0.0129832998010569,0,0.0,1,0.0107886750411451,1.0,0.010037160371991
2022-09-14,0,0.0,1,0.0158371418581116,1.0,0.0,0,-0.0158367914724393,1,-0.0158367914724393,1.0,-0.0158367914724393,0,0.0,0,0.0003720232772808,0.0,0.0056095656049397
2022-09-15,1,0.0,1,0.0093729745249728,1.0,0.0100258302499926,0,-0.0208303710324024,1,-0.0208303710324024,1.0,-0.0208303710324024,0,0.0,0,0.00855653537746,1.0,0.0138369284921845
2022-09-16,1,0.0029163477576214,1,0.0003231876381113,1.0,0.0009701900211769,1,0.0,1,0.0233353184328136,1.0,0.0233353184328136,0,0.0,0,-0.000372023277281,0.0,0.0048616235242809
2022-09-19,0,0.0168502731682349,1,0.0288524840722086,1.0,0.0148770766694873,0,0.0464185220679664,1,0.0464185220679664,1.0,0.0464185220679664,0,0.0,1,0.0,1.0,0.039640979866611
2022-09-20,0,0.02397924859586,1,0.0057288559626508,1.0,0.0219922183305052,0,0.0,1,0.0042979941932218,1.0,0.0042979941932218,0,0.0,1,0.0301941094495413,1.0,0.0301941094495413
2022-09-21,1,0.0,1,0.0015913683183978,1.0,0.0038277650675287,0,0.0,1,0.0027220700731985,0.0,0.0027220700731985,0,0.0,1,0.0027971987766103,0.0,0.0027971987766103
2022-09-22,0,0.0190597314038848,1,0.0210057468767349,1.0,0.0232854928943077,1,0.0,1,0.0128939825796653,1.0,0.0128939825796653,0,0.0,1,0.0139859938830518,0.0,0.0139859938830518
2022-09-23,0,-0.0028589684418568,1,0.0022349822194852,1.0,0.0022349822194852,0,0.0049483407190221,1,-0.0107449854830544,0.0,-0.0107449854830544,0,0.0,0,-0.0017482492353816,0.0,-0.0017482492353816
2022-09-26,1,-0.0444726872062325,1,-0.0395913225517961,1.0,-0.0395913225517961,0,0.0103332955035228,0,0.025406207028513,0.0,0.0,0,0.0,0,-0.0146853399437138,0.0,-0.0146853399437138
2022-09-27,1,-0.0406607292837567,1,-0.0357598910293322,1.0,-0.0357598910293322,0,0.0013098601877851,1,0.0,1.0,0.0,0,0.0,0,0.0,0.0,0.0
2022-09-28,0,0.005055630150701,1,-0.0478927185132304,0.0,-0.0478927185132304,0,0.0018920242693226,1,0.016688834390344,1.0,0.016688834390344,0,0.0,1,0.0,1.0,0.0
2022-09-29,0,-0.0091000725117928,0,0.0141428169786114,0.0,0.0,1,0.0,1,0.0158026914121413,1.0,0.0158026914121413,0,0.0,1,0.0236708090236368,1.0,0.0236708090236368
2022-09-30,1,0.0276373624778737,1,0.051741977878169,1.0,0.0,1,0.0643889530455595,1,0.0766504273758936,1.0,0.0766504273758936,0,0.0,0,0.0118662181924454,0.0,0.0118662181924454
2022-10-03,0,0.0228767894501344,1,0.0228767894501344,,0.0228767894501344,0,0.0126979755705488,0,0.0126979755705488,,0.0126979755705488,0,0.0,0,0.0715117827956549,,0.0715117827956549
2022-10-04,1,0.0,1,0.0024315825693771,,0.0,0,0.041097753063893,0,0.041097753063893,,0.041097753063893,0,0.0,0,0.0,,0.0
2022-10-05,0,0.0448901497203675,1,-0.0024316382655281,,0.0,0,0.0,0,0.0,,0.0,0,0.0,0,0.0,,0.0
2022-10-06,0,0.0,1,0.0270516763371895,,0.0,0,0.0,1,0.0,,0.0,0,0.0,0,0.0,,0.0
2022-10-07,0,0.0,1,0.0220369155619451,,0.0,0,0.0,0,0.0541401226868271,,0.0,0,0.0,0,0.0,,0.0
2022-10-10,1,0.0,1,0.0071322695773111,,0.0,0,0.0,0,0.0,,0.0,0,0.0,0,0.0,,0.0
2022-10-11,1,0.0133779379739514,1,-0.0095096564665597,,0.0,0,0.0,0,0.0,,0.0,0,0.0,0,0.0,,0.0
2022-10-13,0,0.0486469965297433,1,0.0249628346110241,,0.0,0,0.0,1,0.0,,0.0,0,0.0,0,0.0,,0.0
2022-10-14,1,0.0,1,0.0050044518179308,,0.0,0,0.0,1,0.0103291554823026,,0.0,0,0.0,0,0.0,,0.0
2022-10-17,1,0.0273766807367761,1,0.0052988122983452,,0.0,0,0.0,0,-0.0188679274193404,,0.0,0,0.0,0,0.0,,0.0
2022-10-18,1,0.0097344944753037,1,0.0076538040252892,,0.0,0,0.0,1,0.0030298719881383,,0.0,0,0.0,0,0.0,,0.0
2022-10-19,1,0.0489675487842273,1,0.046806013476607,,0.0,1,0.0,1,-0.0066106731286774,,0.0,0,0.0,0,0.0,,0.0
2022-10-20,0,0.0124653683369421,1,0.0124653683369421,,0.0,1,0.0311355411513091,1,0.0311355411513091,,0.0,0,0.0,1,0.0,,0.0
2022-10-21,0,0.0634349127770901,1,0.0634349127770901,,0.0,1,0.0401114164787982,1,0.0401114164787982,,0.0,0,0.0,0,0.0451052363415874,,0.0
2022-10-24,1,0.0,1,0.0087671213620832,,0.0,0,0.0092807388971696,1,0.0092807388971696,,0.0,0,0.0,0,0.0,,0.0
2022-10-25,0,0.0135135447936244,1,-0.0547945336144356,,0.0,1,0.0,1,0.0,,0.0,0,0.0,1,0.0,,0.0
2022-10-26,0,-0.0149823744212843,0,-0.0813699047576971,,0.0,1,0.0215640742565066,1,0.0215640742565066,,0.0,0,0.0,1,0.0113793113690979,,0.0
2022-10-27,0,-0.0146885654310413,1,-0.081095897700685,,0.0,1,0.0016666700719,1,0.0016666700719,,0.0,1,0.0,1,0.0217241523496077,,0.0
2022-10-28,0,-0.0270269819254717,1,0.0128440834802664,,0.0,0,-0.0409722215187601,1,-0.0409722215187601,,0.0,0,0.0150633206352697,1,0.0150633206352697,,0.0
2022-10-31,0,0.0,1,-0.0336391168263667,,0.0,1,-0.0361111104911106,1,-0.0361111104911106,,0.0,0,0.0465594000605049,1,0.0465594000605049,,0.0
2022-11-01,0,0.0,1,-0.0620794753162087,,0.0,0,-0.0166666663805126,1,-0.0166666663805126,,0.0,0,0.0,0,0.0093548317496206,,0.0
2022-11-03,0,0.0,1,-0.0706421789574519,,0.0,1,0.0,1,0.0044352453034312,,0.0,0,0.0,0,-0.0212903023206779,,0.0
2022-11-04,1,0.0,1,0.0032467451339872,,0.0,1,0.0314827892558773,1,0.0850088683157681,,0.0,1,0.0,1,-0.0022580643093946,,0.0
2022-11-07,0,0.0121601853479951,1,-0.0811688663241499,,0.0,0,0.014305551876091,1,0.014305551876091,,0.0,0,0.0083139080948736,1,-0.0219354940698628,,0.0
2022-11-08,0,-0.0153791466072782,0,-0.1061688574001075,,0.0,1,0.0406944403119026,1,0.0406944403119026,,0.0,0,-0.0136348568458076,1,0.0071307293179145,,0.0
2022-11-09,1,-0.0003576987713657,1,-0.0925325040399141,,0.0,0,0.0091767846345298,1,0.0091767846345298,,0.0,0,-0.0332557204724851,1,-0.0129032052055543,,0.0
2022-11-10,1,-0.038268984364212,1,0.0310582537055229,,0.0,0,0.0184885320429401,1,0.0184885320429401,,0.0,0,-0.0705021855430417,0,-0.0509338065415545,,0.0
2022-11-11,1,0.0604651222252138,1,0.0604651222252138,,0.0,1,0.1199730141182906,1,0.1199730141182906,,0.0,0,0.0,1,-0.0424448237933655,,0.0
2022-11-14,0,0.0337490926208658,1,0.0337490926208658,,0.0,0,0.0248816598730223,0,0.0248816598730223,,0.0,0,0.0,1,0.0092421644509281,,0.0
2022-11-16,0,0.0,1,0.0107874597189168,,0.0,0,0.0,1,0.0,,0.0,0,0.0,0,-0.0133086795966418,,0.0
2022-11-17,0,0.0,1,-0.0183387276452218,,0.0,0,0.0,0,0.0299245728063107,,0.0,0,0.0,1,-0.022550795083498,,0.0
2022-11-18,1,0.0,1,-0.007551267926305,,0.0,0,0.0,0,0.0,,0.0,0,0.0,1,0.003696885366,,0.0
2022-11-21,0,0.0165929808947615,1,-0.0086299545971153,,0.0,0,0.0,0,0.0,,0.0,0,0.0,0,0.0051851846037956,,0.0
2022-11-22,1,-0.0125833145611075,1,0.0186956539317378,,0.0,0,0.0,0,0.0,,0.0,0,0.0,0,-0.001851865659854,,0.0
2022-11-23,1,-0.0033117719625243,1,0.0282608965387347,,0.0,0,0.0,1,0.0,,0.0,0,0.0,0,-0.0288888786418977,,0.0
2022-11-24,1,0.0379885885588025,1,0.0471938429464926,,0.0,0,0.0,1,0.0107962180273471,,0.0,0,0.0,1,0.0051851846037956,,0.0
2022-11-25,1,0.0028854006696143,1,0.0028854006696143,,0.0,0,0.0,1,0.0168077562752192,,0.0,0,0.0,0,0.0014936235381221,,0.0
2022-11-28,0,0.0119538499787268,1,0.0119538499787268,,0.0,0,0.0,1,0.0101827963761789,,0.0,0,0.0,1,-0.0212845805378379,,0.0
2022-11-29,1,0.0667765948743083,1,0.0667765948743083,,0.0,0,0.0,1,0.0511593687406349,,0.0,0,0.0,1,-0.0250186888408763,,0.0
2022-11-30,1,0.0414062495596523,1,0.0414062495596523,,0.0,1,0.0,1,0.0190588261609045,,0.0,0,0.0,0,-0.0276325794903231,,0.0
2022-12-01,1,0.007900717231482,1,0.007900717231482,,0.0,1,0.0038185575919732,1,0.0205882349946954,,0.0,0,0.0,0,0.0,,0.0
2022-12-02,0,-0.0048909000848557,1,-0.0048909000848557,,0.0,1,0.0152742446722861,1,0.0112955247858631,,0.0,0,0.0,1,0.0,,0.0
2022-12-05,1,0.0,1,0.0,,0.0,1,0.0297384888118765,1,0.025703085545468,,0.0,0,0.0,0,0.0,,0.0
2022-12-06,0,-0.007148247865279,1,-0.007148247865279,,0.0,0,0.0223014191962073,1,0.0223014191962073,,0.0,0,0.0,0,0.0003825922549373,,0.0
2022-12-07,1,0.0,1,0.0288082059442886,,0.0,1,0.0,1,0.0059364392245848,,0.0,0,0.0,1,0.0072685945987957,,0.0
2022-12-08,1,0.0093933311772502,1,0.0093933311772502,,0.0,1,0.0204678359613795,1,0.0155977095499704,,0.0,0,0.0,1,-0.0110941120743148,,0.0
2022-12-09,1,-0.0195694660983543,1,-0.0195694660983543,,0.0,1,0.0168067195039849,1,0.0422535172761002,,0.0,0,0.0,0,0.0056725924389556,,0.0
2022-12-12,1,-0.0348336684800103,1,-0.0348336684800103,,0.0,1,0.0027254060061099,1,0.0017016448995625,,0.0,0,0.0,1,-0.007293378211885,,0.0
2022-12-13,1,-0.0528375898404561,1,-0.0528375898404561,,0.0,0,-0.0041308476765817,1,-0.0051476086953535,,0.0,0,0.0,0,-0.0137763635373054,,0.0
2022-12-14,0,0.0044444431776731,1,0.0044444431776731,,0.0,0,-0.0049284583204569,1,-0.0059444049958895,,0.0,0,0.0,0,-0.0449757008347099,,0.0
2022-12-15,1,-0.0057777832565634,1,-0.0057777832565634,,0.0,0,0.0,1,0.0036171085395644,,0.0,0,0.0,0,0.0,,0.0
2022-12-16,1,-0.0173333497696903,1,-0.0173333497696903,,0.0,0,0.0,1,0.0036781722548766,,0.0,0,0.0,0,0.0,,0.0
2022-12-19,0,0.0004444229410023,0,0.0004444229410023,,0.0,1,0.0,1,-0.0162068902964544,,0.0,0,0.0,1,0.0,,0.0
2022-12-20,0,0.0,1,0.0,,0.0,1,0.0220217884902607,1,0.0028735707465256,,0.0,0,0.0,1,0.0328003449122149,,0.0
2022-12-21,1,0.0,1,0.0093617268623863,,0.0,1,0.0057537408119397,1,0.0045977046978218,,0.0,0,0.0,1,0.0105092957100983,,0.0
2022-12-22,1,0.0276150687680026,1,0.0451063843141663,,0.0,0,-0.0028768633173061,1,0.0042883735631834,,0.0,0,0.0,1,0.0145513809474245,,0.0
2022-12-23,1,0.0451719927080691,1,0.0451719927080691,,0.0,1,-0.0043728407487019,1,0.0027816461729617,,0.0,1,0.0,1,0.0315278871302951,,0.0
