ativo,target,janela,tecnica,data,target_real,target_pred,resultado_real
ITUB4,1.01,60,RNA,2020-04-22,1,1,0.01
ITUB4,1.01,60,Random Forest,2020-04-22,1,0,0.01
ITUB4,1.01,60,SVC,2020-04-22,1,1,0.01
ITUB4,1.01,60,RNA,2020-04-23,1,0,0.01
ITUB4,1.01,60,Random Forest,2020-04-23,1,1,0.01
ITUB4,1.01,60,SVC,2020-04-23,1,1,0.01
ITUB4,1.01,60,RNA,2020-04-24,1,1,0.01
ITUB4,1.01,60,Random Forest,2020-04-24,1,1,0.01
ITUB4,1.01,60,SVC,2020-04-24,1,1,0.01
ITUB4,1.01,60,RNA,2020-04-27,1,1,0.01
ITUB4,1.01,60,Random Forest,2020-04-27,1,1,0.01
ITUB4,1.01,60,SVC,2020-04-27,1,1,0.01
ITUB4,1.01,60,RNA,2020-04-28,0,1,-0.0535429469946082
ITUB4,1.01,60,Random Forest,2020-04-28,0,1,-0.0535429469946082
ITUB4,1.01,60,SVC,2020-04-28,0,1,-0.0535429469946082
ITUB4,1.01,60,RNA,2020-04-29,1,1,0.01
ITUB4,1.01,60,Random Forest,2020-04-29,1,1,0.01
ITUB4,1.01,60,SVC,2020-04-29,1,1,0.01
ITUB4,1.01,60,RNA,2020-04-30,1,1,0.01
ITUB4,1.01,60,Random Forest,2020-04-30,1,0,0.01
ITUB4,1.01,60,SVC,2020-04-30,1,1,0.01
ITUB4,1.01,60,RNA,2020-05-04,1,1,0.01
ITUB4,1.01,60,Random Forest,2020-05-04,1,1,0.01
ITUB4,1.01,60,SVC,2020-05-04,1,1,0.01
ITUB4,1.01,60,RNA,2020-05-05,1,1,0.01
ITUB4,1.01,60,Random Forest,2020-05-05,1,1,0.01
ITUB4,1.01,60,SVC,2020-05-05,1,1,0.01
ITUB4,1.01,60,RNA,2020-05-06,1,1,0.01
ITUB4,1.01,60,Random Forest,2020-05-06,1,1,0.01
ITUB4,1.01,60,SVC,2020-05-06,1,1,0.01
ITUB4,1.01,60,RNA,2020-05-07,1,1,0.01
ITUB4,1.01,60,Random Forest,2020-05-07,1,1,0.01
ITUB4,1.01,60,SVC,2020-05-07,1,1,0.01
ITUB4,1.01,60,RNA,2020-05-08,1,1,0.01
ITUB4,1.01,60,Random Forest,2020-05-08,1,1,0.01
ITUB4,1.01,60,SVC,2020-05-08,1,1,0.01
ITUB4,1.01,60,RNA,2020-05-11,1,1,0.01
ITUB4,1.01,60,Random Forest,2020-05-11,1,1,0.01
ITUB4,1.01,60,SVC,2020-05-11,1,1,0.01
ITUB4,1.01,60,RNA,2020-05-12,1,1,0.01
ITUB4,1.01,60,Random Forest,2020-05-12,1,1,0.01
ITUB4,1.01,60,SVC,2020-05-12,1,1,0.01
ITUB4,1.01,60,RNA,2020-05-13,1,1,0.01
ITUB4,1.01,60,Random Forest,2020-05-13,1,1,0.01
ITUB4,1.01,60,SVC,2020-05-13,1,1,0.01
ITUB4,1.01,60,RNA,2020-05-14,1,1,0.01
ITUB4,1.01,60,Random Forest,2020-05-14,1,1,0.01
ITUB4,1.01,60,SVC,2020-05-14,1,1,0.01
ITUB4,1.01,60,RNA,2020-05-15,1,1,0.01
ITUB4,1.01,60,Random Forest,2020-05-15,1,1,0.01
ITUB4,1.01,60,SVC,2020-05-15,1,1,0.01
ITUB4,1.01,60,RNA,2020-05-18,1,1,0.01
ITUB4,1.01,60,Random Forest,2020-05-18,1,1,0.01
ITUB4,1.01,60,SVC,2020-05-18,1,1,0.01
ITUB4,1.01,60,RNA,2020-05-19,1,1,0.01
ITUB4,1.01,60,Random Forest,2020-05-19,1,1,0.01
ITUB4,1.01,60,SVC,2020-05-19,1,1,0.01
ITUB4,1.01,60,RNA,2020-05-20,1,1,0.01
ITUB4,1.01,60,Random Forest,2020-05-20,1,1,0.01
ITUB4,1.01,60,SVC,2020-05-20,1,1,0.01
ITUB4,1.01,60,RNA,2020-05-21,1,1,0.01
ITUB4,1.01,60,Random Forest,2020-05-21,1,1,0.01
ITUB4,1.01,60,SVC,2020-05-21,1,1,0.01
ITUB4,1.01,60,RNA,2020-05-22,1,1,0.01
ITUB4,1.01,60,Random Forest,2020-05-22,1,1,0.01
ITUB4,1.01,60,SVC,2020-05-22,1,1,0.01
ITUB4,1.01,60,RNA,2020-05-25,0,1,-0.0530209449775563
ITUB4,1.01,60,Random Forest,2020-05-25,0,1,-0.0530209449775563
ITUB4,1.01,60,SVC,2020-05-25,0,1,-0.0530209449775563
ITUB4,1.01,60,RNA,2020-05-26,1,1,0.01
ITUB4,1.01,60,Random Forest,2020-05-26,1,1,0.01
ITUB4,1.01,60,SVC,2020-05-26,1,1,0.01
ITUB4,1.01,60,RNA,2020-05-27,1,1,0.01
ITUB4,1.01,60,Random Forest,2020-05-27,1,1,0.01
ITUB4,1.01,60,SVC,2020-05-27,1,1,0.01
ITUB4,1.01,60,RNA,2020-05-28,1,1,0.01
ITUB4,1.01,60,Random Forest,2020-05-28,1,1,0.01
ITUB4,1.01,60,SVC,2020-05-28,1,1,0.01
ITUB4,1.01,60,RNA,2020-05-29,1,1,0.01
ITUB4,1.01,60,Random Forest,2020-05-29,1,1,0.01
ITUB4,1.01,60,SVC,2020-05-29,1,1,0.01
ITUB4,1.01,60,RNA,2020-06-01,1,1,0.01
ITUB4,1.01,60,Random Forest,2020-06-01,1,1,0.01
ITUB4,1.01,60,SVC,2020-06-01,1,1,0.01
ITUB4,1.01,60,RNA,2020-06-02,1,1,0.01
ITUB4,1.01,60,Random Forest,2020-06-02,1,1,0.01
ITUB4,1.01,60,SVC,2020-06-02,1,1,0.01
ITUB4,1.01,60,RNA,2020-06-03,1,1,0.01
ITUB4,1.01,60,Random Forest,2020-06-03,1,1,0.01
ITUB4,1.01,60,SVC,2020-06-03,1,1,0.01
ITUB4,1.01,60,RNA,2020-06-04,1,1,0.01
ITUB4,1.01,60,Random Forest,2020-06-04,1,1,0.01
ITUB4,1.01,60,SVC,2020-06-04,1,1,0.01
ITUB4,1.01,60,RNA,2020-06-05,1,0,0.01
ITUB4,1.01,60,Random Forest,2020-06-05,1,1,0.01
ITUB4,1.01,60,SVC,2020-06-05,1,1,0.01
ITUB4,1.01,60,RNA,2020-06-08,1,1,0.01
ITUB4,1.01,60,Random Forest,2020-06-08,1,1,0.01
ITUB4,1.01,60,SVC,2020-06-08,1,1,0.01
ITUB4,1.01,60,RNA,2020-06-09,0,1,-0.0686588308598515
ITUB4,1.01,60,Random Forest,2020-06-09,0,1,-0.0686588308598515
ITUB4,1.01,60,SVC,2020-06-09,0,1,-0.0686588308598515
ITUB4,1.01,60,RNA,2020-06-10,1,1,0.01
ITUB4,1.01,60,Random Forest,2020-06-10,1,1,0.01
ITUB4,1.01,60,SVC,2020-06-10,1,1,0.01
ITUB4,1.01,60,RNA,2020-06-12,1,1,0.01
ITUB4,1.01,60,Random Forest,2020-06-12,1,1,0.01
ITUB4,1.01,60,SVC,2020-06-12,1,1,0.01
ITUB4,1.01,60,RNA,2020-06-15,1,1,0.01
ITUB4,1.01,60,Random Forest,2020-06-15,1,1,0.01
ITUB4,1.01,60,SVC,2020-06-15,1,1,0.01
ITUB4,1.01,60,RNA,2020-06-16,1,1,0.01
ITUB4,1.01,60,Random Forest,2020-06-16,1,1,0.01
ITUB4,1.01,60,SVC,2020-06-16,1,1,0.01
ITUB4,1.01,60,RNA,2020-06-17,1,1,0.01
ITUB4,1.01,60,Random Forest,2020-06-17,1,1,0.01
ITUB4,1.01,60,SVC,2020-06-17,1,1,0.01
ITUB4,1.01,60,RNA,2020-06-18,0,1,-0.0804270834185341
ITUB4,1.01,60,Random Forest,2020-06-18,0,1,-0.0804270834185341
ITUB4,1.01,60,SVC,2020-06-18,0,1,-0.0804270834185341
ITUB4,1.01,60,RNA,2020-06-19,0,1,-0.0674036938550665
ITUB4,1.01,60,Random Forest,2020-06-19,0,1,-0.0674036938550665
ITUB4,1.01,60,SVC,2020-06-19,0,1,-0.0674036938550665
ITUB4,1.01,60,RNA,2020-06-22,0,1,-0.0718411269320794
ITUB4,1.01,60,Random Forest,2020-06-22,0,1,-0.0718411269320794
ITUB4,1.01,60,SVC,2020-06-22,0,1,-0.0718411269320794
ITUB4,1.01,60,RNA,2020-06-23,0,1,-0.0115714964483225
ITUB4,1.01,60,Random Forest,2020-06-23,0,1,-0.0115714964483225
ITUB4,1.01,60,SVC,2020-06-23,0,1,-0.0115714964483225
ITUB4,1.01,60,RNA,2020-06-24,1,1,0.01
ITUB4,1.01,60,Random Forest,2020-06-24,1,1,0.01
ITUB4,1.01,60,SVC,2020-06-24,1,1,0.01
ITUB4,1.01,60,RNA,2020-06-25,1,1,0.01
ITUB4,1.01,60,Random Forest,2020-06-25,1,1,0.01
ITUB4,1.01,60,SVC,2020-06-25,1,1,0.01
ITUB4,1.01,60,RNA,2020-06-26,1,1,0.01
ITUB4,1.01,60,Random Forest,2020-06-26,1,1,0.01
ITUB4,1.01,60,SVC,2020-06-26,1,1,0.01
ITUB4,1.01,60,RNA,2020-06-29,1,1,0.01
ITUB4,1.01,60,Random Forest,2020-06-29,1,1,0.01
ITUB4,1.01,60,SVC,2020-06-29,1,1,0.01
ITUB4,1.01,60,RNA,2020-06-30,1,0,0.01
ITUB4,1.01,60,Random Forest,2020-06-30,1,1,0.01
ITUB4,1.01,60,SVC,2020-06-30,1,1,0.01
ITUB4,1.01,60,RNA,2020-07-01,1,1,0.01
ITUB4,1.01,60,Random Forest,2020-07-01,1,1,0.01
ITUB4,1.01,60,SVC,2020-07-01,1,1,0.01
ITUB4,1.01,60,RNA,2020-07-02,1,1,0.01
ITUB4,1.01,60,Random Forest,2020-07-02,1,1,0.01
ITUB4,1.01,60,SVC,2020-07-02,1,1,0.01
ITUB4,1.01,60,RNA,2020-07-03,1,1,0.01
ITUB4,1.01,60,Random Forest,2020-07-03,1,0,0.01
ITUB4,1.01,60,SVC,2020-07-03,1,1,0.01
ITUB4,1.01,60,RNA,2020-07-06,1,1,0.01
ITUB4,1.01,60,Random Forest,2020-07-06,1,1,0.01
ITUB4,1.01,60,SVC,2020-07-06,1,1,0.01
ITUB4,1.01,60,RNA,2020-07-07,1,1,0.01
ITUB4,1.01,60,Random Forest,2020-07-07,1,0,0.01
ITUB4,1.01,60,SVC,2020-07-07,1,1,0.01
ITUB4,1.01,60,RNA,2020-07-08,1,1,0.01
ITUB4,1.01,60,Random Forest,2020-07-08,1,1,0.01
ITUB4,1.01,60,SVC,2020-07-08,1,1,0.01
ITUB4,1.01,60,RNA,2020-07-09,1,1,0.01
ITUB4,1.01,60,Random Forest,2020-07-09,1,1,0.01
ITUB4,1.01,60,SVC,2020-07-09,1,1,0.01
ITUB4,1.01,60,RNA,2020-07-10,1,1,0.01
ITUB4,1.01,60,Random Forest,2020-07-10,1,1,0.01
ITUB4,1.01,60,SVC,2020-07-10,1,1,0.01
ITUB4,1.01,60,RNA,2020-07-13,1,1,0.01
ITUB4,1.01,60,Random Forest,2020-07-13,1,1,0.01
ITUB4,1.01,60,SVC,2020-07-13,1,1,0.01
ITUB4,1.01,60,RNA,2020-07-14,0,1,-0.0087146005574519
ITUB4,1.01,60,Random Forest,2020-07-14,0,1,-0.0087146005574519
ITUB4,1.01,60,SVC,2020-07-14,0,1,-0.0087146005574519
ITUB4,1.01,60,RNA,2020-07-15,1,1,0.01
ITUB4,1.01,60,Random Forest,2020-07-15,1,1,0.01
ITUB4,1.01,60,SVC,2020-07-15,1,1,0.01
ITUB4,1.01,60,RNA,2020-07-16,1,1,0.01
ITUB4,1.01,60,Random Forest,2020-07-16,1,0,0.01
ITUB4,1.01,60,SVC,2020-07-16,1,1,0.01
ITUB4,1.01,60,RNA,2020-07-17,1,1,0.01
ITUB4,1.01,60,Random Forest,2020-07-17,1,1,0.01
ITUB4,1.01,60,SVC,2020-07-17,1,1,0.01
ITUB4,1.01,60,RNA,2020-07-20,1,1,0.01
ITUB4,1.01,60,Random Forest,2020-07-20,1,1,0.01
ITUB4,1.01,60,SVC,2020-07-20,1,1,0.01
ITUB4,1.01,60,RNA,2020-07-21,0,1,-0.0017953001258705
ITUB4,1.01,60,Random Forest,2020-07-21,0,1,-0.0017953001258705
ITUB4,1.01,60,SVC,2020-07-21,0,1,-0.0017953001258705
ITUB4,1.01,60,RNA,2020-07-22,1,1,0.01
ITUB4,1.01,60,Random Forest,2020-07-22,1,1,0.01
ITUB4,1.01,60,SVC,2020-07-22,1,1,0.01
ITUB4,1.01,60,RNA,2020-07-23,1,1,0.01
ITUB4,1.01,60,Random Forest,2020-07-23,1,1,0.01
ITUB4,1.01,60,SVC,2020-07-23,1,1,0.01
ITUB4,1.01,60,RNA,2020-07-24,1,1,0.01
ITUB4,1.01,60,Random Forest,2020-07-24,1,1,0.01
ITUB4,1.01,60,SVC,2020-07-24,1,1,0.01
ITUB4,1.01,60,RNA,2020-07-27,1,1,0.01
ITUB4,1.01,60,Random Forest,2020-07-27,1,1,0.01
ITUB4,1.01,60,SVC,2020-07-27,1,1,0.01
ITUB4,1.01,60,RNA,2020-07-28,1,1,0.01
ITUB4,1.01,60,Random Forest,2020-07-28,1,1,0.01
ITUB4,1.01,60,SVC,2020-07-28,1,1,0.01
ITUB4,1.01,60,RNA,2020-07-29,1,1,0.01
ITUB4,1.01,60,Random Forest,2020-07-29,1,1,0.01
ITUB4,1.01,60,SVC,2020-07-29,1,1,0.01
ITUB4,1.01,60,RNA,2020-07-30,0,1,-0.0807325903076521
ITUB4,1.01,60,Random Forest,2020-07-30,0,1,-0.0807325903076521
ITUB4,1.01,60,SVC,2020-07-30,0,1,-0.0807325903076521
ITUB4,1.01,60,RNA,2020-07-31,1,1,0.01
ITUB4,1.01,60,Random Forest,2020-07-31,1,1,0.01
ITUB4,1.01,60,SVC,2020-07-31,1,1,0.01
ITUB4,1.01,60,RNA,2020-08-03,1,1,0.01
ITUB4,1.01,60,Random Forest,2020-08-03,1,1,0.01
ITUB4,1.01,60,SVC,2020-08-03,1,1,0.01
ITUB4,1.01,60,RNA,2020-08-04,1,1,0.01
ITUB4,1.01,60,Random Forest,2020-08-04,1,1,0.01
ITUB4,1.01,60,SVC,2020-08-04,1,1,0.01
ITUB4,1.01,60,RNA,2020-08-05,1,1,0.01
ITUB4,1.01,60,Random Forest,2020-08-05,1,1,0.01
ITUB4,1.01,60,SVC,2020-08-05,1,1,0.01
ITUB4,1.01,60,RNA,2020-08-06,1,1,0.01
ITUB4,1.01,60,Random Forest,2020-08-06,1,1,0.01
ITUB4,1.01,60,SVC,2020-08-06,1,1,0.01
ITUB4,1.01,60,RNA,2020-08-07,1,1,0.01
ITUB4,1.01,60,Random Forest,2020-08-07,1,1,0.01
ITUB4,1.01,60,SVC,2020-08-07,1,1,0.01
ITUB4,1.01,60,RNA,2020-08-10,0,1,-0.0532159525713544
ITUB4,1.01,60,Random Forest,2020-08-10,0,1,-0.0532159525713544
ITUB4,1.01,60,SVC,2020-08-10,0,1,-0.0532159525713544
ITUB4,1.01,60,RNA,2020-08-11,0,1,-0.0603347770534901
ITUB4,1.01,60,Random Forest,2020-08-11,0,1,-0.0603347770534901
ITUB4,1.01,60,SVC,2020-08-11,0,1,-0.0603347770534901
ITUB4,1.01,60,RNA,2020-08-12,0,1,-0.0458277134218768
ITUB4,1.01,60,Random Forest,2020-08-12,0,1,-0.0458277134218768
ITUB4,1.01,60,SVC,2020-08-12,0,0,-0.0458277134218768
ITUB4,1.01,60,RNA,2020-08-13,1,1,0.01
ITUB4,1.01,60,Random Forest,2020-08-13,1,0,0.01
ITUB4,1.01,60,SVC,2020-08-13,1,1,0.01
ITUB4,1.01,60,RNA,2020-08-14,0,1,-0.0221293053693227
ITUB4,1.01,60,Random Forest,2020-08-14,0,0,-0.0221293053693227
ITUB4,1.01,60,SVC,2020-08-14,0,1,-0.0221293053693227
ITUB4,1.01,60,RNA,2020-08-17,0,1,-0.0219333838774211
ITUB4,1.01,60,Random Forest,2020-08-17,0,0,-0.0219333838774211
ITUB4,1.01,60,SVC,2020-08-17,0,1,-0.0219333838774211
ITUB4,1.01,60,RNA,2020-08-18,1,1,0.01
ITUB4,1.01,60,Random Forest,2020-08-18,1,0,0.01
ITUB4,1.01,60,SVC,2020-08-18,1,1,0.01
ITUB4,1.01,60,RNA,2020-08-19,1,0,0.01
ITUB4,1.01,60,Random Forest,2020-08-19,1,0,0.01
ITUB4,1.01,60,SVC,2020-08-19,1,0,0.01
ITUB4,1.01,60,RNA,2020-08-20,1,1,0.01
ITUB4,1.01,60,Random Forest,2020-08-20,1,1,0.01
ITUB4,1.01,60,SVC,2020-08-20,1,1,0.01
ITUB4,1.01,60,RNA,2020-08-21,1,1,0.01
ITUB4,1.01,60,Random Forest,2020-08-21,1,1,0.01
ITUB4,1.01,60,SVC,2020-08-21,1,1,0.01
ITUB4,1.01,60,RNA,2020-08-24,0,1,-0.0085227676662281
ITUB4,1.01,60,Random Forest,2020-08-24,0,1,-0.0085227676662281
ITUB4,1.01,60,SVC,2020-08-24,0,1,-0.0085227676662281
ITUB4,1.01,60,RNA,2020-08-25,1,1,0.01
ITUB4,1.01,60,Random Forest,2020-08-25,1,1,0.01
ITUB4,1.01,60,SVC,2020-08-25,1,1,0.01
ITUB4,1.01,60,RNA,2020-08-26,1,0,0.01
ITUB4,1.01,60,Random Forest,2020-08-26,1,1,0.01
ITUB4,1.01,60,SVC,2020-08-26,1,1,0.01
ITUB4,1.01,60,RNA,2020-08-27,1,1,0.01
ITUB4,1.01,60,Random Forest,2020-08-27,1,1,0.01
ITUB4,1.01,60,SVC,2020-08-27,1,1,0.01
ITUB4,1.01,60,RNA,2020-08-28,1,1,0.01
ITUB4,1.01,60,Random Forest,2020-08-28,1,1,0.01
ITUB4,1.01,60,SVC,2020-08-28,1,1,0.01
ITUB4,1.01,60,RNA,2020-08-31,1,1,0.01
ITUB4,1.01,60,Random Forest,2020-08-31,1,1,0.01
ITUB4,1.01,60,SVC,2020-08-31,1,1,0.01
ITUB4,1.01,60,RNA,2020-09-01,1,1,0.01
ITUB4,1.01,60,Random Forest,2020-09-01,1,1,0.01
ITUB4,1.01,60,SVC,2020-09-01,1,1,0.01
ITUB4,1.01,60,RNA,2020-09-02,1,1,0.01
ITUB4,1.01,60,Random Forest,2020-09-02,1,1,0.01
ITUB4,1.01,60,SVC,2020-09-02,1,1,0.01
ITUB4,1.01,60,RNA,2020-09-03,0,1,-0.049682071299363
ITUB4,1.01,60,Random Forest,2020-09-03,0,1,-0.049682071299363
ITUB4,1.01,60,SVC,2020-09-03,0,1,-0.049682071299363
ITUB4,1.01,60,RNA,2020-09-04,1,1,0.01
ITUB4,1.01,60,Random Forest,2020-09-04,1,1,0.01
ITUB4,1.01,60,SVC,2020-09-04,1,1,0.01
ITUB4,1.01,60,RNA,2020-09-08,0,1,-0.0223577098086357
ITUB4,1.01,60,Random Forest,2020-09-08,0,1,-0.0223577098086357
ITUB4,1.01,60,SVC,2020-09-08,0,1,-0.0223577098086357
ITUB4,1.01,60,RNA,2020-09-09,1,1,0.01
ITUB4,1.01,60,Random Forest,2020-09-09,1,1,0.01
ITUB4,1.01,60,SVC,2020-09-09,1,1,0.01
ITUB4,1.01,60,RNA,2020-09-10,1,1,0.01
ITUB4,1.01,60,Random Forest,2020-09-10,1,1,0.01
ITUB4,1.01,60,SVC,2020-09-10,1,1,0.01
ITUB4,1.01,60,RNA,2020-09-11,1,1,0.01
ITUB4,1.01,60,Random Forest,2020-09-11,1,1,0.01
ITUB4,1.01,60,SVC,2020-09-11,1,1,0.01
ITUB4,1.01,60,RNA,2020-09-14,0,1,-0.0442697578550813
ITUB4,1.01,60,Random Forest,2020-09-14,0,1,-0.0442697578550813
ITUB4,1.01,60,SVC,2020-09-14,0,1,-0.0442697578550813
ITUB4,1.01,60,RNA,2020-09-15,1,1,0.01
ITUB4,1.01,60,Random Forest,2020-09-15,1,1,0.01
ITUB4,1.01,60,SVC,2020-09-15,1,1,0.01
ITUB4,1.01,60,RNA,2020-09-16,1,1,0.01
ITUB4,1.01,60,Random Forest,2020-09-16,1,1,0.01
ITUB4,1.01,60,SVC,2020-09-16,1,1,0.01
ITUB4,1.01,60,RNA,2020-09-17,0,1,-0.0434042559897153
ITUB4,1.01,60,Random Forest,2020-09-17,0,1,-0.0434042559897153
ITUB4,1.01,60,SVC,2020-09-17,0,1,-0.0434042559897153
ITUB4,1.01,60,RNA,2020-09-18,1,1,0.01
ITUB4,1.01,60,Random Forest,2020-09-18,1,1,0.01
ITUB4,1.01,60,SVC,2020-09-18,1,1,0.01
ITUB4,1.01,60,RNA,2020-09-21,1,1,0.01
ITUB4,1.01,60,Random Forest,2020-09-21,1,1,0.01
ITUB4,1.01,60,SVC,2020-09-21,1,1,0.01
ITUB4,1.01,60,RNA,2020-09-22,1,1,0.01
ITUB4,1.01,60,Random Forest,2020-09-22,1,0,0.01
ITUB4,1.01,60,SVC,2020-09-22,1,1,0.01
ITUB4,1.01,60,RNA,2020-09-23,1,1,0.01
ITUB4,1.01,60,Random Forest,2020-09-23,1,1,0.01
ITUB4,1.01,60,SVC,2020-09-23,1,1,0.01
ITUB4,1.01,60,RNA,2020-09-24,1,1,0.01
ITUB4,1.01,60,Random Forest,2020-09-24,1,1,0.01
ITUB4,1.01,60,SVC,2020-09-24,1,1,0.01
ITUB4,1.01,60,RNA,2020-09-25,1,1,0.01
ITUB4,1.01,60,Random Forest,2020-09-25,1,1,0.01
ITUB4,1.01,60,SVC,2020-09-25,1,1,0.01
ITUB4,1.01,60,RNA,2020-09-28,1,1,0.01
ITUB4,1.01,60,Random Forest,2020-09-28,1,1,0.01
ITUB4,1.01,60,SVC,2020-09-28,1,1,0.01
ITUB4,1.01,60,RNA,2020-09-29,1,0,0.01
ITUB4,1.01,60,Random Forest,2020-09-29,1,1,0.01
ITUB4,1.01,60,SVC,2020-09-29,1,1,0.01
ITUB4,1.01,60,RNA,2020-09-30,1,1,0.01
ITUB4,1.01,60,Random Forest,2020-09-30,1,1,0.01
ITUB4,1.01,60,SVC,2020-09-30,1,1,0.01
ITUB4,1.01,60,RNA,2020-10-01,1,1,0.01
ITUB4,1.01,60,Random Forest,2020-10-01,1,1,0.01
ITUB4,1.01,60,SVC,2020-10-01,1,1,0.01
ITUB4,1.01,60,RNA,2020-10-02,1,1,0.01
ITUB4,1.01,60,Random Forest,2020-10-02,1,1,0.01
ITUB4,1.01,60,SVC,2020-10-02,1,1,0.01
ITUB4,1.01,60,RNA,2020-10-05,1,1,0.01
ITUB4,1.01,60,Random Forest,2020-10-05,1,1,0.01
ITUB4,1.01,60,SVC,2020-10-05,1,1,0.01
ITUB4,1.01,60,RNA,2020-10-06,1,1,0.01
ITUB4,1.01,60,Random Forest,2020-10-06,1,1,0.01
ITUB4,1.01,60,SVC,2020-10-06,1,1,0.01
ITUB4,1.01,60,RNA,2020-10-07,1,1,0.01
ITUB4,1.01,60,Random Forest,2020-10-07,1,1,0.01
ITUB4,1.01,60,SVC,2020-10-07,1,1,0.01
ITUB4,1.01,60,RNA,2020-10-08,1,1,0.01
ITUB4,1.01,60,Random Forest,2020-10-08,1,1,0.01
ITUB4,1.01,60,SVC,2020-10-08,1,1,0.01
ITUB4,1.01,60,RNA,2020-10-09,0,1,-0.0362802404900939
ITUB4,1.01,60,Random Forest,2020-10-09,0,1,-0.0362802404900939
ITUB4,1.01,60,SVC,2020-10-09,0,1,-0.0362802404900939
ITUB4,1.01,60,RNA,2020-10-13,0,1,-0.0221850319809396
ITUB4,1.01,60,Random Forest,2020-10-13,0,1,-0.0221850319809396
ITUB4,1.01,60,SVC,2020-10-13,0,1,-0.0221850319809396
ITUB4,1.01,60,RNA,2020-10-14,1,1,0.01
ITUB4,1.01,60,Random Forest,2020-10-14,1,1,0.01
ITUB4,1.01,60,SVC,2020-10-14,1,1,0.01
ITUB4,1.01,60,RNA,2020-10-15,1,1,0.01
ITUB4,1.01,60,Random Forest,2020-10-15,1,0,0.01
ITUB4,1.01,60,SVC,2020-10-15,1,1,0.01
ITUB4,1.01,60,RNA,2020-10-16,1,1,0.01
ITUB4,1.01,60,Random Forest,2020-10-16,1,1,0.01
ITUB4,1.01,60,SVC,2020-10-16,1,1,0.01
ITUB4,1.01,60,RNA,2020-10-19,1,1,0.01
ITUB4,1.01,60,Random Forest,2020-10-19,1,1,0.01
ITUB4,1.01,60,SVC,2020-10-19,1,1,0.01
ITUB4,1.01,60,RNA,2020-10-20,1,1,0.01
ITUB4,1.01,60,Random Forest,2020-10-20,1,1,0.01
ITUB4,1.01,60,SVC,2020-10-20,1,1,0.01
ITUB4,1.01,60,RNA,2020-10-21,1,1,0.01
ITUB4,1.01,60,Random Forest,2020-10-21,1,1,0.01
ITUB4,1.01,60,SVC,2020-10-21,1,1,0.01
ITUB4,1.01,60,RNA,2020-10-22,1,1,0.01
ITUB4,1.01,60,Random Forest,2020-10-22,1,1,0.01
ITUB4,1.01,60,SVC,2020-10-22,1,1,0.01
ITUB4,1.01,60,RNA,2020-10-23,1,1,0.01
ITUB4,1.01,60,Random Forest,2020-10-23,1,1,0.01
ITUB4,1.01,60,SVC,2020-10-23,1,1,0.01
ITUB4,1.01,60,RNA,2020-10-26,0,1,-0.1003831759877499
ITUB4,1.01,60,Random Forest,2020-10-26,0,1,-0.1003831759877499
ITUB4,1.01,60,SVC,2020-10-26,0,1,-0.1003831759877499
ITUB4,1.01,60,RNA,2020-10-27,0,1,-0.0080259077651153
ITUB4,1.01,60,Random Forest,2020-10-27,0,1,-0.0080259077651153
ITUB4,1.01,60,SVC,2020-10-27,0,1,-0.0080259077651153
ITUB4,1.01,60,RNA,2020-10-28,1,1,0.01
ITUB4,1.01,60,Random Forest,2020-10-28,1,1,0.01
ITUB4,1.01,60,SVC,2020-10-28,1,1,0.01
ITUB4,1.01,60,RNA,2020-10-29,1,1,0.01
ITUB4,1.01,60,Random Forest,2020-10-29,1,1,0.01
ITUB4,1.01,60,SVC,2020-10-29,1,1,0.01
ITUB4,1.01,60,RNA,2020-10-30,1,1,0.01
ITUB4,1.01,60,Random Forest,2020-10-30,1,1,0.01
ITUB4,1.01,60,SVC,2020-10-30,1,1,0.01
ITUB4,1.01,60,RNA,2020-11-03,1,1,0.01
ITUB4,1.01,60,Random Forest,2020-11-03,1,1,0.01
ITUB4,1.01,60,SVC,2020-11-03,1,1,0.01
ITUB4,1.01,60,RNA,2020-11-04,1,1,0.01
ITUB4,1.01,60,Random Forest,2020-11-04,1,1,0.01
ITUB4,1.01,60,SVC,2020-11-04,1,1,0.01
ITUB4,1.01,60,RNA,2020-11-05,1,1,0.01
ITUB4,1.01,60,Random Forest,2020-11-05,1,1,0.01
ITUB4,1.01,60,SVC,2020-11-05,1,1,0.01
ITUB4,1.01,60,RNA,2020-11-06,1,1,0.01
ITUB4,1.01,60,Random Forest,2020-11-06,1,1,0.01
ITUB4,1.01,60,SVC,2020-11-06,1,1,0.01
ITUB4,1.01,60,RNA,2020-11-09,1,1,0.01
ITUB4,1.01,60,Random Forest,2020-11-09,1,1,0.01
ITUB4,1.01,60,SVC,2020-11-09,1,1,0.01
ITUB4,1.01,60,RNA,2020-11-10,1,1,0.01
ITUB4,1.01,60,Random Forest,2020-11-10,1,1,0.01
ITUB4,1.01,60,SVC,2020-11-10,1,1,0.01
ITUB4,1.01,60,RNA,2020-11-11,1,1,0.01
ITUB4,1.01,60,Random Forest,2020-11-11,1,1,0.01
ITUB4,1.01,60,SVC,2020-11-11,1,1,0.01
ITUB4,1.01,60,RNA,2020-11-12,1,1,0.01
ITUB4,1.01,60,Random Forest,2020-11-12,1,1,0.01
ITUB4,1.01,60,SVC,2020-11-12,1,1,0.01
ITUB4,1.01,60,RNA,2020-11-13,1,1,0.01
ITUB4,1.01,60,Random Forest,2020-11-13,1,1,0.01
ITUB4,1.01,60,SVC,2020-11-13,1,1,0.01
ITUB4,1.01,60,RNA,2020-11-16,0,1,-0.027919660922846
ITUB4,1.01,60,Random Forest,2020-11-16,0,1,-0.027919660922846
ITUB4,1.01,60,SVC,2020-11-16,0,1,-0.027919660922846
ITUB4,1.01,60,RNA,2020-11-17,0,1,-0.0180088230517778
ITUB4,1.01,60,Random Forest,2020-11-17,0,1,-0.0180088230517778
ITUB4,1.01,60,SVC,2020-11-17,0,1,-0.0180088230517778
ITUB4,1.01,60,RNA,2020-11-18,1,1,0.01
ITUB4,1.01,60,Random Forest,2020-11-18,1,1,0.01
ITUB4,1.01,60,SVC,2020-11-18,1,1,0.01
ITUB4,1.01,60,RNA,2020-11-19,1,0,0.01
ITUB4,1.01,60,Random Forest,2020-11-19,1,1,0.01
ITUB4,1.01,60,SVC,2020-11-19,1,1,0.01
ITUB4,1.01,60,RNA,2020-11-20,1,1,0.01
ITUB4,1.01,60,Random Forest,2020-11-20,1,1,0.01
ITUB4,1.01,60,SVC,2020-11-20,1,1,0.01
ITUB4,1.01,60,RNA,2020-11-23,1,1,0.01
ITUB4,1.01,60,Random Forest,2020-11-23,1,1,0.01
ITUB4,1.01,60,SVC,2020-11-23,1,1,0.01
ITUB4,1.01,60,RNA,2020-11-24,0,1,-0.03578660750852
ITUB4,1.01,60,Random Forest,2020-11-24,0,1,-0.03578660750852
ITUB4,1.01,60,SVC,2020-11-24,0,1,-0.03578660750852
ITUB4,1.01,60,RNA,2020-11-25,1,1,0.01
ITUB4,1.01,60,Random Forest,2020-11-25,1,1,0.01
ITUB4,1.01,60,SVC,2020-11-25,1,1,0.01
ITUB4,1.01,60,RNA,2020-11-26,1,1,0.01
ITUB4,1.01,60,Random Forest,2020-11-26,1,1,0.01
ITUB4,1.01,60,SVC,2020-11-26,1,1,0.01
ITUB4,1.01,60,RNA,2020-11-27,1,1,0.01
ITUB4,1.01,60,Random Forest,2020-11-27,1,1,0.01
ITUB4,1.01,60,SVC,2020-11-27,1,1,0.01
ITUB4,1.01,60,RNA,2020-11-30,1,1,0.01
ITUB4,1.01,60,Random Forest,2020-11-30,1,1,0.01
ITUB4,1.01,60,SVC,2020-11-30,1,1,0.01
ITUB4,1.01,60,RNA,2020-12-01,1,1,0.01
ITUB4,1.01,60,Random Forest,2020-12-01,1,1,0.01
ITUB4,1.01,60,SVC,2020-12-01,1,1,0.01
ITUB4,1.01,60,RNA,2020-12-02,1,1,0.01
ITUB4,1.01,60,Random Forest,2020-12-02,1,1,0.01
ITUB4,1.01,60,SVC,2020-12-02,1,1,0.01
ITUB4,1.01,60,RNA,2020-12-03,1,1,0.01
ITUB4,1.01,60,Random Forest,2020-12-03,1,1,0.01
ITUB4,1.01,60,SVC,2020-12-03,1,1,0.01
ITUB4,1.01,60,RNA,2020-12-04,1,1,0.01
ITUB4,1.01,60,Random Forest,2020-12-04,1,1,0.01
ITUB4,1.01,60,SVC,2020-12-04,1,1,0.01
ITUB4,1.01,60,RNA,2020-12-07,1,1,0.01
ITUB4,1.01,60,Random Forest,2020-12-07,1,1,0.01
ITUB4,1.01,60,SVC,2020-12-07,1,1,0.01
ITUB4,1.01,60,RNA,2020-12-08,1,0,0.01
ITUB4,1.01,60,Random Forest,2020-12-08,1,1,0.01
ITUB4,1.01,60,SVC,2020-12-08,1,1,0.01
ITUB4,1.01,60,RNA,2020-12-09,1,1,0.01
ITUB4,1.01,60,Random Forest,2020-12-09,1,1,0.01
ITUB4,1.01,60,SVC,2020-12-09,1,1,0.01
ITUB4,1.01,60,RNA,2020-12-10,1,1,0.01
ITUB4,1.01,60,Random Forest,2020-12-10,1,1,0.01
ITUB4,1.01,60,SVC,2020-12-10,1,1,0.01
ITUB4,1.01,60,RNA,2020-12-11,1,1,0.01
ITUB4,1.01,60,Random Forest,2020-12-11,1,1,0.01
ITUB4,1.01,60,SVC,2020-12-11,1,1,0.01
ITUB4,1.01,60,RNA,2020-12-14,1,1,0.01
ITUB4,1.01,60,Random Forest,2020-12-14,1,1,0.01
ITUB4,1.01,60,SVC,2020-12-14,1,1,0.01
ITUB4,1.01,60,RNA,2020-12-15,1,1,0.01
ITUB4,1.01,60,Random Forest,2020-12-15,1,1,0.01
ITUB4,1.01,60,SVC,2020-12-15,1,1,0.01
ITUB4,1.01,60,RNA,2020-12-16,0,1,-0.0200689812405855
ITUB4,1.01,60,Random Forest,2020-12-16,0,1,-0.0200689812405855
ITUB4,1.01,60,SVC,2020-12-16,0,1,-0.0200689812405855
ITUB4,1.01,60,RNA,2020-12-17,1,1,0.01
ITUB4,1.01,60,Random Forest,2020-12-17,1,1,0.01
ITUB4,1.01,60,SVC,2020-12-17,1,1,0.01
ITUB4,1.01,60,RNA,2020-12-18,1,1,0.01
ITUB4,1.01,60,Random Forest,2020-12-18,1,1,0.01
ITUB4,1.01,60,SVC,2020-12-18,1,1,0.01
ITUB4,1.01,60,RNA,2020-12-21,1,1,0.01
ITUB4,1.01,60,Random Forest,2020-12-21,1,1,0.01
ITUB4,1.01,60,SVC,2020-12-21,1,1,0.01
ITUB4,1.01,60,RNA,2020-12-22,1,1,0.01
ITUB4,1.01,60,Random Forest,2020-12-22,1,1,0.01
ITUB4,1.01,60,SVC,2020-12-22,1,1,0.01
ITUB4,1.01,60,RNA,2020-12-23,0,1,-0.0405135301232991
ITUB4,1.01,60,Random Forest,2020-12-23,0,1,-0.0405135301232991
ITUB4,1.01,60,SVC,2020-12-23,0,1,-0.0405135301232991
ITUB4,1.01,60,RNA,2020-12-28,0,1,-0.0482008225666257
ITUB4,1.01,60,Random Forest,2020-12-28,0,1,-0.0482008225666257
ITUB4,1.01,60,SVC,2020-12-28,0,1,-0.0482008225666257
ITUB4,1.01,60,RNA,2020-12-29,0,1,-0.0197216823578263
ITUB4,1.01,60,Random Forest,2020-12-29,0,1,-0.0197216823578263
ITUB4,1.01,60,SVC,2020-12-29,0,1,-0.0197216823578263
ITUB4,1.01,60,RNA,2020-12-30,1,1,0.01
ITUB4,1.01,60,Random Forest,2020-12-30,1,0,0.01
ITUB4,1.01,60,SVC,2020-12-30,1,1,0.01
ITUB4,1.01,60,RNA,2021-01-04,1,1,0.01
ITUB4,1.01,60,Random Forest,2021-01-04,1,1,0.01
ITUB4,1.01,60,SVC,2021-01-04,1,1,0.01
ITUB4,1.01,60,RNA,2021-01-05,1,1,0.01
ITUB4,1.01,60,Random Forest,2021-01-05,1,1,0.01
ITUB4,1.01,60,SVC,2021-01-05,1,1,0.01
ITUB4,1.01,60,RNA,2021-01-06,1,0,0.01
ITUB4,1.01,60,Random Forest,2021-01-06,1,1,0.01
ITUB4,1.01,60,SVC,2021-01-06,1,1,0.01
ITUB4,1.01,60,RNA,2021-01-07,1,1,0.01
ITUB4,1.01,60,Random Forest,2021-01-07,1,1,0.01
ITUB4,1.01,60,SVC,2021-01-07,1,1,0.01
ITUB4,1.01,60,RNA,2021-01-08,1,1,0.01
ITUB4,1.01,60,Random Forest,2021-01-08,1,0,0.01
ITUB4,1.01,60,SVC,2021-01-08,1,1,0.01
ITUB4,1.01,60,RNA,2021-01-11,1,1,0.01
ITUB4,1.01,60,Random Forest,2021-01-11,1,1,0.01
ITUB4,1.01,60,SVC,2021-01-11,1,1,0.01
ITUB4,1.01,60,RNA,2021-01-12,1,1,0.01
ITUB4,1.01,60,Random Forest,2021-01-12,1,1,0.01
ITUB4,1.01,60,SVC,2021-01-12,1,1,0.01
ITUB4,1.01,60,RNA,2021-01-13,1,1,0.01
ITUB4,1.01,60,Random Forest,2021-01-13,1,1,0.01
ITUB4,1.01,60,SVC,2021-01-13,1,1,0.01
ITUB4,1.01,60,RNA,2021-01-14,1,1,0.01
ITUB4,1.01,60,Random Forest,2021-01-14,1,1,0.01
ITUB4,1.01,60,SVC,2021-01-14,1,1,0.01
ITUB4,1.01,60,RNA,2021-01-15,0,1,-0.0552747969843345
ITUB4,1.01,60,Random Forest,2021-01-15,0,1,-0.0552747969843345
ITUB4,1.01,60,SVC,2021-01-15,0,1,-0.0552747969843345
ITUB4,1.01,60,RNA,2021-01-18,0,1,-0.0704985864229434
ITUB4,1.01,60,Random Forest,2021-01-18,0,1,-0.0704985864229434
ITUB4,1.01,60,SVC,2021-01-18,0,1,-0.0704985864229434
ITUB4,1.01,60,RNA,2021-01-19,0,1,-0.0886150239810069
ITUB4,1.01,60,Random Forest,2021-01-19,0,1,-0.0886150239810069
ITUB4,1.01,60,SVC,2021-01-19,0,1,-0.0886150239810069
ITUB4,1.01,60,RNA,2021-01-20,0,1,-0.0673328039288109
ITUB4,1.01,60,Random Forest,2021-01-20,0,0,-0.0673328039288109
ITUB4,1.01,60,SVC,2021-01-20,0,1,-0.0673328039288109
ITUB4,1.01,60,RNA,2021-01-21,1,1,0.01
ITUB4,1.01,60,Random Forest,2021-01-21,1,0,0.01
ITUB4,1.01,60,SVC,2021-01-21,1,0,0.01
ITUB4,1.01,60,RNA,2021-01-22,1,1,0.01
ITUB4,1.01,60,Random Forest,2021-01-22,1,0,0.01
ITUB4,1.01,60,SVC,2021-01-22,1,0,0.01
ITUB4,1.01,60,RNA,2021-01-26,1,1,0.01
ITUB4,1.01,60,Random Forest,2021-01-26,1,0,0.01
ITUB4,1.01,60,SVC,2021-01-26,1,1,0.01
ITUB4,1.01,60,RNA,2021-01-27,1,1,0.01
ITUB4,1.01,60,Random Forest,2021-01-27,1,0,0.01
ITUB4,1.01,60,SVC,2021-01-27,1,1,0.01
ITUB4,1.01,60,RNA,2021-01-28,1,1,0.01
ITUB4,1.01,60,Random Forest,2021-01-28,1,1,0.01
ITUB4,1.01,60,SVC,2021-01-28,1,1,0.01
ITUB4,1.01,60,RNA,2021-01-29,1,1,0.01
ITUB4,1.01,60,Random Forest,2021-01-29,1,1,0.01
ITUB4,1.01,60,SVC,2021-01-29,1,1,0.01
ITUB4,1.01,60,RNA,2021-02-01,0,1,-0.0343878997321204
ITUB4,1.01,60,Random Forest,2021-02-01,0,1,-0.0343878997321204
ITUB4,1.01,60,SVC,2021-02-01,0,1,-0.0343878997321204
ITUB4,1.01,60,RNA,2021-02-02,0,1,-0.0417246003802067
ITUB4,1.01,60,Random Forest,2021-02-02,0,1,-0.0417246003802067
ITUB4,1.01,60,SVC,2021-02-02,0,1,-0.0417246003802067
ITUB4,1.01,60,RNA,2021-02-03,0,0,-0.0224325147761027
ITUB4,1.01,60,Random Forest,2021-02-03,0,1,-0.0224325147761027
ITUB4,1.01,60,SVC,2021-02-03,0,1,-0.0224325147761027
ITUB4,1.01,60,RNA,2021-02-04,0,0,-0.0219003777680932
ITUB4,1.01,60,Random Forest,2021-02-04,0,1,-0.0219003777680932
ITUB4,1.01,60,SVC,2021-02-04,0,1,-0.0219003777680932
ITUB4,1.01,60,RNA,2021-02-05,1,0,0.01
ITUB4,1.01,60,Random Forest,2021-02-05,1,0,0.01
ITUB4,1.01,60,SVC,2021-02-05,1,0,0.01
ITUB4,1.01,60,RNA,2021-02-08,1,0,0.01
ITUB4,1.01,60,Random Forest,2021-02-08,1,0,0.01
ITUB4,1.01,60,SVC,2021-02-08,1,1,0.01
ITUB4,1.01,60,RNA,2021-02-09,1,1,0.01
ITUB4,1.01,60,Random Forest,2021-02-09,1,0,0.01
ITUB4,1.01,60,SVC,2021-02-09,1,1,0.01
ITUB4,1.01,60,RNA,2021-02-10,1,1,0.01
ITUB4,1.01,60,Random Forest,2021-02-10,1,1,0.01
ITUB4,1.01,60,SVC,2021-02-10,1,1,0.01
ITUB4,1.01,60,RNA,2021-02-11,1,1,0.01
ITUB4,1.01,60,Random Forest,2021-02-11,1,1,0.01
ITUB4,1.01,60,SVC,2021-02-11,1,1,0.01
ITUB4,1.01,60,RNA,2021-02-12,1,1,0.01
ITUB4,1.01,60,Random Forest,2021-02-12,1,1,0.01
ITUB4,1.01,60,SVC,2021-02-12,1,1,0.01
ITUB4,1.01,60,RNA,2021-02-17,1,0,0.01
ITUB4,1.01,60,Random Forest,2021-02-17,1,1,0.01
ITUB4,1.01,60,SVC,2021-02-17,1,1,0.01
ITUB4,1.01,60,RNA,2021-02-18,1,1,0.01
ITUB4,1.01,60,Random Forest,2021-02-18,1,1,0.01
ITUB4,1.01,60,SVC,2021-02-18,1,1,0.01
ITUB4,1.01,60,RNA,2021-02-19,1,0,0.01
ITUB4,1.01,60,Random Forest,2021-02-19,1,1,0.01
ITUB4,1.01,60,SVC,2021-02-19,1,1,0.01
ITUB4,1.01,60,RNA,2021-02-22,1,1,0.01
ITUB4,1.01,60,Random Forest,2021-02-22,1,1,0.01
ITUB4,1.01,60,SVC,2021-02-22,1,1,0.01
ITUB4,1.01,60,RNA,2021-02-23,0,1,-0.0913225913590477
ITUB4,1.01,60,Random Forest,2021-02-23,0,1,-0.0913225913590477
ITUB4,1.01,60,SVC,2021-02-23,0,1,-0.0913225913590477
ITUB4,1.01,60,RNA,2021-02-24,0,1,-0.0360118712557699
ITUB4,1.01,60,Random Forest,2021-02-24,0,1,-0.0360118712557699
ITUB4,1.01,60,SVC,2021-02-24,0,1,-0.0360118712557699
ITUB4,1.01,60,RNA,2021-02-25,0,1,-0.0135430252372836
ITUB4,1.01,60,Random Forest,2021-02-25,0,1,-0.0135430252372836
ITUB4,1.01,60,SVC,2021-02-25,0,1,-0.0135430252372836
ITUB4,1.01,60,RNA,2021-02-26,1,1,0.01
ITUB4,1.01,60,Random Forest,2021-02-26,1,0,0.01
ITUB4,1.01,60,SVC,2021-02-26,1,1,0.01
ITUB4,1.01,60,RNA,2021-03-01,1,1,0.01
ITUB4,1.01,60,Random Forest,2021-03-01,1,0,0.01
ITUB4,1.01,60,SVC,2021-03-01,1,1,0.01
ITUB4,1.01,60,RNA,2021-03-02,1,1,0.01
ITUB4,1.01,60,Random Forest,2021-03-02,1,1,0.01
ITUB4,1.01,60,SVC,2021-03-02,1,1,0.01
ITUB4,1.01,60,RNA,2021-03-03,1,1,0.01
ITUB4,1.01,60,Random Forest,2021-03-03,1,1,0.01
ITUB4,1.01,60,SVC,2021-03-03,1,1,0.01
ITUB4,1.01,60,RNA,2021-03-04,1,1,0.01
ITUB4,1.01,60,Random Forest,2021-03-04,1,1,0.01
ITUB4,1.01,60,SVC,2021-03-04,1,1,0.01
ITUB4,1.01,60,RNA,2021-03-05,1,1,0.01
ITUB4,1.01,60,Random Forest,2021-03-05,1,1,0.01
ITUB4,1.01,60,SVC,2021-03-05,1,1,0.01
ITUB4,1.01,60,RNA,2021-03-08,1,0,0.01
ITUB4,1.01,60,Random Forest,2021-03-08,1,1,0.01
ITUB4,1.01,60,SVC,2021-03-08,1,1,0.01
ITUB4,1.01,60,RNA,2021-03-09,1,1,0.01
ITUB4,1.01,60,Random Forest,2021-03-09,1,1,0.01
ITUB4,1.01,60,SVC,2021-03-09,1,1,0.01
ITUB4,1.01,60,RNA,2021-03-10,1,1,0.01
ITUB4,1.01,60,Random Forest,2021-03-10,1,1,0.01
ITUB4,1.01,60,SVC,2021-03-10,1,1,0.01
ITUB4,1.01,60,RNA,2021-03-11,1,1,0.01
ITUB4,1.01,60,Random Forest,2021-03-11,1,1,0.01
ITUB4,1.01,60,SVC,2021-03-11,1,1,0.01
ITUB4,1.01,60,RNA,2021-03-12,1,1,0.01
ITUB4,1.01,60,Random Forest,2021-03-12,1,1,0.01
ITUB4,1.01,60,SVC,2021-03-12,1,1,0.01
ITUB4,1.01,60,RNA,2021-03-15,1,1,0.01
ITUB4,1.01,60,Random Forest,2021-03-15,1,1,0.01
ITUB4,1.01,60,SVC,2021-03-15,1,1,0.01
ITUB4,1.01,60,RNA,2021-03-16,1,1,0.01
ITUB4,1.01,60,Random Forest,2021-03-16,1,1,0.01
ITUB4,1.01,60,SVC,2021-03-16,1,1,0.01
ITUB4,1.01,60,RNA,2021-03-17,1,1,0.01
ITUB4,1.01,60,Random Forest,2021-03-17,1,1,0.01
ITUB4,1.01,60,SVC,2021-03-17,1,1,0.01
ITUB4,1.01,60,RNA,2021-03-18,1,1,0.01
ITUB4,1.01,60,Random Forest,2021-03-18,1,1,0.01
ITUB4,1.01,60,SVC,2021-03-18,1,1,0.01
ITUB4,1.01,60,RNA,2021-03-19,1,1,0.01
ITUB4,1.01,60,Random Forest,2021-03-19,1,1,0.01
ITUB4,1.01,60,SVC,2021-03-19,1,1,0.01
ITUB4,1.01,60,RNA,2021-03-22,1,1,0.01
ITUB4,1.01,60,Random Forest,2021-03-22,1,1,0.01
ITUB4,1.01,60,SVC,2021-03-22,1,1,0.01
ITUB4,1.01,60,RNA,2021-03-23,1,1,0.01
ITUB4,1.01,60,Random Forest,2021-03-23,1,1,0.01
ITUB4,1.01,60,SVC,2021-03-23,1,1,0.01
ITUB4,1.01,60,RNA,2021-03-24,1,1,0.01
ITUB4,1.01,60,Random Forest,2021-03-24,1,1,0.01
ITUB4,1.01,60,SVC,2021-03-24,1,1,0.01
ITUB4,1.01,60,RNA,2021-03-25,1,1,0.01
ITUB4,1.01,60,Random Forest,2021-03-25,1,1,0.01
ITUB4,1.01,60,SVC,2021-03-25,1,1,0.01
ITUB4,1.01,60,RNA,2021-03-26,1,0,0.01
ITUB4,1.01,60,Random Forest,2021-03-26,1,1,0.01
ITUB4,1.01,60,SVC,2021-03-26,1,1,0.01
ITUB4,1.01,60,RNA,2021-03-29,1,1,0.01
ITUB4,1.01,60,Random Forest,2021-03-29,1,1,0.01
ITUB4,1.01,60,SVC,2021-03-29,1,1,0.01
ITUB4,1.01,60,RNA,2021-03-30,0,1,-0.0411674591974341
ITUB4,1.01,60,Random Forest,2021-03-30,0,1,-0.0411674591974341
ITUB4,1.01,60,SVC,2021-03-30,0,1,-0.0411674591974341
ITUB4,1.01,60,RNA,2021-03-31,0,1,-0.0440810652683939
ITUB4,1.01,60,Random Forest,2021-03-31,0,1,-0.0440810652683939
ITUB4,1.01,60,SVC,2021-03-31,0,1,-0.0440810652683939
ITUB4,1.01,60,RNA,2021-04-01,0,1,-0.0248537609495226
ITUB4,1.01,60,Random Forest,2021-04-01,0,1,-0.0248537609495226
ITUB4,1.01,60,SVC,2021-04-01,0,1,-0.0248537609495226
ITUB4,1.01,60,RNA,2021-04-05,0,0,-0.0312726944325443
ITUB4,1.01,60,Random Forest,2021-04-05,0,1,-0.0312726944325443
ITUB4,1.01,60,SVC,2021-04-05,0,1,-0.0312726944325443
ITUB4,1.01,60,RNA,2021-04-06,1,1,0.01
ITUB4,1.01,60,Random Forest,2021-04-06,1,1,0.01
ITUB4,1.01,60,SVC,2021-04-06,1,1,0.01
ITUB4,1.01,60,RNA,2021-04-07,1,1,0.01
ITUB4,1.01,60,Random Forest,2021-04-07,1,0,0.01
ITUB4,1.01,60,SVC,2021-04-07,1,1,0.01
ITUB4,1.01,60,RNA,2021-04-08,1,1,0.01
ITUB4,1.01,60,Random Forest,2021-04-08,1,1,0.01
ITUB4,1.01,60,SVC,2021-04-08,1,1,0.01
ITUB4,1.01,60,RNA,2021-04-09,1,1,0.01
ITUB4,1.01,60,Random Forest,2021-04-09,1,1,0.01
ITUB4,1.01,60,SVC,2021-04-09,1,1,0.01
ITUB4,1.01,60,RNA,2021-04-12,1,1,0.01
ITUB4,1.01,60,Random Forest,2021-04-12,1,1,0.01
ITUB4,1.01,60,SVC,2021-04-12,1,1,0.01
ITUB4,1.01,60,RNA,2021-04-13,1,1,0.01
ITUB4,1.01,60,Random Forest,2021-04-13,1,1,0.01
ITUB4,1.01,60,SVC,2021-04-13,1,1,0.01
ITUB4,1.01,60,RNA,2021-04-14,1,1,0.01
ITUB4,1.01,60,Random Forest,2021-04-14,1,1,0.01
ITUB4,1.01,60,SVC,2021-04-14,1,1,0.01
ITUB4,1.01,60,RNA,2021-04-15,1,1,0.01
ITUB4,1.01,60,Random Forest,2021-04-15,1,1,0.01
ITUB4,1.01,60,SVC,2021-04-15,1,1,0.01
ITUB4,1.01,60,RNA,2021-04-16,0,1,-0.0125537985959441
ITUB4,1.01,60,Random Forest,2021-04-16,0,1,-0.0125537985959441
ITUB4,1.01,60,SVC,2021-04-16,0,1,-0.0125537985959441
ITUB4,1.01,60,RNA,2021-04-19,1,1,0.01
ITUB4,1.01,60,Random Forest,2021-04-19,1,1,0.01
ITUB4,1.01,60,SVC,2021-04-19,1,1,0.01
ITUB4,1.01,60,RNA,2021-04-20,1,1,0.01
ITUB4,1.01,60,Random Forest,2021-04-20,1,1,0.01
ITUB4,1.01,60,SVC,2021-04-20,1,1,0.01
ITUB4,1.01,60,RNA,2021-04-22,1,1,0.01
ITUB4,1.01,60,Random Forest,2021-04-22,1,1,0.01
ITUB4,1.01,60,SVC,2021-04-22,1,1,0.01
ITUB4,1.01,60,RNA,2021-04-23,1,1,0.01
ITUB4,1.01,60,Random Forest,2021-04-23,1,1,0.01
ITUB4,1.01,60,SVC,2021-04-23,1,1,0.01
ITUB4,1.01,60,RNA,2021-04-26,1,1,0.01
ITUB4,1.01,60,Random Forest,2021-04-26,1,1,0.01
ITUB4,1.01,60,SVC,2021-04-26,1,1,0.01
ITUB4,1.01,60,RNA,2021-04-27,1,1,0.01
ITUB4,1.01,60,Random Forest,2021-04-27,1,1,0.01
ITUB4,1.01,60,SVC,2021-04-27,1,1,0.01
ITUB4,1.01,60,RNA,2021-04-28,0,1,-0.0516478443557051
ITUB4,1.01,60,Random Forest,2021-04-28,0,1,-0.0516478443557051
ITUB4,1.01,60,SVC,2021-04-28,0,1,-0.0516478443557051
ITUB4,1.01,60,RNA,2021-04-29,1,1,0.01
ITUB4,1.01,60,Random Forest,2021-04-29,1,1,0.01
ITUB4,1.01,60,SVC,2021-04-29,1,1,0.01
ITUB4,1.01,60,RNA,2021-04-30,1,1,0.01
ITUB4,1.01,60,Random Forest,2021-04-30,1,1,0.01
ITUB4,1.01,60,SVC,2021-04-30,1,1,0.01
ITUB4,1.01,60,RNA,2021-05-03,0,1,-0.0167259863540787
ITUB4,1.01,60,Random Forest,2021-05-03,0,1,-0.0167259863540787
ITUB4,1.01,60,SVC,2021-05-03,0,1,-0.0167259863540787
ITUB4,1.01,60,RNA,2021-05-04,1,1,0.01
ITUB4,1.01,60,Random Forest,2021-05-04,1,1,0.01
ITUB4,1.01,60,SVC,2021-05-04,1,1,0.01
ITUB4,1.01,60,RNA,2021-05-05,1,1,0.01
ITUB4,1.01,60,Random Forest,2021-05-05,1,1,0.01
ITUB4,1.01,60,SVC,2021-05-05,1,1,0.01
ITUB4,1.01,60,RNA,2021-05-06,1,1,0.01
ITUB4,1.01,60,Random Forest,2021-05-06,1,1,0.01
ITUB4,1.01,60,SVC,2021-05-06,1,1,0.01
ITUB4,1.01,60,RNA,2021-05-07,1,1,0.01
ITUB4,1.01,60,Random Forest,2021-05-07,1,1,0.01
ITUB4,1.01,60,SVC,2021-05-07,1,1,0.01
ITUB4,1.01,60,RNA,2021-05-10,1,1,0.01
ITUB4,1.01,60,Random Forest,2021-05-10,1,1,0.01
ITUB4,1.01,60,SVC,2021-05-10,1,1,0.01
ITUB4,1.01,60,RNA,2021-05-11,1,1,0.01
ITUB4,1.01,60,Random Forest,2021-05-11,1,1,0.01
ITUB4,1.01,60,SVC,2021-05-11,1,1,0.01
ITUB4,1.01,60,RNA,2021-05-12,1,1,0.01
ITUB4,1.01,60,Random Forest,2021-05-12,1,1,0.01
ITUB4,1.01,60,SVC,2021-05-12,1,1,0.01
ITUB4,1.01,60,RNA,2021-05-13,1,1,0.01
ITUB4,1.01,60,Random Forest,2021-05-13,1,1,0.01
ITUB4,1.01,60,SVC,2021-05-13,1,1,0.01
ITUB4,1.01,60,RNA,2021-05-14,1,1,0.01
ITUB4,1.01,60,Random Forest,2021-05-14,1,1,0.01
ITUB4,1.01,60,SVC,2021-05-14,1,1,0.01
ITUB4,1.01,60,RNA,2021-05-17,1,1,0.01
ITUB4,1.01,60,Random Forest,2021-05-17,1,1,0.01
ITUB4,1.01,60,SVC,2021-05-17,1,1,0.01
ITUB4,1.01,60,RNA,2021-05-18,1,1,0.01
ITUB4,1.01,60,Random Forest,2021-05-18,1,0,0.01
ITUB4,1.01,60,SVC,2021-05-18,1,1,0.01
ITUB4,1.01,60,RNA,2021-05-19,1,1,0.01
ITUB4,1.01,60,Random Forest,2021-05-19,1,1,0.01
ITUB4,1.01,60,SVC,2021-05-19,1,1,0.01
ITUB4,1.01,60,RNA,2021-05-20,0,1,0.004054369766641
ITUB4,1.01,60,Random Forest,2021-05-20,0,0,0.004054369766641
ITUB4,1.01,60,SVC,2021-05-20,0,1,0.004054369766641
ITUB4,1.01,60,RNA,2021-05-21,0,1,-0.0108909888930758
ITUB4,1.01,60,Random Forest,2021-05-21,0,1,-0.0108909888930758
ITUB4,1.01,60,SVC,2021-05-21,0,1,-0.0108909888930758
ITUB4,1.01,60,RNA,2021-05-24,1,1,0.01
ITUB4,1.01,60,Random Forest,2021-05-24,1,0,0.01
ITUB4,1.01,60,SVC,2021-05-24,1,1,0.01
ITUB4,1.01,60,RNA,2021-05-25,1,1,0.01
ITUB4,1.01,60,Random Forest,2021-05-25,1,1,0.01
ITUB4,1.01,60,SVC,2021-05-25,1,1,0.01
ITUB4,1.01,60,RNA,2021-05-26,1,0,0.01
ITUB4,1.01,60,Random Forest,2021-05-26,1,1,0.01
ITUB4,1.01,60,SVC,2021-05-26,1,1,0.01
ITUB4,1.01,60,RNA,2021-05-27,1,1,0.01
ITUB4,1.01,60,Random Forest,2021-05-27,1,1,0.01
ITUB4,1.01,60,SVC,2021-05-27,1,1,0.01
ITUB4,1.01,60,RNA,2021-05-28,1,1,0.01
ITUB4,1.01,60,Random Forest,2021-05-28,1,1,0.01
ITUB4,1.01,60,SVC,2021-05-28,1,1,0.01
ITUB4,1.01,60,RNA,2021-05-31,1,1,0.01
ITUB4,1.01,60,Random Forest,2021-05-31,1,1,0.01
ITUB4,1.01,60,SVC,2021-05-31,1,1,0.01
ITUB4,1.01,60,RNA,2021-06-01,1,1,0.01
ITUB4,1.01,60,Random Forest,2021-06-01,1,1,0.01
ITUB4,1.01,60,SVC,2021-06-01,1,1,0.01
ITUB4,1.01,60,RNA,2021-06-02,1,0,0.01
ITUB4,1.01,60,Random Forest,2021-06-02,1,1,0.01
ITUB4,1.01,60,SVC,2021-06-02,1,1,0.01
ITUB4,1.01,60,RNA,2021-06-04,1,1,0.01
ITUB4,1.01,60,Random Forest,2021-06-04,1,0,0.01
ITUB4,1.01,60,SVC,2021-06-04,1,1,0.01
ITUB4,1.01,60,RNA,2021-06-07,1,1,0.01
ITUB4,1.01,60,Random Forest,2021-06-07,1,1,0.01
ITUB4,1.01,60,SVC,2021-06-07,1,1,0.01
ITUB4,1.01,60,RNA,2021-06-08,1,1,0.01
ITUB4,1.01,60,Random Forest,2021-06-08,1,1,0.01
ITUB4,1.01,60,SVC,2021-06-08,1,1,0.01
ITUB4,1.01,60,RNA,2021-06-09,0,1,-0.0285714061229996
ITUB4,1.01,60,Random Forest,2021-06-09,0,1,-0.0285714061229996
ITUB4,1.01,60,SVC,2021-06-09,0,1,-0.0285714061229996
ITUB4,1.01,60,RNA,2021-06-10,1,1,0.01
ITUB4,1.01,60,Random Forest,2021-06-10,1,1,0.01
ITUB4,1.01,60,SVC,2021-06-10,1,1,0.01
ITUB4,1.01,60,RNA,2021-06-11,1,1,0.01
ITUB4,1.01,60,Random Forest,2021-06-11,1,1,0.01
ITUB4,1.01,60,SVC,2021-06-11,1,1,0.01
ITUB4,1.01,60,RNA,2021-06-14,1,1,0.01
ITUB4,1.01,60,Random Forest,2021-06-14,1,1,0.01
ITUB4,1.01,60,SVC,2021-06-14,1,1,0.01
ITUB4,1.01,60,RNA,2021-06-15,1,0,0.01
ITUB4,1.01,60,Random Forest,2021-06-15,1,1,0.01
ITUB4,1.01,60,SVC,2021-06-15,1,1,0.01
ITUB4,1.01,60,RNA,2021-06-16,1,1,0.01
ITUB4,1.01,60,Random Forest,2021-06-16,1,1,0.01
ITUB4,1.01,60,SVC,2021-06-16,1,1,0.01
ITUB4,1.01,60,RNA,2021-06-17,0,1,-0.0290076483557939
ITUB4,1.01,60,Random Forest,2021-06-17,0,1,-0.0290076483557939
ITUB4,1.01,60,SVC,2021-06-17,0,1,-0.0290076483557939
ITUB4,1.01,60,RNA,2021-06-18,1,0,0.01
ITUB4,1.01,60,Random Forest,2021-06-18,1,1,0.01
ITUB4,1.01,60,SVC,2021-06-18,1,1,0.01
ITUB4,1.01,60,RNA,2021-06-21,1,1,0.01
ITUB4,1.01,60,Random Forest,2021-06-21,1,1,0.01
ITUB4,1.01,60,SVC,2021-06-21,1,1,0.01
ITUB4,1.01,60,RNA,2021-06-22,1,1,0.01
ITUB4,1.01,60,Random Forest,2021-06-22,1,1,0.01
ITUB4,1.01,60,SVC,2021-06-22,1,1,0.01
ITUB4,1.01,60,RNA,2021-06-23,0,1,-0.0627913971100218
ITUB4,1.01,60,Random Forest,2021-06-23,0,1,-0.0627913971100218
ITUB4,1.01,60,SVC,2021-06-23,0,1,-0.0627913971100218
ITUB4,1.01,60,RNA,2021-06-24,0,1,-0.0681676276296294
ITUB4,1.01,60,Random Forest,2021-06-24,0,1,-0.0681676276296294
ITUB4,1.01,60,SVC,2021-06-24,0,1,-0.0681676276296294
ITUB4,1.01,60,RNA,2021-06-25,0,1,-0.036804743237627
ITUB4,1.01,60,Random Forest,2021-06-25,0,0,-0.036804743237627
ITUB4,1.01,60,SVC,2021-06-25,0,1,-0.036804743237627
ITUB4,1.01,60,RNA,2021-06-28,0,0,-0.0077626069229377
ITUB4,1.01,60,Random Forest,2021-06-28,0,0,-0.0077626069229377
ITUB4,1.01,60,SVC,2021-06-28,0,1,-0.0077626069229377
ITUB4,1.01,60,RNA,2021-06-29,0,0,-0.0128367402431293
ITUB4,1.01,60,Random Forest,2021-06-29,0,0,-0.0128367402431293
ITUB4,1.01,60,SVC,2021-06-29,0,1,-0.0128367402431293
ITUB4,1.01,60,RNA,2021-06-30,1,1,0.01
ITUB4,1.01,60,Random Forest,2021-06-30,1,0,0.01
ITUB4,1.01,60,SVC,2021-06-30,1,1,0.01
ITUB4,1.01,60,RNA,2021-07-01,0,1,-0.0066934350348086
ITUB4,1.01,60,Random Forest,2021-07-01,0,0,-0.0066934350348086
ITUB4,1.01,60,SVC,2021-07-01,0,1,-0.0066934350348086
ITUB4,1.01,60,RNA,2021-07-02,0,1,-0.0144683377106663
ITUB4,1.01,60,Random Forest,2021-07-02,0,0,-0.0144683377106663
ITUB4,1.01,60,SVC,2021-07-02,0,1,-0.0144683377106663
ITUB4,1.01,60,RNA,2021-07-05,1,1,0.01
ITUB4,1.01,60,Random Forest,2021-07-05,1,0,0.01
ITUB4,1.01,60,SVC,2021-07-05,1,1,0.01
ITUB4,1.01,60,RNA,2021-07-06,1,1,0.01
ITUB4,1.01,60,Random Forest,2021-07-06,1,0,0.01
ITUB4,1.01,60,SVC,2021-07-06,1,1,0.01
ITUB4,1.01,60,RNA,2021-07-07,1,1,0.01
ITUB4,1.01,60,Random Forest,2021-07-07,1,0,0.01
ITUB4,1.01,60,SVC,2021-07-07,1,1,0.01
ITUB4,1.01,60,RNA,2021-07-08,1,1,0.01
ITUB4,1.01,60,Random Forest,2021-07-08,1,0,0.01
ITUB4,1.01,60,SVC,2021-07-08,1,1,0.01
ITUB4,1.01,60,RNA,2021-07-12,1,1,0.01
ITUB4,1.01,60,Random Forest,2021-07-12,1,0,0.01
ITUB4,1.01,60,SVC,2021-07-12,1,1,0.01
ITUB4,1.01,60,RNA,2021-07-13,1,1,0.01
ITUB4,1.01,60,Random Forest,2021-07-13,1,1,0.01
ITUB4,1.01,60,SVC,2021-07-13,1,1,0.01
ITUB4,1.01,60,RNA,2021-07-14,0,1,-0.0194239412419426
ITUB4,1.01,60,Random Forest,2021-07-14,0,1,-0.0194239412419426
ITUB4,1.01,60,SVC,2021-07-14,0,1,-0.0194239412419426
ITUB4,1.01,60,RNA,2021-07-15,0,1,-0.0124286316595101
ITUB4,1.01,60,Random Forest,2021-07-15,0,1,-0.0124286316595101
ITUB4,1.01,60,SVC,2021-07-15,0,1,-0.0124286316595101
ITUB4,1.01,60,RNA,2021-07-16,1,1,0.01
ITUB4,1.01,60,Random Forest,2021-07-16,1,1,0.01
ITUB4,1.01,60,SVC,2021-07-16,1,1,0.01
ITUB4,1.01,60,RNA,2021-07-19,1,1,0.01
ITUB4,1.01,60,Random Forest,2021-07-19,1,1,0.01
ITUB4,1.01,60,SVC,2021-07-19,1,1,0.01
ITUB4,1.01,60,RNA,2021-07-20,1,1,0.01
ITUB4,1.01,60,Random Forest,2021-07-20,1,1,0.01
ITUB4,1.01,60,SVC,2021-07-20,1,1,0.01
ITUB4,1.01,60,RNA,2021-07-21,1,1,0.01
ITUB4,1.01,60,Random Forest,2021-07-21,1,1,0.01
ITUB4,1.01,60,SVC,2021-07-21,1,1,0.01
ITUB4,1.01,60,RNA,2021-07-22,1,1,0.01
ITUB4,1.01,60,Random Forest,2021-07-22,1,1,0.01
ITUB4,1.01,60,SVC,2021-07-22,1,1,0.01
ITUB4,1.01,60,RNA,2021-07-23,1,1,0.01
ITUB4,1.01,60,Random Forest,2021-07-23,1,1,0.01
ITUB4,1.01,60,SVC,2021-07-23,1,1,0.01
ITUB4,1.01,60,RNA,2021-07-26,1,1,0.01
ITUB4,1.01,60,Random Forest,2021-07-26,1,1,0.01
ITUB4,1.01,60,SVC,2021-07-26,1,1,0.01
ITUB4,1.01,60,RNA,2021-07-27,1,1,0.01
ITUB4,1.01,60,Random Forest,2021-07-27,1,1,0.01
ITUB4,1.01,60,SVC,2021-07-27,1,1,0.01
ITUB4,1.01,60,RNA,2021-07-28,1,1,0.01
ITUB4,1.01,60,Random Forest,2021-07-28,1,1,0.01
ITUB4,1.01,60,SVC,2021-07-28,1,1,0.01
ITUB4,1.01,60,RNA,2021-07-29,1,1,0.01
ITUB4,1.01,60,Random Forest,2021-07-29,1,0,0.01
ITUB4,1.01,60,SVC,2021-07-29,1,1,0.01
ITUB4,1.01,60,RNA,2021-07-30,1,1,0.01
ITUB4,1.01,60,Random Forest,2021-07-30,1,1,0.01
ITUB4,1.01,60,SVC,2021-07-30,1,1,0.01
ITUB4,1.01,60,RNA,2021-08-02,0,1,-0.0178343819982774
ITUB4,1.01,60,Random Forest,2021-08-02,0,1,-0.0178343819982774
ITUB4,1.01,60,SVC,2021-08-02,0,1,-0.0178343819982774
ITUB4,1.01,60,RNA,2021-08-03,1,1,0.01
ITUB4,1.01,60,Random Forest,2021-08-03,1,1,0.01
ITUB4,1.01,60,SVC,2021-08-03,1,1,0.01
ITUB4,1.01,60,RNA,2021-08-04,1,0,0.01
ITUB4,1.01,60,Random Forest,2021-08-04,1,0,0.01
ITUB4,1.01,60,SVC,2021-08-04,1,1,0.01
ITUB4,1.01,60,RNA,2021-08-05,1,1,0.01
ITUB4,1.01,60,Random Forest,2021-08-05,1,1,0.01
ITUB4,1.01,60,SVC,2021-08-05,1,1,0.01
ITUB4,1.01,60,RNA,2021-08-06,1,1,0.01
ITUB4,1.01,60,Random Forest,2021-08-06,1,1,0.01
ITUB4,1.01,60,SVC,2021-08-06,1,1,0.01
ITUB4,1.01,60,RNA,2021-08-09,0,1,-0.0121951374336694
ITUB4,1.01,60,Random Forest,2021-08-09,0,1,-0.0121951374336694
ITUB4,1.01,60,SVC,2021-08-09,0,1,-0.0121951374336694
ITUB4,1.01,60,RNA,2021-08-10,1,1,0.01
ITUB4,1.01,60,Random Forest,2021-08-10,1,1,0.01
ITUB4,1.01,60,SVC,2021-08-10,1,1,0.01
ITUB4,1.01,60,RNA,2021-08-11,1,1,0.01
ITUB4,1.01,60,Random Forest,2021-08-11,1,1,0.01
ITUB4,1.01,60,SVC,2021-08-11,1,1,0.01
ITUB4,1.01,60,RNA,2021-08-12,1,1,0.01
ITUB4,1.01,60,Random Forest,2021-08-12,1,1,0.01
ITUB4,1.01,60,SVC,2021-08-12,1,1,0.01
ITUB4,1.01,60,RNA,2021-08-13,1,1,0.01
ITUB4,1.01,60,Random Forest,2021-08-13,1,1,0.01
ITUB4,1.01,60,SVC,2021-08-13,1,1,0.01
ITUB4,1.01,60,RNA,2021-08-16,1,1,0.01
ITUB4,1.01,60,Random Forest,2021-08-16,1,1,0.01
ITUB4,1.01,60,SVC,2021-08-16,1,1,0.01
ITUB4,1.01,60,RNA,2021-08-17,1,1,0.01
ITUB4,1.01,60,Random Forest,2021-08-17,1,1,0.01
ITUB4,1.01,60,SVC,2021-08-17,1,1,0.01
ITUB4,1.01,60,RNA,2021-08-18,1,1,0.01
ITUB4,1.01,60,Random Forest,2021-08-18,1,1,0.01
ITUB4,1.01,60,SVC,2021-08-18,1,1,0.01
ITUB4,1.01,60,RNA,2021-08-19,1,1,0.01
ITUB4,1.01,60,Random Forest,2021-08-19,1,1,0.01
ITUB4,1.01,60,SVC,2021-08-19,1,1,0.01
ITUB4,1.01,60,RNA,2021-08-20,1,1,0.01
ITUB4,1.01,60,Random Forest,2021-08-20,1,1,0.01
ITUB4,1.01,60,SVC,2021-08-20,1,1,0.01
ITUB4,1.01,60,RNA,2021-08-23,1,1,0.01
ITUB4,1.01,60,Random Forest,2021-08-23,1,1,0.01
ITUB4,1.01,60,SVC,2021-08-23,1,1,0.01
ITUB4,1.01,60,RNA,2021-08-24,0,1,-0.006829253334292
ITUB4,1.01,60,Random Forest,2021-08-24,0,1,-0.006829253334292
ITUB4,1.01,60,SVC,2021-08-24,0,1,-0.006829253334292
ITUB4,1.01,60,RNA,2021-08-25,1,1,0.01
ITUB4,1.01,60,Random Forest,2021-08-25,1,1,0.01
ITUB4,1.01,60,SVC,2021-08-25,1,1,0.01
ITUB4,1.01,60,RNA,2021-08-26,1,0,0.01
ITUB4,1.01,60,Random Forest,2021-08-26,1,1,0.01
ITUB4,1.01,60,SVC,2021-08-26,1,1,0.01
ITUB4,1.01,60,RNA,2021-08-27,1,1,0.01
ITUB4,1.01,60,Random Forest,2021-08-27,1,1,0.01
ITUB4,1.01,60,SVC,2021-08-27,1,1,0.01
ITUB4,1.01,60,RNA,2021-08-30,1,1,0.01
ITUB4,1.01,60,Random Forest,2021-08-30,1,1,0.01
ITUB4,1.01,60,SVC,2021-08-30,1,1,0.01
ITUB4,1.01,60,RNA,2021-08-31,1,1,0.01
ITUB4,1.01,60,Random Forest,2021-08-31,1,1,0.01
ITUB4,1.01,60,SVC,2021-08-31,1,1,0.01
ITUB4,1.01,60,RNA,2021-09-01,0,1,-0.0702492614391222
ITUB4,1.01,60,Random Forest,2021-09-01,0,1,-0.0702492614391222
ITUB4,1.01,60,SVC,2021-09-01,0,1,-0.0702492614391222
ITUB4,1.01,60,RNA,2021-09-02,0,1,-0.0341852008779255
ITUB4,1.01,60,Random Forest,2021-09-02,0,1,-0.0341852008779255
ITUB4,1.01,60,SVC,2021-09-02,0,1,-0.0341852008779255
ITUB4,1.01,60,RNA,2021-09-03,1,1,0.01
ITUB4,1.01,60,Random Forest,2021-09-03,1,1,0.01
ITUB4,1.01,60,SVC,2021-09-03,1,1,0.01
ITUB4,1.01,60,RNA,2021-09-06,0,1,-0.0289614311639029
ITUB4,1.01,60,Random Forest,2021-09-06,0,1,-0.0289614311639029
ITUB4,1.01,60,SVC,2021-09-06,0,1,-0.0289614311639029
ITUB4,1.01,60,RNA,2021-09-08,1,1,0.01
ITUB4,1.01,60,Random Forest,2021-09-08,1,1,0.01
ITUB4,1.01,60,SVC,2021-09-08,1,1,0.01
ITUB4,1.01,60,RNA,2021-09-09,0,1,-0.0332203148702248
ITUB4,1.01,60,Random Forest,2021-09-09,0,0,-0.0332203148702248
ITUB4,1.01,60,SVC,2021-09-09,0,1,-0.0332203148702248
ITUB4,1.01,60,RNA,2021-09-10,0,1,-0.0282986741590129
ITUB4,1.01,60,Random Forest,2021-09-10,0,1,-0.0282986741590129
ITUB4,1.01,60,SVC,2021-09-10,0,1,-0.0282986741590129
ITUB4,1.01,60,RNA,2021-09-13,0,1,-0.0439862292437968
ITUB4,1.01,60,Random Forest,2021-09-13,0,1,-0.0439862292437968
ITUB4,1.01,60,SVC,2021-09-13,0,1,-0.0439862292437968
ITUB4,1.01,60,RNA,2021-09-14,0,1,-0.0640275446022548
ITUB4,1.01,60,Random Forest,2021-09-14,0,0,-0.0640275446022548
ITUB4,1.01,60,SVC,2021-09-14,0,1,-0.0640275446022548
ITUB4,1.01,60,RNA,2021-09-15,1,1,0.01
ITUB4,1.01,60,Random Forest,2021-09-15,1,0,0.01
ITUB4,1.01,60,SVC,2021-09-15,1,1,0.01
ITUB4,1.01,60,RNA,2021-09-16,0,0,-0.0252897427978466
ITUB4,1.01,60,Random Forest,2021-09-16,0,0,-0.0252897427978466
ITUB4,1.01,60,SVC,2021-09-16,0,1,-0.0252897427978466
ITUB4,1.01,60,RNA,2021-09-17,1,1,0.01
ITUB4,1.01,60,Random Forest,2021-09-17,1,1,0.01
ITUB4,1.01,60,SVC,2021-09-17,1,1,0.01
ITUB4,1.01,60,RNA,2021-09-20,1,0,0.01
ITUB4,1.01,60,Random Forest,2021-09-20,1,1,0.01
ITUB4,1.01,60,SVC,2021-09-20,1,1,0.01
ITUB4,1.01,60,RNA,2021-09-21,1,1,0.01
ITUB4,1.01,60,Random Forest,2021-09-21,1,1,0.01
ITUB4,1.01,60,SVC,2021-09-21,1,1,0.01
ITUB4,1.01,60,RNA,2021-09-22,1,1,0.01
ITUB4,1.01,60,Random Forest,2021-09-22,1,1,0.01
ITUB4,1.01,60,SVC,2021-09-22,1,1,0.01
ITUB4,1.01,60,RNA,2021-09-23,1,1,0.01
ITUB4,1.01,60,Random Forest,2021-09-23,1,1,0.01
ITUB4,1.01,60,SVC,2021-09-23,1,1,0.01
ITUB4,1.01,60,RNA,2021-09-24,1,1,0.01
ITUB4,1.01,60,Random Forest,2021-09-24,1,1,0.01
ITUB4,1.01,60,SVC,2021-09-24,1,1,0.01
ITUB4,1.01,60,RNA,2021-09-27,1,1,0.01
ITUB4,1.01,60,Random Forest,2021-09-27,1,1,0.01
ITUB4,1.01,60,SVC,2021-09-27,1,1,0.01
ITUB4,1.01,60,RNA,2021-09-28,1,1,0.01
ITUB4,1.01,60,Random Forest,2021-09-28,1,1,0.01
ITUB4,1.01,60,SVC,2021-09-28,1,1,0.01
ITUB4,1.01,60,RNA,2021-09-29,1,0,0.01
ITUB4,1.01,60,Random Forest,2021-09-29,1,1,0.01
ITUB4,1.01,60,SVC,2021-09-29,1,1,0.01
ITUB4,1.01,60,RNA,2021-09-30,1,1,0.01
ITUB4,1.01,60,Random Forest,2021-09-30,1,1,0.01
ITUB4,1.01,60,SVC,2021-09-30,1,1,0.01
ITUB4,1.01,60,RNA,2021-10-01,1,1,0.01
ITUB4,1.01,60,Random Forest,2021-10-01,1,1,0.01
ITUB4,1.01,60,SVC,2021-10-01,1,1,0.01
ITUB4,1.01,60,RNA,2021-10-04,1,1,0.01
ITUB4,1.01,60,Random Forest,2021-10-04,1,1,0.01
ITUB4,1.01,60,SVC,2021-10-04,1,1,0.01
ITUB4,1.01,60,RNA,2021-10-05,1,0,0.01
ITUB4,1.01,60,Random Forest,2021-10-05,1,1,0.01
ITUB4,1.01,60,SVC,2021-10-05,1,1,0.01
ITUB4,1.01,60,RNA,2021-10-06,0,1,-0.0346199618170117
ITUB4,1.01,60,Random Forest,2021-10-06,0,1,-0.0346199618170117
ITUB4,1.01,60,SVC,2021-10-06,0,1,-0.0346199618170117
ITUB4,1.01,60,RNA,2021-10-07,1,1,0.01
ITUB4,1.01,60,Random Forest,2021-10-07,1,1,0.01
ITUB4,1.01,60,SVC,2021-10-07,1,1,0.01
ITUB4,1.01,60,RNA,2021-10-08,1,1,0.01
ITUB4,1.01,60,Random Forest,2021-10-08,1,1,0.01
ITUB4,1.01,60,SVC,2021-10-08,1,1,0.01
ITUB4,1.01,60,RNA,2021-10-11,1,1,0.01
ITUB4,1.01,60,Random Forest,2021-10-11,1,1,0.01
ITUB4,1.01,60,SVC,2021-10-11,1,1,0.01
ITUB4,1.01,60,RNA,2021-10-13,1,1,0.01
ITUB4,1.01,60,Random Forest,2021-10-13,1,1,0.01
ITUB4,1.01,60,SVC,2021-10-13,1,1,0.01
ITUB4,1.01,60,RNA,2021-10-14,1,1,0.01
ITUB4,1.01,60,Random Forest,2021-10-14,1,1,0.01
ITUB4,1.01,60,SVC,2021-10-14,1,1,0.01
ITUB4,1.01,60,RNA,2021-10-15,1,1,0.01
ITUB4,1.01,60,Random Forest,2021-10-15,1,1,0.01
ITUB4,1.01,60,SVC,2021-10-15,1,1,0.01
ITUB4,1.01,60,RNA,2021-10-18,1,0,0.01
ITUB4,1.01,60,Random Forest,2021-10-18,1,1,0.01
ITUB4,1.01,60,SVC,2021-10-18,1,1,0.01
ITUB4,1.01,60,RNA,2021-10-19,1,1,0.01
ITUB4,1.01,60,Random Forest,2021-10-19,1,1,0.01
ITUB4,1.01,60,SVC,2021-10-19,1,1,0.01
ITUB4,1.01,60,RNA,2021-10-20,1,1,0.01
ITUB4,1.01,60,Random Forest,2021-10-20,1,1,0.01
ITUB4,1.01,60,SVC,2021-10-20,1,1,0.01
ITUB4,1.01,60,RNA,2021-10-21,1,1,0.01
ITUB4,1.01,60,Random Forest,2021-10-21,1,1,0.01
ITUB4,1.01,60,SVC,2021-10-21,1,1,0.01
ITUB4,1.01,60,RNA,2021-10-22,1,1,0.01
ITUB4,1.01,60,Random Forest,2021-10-22,1,1,0.01
ITUB4,1.01,60,SVC,2021-10-22,1,1,0.01
ITUB4,1.01,60,RNA,2021-10-25,1,1,0.01
ITUB4,1.01,60,Random Forest,2021-10-25,1,1,0.01
ITUB4,1.01,60,SVC,2021-10-25,1,1,0.01
ITUB4,1.01,60,RNA,2021-10-26,1,1,0.01
ITUB4,1.01,60,Random Forest,2021-10-26,1,1,0.01
ITUB4,1.01,60,SVC,2021-10-26,1,1,0.01
ITUB4,1.01,60,RNA,2021-10-27,1,1,0.01
ITUB4,1.01,60,Random Forest,2021-10-27,1,1,0.01
ITUB4,1.01,60,SVC,2021-10-27,1,1,0.01
ITUB4,1.01,60,RNA,2021-10-28,1,1,0.01
ITUB4,1.01,60,Random Forest,2021-10-28,1,1,0.01
ITUB4,1.01,60,SVC,2021-10-28,1,1,0.01
ITUB4,1.01,60,RNA,2021-10-29,1,1,0.01
ITUB4,1.01,60,Random Forest,2021-10-29,1,1,0.01
ITUB4,1.01,60,SVC,2021-10-29,1,1,0.01
ITUB4,1.01,60,RNA,2021-11-01,1,1,0.01
ITUB4,1.01,60,Random Forest,2021-11-01,1,1,0.01
ITUB4,1.01,60,SVC,2021-11-01,1,1,0.01
ITUB4,1.01,60,RNA,2021-11-03,1,1,0.01
ITUB4,1.01,60,Random Forest,2021-11-03,1,1,0.01
ITUB4,1.01,60,SVC,2021-11-03,1,1,0.01
ITUB4,1.01,60,RNA,2021-11-04,0,1,-0.0170212865038204
ITUB4,1.01,60,Random Forest,2021-11-04,0,1,-0.0170212865038204
ITUB4,1.01,60,SVC,2021-11-04,0,1,-0.0170212865038204
ITUB4,1.01,60,RNA,2021-11-05,1,1,0.01
ITUB4,1.01,60,Random Forest,2021-11-05,1,1,0.01
ITUB4,1.01,60,SVC,2021-11-05,1,1,0.01
ITUB4,1.01,60,RNA,2021-11-08,1,1,0.01
ITUB4,1.01,60,Random Forest,2021-11-08,1,1,0.01
ITUB4,1.01,60,SVC,2021-11-08,1,1,0.01
ITUB4,1.01,60,RNA,2021-11-09,1,1,0.01
ITUB4,1.01,60,Random Forest,2021-11-09,1,1,0.01
ITUB4,1.01,60,SVC,2021-11-09,1,1,0.01
ITUB4,1.01,60,RNA,2021-11-10,0,1,-0.0247546374733381
ITUB4,1.01,60,Random Forest,2021-11-10,0,1,-0.0247546374733381
ITUB4,1.01,60,SVC,2021-11-10,0,1,-0.0247546374733381
ITUB4,1.01,60,RNA,2021-11-11,1,1,0.01
ITUB4,1.01,60,Random Forest,2021-11-11,1,1,0.01
ITUB4,1.01,60,SVC,2021-11-11,1,1,0.01
ITUB4,1.01,60,RNA,2021-11-12,1,1,0.01
ITUB4,1.01,60,Random Forest,2021-11-12,1,1,0.01
ITUB4,1.01,60,SVC,2021-11-12,1,1,0.01
ITUB4,1.01,60,RNA,2021-11-16,1,1,0.01
ITUB4,1.01,60,Random Forest,2021-11-16,1,1,0.01
ITUB4,1.01,60,SVC,2021-11-16,1,1,0.01
ITUB4,1.01,60,RNA,2021-11-17,0,1,-0.0043991574343631
ITUB4,1.01,60,Random Forest,2021-11-17,0,1,-0.0043991574343631
ITUB4,1.01,60,SVC,2021-11-17,0,1,-0.0043991574343631
ITUB4,1.01,60,RNA,2021-11-18,1,1,0.01
ITUB4,1.01,60,Random Forest,2021-11-18,1,1,0.01
ITUB4,1.01,60,SVC,2021-11-18,1,1,0.01
ITUB4,1.01,60,RNA,2021-11-19,1,1,0.01
ITUB4,1.01,60,Random Forest,2021-11-19,1,1,0.01
ITUB4,1.01,60,SVC,2021-11-19,1,1,0.01
ITUB4,1.01,60,RNA,2021-11-22,1,1,0.01
ITUB4,1.01,60,Random Forest,2021-11-22,1,1,0.01
ITUB4,1.01,60,SVC,2021-11-22,1,1,0.01
ITUB4,1.01,60,RNA,2021-11-23,1,1,0.01
ITUB4,1.01,60,Random Forest,2021-11-23,1,1,0.01
ITUB4,1.01,60,SVC,2021-11-23,1,1,0.01
ITUB4,1.01,60,RNA,2021-11-24,1,1,0.01
ITUB4,1.01,60,Random Forest,2021-11-24,1,1,0.01
ITUB4,1.01,60,SVC,2021-11-24,1,1,0.01
ITUB4,1.01,60,RNA,2021-11-25,1,1,0.01
ITUB4,1.01,60,Random Forest,2021-11-25,1,1,0.01
ITUB4,1.01,60,SVC,2021-11-25,1,1,0.01
ITUB4,1.01,60,RNA,2021-11-26,0,1,0.0003557636285826
ITUB4,1.01,60,Random Forest,2021-11-26,0,1,0.0003557636285826
ITUB4,1.01,60,SVC,2021-11-26,0,1,0.0003557636285826
ITUB4,1.01,60,RNA,2021-11-29,1,1,0.01
ITUB4,1.01,60,Random Forest,2021-11-29,1,1,0.01
ITUB4,1.01,60,SVC,2021-11-29,1,1,0.01
ITUB4,1.01,60,RNA,2021-11-30,1,1,0.01
ITUB4,1.01,60,Random Forest,2021-11-30,1,1,0.01
ITUB4,1.01,60,SVC,2021-11-30,1,1,0.01
ITUB4,1.01,60,RNA,2021-12-01,1,1,0.01
ITUB4,1.01,60,Random Forest,2021-12-01,1,1,0.01
ITUB4,1.01,60,SVC,2021-12-01,1,1,0.01
ITUB4,1.01,60,RNA,2021-12-02,1,1,0.01
ITUB4,1.01,60,Random Forest,2021-12-02,1,1,0.01
ITUB4,1.01,60,SVC,2021-12-02,1,1,0.01
ITUB4,1.01,60,RNA,2021-12-03,1,1,0.01
ITUB4,1.01,60,Random Forest,2021-12-03,1,1,0.01
ITUB4,1.01,60,SVC,2021-12-03,1,1,0.01
ITUB4,1.01,60,RNA,2021-12-06,0,1,-0.0618120507258376
ITUB4,1.01,60,Random Forest,2021-12-06,0,1,-0.0618120507258376
ITUB4,1.01,60,SVC,2021-12-06,0,1,-0.0618120507258376
ITUB4,1.01,60,RNA,2021-12-07,0,1,-0.0658293419037054
ITUB4,1.01,60,Random Forest,2021-12-07,0,1,-0.0658293419037054
ITUB4,1.01,60,SVC,2021-12-07,0,1,-0.0658293419037054
ITUB4,1.01,60,RNA,2021-12-08,0,1,-0.0438981392036046
ITUB4,1.01,60,Random Forest,2021-12-08,0,1,-0.0438981392036046
ITUB4,1.01,60,SVC,2021-12-08,0,1,-0.0438981392036046
ITUB4,1.01,60,RNA,2021-12-09,0,1,-0.0255834812574191
ITUB4,1.01,60,Random Forest,2021-12-09,0,1,-0.0255834812574191
ITUB4,1.01,60,SVC,2021-12-09,0,1,-0.0255834812574191
ITUB4,1.01,60,RNA,2021-12-10,0,1,-0.0121621902796168
ITUB4,1.01,60,Random Forest,2021-12-10,0,1,-0.0121621902796168
ITUB4,1.01,60,SVC,2021-12-10,0,1,-0.0121621902796168
ITUB4,1.01,60,RNA,2021-12-13,1,1,0.01
ITUB4,1.01,60,Random Forest,2021-12-13,1,1,0.01
ITUB4,1.01,60,SVC,2021-12-13,1,1,0.01
ITUB4,1.01,60,RNA,2021-12-14,0,1,-0.0360565563354642
ITUB4,1.01,60,Random Forest,2021-12-14,0,0,-0.0360565563354642
ITUB4,1.01,60,SVC,2021-12-14,0,1,-0.0360565563354642
ITUB4,1.01,60,RNA,2021-12-15,0,1,-0.0342465322563038
ITUB4,1.01,60,Random Forest,2021-12-15,0,0,-0.0342465322563038
ITUB4,1.01,60,SVC,2021-12-15,0,1,-0.0342465322563038
ITUB4,1.01,60,RNA,2021-12-16,1,1,0.01
ITUB4,1.01,60,Random Forest,2021-12-16,1,0,0.01
ITUB4,1.01,60,SVC,2021-12-16,1,1,0.01
ITUB4,1.01,60,RNA,2021-12-17,0,1,-0.0065177060386053
ITUB4,1.01,60,Random Forest,2021-12-17,0,0,-0.0065177060386053
ITUB4,1.01,60,SVC,2021-12-17,0,1,-0.0065177060386053
ITUB4,1.01,60,RNA,2021-12-20,1,1,0.01
ITUB4,1.01,60,Random Forest,2021-12-20,1,0,0.01
ITUB4,1.01,60,SVC,2021-12-20,1,1,0.01
ITUB4,1.01,60,RNA,2021-12-21,1,1,0.01
ITUB4,1.01,60,Random Forest,2021-12-21,1,0,0.01
ITUB4,1.01,60,SVC,2021-12-21,1,1,0.01
ITUB4,1.01,60,RNA,2021-12-22,1,1,0.01
ITUB4,1.01,60,Random Forest,2021-12-22,1,1,0.01
ITUB4,1.01,60,SVC,2021-12-22,1,1,0.01
ITUB4,1.01,60,RNA,2021-12-23,1,1,0.01
ITUB4,1.01,60,Random Forest,2021-12-23,1,1,0.01
ITUB4,1.01,60,SVC,2021-12-23,1,1,0.01
ITUB4,1.01,60,RNA,2021-12-27,0,1,-0.0047098264950297
ITUB4,1.01,60,Random Forest,2021-12-27,0,1,-0.0047098264950297
ITUB4,1.01,60,SVC,2021-12-27,0,1,-0.0047098264950297
ITUB4,1.01,60,RNA,2021-12-28,1,1,0.01
ITUB4,1.01,60,Random Forest,2021-12-28,1,1,0.01
ITUB4,1.01,60,SVC,2021-12-28,1,1,0.01
ITUB4,1.01,60,RNA,2021-12-29,1,1,0.01
ITUB4,1.01,60,Random Forest,2021-12-29,1,1,0.01
ITUB4,1.01,60,SVC,2021-12-29,1,1,0.01
ITUB4,1.01,60,RNA,2021-12-30,1,1,0.01
ITUB4,1.01,60,Random Forest,2021-12-30,1,1,0.01
ITUB4,1.01,60,SVC,2021-12-30,1,1,0.01
ITUB4,1.01,60,RNA,2022-01-03,1,1,0.01
ITUB4,1.01,60,Random Forest,2022-01-03,1,1,0.01
ITUB4,1.01,60,SVC,2022-01-03,1,1,0.01
ITUB4,1.01,60,RNA,2022-01-04,1,0,0.01
ITUB4,1.01,60,Random Forest,2022-01-04,1,1,0.01
ITUB4,1.01,60,SVC,2022-01-04,1,1,0.01
ITUB4,1.01,60,RNA,2022-01-05,1,1,0.01
ITUB4,1.01,60,Random Forest,2022-01-05,1,1,0.01
ITUB4,1.01,60,SVC,2022-01-05,1,1,0.01
ITUB4,1.01,60,RNA,2022-01-06,1,1,0.01
ITUB4,1.01,60,Random Forest,2022-01-06,1,1,0.01
ITUB4,1.01,60,SVC,2022-01-06,1,1,0.01
ITUB4,1.01,60,RNA,2022-01-07,1,1,0.01
ITUB4,1.01,60,Random Forest,2022-01-07,1,1,0.01
ITUB4,1.01,60,SVC,2022-01-07,1,1,0.01
ITUB4,1.01,60,RNA,2022-01-10,1,1,0.01
ITUB4,1.01,60,Random Forest,2022-01-10,1,0,0.01
ITUB4,1.01,60,SVC,2022-01-10,1,1,0.01
ITUB4,1.01,60,RNA,2022-01-11,1,1,0.01
ITUB4,1.01,60,Random Forest,2022-01-11,1,1,0.01
ITUB4,1.01,60,SVC,2022-01-11,1,1,0.01
ITUB4,1.01,60,RNA,2022-01-12,1,1,0.01
ITUB4,1.01,60,Random Forest,2022-01-12,1,1,0.01
ITUB4,1.01,60,SVC,2022-01-12,1,1,0.01
ITUB4,1.01,60,RNA,2022-01-13,1,1,0.01
ITUB4,1.01,60,Random Forest,2022-01-13,1,1,0.01
ITUB4,1.01,60,SVC,2022-01-13,1,1,0.01
ITUB4,1.01,60,RNA,2022-01-14,1,1,0.01
ITUB4,1.01,60,Random Forest,2022-01-14,1,1,0.01
ITUB4,1.01,60,SVC,2022-01-14,1,1,0.01
ITUB4,1.01,60,RNA,2022-01-17,1,1,0.01
ITUB4,1.01,60,Random Forest,2022-01-17,1,1,0.01
ITUB4,1.01,60,SVC,2022-01-17,1,1,0.01
ITUB4,1.01,60,RNA,2022-01-18,1,1,0.01
ITUB4,1.01,60,Random Forest,2022-01-18,1,1,0.01
ITUB4,1.01,60,SVC,2022-01-18,1,1,0.01
ITUB4,1.01,60,RNA,2022-01-19,1,1,0.01
ITUB4,1.01,60,Random Forest,2022-01-19,1,1,0.01
ITUB4,1.01,60,SVC,2022-01-19,1,1,0.01
ITUB4,1.01,60,RNA,2022-01-20,1,1,0.01
ITUB4,1.01,60,Random Forest,2022-01-20,1,1,0.01
ITUB4,1.01,60,SVC,2022-01-20,1,1,0.01
ITUB4,1.01,60,RNA,2022-01-21,1,1,0.01
ITUB4,1.01,60,Random Forest,2022-01-21,1,1,0.01
ITUB4,1.01,60,SVC,2022-01-21,1,1,0.01
ITUB4,1.01,60,RNA,2022-01-24,1,1,0.01
ITUB4,1.01,60,Random Forest,2022-01-24,1,1,0.01
ITUB4,1.01,60,SVC,2022-01-24,1,1,0.01
ITUB4,1.01,60,RNA,2022-01-25,1,1,0.01
ITUB4,1.01,60,Random Forest,2022-01-25,1,1,0.01
ITUB4,1.01,60,SVC,2022-01-25,1,1,0.01
ITUB4,1.01,60,RNA,2022-01-26,1,1,0.01
ITUB4,1.01,60,Random Forest,2022-01-26,1,1,0.01
ITUB4,1.01,60,SVC,2022-01-26,1,1,0.01
ITUB4,1.01,60,RNA,2022-01-27,1,1,0.01
ITUB4,1.01,60,Random Forest,2022-01-27,1,1,0.01
ITUB4,1.01,60,SVC,2022-01-27,1,1,0.01
ITUB4,1.01,60,RNA,2022-01-28,1,1,0.01
ITUB4,1.01,60,Random Forest,2022-01-28,1,1,0.01
ITUB4,1.01,60,SVC,2022-01-28,1,1,0.01
ITUB4,1.01,60,RNA,2022-01-31,1,1,0.01
ITUB4,1.01,60,Random Forest,2022-01-31,1,1,0.01
ITUB4,1.01,60,SVC,2022-01-31,1,1,0.01
ITUB4,1.01,60,RNA,2022-02-01,1,1,0.01
ITUB4,1.01,60,Random Forest,2022-02-01,1,1,0.01
ITUB4,1.01,60,SVC,2022-02-01,1,1,0.01
ITUB4,1.01,60,RNA,2022-02-02,1,1,0.01
ITUB4,1.01,60,Random Forest,2022-02-02,1,1,0.01
ITUB4,1.01,60,SVC,2022-02-02,1,1,0.01
ITUB4,1.01,60,RNA,2022-02-03,1,1,0.01
ITUB4,1.01,60,Random Forest,2022-02-03,1,1,0.01
ITUB4,1.01,60,SVC,2022-02-03,1,1,0.01
ITUB4,1.01,60,RNA,2022-02-04,1,1,0.01
ITUB4,1.01,60,Random Forest,2022-02-04,1,1,0.01
ITUB4,1.01,60,SVC,2022-02-04,1,1,0.01
ITUB4,1.01,60,RNA,2022-02-07,1,1,0.01
ITUB4,1.01,60,Random Forest,2022-02-07,1,1,0.01
ITUB4,1.01,60,SVC,2022-02-07,1,1,0.01
ITUB4,1.01,60,RNA,2022-02-08,1,1,0.01
ITUB4,1.01,60,Random Forest,2022-02-08,1,1,0.01
ITUB4,1.01,60,SVC,2022-02-08,1,1,0.01
ITUB4,1.01,60,RNA,2022-02-09,1,1,0.01
ITUB4,1.01,60,Random Forest,2022-02-09,1,1,0.01
ITUB4,1.01,60,SVC,2022-02-09,1,1,0.01
ITUB4,1.01,60,RNA,2022-02-10,1,1,0.01
ITUB4,1.01,60,Random Forest,2022-02-10,1,1,0.01
ITUB4,1.01,60,SVC,2022-02-10,1,1,0.01
ITUB4,1.01,60,RNA,2022-02-11,1,1,0.01
ITUB4,1.01,60,Random Forest,2022-02-11,1,1,0.01
ITUB4,1.01,60,SVC,2022-02-11,1,1,0.01
ITUB4,1.01,60,RNA,2022-02-14,0,0,-0.0235074318756265
ITUB4,1.01,60,Random Forest,2022-02-14,0,1,-0.0235074318756265
ITUB4,1.01,60,SVC,2022-02-14,0,1,-0.0235074318756265
ITUB4,1.01,60,RNA,2022-02-15,0,1,-0.0466766308714334
ITUB4,1.01,60,Random Forest,2022-02-15,0,1,-0.0466766308714334
ITUB4,1.01,60,SVC,2022-02-15,0,1,-0.0466766308714334
ITUB4,1.01,60,RNA,2022-02-16,0,1,-0.0240991402402619
ITUB4,1.01,60,Random Forest,2022-02-16,0,1,-0.0240991402402619
ITUB4,1.01,60,SVC,2022-02-16,0,1,-0.0240991402402619
ITUB4,1.01,60,RNA,2022-02-17,1,1,0.01
ITUB4,1.01,60,Random Forest,2022-02-17,1,1,0.01
ITUB4,1.01,60,SVC,2022-02-17,1,1,0.01
ITUB4,1.01,60,RNA,2022-02-18,0,1,-0.0479084674639354
ITUB4,1.01,60,Random Forest,2022-02-18,0,1,-0.0479084674639354
ITUB4,1.01,60,SVC,2022-02-18,0,1,-0.0479084674639354
ITUB4,1.01,60,RNA,2022-02-21,1,1,0.01
ITUB4,1.01,60,Random Forest,2022-02-21,1,1,0.01
ITUB4,1.01,60,SVC,2022-02-21,1,1,0.01
ITUB4,1.01,60,RNA,2022-02-22,1,1,0.01
ITUB4,1.01,60,Random Forest,2022-02-22,1,0,0.01
ITUB4,1.01,60,SVC,2022-02-22,1,1,0.01
ITUB4,1.01,60,RNA,2022-02-23,1,0,0.01
ITUB4,1.01,60,Random Forest,2022-02-23,1,0,0.01
ITUB4,1.01,60,SVC,2022-02-23,1,1,0.01
ITUB4,1.01,60,RNA,2022-02-24,1,1,0.01
ITUB4,1.01,60,Random Forest,2022-02-24,1,1,0.01
ITUB4,1.01,60,SVC,2022-02-24,1,1,0.01
ITUB4,1.01,60,RNA,2022-02-25,1,1,0.01
ITUB4,1.01,60,Random Forest,2022-02-25,1,1,0.01
ITUB4,1.01,60,SVC,2022-02-25,1,1,0.01
ITUB4,1.01,60,RNA,2022-03-02,1,1,0.01
ITUB4,1.01,60,Random Forest,2022-03-02,1,1,0.01
ITUB4,1.01,60,SVC,2022-03-02,1,1,0.01
ITUB4,1.01,60,RNA,2022-03-03,0,1,0.0011966216512069
ITUB4,1.01,60,Random Forest,2022-03-03,0,1,0.0011966216512069
ITUB4,1.01,60,SVC,2022-03-03,0,1,0.0011966216512069
ITUB4,1.01,60,RNA,2022-03-04,1,1,0.01
ITUB4,1.01,60,Random Forest,2022-03-04,1,1,0.01
ITUB4,1.01,60,SVC,2022-03-04,1,1,0.01
ITUB4,1.01,60,RNA,2022-03-07,1,1,0.01
ITUB4,1.01,60,Random Forest,2022-03-07,1,1,0.01
ITUB4,1.01,60,SVC,2022-03-07,1,1,0.01
ITUB4,1.01,60,RNA,2022-03-08,1,1,0.01
ITUB4,1.01,60,Random Forest,2022-03-08,1,1,0.01
ITUB4,1.01,60,SVC,2022-03-08,1,1,0.01
ITUB4,1.01,60,RNA,2022-03-09,1,1,0.01
ITUB4,1.01,60,Random Forest,2022-03-09,1,1,0.01
ITUB4,1.01,60,SVC,2022-03-09,1,1,0.01
ITUB4,1.01,60,RNA,2022-03-10,1,1,0.01
ITUB4,1.01,60,Random Forest,2022-03-10,1,1,0.01
ITUB4,1.01,60,SVC,2022-03-10,1,1,0.01
ITUB4,1.01,60,RNA,2022-03-11,1,1,0.01
ITUB4,1.01,60,Random Forest,2022-03-11,1,1,0.01
ITUB4,1.01,60,SVC,2022-03-11,1,1,0.01
ITUB4,1.01,60,RNA,2022-03-14,1,1,0.01
ITUB4,1.01,60,Random Forest,2022-03-14,1,1,0.01
ITUB4,1.01,60,SVC,2022-03-14,1,1,0.01
ITUB4,1.01,60,RNA,2022-03-15,1,1,0.01
ITUB4,1.01,60,Random Forest,2022-03-15,1,1,0.01
ITUB4,1.01,60,SVC,2022-03-15,1,1,0.01
ITUB4,1.01,60,RNA,2022-03-16,1,1,0.01
ITUB4,1.01,60,Random Forest,2022-03-16,1,1,0.01
ITUB4,1.01,60,SVC,2022-03-16,1,1,0.01
ITUB4,1.01,60,RNA,2022-03-17,1,1,0.01
ITUB4,1.01,60,Random Forest,2022-03-17,1,1,0.01
ITUB4,1.01,60,SVC,2022-03-17,1,1,0.01
ITUB4,1.01,60,RNA,2022-03-18,1,1,0.01
ITUB4,1.01,60,Random Forest,2022-03-18,1,1,0.01
ITUB4,1.01,60,SVC,2022-03-18,1,1,0.01
ITUB4,1.01,60,RNA,2022-03-21,1,1,0.01
ITUB4,1.01,60,Random Forest,2022-03-21,1,1,0.01
ITUB4,1.01,60,SVC,2022-03-21,1,1,0.01
ITUB4,1.01,60,RNA,2022-03-22,1,1,0.01
ITUB4,1.01,60,Random Forest,2022-03-22,1,1,0.01
ITUB4,1.01,60,SVC,2022-03-22,1,1,0.01
ITUB4,1.01,60,RNA,2022-03-23,1,1,0.01
ITUB4,1.01,60,Random Forest,2022-03-23,1,1,0.01
ITUB4,1.01,60,SVC,2022-03-23,1,1,0.01
ITUB4,1.01,60,RNA,2022-03-24,1,1,0.01
ITUB4,1.01,60,Random Forest,2022-03-24,1,1,0.01
ITUB4,1.01,60,SVC,2022-03-24,1,1,0.01
ITUB4,1.01,60,RNA,2022-03-25,1,1,0.01
ITUB4,1.01,60,Random Forest,2022-03-25,1,1,0.01
ITUB4,1.01,60,SVC,2022-03-25,1,1,0.01
ITUB4,1.01,60,RNA,2022-03-28,1,1,0.01
ITUB4,1.01,60,Random Forest,2022-03-28,1,1,0.01
ITUB4,1.01,60,SVC,2022-03-28,1,1,0.01
ITUB4,1.01,60,RNA,2022-03-29,0,1,-0.0191260467010287
ITUB4,1.01,60,Random Forest,2022-03-29,0,1,-0.0191260467010287
ITUB4,1.01,60,SVC,2022-03-29,0,1,-0.0191260467010287
ITUB4,1.01,60,RNA,2022-03-30,0,1,-0.0402733956983835
ITUB4,1.01,60,Random Forest,2022-03-30,0,1,-0.0402733956983835
ITUB4,1.01,60,SVC,2022-03-30,0,1,-0.0402733956983835
ITUB4,1.01,60,RNA,2022-03-31,0,1,-0.035018065908836
ITUB4,1.01,60,Random Forest,2022-03-31,0,1,-0.035018065908836
ITUB4,1.01,60,SVC,2022-03-31,0,1,-0.035018065908836
ITUB4,1.01,60,RNA,2022-04-01,0,1,-0.0269581373545115
ITUB4,1.01,60,Random Forest,2022-04-01,0,1,-0.0269581373545115
ITUB4,1.01,60,SVC,2022-04-01,0,1,-0.0269581373545115
ITUB4,1.01,60,RNA,2022-04-04,0,1,-0.020932810595951
ITUB4,1.01,60,Random Forest,2022-04-04,0,0,-0.020932810595951
ITUB4,1.01,60,SVC,2022-04-04,0,1,-0.020932810595951
ITUB4,1.01,60,RNA,2022-04-05,1,1,0.01
ITUB4,1.01,60,Random Forest,2022-04-05,1,0,0.01
ITUB4,1.01,60,SVC,2022-04-05,1,1,0.01
ITUB4,1.01,60,RNA,2022-04-06,1,0,0.01
ITUB4,1.01,60,Random Forest,2022-04-06,1,1,0.01
ITUB4,1.01,60,SVC,2022-04-06,1,1,0.01
ITUB4,1.01,60,RNA,2022-04-07,1,1,0.01
ITUB4,1.01,60,Random Forest,2022-04-07,1,1,0.01
ITUB4,1.01,60,SVC,2022-04-07,1,1,0.01
ITUB4,1.01,60,RNA,2022-04-08,1,1,0.01
ITUB4,1.01,60,Random Forest,2022-04-08,1,1,0.01
ITUB4,1.01,60,SVC,2022-04-08,1,1,0.01
ITUB4,1.01,60,RNA,2022-04-11,0,1,-0.0119403085524354
ITUB4,1.01,60,Random Forest,2022-04-11,0,1,-0.0119403085524354
ITUB4,1.01,60,SVC,2022-04-11,0,1,-0.0119403085524354
ITUB4,1.01,60,RNA,2022-04-12,1,1,0.01
ITUB4,1.01,60,Random Forest,2022-04-12,1,1,0.01
ITUB4,1.01,60,SVC,2022-04-12,1,1,0.01
ITUB4,1.01,60,RNA,2022-04-13,1,1,0.01
ITUB4,1.01,60,Random Forest,2022-04-13,1,1,0.01
ITUB4,1.01,60,SVC,2022-04-13,1,1,0.01
ITUB4,1.01,60,RNA,2022-04-14,1,1,0.01
ITUB4,1.01,60,Random Forest,2022-04-14,1,1,0.01
ITUB4,1.01,60,SVC,2022-04-14,1,1,0.01
ITUB4,1.01,60,RNA,2022-04-18,0,1,-0.0358220153171914
ITUB4,1.01,60,Random Forest,2022-04-18,0,1,-0.0358220153171914
ITUB4,1.01,60,SVC,2022-04-18,0,1,-0.0358220153171914
ITUB4,1.01,60,RNA,2022-04-19,0,1,-0.0507301934568943
ITUB4,1.01,60,Random Forest,2022-04-19,0,1,-0.0507301934568943
ITUB4,1.01,60,SVC,2022-04-19,0,1,-0.0507301934568943
ITUB4,1.01,60,RNA,2022-04-20,0,1,-0.0540540287712879
ITUB4,1.01,60,Random Forest,2022-04-20,0,1,-0.0540540287712879
ITUB4,1.01,60,SVC,2022-04-20,0,1,-0.0540540287712879
ITUB4,1.01,60,RNA,2022-04-22,0,1,-0.0470588241504158
ITUB4,1.01,60,Random Forest,2022-04-22,0,1,-0.0470588241504158
ITUB4,1.01,60,SVC,2022-04-22,0,1,-0.0470588241504158
ITUB4,1.01,60,RNA,2022-04-25,0,1,-0.0550277017137272
ITUB4,1.01,60,Random Forest,2022-04-25,0,1,-0.0550277017137272
ITUB4,1.01,60,SVC,2022-04-25,0,1,-0.0550277017137272
ITUB4,1.01,60,RNA,2022-04-26,0,1,-0.0489169900846493
ITUB4,1.01,60,Random Forest,2022-04-26,0,1,-0.0489169900846493
ITUB4,1.01,60,SVC,2022-04-26,0,1,-0.0489169900846493
ITUB4,1.01,60,RNA,2022-04-27,1,1,0.01
ITUB4,1.01,60,Random Forest,2022-04-27,1,1,0.01
ITUB4,1.01,60,SVC,2022-04-27,1,1,0.01
ITUB4,1.01,60,RNA,2022-04-28,1,1,0.01
ITUB4,1.01,60,Random Forest,2022-04-28,1,1,0.01
ITUB4,1.01,60,SVC,2022-04-28,1,1,0.01
ITUB4,1.01,60,RNA,2022-04-29,1,1,0.01
ITUB4,1.01,60,Random Forest,2022-04-29,1,1,0.01
ITUB4,1.01,60,SVC,2022-04-29,1,1,0.01
ITUB4,1.01,60,RNA,2022-05-02,1,1,0.01
ITUB4,1.01,60,Random Forest,2022-05-02,1,1,0.01
ITUB4,1.01,60,SVC,2022-05-02,1,1,0.01
ITUB4,1.01,60,RNA,2022-05-03,1,1,0.01
ITUB4,1.01,60,Random Forest,2022-05-03,1,1,0.01
ITUB4,1.01,60,SVC,2022-05-03,1,1,0.01
ITUB4,1.01,60,RNA,2022-05-04,1,1,0.01
ITUB4,1.01,60,Random Forest,2022-05-04,1,1,0.01
ITUB4,1.01,60,SVC,2022-05-04,1,1,0.01
ITUB4,1.01,60,RNA,2022-05-05,1,1,0.01
ITUB4,1.01,60,Random Forest,2022-05-05,1,1,0.01
ITUB4,1.01,60,SVC,2022-05-05,1,1,0.01
ITUB4,1.01,60,RNA,2022-05-06,1,1,0.01
ITUB4,1.01,60,Random Forest,2022-05-06,1,1,0.01
ITUB4,1.01,60,SVC,2022-05-06,1,1,0.01
ITUB4,1.01,60,RNA,2022-05-09,1,1,0.01
ITUB4,1.01,60,Random Forest,2022-05-09,1,1,0.01
ITUB4,1.01,60,SVC,2022-05-09,1,1,0.01
ITUB4,1.01,60,RNA,2022-05-10,1,1,0.01
ITUB4,1.01,60,Random Forest,2022-05-10,1,1,0.01
ITUB4,1.01,60,SVC,2022-05-10,1,1,0.01
ITUB4,1.01,60,RNA,2022-05-11,1,1,0.01
ITUB4,1.01,60,Random Forest,2022-05-11,1,1,0.01
ITUB4,1.01,60,SVC,2022-05-11,1,1,0.01
ITUB4,1.01,60,RNA,2022-05-12,1,1,0.01
ITUB4,1.01,60,Random Forest,2022-05-12,1,1,0.01
ITUB4,1.01,60,SVC,2022-05-12,1,1,0.01
ITUB4,1.01,60,RNA,2022-05-13,1,0,0.01
ITUB4,1.01,60,Random Forest,2022-05-13,1,1,0.01
ITUB4,1.01,60,SVC,2022-05-13,1,1,0.01
ITUB4,1.01,60,RNA,2022-05-16,1,0,0.01
ITUB4,1.01,60,Random Forest,2022-05-16,1,1,0.01
ITUB4,1.01,60,SVC,2022-05-16,1,1,0.01
ITUB4,1.01,60,RNA,2022-05-17,1,1,0.01
ITUB4,1.01,60,Random Forest,2022-05-17,1,1,0.01
ITUB4,1.01,60,SVC,2022-05-17,1,1,0.01
ITUB4,1.01,60,RNA,2022-05-18,1,0,0.01
ITUB4,1.01,60,Random Forest,2022-05-18,1,1,0.01
ITUB4,1.01,60,SVC,2022-05-18,1,1,0.01
ITUB4,1.01,60,RNA,2022-05-19,1,1,0.01
ITUB4,1.01,60,Random Forest,2022-05-19,1,1,0.01
ITUB4,1.01,60,SVC,2022-05-19,1,1,0.01
ITUB4,1.01,60,RNA,2022-05-20,1,1,0.01
ITUB4,1.01,60,Random Forest,2022-05-20,1,1,0.01
ITUB4,1.01,60,SVC,2022-05-20,1,1,0.01
ITUB4,1.01,60,RNA,2022-05-23,1,1,0.01
ITUB4,1.01,60,Random Forest,2022-05-23,1,1,0.01
ITUB4,1.01,60,SVC,2022-05-23,1,1,0.01
ITUB4,1.01,60,RNA,2022-05-24,1,1,0.01
ITUB4,1.01,60,Random Forest,2022-05-24,1,1,0.01
ITUB4,1.01,60,SVC,2022-05-24,1,1,0.01
ITUB4,1.01,60,RNA,2022-05-25,1,1,0.01
ITUB4,1.01,60,Random Forest,2022-05-25,1,1,0.01
ITUB4,1.01,60,SVC,2022-05-25,1,1,0.01
ITUB4,1.01,60,RNA,2022-05-26,1,1,0.01
ITUB4,1.01,60,Random Forest,2022-05-26,1,1,0.01
ITUB4,1.01,60,SVC,2022-05-26,1,1,0.01
ITUB4,1.01,60,RNA,2022-05-27,0,1,-0.0137995024253322
ITUB4,1.01,60,Random Forest,2022-05-27,0,1,-0.0137995024253322
ITUB4,1.01,60,SVC,2022-05-27,0,1,-0.0137995024253322
ITUB4,1.01,60,RNA,2022-05-30,0,1,-0.0203310780095277
ITUB4,1.01,60,Random Forest,2022-05-30,0,1,-0.0203310780095277
ITUB4,1.01,60,SVC,2022-05-30,0,1,-0.0203310780095277
ITUB4,1.01,60,RNA,2022-05-31,0,1,-0.0277672243527614
ITUB4,1.01,60,Random Forest,2022-05-31,0,1,-0.0277672243527614
ITUB4,1.01,60,SVC,2022-05-31,0,1,-0.0277672243527614
ITUB4,1.01,60,RNA,2022-06-01,0,1,-0.0176786889121048
ITUB4,1.01,60,Random Forest,2022-06-01,0,1,-0.0176786889121048
ITUB4,1.01,60,SVC,2022-06-01,0,1,-0.0176786889121048
ITUB4,1.01,60,RNA,2022-06-02,0,1,-0.026407777815245
ITUB4,1.01,60,Random Forest,2022-06-02,0,1,-0.026407777815245
ITUB4,1.01,60,SVC,2022-06-02,0,1,-0.026407777815245
ITUB4,1.01,60,RNA,2022-06-03,0,1,-0.0468085250204608
ITUB4,1.01,60,Random Forest,2022-06-03,0,1,-0.0468085250204608
ITUB4,1.01,60,SVC,2022-06-03,0,1,-0.0468085250204608
ITUB4,1.01,60,RNA,2022-06-06,0,0,-0.0537888035915916
ITUB4,1.01,60,Random Forest,2022-06-06,0,0,-0.0537888035915916
ITUB4,1.01,60,SVC,2022-06-06,0,1,-0.0537888035915916
ITUB4,1.01,60,RNA,2022-06-07,0,1,-0.0644400406712316
ITUB4,1.01,60,Random Forest,2022-06-07,0,0,-0.0644400406712316
ITUB4,1.01,60,SVC,2022-06-07,0,1,-0.0644400406712316
ITUB4,1.01,60,RNA,2022-06-08,0,1,-0.0562649363477463
ITUB4,1.01,60,Random Forest,2022-06-08,0,0,-0.0562649363477463
ITUB4,1.01,60,SVC,2022-06-08,0,1,-0.0562649363477463
ITUB4,1.01,60,RNA,2022-06-09,0,0,-0.032192312455432
ITUB4,1.01,60,Random Forest,2022-06-09,0,1,-0.032192312455432
ITUB4,1.01,60,SVC,2022-06-09,0,1,-0.032192312455432
ITUB4,1.01,60,RNA,2022-06-10,0,0,-0.0229166936191477
ITUB4,1.01,60,Random Forest,2022-06-10,0,1,-0.0229166936191477
ITUB4,1.01,60,SVC,2022-06-10,0,1,-0.0229166936191477
ITUB4,1.01,60,RNA,2022-06-13,1,1,0.01
ITUB4,1.01,60,Random Forest,2022-06-13,1,1,0.01
ITUB4,1.01,60,SVC,2022-06-13,1,1,0.01
ITUB4,1.01,60,RNA,2022-06-14,1,1,0.01
ITUB4,1.01,60,Random Forest,2022-06-14,1,1,0.01
ITUB4,1.01,60,SVC,2022-06-14,1,1,0.01
ITUB4,1.01,60,RNA,2022-06-15,1,0,0.01
ITUB4,1.01,60,Random Forest,2022-06-15,1,1,0.01
ITUB4,1.01,60,SVC,2022-06-15,1,1,0.01
ITUB4,1.01,60,RNA,2022-06-17,1,0,0.01
ITUB4,1.01,60,Random Forest,2022-06-17,1,1,0.01
ITUB4,1.01,60,SVC,2022-06-17,1,1,0.01
ITUB4,1.01,60,RNA,2022-06-20,0,1,-0.0456026274335767
ITUB4,1.01,60,Random Forest,2022-06-20,0,1,-0.0456026274335767
ITUB4,1.01,60,SVC,2022-06-20,0,1,-0.0456026274335767
ITUB4,1.01,60,RNA,2022-06-21,0,1,-0.0284301836254713
ITUB4,1.01,60,Random Forest,2022-06-21,0,1,-0.0284301836254713
ITUB4,1.01,60,SVC,2022-06-21,0,1,-0.0284301836254713
ITUB4,1.01,60,RNA,2022-06-22,0,1,-0.0307564126464507
ITUB4,1.01,60,Random Forest,2022-06-22,0,1,-0.0307564126464507
ITUB4,1.01,60,SVC,2022-06-22,0,1,-0.0307564126464507
ITUB4,1.01,60,RNA,2022-06-23,0,1,-0.0257492468736639
ITUB4,1.01,60,Random Forest,2022-06-23,0,1,-0.0257492468736639
ITUB4,1.01,60,SVC,2022-06-23,0,1,-0.0257492468736639
ITUB4,1.01,60,RNA,2022-06-24,1,1,0.01
ITUB4,1.01,60,Random Forest,2022-06-24,1,1,0.01
ITUB4,1.01,60,SVC,2022-06-24,1,1,0.01
ITUB4,1.01,60,RNA,2022-06-27,0,1,-0.0363331442232922
ITUB4,1.01,60,Random Forest,2022-06-27,0,0,-0.0363331442232922
ITUB4,1.01,60,SVC,2022-06-27,0,1,-0.0363331442232922
ITUB4,1.01,60,RNA,2022-06-28,0,1,-0.0350386772035582
ITUB4,1.01,60,Random Forest,2022-06-28,0,0,-0.0350386772035582
ITUB4,1.01,60,SVC,2022-06-28,0,1,-0.0350386772035582
ITUB4,1.01,60,RNA,2022-06-29,0,0,-0.0005360591833839
ITUB4,1.01,60,Random Forest,2022-06-29,0,1,-0.0005360591833839
ITUB4,1.01,60,SVC,2022-06-29,0,1,-0.0005360591833839
ITUB4,1.01,60,RNA,2022-06-30,1,1,0.01
ITUB4,1.01,60,Random Forest,2022-06-30,1,0,0.01
ITUB4,1.01,60,SVC,2022-06-30,1,0,0.01
ITUB4,1.01,60,RNA,2022-07-01,1,1,0.01
ITUB4,1.01,60,Random Forest,2022-07-01,1,0,0.01
ITUB4,1.01,60,SVC,2022-07-01,1,1,0.01
ITUB4,1.01,60,RNA,2022-07-04,1,1,0.01
ITUB4,1.01,60,Random Forest,2022-07-04,1,0,0.01
ITUB4,1.01,60,SVC,2022-07-04,1,1,0.01
ITUB4,1.01,60,RNA,2022-07-05,1,0,0.01
ITUB4,1.01,60,Random Forest,2022-07-05,1,1,0.01
ITUB4,1.01,60,SVC,2022-07-05,1,1,0.01
ITUB4,1.01,60,RNA,2022-07-06,1,1,0.01
ITUB4,1.01,60,Random Forest,2022-07-06,1,0,0.01
ITUB4,1.01,60,SVC,2022-07-06,1,1,0.01
ITUB4,1.01,60,RNA,2022-07-07,0,1,-0.0357296566372041
ITUB4,1.01,60,Random Forest,2022-07-07,0,1,-0.0357296566372041
ITUB4,1.01,60,SVC,2022-07-07,0,1,-0.0357296566372041
ITUB4,1.01,60,RNA,2022-07-08,0,1,-0.0194777031141839
ITUB4,1.01,60,Random Forest,2022-07-08,0,0,-0.0194777031141839
ITUB4,1.01,60,SVC,2022-07-08,0,0,-0.0194777031141839
ITUB4,1.01,60,RNA,2022-07-11,0,1,0.0008876944070723
ITUB4,1.01,60,Random Forest,2022-07-11,0,0,0.0008876944070723
ITUB4,1.01,60,SVC,2022-07-11,0,1,0.0008876944070723
ITUB4,1.01,60,RNA,2022-07-12,1,1,0.01
ITUB4,1.01,60,Random Forest,2022-07-12,1,0,0.01
ITUB4,1.01,60,SVC,2022-07-12,1,1,0.01
ITUB4,1.01,60,RNA,2022-07-13,1,1,0.01
ITUB4,1.01,60,Random Forest,2022-07-13,1,0,0.01
ITUB4,1.01,60,SVC,2022-07-13,1,0,0.01
ITUB4,1.01,60,RNA,2022-07-14,1,1,0.01
ITUB4,1.01,60,Random Forest,2022-07-14,1,1,0.01
ITUB4,1.01,60,SVC,2022-07-14,1,1,0.01
ITUB4,1.01,60,RNA,2022-07-15,1,1,0.01
ITUB4,1.01,60,Random Forest,2022-07-15,1,1,0.01
ITUB4,1.01,60,SVC,2022-07-15,1,1,0.01
ITUB4,1.01,60,RNA,2022-07-18,1,1,0.01
ITUB4,1.01,60,Random Forest,2022-07-18,1,1,0.01
ITUB4,1.01,60,SVC,2022-07-18,1,1,0.01
ITUB4,1.01,60,RNA,2022-07-19,1,1,0.01
ITUB4,1.01,60,Random Forest,2022-07-19,1,1,0.01
ITUB4,1.01,60,SVC,2022-07-19,1,1,0.01
ITUB4,1.01,60,RNA,2022-07-20,1,1,0.01
ITUB4,1.01,60,Random Forest,2022-07-20,1,1,0.01
ITUB4,1.01,60,SVC,2022-07-20,1,1,0.01
ITUB4,1.01,60,RNA,2022-07-21,1,1,0.01
ITUB4,1.01,60,Random Forest,2022-07-21,1,1,0.01
ITUB4,1.01,60,SVC,2022-07-21,1,1,0.01
ITUB4,1.01,60,RNA,2022-07-22,1,1,0.01
ITUB4,1.01,60,Random Forest,2022-07-22,1,1,0.01
ITUB4,1.01,60,SVC,2022-07-22,1,1,0.01
ITUB4,1.01,60,RNA,2022-07-25,1,1,0.01
ITUB4,1.01,60,Random Forest,2022-07-25,1,1,0.01
ITUB4,1.01,60,SVC,2022-07-25,1,1,0.01
ITUB4,1.01,60,RNA,2022-07-26,1,1,0.01
ITUB4,1.01,60,Random Forest,2022-07-26,1,1,0.01
ITUB4,1.01,60,SVC,2022-07-26,1,1,0.01
ITUB4,1.01,60,RNA,2022-07-27,1,1,0.01
ITUB4,1.01,60,Random Forest,2022-07-27,1,1,0.01
ITUB4,1.01,60,SVC,2022-07-27,1,1,0.01
ITUB4,1.01,60,RNA,2022-07-28,1,1,0.01
ITUB4,1.01,60,Random Forest,2022-07-28,1,1,0.01
ITUB4,1.01,60,SVC,2022-07-28,1,1,0.01
ITUB4,1.01,60,RNA,2022-07-29,1,1,0.01
ITUB4,1.01,60,Random Forest,2022-07-29,1,1,0.01
ITUB4,1.01,60,SVC,2022-07-29,1,1,0.01
ITUB4,1.01,60,RNA,2022-08-01,1,1,0.01
ITUB4,1.01,60,Random Forest,2022-08-01,1,1,0.01
ITUB4,1.01,60,SVC,2022-08-01,1,1,0.01
ITUB4,1.01,60,RNA,2022-08-02,1,1,0.01
ITUB4,1.01,60,Random Forest,2022-08-02,1,1,0.01
ITUB4,1.01,60,SVC,2022-08-02,1,1,0.01
ITUB4,1.01,60,RNA,2022-08-03,1,1,0.01
ITUB4,1.01,60,Random Forest,2022-08-03,1,1,0.01
ITUB4,1.01,60,SVC,2022-08-03,1,1,0.01
ITUB4,1.01,60,RNA,2022-08-04,1,1,0.01
ITUB4,1.01,60,Random Forest,2022-08-04,1,1,0.01
ITUB4,1.01,60,SVC,2022-08-04,1,1,0.01
ITUB4,1.01,60,RNA,2022-08-05,1,1,0.01
ITUB4,1.01,60,Random Forest,2022-08-05,1,1,0.01
ITUB4,1.01,60,SVC,2022-08-05,1,1,0.01
ITUB4,1.01,60,RNA,2022-08-08,1,1,0.01
ITUB4,1.01,60,Random Forest,2022-08-08,1,1,0.01
ITUB4,1.01,60,SVC,2022-08-08,1,1,0.01
ITUB4,1.01,60,RNA,2022-08-09,1,1,0.01
ITUB4,1.01,60,Random Forest,2022-08-09,1,1,0.01
ITUB4,1.01,60,SVC,2022-08-09,1,1,0.01
ITUB4,1.01,60,RNA,2022-08-10,1,1,0.01
ITUB4,1.01,60,Random Forest,2022-08-10,1,0,0.01
ITUB4,1.01,60,SVC,2022-08-10,1,1,0.01
ITUB4,1.01,60,RNA,2022-08-11,1,0,0.01
ITUB4,1.01,60,Random Forest,2022-08-11,1,0,0.01
ITUB4,1.01,60,SVC,2022-08-11,1,1,0.01
ITUB4,1.01,60,RNA,2022-08-12,1,0,0.01
ITUB4,1.01,60,Random Forest,2022-08-12,1,0,0.01
ITUB4,1.01,60,SVC,2022-08-12,1,1,0.01
ITUB4,1.01,60,RNA,2022-08-15,1,0,0.01
ITUB4,1.01,60,Random Forest,2022-08-15,1,1,0.01
ITUB4,1.01,60,SVC,2022-08-15,1,1,0.01
ITUB4,1.01,60,RNA,2022-08-16,1,1,0.01
ITUB4,1.01,60,Random Forest,2022-08-16,1,1,0.01
ITUB4,1.01,60,SVC,2022-08-16,1,1,0.01
ITUB4,1.01,60,RNA,2022-08-17,0,1,-0.0244632343440613
ITUB4,1.01,60,Random Forest,2022-08-17,0,1,-0.0244632343440613
ITUB4,1.01,60,SVC,2022-08-17,0,1,-0.0244632343440613
ITUB4,1.01,60,RNA,2022-08-18,0,1,-0.010447767475726
ITUB4,1.01,60,Random Forest,2022-08-18,0,1,-0.010447767475726
ITUB4,1.01,60,SVC,2022-08-18,0,1,-0.010447767475726
ITUB4,1.01,60,RNA,2022-08-19,1,0,0.01
ITUB4,1.01,60,Random Forest,2022-08-19,1,1,0.01
ITUB4,1.01,60,SVC,2022-08-19,1,1,0.01
ITUB4,1.01,60,RNA,2022-08-22,1,1,0.01
ITUB4,1.01,60,Random Forest,2022-08-22,1,1,0.01
ITUB4,1.01,60,SVC,2022-08-22,1,1,0.01
ITUB4,1.01,60,RNA,2022-08-23,1,1,0.01
ITUB4,1.01,60,Random Forest,2022-08-23,1,1,0.01
ITUB4,1.01,60,SVC,2022-08-23,1,1,0.01
ITUB4,1.01,60,RNA,2022-08-24,1,0,0.01
ITUB4,1.01,60,Random Forest,2022-08-24,1,0,0.01
ITUB4,1.01,60,SVC,2022-08-24,1,1,0.01
ITUB4,1.01,60,RNA,2022-08-25,0,1,-0.040520448370624
ITUB4,1.01,60,Random Forest,2022-08-25,0,1,-0.040520448370624
ITUB4,1.01,60,SVC,2022-08-25,0,1,-0.040520448370624
ITUB4,1.01,60,RNA,2022-08-26,1,1,0.01
ITUB4,1.01,60,Random Forest,2022-08-26,1,1,0.01
ITUB4,1.01,60,SVC,2022-08-26,1,1,0.01
ITUB4,1.01,60,RNA,2022-08-29,0,1,-0.0053098970989149
ITUB4,1.01,60,Random Forest,2022-08-29,0,1,-0.0053098970989149
ITUB4,1.01,60,SVC,2022-08-29,0,1,-0.0053098970989149
ITUB4,1.01,60,RNA,2022-08-30,1,1,0.01
ITUB4,1.01,60,Random Forest,2022-08-30,1,1,0.01
ITUB4,1.01,60,SVC,2022-08-30,1,1,0.01
ITUB4,1.01,60,RNA,2022-08-31,1,0,0.01
ITUB4,1.01,60,Random Forest,2022-08-31,1,1,0.01
ITUB4,1.01,60,SVC,2022-08-31,1,1,0.01
ITUB4,1.01,60,RNA,2022-09-01,1,1,0.01
ITUB4,1.01,60,Random Forest,2022-09-01,1,0,0.01
ITUB4,1.01,60,SVC,2022-09-01,1,1,0.01
ITUB4,1.01,60,RNA,2022-09-02,1,1,0.01
ITUB4,1.01,60,Random Forest,2022-09-02,1,1,0.01
ITUB4,1.01,60,SVC,2022-09-02,1,1,0.01
ITUB4,1.01,60,RNA,2022-09-05,1,1,0.01
ITUB4,1.01,60,Random Forest,2022-09-05,1,1,0.01
ITUB4,1.01,60,SVC,2022-09-05,1,1,0.01
ITUB4,1.01,60,RNA,2022-09-06,1,1,0.01
ITUB4,1.01,60,Random Forest,2022-09-06,1,1,0.01
ITUB4,1.01,60,SVC,2022-09-06,1,1,0.01
ITUB4,1.01,60,RNA,2022-09-08,1,1,0.01
ITUB4,1.01,60,Random Forest,2022-09-08,1,1,0.01
ITUB4,1.01,60,SVC,2022-09-08,1,1,0.01
ITUB4,1.01,60,RNA,2022-09-09,1,1,0.01
ITUB4,1.01,60,Random Forest,2022-09-09,1,1,0.01
ITUB4,1.01,60,SVC,2022-09-09,1,1,0.01
ITUB4,1.01,60,RNA,2022-09-12,1,1,0.01
ITUB4,1.01,60,Random Forest,2022-09-12,1,1,0.01
ITUB4,1.01,60,SVC,2022-09-12,1,1,0.01
ITUB4,1.01,60,RNA,2022-09-13,1,1,0.01
ITUB4,1.01,60,Random Forest,2022-09-13,1,1,0.01
ITUB4,1.01,60,SVC,2022-09-13,1,1,0.01
ITUB4,1.01,60,RNA,2022-09-14,1,1,0.01
ITUB4,1.01,60,Random Forest,2022-09-14,1,1,0.01
ITUB4,1.01,60,SVC,2022-09-14,1,1,0.01
ITUB4,1.01,60,RNA,2022-09-15,1,1,0.01
ITUB4,1.01,60,Random Forest,2022-09-15,1,1,0.01
ITUB4,1.01,60,SVC,2022-09-15,1,1,0.01
ITUB4,1.01,60,RNA,2022-09-16,1,1,0.01
ITUB4,1.01,60,Random Forest,2022-09-16,1,1,0.01
ITUB4,1.01,60,SVC,2022-09-16,1,1,0.01
ITUB4,1.01,60,RNA,2022-09-19,1,1,0.01
ITUB4,1.01,60,Random Forest,2022-09-19,1,1,0.01
ITUB4,1.01,60,SVC,2022-09-19,1,1,0.01
ITUB4,1.01,60,RNA,2022-09-20,1,1,0.01
ITUB4,1.01,60,Random Forest,2022-09-20,1,1,0.01
ITUB4,1.01,60,SVC,2022-09-20,1,1,0.01
ITUB4,1.01,60,RNA,2022-09-21,1,1,0.01
ITUB4,1.01,60,Random Forest,2022-09-21,1,1,0.01
ITUB4,1.01,60,SVC,2022-09-21,1,1,0.01
ITUB4,1.01,60,RNA,2022-09-22,0,1,-0.0309859187811997
ITUB4,1.01,60,Random Forest,2022-09-22,0,1,-0.0309859187811997
ITUB4,1.01,60,SVC,2022-09-22,0,1,-0.0309859187811997
ITUB4,1.01,60,RNA,2022-09-23,0,1,-0.0071098370832829
ITUB4,1.01,60,Random Forest,2022-09-23,0,1,-0.0071098370832829
ITUB4,1.01,60,SVC,2022-09-23,0,1,-0.0071098370832829
ITUB4,1.01,60,RNA,2022-09-26,0,1,0.0028591810669964
ITUB4,1.01,60,Random Forest,2022-09-26,0,0,0.0028591810669964
ITUB4,1.01,60,SVC,2022-09-26,0,1,0.0028591810669964
ITUB4,1.01,60,RNA,2022-09-27,1,1,0.01
ITUB4,1.01,60,Random Forest,2022-09-27,1,1,0.01
ITUB4,1.01,60,SVC,2022-09-27,1,1,0.01
ITUB4,1.01,60,RNA,2022-09-28,1,1,0.01
ITUB4,1.01,60,Random Forest,2022-09-28,1,1,0.01
ITUB4,1.01,60,SVC,2022-09-28,1,1,0.01
ITUB4,1.01,60,RNA,2022-09-29,1,1,0.01
ITUB4,1.01,60,Random Forest,2022-09-29,1,1,0.01
ITUB4,1.01,60,SVC,2022-09-29,1,1,0.01
ITUB4,1.01,60,RNA,2022-09-30,1,1,0.01
ITUB4,1.01,60,Random Forest,2022-09-30,1,1,0.01
ITUB4,1.01,60,SVC,2022-09-30,1,1,0.01
ITUB4,1.01,60,RNA,2022-10-03,0,1,-0.0216883899160162
ITUB4,1.01,60,Random Forest,2022-10-03,0,0,-0.0216883899160162
ITUB4,1.01,60,SVC,2022-10-03,0,1,-0.0216883899160162
ITUB4,1.01,60,RNA,2022-10-04,0,0,-0.0287914252056065
ITUB4,1.01,60,Random Forest,2022-10-04,0,0,-0.0287914252056065
ITUB4,1.01,60,SVC,2022-10-04,0,1,-0.0287914252056065
ITUB4,1.01,60,RNA,2022-10-05,0,0,-0.0364548274555773
ITUB4,1.01,60,Random Forest,2022-10-05,0,0,-0.0364548274555773
ITUB4,1.01,60,SVC,2022-10-05,0,0,-0.0364548274555773
ITUB4,1.01,60,RNA,2022-10-06,1,1,0.01
ITUB4,1.01,60,Random Forest,2022-10-06,1,0,0.01
ITUB4,1.01,60,SVC,2022-10-06,1,1,0.01
ITUB4,1.01,60,RNA,2022-10-07,0,0,-0.0281546882763017
ITUB4,1.01,60,Random Forest,2022-10-07,0,0,-0.0281546882763017
ITUB4,1.01,60,SVC,2022-10-07,0,1,-0.0281546882763017
ITUB4,1.01,60,RNA,2022-10-10,0,1,-0.0006920638001016
ITUB4,1.01,60,Random Forest,2022-10-10,0,0,-0.0006920638001016
ITUB4,1.01,60,SVC,2022-10-10,0,1,-0.0006920638001016
ITUB4,1.01,60,RNA,2022-10-11,1,1,0.01
ITUB4,1.01,60,Random Forest,2022-10-11,1,0,0.01
ITUB4,1.01,60,SVC,2022-10-11,1,1,0.01
ITUB4,1.01,60,RNA,2022-10-13,1,0,0.01
ITUB4,1.01,60,Random Forest,2022-10-13,1,0,0.01
ITUB4,1.01,60,SVC,2022-10-13,1,0,0.01
ITUB4,1.01,60,RNA,2022-10-14,1,1,0.01
ITUB4,1.01,60,Random Forest,2022-10-14,1,1,0.01
ITUB4,1.01,60,SVC,2022-10-14,1,0,0.01
ITUB4,1.01,60,RNA,2022-10-17,1,1,0.01
ITUB4,1.01,60,Random Forest,2022-10-17,1,0,0.01
ITUB4,1.01,60,SVC,2022-10-17,1,0,0.01
ITUB4,1.01,60,RNA,2022-10-18,1,1,0.01
ITUB4,1.01,60,Random Forest,2022-10-18,1,1,0.01
ITUB4,1.01,60,SVC,2022-10-18,1,1,0.01
ITUB4,1.01,60,RNA,2022-10-19,1,1,0.01
ITUB4,1.01,60,Random Forest,2022-10-19,1,0,0.01
ITUB4,1.01,60,SVC,2022-10-19,1,1,0.01
ITUB4,1.01,60,RNA,2022-10-20,1,1,0.01
ITUB4,1.01,60,Random Forest,2022-10-20,1,0,0.01
ITUB4,1.01,60,SVC,2022-10-20,1,1,0.01
ITUB4,1.01,60,RNA,2022-10-21,0,1,-0.0486854687298442
ITUB4,1.01,60,Random Forest,2022-10-21,0,0,-0.0486854687298442
ITUB4,1.01,60,SVC,2022-10-21,0,1,-0.0486854687298442
ITUB4,1.01,60,RNA,2022-10-24,0,1,-0.0037099348777994
ITUB4,1.01,60,Random Forest,2022-10-24,0,0,-0.0037099348777994
ITUB4,1.01,60,SVC,2022-10-24,0,1,-0.0037099348777994
ITUB4,1.01,60,RNA,2022-10-25,1,1,0.01
ITUB4,1.01,60,Random Forest,2022-10-25,1,0,0.01
ITUB4,1.01,60,SVC,2022-10-25,1,1,0.01
ITUB4,1.01,60,RNA,2022-10-26,1,1,0.01
ITUB4,1.01,60,Random Forest,2022-10-26,1,1,0.01
ITUB4,1.01,60,SVC,2022-10-26,1,1,0.01
ITUB4,1.01,60,RNA,2022-10-27,1,1,0.01
ITUB4,1.01,60,Random Forest,2022-10-27,1,1,0.01
ITUB4,1.01,60,SVC,2022-10-27,1,1,0.01
ITUB4,1.01,60,RNA,2022-10-28,1,1,0.01
ITUB4,1.01,60,Random Forest,2022-10-28,1,1,0.01
ITUB4,1.01,60,SVC,2022-10-28,1,1,0.01
ITUB4,1.01,60,RNA,2022-10-31,0,1,-0.0432257963905406
ITUB4,1.01,60,Random Forest,2022-10-31,0,1,-0.0432257963905406
ITUB4,1.01,60,SVC,2022-10-31,0,1,-0.0432257963905406
ITUB4,1.01,60,RNA,2022-11-01,1,1,0.01
ITUB4,1.01,60,Random Forest,2022-11-01,1,0,0.01
ITUB4,1.01,60,SVC,2022-11-01,1,0,0.01
ITUB4,1.01,60,RNA,2022-11-03,0,0,-0.0827631366627924
ITUB4,1.01,60,Random Forest,2022-11-03,0,0,-0.0827631366627924
ITUB4,1.01,60,SVC,2022-11-03,0,0,-0.0827631366627924
ITUB4,1.01,60,RNA,2022-11-04,0,1,-0.0814765459901348
ITUB4,1.01,60,Random Forest,2022-11-04,0,1,-0.0814765459901348
ITUB4,1.01,60,SVC,2022-11-04,0,0,-0.0814765459901348
ITUB4,1.01,60,RNA,2022-11-07,0,0,-0.0923599290187667
ITUB4,1.01,60,Random Forest,2022-11-07,0,1,-0.0923599290187667
ITUB4,1.01,60,SVC,2022-11-07,0,1,-0.0923599290187667
ITUB4,1.01,60,RNA,2022-11-08,1,1,0.01
ITUB4,1.01,60,Random Forest,2022-11-08,1,1,0.01
ITUB4,1.01,60,SVC,2022-11-08,1,1,0.01
ITUB4,1.01,60,RNA,2022-11-09,1,1,0.01
ITUB4,1.01,60,Random Forest,2022-11-09,1,1,0.01
ITUB4,1.01,60,SVC,2022-11-09,1,1,0.01
ITUB4,1.01,60,RNA,2022-11-10,0,0,-0.0560714029941342
ITUB4,1.01,60,Random Forest,2022-11-10,0,1,-0.0560714029941342
ITUB4,1.01,60,SVC,2022-11-10,0,1,-0.0560714029941342
ITUB4,1.01,60,RNA,2022-11-11,0,0,-0.0151570733155699
ITUB4,1.01,60,Random Forest,2022-11-11,0,1,-0.0151570733155699
ITUB4,1.01,60,SVC,2022-11-11,0,1,-0.0151570733155699
ITUB4,1.01,60,RNA,2022-11-14,1,1,0.01
ITUB4,1.01,60,Random Forest,2022-11-14,1,1,0.01
ITUB4,1.01,60,SVC,2022-11-14,1,1,0.01
ITUB4,1.01,60,RNA,2022-11-16,1,1,0.01
ITUB4,1.01,60,Random Forest,2022-11-16,1,0,0.01
ITUB4,1.01,60,SVC,2022-11-16,1,1,0.01
ITUB4,1.01,60,RNA,2022-11-17,1,1,0.01
ITUB4,1.01,60,Random Forest,2022-11-17,1,1,0.01
ITUB4,1.01,60,SVC,2022-11-17,1,1,0.01
ITUB4,1.01,60,RNA,2022-11-18,0,1,-0.0022222289808758
ITUB4,1.01,60,Random Forest,2022-11-18,0,1,-0.0022222289808758
ITUB4,1.01,60,SVC,2022-11-18,0,1,-0.0022222289808758
ITUB4,1.01,60,RNA,2022-11-21,1,1,0.01
ITUB4,1.01,60,Random Forest,2022-11-21,1,1,0.01
ITUB4,1.01,60,SVC,2022-11-21,1,1,0.01
ITUB4,1.01,60,RNA,2022-11-22,1,0,0.01
ITUB4,1.01,60,Random Forest,2022-11-22,1,0,0.01
ITUB4,1.01,60,SVC,2022-11-22,1,1,0.01
ITUB4,1.01,60,RNA,2022-11-23,1,0,0.01
ITUB4,1.01,60,Random Forest,2022-11-23,1,1,0.01
ITUB4,1.01,60,SVC,2022-11-23,1,1,0.01
ITUB4,1.01,60,RNA,2022-11-24,0,1,-0.0291262524861783
ITUB4,1.01,60,Random Forest,2022-11-24,0,1,-0.0291262524861783
ITUB4,1.01,60,SVC,2022-11-24,0,1,-0.0291262524861783
ITUB4,1.01,60,RNA,2022-11-25,0,1,-0.0039213686273763
ITUB4,1.01,60,Random Forest,2022-11-25,0,1,-0.0039213686273763
ITUB4,1.01,60,SVC,2022-11-25,0,1,-0.0039213686273763
ITUB4,1.01,60,RNA,2022-11-28,1,1,0.01
ITUB4,1.01,60,Random Forest,2022-11-28,1,1,0.01
ITUB4,1.01,60,SVC,2022-11-28,1,1,0.01
ITUB4,1.01,60,RNA,2022-11-29,1,1,0.01
ITUB4,1.01,60,Random Forest,2022-11-29,1,1,0.01
ITUB4,1.01,60,SVC,2022-11-29,1,1,0.01
ITUB4,1.01,60,RNA,2022-11-30,1,1,0.01
ITUB4,1.01,60,Random Forest,2022-11-30,1,1,0.01
ITUB4,1.01,60,SVC,2022-11-30,1,1,0.01
ITUB4,1.01,60,RNA,2022-12-01,1,1,0.01
ITUB4,1.01,60,Random Forest,2022-12-01,1,1,0.01
ITUB4,1.01,60,SVC,2022-12-01,1,1,0.01
ITUB4,1.01,60,RNA,2022-12-02,0,1,-0.041698555683857
ITUB4,1.01,60,Random Forest,2022-12-02,0,1,-0.041698555683857
ITUB4,1.01,60,SVC,2022-12-02,0,1,-0.041698555683857
ITUB4,1.01,60,RNA,2022-12-05,1,1,0.01
ITUB4,1.01,60,Random Forest,2022-12-05,1,1,0.01
ITUB4,1.01,60,SVC,2022-12-05,1,1,0.01
ITUB4,1.01,60,RNA,2022-12-06,0,1,-0.0626624690407758
ITUB4,1.01,60,Random Forest,2022-12-06,0,1,-0.0626624690407758
ITUB4,1.01,60,SVC,2022-12-06,0,1,-0.0626624690407758
ITUB4,1.01,60,RNA,2022-12-07,0,1,-0.0833728953429828
ITUB4,1.01,60,Random Forest,2022-12-07,0,1,-0.0833728953429828
ITUB4,1.01,60,SVC,2022-12-07,0,1,-0.0833728953429828
ITUB4,1.01,60,RNA,2022-12-08,0,1,-0.0563209383013869
ITUB4,1.01,60,Random Forest,2022-12-08,0,1,-0.0563209383013869
ITUB4,1.01,60,SVC,2022-12-08,0,1,-0.0563209383013869
ITUB4,1.01,60,RNA,2022-12-09,0,0,-0.0370065386586278
ITUB4,1.01,60,Random Forest,2022-12-09,0,0,-0.0370065386586278
ITUB4,1.01,60,SVC,2022-12-09,0,1,-0.0370065386586278
ITUB4,1.01,60,RNA,2022-12-12,0,1,-0.0235051496291431
ITUB4,1.01,60,Random Forest,2022-12-12,0,1,-0.0235051496291431
ITUB4,1.01,60,SVC,2022-12-12,0,1,-0.0235051496291431
ITUB4,1.01,60,RNA,2022-12-13,1,1,0.01
ITUB4,1.01,60,Random Forest,2022-12-13,1,1,0.01
ITUB4,1.01,60,SVC,2022-12-13,1,1,0.01
ITUB4,1.01,60,RNA,2022-12-14,1,1,0.01
ITUB4,1.01,60,Random Forest,2022-12-14,1,1,0.01
ITUB4,1.01,60,SVC,2022-12-14,1,1,0.01
ITUB4,1.01,60,RNA,2022-12-15,1,1,0.01
ITUB4,1.01,60,Random Forest,2022-12-15,1,1,0.01
ITUB4,1.01,60,SVC,2022-12-15,1,1,0.01
ITUB4,1.01,60,RNA,2022-12-16,1,1,0.01
ITUB4,1.01,60,Random Forest,2022-12-16,1,1,0.01
ITUB4,1.01,60,SVC,2022-12-16,1,1,0.01
ITUB4,1.01,60,RNA,2022-12-19,1,1,0.01
ITUB4,1.01,60,Random Forest,2022-12-19,1,1,0.01
ITUB4,1.01,60,SVC,2022-12-19,1,1,0.01
ITUB4,1.01,60,RNA,2022-12-20,1,1,0.01
ITUB4,1.01,60,Random Forest,2022-12-20,1,1,0.01
ITUB4,1.01,60,SVC,2022-12-20,1,1,0.01
ITUB4,1.01,60,RNA,2022-12-21,1,1,0.01
ITUB4,1.01,60,Random Forest,2022-12-21,1,1,0.01
ITUB4,1.01,60,SVC,2022-12-21,1,1,0.01
ITUB4,1.01,60,RNA,2022-12-22,1,1,0.01
ITUB4,1.01,60,Random Forest,2022-12-22,1,1,0.01
ITUB4,1.01,60,SVC,2022-12-22,1,1,0.01
ITUB4,1.01,60,RNA,2022-12-23,1,1,0.01
ITUB4,1.01,60,Random Forest,2022-12-23,1,1,0.01
ITUB4,1.01,60,SVC,2022-12-23,1,1,0.01
ITUB4,1.01,60,RNA,2022-12-26,0,1,
ITUB4,1.01,60,Random Forest,2022-12-26,0,1,
ITUB4,1.01,60,SVC,2022-12-26,0,1,
ITUB4,1.01,60,RNA,2022-12-27,0,1,
ITUB4,1.01,60,Random Forest,2022-12-27,0,1,
ITUB4,1.01,60,SVC,2022-12-27,0,1,
ITUB4,1.01,60,RNA,2022-12-28,0,1,
ITUB4,1.01,60,Random Forest,2022-12-28,0,1,
ITUB4,1.01,60,SVC,2022-12-28,0,1,
ITUB4,1.01,60,RNA,2022-12-29,0,0,
ITUB4,1.01,60,Random Forest,2022-12-29,0,0,
ITUB4,1.01,60,SVC,2022-12-29,0,1,
ITUB4,1.01,75,RNA,2020-05-14,1,1,0.01
ITUB4,1.01,75,Random Forest,2020-05-14,1,1,0.01
ITUB4,1.01,75,SVC,2020-05-14,1,1,0.01
ITUB4,1.01,75,RNA,2020-05-15,1,1,0.01
ITUB4,1.01,75,Random Forest,2020-05-15,1,1,0.01
ITUB4,1.01,75,SVC,2020-05-15,1,1,0.01
ITUB4,1.01,75,RNA,2020-05-18,1,1,0.01
ITUB4,1.01,75,Random Forest,2020-05-18,1,1,0.01
ITUB4,1.01,75,SVC,2020-05-18,1,1,0.01
ITUB4,1.01,75,RNA,2020-05-19,1,1,0.01
ITUB4,1.01,75,Random Forest,2020-05-19,1,1,0.01
ITUB4,1.01,75,SVC,2020-05-19,1,1,0.01
ITUB4,1.01,75,RNA,2020-05-20,1,1,0.01
ITUB4,1.01,75,Random Forest,2020-05-20,1,1,0.01
ITUB4,1.01,75,SVC,2020-05-20,1,1,0.01
ITUB4,1.01,75,RNA,2020-05-21,1,1,0.01
ITUB4,1.01,75,Random Forest,2020-05-21,1,1,0.01
ITUB4,1.01,75,SVC,2020-05-21,1,1,0.01
ITUB4,1.01,75,RNA,2020-05-22,1,1,0.01
ITUB4,1.01,75,Random Forest,2020-05-22,1,1,0.01
ITUB4,1.01,75,SVC,2020-05-22,1,1,0.01
ITUB4,1.01,75,RNA,2020-05-25,0,1,-0.0530209449775563
ITUB4,1.01,75,Random Forest,2020-05-25,0,1,-0.0530209449775563
ITUB4,1.01,75,SVC,2020-05-25,0,1,-0.0530209449775563
ITUB4,1.01,75,RNA,2020-05-26,1,1,0.01
ITUB4,1.01,75,Random Forest,2020-05-26,1,1,0.01
ITUB4,1.01,75,SVC,2020-05-26,1,1,0.01
ITUB4,1.01,75,RNA,2020-05-27,1,1,0.01
ITUB4,1.01,75,Random Forest,2020-05-27,1,1,0.01
ITUB4,1.01,75,SVC,2020-05-27,1,1,0.01
ITUB4,1.01,75,RNA,2020-05-28,1,1,0.01
ITUB4,1.01,75,Random Forest,2020-05-28,1,1,0.01
ITUB4,1.01,75,SVC,2020-05-28,1,1,0.01
ITUB4,1.01,75,RNA,2020-05-29,1,1,0.01
ITUB4,1.01,75,Random Forest,2020-05-29,1,1,0.01
ITUB4,1.01,75,SVC,2020-05-29,1,1,0.01
ITUB4,1.01,75,RNA,2020-06-01,1,1,0.01
ITUB4,1.01,75,Random Forest,2020-06-01,1,1,0.01
ITUB4,1.01,75,SVC,2020-06-01,1,1,0.01
ITUB4,1.01,75,RNA,2020-06-02,1,1,0.01
ITUB4,1.01,75,Random Forest,2020-06-02,1,1,0.01
ITUB4,1.01,75,SVC,2020-06-02,1,1,0.01
ITUB4,1.01,75,RNA,2020-06-03,1,1,0.01
ITUB4,1.01,75,Random Forest,2020-06-03,1,1,0.01
ITUB4,1.01,75,SVC,2020-06-03,1,1,0.01
ITUB4,1.01,75,RNA,2020-06-04,1,1,0.01
ITUB4,1.01,75,Random Forest,2020-06-04,1,1,0.01
ITUB4,1.01,75,SVC,2020-06-04,1,1,0.01
ITUB4,1.01,75,RNA,2020-06-05,1,1,0.01
ITUB4,1.01,75,Random Forest,2020-06-05,1,1,0.01
ITUB4,1.01,75,SVC,2020-06-05,1,1,0.01
ITUB4,1.01,75,RNA,2020-06-08,1,1,0.01
ITUB4,1.01,75,Random Forest,2020-06-08,1,1,0.01
ITUB4,1.01,75,SVC,2020-06-08,1,1,0.01
ITUB4,1.01,75,RNA,2020-06-09,0,1,-0.0686588308598515
ITUB4,1.01,75,Random Forest,2020-06-09,0,1,-0.0686588308598515
ITUB4,1.01,75,SVC,2020-06-09,0,1,-0.0686588308598515
ITUB4,1.01,75,RNA,2020-06-10,1,1,0.01
ITUB4,1.01,75,Random Forest,2020-06-10,1,1,0.01
ITUB4,1.01,75,SVC,2020-06-10,1,1,0.01
ITUB4,1.01,75,RNA,2020-06-12,1,1,0.01
ITUB4,1.01,75,Random Forest,2020-06-12,1,1,0.01
ITUB4,1.01,75,SVC,2020-06-12,1,1,0.01
ITUB4,1.01,75,RNA,2020-06-15,1,1,0.01
ITUB4,1.01,75,Random Forest,2020-06-15,1,1,0.01
ITUB4,1.01,75,SVC,2020-06-15,1,1,0.01
ITUB4,1.01,75,RNA,2020-06-16,1,1,0.01
ITUB4,1.01,75,Random Forest,2020-06-16,1,1,0.01
ITUB4,1.01,75,SVC,2020-06-16,1,1,0.01
ITUB4,1.01,75,RNA,2020-06-17,1,1,0.01
ITUB4,1.01,75,Random Forest,2020-06-17,1,1,0.01
ITUB4,1.01,75,SVC,2020-06-17,1,1,0.01
ITUB4,1.01,75,RNA,2020-06-18,0,1,-0.0804270834185341
ITUB4,1.01,75,Random Forest,2020-06-18,0,1,-0.0804270834185341
ITUB4,1.01,75,SVC,2020-06-18,0,1,-0.0804270834185341
ITUB4,1.01,75,RNA,2020-06-19,0,1,-0.0674036938550665
ITUB4,1.01,75,Random Forest,2020-06-19,0,1,-0.0674036938550665
ITUB4,1.01,75,SVC,2020-06-19,0,1,-0.0674036938550665
ITUB4,1.01,75,RNA,2020-06-22,0,1,-0.0718411269320794
ITUB4,1.01,75,Random Forest,2020-06-22,0,0,-0.0718411269320794
ITUB4,1.01,75,SVC,2020-06-22,0,1,-0.0718411269320794
ITUB4,1.01,75,RNA,2020-06-23,0,0,-0.0115714964483225
ITUB4,1.01,75,Random Forest,2020-06-23,0,1,-0.0115714964483225
ITUB4,1.01,75,SVC,2020-06-23,0,1,-0.0115714964483225
ITUB4,1.01,75,RNA,2020-06-24,1,1,0.01
ITUB4,1.01,75,Random Forest,2020-06-24,1,1,0.01
ITUB4,1.01,75,SVC,2020-06-24,1,1,0.01
ITUB4,1.01,75,RNA,2020-06-25,1,1,0.01
ITUB4,1.01,75,Random Forest,2020-06-25,1,1,0.01
ITUB4,1.01,75,SVC,2020-06-25,1,1,0.01
ITUB4,1.01,75,RNA,2020-06-26,1,1,0.01
ITUB4,1.01,75,Random Forest,2020-06-26,1,1,0.01
ITUB4,1.01,75,SVC,2020-06-26,1,1,0.01
ITUB4,1.01,75,RNA,2020-06-29,1,1,0.01
ITUB4,1.01,75,Random Forest,2020-06-29,1,1,0.01
ITUB4,1.01,75,SVC,2020-06-29,1,1,0.01
ITUB4,1.01,75,RNA,2020-06-30,1,1,0.01
ITUB4,1.01,75,Random Forest,2020-06-30,1,1,0.01
ITUB4,1.01,75,SVC,2020-06-30,1,1,0.01
ITUB4,1.01,75,RNA,2020-07-01,1,1,0.01
ITUB4,1.01,75,Random Forest,2020-07-01,1,1,0.01
ITUB4,1.01,75,SVC,2020-07-01,1,1,0.01
ITUB4,1.01,75,RNA,2020-07-02,1,1,0.01
ITUB4,1.01,75,Random Forest,2020-07-02,1,1,0.01
ITUB4,1.01,75,SVC,2020-07-02,1,1,0.01
ITUB4,1.01,75,RNA,2020-07-03,1,1,0.01
ITUB4,1.01,75,Random Forest,2020-07-03,1,0,0.01
ITUB4,1.01,75,SVC,2020-07-03,1,1,0.01
ITUB4,1.01,75,RNA,2020-07-06,1,1,0.01
ITUB4,1.01,75,Random Forest,2020-07-06,1,1,0.01
ITUB4,1.01,75,SVC,2020-07-06,1,1,0.01
ITUB4,1.01,75,RNA,2020-07-07,1,1,0.01
ITUB4,1.01,75,Random Forest,2020-07-07,1,0,0.01
ITUB4,1.01,75,SVC,2020-07-07,1,1,0.01
ITUB4,1.01,75,RNA,2020-07-08,1,1,0.01
ITUB4,1.01,75,Random Forest,2020-07-08,1,1,0.01
ITUB4,1.01,75,SVC,2020-07-08,1,1,0.01
ITUB4,1.01,75,RNA,2020-07-09,1,1,0.01
ITUB4,1.01,75,Random Forest,2020-07-09,1,1,0.01
ITUB4,1.01,75,SVC,2020-07-09,1,1,0.01
ITUB4,1.01,75,RNA,2020-07-10,1,1,0.01
ITUB4,1.01,75,Random Forest,2020-07-10,1,1,0.01
ITUB4,1.01,75,SVC,2020-07-10,1,1,0.01
ITUB4,1.01,75,RNA,2020-07-13,1,1,0.01
ITUB4,1.01,75,Random Forest,2020-07-13,1,1,0.01
ITUB4,1.01,75,SVC,2020-07-13,1,1,0.01
ITUB4,1.01,75,RNA,2020-07-14,0,1,-0.0087146005574519
ITUB4,1.01,75,Random Forest,2020-07-14,0,1,-0.0087146005574519
ITUB4,1.01,75,SVC,2020-07-14,0,1,-0.0087146005574519
ITUB4,1.01,75,RNA,2020-07-15,1,1,0.01
ITUB4,1.01,75,Random Forest,2020-07-15,1,1,0.01
ITUB4,1.01,75,SVC,2020-07-15,1,1,0.01
ITUB4,1.01,75,RNA,2020-07-16,1,1,0.01
ITUB4,1.01,75,Random Forest,2020-07-16,1,0,0.01
ITUB4,1.01,75,SVC,2020-07-16,1,1,0.01
ITUB4,1.01,75,RNA,2020-07-17,1,1,0.01
ITUB4,1.01,75,Random Forest,2020-07-17,1,1,0.01
ITUB4,1.01,75,SVC,2020-07-17,1,1,0.01
ITUB4,1.01,75,RNA,2020-07-20,1,1,0.01
ITUB4,1.01,75,Random Forest,2020-07-20,1,1,0.01
ITUB4,1.01,75,SVC,2020-07-20,1,1,0.01
ITUB4,1.01,75,RNA,2020-07-21,0,1,-0.0017953001258705
ITUB4,1.01,75,Random Forest,2020-07-21,0,1,-0.0017953001258705
ITUB4,1.01,75,SVC,2020-07-21,0,1,-0.0017953001258705
ITUB4,1.01,75,RNA,2020-07-22,1,1,0.01
ITUB4,1.01,75,Random Forest,2020-07-22,1,1,0.01
ITUB4,1.01,75,SVC,2020-07-22,1,1,0.01
ITUB4,1.01,75,RNA,2020-07-23,1,1,0.01
ITUB4,1.01,75,Random Forest,2020-07-23,1,1,0.01
ITUB4,1.01,75,SVC,2020-07-23,1,1,0.01
ITUB4,1.01,75,RNA,2020-07-24,1,1,0.01
ITUB4,1.01,75,Random Forest,2020-07-24,1,1,0.01
ITUB4,1.01,75,SVC,2020-07-24,1,1,0.01
ITUB4,1.01,75,RNA,2020-07-27,1,1,0.01
ITUB4,1.01,75,Random Forest,2020-07-27,1,1,0.01
ITUB4,1.01,75,SVC,2020-07-27,1,1,0.01
ITUB4,1.01,75,RNA,2020-07-28,1,1,0.01
ITUB4,1.01,75,Random Forest,2020-07-28,1,1,0.01
ITUB4,1.01,75,SVC,2020-07-28,1,1,0.01
ITUB4,1.01,75,RNA,2020-07-29,1,1,0.01
ITUB4,1.01,75,Random Forest,2020-07-29,1,1,0.01
ITUB4,1.01,75,SVC,2020-07-29,1,1,0.01
ITUB4,1.01,75,RNA,2020-07-30,0,1,-0.0807325903076521
ITUB4,1.01,75,Random Forest,2020-07-30,0,1,-0.0807325903076521
ITUB4,1.01,75,SVC,2020-07-30,0,1,-0.0807325903076521
ITUB4,1.01,75,RNA,2020-07-31,1,1,0.01
ITUB4,1.01,75,Random Forest,2020-07-31,1,1,0.01
ITUB4,1.01,75,SVC,2020-07-31,1,1,0.01
ITUB4,1.01,75,RNA,2020-08-03,1,1,0.01
ITUB4,1.01,75,Random Forest,2020-08-03,1,1,0.01
ITUB4,1.01,75,SVC,2020-08-03,1,1,0.01
ITUB4,1.01,75,RNA,2020-08-04,1,1,0.01
ITUB4,1.01,75,Random Forest,2020-08-04,1,1,0.01
ITUB4,1.01,75,SVC,2020-08-04,1,1,0.01
ITUB4,1.01,75,RNA,2020-08-05,1,1,0.01
ITUB4,1.01,75,Random Forest,2020-08-05,1,1,0.01
ITUB4,1.01,75,SVC,2020-08-05,1,1,0.01
ITUB4,1.01,75,RNA,2020-08-06,1,1,0.01
ITUB4,1.01,75,Random Forest,2020-08-06,1,1,0.01
ITUB4,1.01,75,SVC,2020-08-06,1,1,0.01
ITUB4,1.01,75,RNA,2020-08-07,1,1,0.01
ITUB4,1.01,75,Random Forest,2020-08-07,1,1,0.01
ITUB4,1.01,75,SVC,2020-08-07,1,1,0.01
ITUB4,1.01,75,RNA,2020-08-10,0,1,-0.0532159525713544
ITUB4,1.01,75,Random Forest,2020-08-10,0,1,-0.0532159525713544
ITUB4,1.01,75,SVC,2020-08-10,0,1,-0.0532159525713544
ITUB4,1.01,75,RNA,2020-08-11,0,1,-0.0603347770534901
ITUB4,1.01,75,Random Forest,2020-08-11,0,1,-0.0603347770534901
ITUB4,1.01,75,SVC,2020-08-11,0,1,-0.0603347770534901
ITUB4,1.01,75,RNA,2020-08-12,0,1,-0.0458277134218768
ITUB4,1.01,75,Random Forest,2020-08-12,0,1,-0.0458277134218768
ITUB4,1.01,75,SVC,2020-08-12,0,1,-0.0458277134218768
ITUB4,1.01,75,RNA,2020-08-13,1,1,0.01
ITUB4,1.01,75,Random Forest,2020-08-13,1,0,0.01
ITUB4,1.01,75,SVC,2020-08-13,1,1,0.01
ITUB4,1.01,75,RNA,2020-08-14,0,1,-0.0221293053693227
ITUB4,1.01,75,Random Forest,2020-08-14,0,0,-0.0221293053693227
ITUB4,1.01,75,SVC,2020-08-14,0,1,-0.0221293053693227
ITUB4,1.01,75,RNA,2020-08-17,0,1,-0.0219333838774211
ITUB4,1.01,75,Random Forest,2020-08-17,0,0,-0.0219333838774211
ITUB4,1.01,75,SVC,2020-08-17,0,1,-0.0219333838774211
ITUB4,1.01,75,RNA,2020-08-18,1,1,0.01
ITUB4,1.01,75,Random Forest,2020-08-18,1,0,0.01
ITUB4,1.01,75,SVC,2020-08-18,1,1,0.01
ITUB4,1.01,75,RNA,2020-08-19,1,0,0.01
ITUB4,1.01,75,Random Forest,2020-08-19,1,1,0.01
ITUB4,1.01,75,SVC,2020-08-19,1,1,0.01
ITUB4,1.01,75,RNA,2020-08-20,1,0,0.01
ITUB4,1.01,75,Random Forest,2020-08-20,1,1,0.01
ITUB4,1.01,75,SVC,2020-08-20,1,1,0.01
ITUB4,1.01,75,RNA,2020-08-21,1,1,0.01
ITUB4,1.01,75,Random Forest,2020-08-21,1,1,0.01
ITUB4,1.01,75,SVC,2020-08-21,1,1,0.01
ITUB4,1.01,75,RNA,2020-08-24,0,1,-0.0085227676662281
ITUB4,1.01,75,Random Forest,2020-08-24,0,1,-0.0085227676662281
ITUB4,1.01,75,SVC,2020-08-24,0,1,-0.0085227676662281
ITUB4,1.01,75,RNA,2020-08-25,1,1,0.01
ITUB4,1.01,75,Random Forest,2020-08-25,1,1,0.01
ITUB4,1.01,75,SVC,2020-08-25,1,1,0.01
ITUB4,1.01,75,RNA,2020-08-26,1,0,0.01
ITUB4,1.01,75,Random Forest,2020-08-26,1,1,0.01
ITUB4,1.01,75,SVC,2020-08-26,1,1,0.01
ITUB4,1.01,75,RNA,2020-08-27,1,1,0.01
ITUB4,1.01,75,Random Forest,2020-08-27,1,1,0.01
ITUB4,1.01,75,SVC,2020-08-27,1,1,0.01
ITUB4,1.01,75,RNA,2020-08-28,1,1,0.01
ITUB4,1.01,75,Random Forest,2020-08-28,1,1,0.01
ITUB4,1.01,75,SVC,2020-08-28,1,1,0.01
ITUB4,1.01,75,RNA,2020-08-31,1,1,0.01
ITUB4,1.01,75,Random Forest,2020-08-31,1,1,0.01
ITUB4,1.01,75,SVC,2020-08-31,1,1,0.01
ITUB4,1.01,75,RNA,2020-09-01,1,1,0.01
ITUB4,1.01,75,Random Forest,2020-09-01,1,1,0.01
ITUB4,1.01,75,SVC,2020-09-01,1,1,0.01
ITUB4,1.01,75,RNA,2020-09-02,1,0,0.01
ITUB4,1.01,75,Random Forest,2020-09-02,1,1,0.01
ITUB4,1.01,75,SVC,2020-09-02,1,1,0.01
ITUB4,1.01,75,RNA,2020-09-03,0,1,-0.049682071299363
ITUB4,1.01,75,Random Forest,2020-09-03,0,1,-0.049682071299363
ITUB4,1.01,75,SVC,2020-09-03,0,1,-0.049682071299363
ITUB4,1.01,75,RNA,2020-09-04,1,1,0.01
ITUB4,1.01,75,Random Forest,2020-09-04,1,1,0.01
ITUB4,1.01,75,SVC,2020-09-04,1,1,0.01
ITUB4,1.01,75,RNA,2020-09-08,0,1,-0.0223577098086357
ITUB4,1.01,75,Random Forest,2020-09-08,0,1,-0.0223577098086357
ITUB4,1.01,75,SVC,2020-09-08,0,1,-0.0223577098086357
ITUB4,1.01,75,RNA,2020-09-09,1,1,0.01
ITUB4,1.01,75,Random Forest,2020-09-09,1,1,0.01
ITUB4,1.01,75,SVC,2020-09-09,1,1,0.01
ITUB4,1.01,75,RNA,2020-09-10,1,1,0.01
ITUB4,1.01,75,Random Forest,2020-09-10,1,1,0.01
ITUB4,1.01,75,SVC,2020-09-10,1,1,0.01
ITUB4,1.01,75,RNA,2020-09-11,1,1,0.01
ITUB4,1.01,75,Random Forest,2020-09-11,1,1,0.01
ITUB4,1.01,75,SVC,2020-09-11,1,1,0.01
ITUB4,1.01,75,RNA,2020-09-14,0,1,-0.0442697578550813
ITUB4,1.01,75,Random Forest,2020-09-14,0,1,-0.0442697578550813
ITUB4,1.01,75,SVC,2020-09-14,0,1,-0.0442697578550813
ITUB4,1.01,75,RNA,2020-09-15,1,1,0.01
ITUB4,1.01,75,Random Forest,2020-09-15,1,1,0.01
ITUB4,1.01,75,SVC,2020-09-15,1,1,0.01
ITUB4,1.01,75,RNA,2020-09-16,1,1,0.01
ITUB4,1.01,75,Random Forest,2020-09-16,1,1,0.01
ITUB4,1.01,75,SVC,2020-09-16,1,1,0.01
ITUB4,1.01,75,RNA,2020-09-17,0,1,-0.0434042559897153
ITUB4,1.01,75,Random Forest,2020-09-17,0,1,-0.0434042559897153
ITUB4,1.01,75,SVC,2020-09-17,0,1,-0.0434042559897153
ITUB4,1.01,75,RNA,2020-09-18,1,1,0.01
ITUB4,1.01,75,Random Forest,2020-09-18,1,1,0.01
ITUB4,1.01,75,SVC,2020-09-18,1,1,0.01
ITUB4,1.01,75,RNA,2020-09-21,1,1,0.01
ITUB4,1.01,75,Random Forest,2020-09-21,1,1,0.01
ITUB4,1.01,75,SVC,2020-09-21,1,1,0.01
ITUB4,1.01,75,RNA,2020-09-22,1,1,0.01
ITUB4,1.01,75,Random Forest,2020-09-22,1,0,0.01
ITUB4,1.01,75,SVC,2020-09-22,1,1,0.01
ITUB4,1.01,75,RNA,2020-09-23,1,1,0.01
ITUB4,1.01,75,Random Forest,2020-09-23,1,1,0.01
ITUB4,1.01,75,SVC,2020-09-23,1,1,0.01
ITUB4,1.01,75,RNA,2020-09-24,1,1,0.01
ITUB4,1.01,75,Random Forest,2020-09-24,1,1,0.01
ITUB4,1.01,75,SVC,2020-09-24,1,1,0.01
ITUB4,1.01,75,RNA,2020-09-25,1,0,0.01
ITUB4,1.01,75,Random Forest,2020-09-25,1,1,0.01
ITUB4,1.01,75,SVC,2020-09-25,1,1,0.01
ITUB4,1.01,75,RNA,2020-09-28,1,1,0.01
ITUB4,1.01,75,Random Forest,2020-09-28,1,1,0.01
ITUB4,1.01,75,SVC,2020-09-28,1,1,0.01
ITUB4,1.01,75,RNA,2020-09-29,1,1,0.01
ITUB4,1.01,75,Random Forest,2020-09-29,1,1,0.01
ITUB4,1.01,75,SVC,2020-09-29,1,1,0.01
ITUB4,1.01,75,RNA,2020-09-30,1,1,0.01
ITUB4,1.01,75,Random Forest,2020-09-30,1,1,0.01
ITUB4,1.01,75,SVC,2020-09-30,1,1,0.01
ITUB4,1.01,75,RNA,2020-10-01,1,1,0.01
ITUB4,1.01,75,Random Forest,2020-10-01,1,1,0.01
ITUB4,1.01,75,SVC,2020-10-01,1,1,0.01
ITUB4,1.01,75,RNA,2020-10-02,1,1,0.01
ITUB4,1.01,75,Random Forest,2020-10-02,1,1,0.01
ITUB4,1.01,75,SVC,2020-10-02,1,1,0.01
ITUB4,1.01,75,RNA,2020-10-05,1,1,0.01
ITUB4,1.01,75,Random Forest,2020-10-05,1,1,0.01
ITUB4,1.01,75,SVC,2020-10-05,1,1,0.01
ITUB4,1.01,75,RNA,2020-10-06,1,1,0.01
ITUB4,1.01,75,Random Forest,2020-10-06,1,1,0.01
ITUB4,1.01,75,SVC,2020-10-06,1,1,0.01
ITUB4,1.01,75,RNA,2020-10-07,1,1,0.01
ITUB4,1.01,75,Random Forest,2020-10-07,1,1,0.01
ITUB4,1.01,75,SVC,2020-10-07,1,1,0.01
ITUB4,1.01,75,RNA,2020-10-08,1,1,0.01
ITUB4,1.01,75,Random Forest,2020-10-08,1,1,0.01
ITUB4,1.01,75,SVC,2020-10-08,1,1,0.01
ITUB4,1.01,75,RNA,2020-10-09,0,1,-0.0362802404900939
ITUB4,1.01,75,Random Forest,2020-10-09,0,1,-0.0362802404900939
ITUB4,1.01,75,SVC,2020-10-09,0,1,-0.0362802404900939
ITUB4,1.01,75,RNA,2020-10-13,0,1,-0.0221850319809396
ITUB4,1.01,75,Random Forest,2020-10-13,0,1,-0.0221850319809396
ITUB4,1.01,75,SVC,2020-10-13,0,1,-0.0221850319809396
ITUB4,1.01,75,RNA,2020-10-14,1,1,0.01
ITUB4,1.01,75,Random Forest,2020-10-14,1,1,0.01
ITUB4,1.01,75,SVC,2020-10-14,1,1,0.01
ITUB4,1.01,75,RNA,2020-10-15,1,1,0.01
ITUB4,1.01,75,Random Forest,2020-10-15,1,1,0.01
ITUB4,1.01,75,SVC,2020-10-15,1,1,0.01
ITUB4,1.01,75,RNA,2020-10-16,1,1,0.01
ITUB4,1.01,75,Random Forest,2020-10-16,1,1,0.01
ITUB4,1.01,75,SVC,2020-10-16,1,1,0.01
ITUB4,1.01,75,RNA,2020-10-19,1,1,0.01
ITUB4,1.01,75,Random Forest,2020-10-19,1,1,0.01
ITUB4,1.01,75,SVC,2020-10-19,1,1,0.01
ITUB4,1.01,75,RNA,2020-10-20,1,1,0.01
ITUB4,1.01,75,Random Forest,2020-10-20,1,1,0.01
ITUB4,1.01,75,SVC,2020-10-20,1,1,0.01
ITUB4,1.01,75,RNA,2020-10-21,1,1,0.01
ITUB4,1.01,75,Random Forest,2020-10-21,1,0,0.01
ITUB4,1.01,75,SVC,2020-10-21,1,1,0.01
ITUB4,1.01,75,RNA,2020-10-22,1,1,0.01
ITUB4,1.01,75,Random Forest,2020-10-22,1,1,0.01
ITUB4,1.01,75,SVC,2020-10-22,1,1,0.01
ITUB4,1.01,75,RNA,2020-10-23,1,0,0.01
ITUB4,1.01,75,Random Forest,2020-10-23,1,1,0.01
ITUB4,1.01,75,SVC,2020-10-23,1,1,0.01
ITUB4,1.01,75,RNA,2020-10-26,0,1,-0.1003831759877499
ITUB4,1.01,75,Random Forest,2020-10-26,0,1,-0.1003831759877499
ITUB4,1.01,75,SVC,2020-10-26,0,1,-0.1003831759877499
ITUB4,1.01,75,RNA,2020-10-27,0,1,-0.0080259077651153
ITUB4,1.01,75,Random Forest,2020-10-27,0,1,-0.0080259077651153
ITUB4,1.01,75,SVC,2020-10-27,0,1,-0.0080259077651153
ITUB4,1.01,75,RNA,2020-10-28,1,1,0.01
ITUB4,1.01,75,Random Forest,2020-10-28,1,1,0.01
ITUB4,1.01,75,SVC,2020-10-28,1,1,0.01
ITUB4,1.01,75,RNA,2020-10-29,1,1,0.01
ITUB4,1.01,75,Random Forest,2020-10-29,1,1,0.01
ITUB4,1.01,75,SVC,2020-10-29,1,1,0.01
ITUB4,1.01,75,RNA,2020-10-30,1,1,0.01
ITUB4,1.01,75,Random Forest,2020-10-30,1,1,0.01
ITUB4,1.01,75,SVC,2020-10-30,1,1,0.01
ITUB4,1.01,75,RNA,2020-11-03,1,1,0.01
ITUB4,1.01,75,Random Forest,2020-11-03,1,1,0.01
ITUB4,1.01,75,SVC,2020-11-03,1,1,0.01
ITUB4,1.01,75,RNA,2020-11-04,1,1,0.01
ITUB4,1.01,75,Random Forest,2020-11-04,1,1,0.01
ITUB4,1.01,75,SVC,2020-11-04,1,1,0.01
ITUB4,1.01,75,RNA,2020-11-05,1,1,0.01
ITUB4,1.01,75,Random Forest,2020-11-05,1,1,0.01
ITUB4,1.01,75,SVC,2020-11-05,1,1,0.01
ITUB4,1.01,75,RNA,2020-11-06,1,1,0.01
ITUB4,1.01,75,Random Forest,2020-11-06,1,1,0.01
ITUB4,1.01,75,SVC,2020-11-06,1,1,0.01
ITUB4,1.01,75,RNA,2020-11-09,1,1,0.01
ITUB4,1.01,75,Random Forest,2020-11-09,1,1,0.01
ITUB4,1.01,75,SVC,2020-11-09,1,1,0.01
ITUB4,1.01,75,RNA,2020-11-10,1,1,0.01
ITUB4,1.01,75,Random Forest,2020-11-10,1,1,0.01
ITUB4,1.01,75,SVC,2020-11-10,1,1,0.01
ITUB4,1.01,75,RNA,2020-11-11,1,1,0.01
ITUB4,1.01,75,Random Forest,2020-11-11,1,1,0.01
ITUB4,1.01,75,SVC,2020-11-11,1,1,0.01
ITUB4,1.01,75,RNA,2020-11-12,1,1,0.01
ITUB4,1.01,75,Random Forest,2020-11-12,1,1,0.01
ITUB4,1.01,75,SVC,2020-11-12,1,1,0.01
ITUB4,1.01,75,RNA,2020-11-13,1,0,0.01
ITUB4,1.01,75,Random Forest,2020-11-13,1,1,0.01
ITUB4,1.01,75,SVC,2020-11-13,1,1,0.01
ITUB4,1.01,75,RNA,2020-11-16,0,1,-0.027919660922846
ITUB4,1.01,75,Random Forest,2020-11-16,0,1,-0.027919660922846
ITUB4,1.01,75,SVC,2020-11-16,0,1,-0.027919660922846
ITUB4,1.01,75,RNA,2020-11-17,0,1,-0.0180088230517778
ITUB4,1.01,75,Random Forest,2020-11-17,0,1,-0.0180088230517778
ITUB4,1.01,75,SVC,2020-11-17,0,1,-0.0180088230517778
ITUB4,1.01,75,RNA,2020-11-18,1,1,0.01
ITUB4,1.01,75,Random Forest,2020-11-18,1,0,0.01
ITUB4,1.01,75,SVC,2020-11-18,1,1,0.01
ITUB4,1.01,75,RNA,2020-11-19,1,1,0.01
ITUB4,1.01,75,Random Forest,2020-11-19,1,1,0.01
ITUB4,1.01,75,SVC,2020-11-19,1,1,0.01
ITUB4,1.01,75,RNA,2020-11-20,1,1,0.01
ITUB4,1.01,75,Random Forest,2020-11-20,1,1,0.01
ITUB4,1.01,75,SVC,2020-11-20,1,1,0.01
ITUB4,1.01,75,RNA,2020-11-23,1,1,0.01
ITUB4,1.01,75,Random Forest,2020-11-23,1,1,0.01
ITUB4,1.01,75,SVC,2020-11-23,1,1,0.01
ITUB4,1.01,75,RNA,2020-11-24,0,1,-0.03578660750852
ITUB4,1.01,75,Random Forest,2020-11-24,0,1,-0.03578660750852
ITUB4,1.01,75,SVC,2020-11-24,0,1,-0.03578660750852
ITUB4,1.01,75,RNA,2020-11-25,1,1,0.01
ITUB4,1.01,75,Random Forest,2020-11-25,1,1,0.01
ITUB4,1.01,75,SVC,2020-11-25,1,1,0.01
ITUB4,1.01,75,RNA,2020-11-26,1,1,0.01
ITUB4,1.01,75,Random Forest,2020-11-26,1,1,0.01
ITUB4,1.01,75,SVC,2020-11-26,1,1,0.01
ITUB4,1.01,75,RNA,2020-11-27,1,1,0.01
ITUB4,1.01,75,Random Forest,2020-11-27,1,1,0.01
ITUB4,1.01,75,SVC,2020-11-27,1,1,0.01
ITUB4,1.01,75,RNA,2020-11-30,1,1,0.01
ITUB4,1.01,75,Random Forest,2020-11-30,1,1,0.01
ITUB4,1.01,75,SVC,2020-11-30,1,1,0.01
ITUB4,1.01,75,RNA,2020-12-01,1,1,0.01
ITUB4,1.01,75,Random Forest,2020-12-01,1,1,0.01
ITUB4,1.01,75,SVC,2020-12-01,1,1,0.01
ITUB4,1.01,75,RNA,2020-12-02,1,1,0.01
ITUB4,1.01,75,Random Forest,2020-12-02,1,1,0.01
ITUB4,1.01,75,SVC,2020-12-02,1,1,0.01
ITUB4,1.01,75,RNA,2020-12-03,1,1,0.01
ITUB4,1.01,75,Random Forest,2020-12-03,1,1,0.01
ITUB4,1.01,75,SVC,2020-12-03,1,1,0.01
ITUB4,1.01,75,RNA,2020-12-04,1,1,0.01
ITUB4,1.01,75,Random Forest,2020-12-04,1,1,0.01
ITUB4,1.01,75,SVC,2020-12-04,1,1,0.01
ITUB4,1.01,75,RNA,2020-12-07,1,1,0.01
ITUB4,1.01,75,Random Forest,2020-12-07,1,1,0.01
ITUB4,1.01,75,SVC,2020-12-07,1,1,0.01
ITUB4,1.01,75,RNA,2020-12-08,1,1,0.01
ITUB4,1.01,75,Random Forest,2020-12-08,1,1,0.01
ITUB4,1.01,75,SVC,2020-12-08,1,1,0.01
ITUB4,1.01,75,RNA,2020-12-09,1,1,0.01
ITUB4,1.01,75,Random Forest,2020-12-09,1,1,0.01
ITUB4,1.01,75,SVC,2020-12-09,1,1,0.01
ITUB4,1.01,75,RNA,2020-12-10,1,1,0.01
ITUB4,1.01,75,Random Forest,2020-12-10,1,1,0.01
ITUB4,1.01,75,SVC,2020-12-10,1,1,0.01
ITUB4,1.01,75,RNA,2020-12-11,1,1,0.01
ITUB4,1.01,75,Random Forest,2020-12-11,1,1,0.01
ITUB4,1.01,75,SVC,2020-12-11,1,1,0.01
ITUB4,1.01,75,RNA,2020-12-14,1,1,0.01
ITUB4,1.01,75,Random Forest,2020-12-14,1,1,0.01
ITUB4,1.01,75,SVC,2020-12-14,1,1,0.01
ITUB4,1.01,75,RNA,2020-12-15,1,1,0.01
ITUB4,1.01,75,Random Forest,2020-12-15,1,1,0.01
ITUB4,1.01,75,SVC,2020-12-15,1,1,0.01
ITUB4,1.01,75,RNA,2020-12-16,0,1,-0.0200689812405855
ITUB4,1.01,75,Random Forest,2020-12-16,0,1,-0.0200689812405855
ITUB4,1.01,75,SVC,2020-12-16,0,1,-0.0200689812405855
ITUB4,1.01,75,RNA,2020-12-17,1,1,0.01
ITUB4,1.01,75,Random Forest,2020-12-17,1,1,0.01
ITUB4,1.01,75,SVC,2020-12-17,1,1,0.01
ITUB4,1.01,75,RNA,2020-12-18,1,1,0.01
ITUB4,1.01,75,Random Forest,2020-12-18,1,1,0.01
ITUB4,1.01,75,SVC,2020-12-18,1,1,0.01
ITUB4,1.01,75,RNA,2020-12-21,1,1,0.01
ITUB4,1.01,75,Random Forest,2020-12-21,1,1,0.01
ITUB4,1.01,75,SVC,2020-12-21,1,1,0.01
ITUB4,1.01,75,RNA,2020-12-22,1,0,0.01
ITUB4,1.01,75,Random Forest,2020-12-22,1,1,0.01
ITUB4,1.01,75,SVC,2020-12-22,1,1,0.01
ITUB4,1.01,75,RNA,2020-12-23,0,1,-0.0405135301232991
ITUB4,1.01,75,Random Forest,2020-12-23,0,1,-0.0405135301232991
ITUB4,1.01,75,SVC,2020-12-23,0,1,-0.0405135301232991
ITUB4,1.01,75,RNA,2020-12-28,0,1,-0.0482008225666257
ITUB4,1.01,75,Random Forest,2020-12-28,0,1,-0.0482008225666257
ITUB4,1.01,75,SVC,2020-12-28,0,1,-0.0482008225666257
ITUB4,1.01,75,RNA,2020-12-29,0,1,-0.0197216823578263
ITUB4,1.01,75,Random Forest,2020-12-29,0,1,-0.0197216823578263
ITUB4,1.01,75,SVC,2020-12-29,0,1,-0.0197216823578263
ITUB4,1.01,75,RNA,2020-12-30,1,1,0.01
ITUB4,1.01,75,Random Forest,2020-12-30,1,1,0.01
ITUB4,1.01,75,SVC,2020-12-30,1,1,0.01
ITUB4,1.01,75,RNA,2021-01-04,1,1,0.01
ITUB4,1.01,75,Random Forest,2021-01-04,1,1,0.01
ITUB4,1.01,75,SVC,2021-01-04,1,1,0.01
ITUB4,1.01,75,RNA,2021-01-05,1,1,0.01
ITUB4,1.01,75,Random Forest,2021-01-05,1,1,0.01
ITUB4,1.01,75,SVC,2021-01-05,1,1,0.01
ITUB4,1.01,75,RNA,2021-01-06,1,0,0.01
ITUB4,1.01,75,Random Forest,2021-01-06,1,1,0.01
ITUB4,1.01,75,SVC,2021-01-06,1,1,0.01
ITUB4,1.01,75,RNA,2021-01-07,1,1,0.01
ITUB4,1.01,75,Random Forest,2021-01-07,1,1,0.01
ITUB4,1.01,75,SVC,2021-01-07,1,1,0.01
ITUB4,1.01,75,RNA,2021-01-08,1,1,0.01
ITUB4,1.01,75,Random Forest,2021-01-08,1,0,0.01
ITUB4,1.01,75,SVC,2021-01-08,1,1,0.01
ITUB4,1.01,75,RNA,2021-01-11,1,1,0.01
ITUB4,1.01,75,Random Forest,2021-01-11,1,1,0.01
ITUB4,1.01,75,SVC,2021-01-11,1,1,0.01
ITUB4,1.01,75,RNA,2021-01-12,1,1,0.01
ITUB4,1.01,75,Random Forest,2021-01-12,1,1,0.01
ITUB4,1.01,75,SVC,2021-01-12,1,1,0.01
ITUB4,1.01,75,RNA,2021-01-13,1,1,0.01
ITUB4,1.01,75,Random Forest,2021-01-13,1,1,0.01
ITUB4,1.01,75,SVC,2021-01-13,1,1,0.01
ITUB4,1.01,75,RNA,2021-01-14,1,1,0.01
ITUB4,1.01,75,Random Forest,2021-01-14,1,1,0.01
ITUB4,1.01,75,SVC,2021-01-14,1,1,0.01
ITUB4,1.01,75,RNA,2021-01-15,0,1,-0.0552747969843345
ITUB4,1.01,75,Random Forest,2021-01-15,0,1,-0.0552747969843345
ITUB4,1.01,75,SVC,2021-01-15,0,1,-0.0552747969843345
ITUB4,1.01,75,RNA,2021-01-18,0,1,-0.0704985864229434
ITUB4,1.01,75,Random Forest,2021-01-18,0,1,-0.0704985864229434
ITUB4,1.01,75,SVC,2021-01-18,0,1,-0.0704985864229434
ITUB4,1.01,75,RNA,2021-01-19,0,1,-0.0886150239810069
ITUB4,1.01,75,Random Forest,2021-01-19,0,1,-0.0886150239810069
ITUB4,1.01,75,SVC,2021-01-19,0,1,-0.0886150239810069
ITUB4,1.01,75,RNA,2021-01-20,0,1,-0.0673328039288109
ITUB4,1.01,75,Random Forest,2021-01-20,0,0,-0.0673328039288109
ITUB4,1.01,75,SVC,2021-01-20,0,1,-0.0673328039288109
ITUB4,1.01,75,RNA,2021-01-21,1,1,0.01
ITUB4,1.01,75,Random Forest,2021-01-21,1,0,0.01
ITUB4,1.01,75,SVC,2021-01-21,1,1,0.01
ITUB4,1.01,75,RNA,2021-01-22,1,1,0.01
ITUB4,1.01,75,Random Forest,2021-01-22,1,0,0.01
ITUB4,1.01,75,SVC,2021-01-22,1,1,0.01
ITUB4,1.01,75,RNA,2021-01-26,1,1,0.01
ITUB4,1.01,75,Random Forest,2021-01-26,1,1,0.01
ITUB4,1.01,75,SVC,2021-01-26,1,1,0.01
ITUB4,1.01,75,RNA,2021-01-27,1,1,0.01
ITUB4,1.01,75,Random Forest,2021-01-27,1,1,0.01
ITUB4,1.01,75,SVC,2021-01-27,1,1,0.01
ITUB4,1.01,75,RNA,2021-01-28,1,1,0.01
ITUB4,1.01,75,Random Forest,2021-01-28,1,1,0.01
ITUB4,1.01,75,SVC,2021-01-28,1,1,0.01
ITUB4,1.01,75,RNA,2021-01-29,1,1,0.01
ITUB4,1.01,75,Random Forest,2021-01-29,1,1,0.01
ITUB4,1.01,75,SVC,2021-01-29,1,1,0.01
ITUB4,1.01,75,RNA,2021-02-01,0,1,-0.0343878997321204
ITUB4,1.01,75,Random Forest,2021-02-01,0,1,-0.0343878997321204
ITUB4,1.01,75,SVC,2021-02-01,0,1,-0.0343878997321204
ITUB4,1.01,75,RNA,2021-02-02,0,1,-0.0417246003802067
ITUB4,1.01,75,Random Forest,2021-02-02,0,1,-0.0417246003802067
ITUB4,1.01,75,SVC,2021-02-02,0,0,-0.0417246003802067
ITUB4,1.01,75,RNA,2021-02-03,0,1,-0.0224325147761027
ITUB4,1.01,75,Random Forest,2021-02-03,0,1,-0.0224325147761027
ITUB4,1.01,75,SVC,2021-02-03,0,1,-0.0224325147761027
ITUB4,1.01,75,RNA,2021-02-04,0,1,-0.0219003777680932
ITUB4,1.01,75,Random Forest,2021-02-04,0,0,-0.0219003777680932
ITUB4,1.01,75,SVC,2021-02-04,0,1,-0.0219003777680932
ITUB4,1.01,75,RNA,2021-02-05,1,0,0.01
ITUB4,1.01,75,Random Forest,2021-02-05,1,0,0.01
ITUB4,1.01,75,SVC,2021-02-05,1,1,0.01
ITUB4,1.01,75,RNA,2021-02-08,1,0,0.01
ITUB4,1.01,75,Random Forest,2021-02-08,1,0,0.01
ITUB4,1.01,75,SVC,2021-02-08,1,1,0.01
ITUB4,1.01,75,RNA,2021-02-09,1,0,0.01
ITUB4,1.01,75,Random Forest,2021-02-09,1,0,0.01
ITUB4,1.01,75,SVC,2021-02-09,1,1,0.01
ITUB4,1.01,75,RNA,2021-02-10,1,1,0.01
ITUB4,1.01,75,Random Forest,2021-02-10,1,1,0.01
ITUB4,1.01,75,SVC,2021-02-10,1,1,0.01
ITUB4,1.01,75,RNA,2021-02-11,1,1,0.01
ITUB4,1.01,75,Random Forest,2021-02-11,1,1,0.01
ITUB4,1.01,75,SVC,2021-02-11,1,1,0.01
ITUB4,1.01,75,RNA,2021-02-12,1,1,0.01
ITUB4,1.01,75,Random Forest,2021-02-12,1,1,0.01
ITUB4,1.01,75,SVC,2021-02-12,1,1,0.01
ITUB4,1.01,75,RNA,2021-02-17,1,1,0.01
ITUB4,1.01,75,Random Forest,2021-02-17,1,1,0.01
ITUB4,1.01,75,SVC,2021-02-17,1,1,0.01
ITUB4,1.01,75,RNA,2021-02-18,1,1,0.01
ITUB4,1.01,75,Random Forest,2021-02-18,1,1,0.01
ITUB4,1.01,75,SVC,2021-02-18,1,1,0.01
ITUB4,1.01,75,RNA,2021-02-19,1,0,0.01
ITUB4,1.01,75,Random Forest,2021-02-19,1,1,0.01
ITUB4,1.01,75,SVC,2021-02-19,1,1,0.01
ITUB4,1.01,75,RNA,2021-02-22,1,1,0.01
ITUB4,1.01,75,Random Forest,2021-02-22,1,1,0.01
ITUB4,1.01,75,SVC,2021-02-22,1,1,0.01
ITUB4,1.01,75,RNA,2021-02-23,0,1,-0.0913225913590477
ITUB4,1.01,75,Random Forest,2021-02-23,0,1,-0.0913225913590477
ITUB4,1.01,75,SVC,2021-02-23,0,1,-0.0913225913590477
ITUB4,1.01,75,RNA,2021-02-24,0,1,-0.0360118712557699
ITUB4,1.01,75,Random Forest,2021-02-24,0,1,-0.0360118712557699
ITUB4,1.01,75,SVC,2021-02-24,0,1,-0.0360118712557699
ITUB4,1.01,75,RNA,2021-02-25,0,1,-0.0135430252372836
ITUB4,1.01,75,Random Forest,2021-02-25,0,1,-0.0135430252372836
ITUB4,1.01,75,SVC,2021-02-25,0,1,-0.0135430252372836
ITUB4,1.01,75,RNA,2021-02-26,1,1,0.01
ITUB4,1.01,75,Random Forest,2021-02-26,1,0,0.01
ITUB4,1.01,75,SVC,2021-02-26,1,1,0.01
ITUB4,1.01,75,RNA,2021-03-01,1,1,0.01
ITUB4,1.01,75,Random Forest,2021-03-01,1,0,0.01
ITUB4,1.01,75,SVC,2021-03-01,1,1,0.01
ITUB4,1.01,75,RNA,2021-03-02,1,0,0.01
ITUB4,1.01,75,Random Forest,2021-03-02,1,1,0.01
ITUB4,1.01,75,SVC,2021-03-02,1,1,0.01
ITUB4,1.01,75,RNA,2021-03-03,1,1,0.01
ITUB4,1.01,75,Random Forest,2021-03-03,1,1,0.01
ITUB4,1.01,75,SVC,2021-03-03,1,1,0.01
ITUB4,1.01,75,RNA,2021-03-04,1,0,0.01
ITUB4,1.01,75,Random Forest,2021-03-04,1,1,0.01
ITUB4,1.01,75,SVC,2021-03-04,1,1,0.01
ITUB4,1.01,75,RNA,2021-03-05,1,1,0.01
ITUB4,1.01,75,Random Forest,2021-03-05,1,1,0.01
ITUB4,1.01,75,SVC,2021-03-05,1,1,0.01
ITUB4,1.01,75,RNA,2021-03-08,1,1,0.01
ITUB4,1.01,75,Random Forest,2021-03-08,1,0,0.01
ITUB4,1.01,75,SVC,2021-03-08,1,1,0.01
ITUB4,1.01,75,RNA,2021-03-09,1,1,0.01
ITUB4,1.01,75,Random Forest,2021-03-09,1,1,0.01
ITUB4,1.01,75,SVC,2021-03-09,1,1,0.01
ITUB4,1.01,75,RNA,2021-03-10,1,1,0.01
ITUB4,1.01,75,Random Forest,2021-03-10,1,1,0.01
ITUB4,1.01,75,SVC,2021-03-10,1,1,0.01
ITUB4,1.01,75,RNA,2021-03-11,1,1,0.01
ITUB4,1.01,75,Random Forest,2021-03-11,1,1,0.01
ITUB4,1.01,75,SVC,2021-03-11,1,1,0.01
ITUB4,1.01,75,RNA,2021-03-12,1,1,0.01
ITUB4,1.01,75,Random Forest,2021-03-12,1,1,0.01
ITUB4,1.01,75,SVC,2021-03-12,1,1,0.01
ITUB4,1.01,75,RNA,2021-03-15,1,1,0.01
ITUB4,1.01,75,Random Forest,2021-03-15,1,1,0.01
ITUB4,1.01,75,SVC,2021-03-15,1,1,0.01
ITUB4,1.01,75,RNA,2021-03-16,1,1,0.01
ITUB4,1.01,75,Random Forest,2021-03-16,1,1,0.01
ITUB4,1.01,75,SVC,2021-03-16,1,1,0.01
ITUB4,1.01,75,RNA,2021-03-17,1,1,0.01
ITUB4,1.01,75,Random Forest,2021-03-17,1,1,0.01
ITUB4,1.01,75,SVC,2021-03-17,1,1,0.01
ITUB4,1.01,75,RNA,2021-03-18,1,1,0.01
ITUB4,1.01,75,Random Forest,2021-03-18,1,1,0.01
ITUB4,1.01,75,SVC,2021-03-18,1,1,0.01
ITUB4,1.01,75,RNA,2021-03-19,1,1,0.01
ITUB4,1.01,75,Random Forest,2021-03-19,1,1,0.01
ITUB4,1.01,75,SVC,2021-03-19,1,1,0.01
ITUB4,1.01,75,RNA,2021-03-22,1,1,0.01
ITUB4,1.01,75,Random Forest,2021-03-22,1,1,0.01
ITUB4,1.01,75,SVC,2021-03-22,1,1,0.01
ITUB4,1.01,75,RNA,2021-03-23,1,1,0.01
ITUB4,1.01,75,Random Forest,2021-03-23,1,1,0.01
ITUB4,1.01,75,SVC,2021-03-23,1,1,0.01
ITUB4,1.01,75,RNA,2021-03-24,1,1,0.01
ITUB4,1.01,75,Random Forest,2021-03-24,1,1,0.01
ITUB4,1.01,75,SVC,2021-03-24,1,1,0.01
ITUB4,1.01,75,RNA,2021-03-25,1,1,0.01
ITUB4,1.01,75,Random Forest,2021-03-25,1,1,0.01
ITUB4,1.01,75,SVC,2021-03-25,1,1,0.01
ITUB4,1.01,75,RNA,2021-03-26,1,1,0.01
ITUB4,1.01,75,Random Forest,2021-03-26,1,1,0.01
ITUB4,1.01,75,SVC,2021-03-26,1,1,0.01
ITUB4,1.01,75,RNA,2021-03-29,1,1,0.01
ITUB4,1.01,75,Random Forest,2021-03-29,1,1,0.01
ITUB4,1.01,75,SVC,2021-03-29,1,1,0.01
ITUB4,1.01,75,RNA,2021-03-30,0,1,-0.0411674591974341
ITUB4,1.01,75,Random Forest,2021-03-30,0,1,-0.0411674591974341
ITUB4,1.01,75,SVC,2021-03-30,0,1,-0.0411674591974341
ITUB4,1.01,75,RNA,2021-03-31,0,1,-0.0440810652683939
ITUB4,1.01,75,Random Forest,2021-03-31,0,1,-0.0440810652683939
ITUB4,1.01,75,SVC,2021-03-31,0,1,-0.0440810652683939
ITUB4,1.01,75,RNA,2021-04-01,0,1,-0.0248537609495226
ITUB4,1.01,75,Random Forest,2021-04-01,0,1,-0.0248537609495226
ITUB4,1.01,75,SVC,2021-04-01,0,1,-0.0248537609495226
ITUB4,1.01,75,RNA,2021-04-05,0,1,-0.0312726944325443
ITUB4,1.01,75,Random Forest,2021-04-05,0,1,-0.0312726944325443
ITUB4,1.01,75,SVC,2021-04-05,0,1,-0.0312726944325443
ITUB4,1.01,75,RNA,2021-04-06,1,1,0.01
ITUB4,1.01,75,Random Forest,2021-04-06,1,1,0.01
ITUB4,1.01,75,SVC,2021-04-06,1,1,0.01
ITUB4,1.01,75,RNA,2021-04-07,1,1,0.01
ITUB4,1.01,75,Random Forest,2021-04-07,1,1,0.01
ITUB4,1.01,75,SVC,2021-04-07,1,1,0.01
ITUB4,1.01,75,RNA,2021-04-08,1,1,0.01
ITUB4,1.01,75,Random Forest,2021-04-08,1,1,0.01
ITUB4,1.01,75,SVC,2021-04-08,1,1,0.01
ITUB4,1.01,75,RNA,2021-04-09,1,1,0.01
ITUB4,1.01,75,Random Forest,2021-04-09,1,1,0.01
ITUB4,1.01,75,SVC,2021-04-09,1,1,0.01
ITUB4,1.01,75,RNA,2021-04-12,1,1,0.01
ITUB4,1.01,75,Random Forest,2021-04-12,1,1,0.01
ITUB4,1.01,75,SVC,2021-04-12,1,1,0.01
ITUB4,1.01,75,RNA,2021-04-13,1,1,0.01
ITUB4,1.01,75,Random Forest,2021-04-13,1,1,0.01
ITUB4,1.01,75,SVC,2021-04-13,1,1,0.01
ITUB4,1.01,75,RNA,2021-04-14,1,1,0.01
ITUB4,1.01,75,Random Forest,2021-04-14,1,1,0.01
ITUB4,1.01,75,SVC,2021-04-14,1,1,0.01
ITUB4,1.01,75,RNA,2021-04-15,1,1,0.01
ITUB4,1.01,75,Random Forest,2021-04-15,1,1,0.01
ITUB4,1.01,75,SVC,2021-04-15,1,1,0.01
ITUB4,1.01,75,RNA,2021-04-16,0,1,-0.0125537985959441
ITUB4,1.01,75,Random Forest,2021-04-16,0,1,-0.0125537985959441
ITUB4,1.01,75,SVC,2021-04-16,0,1,-0.0125537985959441
ITUB4,1.01,75,RNA,2021-04-19,1,1,0.01
ITUB4,1.01,75,Random Forest,2021-04-19,1,1,0.01
ITUB4,1.01,75,SVC,2021-04-19,1,1,0.01
ITUB4,1.01,75,RNA,2021-04-20,1,0,0.01
ITUB4,1.01,75,Random Forest,2021-04-20,1,1,0.01
ITUB4,1.01,75,SVC,2021-04-20,1,1,0.01
ITUB4,1.01,75,RNA,2021-04-22,1,1,0.01
ITUB4,1.01,75,Random Forest,2021-04-22,1,1,0.01
ITUB4,1.01,75,SVC,2021-04-22,1,1,0.01
ITUB4,1.01,75,RNA,2021-04-23,1,1,0.01
ITUB4,1.01,75,Random Forest,2021-04-23,1,1,0.01
ITUB4,1.01,75,SVC,2021-04-23,1,1,0.01
ITUB4,1.01,75,RNA,2021-04-26,1,1,0.01
ITUB4,1.01,75,Random Forest,2021-04-26,1,1,0.01
ITUB4,1.01,75,SVC,2021-04-26,1,1,0.01
ITUB4,1.01,75,RNA,2021-04-27,1,1,0.01
ITUB4,1.01,75,Random Forest,2021-04-27,1,1,0.01
ITUB4,1.01,75,SVC,2021-04-27,1,1,0.01
ITUB4,1.01,75,RNA,2021-04-28,0,1,-0.0516478443557051
ITUB4,1.01,75,Random Forest,2021-04-28,0,1,-0.0516478443557051
ITUB4,1.01,75,SVC,2021-04-28,0,1,-0.0516478443557051
ITUB4,1.01,75,RNA,2021-04-29,1,1,0.01
ITUB4,1.01,75,Random Forest,2021-04-29,1,1,0.01
ITUB4,1.01,75,SVC,2021-04-29,1,1,0.01
ITUB4,1.01,75,RNA,2021-04-30,1,1,0.01
ITUB4,1.01,75,Random Forest,2021-04-30,1,1,0.01
ITUB4,1.01,75,SVC,2021-04-30,1,1,0.01
ITUB4,1.01,75,RNA,2021-05-03,0,1,-0.0167259863540787
ITUB4,1.01,75,Random Forest,2021-05-03,0,1,-0.0167259863540787
ITUB4,1.01,75,SVC,2021-05-03,0,1,-0.0167259863540787
ITUB4,1.01,75,RNA,2021-05-04,1,1,0.01
ITUB4,1.01,75,Random Forest,2021-05-04,1,1,0.01
ITUB4,1.01,75,SVC,2021-05-04,1,1,0.01
ITUB4,1.01,75,RNA,2021-05-05,1,1,0.01
ITUB4,1.01,75,Random Forest,2021-05-05,1,1,0.01
ITUB4,1.01,75,SVC,2021-05-05,1,1,0.01
ITUB4,1.01,75,RNA,2021-05-06,1,1,0.01
ITUB4,1.01,75,Random Forest,2021-05-06,1,1,0.01
ITUB4,1.01,75,SVC,2021-05-06,1,1,0.01
ITUB4,1.01,75,RNA,2021-05-07,1,1,0.01
ITUB4,1.01,75,Random Forest,2021-05-07,1,1,0.01
ITUB4,1.01,75,SVC,2021-05-07,1,1,0.01
ITUB4,1.01,75,RNA,2021-05-10,1,1,0.01
ITUB4,1.01,75,Random Forest,2021-05-10,1,1,0.01
ITUB4,1.01,75,SVC,2021-05-10,1,1,0.01
ITUB4,1.01,75,RNA,2021-05-11,1,1,0.01
ITUB4,1.01,75,Random Forest,2021-05-11,1,1,0.01
ITUB4,1.01,75,SVC,2021-05-11,1,1,0.01
ITUB4,1.01,75,RNA,2021-05-12,1,1,0.01
ITUB4,1.01,75,Random Forest,2021-05-12,1,1,0.01
ITUB4,1.01,75,SVC,2021-05-12,1,1,0.01
ITUB4,1.01,75,RNA,2021-05-13,1,1,0.01
ITUB4,1.01,75,Random Forest,2021-05-13,1,1,0.01
ITUB4,1.01,75,SVC,2021-05-13,1,1,0.01
ITUB4,1.01,75,RNA,2021-05-14,1,1,0.01
ITUB4,1.01,75,Random Forest,2021-05-14,1,1,0.01
ITUB4,1.01,75,SVC,2021-05-14,1,1,0.01
ITUB4,1.01,75,RNA,2021-05-17,1,1,0.01
ITUB4,1.01,75,Random Forest,2021-05-17,1,1,0.01
ITUB4,1.01,75,SVC,2021-05-17,1,1,0.01
ITUB4,1.01,75,RNA,2021-05-18,1,1,0.01
ITUB4,1.01,75,Random Forest,2021-05-18,1,1,0.01
ITUB4,1.01,75,SVC,2021-05-18,1,1,0.01
ITUB4,1.01,75,RNA,2021-05-19,1,1,0.01
ITUB4,1.01,75,Random Forest,2021-05-19,1,1,0.01
ITUB4,1.01,75,SVC,2021-05-19,1,1,0.01
ITUB4,1.01,75,RNA,2021-05-20,0,1,0.004054369766641
ITUB4,1.01,75,Random Forest,2021-05-20,0,1,0.004054369766641
ITUB4,1.01,75,SVC,2021-05-20,0,1,0.004054369766641
ITUB4,1.01,75,RNA,2021-05-21,0,1,-0.0108909888930758
ITUB4,1.01,75,Random Forest,2021-05-21,0,1,-0.0108909888930758
ITUB4,1.01,75,SVC,2021-05-21,0,1,-0.0108909888930758
ITUB4,1.01,75,RNA,2021-05-24,1,1,0.01
ITUB4,1.01,75,Random Forest,2021-05-24,1,0,0.01
ITUB4,1.01,75,SVC,2021-05-24,1,1,0.01
ITUB4,1.01,75,RNA,2021-05-25,1,1,0.01
ITUB4,1.01,75,Random Forest,2021-05-25,1,0,0.01
ITUB4,1.01,75,SVC,2021-05-25,1,1,0.01
ITUB4,1.01,75,RNA,2021-05-26,1,1,0.01
ITUB4,1.01,75,Random Forest,2021-05-26,1,1,0.01
ITUB4,1.01,75,SVC,2021-05-26,1,1,0.01
ITUB4,1.01,75,RNA,2021-05-27,1,1,0.01
ITUB4,1.01,75,Random Forest,2021-05-27,1,0,0.01
ITUB4,1.01,75,SVC,2021-05-27,1,1,0.01
ITUB4,1.01,75,RNA,2021-05-28,1,1,0.01
ITUB4,1.01,75,Random Forest,2021-05-28,1,1,0.01
ITUB4,1.01,75,SVC,2021-05-28,1,1,0.01
ITUB4,1.01,75,RNA,2021-05-31,1,1,0.01
ITUB4,1.01,75,Random Forest,2021-05-31,1,1,0.01
ITUB4,1.01,75,SVC,2021-05-31,1,1,0.01
ITUB4,1.01,75,RNA,2021-06-01,1,1,0.01
ITUB4,1.01,75,Random Forest,2021-06-01,1,1,0.01
ITUB4,1.01,75,SVC,2021-06-01,1,1,0.01
ITUB4,1.01,75,RNA,2021-06-02,1,0,0.01
ITUB4,1.01,75,Random Forest,2021-06-02,1,1,0.01
ITUB4,1.01,75,SVC,2021-06-02,1,1,0.01
ITUB4,1.01,75,RNA,2021-06-04,1,1,0.01
ITUB4,1.01,75,Random Forest,2021-06-04,1,0,0.01
ITUB4,1.01,75,SVC,2021-06-04,1,1,0.01
ITUB4,1.01,75,RNA,2021-06-07,1,1,0.01
ITUB4,1.01,75,Random Forest,2021-06-07,1,1,0.01
ITUB4,1.01,75,SVC,2021-06-07,1,1,0.01
ITUB4,1.01,75,RNA,2021-06-08,1,1,0.01
ITUB4,1.01,75,Random Forest,2021-06-08,1,1,0.01
ITUB4,1.01,75,SVC,2021-06-08,1,1,0.01
ITUB4,1.01,75,RNA,2021-06-09,0,1,-0.0285714061229996
ITUB4,1.01,75,Random Forest,2021-06-09,0,1,-0.0285714061229996
ITUB4,1.01,75,SVC,2021-06-09,0,1,-0.0285714061229996
ITUB4,1.01,75,RNA,2021-06-10,1,1,0.01
ITUB4,1.01,75,Random Forest,2021-06-10,1,1,0.01
ITUB4,1.01,75,SVC,2021-06-10,1,1,0.01
ITUB4,1.01,75,RNA,2021-06-11,1,1,0.01
ITUB4,1.01,75,Random Forest,2021-06-11,1,1,0.01
ITUB4,1.01,75,SVC,2021-06-11,1,1,0.01
ITUB4,1.01,75,RNA,2021-06-14,1,1,0.01
ITUB4,1.01,75,Random Forest,2021-06-14,1,1,0.01
ITUB4,1.01,75,SVC,2021-06-14,1,1,0.01
ITUB4,1.01,75,RNA,2021-06-15,1,1,0.01
ITUB4,1.01,75,Random Forest,2021-06-15,1,1,0.01
ITUB4,1.01,75,SVC,2021-06-15,1,1,0.01
ITUB4,1.01,75,RNA,2021-06-16,1,1,0.01
ITUB4,1.01,75,Random Forest,2021-06-16,1,1,0.01
ITUB4,1.01,75,SVC,2021-06-16,1,1,0.01
ITUB4,1.01,75,RNA,2021-06-17,0,1,-0.0290076483557939
ITUB4,1.01,75,Random Forest,2021-06-17,0,1,-0.0290076483557939
ITUB4,1.01,75,SVC,2021-06-17,0,1,-0.0290076483557939
ITUB4,1.01,75,RNA,2021-06-18,1,1,0.01
ITUB4,1.01,75,Random Forest,2021-06-18,1,1,0.01
ITUB4,1.01,75,SVC,2021-06-18,1,1,0.01
ITUB4,1.01,75,RNA,2021-06-21,1,1,0.01
ITUB4,1.01,75,Random Forest,2021-06-21,1,1,0.01
ITUB4,1.01,75,SVC,2021-06-21,1,1,0.01
ITUB4,1.01,75,RNA,2021-06-22,1,1,0.01
ITUB4,1.01,75,Random Forest,2021-06-22,1,1,0.01
ITUB4,1.01,75,SVC,2021-06-22,1,1,0.01
ITUB4,1.01,75,RNA,2021-06-23,0,1,-0.0627913971100218
ITUB4,1.01,75,Random Forest,2021-06-23,0,1,-0.0627913971100218
ITUB4,1.01,75,SVC,2021-06-23,0,1,-0.0627913971100218
ITUB4,1.01,75,RNA,2021-06-24,0,1,-0.0681676276296294
ITUB4,1.01,75,Random Forest,2021-06-24,0,1,-0.0681676276296294
ITUB4,1.01,75,SVC,2021-06-24,0,1,-0.0681676276296294
ITUB4,1.01,75,RNA,2021-06-25,0,1,-0.036804743237627
ITUB4,1.01,75,Random Forest,2021-06-25,0,0,-0.036804743237627
ITUB4,1.01,75,SVC,2021-06-25,0,1,-0.036804743237627
ITUB4,1.01,75,RNA,2021-06-28,0,0,-0.0077626069229377
ITUB4,1.01,75,Random Forest,2021-06-28,0,0,-0.0077626069229377
ITUB4,1.01,75,SVC,2021-06-28,0,1,-0.0077626069229377
ITUB4,1.01,75,RNA,2021-06-29,0,1,-0.0128367402431293
ITUB4,1.01,75,Random Forest,2021-06-29,0,0,-0.0128367402431293
ITUB4,1.01,75,SVC,2021-06-29,0,1,-0.0128367402431293
ITUB4,1.01,75,RNA,2021-06-30,1,1,0.01
ITUB4,1.01,75,Random Forest,2021-06-30,1,0,0.01
ITUB4,1.01,75,SVC,2021-06-30,1,1,0.01
ITUB4,1.01,75,RNA,2021-07-01,0,1,-0.0066934350348086
ITUB4,1.01,75,Random Forest,2021-07-01,0,0,-0.0066934350348086
ITUB4,1.01,75,SVC,2021-07-01,0,1,-0.0066934350348086
ITUB4,1.01,75,RNA,2021-07-02,0,1,-0.0144683377106663
ITUB4,1.01,75,Random Forest,2021-07-02,0,0,-0.0144683377106663
ITUB4,1.01,75,SVC,2021-07-02,0,1,-0.0144683377106663
ITUB4,1.01,75,RNA,2021-07-05,1,1,0.01
ITUB4,1.01,75,Random Forest,2021-07-05,1,0,0.01
ITUB4,1.01,75,SVC,2021-07-05,1,1,0.01
ITUB4,1.01,75,RNA,2021-07-06,1,1,0.01
ITUB4,1.01,75,Random Forest,2021-07-06,1,0,0.01
ITUB4,1.01,75,SVC,2021-07-06,1,1,0.01
ITUB4,1.01,75,RNA,2021-07-07,1,1,0.01
ITUB4,1.01,75,Random Forest,2021-07-07,1,1,0.01
ITUB4,1.01,75,SVC,2021-07-07,1,1,0.01
ITUB4,1.01,75,RNA,2021-07-08,1,0,0.01
ITUB4,1.01,75,Random Forest,2021-07-08,1,0,0.01
ITUB4,1.01,75,SVC,2021-07-08,1,1,0.01
ITUB4,1.01,75,RNA,2021-07-12,1,1,0.01
ITUB4,1.01,75,Random Forest,2021-07-12,1,0,0.01
ITUB4,1.01,75,SVC,2021-07-12,1,1,0.01
ITUB4,1.01,75,RNA,2021-07-13,1,1,0.01
ITUB4,1.01,75,Random Forest,2021-07-13,1,1,0.01
ITUB4,1.01,75,SVC,2021-07-13,1,1,0.01
ITUB4,1.01,75,RNA,2021-07-14,0,1,-0.0194239412419426
ITUB4,1.01,75,Random Forest,2021-07-14,0,1,-0.0194239412419426
ITUB4,1.01,75,SVC,2021-07-14,0,1,-0.0194239412419426
ITUB4,1.01,75,RNA,2021-07-15,0,1,-0.0124286316595101
ITUB4,1.01,75,Random Forest,2021-07-15,0,1,-0.0124286316595101
ITUB4,1.01,75,SVC,2021-07-15,0,1,-0.0124286316595101
ITUB4,1.01,75,RNA,2021-07-16,1,1,0.01
ITUB4,1.01,75,Random Forest,2021-07-16,1,1,0.01
ITUB4,1.01,75,SVC,2021-07-16,1,1,0.01
ITUB4,1.01,75,RNA,2021-07-19,1,1,0.01
ITUB4,1.01,75,Random Forest,2021-07-19,1,1,0.01
ITUB4,1.01,75,SVC,2021-07-19,1,1,0.01
ITUB4,1.01,75,RNA,2021-07-20,1,1,0.01
ITUB4,1.01,75,Random Forest,2021-07-20,1,1,0.01
ITUB4,1.01,75,SVC,2021-07-20,1,1,0.01
ITUB4,1.01,75,RNA,2021-07-21,1,1,0.01
ITUB4,1.01,75,Random Forest,2021-07-21,1,1,0.01
ITUB4,1.01,75,SVC,2021-07-21,1,1,0.01
ITUB4,1.01,75,RNA,2021-07-22,1,0,0.01
ITUB4,1.01,75,Random Forest,2021-07-22,1,1,0.01
ITUB4,1.01,75,SVC,2021-07-22,1,1,0.01
ITUB4,1.01,75,RNA,2021-07-23,1,1,0.01
ITUB4,1.01,75,Random Forest,2021-07-23,1,1,0.01
ITUB4,1.01,75,SVC,2021-07-23,1,1,0.01
ITUB4,1.01,75,RNA,2021-07-26,1,1,0.01
ITUB4,1.01,75,Random Forest,2021-07-26,1,1,0.01
ITUB4,1.01,75,SVC,2021-07-26,1,1,0.01
ITUB4,1.01,75,RNA,2021-07-27,1,1,0.01
ITUB4,1.01,75,Random Forest,2021-07-27,1,1,0.01
ITUB4,1.01,75,SVC,2021-07-27,1,1,0.01
ITUB4,1.01,75,RNA,2021-07-28,1,1,0.01
ITUB4,1.01,75,Random Forest,2021-07-28,1,1,0.01
ITUB4,1.01,75,SVC,2021-07-28,1,1,0.01
ITUB4,1.01,75,RNA,2021-07-29,1,1,0.01
ITUB4,1.01,75,Random Forest,2021-07-29,1,0,0.01
ITUB4,1.01,75,SVC,2021-07-29,1,1,0.01
ITUB4,1.01,75,RNA,2021-07-30,1,1,0.01
ITUB4,1.01,75,Random Forest,2021-07-30,1,1,0.01
ITUB4,1.01,75,SVC,2021-07-30,1,1,0.01
ITUB4,1.01,75,RNA,2021-08-02,0,1,-0.0178343819982774
ITUB4,1.01,75,Random Forest,2021-08-02,0,1,-0.0178343819982774
ITUB4,1.01,75,SVC,2021-08-02,0,1,-0.0178343819982774
ITUB4,1.01,75,RNA,2021-08-03,1,1,0.01
ITUB4,1.01,75,Random Forest,2021-08-03,1,1,0.01
ITUB4,1.01,75,SVC,2021-08-03,1,1,0.01
ITUB4,1.01,75,RNA,2021-08-04,1,1,0.01
ITUB4,1.01,75,Random Forest,2021-08-04,1,0,0.01
ITUB4,1.01,75,SVC,2021-08-04,1,1,0.01
ITUB4,1.01,75,RNA,2021-08-05,1,1,0.01
ITUB4,1.01,75,Random Forest,2021-08-05,1,1,0.01
ITUB4,1.01,75,SVC,2021-08-05,1,1,0.01
ITUB4,1.01,75,RNA,2021-08-06,1,1,0.01
ITUB4,1.01,75,Random Forest,2021-08-06,1,1,0.01
ITUB4,1.01,75,SVC,2021-08-06,1,1,0.01
ITUB4,1.01,75,RNA,2021-08-09,0,1,-0.0121951374336694
ITUB4,1.01,75,Random Forest,2021-08-09,0,1,-0.0121951374336694
ITUB4,1.01,75,SVC,2021-08-09,0,1,-0.0121951374336694
ITUB4,1.01,75,RNA,2021-08-10,1,1,0.01
ITUB4,1.01,75,Random Forest,2021-08-10,1,1,0.01
ITUB4,1.01,75,SVC,2021-08-10,1,1,0.01
ITUB4,1.01,75,RNA,2021-08-11,1,1,0.01
ITUB4,1.01,75,Random Forest,2021-08-11,1,1,0.01
ITUB4,1.01,75,SVC,2021-08-11,1,1,0.01
ITUB4,1.01,75,RNA,2021-08-12,1,1,0.01
ITUB4,1.01,75,Random Forest,2021-08-12,1,1,0.01
ITUB4,1.01,75,SVC,2021-08-12,1,1,0.01
ITUB4,1.01,75,RNA,2021-08-13,1,1,0.01
ITUB4,1.01,75,Random Forest,2021-08-13,1,1,0.01
ITUB4,1.01,75,SVC,2021-08-13,1,1,0.01
ITUB4,1.01,75,RNA,2021-08-16,1,1,0.01
ITUB4,1.01,75,Random Forest,2021-08-16,1,1,0.01
ITUB4,1.01,75,SVC,2021-08-16,1,1,0.01
ITUB4,1.01,75,RNA,2021-08-17,1,1,0.01
ITUB4,1.01,75,Random Forest,2021-08-17,1,1,0.01
ITUB4,1.01,75,SVC,2021-08-17,1,1,0.01
ITUB4,1.01,75,RNA,2021-08-18,1,1,0.01
ITUB4,1.01,75,Random Forest,2021-08-18,1,1,0.01
ITUB4,1.01,75,SVC,2021-08-18,1,1,0.01
ITUB4,1.01,75,RNA,2021-08-19,1,1,0.01
ITUB4,1.01,75,Random Forest,2021-08-19,1,1,0.01
ITUB4,1.01,75,SVC,2021-08-19,1,1,0.01
ITUB4,1.01,75,RNA,2021-08-20,1,1,0.01
ITUB4,1.01,75,Random Forest,2021-08-20,1,1,0.01
ITUB4,1.01,75,SVC,2021-08-20,1,1,0.01
ITUB4,1.01,75,RNA,2021-08-23,1,1,0.01
ITUB4,1.01,75,Random Forest,2021-08-23,1,1,0.01
ITUB4,1.01,75,SVC,2021-08-23,1,1,0.01
ITUB4,1.01,75,RNA,2021-08-24,0,1,-0.006829253334292
ITUB4,1.01,75,Random Forest,2021-08-24,0,1,-0.006829253334292
ITUB4,1.01,75,SVC,2021-08-24,0,1,-0.006829253334292
ITUB4,1.01,75,RNA,2021-08-25,1,1,0.01
ITUB4,1.01,75,Random Forest,2021-08-25,1,1,0.01
ITUB4,1.01,75,SVC,2021-08-25,1,1,0.01
ITUB4,1.01,75,RNA,2021-08-26,1,1,0.01
ITUB4,1.01,75,Random Forest,2021-08-26,1,1,0.01
ITUB4,1.01,75,SVC,2021-08-26,1,1,0.01
ITUB4,1.01,75,RNA,2021-08-27,1,1,0.01
ITUB4,1.01,75,Random Forest,2021-08-27,1,1,0.01
ITUB4,1.01,75,SVC,2021-08-27,1,1,0.01
ITUB4,1.01,75,RNA,2021-08-30,1,1,0.01
ITUB4,1.01,75,Random Forest,2021-08-30,1,1,0.01
ITUB4,1.01,75,SVC,2021-08-30,1,1,0.01
ITUB4,1.01,75,RNA,2021-08-31,1,1,0.01
ITUB4,1.01,75,Random Forest,2021-08-31,1,1,0.01
ITUB4,1.01,75,SVC,2021-08-31,1,1,0.01
ITUB4,1.01,75,RNA,2021-09-01,0,1,-0.0702492614391222
ITUB4,1.01,75,Random Forest,2021-09-01,0,1,-0.0702492614391222
ITUB4,1.01,75,SVC,2021-09-01,0,1,-0.0702492614391222
ITUB4,1.01,75,RNA,2021-09-02,0,1,-0.0341852008779255
ITUB4,1.01,75,Random Forest,2021-09-02,0,1,-0.0341852008779255
ITUB4,1.01,75,SVC,2021-09-02,0,1,-0.0341852008779255
ITUB4,1.01,75,RNA,2021-09-03,1,1,0.01
ITUB4,1.01,75,Random Forest,2021-09-03,1,1,0.01
ITUB4,1.01,75,SVC,2021-09-03,1,1,0.01
ITUB4,1.01,75,RNA,2021-09-06,0,1,-0.0289614311639029
ITUB4,1.01,75,Random Forest,2021-09-06,0,1,-0.0289614311639029
ITUB4,1.01,75,SVC,2021-09-06,0,1,-0.0289614311639029
ITUB4,1.01,75,RNA,2021-09-08,1,1,0.01
ITUB4,1.01,75,Random Forest,2021-09-08,1,1,0.01
ITUB4,1.01,75,SVC,2021-09-08,1,1,0.01
ITUB4,1.01,75,RNA,2021-09-09,0,1,-0.0332203148702248
ITUB4,1.01,75,Random Forest,2021-09-09,0,0,-0.0332203148702248
ITUB4,1.01,75,SVC,2021-09-09,0,1,-0.0332203148702248
ITUB4,1.01,75,RNA,2021-09-10,0,1,-0.0282986741590129
ITUB4,1.01,75,Random Forest,2021-09-10,0,1,-0.0282986741590129
ITUB4,1.01,75,SVC,2021-09-10,0,1,-0.0282986741590129
ITUB4,1.01,75,RNA,2021-09-13,0,1,-0.0439862292437968
ITUB4,1.01,75,Random Forest,2021-09-13,0,1,-0.0439862292437968
ITUB4,1.01,75,SVC,2021-09-13,0,1,-0.0439862292437968
ITUB4,1.01,75,RNA,2021-09-14,0,1,-0.0640275446022548
ITUB4,1.01,75,Random Forest,2021-09-14,0,0,-0.0640275446022548
ITUB4,1.01,75,SVC,2021-09-14,0,1,-0.0640275446022548
ITUB4,1.01,75,RNA,2021-09-15,1,1,0.01
ITUB4,1.01,75,Random Forest,2021-09-15,1,0,0.01
ITUB4,1.01,75,SVC,2021-09-15,1,1,0.01
ITUB4,1.01,75,RNA,2021-09-16,0,0,-0.0252897427978466
ITUB4,1.01,75,Random Forest,2021-09-16,0,0,-0.0252897427978466
ITUB4,1.01,75,SVC,2021-09-16,0,1,-0.0252897427978466
ITUB4,1.01,75,RNA,2021-09-17,1,0,0.01
ITUB4,1.01,75,Random Forest,2021-09-17,1,1,0.01
ITUB4,1.01,75,SVC,2021-09-17,1,1,0.01
ITUB4,1.01,75,RNA,2021-09-20,1,0,0.01
ITUB4,1.01,75,Random Forest,2021-09-20,1,0,0.01
ITUB4,1.01,75,SVC,2021-09-20,1,1,0.01
ITUB4,1.01,75,RNA,2021-09-21,1,0,0.01
ITUB4,1.01,75,Random Forest,2021-09-21,1,1,0.01
ITUB4,1.01,75,SVC,2021-09-21,1,1,0.01
ITUB4,1.01,75,RNA,2021-09-22,1,1,0.01
ITUB4,1.01,75,Random Forest,2021-09-22,1,1,0.01
ITUB4,1.01,75,SVC,2021-09-22,1,1,0.01
ITUB4,1.01,75,RNA,2021-09-23,1,1,0.01
ITUB4,1.01,75,Random Forest,2021-09-23,1,1,0.01
ITUB4,1.01,75,SVC,2021-09-23,1,1,0.01
ITUB4,1.01,75,RNA,2021-09-24,1,1,0.01
ITUB4,1.01,75,Random Forest,2021-09-24,1,1,0.01
ITUB4,1.01,75,SVC,2021-09-24,1,1,0.01
ITUB4,1.01,75,RNA,2021-09-27,1,1,0.01
ITUB4,1.01,75,Random Forest,2021-09-27,1,1,0.01
ITUB4,1.01,75,SVC,2021-09-27,1,1,0.01
ITUB4,1.01,75,RNA,2021-09-28,1,1,0.01
ITUB4,1.01,75,Random Forest,2021-09-28,1,1,0.01
ITUB4,1.01,75,SVC,2021-09-28,1,1,0.01
ITUB4,1.01,75,RNA,2021-09-29,1,1,0.01
ITUB4,1.01,75,Random Forest,2021-09-29,1,1,0.01
ITUB4,1.01,75,SVC,2021-09-29,1,1,0.01
ITUB4,1.01,75,RNA,2021-09-30,1,1,0.01
ITUB4,1.01,75,Random Forest,2021-09-30,1,1,0.01
ITUB4,1.01,75,SVC,2021-09-30,1,1,0.01
ITUB4,1.01,75,RNA,2021-10-01,1,1,0.01
ITUB4,1.01,75,Random Forest,2021-10-01,1,1,0.01
ITUB4,1.01,75,SVC,2021-10-01,1,1,0.01
ITUB4,1.01,75,RNA,2021-10-04,1,0,0.01
ITUB4,1.01,75,Random Forest,2021-10-04,1,1,0.01
ITUB4,1.01,75,SVC,2021-10-04,1,1,0.01
ITUB4,1.01,75,RNA,2021-10-05,1,1,0.01
ITUB4,1.01,75,Random Forest,2021-10-05,1,1,0.01
ITUB4,1.01,75,SVC,2021-10-05,1,1,0.01
ITUB4,1.01,75,RNA,2021-10-06,0,1,-0.0346199618170117
ITUB4,1.01,75,Random Forest,2021-10-06,0,1,-0.0346199618170117
ITUB4,1.01,75,SVC,2021-10-06,0,1,-0.0346199618170117
ITUB4,1.01,75,RNA,2021-10-07,1,1,0.01
ITUB4,1.01,75,Random Forest,2021-10-07,1,1,0.01
ITUB4,1.01,75,SVC,2021-10-07,1,1,0.01
ITUB4,1.01,75,RNA,2021-10-08,1,1,0.01
ITUB4,1.01,75,Random Forest,2021-10-08,1,1,0.01
ITUB4,1.01,75,SVC,2021-10-08,1,1,0.01
ITUB4,1.01,75,RNA,2021-10-11,1,1,0.01
ITUB4,1.01,75,Random Forest,2021-10-11,1,1,0.01
ITUB4,1.01,75,SVC,2021-10-11,1,1,0.01
ITUB4,1.01,75,RNA,2021-10-13,1,1,0.01
ITUB4,1.01,75,Random Forest,2021-10-13,1,1,0.01
ITUB4,1.01,75,SVC,2021-10-13,1,1,0.01
ITUB4,1.01,75,RNA,2021-10-14,1,1,0.01
ITUB4,1.01,75,Random Forest,2021-10-14,1,1,0.01
ITUB4,1.01,75,SVC,2021-10-14,1,1,0.01
ITUB4,1.01,75,RNA,2021-10-15,1,1,0.01
ITUB4,1.01,75,Random Forest,2021-10-15,1,1,0.01
ITUB4,1.01,75,SVC,2021-10-15,1,1,0.01
ITUB4,1.01,75,RNA,2021-10-18,1,1,0.01
ITUB4,1.01,75,Random Forest,2021-10-18,1,1,0.01
ITUB4,1.01,75,SVC,2021-10-18,1,1,0.01
ITUB4,1.01,75,RNA,2021-10-19,1,1,0.01
ITUB4,1.01,75,Random Forest,2021-10-19,1,1,0.01
ITUB4,1.01,75,SVC,2021-10-19,1,1,0.01
ITUB4,1.01,75,RNA,2021-10-20,1,1,0.01
ITUB4,1.01,75,Random Forest,2021-10-20,1,1,0.01
ITUB4,1.01,75,SVC,2021-10-20,1,1,0.01
ITUB4,1.01,75,RNA,2021-10-21,1,1,0.01
ITUB4,1.01,75,Random Forest,2021-10-21,1,1,0.01
ITUB4,1.01,75,SVC,2021-10-21,1,1,0.01
ITUB4,1.01,75,RNA,2021-10-22,1,1,0.01
ITUB4,1.01,75,Random Forest,2021-10-22,1,1,0.01
ITUB4,1.01,75,SVC,2021-10-22,1,1,0.01
ITUB4,1.01,75,RNA,2021-10-25,1,1,0.01
ITUB4,1.01,75,Random Forest,2021-10-25,1,1,0.01
ITUB4,1.01,75,SVC,2021-10-25,1,1,0.01
ITUB4,1.01,75,RNA,2021-10-26,1,1,0.01
ITUB4,1.01,75,Random Forest,2021-10-26,1,1,0.01
ITUB4,1.01,75,SVC,2021-10-26,1,1,0.01
ITUB4,1.01,75,RNA,2021-10-27,1,1,0.01
ITUB4,1.01,75,Random Forest,2021-10-27,1,1,0.01
ITUB4,1.01,75,SVC,2021-10-27,1,1,0.01
ITUB4,1.01,75,RNA,2021-10-28,1,1,0.01
ITUB4,1.01,75,Random Forest,2021-10-28,1,1,0.01
ITUB4,1.01,75,SVC,2021-10-28,1,1,0.01
ITUB4,1.01,75,RNA,2021-10-29,1,0,0.01
ITUB4,1.01,75,Random Forest,2021-10-29,1,1,0.01
ITUB4,1.01,75,SVC,2021-10-29,1,1,0.01
ITUB4,1.01,75,RNA,2021-11-01,1,1,0.01
ITUB4,1.01,75,Random Forest,2021-11-01,1,1,0.01
ITUB4,1.01,75,SVC,2021-11-01,1,1,0.01
ITUB4,1.01,75,RNA,2021-11-03,1,1,0.01
ITUB4,1.01,75,Random Forest,2021-11-03,1,1,0.01
ITUB4,1.01,75,SVC,2021-11-03,1,1,0.01
ITUB4,1.01,75,RNA,2021-11-04,0,1,-0.0170212865038204
ITUB4,1.01,75,Random Forest,2021-11-04,0,1,-0.0170212865038204
ITUB4,1.01,75,SVC,2021-11-04,0,1,-0.0170212865038204
ITUB4,1.01,75,RNA,2021-11-05,1,1,0.01
ITUB4,1.01,75,Random Forest,2021-11-05,1,1,0.01
ITUB4,1.01,75,SVC,2021-11-05,1,1,0.01
ITUB4,1.01,75,RNA,2021-11-08,1,1,0.01
ITUB4,1.01,75,Random Forest,2021-11-08,1,1,0.01
ITUB4,1.01,75,SVC,2021-11-08,1,1,0.01
ITUB4,1.01,75,RNA,2021-11-09,1,1,0.01
ITUB4,1.01,75,Random Forest,2021-11-09,1,1,0.01
ITUB4,1.01,75,SVC,2021-11-09,1,1,0.01
ITUB4,1.01,75,RNA,2021-11-10,0,1,-0.0247546374733381
ITUB4,1.01,75,Random Forest,2021-11-10,0,1,-0.0247546374733381
ITUB4,1.01,75,SVC,2021-11-10,0,1,-0.0247546374733381
ITUB4,1.01,75,RNA,2021-11-11,1,1,0.01
ITUB4,1.01,75,Random Forest,2021-11-11,1,1,0.01
ITUB4,1.01,75,SVC,2021-11-11,1,1,0.01
ITUB4,1.01,75,RNA,2021-11-12,1,1,0.01
ITUB4,1.01,75,Random Forest,2021-11-12,1,1,0.01
ITUB4,1.01,75,SVC,2021-11-12,1,1,0.01
ITUB4,1.01,75,RNA,2021-11-16,1,1,0.01
ITUB4,1.01,75,Random Forest,2021-11-16,1,1,0.01
ITUB4,1.01,75,SVC,2021-11-16,1,1,0.01
ITUB4,1.01,75,RNA,2021-11-17,0,1,-0.0043991574343631
ITUB4,1.01,75,Random Forest,2021-11-17,0,1,-0.0043991574343631
ITUB4,1.01,75,SVC,2021-11-17,0,1,-0.0043991574343631
ITUB4,1.01,75,RNA,2021-11-18,1,1,0.01
ITUB4,1.01,75,Random Forest,2021-11-18,1,1,0.01
ITUB4,1.01,75,SVC,2021-11-18,1,1,0.01
ITUB4,1.01,75,RNA,2021-11-19,1,1,0.01
ITUB4,1.01,75,Random Forest,2021-11-19,1,1,0.01
ITUB4,1.01,75,SVC,2021-11-19,1,1,0.01
ITUB4,1.01,75,RNA,2021-11-22,1,1,0.01
ITUB4,1.01,75,Random Forest,2021-11-22,1,1,0.01
ITUB4,1.01,75,SVC,2021-11-22,1,1,0.01
ITUB4,1.01,75,RNA,2021-11-23,1,1,0.01
ITUB4,1.01,75,Random Forest,2021-11-23,1,1,0.01
ITUB4,1.01,75,SVC,2021-11-23,1,1,0.01
ITUB4,1.01,75,RNA,2021-11-24,1,1,0.01
ITUB4,1.01,75,Random Forest,2021-11-24,1,1,0.01
ITUB4,1.01,75,SVC,2021-11-24,1,1,0.01
ITUB4,1.01,75,RNA,2021-11-25,1,1,0.01
ITUB4,1.01,75,Random Forest,2021-11-25,1,1,0.01
ITUB4,1.01,75,SVC,2021-11-25,1,1,0.01
ITUB4,1.01,75,RNA,2021-11-26,0,1,0.0003557636285826
ITUB4,1.01,75,Random Forest,2021-11-26,0,1,0.0003557636285826
ITUB4,1.01,75,SVC,2021-11-26,0,1,0.0003557636285826
ITUB4,1.01,75,RNA,2021-11-29,1,1,0.01
ITUB4,1.01,75,Random Forest,2021-11-29,1,1,0.01
ITUB4,1.01,75,SVC,2021-11-29,1,1,0.01
ITUB4,1.01,75,RNA,2021-11-30,1,1,0.01
ITUB4,1.01,75,Random Forest,2021-11-30,1,1,0.01
ITUB4,1.01,75,SVC,2021-11-30,1,1,0.01
ITUB4,1.01,75,RNA,2021-12-01,1,1,0.01
ITUB4,1.01,75,Random Forest,2021-12-01,1,1,0.01
ITUB4,1.01,75,SVC,2021-12-01,1,1,0.01
ITUB4,1.01,75,RNA,2021-12-02,1,1,0.01
ITUB4,1.01,75,Random Forest,2021-12-02,1,1,0.01
ITUB4,1.01,75,SVC,2021-12-02,1,1,0.01
ITUB4,1.01,75,RNA,2021-12-03,1,1,0.01
ITUB4,1.01,75,Random Forest,2021-12-03,1,1,0.01
ITUB4,1.01,75,SVC,2021-12-03,1,1,0.01
ITUB4,1.01,75,RNA,2021-12-06,0,1,-0.0618120507258376
ITUB4,1.01,75,Random Forest,2021-12-06,0,1,-0.0618120507258376
ITUB4,1.01,75,SVC,2021-12-06,0,1,-0.0618120507258376
ITUB4,1.01,75,RNA,2021-12-07,0,1,-0.0658293419037054
ITUB4,1.01,75,Random Forest,2021-12-07,0,1,-0.0658293419037054
ITUB4,1.01,75,SVC,2021-12-07,0,1,-0.0658293419037054
ITUB4,1.01,75,RNA,2021-12-08,0,1,-0.0438981392036046
ITUB4,1.01,75,Random Forest,2021-12-08,0,1,-0.0438981392036046
ITUB4,1.01,75,SVC,2021-12-08,0,1,-0.0438981392036046
ITUB4,1.01,75,RNA,2021-12-09,0,1,-0.0255834812574191
ITUB4,1.01,75,Random Forest,2021-12-09,0,1,-0.0255834812574191
ITUB4,1.01,75,SVC,2021-12-09,0,1,-0.0255834812574191
ITUB4,1.01,75,RNA,2021-12-10,0,1,-0.0121621902796168
ITUB4,1.01,75,Random Forest,2021-12-10,0,0,-0.0121621902796168
ITUB4,1.01,75,SVC,2021-12-10,0,1,-0.0121621902796168
ITUB4,1.01,75,RNA,2021-12-13,1,1,0.01
ITUB4,1.01,75,Random Forest,2021-12-13,1,0,0.01
ITUB4,1.01,75,SVC,2021-12-13,1,1,0.01
ITUB4,1.01,75,RNA,2021-12-14,0,0,-0.0360565563354642
ITUB4,1.01,75,Random Forest,2021-12-14,0,0,-0.0360565563354642
ITUB4,1.01,75,SVC,2021-12-14,0,1,-0.0360565563354642
ITUB4,1.01,75,RNA,2021-12-15,0,1,-0.0342465322563038
ITUB4,1.01,75,Random Forest,2021-12-15,0,1,-0.0342465322563038
ITUB4,1.01,75,SVC,2021-12-15,0,1,-0.0342465322563038
ITUB4,1.01,75,RNA,2021-12-16,1,1,0.01
ITUB4,1.01,75,Random Forest,2021-12-16,1,0,0.01
ITUB4,1.01,75,SVC,2021-12-16,1,1,0.01
ITUB4,1.01,75,RNA,2021-12-17,0,1,-0.0065177060386053
ITUB4,1.01,75,Random Forest,2021-12-17,0,0,-0.0065177060386053
ITUB4,1.01,75,SVC,2021-12-17,0,1,-0.0065177060386053
ITUB4,1.01,75,RNA,2021-12-20,1,1,0.01
ITUB4,1.01,75,Random Forest,2021-12-20,1,0,0.01
ITUB4,1.01,75,SVC,2021-12-20,1,1,0.01
ITUB4,1.01,75,RNA,2021-12-21,1,0,0.01
ITUB4,1.01,75,Random Forest,2021-12-21,1,0,0.01
ITUB4,1.01,75,SVC,2021-12-21,1,1,0.01
ITUB4,1.01,75,RNA,2021-12-22,1,0,0.01
ITUB4,1.01,75,Random Forest,2021-12-22,1,1,0.01
ITUB4,1.01,75,SVC,2021-12-22,1,1,0.01
ITUB4,1.01,75,RNA,2021-12-23,1,1,0.01
ITUB4,1.01,75,Random Forest,2021-12-23,1,1,0.01
ITUB4,1.01,75,SVC,2021-12-23,1,1,0.01
ITUB4,1.01,75,RNA,2021-12-27,0,1,-0.0047098264950297
ITUB4,1.01,75,Random Forest,2021-12-27,0,1,-0.0047098264950297
ITUB4,1.01,75,SVC,2021-12-27,0,1,-0.0047098264950297
ITUB4,1.01,75,RNA,2021-12-28,1,1,0.01
ITUB4,1.01,75,Random Forest,2021-12-28,1,1,0.01
ITUB4,1.01,75,SVC,2021-12-28,1,1,0.01
ITUB4,1.01,75,RNA,2021-12-29,1,1,0.01
ITUB4,1.01,75,Random Forest,2021-12-29,1,1,0.01
ITUB4,1.01,75,SVC,2021-12-29,1,1,0.01
ITUB4,1.01,75,RNA,2021-12-30,1,0,0.01
ITUB4,1.01,75,Random Forest,2021-12-30,1,1,0.01
ITUB4,1.01,75,SVC,2021-12-30,1,1,0.01
ITUB4,1.01,75,RNA,2022-01-03,1,1,0.01
ITUB4,1.01,75,Random Forest,2022-01-03,1,1,0.01
ITUB4,1.01,75,SVC,2022-01-03,1,1,0.01
ITUB4,1.01,75,RNA,2022-01-04,1,1,0.01
ITUB4,1.01,75,Random Forest,2022-01-04,1,1,0.01
ITUB4,1.01,75,SVC,2022-01-04,1,1,0.01
ITUB4,1.01,75,RNA,2022-01-05,1,0,0.01
ITUB4,1.01,75,Random Forest,2022-01-05,1,0,0.01
ITUB4,1.01,75,SVC,2022-01-05,1,1,0.01
ITUB4,1.01,75,RNA,2022-01-06,1,0,0.01
ITUB4,1.01,75,Random Forest,2022-01-06,1,1,0.01
ITUB4,1.01,75,SVC,2022-01-06,1,1,0.01
ITUB4,1.01,75,RNA,2022-01-07,1,0,0.01
ITUB4,1.01,75,Random Forest,2022-01-07,1,1,0.01
ITUB4,1.01,75,SVC,2022-01-07,1,1,0.01
ITUB4,1.01,75,RNA,2022-01-10,1,1,0.01
ITUB4,1.01,75,Random Forest,2022-01-10,1,1,0.01
ITUB4,1.01,75,SVC,2022-01-10,1,1,0.01
ITUB4,1.01,75,RNA,2022-01-11,1,1,0.01
ITUB4,1.01,75,Random Forest,2022-01-11,1,1,0.01
ITUB4,1.01,75,SVC,2022-01-11,1,1,0.01
ITUB4,1.01,75,RNA,2022-01-12,1,1,0.01
ITUB4,1.01,75,Random Forest,2022-01-12,1,1,0.01
ITUB4,1.01,75,SVC,2022-01-12,1,1,0.01
ITUB4,1.01,75,RNA,2022-01-13,1,1,0.01
ITUB4,1.01,75,Random Forest,2022-01-13,1,1,0.01
ITUB4,1.01,75,SVC,2022-01-13,1,1,0.01
ITUB4,1.01,75,RNA,2022-01-14,1,1,0.01
ITUB4,1.01,75,Random Forest,2022-01-14,1,1,0.01
ITUB4,1.01,75,SVC,2022-01-14,1,1,0.01
ITUB4,1.01,75,RNA,2022-01-17,1,1,0.01
ITUB4,1.01,75,Random Forest,2022-01-17,1,1,0.01
ITUB4,1.01,75,SVC,2022-01-17,1,1,0.01
ITUB4,1.01,75,RNA,2022-01-18,1,1,0.01
ITUB4,1.01,75,Random Forest,2022-01-18,1,1,0.01
ITUB4,1.01,75,SVC,2022-01-18,1,1,0.01
ITUB4,1.01,75,RNA,2022-01-19,1,1,0.01
ITUB4,1.01,75,Random Forest,2022-01-19,1,1,0.01
ITUB4,1.01,75,SVC,2022-01-19,1,1,0.01
ITUB4,1.01,75,RNA,2022-01-20,1,1,0.01
ITUB4,1.01,75,Random Forest,2022-01-20,1,1,0.01
ITUB4,1.01,75,SVC,2022-01-20,1,1,0.01
ITUB4,1.01,75,RNA,2022-01-21,1,1,0.01
ITUB4,1.01,75,Random Forest,2022-01-21,1,1,0.01
ITUB4,1.01,75,SVC,2022-01-21,1,1,0.01
ITUB4,1.01,75,RNA,2022-01-24,1,1,0.01
ITUB4,1.01,75,Random Forest,2022-01-24,1,1,0.01
ITUB4,1.01,75,SVC,2022-01-24,1,1,0.01
ITUB4,1.01,75,RNA,2022-01-25,1,1,0.01
ITUB4,1.01,75,Random Forest,2022-01-25,1,1,0.01
ITUB4,1.01,75,SVC,2022-01-25,1,1,0.01
ITUB4,1.01,75,RNA,2022-01-26,1,1,0.01
ITUB4,1.01,75,Random Forest,2022-01-26,1,1,0.01
ITUB4,1.01,75,SVC,2022-01-26,1,1,0.01
ITUB4,1.01,75,RNA,2022-01-27,1,1,0.01
ITUB4,1.01,75,Random Forest,2022-01-27,1,1,0.01
ITUB4,1.01,75,SVC,2022-01-27,1,1,0.01
ITUB4,1.01,75,RNA,2022-01-28,1,1,0.01
ITUB4,1.01,75,Random Forest,2022-01-28,1,1,0.01
ITUB4,1.01,75,SVC,2022-01-28,1,1,0.01
ITUB4,1.01,75,RNA,2022-01-31,1,1,0.01
ITUB4,1.01,75,Random Forest,2022-01-31,1,1,0.01
ITUB4,1.01,75,SVC,2022-01-31,1,1,0.01
ITUB4,1.01,75,RNA,2022-02-01,1,1,0.01
ITUB4,1.01,75,Random Forest,2022-02-01,1,1,0.01
ITUB4,1.01,75,SVC,2022-02-01,1,1,0.01
ITUB4,1.01,75,RNA,2022-02-02,1,1,0.01
ITUB4,1.01,75,Random Forest,2022-02-02,1,1,0.01
ITUB4,1.01,75,SVC,2022-02-02,1,1,0.01
ITUB4,1.01,75,RNA,2022-02-03,1,1,0.01
ITUB4,1.01,75,Random Forest,2022-02-03,1,1,0.01
ITUB4,1.01,75,SVC,2022-02-03,1,1,0.01
ITUB4,1.01,75,RNA,2022-02-04,1,1,0.01
ITUB4,1.01,75,Random Forest,2022-02-04,1,1,0.01
ITUB4,1.01,75,SVC,2022-02-04,1,1,0.01
ITUB4,1.01,75,RNA,2022-02-07,1,1,0.01
ITUB4,1.01,75,Random Forest,2022-02-07,1,1,0.01
ITUB4,1.01,75,SVC,2022-02-07,1,1,0.01
ITUB4,1.01,75,RNA,2022-02-08,1,1,0.01
ITUB4,1.01,75,Random Forest,2022-02-08,1,1,0.01
ITUB4,1.01,75,SVC,2022-02-08,1,1,0.01
ITUB4,1.01,75,RNA,2022-02-09,1,1,0.01
ITUB4,1.01,75,Random Forest,2022-02-09,1,1,0.01
ITUB4,1.01,75,SVC,2022-02-09,1,1,0.01
ITUB4,1.01,75,RNA,2022-02-10,1,1,0.01
ITUB4,1.01,75,Random Forest,2022-02-10,1,1,0.01
ITUB4,1.01,75,SVC,2022-02-10,1,1,0.01
ITUB4,1.01,75,RNA,2022-02-11,1,1,0.01
ITUB4,1.01,75,Random Forest,2022-02-11,1,1,0.01
ITUB4,1.01,75,SVC,2022-02-11,1,1,0.01
ITUB4,1.01,75,RNA,2022-02-14,0,1,-0.0235074318756265
ITUB4,1.01,75,Random Forest,2022-02-14,0,1,-0.0235074318756265
ITUB4,1.01,75,SVC,2022-02-14,0,1,-0.0235074318756265
ITUB4,1.01,75,RNA,2022-02-15,0,1,-0.0466766308714334
ITUB4,1.01,75,Random Forest,2022-02-15,0,1,-0.0466766308714334
ITUB4,1.01,75,SVC,2022-02-15,0,1,-0.0466766308714334
ITUB4,1.01,75,RNA,2022-02-16,0,1,-0.0240991402402619
ITUB4,1.01,75,Random Forest,2022-02-16,0,1,-0.0240991402402619
ITUB4,1.01,75,SVC,2022-02-16,0,1,-0.0240991402402619
ITUB4,1.01,75,RNA,2022-02-17,1,1,0.01
ITUB4,1.01,75,Random Forest,2022-02-17,1,1,0.01
ITUB4,1.01,75,SVC,2022-02-17,1,1,0.01
ITUB4,1.01,75,RNA,2022-02-18,0,1,-0.0479084674639354
ITUB4,1.01,75,Random Forest,2022-02-18,0,1,-0.0479084674639354
ITUB4,1.01,75,SVC,2022-02-18,0,1,-0.0479084674639354
ITUB4,1.01,75,RNA,2022-02-21,1,1,0.01
ITUB4,1.01,75,Random Forest,2022-02-21,1,1,0.01
ITUB4,1.01,75,SVC,2022-02-21,1,1,0.01
ITUB4,1.01,75,RNA,2022-02-22,1,1,0.01
ITUB4,1.01,75,Random Forest,2022-02-22,1,1,0.01
ITUB4,1.01,75,SVC,2022-02-22,1,1,0.01
ITUB4,1.01,75,RNA,2022-02-23,1,1,0.01
ITUB4,1.01,75,Random Forest,2022-02-23,1,0,0.01
ITUB4,1.01,75,SVC,2022-02-23,1,1,0.01
ITUB4,1.01,75,RNA,2022-02-24,1,1,0.01
ITUB4,1.01,75,Random Forest,2022-02-24,1,1,0.01
ITUB4,1.01,75,SVC,2022-02-24,1,1,0.01
ITUB4,1.01,75,RNA,2022-02-25,1,1,0.01
ITUB4,1.01,75,Random Forest,2022-02-25,1,1,0.01
ITUB4,1.01,75,SVC,2022-02-25,1,1,0.01
ITUB4,1.01,75,RNA,2022-03-02,1,1,0.01
ITUB4,1.01,75,Random Forest,2022-03-02,1,1,0.01
ITUB4,1.01,75,SVC,2022-03-02,1,1,0.01
ITUB4,1.01,75,RNA,2022-03-03,0,1,0.0011966216512069
ITUB4,1.01,75,Random Forest,2022-03-03,0,1,0.0011966216512069
ITUB4,1.01,75,SVC,2022-03-03,0,1,0.0011966216512069
ITUB4,1.01,75,RNA,2022-03-04,1,1,0.01
ITUB4,1.01,75,Random Forest,2022-03-04,1,1,0.01
ITUB4,1.01,75,SVC,2022-03-04,1,1,0.01
ITUB4,1.01,75,RNA,2022-03-07,1,1,0.01
ITUB4,1.01,75,Random Forest,2022-03-07,1,1,0.01
ITUB4,1.01,75,SVC,2022-03-07,1,1,0.01
ITUB4,1.01,75,RNA,2022-03-08,1,1,0.01
ITUB4,1.01,75,Random Forest,2022-03-08,1,1,0.01
ITUB4,1.01,75,SVC,2022-03-08,1,1,0.01
ITUB4,1.01,75,RNA,2022-03-09,1,1,0.01
ITUB4,1.01,75,Random Forest,2022-03-09,1,1,0.01
ITUB4,1.01,75,SVC,2022-03-09,1,1,0.01
ITUB4,1.01,75,RNA,2022-03-10,1,1,0.01
ITUB4,1.01,75,Random Forest,2022-03-10,1,1,0.01
ITUB4,1.01,75,SVC,2022-03-10,1,1,0.01
ITUB4,1.01,75,RNA,2022-03-11,1,1,0.01
ITUB4,1.01,75,Random Forest,2022-03-11,1,1,0.01
ITUB4,1.01,75,SVC,2022-03-11,1,1,0.01
ITUB4,1.01,75,RNA,2022-03-14,1,0,0.01
ITUB4,1.01,75,Random Forest,2022-03-14,1,1,0.01
ITUB4,1.01,75,SVC,2022-03-14,1,1,0.01
ITUB4,1.01,75,RNA,2022-03-15,1,1,0.01
ITUB4,1.01,75,Random Forest,2022-03-15,1,1,0.01
ITUB4,1.01,75,SVC,2022-03-15,1,1,0.01
ITUB4,1.01,75,RNA,2022-03-16,1,1,0.01
ITUB4,1.01,75,Random Forest,2022-03-16,1,1,0.01
ITUB4,1.01,75,SVC,2022-03-16,1,1,0.01
ITUB4,1.01,75,RNA,2022-03-17,1,1,0.01
ITUB4,1.01,75,Random Forest,2022-03-17,1,1,0.01
ITUB4,1.01,75,SVC,2022-03-17,1,1,0.01
ITUB4,1.01,75,RNA,2022-03-18,1,1,0.01
ITUB4,1.01,75,Random Forest,2022-03-18,1,1,0.01
ITUB4,1.01,75,SVC,2022-03-18,1,1,0.01
ITUB4,1.01,75,RNA,2022-03-21,1,1,0.01
ITUB4,1.01,75,Random Forest,2022-03-21,1,0,0.01
ITUB4,1.01,75,SVC,2022-03-21,1,1,0.01
ITUB4,1.01,75,RNA,2022-03-22,1,1,0.01
ITUB4,1.01,75,Random Forest,2022-03-22,1,1,0.01
ITUB4,1.01,75,SVC,2022-03-22,1,1,0.01
ITUB4,1.01,75,RNA,2022-03-23,1,1,0.01
ITUB4,1.01,75,Random Forest,2022-03-23,1,1,0.01
ITUB4,1.01,75,SVC,2022-03-23,1,1,0.01
ITUB4,1.01,75,RNA,2022-03-24,1,1,0.01
ITUB4,1.01,75,Random Forest,2022-03-24,1,1,0.01
ITUB4,1.01,75,SVC,2022-03-24,1,1,0.01
ITUB4,1.01,75,RNA,2022-03-25,1,1,0.01
ITUB4,1.01,75,Random Forest,2022-03-25,1,1,0.01
ITUB4,1.01,75,SVC,2022-03-25,1,1,0.01
ITUB4,1.01,75,RNA,2022-03-28,1,1,0.01
ITUB4,1.01,75,Random Forest,2022-03-28,1,1,0.01
ITUB4,1.01,75,SVC,2022-03-28,1,1,0.01
ITUB4,1.01,75,RNA,2022-03-29,0,1,-0.0191260467010287
ITUB4,1.01,75,Random Forest,2022-03-29,0,1,-0.0191260467010287
ITUB4,1.01,75,SVC,2022-03-29,0,1,-0.0191260467010287
ITUB4,1.01,75,RNA,2022-03-30,0,1,-0.0402733956983835
ITUB4,1.01,75,Random Forest,2022-03-30,0,1,-0.0402733956983835
ITUB4,1.01,75,SVC,2022-03-30,0,1,-0.0402733956983835
ITUB4,1.01,75,RNA,2022-03-31,0,1,-0.035018065908836
ITUB4,1.01,75,Random Forest,2022-03-31,0,1,-0.035018065908836
ITUB4,1.01,75,SVC,2022-03-31,0,1,-0.035018065908836
ITUB4,1.01,75,RNA,2022-04-01,0,1,-0.0269581373545115
ITUB4,1.01,75,Random Forest,2022-04-01,0,1,-0.0269581373545115
ITUB4,1.01,75,SVC,2022-04-01,0,1,-0.0269581373545115
ITUB4,1.01,75,RNA,2022-04-04,0,1,-0.020932810595951
ITUB4,1.01,75,Random Forest,2022-04-04,0,0,-0.020932810595951
ITUB4,1.01,75,SVC,2022-04-04,0,1,-0.020932810595951
ITUB4,1.01,75,RNA,2022-04-05,1,1,0.01
ITUB4,1.01,75,Random Forest,2022-04-05,1,0,0.01
ITUB4,1.01,75,SVC,2022-04-05,1,1,0.01
ITUB4,1.01,75,RNA,2022-04-06,1,1,0.01
ITUB4,1.01,75,Random Forest,2022-04-06,1,1,0.01
ITUB4,1.01,75,SVC,2022-04-06,1,1,0.01
ITUB4,1.01,75,RNA,2022-04-07,1,1,0.01
ITUB4,1.01,75,Random Forest,2022-04-07,1,1,0.01
ITUB4,1.01,75,SVC,2022-04-07,1,1,0.01
ITUB4,1.01,75,RNA,2022-04-08,1,1,0.01
ITUB4,1.01,75,Random Forest,2022-04-08,1,0,0.01
ITUB4,1.01,75,SVC,2022-04-08,1,1,0.01
ITUB4,1.01,75,RNA,2022-04-11,0,1,-0.0119403085524354
ITUB4,1.01,75,Random Forest,2022-04-11,0,1,-0.0119403085524354
ITUB4,1.01,75,SVC,2022-04-11,0,1,-0.0119403085524354
ITUB4,1.01,75,RNA,2022-04-12,1,1,0.01
ITUB4,1.01,75,Random Forest,2022-04-12,1,1,0.01
ITUB4,1.01,75,SVC,2022-04-12,1,1,0.01
ITUB4,1.01,75,RNA,2022-04-13,1,1,0.01
ITUB4,1.01,75,Random Forest,2022-04-13,1,1,0.01
ITUB4,1.01,75,SVC,2022-04-13,1,1,0.01
ITUB4,1.01,75,RNA,2022-04-14,1,1,0.01
ITUB4,1.01,75,Random Forest,2022-04-14,1,1,0.01
ITUB4,1.01,75,SVC,2022-04-14,1,1,0.01
ITUB4,1.01,75,RNA,2022-04-18,0,1,-0.0358220153171914
ITUB4,1.01,75,Random Forest,2022-04-18,0,1,-0.0358220153171914
ITUB4,1.01,75,SVC,2022-04-18,0,1,-0.0358220153171914
ITUB4,1.01,75,RNA,2022-04-19,0,1,-0.0507301934568943
ITUB4,1.01,75,Random Forest,2022-04-19,0,1,-0.0507301934568943
ITUB4,1.01,75,SVC,2022-04-19,0,1,-0.0507301934568943
ITUB4,1.01,75,RNA,2022-04-20,0,1,-0.0540540287712879
ITUB4,1.01,75,Random Forest,2022-04-20,0,1,-0.0540540287712879
ITUB4,1.01,75,SVC,2022-04-20,0,1,-0.0540540287712879
ITUB4,1.01,75,RNA,2022-04-22,0,1,-0.0470588241504158
ITUB4,1.01,75,Random Forest,2022-04-22,0,1,-0.0470588241504158
ITUB4,1.01,75,SVC,2022-04-22,0,1,-0.0470588241504158
ITUB4,1.01,75,RNA,2022-04-25,0,1,-0.0550277017137272
ITUB4,1.01,75,Random Forest,2022-04-25,0,1,-0.0550277017137272
ITUB4,1.01,75,SVC,2022-04-25,0,1,-0.0550277017137272
ITUB4,1.01,75,RNA,2022-04-26,0,1,-0.0489169900846493
ITUB4,1.01,75,Random Forest,2022-04-26,0,1,-0.0489169900846493
ITUB4,1.01,75,SVC,2022-04-26,0,1,-0.0489169900846493
ITUB4,1.01,75,RNA,2022-04-27,1,1,0.01
ITUB4,1.01,75,Random Forest,2022-04-27,1,1,0.01
ITUB4,1.01,75,SVC,2022-04-27,1,1,0.01
ITUB4,1.01,75,RNA,2022-04-28,1,1,0.01
ITUB4,1.01,75,Random Forest,2022-04-28,1,1,0.01
ITUB4,1.01,75,SVC,2022-04-28,1,1,0.01
ITUB4,1.01,75,RNA,2022-04-29,1,1,0.01
ITUB4,1.01,75,Random Forest,2022-04-29,1,1,0.01
ITUB4,1.01,75,SVC,2022-04-29,1,1,0.01
ITUB4,1.01,75,RNA,2022-05-02,1,1,0.01
ITUB4,1.01,75,Random Forest,2022-05-02,1,1,0.01
ITUB4,1.01,75,SVC,2022-05-02,1,1,0.01
ITUB4,1.01,75,RNA,2022-05-03,1,1,0.01
ITUB4,1.01,75,Random Forest,2022-05-03,1,1,0.01
ITUB4,1.01,75,SVC,2022-05-03,1,1,0.01
ITUB4,1.01,75,RNA,2022-05-04,1,1,0.01
ITUB4,1.01,75,Random Forest,2022-05-04,1,1,0.01
ITUB4,1.01,75,SVC,2022-05-04,1,1,0.01
ITUB4,1.01,75,RNA,2022-05-05,1,1,0.01
ITUB4,1.01,75,Random Forest,2022-05-05,1,1,0.01
ITUB4,1.01,75,SVC,2022-05-05,1,1,0.01
ITUB4,1.01,75,RNA,2022-05-06,1,1,0.01
ITUB4,1.01,75,Random Forest,2022-05-06,1,1,0.01
ITUB4,1.01,75,SVC,2022-05-06,1,1,0.01
ITUB4,1.01,75,RNA,2022-05-09,1,1,0.01
ITUB4,1.01,75,Random Forest,2022-05-09,1,1,0.01
ITUB4,1.01,75,SVC,2022-05-09,1,1,0.01
ITUB4,1.01,75,RNA,2022-05-10,1,1,0.01
ITUB4,1.01,75,Random Forest,2022-05-10,1,1,0.01
ITUB4,1.01,75,SVC,2022-05-10,1,1,0.01
ITUB4,1.01,75,RNA,2022-05-11,1,1,0.01
ITUB4,1.01,75,Random Forest,2022-05-11,1,1,0.01
ITUB4,1.01,75,SVC,2022-05-11,1,1,0.01
ITUB4,1.01,75,RNA,2022-05-12,1,1,0.01
ITUB4,1.01,75,Random Forest,2022-05-12,1,1,0.01
ITUB4,1.01,75,SVC,2022-05-12,1,1,0.01
ITUB4,1.01,75,RNA,2022-05-13,1,1,0.01
ITUB4,1.01,75,Random Forest,2022-05-13,1,1,0.01
ITUB4,1.01,75,SVC,2022-05-13,1,1,0.01
ITUB4,1.01,75,RNA,2022-05-16,1,1,0.01
ITUB4,1.01,75,Random Forest,2022-05-16,1,1,0.01
ITUB4,1.01,75,SVC,2022-05-16,1,1,0.01
ITUB4,1.01,75,RNA,2022-05-17,1,1,0.01
ITUB4,1.01,75,Random Forest,2022-05-17,1,1,0.01
ITUB4,1.01,75,SVC,2022-05-17,1,1,0.01
ITUB4,1.01,75,RNA,2022-05-18,1,1,0.01
ITUB4,1.01,75,Random Forest,2022-05-18,1,1,0.01
ITUB4,1.01,75,SVC,2022-05-18,1,1,0.01
ITUB4,1.01,75,RNA,2022-05-19,1,1,0.01
ITUB4,1.01,75,Random Forest,2022-05-19,1,1,0.01
ITUB4,1.01,75,SVC,2022-05-19,1,1,0.01
ITUB4,1.01,75,RNA,2022-05-20,1,1,0.01
ITUB4,1.01,75,Random Forest,2022-05-20,1,1,0.01
ITUB4,1.01,75,SVC,2022-05-20,1,1,0.01
ITUB4,1.01,75,RNA,2022-05-23,1,1,0.01
ITUB4,1.01,75,Random Forest,2022-05-23,1,1,0.01
ITUB4,1.01,75,SVC,2022-05-23,1,1,0.01
ITUB4,1.01,75,RNA,2022-05-24,1,1,0.01
ITUB4,1.01,75,Random Forest,2022-05-24,1,1,0.01
ITUB4,1.01,75,SVC,2022-05-24,1,1,0.01
ITUB4,1.01,75,RNA,2022-05-25,1,1,0.01
ITUB4,1.01,75,Random Forest,2022-05-25,1,1,0.01
ITUB4,1.01,75,SVC,2022-05-25,1,1,0.01
ITUB4,1.01,75,RNA,2022-05-26,1,1,0.01
ITUB4,1.01,75,Random Forest,2022-05-26,1,1,0.01
ITUB4,1.01,75,SVC,2022-05-26,1,1,0.01
ITUB4,1.01,75,RNA,2022-05-27,0,1,-0.0137995024253322
ITUB4,1.01,75,Random Forest,2022-05-27,0,1,-0.0137995024253322
ITUB4,1.01,75,SVC,2022-05-27,0,1,-0.0137995024253322
ITUB4,1.01,75,RNA,2022-05-30,0,1,-0.0203310780095277
ITUB4,1.01,75,Random Forest,2022-05-30,0,1,-0.0203310780095277
ITUB4,1.01,75,SVC,2022-05-30,0,1,-0.0203310780095277
ITUB4,1.01,75,RNA,2022-05-31,0,1,-0.0277672243527614
ITUB4,1.01,75,Random Forest,2022-05-31,0,1,-0.0277672243527614
ITUB4,1.01,75,SVC,2022-05-31,0,1,-0.0277672243527614
ITUB4,1.01,75,RNA,2022-06-01,0,1,-0.0176786889121048
ITUB4,1.01,75,Random Forest,2022-06-01,0,0,-0.0176786889121048
ITUB4,1.01,75,SVC,2022-06-01,0,1,-0.0176786889121048
ITUB4,1.01,75,RNA,2022-06-02,0,1,-0.026407777815245
ITUB4,1.01,75,Random Forest,2022-06-02,0,1,-0.026407777815245
ITUB4,1.01,75,SVC,2022-06-02,0,1,-0.026407777815245
ITUB4,1.01,75,RNA,2022-06-03,0,0,-0.0468085250204608
ITUB4,1.01,75,Random Forest,2022-06-03,0,0,-0.0468085250204608
ITUB4,1.01,75,SVC,2022-06-03,0,1,-0.0468085250204608
ITUB4,1.01,75,RNA,2022-06-06,0,1,-0.0537888035915916
ITUB4,1.01,75,Random Forest,2022-06-06,0,0,-0.0537888035915916
ITUB4,1.01,75,SVC,2022-06-06,0,1,-0.0537888035915916
ITUB4,1.01,75,RNA,2022-06-07,0,1,-0.0644400406712316
ITUB4,1.01,75,Random Forest,2022-06-07,0,0,-0.0644400406712316
ITUB4,1.01,75,SVC,2022-06-07,0,1,-0.0644400406712316
ITUB4,1.01,75,RNA,2022-06-08,0,1,-0.0562649363477463
ITUB4,1.01,75,Random Forest,2022-06-08,0,0,-0.0562649363477463
ITUB4,1.01,75,SVC,2022-06-08,0,1,-0.0562649363477463
ITUB4,1.01,75,RNA,2022-06-09,0,0,-0.032192312455432
ITUB4,1.01,75,Random Forest,2022-06-09,0,1,-0.032192312455432
ITUB4,1.01,75,SVC,2022-06-09,0,1,-0.032192312455432
ITUB4,1.01,75,RNA,2022-06-10,0,1,-0.0229166936191477
ITUB4,1.01,75,Random Forest,2022-06-10,0,1,-0.0229166936191477
ITUB4,1.01,75,SVC,2022-06-10,0,1,-0.0229166936191477
ITUB4,1.01,75,RNA,2022-06-13,1,1,0.01
ITUB4,1.01,75,Random Forest,2022-06-13,1,1,0.01
ITUB4,1.01,75,SVC,2022-06-13,1,1,0.01
ITUB4,1.01,75,RNA,2022-06-14,1,1,0.01
ITUB4,1.01,75,Random Forest,2022-06-14,1,1,0.01
ITUB4,1.01,75,SVC,2022-06-14,1,1,0.01
ITUB4,1.01,75,RNA,2022-06-15,1,1,0.01
ITUB4,1.01,75,Random Forest,2022-06-15,1,1,0.01
ITUB4,1.01,75,SVC,2022-06-15,1,1,0.01
ITUB4,1.01,75,RNA,2022-06-17,1,1,0.01
ITUB4,1.01,75,Random Forest,2022-06-17,1,1,0.01
ITUB4,1.01,75,SVC,2022-06-17,1,1,0.01
ITUB4,1.01,75,RNA,2022-06-20,0,1,-0.0456026274335767
ITUB4,1.01,75,Random Forest,2022-06-20,0,1,-0.0456026274335767
ITUB4,1.01,75,SVC,2022-06-20,0,1,-0.0456026274335767
ITUB4,1.01,75,RNA,2022-06-21,0,1,-0.0284301836254713
ITUB4,1.01,75,Random Forest,2022-06-21,0,1,-0.0284301836254713
ITUB4,1.01,75,SVC,2022-06-21,0,1,-0.0284301836254713
ITUB4,1.01,75,RNA,2022-06-22,0,1,-0.0307564126464507
ITUB4,1.01,75,Random Forest,2022-06-22,0,1,-0.0307564126464507
ITUB4,1.01,75,SVC,2022-06-22,0,1,-0.0307564126464507
ITUB4,1.01,75,RNA,2022-06-23,0,1,-0.0257492468736639
ITUB4,1.01,75,Random Forest,2022-06-23,0,1,-0.0257492468736639
ITUB4,1.01,75,SVC,2022-06-23,0,1,-0.0257492468736639
ITUB4,1.01,75,RNA,2022-06-24,1,1,0.01
ITUB4,1.01,75,Random Forest,2022-06-24,1,1,0.01
ITUB4,1.01,75,SVC,2022-06-24,1,1,0.01
ITUB4,1.01,75,RNA,2022-06-27,0,1,-0.0363331442232922
ITUB4,1.01,75,Random Forest,2022-06-27,0,0,-0.0363331442232922
ITUB4,1.01,75,SVC,2022-06-27,0,1,-0.0363331442232922
ITUB4,1.01,75,RNA,2022-06-28,0,1,-0.0350386772035582
ITUB4,1.01,75,Random Forest,2022-06-28,0,0,-0.0350386772035582
ITUB4,1.01,75,SVC,2022-06-28,0,1,-0.0350386772035582
ITUB4,1.01,75,RNA,2022-06-29,0,0,-0.0005360591833839
ITUB4,1.01,75,Random Forest,2022-06-29,0,1,-0.0005360591833839
ITUB4,1.01,75,SVC,2022-06-29,0,1,-0.0005360591833839
ITUB4,1.01,75,RNA,2022-06-30,1,1,0.01
ITUB4,1.01,75,Random Forest,2022-06-30,1,1,0.01
ITUB4,1.01,75,SVC,2022-06-30,1,1,0.01
ITUB4,1.01,75,RNA,2022-07-01,1,1,0.01
ITUB4,1.01,75,Random Forest,2022-07-01,1,0,0.01
ITUB4,1.01,75,SVC,2022-07-01,1,1,0.01
ITUB4,1.01,75,RNA,2022-07-04,1,0,0.01
ITUB4,1.01,75,Random Forest,2022-07-04,1,0,0.01
ITUB4,1.01,75,SVC,2022-07-04,1,1,0.01
ITUB4,1.01,75,RNA,2022-07-05,1,1,0.01
ITUB4,1.01,75,Random Forest,2022-07-05,1,1,0.01
ITUB4,1.01,75,SVC,2022-07-05,1,1,0.01
ITUB4,1.01,75,RNA,2022-07-06,1,0,0.01
ITUB4,1.01,75,Random Forest,2022-07-06,1,0,0.01
ITUB4,1.01,75,SVC,2022-07-06,1,1,0.01
ITUB4,1.01,75,RNA,2022-07-07,0,1,-0.0357296566372041
ITUB4,1.01,75,Random Forest,2022-07-07,0,1,-0.0357296566372041
ITUB4,1.01,75,SVC,2022-07-07,0,1,-0.0357296566372041
ITUB4,1.01,75,RNA,2022-07-08,0,0,-0.0194777031141839
ITUB4,1.01,75,Random Forest,2022-07-08,0,0,-0.0194777031141839
ITUB4,1.01,75,SVC,2022-07-08,0,1,-0.0194777031141839
ITUB4,1.01,75,RNA,2022-07-11,0,1,0.0008876944070723
ITUB4,1.01,75,Random Forest,2022-07-11,0,0,0.0008876944070723
ITUB4,1.01,75,SVC,2022-07-11,0,1,0.0008876944070723
ITUB4,1.01,75,RNA,2022-07-12,1,1,0.01
ITUB4,1.01,75,Random Forest,2022-07-12,1,0,0.01
ITUB4,1.01,75,SVC,2022-07-12,1,1,0.01
ITUB4,1.01,75,RNA,2022-07-13,1,0,0.01
ITUB4,1.01,75,Random Forest,2022-07-13,1,0,0.01
ITUB4,1.01,75,SVC,2022-07-13,1,1,0.01
ITUB4,1.01,75,RNA,2022-07-14,1,0,0.01
ITUB4,1.01,75,Random Forest,2022-07-14,1,1,0.01
ITUB4,1.01,75,SVC,2022-07-14,1,1,0.01
ITUB4,1.01,75,RNA,2022-07-15,1,1,0.01
ITUB4,1.01,75,Random Forest,2022-07-15,1,1,0.01
ITUB4,1.01,75,SVC,2022-07-15,1,1,0.01
ITUB4,1.01,75,RNA,2022-07-18,1,0,0.01
ITUB4,1.01,75,Random Forest,2022-07-18,1,1,0.01
ITUB4,1.01,75,SVC,2022-07-18,1,1,0.01
ITUB4,1.01,75,RNA,2022-07-19,1,1,0.01
ITUB4,1.01,75,Random Forest,2022-07-19,1,1,0.01
ITUB4,1.01,75,SVC,2022-07-19,1,1,0.01
ITUB4,1.01,75,RNA,2022-07-20,1,1,0.01
ITUB4,1.01,75,Random Forest,2022-07-20,1,1,0.01
ITUB4,1.01,75,SVC,2022-07-20,1,1,0.01
ITUB4,1.01,75,RNA,2022-07-21,1,0,0.01
ITUB4,1.01,75,Random Forest,2022-07-21,1,1,0.01
ITUB4,1.01,75,SVC,2022-07-21,1,1,0.01
ITUB4,1.01,75,RNA,2022-07-22,1,1,0.01
ITUB4,1.01,75,Random Forest,2022-07-22,1,1,0.01
ITUB4,1.01,75,SVC,2022-07-22,1,1,0.01
ITUB4,1.01,75,RNA,2022-07-25,1,1,0.01
ITUB4,1.01,75,Random Forest,2022-07-25,1,1,0.01
ITUB4,1.01,75,SVC,2022-07-25,1,1,0.01
ITUB4,1.01,75,RNA,2022-07-26,1,1,0.01
ITUB4,1.01,75,Random Forest,2022-07-26,1,1,0.01
ITUB4,1.01,75,SVC,2022-07-26,1,1,0.01
ITUB4,1.01,75,RNA,2022-07-27,1,1,0.01
ITUB4,1.01,75,Random Forest,2022-07-27,1,1,0.01
ITUB4,1.01,75,SVC,2022-07-27,1,1,0.01
ITUB4,1.01,75,RNA,2022-07-28,1,0,0.01
ITUB4,1.01,75,Random Forest,2022-07-28,1,1,0.01
ITUB4,1.01,75,SVC,2022-07-28,1,1,0.01
ITUB4,1.01,75,RNA,2022-07-29,1,1,0.01
ITUB4,1.01,75,Random Forest,2022-07-29,1,1,0.01
ITUB4,1.01,75,SVC,2022-07-29,1,1,0.01
ITUB4,1.01,75,RNA,2022-08-01,1,1,0.01
ITUB4,1.01,75,Random Forest,2022-08-01,1,1,0.01
ITUB4,1.01,75,SVC,2022-08-01,1,1,0.01
ITUB4,1.01,75,RNA,2022-08-02,1,1,0.01
ITUB4,1.01,75,Random Forest,2022-08-02,1,1,0.01
ITUB4,1.01,75,SVC,2022-08-02,1,1,0.01
ITUB4,1.01,75,RNA,2022-08-03,1,1,0.01
ITUB4,1.01,75,Random Forest,2022-08-03,1,1,0.01
ITUB4,1.01,75,SVC,2022-08-03,1,1,0.01
ITUB4,1.01,75,RNA,2022-08-04,1,1,0.01
ITUB4,1.01,75,Random Forest,2022-08-04,1,1,0.01
ITUB4,1.01,75,SVC,2022-08-04,1,1,0.01
ITUB4,1.01,75,RNA,2022-08-05,1,1,0.01
ITUB4,1.01,75,Random Forest,2022-08-05,1,1,0.01
ITUB4,1.01,75,SVC,2022-08-05,1,1,0.01
ITUB4,1.01,75,RNA,2022-08-08,1,1,0.01
ITUB4,1.01,75,Random Forest,2022-08-08,1,1,0.01
ITUB4,1.01,75,SVC,2022-08-08,1,1,0.01
ITUB4,1.01,75,RNA,2022-08-09,1,1,0.01
ITUB4,1.01,75,Random Forest,2022-08-09,1,1,0.01
ITUB4,1.01,75,SVC,2022-08-09,1,1,0.01
ITUB4,1.01,75,RNA,2022-08-10,1,1,0.01
ITUB4,1.01,75,Random Forest,2022-08-10,1,0,0.01
ITUB4,1.01,75,SVC,2022-08-10,1,1,0.01
ITUB4,1.01,75,RNA,2022-08-11,1,1,0.01
ITUB4,1.01,75,Random Forest,2022-08-11,1,0,0.01
ITUB4,1.01,75,SVC,2022-08-11,1,1,0.01
ITUB4,1.01,75,RNA,2022-08-12,1,1,0.01
ITUB4,1.01,75,Random Forest,2022-08-12,1,1,0.01
ITUB4,1.01,75,SVC,2022-08-12,1,1,0.01
ITUB4,1.01,75,RNA,2022-08-15,1,1,0.01
ITUB4,1.01,75,Random Forest,2022-08-15,1,1,0.01
ITUB4,1.01,75,SVC,2022-08-15,1,1,0.01
ITUB4,1.01,75,RNA,2022-08-16,1,1,0.01
ITUB4,1.01,75,Random Forest,2022-08-16,1,1,0.01
ITUB4,1.01,75,SVC,2022-08-16,1,1,0.01
ITUB4,1.01,75,RNA,2022-08-17,0,1,-0.0244632343440613
ITUB4,1.01,75,Random Forest,2022-08-17,0,1,-0.0244632343440613
ITUB4,1.01,75,SVC,2022-08-17,0,1,-0.0244632343440613
ITUB4,1.01,75,RNA,2022-08-18,0,0,-0.010447767475726
ITUB4,1.01,75,Random Forest,2022-08-18,0,1,-0.010447767475726
ITUB4,1.01,75,SVC,2022-08-18,0,1,-0.010447767475726
ITUB4,1.01,75,RNA,2022-08-19,1,1,0.01
ITUB4,1.01,75,Random Forest,2022-08-19,1,1,0.01
ITUB4,1.01,75,SVC,2022-08-19,1,1,0.01
ITUB4,1.01,75,RNA,2022-08-22,1,1,0.01
ITUB4,1.01,75,Random Forest,2022-08-22,1,1,0.01
ITUB4,1.01,75,SVC,2022-08-22,1,1,0.01
ITUB4,1.01,75,RNA,2022-08-23,1,1,0.01
ITUB4,1.01,75,Random Forest,2022-08-23,1,1,0.01
ITUB4,1.01,75,SVC,2022-08-23,1,1,0.01
ITUB4,1.01,75,RNA,2022-08-24,1,1,0.01
ITUB4,1.01,75,Random Forest,2022-08-24,1,0,0.01
ITUB4,1.01,75,SVC,2022-08-24,1,1,0.01
ITUB4,1.01,75,RNA,2022-08-25,0,1,-0.040520448370624
ITUB4,1.01,75,Random Forest,2022-08-25,0,0,-0.040520448370624
ITUB4,1.01,75,SVC,2022-08-25,0,1,-0.040520448370624
ITUB4,1.01,75,RNA,2022-08-26,1,0,0.01
ITUB4,1.01,75,Random Forest,2022-08-26,1,1,0.01
ITUB4,1.01,75,SVC,2022-08-26,1,1,0.01
ITUB4,1.01,75,RNA,2022-08-29,0,1,-0.0053098970989149
ITUB4,1.01,75,Random Forest,2022-08-29,0,1,-0.0053098970989149
ITUB4,1.01,75,SVC,2022-08-29,0,1,-0.0053098970989149
ITUB4,1.01,75,RNA,2022-08-30,1,1,0.01
ITUB4,1.01,75,Random Forest,2022-08-30,1,1,0.01
ITUB4,1.01,75,SVC,2022-08-30,1,1,0.01
ITUB4,1.01,75,RNA,2022-08-31,1,1,0.01
ITUB4,1.01,75,Random Forest,2022-08-31,1,0,0.01
ITUB4,1.01,75,SVC,2022-08-31,1,1,0.01
ITUB4,1.01,75,RNA,2022-09-01,1,1,0.01
ITUB4,1.01,75,Random Forest,2022-09-01,1,1,0.01
ITUB4,1.01,75,SVC,2022-09-01,1,1,0.01
ITUB4,1.01,75,RNA,2022-09-02,1,1,0.01
ITUB4,1.01,75,Random Forest,2022-09-02,1,1,0.01
ITUB4,1.01,75,SVC,2022-09-02,1,1,0.01
ITUB4,1.01,75,RNA,2022-09-05,1,1,0.01
ITUB4,1.01,75,Random Forest,2022-09-05,1,1,0.01
ITUB4,1.01,75,SVC,2022-09-05,1,1,0.01
ITUB4,1.01,75,RNA,2022-09-06,1,1,0.01
ITUB4,1.01,75,Random Forest,2022-09-06,1,1,0.01
ITUB4,1.01,75,SVC,2022-09-06,1,1,0.01
ITUB4,1.01,75,RNA,2022-09-08,1,1,0.01
ITUB4,1.01,75,Random Forest,2022-09-08,1,1,0.01
ITUB4,1.01,75,SVC,2022-09-08,1,1,0.01
ITUB4,1.01,75,RNA,2022-09-09,1,1,0.01
ITUB4,1.01,75,Random Forest,2022-09-09,1,1,0.01
ITUB4,1.01,75,SVC,2022-09-09,1,1,0.01
ITUB4,1.01,75,RNA,2022-09-12,1,0,0.01
ITUB4,1.01,75,Random Forest,2022-09-12,1,1,0.01
ITUB4,1.01,75,SVC,2022-09-12,1,1,0.01
ITUB4,1.01,75,RNA,2022-09-13,1,1,0.01
ITUB4,1.01,75,Random Forest,2022-09-13,1,1,0.01
ITUB4,1.01,75,SVC,2022-09-13,1,1,0.01
ITUB4,1.01,75,RNA,2022-09-14,1,1,0.01
ITUB4,1.01,75,Random Forest,2022-09-14,1,1,0.01
ITUB4,1.01,75,SVC,2022-09-14,1,1,0.01
ITUB4,1.01,75,RNA,2022-09-15,1,1,0.01
ITUB4,1.01,75,Random Forest,2022-09-15,1,1,0.01
ITUB4,1.01,75,SVC,2022-09-15,1,1,0.01
ITUB4,1.01,75,RNA,2022-09-16,1,1,0.01
ITUB4,1.01,75,Random Forest,2022-09-16,1,1,0.01
ITUB4,1.01,75,SVC,2022-09-16,1,1,0.01
ITUB4,1.01,75,RNA,2022-09-19,1,0,0.01
ITUB4,1.01,75,Random Forest,2022-09-19,1,1,0.01
ITUB4,1.01,75,SVC,2022-09-19,1,1,0.01
ITUB4,1.01,75,RNA,2022-09-20,1,1,0.01
ITUB4,1.01,75,Random Forest,2022-09-20,1,1,0.01
ITUB4,1.01,75,SVC,2022-09-20,1,1,0.01
ITUB4,1.01,75,RNA,2022-09-21,1,1,0.01
ITUB4,1.01,75,Random Forest,2022-09-21,1,1,0.01
ITUB4,1.01,75,SVC,2022-09-21,1,1,0.01
ITUB4,1.01,75,RNA,2022-09-22,0,1,-0.0309859187811997
ITUB4,1.01,75,Random Forest,2022-09-22,0,1,-0.0309859187811997
ITUB4,1.01,75,SVC,2022-09-22,0,1,-0.0309859187811997
ITUB4,1.01,75,RNA,2022-09-23,0,1,-0.0071098370832829
ITUB4,1.01,75,Random Forest,2022-09-23,0,1,-0.0071098370832829
ITUB4,1.01,75,SVC,2022-09-23,0,1,-0.0071098370832829
ITUB4,1.01,75,RNA,2022-09-26,0,1,0.0028591810669964
ITUB4,1.01,75,Random Forest,2022-09-26,0,1,0.0028591810669964
ITUB4,1.01,75,SVC,2022-09-26,0,1,0.0028591810669964
ITUB4,1.01,75,RNA,2022-09-27,1,0,0.01
ITUB4,1.01,75,Random Forest,2022-09-27,1,1,0.01
ITUB4,1.01,75,SVC,2022-09-27,1,1,0.01
ITUB4,1.01,75,RNA,2022-09-28,1,1,0.01
ITUB4,1.01,75,Random Forest,2022-09-28,1,1,0.01
ITUB4,1.01,75,SVC,2022-09-28,1,1,0.01
ITUB4,1.01,75,RNA,2022-09-29,1,1,0.01
ITUB4,1.01,75,Random Forest,2022-09-29,1,1,0.01
ITUB4,1.01,75,SVC,2022-09-29,1,1,0.01
ITUB4,1.01,75,RNA,2022-09-30,1,1,0.01
ITUB4,1.01,75,Random Forest,2022-09-30,1,1,0.01
ITUB4,1.01,75,SVC,2022-09-30,1,1,0.01
ITUB4,1.01,75,RNA,2022-10-03,0,1,-0.0216883899160162
ITUB4,1.01,75,Random Forest,2022-10-03,0,0,-0.0216883899160162
ITUB4,1.01,75,SVC,2022-10-03,0,1,-0.0216883899160162
ITUB4,1.01,75,RNA,2022-10-04,0,0,-0.0287914252056065
ITUB4,1.01,75,Random Forest,2022-10-04,0,0,-0.0287914252056065
ITUB4,1.01,75,SVC,2022-10-04,0,1,-0.0287914252056065
ITUB4,1.01,75,RNA,2022-10-05,0,0,-0.0364548274555773
ITUB4,1.01,75,Random Forest,2022-10-05,0,0,-0.0364548274555773
ITUB4,1.01,75,SVC,2022-10-05,0,0,-0.0364548274555773
ITUB4,1.01,75,RNA,2022-10-06,1,0,0.01
ITUB4,1.01,75,Random Forest,2022-10-06,1,0,0.01
ITUB4,1.01,75,SVC,2022-10-06,1,0,0.01
ITUB4,1.01,75,RNA,2022-10-07,0,0,-0.0281546882763017
ITUB4,1.01,75,Random Forest,2022-10-07,0,0,-0.0281546882763017
ITUB4,1.01,75,SVC,2022-10-07,0,0,-0.0281546882763017
ITUB4,1.01,75,RNA,2022-10-10,0,0,-0.0006920638001016
ITUB4,1.01,75,Random Forest,2022-10-10,0,0,-0.0006920638001016
ITUB4,1.01,75,SVC,2022-10-10,0,0,-0.0006920638001016
ITUB4,1.01,75,RNA,2022-10-11,1,1,0.01
ITUB4,1.01,75,Random Forest,2022-10-11,1,0,0.01
ITUB4,1.01,75,SVC,2022-10-11,1,0,0.01
ITUB4,1.01,75,RNA,2022-10-13,1,0,0.01
ITUB4,1.01,75,Random Forest,2022-10-13,1,0,0.01
ITUB4,1.01,75,SVC,2022-10-13,1,0,0.01
ITUB4,1.01,75,RNA,2022-10-14,1,1,0.01
ITUB4,1.01,75,Random Forest,2022-10-14,1,1,0.01
ITUB4,1.01,75,SVC,2022-10-14,1,0,0.01
ITUB4,1.01,75,RNA,2022-10-17,1,1,0.01
ITUB4,1.01,75,Random Forest,2022-10-17,1,0,0.01
ITUB4,1.01,75,SVC,2022-10-17,1,0,0.01
ITUB4,1.01,75,RNA,2022-10-18,1,1,0.01
ITUB4,1.01,75,Random Forest,2022-10-18,1,1,0.01
ITUB4,1.01,75,SVC,2022-10-18,1,1,0.01
ITUB4,1.01,75,RNA,2022-10-19,1,0,0.01
ITUB4,1.01,75,Random Forest,2022-10-19,1,0,0.01
ITUB4,1.01,75,SVC,2022-10-19,1,1,0.01
ITUB4,1.01,75,RNA,2022-10-20,1,1,0.01
ITUB4,1.01,75,Random Forest,2022-10-20,1,0,0.01
ITUB4,1.01,75,SVC,2022-10-20,1,1,0.01
ITUB4,1.01,75,RNA,2022-10-21,0,1,-0.0486854687298442
ITUB4,1.01,75,Random Forest,2022-10-21,0,1,-0.0486854687298442
ITUB4,1.01,75,SVC,2022-10-21,0,1,-0.0486854687298442
ITUB4,1.01,75,RNA,2022-10-24,0,1,-0.0037099348777994
ITUB4,1.01,75,Random Forest,2022-10-24,0,0,-0.0037099348777994
ITUB4,1.01,75,SVC,2022-10-24,0,1,-0.0037099348777994
ITUB4,1.01,75,RNA,2022-10-25,1,1,0.01
ITUB4,1.01,75,Random Forest,2022-10-25,1,1,0.01
ITUB4,1.01,75,SVC,2022-10-25,1,1,0.01
ITUB4,1.01,75,RNA,2022-10-26,1,0,0.01
ITUB4,1.01,75,Random Forest,2022-10-26,1,1,0.01
ITUB4,1.01,75,SVC,2022-10-26,1,1,0.01
ITUB4,1.01,75,RNA,2022-10-27,1,1,0.01
ITUB4,1.01,75,Random Forest,2022-10-27,1,1,0.01
ITUB4,1.01,75,SVC,2022-10-27,1,1,0.01
ITUB4,1.01,75,RNA,2022-10-28,1,1,0.01
ITUB4,1.01,75,Random Forest,2022-10-28,1,1,0.01
ITUB4,1.01,75,SVC,2022-10-28,1,1,0.01
ITUB4,1.01,75,RNA,2022-10-31,0,1,-0.0432257963905406
ITUB4,1.01,75,Random Forest,2022-10-31,0,1,-0.0432257963905406
ITUB4,1.01,75,SVC,2022-10-31,0,1,-0.0432257963905406
ITUB4,1.01,75,RNA,2022-11-01,1,0,0.01
ITUB4,1.01,75,Random Forest,2022-11-01,1,0,0.01
ITUB4,1.01,75,SVC,2022-11-01,1,1,0.01
ITUB4,1.01,75,RNA,2022-11-03,0,0,-0.0827631366627924
ITUB4,1.01,75,Random Forest,2022-11-03,0,0,-0.0827631366627924
ITUB4,1.01,75,SVC,2022-11-03,0,1,-0.0827631366627924
ITUB4,1.01,75,RNA,2022-11-04,0,0,-0.0814765459901348
ITUB4,1.01,75,Random Forest,2022-11-04,0,1,-0.0814765459901348
ITUB4,1.01,75,SVC,2022-11-04,0,1,-0.0814765459901348
ITUB4,1.01,75,RNA,2022-11-07,0,1,-0.0923599290187667
ITUB4,1.01,75,Random Forest,2022-11-07,0,1,-0.0923599290187667
ITUB4,1.01,75,SVC,2022-11-07,0,1,-0.0923599290187667
ITUB4,1.01,75,RNA,2022-11-08,1,1,0.01
ITUB4,1.01,75,Random Forest,2022-11-08,1,1,0.01
ITUB4,1.01,75,SVC,2022-11-08,1,1,0.01
ITUB4,1.01,75,RNA,2022-11-09,1,1,0.01
ITUB4,1.01,75,Random Forest,2022-11-09,1,1,0.01
ITUB4,1.01,75,SVC,2022-11-09,1,1,0.01
ITUB4,1.01,75,RNA,2022-11-10,0,1,-0.0560714029941342
ITUB4,1.01,75,Random Forest,2022-11-10,0,0,-0.0560714029941342
ITUB4,1.01,75,SVC,2022-11-10,0,1,-0.0560714029941342
ITUB4,1.01,75,RNA,2022-11-11,0,0,-0.0151570733155699
ITUB4,1.01,75,Random Forest,2022-11-11,0,1,-0.0151570733155699
ITUB4,1.01,75,SVC,2022-11-11,0,1,-0.0151570733155699
ITUB4,1.01,75,RNA,2022-11-14,1,1,0.01
ITUB4,1.01,75,Random Forest,2022-11-14,1,1,0.01
ITUB4,1.01,75,SVC,2022-11-14,1,1,0.01
ITUB4,1.01,75,RNA,2022-11-16,1,1,0.01
ITUB4,1.01,75,Random Forest,2022-11-16,1,1,0.01
ITUB4,1.01,75,SVC,2022-11-16,1,1,0.01
ITUB4,1.01,75,RNA,2022-11-17,1,1,0.01
ITUB4,1.01,75,Random Forest,2022-11-17,1,1,0.01
ITUB4,1.01,75,SVC,2022-11-17,1,1,0.01
ITUB4,1.01,75,RNA,2022-11-18,0,1,-0.0022222289808758
ITUB4,1.01,75,Random Forest,2022-11-18,0,1,-0.0022222289808758
ITUB4,1.01,75,SVC,2022-11-18,0,1,-0.0022222289808758
ITUB4,1.01,75,RNA,2022-11-21,1,1,0.01
ITUB4,1.01,75,Random Forest,2022-11-21,1,1,0.01
ITUB4,1.01,75,SVC,2022-11-21,1,1,0.01
ITUB4,1.01,75,RNA,2022-11-22,1,0,0.01
ITUB4,1.01,75,Random Forest,2022-11-22,1,1,0.01
ITUB4,1.01,75,SVC,2022-11-22,1,1,0.01
ITUB4,1.01,75,RNA,2022-11-23,1,1,0.01
ITUB4,1.01,75,Random Forest,2022-11-23,1,1,0.01
ITUB4,1.01,75,SVC,2022-11-23,1,1,0.01
ITUB4,1.01,75,RNA,2022-11-24,0,1,-0.0291262524861783
ITUB4,1.01,75,Random Forest,2022-11-24,0,1,-0.0291262524861783
ITUB4,1.01,75,SVC,2022-11-24,0,1,-0.0291262524861783
ITUB4,1.01,75,RNA,2022-11-25,0,0,-0.0039213686273763
ITUB4,1.01,75,Random Forest,2022-11-25,0,1,-0.0039213686273763
ITUB4,1.01,75,SVC,2022-11-25,0,1,-0.0039213686273763
ITUB4,1.01,75,RNA,2022-11-28,1,0,0.01
ITUB4,1.01,75,Random Forest,2022-11-28,1,1,0.01
ITUB4,1.01,75,SVC,2022-11-28,1,1,0.01
ITUB4,1.01,75,RNA,2022-11-29,1,1,0.01
ITUB4,1.01,75,Random Forest,2022-11-29,1,1,0.01
ITUB4,1.01,75,SVC,2022-11-29,1,1,0.01
ITUB4,1.01,75,RNA,2022-11-30,1,0,0.01
ITUB4,1.01,75,Random Forest,2022-11-30,1,1,0.01
ITUB4,1.01,75,SVC,2022-11-30,1,1,0.01
ITUB4,1.01,75,RNA,2022-12-01,1,1,0.01
ITUB4,1.01,75,Random Forest,2022-12-01,1,1,0.01
ITUB4,1.01,75,SVC,2022-12-01,1,1,0.01
ITUB4,1.01,75,RNA,2022-12-02,0,1,-0.041698555683857
ITUB4,1.01,75,Random Forest,2022-12-02,0,1,-0.041698555683857
ITUB4,1.01,75,SVC,2022-12-02,0,1,-0.041698555683857
ITUB4,1.01,75,RNA,2022-12-05,1,0,0.01
ITUB4,1.01,75,Random Forest,2022-12-05,1,0,0.01
ITUB4,1.01,75,SVC,2022-12-05,1,1,0.01
ITUB4,1.01,75,RNA,2022-12-06,0,1,-0.0626624690407758
ITUB4,1.01,75,Random Forest,2022-12-06,0,1,-0.0626624690407758
ITUB4,1.01,75,SVC,2022-12-06,0,1,-0.0626624690407758
ITUB4,1.01,75,RNA,2022-12-07,0,0,-0.0833728953429828
ITUB4,1.01,75,Random Forest,2022-12-07,0,1,-0.0833728953429828
ITUB4,1.01,75,SVC,2022-12-07,0,1,-0.0833728953429828
ITUB4,1.01,75,RNA,2022-12-08,0,1,-0.0563209383013869
ITUB4,1.01,75,Random Forest,2022-12-08,0,1,-0.0563209383013869
ITUB4,1.01,75,SVC,2022-12-08,0,1,-0.0563209383013869
ITUB4,1.01,75,RNA,2022-12-09,0,1,-0.0370065386586278
ITUB4,1.01,75,Random Forest,2022-12-09,0,0,-0.0370065386586278
ITUB4,1.01,75,SVC,2022-12-09,0,1,-0.0370065386586278
ITUB4,1.01,75,RNA,2022-12-12,0,1,-0.0235051496291431
ITUB4,1.01,75,Random Forest,2022-12-12,0,1,-0.0235051496291431
ITUB4,1.01,75,SVC,2022-12-12,0,1,-0.0235051496291431
ITUB4,1.01,75,RNA,2022-12-13,1,1,0.01
ITUB4,1.01,75,Random Forest,2022-12-13,1,1,0.01
ITUB4,1.01,75,SVC,2022-12-13,1,1,0.01
ITUB4,1.01,75,RNA,2022-12-14,1,0,0.01
ITUB4,1.01,75,Random Forest,2022-12-14,1,1,0.01
ITUB4,1.01,75,SVC,2022-12-14,1,1,0.01
ITUB4,1.01,75,RNA,2022-12-15,1,1,0.01
ITUB4,1.01,75,Random Forest,2022-12-15,1,1,0.01
ITUB4,1.01,75,SVC,2022-12-15,1,1,0.01
ITUB4,1.01,75,RNA,2022-12-16,1,1,0.01
ITUB4,1.01,75,Random Forest,2022-12-16,1,1,0.01
ITUB4,1.01,75,SVC,2022-12-16,1,1,0.01
ITUB4,1.01,75,RNA,2022-12-19,1,1,0.01
ITUB4,1.01,75,Random Forest,2022-12-19,1,1,0.01
ITUB4,1.01,75,SVC,2022-12-19,1,1,0.01
ITUB4,1.01,75,RNA,2022-12-20,1,1,0.01
ITUB4,1.01,75,Random Forest,2022-12-20,1,1,0.01
ITUB4,1.01,75,SVC,2022-12-20,1,1,0.01
ITUB4,1.01,75,RNA,2022-12-21,1,1,0.01
ITUB4,1.01,75,Random Forest,2022-12-21,1,1,0.01
ITUB4,1.01,75,SVC,2022-12-21,1,1,0.01
ITUB4,1.01,75,RNA,2022-12-22,1,1,0.01
ITUB4,1.01,75,Random Forest,2022-12-22,1,1,0.01
ITUB4,1.01,75,SVC,2022-12-22,1,1,0.01
ITUB4,1.01,75,RNA,2022-12-23,1,0,0.01
ITUB4,1.01,75,Random Forest,2022-12-23,1,1,0.01
ITUB4,1.01,75,SVC,2022-12-23,1,1,0.01
ITUB4,1.01,75,RNA,2022-12-26,0,1,
ITUB4,1.01,75,Random Forest,2022-12-26,0,1,
ITUB4,1.01,75,SVC,2022-12-26,0,1,
ITUB4,1.01,75,RNA,2022-12-27,0,1,
ITUB4,1.01,75,Random Forest,2022-12-27,0,1,
ITUB4,1.01,75,SVC,2022-12-27,0,1,
ITUB4,1.01,75,RNA,2022-12-28,0,1,
ITUB4,1.01,75,Random Forest,2022-12-28,0,1,
ITUB4,1.01,75,SVC,2022-12-28,0,1,
ITUB4,1.01,75,RNA,2022-12-29,0,1,
ITUB4,1.01,75,Random Forest,2022-12-29,0,0,
ITUB4,1.01,75,SVC,2022-12-29,0,1,
ITUB4,1.01,90,RNA,2020-06-04,1,1,0.01
ITUB4,1.01,90,Random Forest,2020-06-04,1,1,0.01
ITUB4,1.01,90,SVC,2020-06-04,1,1,0.01
ITUB4,1.01,90,RNA,2020-06-05,1,1,0.01
ITUB4,1.01,90,Random Forest,2020-06-05,1,1,0.01
ITUB4,1.01,90,SVC,2020-06-05,1,1,0.01
ITUB4,1.01,90,RNA,2020-06-08,1,1,0.01
ITUB4,1.01,90,Random Forest,2020-06-08,1,1,0.01
ITUB4,1.01,90,SVC,2020-06-08,1,1,0.01
ITUB4,1.01,90,RNA,2020-06-09,0,1,-0.0686588308598515
ITUB4,1.01,90,Random Forest,2020-06-09,0,1,-0.0686588308598515
ITUB4,1.01,90,SVC,2020-06-09,0,1,-0.0686588308598515
ITUB4,1.01,90,RNA,2020-06-10,1,1,0.01
ITUB4,1.01,90,Random Forest,2020-06-10,1,1,0.01
ITUB4,1.01,90,SVC,2020-06-10,1,1,0.01
ITUB4,1.01,90,RNA,2020-06-12,1,1,0.01
ITUB4,1.01,90,Random Forest,2020-06-12,1,1,0.01
ITUB4,1.01,90,SVC,2020-06-12,1,1,0.01
ITUB4,1.01,90,RNA,2020-06-15,1,1,0.01
ITUB4,1.01,90,Random Forest,2020-06-15,1,1,0.01
ITUB4,1.01,90,SVC,2020-06-15,1,1,0.01
ITUB4,1.01,90,RNA,2020-06-16,1,1,0.01
ITUB4,1.01,90,Random Forest,2020-06-16,1,1,0.01
ITUB4,1.01,90,SVC,2020-06-16,1,1,0.01
ITUB4,1.01,90,RNA,2020-06-17,1,1,0.01
ITUB4,1.01,90,Random Forest,2020-06-17,1,1,0.01
ITUB4,1.01,90,SVC,2020-06-17,1,1,0.01
ITUB4,1.01,90,RNA,2020-06-18,0,1,-0.0804270834185341
ITUB4,1.01,90,Random Forest,2020-06-18,0,1,-0.0804270834185341
ITUB4,1.01,90,SVC,2020-06-18,0,1,-0.0804270834185341
ITUB4,1.01,90,RNA,2020-06-19,0,1,-0.0674036938550665
ITUB4,1.01,90,Random Forest,2020-06-19,0,1,-0.0674036938550665
ITUB4,1.01,90,SVC,2020-06-19,0,1,-0.0674036938550665
ITUB4,1.01,90,RNA,2020-06-22,0,1,-0.0718411269320794
ITUB4,1.01,90,Random Forest,2020-06-22,0,1,-0.0718411269320794
ITUB4,1.01,90,SVC,2020-06-22,0,1,-0.0718411269320794
ITUB4,1.01,90,RNA,2020-06-23,0,1,-0.0115714964483225
ITUB4,1.01,90,Random Forest,2020-06-23,0,1,-0.0115714964483225
ITUB4,1.01,90,SVC,2020-06-23,0,1,-0.0115714964483225
ITUB4,1.01,90,RNA,2020-06-24,1,1,0.01
ITUB4,1.01,90,Random Forest,2020-06-24,1,1,0.01
ITUB4,1.01,90,SVC,2020-06-24,1,1,0.01
ITUB4,1.01,90,RNA,2020-06-25,1,1,0.01
ITUB4,1.01,90,Random Forest,2020-06-25,1,1,0.01
ITUB4,1.01,90,SVC,2020-06-25,1,1,0.01
ITUB4,1.01,90,RNA,2020-06-26,1,1,0.01
ITUB4,1.01,90,Random Forest,2020-06-26,1,1,0.01
ITUB4,1.01,90,SVC,2020-06-26,1,1,0.01
ITUB4,1.01,90,RNA,2020-06-29,1,1,0.01
ITUB4,1.01,90,Random Forest,2020-06-29,1,1,0.01
ITUB4,1.01,90,SVC,2020-06-29,1,1,0.01
ITUB4,1.01,90,RNA,2020-06-30,1,1,0.01
ITUB4,1.01,90,Random Forest,2020-06-30,1,1,0.01
ITUB4,1.01,90,SVC,2020-06-30,1,1,0.01
ITUB4,1.01,90,RNA,2020-07-01,1,1,0.01
ITUB4,1.01,90,Random Forest,2020-07-01,1,1,0.01
ITUB4,1.01,90,SVC,2020-07-01,1,1,0.01
ITUB4,1.01,90,RNA,2020-07-02,1,1,0.01
ITUB4,1.01,90,Random Forest,2020-07-02,1,1,0.01
ITUB4,1.01,90,SVC,2020-07-02,1,1,0.01
ITUB4,1.01,90,RNA,2020-07-03,1,1,0.01
ITUB4,1.01,90,Random Forest,2020-07-03,1,1,0.01
ITUB4,1.01,90,SVC,2020-07-03,1,1,0.01
ITUB4,1.01,90,RNA,2020-07-06,1,1,0.01
ITUB4,1.01,90,Random Forest,2020-07-06,1,1,0.01
ITUB4,1.01,90,SVC,2020-07-06,1,1,0.01
ITUB4,1.01,90,RNA,2020-07-07,1,1,0.01
ITUB4,1.01,90,Random Forest,2020-07-07,1,1,0.01
ITUB4,1.01,90,SVC,2020-07-07,1,1,0.01
ITUB4,1.01,90,RNA,2020-07-08,1,1,0.01
ITUB4,1.01,90,Random Forest,2020-07-08,1,1,0.01
ITUB4,1.01,90,SVC,2020-07-08,1,1,0.01
ITUB4,1.01,90,RNA,2020-07-09,1,1,0.01
ITUB4,1.01,90,Random Forest,2020-07-09,1,1,0.01
ITUB4,1.01,90,SVC,2020-07-09,1,1,0.01
ITUB4,1.01,90,RNA,2020-07-10,1,1,0.01
ITUB4,1.01,90,Random Forest,2020-07-10,1,1,0.01
ITUB4,1.01,90,SVC,2020-07-10,1,1,0.01
ITUB4,1.01,90,RNA,2020-07-13,1,1,0.01
ITUB4,1.01,90,Random Forest,2020-07-13,1,1,0.01
ITUB4,1.01,90,SVC,2020-07-13,1,1,0.01
ITUB4,1.01,90,RNA,2020-07-14,0,1,-0.0087146005574519
ITUB4,1.01,90,Random Forest,2020-07-14,0,1,-0.0087146005574519
ITUB4,1.01,90,SVC,2020-07-14,0,1,-0.0087146005574519
ITUB4,1.01,90,RNA,2020-07-15,1,1,0.01
ITUB4,1.01,90,Random Forest,2020-07-15,1,1,0.01
ITUB4,1.01,90,SVC,2020-07-15,1,1,0.01
ITUB4,1.01,90,RNA,2020-07-16,1,1,0.01
ITUB4,1.01,90,Random Forest,2020-07-16,1,1,0.01
ITUB4,1.01,90,SVC,2020-07-16,1,1,0.01
ITUB4,1.01,90,RNA,2020-07-17,1,1,0.01
ITUB4,1.01,90,Random Forest,2020-07-17,1,1,0.01
ITUB4,1.01,90,SVC,2020-07-17,1,1,0.01
ITUB4,1.01,90,RNA,2020-07-20,1,1,0.01
ITUB4,1.01,90,Random Forest,2020-07-20,1,1,0.01
ITUB4,1.01,90,SVC,2020-07-20,1,1,0.01
ITUB4,1.01,90,RNA,2020-07-21,0,1,-0.0017953001258705
ITUB4,1.01,90,Random Forest,2020-07-21,0,1,-0.0017953001258705
ITUB4,1.01,90,SVC,2020-07-21,0,1,-0.0017953001258705
ITUB4,1.01,90,RNA,2020-07-22,1,1,0.01
ITUB4,1.01,90,Random Forest,2020-07-22,1,1,0.01
ITUB4,1.01,90,SVC,2020-07-22,1,1,0.01
ITUB4,1.01,90,RNA,2020-07-23,1,1,0.01
ITUB4,1.01,90,Random Forest,2020-07-23,1,1,0.01
ITUB4,1.01,90,SVC,2020-07-23,1,1,0.01
ITUB4,1.01,90,RNA,2020-07-24,1,1,0.01
ITUB4,1.01,90,Random Forest,2020-07-24,1,1,0.01
ITUB4,1.01,90,SVC,2020-07-24,1,1,0.01
ITUB4,1.01,90,RNA,2020-07-27,1,1,0.01
ITUB4,1.01,90,Random Forest,2020-07-27,1,1,0.01
ITUB4,1.01,90,SVC,2020-07-27,1,1,0.01
ITUB4,1.01,90,RNA,2020-07-28,1,1,0.01
ITUB4,1.01,90,Random Forest,2020-07-28,1,1,0.01
ITUB4,1.01,90,SVC,2020-07-28,1,1,0.01
ITUB4,1.01,90,RNA,2020-07-29,1,1,0.01
ITUB4,1.01,90,Random Forest,2020-07-29,1,1,0.01
ITUB4,1.01,90,SVC,2020-07-29,1,1,0.01
ITUB4,1.01,90,RNA,2020-07-30,0,1,-0.0807325903076521
ITUB4,1.01,90,Random Forest,2020-07-30,0,1,-0.0807325903076521
ITUB4,1.01,90,SVC,2020-07-30,0,1,-0.0807325903076521
ITUB4,1.01,90,RNA,2020-07-31,1,1,0.01
ITUB4,1.01,90,Random Forest,2020-07-31,1,1,0.01
ITUB4,1.01,90,SVC,2020-07-31,1,1,0.01
ITUB4,1.01,90,RNA,2020-08-03,1,1,0.01
ITUB4,1.01,90,Random Forest,2020-08-03,1,1,0.01
ITUB4,1.01,90,SVC,2020-08-03,1,1,0.01
ITUB4,1.01,90,RNA,2020-08-04,1,1,0.01
ITUB4,1.01,90,Random Forest,2020-08-04,1,1,0.01
ITUB4,1.01,90,SVC,2020-08-04,1,1,0.01
ITUB4,1.01,90,RNA,2020-08-05,1,1,0.01
ITUB4,1.01,90,Random Forest,2020-08-05,1,1,0.01
ITUB4,1.01,90,SVC,2020-08-05,1,1,0.01
ITUB4,1.01,90,RNA,2020-08-06,1,1,0.01
ITUB4,1.01,90,Random Forest,2020-08-06,1,1,0.01
ITUB4,1.01,90,SVC,2020-08-06,1,1,0.01
ITUB4,1.01,90,RNA,2020-08-07,1,1,0.01
ITUB4,1.01,90,Random Forest,2020-08-07,1,1,0.01
ITUB4,1.01,90,SVC,2020-08-07,1,1,0.01
ITUB4,1.01,90,RNA,2020-08-10,0,1,-0.0532159525713544
ITUB4,1.01,90,Random Forest,2020-08-10,0,1,-0.0532159525713544
ITUB4,1.01,90,SVC,2020-08-10,0,1,-0.0532159525713544
ITUB4,1.01,90,RNA,2020-08-11,0,1,-0.0603347770534901
ITUB4,1.01,90,Random Forest,2020-08-11,0,1,-0.0603347770534901
ITUB4,1.01,90,SVC,2020-08-11,0,1,-0.0603347770534901
ITUB4,1.01,90,RNA,2020-08-12,0,1,-0.0458277134218768
ITUB4,1.01,90,Random Forest,2020-08-12,0,1,-0.0458277134218768
ITUB4,1.01,90,SVC,2020-08-12,0,1,-0.0458277134218768
ITUB4,1.01,90,RNA,2020-08-13,1,1,0.01
ITUB4,1.01,90,Random Forest,2020-08-13,1,0,0.01
ITUB4,1.01,90,SVC,2020-08-13,1,1,0.01
ITUB4,1.01,90,RNA,2020-08-14,0,1,-0.0221293053693227
ITUB4,1.01,90,Random Forest,2020-08-14,0,0,-0.0221293053693227
ITUB4,1.01,90,SVC,2020-08-14,0,1,-0.0221293053693227
ITUB4,1.01,90,RNA,2020-08-17,0,1,-0.0219333838774211
ITUB4,1.01,90,Random Forest,2020-08-17,0,0,-0.0219333838774211
ITUB4,1.01,90,SVC,2020-08-17,0,1,-0.0219333838774211
ITUB4,1.01,90,RNA,2020-08-18,1,1,0.01
ITUB4,1.01,90,Random Forest,2020-08-18,1,0,0.01
ITUB4,1.01,90,SVC,2020-08-18,1,1,0.01
ITUB4,1.01,90,RNA,2020-08-19,1,1,0.01
ITUB4,1.01,90,Random Forest,2020-08-19,1,0,0.01
ITUB4,1.01,90,SVC,2020-08-19,1,1,0.01
ITUB4,1.01,90,RNA,2020-08-20,1,1,0.01
ITUB4,1.01,90,Random Forest,2020-08-20,1,1,0.01
ITUB4,1.01,90,SVC,2020-08-20,1,1,0.01
ITUB4,1.01,90,RNA,2020-08-21,1,1,0.01
ITUB4,1.01,90,Random Forest,2020-08-21,1,1,0.01
ITUB4,1.01,90,SVC,2020-08-21,1,1,0.01
ITUB4,1.01,90,RNA,2020-08-24,0,1,-0.0085227676662281
ITUB4,1.01,90,Random Forest,2020-08-24,0,1,-0.0085227676662281
ITUB4,1.01,90,SVC,2020-08-24,0,1,-0.0085227676662281
ITUB4,1.01,90,RNA,2020-08-25,1,1,0.01
ITUB4,1.01,90,Random Forest,2020-08-25,1,1,0.01
ITUB4,1.01,90,SVC,2020-08-25,1,1,0.01
ITUB4,1.01,90,RNA,2020-08-26,1,1,0.01
ITUB4,1.01,90,Random Forest,2020-08-26,1,1,0.01
ITUB4,1.01,90,SVC,2020-08-26,1,1,0.01
ITUB4,1.01,90,RNA,2020-08-27,1,1,0.01
ITUB4,1.01,90,Random Forest,2020-08-27,1,1,0.01
ITUB4,1.01,90,SVC,2020-08-27,1,1,0.01
ITUB4,1.01,90,RNA,2020-08-28,1,1,0.01
ITUB4,1.01,90,Random Forest,2020-08-28,1,1,0.01
ITUB4,1.01,90,SVC,2020-08-28,1,1,0.01
ITUB4,1.01,90,RNA,2020-08-31,1,1,0.01
ITUB4,1.01,90,Random Forest,2020-08-31,1,1,0.01
ITUB4,1.01,90,SVC,2020-08-31,1,1,0.01
ITUB4,1.01,90,RNA,2020-09-01,1,1,0.01
ITUB4,1.01,90,Random Forest,2020-09-01,1,1,0.01
ITUB4,1.01,90,SVC,2020-09-01,1,1,0.01
ITUB4,1.01,90,RNA,2020-09-02,1,1,0.01
ITUB4,1.01,90,Random Forest,2020-09-02,1,1,0.01
ITUB4,1.01,90,SVC,2020-09-02,1,1,0.01
ITUB4,1.01,90,RNA,2020-09-03,0,1,-0.049682071299363
ITUB4,1.01,90,Random Forest,2020-09-03,0,1,-0.049682071299363
ITUB4,1.01,90,SVC,2020-09-03,0,1,-0.049682071299363
ITUB4,1.01,90,RNA,2020-09-04,1,1,0.01
ITUB4,1.01,90,Random Forest,2020-09-04,1,1,0.01
ITUB4,1.01,90,SVC,2020-09-04,1,1,0.01
ITUB4,1.01,90,RNA,2020-09-08,0,1,-0.0223577098086357
ITUB4,1.01,90,Random Forest,2020-09-08,0,0,-0.0223577098086357
ITUB4,1.01,90,SVC,2020-09-08,0,1,-0.0223577098086357
ITUB4,1.01,90,RNA,2020-09-09,1,1,0.01
ITUB4,1.01,90,Random Forest,2020-09-09,1,1,0.01
ITUB4,1.01,90,SVC,2020-09-09,1,1,0.01
ITUB4,1.01,90,RNA,2020-09-10,1,1,0.01
ITUB4,1.01,90,Random Forest,2020-09-10,1,1,0.01
ITUB4,1.01,90,SVC,2020-09-10,1,1,0.01
ITUB4,1.01,90,RNA,2020-09-11,1,1,0.01
ITUB4,1.01,90,Random Forest,2020-09-11,1,1,0.01
ITUB4,1.01,90,SVC,2020-09-11,1,1,0.01
ITUB4,1.01,90,RNA,2020-09-14,0,1,-0.0442697578550813
ITUB4,1.01,90,Random Forest,2020-09-14,0,1,-0.0442697578550813
ITUB4,1.01,90,SVC,2020-09-14,0,1,-0.0442697578550813
ITUB4,1.01,90,RNA,2020-09-15,1,0,0.01
ITUB4,1.01,90,Random Forest,2020-09-15,1,1,0.01
ITUB4,1.01,90,SVC,2020-09-15,1,1,0.01
ITUB4,1.01,90,RNA,2020-09-16,1,1,0.01
ITUB4,1.01,90,Random Forest,2020-09-16,1,1,0.01
ITUB4,1.01,90,SVC,2020-09-16,1,1,0.01
ITUB4,1.01,90,RNA,2020-09-17,0,1,-0.0434042559897153
ITUB4,1.01,90,Random Forest,2020-09-17,0,1,-0.0434042559897153
ITUB4,1.01,90,SVC,2020-09-17,0,1,-0.0434042559897153
ITUB4,1.01,90,RNA,2020-09-18,1,1,0.01
ITUB4,1.01,90,Random Forest,2020-09-18,1,1,0.01
ITUB4,1.01,90,SVC,2020-09-18,1,1,0.01
ITUB4,1.01,90,RNA,2020-09-21,1,1,0.01
ITUB4,1.01,90,Random Forest,2020-09-21,1,0,0.01
ITUB4,1.01,90,SVC,2020-09-21,1,1,0.01
ITUB4,1.01,90,RNA,2020-09-22,1,1,0.01
ITUB4,1.01,90,Random Forest,2020-09-22,1,0,0.01
ITUB4,1.01,90,SVC,2020-09-22,1,1,0.01
ITUB4,1.01,90,RNA,2020-09-23,1,1,0.01
ITUB4,1.01,90,Random Forest,2020-09-23,1,1,0.01
ITUB4,1.01,90,SVC,2020-09-23,1,1,0.01
ITUB4,1.01,90,RNA,2020-09-24,1,1,0.01
ITUB4,1.01,90,Random Forest,2020-09-24,1,1,0.01
ITUB4,1.01,90,SVC,2020-09-24,1,1,0.01
ITUB4,1.01,90,RNA,2020-09-25,1,1,0.01
ITUB4,1.01,90,Random Forest,2020-09-25,1,1,0.01
ITUB4,1.01,90,SVC,2020-09-25,1,1,0.01
ITUB4,1.01,90,RNA,2020-09-28,1,1,0.01
ITUB4,1.01,90,Random Forest,2020-09-28,1,1,0.01
ITUB4,1.01,90,SVC,2020-09-28,1,1,0.01
ITUB4,1.01,90,RNA,2020-09-29,1,1,0.01
ITUB4,1.01,90,Random Forest,2020-09-29,1,1,0.01
ITUB4,1.01,90,SVC,2020-09-29,1,1,0.01
ITUB4,1.01,90,RNA,2020-09-30,1,1,0.01
ITUB4,1.01,90,Random Forest,2020-09-30,1,1,0.01
ITUB4,1.01,90,SVC,2020-09-30,1,1,0.01
ITUB4,1.01,90,RNA,2020-10-01,1,1,0.01
ITUB4,1.01,90,Random Forest,2020-10-01,1,1,0.01
ITUB4,1.01,90,SVC,2020-10-01,1,1,0.01
ITUB4,1.01,90,RNA,2020-10-02,1,1,0.01
ITUB4,1.01,90,Random Forest,2020-10-02,1,1,0.01
ITUB4,1.01,90,SVC,2020-10-02,1,1,0.01
ITUB4,1.01,90,RNA,2020-10-05,1,1,0.01
ITUB4,1.01,90,Random Forest,2020-10-05,1,1,0.01
ITUB4,1.01,90,SVC,2020-10-05,1,1,0.01
ITUB4,1.01,90,RNA,2020-10-06,1,1,0.01
ITUB4,1.01,90,Random Forest,2020-10-06,1,1,0.01
ITUB4,1.01,90,SVC,2020-10-06,1,1,0.01
ITUB4,1.01,90,RNA,2020-10-07,1,1,0.01
ITUB4,1.01,90,Random Forest,2020-10-07,1,1,0.01
ITUB4,1.01,90,SVC,2020-10-07,1,1,0.01
ITUB4,1.01,90,RNA,2020-10-08,1,1,0.01
ITUB4,1.01,90,Random Forest,2020-10-08,1,1,0.01
ITUB4,1.01,90,SVC,2020-10-08,1,1,0.01
ITUB4,1.01,90,RNA,2020-10-09,0,1,-0.0362802404900939
ITUB4,1.01,90,Random Forest,2020-10-09,0,1,-0.0362802404900939
ITUB4,1.01,90,SVC,2020-10-09,0,1,-0.0362802404900939
ITUB4,1.01,90,RNA,2020-10-13,0,1,-0.0221850319809396
ITUB4,1.01,90,Random Forest,2020-10-13,0,1,-0.0221850319809396
ITUB4,1.01,90,SVC,2020-10-13,0,1,-0.0221850319809396
ITUB4,1.01,90,RNA,2020-10-14,1,1,0.01
ITUB4,1.01,90,Random Forest,2020-10-14,1,1,0.01
ITUB4,1.01,90,SVC,2020-10-14,1,1,0.01
ITUB4,1.01,90,RNA,2020-10-15,1,1,0.01
ITUB4,1.01,90,Random Forest,2020-10-15,1,1,0.01
ITUB4,1.01,90,SVC,2020-10-15,1,0,0.01
ITUB4,1.01,90,RNA,2020-10-16,1,1,0.01
ITUB4,1.01,90,Random Forest,2020-10-16,1,1,0.01
ITUB4,1.01,90,SVC,2020-10-16,1,1,0.01
ITUB4,1.01,90,RNA,2020-10-19,1,1,0.01
ITUB4,1.01,90,Random Forest,2020-10-19,1,1,0.01
ITUB4,1.01,90,SVC,2020-10-19,1,1,0.01
ITUB4,1.01,90,RNA,2020-10-20,1,1,0.01
ITUB4,1.01,90,Random Forest,2020-10-20,1,1,0.01
ITUB4,1.01,90,SVC,2020-10-20,1,1,0.01
ITUB4,1.01,90,RNA,2020-10-21,1,1,0.01
ITUB4,1.01,90,Random Forest,2020-10-21,1,1,0.01
ITUB4,1.01,90,SVC,2020-10-21,1,0,0.01
ITUB4,1.01,90,RNA,2020-10-22,1,1,0.01
ITUB4,1.01,90,Random Forest,2020-10-22,1,1,0.01
ITUB4,1.01,90,SVC,2020-10-22,1,1,0.01
ITUB4,1.01,90,RNA,2020-10-23,1,0,0.01
ITUB4,1.01,90,Random Forest,2020-10-23,1,0,0.01
ITUB4,1.01,90,SVC,2020-10-23,1,1,0.01
ITUB4,1.01,90,RNA,2020-10-26,0,1,-0.1003831759877499
ITUB4,1.01,90,Random Forest,2020-10-26,0,1,-0.1003831759877499
ITUB4,1.01,90,SVC,2020-10-26,0,1,-0.1003831759877499
ITUB4,1.01,90,RNA,2020-10-27,0,1,-0.0080259077651153
ITUB4,1.01,90,Random Forest,2020-10-27,0,1,-0.0080259077651153
ITUB4,1.01,90,SVC,2020-10-27,0,1,-0.0080259077651153
ITUB4,1.01,90,RNA,2020-10-28,1,1,0.01
ITUB4,1.01,90,Random Forest,2020-10-28,1,1,0.01
ITUB4,1.01,90,SVC,2020-10-28,1,1,0.01
ITUB4,1.01,90,RNA,2020-10-29,1,1,0.01
ITUB4,1.01,90,Random Forest,2020-10-29,1,1,0.01
ITUB4,1.01,90,SVC,2020-10-29,1,1,0.01
ITUB4,1.01,90,RNA,2020-10-30,1,1,0.01
ITUB4,1.01,90,Random Forest,2020-10-30,1,1,0.01
ITUB4,1.01,90,SVC,2020-10-30,1,1,0.01
ITUB4,1.01,90,RNA,2020-11-03,1,1,0.01
ITUB4,1.01,90,Random Forest,2020-11-03,1,1,0.01
ITUB4,1.01,90,SVC,2020-11-03,1,1,0.01
ITUB4,1.01,90,RNA,2020-11-04,1,1,0.01
ITUB4,1.01,90,Random Forest,2020-11-04,1,1,0.01
ITUB4,1.01,90,SVC,2020-11-04,1,1,0.01
ITUB4,1.01,90,RNA,2020-11-05,1,1,0.01
ITUB4,1.01,90,Random Forest,2020-11-05,1,1,0.01
ITUB4,1.01,90,SVC,2020-11-05,1,1,0.01
ITUB4,1.01,90,RNA,2020-11-06,1,1,0.01
ITUB4,1.01,90,Random Forest,2020-11-06,1,1,0.01
ITUB4,1.01,90,SVC,2020-11-06,1,1,0.01
ITUB4,1.01,90,RNA,2020-11-09,1,1,0.01
ITUB4,1.01,90,Random Forest,2020-11-09,1,1,0.01
ITUB4,1.01,90,SVC,2020-11-09,1,1,0.01
ITUB4,1.01,90,RNA,2020-11-10,1,1,0.01
ITUB4,1.01,90,Random Forest,2020-11-10,1,1,0.01
ITUB4,1.01,90,SVC,2020-11-10,1,1,0.01
ITUB4,1.01,90,RNA,2020-11-11,1,1,0.01
ITUB4,1.01,90,Random Forest,2020-11-11,1,1,0.01
ITUB4,1.01,90,SVC,2020-11-11,1,1,0.01
ITUB4,1.01,90,RNA,2020-11-12,1,1,0.01
ITUB4,1.01,90,Random Forest,2020-11-12,1,1,0.01
ITUB4,1.01,90,SVC,2020-11-12,1,1,0.01
ITUB4,1.01,90,RNA,2020-11-13,1,1,0.01
ITUB4,1.01,90,Random Forest,2020-11-13,1,1,0.01
ITUB4,1.01,90,SVC,2020-11-13,1,1,0.01
ITUB4,1.01,90,RNA,2020-11-16,0,1,-0.027919660922846
ITUB4,1.01,90,Random Forest,2020-11-16,0,1,-0.027919660922846
ITUB4,1.01,90,SVC,2020-11-16,0,1,-0.027919660922846
ITUB4,1.01,90,RNA,2020-11-17,0,1,-0.0180088230517778
ITUB4,1.01,90,Random Forest,2020-11-17,0,1,-0.0180088230517778
ITUB4,1.01,90,SVC,2020-11-17,0,1,-0.0180088230517778
ITUB4,1.01,90,RNA,2020-11-18,1,1,0.01
ITUB4,1.01,90,Random Forest,2020-11-18,1,0,0.01
ITUB4,1.01,90,SVC,2020-11-18,1,1,0.01
ITUB4,1.01,90,RNA,2020-11-19,1,1,0.01
ITUB4,1.01,90,Random Forest,2020-11-19,1,0,0.01
ITUB4,1.01,90,SVC,2020-11-19,1,1,0.01
ITUB4,1.01,90,RNA,2020-11-20,1,0,0.01
ITUB4,1.01,90,Random Forest,2020-11-20,1,1,0.01
ITUB4,1.01,90,SVC,2020-11-20,1,1,0.01
ITUB4,1.01,90,RNA,2020-11-23,1,1,0.01
ITUB4,1.01,90,Random Forest,2020-11-23,1,1,0.01
ITUB4,1.01,90,SVC,2020-11-23,1,1,0.01
ITUB4,1.01,90,RNA,2020-11-24,0,1,-0.03578660750852
ITUB4,1.01,90,Random Forest,2020-11-24,0,1,-0.03578660750852
ITUB4,1.01,90,SVC,2020-11-24,0,1,-0.03578660750852
ITUB4,1.01,90,RNA,2020-11-25,1,1,0.01
ITUB4,1.01,90,Random Forest,2020-11-25,1,1,0.01
ITUB4,1.01,90,SVC,2020-11-25,1,1,0.01
ITUB4,1.01,90,RNA,2020-11-26,1,1,0.01
ITUB4,1.01,90,Random Forest,2020-11-26,1,1,0.01
ITUB4,1.01,90,SVC,2020-11-26,1,1,0.01
ITUB4,1.01,90,RNA,2020-11-27,1,1,0.01
ITUB4,1.01,90,Random Forest,2020-11-27,1,1,0.01
ITUB4,1.01,90,SVC,2020-11-27,1,1,0.01
ITUB4,1.01,90,RNA,2020-11-30,1,1,0.01
ITUB4,1.01,90,Random Forest,2020-11-30,1,1,0.01
ITUB4,1.01,90,SVC,2020-11-30,1,1,0.01
ITUB4,1.01,90,RNA,2020-12-01,1,1,0.01
ITUB4,1.01,90,Random Forest,2020-12-01,1,1,0.01
ITUB4,1.01,90,SVC,2020-12-01,1,1,0.01
ITUB4,1.01,90,RNA,2020-12-02,1,1,0.01
ITUB4,1.01,90,Random Forest,2020-12-02,1,1,0.01
ITUB4,1.01,90,SVC,2020-12-02,1,1,0.01
ITUB4,1.01,90,RNA,2020-12-03,1,1,0.01
ITUB4,1.01,90,Random Forest,2020-12-03,1,1,0.01
ITUB4,1.01,90,SVC,2020-12-03,1,1,0.01
ITUB4,1.01,90,RNA,2020-12-04,1,1,0.01
ITUB4,1.01,90,Random Forest,2020-12-04,1,1,0.01
ITUB4,1.01,90,SVC,2020-12-04,1,1,0.01
ITUB4,1.01,90,RNA,2020-12-07,1,1,0.01
ITUB4,1.01,90,Random Forest,2020-12-07,1,1,0.01
ITUB4,1.01,90,SVC,2020-12-07,1,1,0.01
ITUB4,1.01,90,RNA,2020-12-08,1,1,0.01
ITUB4,1.01,90,Random Forest,2020-12-08,1,1,0.01
ITUB4,1.01,90,SVC,2020-12-08,1,1,0.01
ITUB4,1.01,90,RNA,2020-12-09,1,1,0.01
ITUB4,1.01,90,Random Forest,2020-12-09,1,1,0.01
ITUB4,1.01,90,SVC,2020-12-09,1,1,0.01
ITUB4,1.01,90,RNA,2020-12-10,1,1,0.01
ITUB4,1.01,90,Random Forest,2020-12-10,1,1,0.01
ITUB4,1.01,90,SVC,2020-12-10,1,1,0.01
ITUB4,1.01,90,RNA,2020-12-11,1,1,0.01
ITUB4,1.01,90,Random Forest,2020-12-11,1,1,0.01
ITUB4,1.01,90,SVC,2020-12-11,1,1,0.01
ITUB4,1.01,90,RNA,2020-12-14,1,1,0.01
ITUB4,1.01,90,Random Forest,2020-12-14,1,1,0.01
ITUB4,1.01,90,SVC,2020-12-14,1,1,0.01
ITUB4,1.01,90,RNA,2020-12-15,1,1,0.01
ITUB4,1.01,90,Random Forest,2020-12-15,1,1,0.01
ITUB4,1.01,90,SVC,2020-12-15,1,1,0.01
ITUB4,1.01,90,RNA,2020-12-16,0,1,-0.0200689812405855
ITUB4,1.01,90,Random Forest,2020-12-16,0,1,-0.0200689812405855
ITUB4,1.01,90,SVC,2020-12-16,0,1,-0.0200689812405855
ITUB4,1.01,90,RNA,2020-12-17,1,1,0.01
ITUB4,1.01,90,Random Forest,2020-12-17,1,1,0.01
ITUB4,1.01,90,SVC,2020-12-17,1,1,0.01
ITUB4,1.01,90,RNA,2020-12-18,1,1,0.01
ITUB4,1.01,90,Random Forest,2020-12-18,1,1,0.01
ITUB4,1.01,90,SVC,2020-12-18,1,1,0.01
ITUB4,1.01,90,RNA,2020-12-21,1,1,0.01
ITUB4,1.01,90,Random Forest,2020-12-21,1,1,0.01
ITUB4,1.01,90,SVC,2020-12-21,1,1,0.01
ITUB4,1.01,90,RNA,2020-12-22,1,1,0.01
ITUB4,1.01,90,Random Forest,2020-12-22,1,1,0.01
ITUB4,1.01,90,SVC,2020-12-22,1,1,0.01
ITUB4,1.01,90,RNA,2020-12-23,0,1,-0.0405135301232991
ITUB4,1.01,90,Random Forest,2020-12-23,0,1,-0.0405135301232991
ITUB4,1.01,90,SVC,2020-12-23,0,1,-0.0405135301232991
ITUB4,1.01,90,RNA,2020-12-28,0,1,-0.0482008225666257
ITUB4,1.01,90,Random Forest,2020-12-28,0,1,-0.0482008225666257
ITUB4,1.01,90,SVC,2020-12-28,0,1,-0.0482008225666257
ITUB4,1.01,90,RNA,2020-12-29,0,1,-0.0197216823578263
ITUB4,1.01,90,Random Forest,2020-12-29,0,1,-0.0197216823578263
ITUB4,1.01,90,SVC,2020-12-29,0,1,-0.0197216823578263
ITUB4,1.01,90,RNA,2020-12-30,1,1,0.01
ITUB4,1.01,90,Random Forest,2020-12-30,1,0,0.01
ITUB4,1.01,90,SVC,2020-12-30,1,1,0.01
ITUB4,1.01,90,RNA,2021-01-04,1,1,0.01
ITUB4,1.01,90,Random Forest,2021-01-04,1,1,0.01
ITUB4,1.01,90,SVC,2021-01-04,1,1,0.01
ITUB4,1.01,90,RNA,2021-01-05,1,1,0.01
ITUB4,1.01,90,Random Forest,2021-01-05,1,1,0.01
ITUB4,1.01,90,SVC,2021-01-05,1,1,0.01
ITUB4,1.01,90,RNA,2021-01-06,1,1,0.01
ITUB4,1.01,90,Random Forest,2021-01-06,1,1,0.01
ITUB4,1.01,90,SVC,2021-01-06,1,1,0.01
ITUB4,1.01,90,RNA,2021-01-07,1,1,0.01
ITUB4,1.01,90,Random Forest,2021-01-07,1,1,0.01
ITUB4,1.01,90,SVC,2021-01-07,1,1,0.01
ITUB4,1.01,90,RNA,2021-01-08,1,1,0.01
ITUB4,1.01,90,Random Forest,2021-01-08,1,0,0.01
ITUB4,1.01,90,SVC,2021-01-08,1,1,0.01
ITUB4,1.01,90,RNA,2021-01-11,1,1,0.01
ITUB4,1.01,90,Random Forest,2021-01-11,1,1,0.01
ITUB4,1.01,90,SVC,2021-01-11,1,1,0.01
ITUB4,1.01,90,RNA,2021-01-12,1,1,0.01
ITUB4,1.01,90,Random Forest,2021-01-12,1,1,0.01
ITUB4,1.01,90,SVC,2021-01-12,1,1,0.01
ITUB4,1.01,90,RNA,2021-01-13,1,1,0.01
ITUB4,1.01,90,Random Forest,2021-01-13,1,1,0.01
ITUB4,1.01,90,SVC,2021-01-13,1,1,0.01
ITUB4,1.01,90,RNA,2021-01-14,1,1,0.01
ITUB4,1.01,90,Random Forest,2021-01-14,1,1,0.01
ITUB4,1.01,90,SVC,2021-01-14,1,1,0.01
ITUB4,1.01,90,RNA,2021-01-15,0,1,-0.0552747969843345
ITUB4,1.01,90,Random Forest,2021-01-15,0,1,-0.0552747969843345
ITUB4,1.01,90,SVC,2021-01-15,0,1,-0.0552747969843345
ITUB4,1.01,90,RNA,2021-01-18,0,1,-0.0704985864229434
ITUB4,1.01,90,Random Forest,2021-01-18,0,1,-0.0704985864229434
ITUB4,1.01,90,SVC,2021-01-18,0,1,-0.0704985864229434
ITUB4,1.01,90,RNA,2021-01-19,0,1,-0.0886150239810069
ITUB4,1.01,90,Random Forest,2021-01-19,0,1,-0.0886150239810069
ITUB4,1.01,90,SVC,2021-01-19,0,1,-0.0886150239810069
ITUB4,1.01,90,RNA,2021-01-20,0,1,-0.0673328039288109
ITUB4,1.01,90,Random Forest,2021-01-20,0,0,-0.0673328039288109
ITUB4,1.01,90,SVC,2021-01-20,0,1,-0.0673328039288109
ITUB4,1.01,90,RNA,2021-01-21,1,1,0.01
ITUB4,1.01,90,Random Forest,2021-01-21,1,0,0.01
ITUB4,1.01,90,SVC,2021-01-21,1,1,0.01
ITUB4,1.01,90,RNA,2021-01-22,1,1,0.01
ITUB4,1.01,90,Random Forest,2021-01-22,1,0,0.01
ITUB4,1.01,90,SVC,2021-01-22,1,1,0.01
ITUB4,1.01,90,RNA,2021-01-26,1,1,0.01
ITUB4,1.01,90,Random Forest,2021-01-26,1,0,0.01
ITUB4,1.01,90,SVC,2021-01-26,1,1,0.01
ITUB4,1.01,90,RNA,2021-01-27,1,1,0.01
ITUB4,1.01,90,Random Forest,2021-01-27,1,1,0.01
ITUB4,1.01,90,SVC,2021-01-27,1,1,0.01
ITUB4,1.01,90,RNA,2021-01-28,1,1,0.01
ITUB4,1.01,90,Random Forest,2021-01-28,1,1,0.01
ITUB4,1.01,90,SVC,2021-01-28,1,1,0.01
ITUB4,1.01,90,RNA,2021-01-29,1,0,0.01
ITUB4,1.01,90,Random Forest,2021-01-29,1,1,0.01
ITUB4,1.01,90,SVC,2021-01-29,1,1,0.01
ITUB4,1.01,90,RNA,2021-02-01,0,1,-0.0343878997321204
ITUB4,1.01,90,Random Forest,2021-02-01,0,1,-0.0343878997321204
ITUB4,1.01,90,SVC,2021-02-01,0,1,-0.0343878997321204
ITUB4,1.01,90,RNA,2021-02-02,0,1,-0.0417246003802067
ITUB4,1.01,90,Random Forest,2021-02-02,0,1,-0.0417246003802067
ITUB4,1.01,90,SVC,2021-02-02,0,1,-0.0417246003802067
ITUB4,1.01,90,RNA,2021-02-03,0,1,-0.0224325147761027
ITUB4,1.01,90,Random Forest,2021-02-03,0,1,-0.0224325147761027
ITUB4,1.01,90,SVC,2021-02-03,0,1,-0.0224325147761027
ITUB4,1.01,90,RNA,2021-02-04,0,1,-0.0219003777680932
ITUB4,1.01,90,Random Forest,2021-02-04,0,1,-0.0219003777680932
ITUB4,1.01,90,SVC,2021-02-04,0,1,-0.0219003777680932
ITUB4,1.01,90,RNA,2021-02-05,1,1,0.01
ITUB4,1.01,90,Random Forest,2021-02-05,1,0,0.01
ITUB4,1.01,90,SVC,2021-02-05,1,1,0.01
ITUB4,1.01,90,RNA,2021-02-08,1,1,0.01
ITUB4,1.01,90,Random Forest,2021-02-08,1,0,0.01
ITUB4,1.01,90,SVC,2021-02-08,1,1,0.01
ITUB4,1.01,90,RNA,2021-02-09,1,1,0.01
ITUB4,1.01,90,Random Forest,2021-02-09,1,0,0.01
ITUB4,1.01,90,SVC,2021-02-09,1,1,0.01
ITUB4,1.01,90,RNA,2021-02-10,1,1,0.01
ITUB4,1.01,90,Random Forest,2021-02-10,1,1,0.01
ITUB4,1.01,90,SVC,2021-02-10,1,1,0.01
ITUB4,1.01,90,RNA,2021-02-11,1,1,0.01
ITUB4,1.01,90,Random Forest,2021-02-11,1,1,0.01
ITUB4,1.01,90,SVC,2021-02-11,1,1,0.01
ITUB4,1.01,90,RNA,2021-02-12,1,1,0.01
ITUB4,1.01,90,Random Forest,2021-02-12,1,1,0.01
ITUB4,1.01,90,SVC,2021-02-12,1,1,0.01
ITUB4,1.01,90,RNA,2021-02-17,1,1,0.01
ITUB4,1.01,90,Random Forest,2021-02-17,1,1,0.01
ITUB4,1.01,90,SVC,2021-02-17,1,1,0.01
ITUB4,1.01,90,RNA,2021-02-18,1,1,0.01
ITUB4,1.01,90,Random Forest,2021-02-18,1,1,0.01
ITUB4,1.01,90,SVC,2021-02-18,1,1,0.01
ITUB4,1.01,90,RNA,2021-02-19,1,1,0.01
ITUB4,1.01,90,Random Forest,2021-02-19,1,1,0.01
ITUB4,1.01,90,SVC,2021-02-19,1,1,0.01
ITUB4,1.01,90,RNA,2021-02-22,1,1,0.01
ITUB4,1.01,90,Random Forest,2021-02-22,1,1,0.01
ITUB4,1.01,90,SVC,2021-02-22,1,1,0.01
ITUB4,1.01,90,RNA,2021-02-23,0,1,-0.0913225913590477
ITUB4,1.01,90,Random Forest,2021-02-23,0,1,-0.0913225913590477
ITUB4,1.01,90,SVC,2021-02-23,0,1,-0.0913225913590477
ITUB4,1.01,90,RNA,2021-02-24,0,1,-0.0360118712557699
ITUB4,1.01,90,Random Forest,2021-02-24,0,1,-0.0360118712557699
ITUB4,1.01,90,SVC,2021-02-24,0,1,-0.0360118712557699
ITUB4,1.01,90,RNA,2021-02-25,0,1,-0.0135430252372836
ITUB4,1.01,90,Random Forest,2021-02-25,0,1,-0.0135430252372836
ITUB4,1.01,90,SVC,2021-02-25,0,1,-0.0135430252372836
ITUB4,1.01,90,RNA,2021-02-26,1,1,0.01
ITUB4,1.01,90,Random Forest,2021-02-26,1,1,0.01
ITUB4,1.01,90,SVC,2021-02-26,1,1,0.01
ITUB4,1.01,90,RNA,2021-03-01,1,1,0.01
ITUB4,1.01,90,Random Forest,2021-03-01,1,0,0.01
ITUB4,1.01,90,SVC,2021-03-01,1,1,0.01
ITUB4,1.01,90,RNA,2021-03-02,1,1,0.01
ITUB4,1.01,90,Random Forest,2021-03-02,1,1,0.01
ITUB4,1.01,90,SVC,2021-03-02,1,1,0.01
ITUB4,1.01,90,RNA,2021-03-03,1,1,0.01
ITUB4,1.01,90,Random Forest,2021-03-03,1,1,0.01
ITUB4,1.01,90,SVC,2021-03-03,1,1,0.01
ITUB4,1.01,90,RNA,2021-03-04,1,1,0.01
ITUB4,1.01,90,Random Forest,2021-03-04,1,1,0.01
ITUB4,1.01,90,SVC,2021-03-04,1,1,0.01
ITUB4,1.01,90,RNA,2021-03-05,1,1,0.01
ITUB4,1.01,90,Random Forest,2021-03-05,1,1,0.01
ITUB4,1.01,90,SVC,2021-03-05,1,1,0.01
ITUB4,1.01,90,RNA,2021-03-08,1,1,0.01
ITUB4,1.01,90,Random Forest,2021-03-08,1,1,0.01
ITUB4,1.01,90,SVC,2021-03-08,1,1,0.01
ITUB4,1.01,90,RNA,2021-03-09,1,1,0.01
ITUB4,1.01,90,Random Forest,2021-03-09,1,1,0.01
ITUB4,1.01,90,SVC,2021-03-09,1,1,0.01
ITUB4,1.01,90,RNA,2021-03-10,1,1,0.01
ITUB4,1.01,90,Random Forest,2021-03-10,1,1,0.01
ITUB4,1.01,90,SVC,2021-03-10,1,1,0.01
ITUB4,1.01,90,RNA,2021-03-11,1,1,0.01
ITUB4,1.01,90,Random Forest,2021-03-11,1,1,0.01
ITUB4,1.01,90,SVC,2021-03-11,1,1,0.01
ITUB4,1.01,90,RNA,2021-03-12,1,1,0.01
ITUB4,1.01,90,Random Forest,2021-03-12,1,1,0.01
ITUB4,1.01,90,SVC,2021-03-12,1,1,0.01
ITUB4,1.01,90,RNA,2021-03-15,1,1,0.01
ITUB4,1.01,90,Random Forest,2021-03-15,1,1,0.01
ITUB4,1.01,90,SVC,2021-03-15,1,1,0.01
ITUB4,1.01,90,RNA,2021-03-16,1,1,0.01
ITUB4,1.01,90,Random Forest,2021-03-16,1,1,0.01
ITUB4,1.01,90,SVC,2021-03-16,1,1,0.01
ITUB4,1.01,90,RNA,2021-03-17,1,1,0.01
ITUB4,1.01,90,Random Forest,2021-03-17,1,1,0.01
ITUB4,1.01,90,SVC,2021-03-17,1,1,0.01
ITUB4,1.01,90,RNA,2021-03-18,1,1,0.01
ITUB4,1.01,90,Random Forest,2021-03-18,1,1,0.01
ITUB4,1.01,90,SVC,2021-03-18,1,1,0.01
ITUB4,1.01,90,RNA,2021-03-19,1,1,0.01
ITUB4,1.01,90,Random Forest,2021-03-19,1,1,0.01
ITUB4,1.01,90,SVC,2021-03-19,1,1,0.01
ITUB4,1.01,90,RNA,2021-03-22,1,1,0.01
ITUB4,1.01,90,Random Forest,2021-03-22,1,1,0.01
ITUB4,1.01,90,SVC,2021-03-22,1,1,0.01
ITUB4,1.01,90,RNA,2021-03-23,1,1,0.01
ITUB4,1.01,90,Random Forest,2021-03-23,1,1,0.01
ITUB4,1.01,90,SVC,2021-03-23,1,1,0.01
ITUB4,1.01,90,RNA,2021-03-24,1,1,0.01
ITUB4,1.01,90,Random Forest,2021-03-24,1,1,0.01
ITUB4,1.01,90,SVC,2021-03-24,1,1,0.01
ITUB4,1.01,90,RNA,2021-03-25,1,1,0.01
ITUB4,1.01,90,Random Forest,2021-03-25,1,1,0.01
ITUB4,1.01,90,SVC,2021-03-25,1,1,0.01
ITUB4,1.01,90,RNA,2021-03-26,1,1,0.01
ITUB4,1.01,90,Random Forest,2021-03-26,1,1,0.01
ITUB4,1.01,90,SVC,2021-03-26,1,1,0.01
ITUB4,1.01,90,RNA,2021-03-29,1,1,0.01
ITUB4,1.01,90,Random Forest,2021-03-29,1,1,0.01
ITUB4,1.01,90,SVC,2021-03-29,1,1,0.01
ITUB4,1.01,90,RNA,2021-03-30,0,1,-0.0411674591974341
ITUB4,1.01,90,Random Forest,2021-03-30,0,1,-0.0411674591974341
ITUB4,1.01,90,SVC,2021-03-30,0,1,-0.0411674591974341
ITUB4,1.01,90,RNA,2021-03-31,0,0,-0.0440810652683939
ITUB4,1.01,90,Random Forest,2021-03-31,0,1,-0.0440810652683939
ITUB4,1.01,90,SVC,2021-03-31,0,1,-0.0440810652683939
ITUB4,1.01,90,RNA,2021-04-01,0,1,-0.0248537609495226
ITUB4,1.01,90,Random Forest,2021-04-01,0,1,-0.0248537609495226
ITUB4,1.01,90,SVC,2021-04-01,0,1,-0.0248537609495226
ITUB4,1.01,90,RNA,2021-04-05,0,1,-0.0312726944325443
ITUB4,1.01,90,Random Forest,2021-04-05,0,1,-0.0312726944325443
ITUB4,1.01,90,SVC,2021-04-05,0,1,-0.0312726944325443
ITUB4,1.01,90,RNA,2021-04-06,1,1,0.01
ITUB4,1.01,90,Random Forest,2021-04-06,1,1,0.01
ITUB4,1.01,90,SVC,2021-04-06,1,1,0.01
ITUB4,1.01,90,RNA,2021-04-07,1,1,0.01
ITUB4,1.01,90,Random Forest,2021-04-07,1,1,0.01
ITUB4,1.01,90,SVC,2021-04-07,1,1,0.01
ITUB4,1.01,90,RNA,2021-04-08,1,1,0.01
ITUB4,1.01,90,Random Forest,2021-04-08,1,1,0.01
ITUB4,1.01,90,SVC,2021-04-08,1,1,0.01
ITUB4,1.01,90,RNA,2021-04-09,1,1,0.01
ITUB4,1.01,90,Random Forest,2021-04-09,1,1,0.01
ITUB4,1.01,90,SVC,2021-04-09,1,1,0.01
ITUB4,1.01,90,RNA,2021-04-12,1,1,0.01
ITUB4,1.01,90,Random Forest,2021-04-12,1,1,0.01
ITUB4,1.01,90,SVC,2021-04-12,1,1,0.01
ITUB4,1.01,90,RNA,2021-04-13,1,1,0.01
ITUB4,1.01,90,Random Forest,2021-04-13,1,1,0.01
ITUB4,1.01,90,SVC,2021-04-13,1,1,0.01
ITUB4,1.01,90,RNA,2021-04-14,1,1,0.01
ITUB4,1.01,90,Random Forest,2021-04-14,1,1,0.01
ITUB4,1.01,90,SVC,2021-04-14,1,1,0.01
ITUB4,1.01,90,RNA,2021-04-15,1,1,0.01
ITUB4,1.01,90,Random Forest,2021-04-15,1,1,0.01
ITUB4,1.01,90,SVC,2021-04-15,1,1,0.01
ITUB4,1.01,90,RNA,2021-04-16,0,1,-0.0125537985959441
ITUB4,1.01,90,Random Forest,2021-04-16,0,1,-0.0125537985959441
ITUB4,1.01,90,SVC,2021-04-16,0,1,-0.0125537985959441
ITUB4,1.01,90,RNA,2021-04-19,1,1,0.01
ITUB4,1.01,90,Random Forest,2021-04-19,1,1,0.01
ITUB4,1.01,90,SVC,2021-04-19,1,1,0.01
ITUB4,1.01,90,RNA,2021-04-20,1,1,0.01
ITUB4,1.01,90,Random Forest,2021-04-20,1,1,0.01
ITUB4,1.01,90,SVC,2021-04-20,1,1,0.01
ITUB4,1.01,90,RNA,2021-04-22,1,1,0.01
ITUB4,1.01,90,Random Forest,2021-04-22,1,1,0.01
ITUB4,1.01,90,SVC,2021-04-22,1,1,0.01
ITUB4,1.01,90,RNA,2021-04-23,1,1,0.01
ITUB4,1.01,90,Random Forest,2021-04-23,1,1,0.01
ITUB4,1.01,90,SVC,2021-04-23,1,1,0.01
ITUB4,1.01,90,RNA,2021-04-26,1,1,0.01
ITUB4,1.01,90,Random Forest,2021-04-26,1,1,0.01
ITUB4,1.01,90,SVC,2021-04-26,1,1,0.01
ITUB4,1.01,90,RNA,2021-04-27,1,1,0.01
ITUB4,1.01,90,Random Forest,2021-04-27,1,1,0.01
ITUB4,1.01,90,SVC,2021-04-27,1,1,0.01
ITUB4,1.01,90,RNA,2021-04-28,0,1,-0.0516478443557051
ITUB4,1.01,90,Random Forest,2021-04-28,0,1,-0.0516478443557051
ITUB4,1.01,90,SVC,2021-04-28,0,1,-0.0516478443557051
ITUB4,1.01,90,RNA,2021-04-29,1,1,0.01
ITUB4,1.01,90,Random Forest,2021-04-29,1,1,0.01
ITUB4,1.01,90,SVC,2021-04-29,1,1,0.01
ITUB4,1.01,90,RNA,2021-04-30,1,1,0.01
ITUB4,1.01,90,Random Forest,2021-04-30,1,1,0.01
ITUB4,1.01,90,SVC,2021-04-30,1,1,0.01
ITUB4,1.01,90,RNA,2021-05-03,0,1,-0.0167259863540787
ITUB4,1.01,90,Random Forest,2021-05-03,0,1,-0.0167259863540787
ITUB4,1.01,90,SVC,2021-05-03,0,1,-0.0167259863540787
ITUB4,1.01,90,RNA,2021-05-04,1,1,0.01
ITUB4,1.01,90,Random Forest,2021-05-04,1,1,0.01
ITUB4,1.01,90,SVC,2021-05-04,1,1,0.01
ITUB4,1.01,90,RNA,2021-05-05,1,1,0.01
ITUB4,1.01,90,Random Forest,2021-05-05,1,1,0.01
ITUB4,1.01,90,SVC,2021-05-05,1,1,0.01
ITUB4,1.01,90,RNA,2021-05-06,1,1,0.01
ITUB4,1.01,90,Random Forest,2021-05-06,1,1,0.01
ITUB4,1.01,90,SVC,2021-05-06,1,1,0.01
ITUB4,1.01,90,RNA,2021-05-07,1,1,0.01
ITUB4,1.01,90,Random Forest,2021-05-07,1,1,0.01
ITUB4,1.01,90,SVC,2021-05-07,1,1,0.01
ITUB4,1.01,90,RNA,2021-05-10,1,1,0.01
ITUB4,1.01,90,Random Forest,2021-05-10,1,1,0.01
ITUB4,1.01,90,SVC,2021-05-10,1,1,0.01
ITUB4,1.01,90,RNA,2021-05-11,1,1,0.01
ITUB4,1.01,90,Random Forest,2021-05-11,1,1,0.01
ITUB4,1.01,90,SVC,2021-05-11,1,1,0.01
ITUB4,1.01,90,RNA,2021-05-12,1,0,0.01
ITUB4,1.01,90,Random Forest,2021-05-12,1,1,0.01
ITUB4,1.01,90,SVC,2021-05-12,1,1,0.01
ITUB4,1.01,90,RNA,2021-05-13,1,1,0.01
ITUB4,1.01,90,Random Forest,2021-05-13,1,1,0.01
ITUB4,1.01,90,SVC,2021-05-13,1,1,0.01
ITUB4,1.01,90,RNA,2021-05-14,1,1,0.01
ITUB4,1.01,90,Random Forest,2021-05-14,1,1,0.01
ITUB4,1.01,90,SVC,2021-05-14,1,1,0.01
ITUB4,1.01,90,RNA,2021-05-17,1,1,0.01
ITUB4,1.01,90,Random Forest,2021-05-17,1,1,0.01
ITUB4,1.01,90,SVC,2021-05-17,1,1,0.01
ITUB4,1.01,90,RNA,2021-05-18,1,1,0.01
ITUB4,1.01,90,Random Forest,2021-05-18,1,1,0.01
ITUB4,1.01,90,SVC,2021-05-18,1,1,0.01
ITUB4,1.01,90,RNA,2021-05-19,1,1,0.01
ITUB4,1.01,90,Random Forest,2021-05-19,1,1,0.01
ITUB4,1.01,90,SVC,2021-05-19,1,1,0.01
ITUB4,1.01,90,RNA,2021-05-20,0,1,0.004054369766641
ITUB4,1.01,90,Random Forest,2021-05-20,0,1,0.004054369766641
ITUB4,1.01,90,SVC,2021-05-20,0,1,0.004054369766641
ITUB4,1.01,90,RNA,2021-05-21,0,1,-0.0108909888930758
ITUB4,1.01,90,Random Forest,2021-05-21,0,1,-0.0108909888930758
ITUB4,1.01,90,SVC,2021-05-21,0,1,-0.0108909888930758
ITUB4,1.01,90,RNA,2021-05-24,1,1,0.01
ITUB4,1.01,90,Random Forest,2021-05-24,1,1,0.01
ITUB4,1.01,90,SVC,2021-05-24,1,1,0.01
ITUB4,1.01,90,RNA,2021-05-25,1,1,0.01
ITUB4,1.01,90,Random Forest,2021-05-25,1,0,0.01
ITUB4,1.01,90,SVC,2021-05-25,1,1,0.01
ITUB4,1.01,90,RNA,2021-05-26,1,1,0.01
ITUB4,1.01,90,Random Forest,2021-05-26,1,1,0.01
ITUB4,1.01,90,SVC,2021-05-26,1,1,0.01
ITUB4,1.01,90,RNA,2021-05-27,1,1,0.01
ITUB4,1.01,90,Random Forest,2021-05-27,1,1,0.01
ITUB4,1.01,90,SVC,2021-05-27,1,1,0.01
ITUB4,1.01,90,RNA,2021-05-28,1,1,0.01
ITUB4,1.01,90,Random Forest,2021-05-28,1,1,0.01
ITUB4,1.01,90,SVC,2021-05-28,1,1,0.01
ITUB4,1.01,90,RNA,2021-05-31,1,1,0.01
ITUB4,1.01,90,Random Forest,2021-05-31,1,1,0.01
ITUB4,1.01,90,SVC,2021-05-31,1,1,0.01
ITUB4,1.01,90,RNA,2021-06-01,1,1,0.01
ITUB4,1.01,90,Random Forest,2021-06-01,1,1,0.01
ITUB4,1.01,90,SVC,2021-06-01,1,1,0.01
ITUB4,1.01,90,RNA,2021-06-02,1,1,0.01
ITUB4,1.01,90,Random Forest,2021-06-02,1,1,0.01
ITUB4,1.01,90,SVC,2021-06-02,1,1,0.01
ITUB4,1.01,90,RNA,2021-06-04,1,1,0.01
ITUB4,1.01,90,Random Forest,2021-06-04,1,0,0.01
ITUB4,1.01,90,SVC,2021-06-04,1,1,0.01
ITUB4,1.01,90,RNA,2021-06-07,1,1,0.01
ITUB4,1.01,90,Random Forest,2021-06-07,1,1,0.01
ITUB4,1.01,90,SVC,2021-06-07,1,1,0.01
ITUB4,1.01,90,RNA,2021-06-08,1,1,0.01
ITUB4,1.01,90,Random Forest,2021-06-08,1,1,0.01
ITUB4,1.01,90,SVC,2021-06-08,1,1,0.01
ITUB4,1.01,90,RNA,2021-06-09,0,1,-0.0285714061229996
ITUB4,1.01,90,Random Forest,2021-06-09,0,1,-0.0285714061229996
ITUB4,1.01,90,SVC,2021-06-09,0,1,-0.0285714061229996
ITUB4,1.01,90,RNA,2021-06-10,1,1,0.01
ITUB4,1.01,90,Random Forest,2021-06-10,1,1,0.01
ITUB4,1.01,90,SVC,2021-06-10,1,1,0.01
ITUB4,1.01,90,RNA,2021-06-11,1,1,0.01
ITUB4,1.01,90,Random Forest,2021-06-11,1,1,0.01
ITUB4,1.01,90,SVC,2021-06-11,1,1,0.01
ITUB4,1.01,90,RNA,2021-06-14,1,1,0.01
ITUB4,1.01,90,Random Forest,2021-06-14,1,1,0.01
ITUB4,1.01,90,SVC,2021-06-14,1,1,0.01
ITUB4,1.01,90,RNA,2021-06-15,1,1,0.01
ITUB4,1.01,90,Random Forest,2021-06-15,1,1,0.01
ITUB4,1.01,90,SVC,2021-06-15,1,1,0.01
ITUB4,1.01,90,RNA,2021-06-16,1,1,0.01
ITUB4,1.01,90,Random Forest,2021-06-16,1,1,0.01
ITUB4,1.01,90,SVC,2021-06-16,1,1,0.01
ITUB4,1.01,90,RNA,2021-06-17,0,1,-0.0290076483557939
ITUB4,1.01,90,Random Forest,2021-06-17,0,1,-0.0290076483557939
ITUB4,1.01,90,SVC,2021-06-17,0,1,-0.0290076483557939
ITUB4,1.01,90,RNA,2021-06-18,1,1,0.01
ITUB4,1.01,90,Random Forest,2021-06-18,1,1,0.01
ITUB4,1.01,90,SVC,2021-06-18,1,1,0.01
ITUB4,1.01,90,RNA,2021-06-21,1,1,0.01
ITUB4,1.01,90,Random Forest,2021-06-21,1,1,0.01
ITUB4,1.01,90,SVC,2021-06-21,1,1,0.01
ITUB4,1.01,90,RNA,2021-06-22,1,1,0.01
ITUB4,1.01,90,Random Forest,2021-06-22,1,1,0.01
ITUB4,1.01,90,SVC,2021-06-22,1,1,0.01
ITUB4,1.01,90,RNA,2021-06-23,0,1,-0.0627913971100218
ITUB4,1.01,90,Random Forest,2021-06-23,0,1,-0.0627913971100218
ITUB4,1.01,90,SVC,2021-06-23,0,1,-0.0627913971100218
ITUB4,1.01,90,RNA,2021-06-24,0,1,-0.0681676276296294
ITUB4,1.01,90,Random Forest,2021-06-24,0,1,-0.0681676276296294
ITUB4,1.01,90,SVC,2021-06-24,0,1,-0.0681676276296294
ITUB4,1.01,90,RNA,2021-06-25,0,1,-0.036804743237627
ITUB4,1.01,90,Random Forest,2021-06-25,0,0,-0.036804743237627
ITUB4,1.01,90,SVC,2021-06-25,0,1,-0.036804743237627
ITUB4,1.01,90,RNA,2021-06-28,0,1,-0.0077626069229377
ITUB4,1.01,90,Random Forest,2021-06-28,0,0,-0.0077626069229377
ITUB4,1.01,90,SVC,2021-06-28,0,1,-0.0077626069229377
ITUB4,1.01,90,RNA,2021-06-29,0,1,-0.0128367402431293
ITUB4,1.01,90,Random Forest,2021-06-29,0,0,-0.0128367402431293
ITUB4,1.01,90,SVC,2021-06-29,0,1,-0.0128367402431293
ITUB4,1.01,90,RNA,2021-06-30,1,1,0.01
ITUB4,1.01,90,Random Forest,2021-06-30,1,0,0.01
ITUB4,1.01,90,SVC,2021-06-30,1,1,0.01
ITUB4,1.01,90,RNA,2021-07-01,0,1,-0.0066934350348086
ITUB4,1.01,90,Random Forest,2021-07-01,0,0,-0.0066934350348086
ITUB4,1.01,90,SVC,2021-07-01,0,1,-0.0066934350348086
ITUB4,1.01,90,RNA,2021-07-02,0,1,-0.0144683377106663
ITUB4,1.01,90,Random Forest,2021-07-02,0,1,-0.0144683377106663
ITUB4,1.01,90,SVC,2021-07-02,0,1,-0.0144683377106663
ITUB4,1.01,90,RNA,2021-07-05,1,0,0.01
ITUB4,1.01,90,Random Forest,2021-07-05,1,0,0.01
ITUB4,1.01,90,SVC,2021-07-05,1,1,0.01
ITUB4,1.01,90,RNA,2021-07-06,1,1,0.01
ITUB4,1.01,90,Random Forest,2021-07-06,1,0,0.01
ITUB4,1.01,90,SVC,2021-07-06,1,1,0.01
ITUB4,1.01,90,RNA,2021-07-07,1,1,0.01
ITUB4,1.01,90,Random Forest,2021-07-07,1,1,0.01
ITUB4,1.01,90,SVC,2021-07-07,1,1,0.01
ITUB4,1.01,90,RNA,2021-07-08,1,1,0.01
ITUB4,1.01,90,Random Forest,2021-07-08,1,0,0.01
ITUB4,1.01,90,SVC,2021-07-08,1,1,0.01
ITUB4,1.01,90,RNA,2021-07-12,1,1,0.01
ITUB4,1.01,90,Random Forest,2021-07-12,1,1,0.01
ITUB4,1.01,90,SVC,2021-07-12,1,1,0.01
ITUB4,1.01,90,RNA,2021-07-13,1,1,0.01
ITUB4,1.01,90,Random Forest,2021-07-13,1,1,0.01
ITUB4,1.01,90,SVC,2021-07-13,1,1,0.01
ITUB4,1.01,90,RNA,2021-07-14,0,1,-0.0194239412419426
ITUB4,1.01,90,Random Forest,2021-07-14,0,1,-0.0194239412419426
ITUB4,1.01,90,SVC,2021-07-14,0,1,-0.0194239412419426
ITUB4,1.01,90,RNA,2021-07-15,0,1,-0.0124286316595101
ITUB4,1.01,90,Random Forest,2021-07-15,0,1,-0.0124286316595101
ITUB4,1.01,90,SVC,2021-07-15,0,1,-0.0124286316595101
ITUB4,1.01,90,RNA,2021-07-16,1,1,0.01
ITUB4,1.01,90,Random Forest,2021-07-16,1,1,0.01
ITUB4,1.01,90,SVC,2021-07-16,1,1,0.01
ITUB4,1.01,90,RNA,2021-07-19,1,1,0.01
ITUB4,1.01,90,Random Forest,2021-07-19,1,1,0.01
ITUB4,1.01,90,SVC,2021-07-19,1,1,0.01
ITUB4,1.01,90,RNA,2021-07-20,1,1,0.01
ITUB4,1.01,90,Random Forest,2021-07-20,1,1,0.01
ITUB4,1.01,90,SVC,2021-07-20,1,1,0.01
ITUB4,1.01,90,RNA,2021-07-21,1,1,0.01
ITUB4,1.01,90,Random Forest,2021-07-21,1,1,0.01
ITUB4,1.01,90,SVC,2021-07-21,1,1,0.01
ITUB4,1.01,90,RNA,2021-07-22,1,1,0.01
ITUB4,1.01,90,Random Forest,2021-07-22,1,1,0.01
ITUB4,1.01,90,SVC,2021-07-22,1,1,0.01
ITUB4,1.01,90,RNA,2021-07-23,1,1,0.01
ITUB4,1.01,90,Random Forest,2021-07-23,1,1,0.01
ITUB4,1.01,90,SVC,2021-07-23,1,1,0.01
ITUB4,1.01,90,RNA,2021-07-26,1,1,0.01
ITUB4,1.01,90,Random Forest,2021-07-26,1,1,0.01
ITUB4,1.01,90,SVC,2021-07-26,1,1,0.01
ITUB4,1.01,90,RNA,2021-07-27,1,1,0.01
ITUB4,1.01,90,Random Forest,2021-07-27,1,1,0.01
ITUB4,1.01,90,SVC,2021-07-27,1,1,0.01
ITUB4,1.01,90,RNA,2021-07-28,1,1,0.01
ITUB4,1.01,90,Random Forest,2021-07-28,1,1,0.01
ITUB4,1.01,90,SVC,2021-07-28,1,1,0.01
ITUB4,1.01,90,RNA,2021-07-29,1,0,0.01
ITUB4,1.01,90,Random Forest,2021-07-29,1,0,0.01
ITUB4,1.01,90,SVC,2021-07-29,1,0,0.01
ITUB4,1.01,90,RNA,2021-07-30,1,1,0.01
ITUB4,1.01,90,Random Forest,2021-07-30,1,1,0.01
ITUB4,1.01,90,SVC,2021-07-30,1,1,0.01
ITUB4,1.01,90,RNA,2021-08-02,0,0,-0.0178343819982774
ITUB4,1.01,90,Random Forest,2021-08-02,0,1,-0.0178343819982774
ITUB4,1.01,90,SVC,2021-08-02,0,1,-0.0178343819982774
ITUB4,1.01,90,RNA,2021-08-03,1,1,0.01
ITUB4,1.01,90,Random Forest,2021-08-03,1,1,0.01
ITUB4,1.01,90,SVC,2021-08-03,1,1,0.01
ITUB4,1.01,90,RNA,2021-08-04,1,1,0.01
ITUB4,1.01,90,Random Forest,2021-08-04,1,0,0.01
ITUB4,1.01,90,SVC,2021-08-04,1,1,0.01
ITUB4,1.01,90,RNA,2021-08-05,1,1,0.01
ITUB4,1.01,90,Random Forest,2021-08-05,1,1,0.01
ITUB4,1.01,90,SVC,2021-08-05,1,1,0.01
ITUB4,1.01,90,RNA,2021-08-06,1,0,0.01
ITUB4,1.01,90,Random Forest,2021-08-06,1,1,0.01
ITUB4,1.01,90,SVC,2021-08-06,1,1,0.01
ITUB4,1.01,90,RNA,2021-08-09,0,0,-0.0121951374336694
ITUB4,1.01,90,Random Forest,2021-08-09,0,1,-0.0121951374336694
ITUB4,1.01,90,SVC,2021-08-09,0,1,-0.0121951374336694
ITUB4,1.01,90,RNA,2021-08-10,1,1,0.01
ITUB4,1.01,90,Random Forest,2021-08-10,1,1,0.01
ITUB4,1.01,90,SVC,2021-08-10,1,1,0.01
ITUB4,1.01,90,RNA,2021-08-11,1,1,0.01
ITUB4,1.01,90,Random Forest,2021-08-11,1,1,0.01
ITUB4,1.01,90,SVC,2021-08-11,1,0,0.01
ITUB4,1.01,90,RNA,2021-08-12,1,1,0.01
ITUB4,1.01,90,Random Forest,2021-08-12,1,1,0.01
ITUB4,1.01,90,SVC,2021-08-12,1,1,0.01
ITUB4,1.01,90,RNA,2021-08-13,1,1,0.01
ITUB4,1.01,90,Random Forest,2021-08-13,1,1,0.01
ITUB4,1.01,90,SVC,2021-08-13,1,1,0.01
ITUB4,1.01,90,RNA,2021-08-16,1,0,0.01
ITUB4,1.01,90,Random Forest,2021-08-16,1,1,0.01
ITUB4,1.01,90,SVC,2021-08-16,1,1,0.01
ITUB4,1.01,90,RNA,2021-08-17,1,1,0.01
ITUB4,1.01,90,Random Forest,2021-08-17,1,1,0.01
ITUB4,1.01,90,SVC,2021-08-17,1,1,0.01
ITUB4,1.01,90,RNA,2021-08-18,1,1,0.01
ITUB4,1.01,90,Random Forest,2021-08-18,1,1,0.01
ITUB4,1.01,90,SVC,2021-08-18,1,1,0.01
ITUB4,1.01,90,RNA,2021-08-19,1,1,0.01
ITUB4,1.01,90,Random Forest,2021-08-19,1,1,0.01
ITUB4,1.01,90,SVC,2021-08-19,1,1,0.01
ITUB4,1.01,90,RNA,2021-08-20,1,1,0.01
ITUB4,1.01,90,Random Forest,2021-08-20,1,1,0.01
ITUB4,1.01,90,SVC,2021-08-20,1,1,0.01
ITUB4,1.01,90,RNA,2021-08-23,1,1,0.01
ITUB4,1.01,90,Random Forest,2021-08-23,1,1,0.01
ITUB4,1.01,90,SVC,2021-08-23,1,1,0.01
ITUB4,1.01,90,RNA,2021-08-24,0,1,-0.006829253334292
ITUB4,1.01,90,Random Forest,2021-08-24,0,1,-0.006829253334292
ITUB4,1.01,90,SVC,2021-08-24,0,1,-0.006829253334292
ITUB4,1.01,90,RNA,2021-08-25,1,1,0.01
ITUB4,1.01,90,Random Forest,2021-08-25,1,1,0.01
ITUB4,1.01,90,SVC,2021-08-25,1,1,0.01
ITUB4,1.01,90,RNA,2021-08-26,1,1,0.01
ITUB4,1.01,90,Random Forest,2021-08-26,1,1,0.01
ITUB4,1.01,90,SVC,2021-08-26,1,1,0.01
ITUB4,1.01,90,RNA,2021-08-27,1,1,0.01
ITUB4,1.01,90,Random Forest,2021-08-27,1,1,0.01
ITUB4,1.01,90,SVC,2021-08-27,1,1,0.01
ITUB4,1.01,90,RNA,2021-08-30,1,1,0.01
ITUB4,1.01,90,Random Forest,2021-08-30,1,1,0.01
ITUB4,1.01,90,SVC,2021-08-30,1,1,0.01
ITUB4,1.01,90,RNA,2021-08-31,1,1,0.01
ITUB4,1.01,90,Random Forest,2021-08-31,1,1,0.01
ITUB4,1.01,90,SVC,2021-08-31,1,1,0.01
ITUB4,1.01,90,RNA,2021-09-01,0,1,-0.0702492614391222
ITUB4,1.01,90,Random Forest,2021-09-01,0,1,-0.0702492614391222
ITUB4,1.01,90,SVC,2021-09-01,0,1,-0.0702492614391222
ITUB4,1.01,90,RNA,2021-09-02,0,1,-0.0341852008779255
ITUB4,1.01,90,Random Forest,2021-09-02,0,1,-0.0341852008779255
ITUB4,1.01,90,SVC,2021-09-02,0,1,-0.0341852008779255
ITUB4,1.01,90,RNA,2021-09-03,1,1,0.01
ITUB4,1.01,90,Random Forest,2021-09-03,1,1,0.01
ITUB4,1.01,90,SVC,2021-09-03,1,1,0.01
ITUB4,1.01,90,RNA,2021-09-06,0,1,-0.0289614311639029
ITUB4,1.01,90,Random Forest,2021-09-06,0,1,-0.0289614311639029
ITUB4,1.01,90,SVC,2021-09-06,0,1,-0.0289614311639029
ITUB4,1.01,90,RNA,2021-09-08,1,1,0.01
ITUB4,1.01,90,Random Forest,2021-09-08,1,1,0.01
ITUB4,1.01,90,SVC,2021-09-08,1,1,0.01
ITUB4,1.01,90,RNA,2021-09-09,0,1,-0.0332203148702248
ITUB4,1.01,90,Random Forest,2021-09-09,0,0,-0.0332203148702248
ITUB4,1.01,90,SVC,2021-09-09,0,1,-0.0332203148702248
ITUB4,1.01,90,RNA,2021-09-10,0,1,-0.0282986741590129
ITUB4,1.01,90,Random Forest,2021-09-10,0,1,-0.0282986741590129
ITUB4,1.01,90,SVC,2021-09-10,0,1,-0.0282986741590129
ITUB4,1.01,90,RNA,2021-09-13,0,1,-0.0439862292437968
ITUB4,1.01,90,Random Forest,2021-09-13,0,0,-0.0439862292437968
ITUB4,1.01,90,SVC,2021-09-13,0,1,-0.0439862292437968
ITUB4,1.01,90,RNA,2021-09-14,0,1,-0.0640275446022548
ITUB4,1.01,90,Random Forest,2021-09-14,0,0,-0.0640275446022548
ITUB4,1.01,90,SVC,2021-09-14,0,1,-0.0640275446022548
ITUB4,1.01,90,RNA,2021-09-15,1,0,0.01
ITUB4,1.01,90,Random Forest,2021-09-15,1,0,0.01
ITUB4,1.01,90,SVC,2021-09-15,1,1,0.01
ITUB4,1.01,90,RNA,2021-09-16,0,0,-0.0252897427978466
ITUB4,1.01,90,Random Forest,2021-09-16,0,0,-0.0252897427978466
ITUB4,1.01,90,SVC,2021-09-16,0,1,-0.0252897427978466
ITUB4,1.01,90,RNA,2021-09-17,1,1,0.01
ITUB4,1.01,90,Random Forest,2021-09-17,1,1,0.01
ITUB4,1.01,90,SVC,2021-09-17,1,1,0.01
ITUB4,1.01,90,RNA,2021-09-20,1,1,0.01
ITUB4,1.01,90,Random Forest,2021-09-20,1,0,0.01
ITUB4,1.01,90,SVC,2021-09-20,1,1,0.01
ITUB4,1.01,90,RNA,2021-09-21,1,1,0.01
ITUB4,1.01,90,Random Forest,2021-09-21,1,1,0.01
ITUB4,1.01,90,SVC,2021-09-21,1,1,0.01
ITUB4,1.01,90,RNA,2021-09-22,1,0,0.01
ITUB4,1.01,90,Random Forest,2021-09-22,1,1,0.01
ITUB4,1.01,90,SVC,2021-09-22,1,1,0.01
ITUB4,1.01,90,RNA,2021-09-23,1,1,0.01
ITUB4,1.01,90,Random Forest,2021-09-23,1,1,0.01
ITUB4,1.01,90,SVC,2021-09-23,1,1,0.01
ITUB4,1.01,90,RNA,2021-09-24,1,1,0.01
ITUB4,1.01,90,Random Forest,2021-09-24,1,1,0.01
ITUB4,1.01,90,SVC,2021-09-24,1,1,0.01
ITUB4,1.01,90,RNA,2021-09-27,1,1,0.01
ITUB4,1.01,90,Random Forest,2021-09-27,1,1,0.01
ITUB4,1.01,90,SVC,2021-09-27,1,1,0.01
ITUB4,1.01,90,RNA,2021-09-28,1,1,0.01
ITUB4,1.01,90,Random Forest,2021-09-28,1,1,0.01
ITUB4,1.01,90,SVC,2021-09-28,1,1,0.01
ITUB4,1.01,90,RNA,2021-09-29,1,1,0.01
ITUB4,1.01,90,Random Forest,2021-09-29,1,1,0.01
ITUB4,1.01,90,SVC,2021-09-29,1,1,0.01
ITUB4,1.01,90,RNA,2021-09-30,1,1,0.01
ITUB4,1.01,90,Random Forest,2021-09-30,1,1,0.01
ITUB4,1.01,90,SVC,2021-09-30,1,1,0.01
ITUB4,1.01,90,RNA,2021-10-01,1,1,0.01
ITUB4,1.01,90,Random Forest,2021-10-01,1,1,0.01
ITUB4,1.01,90,SVC,2021-10-01,1,1,0.01
ITUB4,1.01,90,RNA,2021-10-04,1,1,0.01
ITUB4,1.01,90,Random Forest,2021-10-04,1,1,0.01
ITUB4,1.01,90,SVC,2021-10-04,1,1,0.01
ITUB4,1.01,90,RNA,2021-10-05,1,1,0.01
ITUB4,1.01,90,Random Forest,2021-10-05,1,1,0.01
ITUB4,1.01,90,SVC,2021-10-05,1,1,0.01
ITUB4,1.01,90,RNA,2021-10-06,0,1,-0.0346199618170117
ITUB4,1.01,90,Random Forest,2021-10-06,0,1,-0.0346199618170117
ITUB4,1.01,90,SVC,2021-10-06,0,1,-0.0346199618170117
ITUB4,1.01,90,RNA,2021-10-07,1,1,0.01
ITUB4,1.01,90,Random Forest,2021-10-07,1,1,0.01
ITUB4,1.01,90,SVC,2021-10-07,1,1,0.01
ITUB4,1.01,90,RNA,2021-10-08,1,1,0.01
ITUB4,1.01,90,Random Forest,2021-10-08,1,1,0.01
ITUB4,1.01,90,SVC,2021-10-08,1,1,0.01
ITUB4,1.01,90,RNA,2021-10-11,1,1,0.01
ITUB4,1.01,90,Random Forest,2021-10-11,1,1,0.01
ITUB4,1.01,90,SVC,2021-10-11,1,1,0.01
ITUB4,1.01,90,RNA,2021-10-13,1,1,0.01
ITUB4,1.01,90,Random Forest,2021-10-13,1,1,0.01
ITUB4,1.01,90,SVC,2021-10-13,1,1,0.01
ITUB4,1.01,90,RNA,2021-10-14,1,0,0.01
ITUB4,1.01,90,Random Forest,2021-10-14,1,1,0.01
ITUB4,1.01,90,SVC,2021-10-14,1,1,0.01
ITUB4,1.01,90,RNA,2021-10-15,1,1,0.01
ITUB4,1.01,90,Random Forest,2021-10-15,1,1,0.01
ITUB4,1.01,90,SVC,2021-10-15,1,1,0.01
ITUB4,1.01,90,RNA,2021-10-18,1,1,0.01
ITUB4,1.01,90,Random Forest,2021-10-18,1,1,0.01
ITUB4,1.01,90,SVC,2021-10-18,1,1,0.01
ITUB4,1.01,90,RNA,2021-10-19,1,1,0.01
ITUB4,1.01,90,Random Forest,2021-10-19,1,1,0.01
ITUB4,1.01,90,SVC,2021-10-19,1,1,0.01
ITUB4,1.01,90,RNA,2021-10-20,1,1,0.01
ITUB4,1.01,90,Random Forest,2021-10-20,1,1,0.01
ITUB4,1.01,90,SVC,2021-10-20,1,1,0.01
ITUB4,1.01,90,RNA,2021-10-21,1,1,0.01
ITUB4,1.01,90,Random Forest,2021-10-21,1,1,0.01
ITUB4,1.01,90,SVC,2021-10-21,1,1,0.01
ITUB4,1.01,90,RNA,2021-10-22,1,1,0.01
ITUB4,1.01,90,Random Forest,2021-10-22,1,1,0.01
ITUB4,1.01,90,SVC,2021-10-22,1,1,0.01
ITUB4,1.01,90,RNA,2021-10-25,1,1,0.01
ITUB4,1.01,90,Random Forest,2021-10-25,1,1,0.01
ITUB4,1.01,90,SVC,2021-10-25,1,1,0.01
ITUB4,1.01,90,RNA,2021-10-26,1,1,0.01
ITUB4,1.01,90,Random Forest,2021-10-26,1,1,0.01
ITUB4,1.01,90,SVC,2021-10-26,1,1,0.01
ITUB4,1.01,90,RNA,2021-10-27,1,1,0.01
ITUB4,1.01,90,Random Forest,2021-10-27,1,1,0.01
ITUB4,1.01,90,SVC,2021-10-27,1,1,0.01
ITUB4,1.01,90,RNA,2021-10-28,1,1,0.01
ITUB4,1.01,90,Random Forest,2021-10-28,1,1,0.01
ITUB4,1.01,90,SVC,2021-10-28,1,1,0.01
ITUB4,1.01,90,RNA,2021-10-29,1,1,0.01
ITUB4,1.01,90,Random Forest,2021-10-29,1,1,0.01
ITUB4,1.01,90,SVC,2021-10-29,1,1,0.01
ITUB4,1.01,90,RNA,2021-11-01,1,1,0.01
ITUB4,1.01,90,Random Forest,2021-11-01,1,1,0.01
ITUB4,1.01,90,SVC,2021-11-01,1,1,0.01
ITUB4,1.01,90,RNA,2021-11-03,1,1,0.01
ITUB4,1.01,90,Random Forest,2021-11-03,1,1,0.01
ITUB4,1.01,90,SVC,2021-11-03,1,1,0.01
ITUB4,1.01,90,RNA,2021-11-04,0,1,-0.0170212865038204
ITUB4,1.01,90,Random Forest,2021-11-04,0,1,-0.0170212865038204
ITUB4,1.01,90,SVC,2021-11-04,0,1,-0.0170212865038204
ITUB4,1.01,90,RNA,2021-11-05,1,1,0.01
ITUB4,1.01,90,Random Forest,2021-11-05,1,1,0.01
ITUB4,1.01,90,SVC,2021-11-05,1,1,0.01
ITUB4,1.01,90,RNA,2021-11-08,1,1,0.01
ITUB4,1.01,90,Random Forest,2021-11-08,1,1,0.01
ITUB4,1.01,90,SVC,2021-11-08,1,1,0.01
ITUB4,1.01,90,RNA,2021-11-09,1,1,0.01
ITUB4,1.01,90,Random Forest,2021-11-09,1,1,0.01
ITUB4,1.01,90,SVC,2021-11-09,1,1,0.01
ITUB4,1.01,90,RNA,2021-11-10,0,1,-0.0247546374733381
ITUB4,1.01,90,Random Forest,2021-11-10,0,1,-0.0247546374733381
ITUB4,1.01,90,SVC,2021-11-10,0,1,-0.0247546374733381
ITUB4,1.01,90,RNA,2021-11-11,1,1,0.01
ITUB4,1.01,90,Random Forest,2021-11-11,1,1,0.01
ITUB4,1.01,90,SVC,2021-11-11,1,1,0.01
ITUB4,1.01,90,RNA,2021-11-12,1,1,0.01
ITUB4,1.01,90,Random Forest,2021-11-12,1,1,0.01
ITUB4,1.01,90,SVC,2021-11-12,1,1,0.01
ITUB4,1.01,90,RNA,2021-11-16,1,1,0.01
ITUB4,1.01,90,Random Forest,2021-11-16,1,1,0.01
ITUB4,1.01,90,SVC,2021-11-16,1,1,0.01
ITUB4,1.01,90,RNA,2021-11-17,0,1,-0.0043991574343631
ITUB4,1.01,90,Random Forest,2021-11-17,0,1,-0.0043991574343631
ITUB4,1.01,90,SVC,2021-11-17,0,1,-0.0043991574343631
ITUB4,1.01,90,RNA,2021-11-18,1,1,0.01
ITUB4,1.01,90,Random Forest,2021-11-18,1,1,0.01
ITUB4,1.01,90,SVC,2021-11-18,1,1,0.01
ITUB4,1.01,90,RNA,2021-11-19,1,1,0.01
ITUB4,1.01,90,Random Forest,2021-11-19,1,1,0.01
ITUB4,1.01,90,SVC,2021-11-19,1,1,0.01
ITUB4,1.01,90,RNA,2021-11-22,1,1,0.01
ITUB4,1.01,90,Random Forest,2021-11-22,1,1,0.01
ITUB4,1.01,90,SVC,2021-11-22,1,1,0.01
ITUB4,1.01,90,RNA,2021-11-23,1,1,0.01
ITUB4,1.01,90,Random Forest,2021-11-23,1,1,0.01
ITUB4,1.01,90,SVC,2021-11-23,1,1,0.01
ITUB4,1.01,90,RNA,2021-11-24,1,1,0.01
ITUB4,1.01,90,Random Forest,2021-11-24,1,1,0.01
ITUB4,1.01,90,SVC,2021-11-24,1,1,0.01
ITUB4,1.01,90,RNA,2021-11-25,1,1,0.01
ITUB4,1.01,90,Random Forest,2021-11-25,1,1,0.01
ITUB4,1.01,90,SVC,2021-11-25,1,1,0.01
ITUB4,1.01,90,RNA,2021-11-26,0,1,0.0003557636285826
ITUB4,1.01,90,Random Forest,2021-11-26,0,1,0.0003557636285826
ITUB4,1.01,90,SVC,2021-11-26,0,1,0.0003557636285826
ITUB4,1.01,90,RNA,2021-11-29,1,1,0.01
ITUB4,1.01,90,Random Forest,2021-11-29,1,1,0.01
ITUB4,1.01,90,SVC,2021-11-29,1,1,0.01
ITUB4,1.01,90,RNA,2021-11-30,1,1,0.01
ITUB4,1.01,90,Random Forest,2021-11-30,1,1,0.01
ITUB4,1.01,90,SVC,2021-11-30,1,1,0.01
ITUB4,1.01,90,RNA,2021-12-01,1,1,0.01
ITUB4,1.01,90,Random Forest,2021-12-01,1,1,0.01
ITUB4,1.01,90,SVC,2021-12-01,1,1,0.01
ITUB4,1.01,90,RNA,2021-12-02,1,1,0.01
ITUB4,1.01,90,Random Forest,2021-12-02,1,1,0.01
ITUB4,1.01,90,SVC,2021-12-02,1,1,0.01
ITUB4,1.01,90,RNA,2021-12-03,1,1,0.01
ITUB4,1.01,90,Random Forest,2021-12-03,1,1,0.01
ITUB4,1.01,90,SVC,2021-12-03,1,1,0.01
ITUB4,1.01,90,RNA,2021-12-06,0,1,-0.0618120507258376
ITUB4,1.01,90,Random Forest,2021-12-06,0,1,-0.0618120507258376
ITUB4,1.01,90,SVC,2021-12-06,0,1,-0.0618120507258376
ITUB4,1.01,90,RNA,2021-12-07,0,1,-0.0658293419037054
ITUB4,1.01,90,Random Forest,2021-12-07,0,1,-0.0658293419037054
ITUB4,1.01,90,SVC,2021-12-07,0,1,-0.0658293419037054
ITUB4,1.01,90,RNA,2021-12-08,0,1,-0.0438981392036046
ITUB4,1.01,90,Random Forest,2021-12-08,0,1,-0.0438981392036046
ITUB4,1.01,90,SVC,2021-12-08,0,1,-0.0438981392036046
ITUB4,1.01,90,RNA,2021-12-09,0,1,-0.0255834812574191
ITUB4,1.01,90,Random Forest,2021-12-09,0,1,-0.0255834812574191
ITUB4,1.01,90,SVC,2021-12-09,0,1,-0.0255834812574191
ITUB4,1.01,90,RNA,2021-12-10,0,1,-0.0121621902796168
ITUB4,1.01,90,Random Forest,2021-12-10,0,0,-0.0121621902796168
ITUB4,1.01,90,SVC,2021-12-10,0,1,-0.0121621902796168
ITUB4,1.01,90,RNA,2021-12-13,1,1,0.01
ITUB4,1.01,90,Random Forest,2021-12-13,1,0,0.01
ITUB4,1.01,90,SVC,2021-12-13,1,1,0.01
ITUB4,1.01,90,RNA,2021-12-14,0,1,-0.0360565563354642
ITUB4,1.01,90,Random Forest,2021-12-14,0,0,-0.0360565563354642
ITUB4,1.01,90,SVC,2021-12-14,0,1,-0.0360565563354642
ITUB4,1.01,90,RNA,2021-12-15,0,1,-0.0342465322563038
ITUB4,1.01,90,Random Forest,2021-12-15,0,0,-0.0342465322563038
ITUB4,1.01,90,SVC,2021-12-15,0,1,-0.0342465322563038
ITUB4,1.01,90,RNA,2021-12-16,1,1,0.01
ITUB4,1.01,90,Random Forest,2021-12-16,1,0,0.01
ITUB4,1.01,90,SVC,2021-12-16,1,1,0.01
ITUB4,1.01,90,RNA,2021-12-17,0,1,-0.0065177060386053
ITUB4,1.01,90,Random Forest,2021-12-17,0,0,-0.0065177060386053
ITUB4,1.01,90,SVC,2021-12-17,0,1,-0.0065177060386053
ITUB4,1.01,90,RNA,2021-12-20,1,1,0.01
ITUB4,1.01,90,Random Forest,2021-12-20,1,1,0.01
ITUB4,1.01,90,SVC,2021-12-20,1,1,0.01
ITUB4,1.01,90,RNA,2021-12-21,1,1,0.01
ITUB4,1.01,90,Random Forest,2021-12-21,1,0,0.01
ITUB4,1.01,90,SVC,2021-12-21,1,1,0.01
ITUB4,1.01,90,RNA,2021-12-22,1,0,0.01
ITUB4,1.01,90,Random Forest,2021-12-22,1,1,0.01
ITUB4,1.01,90,SVC,2021-12-22,1,1,0.01
ITUB4,1.01,90,RNA,2021-12-23,1,1,0.01
ITUB4,1.01,90,Random Forest,2021-12-23,1,1,0.01
ITUB4,1.01,90,SVC,2021-12-23,1,1,0.01
ITUB4,1.01,90,RNA,2021-12-27,0,1,-0.0047098264950297
ITUB4,1.01,90,Random Forest,2021-12-27,0,1,-0.0047098264950297
ITUB4,1.01,90,SVC,2021-12-27,0,1,-0.0047098264950297
ITUB4,1.01,90,RNA,2021-12-28,1,1,0.01
ITUB4,1.01,90,Random Forest,2021-12-28,1,1,0.01
ITUB4,1.01,90,SVC,2021-12-28,1,1,0.01
ITUB4,1.01,90,RNA,2021-12-29,1,1,0.01
ITUB4,1.01,90,Random Forest,2021-12-29,1,1,0.01
ITUB4,1.01,90,SVC,2021-12-29,1,1,0.01
ITUB4,1.01,90,RNA,2021-12-30,1,1,0.01
ITUB4,1.01,90,Random Forest,2021-12-30,1,1,0.01
ITUB4,1.01,90,SVC,2021-12-30,1,1,0.01
ITUB4,1.01,90,RNA,2022-01-03,1,1,0.01
ITUB4,1.01,90,Random Forest,2022-01-03,1,1,0.01
ITUB4,1.01,90,SVC,2022-01-03,1,1,0.01
ITUB4,1.01,90,RNA,2022-01-04,1,1,0.01
ITUB4,1.01,90,Random Forest,2022-01-04,1,1,0.01
ITUB4,1.01,90,SVC,2022-01-04,1,1,0.01
ITUB4,1.01,90,RNA,2022-01-05,1,1,0.01
ITUB4,1.01,90,Random Forest,2022-01-05,1,0,0.01
ITUB4,1.01,90,SVC,2022-01-05,1,1,0.01
ITUB4,1.01,90,RNA,2022-01-06,1,1,0.01
ITUB4,1.01,90,Random Forest,2022-01-06,1,1,0.01
ITUB4,1.01,90,SVC,2022-01-06,1,1,0.01
ITUB4,1.01,90,RNA,2022-01-07,1,1,0.01
ITUB4,1.01,90,Random Forest,2022-01-07,1,1,0.01
ITUB4,1.01,90,SVC,2022-01-07,1,1,0.01
ITUB4,1.01,90,RNA,2022-01-10,1,1,0.01
ITUB4,1.01,90,Random Forest,2022-01-10,1,1,0.01
ITUB4,1.01,90,SVC,2022-01-10,1,1,0.01
ITUB4,1.01,90,RNA,2022-01-11,1,1,0.01
ITUB4,1.01,90,Random Forest,2022-01-11,1,1,0.01
ITUB4,1.01,90,SVC,2022-01-11,1,1,0.01
ITUB4,1.01,90,RNA,2022-01-12,1,1,0.01
ITUB4,1.01,90,Random Forest,2022-01-12,1,1,0.01
ITUB4,1.01,90,SVC,2022-01-12,1,1,0.01
ITUB4,1.01,90,RNA,2022-01-13,1,1,0.01
ITUB4,1.01,90,Random Forest,2022-01-13,1,1,0.01
ITUB4,1.01,90,SVC,2022-01-13,1,1,0.01
ITUB4,1.01,90,RNA,2022-01-14,1,1,0.01
ITUB4,1.01,90,Random Forest,2022-01-14,1,1,0.01
ITUB4,1.01,90,SVC,2022-01-14,1,1,0.01
ITUB4,1.01,90,RNA,2022-01-17,1,1,0.01
ITUB4,1.01,90,Random Forest,2022-01-17,1,1,0.01
ITUB4,1.01,90,SVC,2022-01-17,1,1,0.01
ITUB4,1.01,90,RNA,2022-01-18,1,1,0.01
ITUB4,1.01,90,Random Forest,2022-01-18,1,1,0.01
ITUB4,1.01,90,SVC,2022-01-18,1,1,0.01
ITUB4,1.01,90,RNA,2022-01-19,1,1,0.01
ITUB4,1.01,90,Random Forest,2022-01-19,1,1,0.01
ITUB4,1.01,90,SVC,2022-01-19,1,1,0.01
ITUB4,1.01,90,RNA,2022-01-20,1,1,0.01
ITUB4,1.01,90,Random Forest,2022-01-20,1,1,0.01
ITUB4,1.01,90,SVC,2022-01-20,1,1,0.01
ITUB4,1.01,90,RNA,2022-01-21,1,1,0.01
ITUB4,1.01,90,Random Forest,2022-01-21,1,1,0.01
ITUB4,1.01,90,SVC,2022-01-21,1,1,0.01
ITUB4,1.01,90,RNA,2022-01-24,1,1,0.01
ITUB4,1.01,90,Random Forest,2022-01-24,1,1,0.01
ITUB4,1.01,90,SVC,2022-01-24,1,1,0.01
ITUB4,1.01,90,RNA,2022-01-25,1,1,0.01
ITUB4,1.01,90,Random Forest,2022-01-25,1,1,0.01
ITUB4,1.01,90,SVC,2022-01-25,1,1,0.01
ITUB4,1.01,90,RNA,2022-01-26,1,1,0.01
ITUB4,1.01,90,Random Forest,2022-01-26,1,1,0.01
ITUB4,1.01,90,SVC,2022-01-26,1,1,0.01
ITUB4,1.01,90,RNA,2022-01-27,1,1,0.01
ITUB4,1.01,90,Random Forest,2022-01-27,1,1,0.01
ITUB4,1.01,90,SVC,2022-01-27,1,1,0.01
ITUB4,1.01,90,RNA,2022-01-28,1,1,0.01
ITUB4,1.01,90,Random Forest,2022-01-28,1,1,0.01
ITUB4,1.01,90,SVC,2022-01-28,1,1,0.01
ITUB4,1.01,90,RNA,2022-01-31,1,1,0.01
ITUB4,1.01,90,Random Forest,2022-01-31,1,1,0.01
ITUB4,1.01,90,SVC,2022-01-31,1,1,0.01
ITUB4,1.01,90,RNA,2022-02-01,1,1,0.01
ITUB4,1.01,90,Random Forest,2022-02-01,1,1,0.01
ITUB4,1.01,90,SVC,2022-02-01,1,1,0.01
ITUB4,1.01,90,RNA,2022-02-02,1,1,0.01
ITUB4,1.01,90,Random Forest,2022-02-02,1,1,0.01
ITUB4,1.01,90,SVC,2022-02-02,1,1,0.01
ITUB4,1.01,90,RNA,2022-02-03,1,1,0.01
ITUB4,1.01,90,Random Forest,2022-02-03,1,1,0.01
ITUB4,1.01,90,SVC,2022-02-03,1,1,0.01
ITUB4,1.01,90,RNA,2022-02-04,1,1,0.01
ITUB4,1.01,90,Random Forest,2022-02-04,1,1,0.01
ITUB4,1.01,90,SVC,2022-02-04,1,1,0.01
ITUB4,1.01,90,RNA,2022-02-07,1,1,0.01
ITUB4,1.01,90,Random Forest,2022-02-07,1,1,0.01
ITUB4,1.01,90,SVC,2022-02-07,1,1,0.01
ITUB4,1.01,90,RNA,2022-02-08,1,1,0.01
ITUB4,1.01,90,Random Forest,2022-02-08,1,1,0.01
ITUB4,1.01,90,SVC,2022-02-08,1,1,0.01
ITUB4,1.01,90,RNA,2022-02-09,1,1,0.01
ITUB4,1.01,90,Random Forest,2022-02-09,1,1,0.01
ITUB4,1.01,90,SVC,2022-02-09,1,1,0.01
ITUB4,1.01,90,RNA,2022-02-10,1,1,0.01
ITUB4,1.01,90,Random Forest,2022-02-10,1,1,0.01
ITUB4,1.01,90,SVC,2022-02-10,1,1,0.01
ITUB4,1.01,90,RNA,2022-02-11,1,1,0.01
ITUB4,1.01,90,Random Forest,2022-02-11,1,1,0.01
ITUB4,1.01,90,SVC,2022-02-11,1,1,0.01
ITUB4,1.01,90,RNA,2022-02-14,0,1,-0.0235074318756265
ITUB4,1.01,90,Random Forest,2022-02-14,0,1,-0.0235074318756265
ITUB4,1.01,90,SVC,2022-02-14,0,1,-0.0235074318756265
ITUB4,1.01,90,RNA,2022-02-15,0,1,-0.0466766308714334
ITUB4,1.01,90,Random Forest,2022-02-15,0,1,-0.0466766308714334
ITUB4,1.01,90,SVC,2022-02-15,0,1,-0.0466766308714334
ITUB4,1.01,90,RNA,2022-02-16,0,1,-0.0240991402402619
ITUB4,1.01,90,Random Forest,2022-02-16,0,1,-0.0240991402402619
ITUB4,1.01,90,SVC,2022-02-16,0,1,-0.0240991402402619
ITUB4,1.01,90,RNA,2022-02-17,1,1,0.01
ITUB4,1.01,90,Random Forest,2022-02-17,1,1,0.01
ITUB4,1.01,90,SVC,2022-02-17,1,1,0.01
ITUB4,1.01,90,RNA,2022-02-18,0,1,-0.0479084674639354
ITUB4,1.01,90,Random Forest,2022-02-18,0,1,-0.0479084674639354
ITUB4,1.01,90,SVC,2022-02-18,0,1,-0.0479084674639354
ITUB4,1.01,90,RNA,2022-02-21,1,1,0.01
ITUB4,1.01,90,Random Forest,2022-02-21,1,1,0.01
ITUB4,1.01,90,SVC,2022-02-21,1,1,0.01
ITUB4,1.01,90,RNA,2022-02-22,1,1,0.01
ITUB4,1.01,90,Random Forest,2022-02-22,1,1,0.01
ITUB4,1.01,90,SVC,2022-02-22,1,1,0.01
ITUB4,1.01,90,RNA,2022-02-23,1,1,0.01
ITUB4,1.01,90,Random Forest,2022-02-23,1,1,0.01
ITUB4,1.01,90,SVC,2022-02-23,1,1,0.01
ITUB4,1.01,90,RNA,2022-02-24,1,1,0.01
ITUB4,1.01,90,Random Forest,2022-02-24,1,1,0.01
ITUB4,1.01,90,SVC,2022-02-24,1,1,0.01
ITUB4,1.01,90,RNA,2022-02-25,1,1,0.01
ITUB4,1.01,90,Random Forest,2022-02-25,1,1,0.01
ITUB4,1.01,90,SVC,2022-02-25,1,1,0.01
ITUB4,1.01,90,RNA,2022-03-02,1,1,0.01
ITUB4,1.01,90,Random Forest,2022-03-02,1,1,0.01
ITUB4,1.01,90,SVC,2022-03-02,1,1,0.01
ITUB4,1.01,90,RNA,2022-03-03,0,1,0.0011966216512069
ITUB4,1.01,90,Random Forest,2022-03-03,0,1,0.0011966216512069
ITUB4,1.01,90,SVC,2022-03-03,0,1,0.0011966216512069
ITUB4,1.01,90,RNA,2022-03-04,1,1,0.01
ITUB4,1.01,90,Random Forest,2022-03-04,1,1,0.01
ITUB4,1.01,90,SVC,2022-03-04,1,1,0.01
ITUB4,1.01,90,RNA,2022-03-07,1,1,0.01
ITUB4,1.01,90,Random Forest,2022-03-07,1,1,0.01
ITUB4,1.01,90,SVC,2022-03-07,1,1,0.01
ITUB4,1.01,90,RNA,2022-03-08,1,1,0.01
ITUB4,1.01,90,Random Forest,2022-03-08,1,1,0.01
ITUB4,1.01,90,SVC,2022-03-08,1,1,0.01
ITUB4,1.01,90,RNA,2022-03-09,1,1,0.01
ITUB4,1.01,90,Random Forest,2022-03-09,1,1,0.01
ITUB4,1.01,90,SVC,2022-03-09,1,1,0.01
ITUB4,1.01,90,RNA,2022-03-10,1,1,0.01
ITUB4,1.01,90,Random Forest,2022-03-10,1,1,0.01
ITUB4,1.01,90,SVC,2022-03-10,1,1,0.01
ITUB4,1.01,90,RNA,2022-03-11,1,1,0.01
ITUB4,1.01,90,Random Forest,2022-03-11,1,1,0.01
ITUB4,1.01,90,SVC,2022-03-11,1,1,0.01
ITUB4,1.01,90,RNA,2022-03-14,1,1,0.01
ITUB4,1.01,90,Random Forest,2022-03-14,1,1,0.01
ITUB4,1.01,90,SVC,2022-03-14,1,1,0.01
ITUB4,1.01,90,RNA,2022-03-15,1,1,0.01
ITUB4,1.01,90,Random Forest,2022-03-15,1,1,0.01
ITUB4,1.01,90,SVC,2022-03-15,1,1,0.01
ITUB4,1.01,90,RNA,2022-03-16,1,0,0.01
ITUB4,1.01,90,Random Forest,2022-03-16,1,1,0.01
ITUB4,1.01,90,SVC,2022-03-16,1,1,0.01
ITUB4,1.01,90,RNA,2022-03-17,1,1,0.01
ITUB4,1.01,90,Random Forest,2022-03-17,1,1,0.01
ITUB4,1.01,90,SVC,2022-03-17,1,1,0.01
ITUB4,1.01,90,RNA,2022-03-18,1,1,0.01
ITUB4,1.01,90,Random Forest,2022-03-18,1,1,0.01
ITUB4,1.01,90,SVC,2022-03-18,1,1,0.01
ITUB4,1.01,90,RNA,2022-03-21,1,1,0.01
ITUB4,1.01,90,Random Forest,2022-03-21,1,1,0.01
ITUB4,1.01,90,SVC,2022-03-21,1,1,0.01
ITUB4,1.01,90,RNA,2022-03-22,1,0,0.01
ITUB4,1.01,90,Random Forest,2022-03-22,1,1,0.01
ITUB4,1.01,90,SVC,2022-03-22,1,1,0.01
ITUB4,1.01,90,RNA,2022-03-23,1,1,0.01
ITUB4,1.01,90,Random Forest,2022-03-23,1,1,0.01
ITUB4,1.01,90,SVC,2022-03-23,1,1,0.01
ITUB4,1.01,90,RNA,2022-03-24,1,1,0.01
ITUB4,1.01,90,Random Forest,2022-03-24,1,1,0.01
ITUB4,1.01,90,SVC,2022-03-24,1,1,0.01
ITUB4,1.01,90,RNA,2022-03-25,1,1,0.01
ITUB4,1.01,90,Random Forest,2022-03-25,1,1,0.01
ITUB4,1.01,90,SVC,2022-03-25,1,1,0.01
ITUB4,1.01,90,RNA,2022-03-28,1,1,0.01
ITUB4,1.01,90,Random Forest,2022-03-28,1,1,0.01
ITUB4,1.01,90,SVC,2022-03-28,1,1,0.01
ITUB4,1.01,90,RNA,2022-03-29,0,1,-0.0191260467010287
ITUB4,1.01,90,Random Forest,2022-03-29,0,1,-0.0191260467010287
ITUB4,1.01,90,SVC,2022-03-29,0,1,-0.0191260467010287
ITUB4,1.01,90,RNA,2022-03-30,0,1,-0.0402733956983835
ITUB4,1.01,90,Random Forest,2022-03-30,0,1,-0.0402733956983835
ITUB4,1.01,90,SVC,2022-03-30,0,1,-0.0402733956983835
ITUB4,1.01,90,RNA,2022-03-31,0,1,-0.035018065908836
ITUB4,1.01,90,Random Forest,2022-03-31,0,0,-0.035018065908836
ITUB4,1.01,90,SVC,2022-03-31,0,1,-0.035018065908836
ITUB4,1.01,90,RNA,2022-04-01,0,1,-0.0269581373545115
ITUB4,1.01,90,Random Forest,2022-04-01,0,1,-0.0269581373545115
ITUB4,1.01,90,SVC,2022-04-01,0,1,-0.0269581373545115
ITUB4,1.01,90,RNA,2022-04-04,0,1,-0.020932810595951
ITUB4,1.01,90,Random Forest,2022-04-04,0,0,-0.020932810595951
ITUB4,1.01,90,SVC,2022-04-04,0,1,-0.020932810595951
ITUB4,1.01,90,RNA,2022-04-05,1,1,0.01
ITUB4,1.01,90,Random Forest,2022-04-05,1,0,0.01
ITUB4,1.01,90,SVC,2022-04-05,1,1,0.01
ITUB4,1.01,90,RNA,2022-04-06,1,1,0.01
ITUB4,1.01,90,Random Forest,2022-04-06,1,1,0.01
ITUB4,1.01,90,SVC,2022-04-06,1,1,0.01
ITUB4,1.01,90,RNA,2022-04-07,1,1,0.01
ITUB4,1.01,90,Random Forest,2022-04-07,1,1,0.01
ITUB4,1.01,90,SVC,2022-04-07,1,1,0.01
ITUB4,1.01,90,RNA,2022-04-08,1,1,0.01
ITUB4,1.01,90,Random Forest,2022-04-08,1,1,0.01
ITUB4,1.01,90,SVC,2022-04-08,1,1,0.01
ITUB4,1.01,90,RNA,2022-04-11,0,1,-0.0119403085524354
ITUB4,1.01,90,Random Forest,2022-04-11,0,1,-0.0119403085524354
ITUB4,1.01,90,SVC,2022-04-11,0,1,-0.0119403085524354
ITUB4,1.01,90,RNA,2022-04-12,1,0,0.01
ITUB4,1.01,90,Random Forest,2022-04-12,1,1,0.01
ITUB4,1.01,90,SVC,2022-04-12,1,1,0.01
ITUB4,1.01,90,RNA,2022-04-13,1,1,0.01
ITUB4,1.01,90,Random Forest,2022-04-13,1,1,0.01
ITUB4,1.01,90,SVC,2022-04-13,1,1,0.01
ITUB4,1.01,90,RNA,2022-04-14,1,1,0.01
ITUB4,1.01,90,Random Forest,2022-04-14,1,1,0.01
ITUB4,1.01,90,SVC,2022-04-14,1,1,0.01
ITUB4,1.01,90,RNA,2022-04-18,0,1,-0.0358220153171914
ITUB4,1.01,90,Random Forest,2022-04-18,0,1,-0.0358220153171914
ITUB4,1.01,90,SVC,2022-04-18,0,1,-0.0358220153171914
ITUB4,1.01,90,RNA,2022-04-19,0,1,-0.0507301934568943
ITUB4,1.01,90,Random Forest,2022-04-19,0,1,-0.0507301934568943
ITUB4,1.01,90,SVC,2022-04-19,0,1,-0.0507301934568943
ITUB4,1.01,90,RNA,2022-04-20,0,1,-0.0540540287712879
ITUB4,1.01,90,Random Forest,2022-04-20,0,1,-0.0540540287712879
ITUB4,1.01,90,SVC,2022-04-20,0,1,-0.0540540287712879
ITUB4,1.01,90,RNA,2022-04-22,0,1,-0.0470588241504158
ITUB4,1.01,90,Random Forest,2022-04-22,0,0,-0.0470588241504158
ITUB4,1.01,90,SVC,2022-04-22,0,1,-0.0470588241504158
ITUB4,1.01,90,RNA,2022-04-25,0,1,-0.0550277017137272
ITUB4,1.01,90,Random Forest,2022-04-25,0,1,-0.0550277017137272
ITUB4,1.01,90,SVC,2022-04-25,0,1,-0.0550277017137272
ITUB4,1.01,90,RNA,2022-04-26,0,1,-0.0489169900846493
ITUB4,1.01,90,Random Forest,2022-04-26,0,1,-0.0489169900846493
ITUB4,1.01,90,SVC,2022-04-26,0,1,-0.0489169900846493
ITUB4,1.01,90,RNA,2022-04-27,1,1,0.01
ITUB4,1.01,90,Random Forest,2022-04-27,1,1,0.01
ITUB4,1.01,90,SVC,2022-04-27,1,1,0.01
ITUB4,1.01,90,RNA,2022-04-28,1,1,0.01
ITUB4,1.01,90,Random Forest,2022-04-28,1,1,0.01
ITUB4,1.01,90,SVC,2022-04-28,1,1,0.01
ITUB4,1.01,90,RNA,2022-04-29,1,1,0.01
ITUB4,1.01,90,Random Forest,2022-04-29,1,1,0.01
ITUB4,1.01,90,SVC,2022-04-29,1,1,0.01
ITUB4,1.01,90,RNA,2022-05-02,1,1,0.01
ITUB4,1.01,90,Random Forest,2022-05-02,1,1,0.01
ITUB4,1.01,90,SVC,2022-05-02,1,1,0.01
ITUB4,1.01,90,RNA,2022-05-03,1,1,0.01
ITUB4,1.01,90,Random Forest,2022-05-03,1,1,0.01
ITUB4,1.01,90,SVC,2022-05-03,1,1,0.01
ITUB4,1.01,90,RNA,2022-05-04,1,1,0.01
ITUB4,1.01,90,Random Forest,2022-05-04,1,1,0.01
ITUB4,1.01,90,SVC,2022-05-04,1,1,0.01
ITUB4,1.01,90,RNA,2022-05-05,1,1,0.01
ITUB4,1.01,90,Random Forest,2022-05-05,1,1,0.01
ITUB4,1.01,90,SVC,2022-05-05,1,1,0.01
ITUB4,1.01,90,RNA,2022-05-06,1,1,0.01
ITUB4,1.01,90,Random Forest,2022-05-06,1,1,0.01
ITUB4,1.01,90,SVC,2022-05-06,1,1,0.01
ITUB4,1.01,90,RNA,2022-05-09,1,0,0.01
ITUB4,1.01,90,Random Forest,2022-05-09,1,1,0.01
ITUB4,1.01,90,SVC,2022-05-09,1,1,0.01
ITUB4,1.01,90,RNA,2022-05-10,1,1,0.01
ITUB4,1.01,90,Random Forest,2022-05-10,1,1,0.01
ITUB4,1.01,90,SVC,2022-05-10,1,1,0.01
ITUB4,1.01,90,RNA,2022-05-11,1,1,0.01
ITUB4,1.01,90,Random Forest,2022-05-11,1,1,0.01
ITUB4,1.01,90,SVC,2022-05-11,1,1,0.01
ITUB4,1.01,90,RNA,2022-05-12,1,1,0.01
ITUB4,1.01,90,Random Forest,2022-05-12,1,1,0.01
ITUB4,1.01,90,SVC,2022-05-12,1,1,0.01
ITUB4,1.01,90,RNA,2022-05-13,1,1,0.01
ITUB4,1.01,90,Random Forest,2022-05-13,1,1,0.01
ITUB4,1.01,90,SVC,2022-05-13,1,1,0.01
ITUB4,1.01,90,RNA,2022-05-16,1,1,0.01
ITUB4,1.01,90,Random Forest,2022-05-16,1,1,0.01
ITUB4,1.01,90,SVC,2022-05-16,1,1,0.01
ITUB4,1.01,90,RNA,2022-05-17,1,1,0.01
ITUB4,1.01,90,Random Forest,2022-05-17,1,1,0.01
ITUB4,1.01,90,SVC,2022-05-17,1,1,0.01
ITUB4,1.01,90,RNA,2022-05-18,1,1,0.01
ITUB4,1.01,90,Random Forest,2022-05-18,1,1,0.01
ITUB4,1.01,90,SVC,2022-05-18,1,1,0.01
ITUB4,1.01,90,RNA,2022-05-19,1,1,0.01
ITUB4,1.01,90,Random Forest,2022-05-19,1,1,0.01
ITUB4,1.01,90,SVC,2022-05-19,1,1,0.01
ITUB4,1.01,90,RNA,2022-05-20,1,1,0.01
ITUB4,1.01,90,Random Forest,2022-05-20,1,1,0.01
ITUB4,1.01,90,SVC,2022-05-20,1,1,0.01
ITUB4,1.01,90,RNA,2022-05-23,1,1,0.01
ITUB4,1.01,90,Random Forest,2022-05-23,1,1,0.01
ITUB4,1.01,90,SVC,2022-05-23,1,1,0.01
ITUB4,1.01,90,RNA,2022-05-24,1,1,0.01
ITUB4,1.01,90,Random Forest,2022-05-24,1,1,0.01
ITUB4,1.01,90,SVC,2022-05-24,1,1,0.01
ITUB4,1.01,90,RNA,2022-05-25,1,1,0.01
ITUB4,1.01,90,Random Forest,2022-05-25,1,1,0.01
ITUB4,1.01,90,SVC,2022-05-25,1,1,0.01
ITUB4,1.01,90,RNA,2022-05-26,1,1,0.01
ITUB4,1.01,90,Random Forest,2022-05-26,1,1,0.01
ITUB4,1.01,90,SVC,2022-05-26,1,1,0.01
ITUB4,1.01,90,RNA,2022-05-27,0,1,-0.0137995024253322
ITUB4,1.01,90,Random Forest,2022-05-27,0,1,-0.0137995024253322
ITUB4,1.01,90,SVC,2022-05-27,0,1,-0.0137995024253322
ITUB4,1.01,90,RNA,2022-05-30,0,1,-0.0203310780095277
ITUB4,1.01,90,Random Forest,2022-05-30,0,1,-0.0203310780095277
ITUB4,1.01,90,SVC,2022-05-30,0,1,-0.0203310780095277
ITUB4,1.01,90,RNA,2022-05-31,0,1,-0.0277672243527614
ITUB4,1.01,90,Random Forest,2022-05-31,0,1,-0.0277672243527614
ITUB4,1.01,90,SVC,2022-05-31,0,1,-0.0277672243527614
ITUB4,1.01,90,RNA,2022-06-01,0,1,-0.0176786889121048
ITUB4,1.01,90,Random Forest,2022-06-01,0,1,-0.0176786889121048
ITUB4,1.01,90,SVC,2022-06-01,0,1,-0.0176786889121048
ITUB4,1.01,90,RNA,2022-06-02,0,1,-0.026407777815245
ITUB4,1.01,90,Random Forest,2022-06-02,0,1,-0.026407777815245
ITUB4,1.01,90,SVC,2022-06-02,0,1,-0.026407777815245
ITUB4,1.01,90,RNA,2022-06-03,0,1,-0.0468085250204608
ITUB4,1.01,90,Random Forest,2022-06-03,0,1,-0.0468085250204608
ITUB4,1.01,90,SVC,2022-06-03,0,1,-0.0468085250204608
ITUB4,1.01,90,RNA,2022-06-06,0,1,-0.0537888035915916
ITUB4,1.01,90,Random Forest,2022-06-06,0,0,-0.0537888035915916
ITUB4,1.01,90,SVC,2022-06-06,0,1,-0.0537888035915916
ITUB4,1.01,90,RNA,2022-06-07,0,1,-0.0644400406712316
ITUB4,1.01,90,Random Forest,2022-06-07,0,0,-0.0644400406712316
ITUB4,1.01,90,SVC,2022-06-07,0,1,-0.0644400406712316
ITUB4,1.01,90,RNA,2022-06-08,0,1,-0.0562649363477463
ITUB4,1.01,90,Random Forest,2022-06-08,0,0,-0.0562649363477463
ITUB4,1.01,90,SVC,2022-06-08,0,1,-0.0562649363477463
ITUB4,1.01,90,RNA,2022-06-09,0,1,-0.032192312455432
ITUB4,1.01,90,Random Forest,2022-06-09,0,1,-0.032192312455432
ITUB4,1.01,90,SVC,2022-06-09,0,1,-0.032192312455432
ITUB4,1.01,90,RNA,2022-06-10,0,1,-0.0229166936191477
ITUB4,1.01,90,Random Forest,2022-06-10,0,1,-0.0229166936191477
ITUB4,1.01,90,SVC,2022-06-10,0,1,-0.0229166936191477
ITUB4,1.01,90,RNA,2022-06-13,1,1,0.01
ITUB4,1.01,90,Random Forest,2022-06-13,1,1,0.01
ITUB4,1.01,90,SVC,2022-06-13,1,1,0.01
ITUB4,1.01,90,RNA,2022-06-14,1,1,0.01
ITUB4,1.01,90,Random Forest,2022-06-14,1,1,0.01
ITUB4,1.01,90,SVC,2022-06-14,1,1,0.01
ITUB4,1.01,90,RNA,2022-06-15,1,1,0.01
ITUB4,1.01,90,Random Forest,2022-06-15,1,1,0.01
ITUB4,1.01,90,SVC,2022-06-15,1,1,0.01
ITUB4,1.01,90,RNA,2022-06-17,1,0,0.01
ITUB4,1.01,90,Random Forest,2022-06-17,1,1,0.01
ITUB4,1.01,90,SVC,2022-06-17,1,1,0.01
ITUB4,1.01,90,RNA,2022-06-20,0,1,-0.0456026274335767
ITUB4,1.01,90,Random Forest,2022-06-20,0,1,-0.0456026274335767
ITUB4,1.01,90,SVC,2022-06-20,0,1,-0.0456026274335767
ITUB4,1.01,90,RNA,2022-06-21,0,1,-0.0284301836254713
ITUB4,1.01,90,Random Forest,2022-06-21,0,1,-0.0284301836254713
ITUB4,1.01,90,SVC,2022-06-21,0,1,-0.0284301836254713
ITUB4,1.01,90,RNA,2022-06-22,0,1,-0.0307564126464507
ITUB4,1.01,90,Random Forest,2022-06-22,0,1,-0.0307564126464507
ITUB4,1.01,90,SVC,2022-06-22,0,1,-0.0307564126464507
ITUB4,1.01,90,RNA,2022-06-23,0,1,-0.0257492468736639
ITUB4,1.01,90,Random Forest,2022-06-23,0,1,-0.0257492468736639
ITUB4,1.01,90,SVC,2022-06-23,0,1,-0.0257492468736639
ITUB4,1.01,90,RNA,2022-06-24,1,1,0.01
ITUB4,1.01,90,Random Forest,2022-06-24,1,1,0.01
ITUB4,1.01,90,SVC,2022-06-24,1,1,0.01
ITUB4,1.01,90,RNA,2022-06-27,0,0,-0.0363331442232922
ITUB4,1.01,90,Random Forest,2022-06-27,0,0,-0.0363331442232922
ITUB4,1.01,90,SVC,2022-06-27,0,1,-0.0363331442232922
ITUB4,1.01,90,RNA,2022-06-28,0,0,-0.0350386772035582
ITUB4,1.01,90,Random Forest,2022-06-28,0,1,-0.0350386772035582
ITUB4,1.01,90,SVC,2022-06-28,0,1,-0.0350386772035582
ITUB4,1.01,90,RNA,2022-06-29,0,1,-0.0005360591833839
ITUB4,1.01,90,Random Forest,2022-06-29,0,1,-0.0005360591833839
ITUB4,1.01,90,SVC,2022-06-29,0,1,-0.0005360591833839
ITUB4,1.01,90,RNA,2022-06-30,1,1,0.01
ITUB4,1.01,90,Random Forest,2022-06-30,1,0,0.01
ITUB4,1.01,90,SVC,2022-06-30,1,1,0.01
ITUB4,1.01,90,RNA,2022-07-01,1,0,0.01
ITUB4,1.01,90,Random Forest,2022-07-01,1,0,0.01
ITUB4,1.01,90,SVC,2022-07-01,1,1,0.01
ITUB4,1.01,90,RNA,2022-07-04,1,1,0.01
ITUB4,1.01,90,Random Forest,2022-07-04,1,0,0.01
ITUB4,1.01,90,SVC,2022-07-04,1,1,0.01
ITUB4,1.01,90,RNA,2022-07-05,1,1,0.01
ITUB4,1.01,90,Random Forest,2022-07-05,1,1,0.01
ITUB4,1.01,90,SVC,2022-07-05,1,1,0.01
ITUB4,1.01,90,RNA,2022-07-06,1,1,0.01
ITUB4,1.01,90,Random Forest,2022-07-06,1,1,0.01
ITUB4,1.01,90,SVC,2022-07-06,1,1,0.01
ITUB4,1.01,90,RNA,2022-07-07,0,0,-0.0357296566372041
ITUB4,1.01,90,Random Forest,2022-07-07,0,1,-0.0357296566372041
ITUB4,1.01,90,SVC,2022-07-07,0,1,-0.0357296566372041
ITUB4,1.01,90,RNA,2022-07-08,0,1,-0.0194777031141839
ITUB4,1.01,90,Random Forest,2022-07-08,0,1,-0.0194777031141839
ITUB4,1.01,90,SVC,2022-07-08,0,1,-0.0194777031141839
ITUB4,1.01,90,RNA,2022-07-11,0,1,0.0008876944070723
ITUB4,1.01,90,Random Forest,2022-07-11,0,0,0.0008876944070723
ITUB4,1.01,90,SVC,2022-07-11,0,1,0.0008876944070723
ITUB4,1.01,90,RNA,2022-07-12,1,1,0.01
ITUB4,1.01,90,Random Forest,2022-07-12,1,0,0.01
ITUB4,1.01,90,SVC,2022-07-12,1,1,0.01
ITUB4,1.01,90,RNA,2022-07-13,1,1,0.01
ITUB4,1.01,90,Random Forest,2022-07-13,1,0,0.01
ITUB4,1.01,90,SVC,2022-07-13,1,1,0.01
ITUB4,1.01,90,RNA,2022-07-14,1,1,0.01
ITUB4,1.01,90,Random Forest,2022-07-14,1,1,0.01
ITUB4,1.01,90,SVC,2022-07-14,1,1,0.01
ITUB4,1.01,90,RNA,2022-07-15,1,1,0.01
ITUB4,1.01,90,Random Forest,2022-07-15,1,1,0.01
ITUB4,1.01,90,SVC,2022-07-15,1,1,0.01
ITUB4,1.01,90,RNA,2022-07-18,1,1,0.01
ITUB4,1.01,90,Random Forest,2022-07-18,1,1,0.01
ITUB4,1.01,90,SVC,2022-07-18,1,1,0.01
ITUB4,1.01,90,RNA,2022-07-19,1,1,0.01
ITUB4,1.01,90,Random Forest,2022-07-19,1,1,0.01
ITUB4,1.01,90,SVC,2022-07-19,1,1,0.01
ITUB4,1.01,90,RNA,2022-07-20,1,1,0.01
ITUB4,1.01,90,Random Forest,2022-07-20,1,1,0.01
ITUB4,1.01,90,SVC,2022-07-20,1,1,0.01
ITUB4,1.01,90,RNA,2022-07-21,1,1,0.01
ITUB4,1.01,90,Random Forest,2022-07-21,1,1,0.01
ITUB4,1.01,90,SVC,2022-07-21,1,1,0.01
ITUB4,1.01,90,RNA,2022-07-22,1,1,0.01
ITUB4,1.01,90,Random Forest,2022-07-22,1,1,0.01
ITUB4,1.01,90,SVC,2022-07-22,1,1,0.01
ITUB4,1.01,90,RNA,2022-07-25,1,1,0.01
ITUB4,1.01,90,Random Forest,2022-07-25,1,1,0.01
ITUB4,1.01,90,SVC,2022-07-25,1,1,0.01
ITUB4,1.01,90,RNA,2022-07-26,1,1,0.01
ITUB4,1.01,90,Random Forest,2022-07-26,1,1,0.01
ITUB4,1.01,90,SVC,2022-07-26,1,1,0.01
ITUB4,1.01,90,RNA,2022-07-27,1,1,0.01
ITUB4,1.01,90,Random Forest,2022-07-27,1,1,0.01
ITUB4,1.01,90,SVC,2022-07-27,1,1,0.01
ITUB4,1.01,90,RNA,2022-07-28,1,1,0.01
ITUB4,1.01,90,Random Forest,2022-07-28,1,1,0.01
ITUB4,1.01,90,SVC,2022-07-28,1,1,0.01
ITUB4,1.01,90,RNA,2022-07-29,1,0,0.01
ITUB4,1.01,90,Random Forest,2022-07-29,1,1,0.01
ITUB4,1.01,90,SVC,2022-07-29,1,1,0.01
ITUB4,1.01,90,RNA,2022-08-01,1,1,0.01
ITUB4,1.01,90,Random Forest,2022-08-01,1,1,0.01
ITUB4,1.01,90,SVC,2022-08-01,1,1,0.01
ITUB4,1.01,90,RNA,2022-08-02,1,1,0.01
ITUB4,1.01,90,Random Forest,2022-08-02,1,1,0.01
ITUB4,1.01,90,SVC,2022-08-02,1,1,0.01
ITUB4,1.01,90,RNA,2022-08-03,1,1,0.01
ITUB4,1.01,90,Random Forest,2022-08-03,1,1,0.01
ITUB4,1.01,90,SVC,2022-08-03,1,1,0.01
ITUB4,1.01,90,RNA,2022-08-04,1,1,0.01
ITUB4,1.01,90,Random Forest,2022-08-04,1,1,0.01
ITUB4,1.01,90,SVC,2022-08-04,1,1,0.01
ITUB4,1.01,90,RNA,2022-08-05,1,1,0.01
ITUB4,1.01,90,Random Forest,2022-08-05,1,1,0.01
ITUB4,1.01,90,SVC,2022-08-05,1,1,0.01
ITUB4,1.01,90,RNA,2022-08-08,1,1,0.01
ITUB4,1.01,90,Random Forest,2022-08-08,1,1,0.01
ITUB4,1.01,90,SVC,2022-08-08,1,1,0.01
ITUB4,1.01,90,RNA,2022-08-09,1,1,0.01
ITUB4,1.01,90,Random Forest,2022-08-09,1,1,0.01
ITUB4,1.01,90,SVC,2022-08-09,1,1,0.01
ITUB4,1.01,90,RNA,2022-08-10,1,1,0.01
ITUB4,1.01,90,Random Forest,2022-08-10,1,1,0.01
ITUB4,1.01,90,SVC,2022-08-10,1,1,0.01
ITUB4,1.01,90,RNA,2022-08-11,1,0,0.01
ITUB4,1.01,90,Random Forest,2022-08-11,1,0,0.01
ITUB4,1.01,90,SVC,2022-08-11,1,1,0.01
ITUB4,1.01,90,RNA,2022-08-12,1,1,0.01
ITUB4,1.01,90,Random Forest,2022-08-12,1,1,0.01
ITUB4,1.01,90,SVC,2022-08-12,1,1,0.01
ITUB4,1.01,90,RNA,2022-08-15,1,0,0.01
ITUB4,1.01,90,Random Forest,2022-08-15,1,1,0.01
ITUB4,1.01,90,SVC,2022-08-15,1,1,0.01
ITUB4,1.01,90,RNA,2022-08-16,1,0,0.01
ITUB4,1.01,90,Random Forest,2022-08-16,1,1,0.01
ITUB4,1.01,90,SVC,2022-08-16,1,1,0.01
ITUB4,1.01,90,RNA,2022-08-17,0,0,-0.0244632343440613
ITUB4,1.01,90,Random Forest,2022-08-17,0,1,-0.0244632343440613
ITUB4,1.01,90,SVC,2022-08-17,0,1,-0.0244632343440613
ITUB4,1.01,90,RNA,2022-08-18,0,1,-0.010447767475726
ITUB4,1.01,90,Random Forest,2022-08-18,0,1,-0.010447767475726
ITUB4,1.01,90,SVC,2022-08-18,0,1,-0.010447767475726
ITUB4,1.01,90,RNA,2022-08-19,1,1,0.01
ITUB4,1.01,90,Random Forest,2022-08-19,1,1,0.01
ITUB4,1.01,90,SVC,2022-08-19,1,1,0.01
ITUB4,1.01,90,RNA,2022-08-22,1,1,0.01
ITUB4,1.01,90,Random Forest,2022-08-22,1,1,0.01
ITUB4,1.01,90,SVC,2022-08-22,1,1,0.01
ITUB4,1.01,90,RNA,2022-08-23,1,1,0.01
ITUB4,1.01,90,Random Forest,2022-08-23,1,1,0.01
ITUB4,1.01,90,SVC,2022-08-23,1,1,0.01
ITUB4,1.01,90,RNA,2022-08-24,1,1,0.01
ITUB4,1.01,90,Random Forest,2022-08-24,1,0,0.01
ITUB4,1.01,90,SVC,2022-08-24,1,1,0.01
ITUB4,1.01,90,RNA,2022-08-25,0,0,-0.040520448370624
ITUB4,1.01,90,Random Forest,2022-08-25,0,1,-0.040520448370624
ITUB4,1.01,90,SVC,2022-08-25,0,1,-0.040520448370624
ITUB4,1.01,90,RNA,2022-08-26,1,1,0.01
ITUB4,1.01,90,Random Forest,2022-08-26,1,1,0.01
ITUB4,1.01,90,SVC,2022-08-26,1,1,0.01
ITUB4,1.01,90,RNA,2022-08-29,0,1,-0.0053098970989149
ITUB4,1.01,90,Random Forest,2022-08-29,0,1,-0.0053098970989149
ITUB4,1.01,90,SVC,2022-08-29,0,1,-0.0053098970989149
ITUB4,1.01,90,RNA,2022-08-30,1,1,0.01
ITUB4,1.01,90,Random Forest,2022-08-30,1,1,0.01
ITUB4,1.01,90,SVC,2022-08-30,1,1,0.01
ITUB4,1.01,90,RNA,2022-08-31,1,1,0.01
ITUB4,1.01,90,Random Forest,2022-08-31,1,1,0.01
ITUB4,1.01,90,SVC,2022-08-31,1,1,0.01
ITUB4,1.01,90,RNA,2022-09-01,1,1,0.01
ITUB4,1.01,90,Random Forest,2022-09-01,1,1,0.01
ITUB4,1.01,90,SVC,2022-09-01,1,1,0.01
ITUB4,1.01,90,RNA,2022-09-02,1,1,0.01
ITUB4,1.01,90,Random Forest,2022-09-02,1,1,0.01
ITUB4,1.01,90,SVC,2022-09-02,1,1,0.01
ITUB4,1.01,90,RNA,2022-09-05,1,1,0.01
ITUB4,1.01,90,Random Forest,2022-09-05,1,1,0.01
ITUB4,1.01,90,SVC,2022-09-05,1,1,0.01
ITUB4,1.01,90,RNA,2022-09-06,1,1,0.01
ITUB4,1.01,90,Random Forest,2022-09-06,1,1,0.01
ITUB4,1.01,90,SVC,2022-09-06,1,1,0.01
ITUB4,1.01,90,RNA,2022-09-08,1,1,0.01
ITUB4,1.01,90,Random Forest,2022-09-08,1,1,0.01
ITUB4,1.01,90,SVC,2022-09-08,1,1,0.01
ITUB4,1.01,90,RNA,2022-09-09,1,1,0.01
ITUB4,1.01,90,Random Forest,2022-09-09,1,1,0.01
ITUB4,1.01,90,SVC,2022-09-09,1,1,0.01
ITUB4,1.01,90,RNA,2022-09-12,1,0,0.01
ITUB4,1.01,90,Random Forest,2022-09-12,1,1,0.01
ITUB4,1.01,90,SVC,2022-09-12,1,1,0.01
ITUB4,1.01,90,RNA,2022-09-13,1,1,0.01
ITUB4,1.01,90,Random Forest,2022-09-13,1,1,0.01
ITUB4,1.01,90,SVC,2022-09-13,1,1,0.01
ITUB4,1.01,90,RNA,2022-09-14,1,1,0.01
ITUB4,1.01,90,Random Forest,2022-09-14,1,1,0.01
ITUB4,1.01,90,SVC,2022-09-14,1,1,0.01
ITUB4,1.01,90,RNA,2022-09-15,1,1,0.01
ITUB4,1.01,90,Random Forest,2022-09-15,1,1,0.01
ITUB4,1.01,90,SVC,2022-09-15,1,1,0.01
ITUB4,1.01,90,RNA,2022-09-16,1,1,0.01
ITUB4,1.01,90,Random Forest,2022-09-16,1,1,0.01
ITUB4,1.01,90,SVC,2022-09-16,1,1,0.01
ITUB4,1.01,90,RNA,2022-09-19,1,1,0.01
ITUB4,1.01,90,Random Forest,2022-09-19,1,1,0.01
ITUB4,1.01,90,SVC,2022-09-19,1,1,0.01
ITUB4,1.01,90,RNA,2022-09-20,1,1,0.01
ITUB4,1.01,90,Random Forest,2022-09-20,1,1,0.01
ITUB4,1.01,90,SVC,2022-09-20,1,1,0.01
ITUB4,1.01,90,RNA,2022-09-21,1,1,0.01
ITUB4,1.01,90,Random Forest,2022-09-21,1,1,0.01
ITUB4,1.01,90,SVC,2022-09-21,1,1,0.01
ITUB4,1.01,90,RNA,2022-09-22,0,1,-0.0309859187811997
ITUB4,1.01,90,Random Forest,2022-09-22,0,1,-0.0309859187811997
ITUB4,1.01,90,SVC,2022-09-22,0,1,-0.0309859187811997
ITUB4,1.01,90,RNA,2022-09-23,0,1,-0.0071098370832829
ITUB4,1.01,90,Random Forest,2022-09-23,0,1,-0.0071098370832829
ITUB4,1.01,90,SVC,2022-09-23,0,1,-0.0071098370832829
ITUB4,1.01,90,RNA,2022-09-26,0,1,0.0028591810669964
ITUB4,1.01,90,Random Forest,2022-09-26,0,1,0.0028591810669964
ITUB4,1.01,90,SVC,2022-09-26,0,1,0.0028591810669964
ITUB4,1.01,90,RNA,2022-09-27,1,1,0.01
ITUB4,1.01,90,Random Forest,2022-09-27,1,1,0.01
ITUB4,1.01,90,SVC,2022-09-27,1,1,0.01
ITUB4,1.01,90,RNA,2022-09-28,1,1,0.01
ITUB4,1.01,90,Random Forest,2022-09-28,1,1,0.01
ITUB4,1.01,90,SVC,2022-09-28,1,1,0.01
ITUB4,1.01,90,RNA,2022-09-29,1,1,0.01
ITUB4,1.01,90,Random Forest,2022-09-29,1,1,0.01
ITUB4,1.01,90,SVC,2022-09-29,1,1,0.01
ITUB4,1.01,90,RNA,2022-09-30,1,1,0.01
ITUB4,1.01,90,Random Forest,2022-09-30,1,1,0.01
ITUB4,1.01,90,SVC,2022-09-30,1,1,0.01
ITUB4,1.01,90,RNA,2022-10-03,0,1,-0.0216883899160162
ITUB4,1.01,90,Random Forest,2022-10-03,0,0,-0.0216883899160162
ITUB4,1.01,90,SVC,2022-10-03,0,1,-0.0216883899160162
ITUB4,1.01,90,RNA,2022-10-04,0,1,-0.0287914252056065
ITUB4,1.01,90,Random Forest,2022-10-04,0,0,-0.0287914252056065
ITUB4,1.01,90,SVC,2022-10-04,0,1,-0.0287914252056065
ITUB4,1.01,90,RNA,2022-10-05,0,0,-0.0364548274555773
ITUB4,1.01,90,Random Forest,2022-10-05,0,0,-0.0364548274555773
ITUB4,1.01,90,SVC,2022-10-05,0,1,-0.0364548274555773
ITUB4,1.01,90,RNA,2022-10-06,1,1,0.01
ITUB4,1.01,90,Random Forest,2022-10-06,1,0,0.01
ITUB4,1.01,90,SVC,2022-10-06,1,1,0.01
ITUB4,1.01,90,RNA,2022-10-07,0,0,-0.0281546882763017
ITUB4,1.01,90,Random Forest,2022-10-07,0,0,-0.0281546882763017
ITUB4,1.01,90,SVC,2022-10-07,0,0,-0.0281546882763017
ITUB4,1.01,90,RNA,2022-10-10,0,0,-0.0006920638001016
ITUB4,1.01,90,Random Forest,2022-10-10,0,0,-0.0006920638001016
ITUB4,1.01,90,SVC,2022-10-10,0,0,-0.0006920638001016
ITUB4,1.01,90,RNA,2022-10-11,1,0,0.01
ITUB4,1.01,90,Random Forest,2022-10-11,1,0,0.01
ITUB4,1.01,90,SVC,2022-10-11,1,0,0.01
ITUB4,1.01,90,RNA,2022-10-13,1,1,0.01
ITUB4,1.01,90,Random Forest,2022-10-13,1,0,0.01
ITUB4,1.01,90,SVC,2022-10-13,1,0,0.01
ITUB4,1.01,90,RNA,2022-10-14,1,1,0.01
ITUB4,1.01,90,Random Forest,2022-10-14,1,0,0.01
ITUB4,1.01,90,SVC,2022-10-14,1,0,0.01
ITUB4,1.01,90,RNA,2022-10-17,1,0,0.01
ITUB4,1.01,90,Random Forest,2022-10-17,1,0,0.01
ITUB4,1.01,90,SVC,2022-10-17,1,0,0.01
ITUB4,1.01,90,RNA,2022-10-18,1,0,0.01
ITUB4,1.01,90,Random Forest,2022-10-18,1,1,0.01
ITUB4,1.01,90,SVC,2022-10-18,1,0,0.01
ITUB4,1.01,90,RNA,2022-10-19,1,1,0.01
ITUB4,1.01,90,Random Forest,2022-10-19,1,0,0.01
ITUB4,1.01,90,SVC,2022-10-19,1,1,0.01
ITUB4,1.01,90,RNA,2022-10-20,1,0,0.01
ITUB4,1.01,90,Random Forest,2022-10-20,1,0,0.01
ITUB4,1.01,90,SVC,2022-10-20,1,1,0.01
ITUB4,1.01,90,RNA,2022-10-21,0,1,-0.0486854687298442
ITUB4,1.01,90,Random Forest,2022-10-21,0,0,-0.0486854687298442
ITUB4,1.01,90,SVC,2022-10-21,0,1,-0.0486854687298442
ITUB4,1.01,90,RNA,2022-10-24,0,1,-0.0037099348777994
ITUB4,1.01,90,Random Forest,2022-10-24,0,0,-0.0037099348777994
ITUB4,1.01,90,SVC,2022-10-24,0,1,-0.0037099348777994
ITUB4,1.01,90,RNA,2022-10-25,1,0,0.01
ITUB4,1.01,90,Random Forest,2022-10-25,1,0,0.01
ITUB4,1.01,90,SVC,2022-10-25,1,1,0.01
ITUB4,1.01,90,RNA,2022-10-26,1,1,0.01
ITUB4,1.01,90,Random Forest,2022-10-26,1,1,0.01
ITUB4,1.01,90,SVC,2022-10-26,1,1,0.01
ITUB4,1.01,90,RNA,2022-10-27,1,1,0.01
ITUB4,1.01,90,Random Forest,2022-10-27,1,1,0.01
ITUB4,1.01,90,SVC,2022-10-27,1,1,0.01
ITUB4,1.01,90,RNA,2022-10-28,1,0,0.01
ITUB4,1.01,90,Random Forest,2022-10-28,1,1,0.01
ITUB4,1.01,90,SVC,2022-10-28,1,1,0.01
ITUB4,1.01,90,RNA,2022-10-31,0,1,-0.0432257963905406
ITUB4,1.01,90,Random Forest,2022-10-31,0,1,-0.0432257963905406
ITUB4,1.01,90,SVC,2022-10-31,0,1,-0.0432257963905406
ITUB4,1.01,90,RNA,2022-11-01,1,0,0.01
ITUB4,1.01,90,Random Forest,2022-11-01,1,0,0.01
ITUB4,1.01,90,SVC,2022-11-01,1,1,0.01
ITUB4,1.01,90,RNA,2022-11-03,0,0,-0.0827631366627924
ITUB4,1.01,90,Random Forest,2022-11-03,0,0,-0.0827631366627924
ITUB4,1.01,90,SVC,2022-11-03,0,0,-0.0827631366627924
ITUB4,1.01,90,RNA,2022-11-04,0,1,-0.0814765459901348
ITUB4,1.01,90,Random Forest,2022-11-04,0,1,-0.0814765459901348
ITUB4,1.01,90,SVC,2022-11-04,0,1,-0.0814765459901348
ITUB4,1.01,90,RNA,2022-11-07,0,1,-0.0923599290187667
ITUB4,1.01,90,Random Forest,2022-11-07,0,1,-0.0923599290187667
ITUB4,1.01,90,SVC,2022-11-07,0,1,-0.0923599290187667
ITUB4,1.01,90,RNA,2022-11-08,1,1,0.01
ITUB4,1.01,90,Random Forest,2022-11-08,1,1,0.01
ITUB4,1.01,90,SVC,2022-11-08,1,1,0.01
ITUB4,1.01,90,RNA,2022-11-09,1,1,0.01
ITUB4,1.01,90,Random Forest,2022-11-09,1,1,0.01
ITUB4,1.01,90,SVC,2022-11-09,1,1,0.01
ITUB4,1.01,90,RNA,2022-11-10,0,1,-0.0560714029941342
ITUB4,1.01,90,Random Forest,2022-11-10,0,0,-0.0560714029941342
ITUB4,1.01,90,SVC,2022-11-10,0,1,-0.0560714029941342
ITUB4,1.01,90,RNA,2022-11-11,0,1,-0.0151570733155699
ITUB4,1.01,90,Random Forest,2022-11-11,0,1,-0.0151570733155699
ITUB4,1.01,90,SVC,2022-11-11,0,1,-0.0151570733155699
ITUB4,1.01,90,RNA,2022-11-14,1,0,0.01
ITUB4,1.01,90,Random Forest,2022-11-14,1,1,0.01
ITUB4,1.01,90,SVC,2022-11-14,1,1,0.01
ITUB4,1.01,90,RNA,2022-11-16,1,1,0.01
ITUB4,1.01,90,Random Forest,2022-11-16,1,1,0.01
ITUB4,1.01,90,SVC,2022-11-16,1,1,0.01
ITUB4,1.01,90,RNA,2022-11-17,1,1,0.01
ITUB4,1.01,90,Random Forest,2022-11-17,1,1,0.01
ITUB4,1.01,90,SVC,2022-11-17,1,1,0.01
ITUB4,1.01,90,RNA,2022-11-18,0,1,-0.0022222289808758
ITUB4,1.01,90,Random Forest,2022-11-18,0,1,-0.0022222289808758
ITUB4,1.01,90,SVC,2022-11-18,0,1,-0.0022222289808758
ITUB4,1.01,90,RNA,2022-11-21,1,1,0.01
ITUB4,1.01,90,Random Forest,2022-11-21,1,1,0.01
ITUB4,1.01,90,SVC,2022-11-21,1,1,0.01
ITUB4,1.01,90,RNA,2022-11-22,1,1,0.01
ITUB4,1.01,90,Random Forest,2022-11-22,1,1,0.01
ITUB4,1.01,90,SVC,2022-11-22,1,1,0.01
ITUB4,1.01,90,RNA,2022-11-23,1,1,0.01
ITUB4,1.01,90,Random Forest,2022-11-23,1,1,0.01
ITUB4,1.01,90,SVC,2022-11-23,1,1,0.01
ITUB4,1.01,90,RNA,2022-11-24,0,1,-0.0291262524861783
ITUB4,1.01,90,Random Forest,2022-11-24,0,1,-0.0291262524861783
ITUB4,1.01,90,SVC,2022-11-24,0,1,-0.0291262524861783
ITUB4,1.01,90,RNA,2022-11-25,0,1,-0.0039213686273763
ITUB4,1.01,90,Random Forest,2022-11-25,0,1,-0.0039213686273763
ITUB4,1.01,90,SVC,2022-11-25,0,1,-0.0039213686273763
ITUB4,1.01,90,RNA,2022-11-28,1,1,0.01
ITUB4,1.01,90,Random Forest,2022-11-28,1,1,0.01
ITUB4,1.01,90,SVC,2022-11-28,1,1,0.01
ITUB4,1.01,90,RNA,2022-11-29,1,1,0.01
ITUB4,1.01,90,Random Forest,2022-11-29,1,1,0.01
ITUB4,1.01,90,SVC,2022-11-29,1,1,0.01
ITUB4,1.01,90,RNA,2022-11-30,1,0,0.01
ITUB4,1.01,90,Random Forest,2022-11-30,1,1,0.01
ITUB4,1.01,90,SVC,2022-11-30,1,1,0.01
ITUB4,1.01,90,RNA,2022-12-01,1,1,0.01
ITUB4,1.01,90,Random Forest,2022-12-01,1,1,0.01
ITUB4,1.01,90,SVC,2022-12-01,1,1,0.01
ITUB4,1.01,90,RNA,2022-12-02,0,1,-0.041698555683857
ITUB4,1.01,90,Random Forest,2022-12-02,0,1,-0.041698555683857
ITUB4,1.01,90,SVC,2022-12-02,0,1,-0.041698555683857
ITUB4,1.01,90,RNA,2022-12-05,1,1,0.01
ITUB4,1.01,90,Random Forest,2022-12-05,1,1,0.01
ITUB4,1.01,90,SVC,2022-12-05,1,1,0.01
ITUB4,1.01,90,RNA,2022-12-06,0,0,-0.0626624690407758
ITUB4,1.01,90,Random Forest,2022-12-06,0,0,-0.0626624690407758
ITUB4,1.01,90,SVC,2022-12-06,0,1,-0.0626624690407758
ITUB4,1.01,90,RNA,2022-12-07,0,1,-0.0833728953429828
ITUB4,1.01,90,Random Forest,2022-12-07,0,1,-0.0833728953429828
ITUB4,1.01,90,SVC,2022-12-07,0,1,-0.0833728953429828
ITUB4,1.01,90,RNA,2022-12-08,0,1,-0.0563209383013869
ITUB4,1.01,90,Random Forest,2022-12-08,0,1,-0.0563209383013869
ITUB4,1.01,90,SVC,2022-12-08,0,1,-0.0563209383013869
ITUB4,1.01,90,RNA,2022-12-09,0,0,-0.0370065386586278
ITUB4,1.01,90,Random Forest,2022-12-09,0,0,-0.0370065386586278
ITUB4,1.01,90,SVC,2022-12-09,0,1,-0.0370065386586278
ITUB4,1.01,90,RNA,2022-12-12,0,1,-0.0235051496291431
ITUB4,1.01,90,Random Forest,2022-12-12,0,1,-0.0235051496291431
ITUB4,1.01,90,SVC,2022-12-12,0,1,-0.0235051496291431
ITUB4,1.01,90,RNA,2022-12-13,1,1,0.01
ITUB4,1.01,90,Random Forest,2022-12-13,1,1,0.01
ITUB4,1.01,90,SVC,2022-12-13,1,1,0.01
ITUB4,1.01,90,RNA,2022-12-14,1,1,0.01
ITUB4,1.01,90,Random Forest,2022-12-14,1,1,0.01
ITUB4,1.01,90,SVC,2022-12-14,1,1,0.01
ITUB4,1.01,90,RNA,2022-12-15,1,1,0.01
ITUB4,1.01,90,Random Forest,2022-12-15,1,1,0.01
ITUB4,1.01,90,SVC,2022-12-15,1,1,0.01
ITUB4,1.01,90,RNA,2022-12-16,1,1,0.01
ITUB4,1.01,90,Random Forest,2022-12-16,1,1,0.01
ITUB4,1.01,90,SVC,2022-12-16,1,1,0.01
ITUB4,1.01,90,RNA,2022-12-19,1,1,0.01
ITUB4,1.01,90,Random Forest,2022-12-19,1,1,0.01
ITUB4,1.01,90,SVC,2022-12-19,1,1,0.01
ITUB4,1.01,90,RNA,2022-12-20,1,0,0.01
ITUB4,1.01,90,Random Forest,2022-12-20,1,0,0.01
ITUB4,1.01,90,SVC,2022-12-20,1,0,0.01
ITUB4,1.01,90,RNA,2022-12-21,1,1,0.01
ITUB4,1.01,90,Random Forest,2022-12-21,1,1,0.01
ITUB4,1.01,90,SVC,2022-12-21,1,1,0.01
ITUB4,1.01,90,RNA,2022-12-22,1,0,0.01
ITUB4,1.01,90,Random Forest,2022-12-22,1,1,0.01
ITUB4,1.01,90,SVC,2022-12-22,1,1,0.01
ITUB4,1.01,90,RNA,2022-12-23,1,1,0.01
ITUB4,1.01,90,Random Forest,2022-12-23,1,1,0.01
ITUB4,1.01,90,SVC,2022-12-23,1,1,0.01
ITUB4,1.01,90,RNA,2022-12-26,0,1,
ITUB4,1.01,90,Random Forest,2022-12-26,0,1,
ITUB4,1.01,90,SVC,2022-12-26,0,1,
ITUB4,1.01,90,RNA,2022-12-27,0,1,
ITUB4,1.01,90,Random Forest,2022-12-27,0,1,
ITUB4,1.01,90,SVC,2022-12-27,0,1,
ITUB4,1.01,90,RNA,2022-12-28,0,1,
ITUB4,1.01,90,Random Forest,2022-12-28,0,1,
ITUB4,1.01,90,SVC,2022-12-28,0,1,
ITUB4,1.01,90,RNA,2022-12-29,0,0,
ITUB4,1.01,90,Random Forest,2022-12-29,0,0,
ITUB4,1.01,90,SVC,2022-12-29,0,1,
ITUB4,1.015,60,RNA,2020-04-22,1,1,0.0149999999999999
ITUB4,1.015,60,Random Forest,2020-04-22,1,0,0.0149999999999999
ITUB4,1.015,60,SVC,2020-04-22,1,1,0.0149999999999999
ITUB4,1.015,60,RNA,2020-04-23,1,1,0.0149999999999999
ITUB4,1.015,60,Random Forest,2020-04-23,1,0,0.0149999999999999
ITUB4,1.015,60,SVC,2020-04-23,1,1,0.0149999999999999
ITUB4,1.015,60,RNA,2020-04-24,1,1,0.0149999999999999
ITUB4,1.015,60,Random Forest,2020-04-24,1,1,0.0149999999999999
ITUB4,1.015,60,SVC,2020-04-24,1,1,0.0149999999999999
ITUB4,1.015,60,RNA,2020-04-27,1,0,0.0149999999999999
ITUB4,1.015,60,Random Forest,2020-04-27,1,1,0.0149999999999999
ITUB4,1.015,60,SVC,2020-04-27,1,1,0.0149999999999999
ITUB4,1.015,60,RNA,2020-04-28,0,1,-0.0535429469946082
ITUB4,1.015,60,Random Forest,2020-04-28,0,1,-0.0535429469946082
ITUB4,1.015,60,SVC,2020-04-28,0,1,-0.0535429469946082
ITUB4,1.015,60,RNA,2020-04-29,1,1,0.0149999999999999
ITUB4,1.015,60,Random Forest,2020-04-29,1,1,0.0149999999999999
ITUB4,1.015,60,SVC,2020-04-29,1,1,0.0149999999999999
ITUB4,1.015,60,RNA,2020-04-30,1,1,0.0149999999999999
ITUB4,1.015,60,Random Forest,2020-04-30,1,0,0.0149999999999999
ITUB4,1.015,60,SVC,2020-04-30,1,1,0.0149999999999999
ITUB4,1.015,60,RNA,2020-05-04,1,1,0.0149999999999999
ITUB4,1.015,60,Random Forest,2020-05-04,1,1,0.0149999999999999
ITUB4,1.015,60,SVC,2020-05-04,1,1,0.0149999999999999
ITUB4,1.015,60,RNA,2020-05-05,1,0,0.0149999999999999
ITUB4,1.015,60,Random Forest,2020-05-05,1,1,0.0149999999999999
ITUB4,1.015,60,SVC,2020-05-05,1,1,0.0149999999999999
ITUB4,1.015,60,RNA,2020-05-06,1,1,0.0149999999999999
ITUB4,1.015,60,Random Forest,2020-05-06,1,1,0.0149999999999999
ITUB4,1.015,60,SVC,2020-05-06,1,1,0.0149999999999999
ITUB4,1.015,60,RNA,2020-05-07,1,1,0.0149999999999999
ITUB4,1.015,60,Random Forest,2020-05-07,1,1,0.0149999999999999
ITUB4,1.015,60,SVC,2020-05-07,1,1,0.0149999999999999
ITUB4,1.015,60,RNA,2020-05-08,1,1,0.0149999999999999
ITUB4,1.015,60,Random Forest,2020-05-08,1,1,0.0149999999999999
ITUB4,1.015,60,SVC,2020-05-08,1,1,0.0149999999999999
ITUB4,1.015,60,RNA,2020-05-11,0,1,-0.0390937922864929
ITUB4,1.015,60,Random Forest,2020-05-11,0,1,-0.0390937922864929
ITUB4,1.015,60,SVC,2020-05-11,0,1,-0.0390937922864929
ITUB4,1.015,60,RNA,2020-05-12,1,1,0.0149999999999999
ITUB4,1.015,60,Random Forest,2020-05-12,1,1,0.0149999999999999
ITUB4,1.015,60,SVC,2020-05-12,1,1,0.0149999999999999
ITUB4,1.015,60,RNA,2020-05-13,1,1,0.0149999999999999
ITUB4,1.015,60,Random Forest,2020-05-13,1,1,0.0149999999999999
ITUB4,1.015,60,SVC,2020-05-13,1,1,0.0149999999999999
ITUB4,1.015,60,RNA,2020-05-14,1,1,0.0149999999999999
ITUB4,1.015,60,Random Forest,2020-05-14,1,1,0.0149999999999999
ITUB4,1.015,60,SVC,2020-05-14,1,1,0.0149999999999999
ITUB4,1.015,60,RNA,2020-05-15,1,1,0.0149999999999999
ITUB4,1.015,60,Random Forest,2020-05-15,1,1,0.0149999999999999
ITUB4,1.015,60,SVC,2020-05-15,1,1,0.0149999999999999
ITUB4,1.015,60,RNA,2020-05-18,1,1,0.0149999999999999
ITUB4,1.015,60,Random Forest,2020-05-18,1,1,0.0149999999999999
ITUB4,1.015,60,SVC,2020-05-18,1,1,0.0149999999999999
ITUB4,1.015,60,RNA,2020-05-19,1,1,0.0149999999999999
ITUB4,1.015,60,Random Forest,2020-05-19,1,1,0.0149999999999999
ITUB4,1.015,60,SVC,2020-05-19,1,1,0.0149999999999999
ITUB4,1.015,60,RNA,2020-05-20,1,1,0.0149999999999999
ITUB4,1.015,60,Random Forest,2020-05-20,1,1,0.0149999999999999
ITUB4,1.015,60,SVC,2020-05-20,1,1,0.0149999999999999
ITUB4,1.015,60,RNA,2020-05-21,1,1,0.0149999999999999
ITUB4,1.015,60,Random Forest,2020-05-21,1,1,0.0149999999999999
ITUB4,1.015,60,SVC,2020-05-21,1,1,0.0149999999999999
ITUB4,1.015,60,RNA,2020-05-22,1,1,0.0149999999999999
ITUB4,1.015,60,Random Forest,2020-05-22,1,1,0.0149999999999999
ITUB4,1.015,60,SVC,2020-05-22,1,1,0.0149999999999999
ITUB4,1.015,60,RNA,2020-05-25,0,1,-0.0530209449775563
ITUB4,1.015,60,Random Forest,2020-05-25,0,1,-0.0530209449775563
ITUB4,1.015,60,SVC,2020-05-25,0,1,-0.0530209449775563
ITUB4,1.015,60,RNA,2020-05-26,1,1,0.0149999999999999
ITUB4,1.015,60,Random Forest,2020-05-26,1,1,0.0149999999999999
ITUB4,1.015,60,SVC,2020-05-26,1,1,0.0149999999999999
ITUB4,1.015,60,RNA,2020-05-27,1,1,0.0149999999999999
ITUB4,1.015,60,Random Forest,2020-05-27,1,1,0.0149999999999999
ITUB4,1.015,60,SVC,2020-05-27,1,1,0.0149999999999999
ITUB4,1.015,60,RNA,2020-05-28,1,1,0.0149999999999999
ITUB4,1.015,60,Random Forest,2020-05-28,1,1,0.0149999999999999
ITUB4,1.015,60,SVC,2020-05-28,1,1,0.0149999999999999
ITUB4,1.015,60,RNA,2020-05-29,1,1,0.0149999999999999
ITUB4,1.015,60,Random Forest,2020-05-29,1,1,0.0149999999999999
ITUB4,1.015,60,SVC,2020-05-29,1,1,0.0149999999999999
ITUB4,1.015,60,RNA,2020-06-01,1,1,0.0149999999999999
ITUB4,1.015,60,Random Forest,2020-06-01,1,1,0.0149999999999999
ITUB4,1.015,60,SVC,2020-06-01,1,1,0.0149999999999999
ITUB4,1.015,60,RNA,2020-06-02,1,1,0.0149999999999999
ITUB4,1.015,60,Random Forest,2020-06-02,1,1,0.0149999999999999
ITUB4,1.015,60,SVC,2020-06-02,1,1,0.0149999999999999
ITUB4,1.015,60,RNA,2020-06-03,1,1,0.0149999999999999
ITUB4,1.015,60,Random Forest,2020-06-03,1,1,0.0149999999999999
ITUB4,1.015,60,SVC,2020-06-03,1,1,0.0149999999999999
ITUB4,1.015,60,RNA,2020-06-04,1,1,0.0149999999999999
ITUB4,1.015,60,Random Forest,2020-06-04,1,1,0.0149999999999999
ITUB4,1.015,60,SVC,2020-06-04,1,1,0.0149999999999999
ITUB4,1.015,60,RNA,2020-06-05,1,1,0.0149999999999999
ITUB4,1.015,60,Random Forest,2020-06-05,1,1,0.0149999999999999
ITUB4,1.015,60,SVC,2020-06-05,1,1,0.0149999999999999
ITUB4,1.015,60,RNA,2020-06-08,1,1,0.0149999999999999
ITUB4,1.015,60,Random Forest,2020-06-08,1,1,0.0149999999999999
ITUB4,1.015,60,SVC,2020-06-08,1,1,0.0149999999999999
ITUB4,1.015,60,RNA,2020-06-09,0,1,-0.0686588308598515
ITUB4,1.015,60,Random Forest,2020-06-09,0,1,-0.0686588308598515
ITUB4,1.015,60,SVC,2020-06-09,0,1,-0.0686588308598515
ITUB4,1.015,60,RNA,2020-06-10,1,1,0.0149999999999999
ITUB4,1.015,60,Random Forest,2020-06-10,1,1,0.0149999999999999
ITUB4,1.015,60,SVC,2020-06-10,1,1,0.0149999999999999
ITUB4,1.015,60,RNA,2020-06-12,1,1,0.0149999999999999
ITUB4,1.015,60,Random Forest,2020-06-12,1,1,0.0149999999999999
ITUB4,1.015,60,SVC,2020-06-12,1,1,0.0149999999999999
ITUB4,1.015,60,RNA,2020-06-15,1,1,0.0149999999999999
ITUB4,1.015,60,Random Forest,2020-06-15,1,1,0.0149999999999999
ITUB4,1.015,60,SVC,2020-06-15,1,1,0.0149999999999999
ITUB4,1.015,60,RNA,2020-06-16,1,1,0.0149999999999999
ITUB4,1.015,60,Random Forest,2020-06-16,1,1,0.0149999999999999
ITUB4,1.015,60,SVC,2020-06-16,1,1,0.0149999999999999
ITUB4,1.015,60,RNA,2020-06-17,1,1,0.0149999999999999
ITUB4,1.015,60,Random Forest,2020-06-17,1,1,0.0149999999999999
ITUB4,1.015,60,SVC,2020-06-17,1,1,0.0149999999999999
ITUB4,1.015,60,RNA,2020-06-18,0,1,-0.0804270834185341
ITUB4,1.015,60,Random Forest,2020-06-18,0,1,-0.0804270834185341
ITUB4,1.015,60,SVC,2020-06-18,0,1,-0.0804270834185341
ITUB4,1.015,60,RNA,2020-06-19,0,1,-0.0674036938550665
ITUB4,1.015,60,Random Forest,2020-06-19,0,1,-0.0674036938550665
ITUB4,1.015,60,SVC,2020-06-19,0,1,-0.0674036938550665
ITUB4,1.015,60,RNA,2020-06-22,0,1,-0.0718411269320794
ITUB4,1.015,60,Random Forest,2020-06-22,0,1,-0.0718411269320794
ITUB4,1.015,60,SVC,2020-06-22,0,1,-0.0718411269320794
ITUB4,1.015,60,RNA,2020-06-23,0,1,-0.0115714964483225
ITUB4,1.015,60,Random Forest,2020-06-23,0,1,-0.0115714964483225
ITUB4,1.015,60,SVC,2020-06-23,0,1,-0.0115714964483225
ITUB4,1.015,60,RNA,2020-06-24,1,1,0.0149999999999999
ITUB4,1.015,60,Random Forest,2020-06-24,1,1,0.0149999999999999
ITUB4,1.015,60,SVC,2020-06-24,1,1,0.0149999999999999
ITUB4,1.015,60,RNA,2020-06-25,1,1,0.0149999999999999
ITUB4,1.015,60,Random Forest,2020-06-25,1,1,0.0149999999999999
ITUB4,1.015,60,SVC,2020-06-25,1,1,0.0149999999999999
ITUB4,1.015,60,RNA,2020-06-26,1,1,0.0149999999999999
ITUB4,1.015,60,Random Forest,2020-06-26,1,1,0.0149999999999999
ITUB4,1.015,60,SVC,2020-06-26,1,1,0.0149999999999999
ITUB4,1.015,60,RNA,2020-06-29,1,1,0.0149999999999999
ITUB4,1.015,60,Random Forest,2020-06-29,1,1,0.0149999999999999
ITUB4,1.015,60,SVC,2020-06-29,1,1,0.0149999999999999
ITUB4,1.015,60,RNA,2020-06-30,1,1,0.0149999999999999
ITUB4,1.015,60,Random Forest,2020-06-30,1,1,0.0149999999999999
ITUB4,1.015,60,SVC,2020-06-30,1,1,0.0149999999999999
ITUB4,1.015,60,RNA,2020-07-01,1,1,0.0149999999999999
ITUB4,1.015,60,Random Forest,2020-07-01,1,1,0.0149999999999999
ITUB4,1.015,60,SVC,2020-07-01,1,1,0.0149999999999999
ITUB4,1.015,60,RNA,2020-07-02,1,1,0.0149999999999999
ITUB4,1.015,60,Random Forest,2020-07-02,1,1,0.0149999999999999
ITUB4,1.015,60,SVC,2020-07-02,1,1,0.0149999999999999
ITUB4,1.015,60,RNA,2020-07-03,1,1,0.0149999999999999
ITUB4,1.015,60,Random Forest,2020-07-03,1,0,0.0149999999999999
ITUB4,1.015,60,SVC,2020-07-03,1,1,0.0149999999999999
ITUB4,1.015,60,RNA,2020-07-06,0,1,-0.0083849655823319
ITUB4,1.015,60,Random Forest,2020-07-06,0,1,-0.0083849655823319
ITUB4,1.015,60,SVC,2020-07-06,0,1,-0.0083849655823319
ITUB4,1.015,60,RNA,2020-07-07,1,1,0.0149999999999999
ITUB4,1.015,60,Random Forest,2020-07-07,1,0,0.0149999999999999
ITUB4,1.015,60,SVC,2020-07-07,1,1,0.0149999999999999
ITUB4,1.015,60,RNA,2020-07-08,1,1,0.0149999999999999
ITUB4,1.015,60,Random Forest,2020-07-08,1,1,0.0149999999999999
ITUB4,1.015,60,SVC,2020-07-08,1,1,0.0149999999999999
ITUB4,1.015,60,RNA,2020-07-09,1,1,0.0149999999999999
ITUB4,1.015,60,Random Forest,2020-07-09,1,1,0.0149999999999999
ITUB4,1.015,60,SVC,2020-07-09,1,1,0.0149999999999999
ITUB4,1.015,60,RNA,2020-07-10,0,1,-0.0171220298963773
ITUB4,1.015,60,Random Forest,2020-07-10,0,1,-0.0171220298963773
ITUB4,1.015,60,SVC,2020-07-10,0,1,-0.0171220298963773
ITUB4,1.015,60,RNA,2020-07-13,1,1,0.0149999999999999
ITUB4,1.015,60,Random Forest,2020-07-13,1,1,0.0149999999999999
ITUB4,1.015,60,SVC,2020-07-13,1,1,0.0149999999999999
ITUB4,1.015,60,RNA,2020-07-14,0,1,-0.0087146005574519
ITUB4,1.015,60,Random Forest,2020-07-14,0,1,-0.0087146005574519
ITUB4,1.015,60,SVC,2020-07-14,0,1,-0.0087146005574519
ITUB4,1.015,60,RNA,2020-07-15,1,1,0.0149999999999999
ITUB4,1.015,60,Random Forest,2020-07-15,1,0,0.0149999999999999
ITUB4,1.015,60,SVC,2020-07-15,1,1,0.0149999999999999
ITUB4,1.015,60,RNA,2020-07-16,1,1,0.0149999999999999
ITUB4,1.015,60,Random Forest,2020-07-16,1,0,0.0149999999999999
ITUB4,1.015,60,SVC,2020-07-16,1,1,0.0149999999999999
ITUB4,1.015,60,RNA,2020-07-17,1,1,0.0149999999999999
ITUB4,1.015,60,Random Forest,2020-07-17,1,1,0.0149999999999999
ITUB4,1.015,60,SVC,2020-07-17,1,1,0.0149999999999999
ITUB4,1.015,60,RNA,2020-07-20,1,1,0.0149999999999999
ITUB4,1.015,60,Random Forest,2020-07-20,1,1,0.0149999999999999
ITUB4,1.015,60,SVC,2020-07-20,1,1,0.0149999999999999
ITUB4,1.015,60,RNA,2020-07-21,0,1,-0.0017953001258705
ITUB4,1.015,60,Random Forest,2020-07-21,0,1,-0.0017953001258705
ITUB4,1.015,60,SVC,2020-07-21,0,1,-0.0017953001258705
ITUB4,1.015,60,RNA,2020-07-22,1,1,0.0149999999999999
ITUB4,1.015,60,Random Forest,2020-07-22,1,1,0.0149999999999999
ITUB4,1.015,60,SVC,2020-07-22,1,1,0.0149999999999999
ITUB4,1.015,60,RNA,2020-07-23,1,1,0.0149999999999999
ITUB4,1.015,60,Random Forest,2020-07-23,1,1,0.0149999999999999
ITUB4,1.015,60,SVC,2020-07-23,1,1,0.0149999999999999
ITUB4,1.015,60,RNA,2020-07-24,1,1,0.0149999999999999
ITUB4,1.015,60,Random Forest,2020-07-24,1,1,0.0149999999999999
ITUB4,1.015,60,SVC,2020-07-24,1,1,0.0149999999999999
ITUB4,1.015,60,RNA,2020-07-27,1,1,0.0149999999999999
ITUB4,1.015,60,Random Forest,2020-07-27,1,1,0.0149999999999999
ITUB4,1.015,60,SVC,2020-07-27,1,1,0.0149999999999999
ITUB4,1.015,60,RNA,2020-07-28,0,1,-0.0303648207659938
ITUB4,1.015,60,Random Forest,2020-07-28,0,0,-0.0303648207659938
ITUB4,1.015,60,SVC,2020-07-28,0,1,-0.0303648207659938
ITUB4,1.015,60,RNA,2020-07-29,0,1,-0.0777056818411143
ITUB4,1.015,60,Random Forest,2020-07-29,0,1,-0.0777056818411143
ITUB4,1.015,60,SVC,2020-07-29,0,1,-0.0777056818411143
ITUB4,1.015,60,RNA,2020-07-30,0,1,-0.0807325903076521
ITUB4,1.015,60,Random Forest,2020-07-30,0,0,-0.0807325903076521
ITUB4,1.015,60,SVC,2020-07-30,0,1,-0.0807325903076521
ITUB4,1.015,60,RNA,2020-07-31,1,1,0.0149999999999999
ITUB4,1.015,60,Random Forest,2020-07-31,1,0,0.0149999999999999
ITUB4,1.015,60,SVC,2020-07-31,1,1,0.0149999999999999
ITUB4,1.015,60,RNA,2020-08-03,1,1,0.0149999999999999
ITUB4,1.015,60,Random Forest,2020-08-03,1,1,0.0149999999999999
ITUB4,1.015,60,SVC,2020-08-03,1,1,0.0149999999999999
ITUB4,1.015,60,RNA,2020-08-04,0,1,-0.0130019514191522
ITUB4,1.015,60,Random Forest,2020-08-04,0,1,-0.0130019514191522
ITUB4,1.015,60,SVC,2020-08-04,0,1,-0.0130019514191522
ITUB4,1.015,60,RNA,2020-08-05,1,1,0.0149999999999999
ITUB4,1.015,60,Random Forest,2020-08-05,1,1,0.0149999999999999
ITUB4,1.015,60,SVC,2020-08-05,1,1,0.0149999999999999
ITUB4,1.015,60,RNA,2020-08-06,1,1,0.0149999999999999
ITUB4,1.015,60,Random Forest,2020-08-06,1,1,0.0149999999999999
ITUB4,1.015,60,SVC,2020-08-06,1,1,0.0149999999999999
ITUB4,1.015,60,RNA,2020-08-07,1,1,0.0149999999999999
ITUB4,1.015,60,Random Forest,2020-08-07,1,1,0.0149999999999999
ITUB4,1.015,60,SVC,2020-08-07,1,1,0.0149999999999999
ITUB4,1.015,60,RNA,2020-08-10,0,1,-0.0532159525713544
ITUB4,1.015,60,Random Forest,2020-08-10,0,1,-0.0532159525713544
ITUB4,1.015,60,SVC,2020-08-10,0,1,-0.0532159525713544
ITUB4,1.015,60,RNA,2020-08-11,0,1,-0.0603347770534901
ITUB4,1.015,60,Random Forest,2020-08-11,0,1,-0.0603347770534901
ITUB4,1.015,60,SVC,2020-08-11,0,1,-0.0603347770534901
ITUB4,1.015,60,RNA,2020-08-12,0,1,-0.0458277134218768
ITUB4,1.015,60,Random Forest,2020-08-12,0,0,-0.0458277134218768
ITUB4,1.015,60,SVC,2020-08-12,0,1,-0.0458277134218768
ITUB4,1.015,60,RNA,2020-08-13,1,0,0.0149999999999999
ITUB4,1.015,60,Random Forest,2020-08-13,1,0,0.0149999999999999
ITUB4,1.015,60,SVC,2020-08-13,1,0,0.0149999999999999
ITUB4,1.015,60,RNA,2020-08-14,0,1,-0.0221293053693227
ITUB4,1.015,60,Random Forest,2020-08-14,0,0,-0.0221293053693227
ITUB4,1.015,60,SVC,2020-08-14,0,1,-0.0221293053693227
ITUB4,1.015,60,RNA,2020-08-17,0,1,-0.0219333838774211
ITUB4,1.015,60,Random Forest,2020-08-17,0,0,-0.0219333838774211
ITUB4,1.015,60,SVC,2020-08-17,0,1,-0.0219333838774211
ITUB4,1.015,60,RNA,2020-08-18,1,0,0.0149999999999999
ITUB4,1.015,60,Random Forest,2020-08-18,1,0,0.0149999999999999
ITUB4,1.015,60,SVC,2020-08-18,1,1,0.0149999999999999
ITUB4,1.015,60,RNA,2020-08-19,1,0,0.0149999999999999
ITUB4,1.015,60,Random Forest,2020-08-19,1,1,0.0149999999999999
ITUB4,1.015,60,SVC,2020-08-19,1,1,0.0149999999999999
ITUB4,1.015,60,RNA,2020-08-20,1,1,0.0149999999999999
ITUB4,1.015,60,Random Forest,2020-08-20,1,1,0.0149999999999999
ITUB4,1.015,60,SVC,2020-08-20,1,1,0.0149999999999999
ITUB4,1.015,60,RNA,2020-08-21,1,1,0.0149999999999999
ITUB4,1.015,60,Random Forest,2020-08-21,1,0,0.0149999999999999
ITUB4,1.015,60,SVC,2020-08-21,1,1,0.0149999999999999
ITUB4,1.015,60,RNA,2020-08-24,0,0,-0.0085227676662281
ITUB4,1.015,60,Random Forest,2020-08-24,0,1,-0.0085227676662281
ITUB4,1.015,60,SVC,2020-08-24,0,1,-0.0085227676662281
ITUB4,1.015,60,RNA,2020-08-25,0,0,-0.0308641662964684
ITUB4,1.015,60,Random Forest,2020-08-25,0,1,-0.0308641662964684
ITUB4,1.015,60,SVC,2020-08-25,0,1,-0.0308641662964684
ITUB4,1.015,60,RNA,2020-08-26,1,0,0.0149999999999999
ITUB4,1.015,60,Random Forest,2020-08-26,1,1,0.0149999999999999
ITUB4,1.015,60,SVC,2020-08-26,1,1,0.0149999999999999
ITUB4,1.015,60,RNA,2020-08-27,0,0,0.0002256193041956
ITUB4,1.015,60,Random Forest,2020-08-27,0,0,0.0002256193041956
ITUB4,1.015,60,SVC,2020-08-27,0,1,0.0002256193041956
ITUB4,1.015,60,RNA,2020-08-28,1,1,0.0149999999999999
ITUB4,1.015,60,Random Forest,2020-08-28,1,0,0.0149999999999999
ITUB4,1.015,60,SVC,2020-08-28,1,1,0.0149999999999999
ITUB4,1.015,60,RNA,2020-08-31,1,1,0.0149999999999999
ITUB4,1.015,60,Random Forest,2020-08-31,1,1,0.0149999999999999
ITUB4,1.015,60,SVC,2020-08-31,1,1,0.0149999999999999
ITUB4,1.015,60,RNA,2020-09-01,1,1,0.0149999999999999
ITUB4,1.015,60,Random Forest,2020-09-01,1,1,0.0149999999999999
ITUB4,1.015,60,SVC,2020-09-01,1,0,0.0149999999999999
ITUB4,1.015,60,RNA,2020-09-02,1,0,0.0149999999999999
ITUB4,1.015,60,Random Forest,2020-09-02,1,1,0.0149999999999999
ITUB4,1.015,60,SVC,2020-09-02,1,1,0.0149999999999999
ITUB4,1.015,60,RNA,2020-09-03,0,1,-0.049682071299363
ITUB4,1.015,60,Random Forest,2020-09-03,0,1,-0.049682071299363
ITUB4,1.015,60,SVC,2020-09-03,0,1,-0.049682071299363
ITUB4,1.015,60,RNA,2020-09-04,0,1,-0.0378664667573277
ITUB4,1.015,60,Random Forest,2020-09-04,0,1,-0.0378664667573277
ITUB4,1.015,60,SVC,2020-09-04,0,1,-0.0378664667573277
ITUB4,1.015,60,RNA,2020-09-08,0,1,-0.0223577098086357
ITUB4,1.015,60,Random Forest,2020-09-08,0,1,-0.0223577098086357
ITUB4,1.015,60,SVC,2020-09-08,0,1,-0.0223577098086357
ITUB4,1.015,60,RNA,2020-09-09,0,1,-0.0274590269393506
ITUB4,1.015,60,Random Forest,2020-09-09,0,1,-0.0274590269393506
ITUB4,1.015,60,SVC,2020-09-09,0,1,-0.0274590269393506
ITUB4,1.015,60,RNA,2020-09-10,0,1,-0.0121086080660095
ITUB4,1.015,60,Random Forest,2020-09-10,0,0,-0.0121086080660095
ITUB4,1.015,60,SVC,2020-09-10,0,0,-0.0121086080660095
ITUB4,1.015,60,RNA,2020-09-11,1,1,0.0149999999999999
ITUB4,1.015,60,Random Forest,2020-09-11,1,1,0.0149999999999999
ITUB4,1.015,60,SVC,2020-09-11,1,1,0.0149999999999999
ITUB4,1.015,60,RNA,2020-09-14,0,1,-0.0442697578550813
ITUB4,1.015,60,Random Forest,2020-09-14,0,1,-0.0442697578550813
ITUB4,1.015,60,SVC,2020-09-14,0,1,-0.0442697578550813
ITUB4,1.015,60,RNA,2020-09-15,1,0,0.0149999999999999
ITUB4,1.015,60,Random Forest,2020-09-15,1,1,0.0149999999999999
ITUB4,1.015,60,SVC,2020-09-15,1,1,0.0149999999999999
ITUB4,1.015,60,RNA,2020-09-16,0,0,-0.0170213372515174
ITUB4,1.015,60,Random Forest,2020-09-16,0,0,-0.0170213372515174
ITUB4,1.015,60,SVC,2020-09-16,0,1,-0.0170213372515174
ITUB4,1.015,60,RNA,2020-09-17,0,1,-0.0434042559897153
ITUB4,1.015,60,Random Forest,2020-09-17,0,1,-0.0434042559897153
ITUB4,1.015,60,SVC,2020-09-17,0,1,-0.0434042559897153
ITUB4,1.015,60,RNA,2020-09-18,1,0,0.0149999999999999
ITUB4,1.015,60,Random Forest,2020-09-18,1,1,0.0149999999999999
ITUB4,1.015,60,SVC,2020-09-18,1,1,0.0149999999999999
ITUB4,1.015,60,RNA,2020-09-21,1,1,0.0149999999999999
ITUB4,1.015,60,Random Forest,2020-09-21,1,0,0.0149999999999999
ITUB4,1.015,60,SVC,2020-09-21,1,1,0.0149999999999999
ITUB4,1.015,60,RNA,2020-09-22,1,1,0.0149999999999999
ITUB4,1.015,60,Random Forest,2020-09-22,1,0,0.0149999999999999
ITUB4,1.015,60,SVC,2020-09-22,1,1,0.0149999999999999
ITUB4,1.015,60,RNA,2020-09-23,1,0,0.0149999999999999
ITUB4,1.015,60,Random Forest,2020-09-23,1,1,0.0149999999999999
ITUB4,1.015,60,SVC,2020-09-23,1,1,0.0149999999999999
ITUB4,1.015,60,RNA,2020-09-24,1,1,0.0149999999999999
ITUB4,1.015,60,Random Forest,2020-09-24,1,1,0.0149999999999999
ITUB4,1.015,60,SVC,2020-09-24,1,1,0.0149999999999999
ITUB4,1.015,60,RNA,2020-09-25,1,0,0.0149999999999999
ITUB4,1.015,60,Random Forest,2020-09-25,1,1,0.0149999999999999
ITUB4,1.015,60,SVC,2020-09-25,1,1,0.0149999999999999
ITUB4,1.015,60,RNA,2020-09-28,1,0,0.0149999999999999
ITUB4,1.015,60,Random Forest,2020-09-28,1,0,0.0149999999999999
ITUB4,1.015,60,SVC,2020-09-28,1,1,0.0149999999999999
ITUB4,1.015,60,RNA,2020-09-29,1,0,0.0149999999999999
ITUB4,1.015,60,Random Forest,2020-09-29,1,1,0.0149999999999999
ITUB4,1.015,60,SVC,2020-09-29,1,1,0.0149999999999999
ITUB4,1.015,60,RNA,2020-09-30,1,0,0.0149999999999999
ITUB4,1.015,60,Random Forest,2020-09-30,1,1,0.0149999999999999
ITUB4,1.015,60,SVC,2020-09-30,1,1,0.0149999999999999
ITUB4,1.015,60,RNA,2020-10-01,1,1,0.0149999999999999
ITUB4,1.015,60,Random Forest,2020-10-01,1,1,0.0149999999999999
ITUB4,1.015,60,SVC,2020-10-01,1,1,0.0149999999999999
ITUB4,1.015,60,RNA,2020-10-02,1,1,0.0149999999999999
ITUB4,1.015,60,Random Forest,2020-10-02,1,1,0.0149999999999999
ITUB4,1.015,60,SVC,2020-10-02,1,1,0.0149999999999999
ITUB4,1.015,60,RNA,2020-10-05,1,1,0.0149999999999999
ITUB4,1.015,60,Random Forest,2020-10-05,1,1,0.0149999999999999
ITUB4,1.015,60,SVC,2020-10-05,1,1,0.0149999999999999
ITUB4,1.015,60,RNA,2020-10-06,1,1,0.0149999999999999
ITUB4,1.015,60,Random Forest,2020-10-06,1,1,0.0149999999999999
ITUB4,1.015,60,SVC,2020-10-06,1,0,0.0149999999999999
ITUB4,1.015,60,RNA,2020-10-07,1,1,0.0149999999999999
ITUB4,1.015,60,Random Forest,2020-10-07,1,1,0.0149999999999999
ITUB4,1.015,60,SVC,2020-10-07,1,1,0.0149999999999999
ITUB4,1.015,60,RNA,2020-10-08,1,1,0.0149999999999999
ITUB4,1.015,60,Random Forest,2020-10-08,1,1,0.0149999999999999
ITUB4,1.015,60,SVC,2020-10-08,1,1,0.0149999999999999
ITUB4,1.015,60,RNA,2020-10-09,0,0,-0.0362802404900939
ITUB4,1.015,60,Random Forest,2020-10-09,0,1,-0.0362802404900939
ITUB4,1.015,60,SVC,2020-10-09,0,1,-0.0362802404900939
ITUB4,1.015,60,RNA,2020-10-13,0,0,-0.0221850319809396
ITUB4,1.015,60,Random Forest,2020-10-13,0,1,-0.0221850319809396
ITUB4,1.015,60,SVC,2020-10-13,0,1,-0.0221850319809396
ITUB4,1.015,60,RNA,2020-10-14,1,1,0.0149999999999999
ITUB4,1.015,60,Random Forest,2020-10-14,1,1,0.0149999999999999
ITUB4,1.015,60,SVC,2020-10-14,1,1,0.0149999999999999
ITUB4,1.015,60,RNA,2020-10-15,1,0,0.0149999999999999
ITUB4,1.015,60,Random Forest,2020-10-15,1,0,0.0149999999999999
ITUB4,1.015,60,SVC,2020-10-15,1,1,0.0149999999999999
ITUB4,1.015,60,RNA,2020-10-16,1,1,0.0149999999999999
ITUB4,1.015,60,Random Forest,2020-10-16,1,1,0.0149999999999999
ITUB4,1.015,60,SVC,2020-10-16,1,1,0.0149999999999999
ITUB4,1.015,60,RNA,2020-10-19,1,1,0.0149999999999999
ITUB4,1.015,60,Random Forest,2020-10-19,1,1,0.0149999999999999
ITUB4,1.015,60,SVC,2020-10-19,1,1,0.0149999999999999
ITUB4,1.015,60,RNA,2020-10-20,1,0,0.0149999999999999
ITUB4,1.015,60,Random Forest,2020-10-20,1,1,0.0149999999999999
ITUB4,1.015,60,SVC,2020-10-20,1,1,0.0149999999999999
ITUB4,1.015,60,RNA,2020-10-21,1,1,0.0149999999999999
ITUB4,1.015,60,Random Forest,2020-10-21,1,1,0.0149999999999999
ITUB4,1.015,60,SVC,2020-10-21,1,1,0.0149999999999999
ITUB4,1.015,60,RNA,2020-10-22,1,0,0.0149999999999999
ITUB4,1.015,60,Random Forest,2020-10-22,1,1,0.0149999999999999
ITUB4,1.015,60,SVC,2020-10-22,1,1,0.0149999999999999
ITUB4,1.015,60,RNA,2020-10-23,1,1,0.0149999999999999
ITUB4,1.015,60,Random Forest,2020-10-23,1,0,0.0149999999999999
ITUB4,1.015,60,SVC,2020-10-23,1,1,0.0149999999999999
ITUB4,1.015,60,RNA,2020-10-26,0,1,-0.1003831759877499
ITUB4,1.015,60,Random Forest,2020-10-26,0,1,-0.1003831759877499
ITUB4,1.015,60,SVC,2020-10-26,0,1,-0.1003831759877499
ITUB4,1.015,60,RNA,2020-10-27,0,1,-0.0080259077651153
ITUB4,1.015,60,Random Forest,2020-10-27,0,1,-0.0080259077651153
ITUB4,1.015,60,SVC,2020-10-27,0,1,-0.0080259077651153
ITUB4,1.015,60,RNA,2020-10-28,1,1,0.0149999999999999
ITUB4,1.015,60,Random Forest,2020-10-28,1,1,0.0149999999999999
ITUB4,1.015,60,SVC,2020-10-28,1,1,0.0149999999999999
ITUB4,1.015,60,RNA,2020-10-29,1,0,0.0149999999999999
ITUB4,1.015,60,Random Forest,2020-10-29,1,1,0.0149999999999999
ITUB4,1.015,60,SVC,2020-10-29,1,1,0.0149999999999999
ITUB4,1.015,60,RNA,2020-10-30,1,0,0.0149999999999999
ITUB4,1.015,60,Random Forest,2020-10-30,1,1,0.0149999999999999
ITUB4,1.015,60,SVC,2020-10-30,1,1,0.0149999999999999
ITUB4,1.015,60,RNA,2020-11-03,1,1,0.0149999999999999
ITUB4,1.015,60,Random Forest,2020-11-03,1,1,0.0149999999999999
ITUB4,1.015,60,SVC,2020-11-03,1,1,0.0149999999999999
ITUB4,1.015,60,RNA,2020-11-04,1,0,0.0149999999999999
ITUB4,1.015,60,Random Forest,2020-11-04,1,1,0.0149999999999999
ITUB4,1.015,60,SVC,2020-11-04,1,1,0.0149999999999999
ITUB4,1.015,60,RNA,2020-11-05,1,0,0.0149999999999999
ITUB4,1.015,60,Random Forest,2020-11-05,1,1,0.0149999999999999
ITUB4,1.015,60,SVC,2020-11-05,1,1,0.0149999999999999
ITUB4,1.015,60,RNA,2020-11-06,1,1,0.0149999999999999
ITUB4,1.015,60,Random Forest,2020-11-06,1,1,0.0149999999999999
ITUB4,1.015,60,SVC,2020-11-06,1,1,0.0149999999999999
ITUB4,1.015,60,RNA,2020-11-09,1,1,0.0149999999999999
ITUB4,1.015,60,Random Forest,2020-11-09,1,1,0.0149999999999999
ITUB4,1.015,60,SVC,2020-11-09,1,1,0.0149999999999999
ITUB4,1.015,60,RNA,2020-11-10,1,1,0.0149999999999999
ITUB4,1.015,60,Random Forest,2020-11-10,1,1,0.0149999999999999
ITUB4,1.015,60,SVC,2020-11-10,1,1,0.0149999999999999
ITUB4,1.015,60,RNA,2020-11-11,1,1,0.0149999999999999
ITUB4,1.015,60,Random Forest,2020-11-11,1,1,0.0149999999999999
ITUB4,1.015,60,SVC,2020-11-11,1,1,0.0149999999999999
ITUB4,1.015,60,RNA,2020-11-12,1,1,0.0149999999999999
ITUB4,1.015,60,Random Forest,2020-11-12,1,1,0.0149999999999999
ITUB4,1.015,60,SVC,2020-11-12,1,1,0.0149999999999999
ITUB4,1.015,60,RNA,2020-11-13,1,1,0.0149999999999999
ITUB4,1.015,60,Random Forest,2020-11-13,1,1,0.0149999999999999
ITUB4,1.015,60,SVC,2020-11-13,1,1,0.0149999999999999
ITUB4,1.015,60,RNA,2020-11-16,0,1,-0.027919660922846
ITUB4,1.015,60,Random Forest,2020-11-16,0,1,-0.027919660922846
ITUB4,1.015,60,SVC,2020-11-16,0,1,-0.027919660922846
ITUB4,1.015,60,RNA,2020-11-17,0,1,-0.0180088230517778
ITUB4,1.015,60,Random Forest,2020-11-17,0,1,-0.0180088230517778
ITUB4,1.015,60,SVC,2020-11-17,0,1,-0.0180088230517778
ITUB4,1.015,60,RNA,2020-11-18,1,1,0.0149999999999999
ITUB4,1.015,60,Random Forest,2020-11-18,1,0,0.0149999999999999
ITUB4,1.015,60,SVC,2020-11-18,1,1,0.0149999999999999
ITUB4,1.015,60,RNA,2020-11-19,1,1,0.0149999999999999
ITUB4,1.015,60,Random Forest,2020-11-19,1,1,0.0149999999999999
ITUB4,1.015,60,SVC,2020-11-19,1,1,0.0149999999999999
ITUB4,1.015,60,RNA,2020-11-20,1,1,0.0149999999999999
ITUB4,1.015,60,Random Forest,2020-11-20,1,1,0.0149999999999999
ITUB4,1.015,60,SVC,2020-11-20,1,1,0.0149999999999999
ITUB4,1.015,60,RNA,2020-11-23,1,1,0.0149999999999999
ITUB4,1.015,60,Random Forest,2020-11-23,1,1,0.0149999999999999
ITUB4,1.015,60,SVC,2020-11-23,1,1,0.0149999999999999
ITUB4,1.015,60,RNA,2020-11-24,0,1,-0.03578660750852
ITUB4,1.015,60,Random Forest,2020-11-24,0,1,-0.03578660750852
ITUB4,1.015,60,SVC,2020-11-24,0,1,-0.03578660750852
ITUB4,1.015,60,RNA,2020-11-25,1,1,0.0149999999999999
ITUB4,1.015,60,Random Forest,2020-11-25,1,1,0.0149999999999999
ITUB4,1.015,60,SVC,2020-11-25,1,1,0.0149999999999999
ITUB4,1.015,60,RNA,2020-11-26,1,1,0.0149999999999999
ITUB4,1.015,60,Random Forest,2020-11-26,1,1,0.0149999999999999
ITUB4,1.015,60,SVC,2020-11-26,1,1,0.0149999999999999
ITUB4,1.015,60,RNA,2020-11-27,1,1,0.0149999999999999
ITUB4,1.015,60,Random Forest,2020-11-27,1,1,0.0149999999999999
ITUB4,1.015,60,SVC,2020-11-27,1,1,0.0149999999999999
ITUB4,1.015,60,RNA,2020-11-30,1,0,0.0149999999999999
ITUB4,1.015,60,Random Forest,2020-11-30,1,1,0.0149999999999999
ITUB4,1.015,60,SVC,2020-11-30,1,1,0.0149999999999999
ITUB4,1.015,60,RNA,2020-12-01,1,1,0.0149999999999999
ITUB4,1.015,60,Random Forest,2020-12-01,1,1,0.0149999999999999
ITUB4,1.015,60,SVC,2020-12-01,1,1,0.0149999999999999
ITUB4,1.015,60,RNA,2020-12-02,1,1,0.0149999999999999
ITUB4,1.015,60,Random Forest,2020-12-02,1,1,0.0149999999999999
ITUB4,1.015,60,SVC,2020-12-02,1,1,0.0149999999999999
ITUB4,1.015,60,RNA,2020-12-03,1,1,0.0149999999999999
ITUB4,1.015,60,Random Forest,2020-12-03,1,1,0.0149999999999999
ITUB4,1.015,60,SVC,2020-12-03,1,1,0.0149999999999999
ITUB4,1.015,60,RNA,2020-12-04,1,1,0.0149999999999999
ITUB4,1.015,60,Random Forest,2020-12-04,1,1,0.0149999999999999
ITUB4,1.015,60,SVC,2020-12-04,1,1,0.0149999999999999
ITUB4,1.015,60,RNA,2020-12-07,1,0,0.0149999999999999
ITUB4,1.015,60,Random Forest,2020-12-07,1,1,0.0149999999999999
ITUB4,1.015,60,SVC,2020-12-07,1,1,0.0149999999999999
ITUB4,1.015,60,RNA,2020-12-08,1,1,0.0149999999999999
ITUB4,1.015,60,Random Forest,2020-12-08,1,1,0.0149999999999999
ITUB4,1.015,60,SVC,2020-12-08,1,1,0.0149999999999999
ITUB4,1.015,60,RNA,2020-12-09,1,1,0.0149999999999999
ITUB4,1.015,60,Random Forest,2020-12-09,1,1,0.0149999999999999
ITUB4,1.015,60,SVC,2020-12-09,1,1,0.0149999999999999
ITUB4,1.015,60,RNA,2020-12-10,1,1,0.0149999999999999
ITUB4,1.015,60,Random Forest,2020-12-10,1,1,0.0149999999999999
ITUB4,1.015,60,SVC,2020-12-10,1,1,0.0149999999999999
ITUB4,1.015,60,RNA,2020-12-11,1,1,0.0149999999999999
ITUB4,1.015,60,Random Forest,2020-12-11,1,1,0.0149999999999999
ITUB4,1.015,60,SVC,2020-12-11,1,1,0.0149999999999999
ITUB4,1.015,60,RNA,2020-12-14,1,1,0.0149999999999999
ITUB4,1.015,60,Random Forest,2020-12-14,1,1,0.0149999999999999
ITUB4,1.015,60,SVC,2020-12-14,1,1,0.0149999999999999
ITUB4,1.015,60,RNA,2020-12-15,1,1,0.0149999999999999
ITUB4,1.015,60,Random Forest,2020-12-15,1,1,0.0149999999999999
ITUB4,1.015,60,SVC,2020-12-15,1,1,0.0149999999999999
ITUB4,1.015,60,RNA,2020-12-16,0,1,-0.0200689812405855
ITUB4,1.015,60,Random Forest,2020-12-16,0,1,-0.0200689812405855
ITUB4,1.015,60,SVC,2020-12-16,0,1,-0.0200689812405855
ITUB4,1.015,60,RNA,2020-12-17,0,1,0.0069356751979159
ITUB4,1.015,60,Random Forest,2020-12-17,0,1,0.0069356751979159
ITUB4,1.015,60,SVC,2020-12-17,0,1,0.0069356751979159
ITUB4,1.015,60,RNA,2020-12-18,1,1,0.0149999999999999
ITUB4,1.015,60,Random Forest,2020-12-18,1,1,0.0149999999999999
ITUB4,1.015,60,SVC,2020-12-18,1,1,0.0149999999999999
ITUB4,1.015,60,RNA,2020-12-21,1,1,0.0149999999999999
ITUB4,1.015,60,Random Forest,2020-12-21,1,1,0.0149999999999999
ITUB4,1.015,60,SVC,2020-12-21,1,1,0.0149999999999999
ITUB4,1.015,60,RNA,2020-12-22,1,1,0.0149999999999999
ITUB4,1.015,60,Random Forest,2020-12-22,1,1,0.0149999999999999
ITUB4,1.015,60,SVC,2020-12-22,1,1,0.0149999999999999
ITUB4,1.015,60,RNA,2020-12-23,0,1,-0.0405135301232991
ITUB4,1.015,60,Random Forest,2020-12-23,0,1,-0.0405135301232991
ITUB4,1.015,60,SVC,2020-12-23,0,1,-0.0405135301232991
ITUB4,1.015,60,RNA,2020-12-28,0,1,-0.0482008225666257
ITUB4,1.015,60,Random Forest,2020-12-28,0,1,-0.0482008225666257
ITUB4,1.015,60,SVC,2020-12-28,0,1,-0.0482008225666257
ITUB4,1.015,60,RNA,2020-12-29,0,1,-0.0197216823578263
ITUB4,1.015,60,Random Forest,2020-12-29,0,0,-0.0197216823578263
ITUB4,1.015,60,SVC,2020-12-29,0,1,-0.0197216823578263
ITUB4,1.015,60,RNA,2020-12-30,1,1,0.0149999999999999
ITUB4,1.015,60,Random Forest,2020-12-30,1,0,0.0149999999999999
ITUB4,1.015,60,SVC,2020-12-30,1,1,0.0149999999999999
ITUB4,1.015,60,RNA,2021-01-04,1,1,0.0149999999999999
ITUB4,1.015,60,Random Forest,2021-01-04,1,1,0.0149999999999999
ITUB4,1.015,60,SVC,2021-01-04,1,1,0.0149999999999999
ITUB4,1.015,60,RNA,2021-01-05,1,1,0.0149999999999999
ITUB4,1.015,60,Random Forest,2021-01-05,1,1,0.0149999999999999
ITUB4,1.015,60,SVC,2021-01-05,1,1,0.0149999999999999
ITUB4,1.015,60,RNA,2021-01-06,1,1,0.0149999999999999
ITUB4,1.015,60,Random Forest,2021-01-06,1,1,0.0149999999999999
ITUB4,1.015,60,SVC,2021-01-06,1,1,0.0149999999999999
ITUB4,1.015,60,RNA,2021-01-07,1,1,0.0149999999999999
ITUB4,1.015,60,Random Forest,2021-01-07,1,1,0.0149999999999999
ITUB4,1.015,60,SVC,2021-01-07,1,1,0.0149999999999999
ITUB4,1.015,60,RNA,2021-01-08,0,1,0.0036957017820189
ITUB4,1.015,60,Random Forest,2021-01-08,0,0,0.0036957017820189
ITUB4,1.015,60,SVC,2021-01-08,0,1,0.0036957017820189
ITUB4,1.015,60,RNA,2021-01-11,1,1,0.0149999999999999
ITUB4,1.015,60,Random Forest,2021-01-11,1,1,0.0149999999999999
ITUB4,1.015,60,SVC,2021-01-11,1,1,0.0149999999999999
ITUB4,1.015,60,RNA,2021-01-12,1,1,0.0149999999999999
ITUB4,1.015,60,Random Forest,2021-01-12,1,1,0.0149999999999999
ITUB4,1.015,60,SVC,2021-01-12,1,1,0.0149999999999999
ITUB4,1.015,60,RNA,2021-01-13,1,1,0.0149999999999999
ITUB4,1.015,60,Random Forest,2021-01-13,1,1,0.0149999999999999
ITUB4,1.015,60,SVC,2021-01-13,1,1,0.0149999999999999
ITUB4,1.015,60,RNA,2021-01-14,0,1,-0.0539781202614298
ITUB4,1.015,60,Random Forest,2021-01-14,0,1,-0.0539781202614298
ITUB4,1.015,60,SVC,2021-01-14,0,1,-0.0539781202614298
ITUB4,1.015,60,RNA,2021-01-15,0,1,-0.0552747969843345
ITUB4,1.015,60,Random Forest,2021-01-15,0,1,-0.0552747969843345
ITUB4,1.015,60,SVC,2021-01-15,0,1,-0.0552747969843345
ITUB4,1.015,60,RNA,2021-01-18,0,1,-0.0704985864229434
ITUB4,1.015,60,Random Forest,2021-01-18,0,1,-0.0704985864229434
ITUB4,1.015,60,SVC,2021-01-18,0,1,-0.0704985864229434
ITUB4,1.015,60,RNA,2021-01-19,0,1,-0.0886150239810069
ITUB4,1.015,60,Random Forest,2021-01-19,0,1,-0.0886150239810069
ITUB4,1.015,60,SVC,2021-01-19,0,1,-0.0886150239810069
ITUB4,1.015,60,RNA,2021-01-20,0,1,-0.0673328039288109
ITUB4,1.015,60,Random Forest,2021-01-20,0,0,-0.0673328039288109
ITUB4,1.015,60,SVC,2021-01-20,0,1,-0.0673328039288109
ITUB4,1.015,60,RNA,2021-01-21,1,1,0.0149999999999999
ITUB4,1.015,60,Random Forest,2021-01-21,1,0,0.0149999999999999
ITUB4,1.015,60,SVC,2021-01-21,1,1,0.0149999999999999
ITUB4,1.015,60,RNA,2021-01-22,1,1,0.0149999999999999
ITUB4,1.015,60,Random Forest,2021-01-22,1,0,0.0149999999999999
ITUB4,1.015,60,SVC,2021-01-22,1,1,0.0149999999999999
ITUB4,1.015,60,RNA,2021-01-26,1,1,0.0149999999999999
ITUB4,1.015,60,Random Forest,2021-01-26,1,0,0.0149999999999999
ITUB4,1.015,60,SVC,2021-01-26,1,1,0.0149999999999999
ITUB4,1.015,60,RNA,2021-01-27,1,1,0.0149999999999999
ITUB4,1.015,60,Random Forest,2021-01-27,1,1,0.0149999999999999
ITUB4,1.015,60,SVC,2021-01-27,1,1,0.0149999999999999
ITUB4,1.015,60,RNA,2021-01-28,0,1,-0.0302878339971227
ITUB4,1.015,60,Random Forest,2021-01-28,0,1,-0.0302878339971227
ITUB4,1.015,60,SVC,2021-01-28,0,1,-0.0302878339971227
ITUB4,1.015,60,RNA,2021-01-29,0,1,-0.0275861770707103
ITUB4,1.015,60,Random Forest,2021-01-29,0,1,-0.0275861770707103
ITUB4,1.015,60,SVC,2021-01-29,0,1,-0.0275861770707103
ITUB4,1.015,60,RNA,2021-02-01,0,1,-0.0343878997321204
ITUB4,1.015,60,Random Forest,2021-02-01,0,1,-0.0343878997321204
ITUB4,1.015,60,SVC,2021-02-01,0,1,-0.0343878997321204
ITUB4,1.015,60,RNA,2021-02-02,0,1,-0.0417246003802067
ITUB4,1.015,60,Random Forest,2021-02-02,0,0,-0.0417246003802067
ITUB4,1.015,60,SVC,2021-02-02,0,1,-0.0417246003802067
ITUB4,1.015,60,RNA,2021-02-03,0,0,-0.0224325147761027
ITUB4,1.015,60,Random Forest,2021-02-03,0,0,-0.0224325147761027
ITUB4,1.015,60,SVC,2021-02-03,0,1,-0.0224325147761027
ITUB4,1.015,60,RNA,2021-02-04,0,1,-0.0219003777680932
ITUB4,1.015,60,Random Forest,2021-02-04,0,1,-0.0219003777680932
ITUB4,1.015,60,SVC,2021-02-04,0,1,-0.0219003777680932
ITUB4,1.015,60,RNA,2021-02-05,0,1,-0.0110713935270033
ITUB4,1.015,60,Random Forest,2021-02-05,0,0,-0.0110713935270033
ITUB4,1.015,60,SVC,2021-02-05,0,1,-0.0110713935270033
ITUB4,1.015,60,RNA,2021-02-08,1,0,0.0149999999999999
ITUB4,1.015,60,Random Forest,2021-02-08,1,0,0.0149999999999999
ITUB4,1.015,60,SVC,2021-02-08,1,0,0.0149999999999999
ITUB4,1.015,60,RNA,2021-02-09,0,0,0.0075269177469319
ITUB4,1.015,60,Random Forest,2021-02-09,0,0,0.0075269177469319
ITUB4,1.015,60,SVC,2021-02-09,0,0,0.0075269177469319
ITUB4,1.015,60,RNA,2021-02-10,1,1,0.0149999999999999
ITUB4,1.015,60,Random Forest,2021-02-10,1,0,0.0149999999999999
ITUB4,1.015,60,SVC,2021-02-10,1,0,0.0149999999999999
ITUB4,1.015,60,RNA,2021-02-11,1,0,0.0149999999999999
ITUB4,1.015,60,Random Forest,2021-02-11,1,0,0.0149999999999999
ITUB4,1.015,60,SVC,2021-02-11,1,0,0.0149999999999999
ITUB4,1.015,60,RNA,2021-02-12,1,1,0.0149999999999999
ITUB4,1.015,60,Random Forest,2021-02-12,1,1,0.0149999999999999
ITUB4,1.015,60,SVC,2021-02-12,1,0,0.0149999999999999
ITUB4,1.015,60,RNA,2021-02-17,1,0,0.0149999999999999
ITUB4,1.015,60,Random Forest,2021-02-17,1,1,0.0149999999999999
ITUB4,1.015,60,SVC,2021-02-17,1,0,0.0149999999999999
ITUB4,1.015,60,RNA,2021-02-18,0,1,-0.0372893524407473
ITUB4,1.015,60,Random Forest,2021-02-18,0,1,-0.0372893524407473
ITUB4,1.015,60,SVC,2021-02-18,0,1,-0.0372893524407473
ITUB4,1.015,60,RNA,2021-02-19,1,1,0.0149999999999999
ITUB4,1.015,60,Random Forest,2021-02-19,1,1,0.0149999999999999
ITUB4,1.015,60,SVC,2021-02-19,1,1,0.0149999999999999
ITUB4,1.015,60,RNA,2021-02-22,1,0,0.0149999999999999
ITUB4,1.015,60,Random Forest,2021-02-22,1,1,0.0149999999999999
ITUB4,1.015,60,SVC,2021-02-22,1,1,0.0149999999999999
ITUB4,1.015,60,RNA,2021-02-23,0,0,-0.0913225913590477
ITUB4,1.015,60,Random Forest,2021-02-23,0,0,-0.0913225913590477
ITUB4,1.015,60,SVC,2021-02-23,0,1,-0.0913225913590477
ITUB4,1.015,60,RNA,2021-02-24,0,0,-0.0360118712557699
ITUB4,1.015,60,Random Forest,2021-02-24,0,1,-0.0360118712557699
ITUB4,1.015,60,SVC,2021-02-24,0,1,-0.0360118712557699
ITUB4,1.015,60,RNA,2021-02-25,0,1,-0.0135430252372836
ITUB4,1.015,60,Random Forest,2021-02-25,0,1,-0.0135430252372836
ITUB4,1.015,60,SVC,2021-02-25,0,1,-0.0135430252372836
ITUB4,1.015,60,RNA,2021-02-26,1,0,0.0149999999999999
ITUB4,1.015,60,Random Forest,2021-02-26,1,0,0.0149999999999999
ITUB4,1.015,60,SVC,2021-02-26,1,1,0.0149999999999999
ITUB4,1.015,60,RNA,2021-03-01,1,0,0.0149999999999999
ITUB4,1.015,60,Random Forest,2021-03-01,1,0,0.0149999999999999
ITUB4,1.015,60,SVC,2021-03-01,1,1,0.0149999999999999
ITUB4,1.015,60,RNA,2021-03-02,1,1,0.0149999999999999
ITUB4,1.015,60,Random Forest,2021-03-02,1,0,0.0149999999999999
ITUB4,1.015,60,SVC,2021-03-02,1,1,0.0149999999999999
ITUB4,1.015,60,RNA,2021-03-03,1,0,0.0149999999999999
ITUB4,1.015,60,Random Forest,2021-03-03,1,1,0.0149999999999999
ITUB4,1.015,60,SVC,2021-03-03,1,1,0.0149999999999999
ITUB4,1.015,60,RNA,2021-03-04,1,1,0.0149999999999999
ITUB4,1.015,60,Random Forest,2021-03-04,1,1,0.0149999999999999
ITUB4,1.015,60,SVC,2021-03-04,1,1,0.0149999999999999
ITUB4,1.015,60,RNA,2021-03-05,1,1,0.0149999999999999
ITUB4,1.015,60,Random Forest,2021-03-05,1,0,0.0149999999999999
ITUB4,1.015,60,SVC,2021-03-05,1,1,0.0149999999999999
ITUB4,1.015,60,RNA,2021-03-08,1,1,0.0149999999999999
ITUB4,1.015,60,Random Forest,2021-03-08,1,0,0.0149999999999999
ITUB4,1.015,60,SVC,2021-03-08,1,1,0.0149999999999999
ITUB4,1.015,60,RNA,2021-03-09,1,1,0.0149999999999999
ITUB4,1.015,60,Random Forest,2021-03-09,1,1,0.0149999999999999
ITUB4,1.015,60,SVC,2021-03-09,1,1,0.0149999999999999
ITUB4,1.015,60,RNA,2021-03-10,0,1,-0.0239130229278435
ITUB4,1.015,60,Random Forest,2021-03-10,0,1,-0.0239130229278435
ITUB4,1.015,60,SVC,2021-03-10,0,1,-0.0239130229278435
ITUB4,1.015,60,RNA,2021-03-11,1,1,0.0149999999999999
ITUB4,1.015,60,Random Forest,2021-03-11,1,1,0.0149999999999999
ITUB4,1.015,60,SVC,2021-03-11,1,1,0.0149999999999999
ITUB4,1.015,60,RNA,2021-03-12,1,1,0.0149999999999999
ITUB4,1.015,60,Random Forest,2021-03-12,1,0,0.0149999999999999
ITUB4,1.015,60,SVC,2021-03-12,1,1,0.0149999999999999
ITUB4,1.015,60,RNA,2021-03-15,1,0,0.0149999999999999
ITUB4,1.015,60,Random Forest,2021-03-15,1,1,0.0149999999999999
ITUB4,1.015,60,SVC,2021-03-15,1,1,0.0149999999999999
ITUB4,1.015,60,RNA,2021-03-16,1,0,0.0149999999999999
ITUB4,1.015,60,Random Forest,2021-03-16,1,1,0.0149999999999999
ITUB4,1.015,60,SVC,2021-03-16,1,1,0.0149999999999999
ITUB4,1.015,60,RNA,2021-03-17,1,1,0.0149999999999999
ITUB4,1.015,60,Random Forest,2021-03-17,1,1,0.0149999999999999
ITUB4,1.015,60,SVC,2021-03-17,1,1,0.0149999999999999
ITUB4,1.015,60,RNA,2021-03-18,0,1,-0.0378895425858152
ITUB4,1.015,60,Random Forest,2021-03-18,0,1,-0.0378895425858152
ITUB4,1.015,60,SVC,2021-03-18,0,1,-0.0378895425858152
ITUB4,1.015,60,RNA,2021-03-19,1,1,0.0149999999999999
ITUB4,1.015,60,Random Forest,2021-03-19,1,1,0.0149999999999999
ITUB4,1.015,60,SVC,2021-03-19,1,1,0.0149999999999999
ITUB4,1.015,60,RNA,2021-03-22,1,1,0.0149999999999999
ITUB4,1.015,60,Random Forest,2021-03-22,1,1,0.0149999999999999
ITUB4,1.015,60,SVC,2021-03-22,1,1,0.0149999999999999
ITUB4,1.015,60,RNA,2021-03-23,1,1,0.0149999999999999
ITUB4,1.015,60,Random Forest,2021-03-23,1,0,0.0149999999999999
ITUB4,1.015,60,SVC,2021-03-23,1,1,0.0149999999999999
ITUB4,1.015,60,RNA,2021-03-24,1,1,0.0149999999999999
ITUB4,1.015,60,Random Forest,2021-03-24,1,1,0.0149999999999999
ITUB4,1.015,60,SVC,2021-03-24,1,1,0.0149999999999999
ITUB4,1.015,60,RNA,2021-03-25,1,1,0.0149999999999999
ITUB4,1.015,60,Random Forest,2021-03-25,1,1,0.0149999999999999
ITUB4,1.015,60,SVC,2021-03-25,1,1,0.0149999999999999
ITUB4,1.015,60,RNA,2021-03-26,1,1,0.0149999999999999
ITUB4,1.015,60,Random Forest,2021-03-26,1,1,0.0149999999999999
ITUB4,1.015,60,SVC,2021-03-26,1,1,0.0149999999999999
ITUB4,1.015,60,RNA,2021-03-29,1,1,0.0149999999999999
ITUB4,1.015,60,Random Forest,2021-03-29,1,1,0.0149999999999999
ITUB4,1.015,60,SVC,2021-03-29,1,1,0.0149999999999999
ITUB4,1.015,60,RNA,2021-03-30,0,1,-0.0411674591974341
ITUB4,1.015,60,Random Forest,2021-03-30,0,1,-0.0411674591974341
ITUB4,1.015,60,SVC,2021-03-30,0,1,-0.0411674591974341
ITUB4,1.015,60,RNA,2021-03-31,0,1,-0.0440810652683939
ITUB4,1.015,60,Random Forest,2021-03-31,0,1,-0.0440810652683939
ITUB4,1.015,60,SVC,2021-03-31,0,1,-0.0440810652683939
ITUB4,1.015,60,RNA,2021-04-01,0,1,-0.0248537609495226
ITUB4,1.015,60,Random Forest,2021-04-01,0,1,-0.0248537609495226
ITUB4,1.015,60,SVC,2021-04-01,0,1,-0.0248537609495226
ITUB4,1.015,60,RNA,2021-04-05,0,1,-0.0312726944325443
ITUB4,1.015,60,Random Forest,2021-04-05,0,1,-0.0312726944325443
ITUB4,1.015,60,SVC,2021-04-05,0,1,-0.0312726944325443
ITUB4,1.015,60,RNA,2021-04-06,0,1,0.0103626917571664
ITUB4,1.015,60,Random Forest,2021-04-06,0,1,0.0103626917571664
ITUB4,1.015,60,SVC,2021-04-06,0,1,0.0103626917571664
ITUB4,1.015,60,RNA,2021-04-07,1,0,0.0149999999999999
ITUB4,1.015,60,Random Forest,2021-04-07,1,0,0.0149999999999999
ITUB4,1.015,60,SVC,2021-04-07,1,1,0.0149999999999999
ITUB4,1.015,60,RNA,2021-04-08,1,1,0.0149999999999999
ITUB4,1.015,60,Random Forest,2021-04-08,1,0,0.0149999999999999
ITUB4,1.015,60,SVC,2021-04-08,1,1,0.0149999999999999
ITUB4,1.015,60,RNA,2021-04-09,1,0,0.0149999999999999
ITUB4,1.015,60,Random Forest,2021-04-09,1,1,0.0149999999999999
ITUB4,1.015,60,SVC,2021-04-09,1,1,0.0149999999999999
ITUB4,1.015,60,RNA,2021-04-12,1,1,0.0149999999999999
ITUB4,1.015,60,Random Forest,2021-04-12,1,1,0.0149999999999999
ITUB4,1.015,60,SVC,2021-04-12,1,1,0.0149999999999999
ITUB4,1.015,60,RNA,2021-04-13,1,1,0.0149999999999999
ITUB4,1.015,60,Random Forest,2021-04-13,1,1,0.0149999999999999
ITUB4,1.015,60,SVC,2021-04-13,1,1,0.0149999999999999
ITUB4,1.015,60,RNA,2021-04-14,1,1,0.0149999999999999
ITUB4,1.015,60,Random Forest,2021-04-14,1,1,0.0149999999999999
ITUB4,1.015,60,SVC,2021-04-14,1,1,0.0149999999999999
ITUB4,1.015,60,RNA,2021-04-15,1,1,0.0149999999999999
ITUB4,1.015,60,Random Forest,2021-04-15,1,0,0.0149999999999999
ITUB4,1.015,60,SVC,2021-04-15,1,1,0.0149999999999999
ITUB4,1.015,60,RNA,2021-04-16,0,1,-0.0125537985959441
ITUB4,1.015,60,Random Forest,2021-04-16,0,1,-0.0125537985959441
ITUB4,1.015,60,SVC,2021-04-16,0,1,-0.0125537985959441
ITUB4,1.015,60,RNA,2021-04-19,1,1,0.0149999999999999
ITUB4,1.015,60,Random Forest,2021-04-19,1,1,0.0149999999999999
ITUB4,1.015,60,SVC,2021-04-19,1,1,0.0149999999999999
ITUB4,1.015,60,RNA,2021-04-20,0,1,-0.0159825944875235
ITUB4,1.015,60,Random Forest,2021-04-20,0,1,-0.0159825944875235
ITUB4,1.015,60,SVC,2021-04-20,0,1,-0.0159825944875235
ITUB4,1.015,60,RNA,2021-04-22,1,1,0.0149999999999999
ITUB4,1.015,60,Random Forest,2021-04-22,1,1,0.0149999999999999
ITUB4,1.015,60,SVC,2021-04-22,1,1,0.0149999999999999
ITUB4,1.015,60,RNA,2021-04-23,1,1,0.0149999999999999
ITUB4,1.015,60,Random Forest,2021-04-23,1,0,0.0149999999999999
ITUB4,1.015,60,SVC,2021-04-23,1,1,0.0149999999999999
ITUB4,1.015,60,RNA,2021-04-26,1,0,0.0149999999999999
ITUB4,1.015,60,Random Forest,2021-04-26,1,1,0.0149999999999999
ITUB4,1.015,60,SVC,2021-04-26,1,1,0.0149999999999999
ITUB4,1.015,60,RNA,2021-04-27,1,1,0.0149999999999999
ITUB4,1.015,60,Random Forest,2021-04-27,1,1,0.0149999999999999
ITUB4,1.015,60,SVC,2021-04-27,1,1,0.0149999999999999
ITUB4,1.015,60,RNA,2021-04-28,0,1,-0.0516478443557051
ITUB4,1.015,60,Random Forest,2021-04-28,0,1,-0.0516478443557051
ITUB4,1.015,60,SVC,2021-04-28,0,1,-0.0516478443557051
ITUB4,1.015,60,RNA,2021-04-29,1,0,0.0149999999999999
ITUB4,1.015,60,Random Forest,2021-04-29,1,1,0.0149999999999999
ITUB4,1.015,60,SVC,2021-04-29,1,1,0.0149999999999999
ITUB4,1.015,60,RNA,2021-04-30,1,1,0.0149999999999999
ITUB4,1.015,60,Random Forest,2021-04-30,1,1,0.0149999999999999
ITUB4,1.015,60,SVC,2021-04-30,1,1,0.0149999999999999
ITUB4,1.015,60,RNA,2021-05-03,0,1,-0.0167259863540787
ITUB4,1.015,60,Random Forest,2021-05-03,0,1,-0.0167259863540787
ITUB4,1.015,60,SVC,2021-05-03,0,1,-0.0167259863540787
ITUB4,1.015,60,RNA,2021-05-04,1,1,0.0149999999999999
ITUB4,1.015,60,Random Forest,2021-05-04,1,1,0.0149999999999999
ITUB4,1.015,60,SVC,2021-05-04,1,1,0.0149999999999999
ITUB4,1.015,60,RNA,2021-05-05,1,1,0.0149999999999999
ITUB4,1.015,60,Random Forest,2021-05-05,1,1,0.0149999999999999
ITUB4,1.015,60,SVC,2021-05-05,1,1,0.0149999999999999
ITUB4,1.015,60,RNA,2021-05-06,1,1,0.0149999999999999
ITUB4,1.015,60,Random Forest,2021-05-06,1,1,0.0149999999999999
ITUB4,1.015,60,SVC,2021-05-06,1,1,0.0149999999999999
ITUB4,1.015,60,RNA,2021-05-07,1,1,0.0149999999999999
ITUB4,1.015,60,Random Forest,2021-05-07,1,1,0.0149999999999999
ITUB4,1.015,60,SVC,2021-05-07,1,1,0.0149999999999999
ITUB4,1.015,60,RNA,2021-05-10,1,1,0.0149999999999999
ITUB4,1.015,60,Random Forest,2021-05-10,1,1,0.0149999999999999
ITUB4,1.015,60,SVC,2021-05-10,1,1,0.0149999999999999
ITUB4,1.015,60,RNA,2021-05-11,1,1,0.0149999999999999
ITUB4,1.015,60,Random Forest,2021-05-11,1,1,0.0149999999999999
ITUB4,1.015,60,SVC,2021-05-11,1,1,0.0149999999999999
ITUB4,1.015,60,RNA,2021-05-12,1,1,0.0149999999999999
ITUB4,1.015,60,Random Forest,2021-05-12,1,1,0.0149999999999999
ITUB4,1.015,60,SVC,2021-05-12,1,1,0.0149999999999999
ITUB4,1.015,60,RNA,2021-05-13,1,0,0.0149999999999999
ITUB4,1.015,60,Random Forest,2021-05-13,1,1,0.0149999999999999
ITUB4,1.015,60,SVC,2021-05-13,1,1,0.0149999999999999
ITUB4,1.015,60,RNA,2021-05-14,1,1,0.0149999999999999
ITUB4,1.015,60,Random Forest,2021-05-14,1,1,0.0149999999999999
ITUB4,1.015,60,SVC,2021-05-14,1,1,0.0149999999999999
ITUB4,1.015,60,RNA,2021-05-17,1,1,0.0149999999999999
ITUB4,1.015,60,Random Forest,2021-05-17,1,1,0.0149999999999999
ITUB4,1.015,60,SVC,2021-05-17,1,1,0.0149999999999999
ITUB4,1.015,60,RNA,2021-05-18,1,1,0.0149999999999999
ITUB4,1.015,60,Random Forest,2021-05-18,1,0,0.0149999999999999
ITUB4,1.015,60,SVC,2021-05-18,1,1,0.0149999999999999
ITUB4,1.015,60,RNA,2021-05-19,1,0,0.0149999999999999
ITUB4,1.015,60,Random Forest,2021-05-19,1,1,0.0149999999999999
ITUB4,1.015,60,SVC,2021-05-19,1,1,0.0149999999999999
ITUB4,1.015,60,RNA,2021-05-20,0,1,0.004054369766641
ITUB4,1.015,60,Random Forest,2021-05-20,0,1,0.004054369766641
ITUB4,1.015,60,SVC,2021-05-20,0,1,0.004054369766641
ITUB4,1.015,60,RNA,2021-05-21,0,1,-0.0108909888930758
ITUB4,1.015,60,Random Forest,2021-05-21,0,1,-0.0108909888930758
ITUB4,1.015,60,SVC,2021-05-21,0,1,-0.0108909888930758
ITUB4,1.015,60,RNA,2021-05-24,0,0,0.010572990218064
ITUB4,1.015,60,Random Forest,2021-05-24,0,0,0.010572990218064
ITUB4,1.015,60,SVC,2021-05-24,0,1,0.010572990218064
ITUB4,1.015,60,RNA,2021-05-25,1,1,0.0149999999999999
ITUB4,1.015,60,Random Forest,2021-05-25,1,1,0.0149999999999999
ITUB4,1.015,60,SVC,2021-05-25,1,1,0.0149999999999999
ITUB4,1.015,60,RNA,2021-05-26,1,1,0.0149999999999999
ITUB4,1.015,60,Random Forest,2021-05-26,1,0,0.0149999999999999
ITUB4,1.015,60,SVC,2021-05-26,1,1,0.0149999999999999
ITUB4,1.015,60,RNA,2021-05-27,1,0,0.0149999999999999
ITUB4,1.015,60,Random Forest,2021-05-27,1,0,0.0149999999999999
ITUB4,1.015,60,SVC,2021-05-27,1,1,0.0149999999999999
ITUB4,1.015,60,RNA,2021-05-28,1,1,0.0149999999999999
ITUB4,1.015,60,Random Forest,2021-05-28,1,1,0.0149999999999999
ITUB4,1.015,60,SVC,2021-05-28,1,1,0.0149999999999999
ITUB4,1.015,60,RNA,2021-05-31,1,1,0.0149999999999999
ITUB4,1.015,60,Random Forest,2021-05-31,1,0,0.0149999999999999
ITUB4,1.015,60,SVC,2021-05-31,1,1,0.0149999999999999
ITUB4,1.015,60,RNA,2021-06-01,1,1,0.0149999999999999
ITUB4,1.015,60,Random Forest,2021-06-01,1,1,0.0149999999999999
ITUB4,1.015,60,SVC,2021-06-01,1,1,0.0149999999999999
ITUB4,1.015,60,RNA,2021-06-02,1,1,0.0149999999999999
ITUB4,1.015,60,Random Forest,2021-06-02,1,1,0.0149999999999999
ITUB4,1.015,60,SVC,2021-06-02,1,1,0.0149999999999999
ITUB4,1.015,60,RNA,2021-06-04,1,1,0.0149999999999999
ITUB4,1.015,60,Random Forest,2021-06-04,1,0,0.0149999999999999
ITUB4,1.015,60,SVC,2021-06-04,1,1,0.0149999999999999
ITUB4,1.015,60,RNA,2021-06-07,1,0,0.0149999999999999
ITUB4,1.015,60,Random Forest,2021-06-07,1,1,0.0149999999999999
ITUB4,1.015,60,SVC,2021-06-07,1,1,0.0149999999999999
ITUB4,1.015,60,RNA,2021-06-08,1,1,0.0149999999999999
ITUB4,1.015,60,Random Forest,2021-06-08,1,1,0.0149999999999999
ITUB4,1.015,60,SVC,2021-06-08,1,1,0.0149999999999999
ITUB4,1.015,60,RNA,2021-06-09,0,0,-0.0285714061229996
ITUB4,1.015,60,Random Forest,2021-06-09,0,1,-0.0285714061229996
ITUB4,1.015,60,SVC,2021-06-09,0,1,-0.0285714061229996
ITUB4,1.015,60,RNA,2021-06-10,1,1,0.0149999999999999
ITUB4,1.015,60,Random Forest,2021-06-10,1,1,0.0149999999999999
ITUB4,1.015,60,SVC,2021-06-10,1,1,0.0149999999999999
ITUB4,1.015,60,RNA,2021-06-11,1,1,0.0149999999999999
ITUB4,1.015,60,Random Forest,2021-06-11,1,1,0.0149999999999999
ITUB4,1.015,60,SVC,2021-06-11,1,1,0.0149999999999999
ITUB4,1.015,60,RNA,2021-06-14,1,1,0.0149999999999999
ITUB4,1.015,60,Random Forest,2021-06-14,1,1,0.0149999999999999
ITUB4,1.015,60,SVC,2021-06-14,1,1,0.0149999999999999
ITUB4,1.015,60,RNA,2021-06-15,1,1,0.0149999999999999
ITUB4,1.015,60,Random Forest,2021-06-15,1,1,0.0149999999999999
ITUB4,1.015,60,SVC,2021-06-15,1,1,0.0149999999999999
ITUB4,1.015,60,RNA,2021-06-16,1,1,0.0149999999999999
ITUB4,1.015,60,Random Forest,2021-06-16,1,1,0.0149999999999999
ITUB4,1.015,60,SVC,2021-06-16,1,1,0.0149999999999999
ITUB4,1.015,60,RNA,2021-06-17,0,1,-0.0290076483557939
ITUB4,1.015,60,Random Forest,2021-06-17,0,1,-0.0290076483557939
ITUB4,1.015,60,SVC,2021-06-17,0,1,-0.0290076483557939
ITUB4,1.015,60,RNA,2021-06-18,1,1,0.0149999999999999
ITUB4,1.015,60,Random Forest,2021-06-18,1,1,0.0149999999999999
ITUB4,1.015,60,SVC,2021-06-18,1,1,0.0149999999999999
ITUB4,1.015,60,RNA,2021-06-21,0,1,-0.0443686033034103
ITUB4,1.015,60,Random Forest,2021-06-21,0,1,-0.0443686033034103
ITUB4,1.015,60,SVC,2021-06-21,0,1,-0.0443686033034103
ITUB4,1.015,60,RNA,2021-06-22,1,1,0.0149999999999999
ITUB4,1.015,60,Random Forest,2021-06-22,1,1,0.0149999999999999
ITUB4,1.015,60,SVC,2021-06-22,1,1,0.0149999999999999
ITUB4,1.015,60,RNA,2021-06-23,0,1,-0.0627913971100218
ITUB4,1.015,60,Random Forest,2021-06-23,0,1,-0.0627913971100218
ITUB4,1.015,60,SVC,2021-06-23,0,1,-0.0627913971100218
ITUB4,1.015,60,RNA,2021-06-24,0,1,-0.0681676276296294
ITUB4,1.015,60,Random Forest,2021-06-24,0,0,-0.0681676276296294
ITUB4,1.015,60,SVC,2021-06-24,0,1,-0.0681676276296294
ITUB4,1.015,60,RNA,2021-06-25,0,1,-0.036804743237627
ITUB4,1.015,60,Random Forest,2021-06-25,0,0,-0.036804743237627
ITUB4,1.015,60,SVC,2021-06-25,0,1,-0.036804743237627
ITUB4,1.015,60,RNA,2021-06-28,0,1,-0.0077626069229377
ITUB4,1.015,60,Random Forest,2021-06-28,0,0,-0.0077626069229377
ITUB4,1.015,60,SVC,2021-06-28,0,1,-0.0077626069229377
ITUB4,1.015,60,RNA,2021-06-29,0,1,-0.0128367402431293
ITUB4,1.015,60,Random Forest,2021-06-29,0,0,-0.0128367402431293
ITUB4,1.015,60,SVC,2021-06-29,0,1,-0.0128367402431293
ITUB4,1.015,60,RNA,2021-06-30,0,1,-0.0174555298292327
ITUB4,1.015,60,Random Forest,2021-06-30,0,0,-0.0174555298292327
ITUB4,1.015,60,SVC,2021-06-30,0,1,-0.0174555298292327
ITUB4,1.015,60,RNA,2021-07-01,0,1,-0.0066934350348086
ITUB4,1.015,60,Random Forest,2021-07-01,0,0,-0.0066934350348086
ITUB4,1.015,60,SVC,2021-07-01,0,1,-0.0066934350348086
ITUB4,1.015,60,RNA,2021-07-02,0,1,-0.0144683377106663
ITUB4,1.015,60,Random Forest,2021-07-02,0,0,-0.0144683377106663
ITUB4,1.015,60,SVC,2021-07-02,0,0,-0.0144683377106663
ITUB4,1.015,60,RNA,2021-07-05,1,0,0.0149999999999999
ITUB4,1.015,60,Random Forest,2021-07-05,1,0,0.0149999999999999
ITUB4,1.015,60,SVC,2021-07-05,1,0,0.0149999999999999
ITUB4,1.015,60,RNA,2021-07-06,1,0,0.0149999999999999
ITUB4,1.015,60,Random Forest,2021-07-06,1,0,0.0149999999999999
ITUB4,1.015,60,SVC,2021-07-06,1,0,0.0149999999999999
ITUB4,1.015,60,RNA,2021-07-07,1,1,0.0149999999999999
ITUB4,1.015,60,Random Forest,2021-07-07,1,0,0.0149999999999999
ITUB4,1.015,60,SVC,2021-07-07,1,1,0.0149999999999999
ITUB4,1.015,60,RNA,2021-07-08,1,1,0.0149999999999999
ITUB4,1.015,60,Random Forest,2021-07-08,1,0,0.0149999999999999
ITUB4,1.015,60,SVC,2021-07-08,1,1,0.0149999999999999
ITUB4,1.015,60,RNA,2021-07-12,1,1,0.0149999999999999
ITUB4,1.015,60,Random Forest,2021-07-12,1,1,0.0149999999999999
ITUB4,1.015,60,SVC,2021-07-12,1,1,0.0149999999999999
ITUB4,1.015,60,RNA,2021-07-13,1,1,0.0149999999999999
ITUB4,1.015,60,Random Forest,2021-07-13,1,1,0.0149999999999999
ITUB4,1.015,60,SVC,2021-07-13,1,1,0.0149999999999999
ITUB4,1.015,60,RNA,2021-07-14,0,0,-0.0194239412419426
ITUB4,1.015,60,Random Forest,2021-07-14,0,1,-0.0194239412419426
ITUB4,1.015,60,SVC,2021-07-14,0,1,-0.0194239412419426
ITUB4,1.015,60,RNA,2021-07-15,0,1,-0.0124286316595101
ITUB4,1.015,60,Random Forest,2021-07-15,0,1,-0.0124286316595101
ITUB4,1.015,60,SVC,2021-07-15,0,1,-0.0124286316595101
ITUB4,1.015,60,RNA,2021-07-16,1,1,0.0149999999999999
ITUB4,1.015,60,Random Forest,2021-07-16,1,1,0.0149999999999999
ITUB4,1.015,60,SVC,2021-07-16,1,1,0.0149999999999999
ITUB4,1.015,60,RNA,2021-07-19,1,1,0.0149999999999999
ITUB4,1.015,60,Random Forest,2021-07-19,1,1,0.0149999999999999
ITUB4,1.015,60,SVC,2021-07-19,1,1,0.0149999999999999
ITUB4,1.015,60,RNA,2021-07-20,1,0,0.0149999999999999
ITUB4,1.015,60,Random Forest,2021-07-20,1,1,0.0149999999999999
ITUB4,1.015,60,SVC,2021-07-20,1,1,0.0149999999999999
ITUB4,1.015,60,RNA,2021-07-21,1,1,0.0149999999999999
ITUB4,1.015,60,Random Forest,2021-07-21,1,1,0.0149999999999999
ITUB4,1.015,60,SVC,2021-07-21,1,1,0.0149999999999999
ITUB4,1.015,60,RNA,2021-07-22,1,1,0.0149999999999999
ITUB4,1.015,60,Random Forest,2021-07-22,1,1,0.0149999999999999
ITUB4,1.015,60,SVC,2021-07-22,1,1,0.0149999999999999
ITUB4,1.015,60,RNA,2021-07-23,1,1,0.0149999999999999
ITUB4,1.015,60,Random Forest,2021-07-23,1,1,0.0149999999999999
ITUB4,1.015,60,SVC,2021-07-23,1,1,0.0149999999999999
ITUB4,1.015,60,RNA,2021-07-26,1,1,0.0149999999999999
ITUB4,1.015,60,Random Forest,2021-07-26,1,1,0.0149999999999999
ITUB4,1.015,60,SVC,2021-07-26,1,1,0.0149999999999999
ITUB4,1.015,60,RNA,2021-07-27,1,1,0.0149999999999999
ITUB4,1.015,60,Random Forest,2021-07-27,1,1,0.0149999999999999
ITUB4,1.015,60,SVC,2021-07-27,1,1,0.0149999999999999
ITUB4,1.015,60,RNA,2021-07-28,1,1,0.0149999999999999
ITUB4,1.015,60,Random Forest,2021-07-28,1,1,0.0149999999999999
ITUB4,1.015,60,SVC,2021-07-28,1,1,0.0149999999999999
ITUB4,1.015,60,RNA,2021-07-29,1,1,0.0149999999999999
ITUB4,1.015,60,Random Forest,2021-07-29,1,0,0.0149999999999999
ITUB4,1.015,60,SVC,2021-07-29,1,1,0.0149999999999999
ITUB4,1.015,60,RNA,2021-07-30,1,1,0.0149999999999999
ITUB4,1.015,60,Random Forest,2021-07-30,1,1,0.0149999999999999
ITUB4,1.015,60,SVC,2021-07-30,1,1,0.0149999999999999
ITUB4,1.015,60,RNA,2021-08-02,0,1,-0.0178343819982774
ITUB4,1.015,60,Random Forest,2021-08-02,0,1,-0.0178343819982774
ITUB4,1.015,60,SVC,2021-08-02,0,1,-0.0178343819982774
ITUB4,1.015,60,RNA,2021-08-03,1,1,0.0149999999999999
ITUB4,1.015,60,Random Forest,2021-08-03,1,1,0.0149999999999999
ITUB4,1.015,60,SVC,2021-08-03,1,1,0.0149999999999999
ITUB4,1.015,60,RNA,2021-08-04,1,1,0.0149999999999999
ITUB4,1.015,60,Random Forest,2021-08-04,1,1,0.0149999999999999
ITUB4,1.015,60,SVC,2021-08-04,1,1,0.0149999999999999
ITUB4,1.015,60,RNA,2021-08-05,1,1,0.0149999999999999
ITUB4,1.015,60,Random Forest,2021-08-05,1,1,0.0149999999999999
ITUB4,1.015,60,SVC,2021-08-05,1,1,0.0149999999999999
ITUB4,1.015,60,RNA,2021-08-06,1,1,0.0149999999999999
ITUB4,1.015,60,Random Forest,2021-08-06,1,1,0.0149999999999999
ITUB4,1.015,60,SVC,2021-08-06,1,1,0.0149999999999999
ITUB4,1.015,60,RNA,2021-08-09,0,1,-0.0121951374336694
ITUB4,1.015,60,Random Forest,2021-08-09,0,1,-0.0121951374336694
ITUB4,1.015,60,SVC,2021-08-09,0,1,-0.0121951374336694
ITUB4,1.015,60,RNA,2021-08-10,1,1,0.0149999999999999
ITUB4,1.015,60,Random Forest,2021-08-10,1,1,0.0149999999999999
ITUB4,1.015,60,SVC,2021-08-10,1,1,0.0149999999999999
ITUB4,1.015,60,RNA,2021-08-11,0,1,-0.0164610586532274
ITUB4,1.015,60,Random Forest,2021-08-11,0,1,-0.0164610586532274
ITUB4,1.015,60,SVC,2021-08-11,0,0,-0.0164610586532274
ITUB4,1.015,60,RNA,2021-08-12,1,1,0.0149999999999999
ITUB4,1.015,60,Random Forest,2021-08-12,1,1,0.0149999999999999
ITUB4,1.015,60,SVC,2021-08-12,1,1,0.0149999999999999
ITUB4,1.015,60,RNA,2021-08-13,1,1,0.0149999999999999
ITUB4,1.015,60,Random Forest,2021-08-13,1,1,0.0149999999999999
ITUB4,1.015,60,SVC,2021-08-13,1,1,0.0149999999999999
ITUB4,1.015,60,RNA,2021-08-16,1,1,0.0149999999999999
ITUB4,1.015,60,Random Forest,2021-08-16,1,1,0.0149999999999999
ITUB4,1.015,60,SVC,2021-08-16,1,1,0.0149999999999999
ITUB4,1.015,60,RNA,2021-08-17,1,1,0.0149999999999999
ITUB4,1.015,60,Random Forest,2021-08-17,1,1,0.0149999999999999
ITUB4,1.015,60,SVC,2021-08-17,1,1,0.0149999999999999
ITUB4,1.015,60,RNA,2021-08-18,1,1,0.0149999999999999
ITUB4,1.015,60,Random Forest,2021-08-18,1,1,0.0149999999999999
ITUB4,1.015,60,SVC,2021-08-18,1,1,0.0149999999999999
ITUB4,1.015,60,RNA,2021-08-19,1,1,0.0149999999999999
ITUB4,1.015,60,Random Forest,2021-08-19,1,1,0.0149999999999999
ITUB4,1.015,60,SVC,2021-08-19,1,1,0.0149999999999999
ITUB4,1.015,60,RNA,2021-08-20,1,1,0.0149999999999999
ITUB4,1.015,60,Random Forest,2021-08-20,1,1,0.0149999999999999
ITUB4,1.015,60,SVC,2021-08-20,1,1,0.0149999999999999
ITUB4,1.015,60,RNA,2021-08-23,1,1,0.0149999999999999
ITUB4,1.015,60,Random Forest,2021-08-23,1,1,0.0149999999999999
ITUB4,1.015,60,SVC,2021-08-23,1,1,0.0149999999999999
ITUB4,1.015,60,RNA,2021-08-24,0,1,-0.006829253334292
ITUB4,1.015,60,Random Forest,2021-08-24,0,1,-0.006829253334292
ITUB4,1.015,60,SVC,2021-08-24,0,1,-0.006829253334292
ITUB4,1.015,60,RNA,2021-08-25,0,1,0.001294531002582
ITUB4,1.015,60,Random Forest,2021-08-25,0,1,0.001294531002582
ITUB4,1.015,60,SVC,2021-08-25,0,1,0.001294531002582
ITUB4,1.015,60,RNA,2021-08-26,1,1,0.0149999999999999
ITUB4,1.015,60,Random Forest,2021-08-26,1,1,0.0149999999999999
ITUB4,1.015,60,SVC,2021-08-26,1,1,0.0149999999999999
ITUB4,1.015,60,RNA,2021-08-27,1,1,0.0149999999999999
ITUB4,1.015,60,Random Forest,2021-08-27,1,1,0.0149999999999999
ITUB4,1.015,60,SVC,2021-08-27,1,1,0.0149999999999999
ITUB4,1.015,60,RNA,2021-08-30,1,1,0.0149999999999999
ITUB4,1.015,60,Random Forest,2021-08-30,1,1,0.0149999999999999
ITUB4,1.015,60,SVC,2021-08-30,1,1,0.0149999999999999
ITUB4,1.015,60,RNA,2021-08-31,1,1,0.0149999999999999
ITUB4,1.015,60,Random Forest,2021-08-31,1,1,0.0149999999999999
ITUB4,1.015,60,SVC,2021-08-31,1,1,0.0149999999999999
ITUB4,1.015,60,RNA,2021-09-01,0,1,-0.0702492614391222
ITUB4,1.015,60,Random Forest,2021-09-01,0,1,-0.0702492614391222
ITUB4,1.015,60,SVC,2021-09-01,0,1,-0.0702492614391222
ITUB4,1.015,60,RNA,2021-09-02,0,1,-0.0341852008779255
ITUB4,1.015,60,Random Forest,2021-09-02,0,1,-0.0341852008779255
ITUB4,1.015,60,SVC,2021-09-02,0,1,-0.0341852008779255
ITUB4,1.015,60,RNA,2021-09-03,1,1,0.0149999999999999
ITUB4,1.015,60,Random Forest,2021-09-03,1,1,0.0149999999999999
ITUB4,1.015,60,SVC,2021-09-03,1,1,0.0149999999999999
ITUB4,1.015,60,RNA,2021-09-06,0,1,-0.0289614311639029
ITUB4,1.015,60,Random Forest,2021-09-06,0,1,-0.0289614311639029
ITUB4,1.015,60,SVC,2021-09-06,0,1,-0.0289614311639029
ITUB4,1.015,60,RNA,2021-09-08,1,1,0.0149999999999999
ITUB4,1.015,60,Random Forest,2021-09-08,1,1,0.0149999999999999
ITUB4,1.015,60,SVC,2021-09-08,1,1,0.0149999999999999
ITUB4,1.015,60,RNA,2021-09-09,0,1,-0.0332203148702248
ITUB4,1.015,60,Random Forest,2021-09-09,0,0,-0.0332203148702248
ITUB4,1.015,60,SVC,2021-09-09,0,1,-0.0332203148702248
ITUB4,1.015,60,RNA,2021-09-10,0,1,-0.0282986741590129
ITUB4,1.015,60,Random Forest,2021-09-10,0,1,-0.0282986741590129
ITUB4,1.015,60,SVC,2021-09-10,0,1,-0.0282986741590129
ITUB4,1.015,60,RNA,2021-09-13,0,1,-0.0439862292437968
ITUB4,1.015,60,Random Forest,2021-09-13,0,1,-0.0439862292437968
ITUB4,1.015,60,SVC,2021-09-13,0,1,-0.0439862292437968
ITUB4,1.015,60,RNA,2021-09-14,0,1,-0.0640275446022548
ITUB4,1.015,60,Random Forest,2021-09-14,0,0,-0.0640275446022548
ITUB4,1.015,60,SVC,2021-09-14,0,1,-0.0640275446022548
ITUB4,1.015,60,RNA,2021-09-15,0,1,-0.0423728779165213
ITUB4,1.015,60,Random Forest,2021-09-15,0,0,-0.0423728779165213
ITUB4,1.015,60,SVC,2021-09-15,0,1,-0.0423728779165213
ITUB4,1.015,60,RNA,2021-09-16,0,0,-0.0252897427978466
ITUB4,1.015,60,Random Forest,2021-09-16,0,0,-0.0252897427978466
ITUB4,1.015,60,SVC,2021-09-16,0,0,-0.0252897427978466
ITUB4,1.015,60,RNA,2021-09-17,1,0,0.0149999999999999
ITUB4,1.015,60,Random Forest,2021-09-17,1,0,0.0149999999999999
ITUB4,1.015,60,SVC,2021-09-17,1,1,0.0149999999999999
ITUB4,1.015,60,RNA,2021-09-20,1,1,0.0149999999999999
ITUB4,1.015,60,Random Forest,2021-09-20,1,0,0.0149999999999999
ITUB4,1.015,60,SVC,2021-09-20,1,1,0.0149999999999999
ITUB4,1.015,60,RNA,2021-09-21,1,0,0.0149999999999999
ITUB4,1.015,60,Random Forest,2021-09-21,1,1,0.0149999999999999
ITUB4,1.015,60,SVC,2021-09-21,1,1,0.0149999999999999
ITUB4,1.015,60,RNA,2021-09-22,1,1,0.0149999999999999
ITUB4,1.015,60,Random Forest,2021-09-22,1,1,0.0149999999999999
ITUB4,1.015,60,SVC,2021-09-22,1,1,0.0149999999999999
ITUB4,1.015,60,RNA,2021-09-23,1,1,0.0149999999999999
ITUB4,1.015,60,Random Forest,2021-09-23,1,1,0.0149999999999999
ITUB4,1.015,60,SVC,2021-09-23,1,1,0.0149999999999999
ITUB4,1.015,60,RNA,2021-09-24,1,1,0.0149999999999999
ITUB4,1.015,60,Random Forest,2021-09-24,1,1,0.0149999999999999
ITUB4,1.015,60,SVC,2021-09-24,1,1,0.0149999999999999
ITUB4,1.015,60,RNA,2021-09-27,1,0,0.0149999999999999
ITUB4,1.015,60,Random Forest,2021-09-27,1,1,0.0149999999999999
ITUB4,1.015,60,SVC,2021-09-27,1,1,0.0149999999999999
ITUB4,1.015,60,RNA,2021-09-28,1,1,0.0149999999999999
ITUB4,1.015,60,Random Forest,2021-09-28,1,1,0.0149999999999999
ITUB4,1.015,60,SVC,2021-09-28,1,1,0.0149999999999999
ITUB4,1.015,60,RNA,2021-09-29,1,1,0.0149999999999999
ITUB4,1.015,60,Random Forest,2021-09-29,1,1,0.0149999999999999
ITUB4,1.015,60,SVC,2021-09-29,1,1,0.0149999999999999
ITUB4,1.015,60,RNA,2021-09-30,1,1,0.0149999999999999
ITUB4,1.015,60,Random Forest,2021-09-30,1,1,0.0149999999999999
ITUB4,1.015,60,SVC,2021-09-30,1,1,0.0149999999999999
ITUB4,1.015,60,RNA,2021-10-01,1,1,0.0149999999999999
ITUB4,1.015,60,Random Forest,2021-10-01,1,1,0.0149999999999999
ITUB4,1.015,60,SVC,2021-10-01,1,1,0.0149999999999999
ITUB4,1.015,60,RNA,2021-10-04,1,1,0.0149999999999999
ITUB4,1.015,60,Random Forest,2021-10-04,1,1,0.0149999999999999
ITUB4,1.015,60,SVC,2021-10-04,1,1,0.0149999999999999
ITUB4,1.015,60,RNA,2021-10-05,1,1,0.0149999999999999
ITUB4,1.015,60,Random Forest,2021-10-05,1,1,0.0149999999999999
ITUB4,1.015,60,SVC,2021-10-05,1,1,0.0149999999999999
ITUB4,1.015,60,RNA,2021-10-06,0,1,-0.0346199618170117
ITUB4,1.015,60,Random Forest,2021-10-06,0,1,-0.0346199618170117
ITUB4,1.015,60,SVC,2021-10-06,0,1,-0.0346199618170117
ITUB4,1.015,60,RNA,2021-10-07,1,1,0.0149999999999999
ITUB4,1.015,60,Random Forest,2021-10-07,1,1,0.0149999999999999
ITUB4,1.015,60,SVC,2021-10-07,1,1,0.0149999999999999
ITUB4,1.015,60,RNA,2021-10-08,0,1,0.0073230430745487
ITUB4,1.015,60,Random Forest,2021-10-08,0,1,0.0073230430745487
ITUB4,1.015,60,SVC,2021-10-08,0,1,0.0073230430745487
ITUB4,1.015,60,RNA,2021-10-11,1,1,0.0149999999999999
ITUB4,1.015,60,Random Forest,2021-10-11,1,1,0.0149999999999999
ITUB4,1.015,60,SVC,2021-10-11,1,1,0.0149999999999999
ITUB4,1.015,60,RNA,2021-10-13,1,1,0.0149999999999999
ITUB4,1.015,60,Random Forest,2021-10-13,1,1,0.0149999999999999
ITUB4,1.015,60,SVC,2021-10-13,1,1,0.0149999999999999
ITUB4,1.015,60,RNA,2021-10-14,1,1,0.0149999999999999
ITUB4,1.015,60,Random Forest,2021-10-14,1,1,0.0149999999999999
ITUB4,1.015,60,SVC,2021-10-14,1,1,0.0149999999999999
ITUB4,1.015,60,RNA,2021-10-15,1,1,0.0149999999999999
ITUB4,1.015,60,Random Forest,2021-10-15,1,1,0.0149999999999999
ITUB4,1.015,60,SVC,2021-10-15,1,1,0.0149999999999999
ITUB4,1.015,60,RNA,2021-10-18,1,1,0.0149999999999999
ITUB4,1.015,60,Random Forest,2021-10-18,1,0,0.0149999999999999
ITUB4,1.015,60,SVC,2021-10-18,1,1,0.0149999999999999
ITUB4,1.015,60,RNA,2021-10-19,1,1,0.0149999999999999
ITUB4,1.015,60,Random Forest,2021-10-19,1,1,0.0149999999999999
ITUB4,1.015,60,SVC,2021-10-19,1,1,0.0149999999999999
ITUB4,1.015,60,RNA,2021-10-20,1,1,0.0149999999999999
ITUB4,1.015,60,Random Forest,2021-10-20,1,1,0.0149999999999999
ITUB4,1.015,60,SVC,2021-10-20,1,1,0.0149999999999999
ITUB4,1.015,60,RNA,2021-10-21,0,1,-0.0082918607861871
ITUB4,1.015,60,Random Forest,2021-10-21,0,1,-0.0082918607861871
ITUB4,1.015,60,SVC,2021-10-21,0,1,-0.0082918607861871
ITUB4,1.015,60,RNA,2021-10-22,1,1,0.0149999999999999
ITUB4,1.015,60,Random Forest,2021-10-22,1,1,0.0149999999999999
ITUB4,1.015,60,SVC,2021-10-22,1,1,0.0149999999999999
ITUB4,1.015,60,RNA,2021-10-25,1,0,0.0149999999999999
ITUB4,1.015,60,Random Forest,2021-10-25,1,1,0.0149999999999999
ITUB4,1.015,60,SVC,2021-10-25,1,1,0.0149999999999999
ITUB4,1.015,60,RNA,2021-10-26,1,0,0.0149999999999999
ITUB4,1.015,60,Random Forest,2021-10-26,1,1,0.0149999999999999
ITUB4,1.015,60,SVC,2021-10-26,1,1,0.0149999999999999
ITUB4,1.015,60,RNA,2021-10-27,1,1,0.0149999999999999
ITUB4,1.015,60,Random Forest,2021-10-27,1,1,0.0149999999999999
ITUB4,1.015,60,SVC,2021-10-27,1,1,0.0149999999999999
ITUB4,1.015,60,RNA,2021-10-28,1,1,0.0149999999999999
ITUB4,1.015,60,Random Forest,2021-10-28,1,1,0.0149999999999999
ITUB4,1.015,60,SVC,2021-10-28,1,1,0.0149999999999999
ITUB4,1.015,60,RNA,2021-10-29,1,1,0.0149999999999999
ITUB4,1.015,60,Random Forest,2021-10-29,1,1,0.0149999999999999
ITUB4,1.015,60,SVC,2021-10-29,1,1,0.0149999999999999
ITUB4,1.015,60,RNA,2021-11-01,1,1,0.0149999999999999
ITUB4,1.015,60,Random Forest,2021-11-01,1,1,0.0149999999999999
ITUB4,1.015,60,SVC,2021-11-01,1,1,0.0149999999999999
ITUB4,1.015,60,RNA,2021-11-03,0,1,-0.0796568810977264
ITUB4,1.015,60,Random Forest,2021-11-03,0,1,-0.0796568810977264
ITUB4,1.015,60,SVC,2021-11-03,0,1,-0.0796568810977264
ITUB4,1.015,60,RNA,2021-11-04,0,1,-0.0170212865038204
ITUB4,1.015,60,Random Forest,2021-11-04,0,1,-0.0170212865038204
ITUB4,1.015,60,SVC,2021-11-04,0,1,-0.0170212865038204
ITUB4,1.015,60,RNA,2021-11-05,1,1,0.0149999999999999
ITUB4,1.015,60,Random Forest,2021-11-05,1,1,0.0149999999999999
ITUB4,1.015,60,SVC,2021-11-05,1,1,0.0149999999999999
ITUB4,1.015,60,RNA,2021-11-08,1,1,0.0149999999999999
ITUB4,1.015,60,Random Forest,2021-11-08,1,1,0.0149999999999999
ITUB4,1.015,60,SVC,2021-11-08,1,1,0.0149999999999999
ITUB4,1.015,60,RNA,2021-11-09,1,1,0.0149999999999999
ITUB4,1.015,60,Random Forest,2021-11-09,1,1,0.0149999999999999
ITUB4,1.015,60,SVC,2021-11-09,1,1,0.0149999999999999
ITUB4,1.015,60,RNA,2021-11-10,0,1,-0.0247546374733381
ITUB4,1.015,60,Random Forest,2021-11-10,0,1,-0.0247546374733381
ITUB4,1.015,60,SVC,2021-11-10,0,1,-0.0247546374733381
ITUB4,1.015,60,RNA,2021-11-11,1,1,0.0149999999999999
ITUB4,1.015,60,Random Forest,2021-11-11,1,1,0.0149999999999999
ITUB4,1.015,60,SVC,2021-11-11,1,1,0.0149999999999999
ITUB4,1.015,60,RNA,2021-11-12,0,1,-0.0346620071571147
ITUB4,1.015,60,Random Forest,2021-11-12,0,1,-0.0346620071571147
ITUB4,1.015,60,SVC,2021-11-12,0,1,-0.0346620071571147
ITUB4,1.015,60,RNA,2021-11-16,0,1,-0.0259394954502034
ITUB4,1.015,60,Random Forest,2021-11-16,0,1,-0.0259394954502034
ITUB4,1.015,60,SVC,2021-11-16,0,1,-0.0259394954502034
ITUB4,1.015,60,RNA,2021-11-17,0,0,-0.0043991574343631
ITUB4,1.015,60,Random Forest,2021-11-17,0,0,-0.0043991574343631
ITUB4,1.015,60,SVC,2021-11-17,0,1,-0.0043991574343631
ITUB4,1.015,60,RNA,2021-11-18,1,0,0.0149999999999999
ITUB4,1.015,60,Random Forest,2021-11-18,1,0,0.0149999999999999
ITUB4,1.015,60,SVC,2021-11-18,1,1,0.0149999999999999
ITUB4,1.015,60,RNA,2021-11-19,1,1,0.0149999999999999
ITUB4,1.015,60,Random Forest,2021-11-19,1,0,0.0149999999999999
ITUB4,1.015,60,SVC,2021-11-19,1,1,0.0149999999999999
ITUB4,1.015,60,RNA,2021-11-22,1,1,0.0149999999999999
ITUB4,1.015,60,Random Forest,2021-11-22,1,0,0.0149999999999999
ITUB4,1.015,60,SVC,2021-11-22,1,1,0.0149999999999999
ITUB4,1.015,60,RNA,2021-11-23,1,0,0.0149999999999999
ITUB4,1.015,60,Random Forest,2021-11-23,1,0,0.0149999999999999
ITUB4,1.015,60,SVC,2021-11-23,1,1,0.0149999999999999
ITUB4,1.015,60,RNA,2021-11-24,1,1,0.0149999999999999
ITUB4,1.015,60,Random Forest,2021-11-24,1,1,0.0149999999999999
ITUB4,1.015,60,SVC,2021-11-24,1,1,0.0149999999999999
ITUB4,1.015,60,RNA,2021-11-25,1,1,0.0149999999999999
ITUB4,1.015,60,Random Forest,2021-11-25,1,0,0.0149999999999999
ITUB4,1.015,60,SVC,2021-11-25,1,1,0.0149999999999999
ITUB4,1.015,60,RNA,2021-11-26,0,1,0.0003557636285826
ITUB4,1.015,60,Random Forest,2021-11-26,0,1,0.0003557636285826
ITUB4,1.015,60,SVC,2021-11-26,0,1,0.0003557636285826
ITUB4,1.015,60,RNA,2021-11-29,1,1,0.0149999999999999
ITUB4,1.015,60,Random Forest,2021-11-29,1,1,0.0149999999999999
ITUB4,1.015,60,SVC,2021-11-29,1,1,0.0149999999999999
ITUB4,1.015,60,RNA,2021-11-30,1,1,0.0149999999999999
ITUB4,1.015,60,Random Forest,2021-11-30,1,1,0.0149999999999999
ITUB4,1.015,60,SVC,2021-11-30,1,1,0.0149999999999999
ITUB4,1.015,60,RNA,2021-12-01,1,1,0.0149999999999999
ITUB4,1.015,60,Random Forest,2021-12-01,1,1,0.0149999999999999
ITUB4,1.015,60,SVC,2021-12-01,1,0,0.0149999999999999
ITUB4,1.015,60,RNA,2021-12-02,1,1,0.0149999999999999
ITUB4,1.015,60,Random Forest,2021-12-02,1,1,0.0149999999999999
ITUB4,1.015,60,SVC,2021-12-02,1,1,0.0149999999999999
ITUB4,1.015,60,RNA,2021-12-03,1,1,0.0149999999999999
ITUB4,1.015,60,Random Forest,2021-12-03,1,1,0.0149999999999999
ITUB4,1.015,60,SVC,2021-12-03,1,1,0.0149999999999999
ITUB4,1.015,60,RNA,2021-12-06,0,1,-0.0618120507258376
ITUB4,1.015,60,Random Forest,2021-12-06,0,1,-0.0618120507258376
ITUB4,1.015,60,SVC,2021-12-06,0,1,-0.0618120507258376
ITUB4,1.015,60,RNA,2021-12-07,0,1,-0.0658293419037054
ITUB4,1.015,60,Random Forest,2021-12-07,0,1,-0.0658293419037054
ITUB4,1.015,60,SVC,2021-12-07,0,1,-0.0658293419037054
ITUB4,1.015,60,RNA,2021-12-08,0,1,-0.0438981392036046
ITUB4,1.015,60,Random Forest,2021-12-08,0,1,-0.0438981392036046
ITUB4,1.015,60,SVC,2021-12-08,0,1,-0.0438981392036046
ITUB4,1.015,60,RNA,2021-12-09,0,1,-0.0255834812574191
ITUB4,1.015,60,Random Forest,2021-12-09,0,1,-0.0255834812574191
ITUB4,1.015,60,SVC,2021-12-09,0,1,-0.0255834812574191
ITUB4,1.015,60,RNA,2021-12-10,0,1,-0.0121621902796168
ITUB4,1.015,60,Random Forest,2021-12-10,0,0,-0.0121621902796168
ITUB4,1.015,60,SVC,2021-12-10,0,1,-0.0121621902796168
ITUB4,1.015,60,RNA,2021-12-13,1,1,0.0149999999999999
ITUB4,1.015,60,Random Forest,2021-12-13,1,0,0.0149999999999999
ITUB4,1.015,60,SVC,2021-12-13,1,1,0.0149999999999999
ITUB4,1.015,60,RNA,2021-12-14,0,1,-0.0360565563354642
ITUB4,1.015,60,Random Forest,2021-12-14,0,0,-0.0360565563354642
ITUB4,1.015,60,SVC,2021-12-14,0,1,-0.0360565563354642
ITUB4,1.015,60,RNA,2021-12-15,0,1,-0.0342465322563038
ITUB4,1.015,60,Random Forest,2021-12-15,0,0,-0.0342465322563038
ITUB4,1.015,60,SVC,2021-12-15,0,1,-0.0342465322563038
ITUB4,1.015,60,RNA,2021-12-16,0,1,-0.01849281430975
ITUB4,1.015,60,Random Forest,2021-12-16,0,0,-0.01849281430975
ITUB4,1.015,60,SVC,2021-12-16,0,1,-0.01849281430975
ITUB4,1.015,60,RNA,2021-12-17,0,1,-0.0065177060386053
ITUB4,1.015,60,Random Forest,2021-12-17,0,0,-0.0065177060386053
ITUB4,1.015,60,SVC,2021-12-17,0,1,-0.0065177060386053
ITUB4,1.015,60,RNA,2021-12-20,1,1,0.0149999999999999
ITUB4,1.015,60,Random Forest,2021-12-20,1,0,0.0149999999999999
ITUB4,1.015,60,SVC,2021-12-20,1,1,0.0149999999999999
ITUB4,1.015,60,RNA,2021-12-21,1,1,0.0149999999999999
ITUB4,1.015,60,Random Forest,2021-12-21,1,0,0.0149999999999999
ITUB4,1.015,60,SVC,2021-12-21,1,1,0.0149999999999999
ITUB4,1.015,60,RNA,2021-12-22,1,0,0.0149999999999999
ITUB4,1.015,60,Random Forest,2021-12-22,1,0,0.0149999999999999
ITUB4,1.015,60,SVC,2021-12-22,1,1,0.0149999999999999
ITUB4,1.015,60,RNA,2021-12-23,0,1,-0.0246741099822024
ITUB4,1.015,60,Random Forest,2021-12-23,0,0,-0.0246741099822024
ITUB4,1.015,60,SVC,2021-12-23,0,1,-0.0246741099822024
ITUB4,1.015,60,RNA,2021-12-27,0,1,-0.0047098264950297
ITUB4,1.015,60,Random Forest,2021-12-27,0,1,-0.0047098264950297
ITUB4,1.015,60,SVC,2021-12-27,0,1,-0.0047098264950297
ITUB4,1.015,60,RNA,2021-12-28,1,0,0.0149999999999999
ITUB4,1.015,60,Random Forest,2021-12-28,1,0,0.0149999999999999
ITUB4,1.015,60,SVC,2021-12-28,1,1,0.0149999999999999
ITUB4,1.015,60,RNA,2021-12-29,1,0,0.0149999999999999
ITUB4,1.015,60,Random Forest,2021-12-29,1,1,0.0149999999999999
ITUB4,1.015,60,SVC,2021-12-29,1,1,0.0149999999999999
ITUB4,1.015,60,RNA,2021-12-30,1,0,0.0149999999999999
ITUB4,1.015,60,Random Forest,2021-12-30,1,1,0.0149999999999999
ITUB4,1.015,60,SVC,2021-12-30,1,1,0.0149999999999999
ITUB4,1.015,60,RNA,2022-01-03,1,1,0.0149999999999999
ITUB4,1.015,60,Random Forest,2022-01-03,1,0,0.0149999999999999
ITUB4,1.015,60,SVC,2022-01-03,1,1,0.0149999999999999
ITUB4,1.015,60,RNA,2022-01-04,1,0,0.0149999999999999
ITUB4,1.015,60,Random Forest,2022-01-04,1,0,0.0149999999999999
ITUB4,1.015,60,SVC,2022-01-04,1,1,0.0149999999999999
ITUB4,1.015,60,RNA,2022-01-05,1,1,0.0149999999999999
ITUB4,1.015,60,Random Forest,2022-01-05,1,1,0.0149999999999999
ITUB4,1.015,60,SVC,2022-01-05,1,1,0.0149999999999999
ITUB4,1.015,60,RNA,2022-01-06,1,1,0.0149999999999999
ITUB4,1.015,60,Random Forest,2022-01-06,1,1,0.0149999999999999
ITUB4,1.015,60,SVC,2022-01-06,1,1,0.0149999999999999
ITUB4,1.015,60,RNA,2022-01-07,1,1,0.0149999999999999
ITUB4,1.015,60,Random Forest,2022-01-07,1,1,0.0149999999999999
ITUB4,1.015,60,SVC,2022-01-07,1,1,0.0149999999999999
ITUB4,1.015,60,RNA,2022-01-10,1,1,0.0149999999999999
ITUB4,1.015,60,Random Forest,2022-01-10,1,0,0.0149999999999999
ITUB4,1.015,60,SVC,2022-01-10,1,1,0.0149999999999999
ITUB4,1.015,60,RNA,2022-01-11,1,1,0.0149999999999999
ITUB4,1.015,60,Random Forest,2022-01-11,1,1,0.0149999999999999
ITUB4,1.015,60,SVC,2022-01-11,1,1,0.0149999999999999
ITUB4,1.015,60,RNA,2022-01-12,1,1,0.0149999999999999
ITUB4,1.015,60,Random Forest,2022-01-12,1,1,0.0149999999999999
ITUB4,1.015,60,SVC,2022-01-12,1,1,0.0149999999999999
ITUB4,1.015,60,RNA,2022-01-13,1,1,0.0149999999999999
ITUB4,1.015,60,Random Forest,2022-01-13,1,1,0.0149999999999999
ITUB4,1.015,60,SVC,2022-01-13,1,1,0.0149999999999999
ITUB4,1.015,60,RNA,2022-01-14,1,1,0.0149999999999999
ITUB4,1.015,60,Random Forest,2022-01-14,1,1,0.0149999999999999
ITUB4,1.015,60,SVC,2022-01-14,1,1,0.0149999999999999
ITUB4,1.015,60,RNA,2022-01-17,1,1,0.0149999999999999
ITUB4,1.015,60,Random Forest,2022-01-17,1,1,0.0149999999999999
ITUB4,1.015,60,SVC,2022-01-17,1,1,0.0149999999999999
ITUB4,1.015,60,RNA,2022-01-18,0,1,-0.0230898283165588
ITUB4,1.015,60,Random Forest,2022-01-18,0,1,-0.0230898283165588
ITUB4,1.015,60,SVC,2022-01-18,0,1,-0.0230898283165588
ITUB4,1.015,60,RNA,2022-01-19,1,1,0.0149999999999999
ITUB4,1.015,60,Random Forest,2022-01-19,1,1,0.0149999999999999
ITUB4,1.015,60,SVC,2022-01-19,1,1,0.0149999999999999
ITUB4,1.015,60,RNA,2022-01-20,1,1,0.0149999999999999
ITUB4,1.015,60,Random Forest,2022-01-20,1,1,0.0149999999999999
ITUB4,1.015,60,SVC,2022-01-20,1,1,0.0149999999999999
ITUB4,1.015,60,RNA,2022-01-21,1,1,0.0149999999999999
ITUB4,1.015,60,Random Forest,2022-01-21,1,1,0.0149999999999999
ITUB4,1.015,60,SVC,2022-01-21,1,1,0.0149999999999999
ITUB4,1.015,60,RNA,2022-01-24,1,1,0.0149999999999999
ITUB4,1.015,60,Random Forest,2022-01-24,1,1,0.0149999999999999
ITUB4,1.015,60,SVC,2022-01-24,1,1,0.0149999999999999
ITUB4,1.015,60,RNA,2022-01-25,1,1,0.0149999999999999
ITUB4,1.015,60,Random Forest,2022-01-25,1,1,0.0149999999999999
ITUB4,1.015,60,SVC,2022-01-25,1,1,0.0149999999999999
ITUB4,1.015,60,RNA,2022-01-26,1,1,0.0149999999999999
ITUB4,1.015,60,Random Forest,2022-01-26,1,1,0.0149999999999999
ITUB4,1.015,60,SVC,2022-01-26,1,1,0.0149999999999999
ITUB4,1.015,60,RNA,2022-01-27,1,0,0.0149999999999999
ITUB4,1.015,60,Random Forest,2022-01-27,1,1,0.0149999999999999
ITUB4,1.015,60,SVC,2022-01-27,1,1,0.0149999999999999
ITUB4,1.015,60,RNA,2022-01-28,1,1,0.0149999999999999
ITUB4,1.015,60,Random Forest,2022-01-28,1,1,0.0149999999999999
ITUB4,1.015,60,SVC,2022-01-28,1,1,0.0149999999999999
ITUB4,1.015,60,RNA,2022-01-31,1,1,0.0149999999999999
ITUB4,1.015,60,Random Forest,2022-01-31,1,1,0.0149999999999999
ITUB4,1.015,60,SVC,2022-01-31,1,1,0.0149999999999999
ITUB4,1.015,60,RNA,2022-02-01,0,1,-0.0058892889288928
ITUB4,1.015,60,Random Forest,2022-02-01,0,1,-0.0058892889288928
ITUB4,1.015,60,SVC,2022-02-01,0,1,-0.0058892889288928
ITUB4,1.015,60,RNA,2022-02-02,1,0,0.0149999999999999
ITUB4,1.015,60,Random Forest,2022-02-02,1,1,0.0149999999999999
ITUB4,1.015,60,SVC,2022-02-02,1,1,0.0149999999999999
ITUB4,1.015,60,RNA,2022-02-03,1,1,0.0149999999999999
ITUB4,1.015,60,Random Forest,2022-02-03,1,1,0.0149999999999999
ITUB4,1.015,60,SVC,2022-02-03,1,1,0.0149999999999999
ITUB4,1.015,60,RNA,2022-02-04,0,1,-0.015717111492743
ITUB4,1.015,60,Random Forest,2022-02-04,0,1,-0.015717111492743
ITUB4,1.015,60,SVC,2022-02-04,0,1,-0.015717111492743
ITUB4,1.015,60,RNA,2022-02-07,1,1,0.0149999999999999
ITUB4,1.015,60,Random Forest,2022-02-07,1,1,0.0149999999999999
ITUB4,1.015,60,SVC,2022-02-07,1,1,0.0149999999999999
ITUB4,1.015,60,RNA,2022-02-08,1,1,0.0149999999999999
ITUB4,1.015,60,Random Forest,2022-02-08,1,1,0.0149999999999999
ITUB4,1.015,60,SVC,2022-02-08,1,1,0.0149999999999999
ITUB4,1.015,60,RNA,2022-02-09,1,1,0.0149999999999999
ITUB4,1.015,60,Random Forest,2022-02-09,1,1,0.0149999999999999
ITUB4,1.015,60,SVC,2022-02-09,1,1,0.0149999999999999
ITUB4,1.015,60,RNA,2022-02-10,1,1,0.0149999999999999
ITUB4,1.015,60,Random Forest,2022-02-10,1,1,0.0149999999999999
ITUB4,1.015,60,SVC,2022-02-10,1,1,0.0149999999999999
ITUB4,1.015,60,RNA,2022-02-11,0,1,-0.0199247764467103
ITUB4,1.015,60,Random Forest,2022-02-11,0,1,-0.0199247764467103
ITUB4,1.015,60,SVC,2022-02-11,0,1,-0.0199247764467103
ITUB4,1.015,60,RNA,2022-02-14,0,0,-0.0235074318756265
ITUB4,1.015,60,Random Forest,2022-02-14,0,1,-0.0235074318756265
ITUB4,1.015,60,SVC,2022-02-14,0,1,-0.0235074318756265
ITUB4,1.015,60,RNA,2022-02-15,0,1,-0.0466766308714334
ITUB4,1.015,60,Random Forest,2022-02-15,0,1,-0.0466766308714334
ITUB4,1.015,60,SVC,2022-02-15,0,1,-0.0466766308714334
ITUB4,1.015,60,RNA,2022-02-16,0,1,-0.0240991402402619
ITUB4,1.015,60,Random Forest,2022-02-16,0,1,-0.0240991402402619
ITUB4,1.015,60,SVC,2022-02-16,0,1,-0.0240991402402619
ITUB4,1.015,60,RNA,2022-02-17,0,1,-0.0311369219655965
ITUB4,1.015,60,Random Forest,2022-02-17,0,1,-0.0311369219655965
ITUB4,1.015,60,SVC,2022-02-17,0,1,-0.0311369219655965
ITUB4,1.015,60,RNA,2022-02-18,0,1,-0.0479084674639354
ITUB4,1.015,60,Random Forest,2022-02-18,0,1,-0.0479084674639354
ITUB4,1.015,60,SVC,2022-02-18,0,1,-0.0479084674639354
ITUB4,1.015,60,RNA,2022-02-21,1,0,0.0149999999999999
ITUB4,1.015,60,Random Forest,2022-02-21,1,1,0.0149999999999999
ITUB4,1.015,60,SVC,2022-02-21,1,1,0.0149999999999999
ITUB4,1.015,60,RNA,2022-02-22,0,1,-0.0280419803855617
ITUB4,1.015,60,Random Forest,2022-02-22,0,0,-0.0280419803855617
ITUB4,1.015,60,SVC,2022-02-22,0,1,-0.0280419803855617
ITUB4,1.015,60,RNA,2022-02-23,1,1,0.0149999999999999
ITUB4,1.015,60,Random Forest,2022-02-23,1,0,0.0149999999999999
ITUB4,1.015,60,SVC,2022-02-23,1,1,0.0149999999999999
ITUB4,1.015,60,RNA,2022-02-24,1,0,0.0149999999999999
ITUB4,1.015,60,Random Forest,2022-02-24,1,0,0.0149999999999999
ITUB4,1.015,60,SVC,2022-02-24,1,1,0.0149999999999999
ITUB4,1.015,60,RNA,2022-02-25,1,0,0.0149999999999999
ITUB4,1.015,60,Random Forest,2022-02-25,1,1,0.0149999999999999
ITUB4,1.015,60,SVC,2022-02-25,1,1,0.0149999999999999
ITUB4,1.015,60,RNA,2022-03-02,1,1,0.0149999999999999
ITUB4,1.015,60,Random Forest,2022-03-02,1,0,0.0149999999999999
ITUB4,1.015,60,SVC,2022-03-02,1,1,0.0149999999999999
ITUB4,1.015,60,RNA,2022-03-03,0,1,0.0011966216512069
ITUB4,1.015,60,Random Forest,2022-03-03,0,0,0.0011966216512069
ITUB4,1.015,60,SVC,2022-03-03,0,1,0.0011966216512069
ITUB4,1.015,60,RNA,2022-03-04,1,1,0.0149999999999999
ITUB4,1.015,60,Random Forest,2022-03-04,1,1,0.0149999999999999
ITUB4,1.015,60,SVC,2022-03-04,1,1,0.0149999999999999
ITUB4,1.015,60,RNA,2022-03-07,1,0,0.0149999999999999
ITUB4,1.015,60,Random Forest,2022-03-07,1,1,0.0149999999999999
ITUB4,1.015,60,SVC,2022-03-07,1,1,0.0149999999999999
ITUB4,1.015,60,RNA,2022-03-08,1,1,0.0149999999999999
ITUB4,1.015,60,Random Forest,2022-03-08,1,1,0.0149999999999999
ITUB4,1.015,60,SVC,2022-03-08,1,1,0.0149999999999999
ITUB4,1.015,60,RNA,2022-03-09,1,1,0.0149999999999999
ITUB4,1.015,60,Random Forest,2022-03-09,1,1,0.0149999999999999
ITUB4,1.015,60,SVC,2022-03-09,1,1,0.0149999999999999
ITUB4,1.015,60,RNA,2022-03-10,1,1,0.0149999999999999
ITUB4,1.015,60,Random Forest,2022-03-10,1,1,0.0149999999999999
ITUB4,1.015,60,SVC,2022-03-10,1,1,0.0149999999999999
ITUB4,1.015,60,RNA,2022-03-11,1,0,0.0149999999999999
ITUB4,1.015,60,Random Forest,2022-03-11,1,1,0.0149999999999999
ITUB4,1.015,60,SVC,2022-03-11,1,1,0.0149999999999999
ITUB4,1.015,60,RNA,2022-03-14,1,1,0.0149999999999999
ITUB4,1.015,60,Random Forest,2022-03-14,1,1,0.0149999999999999
ITUB4,1.015,60,SVC,2022-03-14,1,1,0.0149999999999999
ITUB4,1.015,60,RNA,2022-03-15,1,1,0.0149999999999999
ITUB4,1.015,60,Random Forest,2022-03-15,1,1,0.0149999999999999
ITUB4,1.015,60,SVC,2022-03-15,1,1,0.0149999999999999
ITUB4,1.015,60,RNA,2022-03-16,1,1,0.0149999999999999
ITUB4,1.015,60,Random Forest,2022-03-16,1,1,0.0149999999999999
ITUB4,1.015,60,SVC,2022-03-16,1,1,0.0149999999999999
ITUB4,1.015,60,RNA,2022-03-17,1,1,0.0149999999999999
ITUB4,1.015,60,Random Forest,2022-03-17,1,1,0.0149999999999999
ITUB4,1.015,60,SVC,2022-03-17,1,1,0.0149999999999999
ITUB4,1.015,60,RNA,2022-03-18,1,1,0.0149999999999999
ITUB4,1.015,60,Random Forest,2022-03-18,1,1,0.0149999999999999
ITUB4,1.015,60,SVC,2022-03-18,1,1,0.0149999999999999
ITUB4,1.015,60,RNA,2022-03-21,1,1,0.0149999999999999
ITUB4,1.015,60,Random Forest,2022-03-21,1,0,0.0149999999999999
ITUB4,1.015,60,SVC,2022-03-21,1,0,0.0149999999999999
ITUB4,1.015,60,RNA,2022-03-22,0,1,0.0021905789418816
ITUB4,1.015,60,Random Forest,2022-03-22,0,0,0.0021905789418816
ITUB4,1.015,60,SVC,2022-03-22,0,1,0.0021905789418816
ITUB4,1.015,60,RNA,2022-03-23,1,1,0.0149999999999999
ITUB4,1.015,60,Random Forest,2022-03-23,1,1,0.0149999999999999
ITUB4,1.015,60,SVC,2022-03-23,1,1,0.0149999999999999
ITUB4,1.015,60,RNA,2022-03-24,1,0,0.0149999999999999
ITUB4,1.015,60,Random Forest,2022-03-24,1,0,0.0149999999999999
ITUB4,1.015,60,SVC,2022-03-24,1,1,0.0149999999999999
ITUB4,1.015,60,RNA,2022-03-25,1,0,0.0149999999999999
ITUB4,1.015,60,Random Forest,2022-03-25,1,0,0.0149999999999999
ITUB4,1.015,60,SVC,2022-03-25,1,1,0.0149999999999999
ITUB4,1.015,60,RNA,2022-03-28,0,1,-0.0054964919587053
ITUB4,1.015,60,Random Forest,2022-03-28,0,0,-0.0054964919587053
ITUB4,1.015,60,SVC,2022-03-28,0,1,-0.0054964919587053
ITUB4,1.015,60,RNA,2022-03-29,0,1,-0.0191260467010287
ITUB4,1.015,60,Random Forest,2022-03-29,0,1,-0.0191260467010287
ITUB4,1.015,60,SVC,2022-03-29,0,1,-0.0191260467010287
ITUB4,1.015,60,RNA,2022-03-30,0,1,-0.0402733956983835
ITUB4,1.015,60,Random Forest,2022-03-30,0,0,-0.0402733956983835
ITUB4,1.015,60,SVC,2022-03-30,0,1,-0.0402733956983835
ITUB4,1.015,60,RNA,2022-03-31,0,1,-0.035018065908836
ITUB4,1.015,60,Random Forest,2022-03-31,0,0,-0.035018065908836
ITUB4,1.015,60,SVC,2022-03-31,0,1,-0.035018065908836
ITUB4,1.015,60,RNA,2022-04-01,0,1,-0.0269581373545115
ITUB4,1.015,60,Random Forest,2022-04-01,0,0,-0.0269581373545115
ITUB4,1.015,60,SVC,2022-04-01,0,1,-0.0269581373545115
ITUB4,1.015,60,RNA,2022-04-04,0,0,-0.020932810595951
ITUB4,1.015,60,Random Forest,2022-04-04,0,0,-0.020932810595951
ITUB4,1.015,60,SVC,2022-04-04,0,1,-0.020932810595951
ITUB4,1.015,60,RNA,2022-04-05,0,1,-0.0003763504021335
ITUB4,1.015,60,Random Forest,2022-04-05,0,0,-0.0003763504021335
ITUB4,1.015,60,SVC,2022-04-05,0,1,-0.0003763504021335
ITUB4,1.015,60,RNA,2022-04-06,0,0,-0.0158431009522819
ITUB4,1.015,60,Random Forest,2022-04-06,0,0,-0.0158431009522819
ITUB4,1.015,60,SVC,2022-04-06,0,1,-0.0158431009522819
ITUB4,1.015,60,RNA,2022-04-07,0,0,-0.0150602412691489
ITUB4,1.015,60,Random Forest,2022-04-07,0,0,-0.0150602412691489
ITUB4,1.015,60,SVC,2022-04-07,0,1,-0.0150602412691489
ITUB4,1.015,60,RNA,2022-04-08,0,1,-0.0101503546906058
ITUB4,1.015,60,Random Forest,2022-04-08,0,0,-0.0101503546906058
ITUB4,1.015,60,SVC,2022-04-08,0,1,-0.0101503546906058
ITUB4,1.015,60,RNA,2022-04-11,0,0,-0.0119403085524354
ITUB4,1.015,60,Random Forest,2022-04-11,0,0,-0.0119403085524354
ITUB4,1.015,60,SVC,2022-04-11,0,1,-0.0119403085524354
ITUB4,1.015,60,RNA,2022-04-12,0,1,-0.0102739512031623
ITUB4,1.015,60,Random Forest,2022-04-12,0,0,-0.0102739512031623
ITUB4,1.015,60,SVC,2022-04-12,0,0,-0.0102739512031623
ITUB4,1.015,60,RNA,2022-04-13,1,1,0.0149999999999999
ITUB4,1.015,60,Random Forest,2022-04-13,1,0,0.0149999999999999
ITUB4,1.015,60,SVC,2022-04-13,1,1,0.0149999999999999
ITUB4,1.015,60,RNA,2022-04-14,0,1,-0.0217225270188895
ITUB4,1.015,60,Random Forest,2022-04-14,0,0,-0.0217225270188895
ITUB4,1.015,60,SVC,2022-04-14,0,1,-0.0217225270188895
ITUB4,1.015,60,RNA,2022-04-18,0,1,-0.0358220153171914
ITUB4,1.015,60,Random Forest,2022-04-18,0,0,-0.0358220153171914
ITUB4,1.015,60,SVC,2022-04-18,0,1,-0.0358220153171914
ITUB4,1.015,60,RNA,2022-04-19,0,0,-0.0507301934568943
ITUB4,1.015,60,Random Forest,2022-04-19,0,0,-0.0507301934568943
ITUB4,1.015,60,SVC,2022-04-19,0,0,-0.0507301934568943
ITUB4,1.015,60,RNA,2022-04-20,0,1,-0.0540540287712879
ITUB4,1.015,60,Random Forest,2022-04-20,0,0,-0.0540540287712879
ITUB4,1.015,60,SVC,2022-04-20,0,0,-0.0540540287712879
ITUB4,1.015,60,RNA,2022-04-22,0,0,-0.0470588241504158
ITUB4,1.015,60,Random Forest,2022-04-22,0,0,-0.0470588241504158
ITUB4,1.015,60,SVC,2022-04-22,0,0,-0.0470588241504158
ITUB4,1.015,60,RNA,2022-04-25,0,1,-0.0550277017137272
ITUB4,1.015,60,Random Forest,2022-04-25,0,0,-0.0550277017137272
ITUB4,1.015,60,SVC,2022-04-25,0,0,-0.0550277017137272
ITUB4,1.015,60,RNA,2022-04-26,0,0,-0.0489169900846493
ITUB4,1.015,60,Random Forest,2022-04-26,0,0,-0.0489169900846493
ITUB4,1.015,60,SVC,2022-04-26,0,0,-0.0489169900846493
ITUB4,1.015,60,RNA,2022-04-27,1,1,0.0149999999999999
ITUB4,1.015,60,Random Forest,2022-04-27,1,1,0.0149999999999999
ITUB4,1.015,60,SVC,2022-04-27,1,0,0.0149999999999999
ITUB4,1.015,60,RNA,2022-04-28,1,1,0.0149999999999999
ITUB4,1.015,60,Random Forest,2022-04-28,1,1,0.0149999999999999
ITUB4,1.015,60,SVC,2022-04-28,1,1,0.0149999999999999
ITUB4,1.015,60,RNA,2022-04-29,0,1,-0.0242982478976204
ITUB4,1.015,60,Random Forest,2022-04-29,0,1,-0.0242982478976204
ITUB4,1.015,60,SVC,2022-04-29,0,1,-0.0242982478976204
ITUB4,1.015,60,RNA,2022-05-02,1,1,0.0149999999999999
ITUB4,1.015,60,Random Forest,2022-05-02,1,1,0.0149999999999999
ITUB4,1.015,60,SVC,2022-05-02,1,1,0.0149999999999999
ITUB4,1.015,60,RNA,2022-05-03,1,0,0.0149999999999999
ITUB4,1.015,60,Random Forest,2022-05-03,1,0,0.0149999999999999
ITUB4,1.015,60,SVC,2022-05-03,1,1,0.0149999999999999
ITUB4,1.015,60,RNA,2022-05-04,1,1,0.0149999999999999
ITUB4,1.015,60,Random Forest,2022-05-04,1,1,0.0149999999999999
ITUB4,1.015,60,SVC,2022-05-04,1,1,0.0149999999999999
ITUB4,1.015,60,RNA,2022-05-05,1,1,0.0149999999999999
ITUB4,1.015,60,Random Forest,2022-05-05,1,1,0.0149999999999999
ITUB4,1.015,60,SVC,2022-05-05,1,1,0.0149999999999999
ITUB4,1.015,60,RNA,2022-05-06,1,1,0.0149999999999999
ITUB4,1.015,60,Random Forest,2022-05-06,1,1,0.0149999999999999
ITUB4,1.015,60,SVC,2022-05-06,1,1,0.0149999999999999
ITUB4,1.015,60,RNA,2022-05-09,1,1,0.0149999999999999
ITUB4,1.015,60,Random Forest,2022-05-09,1,1,0.0149999999999999
ITUB4,1.015,60,SVC,2022-05-09,1,1,0.0149999999999999
ITUB4,1.015,60,RNA,2022-05-10,1,1,0.0149999999999999
ITUB4,1.015,60,Random Forest,2022-05-10,1,1,0.0149999999999999
ITUB4,1.015,60,SVC,2022-05-10,1,1,0.0149999999999999
ITUB4,1.015,60,RNA,2022-05-11,1,1,0.0149999999999999
ITUB4,1.015,60,Random Forest,2022-05-11,1,1,0.0149999999999999
ITUB4,1.015,60,SVC,2022-05-11,1,1,0.0149999999999999
ITUB4,1.015,60,RNA,2022-05-12,1,1,0.0149999999999999
ITUB4,1.015,60,Random Forest,2022-05-12,1,1,0.0149999999999999
ITUB4,1.015,60,SVC,2022-05-12,1,1,0.0149999999999999
ITUB4,1.015,60,RNA,2022-05-13,1,0,0.0149999999999999
ITUB4,1.015,60,Random Forest,2022-05-13,1,1,0.0149999999999999
ITUB4,1.015,60,SVC,2022-05-13,1,1,0.0149999999999999
ITUB4,1.015,60,RNA,2022-05-16,0,1,-0.009069416839149
ITUB4,1.015,60,Random Forest,2022-05-16,0,1,-0.009069416839149
ITUB4,1.015,60,SVC,2022-05-16,0,1,-0.009069416839149
ITUB4,1.015,60,RNA,2022-05-17,1,0,0.0149999999999999
ITUB4,1.015,60,Random Forest,2022-05-17,1,1,0.0149999999999999
ITUB4,1.015,60,SVC,2022-05-17,1,1,0.0149999999999999
ITUB4,1.015,60,RNA,2022-05-18,1,1,0.0149999999999999
ITUB4,1.015,60,Random Forest,2022-05-18,1,0,0.0149999999999999
ITUB4,1.015,60,SVC,2022-05-18,1,1,0.0149999999999999
ITUB4,1.015,60,RNA,2022-05-19,1,1,0.0149999999999999
ITUB4,1.015,60,Random Forest,2022-05-19,1,1,0.0149999999999999
ITUB4,1.015,60,SVC,2022-05-19,1,1,0.0149999999999999
ITUB4,1.015,60,RNA,2022-05-20,1,1,0.0149999999999999
ITUB4,1.015,60,Random Forest,2022-05-20,1,1,0.0149999999999999
ITUB4,1.015,60,SVC,2022-05-20,1,1,0.0149999999999999
ITUB4,1.015,60,RNA,2022-05-23,1,1,0.0149999999999999
ITUB4,1.015,60,Random Forest,2022-05-23,1,1,0.0149999999999999
ITUB4,1.015,60,SVC,2022-05-23,1,1,0.0149999999999999
ITUB4,1.015,60,RNA,2022-05-24,0,0,-0.0049904030313762
ITUB4,1.015,60,Random Forest,2022-05-24,0,1,-0.0049904030313762
ITUB4,1.015,60,SVC,2022-05-24,0,1,-0.0049904030313762
ITUB4,1.015,60,RNA,2022-05-25,1,1,0.0149999999999999
ITUB4,1.015,60,Random Forest,2022-05-25,1,1,0.0149999999999999
ITUB4,1.015,60,SVC,2022-05-25,1,1,0.0149999999999999
ITUB4,1.015,60,RNA,2022-05-26,0,1,-0.0100762791903735
ITUB4,1.015,60,Random Forest,2022-05-26,0,1,-0.0100762791903735
ITUB4,1.015,60,SVC,2022-05-26,0,1,-0.0100762791903735
ITUB4,1.015,60,RNA,2022-05-27,0,1,-0.0137995024253322
ITUB4,1.015,60,Random Forest,2022-05-27,0,1,-0.0137995024253322
ITUB4,1.015,60,SVC,2022-05-27,0,1,-0.0137995024253322
ITUB4,1.015,60,RNA,2022-05-30,0,0,-0.0203310780095277
ITUB4,1.015,60,Random Forest,2022-05-30,0,0,-0.0203310780095277
ITUB4,1.015,60,SVC,2022-05-30,0,0,-0.0203310780095277
ITUB4,1.015,60,RNA,2022-05-31,0,1,-0.0277672243527614
ITUB4,1.015,60,Random Forest,2022-05-31,0,0,-0.0277672243527614
ITUB4,1.015,60,SVC,2022-05-31,0,1,-0.0277672243527614
ITUB4,1.015,60,RNA,2022-06-01,0,0,-0.0176786889121048
ITUB4,1.015,60,Random Forest,2022-06-01,0,0,-0.0176786889121048
ITUB4,1.015,60,SVC,2022-06-01,0,1,-0.0176786889121048
ITUB4,1.015,60,RNA,2022-06-02,0,1,-0.026407777815245
ITUB4,1.015,60,Random Forest,2022-06-02,0,1,-0.026407777815245
ITUB4,1.015,60,SVC,2022-06-02,0,1,-0.026407777815245
ITUB4,1.015,60,RNA,2022-06-03,0,1,-0.0468085250204608
ITUB4,1.015,60,Random Forest,2022-06-03,0,1,-0.0468085250204608
ITUB4,1.015,60,SVC,2022-06-03,0,1,-0.0468085250204608
ITUB4,1.015,60,RNA,2022-06-06,0,1,-0.0537888035915916
ITUB4,1.015,60,Random Forest,2022-06-06,0,0,-0.0537888035915916
ITUB4,1.015,60,SVC,2022-06-06,0,1,-0.0537888035915916
ITUB4,1.015,60,RNA,2022-06-07,0,0,-0.0644400406712316
ITUB4,1.015,60,Random Forest,2022-06-07,0,0,-0.0644400406712316
ITUB4,1.015,60,SVC,2022-06-07,0,1,-0.0644400406712316
ITUB4,1.015,60,RNA,2022-06-08,0,0,-0.0562649363477463
ITUB4,1.015,60,Random Forest,2022-06-08,0,0,-0.0562649363477463
ITUB4,1.015,60,SVC,2022-06-08,0,1,-0.0562649363477463
ITUB4,1.015,60,RNA,2022-06-09,0,1,-0.032192312455432
ITUB4,1.015,60,Random Forest,2022-06-09,0,0,-0.032192312455432
ITUB4,1.015,60,SVC,2022-06-09,0,1,-0.032192312455432
ITUB4,1.015,60,RNA,2022-06-10,0,0,-0.0229166936191477
ITUB4,1.015,60,Random Forest,2022-06-10,0,1,-0.0229166936191477
ITUB4,1.015,60,SVC,2022-06-10,0,1,-0.0229166936191477
ITUB4,1.015,60,RNA,2022-06-13,1,1,0.0149999999999999
ITUB4,1.015,60,Random Forest,2022-06-13,1,1,0.0149999999999999
ITUB4,1.015,60,SVC,2022-06-13,1,0,0.0149999999999999
ITUB4,1.015,60,RNA,2022-06-14,1,0,0.0149999999999999
ITUB4,1.015,60,Random Forest,2022-06-14,1,1,0.0149999999999999
ITUB4,1.015,60,SVC,2022-06-14,1,0,0.0149999999999999
ITUB4,1.015,60,RNA,2022-06-15,1,1,0.0149999999999999
ITUB4,1.015,60,Random Forest,2022-06-15,1,1,0.0149999999999999
ITUB4,1.015,60,SVC,2022-06-15,1,1,0.0149999999999999
ITUB4,1.015,60,RNA,2022-06-17,1,1,0.0149999999999999
ITUB4,1.015,60,Random Forest,2022-06-17,1,1,0.0149999999999999
ITUB4,1.015,60,SVC,2022-06-17,1,1,0.0149999999999999
ITUB4,1.015,60,RNA,2022-06-20,0,1,-0.0456026274335767
ITUB4,1.015,60,Random Forest,2022-06-20,0,1,-0.0456026274335767
ITUB4,1.015,60,SVC,2022-06-20,0,1,-0.0456026274335767
ITUB4,1.015,60,RNA,2022-06-21,0,0,-0.0284301836254713
ITUB4,1.015,60,Random Forest,2022-06-21,0,1,-0.0284301836254713
ITUB4,1.015,60,SVC,2022-06-21,0,1,-0.0284301836254713
ITUB4,1.015,60,RNA,2022-06-22,0,1,-0.0307564126464507
ITUB4,1.015,60,Random Forest,2022-06-22,0,1,-0.0307564126464507
ITUB4,1.015,60,SVC,2022-06-22,0,1,-0.0307564126464507
ITUB4,1.015,60,RNA,2022-06-23,0,1,-0.0257492468736639
ITUB4,1.015,60,Random Forest,2022-06-23,0,1,-0.0257492468736639
ITUB4,1.015,60,SVC,2022-06-23,0,1,-0.0257492468736639
ITUB4,1.015,60,RNA,2022-06-24,0,1,-0.0365490852532083
ITUB4,1.015,60,Random Forest,2022-06-24,0,1,-0.0365490852532083
ITUB4,1.015,60,SVC,2022-06-24,0,1,-0.0365490852532083
ITUB4,1.015,60,RNA,2022-06-27,0,1,-0.0363331442232922
ITUB4,1.015,60,Random Forest,2022-06-27,0,0,-0.0363331442232922
ITUB4,1.015,60,SVC,2022-06-27,0,1,-0.0363331442232922
ITUB4,1.015,60,RNA,2022-06-28,0,1,-0.0350386772035582
ITUB4,1.015,60,Random Forest,2022-06-28,0,0,-0.0350386772035582
ITUB4,1.015,60,SVC,2022-06-28,0,1,-0.0350386772035582
ITUB4,1.015,60,RNA,2022-06-29,0,1,-0.0005360591833839
ITUB4,1.015,60,Random Forest,2022-06-29,0,0,-0.0005360591833839
ITUB4,1.015,60,SVC,2022-06-29,0,1,-0.0005360591833839
ITUB4,1.015,60,RNA,2022-06-30,1,0,0.0149999999999999
ITUB4,1.015,60,Random Forest,2022-06-30,1,0,0.0149999999999999
ITUB4,1.015,60,SVC,2022-06-30,1,1,0.0149999999999999
ITUB4,1.015,60,RNA,2022-07-01,1,0,0.0149999999999999
ITUB4,1.015,60,Random Forest,2022-07-01,1,0,0.0149999999999999
ITUB4,1.015,60,SVC,2022-07-01,1,1,0.0149999999999999
ITUB4,1.015,60,RNA,2022-07-04,1,0,0.0149999999999999
ITUB4,1.015,60,Random Forest,2022-07-04,1,0,0.0149999999999999
ITUB4,1.015,60,SVC,2022-07-04,1,1,0.0149999999999999
ITUB4,1.015,60,RNA,2022-07-05,1,1,0.0149999999999999
ITUB4,1.015,60,Random Forest,2022-07-05,1,1,0.0149999999999999
ITUB4,1.015,60,SVC,2022-07-05,1,1,0.0149999999999999
ITUB4,1.015,60,RNA,2022-07-06,1,1,0.0149999999999999
ITUB4,1.015,60,Random Forest,2022-07-06,1,0,0.0149999999999999
ITUB4,1.015,60,SVC,2022-07-06,1,1,0.0149999999999999
ITUB4,1.015,60,RNA,2022-07-07,0,1,-0.0357296566372041
ITUB4,1.015,60,Random Forest,2022-07-07,0,1,-0.0357296566372041
ITUB4,1.015,60,SVC,2022-07-07,0,1,-0.0357296566372041
ITUB4,1.015,60,RNA,2022-07-08,0,1,-0.0194777031141839
ITUB4,1.015,60,Random Forest,2022-07-08,0,0,-0.0194777031141839
ITUB4,1.015,60,SVC,2022-07-08,0,1,-0.0194777031141839
ITUB4,1.015,60,RNA,2022-07-11,0,0,0.0008876944070723
ITUB4,1.015,60,Random Forest,2022-07-11,0,0,0.0008876944070723
ITUB4,1.015,60,SVC,2022-07-11,0,0,0.0008876944070723
ITUB4,1.015,60,RNA,2022-07-12,1,1,0.0149999999999999
ITUB4,1.015,60,Random Forest,2022-07-12,1,0,0.0149999999999999
ITUB4,1.015,60,SVC,2022-07-12,1,0,0.0149999999999999
ITUB4,1.015,60,RNA,2022-07-13,1,1,0.0149999999999999
ITUB4,1.015,60,Random Forest,2022-07-13,1,0,0.0149999999999999
ITUB4,1.015,60,SVC,2022-07-13,1,0,0.0149999999999999
ITUB4,1.015,60,RNA,2022-07-14,1,1,0.0149999999999999
ITUB4,1.015,60,Random Forest,2022-07-14,1,1,0.0149999999999999
ITUB4,1.015,60,SVC,2022-07-14,1,0,0.0149999999999999
ITUB4,1.015,60,RNA,2022-07-15,1,1,0.0149999999999999
ITUB4,1.015,60,Random Forest,2022-07-15,1,1,0.0149999999999999
ITUB4,1.015,60,SVC,2022-07-15,1,1,0.0149999999999999
ITUB4,1.015,60,RNA,2022-07-18,1,0,0.0149999999999999
ITUB4,1.015,60,Random Forest,2022-07-18,1,1,0.0149999999999999
ITUB4,1.015,60,SVC,2022-07-18,1,1,0.0149999999999999
ITUB4,1.015,60,RNA,2022-07-19,0,1,0.004255324256154
ITUB4,1.015,60,Random Forest,2022-07-19,0,1,0.004255324256154
ITUB4,1.015,60,SVC,2022-07-19,0,1,0.004255324256154
ITUB4,1.015,60,RNA,2022-07-20,1,1,0.0149999999999999
ITUB4,1.015,60,Random Forest,2022-07-20,1,1,0.0149999999999999
ITUB4,1.015,60,SVC,2022-07-20,1,1,0.0149999999999999
ITUB4,1.015,60,RNA,2022-07-21,0,1,-0.0021186465998106
ITUB4,1.015,60,Random Forest,2022-07-21,0,1,-0.0021186465998106
ITUB4,1.015,60,SVC,2022-07-21,0,1,-0.0021186465998106
ITUB4,1.015,60,RNA,2022-07-22,1,1,0.0149999999999999
ITUB4,1.015,60,Random Forest,2022-07-22,1,1,0.0149999999999999
ITUB4,1.015,60,SVC,2022-07-22,1,1,0.0149999999999999
ITUB4,1.015,60,RNA,2022-07-25,0,0,-0.0004232140944956
ITUB4,1.015,60,Random Forest,2022-07-25,0,1,-0.0004232140944956
ITUB4,1.015,60,SVC,2022-07-25,0,1,-0.0004232140944956
ITUB4,1.015,60,RNA,2022-07-26,1,1,0.0149999999999999
ITUB4,1.015,60,Random Forest,2022-07-26,1,0,0.0149999999999999
ITUB4,1.015,60,SVC,2022-07-26,1,1,0.0149999999999999
ITUB4,1.015,60,RNA,2022-07-27,1,1,0.0149999999999999
ITUB4,1.015,60,Random Forest,2022-07-27,1,1,0.0149999999999999
ITUB4,1.015,60,SVC,2022-07-27,1,1,0.0149999999999999
ITUB4,1.015,60,RNA,2022-07-28,0,1,0.0070707841604975
ITUB4,1.015,60,Random Forest,2022-07-28,0,0,0.0070707841604975
ITUB4,1.015,60,SVC,2022-07-28,0,1,0.0070707841604975
ITUB4,1.015,60,RNA,2022-07-29,1,1,0.0149999999999999
ITUB4,1.015,60,Random Forest,2022-07-29,1,1,0.0149999999999999
ITUB4,1.015,60,SVC,2022-07-29,1,1,0.0149999999999999
ITUB4,1.015,60,RNA,2022-08-01,1,0,0.0149999999999999
ITUB4,1.015,60,Random Forest,2022-08-01,1,1,0.0149999999999999
ITUB4,1.015,60,SVC,2022-08-01,1,1,0.0149999999999999
ITUB4,1.015,60,RNA,2022-08-02,1,1,0.0149999999999999
ITUB4,1.015,60,Random Forest,2022-08-02,1,1,0.0149999999999999
ITUB4,1.015,60,SVC,2022-08-02,1,1,0.0149999999999999
ITUB4,1.015,60,RNA,2022-08-03,1,1,0.0149999999999999
ITUB4,1.015,60,Random Forest,2022-08-03,1,0,0.0149999999999999
ITUB4,1.015,60,SVC,2022-08-03,1,1,0.0149999999999999
ITUB4,1.015,60,RNA,2022-08-04,1,1,0.0149999999999999
ITUB4,1.015,60,Random Forest,2022-08-04,1,0,0.0149999999999999
ITUB4,1.015,60,SVC,2022-08-04,1,1,0.0149999999999999
ITUB4,1.015,60,RNA,2022-08-05,1,1,0.0149999999999999
ITUB4,1.015,60,Random Forest,2022-08-05,1,0,0.0149999999999999
ITUB4,1.015,60,SVC,2022-08-05,1,1,0.0149999999999999
ITUB4,1.015,60,RNA,2022-08-08,1,1,0.0149999999999999
ITUB4,1.015,60,Random Forest,2022-08-08,1,1,0.0149999999999999
ITUB4,1.015,60,SVC,2022-08-08,1,0,0.0149999999999999
ITUB4,1.015,60,RNA,2022-08-09,1,0,0.0149999999999999
ITUB4,1.015,60,Random Forest,2022-08-09,1,1,0.0149999999999999
ITUB4,1.015,60,SVC,2022-08-09,1,1,0.0149999999999999
ITUB4,1.015,60,RNA,2022-08-10,1,0,0.0149999999999999
ITUB4,1.015,60,Random Forest,2022-08-10,1,0,0.0149999999999999
ITUB4,1.015,60,SVC,2022-08-10,1,0,0.0149999999999999
ITUB4,1.015,60,RNA,2022-08-11,1,0,0.0149999999999999
ITUB4,1.015,60,Random Forest,2022-08-11,1,0,0.0149999999999999
ITUB4,1.015,60,SVC,2022-08-11,1,1,0.0149999999999999
ITUB4,1.015,60,RNA,2022-08-12,1,1,0.0149999999999999
ITUB4,1.015,60,Random Forest,2022-08-12,1,0,0.0149999999999999
ITUB4,1.015,60,SVC,2022-08-12,1,1,0.0149999999999999
ITUB4,1.015,60,RNA,2022-08-15,1,1,0.0149999999999999
ITUB4,1.015,60,Random Forest,2022-08-15,1,1,0.0149999999999999
ITUB4,1.015,60,SVC,2022-08-15,1,1,0.0149999999999999
ITUB4,1.015,60,RNA,2022-08-16,1,0,0.0149999999999999
ITUB4,1.015,60,Random Forest,2022-08-16,1,1,0.0149999999999999
ITUB4,1.015,60,SVC,2022-08-16,1,1,0.0149999999999999
ITUB4,1.015,60,RNA,2022-08-17,0,1,-0.0244632343440613
ITUB4,1.015,60,Random Forest,2022-08-17,0,1,-0.0244632343440613
ITUB4,1.015,60,SVC,2022-08-17,0,1,-0.0244632343440613
ITUB4,1.015,60,RNA,2022-08-18,0,1,-0.010447767475726
ITUB4,1.015,60,Random Forest,2022-08-18,0,1,-0.010447767475726
ITUB4,1.015,60,SVC,2022-08-18,0,1,-0.010447767475726
ITUB4,1.015,60,RNA,2022-08-19,1,1,0.0149999999999999
ITUB4,1.015,60,Random Forest,2022-08-19,1,1,0.0149999999999999
ITUB4,1.015,60,SVC,2022-08-19,1,1,0.0149999999999999
ITUB4,1.015,60,RNA,2022-08-22,1,0,0.0149999999999999
ITUB4,1.015,60,Random Forest,2022-08-22,1,1,0.0149999999999999
ITUB4,1.015,60,SVC,2022-08-22,1,1,0.0149999999999999
ITUB4,1.015,60,RNA,2022-08-23,1,1,0.0149999999999999
ITUB4,1.015,60,Random Forest,2022-08-23,1,1,0.0149999999999999
ITUB4,1.015,60,SVC,2022-08-23,1,1,0.0149999999999999
ITUB4,1.015,60,RNA,2022-08-24,1,1,0.0149999999999999
ITUB4,1.015,60,Random Forest,2022-08-24,1,1,0.0149999999999999
ITUB4,1.015,60,SVC,2022-08-24,1,1,0.0149999999999999
ITUB4,1.015,60,RNA,2022-08-25,0,0,-0.040520448370624
ITUB4,1.015,60,Random Forest,2022-08-25,0,1,-0.040520448370624
ITUB4,1.015,60,SVC,2022-08-25,0,1,-0.040520448370624
ITUB4,1.015,60,RNA,2022-08-26,0,1,-0.0125122042816372
ITUB4,1.015,60,Random Forest,2022-08-26,0,1,-0.0125122042816372
ITUB4,1.015,60,SVC,2022-08-26,0,1,-0.0125122042816372
ITUB4,1.015,60,RNA,2022-08-29,0,1,-0.0053098970989149
ITUB4,1.015,60,Random Forest,2022-08-29,0,1,-0.0053098970989149
ITUB4,1.015,60,SVC,2022-08-29,0,1,-0.0053098970989149
ITUB4,1.015,60,RNA,2022-08-30,1,1,0.0149999999999999
ITUB4,1.015,60,Random Forest,2022-08-30,1,0,0.0149999999999999
ITUB4,1.015,60,SVC,2022-08-30,1,1,0.0149999999999999
ITUB4,1.015,60,RNA,2022-08-31,1,1,0.0149999999999999
ITUB4,1.015,60,Random Forest,2022-08-31,1,0,0.0149999999999999
ITUB4,1.015,60,SVC,2022-08-31,1,1,0.0149999999999999
ITUB4,1.015,60,RNA,2022-09-01,1,0,0.0149999999999999
ITUB4,1.015,60,Random Forest,2022-09-01,1,0,0.0149999999999999
ITUB4,1.015,60,SVC,2022-09-01,1,1,0.0149999999999999
ITUB4,1.015,60,RNA,2022-09-02,1,1,0.0149999999999999
ITUB4,1.015,60,Random Forest,2022-09-02,1,1,0.0149999999999999
ITUB4,1.015,60,SVC,2022-09-02,1,1,0.0149999999999999
ITUB4,1.015,60,RNA,2022-09-05,1,1,0.0149999999999999
ITUB4,1.015,60,Random Forest,2022-09-05,1,1,0.0149999999999999
ITUB4,1.015,60,SVC,2022-09-05,1,1,0.0149999999999999
ITUB4,1.015,60,RNA,2022-09-06,1,1,0.0149999999999999
ITUB4,1.015,60,Random Forest,2022-09-06,1,1,0.0149999999999999
ITUB4,1.015,60,SVC,2022-09-06,1,1,0.0149999999999999
ITUB4,1.015,60,RNA,2022-09-08,1,1,0.0149999999999999
ITUB4,1.015,60,Random Forest,2022-09-08,1,1,0.0149999999999999
ITUB4,1.015,60,SVC,2022-09-08,1,1,0.0149999999999999
ITUB4,1.015,60,RNA,2022-09-09,0,1,-0.0085185063855031
ITUB4,1.015,60,Random Forest,2022-09-09,0,1,-0.0085185063855031
ITUB4,1.015,60,SVC,2022-09-09,0,1,-0.0085185063855031
ITUB4,1.015,60,RNA,2022-09-12,0,1,-0.0074404655456176
ITUB4,1.015,60,Random Forest,2022-09-12,0,1,-0.0074404655456176
ITUB4,1.015,60,SVC,2022-09-12,0,1,-0.0074404655456176
ITUB4,1.015,60,RNA,2022-09-13,1,1,0.0149999999999999
ITUB4,1.015,60,Random Forest,2022-09-13,1,1,0.0149999999999999
ITUB4,1.015,60,SVC,2022-09-13,1,1,0.0149999999999999
ITUB4,1.015,60,RNA,2022-09-14,1,0,0.0149999999999999
ITUB4,1.015,60,Random Forest,2022-09-14,1,1,0.0149999999999999
ITUB4,1.015,60,SVC,2022-09-14,1,1,0.0149999999999999
ITUB4,1.015,60,RNA,2022-09-15,1,0,0.0149999999999999
ITUB4,1.015,60,Random Forest,2022-09-15,1,1,0.0149999999999999
ITUB4,1.015,60,SVC,2022-09-15,1,1,0.0149999999999999
ITUB4,1.015,60,RNA,2022-09-16,1,1,0.0149999999999999
ITUB4,1.015,60,Random Forest,2022-09-16,1,1,0.0149999999999999
ITUB4,1.015,60,SVC,2022-09-16,1,1,0.0149999999999999
ITUB4,1.015,60,RNA,2022-09-19,1,1,0.0149999999999999
ITUB4,1.015,60,Random Forest,2022-09-19,1,1,0.0149999999999999
ITUB4,1.015,60,SVC,2022-09-19,1,1,0.0149999999999999
ITUB4,1.015,60,RNA,2022-09-20,0,1,-0.0283216839796895
ITUB4,1.015,60,Random Forest,2022-09-20,0,1,-0.0283216839796895
ITUB4,1.015,60,SVC,2022-09-20,0,1,-0.0283216839796895
ITUB4,1.015,60,RNA,2022-09-21,0,1,-0.0370759401198994
ITUB4,1.015,60,Random Forest,2022-09-21,0,1,-0.0370759401198994
ITUB4,1.015,60,SVC,2022-09-21,0,1,-0.0370759401198994
ITUB4,1.015,60,RNA,2022-09-22,0,1,-0.0309859187811997
ITUB4,1.015,60,Random Forest,2022-09-22,0,1,-0.0309859187811997
ITUB4,1.015,60,SVC,2022-09-22,0,1,-0.0309859187811997
ITUB4,1.015,60,RNA,2022-09-23,0,1,-0.0071098370832829
ITUB4,1.015,60,Random Forest,2022-09-23,0,0,-0.0071098370832829
ITUB4,1.015,60,SVC,2022-09-23,0,1,-0.0071098370832829
ITUB4,1.015,60,RNA,2022-09-26,0,1,0.0028591810669964
ITUB4,1.015,60,Random Forest,2022-09-26,0,0,0.0028591810669964
ITUB4,1.015,60,SVC,2022-09-26,0,1,0.0028591810669964
ITUB4,1.015,60,RNA,2022-09-27,1,1,0.0149999999999999
ITUB4,1.015,60,Random Forest,2022-09-27,1,0,0.0149999999999999
ITUB4,1.015,60,SVC,2022-09-27,1,1,0.0149999999999999
ITUB4,1.015,60,RNA,2022-09-28,1,1,0.0149999999999999
ITUB4,1.015,60,Random Forest,2022-09-28,1,1,0.0149999999999999
ITUB4,1.015,60,SVC,2022-09-28,1,1,0.0149999999999999
ITUB4,1.015,60,RNA,2022-09-29,1,1,0.0149999999999999
ITUB4,1.015,60,Random Forest,2022-09-29,1,1,0.0149999999999999
ITUB4,1.015,60,SVC,2022-09-29,1,1,0.0149999999999999
ITUB4,1.015,60,RNA,2022-09-30,1,1,0.0149999999999999
ITUB4,1.015,60,Random Forest,2022-09-30,1,1,0.0149999999999999
ITUB4,1.015,60,SVC,2022-09-30,1,1,0.0149999999999999
ITUB4,1.015,60,RNA,2022-10-03,0,1,-0.0216883899160162
ITUB4,1.015,60,Random Forest,2022-10-03,0,0,-0.0216883899160162
ITUB4,1.015,60,SVC,2022-10-03,0,1,-0.0216883899160162
ITUB4,1.015,60,RNA,2022-10-04,0,1,-0.0287914252056065
ITUB4,1.015,60,Random Forest,2022-10-04,0,0,-0.0287914252056065
ITUB4,1.015,60,SVC,2022-10-04,0,1,-0.0287914252056065
ITUB4,1.015,60,RNA,2022-10-05,0,1,-0.0364548274555773
ITUB4,1.015,60,Random Forest,2022-10-05,0,0,-0.0364548274555773
ITUB4,1.015,60,SVC,2022-10-05,0,1,-0.0364548274555773
ITUB4,1.015,60,RNA,2022-10-06,0,0,-0.0191780647837552
ITUB4,1.015,60,Random Forest,2022-10-06,0,0,-0.0191780647837552
ITUB4,1.015,60,SVC,2022-10-06,0,1,-0.0191780647837552
ITUB4,1.015,60,RNA,2022-10-07,0,0,-0.0281546882763017
ITUB4,1.015,60,Random Forest,2022-10-07,0,0,-0.0281546882763017
ITUB4,1.015,60,SVC,2022-10-07,0,1,-0.0281546882763017
ITUB4,1.015,60,RNA,2022-10-10,0,0,-0.0006920638001016
ITUB4,1.015,60,Random Forest,2022-10-10,0,0,-0.0006920638001016
ITUB4,1.015,60,SVC,2022-10-10,0,1,-0.0006920638001016
ITUB4,1.015,60,RNA,2022-10-11,1,1,0.0149999999999999
ITUB4,1.015,60,Random Forest,2022-10-11,1,0,0.0149999999999999
ITUB4,1.015,60,SVC,2022-10-11,1,1,0.0149999999999999
ITUB4,1.015,60,RNA,2022-10-13,1,1,0.0149999999999999
ITUB4,1.015,60,Random Forest,2022-10-13,1,0,0.0149999999999999
ITUB4,1.015,60,SVC,2022-10-13,1,0,0.0149999999999999
ITUB4,1.015,60,RNA,2022-10-14,1,1,0.0149999999999999
ITUB4,1.015,60,Random Forest,2022-10-14,1,0,0.0149999999999999
ITUB4,1.015,60,SVC,2022-10-14,1,0,0.0149999999999999
ITUB4,1.015,60,RNA,2022-10-17,1,0,0.0149999999999999
ITUB4,1.015,60,Random Forest,2022-10-17,1,0,0.0149999999999999
ITUB4,1.015,60,SVC,2022-10-17,1,0,0.0149999999999999
ITUB4,1.015,60,RNA,2022-10-18,1,1,0.0149999999999999
ITUB4,1.015,60,Random Forest,2022-10-18,1,1,0.0149999999999999
ITUB4,1.015,60,SVC,2022-10-18,1,0,0.0149999999999999
ITUB4,1.015,60,RNA,2022-10-19,1,1,0.0149999999999999
ITUB4,1.015,60,Random Forest,2022-10-19,1,0,0.0149999999999999
ITUB4,1.015,60,SVC,2022-10-19,1,0,0.0149999999999999
ITUB4,1.015,60,RNA,2022-10-20,1,1,0.0149999999999999
ITUB4,1.015,60,Random Forest,2022-10-20,1,0,0.0149999999999999
ITUB4,1.015,60,SVC,2022-10-20,1,1,0.0149999999999999
ITUB4,1.015,60,RNA,2022-10-21,0,0,-0.0486854687298442
ITUB4,1.015,60,Random Forest,2022-10-21,0,0,-0.0486854687298442
ITUB4,1.015,60,SVC,2022-10-21,0,1,-0.0486854687298442
ITUB4,1.015,60,RNA,2022-10-24,0,0,-0.0037099348777994
ITUB4,1.015,60,Random Forest,2022-10-24,0,0,-0.0037099348777994
ITUB4,1.015,60,SVC,2022-10-24,0,1,-0.0037099348777994
ITUB4,1.015,60,RNA,2022-10-25,1,1,0.0149999999999999
ITUB4,1.015,60,Random Forest,2022-10-25,1,0,0.0149999999999999
ITUB4,1.015,60,SVC,2022-10-25,1,1,0.0149999999999999
ITUB4,1.015,60,RNA,2022-10-26,1,1,0.0149999999999999
ITUB4,1.015,60,Random Forest,2022-10-26,1,1,0.0149999999999999
ITUB4,1.015,60,SVC,2022-10-26,1,1,0.0149999999999999
ITUB4,1.015,60,RNA,2022-10-27,1,1,0.0149999999999999
ITUB4,1.015,60,Random Forest,2022-10-27,1,1,0.0149999999999999
ITUB4,1.015,60,SVC,2022-10-27,1,1,0.0149999999999999
ITUB4,1.015,60,RNA,2022-10-28,1,1,0.0149999999999999
ITUB4,1.015,60,Random Forest,2022-10-28,1,1,0.0149999999999999
ITUB4,1.015,60,SVC,2022-10-28,1,1,0.0149999999999999
ITUB4,1.015,60,RNA,2022-10-31,0,1,-0.0432257963905406
ITUB4,1.015,60,Random Forest,2022-10-31,0,1,-0.0432257963905406
ITUB4,1.015,60,SVC,2022-10-31,0,1,-0.0432257963905406
ITUB4,1.015,60,RNA,2022-11-01,1,0,0.0149999999999999
ITUB4,1.015,60,Random Forest,2022-11-01,1,0,0.0149999999999999
ITUB4,1.015,60,SVC,2022-11-01,1,1,0.0149999999999999
ITUB4,1.015,60,RNA,2022-11-03,0,0,-0.0827631366627924
ITUB4,1.015,60,Random Forest,2022-11-03,0,0,-0.0827631366627924
ITUB4,1.015,60,SVC,2022-11-03,0,0,-0.0827631366627924
ITUB4,1.015,60,RNA,2022-11-04,0,1,-0.0814765459901348
ITUB4,1.015,60,Random Forest,2022-11-04,0,1,-0.0814765459901348
ITUB4,1.015,60,SVC,2022-11-04,0,1,-0.0814765459901348
ITUB4,1.015,60,RNA,2022-11-07,0,1,-0.0923599290187667
ITUB4,1.015,60,Random Forest,2022-11-07,0,0,-0.0923599290187667
ITUB4,1.015,60,SVC,2022-11-07,0,1,-0.0923599290187667
ITUB4,1.015,60,RNA,2022-11-08,0,1,-0.070132593843848
ITUB4,1.015,60,Random Forest,2022-11-08,0,1,-0.070132593843848
ITUB4,1.015,60,SVC,2022-11-08,0,1,-0.070132593843848
ITUB4,1.015,60,RNA,2022-11-09,1,1,0.0149999999999999
ITUB4,1.015,60,Random Forest,2022-11-09,1,1,0.0149999999999999
ITUB4,1.015,60,SVC,2022-11-09,1,1,0.0149999999999999
ITUB4,1.015,60,RNA,2022-11-10,0,1,-0.0560714029941342
ITUB4,1.015,60,Random Forest,2022-11-10,0,1,-0.0560714029941342
ITUB4,1.015,60,SVC,2022-11-10,0,1,-0.0560714029941342
ITUB4,1.015,60,RNA,2022-11-11,0,1,-0.0151570733155699
ITUB4,1.015,60,Random Forest,2022-11-11,0,1,-0.0151570733155699
ITUB4,1.015,60,SVC,2022-11-11,0,1,-0.0151570733155699
ITUB4,1.015,60,RNA,2022-11-14,1,1,0.0149999999999999
ITUB4,1.015,60,Random Forest,2022-11-14,1,1,0.0149999999999999
ITUB4,1.015,60,SVC,2022-11-14,1,1,0.0149999999999999
ITUB4,1.015,60,RNA,2022-11-16,1,1,0.0149999999999999
ITUB4,1.015,60,Random Forest,2022-11-16,1,1,0.0149999999999999
ITUB4,1.015,60,SVC,2022-11-16,1,0,0.0149999999999999
ITUB4,1.015,60,RNA,2022-11-17,1,1,0.0149999999999999
ITUB4,1.015,60,Random Forest,2022-11-17,1,1,0.0149999999999999
ITUB4,1.015,60,SVC,2022-11-17,1,1,0.0149999999999999
ITUB4,1.015,60,RNA,2022-11-18,0,1,-0.0022222289808758
ITUB4,1.015,60,Random Forest,2022-11-18,0,1,-0.0022222289808758
ITUB4,1.015,60,SVC,2022-11-18,0,1,-0.0022222289808758
ITUB4,1.015,60,RNA,2022-11-21,0,1,-0.0302238985766061
ITUB4,1.015,60,Random Forest,2022-11-21,0,1,-0.0302238985766061
ITUB4,1.015,60,SVC,2022-11-21,0,1,-0.0302238985766061
ITUB4,1.015,60,RNA,2022-11-22,1,1,0.0149999999999999
ITUB4,1.015,60,Random Forest,2022-11-22,1,0,0.0149999999999999
ITUB4,1.015,60,SVC,2022-11-22,1,1,0.0149999999999999
ITUB4,1.015,60,RNA,2022-11-23,1,0,0.0149999999999999
ITUB4,1.015,60,Random Forest,2022-11-23,1,1,0.0149999999999999
ITUB4,1.015,60,SVC,2022-11-23,1,1,0.0149999999999999
ITUB4,1.015,60,RNA,2022-11-24,0,1,-0.0291262524861783
ITUB4,1.015,60,Random Forest,2022-11-24,0,1,-0.0291262524861783
ITUB4,1.015,60,SVC,2022-11-24,0,1,-0.0291262524861783
ITUB4,1.015,60,RNA,2022-11-25,0,1,-0.0039213686273763
ITUB4,1.015,60,Random Forest,2022-11-25,0,1,-0.0039213686273763
ITUB4,1.015,60,SVC,2022-11-25,0,1,-0.0039213686273763
ITUB4,1.015,60,RNA,2022-11-28,1,1,0.0149999999999999
ITUB4,1.015,60,Random Forest,2022-11-28,1,1,0.0149999999999999
ITUB4,1.015,60,SVC,2022-11-28,1,1,0.0149999999999999
ITUB4,1.015,60,RNA,2022-11-29,1,1,0.0149999999999999
ITUB4,1.015,60,Random Forest,2022-11-29,1,1,0.0149999999999999
ITUB4,1.015,60,SVC,2022-11-29,1,1,0.0149999999999999
ITUB4,1.015,60,RNA,2022-11-30,1,1,0.0149999999999999
ITUB4,1.015,60,Random Forest,2022-11-30,1,1,0.0149999999999999
ITUB4,1.015,60,SVC,2022-11-30,1,1,0.0149999999999999
ITUB4,1.015,60,RNA,2022-12-01,1,1,0.0149999999999999
ITUB4,1.015,60,Random Forest,2022-12-01,1,1,0.0149999999999999
ITUB4,1.015,60,SVC,2022-12-01,1,1,0.0149999999999999
ITUB4,1.015,60,RNA,2022-12-02,0,1,-0.041698555683857
ITUB4,1.015,60,Random Forest,2022-12-02,0,1,-0.041698555683857
ITUB4,1.015,60,SVC,2022-12-02,0,1,-0.041698555683857
ITUB4,1.015,60,RNA,2022-12-05,1,0,0.0149999999999999
ITUB4,1.015,60,Random Forest,2022-12-05,1,0,0.0149999999999999
ITUB4,1.015,60,SVC,2022-12-05,1,0,0.0149999999999999
ITUB4,1.015,60,RNA,2022-12-06,0,0,-0.0626624690407758
ITUB4,1.015,60,Random Forest,2022-12-06,0,0,-0.0626624690407758
ITUB4,1.015,60,SVC,2022-12-06,0,1,-0.0626624690407758
ITUB4,1.015,60,RNA,2022-12-07,0,1,-0.0833728953429828
ITUB4,1.015,60,Random Forest,2022-12-07,0,1,-0.0833728953429828
ITUB4,1.015,60,SVC,2022-12-07,0,1,-0.0833728953429828
ITUB4,1.015,60,RNA,2022-12-08,0,1,-0.0563209383013869
ITUB4,1.015,60,Random Forest,2022-12-08,0,1,-0.0563209383013869
ITUB4,1.015,60,SVC,2022-12-08,0,1,-0.0563209383013869
ITUB4,1.015,60,RNA,2022-12-09,0,1,-0.0370065386586278
ITUB4,1.015,60,Random Forest,2022-12-09,0,0,-0.0370065386586278
ITUB4,1.015,60,SVC,2022-12-09,0,1,-0.0370065386586278
ITUB4,1.015,60,RNA,2022-12-12,0,1,-0.0235051496291431
ITUB4,1.015,60,Random Forest,2022-12-12,0,1,-0.0235051496291431
ITUB4,1.015,60,SVC,2022-12-12,0,1,-0.0235051496291431
ITUB4,1.015,60,RNA,2022-12-13,1,1,0.0149999999999999
ITUB4,1.015,60,Random Forest,2022-12-13,1,0,0.0149999999999999
ITUB4,1.015,60,SVC,2022-12-13,1,1,0.0149999999999999
ITUB4,1.015,60,RNA,2022-12-14,1,1,0.0149999999999999
ITUB4,1.015,60,Random Forest,2022-12-14,1,1,0.0149999999999999
ITUB4,1.015,60,SVC,2022-12-14,1,1,0.0149999999999999
ITUB4,1.015,60,RNA,2022-12-15,1,1,0.0149999999999999
ITUB4,1.015,60,Random Forest,2022-12-15,1,1,0.0149999999999999
ITUB4,1.015,60,SVC,2022-12-15,1,1,0.0149999999999999
ITUB4,1.015,60,RNA,2022-12-16,1,1,0.0149999999999999
ITUB4,1.015,60,Random Forest,2022-12-16,1,1,0.0149999999999999
ITUB4,1.015,60,SVC,2022-12-16,1,1,0.0149999999999999
ITUB4,1.015,60,RNA,2022-12-19,1,1,0.0149999999999999
ITUB4,1.015,60,Random Forest,2022-12-19,1,1,0.0149999999999999
ITUB4,1.015,60,SVC,2022-12-19,1,1,0.0149999999999999
ITUB4,1.015,60,RNA,2022-12-20,1,0,0.0149999999999999
ITUB4,1.015,60,Random Forest,2022-12-20,1,1,0.0149999999999999
ITUB4,1.015,60,SVC,2022-12-20,1,1,0.0149999999999999
ITUB4,1.015,60,RNA,2022-12-21,1,1,0.0149999999999999
ITUB4,1.015,60,Random Forest,2022-12-21,1,1,0.0149999999999999
ITUB4,1.015,60,SVC,2022-12-21,1,1,0.0149999999999999
ITUB4,1.015,60,RNA,2022-12-22,1,0,0.0149999999999999
ITUB4,1.015,60,Random Forest,2022-12-22,1,1,0.0149999999999999
ITUB4,1.015,60,SVC,2022-12-22,1,1,0.0149999999999999
ITUB4,1.015,60,RNA,2022-12-23,1,1,0.0149999999999999
ITUB4,1.015,60,Random Forest,2022-12-23,1,1,0.0149999999999999
ITUB4,1.015,60,SVC,2022-12-23,1,1,0.0149999999999999
ITUB4,1.015,60,RNA,2022-12-26,0,1,
ITUB4,1.015,60,Random Forest,2022-12-26,0,1,
ITUB4,1.015,60,SVC,2022-12-26,0,1,
ITUB4,1.015,60,RNA,2022-12-27,0,1,
ITUB4,1.015,60,Random Forest,2022-12-27,0,1,
ITUB4,1.015,60,SVC,2022-12-27,0,1,
ITUB4,1.015,60,RNA,2022-12-28,0,1,
ITUB4,1.015,60,Random Forest,2022-12-28,0,1,
ITUB4,1.015,60,SVC,2022-12-28,0,1,
ITUB4,1.015,60,RNA,2022-12-29,0,1,
ITUB4,1.015,60,Random Forest,2022-12-29,0,0,
ITUB4,1.015,60,SVC,2022-12-29,0,1,
ITUB4,1.015,75,RNA,2020-05-14,1,1,0.0149999999999999
ITUB4,1.015,75,Random Forest,2020-05-14,1,1,0.0149999999999999
ITUB4,1.015,75,SVC,2020-05-14,1,1,0.0149999999999999
ITUB4,1.015,75,RNA,2020-05-15,1,1,0.0149999999999999
ITUB4,1.015,75,Random Forest,2020-05-15,1,1,0.0149999999999999
ITUB4,1.015,75,SVC,2020-05-15,1,1,0.0149999999999999
ITUB4,1.015,75,RNA,2020-05-18,1,1,0.0149999999999999
ITUB4,1.015,75,Random Forest,2020-05-18,1,1,0.0149999999999999
ITUB4,1.015,75,SVC,2020-05-18,1,1,0.0149999999999999
ITUB4,1.015,75,RNA,2020-05-19,1,1,0.0149999999999999
ITUB4,1.015,75,Random Forest,2020-05-19,1,1,0.0149999999999999
ITUB4,1.015,75,SVC,2020-05-19,1,1,0.0149999999999999
ITUB4,1.015,75,RNA,2020-05-20,1,1,0.0149999999999999
ITUB4,1.015,75,Random Forest,2020-05-20,1,1,0.0149999999999999
ITUB4,1.015,75,SVC,2020-05-20,1,1,0.0149999999999999
ITUB4,1.015,75,RNA,2020-05-21,1,1,0.0149999999999999
ITUB4,1.015,75,Random Forest,2020-05-21,1,1,0.0149999999999999
ITUB4,1.015,75,SVC,2020-05-21,1,1,0.0149999999999999
ITUB4,1.015,75,RNA,2020-05-22,1,1,0.0149999999999999
ITUB4,1.015,75,Random Forest,2020-05-22,1,1,0.0149999999999999
ITUB4,1.015,75,SVC,2020-05-22,1,1,0.0149999999999999
ITUB4,1.015,75,RNA,2020-05-25,0,1,-0.0530209449775563
ITUB4,1.015,75,Random Forest,2020-05-25,0,1,-0.0530209449775563
ITUB4,1.015,75,SVC,2020-05-25,0,1,-0.0530209449775563
ITUB4,1.015,75,RNA,2020-05-26,1,1,0.0149999999999999
ITUB4,1.015,75,Random Forest,2020-05-26,1,1,0.0149999999999999
ITUB4,1.015,75,SVC,2020-05-26,1,1,0.0149999999999999
ITUB4,1.015,75,RNA,2020-05-27,1,1,0.0149999999999999
ITUB4,1.015,75,Random Forest,2020-05-27,1,1,0.0149999999999999
ITUB4,1.015,75,SVC,2020-05-27,1,1,0.0149999999999999
ITUB4,1.015,75,RNA,2020-05-28,1,1,0.0149999999999999
ITUB4,1.015,75,Random Forest,2020-05-28,1,0,0.0149999999999999
ITUB4,1.015,75,SVC,2020-05-28,1,1,0.0149999999999999
ITUB4,1.015,75,RNA,2020-05-29,1,1,0.0149999999999999
ITUB4,1.015,75,Random Forest,2020-05-29,1,1,0.0149999999999999
ITUB4,1.015,75,SVC,2020-05-29,1,1,0.0149999999999999
ITUB4,1.015,75,RNA,2020-06-01,1,1,0.0149999999999999
ITUB4,1.015,75,Random Forest,2020-06-01,1,1,0.0149999999999999
ITUB4,1.015,75,SVC,2020-06-01,1,1,0.0149999999999999
ITUB4,1.015,75,RNA,2020-06-02,1,1,0.0149999999999999
ITUB4,1.015,75,Random Forest,2020-06-02,1,1,0.0149999999999999
ITUB4,1.015,75,SVC,2020-06-02,1,1,0.0149999999999999
ITUB4,1.015,75,RNA,2020-06-03,1,1,0.0149999999999999
ITUB4,1.015,75,Random Forest,2020-06-03,1,1,0.0149999999999999
ITUB4,1.015,75,SVC,2020-06-03,1,1,0.0149999999999999
ITUB4,1.015,75,RNA,2020-06-04,1,1,0.0149999999999999
ITUB4,1.015,75,Random Forest,2020-06-04,1,1,0.0149999999999999
ITUB4,1.015,75,SVC,2020-06-04,1,1,0.0149999999999999
ITUB4,1.015,75,RNA,2020-06-05,1,1,0.0149999999999999
ITUB4,1.015,75,Random Forest,2020-06-05,1,1,0.0149999999999999
ITUB4,1.015,75,SVC,2020-06-05,1,1,0.0149999999999999
ITUB4,1.015,75,RNA,2020-06-08,1,1,0.0149999999999999
ITUB4,1.015,75,Random Forest,2020-06-08,1,1,0.0149999999999999
ITUB4,1.015,75,SVC,2020-06-08,1,1,0.0149999999999999
ITUB4,1.015,75,RNA,2020-06-09,0,1,-0.0686588308598515
ITUB4,1.015,75,Random Forest,2020-06-09,0,1,-0.0686588308598515
ITUB4,1.015,75,SVC,2020-06-09,0,1,-0.0686588308598515
ITUB4,1.015,75,RNA,2020-06-10,1,1,0.0149999999999999
ITUB4,1.015,75,Random Forest,2020-06-10,1,1,0.0149999999999999
ITUB4,1.015,75,SVC,2020-06-10,1,1,0.0149999999999999
ITUB4,1.015,75,RNA,2020-06-12,1,1,0.0149999999999999
ITUB4,1.015,75,Random Forest,2020-06-12,1,1,0.0149999999999999
ITUB4,1.015,75,SVC,2020-06-12,1,1,0.0149999999999999
ITUB4,1.015,75,RNA,2020-06-15,1,1,0.0149999999999999
ITUB4,1.015,75,Random Forest,2020-06-15,1,1,0.0149999999999999
ITUB4,1.015,75,SVC,2020-06-15,1,1,0.0149999999999999
ITUB4,1.015,75,RNA,2020-06-16,1,1,0.0149999999999999
ITUB4,1.015,75,Random Forest,2020-06-16,1,1,0.0149999999999999
ITUB4,1.015,75,SVC,2020-06-16,1,1,0.0149999999999999
ITUB4,1.015,75,RNA,2020-06-17,1,1,0.0149999999999999
ITUB4,1.015,75,Random Forest,2020-06-17,1,1,0.0149999999999999
ITUB4,1.015,75,SVC,2020-06-17,1,1,0.0149999999999999
ITUB4,1.015,75,RNA,2020-06-18,0,1,-0.0804270834185341
ITUB4,1.015,75,Random Forest,2020-06-18,0,1,-0.0804270834185341
ITUB4,1.015,75,SVC,2020-06-18,0,1,-0.0804270834185341
ITUB4,1.015,75,RNA,2020-06-19,0,1,-0.0674036938550665
ITUB4,1.015,75,Random Forest,2020-06-19,0,1,-0.0674036938550665
ITUB4,1.015,75,SVC,2020-06-19,0,1,-0.0674036938550665
ITUB4,1.015,75,RNA,2020-06-22,0,1,-0.0718411269320794
ITUB4,1.015,75,Random Forest,2020-06-22,0,1,-0.0718411269320794
ITUB4,1.015,75,SVC,2020-06-22,0,1,-0.0718411269320794
ITUB4,1.015,75,RNA,2020-06-23,0,1,-0.0115714964483225
ITUB4,1.015,75,Random Forest,2020-06-23,0,0,-0.0115714964483225
ITUB4,1.015,75,SVC,2020-06-23,0,1,-0.0115714964483225
ITUB4,1.015,75,RNA,2020-06-24,1,0,0.0149999999999999
ITUB4,1.015,75,Random Forest,2020-06-24,1,1,0.0149999999999999
ITUB4,1.015,75,SVC,2020-06-24,1,1,0.0149999999999999
ITUB4,1.015,75,RNA,2020-06-25,1,1,0.0149999999999999
ITUB4,1.015,75,Random Forest,2020-06-25,1,1,0.0149999999999999
ITUB4,1.015,75,SVC,2020-06-25,1,1,0.0149999999999999
ITUB4,1.015,75,RNA,2020-06-26,1,1,0.0149999999999999
ITUB4,1.015,75,Random Forest,2020-06-26,1,1,0.0149999999999999
ITUB4,1.015,75,SVC,2020-06-26,1,1,0.0149999999999999
ITUB4,1.015,75,RNA,2020-06-29,1,1,0.0149999999999999
ITUB4,1.015,75,Random Forest,2020-06-29,1,1,0.0149999999999999
ITUB4,1.015,75,SVC,2020-06-29,1,1,0.0149999999999999
ITUB4,1.015,75,RNA,2020-06-30,1,1,0.0149999999999999
ITUB4,1.015,75,Random Forest,2020-06-30,1,1,0.0149999999999999
ITUB4,1.015,75,SVC,2020-06-30,1,1,0.0149999999999999
ITUB4,1.015,75,RNA,2020-07-01,1,1,0.0149999999999999
ITUB4,1.015,75,Random Forest,2020-07-01,1,1,0.0149999999999999
ITUB4,1.015,75,SVC,2020-07-01,1,1,0.0149999999999999
ITUB4,1.015,75,RNA,2020-07-02,1,1,0.0149999999999999
ITUB4,1.015,75,Random Forest,2020-07-02,1,1,0.0149999999999999
ITUB4,1.015,75,SVC,2020-07-02,1,1,0.0149999999999999
ITUB4,1.015,75,RNA,2020-07-03,1,1,0.0149999999999999
ITUB4,1.015,75,Random Forest,2020-07-03,1,1,0.0149999999999999
ITUB4,1.015,75,SVC,2020-07-03,1,1,0.0149999999999999
ITUB4,1.015,75,RNA,2020-07-06,0,1,-0.0083849655823319
ITUB4,1.015,75,Random Forest,2020-07-06,0,1,-0.0083849655823319
ITUB4,1.015,75,SVC,2020-07-06,0,1,-0.0083849655823319
ITUB4,1.015,75,RNA,2020-07-07,1,1,0.0149999999999999
ITUB4,1.015,75,Random Forest,2020-07-07,1,0,0.0149999999999999
ITUB4,1.015,75,SVC,2020-07-07,1,1,0.0149999999999999
ITUB4,1.015,75,RNA,2020-07-08,1,1,0.0149999999999999
ITUB4,1.015,75,Random Forest,2020-07-08,1,1,0.0149999999999999
ITUB4,1.015,75,SVC,2020-07-08,1,1,0.0149999999999999
ITUB4,1.015,75,RNA,2020-07-09,1,1,0.0149999999999999
ITUB4,1.015,75,Random Forest,2020-07-09,1,1,0.0149999999999999
ITUB4,1.015,75,SVC,2020-07-09,1,1,0.0149999999999999
ITUB4,1.015,75,RNA,2020-07-10,0,1,-0.0171220298963773
ITUB4,1.015,75,Random Forest,2020-07-10,0,1,-0.0171220298963773
ITUB4,1.015,75,SVC,2020-07-10,0,1,-0.0171220298963773
ITUB4,1.015,75,RNA,2020-07-13,1,1,0.0149999999999999
ITUB4,1.015,75,Random Forest,2020-07-13,1,0,0.0149999999999999
ITUB4,1.015,75,SVC,2020-07-13,1,1,0.0149999999999999
ITUB4,1.015,75,RNA,2020-07-14,0,1,-0.0087146005574519
ITUB4,1.015,75,Random Forest,2020-07-14,0,1,-0.0087146005574519
ITUB4,1.015,75,SVC,2020-07-14,0,1,-0.0087146005574519
ITUB4,1.015,75,RNA,2020-07-15,1,1,0.0149999999999999
ITUB4,1.015,75,Random Forest,2020-07-15,1,0,0.0149999999999999
ITUB4,1.015,75,SVC,2020-07-15,1,1,0.0149999999999999
ITUB4,1.015,75,RNA,2020-07-16,1,1,0.0149999999999999
ITUB4,1.015,75,Random Forest,2020-07-16,1,0,0.0149999999999999
ITUB4,1.015,75,SVC,2020-07-16,1,1,0.0149999999999999
ITUB4,1.015,75,RNA,2020-07-17,1,1,0.0149999999999999
ITUB4,1.015,75,Random Forest,2020-07-17,1,1,0.0149999999999999
ITUB4,1.015,75,SVC,2020-07-17,1,1,0.0149999999999999
ITUB4,1.015,75,RNA,2020-07-20,1,1,0.0149999999999999
ITUB4,1.015,75,Random Forest,2020-07-20,1,1,0.0149999999999999
ITUB4,1.015,75,SVC,2020-07-20,1,1,0.0149999999999999
ITUB4,1.015,75,RNA,2020-07-21,0,1,-0.0017953001258705
ITUB4,1.015,75,Random Forest,2020-07-21,0,1,-0.0017953001258705
ITUB4,1.015,75,SVC,2020-07-21,0,1,-0.0017953001258705
ITUB4,1.015,75,RNA,2020-07-22,1,1,0.0149999999999999
ITUB4,1.015,75,Random Forest,2020-07-22,1,1,0.0149999999999999
ITUB4,1.015,75,SVC,2020-07-22,1,0,0.0149999999999999
ITUB4,1.015,75,RNA,2020-07-23,1,1,0.0149999999999999
ITUB4,1.015,75,Random Forest,2020-07-23,1,1,0.0149999999999999
ITUB4,1.015,75,SVC,2020-07-23,1,1,0.0149999999999999
ITUB4,1.015,75,RNA,2020-07-24,1,1,0.0149999999999999
ITUB4,1.015,75,Random Forest,2020-07-24,1,1,0.0149999999999999
ITUB4,1.015,75,SVC,2020-07-24,1,1,0.0149999999999999
ITUB4,1.015,75,RNA,2020-07-27,1,1,0.0149999999999999
ITUB4,1.015,75,Random Forest,2020-07-27,1,1,0.0149999999999999
ITUB4,1.015,75,SVC,2020-07-27,1,1,0.0149999999999999
ITUB4,1.015,75,RNA,2020-07-28,0,1,-0.0303648207659938
ITUB4,1.015,75,Random Forest,2020-07-28,0,0,-0.0303648207659938
ITUB4,1.015,75,SVC,2020-07-28,0,1,-0.0303648207659938
ITUB4,1.015,75,RNA,2020-07-29,0,1,-0.0777056818411143
ITUB4,1.015,75,Random Forest,2020-07-29,0,1,-0.0777056818411143
ITUB4,1.015,75,SVC,2020-07-29,0,1,-0.0777056818411143
ITUB4,1.015,75,RNA,2020-07-30,0,1,-0.0807325903076521
ITUB4,1.015,75,Random Forest,2020-07-30,0,0,-0.0807325903076521
ITUB4,1.015,75,SVC,2020-07-30,0,1,-0.0807325903076521
ITUB4,1.015,75,RNA,2020-07-31,1,1,0.0149999999999999
ITUB4,1.015,75,Random Forest,2020-07-31,1,0,0.0149999999999999
ITUB4,1.015,75,SVC,2020-07-31,1,1,0.0149999999999999
ITUB4,1.015,75,RNA,2020-08-03,1,1,0.0149999999999999
ITUB4,1.015,75,Random Forest,2020-08-03,1,1,0.0149999999999999
ITUB4,1.015,75,SVC,2020-08-03,1,1,0.0149999999999999
ITUB4,1.015,75,RNA,2020-08-04,0,1,-0.0130019514191522
ITUB4,1.015,75,Random Forest,2020-08-04,0,1,-0.0130019514191522
ITUB4,1.015,75,SVC,2020-08-04,0,1,-0.0130019514191522
ITUB4,1.015,75,RNA,2020-08-05,1,1,0.0149999999999999
ITUB4,1.015,75,Random Forest,2020-08-05,1,1,0.0149999999999999
ITUB4,1.015,75,SVC,2020-08-05,1,1,0.0149999999999999
ITUB4,1.015,75,RNA,2020-08-06,1,1,0.0149999999999999
ITUB4,1.015,75,Random Forest,2020-08-06,1,1,0.0149999999999999
ITUB4,1.015,75,SVC,2020-08-06,1,1,0.0149999999999999
ITUB4,1.015,75,RNA,2020-08-07,1,1,0.0149999999999999
ITUB4,1.015,75,Random Forest,2020-08-07,1,1,0.0149999999999999
ITUB4,1.015,75,SVC,2020-08-07,1,1,0.0149999999999999
ITUB4,1.015,75,RNA,2020-08-10,0,0,-0.0532159525713544
ITUB4,1.015,75,Random Forest,2020-08-10,0,1,-0.0532159525713544
ITUB4,1.015,75,SVC,2020-08-10,0,1,-0.0532159525713544
ITUB4,1.015,75,RNA,2020-08-11,0,1,-0.0603347770534901
ITUB4,1.015,75,Random Forest,2020-08-11,0,1,-0.0603347770534901
ITUB4,1.015,75,SVC,2020-08-11,0,1,-0.0603347770534901
ITUB4,1.015,75,RNA,2020-08-12,0,1,-0.0458277134218768
ITUB4,1.015,75,Random Forest,2020-08-12,0,1,-0.0458277134218768
ITUB4,1.015,75,SVC,2020-08-12,0,1,-0.0458277134218768
ITUB4,1.015,75,RNA,2020-08-13,1,1,0.0149999999999999
ITUB4,1.015,75,Random Forest,2020-08-13,1,0,0.0149999999999999
ITUB4,1.015,75,SVC,2020-08-13,1,1,0.0149999999999999
ITUB4,1.015,75,RNA,2020-08-14,0,1,-0.0221293053693227
ITUB4,1.015,75,Random Forest,2020-08-14,0,0,-0.0221293053693227
ITUB4,1.015,75,SVC,2020-08-14,0,1,-0.0221293053693227
ITUB4,1.015,75,RNA,2020-08-17,0,1,-0.0219333838774211
ITUB4,1.015,75,Random Forest,2020-08-17,0,0,-0.0219333838774211
ITUB4,1.015,75,SVC,2020-08-17,0,1,-0.0219333838774211
ITUB4,1.015,75,RNA,2020-08-18,1,1,0.0149999999999999
ITUB4,1.015,75,Random Forest,2020-08-18,1,0,0.0149999999999999
ITUB4,1.015,75,SVC,2020-08-18,1,1,0.0149999999999999
ITUB4,1.015,75,RNA,2020-08-19,1,1,0.0149999999999999
ITUB4,1.015,75,Random Forest,2020-08-19,1,1,0.0149999999999999
ITUB4,1.015,75,SVC,2020-08-19,1,1,0.0149999999999999
ITUB4,1.015,75,RNA,2020-08-20,1,1,0.0149999999999999
ITUB4,1.015,75,Random Forest,2020-08-20,1,1,0.0149999999999999
ITUB4,1.015,75,SVC,2020-08-20,1,1,0.0149999999999999
ITUB4,1.015,75,RNA,2020-08-21,1,1,0.0149999999999999
ITUB4,1.015,75,Random Forest,2020-08-21,1,1,0.0149999999999999
ITUB4,1.015,75,SVC,2020-08-21,1,1,0.0149999999999999
ITUB4,1.015,75,RNA,2020-08-24,0,1,-0.0085227676662281
ITUB4,1.015,75,Random Forest,2020-08-24,0,1,-0.0085227676662281
ITUB4,1.015,75,SVC,2020-08-24,0,1,-0.0085227676662281
ITUB4,1.015,75,RNA,2020-08-25,0,1,-0.0308641662964684
ITUB4,1.015,75,Random Forest,2020-08-25,0,1,-0.0308641662964684
ITUB4,1.015,75,SVC,2020-08-25,0,1,-0.0308641662964684
ITUB4,1.015,75,RNA,2020-08-26,1,1,0.0149999999999999
ITUB4,1.015,75,Random Forest,2020-08-26,1,1,0.0149999999999999
ITUB4,1.015,75,SVC,2020-08-26,1,1,0.0149999999999999
ITUB4,1.015,75,RNA,2020-08-27,0,1,0.0002256193041956
ITUB4,1.015,75,Random Forest,2020-08-27,0,1,0.0002256193041956
ITUB4,1.015,75,SVC,2020-08-27,0,1,0.0002256193041956
ITUB4,1.015,75,RNA,2020-08-28,1,1,0.0149999999999999
ITUB4,1.015,75,Random Forest,2020-08-28,1,1,0.0149999999999999
ITUB4,1.015,75,SVC,2020-08-28,1,1,0.0149999999999999
ITUB4,1.015,75,RNA,2020-08-31,1,1,0.0149999999999999
ITUB4,1.015,75,Random Forest,2020-08-31,1,0,0.0149999999999999
ITUB4,1.015,75,SVC,2020-08-31,1,1,0.0149999999999999
ITUB4,1.015,75,RNA,2020-09-01,1,1,0.0149999999999999
ITUB4,1.015,75,Random Forest,2020-09-01,1,1,0.0149999999999999
ITUB4,1.015,75,SVC,2020-09-01,1,1,0.0149999999999999
ITUB4,1.015,75,RNA,2020-09-02,1,1,0.0149999999999999
ITUB4,1.015,75,Random Forest,2020-09-02,1,1,0.0149999999999999
ITUB4,1.015,75,SVC,2020-09-02,1,1,0.0149999999999999
ITUB4,1.015,75,RNA,2020-09-03,0,1,-0.049682071299363
ITUB4,1.015,75,Random Forest,2020-09-03,0,1,-0.049682071299363
ITUB4,1.015,75,SVC,2020-09-03,0,1,-0.049682071299363
ITUB4,1.015,75,RNA,2020-09-04,0,1,-0.0378664667573277
ITUB4,1.015,75,Random Forest,2020-09-04,0,1,-0.0378664667573277
ITUB4,1.015,75,SVC,2020-09-04,0,1,-0.0378664667573277
ITUB4,1.015,75,RNA,2020-09-08,0,1,-0.0223577098086357
ITUB4,1.015,75,Random Forest,2020-09-08,0,1,-0.0223577098086357
ITUB4,1.015,75,SVC,2020-09-08,0,1,-0.0223577098086357
ITUB4,1.015,75,RNA,2020-09-09,0,0,-0.0274590269393506
ITUB4,1.015,75,Random Forest,2020-09-09,0,1,-0.0274590269393506
ITUB4,1.015,75,SVC,2020-09-09,0,1,-0.0274590269393506
ITUB4,1.015,75,RNA,2020-09-10,0,1,-0.0121086080660095
ITUB4,1.015,75,Random Forest,2020-09-10,0,0,-0.0121086080660095
ITUB4,1.015,75,SVC,2020-09-10,0,1,-0.0121086080660095
ITUB4,1.015,75,RNA,2020-09-11,1,0,0.0149999999999999
ITUB4,1.015,75,Random Forest,2020-09-11,1,1,0.0149999999999999
ITUB4,1.015,75,SVC,2020-09-11,1,1,0.0149999999999999
ITUB4,1.015,75,RNA,2020-09-14,0,1,-0.0442697578550813
ITUB4,1.015,75,Random Forest,2020-09-14,0,1,-0.0442697578550813
ITUB4,1.015,75,SVC,2020-09-14,0,1,-0.0442697578550813
ITUB4,1.015,75,RNA,2020-09-15,1,0,0.0149999999999999
ITUB4,1.015,75,Random Forest,2020-09-15,1,0,0.0149999999999999
ITUB4,1.015,75,SVC,2020-09-15,1,1,0.0149999999999999
ITUB4,1.015,75,RNA,2020-09-16,0,1,-0.0170213372515174
ITUB4,1.015,75,Random Forest,2020-09-16,0,0,-0.0170213372515174
ITUB4,1.015,75,SVC,2020-09-16,0,1,-0.0170213372515174
ITUB4,1.015,75,RNA,2020-09-17,0,1,-0.0434042559897153
ITUB4,1.015,75,Random Forest,2020-09-17,0,1,-0.0434042559897153
ITUB4,1.015,75,SVC,2020-09-17,0,1,-0.0434042559897153
ITUB4,1.015,75,RNA,2020-09-18,1,0,0.0149999999999999
ITUB4,1.015,75,Random Forest,2020-09-18,1,1,0.0149999999999999
ITUB4,1.015,75,SVC,2020-09-18,1,1,0.0149999999999999
ITUB4,1.015,75,RNA,2020-09-21,1,0,0.0149999999999999
ITUB4,1.015,75,Random Forest,2020-09-21,1,0,0.0149999999999999
ITUB4,1.015,75,SVC,2020-09-21,1,1,0.0149999999999999
ITUB4,1.015,75,RNA,2020-09-22,1,1,0.0149999999999999
ITUB4,1.015,75,Random Forest,2020-09-22,1,0,0.0149999999999999
ITUB4,1.015,75,SVC,2020-09-22,1,1,0.0149999999999999
ITUB4,1.015,75,RNA,2020-09-23,1,0,0.0149999999999999
ITUB4,1.015,75,Random Forest,2020-09-23,1,1,0.0149999999999999
ITUB4,1.015,75,SVC,2020-09-23,1,1,0.0149999999999999
ITUB4,1.015,75,RNA,2020-09-24,1,1,0.0149999999999999
ITUB4,1.015,75,Random Forest,2020-09-24,1,1,0.0149999999999999
ITUB4,1.015,75,SVC,2020-09-24,1,1,0.0149999999999999
ITUB4,1.015,75,RNA,2020-09-25,1,1,0.0149999999999999
ITUB4,1.015,75,Random Forest,2020-09-25,1,1,0.0149999999999999
ITUB4,1.015,75,SVC,2020-09-25,1,1,0.0149999999999999
ITUB4,1.015,75,RNA,2020-09-28,1,1,0.0149999999999999
ITUB4,1.015,75,Random Forest,2020-09-28,1,1,0.0149999999999999
ITUB4,1.015,75,SVC,2020-09-28,1,1,0.0149999999999999
ITUB4,1.015,75,RNA,2020-09-29,1,1,0.0149999999999999
ITUB4,1.015,75,Random Forest,2020-09-29,1,1,0.0149999999999999
ITUB4,1.015,75,SVC,2020-09-29,1,1,0.0149999999999999
ITUB4,1.015,75,RNA,2020-09-30,1,1,0.0149999999999999
ITUB4,1.015,75,Random Forest,2020-09-30,1,1,0.0149999999999999
ITUB4,1.015,75,SVC,2020-09-30,1,1,0.0149999999999999
ITUB4,1.015,75,RNA,2020-10-01,1,1,0.0149999999999999
ITUB4,1.015,75,Random Forest,2020-10-01,1,1,0.0149999999999999
ITUB4,1.015,75,SVC,2020-10-01,1,1,0.0149999999999999
ITUB4,1.015,75,RNA,2020-10-02,1,0,0.0149999999999999
ITUB4,1.015,75,Random Forest,2020-10-02,1,1,0.0149999999999999
ITUB4,1.015,75,SVC,2020-10-02,1,1,0.0149999999999999
ITUB4,1.015,75,RNA,2020-10-05,1,1,0.0149999999999999
ITUB4,1.015,75,Random Forest,2020-10-05,1,1,0.0149999999999999
ITUB4,1.015,75,SVC,2020-10-05,1,1,0.0149999999999999
ITUB4,1.015,75,RNA,2020-10-06,1,1,0.0149999999999999
ITUB4,1.015,75,Random Forest,2020-10-06,1,1,0.0149999999999999
ITUB4,1.015,75,SVC,2020-10-06,1,1,0.0149999999999999
ITUB4,1.015,75,RNA,2020-10-07,1,0,0.0149999999999999
ITUB4,1.015,75,Random Forest,2020-10-07,1,1,0.0149999999999999
ITUB4,1.015,75,SVC,2020-10-07,1,1,0.0149999999999999
ITUB4,1.015,75,RNA,2020-10-08,1,1,0.0149999999999999
ITUB4,1.015,75,Random Forest,2020-10-08,1,1,0.0149999999999999
ITUB4,1.015,75,SVC,2020-10-08,1,1,0.0149999999999999
ITUB4,1.015,75,RNA,2020-10-09,0,1,-0.0362802404900939
ITUB4,1.015,75,Random Forest,2020-10-09,0,1,-0.0362802404900939
ITUB4,1.015,75,SVC,2020-10-09,0,1,-0.0362802404900939
ITUB4,1.015,75,RNA,2020-10-13,0,1,-0.0221850319809396
ITUB4,1.015,75,Random Forest,2020-10-13,0,1,-0.0221850319809396
ITUB4,1.015,75,SVC,2020-10-13,0,1,-0.0221850319809396
ITUB4,1.015,75,RNA,2020-10-14,1,1,0.0149999999999999
ITUB4,1.015,75,Random Forest,2020-10-14,1,1,0.0149999999999999
ITUB4,1.015,75,SVC,2020-10-14,1,1,0.0149999999999999
ITUB4,1.015,75,RNA,2020-10-15,1,1,0.0149999999999999
ITUB4,1.015,75,Random Forest,2020-10-15,1,1,0.0149999999999999
ITUB4,1.015,75,SVC,2020-10-15,1,1,0.0149999999999999
ITUB4,1.015,75,RNA,2020-10-16,1,1,0.0149999999999999
ITUB4,1.015,75,Random Forest,2020-10-16,1,1,0.0149999999999999
ITUB4,1.015,75,SVC,2020-10-16,1,1,0.0149999999999999
ITUB4,1.015,75,RNA,2020-10-19,1,1,0.0149999999999999
ITUB4,1.015,75,Random Forest,2020-10-19,1,1,0.0149999999999999
ITUB4,1.015,75,SVC,2020-10-19,1,1,0.0149999999999999
ITUB4,1.015,75,RNA,2020-10-20,1,1,0.0149999999999999
ITUB4,1.015,75,Random Forest,2020-10-20,1,1,0.0149999999999999
ITUB4,1.015,75,SVC,2020-10-20,1,1,0.0149999999999999
ITUB4,1.015,75,RNA,2020-10-21,1,1,0.0149999999999999
ITUB4,1.015,75,Random Forest,2020-10-21,1,0,0.0149999999999999
ITUB4,1.015,75,SVC,2020-10-21,1,1,0.0149999999999999
ITUB4,1.015,75,RNA,2020-10-22,1,1,0.0149999999999999
ITUB4,1.015,75,Random Forest,2020-10-22,1,1,0.0149999999999999
ITUB4,1.015,75,SVC,2020-10-22,1,1,0.0149999999999999
ITUB4,1.015,75,RNA,2020-10-23,1,0,0.0149999999999999
ITUB4,1.015,75,Random Forest,2020-10-23,1,1,0.0149999999999999
ITUB4,1.015,75,SVC,2020-10-23,1,1,0.0149999999999999
ITUB4,1.015,75,RNA,2020-10-26,0,1,-0.1003831759877499
ITUB4,1.015,75,Random Forest,2020-10-26,0,1,-0.1003831759877499
ITUB4,1.015,75,SVC,2020-10-26,0,1,-0.1003831759877499
ITUB4,1.015,75,RNA,2020-10-27,0,1,-0.0080259077651153
ITUB4,1.015,75,Random Forest,2020-10-27,0,1,-0.0080259077651153
ITUB4,1.015,75,SVC,2020-10-27,0,1,-0.0080259077651153
ITUB4,1.015,75,RNA,2020-10-28,1,1,0.0149999999999999
ITUB4,1.015,75,Random Forest,2020-10-28,1,1,0.0149999999999999
ITUB4,1.015,75,SVC,2020-10-28,1,1,0.0149999999999999
ITUB4,1.015,75,RNA,2020-10-29,1,1,0.0149999999999999
ITUB4,1.015,75,Random Forest,2020-10-29,1,1,0.0149999999999999
ITUB4,1.015,75,SVC,2020-10-29,1,1,0.0149999999999999
ITUB4,1.015,75,RNA,2020-10-30,1,1,0.0149999999999999
ITUB4,1.015,75,Random Forest,2020-10-30,1,1,0.0149999999999999
ITUB4,1.015,75,SVC,2020-10-30,1,1,0.0149999999999999
ITUB4,1.015,75,RNA,2020-11-03,1,1,0.0149999999999999
ITUB4,1.015,75,Random Forest,2020-11-03,1,1,0.0149999999999999
ITUB4,1.015,75,SVC,2020-11-03,1,1,0.0149999999999999
ITUB4,1.015,75,RNA,2020-11-04,1,1,0.0149999999999999
ITUB4,1.015,75,Random Forest,2020-11-04,1,1,0.0149999999999999
ITUB4,1.015,75,SVC,2020-11-04,1,1,0.0149999999999999
ITUB4,1.015,75,RNA,2020-11-05,1,1,0.0149999999999999
ITUB4,1.015,75,Random Forest,2020-11-05,1,1,0.0149999999999999
ITUB4,1.015,75,SVC,2020-11-05,1,1,0.0149999999999999
ITUB4,1.015,75,RNA,2020-11-06,1,0,0.0149999999999999
ITUB4,1.015,75,Random Forest,2020-11-06,1,1,0.0149999999999999
ITUB4,1.015,75,SVC,2020-11-06,1,1,0.0149999999999999
ITUB4,1.015,75,RNA,2020-11-09,1,1,0.0149999999999999
ITUB4,1.015,75,Random Forest,2020-11-09,1,1,0.0149999999999999
ITUB4,1.015,75,SVC,2020-11-09,1,1,0.0149999999999999
ITUB4,1.015,75,RNA,2020-11-10,1,1,0.0149999999999999
ITUB4,1.015,75,Random Forest,2020-11-10,1,1,0.0149999999999999
ITUB4,1.015,75,SVC,2020-11-10,1,1,0.0149999999999999
ITUB4,1.015,75,RNA,2020-11-11,1,1,0.0149999999999999
ITUB4,1.015,75,Random Forest,2020-11-11,1,1,0.0149999999999999
ITUB4,1.015,75,SVC,2020-11-11,1,1,0.0149999999999999
ITUB4,1.015,75,RNA,2020-11-12,1,1,0.0149999999999999
ITUB4,1.015,75,Random Forest,2020-11-12,1,1,0.0149999999999999
ITUB4,1.015,75,SVC,2020-11-12,1,1,0.0149999999999999
ITUB4,1.015,75,RNA,2020-11-13,1,1,0.0149999999999999
ITUB4,1.015,75,Random Forest,2020-11-13,1,1,0.0149999999999999
ITUB4,1.015,75,SVC,2020-11-13,1,1,0.0149999999999999
ITUB4,1.015,75,RNA,2020-11-16,0,0,-0.027919660922846
ITUB4,1.015,75,Random Forest,2020-11-16,0,1,-0.027919660922846
ITUB4,1.015,75,SVC,2020-11-16,0,1,-0.027919660922846
ITUB4,1.015,75,RNA,2020-11-17,0,1,-0.0180088230517778
ITUB4,1.015,75,Random Forest,2020-11-17,0,1,-0.0180088230517778
ITUB4,1.015,75,SVC,2020-11-17,0,1,-0.0180088230517778
ITUB4,1.015,75,RNA,2020-11-18,1,1,0.0149999999999999
ITUB4,1.015,75,Random Forest,2020-11-18,1,0,0.0149999999999999
ITUB4,1.015,75,SVC,2020-11-18,1,1,0.0149999999999999
ITUB4,1.015,75,RNA,2020-11-19,1,1,0.0149999999999999
ITUB4,1.015,75,Random Forest,2020-11-19,1,0,0.0149999999999999
ITUB4,1.015,75,SVC,2020-11-19,1,1,0.0149999999999999
ITUB4,1.015,75,RNA,2020-11-20,1,1,0.0149999999999999
ITUB4,1.015,75,Random Forest,2020-11-20,1,1,0.0149999999999999
ITUB4,1.015,75,SVC,2020-11-20,1,1,0.0149999999999999
ITUB4,1.015,75,RNA,2020-11-23,1,1,0.0149999999999999
ITUB4,1.015,75,Random Forest,2020-11-23,1,1,0.0149999999999999
ITUB4,1.015,75,SVC,2020-11-23,1,1,0.0149999999999999
ITUB4,1.015,75,RNA,2020-11-24,0,1,-0.03578660750852
ITUB4,1.015,75,Random Forest,2020-11-24,0,1,-0.03578660750852
ITUB4,1.015,75,SVC,2020-11-24,0,1,-0.03578660750852
ITUB4,1.015,75,RNA,2020-11-25,1,1,0.0149999999999999
ITUB4,1.015,75,Random Forest,2020-11-25,1,1,0.0149999999999999
ITUB4,1.015,75,SVC,2020-11-25,1,1,0.0149999999999999
ITUB4,1.015,75,RNA,2020-11-26,1,1,0.0149999999999999
ITUB4,1.015,75,Random Forest,2020-11-26,1,1,0.0149999999999999
ITUB4,1.015,75,SVC,2020-11-26,1,1,0.0149999999999999
ITUB4,1.015,75,RNA,2020-11-27,1,1,0.0149999999999999
ITUB4,1.015,75,Random Forest,2020-11-27,1,1,0.0149999999999999
ITUB4,1.015,75,SVC,2020-11-27,1,1,0.0149999999999999
ITUB4,1.015,75,RNA,2020-11-30,1,1,0.0149999999999999
ITUB4,1.015,75,Random Forest,2020-11-30,1,1,0.0149999999999999
ITUB4,1.015,75,SVC,2020-11-30,1,1,0.0149999999999999
ITUB4,1.015,75,RNA,2020-12-01,1,1,0.0149999999999999
ITUB4,1.015,75,Random Forest,2020-12-01,1,1,0.0149999999999999
ITUB4,1.015,75,SVC,2020-12-01,1,1,0.0149999999999999
ITUB4,1.015,75,RNA,2020-12-02,1,1,0.0149999999999999
ITUB4,1.015,75,Random Forest,2020-12-02,1,1,0.0149999999999999
ITUB4,1.015,75,SVC,2020-12-02,1,1,0.0149999999999999
ITUB4,1.015,75,RNA,2020-12-03,1,1,0.0149999999999999
ITUB4,1.015,75,Random Forest,2020-12-03,1,1,0.0149999999999999
ITUB4,1.015,75,SVC,2020-12-03,1,1,0.0149999999999999
ITUB4,1.015,75,RNA,2020-12-04,1,1,0.0149999999999999
ITUB4,1.015,75,Random Forest,2020-12-04,1,1,0.0149999999999999
ITUB4,1.015,75,SVC,2020-12-04,1,1,0.0149999999999999
ITUB4,1.015,75,RNA,2020-12-07,1,1,0.0149999999999999
ITUB4,1.015,75,Random Forest,2020-12-07,1,1,0.0149999999999999
ITUB4,1.015,75,SVC,2020-12-07,1,1,0.0149999999999999
ITUB4,1.015,75,RNA,2020-12-08,1,1,0.0149999999999999
ITUB4,1.015,75,Random Forest,2020-12-08,1,1,0.0149999999999999
ITUB4,1.015,75,SVC,2020-12-08,1,1,0.0149999999999999
ITUB4,1.015,75,RNA,2020-12-09,1,1,0.0149999999999999
ITUB4,1.015,75,Random Forest,2020-12-09,1,1,0.0149999999999999
ITUB4,1.015,75,SVC,2020-12-09,1,1,0.0149999999999999
ITUB4,1.015,75,RNA,2020-12-10,1,1,0.0149999999999999
ITUB4,1.015,75,Random Forest,2020-12-10,1,1,0.0149999999999999
ITUB4,1.015,75,SVC,2020-12-10,1,1,0.0149999999999999
ITUB4,1.015,75,RNA,2020-12-11,1,1,0.0149999999999999
ITUB4,1.015,75,Random Forest,2020-12-11,1,1,0.0149999999999999
ITUB4,1.015,75,SVC,2020-12-11,1,1,0.0149999999999999
ITUB4,1.015,75,RNA,2020-12-14,1,1,0.0149999999999999
ITUB4,1.015,75,Random Forest,2020-12-14,1,1,0.0149999999999999
ITUB4,1.015,75,SVC,2020-12-14,1,1,0.0149999999999999
ITUB4,1.015,75,RNA,2020-12-15,1,1,0.0149999999999999
ITUB4,1.015,75,Random Forest,2020-12-15,1,1,0.0149999999999999
ITUB4,1.015,75,SVC,2020-12-15,1,1,0.0149999999999999
ITUB4,1.015,75,RNA,2020-12-16,0,1,-0.0200689812405855
ITUB4,1.015,75,Random Forest,2020-12-16,0,1,-0.0200689812405855
ITUB4,1.015,75,SVC,2020-12-16,0,1,-0.0200689812405855
ITUB4,1.015,75,RNA,2020-12-17,0,1,0.0069356751979159
ITUB4,1.015,75,Random Forest,2020-12-17,0,1,0.0069356751979159
ITUB4,1.015,75,SVC,2020-12-17,0,1,0.0069356751979159
ITUB4,1.015,75,RNA,2020-12-18,1,1,0.0149999999999999
ITUB4,1.015,75,Random Forest,2020-12-18,1,1,0.0149999999999999
ITUB4,1.015,75,SVC,2020-12-18,1,1,0.0149999999999999
ITUB4,1.015,75,RNA,2020-12-21,1,1,0.0149999999999999
ITUB4,1.015,75,Random Forest,2020-12-21,1,1,0.0149999999999999
ITUB4,1.015,75,SVC,2020-12-21,1,1,0.0149999999999999
ITUB4,1.015,75,RNA,2020-12-22,1,1,0.0149999999999999
ITUB4,1.015,75,Random Forest,2020-12-22,1,1,0.0149999999999999
ITUB4,1.015,75,SVC,2020-12-22,1,1,0.0149999999999999
ITUB4,1.015,75,RNA,2020-12-23,0,1,-0.0405135301232991
ITUB4,1.015,75,Random Forest,2020-12-23,0,1,-0.0405135301232991
ITUB4,1.015,75,SVC,2020-12-23,0,1,-0.0405135301232991
ITUB4,1.015,75,RNA,2020-12-28,0,1,-0.0482008225666257
ITUB4,1.015,75,Random Forest,2020-12-28,0,1,-0.0482008225666257
ITUB4,1.015,75,SVC,2020-12-28,0,1,-0.0482008225666257
ITUB4,1.015,75,RNA,2020-12-29,0,0,-0.0197216823578263
ITUB4,1.015,75,Random Forest,2020-12-29,0,0,-0.0197216823578263
ITUB4,1.015,75,SVC,2020-12-29,0,1,-0.0197216823578263
ITUB4,1.015,75,RNA,2020-12-30,1,1,0.0149999999999999
ITUB4,1.015,75,Random Forest,2020-12-30,1,0,0.0149999999999999
ITUB4,1.015,75,SVC,2020-12-30,1,1,0.0149999999999999
ITUB4,1.015,75,RNA,2021-01-04,1,1,0.0149999999999999
ITUB4,1.015,75,Random Forest,2021-01-04,1,1,0.0149999999999999
ITUB4,1.015,75,SVC,2021-01-04,1,1,0.0149999999999999
ITUB4,1.015,75,RNA,2021-01-05,1,1,0.0149999999999999
ITUB4,1.015,75,Random Forest,2021-01-05,1,1,0.0149999999999999
ITUB4,1.015,75,SVC,2021-01-05,1,1,0.0149999999999999
ITUB4,1.015,75,RNA,2021-01-06,1,1,0.0149999999999999
ITUB4,1.015,75,Random Forest,2021-01-06,1,1,0.0149999999999999
ITUB4,1.015,75,SVC,2021-01-06,1,1,0.0149999999999999
ITUB4,1.015,75,RNA,2021-01-07,1,1,0.0149999999999999
ITUB4,1.015,75,Random Forest,2021-01-07,1,1,0.0149999999999999
ITUB4,1.015,75,SVC,2021-01-07,1,1,0.0149999999999999
ITUB4,1.015,75,RNA,2021-01-08,0,1,0.0036957017820189
ITUB4,1.015,75,Random Forest,2021-01-08,0,0,0.0036957017820189
ITUB4,1.015,75,SVC,2021-01-08,0,1,0.0036957017820189
ITUB4,1.015,75,RNA,2021-01-11,1,1,0.0149999999999999
ITUB4,1.015,75,Random Forest,2021-01-11,1,1,0.0149999999999999
ITUB4,1.015,75,SVC,2021-01-11,1,1,0.0149999999999999
ITUB4,1.015,75,RNA,2021-01-12,1,1,0.0149999999999999
ITUB4,1.015,75,Random Forest,2021-01-12,1,1,0.0149999999999999
ITUB4,1.015,75,SVC,2021-01-12,1,1,0.0149999999999999
ITUB4,1.015,75,RNA,2021-01-13,1,1,0.0149999999999999
ITUB4,1.015,75,Random Forest,2021-01-13,1,1,0.0149999999999999
ITUB4,1.015,75,SVC,2021-01-13,1,1,0.0149999999999999
ITUB4,1.015,75,RNA,2021-01-14,0,1,-0.0539781202614298
ITUB4,1.015,75,Random Forest,2021-01-14,0,1,-0.0539781202614298
ITUB4,1.015,75,SVC,2021-01-14,0,1,-0.0539781202614298
ITUB4,1.015,75,RNA,2021-01-15,0,1,-0.0552747969843345
ITUB4,1.015,75,Random Forest,2021-01-15,0,1,-0.0552747969843345
ITUB4,1.015,75,SVC,2021-01-15,0,1,-0.0552747969843345
ITUB4,1.015,75,RNA,2021-01-18,0,1,-0.0704985864229434
ITUB4,1.015,75,Random Forest,2021-01-18,0,1,-0.0704985864229434
ITUB4,1.015,75,SVC,2021-01-18,0,1,-0.0704985864229434
ITUB4,1.015,75,RNA,2021-01-19,0,1,-0.0886150239810069
ITUB4,1.015,75,Random Forest,2021-01-19,0,1,-0.0886150239810069
ITUB4,1.015,75,SVC,2021-01-19,0,1,-0.0886150239810069
ITUB4,1.015,75,RNA,2021-01-20,0,1,-0.0673328039288109
ITUB4,1.015,75,Random Forest,2021-01-20,0,0,-0.0673328039288109
ITUB4,1.015,75,SVC,2021-01-20,0,1,-0.0673328039288109
ITUB4,1.015,75,RNA,2021-01-21,1,1,0.0149999999999999
ITUB4,1.015,75,Random Forest,2021-01-21,1,0,0.0149999999999999
ITUB4,1.015,75,SVC,2021-01-21,1,1,0.0149999999999999
ITUB4,1.015,75,RNA,2021-01-22,1,1,0.0149999999999999
ITUB4,1.015,75,Random Forest,2021-01-22,1,0,0.0149999999999999
ITUB4,1.015,75,SVC,2021-01-22,1,1,0.0149999999999999
ITUB4,1.015,75,RNA,2021-01-26,1,1,0.0149999999999999
ITUB4,1.015,75,Random Forest,2021-01-26,1,0,0.0149999999999999
ITUB4,1.015,75,SVC,2021-01-26,1,1,0.0149999999999999
ITUB4,1.015,75,RNA,2021-01-27,1,1,0.0149999999999999
ITUB4,1.015,75,Random Forest,2021-01-27,1,1,0.0149999999999999
ITUB4,1.015,75,SVC,2021-01-27,1,1,0.0149999999999999
ITUB4,1.015,75,RNA,2021-01-28,0,1,-0.0302878339971227
ITUB4,1.015,75,Random Forest,2021-01-28,0,1,-0.0302878339971227
ITUB4,1.015,75,SVC,2021-01-28,0,1,-0.0302878339971227
ITUB4,1.015,75,RNA,2021-01-29,0,1,-0.0275861770707103
ITUB4,1.015,75,Random Forest,2021-01-29,0,1,-0.0275861770707103
ITUB4,1.015,75,SVC,2021-01-29,0,1,-0.0275861770707103
ITUB4,1.015,75,RNA,2021-02-01,0,1,-0.0343878997321204
ITUB4,1.015,75,Random Forest,2021-02-01,0,1,-0.0343878997321204
ITUB4,1.015,75,SVC,2021-02-01,0,1,-0.0343878997321204
ITUB4,1.015,75,RNA,2021-02-02,0,0,-0.0417246003802067
ITUB4,1.015,75,Random Forest,2021-02-02,0,0,-0.0417246003802067
ITUB4,1.015,75,SVC,2021-02-02,0,1,-0.0417246003802067
ITUB4,1.015,75,RNA,2021-02-03,0,1,-0.0224325147761027
ITUB4,1.015,75,Random Forest,2021-02-03,0,0,-0.0224325147761027
ITUB4,1.015,75,SVC,2021-02-03,0,1,-0.0224325147761027
ITUB4,1.015,75,RNA,2021-02-04,0,0,-0.0219003777680932
ITUB4,1.015,75,Random Forest,2021-02-04,0,0,-0.0219003777680932
ITUB4,1.015,75,SVC,2021-02-04,0,1,-0.0219003777680932
ITUB4,1.015,75,RNA,2021-02-05,0,1,-0.0110713935270033
ITUB4,1.015,75,Random Forest,2021-02-05,0,0,-0.0110713935270033
ITUB4,1.015,75,SVC,2021-02-05,0,1,-0.0110713935270033
ITUB4,1.015,75,RNA,2021-02-08,1,0,0.0149999999999999
ITUB4,1.015,75,Random Forest,2021-02-08,1,0,0.0149999999999999
ITUB4,1.015,75,SVC,2021-02-08,1,0,0.0149999999999999
ITUB4,1.015,75,RNA,2021-02-09,0,1,0.0075269177469319
ITUB4,1.015,75,Random Forest,2021-02-09,0,0,0.0075269177469319
ITUB4,1.015,75,SVC,2021-02-09,0,0,0.0075269177469319
ITUB4,1.015,75,RNA,2021-02-10,1,0,0.0149999999999999
ITUB4,1.015,75,Random Forest,2021-02-10,1,0,0.0149999999999999
ITUB4,1.015,75,SVC,2021-02-10,1,1,0.0149999999999999
ITUB4,1.015,75,RNA,2021-02-11,1,0,0.0149999999999999
ITUB4,1.015,75,Random Forest,2021-02-11,1,1,0.0149999999999999
ITUB4,1.015,75,SVC,2021-02-11,1,0,0.0149999999999999
ITUB4,1.015,75,RNA,2021-02-12,1,0,0.0149999999999999
ITUB4,1.015,75,Random Forest,2021-02-12,1,1,0.0149999999999999
ITUB4,1.015,75,SVC,2021-02-12,1,0,0.0149999999999999
ITUB4,1.015,75,RNA,2021-02-17,1,0,0.0149999999999999
ITUB4,1.015,75,Random Forest,2021-02-17,1,1,0.0149999999999999
ITUB4,1.015,75,SVC,2021-02-17,1,0,0.0149999999999999
ITUB4,1.015,75,RNA,2021-02-18,0,0,-0.0372893524407473
ITUB4,1.015,75,Random Forest,2021-02-18,0,1,-0.0372893524407473
ITUB4,1.015,75,SVC,2021-02-18,0,1,-0.0372893524407473
ITUB4,1.015,75,RNA,2021-02-19,1,1,0.0149999999999999
ITUB4,1.015,75,Random Forest,2021-02-19,1,1,0.0149999999999999
ITUB4,1.015,75,SVC,2021-02-19,1,1,0.0149999999999999
ITUB4,1.015,75,RNA,2021-02-22,1,1,0.0149999999999999
ITUB4,1.015,75,Random Forest,2021-02-22,1,1,0.0149999999999999
ITUB4,1.015,75,SVC,2021-02-22,1,1,0.0149999999999999
ITUB4,1.015,75,RNA,2021-02-23,0,1,-0.0913225913590477
ITUB4,1.015,75,Random Forest,2021-02-23,0,1,-0.0913225913590477
ITUB4,1.015,75,SVC,2021-02-23,0,1,-0.0913225913590477
ITUB4,1.015,75,RNA,2021-02-24,0,0,-0.0360118712557699
ITUB4,1.015,75,Random Forest,2021-02-24,0,1,-0.0360118712557699
ITUB4,1.015,75,SVC,2021-02-24,0,1,-0.0360118712557699
ITUB4,1.015,75,RNA,2021-02-25,0,1,-0.0135430252372836
ITUB4,1.015,75,Random Forest,2021-02-25,0,1,-0.0135430252372836
ITUB4,1.015,75,SVC,2021-02-25,0,1,-0.0135430252372836
ITUB4,1.015,75,RNA,2021-02-26,1,1,0.0149999999999999
ITUB4,1.015,75,Random Forest,2021-02-26,1,0,0.0149999999999999
ITUB4,1.015,75,SVC,2021-02-26,1,1,0.0149999999999999
ITUB4,1.015,75,RNA,2021-03-01,1,0,0.0149999999999999
ITUB4,1.015,75,Random Forest,2021-03-01,1,0,0.0149999999999999
ITUB4,1.015,75,SVC,2021-03-01,1,1,0.0149999999999999
ITUB4,1.015,75,RNA,2021-03-02,1,1,0.0149999999999999
ITUB4,1.015,75,Random Forest,2021-03-02,1,0,0.0149999999999999
ITUB4,1.015,75,SVC,2021-03-02,1,1,0.0149999999999999
ITUB4,1.015,75,RNA,2021-03-03,1,1,0.0149999999999999
ITUB4,1.015,75,Random Forest,2021-03-03,1,1,0.0149999999999999
ITUB4,1.015,75,SVC,2021-03-03,1,1,0.0149999999999999
ITUB4,1.015,75,RNA,2021-03-04,1,0,0.0149999999999999
ITUB4,1.015,75,Random Forest,2021-03-04,1,0,0.0149999999999999
ITUB4,1.015,75,SVC,2021-03-04,1,1,0.0149999999999999
ITUB4,1.015,75,RNA,2021-03-05,1,1,0.0149999999999999
ITUB4,1.015,75,Random Forest,2021-03-05,1,0,0.0149999999999999
ITUB4,1.015,75,SVC,2021-03-05,1,1,0.0149999999999999
ITUB4,1.015,75,RNA,2021-03-08,1,1,0.0149999999999999
ITUB4,1.015,75,Random Forest,2021-03-08,1,0,0.0149999999999999
ITUB4,1.015,75,SVC,2021-03-08,1,1,0.0149999999999999
ITUB4,1.015,75,RNA,2021-03-09,1,1,0.0149999999999999
ITUB4,1.015,75,Random Forest,2021-03-09,1,1,0.0149999999999999
ITUB4,1.015,75,SVC,2021-03-09,1,1,0.0149999999999999
ITUB4,1.015,75,RNA,2021-03-10,0,1,-0.0239130229278435
ITUB4,1.015,75,Random Forest,2021-03-10,0,0,-0.0239130229278435
ITUB4,1.015,75,SVC,2021-03-10,0,1,-0.0239130229278435
ITUB4,1.015,75,RNA,2021-03-11,1,0,0.0149999999999999
ITUB4,1.015,75,Random Forest,2021-03-11,1,1,0.0149999999999999
ITUB4,1.015,75,SVC,2021-03-11,1,1,0.0149999999999999
ITUB4,1.015,75,RNA,2021-03-12,1,1,0.0149999999999999
ITUB4,1.015,75,Random Forest,2021-03-12,1,0,0.0149999999999999
ITUB4,1.015,75,SVC,2021-03-12,1,1,0.0149999999999999
ITUB4,1.015,75,RNA,2021-03-15,1,1,0.0149999999999999
ITUB4,1.015,75,Random Forest,2021-03-15,1,1,0.0149999999999999
ITUB4,1.015,75,SVC,2021-03-15,1,1,0.0149999999999999
ITUB4,1.015,75,RNA,2021-03-16,1,1,0.0149999999999999
ITUB4,1.015,75,Random Forest,2021-03-16,1,1,0.0149999999999999
ITUB4,1.015,75,SVC,2021-03-16,1,1,0.0149999999999999
ITUB4,1.015,75,RNA,2021-03-17,1,1,0.0149999999999999
ITUB4,1.015,75,Random Forest,2021-03-17,1,1,0.0149999999999999
ITUB4,1.015,75,SVC,2021-03-17,1,1,0.0149999999999999
ITUB4,1.015,75,RNA,2021-03-18,0,0,-0.0378895425858152
ITUB4,1.015,75,Random Forest,2021-03-18,0,1,-0.0378895425858152
ITUB4,1.015,75,SVC,2021-03-18,0,1,-0.0378895425858152
ITUB4,1.015,75,RNA,2021-03-19,1,1,0.0149999999999999
ITUB4,1.015,75,Random Forest,2021-03-19,1,1,0.0149999999999999
ITUB4,1.015,75,SVC,2021-03-19,1,1,0.0149999999999999
ITUB4,1.015,75,RNA,2021-03-22,1,1,0.0149999999999999
ITUB4,1.015,75,Random Forest,2021-03-22,1,1,0.0149999999999999
ITUB4,1.015,75,SVC,2021-03-22,1,1,0.0149999999999999
ITUB4,1.015,75,RNA,2021-03-23,1,1,0.0149999999999999
ITUB4,1.015,75,Random Forest,2021-03-23,1,0,0.0149999999999999
ITUB4,1.015,75,SVC,2021-03-23,1,1,0.0149999999999999
ITUB4,1.015,75,RNA,2021-03-24,1,1,0.0149999999999999
ITUB4,1.015,75,Random Forest,2021-03-24,1,1,0.0149999999999999
ITUB4,1.015,75,SVC,2021-03-24,1,1,0.0149999999999999
ITUB4,1.015,75,RNA,2021-03-25,1,0,0.0149999999999999
ITUB4,1.015,75,Random Forest,2021-03-25,1,1,0.0149999999999999
ITUB4,1.015,75,SVC,2021-03-25,1,1,0.0149999999999999
ITUB4,1.015,75,RNA,2021-03-26,1,1,0.0149999999999999
ITUB4,1.015,75,Random Forest,2021-03-26,1,1,0.0149999999999999
ITUB4,1.015,75,SVC,2021-03-26,1,1,0.0149999999999999
ITUB4,1.015,75,RNA,2021-03-29,1,1,0.0149999999999999
ITUB4,1.015,75,Random Forest,2021-03-29,1,1,0.0149999999999999
ITUB4,1.015,75,SVC,2021-03-29,1,1,0.0149999999999999
ITUB4,1.015,75,RNA,2021-03-30,0,0,-0.0411674591974341
ITUB4,1.015,75,Random Forest,2021-03-30,0,1,-0.0411674591974341
ITUB4,1.015,75,SVC,2021-03-30,0,1,-0.0411674591974341
ITUB4,1.015,75,RNA,2021-03-31,0,1,-0.0440810652683939
ITUB4,1.015,75,Random Forest,2021-03-31,0,1,-0.0440810652683939
ITUB4,1.015,75,SVC,2021-03-31,0,1,-0.0440810652683939
ITUB4,1.015,75,RNA,2021-04-01,0,1,-0.0248537609495226
ITUB4,1.015,75,Random Forest,2021-04-01,0,1,-0.0248537609495226
ITUB4,1.015,75,SVC,2021-04-01,0,1,-0.0248537609495226
ITUB4,1.015,75,RNA,2021-04-05,0,1,-0.0312726944325443
ITUB4,1.015,75,Random Forest,2021-04-05,0,1,-0.0312726944325443
ITUB4,1.015,75,SVC,2021-04-05,0,1,-0.0312726944325443
ITUB4,1.015,75,RNA,2021-04-06,0,0,0.0103626917571664
ITUB4,1.015,75,Random Forest,2021-04-06,0,1,0.0103626917571664
ITUB4,1.015,75,SVC,2021-04-06,0,1,0.0103626917571664
ITUB4,1.015,75,RNA,2021-04-07,1,1,0.0149999999999999
ITUB4,1.015,75,Random Forest,2021-04-07,1,1,0.0149999999999999
ITUB4,1.015,75,SVC,2021-04-07,1,1,0.0149999999999999
ITUB4,1.015,75,RNA,2021-04-08,1,0,0.0149999999999999
ITUB4,1.015,75,Random Forest,2021-04-08,1,1,0.0149999999999999
ITUB4,1.015,75,SVC,2021-04-08,1,1,0.0149999999999999
ITUB4,1.015,75,RNA,2021-04-09,1,0,0.0149999999999999
ITUB4,1.015,75,Random Forest,2021-04-09,1,1,0.0149999999999999
ITUB4,1.015,75,SVC,2021-04-09,1,1,0.0149999999999999
ITUB4,1.015,75,RNA,2021-04-12,1,1,0.0149999999999999
ITUB4,1.015,75,Random Forest,2021-04-12,1,1,0.0149999999999999
ITUB4,1.015,75,SVC,2021-04-12,1,1,0.0149999999999999
ITUB4,1.015,75,RNA,2021-04-13,1,1,0.0149999999999999
ITUB4,1.015,75,Random Forest,2021-04-13,1,1,0.0149999999999999
ITUB4,1.015,75,SVC,2021-04-13,1,1,0.0149999999999999
ITUB4,1.015,75,RNA,2021-04-14,1,1,0.0149999999999999
ITUB4,1.015,75,Random Forest,2021-04-14,1,1,0.0149999999999999
ITUB4,1.015,75,SVC,2021-04-14,1,1,0.0149999999999999
ITUB4,1.015,75,RNA,2021-04-15,1,1,0.0149999999999999
ITUB4,1.015,75,Random Forest,2021-04-15,1,1,0.0149999999999999
ITUB4,1.015,75,SVC,2021-04-15,1,1,0.0149999999999999
ITUB4,1.015,75,RNA,2021-04-16,0,0,-0.0125537985959441
ITUB4,1.015,75,Random Forest,2021-04-16,0,1,-0.0125537985959441
ITUB4,1.015,75,SVC,2021-04-16,0,1,-0.0125537985959441
ITUB4,1.015,75,RNA,2021-04-19,1,0,0.0149999999999999
ITUB4,1.015,75,Random Forest,2021-04-19,1,1,0.0149999999999999
ITUB4,1.015,75,SVC,2021-04-19,1,1,0.0149999999999999
ITUB4,1.015,75,RNA,2021-04-20,0,0,-0.0159825944875235
ITUB4,1.015,75,Random Forest,2021-04-20,0,1,-0.0159825944875235
ITUB4,1.015,75,SVC,2021-04-20,0,1,-0.0159825944875235
ITUB4,1.015,75,RNA,2021-04-22,1,1,0.0149999999999999
ITUB4,1.015,75,Random Forest,2021-04-22,1,1,0.0149999999999999
ITUB4,1.015,75,SVC,2021-04-22,1,1,0.0149999999999999
ITUB4,1.015,75,RNA,2021-04-23,1,1,0.0149999999999999
ITUB4,1.015,75,Random Forest,2021-04-23,1,1,0.0149999999999999
ITUB4,1.015,75,SVC,2021-04-23,1,1,0.0149999999999999
ITUB4,1.015,75,RNA,2021-04-26,1,0,0.0149999999999999
ITUB4,1.015,75,Random Forest,2021-04-26,1,1,0.0149999999999999
ITUB4,1.015,75,SVC,2021-04-26,1,1,0.0149999999999999
ITUB4,1.015,75,RNA,2021-04-27,1,0,0.0149999999999999
ITUB4,1.015,75,Random Forest,2021-04-27,1,1,0.0149999999999999
ITUB4,1.015,75,SVC,2021-04-27,1,1,0.0149999999999999
ITUB4,1.015,75,RNA,2021-04-28,0,1,-0.0516478443557051
ITUB4,1.015,75,Random Forest,2021-04-28,0,1,-0.0516478443557051
ITUB4,1.015,75,SVC,2021-04-28,0,1,-0.0516478443557051
ITUB4,1.015,75,RNA,2021-04-29,1,0,0.0149999999999999
ITUB4,1.015,75,Random Forest,2021-04-29,1,1,0.0149999999999999
ITUB4,1.015,75,SVC,2021-04-29,1,1,0.0149999999999999
ITUB4,1.015,75,RNA,2021-04-30,1,1,0.0149999999999999
ITUB4,1.015,75,Random Forest,2021-04-30,1,1,0.0149999999999999
ITUB4,1.015,75,SVC,2021-04-30,1,1,0.0149999999999999
ITUB4,1.015,75,RNA,2021-05-03,0,1,-0.0167259863540787
ITUB4,1.015,75,Random Forest,2021-05-03,0,1,-0.0167259863540787
ITUB4,1.015,75,SVC,2021-05-03,0,1,-0.0167259863540787
ITUB4,1.015,75,RNA,2021-05-04,1,1,0.0149999999999999
ITUB4,1.015,75,Random Forest,2021-05-04,1,1,0.0149999999999999
ITUB4,1.015,75,SVC,2021-05-04,1,1,0.0149999999999999
ITUB4,1.015,75,RNA,2021-05-05,1,1,0.0149999999999999
ITUB4,1.015,75,Random Forest,2021-05-05,1,1,0.0149999999999999
ITUB4,1.015,75,SVC,2021-05-05,1,1,0.0149999999999999
ITUB4,1.015,75,RNA,2021-05-06,1,1,0.0149999999999999
ITUB4,1.015,75,Random Forest,2021-05-06,1,1,0.0149999999999999
ITUB4,1.015,75,SVC,2021-05-06,1,1,0.0149999999999999
ITUB4,1.015,75,RNA,2021-05-07,1,1,0.0149999999999999
ITUB4,1.015,75,Random Forest,2021-05-07,1,1,0.0149999999999999
ITUB4,1.015,75,SVC,2021-05-07,1,1,0.0149999999999999
ITUB4,1.015,75,RNA,2021-05-10,1,1,0.0149999999999999
ITUB4,1.015,75,Random Forest,2021-05-10,1,1,0.0149999999999999
ITUB4,1.015,75,SVC,2021-05-10,1,1,0.0149999999999999
ITUB4,1.015,75,RNA,2021-05-11,1,1,0.0149999999999999
ITUB4,1.015,75,Random Forest,2021-05-11,1,1,0.0149999999999999
ITUB4,1.015,75,SVC,2021-05-11,1,1,0.0149999999999999
ITUB4,1.015,75,RNA,2021-05-12,1,1,0.0149999999999999
ITUB4,1.015,75,Random Forest,2021-05-12,1,1,0.0149999999999999
ITUB4,1.015,75,SVC,2021-05-12,1,1,0.0149999999999999
ITUB4,1.015,75,RNA,2021-05-13,1,1,0.0149999999999999
ITUB4,1.015,75,Random Forest,2021-05-13,1,1,0.0149999999999999
ITUB4,1.015,75,SVC,2021-05-13,1,1,0.0149999999999999
ITUB4,1.015,75,RNA,2021-05-14,1,1,0.0149999999999999
ITUB4,1.015,75,Random Forest,2021-05-14,1,1,0.0149999999999999
ITUB4,1.015,75,SVC,2021-05-14,1,1,0.0149999999999999
ITUB4,1.015,75,RNA,2021-05-17,1,0,0.0149999999999999
ITUB4,1.015,75,Random Forest,2021-05-17,1,1,0.0149999999999999
ITUB4,1.015,75,SVC,2021-05-17,1,1,0.0149999999999999
ITUB4,1.015,75,RNA,2021-05-18,1,1,0.0149999999999999
ITUB4,1.015,75,Random Forest,2021-05-18,1,0,0.0149999999999999
ITUB4,1.015,75,SVC,2021-05-18,1,1,0.0149999999999999
ITUB4,1.015,75,RNA,2021-05-19,1,1,0.0149999999999999
ITUB4,1.015,75,Random Forest,2021-05-19,1,1,0.0149999999999999
ITUB4,1.015,75,SVC,2021-05-19,1,1,0.0149999999999999
ITUB4,1.015,75,RNA,2021-05-20,0,1,0.004054369766641
ITUB4,1.015,75,Random Forest,2021-05-20,0,0,0.004054369766641
ITUB4,1.015,75,SVC,2021-05-20,0,1,0.004054369766641
ITUB4,1.015,75,RNA,2021-05-21,0,0,-0.0108909888930758
ITUB4,1.015,75,Random Forest,2021-05-21,0,1,-0.0108909888930758
ITUB4,1.015,75,SVC,2021-05-21,0,1,-0.0108909888930758
ITUB4,1.015,75,RNA,2021-05-24,0,0,0.010572990218064
ITUB4,1.015,75,Random Forest,2021-05-24,0,0,0.010572990218064
ITUB4,1.015,75,SVC,2021-05-24,0,1,0.010572990218064
ITUB4,1.015,75,RNA,2021-05-25,1,0,0.0149999999999999
ITUB4,1.015,75,Random Forest,2021-05-25,1,0,0.0149999999999999
ITUB4,1.015,75,SVC,2021-05-25,1,1,0.0149999999999999
ITUB4,1.015,75,RNA,2021-05-26,1,0,0.0149999999999999
ITUB4,1.015,75,Random Forest,2021-05-26,1,0,0.0149999999999999
ITUB4,1.015,75,SVC,2021-05-26,1,1,0.0149999999999999
ITUB4,1.015,75,RNA,2021-05-27,1,1,0.0149999999999999
ITUB4,1.015,75,Random Forest,2021-05-27,1,0,0.0149999999999999
ITUB4,1.015,75,SVC,2021-05-27,1,1,0.0149999999999999
ITUB4,1.015,75,RNA,2021-05-28,1,1,0.0149999999999999
ITUB4,1.015,75,Random Forest,2021-05-28,1,1,0.0149999999999999
ITUB4,1.015,75,SVC,2021-05-28,1,1,0.0149999999999999
ITUB4,1.015,75,RNA,2021-05-31,1,0,0.0149999999999999
ITUB4,1.015,75,Random Forest,2021-05-31,1,1,0.0149999999999999
ITUB4,1.015,75,SVC,2021-05-31,1,1,0.0149999999999999
ITUB4,1.015,75,RNA,2021-06-01,1,1,0.0149999999999999
ITUB4,1.015,75,Random Forest,2021-06-01,1,1,0.0149999999999999
ITUB4,1.015,75,SVC,2021-06-01,1,1,0.0149999999999999
ITUB4,1.015,75,RNA,2021-06-02,1,1,0.0149999999999999
ITUB4,1.015,75,Random Forest,2021-06-02,1,1,0.0149999999999999
ITUB4,1.015,75,SVC,2021-06-02,1,1,0.0149999999999999
ITUB4,1.015,75,RNA,2021-06-04,1,1,0.0149999999999999
ITUB4,1.015,75,Random Forest,2021-06-04,1,0,0.0149999999999999
ITUB4,1.015,75,SVC,2021-06-04,1,1,0.0149999999999999
ITUB4,1.015,75,RNA,2021-06-07,1,0,0.0149999999999999
ITUB4,1.015,75,Random Forest,2021-06-07,1,0,0.0149999999999999
ITUB4,1.015,75,SVC,2021-06-07,1,1,0.0149999999999999
ITUB4,1.015,75,RNA,2021-06-08,1,1,0.0149999999999999
ITUB4,1.015,75,Random Forest,2021-06-08,1,1,0.0149999999999999
ITUB4,1.015,75,SVC,2021-06-08,1,1,0.0149999999999999
ITUB4,1.015,75,RNA,2021-06-09,0,0,-0.0285714061229996
ITUB4,1.015,75,Random Forest,2021-06-09,0,1,-0.0285714061229996
ITUB4,1.015,75,SVC,2021-06-09,0,1,-0.0285714061229996
ITUB4,1.015,75,RNA,2021-06-10,1,1,0.0149999999999999
ITUB4,1.015,75,Random Forest,2021-06-10,1,1,0.0149999999999999
ITUB4,1.015,75,SVC,2021-06-10,1,1,0.0149999999999999
ITUB4,1.015,75,RNA,2021-06-11,1,1,0.0149999999999999
ITUB4,1.015,75,Random Forest,2021-06-11,1,1,0.0149999999999999
ITUB4,1.015,75,SVC,2021-06-11,1,1,0.0149999999999999
ITUB4,1.015,75,RNA,2021-06-14,1,1,0.0149999999999999
ITUB4,1.015,75,Random Forest,2021-06-14,1,1,0.0149999999999999
ITUB4,1.015,75,SVC,2021-06-14,1,1,0.0149999999999999
ITUB4,1.015,75,RNA,2021-06-15,1,0,0.0149999999999999
ITUB4,1.015,75,Random Forest,2021-06-15,1,1,0.0149999999999999
ITUB4,1.015,75,SVC,2021-06-15,1,1,0.0149999999999999
ITUB4,1.015,75,RNA,2021-06-16,1,1,0.0149999999999999
ITUB4,1.015,75,Random Forest,2021-06-16,1,1,0.0149999999999999
ITUB4,1.015,75,SVC,2021-06-16,1,1,0.0149999999999999
ITUB4,1.015,75,RNA,2021-06-17,0,1,-0.0290076483557939
ITUB4,1.015,75,Random Forest,2021-06-17,0,1,-0.0290076483557939
ITUB4,1.015,75,SVC,2021-06-17,0,1,-0.0290076483557939
ITUB4,1.015,75,RNA,2021-06-18,1,0,0.0149999999999999
ITUB4,1.015,75,Random Forest,2021-06-18,1,1,0.0149999999999999
ITUB4,1.015,75,SVC,2021-06-18,1,1,0.0149999999999999
ITUB4,1.015,75,RNA,2021-06-21,0,1,-0.0443686033034103
ITUB4,1.015,75,Random Forest,2021-06-21,0,1,-0.0443686033034103
ITUB4,1.015,75,SVC,2021-06-21,0,1,-0.0443686033034103
ITUB4,1.015,75,RNA,2021-06-22,1,1,0.0149999999999999
ITUB4,1.015,75,Random Forest,2021-06-22,1,1,0.0149999999999999
ITUB4,1.015,75,SVC,2021-06-22,1,1,0.0149999999999999
ITUB4,1.015,75,RNA,2021-06-23,0,0,-0.0627913971100218
ITUB4,1.015,75,Random Forest,2021-06-23,0,1,-0.0627913971100218
ITUB4,1.015,75,SVC,2021-06-23,0,1,-0.0627913971100218
ITUB4,1.015,75,RNA,2021-06-24,0,1,-0.0681676276296294
ITUB4,1.015,75,Random Forest,2021-06-24,0,0,-0.0681676276296294
ITUB4,1.015,75,SVC,2021-06-24,0,1,-0.0681676276296294
ITUB4,1.015,75,RNA,2021-06-25,0,1,-0.036804743237627
ITUB4,1.015,75,Random Forest,2021-06-25,0,0,-0.036804743237627
ITUB4,1.015,75,SVC,2021-06-25,0,1,-0.036804743237627
ITUB4,1.015,75,RNA,2021-06-28,0,1,-0.0077626069229377
ITUB4,1.015,75,Random Forest,2021-06-28,0,0,-0.0077626069229377
ITUB4,1.015,75,SVC,2021-06-28,0,1,-0.0077626069229377
ITUB4,1.015,75,RNA,2021-06-29,0,0,-0.0128367402431293
ITUB4,1.015,75,Random Forest,2021-06-29,0,0,-0.0128367402431293
ITUB4,1.015,75,SVC,2021-06-29,0,1,-0.0128367402431293
ITUB4,1.015,75,RNA,2021-06-30,0,1,-0.0174555298292327
ITUB4,1.015,75,Random Forest,2021-06-30,0,0,-0.0174555298292327
ITUB4,1.015,75,SVC,2021-06-30,0,1,-0.0174555298292327
ITUB4,1.015,75,RNA,2021-07-01,0,1,-0.0066934350348086
ITUB4,1.015,75,Random Forest,2021-07-01,0,0,-0.0066934350348086
ITUB4,1.015,75,SVC,2021-07-01,0,1,-0.0066934350348086
ITUB4,1.015,75,RNA,2021-07-02,0,0,-0.0144683377106663
ITUB4,1.015,75,Random Forest,2021-07-02,0,0,-0.0144683377106663
ITUB4,1.015,75,SVC,2021-07-02,0,0,-0.0144683377106663
ITUB4,1.015,75,RNA,2021-07-05,1,0,0.0149999999999999
ITUB4,1.015,75,Random Forest,2021-07-05,1,0,0.0149999999999999
ITUB4,1.015,75,SVC,2021-07-05,1,1,0.0149999999999999
ITUB4,1.015,75,RNA,2021-07-06,1,1,0.0149999999999999
ITUB4,1.015,75,Random Forest,2021-07-06,1,0,0.0149999999999999
ITUB4,1.015,75,SVC,2021-07-06,1,1,0.0149999999999999
ITUB4,1.015,75,RNA,2021-07-07,1,1,0.0149999999999999
ITUB4,1.015,75,Random Forest,2021-07-07,1,0,0.0149999999999999
ITUB4,1.015,75,SVC,2021-07-07,1,1,0.0149999999999999
ITUB4,1.015,75,RNA,2021-07-08,1,0,0.0149999999999999
ITUB4,1.015,75,Random Forest,2021-07-08,1,0,0.0149999999999999
ITUB4,1.015,75,SVC,2021-07-08,1,1,0.0149999999999999
ITUB4,1.015,75,RNA,2021-07-12,1,0,0.0149999999999999
ITUB4,1.015,75,Random Forest,2021-07-12,1,0,0.0149999999999999
ITUB4,1.015,75,SVC,2021-07-12,1,1,0.0149999999999999
ITUB4,1.015,75,RNA,2021-07-13,1,1,0.0149999999999999
ITUB4,1.015,75,Random Forest,2021-07-13,1,1,0.0149999999999999
ITUB4,1.015,75,SVC,2021-07-13,1,1,0.0149999999999999
ITUB4,1.015,75,RNA,2021-07-14,0,1,-0.0194239412419426
ITUB4,1.015,75,Random Forest,2021-07-14,0,1,-0.0194239412419426
ITUB4,1.015,75,SVC,2021-07-14,0,1,-0.0194239412419426
ITUB4,1.015,75,RNA,2021-07-15,0,1,-0.0124286316595101
ITUB4,1.015,75,Random Forest,2021-07-15,0,1,-0.0124286316595101
ITUB4,1.015,75,SVC,2021-07-15,0,1,-0.0124286316595101
ITUB4,1.015,75,RNA,2021-07-16,1,0,0.0149999999999999
ITUB4,1.015,75,Random Forest,2021-07-16,1,1,0.0149999999999999
ITUB4,1.015,75,SVC,2021-07-16,1,1,0.0149999999999999
ITUB4,1.015,75,RNA,2021-07-19,1,1,0.0149999999999999
ITUB4,1.015,75,Random Forest,2021-07-19,1,1,0.0149999999999999
ITUB4,1.015,75,SVC,2021-07-19,1,1,0.0149999999999999
ITUB4,1.015,75,RNA,2021-07-20,1,1,0.0149999999999999
ITUB4,1.015,75,Random Forest,2021-07-20,1,1,0.0149999999999999
ITUB4,1.015,75,SVC,2021-07-20,1,1,0.0149999999999999
ITUB4,1.015,75,RNA,2021-07-21,1,1,0.0149999999999999
ITUB4,1.015,75,Random Forest,2021-07-21,1,1,0.0149999999999999
ITUB4,1.015,75,SVC,2021-07-21,1,1,0.0149999999999999
ITUB4,1.015,75,RNA,2021-07-22,1,1,0.0149999999999999
ITUB4,1.015,75,Random Forest,2021-07-22,1,1,0.0149999999999999
ITUB4,1.015,75,SVC,2021-07-22,1,1,0.0149999999999999
ITUB4,1.015,75,RNA,2021-07-23,1,1,0.0149999999999999
ITUB4,1.015,75,Random Forest,2021-07-23,1,1,0.0149999999999999
ITUB4,1.015,75,SVC,2021-07-23,1,1,0.0149999999999999
ITUB4,1.015,75,RNA,2021-07-26,1,1,0.0149999999999999
ITUB4,1.015,75,Random Forest,2021-07-26,1,1,0.0149999999999999
ITUB4,1.015,75,SVC,2021-07-26,1,1,0.0149999999999999
ITUB4,1.015,75,RNA,2021-07-27,1,1,0.0149999999999999
ITUB4,1.015,75,Random Forest,2021-07-27,1,1,0.0149999999999999
ITUB4,1.015,75,SVC,2021-07-27,1,1,0.0149999999999999
ITUB4,1.015,75,RNA,2021-07-28,1,1,0.0149999999999999
ITUB4,1.015,75,Random Forest,2021-07-28,1,0,0.0149999999999999
ITUB4,1.015,75,SVC,2021-07-28,1,1,0.0149999999999999
ITUB4,1.015,75,RNA,2021-07-29,1,1,0.0149999999999999
ITUB4,1.015,75,Random Forest,2021-07-29,1,0,0.0149999999999999
ITUB4,1.015,75,SVC,2021-07-29,1,1,0.0149999999999999
ITUB4,1.015,75,RNA,2021-07-30,1,1,0.0149999999999999
ITUB4,1.015,75,Random Forest,2021-07-30,1,1,0.0149999999999999
ITUB4,1.015,75,SVC,2021-07-30,1,1,0.0149999999999999
ITUB4,1.015,75,RNA,2021-08-02,0,1,-0.0178343819982774
ITUB4,1.015,75,Random Forest,2021-08-02,0,1,-0.0178343819982774
ITUB4,1.015,75,SVC,2021-08-02,0,1,-0.0178343819982774
ITUB4,1.015,75,RNA,2021-08-03,1,1,0.0149999999999999
ITUB4,1.015,75,Random Forest,2021-08-03,1,1,0.0149999999999999
ITUB4,1.015,75,SVC,2021-08-03,1,1,0.0149999999999999
ITUB4,1.015,75,RNA,2021-08-04,1,1,0.0149999999999999
ITUB4,1.015,75,Random Forest,2021-08-04,1,0,0.0149999999999999
ITUB4,1.015,75,SVC,2021-08-04,1,1,0.0149999999999999
ITUB4,1.015,75,RNA,2021-08-05,1,1,0.0149999999999999
ITUB4,1.015,75,Random Forest,2021-08-05,1,1,0.0149999999999999
ITUB4,1.015,75,SVC,2021-08-05,1,1,0.0149999999999999
ITUB4,1.015,75,RNA,2021-08-06,1,1,0.0149999999999999
ITUB4,1.015,75,Random Forest,2021-08-06,1,1,0.0149999999999999
ITUB4,1.015,75,SVC,2021-08-06,1,1,0.0149999999999999
ITUB4,1.015,75,RNA,2021-08-09,0,1,-0.0121951374336694
ITUB4,1.015,75,Random Forest,2021-08-09,0,1,-0.0121951374336694
ITUB4,1.015,75,SVC,2021-08-09,0,1,-0.0121951374336694
ITUB4,1.015,75,RNA,2021-08-10,1,1,0.0149999999999999
ITUB4,1.015,75,Random Forest,2021-08-10,1,1,0.0149999999999999
ITUB4,1.015,75,SVC,2021-08-10,1,1,0.0149999999999999
ITUB4,1.015,75,RNA,2021-08-11,0,1,-0.0164610586532274
ITUB4,1.015,75,Random Forest,2021-08-11,0,1,-0.0164610586532274
ITUB4,1.015,75,SVC,2021-08-11,0,0,-0.0164610586532274
ITUB4,1.015,75,RNA,2021-08-12,1,1,0.0149999999999999
ITUB4,1.015,75,Random Forest,2021-08-12,1,1,0.0149999999999999
ITUB4,1.015,75,SVC,2021-08-12,1,1,0.0149999999999999
ITUB4,1.015,75,RNA,2021-08-13,1,1,0.0149999999999999
ITUB4,1.015,75,Random Forest,2021-08-13,1,1,0.0149999999999999
ITUB4,1.015,75,SVC,2021-08-13,1,1,0.0149999999999999
ITUB4,1.015,75,RNA,2021-08-16,1,1,0.0149999999999999
ITUB4,1.015,75,Random Forest,2021-08-16,1,1,0.0149999999999999
ITUB4,1.015,75,SVC,2021-08-16,1,1,0.0149999999999999
ITUB4,1.015,75,RNA,2021-08-17,1,1,0.0149999999999999
ITUB4,1.015,75,Random Forest,2021-08-17,1,1,0.0149999999999999
ITUB4,1.015,75,SVC,2021-08-17,1,1,0.0149999999999999
ITUB4,1.015,75,RNA,2021-08-18,1,1,0.0149999999999999
ITUB4,1.015,75,Random Forest,2021-08-18,1,1,0.0149999999999999
ITUB4,1.015,75,SVC,2021-08-18,1,1,0.0149999999999999
ITUB4,1.015,75,RNA,2021-08-19,1,1,0.0149999999999999
ITUB4,1.015,75,Random Forest,2021-08-19,1,1,0.0149999999999999
ITUB4,1.015,75,SVC,2021-08-19,1,1,0.0149999999999999
ITUB4,1.015,75,RNA,2021-08-20,1,1,0.0149999999999999
ITUB4,1.015,75,Random Forest,2021-08-20,1,1,0.0149999999999999
ITUB4,1.015,75,SVC,2021-08-20,1,1,0.0149999999999999
ITUB4,1.015,75,RNA,2021-08-23,1,1,0.0149999999999999
ITUB4,1.015,75,Random Forest,2021-08-23,1,1,0.0149999999999999
ITUB4,1.015,75,SVC,2021-08-23,1,1,0.0149999999999999
ITUB4,1.015,75,RNA,2021-08-24,0,1,-0.006829253334292
ITUB4,1.015,75,Random Forest,2021-08-24,0,1,-0.006829253334292
ITUB4,1.015,75,SVC,2021-08-24,0,1,-0.006829253334292
ITUB4,1.015,75,RNA,2021-08-25,0,1,0.001294531002582
ITUB4,1.015,75,Random Forest,2021-08-25,0,1,0.001294531002582
ITUB4,1.015,75,SVC,2021-08-25,0,1,0.001294531002582
ITUB4,1.015,75,RNA,2021-08-26,1,1,0.0149999999999999
ITUB4,1.015,75,Random Forest,2021-08-26,1,1,0.0149999999999999
ITUB4,1.015,75,SVC,2021-08-26,1,1,0.0149999999999999
ITUB4,1.015,75,RNA,2021-08-27,1,1,0.0149999999999999
ITUB4,1.015,75,Random Forest,2021-08-27,1,1,0.0149999999999999
ITUB4,1.015,75,SVC,2021-08-27,1,1,0.0149999999999999
ITUB4,1.015,75,RNA,2021-08-30,1,1,0.0149999999999999
ITUB4,1.015,75,Random Forest,2021-08-30,1,1,0.0149999999999999
ITUB4,1.015,75,SVC,2021-08-30,1,1,0.0149999999999999
ITUB4,1.015,75,RNA,2021-08-31,1,1,0.0149999999999999
ITUB4,1.015,75,Random Forest,2021-08-31,1,1,0.0149999999999999
ITUB4,1.015,75,SVC,2021-08-31,1,1,0.0149999999999999
ITUB4,1.015,75,RNA,2021-09-01,0,1,-0.0702492614391222
ITUB4,1.015,75,Random Forest,2021-09-01,0,1,-0.0702492614391222
ITUB4,1.015,75,SVC,2021-09-01,0,1,-0.0702492614391222
ITUB4,1.015,75,RNA,2021-09-02,0,1,-0.0341852008779255
ITUB4,1.015,75,Random Forest,2021-09-02,0,1,-0.0341852008779255
ITUB4,1.015,75,SVC,2021-09-02,0,1,-0.0341852008779255
ITUB4,1.015,75,RNA,2021-09-03,1,1,0.0149999999999999
ITUB4,1.015,75,Random Forest,2021-09-03,1,1,0.0149999999999999
ITUB4,1.015,75,SVC,2021-09-03,1,1,0.0149999999999999
ITUB4,1.015,75,RNA,2021-09-06,0,1,-0.0289614311639029
ITUB4,1.015,75,Random Forest,2021-09-06,0,1,-0.0289614311639029
ITUB4,1.015,75,SVC,2021-09-06,0,1,-0.0289614311639029
ITUB4,1.015,75,RNA,2021-09-08,1,1,0.0149999999999999
ITUB4,1.015,75,Random Forest,2021-09-08,1,1,0.0149999999999999
ITUB4,1.015,75,SVC,2021-09-08,1,1,0.0149999999999999
ITUB4,1.015,75,RNA,2021-09-09,0,0,-0.0332203148702248
ITUB4,1.015,75,Random Forest,2021-09-09,0,0,-0.0332203148702248
ITUB4,1.015,75,SVC,2021-09-09,0,1,-0.0332203148702248
ITUB4,1.015,75,RNA,2021-09-10,0,0,-0.0282986741590129
ITUB4,1.015,75,Random Forest,2021-09-10,0,1,-0.0282986741590129
ITUB4,1.015,75,SVC,2021-09-10,0,1,-0.0282986741590129
ITUB4,1.015,75,RNA,2021-09-13,0,0,-0.0439862292437968
ITUB4,1.015,75,Random Forest,2021-09-13,0,1,-0.0439862292437968
ITUB4,1.015,75,SVC,2021-09-13,0,1,-0.0439862292437968
ITUB4,1.015,75,RNA,2021-09-14,0,1,-0.0640275446022548
ITUB4,1.015,75,Random Forest,2021-09-14,0,0,-0.0640275446022548
ITUB4,1.015,75,SVC,2021-09-14,0,1,-0.0640275446022548
ITUB4,1.015,75,RNA,2021-09-15,0,1,-0.0423728779165213
ITUB4,1.015,75,Random Forest,2021-09-15,0,0,-0.0423728779165213
ITUB4,1.015,75,SVC,2021-09-15,0,1,-0.0423728779165213
ITUB4,1.015,75,RNA,2021-09-16,0,1,-0.0252897427978466
ITUB4,1.015,75,Random Forest,2021-09-16,0,0,-0.0252897427978466
ITUB4,1.015,75,SVC,2021-09-16,0,0,-0.0252897427978466
ITUB4,1.015,75,RNA,2021-09-17,1,1,0.0149999999999999
ITUB4,1.015,75,Random Forest,2021-09-17,1,0,0.0149999999999999
ITUB4,1.015,75,SVC,2021-09-17,1,1,0.0149999999999999
ITUB4,1.015,75,RNA,2021-09-20,1,1,0.0149999999999999
ITUB4,1.015,75,Random Forest,2021-09-20,1,0,0.0149999999999999
ITUB4,1.015,75,SVC,2021-09-20,1,1,0.0149999999999999
ITUB4,1.015,75,RNA,2021-09-21,1,0,0.0149999999999999
ITUB4,1.015,75,Random Forest,2021-09-21,1,1,0.0149999999999999
ITUB4,1.015,75,SVC,2021-09-21,1,1,0.0149999999999999
ITUB4,1.015,75,RNA,2021-09-22,1,1,0.0149999999999999
ITUB4,1.015,75,Random Forest,2021-09-22,1,1,0.0149999999999999
ITUB4,1.015,75,SVC,2021-09-22,1,1,0.0149999999999999
ITUB4,1.015,75,RNA,2021-09-23,1,1,0.0149999999999999
ITUB4,1.015,75,Random Forest,2021-09-23,1,1,0.0149999999999999
ITUB4,1.015,75,SVC,2021-09-23,1,1,0.0149999999999999
ITUB4,1.015,75,RNA,2021-09-24,1,1,0.0149999999999999
ITUB4,1.015,75,Random Forest,2021-09-24,1,1,0.0149999999999999
ITUB4,1.015,75,SVC,2021-09-24,1,1,0.0149999999999999
ITUB4,1.015,75,RNA,2021-09-27,1,1,0.0149999999999999
ITUB4,1.015,75,Random Forest,2021-09-27,1,1,0.0149999999999999
ITUB4,1.015,75,SVC,2021-09-27,1,1,0.0149999999999999
ITUB4,1.015,75,RNA,2021-09-28,1,1,0.0149999999999999
ITUB4,1.015,75,Random Forest,2021-09-28,1,1,0.0149999999999999
ITUB4,1.015,75,SVC,2021-09-28,1,1,0.0149999999999999
ITUB4,1.015,75,RNA,2021-09-29,1,1,0.0149999999999999
ITUB4,1.015,75,Random Forest,2021-09-29,1,1,0.0149999999999999
ITUB4,1.015,75,SVC,2021-09-29,1,1,0.0149999999999999
ITUB4,1.015,75,RNA,2021-09-30,1,1,0.0149999999999999
ITUB4,1.015,75,Random Forest,2021-09-30,1,1,0.0149999999999999
ITUB4,1.015,75,SVC,2021-09-30,1,1,0.0149999999999999
ITUB4,1.015,75,RNA,2021-10-01,1,1,0.0149999999999999
ITUB4,1.015,75,Random Forest,2021-10-01,1,1,0.0149999999999999
ITUB4,1.015,75,SVC,2021-10-01,1,1,0.0149999999999999
ITUB4,1.015,75,RNA,2021-10-04,1,1,0.0149999999999999
ITUB4,1.015,75,Random Forest,2021-10-04,1,1,0.0149999999999999
ITUB4,1.015,75,SVC,2021-10-04,1,1,0.0149999999999999
ITUB4,1.015,75,RNA,2021-10-05,1,1,0.0149999999999999
ITUB4,1.015,75,Random Forest,2021-10-05,1,1,0.0149999999999999
ITUB4,1.015,75,SVC,2021-10-05,1,1,0.0149999999999999
ITUB4,1.015,75,RNA,2021-10-06,0,1,-0.0346199618170117
ITUB4,1.015,75,Random Forest,2021-10-06,0,1,-0.0346199618170117
ITUB4,1.015,75,SVC,2021-10-06,0,1,-0.0346199618170117
ITUB4,1.015,75,RNA,2021-10-07,1,1,0.0149999999999999
ITUB4,1.015,75,Random Forest,2021-10-07,1,1,0.0149999999999999
ITUB4,1.015,75,SVC,2021-10-07,1,1,0.0149999999999999
ITUB4,1.015,75,RNA,2021-10-08,0,0,0.0073230430745487
ITUB4,1.015,75,Random Forest,2021-10-08,0,1,0.0073230430745487
ITUB4,1.015,75,SVC,2021-10-08,0,1,0.0073230430745487
ITUB4,1.015,75,RNA,2021-10-11,1,1,0.0149999999999999
ITUB4,1.015,75,Random Forest,2021-10-11,1,1,0.0149999999999999
ITUB4,1.015,75,SVC,2021-10-11,1,1,0.0149999999999999
ITUB4,1.015,75,RNA,2021-10-13,1,1,0.0149999999999999
ITUB4,1.015,75,Random Forest,2021-10-13,1,1,0.0149999999999999
ITUB4,1.015,75,SVC,2021-10-13,1,1,0.0149999999999999
ITUB4,1.015,75,RNA,2021-10-14,1,1,0.0149999999999999
ITUB4,1.015,75,Random Forest,2021-10-14,1,1,0.0149999999999999
ITUB4,1.015,75,SVC,2021-10-14,1,1,0.0149999999999999
ITUB4,1.015,75,RNA,2021-10-15,1,1,0.0149999999999999
ITUB4,1.015,75,Random Forest,2021-10-15,1,1,0.0149999999999999
ITUB4,1.015,75,SVC,2021-10-15,1,1,0.0149999999999999
ITUB4,1.015,75,RNA,2021-10-18,1,0,0.0149999999999999
ITUB4,1.015,75,Random Forest,2021-10-18,1,0,0.0149999999999999
ITUB4,1.015,75,SVC,2021-10-18,1,1,0.0149999999999999
ITUB4,1.015,75,RNA,2021-10-19,1,1,0.0149999999999999
ITUB4,1.015,75,Random Forest,2021-10-19,1,1,0.0149999999999999
ITUB4,1.015,75,SVC,2021-10-19,1,1,0.0149999999999999
ITUB4,1.015,75,RNA,2021-10-20,1,1,0.0149999999999999
ITUB4,1.015,75,Random Forest,2021-10-20,1,1,0.0149999999999999
ITUB4,1.015,75,SVC,2021-10-20,1,1,0.0149999999999999
ITUB4,1.015,75,RNA,2021-10-21,0,1,-0.0082918607861871
ITUB4,1.015,75,Random Forest,2021-10-21,0,1,-0.0082918607861871
ITUB4,1.015,75,SVC,2021-10-21,0,1,-0.0082918607861871
ITUB4,1.015,75,RNA,2021-10-22,1,1,0.0149999999999999
ITUB4,1.015,75,Random Forest,2021-10-22,1,1,0.0149999999999999
ITUB4,1.015,75,SVC,2021-10-22,1,1,0.0149999999999999
ITUB4,1.015,75,RNA,2021-10-25,1,1,0.0149999999999999
ITUB4,1.015,75,Random Forest,2021-10-25,1,1,0.0149999999999999
ITUB4,1.015,75,SVC,2021-10-25,1,1,0.0149999999999999
ITUB4,1.015,75,RNA,2021-10-26,1,1,0.0149999999999999
ITUB4,1.015,75,Random Forest,2021-10-26,1,1,0.0149999999999999
ITUB4,1.015,75,SVC,2021-10-26,1,1,0.0149999999999999
ITUB4,1.015,75,RNA,2021-10-27,1,1,0.0149999999999999
ITUB4,1.015,75,Random Forest,2021-10-27,1,1,0.0149999999999999
ITUB4,1.015,75,SVC,2021-10-27,1,1,0.0149999999999999
ITUB4,1.015,75,RNA,2021-10-28,1,1,0.0149999999999999
ITUB4,1.015,75,Random Forest,2021-10-28,1,1,0.0149999999999999
ITUB4,1.015,75,SVC,2021-10-28,1,1,0.0149999999999999
ITUB4,1.015,75,RNA,2021-10-29,1,1,0.0149999999999999
ITUB4,1.015,75,Random Forest,2021-10-29,1,1,0.0149999999999999
ITUB4,1.015,75,SVC,2021-10-29,1,1,0.0149999999999999
ITUB4,1.015,75,RNA,2021-11-01,1,1,0.0149999999999999
ITUB4,1.015,75,Random Forest,2021-11-01,1,1,0.0149999999999999
ITUB4,1.015,75,SVC,2021-11-01,1,1,0.0149999999999999
ITUB4,1.015,75,RNA,2021-11-03,0,1,-0.0796568810977264
ITUB4,1.015,75,Random Forest,2021-11-03,0,1,-0.0796568810977264
ITUB4,1.015,75,SVC,2021-11-03,0,1,-0.0796568810977264
ITUB4,1.015,75,RNA,2021-11-04,0,1,-0.0170212865038204
ITUB4,1.015,75,Random Forest,2021-11-04,0,1,-0.0170212865038204
ITUB4,1.015,75,SVC,2021-11-04,0,1,-0.0170212865038204
ITUB4,1.015,75,RNA,2021-11-05,1,1,0.0149999999999999
ITUB4,1.015,75,Random Forest,2021-11-05,1,1,0.0149999999999999
ITUB4,1.015,75,SVC,2021-11-05,1,1,0.0149999999999999
ITUB4,1.015,75,RNA,2021-11-08,1,1,0.0149999999999999
ITUB4,1.015,75,Random Forest,2021-11-08,1,1,0.0149999999999999
ITUB4,1.015,75,SVC,2021-11-08,1,1,0.0149999999999999
ITUB4,1.015,75,RNA,2021-11-09,1,1,0.0149999999999999
ITUB4,1.015,75,Random Forest,2021-11-09,1,1,0.0149999999999999
ITUB4,1.015,75,SVC,2021-11-09,1,1,0.0149999999999999
ITUB4,1.015,75,RNA,2021-11-10,0,1,-0.0247546374733381
ITUB4,1.015,75,Random Forest,2021-11-10,0,1,-0.0247546374733381
ITUB4,1.015,75,SVC,2021-11-10,0,1,-0.0247546374733381
ITUB4,1.015,75,RNA,2021-11-11,1,1,0.0149999999999999
ITUB4,1.015,75,Random Forest,2021-11-11,1,1,0.0149999999999999
ITUB4,1.015,75,SVC,2021-11-11,1,1,0.0149999999999999
ITUB4,1.015,75,RNA,2021-11-12,0,1,-0.0346620071571147
ITUB4,1.015,75,Random Forest,2021-11-12,0,1,-0.0346620071571147
ITUB4,1.015,75,SVC,2021-11-12,0,1,-0.0346620071571147
ITUB4,1.015,75,RNA,2021-11-16,0,1,-0.0259394954502034
ITUB4,1.015,75,Random Forest,2021-11-16,0,1,-0.0259394954502034
ITUB4,1.015,75,SVC,2021-11-16,0,1,-0.0259394954502034
ITUB4,1.015,75,RNA,2021-11-17,0,1,-0.0043991574343631
ITUB4,1.015,75,Random Forest,2021-11-17,0,1,-0.0043991574343631
ITUB4,1.015,75,SVC,2021-11-17,0,1,-0.0043991574343631
ITUB4,1.015,75,RNA,2021-11-18,1,1,0.0149999999999999
ITUB4,1.015,75,Random Forest,2021-11-18,1,0,0.0149999999999999
ITUB4,1.015,75,SVC,2021-11-18,1,1,0.0149999999999999
ITUB4,1.015,75,RNA,2021-11-19,1,1,0.0149999999999999
ITUB4,1.015,75,Random Forest,2021-11-19,1,0,0.0149999999999999
ITUB4,1.015,75,SVC,2021-11-19,1,1,0.0149999999999999
ITUB4,1.015,75,RNA,2021-11-22,1,1,0.0149999999999999
ITUB4,1.015,75,Random Forest,2021-11-22,1,0,0.0149999999999999
ITUB4,1.015,75,SVC,2021-11-22,1,1,0.0149999999999999
ITUB4,1.015,75,RNA,2021-11-23,1,1,0.0149999999999999
ITUB4,1.015,75,Random Forest,2021-11-23,1,1,0.0149999999999999
ITUB4,1.015,75,SVC,2021-11-23,1,1,0.0149999999999999
ITUB4,1.015,75,RNA,2021-11-24,1,1,0.0149999999999999
ITUB4,1.015,75,Random Forest,2021-11-24,1,1,0.0149999999999999
ITUB4,1.015,75,SVC,2021-11-24,1,1,0.0149999999999999
ITUB4,1.015,75,RNA,2021-11-25,1,1,0.0149999999999999
ITUB4,1.015,75,Random Forest,2021-11-25,1,1,0.0149999999999999
ITUB4,1.015,75,SVC,2021-11-25,1,1,0.0149999999999999
ITUB4,1.015,75,RNA,2021-11-26,0,1,0.0003557636285826
ITUB4,1.015,75,Random Forest,2021-11-26,0,1,0.0003557636285826
ITUB4,1.015,75,SVC,2021-11-26,0,1,0.0003557636285826
ITUB4,1.015,75,RNA,2021-11-29,1,1,0.0149999999999999
ITUB4,1.015,75,Random Forest,2021-11-29,1,1,0.0149999999999999
ITUB4,1.015,75,SVC,2021-11-29,1,1,0.0149999999999999
ITUB4,1.015,75,RNA,2021-11-30,1,1,0.0149999999999999
ITUB4,1.015,75,Random Forest,2021-11-30,1,1,0.0149999999999999
ITUB4,1.015,75,SVC,2021-11-30,1,1,0.0149999999999999
ITUB4,1.015,75,RNA,2021-12-01,1,1,0.0149999999999999
ITUB4,1.015,75,Random Forest,2021-12-01,1,1,0.0149999999999999
ITUB4,1.015,75,SVC,2021-12-01,1,1,0.0149999999999999
ITUB4,1.015,75,RNA,2021-12-02,1,1,0.0149999999999999
ITUB4,1.015,75,Random Forest,2021-12-02,1,1,0.0149999999999999
ITUB4,1.015,75,SVC,2021-12-02,1,1,0.0149999999999999
ITUB4,1.015,75,RNA,2021-12-03,1,1,0.0149999999999999
ITUB4,1.015,75,Random Forest,2021-12-03,1,1,0.0149999999999999
ITUB4,1.015,75,SVC,2021-12-03,1,1,0.0149999999999999
ITUB4,1.015,75,RNA,2021-12-06,0,1,-0.0618120507258376
ITUB4,1.015,75,Random Forest,2021-12-06,0,1,-0.0618120507258376
ITUB4,1.015,75,SVC,2021-12-06,0,1,-0.0618120507258376
ITUB4,1.015,75,RNA,2021-12-07,0,1,-0.0658293419037054
ITUB4,1.015,75,Random Forest,2021-12-07,0,1,-0.0658293419037054
ITUB4,1.015,75,SVC,2021-12-07,0,1,-0.0658293419037054
ITUB4,1.015,75,RNA,2021-12-08,0,1,-0.0438981392036046
ITUB4,1.015,75,Random Forest,2021-12-08,0,1,-0.0438981392036046
ITUB4,1.015,75,SVC,2021-12-08,0,1,-0.0438981392036046
ITUB4,1.015,75,RNA,2021-12-09,0,1,-0.0255834812574191
ITUB4,1.015,75,Random Forest,2021-12-09,0,1,-0.0255834812574191
ITUB4,1.015,75,SVC,2021-12-09,0,1,-0.0255834812574191
ITUB4,1.015,75,RNA,2021-12-10,0,1,-0.0121621902796168
ITUB4,1.015,75,Random Forest,2021-12-10,0,0,-0.0121621902796168
ITUB4,1.015,75,SVC,2021-12-10,0,1,-0.0121621902796168
ITUB4,1.015,75,RNA,2021-12-13,1,1,0.0149999999999999
ITUB4,1.015,75,Random Forest,2021-12-13,1,0,0.0149999999999999
ITUB4,1.015,75,SVC,2021-12-13,1,1,0.0149999999999999
ITUB4,1.015,75,RNA,2021-12-14,0,1,-0.0360565563354642
ITUB4,1.015,75,Random Forest,2021-12-14,0,0,-0.0360565563354642
ITUB4,1.015,75,SVC,2021-12-14,0,0,-0.0360565563354642
ITUB4,1.015,75,RNA,2021-12-15,0,1,-0.0342465322563038
ITUB4,1.015,75,Random Forest,2021-12-15,0,0,-0.0342465322563038
ITUB4,1.015,75,SVC,2021-12-15,0,1,-0.0342465322563038
ITUB4,1.015,75,RNA,2021-12-16,0,1,-0.01849281430975
ITUB4,1.015,75,Random Forest,2021-12-16,0,0,-0.01849281430975
ITUB4,1.015,75,SVC,2021-12-16,0,1,-0.01849281430975
ITUB4,1.015,75,RNA,2021-12-17,0,1,-0.0065177060386053
ITUB4,1.015,75,Random Forest,2021-12-17,0,0,-0.0065177060386053
ITUB4,1.015,75,SVC,2021-12-17,0,1,-0.0065177060386053
ITUB4,1.015,75,RNA,2021-12-20,1,0,0.0149999999999999
ITUB4,1.015,75,Random Forest,2021-12-20,1,0,0.0149999999999999
ITUB4,1.015,75,SVC,2021-12-20,1,1,0.0149999999999999
ITUB4,1.015,75,RNA,2021-12-21,1,0,0.0149999999999999
ITUB4,1.015,75,Random Forest,2021-12-21,1,0,0.0149999999999999
ITUB4,1.015,75,SVC,2021-12-21,1,1,0.0149999999999999
ITUB4,1.015,75,RNA,2021-12-22,1,0,0.0149999999999999
ITUB4,1.015,75,Random Forest,2021-12-22,1,1,0.0149999999999999
ITUB4,1.015,75,SVC,2021-12-22,1,1,0.0149999999999999
ITUB4,1.015,75,RNA,2021-12-23,0,1,-0.0246741099822024
ITUB4,1.015,75,Random Forest,2021-12-23,0,0,-0.0246741099822024
ITUB4,1.015,75,SVC,2021-12-23,0,1,-0.0246741099822024
ITUB4,1.015,75,RNA,2021-12-27,0,1,-0.0047098264950297
ITUB4,1.015,75,Random Forest,2021-12-27,0,0,-0.0047098264950297
ITUB4,1.015,75,SVC,2021-12-27,0,1,-0.0047098264950297
ITUB4,1.015,75,RNA,2021-12-28,1,1,0.0149999999999999
ITUB4,1.015,75,Random Forest,2021-12-28,1,0,0.0149999999999999
ITUB4,1.015,75,SVC,2021-12-28,1,1,0.0149999999999999
ITUB4,1.015,75,RNA,2021-12-29,1,1,0.0149999999999999
ITUB4,1.015,75,Random Forest,2021-12-29,1,1,0.0149999999999999
ITUB4,1.015,75,SVC,2021-12-29,1,1,0.0149999999999999
ITUB4,1.015,75,RNA,2021-12-30,1,1,0.0149999999999999
ITUB4,1.015,75,Random Forest,2021-12-30,1,1,0.0149999999999999
ITUB4,1.015,75,SVC,2021-12-30,1,0,0.0149999999999999
ITUB4,1.015,75,RNA,2022-01-03,1,0,0.0149999999999999
ITUB4,1.015,75,Random Forest,2022-01-03,1,0,0.0149999999999999
ITUB4,1.015,75,SVC,2022-01-03,1,1,0.0149999999999999
ITUB4,1.015,75,RNA,2022-01-04,1,0,0.0149999999999999
ITUB4,1.015,75,Random Forest,2022-01-04,1,0,0.0149999999999999
ITUB4,1.015,75,SVC,2022-01-04,1,1,0.0149999999999999
ITUB4,1.015,75,RNA,2022-01-05,1,1,0.0149999999999999
ITUB4,1.015,75,Random Forest,2022-01-05,1,1,0.0149999999999999
ITUB4,1.015,75,SVC,2022-01-05,1,1,0.0149999999999999
ITUB4,1.015,75,RNA,2022-01-06,1,1,0.0149999999999999
ITUB4,1.015,75,Random Forest,2022-01-06,1,1,0.0149999999999999
ITUB4,1.015,75,SVC,2022-01-06,1,1,0.0149999999999999
ITUB4,1.015,75,RNA,2022-01-07,1,1,0.0149999999999999
ITUB4,1.015,75,Random Forest,2022-01-07,1,1,0.0149999999999999
ITUB4,1.015,75,SVC,2022-01-07,1,1,0.0149999999999999
ITUB4,1.015,75,RNA,2022-01-10,1,0,0.0149999999999999
ITUB4,1.015,75,Random Forest,2022-01-10,1,0,0.0149999999999999
ITUB4,1.015,75,SVC,2022-01-10,1,1,0.0149999999999999
ITUB4,1.015,75,RNA,2022-01-11,1,0,0.0149999999999999
ITUB4,1.015,75,Random Forest,2022-01-11,1,1,0.0149999999999999
ITUB4,1.015,75,SVC,2022-01-11,1,1,0.0149999999999999
ITUB4,1.015,75,RNA,2022-01-12,1,1,0.0149999999999999
ITUB4,1.015,75,Random Forest,2022-01-12,1,1,0.0149999999999999
ITUB4,1.015,75,SVC,2022-01-12,1,1,0.0149999999999999
ITUB4,1.015,75,RNA,2022-01-13,1,1,0.0149999999999999
ITUB4,1.015,75,Random Forest,2022-01-13,1,1,0.0149999999999999
ITUB4,1.015,75,SVC,2022-01-13,1,1,0.0149999999999999
ITUB4,1.015,75,RNA,2022-01-14,1,1,0.0149999999999999
ITUB4,1.015,75,Random Forest,2022-01-14,1,1,0.0149999999999999
ITUB4,1.015,75,SVC,2022-01-14,1,1,0.0149999999999999
ITUB4,1.015,75,RNA,2022-01-17,1,1,0.0149999999999999
ITUB4,1.015,75,Random Forest,2022-01-17,1,1,0.0149999999999999
ITUB4,1.015,75,SVC,2022-01-17,1,1,0.0149999999999999
ITUB4,1.015,75,RNA,2022-01-18,0,0,-0.0230898283165588
ITUB4,1.015,75,Random Forest,2022-01-18,0,1,-0.0230898283165588
ITUB4,1.015,75,SVC,2022-01-18,0,1,-0.0230898283165588
ITUB4,1.015,75,RNA,2022-01-19,1,1,0.0149999999999999
ITUB4,1.015,75,Random Forest,2022-01-19,1,1,0.0149999999999999
ITUB4,1.015,75,SVC,2022-01-19,1,1,0.0149999999999999
ITUB4,1.015,75,RNA,2022-01-20,1,1,0.0149999999999999
ITUB4,1.015,75,Random Forest,2022-01-20,1,1,0.0149999999999999
ITUB4,1.015,75,SVC,2022-01-20,1,1,0.0149999999999999
ITUB4,1.015,75,RNA,2022-01-21,1,1,0.0149999999999999
ITUB4,1.015,75,Random Forest,2022-01-21,1,1,0.0149999999999999
ITUB4,1.015,75,SVC,2022-01-21,1,1,0.0149999999999999
ITUB4,1.015,75,RNA,2022-01-24,1,1,0.0149999999999999
ITUB4,1.015,75,Random Forest,2022-01-24,1,1,0.0149999999999999
ITUB4,1.015,75,SVC,2022-01-24,1,1,0.0149999999999999
ITUB4,1.015,75,RNA,2022-01-25,1,1,0.0149999999999999
ITUB4,1.015,75,Random Forest,2022-01-25,1,1,0.0149999999999999
ITUB4,1.015,75,SVC,2022-01-25,1,1,0.0149999999999999
ITUB4,1.015,75,RNA,2022-01-26,1,0,0.0149999999999999
ITUB4,1.015,75,Random Forest,2022-01-26,1,1,0.0149999999999999
ITUB4,1.015,75,SVC,2022-01-26,1,1,0.0149999999999999
ITUB4,1.015,75,RNA,2022-01-27,1,1,0.0149999999999999
ITUB4,1.015,75,Random Forest,2022-01-27,1,1,0.0149999999999999
ITUB4,1.015,75,SVC,2022-01-27,1,1,0.0149999999999999
ITUB4,1.015,75,RNA,2022-01-28,1,1,0.0149999999999999
ITUB4,1.015,75,Random Forest,2022-01-28,1,1,0.0149999999999999
ITUB4,1.015,75,SVC,2022-01-28,1,1,0.0149999999999999
ITUB4,1.015,75,RNA,2022-01-31,1,1,0.0149999999999999
ITUB4,1.015,75,Random Forest,2022-01-31,1,1,0.0149999999999999
ITUB4,1.015,75,SVC,2022-01-31,1,1,0.0149999999999999
ITUB4,1.015,75,RNA,2022-02-01,0,1,-0.0058892889288928
ITUB4,1.015,75,Random Forest,2022-02-01,0,1,-0.0058892889288928
ITUB4,1.015,75,SVC,2022-02-01,0,1,-0.0058892889288928
ITUB4,1.015,75,RNA,2022-02-02,1,1,0.0149999999999999
ITUB4,1.015,75,Random Forest,2022-02-02,1,1,0.0149999999999999
ITUB4,1.015,75,SVC,2022-02-02,1,1,0.0149999999999999
ITUB4,1.015,75,RNA,2022-02-03,1,1,0.0149999999999999
ITUB4,1.015,75,Random Forest,2022-02-03,1,1,0.0149999999999999
ITUB4,1.015,75,SVC,2022-02-03,1,1,0.0149999999999999
ITUB4,1.015,75,RNA,2022-02-04,0,1,-0.015717111492743
ITUB4,1.015,75,Random Forest,2022-02-04,0,1,-0.015717111492743
ITUB4,1.015,75,SVC,2022-02-04,0,1,-0.015717111492743
ITUB4,1.015,75,RNA,2022-02-07,1,1,0.0149999999999999
ITUB4,1.015,75,Random Forest,2022-02-07,1,1,0.0149999999999999
ITUB4,1.015,75,SVC,2022-02-07,1,1,0.0149999999999999
ITUB4,1.015,75,RNA,2022-02-08,1,1,0.0149999999999999
ITUB4,1.015,75,Random Forest,2022-02-08,1,1,0.0149999999999999
ITUB4,1.015,75,SVC,2022-02-08,1,1,0.0149999999999999
ITUB4,1.015,75,RNA,2022-02-09,1,1,0.0149999999999999
ITUB4,1.015,75,Random Forest,2022-02-09,1,1,0.0149999999999999
ITUB4,1.015,75,SVC,2022-02-09,1,1,0.0149999999999999
ITUB4,1.015,75,RNA,2022-02-10,1,0,0.0149999999999999
ITUB4,1.015,75,Random Forest,2022-02-10,1,1,0.0149999999999999
ITUB4,1.015,75,SVC,2022-02-10,1,1,0.0149999999999999
ITUB4,1.015,75,RNA,2022-02-11,0,1,-0.0199247764467103
ITUB4,1.015,75,Random Forest,2022-02-11,0,1,-0.0199247764467103
ITUB4,1.015,75,SVC,2022-02-11,0,1,-0.0199247764467103
ITUB4,1.015,75,RNA,2022-02-14,0,1,-0.0235074318756265
ITUB4,1.015,75,Random Forest,2022-02-14,0,1,-0.0235074318756265
ITUB4,1.015,75,SVC,2022-02-14,0,1,-0.0235074318756265
ITUB4,1.015,75,RNA,2022-02-15,0,1,-0.0466766308714334
ITUB4,1.015,75,Random Forest,2022-02-15,0,1,-0.0466766308714334
ITUB4,1.015,75,SVC,2022-02-15,0,1,-0.0466766308714334
ITUB4,1.015,75,RNA,2022-02-16,0,1,-0.0240991402402619
ITUB4,1.015,75,Random Forest,2022-02-16,0,0,-0.0240991402402619
ITUB4,1.015,75,SVC,2022-02-16,0,1,-0.0240991402402619
ITUB4,1.015,75,RNA,2022-02-17,0,1,-0.0311369219655965
ITUB4,1.015,75,Random Forest,2022-02-17,0,1,-0.0311369219655965
ITUB4,1.015,75,SVC,2022-02-17,0,1,-0.0311369219655965
ITUB4,1.015,75,RNA,2022-02-18,0,1,-0.0479084674639354
ITUB4,1.015,75,Random Forest,2022-02-18,0,1,-0.0479084674639354
ITUB4,1.015,75,SVC,2022-02-18,0,1,-0.0479084674639354
ITUB4,1.015,75,RNA,2022-02-21,1,1,0.0149999999999999
ITUB4,1.015,75,Random Forest,2022-02-21,1,1,0.0149999999999999
ITUB4,1.015,75,SVC,2022-02-21,1,1,0.0149999999999999
ITUB4,1.015,75,RNA,2022-02-22,0,1,-0.0280419803855617
ITUB4,1.015,75,Random Forest,2022-02-22,0,1,-0.0280419803855617
ITUB4,1.015,75,SVC,2022-02-22,0,1,-0.0280419803855617
ITUB4,1.015,75,RNA,2022-02-23,1,0,0.0149999999999999
ITUB4,1.015,75,Random Forest,2022-02-23,1,0,0.0149999999999999
ITUB4,1.015,75,SVC,2022-02-23,1,1,0.0149999999999999
ITUB4,1.015,75,RNA,2022-02-24,1,1,0.0149999999999999
ITUB4,1.015,75,Random Forest,2022-02-24,1,0,0.0149999999999999
ITUB4,1.015,75,SVC,2022-02-24,1,1,0.0149999999999999
ITUB4,1.015,75,RNA,2022-02-25,1,1,0.0149999999999999
ITUB4,1.015,75,Random Forest,2022-02-25,1,1,0.0149999999999999
ITUB4,1.015,75,SVC,2022-02-25,1,1,0.0149999999999999
ITUB4,1.015,75,RNA,2022-03-02,1,0,0.0149999999999999
ITUB4,1.015,75,Random Forest,2022-03-02,1,1,0.0149999999999999
ITUB4,1.015,75,SVC,2022-03-02,1,1,0.0149999999999999
ITUB4,1.015,75,RNA,2022-03-03,0,0,0.0011966216512069
ITUB4,1.015,75,Random Forest,2022-03-03,0,0,0.0011966216512069
ITUB4,1.015,75,SVC,2022-03-03,0,1,0.0011966216512069
ITUB4,1.015,75,RNA,2022-03-04,1,0,0.0149999999999999
ITUB4,1.015,75,Random Forest,2022-03-04,1,1,0.0149999999999999
ITUB4,1.015,75,SVC,2022-03-04,1,1,0.0149999999999999
ITUB4,1.015,75,RNA,2022-03-07,1,1,0.0149999999999999
ITUB4,1.015,75,Random Forest,2022-03-07,1,1,0.0149999999999999
ITUB4,1.015,75,SVC,2022-03-07,1,1,0.0149999999999999
ITUB4,1.015,75,RNA,2022-03-08,1,0,0.0149999999999999
ITUB4,1.015,75,Random Forest,2022-03-08,1,1,0.0149999999999999
ITUB4,1.015,75,SVC,2022-03-08,1,1,0.0149999999999999
ITUB4,1.015,75,RNA,2022-03-09,1,0,0.0149999999999999
ITUB4,1.015,75,Random Forest,2022-03-09,1,1,0.0149999999999999
ITUB4,1.015,75,SVC,2022-03-09,1,1,0.0149999999999999
ITUB4,1.015,75,RNA,2022-03-10,1,1,0.0149999999999999
ITUB4,1.015,75,Random Forest,2022-03-10,1,1,0.0149999999999999
ITUB4,1.015,75,SVC,2022-03-10,1,1,0.0149999999999999
ITUB4,1.015,75,RNA,2022-03-11,1,0,0.0149999999999999
ITUB4,1.015,75,Random Forest,2022-03-11,1,1,0.0149999999999999
ITUB4,1.015,75,SVC,2022-03-11,1,1,0.0149999999999999
ITUB4,1.015,75,RNA,2022-03-14,1,1,0.0149999999999999
ITUB4,1.015,75,Random Forest,2022-03-14,1,1,0.0149999999999999
ITUB4,1.015,75,SVC,2022-03-14,1,1,0.0149999999999999
ITUB4,1.015,75,RNA,2022-03-15,1,1,0.0149999999999999
ITUB4,1.015,75,Random Forest,2022-03-15,1,1,0.0149999999999999
ITUB4,1.015,75,SVC,2022-03-15,1,1,0.0149999999999999
ITUB4,1.015,75,RNA,2022-03-16,1,1,0.0149999999999999
ITUB4,1.015,75,Random Forest,2022-03-16,1,1,0.0149999999999999
ITUB4,1.015,75,SVC,2022-03-16,1,1,0.0149999999999999
ITUB4,1.015,75,RNA,2022-03-17,1,1,0.0149999999999999
ITUB4,1.015,75,Random Forest,2022-03-17,1,1,0.0149999999999999
ITUB4,1.015,75,SVC,2022-03-17,1,1,0.0149999999999999
ITUB4,1.015,75,RNA,2022-03-18,1,1,0.0149999999999999
ITUB4,1.015,75,Random Forest,2022-03-18,1,1,0.0149999999999999
ITUB4,1.015,75,SVC,2022-03-18,1,1,0.0149999999999999
ITUB4,1.015,75,RNA,2022-03-21,1,1,0.0149999999999999
ITUB4,1.015,75,Random Forest,2022-03-21,1,0,0.0149999999999999
ITUB4,1.015,75,SVC,2022-03-21,1,1,0.0149999999999999
ITUB4,1.015,75,RNA,2022-03-22,0,1,0.0021905789418816
ITUB4,1.015,75,Random Forest,2022-03-22,0,0,0.0021905789418816
ITUB4,1.015,75,SVC,2022-03-22,0,1,0.0021905789418816
ITUB4,1.015,75,RNA,2022-03-23,1,1,0.0149999999999999
ITUB4,1.015,75,Random Forest,2022-03-23,1,0,0.0149999999999999
ITUB4,1.015,75,SVC,2022-03-23,1,1,0.0149999999999999
ITUB4,1.015,75,RNA,2022-03-24,1,0,0.0149999999999999
ITUB4,1.015,75,Random Forest,2022-03-24,1,0,0.0149999999999999
ITUB4,1.015,75,SVC,2022-03-24,1,1,0.0149999999999999
ITUB4,1.015,75,RNA,2022-03-25,1,1,0.0149999999999999
ITUB4,1.015,75,Random Forest,2022-03-25,1,0,0.0149999999999999
ITUB4,1.015,75,SVC,2022-03-25,1,1,0.0149999999999999
ITUB4,1.015,75,RNA,2022-03-28,0,1,-0.0054964919587053
ITUB4,1.015,75,Random Forest,2022-03-28,0,1,-0.0054964919587053
ITUB4,1.015,75,SVC,2022-03-28,0,1,-0.0054964919587053
ITUB4,1.015,75,RNA,2022-03-29,0,1,-0.0191260467010287
ITUB4,1.015,75,Random Forest,2022-03-29,0,1,-0.0191260467010287
ITUB4,1.015,75,SVC,2022-03-29,0,1,-0.0191260467010287
ITUB4,1.015,75,RNA,2022-03-30,0,1,-0.0402733956983835
ITUB4,1.015,75,Random Forest,2022-03-30,0,1,-0.0402733956983835
ITUB4,1.015,75,SVC,2022-03-30,0,1,-0.0402733956983835
ITUB4,1.015,75,RNA,2022-03-31,0,1,-0.035018065908836
ITUB4,1.015,75,Random Forest,2022-03-31,0,0,-0.035018065908836
ITUB4,1.015,75,SVC,2022-03-31,0,1,-0.035018065908836
ITUB4,1.015,75,RNA,2022-04-01,0,1,-0.0269581373545115
ITUB4,1.015,75,Random Forest,2022-04-01,0,0,-0.0269581373545115
ITUB4,1.015,75,SVC,2022-04-01,0,1,-0.0269581373545115
ITUB4,1.015,75,RNA,2022-04-04,0,0,-0.020932810595951
ITUB4,1.015,75,Random Forest,2022-04-04,0,0,-0.020932810595951
ITUB4,1.015,75,SVC,2022-04-04,0,0,-0.020932810595951
ITUB4,1.015,75,RNA,2022-04-05,0,0,-0.0003763504021335
ITUB4,1.015,75,Random Forest,2022-04-05,0,0,-0.0003763504021335
ITUB4,1.015,75,SVC,2022-04-05,0,1,-0.0003763504021335
ITUB4,1.015,75,RNA,2022-04-06,0,1,-0.0158431009522819
ITUB4,1.015,75,Random Forest,2022-04-06,0,0,-0.0158431009522819
ITUB4,1.015,75,SVC,2022-04-06,0,1,-0.0158431009522819
ITUB4,1.015,75,RNA,2022-04-07,0,0,-0.0150602412691489
ITUB4,1.015,75,Random Forest,2022-04-07,0,0,-0.0150602412691489
ITUB4,1.015,75,SVC,2022-04-07,0,1,-0.0150602412691489
ITUB4,1.015,75,RNA,2022-04-08,0,0,-0.0101503546906058
ITUB4,1.015,75,Random Forest,2022-04-08,0,0,-0.0101503546906058
ITUB4,1.015,75,SVC,2022-04-08,0,1,-0.0101503546906058
ITUB4,1.015,75,RNA,2022-04-11,0,0,-0.0119403085524354
ITUB4,1.015,75,Random Forest,2022-04-11,0,0,-0.0119403085524354
ITUB4,1.015,75,SVC,2022-04-11,0,1,-0.0119403085524354
ITUB4,1.015,75,RNA,2022-04-12,0,1,-0.0102739512031623
ITUB4,1.015,75,Random Forest,2022-04-12,0,0,-0.0102739512031623
ITUB4,1.015,75,SVC,2022-04-12,0,1,-0.0102739512031623
ITUB4,1.015,75,RNA,2022-04-13,1,0,0.0149999999999999
ITUB4,1.015,75,Random Forest,2022-04-13,1,0,0.0149999999999999
ITUB4,1.015,75,SVC,2022-04-13,1,1,0.0149999999999999
ITUB4,1.015,75,RNA,2022-04-14,0,1,-0.0217225270188895
ITUB4,1.015,75,Random Forest,2022-04-14,0,0,-0.0217225270188895
ITUB4,1.015,75,SVC,2022-04-14,0,1,-0.0217225270188895
ITUB4,1.015,75,RNA,2022-04-18,0,0,-0.0358220153171914
ITUB4,1.015,75,Random Forest,2022-04-18,0,0,-0.0358220153171914
ITUB4,1.015,75,SVC,2022-04-18,0,1,-0.0358220153171914
ITUB4,1.015,75,RNA,2022-04-19,0,1,-0.0507301934568943
ITUB4,1.015,75,Random Forest,2022-04-19,0,0,-0.0507301934568943
ITUB4,1.015,75,SVC,2022-04-19,0,1,-0.0507301934568943
ITUB4,1.015,75,RNA,2022-04-20,0,0,-0.0540540287712879
ITUB4,1.015,75,Random Forest,2022-04-20,0,0,-0.0540540287712879
ITUB4,1.015,75,SVC,2022-04-20,0,1,-0.0540540287712879
ITUB4,1.015,75,RNA,2022-04-22,0,0,-0.0470588241504158
ITUB4,1.015,75,Random Forest,2022-04-22,0,0,-0.0470588241504158
ITUB4,1.015,75,SVC,2022-04-22,0,1,-0.0470588241504158
ITUB4,1.015,75,RNA,2022-04-25,0,0,-0.0550277017137272
ITUB4,1.015,75,Random Forest,2022-04-25,0,0,-0.0550277017137272
ITUB4,1.015,75,SVC,2022-04-25,0,1,-0.0550277017137272
ITUB4,1.015,75,RNA,2022-04-26,0,0,-0.0489169900846493
ITUB4,1.015,75,Random Forest,2022-04-26,0,0,-0.0489169900846493
ITUB4,1.015,75,SVC,2022-04-26,0,1,-0.0489169900846493
ITUB4,1.015,75,RNA,2022-04-27,1,1,0.0149999999999999
ITUB4,1.015,75,Random Forest,2022-04-27,1,1,0.0149999999999999
ITUB4,1.015,75,SVC,2022-04-27,1,1,0.0149999999999999
ITUB4,1.015,75,RNA,2022-04-28,1,0,0.0149999999999999
ITUB4,1.015,75,Random Forest,2022-04-28,1,1,0.0149999999999999
ITUB4,1.015,75,SVC,2022-04-28,1,1,0.0149999999999999
ITUB4,1.015,75,RNA,2022-04-29,0,1,-0.0242982478976204
ITUB4,1.015,75,Random Forest,2022-04-29,0,1,-0.0242982478976204
ITUB4,1.015,75,SVC,2022-04-29,0,1,-0.0242982478976204
ITUB4,1.015,75,RNA,2022-05-02,1,1,0.0149999999999999
ITUB4,1.015,75,Random Forest,2022-05-02,1,1,0.0149999999999999
ITUB4,1.015,75,SVC,2022-05-02,1,1,0.0149999999999999
ITUB4,1.015,75,RNA,2022-05-03,1,1,0.0149999999999999
ITUB4,1.015,75,Random Forest,2022-05-03,1,1,0.0149999999999999
ITUB4,1.015,75,SVC,2022-05-03,1,1,0.0149999999999999
ITUB4,1.015,75,RNA,2022-05-04,1,1,0.0149999999999999
ITUB4,1.015,75,Random Forest,2022-05-04,1,1,0.0149999999999999
ITUB4,1.015,75,SVC,2022-05-04,1,1,0.0149999999999999
ITUB4,1.015,75,RNA,2022-05-05,1,1,0.0149999999999999
ITUB4,1.015,75,Random Forest,2022-05-05,1,1,0.0149999999999999
ITUB4,1.015,75,SVC,2022-05-05,1,1,0.0149999999999999
ITUB4,1.015,75,RNA,2022-05-06,1,1,0.0149999999999999
ITUB4,1.015,75,Random Forest,2022-05-06,1,1,0.0149999999999999
ITUB4,1.015,75,SVC,2022-05-06,1,1,0.0149999999999999
ITUB4,1.015,75,RNA,2022-05-09,1,1,0.0149999999999999
ITUB4,1.015,75,Random Forest,2022-05-09,1,1,0.0149999999999999
ITUB4,1.015,75,SVC,2022-05-09,1,1,0.0149999999999999
ITUB4,1.015,75,RNA,2022-05-10,1,1,0.0149999999999999
ITUB4,1.015,75,Random Forest,2022-05-10,1,1,0.0149999999999999
ITUB4,1.015,75,SVC,2022-05-10,1,1,0.0149999999999999
ITUB4,1.015,75,RNA,2022-05-11,1,1,0.0149999999999999
ITUB4,1.015,75,Random Forest,2022-05-11,1,1,0.0149999999999999
ITUB4,1.015,75,SVC,2022-05-11,1,1,0.0149999999999999
ITUB4,1.015,75,RNA,2022-05-12,1,1,0.0149999999999999
ITUB4,1.015,75,Random Forest,2022-05-12,1,1,0.0149999999999999
ITUB4,1.015,75,SVC,2022-05-12,1,1,0.0149999999999999
ITUB4,1.015,75,RNA,2022-05-13,1,1,0.0149999999999999
ITUB4,1.015,75,Random Forest,2022-05-13,1,1,0.0149999999999999
ITUB4,1.015,75,SVC,2022-05-13,1,1,0.0149999999999999
ITUB4,1.015,75,RNA,2022-05-16,0,1,-0.009069416839149
ITUB4,1.015,75,Random Forest,2022-05-16,0,1,-0.009069416839149
ITUB4,1.015,75,SVC,2022-05-16,0,1,-0.009069416839149
ITUB4,1.015,75,RNA,2022-05-17,1,1,0.0149999999999999
ITUB4,1.015,75,Random Forest,2022-05-17,1,1,0.0149999999999999
ITUB4,1.015,75,SVC,2022-05-17,1,1,0.0149999999999999
ITUB4,1.015,75,RNA,2022-05-18,1,1,0.0149999999999999
ITUB4,1.015,75,Random Forest,2022-05-18,1,1,0.0149999999999999
ITUB4,1.015,75,SVC,2022-05-18,1,1,0.0149999999999999
ITUB4,1.015,75,RNA,2022-05-19,1,1,0.0149999999999999
ITUB4,1.015,75,Random Forest,2022-05-19,1,1,0.0149999999999999
ITUB4,1.015,75,SVC,2022-05-19,1,1,0.0149999999999999
ITUB4,1.015,75,RNA,2022-05-20,1,1,0.0149999999999999
ITUB4,1.015,75,Random Forest,2022-05-20,1,1,0.0149999999999999
ITUB4,1.015,75,SVC,2022-05-20,1,1,0.0149999999999999
ITUB4,1.015,75,RNA,2022-05-23,1,1,0.0149999999999999
ITUB4,1.015,75,Random Forest,2022-05-23,1,1,0.0149999999999999
ITUB4,1.015,75,SVC,2022-05-23,1,1,0.0149999999999999
ITUB4,1.015,75,RNA,2022-05-24,0,1,-0.0049904030313762
ITUB4,1.015,75,Random Forest,2022-05-24,0,1,-0.0049904030313762
ITUB4,1.015,75,SVC,2022-05-24,0,1,-0.0049904030313762
ITUB4,1.015,75,RNA,2022-05-25,1,1,0.0149999999999999
ITUB4,1.015,75,Random Forest,2022-05-25,1,1,0.0149999999999999
ITUB4,1.015,75,SVC,2022-05-25,1,1,0.0149999999999999
ITUB4,1.015,75,RNA,2022-05-26,0,1,-0.0100762791903735
ITUB4,1.015,75,Random Forest,2022-05-26,0,1,-0.0100762791903735
ITUB4,1.015,75,SVC,2022-05-26,0,1,-0.0100762791903735
ITUB4,1.015,75,RNA,2022-05-27,0,0,-0.0137995024253322
ITUB4,1.015,75,Random Forest,2022-05-27,0,1,-0.0137995024253322
ITUB4,1.015,75,SVC,2022-05-27,0,1,-0.0137995024253322
ITUB4,1.015,75,RNA,2022-05-30,0,1,-0.0203310780095277
ITUB4,1.015,75,Random Forest,2022-05-30,0,0,-0.0203310780095277
ITUB4,1.015,75,SVC,2022-05-30,0,1,-0.0203310780095277
ITUB4,1.015,75,RNA,2022-05-31,0,1,-0.0277672243527614
ITUB4,1.015,75,Random Forest,2022-05-31,0,0,-0.0277672243527614
ITUB4,1.015,75,SVC,2022-05-31,0,1,-0.0277672243527614
ITUB4,1.015,75,RNA,2022-06-01,0,0,-0.0176786889121048
ITUB4,1.015,75,Random Forest,2022-06-01,0,0,-0.0176786889121048
ITUB4,1.015,75,SVC,2022-06-01,0,0,-0.0176786889121048
ITUB4,1.015,75,RNA,2022-06-02,0,1,-0.026407777815245
ITUB4,1.015,75,Random Forest,2022-06-02,0,0,-0.026407777815245
ITUB4,1.015,75,SVC,2022-06-02,0,1,-0.026407777815245
ITUB4,1.015,75,RNA,2022-06-03,0,0,-0.0468085250204608
ITUB4,1.015,75,Random Forest,2022-06-03,0,0,-0.0468085250204608
ITUB4,1.015,75,SVC,2022-06-03,0,1,-0.0468085250204608
ITUB4,1.015,75,RNA,2022-06-06,0,0,-0.0537888035915916
ITUB4,1.015,75,Random Forest,2022-06-06,0,0,-0.0537888035915916
ITUB4,1.015,75,SVC,2022-06-06,0,1,-0.0537888035915916
ITUB4,1.015,75,RNA,2022-06-07,0,1,-0.0644400406712316
ITUB4,1.015,75,Random Forest,2022-06-07,0,0,-0.0644400406712316
ITUB4,1.015,75,SVC,2022-06-07,0,1,-0.0644400406712316
ITUB4,1.015,75,RNA,2022-06-08,0,0,-0.0562649363477463
ITUB4,1.015,75,Random Forest,2022-06-08,0,0,-0.0562649363477463
ITUB4,1.015,75,SVC,2022-06-08,0,0,-0.0562649363477463
ITUB4,1.015,75,RNA,2022-06-09,0,1,-0.032192312455432
ITUB4,1.015,75,Random Forest,2022-06-09,0,1,-0.032192312455432
ITUB4,1.015,75,SVC,2022-06-09,0,1,-0.032192312455432
ITUB4,1.015,75,RNA,2022-06-10,0,1,-0.0229166936191477
ITUB4,1.015,75,Random Forest,2022-06-10,0,1,-0.0229166936191477
ITUB4,1.015,75,SVC,2022-06-10,0,1,-0.0229166936191477
ITUB4,1.015,75,RNA,2022-06-13,1,1,0.0149999999999999
ITUB4,1.015,75,Random Forest,2022-06-13,1,1,0.0149999999999999
ITUB4,1.015,75,SVC,2022-06-13,1,1,0.0149999999999999
ITUB4,1.015,75,RNA,2022-06-14,1,1,0.0149999999999999
ITUB4,1.015,75,Random Forest,2022-06-14,1,0,0.0149999999999999
ITUB4,1.015,75,SVC,2022-06-14,1,1,0.0149999999999999
ITUB4,1.015,75,RNA,2022-06-15,1,1,0.0149999999999999
ITUB4,1.015,75,Random Forest,2022-06-15,1,1,0.0149999999999999
ITUB4,1.015,75,SVC,2022-06-15,1,1,0.0149999999999999
ITUB4,1.015,75,RNA,2022-06-17,1,1,0.0149999999999999
ITUB4,1.015,75,Random Forest,2022-06-17,1,1,0.0149999999999999
ITUB4,1.015,75,SVC,2022-06-17,1,1,0.0149999999999999
ITUB4,1.015,75,RNA,2022-06-20,0,1,-0.0456026274335767
ITUB4,1.015,75,Random Forest,2022-06-20,0,1,-0.0456026274335767
ITUB4,1.015,75,SVC,2022-06-20,0,1,-0.0456026274335767
ITUB4,1.015,75,RNA,2022-06-21,0,1,-0.0284301836254713
ITUB4,1.015,75,Random Forest,2022-06-21,0,1,-0.0284301836254713
ITUB4,1.015,75,SVC,2022-06-21,0,1,-0.0284301836254713
ITUB4,1.015,75,RNA,2022-06-22,0,1,-0.0307564126464507
ITUB4,1.015,75,Random Forest,2022-06-22,0,1,-0.0307564126464507
ITUB4,1.015,75,SVC,2022-06-22,0,1,-0.0307564126464507
ITUB4,1.015,75,RNA,2022-06-23,0,1,-0.0257492468736639
ITUB4,1.015,75,Random Forest,2022-06-23,0,1,-0.0257492468736639
ITUB4,1.015,75,SVC,2022-06-23,0,1,-0.0257492468736639
ITUB4,1.015,75,RNA,2022-06-24,0,1,-0.0365490852532083
ITUB4,1.015,75,Random Forest,2022-06-24,0,1,-0.0365490852532083
ITUB4,1.015,75,SVC,2022-06-24,0,1,-0.0365490852532083
ITUB4,1.015,75,RNA,2022-06-27,0,1,-0.0363331442232922
ITUB4,1.015,75,Random Forest,2022-06-27,0,0,-0.0363331442232922
ITUB4,1.015,75,SVC,2022-06-27,0,1,-0.0363331442232922
ITUB4,1.015,75,RNA,2022-06-28,0,0,-0.0350386772035582
ITUB4,1.015,75,Random Forest,2022-06-28,0,0,-0.0350386772035582
ITUB4,1.015,75,SVC,2022-06-28,0,1,-0.0350386772035582
ITUB4,1.015,75,RNA,2022-06-29,0,1,-0.0005360591833839
ITUB4,1.015,75,Random Forest,2022-06-29,0,0,-0.0005360591833839
ITUB4,1.015,75,SVC,2022-06-29,0,1,-0.0005360591833839
ITUB4,1.015,75,RNA,2022-06-30,1,0,0.0149999999999999
ITUB4,1.015,75,Random Forest,2022-06-30,1,0,0.0149999999999999
ITUB4,1.015,75,SVC,2022-06-30,1,0,0.0149999999999999
ITUB4,1.015,75,RNA,2022-07-01,1,0,0.0149999999999999
ITUB4,1.015,75,Random Forest,2022-07-01,1,0,0.0149999999999999
ITUB4,1.015,75,SVC,2022-07-01,1,0,0.0149999999999999
ITUB4,1.015,75,RNA,2022-07-04,1,1,0.0149999999999999
ITUB4,1.015,75,Random Forest,2022-07-04,1,0,0.0149999999999999
ITUB4,1.015,75,SVC,2022-07-04,1,0,0.0149999999999999
ITUB4,1.015,75,RNA,2022-07-05,1,1,0.0149999999999999
ITUB4,1.015,75,Random Forest,2022-07-05,1,1,0.0149999999999999
ITUB4,1.015,75,SVC,2022-07-05,1,0,0.0149999999999999
ITUB4,1.015,75,RNA,2022-07-06,1,1,0.0149999999999999
ITUB4,1.015,75,Random Forest,2022-07-06,1,0,0.0149999999999999
ITUB4,1.015,75,SVC,2022-07-06,1,0,0.0149999999999999
ITUB4,1.015,75,RNA,2022-07-07,0,1,-0.0357296566372041
ITUB4,1.015,75,Random Forest,2022-07-07,0,1,-0.0357296566372041
ITUB4,1.015,75,SVC,2022-07-07,0,1,-0.0357296566372041
ITUB4,1.015,75,RNA,2022-07-08,0,1,-0.0194777031141839
ITUB4,1.015,75,Random Forest,2022-07-08,0,0,-0.0194777031141839
ITUB4,1.015,75,SVC,2022-07-08,0,1,-0.0194777031141839
ITUB4,1.015,75,RNA,2022-07-11,0,0,0.0008876944070723
ITUB4,1.015,75,Random Forest,2022-07-11,0,0,0.0008876944070723
ITUB4,1.015,75,SVC,2022-07-11,0,1,0.0008876944070723
ITUB4,1.015,75,RNA,2022-07-12,1,1,0.0149999999999999
ITUB4,1.015,75,Random Forest,2022-07-12,1,0,0.0149999999999999
ITUB4,1.015,75,SVC,2022-07-12,1,0,0.0149999999999999
ITUB4,1.015,75,RNA,2022-07-13,1,1,0.0149999999999999
ITUB4,1.015,75,Random Forest,2022-07-13,1,0,0.0149999999999999
ITUB4,1.015,75,SVC,2022-07-13,1,1,0.0149999999999999
ITUB4,1.015,75,RNA,2022-07-14,1,1,0.0149999999999999
ITUB4,1.015,75,Random Forest,2022-07-14,1,1,0.0149999999999999
ITUB4,1.015,75,SVC,2022-07-14,1,0,0.0149999999999999
ITUB4,1.015,75,RNA,2022-07-15,1,1,0.0149999999999999
ITUB4,1.015,75,Random Forest,2022-07-15,1,1,0.0149999999999999
ITUB4,1.015,75,SVC,2022-07-15,1,1,0.0149999999999999
ITUB4,1.015,75,RNA,2022-07-18,1,0,0.0149999999999999
ITUB4,1.015,75,Random Forest,2022-07-18,1,1,0.0149999999999999
ITUB4,1.015,75,SVC,2022-07-18,1,1,0.0149999999999999
ITUB4,1.015,75,RNA,2022-07-19,0,1,0.004255324256154
ITUB4,1.015,75,Random Forest,2022-07-19,0,1,0.004255324256154
ITUB4,1.015,75,SVC,2022-07-19,0,1,0.004255324256154
ITUB4,1.015,75,RNA,2022-07-20,1,0,0.0149999999999999
ITUB4,1.015,75,Random Forest,2022-07-20,1,1,0.0149999999999999
ITUB4,1.015,75,SVC,2022-07-20,1,1,0.0149999999999999
ITUB4,1.015,75,RNA,2022-07-21,0,0,-0.0021186465998106
ITUB4,1.015,75,Random Forest,2022-07-21,0,1,-0.0021186465998106
ITUB4,1.015,75,SVC,2022-07-21,0,1,-0.0021186465998106
ITUB4,1.015,75,RNA,2022-07-22,1,1,0.0149999999999999
ITUB4,1.015,75,Random Forest,2022-07-22,1,1,0.0149999999999999
ITUB4,1.015,75,SVC,2022-07-22,1,1,0.0149999999999999
ITUB4,1.015,75,RNA,2022-07-25,0,1,-0.0004232140944956
ITUB4,1.015,75,Random Forest,2022-07-25,0,1,-0.0004232140944956
ITUB4,1.015,75,SVC,2022-07-25,0,1,-0.0004232140944956
ITUB4,1.015,75,RNA,2022-07-26,1,0,0.0149999999999999
ITUB4,1.015,75,Random Forest,2022-07-26,1,0,0.0149999999999999
ITUB4,1.015,75,SVC,2022-07-26,1,1,0.0149999999999999
ITUB4,1.015,75,RNA,2022-07-27,1,0,0.0149999999999999
ITUB4,1.015,75,Random Forest,2022-07-27,1,1,0.0149999999999999
ITUB4,1.015,75,SVC,2022-07-27,1,1,0.0149999999999999
ITUB4,1.015,75,RNA,2022-07-28,0,1,0.0070707841604975
ITUB4,1.015,75,Random Forest,2022-07-28,0,0,0.0070707841604975
ITUB4,1.015,75,SVC,2022-07-28,0,1,0.0070707841604975
ITUB4,1.015,75,RNA,2022-07-29,1,1,0.0149999999999999
ITUB4,1.015,75,Random Forest,2022-07-29,1,1,0.0149999999999999
ITUB4,1.015,75,SVC,2022-07-29,1,1,0.0149999999999999
ITUB4,1.015,75,RNA,2022-08-01,1,0,0.0149999999999999
ITUB4,1.015,75,Random Forest,2022-08-01,1,1,0.0149999999999999
ITUB4,1.015,75,SVC,2022-08-01,1,1,0.0149999999999999
ITUB4,1.015,75,RNA,2022-08-02,1,1,0.0149999999999999
ITUB4,1.015,75,Random Forest,2022-08-02,1,1,0.0149999999999999
ITUB4,1.015,75,SVC,2022-08-02,1,1,0.0149999999999999
ITUB4,1.015,75,RNA,2022-08-03,1,1,0.0149999999999999
ITUB4,1.015,75,Random Forest,2022-08-03,1,0,0.0149999999999999
ITUB4,1.015,75,SVC,2022-08-03,1,1,0.0149999999999999
ITUB4,1.015,75,RNA,2022-08-04,1,1,0.0149999999999999
ITUB4,1.015,75,Random Forest,2022-08-04,1,1,0.0149999999999999
ITUB4,1.015,75,SVC,2022-08-04,1,1,0.0149999999999999
ITUB4,1.015,75,RNA,2022-08-05,1,1,0.0149999999999999
ITUB4,1.015,75,Random Forest,2022-08-05,1,1,0.0149999999999999
ITUB4,1.015,75,SVC,2022-08-05,1,1,0.0149999999999999
ITUB4,1.015,75,RNA,2022-08-08,1,0,0.0149999999999999
ITUB4,1.015,75,Random Forest,2022-08-08,1,1,0.0149999999999999
ITUB4,1.015,75,SVC,2022-08-08,1,1,0.0149999999999999
ITUB4,1.015,75,RNA,2022-08-09,1,0,0.0149999999999999
ITUB4,1.015,75,Random Forest,2022-08-09,1,1,0.0149999999999999
ITUB4,1.015,75,SVC,2022-08-09,1,0,0.0149999999999999
ITUB4,1.015,75,RNA,2022-08-10,1,0,0.0149999999999999
ITUB4,1.015,75,Random Forest,2022-08-10,1,0,0.0149999999999999
ITUB4,1.015,75,SVC,2022-08-10,1,0,0.0149999999999999
ITUB4,1.015,75,RNA,2022-08-11,1,1,0.0149999999999999
ITUB4,1.015,75,Random Forest,2022-08-11,1,0,0.0149999999999999
ITUB4,1.015,75,SVC,2022-08-11,1,1,0.0149999999999999
ITUB4,1.015,75,RNA,2022-08-12,1,0,0.0149999999999999
ITUB4,1.015,75,Random Forest,2022-08-12,1,1,0.0149999999999999
ITUB4,1.015,75,SVC,2022-08-12,1,1,0.0149999999999999
ITUB4,1.015,75,RNA,2022-08-15,1,1,0.0149999999999999
ITUB4,1.015,75,Random Forest,2022-08-15,1,1,0.0149999999999999
ITUB4,1.015,75,SVC,2022-08-15,1,0,0.0149999999999999
ITUB4,1.015,75,RNA,2022-08-16,1,0,0.0149999999999999
ITUB4,1.015,75,Random Forest,2022-08-16,1,1,0.0149999999999999
ITUB4,1.015,75,SVC,2022-08-16,1,1,0.0149999999999999
ITUB4,1.015,75,RNA,2022-08-17,0,0,-0.0244632343440613
ITUB4,1.015,75,Random Forest,2022-08-17,0,1,-0.0244632343440613
ITUB4,1.015,75,SVC,2022-08-17,0,1,-0.0244632343440613
ITUB4,1.015,75,RNA,2022-08-18,0,1,-0.010447767475726
ITUB4,1.015,75,Random Forest,2022-08-18,0,1,-0.010447767475726
ITUB4,1.015,75,SVC,2022-08-18,0,1,-0.010447767475726
ITUB4,1.015,75,RNA,2022-08-19,1,1,0.0149999999999999
ITUB4,1.015,75,Random Forest,2022-08-19,1,1,0.0149999999999999
ITUB4,1.015,75,SVC,2022-08-19,1,1,0.0149999999999999
ITUB4,1.015,75,RNA,2022-08-22,1,1,0.0149999999999999
ITUB4,1.015,75,Random Forest,2022-08-22,1,1,0.0149999999999999
ITUB4,1.015,75,SVC,2022-08-22,1,1,0.0149999999999999
ITUB4,1.015,75,RNA,2022-08-23,1,0,0.0149999999999999
ITUB4,1.015,75,Random Forest,2022-08-23,1,1,0.0149999999999999
ITUB4,1.015,75,SVC,2022-08-23,1,1,0.0149999999999999
ITUB4,1.015,75,RNA,2022-08-24,1,0,0.0149999999999999
ITUB4,1.015,75,Random Forest,2022-08-24,1,1,0.0149999999999999
ITUB4,1.015,75,SVC,2022-08-24,1,1,0.0149999999999999
ITUB4,1.015,75,RNA,2022-08-25,0,1,-0.040520448370624
ITUB4,1.015,75,Random Forest,2022-08-25,0,1,-0.040520448370624
ITUB4,1.015,75,SVC,2022-08-25,0,1,-0.040520448370624
ITUB4,1.015,75,RNA,2022-08-26,0,0,-0.0125122042816372
ITUB4,1.015,75,Random Forest,2022-08-26,0,1,-0.0125122042816372
ITUB4,1.015,75,SVC,2022-08-26,0,1,-0.0125122042816372
ITUB4,1.015,75,RNA,2022-08-29,0,0,-0.0053098970989149
ITUB4,1.015,75,Random Forest,2022-08-29,0,1,-0.0053098970989149
ITUB4,1.015,75,SVC,2022-08-29,0,1,-0.0053098970989149
ITUB4,1.015,75,RNA,2022-08-30,1,0,0.0149999999999999
ITUB4,1.015,75,Random Forest,2022-08-30,1,0,0.0149999999999999
ITUB4,1.015,75,SVC,2022-08-30,1,1,0.0149999999999999
ITUB4,1.015,75,RNA,2022-08-31,1,1,0.0149999999999999
ITUB4,1.015,75,Random Forest,2022-08-31,1,0,0.0149999999999999
ITUB4,1.015,75,SVC,2022-08-31,1,1,0.0149999999999999
ITUB4,1.015,75,RNA,2022-09-01,1,0,0.0149999999999999
ITUB4,1.015,75,Random Forest,2022-09-01,1,0,0.0149999999999999
ITUB4,1.015,75,SVC,2022-09-01,1,1,0.0149999999999999
ITUB4,1.015,75,RNA,2022-09-02,1,1,0.0149999999999999
ITUB4,1.015,75,Random Forest,2022-09-02,1,1,0.0149999999999999
ITUB4,1.015,75,SVC,2022-09-02,1,1,0.0149999999999999
ITUB4,1.015,75,RNA,2022-09-05,1,1,0.0149999999999999
ITUB4,1.015,75,Random Forest,2022-09-05,1,1,0.0149999999999999
ITUB4,1.015,75,SVC,2022-09-05,1,1,0.0149999999999999
ITUB4,1.015,75,RNA,2022-09-06,1,1,0.0149999999999999
ITUB4,1.015,75,Random Forest,2022-09-06,1,1,0.0149999999999999
ITUB4,1.015,75,SVC,2022-09-06,1,1,0.0149999999999999
ITUB4,1.015,75,RNA,2022-09-08,1,0,0.0149999999999999
ITUB4,1.015,75,Random Forest,2022-09-08,1,1,0.0149999999999999
ITUB4,1.015,75,SVC,2022-09-08,1,1,0.0149999999999999
ITUB4,1.015,75,RNA,2022-09-09,0,1,-0.0085185063855031
ITUB4,1.015,75,Random Forest,2022-09-09,0,1,-0.0085185063855031
ITUB4,1.015,75,SVC,2022-09-09,0,1,-0.0085185063855031
ITUB4,1.015,75,RNA,2022-09-12,0,1,-0.0074404655456176
ITUB4,1.015,75,Random Forest,2022-09-12,0,1,-0.0074404655456176
ITUB4,1.015,75,SVC,2022-09-12,0,1,-0.0074404655456176
ITUB4,1.015,75,RNA,2022-09-13,1,0,0.0149999999999999
ITUB4,1.015,75,Random Forest,2022-09-13,1,1,0.0149999999999999
ITUB4,1.015,75,SVC,2022-09-13,1,1,0.0149999999999999
ITUB4,1.015,75,RNA,2022-09-14,1,1,0.0149999999999999
ITUB4,1.015,75,Random Forest,2022-09-14,1,1,0.0149999999999999
ITUB4,1.015,75,SVC,2022-09-14,1,1,0.0149999999999999
ITUB4,1.015,75,RNA,2022-09-15,1,1,0.0149999999999999
ITUB4,1.015,75,Random Forest,2022-09-15,1,1,0.0149999999999999
ITUB4,1.015,75,SVC,2022-09-15,1,1,0.0149999999999999
ITUB4,1.015,75,RNA,2022-09-16,1,1,0.0149999999999999
ITUB4,1.015,75,Random Forest,2022-09-16,1,1,0.0149999999999999
ITUB4,1.015,75,SVC,2022-09-16,1,1,0.0149999999999999
ITUB4,1.015,75,RNA,2022-09-19,1,1,0.0149999999999999
ITUB4,1.015,75,Random Forest,2022-09-19,1,1,0.0149999999999999
ITUB4,1.015,75,SVC,2022-09-19,1,1,0.0149999999999999
ITUB4,1.015,75,RNA,2022-09-20,0,0,-0.0283216839796895
ITUB4,1.015,75,Random Forest,2022-09-20,0,1,-0.0283216839796895
ITUB4,1.015,75,SVC,2022-09-20,0,1,-0.0283216839796895
ITUB4,1.015,75,RNA,2022-09-21,0,0,-0.0370759401198994
ITUB4,1.015,75,Random Forest,2022-09-21,0,1,-0.0370759401198994
ITUB4,1.015,75,SVC,2022-09-21,0,1,-0.0370759401198994
ITUB4,1.015,75,RNA,2022-09-22,0,1,-0.0309859187811997
ITUB4,1.015,75,Random Forest,2022-09-22,0,1,-0.0309859187811997
ITUB4,1.015,75,SVC,2022-09-22,0,1,-0.0309859187811997
ITUB4,1.015,75,RNA,2022-09-23,0,1,-0.0071098370832829
ITUB4,1.015,75,Random Forest,2022-09-23,0,0,-0.0071098370832829
ITUB4,1.015,75,SVC,2022-09-23,0,1,-0.0071098370832829
ITUB4,1.015,75,RNA,2022-09-26,0,0,0.0028591810669964
ITUB4,1.015,75,Random Forest,2022-09-26,0,0,0.0028591810669964
ITUB4,1.015,75,SVC,2022-09-26,0,1,0.0028591810669964
ITUB4,1.015,75,RNA,2022-09-27,1,1,0.0149999999999999
ITUB4,1.015,75,Random Forest,2022-09-27,1,0,0.0149999999999999
ITUB4,1.015,75,SVC,2022-09-27,1,1,0.0149999999999999
ITUB4,1.015,75,RNA,2022-09-28,1,1,0.0149999999999999
ITUB4,1.015,75,Random Forest,2022-09-28,1,1,0.0149999999999999
ITUB4,1.015,75,SVC,2022-09-28,1,1,0.0149999999999999
ITUB4,1.015,75,RNA,2022-09-29,1,1,0.0149999999999999
ITUB4,1.015,75,Random Forest,2022-09-29,1,1,0.0149999999999999
ITUB4,1.015,75,SVC,2022-09-29,1,1,0.0149999999999999
ITUB4,1.015,75,RNA,2022-09-30,1,1,0.0149999999999999
ITUB4,1.015,75,Random Forest,2022-09-30,1,1,0.0149999999999999
ITUB4,1.015,75,SVC,2022-09-30,1,1,0.0149999999999999
ITUB4,1.015,75,RNA,2022-10-03,0,1,-0.0216883899160162
ITUB4,1.015,75,Random Forest,2022-10-03,0,0,-0.0216883899160162
ITUB4,1.015,75,SVC,2022-10-03,0,1,-0.0216883899160162
ITUB4,1.015,75,RNA,2022-10-04,0,0,-0.0287914252056065
ITUB4,1.015,75,Random Forest,2022-10-04,0,0,-0.0287914252056065
ITUB4,1.015,75,SVC,2022-10-04,0,1,-0.0287914252056065
ITUB4,1.015,75,RNA,2022-10-05,0,0,-0.0364548274555773
ITUB4,1.015,75,Random Forest,2022-10-05,0,0,-0.0364548274555773
ITUB4,1.015,75,SVC,2022-10-05,0,0,-0.0364548274555773
ITUB4,1.015,75,RNA,2022-10-06,0,1,-0.0191780647837552
ITUB4,1.015,75,Random Forest,2022-10-06,0,0,-0.0191780647837552
ITUB4,1.015,75,SVC,2022-10-06,0,0,-0.0191780647837552
ITUB4,1.015,75,RNA,2022-10-07,0,1,-0.0281546882763017
ITUB4,1.015,75,Random Forest,2022-10-07,0,0,-0.0281546882763017
ITUB4,1.015,75,SVC,2022-10-07,0,0,-0.0281546882763017
ITUB4,1.015,75,RNA,2022-10-10,0,0,-0.0006920638001016
ITUB4,1.015,75,Random Forest,2022-10-10,0,0,-0.0006920638001016
ITUB4,1.015,75,SVC,2022-10-10,0,0,-0.0006920638001016
ITUB4,1.015,75,RNA,2022-10-11,1,0,0.0149999999999999
ITUB4,1.015,75,Random Forest,2022-10-11,1,0,0.0149999999999999
ITUB4,1.015,75,SVC,2022-10-11,1,0,0.0149999999999999
ITUB4,1.015,75,RNA,2022-10-13,1,0,0.0149999999999999
ITUB4,1.015,75,Random Forest,2022-10-13,1,0,0.0149999999999999
ITUB4,1.015,75,SVC,2022-10-13,1,0,0.0149999999999999
ITUB4,1.015,75,RNA,2022-10-14,1,1,0.0149999999999999
ITUB4,1.015,75,Random Forest,2022-10-14,1,0,0.0149999999999999
ITUB4,1.015,75,SVC,2022-10-14,1,0,0.0149999999999999
ITUB4,1.015,75,RNA,2022-10-17,1,0,0.0149999999999999
ITUB4,1.015,75,Random Forest,2022-10-17,1,0,0.0149999999999999
ITUB4,1.015,75,SVC,2022-10-17,1,0,0.0149999999999999
ITUB4,1.015,75,RNA,2022-10-18,1,0,0.0149999999999999
ITUB4,1.015,75,Random Forest,2022-10-18,1,1,0.0149999999999999
ITUB4,1.015,75,SVC,2022-10-18,1,0,0.0149999999999999
ITUB4,1.015,75,RNA,2022-10-19,1,0,0.0149999999999999
ITUB4,1.015,75,Random Forest,2022-10-19,1,0,0.0149999999999999
ITUB4,1.015,75,SVC,2022-10-19,1,0,0.0149999999999999
ITUB4,1.015,75,RNA,2022-10-20,1,1,0.0149999999999999
ITUB4,1.015,75,Random Forest,2022-10-20,1,0,0.0149999999999999
ITUB4,1.015,75,SVC,2022-10-20,1,1,0.0149999999999999
ITUB4,1.015,75,RNA,2022-10-21,0,1,-0.0486854687298442
ITUB4,1.015,75,Random Forest,2022-10-21,0,0,-0.0486854687298442
ITUB4,1.015,75,SVC,2022-10-21,0,1,-0.0486854687298442
ITUB4,1.015,75,RNA,2022-10-24,0,1,-0.0037099348777994
ITUB4,1.015,75,Random Forest,2022-10-24,0,0,-0.0037099348777994
ITUB4,1.015,75,SVC,2022-10-24,0,1,-0.0037099348777994
ITUB4,1.015,75,RNA,2022-10-25,1,1,0.0149999999999999
ITUB4,1.015,75,Random Forest,2022-10-25,1,0,0.0149999999999999
ITUB4,1.015,75,SVC,2022-10-25,1,1,0.0149999999999999
ITUB4,1.015,75,RNA,2022-10-26,1,0,0.0149999999999999
ITUB4,1.015,75,Random Forest,2022-10-26,1,1,0.0149999999999999
ITUB4,1.015,75,SVC,2022-10-26,1,1,0.0149999999999999
ITUB4,1.015,75,RNA,2022-10-27,1,0,0.0149999999999999
ITUB4,1.015,75,Random Forest,2022-10-27,1,1,0.0149999999999999
ITUB4,1.015,75,SVC,2022-10-27,1,1,0.0149999999999999
ITUB4,1.015,75,RNA,2022-10-28,1,0,0.0149999999999999
ITUB4,1.015,75,Random Forest,2022-10-28,1,1,0.0149999999999999
ITUB4,1.015,75,SVC,2022-10-28,1,1,0.0149999999999999
ITUB4,1.015,75,RNA,2022-10-31,0,1,-0.0432257963905406
ITUB4,1.015,75,Random Forest,2022-10-31,0,1,-0.0432257963905406
ITUB4,1.015,75,SVC,2022-10-31,0,1,-0.0432257963905406
ITUB4,1.015,75,RNA,2022-11-01,1,1,0.0149999999999999
ITUB4,1.015,75,Random Forest,2022-11-01,1,0,0.0149999999999999
ITUB4,1.015,75,SVC,2022-11-01,1,0,0.0149999999999999
ITUB4,1.015,75,RNA,2022-11-03,0,1,-0.0827631366627924
ITUB4,1.015,75,Random Forest,2022-11-03,0,0,-0.0827631366627924
ITUB4,1.015,75,SVC,2022-11-03,0,0,-0.0827631366627924
ITUB4,1.015,75,RNA,2022-11-04,0,1,-0.0814765459901348
ITUB4,1.015,75,Random Forest,2022-11-04,0,0,-0.0814765459901348
ITUB4,1.015,75,SVC,2022-11-04,0,1,-0.0814765459901348
ITUB4,1.015,75,RNA,2022-11-07,0,1,-0.0923599290187667
ITUB4,1.015,75,Random Forest,2022-11-07,0,0,-0.0923599290187667
ITUB4,1.015,75,SVC,2022-11-07,0,1,-0.0923599290187667
ITUB4,1.015,75,RNA,2022-11-08,0,0,-0.070132593843848
ITUB4,1.015,75,Random Forest,2022-11-08,0,1,-0.070132593843848
ITUB4,1.015,75,SVC,2022-11-08,0,1,-0.070132593843848
ITUB4,1.015,75,RNA,2022-11-09,1,0,0.0149999999999999
ITUB4,1.015,75,Random Forest,2022-11-09,1,1,0.0149999999999999
ITUB4,1.015,75,SVC,2022-11-09,1,1,0.0149999999999999
ITUB4,1.015,75,RNA,2022-11-10,0,0,-0.0560714029941342
ITUB4,1.015,75,Random Forest,2022-11-10,0,0,-0.0560714029941342
ITUB4,1.015,75,SVC,2022-11-10,0,1,-0.0560714029941342
ITUB4,1.015,75,RNA,2022-11-11,0,1,-0.0151570733155699
ITUB4,1.015,75,Random Forest,2022-11-11,0,1,-0.0151570733155699
ITUB4,1.015,75,SVC,2022-11-11,0,1,-0.0151570733155699
ITUB4,1.015,75,RNA,2022-11-14,1,1,0.0149999999999999
ITUB4,1.015,75,Random Forest,2022-11-14,1,1,0.0149999999999999
ITUB4,1.015,75,SVC,2022-11-14,1,1,0.0149999999999999
ITUB4,1.015,75,RNA,2022-11-16,1,0,0.0149999999999999
ITUB4,1.015,75,Random Forest,2022-11-16,1,1,0.0149999999999999
ITUB4,1.015,75,SVC,2022-11-16,1,1,0.0149999999999999
ITUB4,1.015,75,RNA,2022-11-17,1,1,0.0149999999999999
ITUB4,1.015,75,Random Forest,2022-11-17,1,1,0.0149999999999999
ITUB4,1.015,75,SVC,2022-11-17,1,1,0.0149999999999999
ITUB4,1.015,75,RNA,2022-11-18,0,1,-0.0022222289808758
ITUB4,1.015,75,Random Forest,2022-11-18,0,1,-0.0022222289808758
ITUB4,1.015,75,SVC,2022-11-18,0,1,-0.0022222289808758
ITUB4,1.015,75,RNA,2022-11-21,0,1,-0.0302238985766061
ITUB4,1.015,75,Random Forest,2022-11-21,0,1,-0.0302238985766061
ITUB4,1.015,75,SVC,2022-11-21,0,1,-0.0302238985766061
ITUB4,1.015,75,RNA,2022-11-22,1,1,0.0149999999999999
ITUB4,1.015,75,Random Forest,2022-11-22,1,0,0.0149999999999999
ITUB4,1.015,75,SVC,2022-11-22,1,1,0.0149999999999999
ITUB4,1.015,75,RNA,2022-11-23,1,0,0.0149999999999999
ITUB4,1.015,75,Random Forest,2022-11-23,1,1,0.0149999999999999
ITUB4,1.015,75,SVC,2022-11-23,1,1,0.0149999999999999
ITUB4,1.015,75,RNA,2022-11-24,0,1,-0.0291262524861783
ITUB4,1.015,75,Random Forest,2022-11-24,0,1,-0.0291262524861783
ITUB4,1.015,75,SVC,2022-11-24,0,1,-0.0291262524861783
ITUB4,1.015,75,RNA,2022-11-25,0,0,-0.0039213686273763
ITUB4,1.015,75,Random Forest,2022-11-25,0,1,-0.0039213686273763
ITUB4,1.015,75,SVC,2022-11-25,0,1,-0.0039213686273763
ITUB4,1.015,75,RNA,2022-11-28,1,0,0.0149999999999999
ITUB4,1.015,75,Random Forest,2022-11-28,1,1,0.0149999999999999
ITUB4,1.015,75,SVC,2022-11-28,1,1,0.0149999999999999
ITUB4,1.015,75,RNA,2022-11-29,1,1,0.0149999999999999
ITUB4,1.015,75,Random Forest,2022-11-29,1,1,0.0149999999999999
ITUB4,1.015,75,SVC,2022-11-29,1,1,0.0149999999999999
ITUB4,1.015,75,RNA,2022-11-30,1,1,0.0149999999999999
ITUB4,1.015,75,Random Forest,2022-11-30,1,1,0.0149999999999999
ITUB4,1.015,75,SVC,2022-11-30,1,1,0.0149999999999999
ITUB4,1.015,75,RNA,2022-12-01,1,1,0.0149999999999999
ITUB4,1.015,75,Random Forest,2022-12-01,1,1,0.0149999999999999
ITUB4,1.015,75,SVC,2022-12-01,1,1,0.0149999999999999
ITUB4,1.015,75,RNA,2022-12-02,0,1,-0.041698555683857
ITUB4,1.015,75,Random Forest,2022-12-02,0,1,-0.041698555683857
ITUB4,1.015,75,SVC,2022-12-02,0,1,-0.041698555683857
ITUB4,1.015,75,RNA,2022-12-05,1,0,0.0149999999999999
ITUB4,1.015,75,Random Forest,2022-12-05,1,0,0.0149999999999999
ITUB4,1.015,75,SVC,2022-12-05,1,0,0.0149999999999999
ITUB4,1.015,75,RNA,2022-12-06,0,0,-0.0626624690407758
ITUB4,1.015,75,Random Forest,2022-12-06,0,0,-0.0626624690407758
ITUB4,1.015,75,SVC,2022-12-06,0,1,-0.0626624690407758
ITUB4,1.015,75,RNA,2022-12-07,0,1,-0.0833728953429828
ITUB4,1.015,75,Random Forest,2022-12-07,0,1,-0.0833728953429828
ITUB4,1.015,75,SVC,2022-12-07,0,1,-0.0833728953429828
ITUB4,1.015,75,RNA,2022-12-08,0,1,-0.0563209383013869
ITUB4,1.015,75,Random Forest,2022-12-08,0,1,-0.0563209383013869
ITUB4,1.015,75,SVC,2022-12-08,0,1,-0.0563209383013869
ITUB4,1.015,75,RNA,2022-12-09,0,1,-0.0370065386586278
ITUB4,1.015,75,Random Forest,2022-12-09,0,0,-0.0370065386586278
ITUB4,1.015,75,SVC,2022-12-09,0,1,-0.0370065386586278
ITUB4,1.015,75,RNA,2022-12-12,0,0,-0.0235051496291431
ITUB4,1.015,75,Random Forest,2022-12-12,0,1,-0.0235051496291431
ITUB4,1.015,75,SVC,2022-12-12,0,1,-0.0235051496291431
ITUB4,1.015,75,RNA,2022-12-13,1,1,0.0149999999999999
ITUB4,1.015,75,Random Forest,2022-12-13,1,0,0.0149999999999999
ITUB4,1.015,75,SVC,2022-12-13,1,1,0.0149999999999999
ITUB4,1.015,75,RNA,2022-12-14,1,0,0.0149999999999999
ITUB4,1.015,75,Random Forest,2022-12-14,1,1,0.0149999999999999
ITUB4,1.015,75,SVC,2022-12-14,1,1,0.0149999999999999
ITUB4,1.015,75,RNA,2022-12-15,1,1,0.0149999999999999
ITUB4,1.015,75,Random Forest,2022-12-15,1,1,0.0149999999999999
ITUB4,1.015,75,SVC,2022-12-15,1,1,0.0149999999999999
ITUB4,1.015,75,RNA,2022-12-16,1,0,0.0149999999999999
ITUB4,1.015,75,Random Forest,2022-12-16,1,1,0.0149999999999999
ITUB4,1.015,75,SVC,2022-12-16,1,1,0.0149999999999999
ITUB4,1.015,75,RNA,2022-12-19,1,1,0.0149999999999999
ITUB4,1.015,75,Random Forest,2022-12-19,1,1,0.0149999999999999
ITUB4,1.015,75,SVC,2022-12-19,1,1,0.0149999999999999
ITUB4,1.015,75,RNA,2022-12-20,1,0,0.0149999999999999
ITUB4,1.015,75,Random Forest,2022-12-20,1,0,0.0149999999999999
ITUB4,1.015,75,SVC,2022-12-20,1,0,0.0149999999999999
ITUB4,1.015,75,RNA,2022-12-21,1,0,0.0149999999999999
ITUB4,1.015,75,Random Forest,2022-12-21,1,0,0.0149999999999999
ITUB4,1.015,75,SVC,2022-12-21,1,0,0.0149999999999999
ITUB4,1.015,75,RNA,2022-12-22,1,1,0.0149999999999999
ITUB4,1.015,75,Random Forest,2022-12-22,1,1,0.0149999999999999
ITUB4,1.015,75,SVC,2022-12-22,1,1,0.0149999999999999
ITUB4,1.015,75,RNA,2022-12-23,1,0,0.0149999999999999
ITUB4,1.015,75,Random Forest,2022-12-23,1,1,0.0149999999999999
ITUB4,1.015,75,SVC,2022-12-23,1,1,0.0149999999999999
ITUB4,1.015,75,RNA,2022-12-26,0,1,
ITUB4,1.015,75,Random Forest,2022-12-26,0,1,
ITUB4,1.015,75,SVC,2022-12-26,0,1,
ITUB4,1.015,75,RNA,2022-12-27,0,1,
ITUB4,1.015,75,Random Forest,2022-12-27,0,1,
ITUB4,1.015,75,SVC,2022-12-27,0,1,
ITUB4,1.015,75,RNA,2022-12-28,0,1,
ITUB4,1.015,75,Random Forest,2022-12-28,0,1,
ITUB4,1.015,75,SVC,2022-12-28,0,1,
ITUB4,1.015,75,RNA,2022-12-29,0,0,
ITUB4,1.015,75,Random Forest,2022-12-29,0,0,
ITUB4,1.015,75,SVC,2022-12-29,0,1,
ITUB4,1.015,90,RNA,2020-06-04,1,1,0.0149999999999999
ITUB4,1.015,90,Random Forest,2020-06-04,1,1,0.0149999999999999
ITUB4,1.015,90,SVC,2020-06-04,1,1,0.0149999999999999
ITUB4,1.015,90,RNA,2020-06-05,1,1,0.0149999999999999
ITUB4,1.015,90,Random Forest,2020-06-05,1,1,0.0149999999999999
ITUB4,1.015,90,SVC,2020-06-05,1,1,0.0149999999999999
ITUB4,1.015,90,RNA,2020-06-08,1,1,0.0149999999999999
ITUB4,1.015,90,Random Forest,2020-06-08,1,1,0.0149999999999999
ITUB4,1.015,90,SVC,2020-06-08,1,1,0.0149999999999999
ITUB4,1.015,90,RNA,2020-06-09,0,1,-0.0686588308598515
ITUB4,1.015,90,Random Forest,2020-06-09,0,1,-0.0686588308598515
ITUB4,1.015,90,SVC,2020-06-09,0,1,-0.0686588308598515
ITUB4,1.015,90,RNA,2020-06-10,1,1,0.0149999999999999
ITUB4,1.015,90,Random Forest,2020-06-10,1,1,0.0149999999999999
ITUB4,1.015,90,SVC,2020-06-10,1,1,0.0149999999999999
ITUB4,1.015,90,RNA,2020-06-12,1,1,0.0149999999999999
ITUB4,1.015,90,Random Forest,2020-06-12,1,1,0.0149999999999999
ITUB4,1.015,90,SVC,2020-06-12,1,1,0.0149999999999999
ITUB4,1.015,90,RNA,2020-06-15,1,1,0.0149999999999999
ITUB4,1.015,90,Random Forest,2020-06-15,1,1,0.0149999999999999
ITUB4,1.015,90,SVC,2020-06-15,1,1,0.0149999999999999
ITUB4,1.015,90,RNA,2020-06-16,1,1,0.0149999999999999
ITUB4,1.015,90,Random Forest,2020-06-16,1,1,0.0149999999999999
ITUB4,1.015,90,SVC,2020-06-16,1,1,0.0149999999999999
ITUB4,1.015,90,RNA,2020-06-17,1,1,0.0149999999999999
ITUB4,1.015,90,Random Forest,2020-06-17,1,1,0.0149999999999999
ITUB4,1.015,90,SVC,2020-06-17,1,1,0.0149999999999999
ITUB4,1.015,90,RNA,2020-06-18,0,1,-0.0804270834185341
ITUB4,1.015,90,Random Forest,2020-06-18,0,1,-0.0804270834185341
ITUB4,1.015,90,SVC,2020-06-18,0,1,-0.0804270834185341
ITUB4,1.015,90,RNA,2020-06-19,0,1,-0.0674036938550665
ITUB4,1.015,90,Random Forest,2020-06-19,0,1,-0.0674036938550665
ITUB4,1.015,90,SVC,2020-06-19,0,1,-0.0674036938550665
ITUB4,1.015,90,RNA,2020-06-22,0,1,-0.0718411269320794
ITUB4,1.015,90,Random Forest,2020-06-22,0,1,-0.0718411269320794
ITUB4,1.015,90,SVC,2020-06-22,0,1,-0.0718411269320794
ITUB4,1.015,90,RNA,2020-06-23,0,1,-0.0115714964483225
ITUB4,1.015,90,Random Forest,2020-06-23,0,1,-0.0115714964483225
ITUB4,1.015,90,SVC,2020-06-23,0,1,-0.0115714964483225
ITUB4,1.015,90,RNA,2020-06-24,1,1,0.0149999999999999
ITUB4,1.015,90,Random Forest,2020-06-24,1,1,0.0149999999999999
ITUB4,1.015,90,SVC,2020-06-24,1,1,0.0149999999999999
ITUB4,1.015,90,RNA,2020-06-25,1,1,0.0149999999999999
ITUB4,1.015,90,Random Forest,2020-06-25,1,1,0.0149999999999999
ITUB4,1.015,90,SVC,2020-06-25,1,1,0.0149999999999999
ITUB4,1.015,90,RNA,2020-06-26,1,1,0.0149999999999999
ITUB4,1.015,90,Random Forest,2020-06-26,1,1,0.0149999999999999
ITUB4,1.015,90,SVC,2020-06-26,1,1,0.0149999999999999
ITUB4,1.015,90,RNA,2020-06-29,1,1,0.0149999999999999
ITUB4,1.015,90,Random Forest,2020-06-29,1,1,0.0149999999999999
ITUB4,1.015,90,SVC,2020-06-29,1,1,0.0149999999999999
ITUB4,1.015,90,RNA,2020-06-30,1,1,0.0149999999999999
ITUB4,1.015,90,Random Forest,2020-06-30,1,1,0.0149999999999999
ITUB4,1.015,90,SVC,2020-06-30,1,1,0.0149999999999999
ITUB4,1.015,90,RNA,2020-07-01,1,1,0.0149999999999999
ITUB4,1.015,90,Random Forest,2020-07-01,1,1,0.0149999999999999
ITUB4,1.015,90,SVC,2020-07-01,1,1,0.0149999999999999
ITUB4,1.015,90,RNA,2020-07-02,1,1,0.0149999999999999
ITUB4,1.015,90,Random Forest,2020-07-02,1,1,0.0149999999999999
ITUB4,1.015,90,SVC,2020-07-02,1,1,0.0149999999999999
ITUB4,1.015,90,RNA,2020-07-03,1,1,0.0149999999999999
ITUB4,1.015,90,Random Forest,2020-07-03,1,1,0.0149999999999999
ITUB4,1.015,90,SVC,2020-07-03,1,1,0.0149999999999999
ITUB4,1.015,90,RNA,2020-07-06,0,1,-0.0083849655823319
ITUB4,1.015,90,Random Forest,2020-07-06,0,1,-0.0083849655823319
ITUB4,1.015,90,SVC,2020-07-06,0,1,-0.0083849655823319
ITUB4,1.015,90,RNA,2020-07-07,1,1,0.0149999999999999
ITUB4,1.015,90,Random Forest,2020-07-07,1,1,0.0149999999999999
ITUB4,1.015,90,SVC,2020-07-07,1,1,0.0149999999999999
ITUB4,1.015,90,RNA,2020-07-08,1,1,0.0149999999999999
ITUB4,1.015,90,Random Forest,2020-07-08,1,1,0.0149999999999999
ITUB4,1.015,90,SVC,2020-07-08,1,1,0.0149999999999999
ITUB4,1.015,90,RNA,2020-07-09,1,1,0.0149999999999999
ITUB4,1.015,90,Random Forest,2020-07-09,1,1,0.0149999999999999
ITUB4,1.015,90,SVC,2020-07-09,1,1,0.0149999999999999
ITUB4,1.015,90,RNA,2020-07-10,0,1,-0.0171220298963773
ITUB4,1.015,90,Random Forest,2020-07-10,0,0,-0.0171220298963773
ITUB4,1.015,90,SVC,2020-07-10,0,1,-0.0171220298963773
ITUB4,1.015,90,RNA,2020-07-13,1,1,0.0149999999999999
ITUB4,1.015,90,Random Forest,2020-07-13,1,1,0.0149999999999999
ITUB4,1.015,90,SVC,2020-07-13,1,1,0.0149999999999999
ITUB4,1.015,90,RNA,2020-07-14,0,1,-0.0087146005574519
ITUB4,1.015,90,Random Forest,2020-07-14,0,0,-0.0087146005574519
ITUB4,1.015,90,SVC,2020-07-14,0,1,-0.0087146005574519
ITUB4,1.015,90,RNA,2020-07-15,1,1,0.0149999999999999
ITUB4,1.015,90,Random Forest,2020-07-15,1,1,0.0149999999999999
ITUB4,1.015,90,SVC,2020-07-15,1,1,0.0149999999999999
ITUB4,1.015,90,RNA,2020-07-16,1,1,0.0149999999999999
ITUB4,1.015,90,Random Forest,2020-07-16,1,1,0.0149999999999999
ITUB4,1.015,90,SVC,2020-07-16,1,1,0.0149999999999999
ITUB4,1.015,90,RNA,2020-07-17,1,1,0.0149999999999999
ITUB4,1.015,90,Random Forest,2020-07-17,1,1,0.0149999999999999
ITUB4,1.015,90,SVC,2020-07-17,1,1,0.0149999999999999
ITUB4,1.015,90,RNA,2020-07-20,1,1,0.0149999999999999
ITUB4,1.015,90,Random Forest,2020-07-20,1,1,0.0149999999999999
ITUB4,1.015,90,SVC,2020-07-20,1,1,0.0149999999999999
ITUB4,1.015,90,RNA,2020-07-21,0,1,-0.0017953001258705
ITUB4,1.015,90,Random Forest,2020-07-21,0,1,-0.0017953001258705
ITUB4,1.015,90,SVC,2020-07-21,0,1,-0.0017953001258705
ITUB4,1.015,90,RNA,2020-07-22,1,1,0.0149999999999999
ITUB4,1.015,90,Random Forest,2020-07-22,1,1,0.0149999999999999
ITUB4,1.015,90,SVC,2020-07-22,1,1,0.0149999999999999
ITUB4,1.015,90,RNA,2020-07-23,1,1,0.0149999999999999
ITUB4,1.015,90,Random Forest,2020-07-23,1,1,0.0149999999999999
ITUB4,1.015,90,SVC,2020-07-23,1,1,0.0149999999999999
ITUB4,1.015,90,RNA,2020-07-24,1,1,0.0149999999999999
ITUB4,1.015,90,Random Forest,2020-07-24,1,1,0.0149999999999999
ITUB4,1.015,90,SVC,2020-07-24,1,1,0.0149999999999999
ITUB4,1.015,90,RNA,2020-07-27,1,1,0.0149999999999999
ITUB4,1.015,90,Random Forest,2020-07-27,1,1,0.0149999999999999
ITUB4,1.015,90,SVC,2020-07-27,1,1,0.0149999999999999
ITUB4,1.015,90,RNA,2020-07-28,0,1,-0.0303648207659938
ITUB4,1.015,90,Random Forest,2020-07-28,0,1,-0.0303648207659938
ITUB4,1.015,90,SVC,2020-07-28,0,1,-0.0303648207659938
ITUB4,1.015,90,RNA,2020-07-29,0,1,-0.0777056818411143
ITUB4,1.015,90,Random Forest,2020-07-29,0,1,-0.0777056818411143
ITUB4,1.015,90,SVC,2020-07-29,0,1,-0.0777056818411143
ITUB4,1.015,90,RNA,2020-07-30,0,1,-0.0807325903076521
ITUB4,1.015,90,Random Forest,2020-07-30,0,0,-0.0807325903076521
ITUB4,1.015,90,SVC,2020-07-30,0,0,-0.0807325903076521
ITUB4,1.015,90,RNA,2020-07-31,1,1,0.0149999999999999
ITUB4,1.015,90,Random Forest,2020-07-31,1,0,0.0149999999999999
ITUB4,1.015,90,SVC,2020-07-31,1,1,0.0149999999999999
ITUB4,1.015,90,RNA,2020-08-03,1,0,0.0149999999999999
ITUB4,1.015,90,Random Forest,2020-08-03,1,1,0.0149999999999999
ITUB4,1.015,90,SVC,2020-08-03,1,1,0.0149999999999999
ITUB4,1.015,90,RNA,2020-08-04,0,1,-0.0130019514191522
ITUB4,1.015,90,Random Forest,2020-08-04,0,1,-0.0130019514191522
ITUB4,1.015,90,SVC,2020-08-04,0,1,-0.0130019514191522
ITUB4,1.015,90,RNA,2020-08-05,1,1,0.0149999999999999
ITUB4,1.015,90,Random Forest,2020-08-05,1,1,0.0149999999999999
ITUB4,1.015,90,SVC,2020-08-05,1,1,0.0149999999999999
ITUB4,1.015,90,RNA,2020-08-06,1,1,0.0149999999999999
ITUB4,1.015,90,Random Forest,2020-08-06,1,1,0.0149999999999999
ITUB4,1.015,90,SVC,2020-08-06,1,1,0.0149999999999999
ITUB4,1.015,90,RNA,2020-08-07,1,1,0.0149999999999999
ITUB4,1.015,90,Random Forest,2020-08-07,1,1,0.0149999999999999
ITUB4,1.015,90,SVC,2020-08-07,1,1,0.0149999999999999
ITUB4,1.015,90,RNA,2020-08-10,0,1,-0.0532159525713544
ITUB4,1.015,90,Random Forest,2020-08-10,0,1,-0.0532159525713544
ITUB4,1.015,90,SVC,2020-08-10,0,1,-0.0532159525713544
ITUB4,1.015,90,RNA,2020-08-11,0,1,-0.0603347770534901
ITUB4,1.015,90,Random Forest,2020-08-11,0,1,-0.0603347770534901
ITUB4,1.015,90,SVC,2020-08-11,0,1,-0.0603347770534901
ITUB4,1.015,90,RNA,2020-08-12,0,1,-0.0458277134218768
ITUB4,1.015,90,Random Forest,2020-08-12,0,0,-0.0458277134218768
ITUB4,1.015,90,SVC,2020-08-12,0,1,-0.0458277134218768
ITUB4,1.015,90,RNA,2020-08-13,1,1,0.0149999999999999
ITUB4,1.015,90,Random Forest,2020-08-13,1,0,0.0149999999999999
ITUB4,1.015,90,SVC,2020-08-13,1,1,0.0149999999999999
ITUB4,1.015,90,RNA,2020-08-14,0,1,-0.0221293053693227
ITUB4,1.015,90,Random Forest,2020-08-14,0,0,-0.0221293053693227
ITUB4,1.015,90,SVC,2020-08-14,0,1,-0.0221293053693227
ITUB4,1.015,90,RNA,2020-08-17,0,1,-0.0219333838774211
ITUB4,1.015,90,Random Forest,2020-08-17,0,0,-0.0219333838774211
ITUB4,1.015,90,SVC,2020-08-17,0,1,-0.0219333838774211
ITUB4,1.015,90,RNA,2020-08-18,1,1,0.0149999999999999
ITUB4,1.015,90,Random Forest,2020-08-18,1,0,0.0149999999999999
ITUB4,1.015,90,SVC,2020-08-18,1,1,0.0149999999999999
ITUB4,1.015,90,RNA,2020-08-19,1,0,0.0149999999999999
ITUB4,1.015,90,Random Forest,2020-08-19,1,1,0.0149999999999999
ITUB4,1.015,90,SVC,2020-08-19,1,1,0.0149999999999999
ITUB4,1.015,90,RNA,2020-08-20,1,1,0.0149999999999999
ITUB4,1.015,90,Random Forest,2020-08-20,1,1,0.0149999999999999
ITUB4,1.015,90,SVC,2020-08-20,1,1,0.0149999999999999
ITUB4,1.015,90,RNA,2020-08-21,1,0,0.0149999999999999
ITUB4,1.015,90,Random Forest,2020-08-21,1,1,0.0149999999999999
ITUB4,1.015,90,SVC,2020-08-21,1,1,0.0149999999999999
ITUB4,1.015,90,RNA,2020-08-24,0,1,-0.0085227676662281
ITUB4,1.015,90,Random Forest,2020-08-24,0,1,-0.0085227676662281
ITUB4,1.015,90,SVC,2020-08-24,0,1,-0.0085227676662281
ITUB4,1.015,90,RNA,2020-08-25,0,1,-0.0308641662964684
ITUB4,1.015,90,Random Forest,2020-08-25,0,1,-0.0308641662964684
ITUB4,1.015,90,SVC,2020-08-25,0,1,-0.0308641662964684
ITUB4,1.015,90,RNA,2020-08-26,1,1,0.0149999999999999
ITUB4,1.015,90,Random Forest,2020-08-26,1,1,0.0149999999999999
ITUB4,1.015,90,SVC,2020-08-26,1,1,0.0149999999999999
ITUB4,1.015,90,RNA,2020-08-27,0,1,0.0002256193041956
ITUB4,1.015,90,Random Forest,2020-08-27,0,0,0.0002256193041956
ITUB4,1.015,90,SVC,2020-08-27,0,1,0.0002256193041956
ITUB4,1.015,90,RNA,2020-08-28,1,1,0.0149999999999999
ITUB4,1.015,90,Random Forest,2020-08-28,1,0,0.0149999999999999
ITUB4,1.015,90,SVC,2020-08-28,1,1,0.0149999999999999
ITUB4,1.015,90,RNA,2020-08-31,1,1,0.0149999999999999
ITUB4,1.015,90,Random Forest,2020-08-31,1,0,0.0149999999999999
ITUB4,1.015,90,SVC,2020-08-31,1,1,0.0149999999999999
ITUB4,1.015,90,RNA,2020-09-01,1,1,0.0149999999999999
ITUB4,1.015,90,Random Forest,2020-09-01,1,0,0.0149999999999999
ITUB4,1.015,90,SVC,2020-09-01,1,1,0.0149999999999999
ITUB4,1.015,90,RNA,2020-09-02,1,0,0.0149999999999999
ITUB4,1.015,90,Random Forest,2020-09-02,1,1,0.0149999999999999
ITUB4,1.015,90,SVC,2020-09-02,1,1,0.0149999999999999
ITUB4,1.015,90,RNA,2020-09-03,0,1,-0.049682071299363
ITUB4,1.015,90,Random Forest,2020-09-03,0,1,-0.049682071299363
ITUB4,1.015,90,SVC,2020-09-03,0,1,-0.049682071299363
ITUB4,1.015,90,RNA,2020-09-04,0,1,-0.0378664667573277
ITUB4,1.015,90,Random Forest,2020-09-04,0,1,-0.0378664667573277
ITUB4,1.015,90,SVC,2020-09-04,0,1,-0.0378664667573277
ITUB4,1.015,90,RNA,2020-09-08,0,0,-0.0223577098086357
ITUB4,1.015,90,Random Forest,2020-09-08,0,0,-0.0223577098086357
ITUB4,1.015,90,SVC,2020-09-08,0,1,-0.0223577098086357
ITUB4,1.015,90,RNA,2020-09-09,0,0,-0.0274590269393506
ITUB4,1.015,90,Random Forest,2020-09-09,0,1,-0.0274590269393506
ITUB4,1.015,90,SVC,2020-09-09,0,1,-0.0274590269393506
ITUB4,1.015,90,RNA,2020-09-10,0,1,-0.0121086080660095
ITUB4,1.015,90,Random Forest,2020-09-10,0,1,-0.0121086080660095
ITUB4,1.015,90,SVC,2020-09-10,0,1,-0.0121086080660095
ITUB4,1.015,90,RNA,2020-09-11,1,0,0.0149999999999999
ITUB4,1.015,90,Random Forest,2020-09-11,1,0,0.0149999999999999
ITUB4,1.015,90,SVC,2020-09-11,1,1,0.0149999999999999
ITUB4,1.015,90,RNA,2020-09-14,0,1,-0.0442697578550813
ITUB4,1.015,90,Random Forest,2020-09-14,0,1,-0.0442697578550813
ITUB4,1.015,90,SVC,2020-09-14,0,1,-0.0442697578550813
ITUB4,1.015,90,RNA,2020-09-15,1,1,0.0149999999999999
ITUB4,1.015,90,Random Forest,2020-09-15,1,0,0.0149999999999999
ITUB4,1.015,90,SVC,2020-09-15,1,1,0.0149999999999999
ITUB4,1.015,90,RNA,2020-09-16,0,0,-0.0170213372515174
ITUB4,1.015,90,Random Forest,2020-09-16,0,1,-0.0170213372515174
ITUB4,1.015,90,SVC,2020-09-16,0,1,-0.0170213372515174
ITUB4,1.015,90,RNA,2020-09-17,0,1,-0.0434042559897153
ITUB4,1.015,90,Random Forest,2020-09-17,0,1,-0.0434042559897153
ITUB4,1.015,90,SVC,2020-09-17,0,1,-0.0434042559897153
ITUB4,1.015,90,RNA,2020-09-18,1,0,0.0149999999999999
ITUB4,1.015,90,Random Forest,2020-09-18,1,1,0.0149999999999999
ITUB4,1.015,90,SVC,2020-09-18,1,1,0.0149999999999999
ITUB4,1.015,90,RNA,2020-09-21,1,0,0.0149999999999999
ITUB4,1.015,90,Random Forest,2020-09-21,1,0,0.0149999999999999
ITUB4,1.015,90,SVC,2020-09-21,1,1,0.0149999999999999
ITUB4,1.015,90,RNA,2020-09-22,1,1,0.0149999999999999
ITUB4,1.015,90,Random Forest,2020-09-22,1,0,0.0149999999999999
ITUB4,1.015,90,SVC,2020-09-22,1,1,0.0149999999999999
ITUB4,1.015,90,RNA,2020-09-23,1,0,0.0149999999999999
ITUB4,1.015,90,Random Forest,2020-09-23,1,1,0.0149999999999999
ITUB4,1.015,90,SVC,2020-09-23,1,1,0.0149999999999999
ITUB4,1.015,90,RNA,2020-09-24,1,1,0.0149999999999999
ITUB4,1.015,90,Random Forest,2020-09-24,1,1,0.0149999999999999
ITUB4,1.015,90,SVC,2020-09-24,1,1,0.0149999999999999
ITUB4,1.015,90,RNA,2020-09-25,1,1,0.0149999999999999
ITUB4,1.015,90,Random Forest,2020-09-25,1,1,0.0149999999999999
ITUB4,1.015,90,SVC,2020-09-25,1,1,0.0149999999999999
ITUB4,1.015,90,RNA,2020-09-28,1,0,0.0149999999999999
ITUB4,1.015,90,Random Forest,2020-09-28,1,1,0.0149999999999999
ITUB4,1.015,90,SVC,2020-09-28,1,1,0.0149999999999999
ITUB4,1.015,90,RNA,2020-09-29,1,0,0.0149999999999999
ITUB4,1.015,90,Random Forest,2020-09-29,1,1,0.0149999999999999
ITUB4,1.015,90,SVC,2020-09-29,1,1,0.0149999999999999
ITUB4,1.015,90,RNA,2020-09-30,1,1,0.0149999999999999
ITUB4,1.015,90,Random Forest,2020-09-30,1,1,0.0149999999999999
ITUB4,1.015,90,SVC,2020-09-30,1,1,0.0149999999999999
ITUB4,1.015,90,RNA,2020-10-01,1,1,0.0149999999999999
ITUB4,1.015,90,Random Forest,2020-10-01,1,1,0.0149999999999999
ITUB4,1.015,90,SVC,2020-10-01,1,1,0.0149999999999999
ITUB4,1.015,90,RNA,2020-10-02,1,1,0.0149999999999999
ITUB4,1.015,90,Random Forest,2020-10-02,1,1,0.0149999999999999
ITUB4,1.015,90,SVC,2020-10-02,1,1,0.0149999999999999
ITUB4,1.015,90,RNA,2020-10-05,1,1,0.0149999999999999
ITUB4,1.015,90,Random Forest,2020-10-05,1,1,0.0149999999999999
ITUB4,1.015,90,SVC,2020-10-05,1,1,0.0149999999999999
ITUB4,1.015,90,RNA,2020-10-06,1,1,0.0149999999999999
ITUB4,1.015,90,Random Forest,2020-10-06,1,1,0.0149999999999999
ITUB4,1.015,90,SVC,2020-10-06,1,1,0.0149999999999999
ITUB4,1.015,90,RNA,2020-10-07,1,1,0.0149999999999999
ITUB4,1.015,90,Random Forest,2020-10-07,1,1,0.0149999999999999
ITUB4,1.015,90,SVC,2020-10-07,1,1,0.0149999999999999
ITUB4,1.015,90,RNA,2020-10-08,1,0,0.0149999999999999
ITUB4,1.015,90,Random Forest,2020-10-08,1,1,0.0149999999999999
ITUB4,1.015,90,SVC,2020-10-08,1,1,0.0149999999999999
ITUB4,1.015,90,RNA,2020-10-09,0,1,-0.0362802404900939
ITUB4,1.015,90,Random Forest,2020-10-09,0,0,-0.0362802404900939
ITUB4,1.015,90,SVC,2020-10-09,0,1,-0.0362802404900939
ITUB4,1.015,90,RNA,2020-10-13,0,1,-0.0221850319809396
ITUB4,1.015,90,Random Forest,2020-10-13,0,1,-0.0221850319809396
ITUB4,1.015,90,SVC,2020-10-13,0,1,-0.0221850319809396
ITUB4,1.015,90,RNA,2020-10-14,1,0,0.0149999999999999
ITUB4,1.015,90,Random Forest,2020-10-14,1,1,0.0149999999999999
ITUB4,1.015,90,SVC,2020-10-14,1,1,0.0149999999999999
ITUB4,1.015,90,RNA,2020-10-15,1,1,0.0149999999999999
ITUB4,1.015,90,Random Forest,2020-10-15,1,1,0.0149999999999999
ITUB4,1.015,90,SVC,2020-10-15,1,1,0.0149999999999999
ITUB4,1.015,90,RNA,2020-10-16,1,1,0.0149999999999999
ITUB4,1.015,90,Random Forest,2020-10-16,1,1,0.0149999999999999
ITUB4,1.015,90,SVC,2020-10-16,1,1,0.0149999999999999
ITUB4,1.015,90,RNA,2020-10-19,1,1,0.0149999999999999
ITUB4,1.015,90,Random Forest,2020-10-19,1,1,0.0149999999999999
ITUB4,1.015,90,SVC,2020-10-19,1,1,0.0149999999999999
ITUB4,1.015,90,RNA,2020-10-20,1,1,0.0149999999999999
ITUB4,1.015,90,Random Forest,2020-10-20,1,1,0.0149999999999999
ITUB4,1.015,90,SVC,2020-10-20,1,1,0.0149999999999999
ITUB4,1.015,90,RNA,2020-10-21,1,1,0.0149999999999999
ITUB4,1.015,90,Random Forest,2020-10-21,1,1,0.0149999999999999
ITUB4,1.015,90,SVC,2020-10-21,1,1,0.0149999999999999
ITUB4,1.015,90,RNA,2020-10-22,1,0,0.0149999999999999
ITUB4,1.015,90,Random Forest,2020-10-22,1,0,0.0149999999999999
ITUB4,1.015,90,SVC,2020-10-22,1,1,0.0149999999999999
ITUB4,1.015,90,RNA,2020-10-23,1,0,0.0149999999999999
ITUB4,1.015,90,Random Forest,2020-10-23,1,0,0.0149999999999999
ITUB4,1.015,90,SVC,2020-10-23,1,1,0.0149999999999999
ITUB4,1.015,90,RNA,2020-10-26,0,1,-0.1003831759877499
ITUB4,1.015,90,Random Forest,2020-10-26,0,1,-0.1003831759877499
ITUB4,1.015,90,SVC,2020-10-26,0,1,-0.1003831759877499
ITUB4,1.015,90,RNA,2020-10-27,0,0,-0.0080259077651153
ITUB4,1.015,90,Random Forest,2020-10-27,0,1,-0.0080259077651153
ITUB4,1.015,90,SVC,2020-10-27,0,1,-0.0080259077651153
ITUB4,1.015,90,RNA,2020-10-28,1,1,0.0149999999999999
ITUB4,1.015,90,Random Forest,2020-10-28,1,1,0.0149999999999999
ITUB4,1.015,90,SVC,2020-10-28,1,1,0.0149999999999999
ITUB4,1.015,90,RNA,2020-10-29,1,1,0.0149999999999999
ITUB4,1.015,90,Random Forest,2020-10-29,1,1,0.0149999999999999
ITUB4,1.015,90,SVC,2020-10-29,1,1,0.0149999999999999
ITUB4,1.015,90,RNA,2020-10-30,1,1,0.0149999999999999
ITUB4,1.015,90,Random Forest,2020-10-30,1,1,0.0149999999999999
ITUB4,1.015,90,SVC,2020-10-30,1,1,0.0149999999999999
ITUB4,1.015,90,RNA,2020-11-03,1,1,0.0149999999999999
ITUB4,1.015,90,Random Forest,2020-11-03,1,1,0.0149999999999999
ITUB4,1.015,90,SVC,2020-11-03,1,1,0.0149999999999999
ITUB4,1.015,90,RNA,2020-11-04,1,1,0.0149999999999999
ITUB4,1.015,90,Random Forest,2020-11-04,1,1,0.0149999999999999
ITUB4,1.015,90,SVC,2020-11-04,1,1,0.0149999999999999
ITUB4,1.015,90,RNA,2020-11-05,1,1,0.0149999999999999
ITUB4,1.015,90,Random Forest,2020-11-05,1,1,0.0149999999999999
ITUB4,1.015,90,SVC,2020-11-05,1,1,0.0149999999999999
ITUB4,1.015,90,RNA,2020-11-06,1,1,0.0149999999999999
ITUB4,1.015,90,Random Forest,2020-11-06,1,1,0.0149999999999999
ITUB4,1.015,90,SVC,2020-11-06,1,1,0.0149999999999999
ITUB4,1.015,90,RNA,2020-11-09,1,1,0.0149999999999999
ITUB4,1.015,90,Random Forest,2020-11-09,1,1,0.0149999999999999
ITUB4,1.015,90,SVC,2020-11-09,1,1,0.0149999999999999
ITUB4,1.015,90,RNA,2020-11-10,1,1,0.0149999999999999
ITUB4,1.015,90,Random Forest,2020-11-10,1,1,0.0149999999999999
ITUB4,1.015,90,SVC,2020-11-10,1,1,0.0149999999999999
ITUB4,1.015,90,RNA,2020-11-11,1,1,0.0149999999999999
ITUB4,1.015,90,Random Forest,2020-11-11,1,1,0.0149999999999999
ITUB4,1.015,90,SVC,2020-11-11,1,1,0.0149999999999999
ITUB4,1.015,90,RNA,2020-11-12,1,1,0.0149999999999999
ITUB4,1.015,90,Random Forest,2020-11-12,1,1,0.0149999999999999
ITUB4,1.015,90,SVC,2020-11-12,1,1,0.0149999999999999
ITUB4,1.015,90,RNA,2020-11-13,1,1,0.0149999999999999
ITUB4,1.015,90,Random Forest,2020-11-13,1,1,0.0149999999999999
ITUB4,1.015,90,SVC,2020-11-13,1,1,0.0149999999999999
ITUB4,1.015,90,RNA,2020-11-16,0,1,-0.027919660922846
ITUB4,1.015,90,Random Forest,2020-11-16,0,1,-0.027919660922846
ITUB4,1.015,90,SVC,2020-11-16,0,1,-0.027919660922846
ITUB4,1.015,90,RNA,2020-11-17,0,1,-0.0180088230517778
ITUB4,1.015,90,Random Forest,2020-11-17,0,1,-0.0180088230517778
ITUB4,1.015,90,SVC,2020-11-17,0,1,-0.0180088230517778
ITUB4,1.015,90,RNA,2020-11-18,1,1,0.0149999999999999
ITUB4,1.015,90,Random Forest,2020-11-18,1,0,0.0149999999999999
ITUB4,1.015,90,SVC,2020-11-18,1,1,0.0149999999999999
ITUB4,1.015,90,RNA,2020-11-19,1,1,0.0149999999999999
ITUB4,1.015,90,Random Forest,2020-11-19,1,0,0.0149999999999999
ITUB4,1.015,90,SVC,2020-11-19,1,1,0.0149999999999999
ITUB4,1.015,90,RNA,2020-11-20,1,1,0.0149999999999999
ITUB4,1.015,90,Random Forest,2020-11-20,1,1,0.0149999999999999
ITUB4,1.015,90,SVC,2020-11-20,1,1,0.0149999999999999
ITUB4,1.015,90,RNA,2020-11-23,1,1,0.0149999999999999
ITUB4,1.015,90,Random Forest,2020-11-23,1,1,0.0149999999999999
ITUB4,1.015,90,SVC,2020-11-23,1,1,0.0149999999999999
ITUB4,1.015,90,RNA,2020-11-24,0,1,-0.03578660750852
ITUB4,1.015,90,Random Forest,2020-11-24,0,1,-0.03578660750852
ITUB4,1.015,90,SVC,2020-11-24,0,1,-0.03578660750852
ITUB4,1.015,90,RNA,2020-11-25,1,1,0.0149999999999999
ITUB4,1.015,90,Random Forest,2020-11-25,1,1,0.0149999999999999
ITUB4,1.015,90,SVC,2020-11-25,1,1,0.0149999999999999
ITUB4,1.015,90,RNA,2020-11-26,1,1,0.0149999999999999
ITUB4,1.015,90,Random Forest,2020-11-26,1,1,0.0149999999999999
ITUB4,1.015,90,SVC,2020-11-26,1,1,0.0149999999999999
ITUB4,1.015,90,RNA,2020-11-27,1,1,0.0149999999999999
ITUB4,1.015,90,Random Forest,2020-11-27,1,1,0.0149999999999999
ITUB4,1.015,90,SVC,2020-11-27,1,1,0.0149999999999999
ITUB4,1.015,90,RNA,2020-11-30,1,1,0.0149999999999999
ITUB4,1.015,90,Random Forest,2020-11-30,1,1,0.0149999999999999
ITUB4,1.015,90,SVC,2020-11-30,1,1,0.0149999999999999
ITUB4,1.015,90,RNA,2020-12-01,1,0,0.0149999999999999
ITUB4,1.015,90,Random Forest,2020-12-01,1,1,0.0149999999999999
ITUB4,1.015,90,SVC,2020-12-01,1,1,0.0149999999999999
ITUB4,1.015,90,RNA,2020-12-02,1,1,0.0149999999999999
ITUB4,1.015,90,Random Forest,2020-12-02,1,1,0.0149999999999999
ITUB4,1.015,90,SVC,2020-12-02,1,1,0.0149999999999999
ITUB4,1.015,90,RNA,2020-12-03,1,1,0.0149999999999999
ITUB4,1.015,90,Random Forest,2020-12-03,1,1,0.0149999999999999
ITUB4,1.015,90,SVC,2020-12-03,1,1,0.0149999999999999
ITUB4,1.015,90,RNA,2020-12-04,1,1,0.0149999999999999
ITUB4,1.015,90,Random Forest,2020-12-04,1,1,0.0149999999999999
ITUB4,1.015,90,SVC,2020-12-04,1,1,0.0149999999999999
ITUB4,1.015,90,RNA,2020-12-07,1,1,0.0149999999999999
ITUB4,1.015,90,Random Forest,2020-12-07,1,1,0.0149999999999999
ITUB4,1.015,90,SVC,2020-12-07,1,1,0.0149999999999999
ITUB4,1.015,90,RNA,2020-12-08,1,1,0.0149999999999999
ITUB4,1.015,90,Random Forest,2020-12-08,1,1,0.0149999999999999
ITUB4,1.015,90,SVC,2020-12-08,1,1,0.0149999999999999
ITUB4,1.015,90,RNA,2020-12-09,1,1,0.0149999999999999
ITUB4,1.015,90,Random Forest,2020-12-09,1,1,0.0149999999999999
ITUB4,1.015,90,SVC,2020-12-09,1,1,0.0149999999999999
ITUB4,1.015,90,RNA,2020-12-10,1,1,0.0149999999999999
ITUB4,1.015,90,Random Forest,2020-12-10,1,1,0.0149999999999999
ITUB4,1.015,90,SVC,2020-12-10,1,1,0.0149999999999999
ITUB4,1.015,90,RNA,2020-12-11,1,1,0.0149999999999999
ITUB4,1.015,90,Random Forest,2020-12-11,1,1,0.0149999999999999
ITUB4,1.015,90,SVC,2020-12-11,1,1,0.0149999999999999
ITUB4,1.015,90,RNA,2020-12-14,1,1,0.0149999999999999
ITUB4,1.015,90,Random Forest,2020-12-14,1,1,0.0149999999999999
ITUB4,1.015,90,SVC,2020-12-14,1,1,0.0149999999999999
ITUB4,1.015,90,RNA,2020-12-15,1,1,0.0149999999999999
ITUB4,1.015,90,Random Forest,2020-12-15,1,1,0.0149999999999999
ITUB4,1.015,90,SVC,2020-12-15,1,1,0.0149999999999999
ITUB4,1.015,90,RNA,2020-12-16,0,1,-0.0200689812405855
ITUB4,1.015,90,Random Forest,2020-12-16,0,1,-0.0200689812405855
ITUB4,1.015,90,SVC,2020-12-16,0,1,-0.0200689812405855
ITUB4,1.015,90,RNA,2020-12-17,0,1,0.0069356751979159
ITUB4,1.015,90,Random Forest,2020-12-17,0,1,0.0069356751979159
ITUB4,1.015,90,SVC,2020-12-17,0,1,0.0069356751979159
ITUB4,1.015,90,RNA,2020-12-18,1,1,0.0149999999999999
ITUB4,1.015,90,Random Forest,2020-12-18,1,1,0.0149999999999999
ITUB4,1.015,90,SVC,2020-12-18,1,1,0.0149999999999999
ITUB4,1.015,90,RNA,2020-12-21,1,1,0.0149999999999999
ITUB4,1.015,90,Random Forest,2020-12-21,1,1,0.0149999999999999
ITUB4,1.015,90,SVC,2020-12-21,1,1,0.0149999999999999
ITUB4,1.015,90,RNA,2020-12-22,1,1,0.0149999999999999
ITUB4,1.015,90,Random Forest,2020-12-22,1,1,0.0149999999999999
ITUB4,1.015,90,SVC,2020-12-22,1,1,0.0149999999999999
ITUB4,1.015,90,RNA,2020-12-23,0,1,-0.0405135301232991
ITUB4,1.015,90,Random Forest,2020-12-23,0,1,-0.0405135301232991
ITUB4,1.015,90,SVC,2020-12-23,0,1,-0.0405135301232991
ITUB4,1.015,90,RNA,2020-12-28,0,1,-0.0482008225666257
ITUB4,1.015,90,Random Forest,2020-12-28,0,1,-0.0482008225666257
ITUB4,1.015,90,SVC,2020-12-28,0,1,-0.0482008225666257
ITUB4,1.015,90,RNA,2020-12-29,0,1,-0.0197216823578263
ITUB4,1.015,90,Random Forest,2020-12-29,0,0,-0.0197216823578263
ITUB4,1.015,90,SVC,2020-12-29,0,1,-0.0197216823578263
ITUB4,1.015,90,RNA,2020-12-30,1,1,0.0149999999999999
ITUB4,1.015,90,Random Forest,2020-12-30,1,0,0.0149999999999999
ITUB4,1.015,90,SVC,2020-12-30,1,1,0.0149999999999999
ITUB4,1.015,90,RNA,2021-01-04,1,1,0.0149999999999999
ITUB4,1.015,90,Random Forest,2021-01-04,1,1,0.0149999999999999
ITUB4,1.015,90,SVC,2021-01-04,1,1,0.0149999999999999
ITUB4,1.015,90,RNA,2021-01-05,1,1,0.0149999999999999
ITUB4,1.015,90,Random Forest,2021-01-05,1,1,0.0149999999999999
ITUB4,1.015,90,SVC,2021-01-05,1,1,0.0149999999999999
ITUB4,1.015,90,RNA,2021-01-06,1,1,0.0149999999999999
ITUB4,1.015,90,Random Forest,2021-01-06,1,1,0.0149999999999999
ITUB4,1.015,90,SVC,2021-01-06,1,1,0.0149999999999999
ITUB4,1.015,90,RNA,2021-01-07,1,1,0.0149999999999999
ITUB4,1.015,90,Random Forest,2021-01-07,1,1,0.0149999999999999
ITUB4,1.015,90,SVC,2021-01-07,1,1,0.0149999999999999
ITUB4,1.015,90,RNA,2021-01-08,0,1,0.0036957017820189
ITUB4,1.015,90,Random Forest,2021-01-08,0,0,0.0036957017820189
ITUB4,1.015,90,SVC,2021-01-08,0,1,0.0036957017820189
ITUB4,1.015,90,RNA,2021-01-11,1,1,0.0149999999999999
ITUB4,1.015,90,Random Forest,2021-01-11,1,1,0.0149999999999999
ITUB4,1.015,90,SVC,2021-01-11,1,1,0.0149999999999999
ITUB4,1.015,90,RNA,2021-01-12,1,1,0.0149999999999999
ITUB4,1.015,90,Random Forest,2021-01-12,1,1,0.0149999999999999
ITUB4,1.015,90,SVC,2021-01-12,1,1,0.0149999999999999
ITUB4,1.015,90,RNA,2021-01-13,1,1,0.0149999999999999
ITUB4,1.015,90,Random Forest,2021-01-13,1,1,0.0149999999999999
ITUB4,1.015,90,SVC,2021-01-13,1,1,0.0149999999999999
ITUB4,1.015,90,RNA,2021-01-14,0,1,-0.0539781202614298
ITUB4,1.015,90,Random Forest,2021-01-14,0,1,-0.0539781202614298
ITUB4,1.015,90,SVC,2021-01-14,0,1,-0.0539781202614298
ITUB4,1.015,90,RNA,2021-01-15,0,1,-0.0552747969843345
ITUB4,1.015,90,Random Forest,2021-01-15,0,1,-0.0552747969843345
ITUB4,1.015,90,SVC,2021-01-15,0,1,-0.0552747969843345
ITUB4,1.015,90,RNA,2021-01-18,0,1,-0.0704985864229434
ITUB4,1.015,90,Random Forest,2021-01-18,0,1,-0.0704985864229434
ITUB4,1.015,90,SVC,2021-01-18,0,1,-0.0704985864229434
ITUB4,1.015,90,RNA,2021-01-19,0,1,-0.0886150239810069
ITUB4,1.015,90,Random Forest,2021-01-19,0,1,-0.0886150239810069
ITUB4,1.015,90,SVC,2021-01-19,0,1,-0.0886150239810069
ITUB4,1.015,90,RNA,2021-01-20,0,1,-0.0673328039288109
ITUB4,1.015,90,Random Forest,2021-01-20,0,0,-0.0673328039288109
ITUB4,1.015,90,SVC,2021-01-20,0,1,-0.0673328039288109
ITUB4,1.015,90,RNA,2021-01-21,1,1,0.0149999999999999
ITUB4,1.015,90,Random Forest,2021-01-21,1,0,0.0149999999999999
ITUB4,1.015,90,SVC,2021-01-21,1,1,0.0149999999999999
ITUB4,1.015,90,RNA,2021-01-22,1,1,0.0149999999999999
ITUB4,1.015,90,Random Forest,2021-01-22,1,0,0.0149999999999999
ITUB4,1.015,90,SVC,2021-01-22,1,1,0.0149999999999999
ITUB4,1.015,90,RNA,2021-01-26,1,0,0.0149999999999999
ITUB4,1.015,90,Random Forest,2021-01-26,1,0,0.0149999999999999
ITUB4,1.015,90,SVC,2021-01-26,1,1,0.0149999999999999
ITUB4,1.015,90,RNA,2021-01-27,1,1,0.0149999999999999
ITUB4,1.015,90,Random Forest,2021-01-27,1,1,0.0149999999999999
ITUB4,1.015,90,SVC,2021-01-27,1,1,0.0149999999999999
ITUB4,1.015,90,RNA,2021-01-28,0,1,-0.0302878339971227
ITUB4,1.015,90,Random Forest,2021-01-28,0,1,-0.0302878339971227
ITUB4,1.015,90,SVC,2021-01-28,0,1,-0.0302878339971227
ITUB4,1.015,90,RNA,2021-01-29,0,1,-0.0275861770707103
ITUB4,1.015,90,Random Forest,2021-01-29,0,1,-0.0275861770707103
ITUB4,1.015,90,SVC,2021-01-29,0,1,-0.0275861770707103
ITUB4,1.015,90,RNA,2021-02-01,0,1,-0.0343878997321204
ITUB4,1.015,90,Random Forest,2021-02-01,0,1,-0.0343878997321204
ITUB4,1.015,90,SVC,2021-02-01,0,1,-0.0343878997321204
ITUB4,1.015,90,RNA,2021-02-02,0,1,-0.0417246003802067
ITUB4,1.015,90,Random Forest,2021-02-02,0,0,-0.0417246003802067
ITUB4,1.015,90,SVC,2021-02-02,0,1,-0.0417246003802067
ITUB4,1.015,90,RNA,2021-02-03,0,1,-0.0224325147761027
ITUB4,1.015,90,Random Forest,2021-02-03,0,0,-0.0224325147761027
ITUB4,1.015,90,SVC,2021-02-03,0,1,-0.0224325147761027
ITUB4,1.015,90,RNA,2021-02-04,0,0,-0.0219003777680932
ITUB4,1.015,90,Random Forest,2021-02-04,0,0,-0.0219003777680932
ITUB4,1.015,90,SVC,2021-02-04,0,1,-0.0219003777680932
ITUB4,1.015,90,RNA,2021-02-05,0,1,-0.0110713935270033
ITUB4,1.015,90,Random Forest,2021-02-05,0,0,-0.0110713935270033
ITUB4,1.015,90,SVC,2021-02-05,0,1,-0.0110713935270033
ITUB4,1.015,90,RNA,2021-02-08,1,1,0.0149999999999999
ITUB4,1.015,90,Random Forest,2021-02-08,1,0,0.0149999999999999
ITUB4,1.015,90,SVC,2021-02-08,1,0,0.0149999999999999
ITUB4,1.015,90,RNA,2021-02-09,0,0,0.0075269177469319
ITUB4,1.015,90,Random Forest,2021-02-09,0,0,0.0075269177469319
ITUB4,1.015,90,SVC,2021-02-09,0,0,0.0075269177469319
ITUB4,1.015,90,RNA,2021-02-10,1,0,0.0149999999999999
ITUB4,1.015,90,Random Forest,2021-02-10,1,0,0.0149999999999999
ITUB4,1.015,90,SVC,2021-02-10,1,1,0.0149999999999999
ITUB4,1.015,90,RNA,2021-02-11,1,0,0.0149999999999999
ITUB4,1.015,90,Random Forest,2021-02-11,1,1,0.0149999999999999
ITUB4,1.015,90,SVC,2021-02-11,1,0,0.0149999999999999
ITUB4,1.015,90,RNA,2021-02-12,1,1,0.0149999999999999
ITUB4,1.015,90,Random Forest,2021-02-12,1,1,0.0149999999999999
ITUB4,1.015,90,SVC,2021-02-12,1,1,0.0149999999999999
ITUB4,1.015,90,RNA,2021-02-17,1,1,0.0149999999999999
ITUB4,1.015,90,Random Forest,2021-02-17,1,1,0.0149999999999999
ITUB4,1.015,90,SVC,2021-02-17,1,1,0.0149999999999999
ITUB4,1.015,90,RNA,2021-02-18,0,1,-0.0372893524407473
ITUB4,1.015,90,Random Forest,2021-02-18,0,1,-0.0372893524407473
ITUB4,1.015,90,SVC,2021-02-18,0,1,-0.0372893524407473
ITUB4,1.015,90,RNA,2021-02-19,1,1,0.0149999999999999
ITUB4,1.015,90,Random Forest,2021-02-19,1,1,0.0149999999999999
ITUB4,1.015,90,SVC,2021-02-19,1,1,0.0149999999999999
ITUB4,1.015,90,RNA,2021-02-22,1,0,0.0149999999999999
ITUB4,1.015,90,Random Forest,2021-02-22,1,1,0.0149999999999999
ITUB4,1.015,90,SVC,2021-02-22,1,1,0.0149999999999999
ITUB4,1.015,90,RNA,2021-02-23,0,1,-0.0913225913590477
ITUB4,1.015,90,Random Forest,2021-02-23,0,0,-0.0913225913590477
ITUB4,1.015,90,SVC,2021-02-23,0,1,-0.0913225913590477
ITUB4,1.015,90,RNA,2021-02-24,0,1,-0.0360118712557699
ITUB4,1.015,90,Random Forest,2021-02-24,0,1,-0.0360118712557699
ITUB4,1.015,90,SVC,2021-02-24,0,1,-0.0360118712557699
ITUB4,1.015,90,RNA,2021-02-25,0,1,-0.0135430252372836
ITUB4,1.015,90,Random Forest,2021-02-25,0,1,-0.0135430252372836
ITUB4,1.015,90,SVC,2021-02-25,0,1,-0.0135430252372836
ITUB4,1.015,90,RNA,2021-02-26,1,0,0.0149999999999999
ITUB4,1.015,90,Random Forest,2021-02-26,1,0,0.0149999999999999
ITUB4,1.015,90,SVC,2021-02-26,1,1,0.0149999999999999
ITUB4,1.015,90,RNA,2021-03-01,1,1,0.0149999999999999
ITUB4,1.015,90,Random Forest,2021-03-01,1,0,0.0149999999999999
ITUB4,1.015,90,SVC,2021-03-01,1,1,0.0149999999999999
ITUB4,1.015,90,RNA,2021-03-02,1,1,0.0149999999999999
ITUB4,1.015,90,Random Forest,2021-03-02,1,0,0.0149999999999999
ITUB4,1.015,90,SVC,2021-03-02,1,1,0.0149999999999999
ITUB4,1.015,90,RNA,2021-03-03,1,1,0.0149999999999999
ITUB4,1.015,90,Random Forest,2021-03-03,1,1,0.0149999999999999
ITUB4,1.015,90,SVC,2021-03-03,1,1,0.0149999999999999
ITUB4,1.015,90,RNA,2021-03-04,1,0,0.0149999999999999
ITUB4,1.015,90,Random Forest,2021-03-04,1,1,0.0149999999999999
ITUB4,1.015,90,SVC,2021-03-04,1,1,0.0149999999999999
ITUB4,1.015,90,RNA,2021-03-05,1,1,0.0149999999999999
ITUB4,1.015,90,Random Forest,2021-03-05,1,1,0.0149999999999999
ITUB4,1.015,90,SVC,2021-03-05,1,1,0.0149999999999999
ITUB4,1.015,90,RNA,2021-03-08,1,1,0.0149999999999999
ITUB4,1.015,90,Random Forest,2021-03-08,1,0,0.0149999999999999
ITUB4,1.015,90,SVC,2021-03-08,1,1,0.0149999999999999
ITUB4,1.015,90,RNA,2021-03-09,1,1,0.0149999999999999
ITUB4,1.015,90,Random Forest,2021-03-09,1,1,0.0149999999999999
ITUB4,1.015,90,SVC,2021-03-09,1,1,0.0149999999999999
ITUB4,1.015,90,RNA,2021-03-10,0,1,-0.0239130229278435
ITUB4,1.015,90,Random Forest,2021-03-10,0,1,-0.0239130229278435
ITUB4,1.015,90,SVC,2021-03-10,0,1,-0.0239130229278435
ITUB4,1.015,90,RNA,2021-03-11,1,1,0.0149999999999999
ITUB4,1.015,90,Random Forest,2021-03-11,1,1,0.0149999999999999
ITUB4,1.015,90,SVC,2021-03-11,1,1,0.0149999999999999
ITUB4,1.015,90,RNA,2021-03-12,1,1,0.0149999999999999
ITUB4,1.015,90,Random Forest,2021-03-12,1,0,0.0149999999999999
ITUB4,1.015,90,SVC,2021-03-12,1,1,0.0149999999999999
ITUB4,1.015,90,RNA,2021-03-15,1,0,0.0149999999999999
ITUB4,1.015,90,Random Forest,2021-03-15,1,1,0.0149999999999999
ITUB4,1.015,90,SVC,2021-03-15,1,1,0.0149999999999999
ITUB4,1.015,90,RNA,2021-03-16,1,1,0.0149999999999999
ITUB4,1.015,90,Random Forest,2021-03-16,1,1,0.0149999999999999
ITUB4,1.015,90,SVC,2021-03-16,1,1,0.0149999999999999
ITUB4,1.015,90,RNA,2021-03-17,1,1,0.0149999999999999
ITUB4,1.015,90,Random Forest,2021-03-17,1,1,0.0149999999999999
ITUB4,1.015,90,SVC,2021-03-17,1,1,0.0149999999999999
ITUB4,1.015,90,RNA,2021-03-18,0,1,-0.0378895425858152
ITUB4,1.015,90,Random Forest,2021-03-18,0,1,-0.0378895425858152
ITUB4,1.015,90,SVC,2021-03-18,0,1,-0.0378895425858152
ITUB4,1.015,90,RNA,2021-03-19,1,0,0.0149999999999999
ITUB4,1.015,90,Random Forest,2021-03-19,1,1,0.0149999999999999
ITUB4,1.015,90,SVC,2021-03-19,1,1,0.0149999999999999
ITUB4,1.015,90,RNA,2021-03-22,1,1,0.0149999999999999
ITUB4,1.015,90,Random Forest,2021-03-22,1,1,0.0149999999999999
ITUB4,1.015,90,SVC,2021-03-22,1,1,0.0149999999999999
ITUB4,1.015,90,RNA,2021-03-23,1,1,0.0149999999999999
ITUB4,1.015,90,Random Forest,2021-03-23,1,1,0.0149999999999999
ITUB4,1.015,90,SVC,2021-03-23,1,1,0.0149999999999999
ITUB4,1.015,90,RNA,2021-03-24,1,1,0.0149999999999999
ITUB4,1.015,90,Random Forest,2021-03-24,1,0,0.0149999999999999
ITUB4,1.015,90,SVC,2021-03-24,1,1,0.0149999999999999
ITUB4,1.015,90,RNA,2021-03-25,1,1,0.0149999999999999
ITUB4,1.015,90,Random Forest,2021-03-25,1,1,0.0149999999999999
ITUB4,1.015,90,SVC,2021-03-25,1,1,0.0149999999999999
ITUB4,1.015,90,RNA,2021-03-26,1,1,0.0149999999999999
ITUB4,1.015,90,Random Forest,2021-03-26,1,1,0.0149999999999999
ITUB4,1.015,90,SVC,2021-03-26,1,1,0.0149999999999999
ITUB4,1.015,90,RNA,2021-03-29,1,1,0.0149999999999999
ITUB4,1.015,90,Random Forest,2021-03-29,1,1,0.0149999999999999
ITUB4,1.015,90,SVC,2021-03-29,1,1,0.0149999999999999
ITUB4,1.015,90,RNA,2021-03-30,0,1,-0.0411674591974341
ITUB4,1.015,90,Random Forest,2021-03-30,0,1,-0.0411674591974341
ITUB4,1.015,90,SVC,2021-03-30,0,1,-0.0411674591974341
ITUB4,1.015,90,RNA,2021-03-31,0,1,-0.0440810652683939
ITUB4,1.015,90,Random Forest,2021-03-31,0,1,-0.0440810652683939
ITUB4,1.015,90,SVC,2021-03-31,0,1,-0.0440810652683939
ITUB4,1.015,90,RNA,2021-04-01,0,1,-0.0248537609495226
ITUB4,1.015,90,Random Forest,2021-04-01,0,1,-0.0248537609495226
ITUB4,1.015,90,SVC,2021-04-01,0,1,-0.0248537609495226
ITUB4,1.015,90,RNA,2021-04-05,0,1,-0.0312726944325443
ITUB4,1.015,90,Random Forest,2021-04-05,0,0,-0.0312726944325443
ITUB4,1.015,90,SVC,2021-04-05,0,1,-0.0312726944325443
ITUB4,1.015,90,RNA,2021-04-06,0,1,0.0103626917571664
ITUB4,1.015,90,Random Forest,2021-04-06,0,1,0.0103626917571664
ITUB4,1.015,90,SVC,2021-04-06,0,1,0.0103626917571664
ITUB4,1.015,90,RNA,2021-04-07,1,0,0.0149999999999999
ITUB4,1.015,90,Random Forest,2021-04-07,1,1,0.0149999999999999
ITUB4,1.015,90,SVC,2021-04-07,1,1,0.0149999999999999
ITUB4,1.015,90,RNA,2021-04-08,1,1,0.0149999999999999
ITUB4,1.015,90,Random Forest,2021-04-08,1,1,0.0149999999999999
ITUB4,1.015,90,SVC,2021-04-08,1,1,0.0149999999999999
ITUB4,1.015,90,RNA,2021-04-09,1,0,0.0149999999999999
ITUB4,1.015,90,Random Forest,2021-04-09,1,1,0.0149999999999999
ITUB4,1.015,90,SVC,2021-04-09,1,1,0.0149999999999999
ITUB4,1.015,90,RNA,2021-04-12,1,1,0.0149999999999999
ITUB4,1.015,90,Random Forest,2021-04-12,1,1,0.0149999999999999
ITUB4,1.015,90,SVC,2021-04-12,1,1,0.0149999999999999
ITUB4,1.015,90,RNA,2021-04-13,1,1,0.0149999999999999
ITUB4,1.015,90,Random Forest,2021-04-13,1,1,0.0149999999999999
ITUB4,1.015,90,SVC,2021-04-13,1,1,0.0149999999999999
ITUB4,1.015,90,RNA,2021-04-14,1,1,0.0149999999999999
ITUB4,1.015,90,Random Forest,2021-04-14,1,1,0.0149999999999999
ITUB4,1.015,90,SVC,2021-04-14,1,1,0.0149999999999999
ITUB4,1.015,90,RNA,2021-04-15,1,1,0.0149999999999999
ITUB4,1.015,90,Random Forest,2021-04-15,1,0,0.0149999999999999
ITUB4,1.015,90,SVC,2021-04-15,1,1,0.0149999999999999
ITUB4,1.015,90,RNA,2021-04-16,0,1,-0.0125537985959441
ITUB4,1.015,90,Random Forest,2021-04-16,0,1,-0.0125537985959441
ITUB4,1.015,90,SVC,2021-04-16,0,1,-0.0125537985959441
ITUB4,1.015,90,RNA,2021-04-19,1,1,0.0149999999999999
ITUB4,1.015,90,Random Forest,2021-04-19,1,1,0.0149999999999999
ITUB4,1.015,90,SVC,2021-04-19,1,1,0.0149999999999999
ITUB4,1.015,90,RNA,2021-04-20,0,1,-0.0159825944875235
ITUB4,1.015,90,Random Forest,2021-04-20,0,1,-0.0159825944875235
ITUB4,1.015,90,SVC,2021-04-20,0,1,-0.0159825944875235
ITUB4,1.015,90,RNA,2021-04-22,1,1,0.0149999999999999
ITUB4,1.015,90,Random Forest,2021-04-22,1,1,0.0149999999999999
ITUB4,1.015,90,SVC,2021-04-22,1,1,0.0149999999999999
ITUB4,1.015,90,RNA,2021-04-23,1,0,0.0149999999999999
ITUB4,1.015,90,Random Forest,2021-04-23,1,1,0.0149999999999999
ITUB4,1.015,90,SVC,2021-04-23,1,1,0.0149999999999999
ITUB4,1.015,90,RNA,2021-04-26,1,0,0.0149999999999999
ITUB4,1.015,90,Random Forest,2021-04-26,1,1,0.0149999999999999
ITUB4,1.015,90,SVC,2021-04-26,1,1,0.0149999999999999
ITUB4,1.015,90,RNA,2021-04-27,1,1,0.0149999999999999
ITUB4,1.015,90,Random Forest,2021-04-27,1,1,0.0149999999999999
ITUB4,1.015,90,SVC,2021-04-27,1,1,0.0149999999999999
ITUB4,1.015,90,RNA,2021-04-28,0,1,-0.0516478443557051
ITUB4,1.015,90,Random Forest,2021-04-28,0,1,-0.0516478443557051
ITUB4,1.015,90,SVC,2021-04-28,0,1,-0.0516478443557051
ITUB4,1.015,90,RNA,2021-04-29,1,1,0.0149999999999999
ITUB4,1.015,90,Random Forest,2021-04-29,1,1,0.0149999999999999
ITUB4,1.015,90,SVC,2021-04-29,1,1,0.0149999999999999
ITUB4,1.015,90,RNA,2021-04-30,1,1,0.0149999999999999
ITUB4,1.015,90,Random Forest,2021-04-30,1,1,0.0149999999999999
ITUB4,1.015,90,SVC,2021-04-30,1,1,0.0149999999999999
ITUB4,1.015,90,RNA,2021-05-03,0,1,-0.0167259863540787
ITUB4,1.015,90,Random Forest,2021-05-03,0,1,-0.0167259863540787
ITUB4,1.015,90,SVC,2021-05-03,0,1,-0.0167259863540787
ITUB4,1.015,90,RNA,2021-05-04,1,0,0.0149999999999999
ITUB4,1.015,90,Random Forest,2021-05-04,1,1,0.0149999999999999
ITUB4,1.015,90,SVC,2021-05-04,1,1,0.0149999999999999
ITUB4,1.015,90,RNA,2021-05-05,1,0,0.0149999999999999
ITUB4,1.015,90,Random Forest,2021-05-05,1,1,0.0149999999999999
ITUB4,1.015,90,SVC,2021-05-05,1,1,0.0149999999999999
ITUB4,1.015,90,RNA,2021-05-06,1,1,0.0149999999999999
ITUB4,1.015,90,Random Forest,2021-05-06,1,1,0.0149999999999999
ITUB4,1.015,90,SVC,2021-05-06,1,1,0.0149999999999999
ITUB4,1.015,90,RNA,2021-05-07,1,1,0.0149999999999999
ITUB4,1.015,90,Random Forest,2021-05-07,1,1,0.0149999999999999
ITUB4,1.015,90,SVC,2021-05-07,1,1,0.0149999999999999
ITUB4,1.015,90,RNA,2021-05-10,1,0,0.0149999999999999
ITUB4,1.015,90,Random Forest,2021-05-10,1,1,0.0149999999999999
ITUB4,1.015,90,SVC,2021-05-10,1,1,0.0149999999999999
ITUB4,1.015,90,RNA,2021-05-11,1,1,0.0149999999999999
ITUB4,1.015,90,Random Forest,2021-05-11,1,1,0.0149999999999999
ITUB4,1.015,90,SVC,2021-05-11,1,1,0.0149999999999999
ITUB4,1.015,90,RNA,2021-05-12,1,0,0.0149999999999999
ITUB4,1.015,90,Random Forest,2021-05-12,1,1,0.0149999999999999
ITUB4,1.015,90,SVC,2021-05-12,1,1,0.0149999999999999
ITUB4,1.015,90,RNA,2021-05-13,1,1,0.0149999999999999
ITUB4,1.015,90,Random Forest,2021-05-13,1,1,0.0149999999999999
ITUB4,1.015,90,SVC,2021-05-13,1,1,0.0149999999999999
ITUB4,1.015,90,RNA,2021-05-14,1,1,0.0149999999999999
ITUB4,1.015,90,Random Forest,2021-05-14,1,0,0.0149999999999999
ITUB4,1.015,90,SVC,2021-05-14,1,1,0.0149999999999999
ITUB4,1.015,90,RNA,2021-05-17,1,1,0.0149999999999999
ITUB4,1.015,90,Random Forest,2021-05-17,1,1,0.0149999999999999
ITUB4,1.015,90,SVC,2021-05-17,1,1,0.0149999999999999
ITUB4,1.015,90,RNA,2021-05-18,1,1,0.0149999999999999
ITUB4,1.015,90,Random Forest,2021-05-18,1,0,0.0149999999999999
ITUB4,1.015,90,SVC,2021-05-18,1,1,0.0149999999999999
ITUB4,1.015,90,RNA,2021-05-19,1,1,0.0149999999999999
ITUB4,1.015,90,Random Forest,2021-05-19,1,1,0.0149999999999999
ITUB4,1.015,90,SVC,2021-05-19,1,1,0.0149999999999999
ITUB4,1.015,90,RNA,2021-05-20,0,1,0.004054369766641
ITUB4,1.015,90,Random Forest,2021-05-20,0,1,0.004054369766641
ITUB4,1.015,90,SVC,2021-05-20,0,1,0.004054369766641
ITUB4,1.015,90,RNA,2021-05-21,0,1,-0.0108909888930758
ITUB4,1.015,90,Random Forest,2021-05-21,0,1,-0.0108909888930758
ITUB4,1.015,90,SVC,2021-05-21,0,1,-0.0108909888930758
ITUB4,1.015,90,RNA,2021-05-24,0,1,0.010572990218064
ITUB4,1.015,90,Random Forest,2021-05-24,0,0,0.010572990218064
ITUB4,1.015,90,SVC,2021-05-24,0,1,0.010572990218064
ITUB4,1.015,90,RNA,2021-05-25,1,1,0.0149999999999999
ITUB4,1.015,90,Random Forest,2021-05-25,1,0,0.0149999999999999
ITUB4,1.015,90,SVC,2021-05-25,1,1,0.0149999999999999
ITUB4,1.015,90,RNA,2021-05-26,1,1,0.0149999999999999
ITUB4,1.015,90,Random Forest,2021-05-26,1,1,0.0149999999999999
ITUB4,1.015,90,SVC,2021-05-26,1,1,0.0149999999999999
ITUB4,1.015,90,RNA,2021-05-27,1,1,0.0149999999999999
ITUB4,1.015,90,Random Forest,2021-05-27,1,0,0.0149999999999999
ITUB4,1.015,90,SVC,2021-05-27,1,1,0.0149999999999999
ITUB4,1.015,90,RNA,2021-05-28,1,1,0.0149999999999999
ITUB4,1.015,90,Random Forest,2021-05-28,1,1,0.0149999999999999
ITUB4,1.015,90,SVC,2021-05-28,1,1,0.0149999999999999
ITUB4,1.015,90,RNA,2021-05-31,1,1,0.0149999999999999
ITUB4,1.015,90,Random Forest,2021-05-31,1,0,0.0149999999999999
ITUB4,1.015,90,SVC,2021-05-31,1,1,0.0149999999999999
ITUB4,1.015,90,RNA,2021-06-01,1,1,0.0149999999999999
ITUB4,1.015,90,Random Forest,2021-06-01,1,1,0.0149999999999999
ITUB4,1.015,90,SVC,2021-06-01,1,1,0.0149999999999999
ITUB4,1.015,90,RNA,2021-06-02,1,0,0.0149999999999999
ITUB4,1.015,90,Random Forest,2021-06-02,1,1,0.0149999999999999
ITUB4,1.015,90,SVC,2021-06-02,1,1,0.0149999999999999
ITUB4,1.015,90,RNA,2021-06-04,1,1,0.0149999999999999
ITUB4,1.015,90,Random Forest,2021-06-04,1,0,0.0149999999999999
ITUB4,1.015,90,SVC,2021-06-04,1,1,0.0149999999999999
ITUB4,1.015,90,RNA,2021-06-07,1,1,0.0149999999999999
ITUB4,1.015,90,Random Forest,2021-06-07,1,1,0.0149999999999999
ITUB4,1.015,90,SVC,2021-06-07,1,1,0.0149999999999999
ITUB4,1.015,90,RNA,2021-06-08,1,1,0.0149999999999999
ITUB4,1.015,90,Random Forest,2021-06-08,1,1,0.0149999999999999
ITUB4,1.015,90,SVC,2021-06-08,1,1,0.0149999999999999
ITUB4,1.015,90,RNA,2021-06-09,0,1,-0.0285714061229996
ITUB4,1.015,90,Random Forest,2021-06-09,0,1,-0.0285714061229996
ITUB4,1.015,90,SVC,2021-06-09,0,1,-0.0285714061229996
ITUB4,1.015,90,RNA,2021-06-10,1,1,0.0149999999999999
ITUB4,1.015,90,Random Forest,2021-06-10,1,1,0.0149999999999999
ITUB4,1.015,90,SVC,2021-06-10,1,1,0.0149999999999999
ITUB4,1.015,90,RNA,2021-06-11,1,1,0.0149999999999999
ITUB4,1.015,90,Random Forest,2021-06-11,1,1,0.0149999999999999
ITUB4,1.015,90,SVC,2021-06-11,1,1,0.0149999999999999
ITUB4,1.015,90,RNA,2021-06-14,1,1,0.0149999999999999
ITUB4,1.015,90,Random Forest,2021-06-14,1,1,0.0149999999999999
ITUB4,1.015,90,SVC,2021-06-14,1,1,0.0149999999999999
ITUB4,1.015,90,RNA,2021-06-15,1,1,0.0149999999999999
ITUB4,1.015,90,Random Forest,2021-06-15,1,1,0.0149999999999999
ITUB4,1.015,90,SVC,2021-06-15,1,1,0.0149999999999999
ITUB4,1.015,90,RNA,2021-06-16,1,1,0.0149999999999999
ITUB4,1.015,90,Random Forest,2021-06-16,1,1,0.0149999999999999
ITUB4,1.015,90,SVC,2021-06-16,1,1,0.0149999999999999
ITUB4,1.015,90,RNA,2021-06-17,0,1,-0.0290076483557939
ITUB4,1.015,90,Random Forest,2021-06-17,0,1,-0.0290076483557939
ITUB4,1.015,90,SVC,2021-06-17,0,1,-0.0290076483557939
ITUB4,1.015,90,RNA,2021-06-18,1,1,0.0149999999999999
ITUB4,1.015,90,Random Forest,2021-06-18,1,1,0.0149999999999999
ITUB4,1.015,90,SVC,2021-06-18,1,1,0.0149999999999999
ITUB4,1.015,90,RNA,2021-06-21,0,1,-0.0443686033034103
ITUB4,1.015,90,Random Forest,2021-06-21,0,0,-0.0443686033034103
ITUB4,1.015,90,SVC,2021-06-21,0,1,-0.0443686033034103
ITUB4,1.015,90,RNA,2021-06-22,1,1,0.0149999999999999
ITUB4,1.015,90,Random Forest,2021-06-22,1,1,0.0149999999999999
ITUB4,1.015,90,SVC,2021-06-22,1,1,0.0149999999999999
ITUB4,1.015,90,RNA,2021-06-23,0,1,-0.0627913971100218
ITUB4,1.015,90,Random Forest,2021-06-23,0,0,-0.0627913971100218
ITUB4,1.015,90,SVC,2021-06-23,0,1,-0.0627913971100218
ITUB4,1.015,90,RNA,2021-06-24,0,1,-0.0681676276296294
ITUB4,1.015,90,Random Forest,2021-06-24,0,1,-0.0681676276296294
ITUB4,1.015,90,SVC,2021-06-24,0,1,-0.0681676276296294
ITUB4,1.015,90,RNA,2021-06-25,0,0,-0.036804743237627
ITUB4,1.015,90,Random Forest,2021-06-25,0,0,-0.036804743237627
ITUB4,1.015,90,SVC,2021-06-25,0,1,-0.036804743237627
ITUB4,1.015,90,RNA,2021-06-28,0,1,-0.0077626069229377
ITUB4,1.015,90,Random Forest,2021-06-28,0,0,-0.0077626069229377
ITUB4,1.015,90,SVC,2021-06-28,0,1,-0.0077626069229377
ITUB4,1.015,90,RNA,2021-06-29,0,1,-0.0128367402431293
ITUB4,1.015,90,Random Forest,2021-06-29,0,0,-0.0128367402431293
ITUB4,1.015,90,SVC,2021-06-29,0,1,-0.0128367402431293
ITUB4,1.015,90,RNA,2021-06-30,0,1,-0.0174555298292327
ITUB4,1.015,90,Random Forest,2021-06-30,0,0,-0.0174555298292327
ITUB4,1.015,90,SVC,2021-06-30,0,1,-0.0174555298292327
ITUB4,1.015,90,RNA,2021-07-01,0,1,-0.0066934350348086
ITUB4,1.015,90,Random Forest,2021-07-01,0,0,-0.0066934350348086
ITUB4,1.015,90,SVC,2021-07-01,0,1,-0.0066934350348086
ITUB4,1.015,90,RNA,2021-07-02,0,1,-0.0144683377106663
ITUB4,1.015,90,Random Forest,2021-07-02,0,0,-0.0144683377106663
ITUB4,1.015,90,SVC,2021-07-02,0,0,-0.0144683377106663
ITUB4,1.015,90,RNA,2021-07-05,1,1,0.0149999999999999
ITUB4,1.015,90,Random Forest,2021-07-05,1,0,0.0149999999999999
ITUB4,1.015,90,SVC,2021-07-05,1,1,0.0149999999999999
ITUB4,1.015,90,RNA,2021-07-06,1,0,0.0149999999999999
ITUB4,1.015,90,Random Forest,2021-07-06,1,0,0.0149999999999999
ITUB4,1.015,90,SVC,2021-07-06,1,1,0.0149999999999999
ITUB4,1.015,90,RNA,2021-07-07,1,1,0.0149999999999999
ITUB4,1.015,90,Random Forest,2021-07-07,1,0,0.0149999999999999
ITUB4,1.015,90,SVC,2021-07-07,1,1,0.0149999999999999
ITUB4,1.015,90,RNA,2021-07-08,1,0,0.0149999999999999
ITUB4,1.015,90,Random Forest,2021-07-08,1,0,0.0149999999999999
ITUB4,1.015,90,SVC,2021-07-08,1,1,0.0149999999999999
ITUB4,1.015,90,RNA,2021-07-12,1,0,0.0149999999999999
ITUB4,1.015,90,Random Forest,2021-07-12,1,1,0.0149999999999999
ITUB4,1.015,90,SVC,2021-07-12,1,1,0.0149999999999999
ITUB4,1.015,90,RNA,2021-07-13,1,0,0.0149999999999999
ITUB4,1.015,90,Random Forest,2021-07-13,1,1,0.0149999999999999
ITUB4,1.015,90,SVC,2021-07-13,1,1,0.0149999999999999
ITUB4,1.015,90,RNA,2021-07-14,0,0,-0.0194239412419426
ITUB4,1.015,90,Random Forest,2021-07-14,0,1,-0.0194239412419426
ITUB4,1.015,90,SVC,2021-07-14,0,1,-0.0194239412419426
ITUB4,1.015,90,RNA,2021-07-15,0,1,-0.0124286316595101
ITUB4,1.015,90,Random Forest,2021-07-15,0,1,-0.0124286316595101
ITUB4,1.015,90,SVC,2021-07-15,0,1,-0.0124286316595101
ITUB4,1.015,90,RNA,2021-07-16,1,1,0.0149999999999999
ITUB4,1.015,90,Random Forest,2021-07-16,1,1,0.0149999999999999
ITUB4,1.015,90,SVC,2021-07-16,1,1,0.0149999999999999
ITUB4,1.015,90,RNA,2021-07-19,1,1,0.0149999999999999
ITUB4,1.015,90,Random Forest,2021-07-19,1,1,0.0149999999999999
ITUB4,1.015,90,SVC,2021-07-19,1,1,0.0149999999999999
ITUB4,1.015,90,RNA,2021-07-20,1,0,0.0149999999999999
ITUB4,1.015,90,Random Forest,2021-07-20,1,1,0.0149999999999999
ITUB4,1.015,90,SVC,2021-07-20,1,1,0.0149999999999999
ITUB4,1.015,90,RNA,2021-07-21,1,1,0.0149999999999999
ITUB4,1.015,90,Random Forest,2021-07-21,1,1,0.0149999999999999
ITUB4,1.015,90,SVC,2021-07-21,1,1,0.0149999999999999
ITUB4,1.015,90,RNA,2021-07-22,1,1,0.0149999999999999
ITUB4,1.015,90,Random Forest,2021-07-22,1,1,0.0149999999999999
ITUB4,1.015,90,SVC,2021-07-22,1,1,0.0149999999999999
ITUB4,1.015,90,RNA,2021-07-23,1,1,0.0149999999999999
ITUB4,1.015,90,Random Forest,2021-07-23,1,1,0.0149999999999999
ITUB4,1.015,90,SVC,2021-07-23,1,1,0.0149999999999999
ITUB4,1.015,90,RNA,2021-07-26,1,1,0.0149999999999999
ITUB4,1.015,90,Random Forest,2021-07-26,1,1,0.0149999999999999
ITUB4,1.015,90,SVC,2021-07-26,1,1,0.0149999999999999
ITUB4,1.015,90,RNA,2021-07-27,1,1,0.0149999999999999
ITUB4,1.015,90,Random Forest,2021-07-27,1,1,0.0149999999999999
ITUB4,1.015,90,SVC,2021-07-27,1,1,0.0149999999999999
ITUB4,1.015,90,RNA,2021-07-28,1,1,0.0149999999999999
ITUB4,1.015,90,Random Forest,2021-07-28,1,0,0.0149999999999999
ITUB4,1.015,90,SVC,2021-07-28,1,1,0.0149999999999999
ITUB4,1.015,90,RNA,2021-07-29,1,0,0.0149999999999999
ITUB4,1.015,90,Random Forest,2021-07-29,1,0,0.0149999999999999
ITUB4,1.015,90,SVC,2021-07-29,1,1,0.0149999999999999
ITUB4,1.015,90,RNA,2021-07-30,1,1,0.0149999999999999
ITUB4,1.015,90,Random Forest,2021-07-30,1,1,0.0149999999999999
ITUB4,1.015,90,SVC,2021-07-30,1,1,0.0149999999999999
ITUB4,1.015,90,RNA,2021-08-02,0,1,-0.0178343819982774
ITUB4,1.015,90,Random Forest,2021-08-02,0,1,-0.0178343819982774
ITUB4,1.015,90,SVC,2021-08-02,0,1,-0.0178343819982774
ITUB4,1.015,90,RNA,2021-08-03,1,1,0.0149999999999999
ITUB4,1.015,90,Random Forest,2021-08-03,1,1,0.0149999999999999
ITUB4,1.015,90,SVC,2021-08-03,1,1,0.0149999999999999
ITUB4,1.015,90,RNA,2021-08-04,1,1,0.0149999999999999
ITUB4,1.015,90,Random Forest,2021-08-04,1,0,0.0149999999999999
ITUB4,1.015,90,SVC,2021-08-04,1,1,0.0149999999999999
ITUB4,1.015,90,RNA,2021-08-05,1,1,0.0149999999999999
ITUB4,1.015,90,Random Forest,2021-08-05,1,1,0.0149999999999999
ITUB4,1.015,90,SVC,2021-08-05,1,1,0.0149999999999999
ITUB4,1.015,90,RNA,2021-08-06,1,1,0.0149999999999999
ITUB4,1.015,90,Random Forest,2021-08-06,1,1,0.0149999999999999
ITUB4,1.015,90,SVC,2021-08-06,1,1,0.0149999999999999
ITUB4,1.015,90,RNA,2021-08-09,0,1,-0.0121951374336694
ITUB4,1.015,90,Random Forest,2021-08-09,0,1,-0.0121951374336694
ITUB4,1.015,90,SVC,2021-08-09,0,1,-0.0121951374336694
ITUB4,1.015,90,RNA,2021-08-10,1,1,0.0149999999999999
ITUB4,1.015,90,Random Forest,2021-08-10,1,1,0.0149999999999999
ITUB4,1.015,90,SVC,2021-08-10,1,0,0.0149999999999999
ITUB4,1.015,90,RNA,2021-08-11,0,1,-0.0164610586532274
ITUB4,1.015,90,Random Forest,2021-08-11,0,1,-0.0164610586532274
ITUB4,1.015,90,SVC,2021-08-11,0,0,-0.0164610586532274
ITUB4,1.015,90,RNA,2021-08-12,1,1,0.0149999999999999
ITUB4,1.015,90,Random Forest,2021-08-12,1,1,0.0149999999999999
ITUB4,1.015,90,SVC,2021-08-12,1,1,0.0149999999999999
ITUB4,1.015,90,RNA,2021-08-13,1,0,0.0149999999999999
ITUB4,1.015,90,Random Forest,2021-08-13,1,1,0.0149999999999999
ITUB4,1.015,90,SVC,2021-08-13,1,1,0.0149999999999999
ITUB4,1.015,90,RNA,2021-08-16,1,1,0.0149999999999999
ITUB4,1.015,90,Random Forest,2021-08-16,1,1,0.0149999999999999
ITUB4,1.015,90,SVC,2021-08-16,1,1,0.0149999999999999
ITUB4,1.015,90,RNA,2021-08-17,1,1,0.0149999999999999
ITUB4,1.015,90,Random Forest,2021-08-17,1,1,0.0149999999999999
ITUB4,1.015,90,SVC,2021-08-17,1,1,0.0149999999999999
ITUB4,1.015,90,RNA,2021-08-18,1,1,0.0149999999999999
ITUB4,1.015,90,Random Forest,2021-08-18,1,1,0.0149999999999999
ITUB4,1.015,90,SVC,2021-08-18,1,1,0.0149999999999999
ITUB4,1.015,90,RNA,2021-08-19,1,0,0.0149999999999999
ITUB4,1.015,90,Random Forest,2021-08-19,1,1,0.0149999999999999
ITUB4,1.015,90,SVC,2021-08-19,1,1,0.0149999999999999
ITUB4,1.015,90,RNA,2021-08-20,1,1,0.0149999999999999
ITUB4,1.015,90,Random Forest,2021-08-20,1,1,0.0149999999999999
ITUB4,1.015,90,SVC,2021-08-20,1,1,0.0149999999999999
ITUB4,1.015,90,RNA,2021-08-23,1,0,0.0149999999999999
ITUB4,1.015,90,Random Forest,2021-08-23,1,1,0.0149999999999999
ITUB4,1.015,90,SVC,2021-08-23,1,1,0.0149999999999999
ITUB4,1.015,90,RNA,2021-08-24,0,1,-0.006829253334292
ITUB4,1.015,90,Random Forest,2021-08-24,0,1,-0.006829253334292
ITUB4,1.015,90,SVC,2021-08-24,0,1,-0.006829253334292
ITUB4,1.015,90,RNA,2021-08-25,0,1,0.001294531002582
ITUB4,1.015,90,Random Forest,2021-08-25,0,1,0.001294531002582
ITUB4,1.015,90,SVC,2021-08-25,0,1,0.001294531002582
ITUB4,1.015,90,RNA,2021-08-26,1,1,0.0149999999999999
ITUB4,1.015,90,Random Forest,2021-08-26,1,1,0.0149999999999999
ITUB4,1.015,90,SVC,2021-08-26,1,1,0.0149999999999999
ITUB4,1.015,90,RNA,2021-08-27,1,1,0.0149999999999999
ITUB4,1.015,90,Random Forest,2021-08-27,1,1,0.0149999999999999
ITUB4,1.015,90,SVC,2021-08-27,1,1,0.0149999999999999
ITUB4,1.015,90,RNA,2021-08-30,1,1,0.0149999999999999
ITUB4,1.015,90,Random Forest,2021-08-30,1,1,0.0149999999999999
ITUB4,1.015,90,SVC,2021-08-30,1,1,0.0149999999999999
ITUB4,1.015,90,RNA,2021-08-31,1,1,0.0149999999999999
ITUB4,1.015,90,Random Forest,2021-08-31,1,1,0.0149999999999999
ITUB4,1.015,90,SVC,2021-08-31,1,1,0.0149999999999999
ITUB4,1.015,90,RNA,2021-09-01,0,1,-0.0702492614391222
ITUB4,1.015,90,Random Forest,2021-09-01,0,1,-0.0702492614391222
ITUB4,1.015,90,SVC,2021-09-01,0,1,-0.0702492614391222
ITUB4,1.015,90,RNA,2021-09-02,0,1,-0.0341852008779255
ITUB4,1.015,90,Random Forest,2021-09-02,0,1,-0.0341852008779255
ITUB4,1.015,90,SVC,2021-09-02,0,1,-0.0341852008779255
ITUB4,1.015,90,RNA,2021-09-03,1,1,0.0149999999999999
ITUB4,1.015,90,Random Forest,2021-09-03,1,1,0.0149999999999999
ITUB4,1.015,90,SVC,2021-09-03,1,1,0.0149999999999999
ITUB4,1.015,90,RNA,2021-09-06,0,1,-0.0289614311639029
ITUB4,1.015,90,Random Forest,2021-09-06,0,1,-0.0289614311639029
ITUB4,1.015,90,SVC,2021-09-06,0,1,-0.0289614311639029
ITUB4,1.015,90,RNA,2021-09-08,1,1,0.0149999999999999
ITUB4,1.015,90,Random Forest,2021-09-08,1,1,0.0149999999999999
ITUB4,1.015,90,SVC,2021-09-08,1,1,0.0149999999999999
ITUB4,1.015,90,RNA,2021-09-09,0,0,-0.0332203148702248
ITUB4,1.015,90,Random Forest,2021-09-09,0,0,-0.0332203148702248
ITUB4,1.015,90,SVC,2021-09-09,0,1,-0.0332203148702248
ITUB4,1.015,90,RNA,2021-09-10,0,1,-0.0282986741590129
ITUB4,1.015,90,Random Forest,2021-09-10,0,1,-0.0282986741590129
ITUB4,1.015,90,SVC,2021-09-10,0,1,-0.0282986741590129
ITUB4,1.015,90,RNA,2021-09-13,0,1,-0.0439862292437968
ITUB4,1.015,90,Random Forest,2021-09-13,0,1,-0.0439862292437968
ITUB4,1.015,90,SVC,2021-09-13,0,1,-0.0439862292437968
ITUB4,1.015,90,RNA,2021-09-14,0,1,-0.0640275446022548
ITUB4,1.015,90,Random Forest,2021-09-14,0,0,-0.0640275446022548
ITUB4,1.015,90,SVC,2021-09-14,0,1,-0.0640275446022548
ITUB4,1.015,90,RNA,2021-09-15,0,1,-0.0423728779165213
ITUB4,1.015,90,Random Forest,2021-09-15,0,0,-0.0423728779165213
ITUB4,1.015,90,SVC,2021-09-15,0,1,-0.0423728779165213
ITUB4,1.015,90,RNA,2021-09-16,0,0,-0.0252897427978466
ITUB4,1.015,90,Random Forest,2021-09-16,0,0,-0.0252897427978466
ITUB4,1.015,90,SVC,2021-09-16,0,1,-0.0252897427978466
ITUB4,1.015,90,RNA,2021-09-17,1,1,0.0149999999999999
ITUB4,1.015,90,Random Forest,2021-09-17,1,0,0.0149999999999999
ITUB4,1.015,90,SVC,2021-09-17,1,1,0.0149999999999999
ITUB4,1.015,90,RNA,2021-09-20,1,0,0.0149999999999999
ITUB4,1.015,90,Random Forest,2021-09-20,1,0,0.0149999999999999
ITUB4,1.015,90,SVC,2021-09-20,1,1,0.0149999999999999
ITUB4,1.015,90,RNA,2021-09-21,1,1,0.0149999999999999
ITUB4,1.015,90,Random Forest,2021-09-21,1,0,0.0149999999999999
ITUB4,1.015,90,SVC,2021-09-21,1,1,0.0149999999999999
ITUB4,1.015,90,RNA,2021-09-22,1,0,0.0149999999999999
ITUB4,1.015,90,Random Forest,2021-09-22,1,1,0.0149999999999999
ITUB4,1.015,90,SVC,2021-09-22,1,1,0.0149999999999999
ITUB4,1.015,90,RNA,2021-09-23,1,1,0.0149999999999999
ITUB4,1.015,90,Random Forest,2021-09-23,1,1,0.0149999999999999
ITUB4,1.015,90,SVC,2021-09-23,1,1,0.0149999999999999
ITUB4,1.015,90,RNA,2021-09-24,1,1,0.0149999999999999
ITUB4,1.015,90,Random Forest,2021-09-24,1,1,0.0149999999999999
ITUB4,1.015,90,SVC,2021-09-24,1,1,0.0149999999999999
ITUB4,1.015,90,RNA,2021-09-27,1,0,0.0149999999999999
ITUB4,1.015,90,Random Forest,2021-09-27,1,1,0.0149999999999999
ITUB4,1.015,90,SVC,2021-09-27,1,1,0.0149999999999999
ITUB4,1.015,90,RNA,2021-09-28,1,1,0.0149999999999999
ITUB4,1.015,90,Random Forest,2021-09-28,1,1,0.0149999999999999
ITUB4,1.015,90,SVC,2021-09-28,1,1,0.0149999999999999
ITUB4,1.015,90,RNA,2021-09-29,1,1,0.0149999999999999
ITUB4,1.015,90,Random Forest,2021-09-29,1,1,0.0149999999999999
ITUB4,1.015,90,SVC,2021-09-29,1,1,0.0149999999999999
ITUB4,1.015,90,RNA,2021-09-30,1,1,0.0149999999999999
ITUB4,1.015,90,Random Forest,2021-09-30,1,1,0.0149999999999999
ITUB4,1.015,90,SVC,2021-09-30,1,1,0.0149999999999999
ITUB4,1.015,90,RNA,2021-10-01,1,1,0.0149999999999999
ITUB4,1.015,90,Random Forest,2021-10-01,1,1,0.0149999999999999
ITUB4,1.015,90,SVC,2021-10-01,1,1,0.0149999999999999
ITUB4,1.015,90,RNA,2021-10-04,1,1,0.0149999999999999
ITUB4,1.015,90,Random Forest,2021-10-04,1,1,0.0149999999999999
ITUB4,1.015,90,SVC,2021-10-04,1,1,0.0149999999999999
ITUB4,1.015,90,RNA,2021-10-05,1,1,0.0149999999999999
ITUB4,1.015,90,Random Forest,2021-10-05,1,1,0.0149999999999999
ITUB4,1.015,90,SVC,2021-10-05,1,1,0.0149999999999999
ITUB4,1.015,90,RNA,2021-10-06,0,1,-0.0346199618170117
ITUB4,1.015,90,Random Forest,2021-10-06,0,1,-0.0346199618170117
ITUB4,1.015,90,SVC,2021-10-06,0,1,-0.0346199618170117
ITUB4,1.015,90,RNA,2021-10-07,1,1,0.0149999999999999
ITUB4,1.015,90,Random Forest,2021-10-07,1,1,0.0149999999999999
ITUB4,1.015,90,SVC,2021-10-07,1,1,0.0149999999999999
ITUB4,1.015,90,RNA,2021-10-08,0,1,0.0073230430745487
ITUB4,1.015,90,Random Forest,2021-10-08,0,1,0.0073230430745487
ITUB4,1.015,90,SVC,2021-10-08,0,1,0.0073230430745487
ITUB4,1.015,90,RNA,2021-10-11,1,1,0.0149999999999999
ITUB4,1.015,90,Random Forest,2021-10-11,1,1,0.0149999999999999
ITUB4,1.015,90,SVC,2021-10-11,1,1,0.0149999999999999
ITUB4,1.015,90,RNA,2021-10-13,1,1,0.0149999999999999
ITUB4,1.015,90,Random Forest,2021-10-13,1,1,0.0149999999999999
ITUB4,1.015,90,SVC,2021-10-13,1,1,0.0149999999999999
ITUB4,1.015,90,RNA,2021-10-14,1,1,0.0149999999999999
ITUB4,1.015,90,Random Forest,2021-10-14,1,1,0.0149999999999999
ITUB4,1.015,90,SVC,2021-10-14,1,1,0.0149999999999999
ITUB4,1.015,90,RNA,2021-10-15,1,0,0.0149999999999999
ITUB4,1.015,90,Random Forest,2021-10-15,1,1,0.0149999999999999
ITUB4,1.015,90,SVC,2021-10-15,1,1,0.0149999999999999
ITUB4,1.015,90,RNA,2021-10-18,1,1,0.0149999999999999
ITUB4,1.015,90,Random Forest,2021-10-18,1,1,0.0149999999999999
ITUB4,1.015,90,SVC,2021-10-18,1,1,0.0149999999999999
ITUB4,1.015,90,RNA,2021-10-19,1,1,0.0149999999999999
ITUB4,1.015,90,Random Forest,2021-10-19,1,1,0.0149999999999999
ITUB4,1.015,90,SVC,2021-10-19,1,1,0.0149999999999999
ITUB4,1.015,90,RNA,2021-10-20,1,1,0.0149999999999999
ITUB4,1.015,90,Random Forest,2021-10-20,1,1,0.0149999999999999
ITUB4,1.015,90,SVC,2021-10-20,1,1,0.0149999999999999
ITUB4,1.015,90,RNA,2021-10-21,0,1,-0.0082918607861871
ITUB4,1.015,90,Random Forest,2021-10-21,0,1,-0.0082918607861871
ITUB4,1.015,90,SVC,2021-10-21,0,1,-0.0082918607861871
ITUB4,1.015,90,RNA,2021-10-22,1,0,0.0149999999999999
ITUB4,1.015,90,Random Forest,2021-10-22,1,1,0.0149999999999999
ITUB4,1.015,90,SVC,2021-10-22,1,1,0.0149999999999999
ITUB4,1.015,90,RNA,2021-10-25,1,1,0.0149999999999999
ITUB4,1.015,90,Random Forest,2021-10-25,1,1,0.0149999999999999
ITUB4,1.015,90,SVC,2021-10-25,1,1,0.0149999999999999
ITUB4,1.015,90,RNA,2021-10-26,1,1,0.0149999999999999
ITUB4,1.015,90,Random Forest,2021-10-26,1,1,0.0149999999999999
ITUB4,1.015,90,SVC,2021-10-26,1,1,0.0149999999999999
ITUB4,1.015,90,RNA,2021-10-27,1,1,0.0149999999999999
ITUB4,1.015,90,Random Forest,2021-10-27,1,1,0.0149999999999999
ITUB4,1.015,90,SVC,2021-10-27,1,1,0.0149999999999999
ITUB4,1.015,90,RNA,2021-10-28,1,1,0.0149999999999999
ITUB4,1.015,90,Random Forest,2021-10-28,1,1,0.0149999999999999
ITUB4,1.015,90,SVC,2021-10-28,1,1,0.0149999999999999
ITUB4,1.015,90,RNA,2021-10-29,1,1,0.0149999999999999
ITUB4,1.015,90,Random Forest,2021-10-29,1,1,0.0149999999999999
ITUB4,1.015,90,SVC,2021-10-29,1,1,0.0149999999999999
ITUB4,1.015,90,RNA,2021-11-01,1,1,0.0149999999999999
ITUB4,1.015,90,Random Forest,2021-11-01,1,1,0.0149999999999999
ITUB4,1.015,90,SVC,2021-11-01,1,1,0.0149999999999999
ITUB4,1.015,90,RNA,2021-11-03,0,0,-0.0796568810977264
ITUB4,1.015,90,Random Forest,2021-11-03,0,1,-0.0796568810977264
ITUB4,1.015,90,SVC,2021-11-03,0,1,-0.0796568810977264
ITUB4,1.015,90,RNA,2021-11-04,0,1,-0.0170212865038204
ITUB4,1.015,90,Random Forest,2021-11-04,0,1,-0.0170212865038204
ITUB4,1.015,90,SVC,2021-11-04,0,1,-0.0170212865038204
ITUB4,1.015,90,RNA,2021-11-05,1,1,0.0149999999999999
ITUB4,1.015,90,Random Forest,2021-11-05,1,1,0.0149999999999999
ITUB4,1.015,90,SVC,2021-11-05,1,1,0.0149999999999999
ITUB4,1.015,90,RNA,2021-11-08,1,1,0.0149999999999999
ITUB4,1.015,90,Random Forest,2021-11-08,1,1,0.0149999999999999
ITUB4,1.015,90,SVC,2021-11-08,1,1,0.0149999999999999
ITUB4,1.015,90,RNA,2021-11-09,1,1,0.0149999999999999
ITUB4,1.015,90,Random Forest,2021-11-09,1,1,0.0149999999999999
ITUB4,1.015,90,SVC,2021-11-09,1,1,0.0149999999999999
ITUB4,1.015,90,RNA,2021-11-10,0,1,-0.0247546374733381
ITUB4,1.015,90,Random Forest,2021-11-10,0,1,-0.0247546374733381
ITUB4,1.015,90,SVC,2021-11-10,0,1,-0.0247546374733381
ITUB4,1.015,90,RNA,2021-11-11,1,1,0.0149999999999999
ITUB4,1.015,90,Random Forest,2021-11-11,1,1,0.0149999999999999
ITUB4,1.015,90,SVC,2021-11-11,1,1,0.0149999999999999
ITUB4,1.015,90,RNA,2021-11-12,0,1,-0.0346620071571147
ITUB4,1.015,90,Random Forest,2021-11-12,0,1,-0.0346620071571147
ITUB4,1.015,90,SVC,2021-11-12,0,1,-0.0346620071571147
ITUB4,1.015,90,RNA,2021-11-16,0,1,-0.0259394954502034
ITUB4,1.015,90,Random Forest,2021-11-16,0,1,-0.0259394954502034
ITUB4,1.015,90,SVC,2021-11-16,0,1,-0.0259394954502034
ITUB4,1.015,90,RNA,2021-11-17,0,1,-0.0043991574343631
ITUB4,1.015,90,Random Forest,2021-11-17,0,0,-0.0043991574343631
ITUB4,1.015,90,SVC,2021-11-17,0,0,-0.0043991574343631
ITUB4,1.015,90,RNA,2021-11-18,1,1,0.0149999999999999
ITUB4,1.015,90,Random Forest,2021-11-18,1,0,0.0149999999999999
ITUB4,1.015,90,SVC,2021-11-18,1,1,0.0149999999999999
ITUB4,1.015,90,RNA,2021-11-19,1,1,0.0149999999999999
ITUB4,1.015,90,Random Forest,2021-11-19,1,0,0.0149999999999999
ITUB4,1.015,90,SVC,2021-11-19,1,0,0.0149999999999999
ITUB4,1.015,90,RNA,2021-11-22,1,1,0.0149999999999999
ITUB4,1.015,90,Random Forest,2021-11-22,1,0,0.0149999999999999
ITUB4,1.015,90,SVC,2021-11-22,1,0,0.0149999999999999
ITUB4,1.015,90,RNA,2021-11-23,1,1,0.0149999999999999
ITUB4,1.015,90,Random Forest,2021-11-23,1,1,0.0149999999999999
ITUB4,1.015,90,SVC,2021-11-23,1,0,0.0149999999999999
ITUB4,1.015,90,RNA,2021-11-24,1,1,0.0149999999999999
ITUB4,1.015,90,Random Forest,2021-11-24,1,1,0.0149999999999999
ITUB4,1.015,90,SVC,2021-11-24,1,1,0.0149999999999999
ITUB4,1.015,90,RNA,2021-11-25,1,1,0.0149999999999999
ITUB4,1.015,90,Random Forest,2021-11-25,1,1,0.0149999999999999
ITUB4,1.015,90,SVC,2021-11-25,1,0,0.0149999999999999
ITUB4,1.015,90,RNA,2021-11-26,0,1,0.0003557636285826
ITUB4,1.015,90,Random Forest,2021-11-26,0,1,0.0003557636285826
ITUB4,1.015,90,SVC,2021-11-26,0,1,0.0003557636285826
ITUB4,1.015,90,RNA,2021-11-29,1,1,0.0149999999999999
ITUB4,1.015,90,Random Forest,2021-11-29,1,1,0.0149999999999999
ITUB4,1.015,90,SVC,2021-11-29,1,1,0.0149999999999999
ITUB4,1.015,90,RNA,2021-11-30,1,1,0.0149999999999999
ITUB4,1.015,90,Random Forest,2021-11-30,1,1,0.0149999999999999
ITUB4,1.015,90,SVC,2021-11-30,1,1,0.0149999999999999
ITUB4,1.015,90,RNA,2021-12-01,1,1,0.0149999999999999
ITUB4,1.015,90,Random Forest,2021-12-01,1,1,0.0149999999999999
ITUB4,1.015,90,SVC,2021-12-01,1,1,0.0149999999999999
ITUB4,1.015,90,RNA,2021-12-02,1,1,0.0149999999999999
ITUB4,1.015,90,Random Forest,2021-12-02,1,1,0.0149999999999999
ITUB4,1.015,90,SVC,2021-12-02,1,1,0.0149999999999999
ITUB4,1.015,90,RNA,2021-12-03,1,1,0.0149999999999999
ITUB4,1.015,90,Random Forest,2021-12-03,1,1,0.0149999999999999
ITUB4,1.015,90,SVC,2021-12-03,1,1,0.0149999999999999
ITUB4,1.015,90,RNA,2021-12-06,0,1,-0.0618120507258376
ITUB4,1.015,90,Random Forest,2021-12-06,0,1,-0.0618120507258376
ITUB4,1.015,90,SVC,2021-12-06,0,1,-0.0618120507258376
ITUB4,1.015,90,RNA,2021-12-07,0,1,-0.0658293419037054
ITUB4,1.015,90,Random Forest,2021-12-07,0,1,-0.0658293419037054
ITUB4,1.015,90,SVC,2021-12-07,0,1,-0.0658293419037054
ITUB4,1.015,90,RNA,2021-12-08,0,1,-0.0438981392036046
ITUB4,1.015,90,Random Forest,2021-12-08,0,1,-0.0438981392036046
ITUB4,1.015,90,SVC,2021-12-08,0,1,-0.0438981392036046
ITUB4,1.015,90,RNA,2021-12-09,0,1,-0.0255834812574191
ITUB4,1.015,90,Random Forest,2021-12-09,0,1,-0.0255834812574191
ITUB4,1.015,90,SVC,2021-12-09,0,1,-0.0255834812574191
ITUB4,1.015,90,RNA,2021-12-10,0,1,-0.0121621902796168
ITUB4,1.015,90,Random Forest,2021-12-10,0,0,-0.0121621902796168
ITUB4,1.015,90,SVC,2021-12-10,0,1,-0.0121621902796168
ITUB4,1.015,90,RNA,2021-12-13,1,1,0.0149999999999999
ITUB4,1.015,90,Random Forest,2021-12-13,1,0,0.0149999999999999
ITUB4,1.015,90,SVC,2021-12-13,1,1,0.0149999999999999
ITUB4,1.015,90,RNA,2021-12-14,0,0,-0.0360565563354642
ITUB4,1.015,90,Random Forest,2021-12-14,0,0,-0.0360565563354642
ITUB4,1.015,90,SVC,2021-12-14,0,1,-0.0360565563354642
ITUB4,1.015,90,RNA,2021-12-15,0,1,-0.0342465322563038
ITUB4,1.015,90,Random Forest,2021-12-15,0,0,-0.0342465322563038
ITUB4,1.015,90,SVC,2021-12-15,0,1,-0.0342465322563038
ITUB4,1.015,90,RNA,2021-12-16,0,0,-0.01849281430975
ITUB4,1.015,90,Random Forest,2021-12-16,0,0,-0.01849281430975
ITUB4,1.015,90,SVC,2021-12-16,0,1,-0.01849281430975
ITUB4,1.015,90,RNA,2021-12-17,0,1,-0.0065177060386053
ITUB4,1.015,90,Random Forest,2021-12-17,0,0,-0.0065177060386053
ITUB4,1.015,90,SVC,2021-12-17,0,1,-0.0065177060386053
ITUB4,1.015,90,RNA,2021-12-20,1,1,0.0149999999999999
ITUB4,1.015,90,Random Forest,2021-12-20,1,0,0.0149999999999999
ITUB4,1.015,90,SVC,2021-12-20,1,0,0.0149999999999999
ITUB4,1.015,90,RNA,2021-12-21,1,1,0.0149999999999999
ITUB4,1.015,90,Random Forest,2021-12-21,1,0,0.0149999999999999
ITUB4,1.015,90,SVC,2021-12-21,1,0,0.0149999999999999
ITUB4,1.015,90,RNA,2021-12-22,1,0,0.0149999999999999
ITUB4,1.015,90,Random Forest,2021-12-22,1,0,0.0149999999999999
ITUB4,1.015,90,SVC,2021-12-22,1,1,0.0149999999999999
ITUB4,1.015,90,RNA,2021-12-23,0,1,-0.0246741099822024
ITUB4,1.015,90,Random Forest,2021-12-23,0,0,-0.0246741099822024
ITUB4,1.015,90,SVC,2021-12-23,0,1,-0.0246741099822024
ITUB4,1.015,90,RNA,2021-12-27,0,1,-0.0047098264950297
ITUB4,1.015,90,Random Forest,2021-12-27,0,0,-0.0047098264950297
ITUB4,1.015,90,SVC,2021-12-27,0,1,-0.0047098264950297
ITUB4,1.015,90,RNA,2021-12-28,1,1,0.0149999999999999
ITUB4,1.015,90,Random Forest,2021-12-28,1,0,0.0149999999999999
ITUB4,1.015,90,SVC,2021-12-28,1,1,0.0149999999999999
ITUB4,1.015,90,RNA,2021-12-29,1,1,0.0149999999999999
ITUB4,1.015,90,Random Forest,2021-12-29,1,1,0.0149999999999999
ITUB4,1.015,90,SVC,2021-12-29,1,1,0.0149999999999999
ITUB4,1.015,90,RNA,2021-12-30,1,1,0.0149999999999999
ITUB4,1.015,90,Random Forest,2021-12-30,1,1,0.0149999999999999
ITUB4,1.015,90,SVC,2021-12-30,1,1,0.0149999999999999
ITUB4,1.015,90,RNA,2022-01-03,1,1,0.0149999999999999
ITUB4,1.015,90,Random Forest,2022-01-03,1,0,0.0149999999999999
ITUB4,1.015,90,SVC,2022-01-03,1,0,0.0149999999999999
ITUB4,1.015,90,RNA,2022-01-04,1,1,0.0149999999999999
ITUB4,1.015,90,Random Forest,2022-01-04,1,1,0.0149999999999999
ITUB4,1.015,90,SVC,2022-01-04,1,0,0.0149999999999999
ITUB4,1.015,90,RNA,2022-01-05,1,1,0.0149999999999999
ITUB4,1.015,90,Random Forest,2022-01-05,1,1,0.0149999999999999
ITUB4,1.015,90,SVC,2022-01-05,1,1,0.0149999999999999
ITUB4,1.015,90,RNA,2022-01-06,1,0,0.0149999999999999
ITUB4,1.015,90,Random Forest,2022-01-06,1,1,0.0149999999999999
ITUB4,1.015,90,SVC,2022-01-06,1,1,0.0149999999999999
ITUB4,1.015,90,RNA,2022-01-07,1,1,0.0149999999999999
ITUB4,1.015,90,Random Forest,2022-01-07,1,1,0.0149999999999999
ITUB4,1.015,90,SVC,2022-01-07,1,1,0.0149999999999999
ITUB4,1.015,90,RNA,2022-01-10,1,1,0.0149999999999999
ITUB4,1.015,90,Random Forest,2022-01-10,1,1,0.0149999999999999
ITUB4,1.015,90,SVC,2022-01-10,1,1,0.0149999999999999
ITUB4,1.015,90,RNA,2022-01-11,1,1,0.0149999999999999
ITUB4,1.015,90,Random Forest,2022-01-11,1,1,0.0149999999999999
ITUB4,1.015,90,SVC,2022-01-11,1,1,0.0149999999999999
ITUB4,1.015,90,RNA,2022-01-12,1,1,0.0149999999999999
ITUB4,1.015,90,Random Forest,2022-01-12,1,1,0.0149999999999999
ITUB4,1.015,90,SVC,2022-01-12,1,1,0.0149999999999999
ITUB4,1.015,90,RNA,2022-01-13,1,1,0.0149999999999999
ITUB4,1.015,90,Random Forest,2022-01-13,1,1,0.0149999999999999
ITUB4,1.015,90,SVC,2022-01-13,1,1,0.0149999999999999
ITUB4,1.015,90,RNA,2022-01-14,1,1,0.0149999999999999
ITUB4,1.015,90,Random Forest,2022-01-14,1,1,0.0149999999999999
ITUB4,1.015,90,SVC,2022-01-14,1,1,0.0149999999999999
ITUB4,1.015,90,RNA,2022-01-17,1,1,0.0149999999999999
ITUB4,1.015,90,Random Forest,2022-01-17,1,1,0.0149999999999999
ITUB4,1.015,90,SVC,2022-01-17,1,1,0.0149999999999999
ITUB4,1.015,90,RNA,2022-01-18,0,1,-0.0230898283165588
ITUB4,1.015,90,Random Forest,2022-01-18,0,1,-0.0230898283165588
ITUB4,1.015,90,SVC,2022-01-18,0,1,-0.0230898283165588
ITUB4,1.015,90,RNA,2022-01-19,1,1,0.0149999999999999
ITUB4,1.015,90,Random Forest,2022-01-19,1,1,0.0149999999999999
ITUB4,1.015,90,SVC,2022-01-19,1,1,0.0149999999999999
ITUB4,1.015,90,RNA,2022-01-20,1,1,0.0149999999999999
ITUB4,1.015,90,Random Forest,2022-01-20,1,1,0.0149999999999999
ITUB4,1.015,90,SVC,2022-01-20,1,1,0.0149999999999999
ITUB4,1.015,90,RNA,2022-01-21,1,1,0.0149999999999999
ITUB4,1.015,90,Random Forest,2022-01-21,1,1,0.0149999999999999
ITUB4,1.015,90,SVC,2022-01-21,1,1,0.0149999999999999
ITUB4,1.015,90,RNA,2022-01-24,1,1,0.0149999999999999
ITUB4,1.015,90,Random Forest,2022-01-24,1,1,0.0149999999999999
ITUB4,1.015,90,SVC,2022-01-24,1,1,0.0149999999999999
ITUB4,1.015,90,RNA,2022-01-25,1,1,0.0149999999999999
ITUB4,1.015,90,Random Forest,2022-01-25,1,1,0.0149999999999999
ITUB4,1.015,90,SVC,2022-01-25,1,1,0.0149999999999999
ITUB4,1.015,90,RNA,2022-01-26,1,1,0.0149999999999999
ITUB4,1.015,90,Random Forest,2022-01-26,1,1,0.0149999999999999
ITUB4,1.015,90,SVC,2022-01-26,1,1,0.0149999999999999
ITUB4,1.015,90,RNA,2022-01-27,1,1,0.0149999999999999
ITUB4,1.015,90,Random Forest,2022-01-27,1,0,0.0149999999999999
ITUB4,1.015,90,SVC,2022-01-27,1,1,0.0149999999999999
ITUB4,1.015,90,RNA,2022-01-28,1,1,0.0149999999999999
ITUB4,1.015,90,Random Forest,2022-01-28,1,1,0.0149999999999999
ITUB4,1.015,90,SVC,2022-01-28,1,1,0.0149999999999999
ITUB4,1.015,90,RNA,2022-01-31,1,1,0.0149999999999999
ITUB4,1.015,90,Random Forest,2022-01-31,1,1,0.0149999999999999
ITUB4,1.015,90,SVC,2022-01-31,1,1,0.0149999999999999
ITUB4,1.015,90,RNA,2022-02-01,0,1,-0.0058892889288928
ITUB4,1.015,90,Random Forest,2022-02-01,0,1,-0.0058892889288928
ITUB4,1.015,90,SVC,2022-02-01,0,1,-0.0058892889288928
ITUB4,1.015,90,RNA,2022-02-02,1,1,0.0149999999999999
ITUB4,1.015,90,Random Forest,2022-02-02,1,1,0.0149999999999999
ITUB4,1.015,90,SVC,2022-02-02,1,1,0.0149999999999999
ITUB4,1.015,90,RNA,2022-02-03,1,1,0.0149999999999999
ITUB4,1.015,90,Random Forest,2022-02-03,1,1,0.0149999999999999
ITUB4,1.015,90,SVC,2022-02-03,1,1,0.0149999999999999
ITUB4,1.015,90,RNA,2022-02-04,0,1,-0.015717111492743
ITUB4,1.015,90,Random Forest,2022-02-04,0,1,-0.015717111492743
ITUB4,1.015,90,SVC,2022-02-04,0,1,-0.015717111492743
ITUB4,1.015,90,RNA,2022-02-07,1,1,0.0149999999999999
ITUB4,1.015,90,Random Forest,2022-02-07,1,1,0.0149999999999999
ITUB4,1.015,90,SVC,2022-02-07,1,1,0.0149999999999999
ITUB4,1.015,90,RNA,2022-02-08,1,1,0.0149999999999999
ITUB4,1.015,90,Random Forest,2022-02-08,1,1,0.0149999999999999
ITUB4,1.015,90,SVC,2022-02-08,1,1,0.0149999999999999
ITUB4,1.015,90,RNA,2022-02-09,1,1,0.0149999999999999
ITUB4,1.015,90,Random Forest,2022-02-09,1,1,0.0149999999999999
ITUB4,1.015,90,SVC,2022-02-09,1,1,0.0149999999999999
ITUB4,1.015,90,RNA,2022-02-10,1,1,0.0149999999999999
ITUB4,1.015,90,Random Forest,2022-02-10,1,1,0.0149999999999999
ITUB4,1.015,90,SVC,2022-02-10,1,1,0.0149999999999999
ITUB4,1.015,90,RNA,2022-02-11,0,1,-0.0199247764467103
ITUB4,1.015,90,Random Forest,2022-02-11,0,1,-0.0199247764467103
ITUB4,1.015,90,SVC,2022-02-11,0,1,-0.0199247764467103
ITUB4,1.015,90,RNA,2022-02-14,0,1,-0.0235074318756265
ITUB4,1.015,90,Random Forest,2022-02-14,0,1,-0.0235074318756265
ITUB4,1.015,90,SVC,2022-02-14,0,1,-0.0235074318756265
ITUB4,1.015,90,RNA,2022-02-15,0,1,-0.0466766308714334
ITUB4,1.015,90,Random Forest,2022-02-15,0,1,-0.0466766308714334
ITUB4,1.015,90,SVC,2022-02-15,0,1,-0.0466766308714334
ITUB4,1.015,90,RNA,2022-02-16,0,1,-0.0240991402402619
ITUB4,1.015,90,Random Forest,2022-02-16,0,1,-0.0240991402402619
ITUB4,1.015,90,SVC,2022-02-16,0,1,-0.0240991402402619
ITUB4,1.015,90,RNA,2022-02-17,0,1,-0.0311369219655965
ITUB4,1.015,90,Random Forest,2022-02-17,0,1,-0.0311369219655965
ITUB4,1.015,90,SVC,2022-02-17,0,1,-0.0311369219655965
ITUB4,1.015,90,RNA,2022-02-18,0,1,-0.0479084674639354
ITUB4,1.015,90,Random Forest,2022-02-18,0,1,-0.0479084674639354
ITUB4,1.015,90,SVC,2022-02-18,0,1,-0.0479084674639354
ITUB4,1.015,90,RNA,2022-02-21,1,1,0.0149999999999999
ITUB4,1.015,90,Random Forest,2022-02-21,1,1,0.0149999999999999
ITUB4,1.015,90,SVC,2022-02-21,1,1,0.0149999999999999
ITUB4,1.015,90,RNA,2022-02-22,0,1,-0.0280419803855617
ITUB4,1.015,90,Random Forest,2022-02-22,0,1,-0.0280419803855617
ITUB4,1.015,90,SVC,2022-02-22,0,1,-0.0280419803855617
ITUB4,1.015,90,RNA,2022-02-23,1,1,0.0149999999999999
ITUB4,1.015,90,Random Forest,2022-02-23,1,1,0.0149999999999999
ITUB4,1.015,90,SVC,2022-02-23,1,1,0.0149999999999999
ITUB4,1.015,90,RNA,2022-02-24,1,1,0.0149999999999999
ITUB4,1.015,90,Random Forest,2022-02-24,1,1,0.0149999999999999
ITUB4,1.015,90,SVC,2022-02-24,1,1,0.0149999999999999
ITUB4,1.015,90,RNA,2022-02-25,1,1,0.0149999999999999
ITUB4,1.015,90,Random Forest,2022-02-25,1,1,0.0149999999999999
ITUB4,1.015,90,SVC,2022-02-25,1,1,0.0149999999999999
ITUB4,1.015,90,RNA,2022-03-02,1,0,0.0149999999999999
ITUB4,1.015,90,Random Forest,2022-03-02,1,1,0.0149999999999999
ITUB4,1.015,90,SVC,2022-03-02,1,1,0.0149999999999999
ITUB4,1.015,90,RNA,2022-03-03,0,1,0.0011966216512069
ITUB4,1.015,90,Random Forest,2022-03-03,0,1,0.0011966216512069
ITUB4,1.015,90,SVC,2022-03-03,0,1,0.0011966216512069
ITUB4,1.015,90,RNA,2022-03-04,1,1,0.0149999999999999
ITUB4,1.015,90,Random Forest,2022-03-04,1,0,0.0149999999999999
ITUB4,1.015,90,SVC,2022-03-04,1,1,0.0149999999999999
ITUB4,1.015,90,RNA,2022-03-07,1,1,0.0149999999999999
ITUB4,1.015,90,Random Forest,2022-03-07,1,1,0.0149999999999999
ITUB4,1.015,90,SVC,2022-03-07,1,1,0.0149999999999999
ITUB4,1.015,90,RNA,2022-03-08,1,1,0.0149999999999999
ITUB4,1.015,90,Random Forest,2022-03-08,1,1,0.0149999999999999
ITUB4,1.015,90,SVC,2022-03-08,1,1,0.0149999999999999
ITUB4,1.015,90,RNA,2022-03-09,1,1,0.0149999999999999
ITUB4,1.015,90,Random Forest,2022-03-09,1,1,0.0149999999999999
ITUB4,1.015,90,SVC,2022-03-09,1,1,0.0149999999999999
ITUB4,1.015,90,RNA,2022-03-10,1,1,0.0149999999999999
ITUB4,1.015,90,Random Forest,2022-03-10,1,1,0.0149999999999999
ITUB4,1.015,90,SVC,2022-03-10,1,1,0.0149999999999999
ITUB4,1.015,90,RNA,2022-03-11,1,0,0.0149999999999999
ITUB4,1.015,90,Random Forest,2022-03-11,1,1,0.0149999999999999
ITUB4,1.015,90,SVC,2022-03-11,1,1,0.0149999999999999
ITUB4,1.015,90,RNA,2022-03-14,1,1,0.0149999999999999
ITUB4,1.015,90,Random Forest,2022-03-14,1,1,0.0149999999999999
ITUB4,1.015,90,SVC,2022-03-14,1,1,0.0149999999999999
ITUB4,1.015,90,RNA,2022-03-15,1,1,0.0149999999999999
ITUB4,1.015,90,Random Forest,2022-03-15,1,1,0.0149999999999999
ITUB4,1.015,90,SVC,2022-03-15,1,1,0.0149999999999999
ITUB4,1.015,90,RNA,2022-03-16,1,1,0.0149999999999999
ITUB4,1.015,90,Random Forest,2022-03-16,1,1,0.0149999999999999
ITUB4,1.015,90,SVC,2022-03-16,1,1,0.0149999999999999
ITUB4,1.015,90,RNA,2022-03-17,1,1,0.0149999999999999
ITUB4,1.015,90,Random Forest,2022-03-17,1,1,0.0149999999999999
ITUB4,1.015,90,SVC,2022-03-17,1,1,0.0149999999999999
ITUB4,1.015,90,RNA,2022-03-18,1,1,0.0149999999999999
ITUB4,1.015,90,Random Forest,2022-03-18,1,1,0.0149999999999999
ITUB4,1.015,90,SVC,2022-03-18,1,1,0.0149999999999999
ITUB4,1.015,90,RNA,2022-03-21,1,1,0.0149999999999999
ITUB4,1.015,90,Random Forest,2022-03-21,1,0,0.0149999999999999
ITUB4,1.015,90,SVC,2022-03-21,1,1,0.0149999999999999
ITUB4,1.015,90,RNA,2022-03-22,0,1,0.0021905789418816
ITUB4,1.015,90,Random Forest,2022-03-22,0,0,0.0021905789418816
ITUB4,1.015,90,SVC,2022-03-22,0,1,0.0021905789418816
ITUB4,1.015,90,RNA,2022-03-23,1,0,0.0149999999999999
ITUB4,1.015,90,Random Forest,2022-03-23,1,0,0.0149999999999999
ITUB4,1.015,90,SVC,2022-03-23,1,1,0.0149999999999999
ITUB4,1.015,90,RNA,2022-03-24,1,1,0.0149999999999999
ITUB4,1.015,90,Random Forest,2022-03-24,1,0,0.0149999999999999
ITUB4,1.015,90,SVC,2022-03-24,1,1,0.0149999999999999
ITUB4,1.015,90,RNA,2022-03-25,1,1,0.0149999999999999
ITUB4,1.015,90,Random Forest,2022-03-25,1,1,0.0149999999999999
ITUB4,1.015,90,SVC,2022-03-25,1,1,0.0149999999999999
ITUB4,1.015,90,RNA,2022-03-28,0,1,-0.0054964919587053
ITUB4,1.015,90,Random Forest,2022-03-28,0,1,-0.0054964919587053
ITUB4,1.015,90,SVC,2022-03-28,0,1,-0.0054964919587053
ITUB4,1.015,90,RNA,2022-03-29,0,1,-0.0191260467010287
ITUB4,1.015,90,Random Forest,2022-03-29,0,1,-0.0191260467010287
ITUB4,1.015,90,SVC,2022-03-29,0,1,-0.0191260467010287
ITUB4,1.015,90,RNA,2022-03-30,0,1,-0.0402733956983835
ITUB4,1.015,90,Random Forest,2022-03-30,0,1,-0.0402733956983835
ITUB4,1.015,90,SVC,2022-03-30,0,1,-0.0402733956983835
ITUB4,1.015,90,RNA,2022-03-31,0,1,-0.035018065908836
ITUB4,1.015,90,Random Forest,2022-03-31,0,0,-0.035018065908836
ITUB4,1.015,90,SVC,2022-03-31,0,1,-0.035018065908836
ITUB4,1.015,90,RNA,2022-04-01,0,1,-0.0269581373545115
ITUB4,1.015,90,Random Forest,2022-04-01,0,0,-0.0269581373545115
ITUB4,1.015,90,SVC,2022-04-01,0,1,-0.0269581373545115
ITUB4,1.015,90,RNA,2022-04-04,0,0,-0.020932810595951
ITUB4,1.015,90,Random Forest,2022-04-04,0,0,-0.020932810595951
ITUB4,1.015,90,SVC,2022-04-04,0,0,-0.020932810595951
ITUB4,1.015,90,RNA,2022-04-05,0,1,-0.0003763504021335
ITUB4,1.015,90,Random Forest,2022-04-05,0,0,-0.0003763504021335
ITUB4,1.015,90,SVC,2022-04-05,0,1,-0.0003763504021335
ITUB4,1.015,90,RNA,2022-04-06,0,0,-0.0158431009522819
ITUB4,1.015,90,Random Forest,2022-04-06,0,0,-0.0158431009522819
ITUB4,1.015,90,SVC,2022-04-06,0,1,-0.0158431009522819
ITUB4,1.015,90,RNA,2022-04-07,0,0,-0.0150602412691489
ITUB4,1.015,90,Random Forest,2022-04-07,0,0,-0.0150602412691489
ITUB4,1.015,90,SVC,2022-04-07,0,1,-0.0150602412691489
ITUB4,1.015,90,RNA,2022-04-08,0,0,-0.0101503546906058
ITUB4,1.015,90,Random Forest,2022-04-08,0,0,-0.0101503546906058
ITUB4,1.015,90,SVC,2022-04-08,0,1,-0.0101503546906058
ITUB4,1.015,90,RNA,2022-04-11,0,0,-0.0119403085524354
ITUB4,1.015,90,Random Forest,2022-04-11,0,0,-0.0119403085524354
ITUB4,1.015,90,SVC,2022-04-11,0,1,-0.0119403085524354
ITUB4,1.015,90,RNA,2022-04-12,0,0,-0.0102739512031623
ITUB4,1.015,90,Random Forest,2022-04-12,0,0,-0.0102739512031623
ITUB4,1.015,90,SVC,2022-04-12,0,1,-0.0102739512031623
ITUB4,1.015,90,RNA,2022-04-13,1,1,0.0149999999999999
ITUB4,1.015,90,Random Forest,2022-04-13,1,0,0.0149999999999999
ITUB4,1.015,90,SVC,2022-04-13,1,1,0.0149999999999999
ITUB4,1.015,90,RNA,2022-04-14,0,0,-0.0217225270188895
ITUB4,1.015,90,Random Forest,2022-04-14,0,0,-0.0217225270188895
ITUB4,1.015,90,SVC,2022-04-14,0,1,-0.0217225270188895
ITUB4,1.015,90,RNA,2022-04-18,0,0,-0.0358220153171914
ITUB4,1.015,90,Random Forest,2022-04-18,0,0,-0.0358220153171914
ITUB4,1.015,90,SVC,2022-04-18,0,1,-0.0358220153171914
ITUB4,1.015,90,RNA,2022-04-19,0,0,-0.0507301934568943
ITUB4,1.015,90,Random Forest,2022-04-19,0,0,-0.0507301934568943
ITUB4,1.015,90,SVC,2022-04-19,0,0,-0.0507301934568943
ITUB4,1.015,90,RNA,2022-04-20,0,1,-0.0540540287712879
ITUB4,1.015,90,Random Forest,2022-04-20,0,0,-0.0540540287712879
ITUB4,1.015,90,SVC,2022-04-20,0,1,-0.0540540287712879
ITUB4,1.015,90,RNA,2022-04-22,0,0,-0.0470588241504158
ITUB4,1.015,90,Random Forest,2022-04-22,0,0,-0.0470588241504158
ITUB4,1.015,90,SVC,2022-04-22,0,1,-0.0470588241504158
ITUB4,1.015,90,RNA,2022-04-25,0,1,-0.0550277017137272
ITUB4,1.015,90,Random Forest,2022-04-25,0,0,-0.0550277017137272
ITUB4,1.015,90,SVC,2022-04-25,0,1,-0.0550277017137272
ITUB4,1.015,90,RNA,2022-04-26,0,0,-0.0489169900846493
ITUB4,1.015,90,Random Forest,2022-04-26,0,0,-0.0489169900846493
ITUB4,1.015,90,SVC,2022-04-26,0,1,-0.0489169900846493
ITUB4,1.015,90,RNA,2022-04-27,1,0,0.0149999999999999
ITUB4,1.015,90,Random Forest,2022-04-27,1,1,0.0149999999999999
ITUB4,1.015,90,SVC,2022-04-27,1,1,0.0149999999999999
ITUB4,1.015,90,RNA,2022-04-28,1,0,0.0149999999999999
ITUB4,1.015,90,Random Forest,2022-04-28,1,1,0.0149999999999999
ITUB4,1.015,90,SVC,2022-04-28,1,1,0.0149999999999999
ITUB4,1.015,90,RNA,2022-04-29,0,1,-0.0242982478976204
ITUB4,1.015,90,Random Forest,2022-04-29,0,1,-0.0242982478976204
ITUB4,1.015,90,SVC,2022-04-29,0,1,-0.0242982478976204
ITUB4,1.015,90,RNA,2022-05-02,1,1,0.0149999999999999
ITUB4,1.015,90,Random Forest,2022-05-02,1,1,0.0149999999999999
ITUB4,1.015,90,SVC,2022-05-02,1,1,0.0149999999999999
ITUB4,1.015,90,RNA,2022-05-03,1,1,0.0149999999999999
ITUB4,1.015,90,Random Forest,2022-05-03,1,1,0.0149999999999999
ITUB4,1.015,90,SVC,2022-05-03,1,1,0.0149999999999999
ITUB4,1.015,90,RNA,2022-05-04,1,1,0.0149999999999999
ITUB4,1.015,90,Random Forest,2022-05-04,1,1,0.0149999999999999
ITUB4,1.015,90,SVC,2022-05-04,1,1,0.0149999999999999
ITUB4,1.015,90,RNA,2022-05-05,1,1,0.0149999999999999
ITUB4,1.015,90,Random Forest,2022-05-05,1,1,0.0149999999999999
ITUB4,1.015,90,SVC,2022-05-05,1,1,0.0149999999999999
ITUB4,1.015,90,RNA,2022-05-06,1,0,0.0149999999999999
ITUB4,1.015,90,Random Forest,2022-05-06,1,1,0.0149999999999999
ITUB4,1.015,90,SVC,2022-05-06,1,1,0.0149999999999999
ITUB4,1.015,90,RNA,2022-05-09,1,1,0.0149999999999999
ITUB4,1.015,90,Random Forest,2022-05-09,1,1,0.0149999999999999
ITUB4,1.015,90,SVC,2022-05-09,1,1,0.0149999999999999
ITUB4,1.015,90,RNA,2022-05-10,1,1,0.0149999999999999
ITUB4,1.015,90,Random Forest,2022-05-10,1,1,0.0149999999999999
ITUB4,1.015,90,SVC,2022-05-10,1,1,0.0149999999999999
ITUB4,1.015,90,RNA,2022-05-11,1,1,0.0149999999999999
ITUB4,1.015,90,Random Forest,2022-05-11,1,1,0.0149999999999999
ITUB4,1.015,90,SVC,2022-05-11,1,1,0.0149999999999999
ITUB4,1.015,90,RNA,2022-05-12,1,1,0.0149999999999999
ITUB4,1.015,90,Random Forest,2022-05-12,1,1,0.0149999999999999
ITUB4,1.015,90,SVC,2022-05-12,1,1,0.0149999999999999
ITUB4,1.015,90,RNA,2022-05-13,1,1,0.0149999999999999
ITUB4,1.015,90,Random Forest,2022-05-13,1,1,0.0149999999999999
ITUB4,1.015,90,SVC,2022-05-13,1,1,0.0149999999999999
ITUB4,1.015,90,RNA,2022-05-16,0,0,-0.009069416839149
ITUB4,1.015,90,Random Forest,2022-05-16,0,1,-0.009069416839149
ITUB4,1.015,90,SVC,2022-05-16,0,1,-0.009069416839149
ITUB4,1.015,90,RNA,2022-05-17,1,1,0.0149999999999999
ITUB4,1.015,90,Random Forest,2022-05-17,1,1,0.0149999999999999
ITUB4,1.015,90,SVC,2022-05-17,1,1,0.0149999999999999
ITUB4,1.015,90,RNA,2022-05-18,1,1,0.0149999999999999
ITUB4,1.015,90,Random Forest,2022-05-18,1,1,0.0149999999999999
ITUB4,1.015,90,SVC,2022-05-18,1,1,0.0149999999999999
ITUB4,1.015,90,RNA,2022-05-19,1,1,0.0149999999999999
ITUB4,1.015,90,Random Forest,2022-05-19,1,1,0.0149999999999999
ITUB4,1.015,90,SVC,2022-05-19,1,1,0.0149999999999999
ITUB4,1.015,90,RNA,2022-05-20,1,1,0.0149999999999999
ITUB4,1.015,90,Random Forest,2022-05-20,1,1,0.0149999999999999
ITUB4,1.015,90,SVC,2022-05-20,1,1,0.0149999999999999
ITUB4,1.015,90,RNA,2022-05-23,1,1,0.0149999999999999
ITUB4,1.015,90,Random Forest,2022-05-23,1,1,0.0149999999999999
ITUB4,1.015,90,SVC,2022-05-23,1,1,0.0149999999999999
ITUB4,1.015,90,RNA,2022-05-24,0,1,-0.0049904030313762
ITUB4,1.015,90,Random Forest,2022-05-24,0,1,-0.0049904030313762
ITUB4,1.015,90,SVC,2022-05-24,0,1,-0.0049904030313762
ITUB4,1.015,90,RNA,2022-05-25,1,1,0.0149999999999999
ITUB4,1.015,90,Random Forest,2022-05-25,1,1,0.0149999999999999
ITUB4,1.015,90,SVC,2022-05-25,1,1,0.0149999999999999
ITUB4,1.015,90,RNA,2022-05-26,0,1,-0.0100762791903735
ITUB4,1.015,90,Random Forest,2022-05-26,0,1,-0.0100762791903735
ITUB4,1.015,90,SVC,2022-05-26,0,1,-0.0100762791903735
ITUB4,1.015,90,RNA,2022-05-27,0,0,-0.0137995024253322
ITUB4,1.015,90,Random Forest,2022-05-27,0,0,-0.0137995024253322
ITUB4,1.015,90,SVC,2022-05-27,0,1,-0.0137995024253322
ITUB4,1.015,90,RNA,2022-05-30,0,1,-0.0203310780095277
ITUB4,1.015,90,Random Forest,2022-05-30,0,0,-0.0203310780095277
ITUB4,1.015,90,SVC,2022-05-30,0,0,-0.0203310780095277
ITUB4,1.015,90,RNA,2022-05-31,0,1,-0.0277672243527614
ITUB4,1.015,90,Random Forest,2022-05-31,0,0,-0.0277672243527614
ITUB4,1.015,90,SVC,2022-05-31,0,0,-0.0277672243527614
ITUB4,1.015,90,RNA,2022-06-01,0,0,-0.0176786889121048
ITUB4,1.015,90,Random Forest,2022-06-01,0,0,-0.0176786889121048
ITUB4,1.015,90,SVC,2022-06-01,0,0,-0.0176786889121048
ITUB4,1.015,90,RNA,2022-06-02,0,0,-0.026407777815245
ITUB4,1.015,90,Random Forest,2022-06-02,0,0,-0.026407777815245
ITUB4,1.015,90,SVC,2022-06-02,0,0,-0.026407777815245
ITUB4,1.015,90,RNA,2022-06-03,0,1,-0.0468085250204608
ITUB4,1.015,90,Random Forest,2022-06-03,0,0,-0.0468085250204608
ITUB4,1.015,90,SVC,2022-06-03,0,0,-0.0468085250204608
ITUB4,1.015,90,RNA,2022-06-06,0,0,-0.0537888035915916
ITUB4,1.015,90,Random Forest,2022-06-06,0,0,-0.0537888035915916
ITUB4,1.015,90,SVC,2022-06-06,0,0,-0.0537888035915916
ITUB4,1.015,90,RNA,2022-06-07,0,0,-0.0644400406712316
ITUB4,1.015,90,Random Forest,2022-06-07,0,0,-0.0644400406712316
ITUB4,1.015,90,SVC,2022-06-07,0,0,-0.0644400406712316
ITUB4,1.015,90,RNA,2022-06-08,0,0,-0.0562649363477463
ITUB4,1.015,90,Random Forest,2022-06-08,0,0,-0.0562649363477463
ITUB4,1.015,90,SVC,2022-06-08,0,0,-0.0562649363477463
ITUB4,1.015,90,RNA,2022-06-09,0,1,-0.032192312455432
ITUB4,1.015,90,Random Forest,2022-06-09,0,1,-0.032192312455432
ITUB4,1.015,90,SVC,2022-06-09,0,1,-0.032192312455432
ITUB4,1.015,90,RNA,2022-06-10,0,1,-0.0229166936191477
ITUB4,1.015,90,Random Forest,2022-06-10,0,1,-0.0229166936191477
ITUB4,1.015,90,SVC,2022-06-10,0,1,-0.0229166936191477
ITUB4,1.015,90,RNA,2022-06-13,1,1,0.0149999999999999
ITUB4,1.015,90,Random Forest,2022-06-13,1,1,0.0149999999999999
ITUB4,1.015,90,SVC,2022-06-13,1,1,0.0149999999999999
ITUB4,1.015,90,RNA,2022-06-14,1,1,0.0149999999999999
ITUB4,1.015,90,Random Forest,2022-06-14,1,0,0.0149999999999999
ITUB4,1.015,90,SVC,2022-06-14,1,1,0.0149999999999999
ITUB4,1.015,90,RNA,2022-06-15,1,1,0.0149999999999999
ITUB4,1.015,90,Random Forest,2022-06-15,1,1,0.0149999999999999
ITUB4,1.015,90,SVC,2022-06-15,1,1,0.0149999999999999
ITUB4,1.015,90,RNA,2022-06-17,1,1,0.0149999999999999
ITUB4,1.015,90,Random Forest,2022-06-17,1,1,0.0149999999999999
ITUB4,1.015,90,SVC,2022-06-17,1,1,0.0149999999999999
ITUB4,1.015,90,RNA,2022-06-20,0,1,-0.0456026274335767
ITUB4,1.015,90,Random Forest,2022-06-20,0,1,-0.0456026274335767
ITUB4,1.015,90,SVC,2022-06-20,0,1,-0.0456026274335767
ITUB4,1.015,90,RNA,2022-06-21,0,1,-0.0284301836254713
ITUB4,1.015,90,Random Forest,2022-06-21,0,1,-0.0284301836254713
ITUB4,1.015,90,SVC,2022-06-21,0,1,-0.0284301836254713
ITUB4,1.015,90,RNA,2022-06-22,0,1,-0.0307564126464507
ITUB4,1.015,90,Random Forest,2022-06-22,0,1,-0.0307564126464507
ITUB4,1.015,90,SVC,2022-06-22,0,1,-0.0307564126464507
ITUB4,1.015,90,RNA,2022-06-23,0,1,-0.0257492468736639
ITUB4,1.015,90,Random Forest,2022-06-23,0,1,-0.0257492468736639
ITUB4,1.015,90,SVC,2022-06-23,0,1,-0.0257492468736639
ITUB4,1.015,90,RNA,2022-06-24,0,1,-0.0365490852532083
ITUB4,1.015,90,Random Forest,2022-06-24,0,1,-0.0365490852532083
ITUB4,1.015,90,SVC,2022-06-24,0,1,-0.0365490852532083
ITUB4,1.015,90,RNA,2022-06-27,0,0,-0.0363331442232922
ITUB4,1.015,90,Random Forest,2022-06-27,0,0,-0.0363331442232922
ITUB4,1.015,90,SVC,2022-06-27,0,1,-0.0363331442232922
ITUB4,1.015,90,RNA,2022-06-28,0,1,-0.0350386772035582
ITUB4,1.015,90,Random Forest,2022-06-28,0,0,-0.0350386772035582
ITUB4,1.015,90,SVC,2022-06-28,0,0,-0.0350386772035582
ITUB4,1.015,90,RNA,2022-06-29,0,1,-0.0005360591833839
ITUB4,1.015,90,Random Forest,2022-06-29,0,0,-0.0005360591833839
ITUB4,1.015,90,SVC,2022-06-29,0,1,-0.0005360591833839
ITUB4,1.015,90,RNA,2022-06-30,1,1,0.0149999999999999
ITUB4,1.015,90,Random Forest,2022-06-30,1,0,0.0149999999999999
ITUB4,1.015,90,SVC,2022-06-30,1,0,0.0149999999999999
ITUB4,1.015,90,RNA,2022-07-01,1,0,0.0149999999999999
ITUB4,1.015,90,Random Forest,2022-07-01,1,0,0.0149999999999999
ITUB4,1.015,90,SVC,2022-07-01,1,0,0.0149999999999999
ITUB4,1.015,90,RNA,2022-07-04,1,0,0.0149999999999999
ITUB4,1.015,90,Random Forest,2022-07-04,1,0,0.0149999999999999
ITUB4,1.015,90,SVC,2022-07-04,1,1,0.0149999999999999
ITUB4,1.015,90,RNA,2022-07-05,1,1,0.0149999999999999
ITUB4,1.015,90,Random Forest,2022-07-05,1,1,0.0149999999999999
ITUB4,1.015,90,SVC,2022-07-05,1,1,0.0149999999999999
ITUB4,1.015,90,RNA,2022-07-06,1,1,0.0149999999999999
ITUB4,1.015,90,Random Forest,2022-07-06,1,0,0.0149999999999999
ITUB4,1.015,90,SVC,2022-07-06,1,1,0.0149999999999999
ITUB4,1.015,90,RNA,2022-07-07,0,1,-0.0357296566372041
ITUB4,1.015,90,Random Forest,2022-07-07,0,1,-0.0357296566372041
ITUB4,1.015,90,SVC,2022-07-07,0,1,-0.0357296566372041
ITUB4,1.015,90,RNA,2022-07-08,0,1,-0.0194777031141839
ITUB4,1.015,90,Random Forest,2022-07-08,0,0,-0.0194777031141839
ITUB4,1.015,90,SVC,2022-07-08,0,0,-0.0194777031141839
ITUB4,1.015,90,RNA,2022-07-11,0,0,0.0008876944070723
ITUB4,1.015,90,Random Forest,2022-07-11,0,0,0.0008876944070723
ITUB4,1.015,90,SVC,2022-07-11,0,0,0.0008876944070723
ITUB4,1.015,90,RNA,2022-07-12,1,1,0.0149999999999999
ITUB4,1.015,90,Random Forest,2022-07-12,1,0,0.0149999999999999
ITUB4,1.015,90,SVC,2022-07-12,1,0,0.0149999999999999
ITUB4,1.015,90,RNA,2022-07-13,1,0,0.0149999999999999
ITUB4,1.015,90,Random Forest,2022-07-13,1,0,0.0149999999999999
ITUB4,1.015,90,SVC,2022-07-13,1,1,0.0149999999999999
ITUB4,1.015,90,RNA,2022-07-14,1,1,0.0149999999999999
ITUB4,1.015,90,Random Forest,2022-07-14,1,1,0.0149999999999999
ITUB4,1.015,90,SVC,2022-07-14,1,0,0.0149999999999999
ITUB4,1.015,90,RNA,2022-07-15,1,1,0.0149999999999999
ITUB4,1.015,90,Random Forest,2022-07-15,1,1,0.0149999999999999
ITUB4,1.015,90,SVC,2022-07-15,1,1,0.0149999999999999
ITUB4,1.015,90,RNA,2022-07-18,1,0,0.0149999999999999
ITUB4,1.015,90,Random Forest,2022-07-18,1,1,0.0149999999999999
ITUB4,1.015,90,SVC,2022-07-18,1,1,0.0149999999999999
ITUB4,1.015,90,RNA,2022-07-19,0,1,0.004255324256154
ITUB4,1.015,90,Random Forest,2022-07-19,0,1,0.004255324256154
ITUB4,1.015,90,SVC,2022-07-19,0,1,0.004255324256154
ITUB4,1.015,90,RNA,2022-07-20,1,0,0.0149999999999999
ITUB4,1.015,90,Random Forest,2022-07-20,1,1,0.0149999999999999
ITUB4,1.015,90,SVC,2022-07-20,1,1,0.0149999999999999
ITUB4,1.015,90,RNA,2022-07-21,0,1,-0.0021186465998106
ITUB4,1.015,90,Random Forest,2022-07-21,0,1,-0.0021186465998106
ITUB4,1.015,90,SVC,2022-07-21,0,1,-0.0021186465998106
ITUB4,1.015,90,RNA,2022-07-22,1,1,0.0149999999999999
ITUB4,1.015,90,Random Forest,2022-07-22,1,1,0.0149999999999999
ITUB4,1.015,90,SVC,2022-07-22,1,1,0.0149999999999999
ITUB4,1.015,90,RNA,2022-07-25,0,1,-0.0004232140944956
ITUB4,1.015,90,Random Forest,2022-07-25,0,1,-0.0004232140944956
ITUB4,1.015,90,SVC,2022-07-25,0,1,-0.0004232140944956
ITUB4,1.015,90,RNA,2022-07-26,1,1,0.0149999999999999
ITUB4,1.015,90,Random Forest,2022-07-26,1,1,0.0149999999999999
ITUB4,1.015,90,SVC,2022-07-26,1,1,0.0149999999999999
ITUB4,1.015,90,RNA,2022-07-27,1,1,0.0149999999999999
ITUB4,1.015,90,Random Forest,2022-07-27,1,0,0.0149999999999999
ITUB4,1.015,90,SVC,2022-07-27,1,1,0.0149999999999999
ITUB4,1.015,90,RNA,2022-07-28,0,1,0.0070707841604975
ITUB4,1.015,90,Random Forest,2022-07-28,0,0,0.0070707841604975
ITUB4,1.015,90,SVC,2022-07-28,0,1,0.0070707841604975
ITUB4,1.015,90,RNA,2022-07-29,1,1,0.0149999999999999
ITUB4,1.015,90,Random Forest,2022-07-29,1,1,0.0149999999999999
ITUB4,1.015,90,SVC,2022-07-29,1,1,0.0149999999999999
ITUB4,1.015,90,RNA,2022-08-01,1,1,0.0149999999999999
ITUB4,1.015,90,Random Forest,2022-08-01,1,1,0.0149999999999999
ITUB4,1.015,90,SVC,2022-08-01,1,1,0.0149999999999999
ITUB4,1.015,90,RNA,2022-08-02,1,1,0.0149999999999999
ITUB4,1.015,90,Random Forest,2022-08-02,1,1,0.0149999999999999
ITUB4,1.015,90,SVC,2022-08-02,1,1,0.0149999999999999
ITUB4,1.015,90,RNA,2022-08-03,1,0,0.0149999999999999
ITUB4,1.015,90,Random Forest,2022-08-03,1,1,0.0149999999999999
ITUB4,1.015,90,SVC,2022-08-03,1,1,0.0149999999999999
ITUB4,1.015,90,RNA,2022-08-04,1,1,0.0149999999999999
ITUB4,1.015,90,Random Forest,2022-08-04,1,1,0.0149999999999999
ITUB4,1.015,90,SVC,2022-08-04,1,1,0.0149999999999999
ITUB4,1.015,90,RNA,2022-08-05,1,0,0.0149999999999999
ITUB4,1.015,90,Random Forest,2022-08-05,1,1,0.0149999999999999
ITUB4,1.015,90,SVC,2022-08-05,1,1,0.0149999999999999
ITUB4,1.015,90,RNA,2022-08-08,1,0,0.0149999999999999
ITUB4,1.015,90,Random Forest,2022-08-08,1,1,0.0149999999999999
ITUB4,1.015,90,SVC,2022-08-08,1,0,0.0149999999999999
ITUB4,1.015,90,RNA,2022-08-09,1,1,0.0149999999999999
ITUB4,1.015,90,Random Forest,2022-08-09,1,1,0.0149999999999999
ITUB4,1.015,90,SVC,2022-08-09,1,1,0.0149999999999999
ITUB4,1.015,90,RNA,2022-08-10,1,0,0.0149999999999999
ITUB4,1.015,90,Random Forest,2022-08-10,1,0,0.0149999999999999
ITUB4,1.015,90,SVC,2022-08-10,1,0,0.0149999999999999
ITUB4,1.015,90,RNA,2022-08-11,1,0,0.0149999999999999
ITUB4,1.015,90,Random Forest,2022-08-11,1,0,0.0149999999999999
ITUB4,1.015,90,SVC,2022-08-11,1,0,0.0149999999999999
ITUB4,1.015,90,RNA,2022-08-12,1,0,0.0149999999999999
ITUB4,1.015,90,Random Forest,2022-08-12,1,1,0.0149999999999999
ITUB4,1.015,90,SVC,2022-08-12,1,0,0.0149999999999999
ITUB4,1.015,90,RNA,2022-08-15,1,0,0.0149999999999999
ITUB4,1.015,90,Random Forest,2022-08-15,1,1,0.0149999999999999
ITUB4,1.015,90,SVC,2022-08-15,1,0,0.0149999999999999
ITUB4,1.015,90,RNA,2022-08-16,1,0,0.0149999999999999
ITUB4,1.015,90,Random Forest,2022-08-16,1,1,0.0149999999999999
ITUB4,1.015,90,SVC,2022-08-16,1,1,0.0149999999999999
ITUB4,1.015,90,RNA,2022-08-17,0,1,-0.0244632343440613
ITUB4,1.015,90,Random Forest,2022-08-17,0,1,-0.0244632343440613
ITUB4,1.015,90,SVC,2022-08-17,0,0,-0.0244632343440613
ITUB4,1.015,90,RNA,2022-08-18,0,1,-0.010447767475726
ITUB4,1.015,90,Random Forest,2022-08-18,0,1,-0.010447767475726
ITUB4,1.015,90,SVC,2022-08-18,0,1,-0.010447767475726
ITUB4,1.015,90,RNA,2022-08-19,1,1,0.0149999999999999
ITUB4,1.015,90,Random Forest,2022-08-19,1,1,0.0149999999999999
ITUB4,1.015,90,SVC,2022-08-19,1,1,0.0149999999999999
ITUB4,1.015,90,RNA,2022-08-22,1,1,0.0149999999999999
ITUB4,1.015,90,Random Forest,2022-08-22,1,1,0.0149999999999999
ITUB4,1.015,90,SVC,2022-08-22,1,1,0.0149999999999999
ITUB4,1.015,90,RNA,2022-08-23,1,1,0.0149999999999999
ITUB4,1.015,90,Random Forest,2022-08-23,1,0,0.0149999999999999
ITUB4,1.015,90,SVC,2022-08-23,1,1,0.0149999999999999
ITUB4,1.015,90,RNA,2022-08-24,1,1,0.0149999999999999
ITUB4,1.015,90,Random Forest,2022-08-24,1,0,0.0149999999999999
ITUB4,1.015,90,SVC,2022-08-24,1,1,0.0149999999999999
ITUB4,1.015,90,RNA,2022-08-25,0,1,-0.040520448370624
ITUB4,1.015,90,Random Forest,2022-08-25,0,1,-0.040520448370624
ITUB4,1.015,90,SVC,2022-08-25,0,1,-0.040520448370624
ITUB4,1.015,90,RNA,2022-08-26,0,1,-0.0125122042816372
ITUB4,1.015,90,Random Forest,2022-08-26,0,1,-0.0125122042816372
ITUB4,1.015,90,SVC,2022-08-26,0,1,-0.0125122042816372
ITUB4,1.015,90,RNA,2022-08-29,0,1,-0.0053098970989149
ITUB4,1.015,90,Random Forest,2022-08-29,0,1,-0.0053098970989149
ITUB4,1.015,90,SVC,2022-08-29,0,1,-0.0053098970989149
ITUB4,1.015,90,RNA,2022-08-30,1,0,0.0149999999999999
ITUB4,1.015,90,Random Forest,2022-08-30,1,0,0.0149999999999999
ITUB4,1.015,90,SVC,2022-08-30,1,1,0.0149999999999999
ITUB4,1.015,90,RNA,2022-08-31,1,1,0.0149999999999999
ITUB4,1.015,90,Random Forest,2022-08-31,1,0,0.0149999999999999
ITUB4,1.015,90,SVC,2022-08-31,1,1,0.0149999999999999
ITUB4,1.015,90,RNA,2022-09-01,1,1,0.0149999999999999
ITUB4,1.015,90,Random Forest,2022-09-01,1,1,0.0149999999999999
ITUB4,1.015,90,SVC,2022-09-01,1,1,0.0149999999999999
ITUB4,1.015,90,RNA,2022-09-02,1,1,0.0149999999999999
ITUB4,1.015,90,Random Forest,2022-09-02,1,1,0.0149999999999999
ITUB4,1.015,90,SVC,2022-09-02,1,1,0.0149999999999999
ITUB4,1.015,90,RNA,2022-09-05,1,0,0.0149999999999999
ITUB4,1.015,90,Random Forest,2022-09-05,1,1,0.0149999999999999
ITUB4,1.015,90,SVC,2022-09-05,1,1,0.0149999999999999
ITUB4,1.015,90,RNA,2022-09-06,1,1,0.0149999999999999
ITUB4,1.015,90,Random Forest,2022-09-06,1,1,0.0149999999999999
ITUB4,1.015,90,SVC,2022-09-06,1,1,0.0149999999999999
ITUB4,1.015,90,RNA,2022-09-08,1,1,0.0149999999999999
ITUB4,1.015,90,Random Forest,2022-09-08,1,1,0.0149999999999999
ITUB4,1.015,90,SVC,2022-09-08,1,1,0.0149999999999999
ITUB4,1.015,90,RNA,2022-09-09,0,1,-0.0085185063855031
ITUB4,1.015,90,Random Forest,2022-09-09,0,1,-0.0085185063855031
ITUB4,1.015,90,SVC,2022-09-09,0,1,-0.0085185063855031
ITUB4,1.015,90,RNA,2022-09-12,0,1,-0.0074404655456176
ITUB4,1.015,90,Random Forest,2022-09-12,0,1,-0.0074404655456176
ITUB4,1.015,90,SVC,2022-09-12,0,1,-0.0074404655456176
ITUB4,1.015,90,RNA,2022-09-13,1,0,0.0149999999999999
ITUB4,1.015,90,Random Forest,2022-09-13,1,1,0.0149999999999999
ITUB4,1.015,90,SVC,2022-09-13,1,1,0.0149999999999999
ITUB4,1.015,90,RNA,2022-09-14,1,0,0.0149999999999999
ITUB4,1.015,90,Random Forest,2022-09-14,1,1,0.0149999999999999
ITUB4,1.015,90,SVC,2022-09-14,1,1,0.0149999999999999
ITUB4,1.015,90,RNA,2022-09-15,1,1,0.0149999999999999
ITUB4,1.015,90,Random Forest,2022-09-15,1,1,0.0149999999999999
ITUB4,1.015,90,SVC,2022-09-15,1,1,0.0149999999999999
ITUB4,1.015,90,RNA,2022-09-16,1,0,0.0149999999999999
ITUB4,1.015,90,Random Forest,2022-09-16,1,1,0.0149999999999999
ITUB4,1.015,90,SVC,2022-09-16,1,1,0.0149999999999999
ITUB4,1.015,90,RNA,2022-09-19,1,0,0.0149999999999999
ITUB4,1.015,90,Random Forest,2022-09-19,1,1,0.0149999999999999
ITUB4,1.015,90,SVC,2022-09-19,1,1,0.0149999999999999
ITUB4,1.015,90,RNA,2022-09-20,0,0,-0.0283216839796895
ITUB4,1.015,90,Random Forest,2022-09-20,0,1,-0.0283216839796895
ITUB4,1.015,90,SVC,2022-09-20,0,1,-0.0283216839796895
ITUB4,1.015,90,RNA,2022-09-21,0,1,-0.0370759401198994
ITUB4,1.015,90,Random Forest,2022-09-21,0,1,-0.0370759401198994
ITUB4,1.015,90,SVC,2022-09-21,0,1,-0.0370759401198994
ITUB4,1.015,90,RNA,2022-09-22,0,0,-0.0309859187811997
ITUB4,1.015,90,Random Forest,2022-09-22,0,1,-0.0309859187811997
ITUB4,1.015,90,SVC,2022-09-22,0,1,-0.0309859187811997
ITUB4,1.015,90,RNA,2022-09-23,0,0,-0.0071098370832829
ITUB4,1.015,90,Random Forest,2022-09-23,0,0,-0.0071098370832829
ITUB4,1.015,90,SVC,2022-09-23,0,1,-0.0071098370832829
ITUB4,1.015,90,RNA,2022-09-26,0,0,0.0028591810669964
ITUB4,1.015,90,Random Forest,2022-09-26,0,0,0.0028591810669964
ITUB4,1.015,90,SVC,2022-09-26,0,1,0.0028591810669964
ITUB4,1.015,90,RNA,2022-09-27,1,0,0.0149999999999999
ITUB4,1.015,90,Random Forest,2022-09-27,1,0,0.0149999999999999
ITUB4,1.015,90,SVC,2022-09-27,1,1,0.0149999999999999
ITUB4,1.015,90,RNA,2022-09-28,1,1,0.0149999999999999
ITUB4,1.015,90,Random Forest,2022-09-28,1,1,0.0149999999999999
ITUB4,1.015,90,SVC,2022-09-28,1,1,0.0149999999999999
ITUB4,1.015,90,RNA,2022-09-29,1,0,0.0149999999999999
ITUB4,1.015,90,Random Forest,2022-09-29,1,1,0.0149999999999999
ITUB4,1.015,90,SVC,2022-09-29,1,1,0.0149999999999999
ITUB4,1.015,90,RNA,2022-09-30,1,0,0.0149999999999999
ITUB4,1.015,90,Random Forest,2022-09-30,1,1,0.0149999999999999
ITUB4,1.015,90,SVC,2022-09-30,1,1,0.0149999999999999
ITUB4,1.015,90,RNA,2022-10-03,0,0,-0.0216883899160162
ITUB4,1.015,90,Random Forest,2022-10-03,0,0,-0.0216883899160162
ITUB4,1.015,90,SVC,2022-10-03,0,1,-0.0216883899160162
ITUB4,1.015,90,RNA,2022-10-04,0,0,-0.0287914252056065
ITUB4,1.015,90,Random Forest,2022-10-04,0,0,-0.0287914252056065
ITUB4,1.015,90,SVC,2022-10-04,0,1,-0.0287914252056065
ITUB4,1.015,90,RNA,2022-10-05,0,0,-0.0364548274555773
ITUB4,1.015,90,Random Forest,2022-10-05,0,0,-0.0364548274555773
ITUB4,1.015,90,SVC,2022-10-05,0,1,-0.0364548274555773
ITUB4,1.015,90,RNA,2022-10-06,0,1,-0.0191780647837552
ITUB4,1.015,90,Random Forest,2022-10-06,0,0,-0.0191780647837552
ITUB4,1.015,90,SVC,2022-10-06,0,1,-0.0191780647837552
ITUB4,1.015,90,RNA,2022-10-07,0,1,-0.0281546882763017
ITUB4,1.015,90,Random Forest,2022-10-07,0,0,-0.0281546882763017
ITUB4,1.015,90,SVC,2022-10-07,0,1,-0.0281546882763017
ITUB4,1.015,90,RNA,2022-10-10,0,1,-0.0006920638001016
ITUB4,1.015,90,Random Forest,2022-10-10,0,0,-0.0006920638001016
ITUB4,1.015,90,SVC,2022-10-10,0,0,-0.0006920638001016
ITUB4,1.015,90,RNA,2022-10-11,1,1,0.0149999999999999
ITUB4,1.015,90,Random Forest,2022-10-11,1,0,0.0149999999999999
ITUB4,1.015,90,SVC,2022-10-11,1,0,0.0149999999999999
ITUB4,1.015,90,RNA,2022-10-13,1,0,0.0149999999999999
ITUB4,1.015,90,Random Forest,2022-10-13,1,0,0.0149999999999999
ITUB4,1.015,90,SVC,2022-10-13,1,0,0.0149999999999999
ITUB4,1.015,90,RNA,2022-10-14,1,0,0.0149999999999999
ITUB4,1.015,90,Random Forest,2022-10-14,1,0,0.0149999999999999
ITUB4,1.015,90,SVC,2022-10-14,1,0,0.0149999999999999
ITUB4,1.015,90,RNA,2022-10-17,1,0,0.0149999999999999
ITUB4,1.015,90,Random Forest,2022-10-17,1,0,0.0149999999999999
ITUB4,1.015,90,SVC,2022-10-17,1,0,0.0149999999999999
ITUB4,1.015,90,RNA,2022-10-18,1,1,0.0149999999999999
ITUB4,1.015,90,Random Forest,2022-10-18,1,1,0.0149999999999999
ITUB4,1.015,90,SVC,2022-10-18,1,0,0.0149999999999999
ITUB4,1.015,90,RNA,2022-10-19,1,1,0.0149999999999999
ITUB4,1.015,90,Random Forest,2022-10-19,1,0,0.0149999999999999
ITUB4,1.015,90,SVC,2022-10-19,1,0,0.0149999999999999
ITUB4,1.015,90,RNA,2022-10-20,1,1,0.0149999999999999
ITUB4,1.015,90,Random Forest,2022-10-20,1,0,0.0149999999999999
ITUB4,1.015,90,SVC,2022-10-20,1,1,0.0149999999999999
ITUB4,1.015,90,RNA,2022-10-21,0,1,-0.0486854687298442
ITUB4,1.015,90,Random Forest,2022-10-21,0,0,-0.0486854687298442
ITUB4,1.015,90,SVC,2022-10-21,0,1,-0.0486854687298442
ITUB4,1.015,90,RNA,2022-10-24,0,1,-0.0037099348777994
ITUB4,1.015,90,Random Forest,2022-10-24,0,0,-0.0037099348777994
ITUB4,1.015,90,SVC,2022-10-24,0,1,-0.0037099348777994
ITUB4,1.015,90,RNA,2022-10-25,1,1,0.0149999999999999
ITUB4,1.015,90,Random Forest,2022-10-25,1,0,0.0149999999999999
ITUB4,1.015,90,SVC,2022-10-25,1,1,0.0149999999999999
ITUB4,1.015,90,RNA,2022-10-26,1,1,0.0149999999999999
ITUB4,1.015,90,Random Forest,2022-10-26,1,1,0.0149999999999999
ITUB4,1.015,90,SVC,2022-10-26,1,1,0.0149999999999999
ITUB4,1.015,90,RNA,2022-10-27,1,1,0.0149999999999999
ITUB4,1.015,90,Random Forest,2022-10-27,1,1,0.0149999999999999
ITUB4,1.015,90,SVC,2022-10-27,1,1,0.0149999999999999
ITUB4,1.015,90,RNA,2022-10-28,1,0,0.0149999999999999
ITUB4,1.015,90,Random Forest,2022-10-28,1,0,0.0149999999999999
ITUB4,1.015,90,SVC,2022-10-28,1,1,0.0149999999999999
ITUB4,1.015,90,RNA,2022-10-31,0,1,-0.0432257963905406
ITUB4,1.015,90,Random Forest,2022-10-31,0,1,-0.0432257963905406
ITUB4,1.015,90,SVC,2022-10-31,0,1,-0.0432257963905406
ITUB4,1.015,90,RNA,2022-11-01,1,1,0.0149999999999999
ITUB4,1.015,90,Random Forest,2022-11-01,1,0,0.0149999999999999
ITUB4,1.015,90,SVC,2022-11-01,1,1,0.0149999999999999
ITUB4,1.015,90,RNA,2022-11-03,0,0,-0.0827631366627924
ITUB4,1.015,90,Random Forest,2022-11-03,0,0,-0.0827631366627924
ITUB4,1.015,90,SVC,2022-11-03,0,0,-0.0827631366627924
ITUB4,1.015,90,RNA,2022-11-04,0,0,-0.0814765459901348
ITUB4,1.015,90,Random Forest,2022-11-04,0,1,-0.0814765459901348
ITUB4,1.015,90,SVC,2022-11-04,0,1,-0.0814765459901348
ITUB4,1.015,90,RNA,2022-11-07,0,0,-0.0923599290187667
ITUB4,1.015,90,Random Forest,2022-11-07,0,1,-0.0923599290187667
ITUB4,1.015,90,SVC,2022-11-07,0,1,-0.0923599290187667
ITUB4,1.015,90,RNA,2022-11-08,0,1,-0.070132593843848
ITUB4,1.015,90,Random Forest,2022-11-08,0,1,-0.070132593843848
ITUB4,1.015,90,SVC,2022-11-08,0,1,-0.070132593843848
ITUB4,1.015,90,RNA,2022-11-09,1,0,0.0149999999999999
ITUB4,1.015,90,Random Forest,2022-11-09,1,1,0.0149999999999999
ITUB4,1.015,90,SVC,2022-11-09,1,1,0.0149999999999999
ITUB4,1.015,90,RNA,2022-11-10,0,0,-0.0560714029941342
ITUB4,1.015,90,Random Forest,2022-11-10,0,0,-0.0560714029941342
ITUB4,1.015,90,SVC,2022-11-10,0,0,-0.0560714029941342
ITUB4,1.015,90,RNA,2022-11-11,0,0,-0.0151570733155699
ITUB4,1.015,90,Random Forest,2022-11-11,0,1,-0.0151570733155699
ITUB4,1.015,90,SVC,2022-11-11,0,1,-0.0151570733155699
ITUB4,1.015,90,RNA,2022-11-14,1,0,0.0149999999999999
ITUB4,1.015,90,Random Forest,2022-11-14,1,1,0.0149999999999999
ITUB4,1.015,90,SVC,2022-11-14,1,1,0.0149999999999999
ITUB4,1.015,90,RNA,2022-11-16,1,1,0.0149999999999999
ITUB4,1.015,90,Random Forest,2022-11-16,1,0,0.0149999999999999
ITUB4,1.015,90,SVC,2022-11-16,1,1,0.0149999999999999
ITUB4,1.015,90,RNA,2022-11-17,1,0,0.0149999999999999
ITUB4,1.015,90,Random Forest,2022-11-17,1,1,0.0149999999999999
ITUB4,1.015,90,SVC,2022-11-17,1,1,0.0149999999999999
ITUB4,1.015,90,RNA,2022-11-18,0,1,-0.0022222289808758
ITUB4,1.015,90,Random Forest,2022-11-18,0,1,-0.0022222289808758
ITUB4,1.015,90,SVC,2022-11-18,0,1,-0.0022222289808758
ITUB4,1.015,90,RNA,2022-11-21,0,0,-0.0302238985766061
ITUB4,1.015,90,Random Forest,2022-11-21,0,1,-0.0302238985766061
ITUB4,1.015,90,SVC,2022-11-21,0,1,-0.0302238985766061
ITUB4,1.015,90,RNA,2022-11-22,1,0,0.0149999999999999
ITUB4,1.015,90,Random Forest,2022-11-22,1,0,0.0149999999999999
ITUB4,1.015,90,SVC,2022-11-22,1,1,0.0149999999999999
ITUB4,1.015,90,RNA,2022-11-23,1,1,0.0149999999999999
ITUB4,1.015,90,Random Forest,2022-11-23,1,1,0.0149999999999999
ITUB4,1.015,90,SVC,2022-11-23,1,1,0.0149999999999999
ITUB4,1.015,90,RNA,2022-11-24,0,1,-0.0291262524861783
ITUB4,1.015,90,Random Forest,2022-11-24,0,1,-0.0291262524861783
ITUB4,1.015,90,SVC,2022-11-24,0,1,-0.0291262524861783
ITUB4,1.015,90,RNA,2022-11-25,0,0,-0.0039213686273763
ITUB4,1.015,90,Random Forest,2022-11-25,0,1,-0.0039213686273763
ITUB4,1.015,90,SVC,2022-11-25,0,1,-0.0039213686273763
ITUB4,1.015,90,RNA,2022-11-28,1,0,0.0149999999999999
ITUB4,1.015,90,Random Forest,2022-11-28,1,1,0.0149999999999999
ITUB4,1.015,90,SVC,2022-11-28,1,1,0.0149999999999999
ITUB4,1.015,90,RNA,2022-11-29,1,1,0.0149999999999999
ITUB4,1.015,90,Random Forest,2022-11-29,1,1,0.0149999999999999
ITUB4,1.015,90,SVC,2022-11-29,1,1,0.0149999999999999
ITUB4,1.015,90,RNA,2022-11-30,1,1,0.0149999999999999
ITUB4,1.015,90,Random Forest,2022-11-30,1,1,0.0149999999999999
ITUB4,1.015,90,SVC,2022-11-30,1,1,0.0149999999999999
ITUB4,1.015,90,RNA,2022-12-01,1,0,0.0149999999999999
ITUB4,1.015,90,Random Forest,2022-12-01,1,1,0.0149999999999999
ITUB4,1.015,90,SVC,2022-12-01,1,1,0.0149999999999999
ITUB4,1.015,90,RNA,2022-12-02,0,0,-0.041698555683857
ITUB4,1.015,90,Random Forest,2022-12-02,0,1,-0.041698555683857
ITUB4,1.015,90,SVC,2022-12-02,0,1,-0.041698555683857
ITUB4,1.015,90,RNA,2022-12-05,1,1,0.0149999999999999
ITUB4,1.015,90,Random Forest,2022-12-05,1,0,0.0149999999999999
ITUB4,1.015,90,SVC,2022-12-05,1,1,0.0149999999999999
ITUB4,1.015,90,RNA,2022-12-06,0,1,-0.0626624690407758
ITUB4,1.015,90,Random Forest,2022-12-06,0,0,-0.0626624690407758
ITUB4,1.015,90,SVC,2022-12-06,0,1,-0.0626624690407758
ITUB4,1.015,90,RNA,2022-12-07,0,0,-0.0833728953429828
ITUB4,1.015,90,Random Forest,2022-12-07,0,1,-0.0833728953429828
ITUB4,1.015,90,SVC,2022-12-07,0,1,-0.0833728953429828
ITUB4,1.015,90,RNA,2022-12-08,0,1,-0.0563209383013869
ITUB4,1.015,90,Random Forest,2022-12-08,0,1,-0.0563209383013869
ITUB4,1.015,90,SVC,2022-12-08,0,1,-0.0563209383013869
ITUB4,1.015,90,RNA,2022-12-09,0,0,-0.0370065386586278
ITUB4,1.015,90,Random Forest,2022-12-09,0,0,-0.0370065386586278
ITUB4,1.015,90,SVC,2022-12-09,0,1,-0.0370065386586278
ITUB4,1.015,90,RNA,2022-12-12,0,1,-0.0235051496291431
ITUB4,1.015,90,Random Forest,2022-12-12,0,1,-0.0235051496291431
ITUB4,1.015,90,SVC,2022-12-12,0,1,-0.0235051496291431
ITUB4,1.015,90,RNA,2022-12-13,1,1,0.0149999999999999
ITUB4,1.015,90,Random Forest,2022-12-13,1,0,0.0149999999999999
ITUB4,1.015,90,SVC,2022-12-13,1,1,0.0149999999999999
ITUB4,1.015,90,RNA,2022-12-14,1,1,0.0149999999999999
ITUB4,1.015,90,Random Forest,2022-12-14,1,1,0.0149999999999999
ITUB4,1.015,90,SVC,2022-12-14,1,1,0.0149999999999999
ITUB4,1.015,90,RNA,2022-12-15,1,0,0.0149999999999999
ITUB4,1.015,90,Random Forest,2022-12-15,1,1,0.0149999999999999
ITUB4,1.015,90,SVC,2022-12-15,1,1,0.0149999999999999
ITUB4,1.015,90,RNA,2022-12-16,1,1,0.0149999999999999
ITUB4,1.015,90,Random Forest,2022-12-16,1,1,0.0149999999999999
ITUB4,1.015,90,SVC,2022-12-16,1,1,0.0149999999999999
ITUB4,1.015,90,RNA,2022-12-19,1,1,0.0149999999999999
ITUB4,1.015,90,Random Forest,2022-12-19,1,1,0.0149999999999999
ITUB4,1.015,90,SVC,2022-12-19,1,1,0.0149999999999999
ITUB4,1.015,90,RNA,2022-12-20,1,1,0.0149999999999999
ITUB4,1.015,90,Random Forest,2022-12-20,1,0,0.0149999999999999
ITUB4,1.015,90,SVC,2022-12-20,1,1,0.0149999999999999
ITUB4,1.015,90,RNA,2022-12-21,1,1,0.0149999999999999
ITUB4,1.015,90,Random Forest,2022-12-21,1,1,0.0149999999999999
ITUB4,1.015,90,SVC,2022-12-21,1,1,0.0149999999999999
ITUB4,1.015,90,RNA,2022-12-22,1,1,0.0149999999999999
ITUB4,1.015,90,Random Forest,2022-12-22,1,1,0.0149999999999999
ITUB4,1.015,90,SVC,2022-12-22,1,1,0.0149999999999999
ITUB4,1.015,90,RNA,2022-12-23,1,1,0.0149999999999999
ITUB4,1.015,90,Random Forest,2022-12-23,1,1,0.0149999999999999
ITUB4,1.015,90,SVC,2022-12-23,1,1,0.0149999999999999
ITUB4,1.015,90,RNA,2022-12-26,0,1,
ITUB4,1.015,90,Random Forest,2022-12-26,0,1,
ITUB4,1.015,90,SVC,2022-12-26,0,1,
ITUB4,1.015,90,RNA,2022-12-27,0,1,
ITUB4,1.015,90,Random Forest,2022-12-27,0,1,
ITUB4,1.015,90,SVC,2022-12-27,0,1,
ITUB4,1.015,90,RNA,2022-12-28,0,1,
ITUB4,1.015,90,Random Forest,2022-12-28,0,1,
ITUB4,1.015,90,SVC,2022-12-28,0,1,
ITUB4,1.015,90,RNA,2022-12-29,0,0,
ITUB4,1.015,90,Random Forest,2022-12-29,0,0,
ITUB4,1.015,90,SVC,2022-12-29,0,0,
ITUB4,1.02,60,RNA,2020-04-22,1,0,0.02
ITUB4,1.02,60,Random Forest,2020-04-22,1,0,0.02
ITUB4,1.02,60,SVC,2020-04-22,1,1,0.02
ITUB4,1.02,60,RNA,2020-04-23,1,1,0.02
ITUB4,1.02,60,Random Forest,2020-04-23,1,1,0.02
ITUB4,1.02,60,SVC,2020-04-23,1,1,0.02
ITUB4,1.02,60,RNA,2020-04-24,1,1,0.02
ITUB4,1.02,60,Random Forest,2020-04-24,1,1,0.02
ITUB4,1.02,60,SVC,2020-04-24,1,1,0.02
ITUB4,1.02,60,RNA,2020-04-27,1,1,0.02
ITUB4,1.02,60,Random Forest,2020-04-27,1,1,0.02
ITUB4,1.02,60,SVC,2020-04-27,1,1,0.02
ITUB4,1.02,60,RNA,2020-04-28,0,1,-0.0535429469946082
ITUB4,1.02,60,Random Forest,2020-04-28,0,1,-0.0535429469946082
ITUB4,1.02,60,SVC,2020-04-28,0,1,-0.0535429469946082
ITUB4,1.02,60,RNA,2020-04-29,1,1,0.02
ITUB4,1.02,60,Random Forest,2020-04-29,1,1,0.02
ITUB4,1.02,60,SVC,2020-04-29,1,1,0.02
ITUB4,1.02,60,RNA,2020-04-30,1,1,0.02
ITUB4,1.02,60,Random Forest,2020-04-30,1,0,0.02
ITUB4,1.02,60,SVC,2020-04-30,1,1,0.02
ITUB4,1.02,60,RNA,2020-05-04,1,1,0.02
ITUB4,1.02,60,Random Forest,2020-05-04,1,1,0.02
ITUB4,1.02,60,SVC,2020-05-04,1,1,0.02
ITUB4,1.02,60,RNA,2020-05-05,0,1,-0.0097345087714887
ITUB4,1.02,60,Random Forest,2020-05-05,0,1,-0.0097345087714887
ITUB4,1.02,60,SVC,2020-05-05,0,1,-0.0097345087714887
ITUB4,1.02,60,RNA,2020-05-06,1,1,0.02
ITUB4,1.02,60,Random Forest,2020-05-06,1,1,0.02
ITUB4,1.02,60,SVC,2020-05-06,1,1,0.02
ITUB4,1.02,60,RNA,2020-05-07,1,1,0.02
ITUB4,1.02,60,Random Forest,2020-05-07,1,1,0.02
ITUB4,1.02,60,SVC,2020-05-07,1,1,0.02
ITUB4,1.02,60,RNA,2020-05-08,1,1,0.02
ITUB4,1.02,60,Random Forest,2020-05-08,1,1,0.02
ITUB4,1.02,60,SVC,2020-05-08,1,1,0.02
ITUB4,1.02,60,RNA,2020-05-11,0,1,-0.0390937922864929
ITUB4,1.02,60,Random Forest,2020-05-11,0,1,-0.0390937922864929
ITUB4,1.02,60,SVC,2020-05-11,0,1,-0.0390937922864929
ITUB4,1.02,60,RNA,2020-05-12,1,1,0.02
ITUB4,1.02,60,Random Forest,2020-05-12,1,1,0.02
ITUB4,1.02,60,SVC,2020-05-12,1,1,0.02
ITUB4,1.02,60,RNA,2020-05-13,1,1,0.02
ITUB4,1.02,60,Random Forest,2020-05-13,1,1,0.02
ITUB4,1.02,60,SVC,2020-05-13,1,1,0.02
ITUB4,1.02,60,RNA,2020-05-14,0,1,-0.0400000030063717
ITUB4,1.02,60,Random Forest,2020-05-14,0,1,-0.0400000030063717
ITUB4,1.02,60,SVC,2020-05-14,0,1,-0.0400000030063717
ITUB4,1.02,60,RNA,2020-05-15,1,1,0.02
ITUB4,1.02,60,Random Forest,2020-05-15,1,1,0.02
ITUB4,1.02,60,SVC,2020-05-15,1,1,0.02
ITUB4,1.02,60,RNA,2020-05-18,1,1,0.02
ITUB4,1.02,60,Random Forest,2020-05-18,1,1,0.02
ITUB4,1.02,60,SVC,2020-05-18,1,1,0.02
ITUB4,1.02,60,RNA,2020-05-19,1,1,0.02
ITUB4,1.02,60,Random Forest,2020-05-19,1,0,0.02
ITUB4,1.02,60,SVC,2020-05-19,1,1,0.02
ITUB4,1.02,60,RNA,2020-05-20,1,1,0.02
ITUB4,1.02,60,Random Forest,2020-05-20,1,1,0.02
ITUB4,1.02,60,SVC,2020-05-20,1,1,0.02
ITUB4,1.02,60,RNA,2020-05-21,1,1,0.02
ITUB4,1.02,60,Random Forest,2020-05-21,1,1,0.02
ITUB4,1.02,60,SVC,2020-05-21,1,1,0.02
ITUB4,1.02,60,RNA,2020-05-22,1,1,0.02
ITUB4,1.02,60,Random Forest,2020-05-22,1,1,0.02
ITUB4,1.02,60,SVC,2020-05-22,1,1,0.02
ITUB4,1.02,60,RNA,2020-05-25,0,1,-0.0530209449775563
ITUB4,1.02,60,Random Forest,2020-05-25,0,1,-0.0530209449775563
ITUB4,1.02,60,SVC,2020-05-25,0,1,-0.0530209449775563
ITUB4,1.02,60,RNA,2020-05-26,0,1,0.0014980115454406
ITUB4,1.02,60,Random Forest,2020-05-26,0,1,0.0014980115454406
ITUB4,1.02,60,SVC,2020-05-26,0,1,0.0014980115454406
ITUB4,1.02,60,RNA,2020-05-27,1,1,0.02
ITUB4,1.02,60,Random Forest,2020-05-27,1,0,0.02
ITUB4,1.02,60,SVC,2020-05-27,1,1,0.02
ITUB4,1.02,60,RNA,2020-05-28,1,1,0.02
ITUB4,1.02,60,Random Forest,2020-05-28,1,1,0.02
ITUB4,1.02,60,SVC,2020-05-28,1,1,0.02
ITUB4,1.02,60,RNA,2020-05-29,1,1,0.02
ITUB4,1.02,60,Random Forest,2020-05-29,1,1,0.02
ITUB4,1.02,60,SVC,2020-05-29,1,1,0.02
ITUB4,1.02,60,RNA,2020-06-01,1,1,0.02
ITUB4,1.02,60,Random Forest,2020-06-01,1,1,0.02
ITUB4,1.02,60,SVC,2020-06-01,1,1,0.02
ITUB4,1.02,60,RNA,2020-06-02,1,1,0.02
ITUB4,1.02,60,Random Forest,2020-06-02,1,1,0.02
ITUB4,1.02,60,SVC,2020-06-02,1,1,0.02
ITUB4,1.02,60,RNA,2020-06-03,1,1,0.02
ITUB4,1.02,60,Random Forest,2020-06-03,1,1,0.02
ITUB4,1.02,60,SVC,2020-06-03,1,1,0.02
ITUB4,1.02,60,RNA,2020-06-04,0,1,-0.0557528236253418
ITUB4,1.02,60,Random Forest,2020-06-04,0,1,-0.0557528236253418
ITUB4,1.02,60,SVC,2020-06-04,0,1,-0.0557528236253418
ITUB4,1.02,60,RNA,2020-06-05,1,1,0.02
ITUB4,1.02,60,Random Forest,2020-06-05,1,1,0.02
ITUB4,1.02,60,SVC,2020-06-05,1,1,0.02
ITUB4,1.02,60,RNA,2020-06-08,1,1,0.02
ITUB4,1.02,60,Random Forest,2020-06-08,1,0,0.02
ITUB4,1.02,60,SVC,2020-06-08,1,1,0.02
ITUB4,1.02,60,RNA,2020-06-09,0,1,-0.0686588308598515
ITUB4,1.02,60,Random Forest,2020-06-09,0,0,-0.0686588308598515
ITUB4,1.02,60,SVC,2020-06-09,0,1,-0.0686588308598515
ITUB4,1.02,60,RNA,2020-06-10,1,1,0.02
ITUB4,1.02,60,Random Forest,2020-06-10,1,1,0.02
ITUB4,1.02,60,SVC,2020-06-10,1,1,0.02
ITUB4,1.02,60,RNA,2020-06-12,1,0,0.02
ITUB4,1.02,60,Random Forest,2020-06-12,1,1,0.02
ITUB4,1.02,60,SVC,2020-06-12,1,1,0.02
ITUB4,1.02,60,RNA,2020-06-15,1,1,0.02
ITUB4,1.02,60,Random Forest,2020-06-15,1,1,0.02
ITUB4,1.02,60,SVC,2020-06-15,1,1,0.02
ITUB4,1.02,60,RNA,2020-06-16,1,1,0.02
ITUB4,1.02,60,Random Forest,2020-06-16,1,1,0.02
ITUB4,1.02,60,SVC,2020-06-16,1,1,0.02
ITUB4,1.02,60,RNA,2020-06-17,1,1,0.02
ITUB4,1.02,60,Random Forest,2020-06-17,1,1,0.02
ITUB4,1.02,60,SVC,2020-06-17,1,1,0.02
ITUB4,1.02,60,RNA,2020-06-18,0,1,-0.0804270834185341
ITUB4,1.02,60,Random Forest,2020-06-18,0,1,-0.0804270834185341
ITUB4,1.02,60,SVC,2020-06-18,0,1,-0.0804270834185341
ITUB4,1.02,60,RNA,2020-06-19,0,1,-0.0674036938550665
ITUB4,1.02,60,Random Forest,2020-06-19,0,0,-0.0674036938550665
ITUB4,1.02,60,SVC,2020-06-19,0,1,-0.0674036938550665
ITUB4,1.02,60,RNA,2020-06-22,0,1,-0.0718411269320794
ITUB4,1.02,60,Random Forest,2020-06-22,0,1,-0.0718411269320794
ITUB4,1.02,60,SVC,2020-06-22,0,1,-0.0718411269320794
ITUB4,1.02,60,RNA,2020-06-23,0,1,-0.0115714964483225
ITUB4,1.02,60,Random Forest,2020-06-23,0,0,-0.0115714964483225
ITUB4,1.02,60,SVC,2020-06-23,0,1,-0.0115714964483225
ITUB4,1.02,60,RNA,2020-06-24,0,1,-0.0222820032046704
ITUB4,1.02,60,Random Forest,2020-06-24,0,1,-0.0222820032046704
ITUB4,1.02,60,SVC,2020-06-24,0,1,-0.0222820032046704
ITUB4,1.02,60,RNA,2020-06-25,1,1,0.02
ITUB4,1.02,60,Random Forest,2020-06-25,1,1,0.02
ITUB4,1.02,60,SVC,2020-06-25,1,0,0.02
ITUB4,1.02,60,RNA,2020-06-26,1,1,0.02
ITUB4,1.02,60,Random Forest,2020-06-26,1,1,0.02
ITUB4,1.02,60,SVC,2020-06-26,1,1,0.02
ITUB4,1.02,60,RNA,2020-06-29,1,0,0.02
ITUB4,1.02,60,Random Forest,2020-06-29,1,1,0.02
ITUB4,1.02,60,SVC,2020-06-29,1,1,0.02
ITUB4,1.02,60,RNA,2020-06-30,1,1,0.02
ITUB4,1.02,60,Random Forest,2020-06-30,1,1,0.02
ITUB4,1.02,60,SVC,2020-06-30,1,1,0.02
ITUB4,1.02,60,RNA,2020-07-01,1,1,0.02
ITUB4,1.02,60,Random Forest,2020-07-01,1,1,0.02
ITUB4,1.02,60,SVC,2020-07-01,1,1,0.02
ITUB4,1.02,60,RNA,2020-07-02,1,1,0.02
ITUB4,1.02,60,Random Forest,2020-07-02,1,1,0.02
ITUB4,1.02,60,SVC,2020-07-02,1,1,0.02
ITUB4,1.02,60,RNA,2020-07-03,1,1,0.02
ITUB4,1.02,60,Random Forest,2020-07-03,1,0,0.02
ITUB4,1.02,60,SVC,2020-07-03,1,1,0.02
ITUB4,1.02,60,RNA,2020-07-06,0,1,-0.0083849655823319
ITUB4,1.02,60,Random Forest,2020-07-06,0,1,-0.0083849655823319
ITUB4,1.02,60,SVC,2020-07-06,0,1,-0.0083849655823319
ITUB4,1.02,60,RNA,2020-07-07,1,0,0.02
ITUB4,1.02,60,Random Forest,2020-07-07,1,0,0.02
ITUB4,1.02,60,SVC,2020-07-07,1,0,0.02
ITUB4,1.02,60,RNA,2020-07-08,0,1,0.0085121986239686
ITUB4,1.02,60,Random Forest,2020-07-08,0,1,0.0085121986239686
ITUB4,1.02,60,SVC,2020-07-08,0,1,0.0085121986239686
ITUB4,1.02,60,RNA,2020-07-09,1,1,0.02
ITUB4,1.02,60,Random Forest,2020-07-09,1,1,0.02
ITUB4,1.02,60,SVC,2020-07-09,1,1,0.02
ITUB4,1.02,60,RNA,2020-07-10,0,1,-0.0171220298963773
ITUB4,1.02,60,Random Forest,2020-07-10,0,0,-0.0171220298963773
ITUB4,1.02,60,SVC,2020-07-10,0,1,-0.0171220298963773
ITUB4,1.02,60,RNA,2020-07-13,1,0,0.02
ITUB4,1.02,60,Random Forest,2020-07-13,1,1,0.02
ITUB4,1.02,60,SVC,2020-07-13,1,1,0.02
ITUB4,1.02,60,RNA,2020-07-14,0,1,-0.0087146005574519
ITUB4,1.02,60,Random Forest,2020-07-14,0,1,-0.0087146005574519
ITUB4,1.02,60,SVC,2020-07-14,0,1,-0.0087146005574519
ITUB4,1.02,60,RNA,2020-07-15,1,1,0.02
ITUB4,1.02,60,Random Forest,2020-07-15,1,0,0.02
ITUB4,1.02,60,SVC,2020-07-15,1,1,0.02
ITUB4,1.02,60,RNA,2020-07-16,1,1,0.02
ITUB4,1.02,60,Random Forest,2020-07-16,1,0,0.02
ITUB4,1.02,60,SVC,2020-07-16,1,1,0.02
ITUB4,1.02,60,RNA,2020-07-17,1,1,0.02
ITUB4,1.02,60,Random Forest,2020-07-17,1,1,0.02
ITUB4,1.02,60,SVC,2020-07-17,1,1,0.02
ITUB4,1.02,60,RNA,2020-07-20,0,1,-0.0409420439738995
ITUB4,1.02,60,Random Forest,2020-07-20,0,1,-0.0409420439738995
ITUB4,1.02,60,SVC,2020-07-20,0,1,-0.0409420439738995
ITUB4,1.02,60,RNA,2020-07-21,0,1,-0.0017953001258705
ITUB4,1.02,60,Random Forest,2020-07-21,0,1,-0.0017953001258705
ITUB4,1.02,60,SVC,2020-07-21,0,1,-0.0017953001258705
ITUB4,1.02,60,RNA,2020-07-22,1,0,0.02
ITUB4,1.02,60,Random Forest,2020-07-22,1,1,0.02
ITUB4,1.02,60,SVC,2020-07-22,1,1,0.02
ITUB4,1.02,60,RNA,2020-07-23,1,0,0.02
ITUB4,1.02,60,Random Forest,2020-07-23,1,1,0.02
ITUB4,1.02,60,SVC,2020-07-23,1,1,0.02
ITUB4,1.02,60,RNA,2020-07-24,1,1,0.02
ITUB4,1.02,60,Random Forest,2020-07-24,1,1,0.02
ITUB4,1.02,60,SVC,2020-07-24,1,1,0.02
ITUB4,1.02,60,RNA,2020-07-27,1,1,0.02
ITUB4,1.02,60,Random Forest,2020-07-27,1,1,0.02
ITUB4,1.02,60,SVC,2020-07-27,1,1,0.02
ITUB4,1.02,60,RNA,2020-07-28,0,1,-0.0303648207659938
ITUB4,1.02,60,Random Forest,2020-07-28,0,0,-0.0303648207659938
ITUB4,1.02,60,SVC,2020-07-28,0,1,-0.0303648207659938
ITUB4,1.02,60,RNA,2020-07-29,0,1,-0.0777056818411143
ITUB4,1.02,60,Random Forest,2020-07-29,0,1,-0.0777056818411143
ITUB4,1.02,60,SVC,2020-07-29,0,1,-0.0777056818411143
ITUB4,1.02,60,RNA,2020-07-30,0,1,-0.0807325903076521
ITUB4,1.02,60,Random Forest,2020-07-30,0,1,-0.0807325903076521
ITUB4,1.02,60,SVC,2020-07-30,0,1,-0.0807325903076521
ITUB4,1.02,60,RNA,2020-07-31,1,1,0.02
ITUB4,1.02,60,Random Forest,2020-07-31,1,0,0.02
ITUB4,1.02,60,SVC,2020-07-31,1,1,0.02
ITUB4,1.02,60,RNA,2020-08-03,0,1,-0.029333341050112
ITUB4,1.02,60,Random Forest,2020-08-03,0,1,-0.029333341050112
ITUB4,1.02,60,SVC,2020-08-03,0,1,-0.029333341050112
ITUB4,1.02,60,RNA,2020-08-04,0,1,-0.0130019514191522
ITUB4,1.02,60,Random Forest,2020-08-04,0,1,-0.0130019514191522
ITUB4,1.02,60,SVC,2020-08-04,0,1,-0.0130019514191522
ITUB4,1.02,60,RNA,2020-08-05,1,0,0.02
ITUB4,1.02,60,Random Forest,2020-08-05,1,1,0.02
ITUB4,1.02,60,SVC,2020-08-05,1,1,0.02
ITUB4,1.02,60,RNA,2020-08-06,1,1,0.02
ITUB4,1.02,60,Random Forest,2020-08-06,1,1,0.02
ITUB4,1.02,60,SVC,2020-08-06,1,1,0.02
ITUB4,1.02,60,RNA,2020-08-07,1,1,0.02
ITUB4,1.02,60,Random Forest,2020-08-07,1,1,0.02
ITUB4,1.02,60,SVC,2020-08-07,1,1,0.02
ITUB4,1.02,60,RNA,2020-08-10,0,0,-0.0532159525713544
ITUB4,1.02,60,Random Forest,2020-08-10,0,1,-0.0532159525713544
ITUB4,1.02,60,SVC,2020-08-10,0,1,-0.0532159525713544
ITUB4,1.02,60,RNA,2020-08-11,0,1,-0.0603347770534901
ITUB4,1.02,60,Random Forest,2020-08-11,0,1,-0.0603347770534901
ITUB4,1.02,60,SVC,2020-08-11,0,1,-0.0603347770534901
ITUB4,1.02,60,RNA,2020-08-12,0,1,-0.0458277134218768
ITUB4,1.02,60,Random Forest,2020-08-12,0,0,-0.0458277134218768
ITUB4,1.02,60,SVC,2020-08-12,0,1,-0.0458277134218768
ITUB4,1.02,60,RNA,2020-08-13,1,1,0.02
ITUB4,1.02,60,Random Forest,2020-08-13,1,0,0.02
ITUB4,1.02,60,SVC,2020-08-13,1,0,0.02
ITUB4,1.02,60,RNA,2020-08-14,0,0,-0.0221293053693227
ITUB4,1.02,60,Random Forest,2020-08-14,0,0,-0.0221293053693227
ITUB4,1.02,60,SVC,2020-08-14,0,0,-0.0221293053693227
ITUB4,1.02,60,RNA,2020-08-17,0,1,-0.0219333838774211
ITUB4,1.02,60,Random Forest,2020-08-17,0,0,-0.0219333838774211
ITUB4,1.02,60,SVC,2020-08-17,0,0,-0.0219333838774211
ITUB4,1.02,60,RNA,2020-08-18,1,1,0.02
ITUB4,1.02,60,Random Forest,2020-08-18,1,0,0.02
ITUB4,1.02,60,SVC,2020-08-18,1,1,0.02
ITUB4,1.02,60,RNA,2020-08-19,1,0,0.02
ITUB4,1.02,60,Random Forest,2020-08-19,1,1,0.02
ITUB4,1.02,60,SVC,2020-08-19,1,1,0.02
ITUB4,1.02,60,RNA,2020-08-20,1,1,0.02
ITUB4,1.02,60,Random Forest,2020-08-20,1,1,0.02
ITUB4,1.02,60,SVC,2020-08-20,1,1,0.02
ITUB4,1.02,60,RNA,2020-08-21,1,1,0.02
ITUB4,1.02,60,Random Forest,2020-08-21,1,0,0.02
ITUB4,1.02,60,SVC,2020-08-21,1,0,0.02
ITUB4,1.02,60,RNA,2020-08-24,0,1,-0.0085227676662281
ITUB4,1.02,60,Random Forest,2020-08-24,0,1,-0.0085227676662281
ITUB4,1.02,60,SVC,2020-08-24,0,1,-0.0085227676662281
ITUB4,1.02,60,RNA,2020-08-25,0,1,-0.0308641662964684
ITUB4,1.02,60,Random Forest,2020-08-25,0,1,-0.0308641662964684
ITUB4,1.02,60,SVC,2020-08-25,0,1,-0.0308641662964684
ITUB4,1.02,60,RNA,2020-08-26,1,1,0.02
ITUB4,1.02,60,Random Forest,2020-08-26,1,1,0.02
ITUB4,1.02,60,SVC,2020-08-26,1,1,0.02
ITUB4,1.02,60,RNA,2020-08-27,0,1,0.0002256193041956
ITUB4,1.02,60,Random Forest,2020-08-27,0,0,0.0002256193041956
ITUB4,1.02,60,SVC,2020-08-27,0,1,0.0002256193041956
ITUB4,1.02,60,RNA,2020-08-28,1,1,0.02
ITUB4,1.02,60,Random Forest,2020-08-28,1,1,0.02
ITUB4,1.02,60,SVC,2020-08-28,1,1,0.02
ITUB4,1.02,60,RNA,2020-08-31,1,1,0.02
ITUB4,1.02,60,Random Forest,2020-08-31,1,1,0.02
ITUB4,1.02,60,SVC,2020-08-31,1,1,0.02
ITUB4,1.02,60,RNA,2020-09-01,1,0,0.02
ITUB4,1.02,60,Random Forest,2020-09-01,1,1,0.02
ITUB4,1.02,60,SVC,2020-09-01,1,1,0.02
ITUB4,1.02,60,RNA,2020-09-02,1,1,0.02
ITUB4,1.02,60,Random Forest,2020-09-02,1,1,0.02
ITUB4,1.02,60,SVC,2020-09-02,1,1,0.02
ITUB4,1.02,60,RNA,2020-09-03,0,1,-0.049682071299363
ITUB4,1.02,60,Random Forest,2020-09-03,0,1,-0.049682071299363
ITUB4,1.02,60,SVC,2020-09-03,0,1,-0.049682071299363
ITUB4,1.02,60,RNA,2020-09-04,0,1,-0.0378664667573277
ITUB4,1.02,60,Random Forest,2020-09-04,0,1,-0.0378664667573277
ITUB4,1.02,60,SVC,2020-09-04,0,1,-0.0378664667573277
ITUB4,1.02,60,RNA,2020-09-08,0,1,-0.0223577098086357
ITUB4,1.02,60,Random Forest,2020-09-08,0,1,-0.0223577098086357
ITUB4,1.02,60,SVC,2020-09-08,0,1,-0.0223577098086357
ITUB4,1.02,60,RNA,2020-09-09,0,1,-0.0274590269393506
ITUB4,1.02,60,Random Forest,2020-09-09,0,1,-0.0274590269393506
ITUB4,1.02,60,SVC,2020-09-09,0,1,-0.0274590269393506
ITUB4,1.02,60,RNA,2020-09-10,0,1,-0.0121086080660095
ITUB4,1.02,60,Random Forest,2020-09-10,0,0,-0.0121086080660095
ITUB4,1.02,60,SVC,2020-09-10,0,0,-0.0121086080660095
ITUB4,1.02,60,RNA,2020-09-11,0,1,-0.0042034442091272
ITUB4,1.02,60,Random Forest,2020-09-11,0,1,-0.0042034442091272
ITUB4,1.02,60,SVC,2020-09-11,0,0,-0.0042034442091272
ITUB4,1.02,60,RNA,2020-09-14,0,0,-0.0442697578550813
ITUB4,1.02,60,Random Forest,2020-09-14,0,1,-0.0442697578550813
ITUB4,1.02,60,SVC,2020-09-14,0,0,-0.0442697578550813
ITUB4,1.02,60,RNA,2020-09-15,0,0,-0.0361952793374078
ITUB4,1.02,60,Random Forest,2020-09-15,0,1,-0.0361952793374078
ITUB4,1.02,60,SVC,2020-09-15,0,0,-0.0361952793374078
ITUB4,1.02,60,RNA,2020-09-16,0,1,-0.0170213372515174
ITUB4,1.02,60,Random Forest,2020-09-16,0,0,-0.0170213372515174
ITUB4,1.02,60,SVC,2020-09-16,0,0,-0.0170213372515174
ITUB4,1.02,60,RNA,2020-09-17,0,1,-0.0434042559897153
ITUB4,1.02,60,Random Forest,2020-09-17,0,0,-0.0434042559897153
ITUB4,1.02,60,SVC,2020-09-17,0,1,-0.0434042559897153
ITUB4,1.02,60,RNA,2020-09-18,1,1,0.02
ITUB4,1.02,60,Random Forest,2020-09-18,1,0,0.02
ITUB4,1.02,60,SVC,2020-09-18,1,1,0.02
ITUB4,1.02,60,RNA,2020-09-21,1,1,0.02
ITUB4,1.02,60,Random Forest,2020-09-21,1,1,0.02
ITUB4,1.02,60,SVC,2020-09-21,1,1,0.02
ITUB4,1.02,60,RNA,2020-09-22,1,0,0.02
ITUB4,1.02,60,Random Forest,2020-09-22,1,0,0.02
ITUB4,1.02,60,SVC,2020-09-22,1,1,0.02
ITUB4,1.02,60,RNA,2020-09-23,1,0,0.02
ITUB4,1.02,60,Random Forest,2020-09-23,1,1,0.02
ITUB4,1.02,60,SVC,2020-09-23,1,1,0.02
ITUB4,1.02,60,RNA,2020-09-24,1,1,0.02
ITUB4,1.02,60,Random Forest,2020-09-24,1,1,0.02
ITUB4,1.02,60,SVC,2020-09-24,1,1,0.02
ITUB4,1.02,60,RNA,2020-09-25,1,0,0.02
ITUB4,1.02,60,Random Forest,2020-09-25,1,1,0.02
ITUB4,1.02,60,SVC,2020-09-25,1,1,0.02
ITUB4,1.02,60,RNA,2020-09-28,0,1,-0.0128786631423271
ITUB4,1.02,60,Random Forest,2020-09-28,0,1,-0.0128786631423271
ITUB4,1.02,60,SVC,2020-09-28,0,1,-0.0128786631423271
ITUB4,1.02,60,RNA,2020-09-29,1,0,0.02
ITUB4,1.02,60,Random Forest,2020-09-29,1,1,0.02
ITUB4,1.02,60,SVC,2020-09-29,1,1,0.02
ITUB4,1.02,60,RNA,2020-09-30,1,1,0.02
ITUB4,1.02,60,Random Forest,2020-09-30,1,1,0.02
ITUB4,1.02,60,SVC,2020-09-30,1,1,0.02
ITUB4,1.02,60,RNA,2020-10-01,1,1,0.02
ITUB4,1.02,60,Random Forest,2020-10-01,1,1,0.02
ITUB4,1.02,60,SVC,2020-10-01,1,1,0.02
ITUB4,1.02,60,RNA,2020-10-02,1,1,0.02
ITUB4,1.02,60,Random Forest,2020-10-02,1,1,0.02
ITUB4,1.02,60,SVC,2020-10-02,1,1,0.02
ITUB4,1.02,60,RNA,2020-10-05,1,0,0.02
ITUB4,1.02,60,Random Forest,2020-10-05,1,1,0.02
ITUB4,1.02,60,SVC,2020-10-05,1,1,0.02
ITUB4,1.02,60,RNA,2020-10-06,1,0,0.02
ITUB4,1.02,60,Random Forest,2020-10-06,1,1,0.02
ITUB4,1.02,60,SVC,2020-10-06,1,0,0.02
ITUB4,1.02,60,RNA,2020-10-07,1,1,0.02
ITUB4,1.02,60,Random Forest,2020-10-07,1,1,0.02
ITUB4,1.02,60,SVC,2020-10-07,1,0,0.02
ITUB4,1.02,60,RNA,2020-10-08,1,1,0.02
ITUB4,1.02,60,Random Forest,2020-10-08,1,1,0.02
ITUB4,1.02,60,SVC,2020-10-08,1,1,0.02
ITUB4,1.02,60,RNA,2020-10-09,0,1,-0.0362802404900939
ITUB4,1.02,60,Random Forest,2020-10-09,0,1,-0.0362802404900939
ITUB4,1.02,60,SVC,2020-10-09,0,1,-0.0362802404900939
ITUB4,1.02,60,RNA,2020-10-13,0,0,-0.0221850319809396
ITUB4,1.02,60,Random Forest,2020-10-13,0,1,-0.0221850319809396
ITUB4,1.02,60,SVC,2020-10-13,0,1,-0.0221850319809396
ITUB4,1.02,60,RNA,2020-10-14,1,0,0.02
ITUB4,1.02,60,Random Forest,2020-10-14,1,1,0.02
ITUB4,1.02,60,SVC,2020-10-14,1,1,0.02
ITUB4,1.02,60,RNA,2020-10-15,1,0,0.02
ITUB4,1.02,60,Random Forest,2020-10-15,1,1,0.02
ITUB4,1.02,60,SVC,2020-10-15,1,0,0.02
ITUB4,1.02,60,RNA,2020-10-16,1,0,0.02
ITUB4,1.02,60,Random Forest,2020-10-16,1,1,0.02
ITUB4,1.02,60,SVC,2020-10-16,1,1,0.02
ITUB4,1.02,60,RNA,2020-10-19,1,1,0.02
ITUB4,1.02,60,Random Forest,2020-10-19,1,1,0.02
ITUB4,1.02,60,SVC,2020-10-19,1,1,0.02
ITUB4,1.02,60,RNA,2020-10-20,1,1,0.02
ITUB4,1.02,60,Random Forest,2020-10-20,1,1,0.02
ITUB4,1.02,60,SVC,2020-10-20,1,0,0.02
ITUB4,1.02,60,RNA,2020-10-21,1,0,0.02
ITUB4,1.02,60,Random Forest,2020-10-21,1,1,0.02
ITUB4,1.02,60,SVC,2020-10-21,1,0,0.02
ITUB4,1.02,60,RNA,2020-10-22,0,0,-0.0818532838092425
ITUB4,1.02,60,Random Forest,2020-10-22,0,1,-0.0818532838092425
ITUB4,1.02,60,SVC,2020-10-22,0,1,-0.0818532838092425
ITUB4,1.02,60,RNA,2020-10-23,1,0,0.02
ITUB4,1.02,60,Random Forest,2020-10-23,1,0,0.02
ITUB4,1.02,60,SVC,2020-10-23,1,0,0.02
ITUB4,1.02,60,RNA,2020-10-26,0,0,-0.1003831759877499
ITUB4,1.02,60,Random Forest,2020-10-26,0,1,-0.1003831759877499
ITUB4,1.02,60,SVC,2020-10-26,0,0,-0.1003831759877499
ITUB4,1.02,60,RNA,2020-10-27,0,1,-0.0080259077651153
ITUB4,1.02,60,Random Forest,2020-10-27,0,0,-0.0080259077651153
ITUB4,1.02,60,SVC,2020-10-27,0,0,-0.0080259077651153
ITUB4,1.02,60,RNA,2020-10-28,1,0,0.02
ITUB4,1.02,60,Random Forest,2020-10-28,1,1,0.02
ITUB4,1.02,60,SVC,2020-10-28,1,1,0.02
ITUB4,1.02,60,RNA,2020-10-29,1,1,0.02
ITUB4,1.02,60,Random Forest,2020-10-29,1,1,0.02
ITUB4,1.02,60,SVC,2020-10-29,1,1,0.02
ITUB4,1.02,60,RNA,2020-10-30,1,1,0.02
ITUB4,1.02,60,Random Forest,2020-10-30,1,1,0.02
ITUB4,1.02,60,SVC,2020-10-30,1,1,0.02
ITUB4,1.02,60,RNA,2020-11-03,1,1,0.02
ITUB4,1.02,60,Random Forest,2020-11-03,1,1,0.02
ITUB4,1.02,60,SVC,2020-11-03,1,1,0.02
ITUB4,1.02,60,RNA,2020-11-04,1,1,0.02
ITUB4,1.02,60,Random Forest,2020-11-04,1,1,0.02
ITUB4,1.02,60,SVC,2020-11-04,1,1,0.02
ITUB4,1.02,60,RNA,2020-11-05,1,0,0.02
ITUB4,1.02,60,Random Forest,2020-11-05,1,1,0.02
ITUB4,1.02,60,SVC,2020-11-05,1,1,0.02
ITUB4,1.02,60,RNA,2020-11-06,1,1,0.02
ITUB4,1.02,60,Random Forest,2020-11-06,1,1,0.02
ITUB4,1.02,60,SVC,2020-11-06,1,1,0.02
ITUB4,1.02,60,RNA,2020-11-09,1,1,0.02
ITUB4,1.02,60,Random Forest,2020-11-09,1,1,0.02
ITUB4,1.02,60,SVC,2020-11-09,1,1,0.02
ITUB4,1.02,60,RNA,2020-11-10,1,1,0.02
ITUB4,1.02,60,Random Forest,2020-11-10,1,1,0.02
ITUB4,1.02,60,SVC,2020-11-10,1,1,0.02
ITUB4,1.02,60,RNA,2020-11-11,1,0,0.02
ITUB4,1.02,60,Random Forest,2020-11-11,1,1,0.02
ITUB4,1.02,60,SVC,2020-11-11,1,1,0.02
ITUB4,1.02,60,RNA,2020-11-12,1,0,0.02
ITUB4,1.02,60,Random Forest,2020-11-12,1,1,0.02
ITUB4,1.02,60,SVC,2020-11-12,1,1,0.02
ITUB4,1.02,60,RNA,2020-11-13,1,1,0.02
ITUB4,1.02,60,Random Forest,2020-11-13,1,1,0.02
ITUB4,1.02,60,SVC,2020-11-13,1,1,0.02
ITUB4,1.02,60,RNA,2020-11-16,0,0,-0.027919660922846
ITUB4,1.02,60,Random Forest,2020-11-16,0,1,-0.027919660922846
ITUB4,1.02,60,SVC,2020-11-16,0,1,-0.027919660922846
ITUB4,1.02,60,RNA,2020-11-17,0,0,-0.0180088230517778
ITUB4,1.02,60,Random Forest,2020-11-17,0,0,-0.0180088230517778
ITUB4,1.02,60,SVC,2020-11-17,0,1,-0.0180088230517778
ITUB4,1.02,60,RNA,2020-11-18,1,1,0.02
ITUB4,1.02,60,Random Forest,2020-11-18,1,0,0.02
ITUB4,1.02,60,SVC,2020-11-18,1,1,0.02
ITUB4,1.02,60,RNA,2020-11-19,1,0,0.02
ITUB4,1.02,60,Random Forest,2020-11-19,1,1,0.02
ITUB4,1.02,60,SVC,2020-11-19,1,1,0.02
ITUB4,1.02,60,RNA,2020-11-20,1,0,0.02
ITUB4,1.02,60,Random Forest,2020-11-20,1,1,0.02
ITUB4,1.02,60,SVC,2020-11-20,1,1,0.02
ITUB4,1.02,60,RNA,2020-11-23,1,1,0.02
ITUB4,1.02,60,Random Forest,2020-11-23,1,1,0.02
ITUB4,1.02,60,SVC,2020-11-23,1,1,0.02
ITUB4,1.02,60,RNA,2020-11-24,0,1,-0.03578660750852
ITUB4,1.02,60,Random Forest,2020-11-24,0,1,-0.03578660750852
ITUB4,1.02,60,SVC,2020-11-24,0,1,-0.03578660750852
ITUB4,1.02,60,RNA,2020-11-25,1,0,0.02
ITUB4,1.02,60,Random Forest,2020-11-25,1,1,0.02
ITUB4,1.02,60,SVC,2020-11-25,1,1,0.02
ITUB4,1.02,60,RNA,2020-11-26,1,1,0.02
ITUB4,1.02,60,Random Forest,2020-11-26,1,1,0.02
ITUB4,1.02,60,SVC,2020-11-26,1,1,0.02
ITUB4,1.02,60,RNA,2020-11-27,1,0,0.02
ITUB4,1.02,60,Random Forest,2020-11-27,1,1,0.02
ITUB4,1.02,60,SVC,2020-11-27,1,1,0.02
ITUB4,1.02,60,RNA,2020-11-30,1,1,0.02
ITUB4,1.02,60,Random Forest,2020-11-30,1,1,0.02
ITUB4,1.02,60,SVC,2020-11-30,1,1,0.02
ITUB4,1.02,60,RNA,2020-12-01,1,1,0.02
ITUB4,1.02,60,Random Forest,2020-12-01,1,1,0.02
ITUB4,1.02,60,SVC,2020-12-01,1,1,0.02
ITUB4,1.02,60,RNA,2020-12-02,1,1,0.02
ITUB4,1.02,60,Random Forest,2020-12-02,1,1,0.02
ITUB4,1.02,60,SVC,2020-12-02,1,1,0.02
ITUB4,1.02,60,RNA,2020-12-03,1,1,0.02
ITUB4,1.02,60,Random Forest,2020-12-03,1,1,0.02
ITUB4,1.02,60,SVC,2020-12-03,1,1,0.02
ITUB4,1.02,60,RNA,2020-12-04,1,1,0.02
ITUB4,1.02,60,Random Forest,2020-12-04,1,1,0.02
ITUB4,1.02,60,SVC,2020-12-04,1,1,0.02
ITUB4,1.02,60,RNA,2020-12-07,1,1,0.02
ITUB4,1.02,60,Random Forest,2020-12-07,1,1,0.02
ITUB4,1.02,60,SVC,2020-12-07,1,1,0.02
ITUB4,1.02,60,RNA,2020-12-08,1,1,0.02
ITUB4,1.02,60,Random Forest,2020-12-08,1,1,0.02
ITUB4,1.02,60,SVC,2020-12-08,1,1,0.02
ITUB4,1.02,60,RNA,2020-12-09,1,1,0.02
ITUB4,1.02,60,Random Forest,2020-12-09,1,1,0.02
ITUB4,1.02,60,SVC,2020-12-09,1,1,0.02
ITUB4,1.02,60,RNA,2020-12-10,1,1,0.02
ITUB4,1.02,60,Random Forest,2020-12-10,1,1,0.02
ITUB4,1.02,60,SVC,2020-12-10,1,1,0.02
ITUB4,1.02,60,RNA,2020-12-11,1,1,0.02
ITUB4,1.02,60,Random Forest,2020-12-11,1,1,0.02
ITUB4,1.02,60,SVC,2020-12-11,1,1,0.02
ITUB4,1.02,60,RNA,2020-12-14,1,1,0.02
ITUB4,1.02,60,Random Forest,2020-12-14,1,1,0.02
ITUB4,1.02,60,SVC,2020-12-14,1,1,0.02
ITUB4,1.02,60,RNA,2020-12-15,1,1,0.02
ITUB4,1.02,60,Random Forest,2020-12-15,1,1,0.02
ITUB4,1.02,60,SVC,2020-12-15,1,1,0.02
ITUB4,1.02,60,RNA,2020-12-16,0,1,-0.0200689812405855
ITUB4,1.02,60,Random Forest,2020-12-16,0,1,-0.0200689812405855
ITUB4,1.02,60,SVC,2020-12-16,0,1,-0.0200689812405855
ITUB4,1.02,60,RNA,2020-12-17,0,1,0.0069356751979159
ITUB4,1.02,60,Random Forest,2020-12-17,0,1,0.0069356751979159
ITUB4,1.02,60,SVC,2020-12-17,0,1,0.0069356751979159
ITUB4,1.02,60,RNA,2020-12-18,1,1,0.02
ITUB4,1.02,60,Random Forest,2020-12-18,1,1,0.02
ITUB4,1.02,60,SVC,2020-12-18,1,1,0.02
ITUB4,1.02,60,RNA,2020-12-21,1,1,0.02
ITUB4,1.02,60,Random Forest,2020-12-21,1,1,0.02
ITUB4,1.02,60,SVC,2020-12-21,1,1,0.02
ITUB4,1.02,60,RNA,2020-12-22,1,1,0.02
ITUB4,1.02,60,Random Forest,2020-12-22,1,1,0.02
ITUB4,1.02,60,SVC,2020-12-22,1,1,0.02
ITUB4,1.02,60,RNA,2020-12-23,0,1,-0.0405135301232991
ITUB4,1.02,60,Random Forest,2020-12-23,0,1,-0.0405135301232991
ITUB4,1.02,60,SVC,2020-12-23,0,1,-0.0405135301232991
ITUB4,1.02,60,RNA,2020-12-28,0,1,-0.0482008225666257
ITUB4,1.02,60,Random Forest,2020-12-28,0,1,-0.0482008225666257
ITUB4,1.02,60,SVC,2020-12-28,0,1,-0.0482008225666257
ITUB4,1.02,60,RNA,2020-12-29,0,1,-0.0197216823578263
ITUB4,1.02,60,Random Forest,2020-12-29,0,0,-0.0197216823578263
ITUB4,1.02,60,SVC,2020-12-29,0,1,-0.0197216823578263
ITUB4,1.02,60,RNA,2020-12-30,1,1,0.02
ITUB4,1.02,60,Random Forest,2020-12-30,1,0,0.02
ITUB4,1.02,60,SVC,2020-12-30,1,1,0.02
ITUB4,1.02,60,RNA,2021-01-04,1,1,0.02
ITUB4,1.02,60,Random Forest,2021-01-04,1,1,0.02
ITUB4,1.02,60,SVC,2021-01-04,1,1,0.02
ITUB4,1.02,60,RNA,2021-01-05,1,1,0.02
ITUB4,1.02,60,Random Forest,2021-01-05,1,1,0.02
ITUB4,1.02,60,SVC,2021-01-05,1,1,0.02
ITUB4,1.02,60,RNA,2021-01-06,1,0,0.02
ITUB4,1.02,60,Random Forest,2021-01-06,1,1,0.02
ITUB4,1.02,60,SVC,2021-01-06,1,1,0.02
ITUB4,1.02,60,RNA,2021-01-07,0,1,-0.0388703184860421
ITUB4,1.02,60,Random Forest,2021-01-07,0,1,-0.0388703184860421
ITUB4,1.02,60,SVC,2021-01-07,0,1,-0.0388703184860421
ITUB4,1.02,60,RNA,2021-01-08,0,1,0.0036957017820189
ITUB4,1.02,60,Random Forest,2021-01-08,0,0,0.0036957017820189
ITUB4,1.02,60,SVC,2021-01-08,0,1,0.0036957017820189
ITUB4,1.02,60,RNA,2021-01-11,1,1,0.02
ITUB4,1.02,60,Random Forest,2021-01-11,1,1,0.02
ITUB4,1.02,60,SVC,2021-01-11,1,1,0.02
ITUB4,1.02,60,RNA,2021-01-12,1,1,0.02
ITUB4,1.02,60,Random Forest,2021-01-12,1,1,0.02
ITUB4,1.02,60,SVC,2021-01-12,1,1,0.02
ITUB4,1.02,60,RNA,2021-01-13,1,1,0.02
ITUB4,1.02,60,Random Forest,2021-01-13,1,1,0.02
ITUB4,1.02,60,SVC,2021-01-13,1,1,0.02
ITUB4,1.02,60,RNA,2021-01-14,0,1,-0.0539781202614298
ITUB4,1.02,60,Random Forest,2021-01-14,0,1,-0.0539781202614298
ITUB4,1.02,60,SVC,2021-01-14,0,1,-0.0539781202614298
ITUB4,1.02,60,RNA,2021-01-15,0,1,-0.0552747969843345
ITUB4,1.02,60,Random Forest,2021-01-15,0,1,-0.0552747969843345
ITUB4,1.02,60,SVC,2021-01-15,0,1,-0.0552747969843345
ITUB4,1.02,60,RNA,2021-01-18,0,1,-0.0704985864229434
ITUB4,1.02,60,Random Forest,2021-01-18,0,1,-0.0704985864229434
ITUB4,1.02,60,SVC,2021-01-18,0,1,-0.0704985864229434
ITUB4,1.02,60,RNA,2021-01-19,0,1,-0.0886150239810069
ITUB4,1.02,60,Random Forest,2021-01-19,0,1,-0.0886150239810069
ITUB4,1.02,60,SVC,2021-01-19,0,1,-0.0886150239810069
ITUB4,1.02,60,RNA,2021-01-20,0,1,-0.0673328039288109
ITUB4,1.02,60,Random Forest,2021-01-20,0,0,-0.0673328039288109
ITUB4,1.02,60,SVC,2021-01-20,0,1,-0.0673328039288109
ITUB4,1.02,60,RNA,2021-01-21,1,1,0.02
ITUB4,1.02,60,Random Forest,2021-01-21,1,0,0.02
ITUB4,1.02,60,SVC,2021-01-21,1,1,0.02
ITUB4,1.02,60,RNA,2021-01-22,1,1,0.02
ITUB4,1.02,60,Random Forest,2021-01-22,1,0,0.02
ITUB4,1.02,60,SVC,2021-01-22,1,1,0.02
ITUB4,1.02,60,RNA,2021-01-26,1,1,0.02
ITUB4,1.02,60,Random Forest,2021-01-26,1,1,0.02
ITUB4,1.02,60,SVC,2021-01-26,1,1,0.02
ITUB4,1.02,60,RNA,2021-01-27,1,1,0.02
ITUB4,1.02,60,Random Forest,2021-01-27,1,0,0.02
ITUB4,1.02,60,SVC,2021-01-27,1,1,0.02
ITUB4,1.02,60,RNA,2021-01-28,0,1,-0.0302878339971227
ITUB4,1.02,60,Random Forest,2021-01-28,0,1,-0.0302878339971227
ITUB4,1.02,60,SVC,2021-01-28,0,1,-0.0302878339971227
ITUB4,1.02,60,RNA,2021-01-29,0,1,-0.0275861770707103
ITUB4,1.02,60,Random Forest,2021-01-29,0,1,-0.0275861770707103
ITUB4,1.02,60,SVC,2021-01-29,0,1,-0.0275861770707103
ITUB4,1.02,60,RNA,2021-02-01,0,1,-0.0343878997321204
ITUB4,1.02,60,Random Forest,2021-02-01,0,1,-0.0343878997321204
ITUB4,1.02,60,SVC,2021-02-01,0,1,-0.0343878997321204
ITUB4,1.02,60,RNA,2021-02-02,0,1,-0.0417246003802067
ITUB4,1.02,60,Random Forest,2021-02-02,0,0,-0.0417246003802067
ITUB4,1.02,60,SVC,2021-02-02,0,1,-0.0417246003802067
ITUB4,1.02,60,RNA,2021-02-03,0,0,-0.0224325147761027
ITUB4,1.02,60,Random Forest,2021-02-03,0,0,-0.0224325147761027
ITUB4,1.02,60,SVC,2021-02-03,0,1,-0.0224325147761027
ITUB4,1.02,60,RNA,2021-02-04,0,1,-0.0219003777680932
ITUB4,1.02,60,Random Forest,2021-02-04,0,0,-0.0219003777680932
ITUB4,1.02,60,SVC,2021-02-04,0,1,-0.0219003777680932
ITUB4,1.02,60,RNA,2021-02-05,0,1,-0.0110713935270033
ITUB4,1.02,60,Random Forest,2021-02-05,0,0,-0.0110713935270033
ITUB4,1.02,60,SVC,2021-02-05,0,1,-0.0110713935270033
ITUB4,1.02,60,RNA,2021-02-08,1,1,0.02
ITUB4,1.02,60,Random Forest,2021-02-08,1,0,0.02
ITUB4,1.02,60,SVC,2021-02-08,1,0,0.02
ITUB4,1.02,60,RNA,2021-02-09,0,0,0.0075269177469319
ITUB4,1.02,60,Random Forest,2021-02-09,0,0,0.0075269177469319
ITUB4,1.02,60,SVC,2021-02-09,0,0,0.0075269177469319
ITUB4,1.02,60,RNA,2021-02-10,0,1,-0.0028581545796819
ITUB4,1.02,60,Random Forest,2021-02-10,0,0,-0.0028581545796819
ITUB4,1.02,60,SVC,2021-02-10,0,0,-0.0028581545796819
ITUB4,1.02,60,RNA,2021-02-11,1,1,0.02
ITUB4,1.02,60,Random Forest,2021-02-11,1,1,0.02
ITUB4,1.02,60,SVC,2021-02-11,1,1,0.02
ITUB4,1.02,60,RNA,2021-02-12,1,0,0.02
ITUB4,1.02,60,Random Forest,2021-02-12,1,0,0.02
ITUB4,1.02,60,SVC,2021-02-12,1,0,0.02
ITUB4,1.02,60,RNA,2021-02-17,1,0,0.02
ITUB4,1.02,60,Random Forest,2021-02-17,1,0,0.02
ITUB4,1.02,60,SVC,2021-02-17,1,0,0.02
ITUB4,1.02,60,RNA,2021-02-18,0,0,-0.0372893524407473
ITUB4,1.02,60,Random Forest,2021-02-18,0,1,-0.0372893524407473
ITUB4,1.02,60,SVC,2021-02-18,0,1,-0.0372893524407473
ITUB4,1.02,60,RNA,2021-02-19,1,0,0.02
ITUB4,1.02,60,Random Forest,2021-02-19,1,1,0.02
ITUB4,1.02,60,SVC,2021-02-19,1,1,0.02
ITUB4,1.02,60,RNA,2021-02-22,1,0,0.02
ITUB4,1.02,60,Random Forest,2021-02-22,1,0,0.02
ITUB4,1.02,60,SVC,2021-02-22,1,1,0.02
ITUB4,1.02,60,RNA,2021-02-23,0,1,-0.0913225913590477
ITUB4,1.02,60,Random Forest,2021-02-23,0,0,-0.0913225913590477
ITUB4,1.02,60,SVC,2021-02-23,0,1,-0.0913225913590477
ITUB4,1.02,60,RNA,2021-02-24,0,0,-0.0360118712557699
ITUB4,1.02,60,Random Forest,2021-02-24,0,1,-0.0360118712557699
ITUB4,1.02,60,SVC,2021-02-24,0,1,-0.0360118712557699
ITUB4,1.02,60,RNA,2021-02-25,0,0,-0.0135430252372836
ITUB4,1.02,60,Random Forest,2021-02-25,0,1,-0.0135430252372836
ITUB4,1.02,60,SVC,2021-02-25,0,1,-0.0135430252372836
ITUB4,1.02,60,RNA,2021-02-26,1,0,0.02
ITUB4,1.02,60,Random Forest,2021-02-26,1,0,0.02
ITUB4,1.02,60,SVC,2021-02-26,1,1,0.02
ITUB4,1.02,60,RNA,2021-03-01,1,0,0.02
ITUB4,1.02,60,Random Forest,2021-03-01,1,0,0.02
ITUB4,1.02,60,SVC,2021-03-01,1,1,0.02
ITUB4,1.02,60,RNA,2021-03-02,1,1,0.02
ITUB4,1.02,60,Random Forest,2021-03-02,1,0,0.02
ITUB4,1.02,60,SVC,2021-03-02,1,1,0.02
ITUB4,1.02,60,RNA,2021-03-03,1,0,0.02
ITUB4,1.02,60,Random Forest,2021-03-03,1,1,0.02
ITUB4,1.02,60,SVC,2021-03-03,1,1,0.02
ITUB4,1.02,60,RNA,2021-03-04,1,1,0.02
ITUB4,1.02,60,Random Forest,2021-03-04,1,0,0.02
ITUB4,1.02,60,SVC,2021-03-04,1,1,0.02
ITUB4,1.02,60,RNA,2021-03-05,1,1,0.02
ITUB4,1.02,60,Random Forest,2021-03-05,1,1,0.02
ITUB4,1.02,60,SVC,2021-03-05,1,0,0.02
ITUB4,1.02,60,RNA,2021-03-08,1,1,0.02
ITUB4,1.02,60,Random Forest,2021-03-08,1,0,0.02
ITUB4,1.02,60,SVC,2021-03-08,1,1,0.02
ITUB4,1.02,60,RNA,2021-03-09,1,1,0.02
ITUB4,1.02,60,Random Forest,2021-03-09,1,1,0.02
ITUB4,1.02,60,SVC,2021-03-09,1,1,0.02
ITUB4,1.02,60,RNA,2021-03-10,0,1,-0.0239130229278435
ITUB4,1.02,60,Random Forest,2021-03-10,0,1,-0.0239130229278435
ITUB4,1.02,60,SVC,2021-03-10,0,1,-0.0239130229278435
ITUB4,1.02,60,RNA,2021-03-11,1,0,0.02
ITUB4,1.02,60,Random Forest,2021-03-11,1,1,0.02
ITUB4,1.02,60,SVC,2021-03-11,1,1,0.02
ITUB4,1.02,60,RNA,2021-03-12,1,1,0.02
ITUB4,1.02,60,Random Forest,2021-03-12,1,0,0.02
ITUB4,1.02,60,SVC,2021-03-12,1,1,0.02
ITUB4,1.02,60,RNA,2021-03-15,1,1,0.02
ITUB4,1.02,60,Random Forest,2021-03-15,1,1,0.02
ITUB4,1.02,60,SVC,2021-03-15,1,1,0.02
ITUB4,1.02,60,RNA,2021-03-16,1,1,0.02
ITUB4,1.02,60,Random Forest,2021-03-16,1,1,0.02
ITUB4,1.02,60,SVC,2021-03-16,1,1,0.02
ITUB4,1.02,60,RNA,2021-03-17,1,1,0.02
ITUB4,1.02,60,Random Forest,2021-03-17,1,1,0.02
ITUB4,1.02,60,SVC,2021-03-17,1,1,0.02
ITUB4,1.02,60,RNA,2021-03-18,0,1,-0.0378895425858152
ITUB4,1.02,60,Random Forest,2021-03-18,0,1,-0.0378895425858152
ITUB4,1.02,60,SVC,2021-03-18,0,1,-0.0378895425858152
ITUB4,1.02,60,RNA,2021-03-19,0,1,-0.0121472474812425
ITUB4,1.02,60,Random Forest,2021-03-19,0,1,-0.0121472474812425
ITUB4,1.02,60,SVC,2021-03-19,0,1,-0.0121472474812425
ITUB4,1.02,60,RNA,2021-03-22,0,1,0.0043389324312734
ITUB4,1.02,60,Random Forest,2021-03-22,0,0,0.0043389324312734
ITUB4,1.02,60,SVC,2021-03-22,0,1,0.0043389324312734
ITUB4,1.02,60,RNA,2021-03-23,1,1,0.02
ITUB4,1.02,60,Random Forest,2021-03-23,1,0,0.02
ITUB4,1.02,60,SVC,2021-03-23,1,1,0.02
ITUB4,1.02,60,RNA,2021-03-24,1,1,0.02
ITUB4,1.02,60,Random Forest,2021-03-24,1,0,0.02
ITUB4,1.02,60,SVC,2021-03-24,1,1,0.02
ITUB4,1.02,60,RNA,2021-03-25,1,1,0.02
ITUB4,1.02,60,Random Forest,2021-03-25,1,1,0.02
ITUB4,1.02,60,SVC,2021-03-25,1,1,0.02
ITUB4,1.02,60,RNA,2021-03-26,0,1,-0.0357562906387848
ITUB4,1.02,60,Random Forest,2021-03-26,0,1,-0.0357562906387848
ITUB4,1.02,60,SVC,2021-03-26,0,1,-0.0357562906387848
ITUB4,1.02,60,RNA,2021-03-29,1,1,0.02
ITUB4,1.02,60,Random Forest,2021-03-29,1,1,0.02
ITUB4,1.02,60,SVC,2021-03-29,1,1,0.02
ITUB4,1.02,60,RNA,2021-03-30,0,0,-0.0411674591974341
ITUB4,1.02,60,Random Forest,2021-03-30,0,0,-0.0411674591974341
ITUB4,1.02,60,SVC,2021-03-30,0,1,-0.0411674591974341
ITUB4,1.02,60,RNA,2021-03-31,0,1,-0.0440810652683939
ITUB4,1.02,60,Random Forest,2021-03-31,0,0,-0.0440810652683939
ITUB4,1.02,60,SVC,2021-03-31,0,1,-0.0440810652683939
ITUB4,1.02,60,RNA,2021-04-01,0,1,-0.0248537609495226
ITUB4,1.02,60,Random Forest,2021-04-01,0,0,-0.0248537609495226
ITUB4,1.02,60,SVC,2021-04-01,0,1,-0.0248537609495226
ITUB4,1.02,60,RNA,2021-04-05,0,0,-0.0312726944325443
ITUB4,1.02,60,Random Forest,2021-04-05,0,0,-0.0312726944325443
ITUB4,1.02,60,SVC,2021-04-05,0,1,-0.0312726944325443
ITUB4,1.02,60,RNA,2021-04-06,0,1,0.0103626917571664
ITUB4,1.02,60,Random Forest,2021-04-06,0,1,0.0103626917571664
ITUB4,1.02,60,SVC,2021-04-06,0,1,0.0103626917571664
ITUB4,1.02,60,RNA,2021-04-07,0,1,0.010366528551043
ITUB4,1.02,60,Random Forest,2021-04-07,0,0,0.010366528551043
ITUB4,1.02,60,SVC,2021-04-07,0,1,0.010366528551043
ITUB4,1.02,60,RNA,2021-04-08,1,0,0.02
ITUB4,1.02,60,Random Forest,2021-04-08,1,0,0.02
ITUB4,1.02,60,SVC,2021-04-08,1,0,0.02
ITUB4,1.02,60,RNA,2021-04-09,1,0,0.02
ITUB4,1.02,60,Random Forest,2021-04-09,1,1,0.02
ITUB4,1.02,60,SVC,2021-04-09,1,0,0.02
ITUB4,1.02,60,RNA,2021-04-12,1,0,0.02
ITUB4,1.02,60,Random Forest,2021-04-12,1,1,0.02
ITUB4,1.02,60,SVC,2021-04-12,1,1,0.02
ITUB4,1.02,60,RNA,2021-04-13,1,1,0.02
ITUB4,1.02,60,Random Forest,2021-04-13,1,1,0.02
ITUB4,1.02,60,SVC,2021-04-13,1,0,0.02
ITUB4,1.02,60,RNA,2021-04-14,0,0,-0.009761368653501
ITUB4,1.02,60,Random Forest,2021-04-14,0,0,-0.009761368653501
ITUB4,1.02,60,SVC,2021-04-14,0,0,-0.009761368653501
ITUB4,1.02,60,RNA,2021-04-15,1,0,0.02
ITUB4,1.02,60,Random Forest,2021-04-15,1,0,0.02
ITUB4,1.02,60,SVC,2021-04-15,1,0,0.02
ITUB4,1.02,60,RNA,2021-04-16,0,0,-0.0125537985959441
ITUB4,1.02,60,Random Forest,2021-04-16,0,0,-0.0125537985959441
ITUB4,1.02,60,SVC,2021-04-16,0,1,-0.0125537985959441
ITUB4,1.02,60,RNA,2021-04-19,0,1,0.0036482939838926
ITUB4,1.02,60,Random Forest,2021-04-19,0,0,0.0036482939838926
ITUB4,1.02,60,SVC,2021-04-19,0,0,0.0036482939838926
ITUB4,1.02,60,RNA,2021-04-20,0,0,-0.0159825944875235
ITUB4,1.02,60,Random Forest,2021-04-20,0,1,-0.0159825944875235
ITUB4,1.02,60,SVC,2021-04-20,0,1,-0.0159825944875235
ITUB4,1.02,60,RNA,2021-04-22,1,1,0.02
ITUB4,1.02,60,Random Forest,2021-04-22,1,1,0.02
ITUB4,1.02,60,SVC,2021-04-22,1,1,0.02
ITUB4,1.02,60,RNA,2021-04-23,1,0,0.02
ITUB4,1.02,60,Random Forest,2021-04-23,1,0,0.02
ITUB4,1.02,60,SVC,2021-04-23,1,1,0.02
ITUB4,1.02,60,RNA,2021-04-26,1,1,0.02
ITUB4,1.02,60,Random Forest,2021-04-26,1,0,0.02
ITUB4,1.02,60,SVC,2021-04-26,1,1,0.02
ITUB4,1.02,60,RNA,2021-04-27,1,1,0.02
ITUB4,1.02,60,Random Forest,2021-04-27,1,1,0.02
ITUB4,1.02,60,SVC,2021-04-27,1,1,0.02
ITUB4,1.02,60,RNA,2021-04-28,0,1,-0.0516478443557051
ITUB4,1.02,60,Random Forest,2021-04-28,0,1,-0.0516478443557051
ITUB4,1.02,60,SVC,2021-04-28,0,1,-0.0516478443557051
ITUB4,1.02,60,RNA,2021-04-29,1,1,0.02
ITUB4,1.02,60,Random Forest,2021-04-29,1,0,0.02
ITUB4,1.02,60,SVC,2021-04-29,1,0,0.02
ITUB4,1.02,60,RNA,2021-04-30,1,1,0.02
ITUB4,1.02,60,Random Forest,2021-04-30,1,1,0.02
ITUB4,1.02,60,SVC,2021-04-30,1,1,0.02
ITUB4,1.02,60,RNA,2021-05-03,0,1,-0.0167259863540787
ITUB4,1.02,60,Random Forest,2021-05-03,0,1,-0.0167259863540787
ITUB4,1.02,60,SVC,2021-05-03,0,1,-0.0167259863540787
ITUB4,1.02,60,RNA,2021-05-04,1,1,0.02
ITUB4,1.02,60,Random Forest,2021-05-04,1,1,0.02
ITUB4,1.02,60,SVC,2021-05-04,1,1,0.02
ITUB4,1.02,60,RNA,2021-05-05,1,1,0.02
ITUB4,1.02,60,Random Forest,2021-05-05,1,1,0.02
ITUB4,1.02,60,SVC,2021-05-05,1,1,0.02
ITUB4,1.02,60,RNA,2021-05-06,1,1,0.02
ITUB4,1.02,60,Random Forest,2021-05-06,1,1,0.02
ITUB4,1.02,60,SVC,2021-05-06,1,1,0.02
ITUB4,1.02,60,RNA,2021-05-07,1,1,0.02
ITUB4,1.02,60,Random Forest,2021-05-07,1,1,0.02
ITUB4,1.02,60,SVC,2021-05-07,1,1,0.02
ITUB4,1.02,60,RNA,2021-05-10,1,1,0.02
ITUB4,1.02,60,Random Forest,2021-05-10,1,1,0.02
ITUB4,1.02,60,SVC,2021-05-10,1,1,0.02
ITUB4,1.02,60,RNA,2021-05-11,1,1,0.02
ITUB4,1.02,60,Random Forest,2021-05-11,1,1,0.02
ITUB4,1.02,60,SVC,2021-05-11,1,1,0.02
ITUB4,1.02,60,RNA,2021-05-12,1,1,0.02
ITUB4,1.02,60,Random Forest,2021-05-12,1,1,0.02
ITUB4,1.02,60,SVC,2021-05-12,1,1,0.02
ITUB4,1.02,60,RNA,2021-05-13,1,1,0.02
ITUB4,1.02,60,Random Forest,2021-05-13,1,1,0.02
ITUB4,1.02,60,SVC,2021-05-13,1,1,0.02
ITUB4,1.02,60,RNA,2021-05-14,1,1,0.02
ITUB4,1.02,60,Random Forest,2021-05-14,1,0,0.02
ITUB4,1.02,60,SVC,2021-05-14,1,0,0.02
ITUB4,1.02,60,RNA,2021-05-17,1,0,0.02
ITUB4,1.02,60,Random Forest,2021-05-17,1,0,0.02
ITUB4,1.02,60,SVC,2021-05-17,1,0,0.02
ITUB4,1.02,60,RNA,2021-05-18,1,0,0.02
ITUB4,1.02,60,Random Forest,2021-05-18,1,0,0.02
ITUB4,1.02,60,SVC,2021-05-18,1,0,0.02
ITUB4,1.02,60,RNA,2021-05-19,0,0,-0.0048561756067782
ITUB4,1.02,60,Random Forest,2021-05-19,0,1,-0.0048561756067782
ITUB4,1.02,60,SVC,2021-05-19,0,1,-0.0048561756067782
ITUB4,1.02,60,RNA,2021-05-20,0,0,0.004054369766641
ITUB4,1.02,60,Random Forest,2021-05-20,0,1,0.004054369766641
ITUB4,1.02,60,SVC,2021-05-20,0,1,0.004054369766641
ITUB4,1.02,60,RNA,2021-05-21,0,1,-0.0108909888930758
ITUB4,1.02,60,Random Forest,2021-05-21,0,0,-0.0108909888930758
ITUB4,1.02,60,SVC,2021-05-21,0,0,-0.0108909888930758
ITUB4,1.02,60,RNA,2021-05-24,0,0,0.010572990218064
ITUB4,1.02,60,Random Forest,2021-05-24,0,0,0.010572990218064
ITUB4,1.02,60,SVC,2021-05-24,0,0,0.010572990218064
ITUB4,1.02,60,RNA,2021-05-25,1,0,0.02
ITUB4,1.02,60,Random Forest,2021-05-25,1,1,0.02
ITUB4,1.02,60,SVC,2021-05-25,1,0,0.02
ITUB4,1.02,60,RNA,2021-05-26,1,0,0.02
ITUB4,1.02,60,Random Forest,2021-05-26,1,0,0.02
ITUB4,1.02,60,SVC,2021-05-26,1,0,0.02
ITUB4,1.02,60,RNA,2021-05-27,1,1,0.02
ITUB4,1.02,60,Random Forest,2021-05-27,1,0,0.02
ITUB4,1.02,60,SVC,2021-05-27,1,0,0.02
ITUB4,1.02,60,RNA,2021-05-28,1,0,0.02
ITUB4,1.02,60,Random Forest,2021-05-28,1,1,0.02
ITUB4,1.02,60,SVC,2021-05-28,1,0,0.02
ITUB4,1.02,60,RNA,2021-05-31,1,0,0.02
ITUB4,1.02,60,Random Forest,2021-05-31,1,0,0.02
ITUB4,1.02,60,SVC,2021-05-31,1,0,0.02
ITUB4,1.02,60,RNA,2021-06-01,1,0,0.02
ITUB4,1.02,60,Random Forest,2021-06-01,1,1,0.02
ITUB4,1.02,60,SVC,2021-06-01,1,1,0.02
ITUB4,1.02,60,RNA,2021-06-02,1,0,0.02
ITUB4,1.02,60,Random Forest,2021-06-02,1,0,0.02
ITUB4,1.02,60,SVC,2021-06-02,1,1,0.02
ITUB4,1.02,60,RNA,2021-06-04,1,0,0.02
ITUB4,1.02,60,Random Forest,2021-06-04,1,0,0.02
ITUB4,1.02,60,SVC,2021-06-04,1,1,0.02
ITUB4,1.02,60,RNA,2021-06-07,1,0,0.02
ITUB4,1.02,60,Random Forest,2021-06-07,1,1,0.02
ITUB4,1.02,60,SVC,2021-06-07,1,1,0.02
ITUB4,1.02,60,RNA,2021-06-08,1,0,0.02
ITUB4,1.02,60,Random Forest,2021-06-08,1,1,0.02
ITUB4,1.02,60,SVC,2021-06-08,1,1,0.02
ITUB4,1.02,60,RNA,2021-06-09,0,1,-0.0285714061229996
ITUB4,1.02,60,Random Forest,2021-06-09,0,1,-0.0285714061229996
ITUB4,1.02,60,SVC,2021-06-09,0,1,-0.0285714061229996
ITUB4,1.02,60,RNA,2021-06-10,0,1,0.0075665923951848
ITUB4,1.02,60,Random Forest,2021-06-10,0,1,0.0075665923951848
ITUB4,1.02,60,SVC,2021-06-10,0,1,0.0075665923951848
ITUB4,1.02,60,RNA,2021-06-11,1,1,0.02
ITUB4,1.02,60,Random Forest,2021-06-11,1,1,0.02
ITUB4,1.02,60,SVC,2021-06-11,1,1,0.02
ITUB4,1.02,60,RNA,2021-06-14,1,0,0.02
ITUB4,1.02,60,Random Forest,2021-06-14,1,1,0.02
ITUB4,1.02,60,SVC,2021-06-14,1,1,0.02
ITUB4,1.02,60,RNA,2021-06-15,1,0,0.02
ITUB4,1.02,60,Random Forest,2021-06-15,1,1,0.02
ITUB4,1.02,60,SVC,2021-06-15,1,1,0.02
ITUB4,1.02,60,RNA,2021-06-16,1,0,0.02
ITUB4,1.02,60,Random Forest,2021-06-16,1,1,0.02
ITUB4,1.02,60,SVC,2021-06-16,1,1,0.02
ITUB4,1.02,60,RNA,2021-06-17,0,0,-0.0290076483557939
ITUB4,1.02,60,Random Forest,2021-06-17,0,1,-0.0290076483557939
ITUB4,1.02,60,SVC,2021-06-17,0,1,-0.0290076483557939
ITUB4,1.02,60,RNA,2021-06-18,0,1,-0.012725018220223
ITUB4,1.02,60,Random Forest,2021-06-18,0,1,-0.012725018220223
ITUB4,1.02,60,SVC,2021-06-18,0,1,-0.012725018220223
ITUB4,1.02,60,RNA,2021-06-21,0,1,-0.0443686033034103
ITUB4,1.02,60,Random Forest,2021-06-21,0,1,-0.0443686033034103
ITUB4,1.02,60,SVC,2021-06-21,0,1,-0.0443686033034103
ITUB4,1.02,60,RNA,2021-06-22,0,1,-0.049922009167803
ITUB4,1.02,60,Random Forest,2021-06-22,0,1,-0.049922009167803
ITUB4,1.02,60,SVC,2021-06-22,0,1,-0.049922009167803
ITUB4,1.02,60,RNA,2021-06-23,0,1,-0.0627913971100218
ITUB4,1.02,60,Random Forest,2021-06-23,0,0,-0.0627913971100218
ITUB4,1.02,60,SVC,2021-06-23,0,1,-0.0627913971100218
ITUB4,1.02,60,RNA,2021-06-24,0,1,-0.0681676276296294
ITUB4,1.02,60,Random Forest,2021-06-24,0,0,-0.0681676276296294
ITUB4,1.02,60,SVC,2021-06-24,0,1,-0.0681676276296294
ITUB4,1.02,60,RNA,2021-06-25,0,0,-0.036804743237627
ITUB4,1.02,60,Random Forest,2021-06-25,0,0,-0.036804743237627
ITUB4,1.02,60,SVC,2021-06-25,0,0,-0.036804743237627
ITUB4,1.02,60,RNA,2021-06-28,0,0,-0.0077626069229377
ITUB4,1.02,60,Random Forest,2021-06-28,0,0,-0.0077626069229377
ITUB4,1.02,60,SVC,2021-06-28,0,0,-0.0077626069229377
ITUB4,1.02,60,RNA,2021-06-29,0,1,-0.0128367402431293
ITUB4,1.02,60,Random Forest,2021-06-29,0,0,-0.0128367402431293
ITUB4,1.02,60,SVC,2021-06-29,0,0,-0.0128367402431293
ITUB4,1.02,60,RNA,2021-06-30,0,0,-0.0174555298292327
ITUB4,1.02,60,Random Forest,2021-06-30,0,0,-0.0174555298292327
ITUB4,1.02,60,SVC,2021-06-30,0,0,-0.0174555298292327
ITUB4,1.02,60,RNA,2021-07-01,0,0,-0.0066934350348086
ITUB4,1.02,60,Random Forest,2021-07-01,0,0,-0.0066934350348086
ITUB4,1.02,60,SVC,2021-07-01,0,1,-0.0066934350348086
ITUB4,1.02,60,RNA,2021-07-02,0,1,-0.0144683377106663
ITUB4,1.02,60,Random Forest,2021-07-02,0,0,-0.0144683377106663
ITUB4,1.02,60,SVC,2021-07-02,0,1,-0.0144683377106663
ITUB4,1.02,60,RNA,2021-07-05,0,0,0.0071234789115319
ITUB4,1.02,60,Random Forest,2021-07-05,0,0,0.0071234789115319
ITUB4,1.02,60,SVC,2021-07-05,0,0,0.0071234789115319
ITUB4,1.02,60,RNA,2021-07-06,0,1,0.0098039024382086
ITUB4,1.02,60,Random Forest,2021-07-06,0,0,0.0098039024382086
ITUB4,1.02,60,SVC,2021-07-06,0,0,0.0098039024382086
ITUB4,1.02,60,RNA,2021-07-07,1,1,0.02
ITUB4,1.02,60,Random Forest,2021-07-07,1,0,0.02
ITUB4,1.02,60,SVC,2021-07-07,1,0,0.02
ITUB4,1.02,60,RNA,2021-07-08,1,1,0.02
ITUB4,1.02,60,Random Forest,2021-07-08,1,0,0.02
ITUB4,1.02,60,SVC,2021-07-08,1,0,0.02
ITUB4,1.02,60,RNA,2021-07-12,1,0,0.02
ITUB4,1.02,60,Random Forest,2021-07-12,1,0,0.02
ITUB4,1.02,60,SVC,2021-07-12,1,0,0.02
ITUB4,1.02,60,RNA,2021-07-13,1,0,0.02
ITUB4,1.02,60,Random Forest,2021-07-13,1,0,0.02
ITUB4,1.02,60,SVC,2021-07-13,1,1,0.02
ITUB4,1.02,60,RNA,2021-07-14,0,1,-0.0194239412419426
ITUB4,1.02,60,Random Forest,2021-07-14,0,1,-0.0194239412419426
ITUB4,1.02,60,SVC,2021-07-14,0,1,-0.0194239412419426
ITUB4,1.02,60,RNA,2021-07-15,0,0,-0.0124286316595101
ITUB4,1.02,60,Random Forest,2021-07-15,0,1,-0.0124286316595101
ITUB4,1.02,60,SVC,2021-07-15,0,1,-0.0124286316595101
ITUB4,1.02,60,RNA,2021-07-16,1,0,0.02
ITUB4,1.02,60,Random Forest,2021-07-16,1,1,0.02
ITUB4,1.02,60,SVC,2021-07-16,1,1,0.02
ITUB4,1.02,60,RNA,2021-07-19,1,1,0.02
ITUB4,1.02,60,Random Forest,2021-07-19,1,1,0.02
ITUB4,1.02,60,SVC,2021-07-19,1,1,0.02
ITUB4,1.02,60,RNA,2021-07-20,0,1,0.0092276296501325
ITUB4,1.02,60,Random Forest,2021-07-20,0,1,0.0092276296501325
ITUB4,1.02,60,SVC,2021-07-20,0,1,0.0092276296501325
ITUB4,1.02,60,RNA,2021-07-21,1,0,0.02
ITUB4,1.02,60,Random Forest,2021-07-21,1,1,0.02
ITUB4,1.02,60,SVC,2021-07-21,1,1,0.02
ITUB4,1.02,60,RNA,2021-07-22,1,1,0.02
ITUB4,1.02,60,Random Forest,2021-07-22,1,1,0.02
ITUB4,1.02,60,SVC,2021-07-22,1,1,0.02
ITUB4,1.02,60,RNA,2021-07-23,1,1,0.02
ITUB4,1.02,60,Random Forest,2021-07-23,1,1,0.02
ITUB4,1.02,60,SVC,2021-07-23,1,1,0.02
ITUB4,1.02,60,RNA,2021-07-26,1,1,0.02
ITUB4,1.02,60,Random Forest,2021-07-26,1,1,0.02
ITUB4,1.02,60,SVC,2021-07-26,1,1,0.02
ITUB4,1.02,60,RNA,2021-07-27,1,1,0.02
ITUB4,1.02,60,Random Forest,2021-07-27,1,1,0.02
ITUB4,1.02,60,SVC,2021-07-27,1,1,0.02
ITUB4,1.02,60,RNA,2021-07-28,1,1,0.02
ITUB4,1.02,60,Random Forest,2021-07-28,1,0,0.02
ITUB4,1.02,60,SVC,2021-07-28,1,1,0.02
ITUB4,1.02,60,RNA,2021-07-29,1,1,0.02
ITUB4,1.02,60,Random Forest,2021-07-29,1,0,0.02
ITUB4,1.02,60,SVC,2021-07-29,1,1,0.02
ITUB4,1.02,60,RNA,2021-07-30,1,1,0.02
ITUB4,1.02,60,Random Forest,2021-07-30,1,1,0.02
ITUB4,1.02,60,SVC,2021-07-30,1,1,0.02
ITUB4,1.02,60,RNA,2021-08-02,0,1,-0.0178343819982774
ITUB4,1.02,60,Random Forest,2021-08-02,0,1,-0.0178343819982774
ITUB4,1.02,60,SVC,2021-08-02,0,1,-0.0178343819982774
ITUB4,1.02,60,RNA,2021-08-03,1,1,0.02
ITUB4,1.02,60,Random Forest,2021-08-03,1,1,0.02
ITUB4,1.02,60,SVC,2021-08-03,1,1,0.02
ITUB4,1.02,60,RNA,2021-08-04,1,1,0.02
ITUB4,1.02,60,Random Forest,2021-08-04,1,0,0.02
ITUB4,1.02,60,SVC,2021-08-04,1,1,0.02
ITUB4,1.02,60,RNA,2021-08-05,1,1,0.02
ITUB4,1.02,60,Random Forest,2021-08-05,1,1,0.02
ITUB4,1.02,60,SVC,2021-08-05,1,1,0.02
ITUB4,1.02,60,RNA,2021-08-06,1,1,0.02
ITUB4,1.02,60,Random Forest,2021-08-06,1,1,0.02
ITUB4,1.02,60,SVC,2021-08-06,1,1,0.02
ITUB4,1.02,60,RNA,2021-08-09,0,1,-0.0121951374336694
ITUB4,1.02,60,Random Forest,2021-08-09,0,1,-0.0121951374336694
ITUB4,1.02,60,SVC,2021-08-09,0,1,-0.0121951374336694
ITUB4,1.02,60,RNA,2021-08-10,1,1,0.02
ITUB4,1.02,60,Random Forest,2021-08-10,1,1,0.02
ITUB4,1.02,60,SVC,2021-08-10,1,1,0.02
ITUB4,1.02,60,RNA,2021-08-11,0,1,-0.0164610586532274
ITUB4,1.02,60,Random Forest,2021-08-11,0,1,-0.0164610586532274
ITUB4,1.02,60,SVC,2021-08-11,0,1,-0.0164610586532274
ITUB4,1.02,60,RNA,2021-08-12,1,1,0.02
ITUB4,1.02,60,Random Forest,2021-08-12,1,1,0.02
ITUB4,1.02,60,SVC,2021-08-12,1,1,0.02
ITUB4,1.02,60,RNA,2021-08-13,0,0,-0.0247879786570851
ITUB4,1.02,60,Random Forest,2021-08-13,0,1,-0.0247879786570851
ITUB4,1.02,60,SVC,2021-08-13,0,1,-0.0247879786570851
ITUB4,1.02,60,RNA,2021-08-16,1,0,0.02
ITUB4,1.02,60,Random Forest,2021-08-16,1,1,0.02
ITUB4,1.02,60,SVC,2021-08-16,1,1,0.02
ITUB4,1.02,60,RNA,2021-08-17,1,0,0.02
ITUB4,1.02,60,Random Forest,2021-08-17,1,1,0.02
ITUB4,1.02,60,SVC,2021-08-17,1,1,0.02
ITUB4,1.02,60,RNA,2021-08-18,1,1,0.02
ITUB4,1.02,60,Random Forest,2021-08-18,1,1,0.02
ITUB4,1.02,60,SVC,2021-08-18,1,1,0.02
ITUB4,1.02,60,RNA,2021-08-19,1,1,0.02
ITUB4,1.02,60,Random Forest,2021-08-19,1,1,0.02
ITUB4,1.02,60,SVC,2021-08-19,1,1,0.02
ITUB4,1.02,60,RNA,2021-08-20,1,1,0.02
ITUB4,1.02,60,Random Forest,2021-08-20,1,1,0.02
ITUB4,1.02,60,SVC,2021-08-20,1,1,0.02
ITUB4,1.02,60,RNA,2021-08-23,1,1,0.02
ITUB4,1.02,60,Random Forest,2021-08-23,1,1,0.02
ITUB4,1.02,60,SVC,2021-08-23,1,1,0.02
ITUB4,1.02,60,RNA,2021-08-24,0,1,-0.006829253334292
ITUB4,1.02,60,Random Forest,2021-08-24,0,1,-0.006829253334292
ITUB4,1.02,60,SVC,2021-08-24,0,1,-0.006829253334292
ITUB4,1.02,60,RNA,2021-08-25,0,1,0.001294531002582
ITUB4,1.02,60,Random Forest,2021-08-25,0,1,0.001294531002582
ITUB4,1.02,60,SVC,2021-08-25,0,1,0.001294531002582
ITUB4,1.02,60,RNA,2021-08-26,1,0,0.02
ITUB4,1.02,60,Random Forest,2021-08-26,1,1,0.02
ITUB4,1.02,60,SVC,2021-08-26,1,1,0.02
ITUB4,1.02,60,RNA,2021-08-27,1,1,0.02
ITUB4,1.02,60,Random Forest,2021-08-27,1,1,0.02
ITUB4,1.02,60,SVC,2021-08-27,1,1,0.02
ITUB4,1.02,60,RNA,2021-08-30,1,1,0.02
ITUB4,1.02,60,Random Forest,2021-08-30,1,1,0.02
ITUB4,1.02,60,SVC,2021-08-30,1,1,0.02
ITUB4,1.02,60,RNA,2021-08-31,0,1,-0.0292981149287185
ITUB4,1.02,60,Random Forest,2021-08-31,0,1,-0.0292981149287185
ITUB4,1.02,60,SVC,2021-08-31,0,1,-0.0292981149287185
ITUB4,1.02,60,RNA,2021-09-01,0,1,-0.0702492614391222
ITUB4,1.02,60,Random Forest,2021-09-01,0,1,-0.0702492614391222
ITUB4,1.02,60,SVC,2021-09-01,0,1,-0.0702492614391222
ITUB4,1.02,60,RNA,2021-09-02,0,0,-0.0341852008779255
ITUB4,1.02,60,Random Forest,2021-09-02,0,1,-0.0341852008779255
ITUB4,1.02,60,SVC,2021-09-02,0,1,-0.0341852008779255
ITUB4,1.02,60,RNA,2021-09-03,1,1,0.02
ITUB4,1.02,60,Random Forest,2021-09-03,1,1,0.02
ITUB4,1.02,60,SVC,2021-09-03,1,1,0.02
ITUB4,1.02,60,RNA,2021-09-06,0,0,-0.0289614311639029
ITUB4,1.02,60,Random Forest,2021-09-06,0,1,-0.0289614311639029
ITUB4,1.02,60,SVC,2021-09-06,0,1,-0.0289614311639029
ITUB4,1.02,60,RNA,2021-09-08,1,1,0.02
ITUB4,1.02,60,Random Forest,2021-09-08,1,1,0.02
ITUB4,1.02,60,SVC,2021-09-08,1,1,0.02
ITUB4,1.02,60,RNA,2021-09-09,0,0,-0.0332203148702248
ITUB4,1.02,60,Random Forest,2021-09-09,0,1,-0.0332203148702248
ITUB4,1.02,60,SVC,2021-09-09,0,0,-0.0332203148702248
ITUB4,1.02,60,RNA,2021-09-10,0,1,-0.0282986741590129
ITUB4,1.02,60,Random Forest,2021-09-10,0,1,-0.0282986741590129
ITUB4,1.02,60,SVC,2021-09-10,0,0,-0.0282986741590129
ITUB4,1.02,60,RNA,2021-09-13,0,1,-0.0439862292437968
ITUB4,1.02,60,Random Forest,2021-09-13,0,1,-0.0439862292437968
ITUB4,1.02,60,SVC,2021-09-13,0,1,-0.0439862292437968
ITUB4,1.02,60,RNA,2021-09-14,0,0,-0.0640275446022548
ITUB4,1.02,60,Random Forest,2021-09-14,0,0,-0.0640275446022548
ITUB4,1.02,60,SVC,2021-09-14,0,0,-0.0640275446022548
ITUB4,1.02,60,RNA,2021-09-15,0,1,-0.0423728779165213
ITUB4,1.02,60,Random Forest,2021-09-15,0,0,-0.0423728779165213
ITUB4,1.02,60,SVC,2021-09-15,0,1,-0.0423728779165213
ITUB4,1.02,60,RNA,2021-09-16,0,0,-0.0252897427978466
ITUB4,1.02,60,Random Forest,2021-09-16,0,0,-0.0252897427978466
ITUB4,1.02,60,SVC,2021-09-16,0,0,-0.0252897427978466
ITUB4,1.02,60,RNA,2021-09-17,1,0,0.02
ITUB4,1.02,60,Random Forest,2021-09-17,1,0,0.02
ITUB4,1.02,60,SVC,2021-09-17,1,1,0.02
ITUB4,1.02,60,RNA,2021-09-20,1,1,0.02
ITUB4,1.02,60,Random Forest,2021-09-20,1,0,0.02
ITUB4,1.02,60,SVC,2021-09-20,1,1,0.02
ITUB4,1.02,60,RNA,2021-09-21,1,1,0.02
ITUB4,1.02,60,Random Forest,2021-09-21,1,0,0.02
ITUB4,1.02,60,SVC,2021-09-21,1,1,0.02
ITUB4,1.02,60,RNA,2021-09-22,1,1,0.02
ITUB4,1.02,60,Random Forest,2021-09-22,1,0,0.02
ITUB4,1.02,60,SVC,2021-09-22,1,1,0.02
ITUB4,1.02,60,RNA,2021-09-23,1,1,0.02
ITUB4,1.02,60,Random Forest,2021-09-23,1,1,0.02
ITUB4,1.02,60,SVC,2021-09-23,1,1,0.02
ITUB4,1.02,60,RNA,2021-09-24,1,1,0.02
ITUB4,1.02,60,Random Forest,2021-09-24,1,1,0.02
ITUB4,1.02,60,SVC,2021-09-24,1,1,0.02
ITUB4,1.02,60,RNA,2021-09-27,1,1,0.02
ITUB4,1.02,60,Random Forest,2021-09-27,1,1,0.02
ITUB4,1.02,60,SVC,2021-09-27,1,1,0.02
ITUB4,1.02,60,RNA,2021-09-28,1,1,0.02
ITUB4,1.02,60,Random Forest,2021-09-28,1,1,0.02
ITUB4,1.02,60,SVC,2021-09-28,1,1,0.02
ITUB4,1.02,60,RNA,2021-09-29,1,1,0.02
ITUB4,1.02,60,Random Forest,2021-09-29,1,1,0.02
ITUB4,1.02,60,SVC,2021-09-29,1,1,0.02
ITUB4,1.02,60,RNA,2021-09-30,1,1,0.02
ITUB4,1.02,60,Random Forest,2021-09-30,1,1,0.02
ITUB4,1.02,60,SVC,2021-09-30,1,1,0.02
ITUB4,1.02,60,RNA,2021-10-01,1,1,0.02
ITUB4,1.02,60,Random Forest,2021-10-01,1,1,0.02
ITUB4,1.02,60,SVC,2021-10-01,1,1,0.02
ITUB4,1.02,60,RNA,2021-10-04,1,1,0.02
ITUB4,1.02,60,Random Forest,2021-10-04,1,1,0.02
ITUB4,1.02,60,SVC,2021-10-04,1,1,0.02
ITUB4,1.02,60,RNA,2021-10-05,1,0,0.02
ITUB4,1.02,60,Random Forest,2021-10-05,1,1,0.02
ITUB4,1.02,60,SVC,2021-10-05,1,1,0.02
ITUB4,1.02,60,RNA,2021-10-06,0,1,-0.0346199618170117
ITUB4,1.02,60,Random Forest,2021-10-06,0,1,-0.0346199618170117
ITUB4,1.02,60,SVC,2021-10-06,0,1,-0.0346199618170117
ITUB4,1.02,60,RNA,2021-10-07,1,1,0.02
ITUB4,1.02,60,Random Forest,2021-10-07,1,1,0.02
ITUB4,1.02,60,SVC,2021-10-07,1,1,0.02
ITUB4,1.02,60,RNA,2021-10-08,0,1,0.0073230430745487
ITUB4,1.02,60,Random Forest,2021-10-08,0,1,0.0073230430745487
ITUB4,1.02,60,SVC,2021-10-08,0,1,0.0073230430745487
ITUB4,1.02,60,RNA,2021-10-11,1,1,0.02
ITUB4,1.02,60,Random Forest,2021-10-11,1,1,0.02
ITUB4,1.02,60,SVC,2021-10-11,1,1,0.02
ITUB4,1.02,60,RNA,2021-10-13,1,1,0.02
ITUB4,1.02,60,Random Forest,2021-10-13,1,1,0.02
ITUB4,1.02,60,SVC,2021-10-13,1,1,0.02
ITUB4,1.02,60,RNA,2021-10-14,1,1,0.02
ITUB4,1.02,60,Random Forest,2021-10-14,1,0,0.02
ITUB4,1.02,60,SVC,2021-10-14,1,1,0.02
ITUB4,1.02,60,RNA,2021-10-15,1,1,0.02
ITUB4,1.02,60,Random Forest,2021-10-15,1,1,0.02
ITUB4,1.02,60,SVC,2021-10-15,1,1,0.02
ITUB4,1.02,60,RNA,2021-10-18,0,0,-0.0469635439941812
ITUB4,1.02,60,Random Forest,2021-10-18,0,0,-0.0469635439941812
ITUB4,1.02,60,SVC,2021-10-18,0,0,-0.0469635439941812
ITUB4,1.02,60,RNA,2021-10-19,1,0,0.02
ITUB4,1.02,60,Random Forest,2021-10-19,1,0,0.02
ITUB4,1.02,60,SVC,2021-10-19,1,1,0.02
ITUB4,1.02,60,RNA,2021-10-20,1,0,0.02
ITUB4,1.02,60,Random Forest,2021-10-20,1,1,0.02
ITUB4,1.02,60,SVC,2021-10-20,1,1,0.02
ITUB4,1.02,60,RNA,2021-10-21,0,0,-0.0082918607861871
ITUB4,1.02,60,Random Forest,2021-10-21,0,0,-0.0082918607861871
ITUB4,1.02,60,SVC,2021-10-21,0,0,-0.0082918607861871
ITUB4,1.02,60,RNA,2021-10-22,1,1,0.02
ITUB4,1.02,60,Random Forest,2021-10-22,1,1,0.02
ITUB4,1.02,60,SVC,2021-10-22,1,1,0.02
ITUB4,1.02,60,RNA,2021-10-25,1,1,0.02
ITUB4,1.02,60,Random Forest,2021-10-25,1,1,0.02
ITUB4,1.02,60,SVC,2021-10-25,1,1,0.02
ITUB4,1.02,60,RNA,2021-10-26,1,1,0.02
ITUB4,1.02,60,Random Forest,2021-10-26,1,1,0.02
ITUB4,1.02,60,SVC,2021-10-26,1,1,0.02
ITUB4,1.02,60,RNA,2021-10-27,1,1,0.02
ITUB4,1.02,60,Random Forest,2021-10-27,1,1,0.02
ITUB4,1.02,60,SVC,2021-10-27,1,1,0.02
ITUB4,1.02,60,RNA,2021-10-28,1,1,0.02
ITUB4,1.02,60,Random Forest,2021-10-28,1,1,0.02
ITUB4,1.02,60,SVC,2021-10-28,1,1,0.02
ITUB4,1.02,60,RNA,2021-10-29,1,1,0.02
ITUB4,1.02,60,Random Forest,2021-10-29,1,1,0.02
ITUB4,1.02,60,SVC,2021-10-29,1,1,0.02
ITUB4,1.02,60,RNA,2021-11-01,1,1,0.02
ITUB4,1.02,60,Random Forest,2021-11-01,1,1,0.02
ITUB4,1.02,60,SVC,2021-11-01,1,1,0.02
ITUB4,1.02,60,RNA,2021-11-03,0,1,-0.0796568810977264
ITUB4,1.02,60,Random Forest,2021-11-03,0,1,-0.0796568810977264
ITUB4,1.02,60,SVC,2021-11-03,0,1,-0.0796568810977264
ITUB4,1.02,60,RNA,2021-11-04,0,1,-0.0170212865038204
ITUB4,1.02,60,Random Forest,2021-11-04,0,1,-0.0170212865038204
ITUB4,1.02,60,SVC,2021-11-04,0,1,-0.0170212865038204
ITUB4,1.02,60,RNA,2021-11-05,1,0,0.02
ITUB4,1.02,60,Random Forest,2021-11-05,1,1,0.02
ITUB4,1.02,60,SVC,2021-11-05,1,1,0.02
ITUB4,1.02,60,RNA,2021-11-08,1,1,0.02
ITUB4,1.02,60,Random Forest,2021-11-08,1,1,0.02
ITUB4,1.02,60,SVC,2021-11-08,1,1,0.02
ITUB4,1.02,60,RNA,2021-11-09,1,1,0.02
ITUB4,1.02,60,Random Forest,2021-11-09,1,1,0.02
ITUB4,1.02,60,SVC,2021-11-09,1,1,0.02
ITUB4,1.02,60,RNA,2021-11-10,0,1,-0.0247546374733381
ITUB4,1.02,60,Random Forest,2021-11-10,0,1,-0.0247546374733381
ITUB4,1.02,60,SVC,2021-11-10,0,1,-0.0247546374733381
ITUB4,1.02,60,RNA,2021-11-11,0,1,-0.0243161356008997
ITUB4,1.02,60,Random Forest,2021-11-11,0,1,-0.0243161356008997
ITUB4,1.02,60,SVC,2021-11-11,0,1,-0.0243161356008997
ITUB4,1.02,60,RNA,2021-11-12,0,1,-0.0346620071571147
ITUB4,1.02,60,Random Forest,2021-11-12,0,1,-0.0346620071571147
ITUB4,1.02,60,SVC,2021-11-12,0,1,-0.0346620071571147
ITUB4,1.02,60,RNA,2021-11-16,0,0,-0.0259394954502034
ITUB4,1.02,60,Random Forest,2021-11-16,0,0,-0.0259394954502034
ITUB4,1.02,60,SVC,2021-11-16,0,1,-0.0259394954502034
ITUB4,1.02,60,RNA,2021-11-17,0,1,-0.0043991574343631
ITUB4,1.02,60,Random Forest,2021-11-17,0,0,-0.0043991574343631
ITUB4,1.02,60,SVC,2021-11-17,0,1,-0.0043991574343631
ITUB4,1.02,60,RNA,2021-11-18,1,1,0.02
ITUB4,1.02,60,Random Forest,2021-11-18,1,0,0.02
ITUB4,1.02,60,SVC,2021-11-18,1,1,0.02
ITUB4,1.02,60,RNA,2021-11-19,1,0,0.02
ITUB4,1.02,60,Random Forest,2021-11-19,1,0,0.02
ITUB4,1.02,60,SVC,2021-11-19,1,1,0.02
ITUB4,1.02,60,RNA,2021-11-22,1,0,0.02
ITUB4,1.02,60,Random Forest,2021-11-22,1,0,0.02
ITUB4,1.02,60,SVC,2021-11-22,1,1,0.02
ITUB4,1.02,60,RNA,2021-11-23,1,1,0.02
ITUB4,1.02,60,Random Forest,2021-11-23,1,1,0.02
ITUB4,1.02,60,SVC,2021-11-23,1,1,0.02
ITUB4,1.02,60,RNA,2021-11-24,0,0,-0.0311688217456753
ITUB4,1.02,60,Random Forest,2021-11-24,0,1,-0.0311688217456753
ITUB4,1.02,60,SVC,2021-11-24,0,1,-0.0311688217456753
ITUB4,1.02,60,RNA,2021-11-25,0,1,-0.0229549305509405
ITUB4,1.02,60,Random Forest,2021-11-25,0,1,-0.0229549305509405
ITUB4,1.02,60,SVC,2021-11-25,0,1,-0.0229549305509405
ITUB4,1.02,60,RNA,2021-11-26,0,0,0.0003557636285826
ITUB4,1.02,60,Random Forest,2021-11-26,0,1,0.0003557636285826
ITUB4,1.02,60,SVC,2021-11-26,0,1,0.0003557636285826
ITUB4,1.02,60,RNA,2021-11-29,1,0,0.02
ITUB4,1.02,60,Random Forest,2021-11-29,1,1,0.02
ITUB4,1.02,60,SVC,2021-11-29,1,0,0.02
ITUB4,1.02,60,RNA,2021-11-30,1,1,0.02
ITUB4,1.02,60,Random Forest,2021-11-30,1,1,0.02
ITUB4,1.02,60,SVC,2021-11-30,1,1,0.02
ITUB4,1.02,60,RNA,2021-12-01,1,0,0.02
ITUB4,1.02,60,Random Forest,2021-12-01,1,1,0.02
ITUB4,1.02,60,SVC,2021-12-01,1,0,0.02
ITUB4,1.02,60,RNA,2021-12-02,1,1,0.02
ITUB4,1.02,60,Random Forest,2021-12-02,1,1,0.02
ITUB4,1.02,60,SVC,2021-12-02,1,0,0.02
ITUB4,1.02,60,RNA,2021-12-03,1,0,0.02
ITUB4,1.02,60,Random Forest,2021-12-03,1,0,0.02
ITUB4,1.02,60,SVC,2021-12-03,1,0,0.02
ITUB4,1.02,60,RNA,2021-12-06,0,1,-0.0618120507258376
ITUB4,1.02,60,Random Forest,2021-12-06,0,1,-0.0618120507258376
ITUB4,1.02,60,SVC,2021-12-06,0,1,-0.0618120507258376
ITUB4,1.02,60,RNA,2021-12-07,0,1,-0.0658293419037054
ITUB4,1.02,60,Random Forest,2021-12-07,0,1,-0.0658293419037054
ITUB4,1.02,60,SVC,2021-12-07,0,1,-0.0658293419037054
ITUB4,1.02,60,RNA,2021-12-08,0,1,-0.0438981392036046
ITUB4,1.02,60,Random Forest,2021-12-08,0,0,-0.0438981392036046
ITUB4,1.02,60,SVC,2021-12-08,0,1,-0.0438981392036046
ITUB4,1.02,60,RNA,2021-12-09,0,1,-0.0255834812574191
ITUB4,1.02,60,Random Forest,2021-12-09,0,1,-0.0255834812574191
ITUB4,1.02,60,SVC,2021-12-09,0,1,-0.0255834812574191
ITUB4,1.02,60,RNA,2021-12-10,0,0,-0.0121621902796168
ITUB4,1.02,60,Random Forest,2021-12-10,0,0,-0.0121621902796168
ITUB4,1.02,60,SVC,2021-12-10,0,1,-0.0121621902796168
ITUB4,1.02,60,RNA,2021-12-13,0,1,-0.01424635624692
ITUB4,1.02,60,Random Forest,2021-12-13,0,1,-0.01424635624692
ITUB4,1.02,60,SVC,2021-12-13,0,1,-0.01424635624692
ITUB4,1.02,60,RNA,2021-12-14,0,1,-0.0360565563354642
ITUB4,1.02,60,Random Forest,2021-12-14,0,0,-0.0360565563354642
ITUB4,1.02,60,SVC,2021-12-14,0,1,-0.0360565563354642
ITUB4,1.02,60,RNA,2021-12-15,0,0,-0.0342465322563038
ITUB4,1.02,60,Random Forest,2021-12-15,0,0,-0.0342465322563038
ITUB4,1.02,60,SVC,2021-12-15,0,1,-0.0342465322563038
ITUB4,1.02,60,RNA,2021-12-16,0,1,-0.01849281430975
ITUB4,1.02,60,Random Forest,2021-12-16,0,0,-0.01849281430975
ITUB4,1.02,60,SVC,2021-12-16,0,1,-0.01849281430975
ITUB4,1.02,60,RNA,2021-12-17,0,0,-0.0065177060386053
ITUB4,1.02,60,Random Forest,2021-12-17,0,0,-0.0065177060386053
ITUB4,1.02,60,SVC,2021-12-17,0,1,-0.0065177060386053
ITUB4,1.02,60,RNA,2021-12-20,1,0,0.02
ITUB4,1.02,60,Random Forest,2021-12-20,1,0,0.02
ITUB4,1.02,60,SVC,2021-12-20,1,1,0.02
ITUB4,1.02,60,RNA,2021-12-21,1,1,0.02
ITUB4,1.02,60,Random Forest,2021-12-21,1,0,0.02
ITUB4,1.02,60,SVC,2021-12-21,1,1,0.02
ITUB4,1.02,60,RNA,2021-12-22,0,0,-0.0014064730560553
ITUB4,1.02,60,Random Forest,2021-12-22,0,1,-0.0014064730560553
ITUB4,1.02,60,SVC,2021-12-22,0,1,-0.0014064730560553
ITUB4,1.02,60,RNA,2021-12-23,0,1,-0.0246741099822024
ITUB4,1.02,60,Random Forest,2021-12-23,0,0,-0.0246741099822024
ITUB4,1.02,60,SVC,2021-12-23,0,1,-0.0246741099822024
ITUB4,1.02,60,RNA,2021-12-27,0,1,-0.0047098264950297
ITUB4,1.02,60,Random Forest,2021-12-27,0,0,-0.0047098264950297
ITUB4,1.02,60,SVC,2021-12-27,0,0,-0.0047098264950297
ITUB4,1.02,60,RNA,2021-12-28,1,0,0.02
ITUB4,1.02,60,Random Forest,2021-12-28,1,0,0.02
ITUB4,1.02,60,SVC,2021-12-28,1,0,0.02
ITUB4,1.02,60,RNA,2021-12-29,1,0,0.02
ITUB4,1.02,60,Random Forest,2021-12-29,1,0,0.02
ITUB4,1.02,60,SVC,2021-12-29,1,0,0.02
ITUB4,1.02,60,RNA,2021-12-30,1,0,0.02
ITUB4,1.02,60,Random Forest,2021-12-30,1,0,0.02
ITUB4,1.02,60,SVC,2021-12-30,1,1,0.02
ITUB4,1.02,60,RNA,2022-01-03,1,1,0.02
ITUB4,1.02,60,Random Forest,2022-01-03,1,0,0.02
ITUB4,1.02,60,SVC,2022-01-03,1,1,0.02
ITUB4,1.02,60,RNA,2022-01-04,1,0,0.02
ITUB4,1.02,60,Random Forest,2022-01-04,1,0,0.02
ITUB4,1.02,60,SVC,2022-01-04,1,1,0.02
ITUB4,1.02,60,RNA,2022-01-05,1,1,0.02
ITUB4,1.02,60,Random Forest,2022-01-05,1,1,0.02
ITUB4,1.02,60,SVC,2022-01-05,1,1,0.02
ITUB4,1.02,60,RNA,2022-01-06,1,0,0.02
ITUB4,1.02,60,Random Forest,2022-01-06,1,1,0.02
ITUB4,1.02,60,SVC,2022-01-06,1,1,0.02
ITUB4,1.02,60,RNA,2022-01-07,1,0,0.02
ITUB4,1.02,60,Random Forest,2022-01-07,1,1,0.02
ITUB4,1.02,60,SVC,2022-01-07,1,1,0.02
ITUB4,1.02,60,RNA,2022-01-10,1,0,0.02
ITUB4,1.02,60,Random Forest,2022-01-10,1,1,0.02
ITUB4,1.02,60,SVC,2022-01-10,1,1,0.02
ITUB4,1.02,60,RNA,2022-01-11,1,1,0.02
ITUB4,1.02,60,Random Forest,2022-01-11,1,1,0.02
ITUB4,1.02,60,SVC,2022-01-11,1,1,0.02
ITUB4,1.02,60,RNA,2022-01-12,1,1,0.02
ITUB4,1.02,60,Random Forest,2022-01-12,1,1,0.02
ITUB4,1.02,60,SVC,2022-01-12,1,1,0.02
ITUB4,1.02,60,RNA,2022-01-13,1,1,0.02
ITUB4,1.02,60,Random Forest,2022-01-13,1,1,0.02
ITUB4,1.02,60,SVC,2022-01-13,1,1,0.02
ITUB4,1.02,60,RNA,2022-01-14,1,0,0.02
ITUB4,1.02,60,Random Forest,2022-01-14,1,1,0.02
ITUB4,1.02,60,SVC,2022-01-14,1,1,0.02
ITUB4,1.02,60,RNA,2022-01-17,1,1,0.02
ITUB4,1.02,60,Random Forest,2022-01-17,1,1,0.02
ITUB4,1.02,60,SVC,2022-01-17,1,1,0.02
ITUB4,1.02,60,RNA,2022-01-18,0,1,-0.0230898283165588
ITUB4,1.02,60,Random Forest,2022-01-18,0,1,-0.0230898283165588
ITUB4,1.02,60,SVC,2022-01-18,0,1,-0.0230898283165588
ITUB4,1.02,60,RNA,2022-01-19,1,1,0.02
ITUB4,1.02,60,Random Forest,2022-01-19,1,1,0.02
ITUB4,1.02,60,SVC,2022-01-19,1,1,0.02
ITUB4,1.02,60,RNA,2022-01-20,1,0,0.02
ITUB4,1.02,60,Random Forest,2022-01-20,1,1,0.02
ITUB4,1.02,60,SVC,2022-01-20,1,1,0.02
ITUB4,1.02,60,RNA,2022-01-21,1,1,0.02
ITUB4,1.02,60,Random Forest,2022-01-21,1,1,0.02
ITUB4,1.02,60,SVC,2022-01-21,1,1,0.02
ITUB4,1.02,60,RNA,2022-01-24,1,1,0.02
ITUB4,1.02,60,Random Forest,2022-01-24,1,1,0.02
ITUB4,1.02,60,SVC,2022-01-24,1,1,0.02
ITUB4,1.02,60,RNA,2022-01-25,1,0,0.02
ITUB4,1.02,60,Random Forest,2022-01-25,1,1,0.02
ITUB4,1.02,60,SVC,2022-01-25,1,1,0.02
ITUB4,1.02,60,RNA,2022-01-26,1,1,0.02
ITUB4,1.02,60,Random Forest,2022-01-26,1,0,0.02
ITUB4,1.02,60,SVC,2022-01-26,1,1,0.02
ITUB4,1.02,60,RNA,2022-01-27,1,0,0.02
ITUB4,1.02,60,Random Forest,2022-01-27,1,1,0.02
ITUB4,1.02,60,SVC,2022-01-27,1,1,0.02
ITUB4,1.02,60,RNA,2022-01-28,1,0,0.02
ITUB4,1.02,60,Random Forest,2022-01-28,1,1,0.02
ITUB4,1.02,60,SVC,2022-01-28,1,1,0.02
ITUB4,1.02,60,RNA,2022-01-31,0,1,0.0067220436394803
ITUB4,1.02,60,Random Forest,2022-01-31,0,1,0.0067220436394803
ITUB4,1.02,60,SVC,2022-01-31,0,1,0.0067220436394803
ITUB4,1.02,60,RNA,2022-02-01,0,1,-0.0058892889288928
ITUB4,1.02,60,Random Forest,2022-02-01,0,1,-0.0058892889288928
ITUB4,1.02,60,SVC,2022-02-01,0,1,-0.0058892889288928
ITUB4,1.02,60,RNA,2022-02-02,1,1,0.02
ITUB4,1.02,60,Random Forest,2022-02-02,1,1,0.02
ITUB4,1.02,60,SVC,2022-02-02,1,1,0.02
ITUB4,1.02,60,RNA,2022-02-03,1,1,0.02
ITUB4,1.02,60,Random Forest,2022-02-03,1,0,0.02
ITUB4,1.02,60,SVC,2022-02-03,1,1,0.02
ITUB4,1.02,60,RNA,2022-02-04,0,1,-0.015717111492743
ITUB4,1.02,60,Random Forest,2022-02-04,0,0,-0.015717111492743
ITUB4,1.02,60,SVC,2022-02-04,0,1,-0.015717111492743
ITUB4,1.02,60,RNA,2022-02-07,1,1,0.02
ITUB4,1.02,60,Random Forest,2022-02-07,1,1,0.02
ITUB4,1.02,60,SVC,2022-02-07,1,1,0.02
ITUB4,1.02,60,RNA,2022-02-08,1,1,0.02
ITUB4,1.02,60,Random Forest,2022-02-08,1,0,0.02
ITUB4,1.02,60,SVC,2022-02-08,1,1,0.02
ITUB4,1.02,60,RNA,2022-02-09,1,1,0.02
ITUB4,1.02,60,Random Forest,2022-02-09,1,1,0.02
ITUB4,1.02,60,SVC,2022-02-09,1,1,0.02
ITUB4,1.02,60,RNA,2022-02-10,1,0,0.02
ITUB4,1.02,60,Random Forest,2022-02-10,1,0,0.02
ITUB4,1.02,60,SVC,2022-02-10,1,1,0.02
ITUB4,1.02,60,RNA,2022-02-11,0,1,-0.0199247764467103
ITUB4,1.02,60,Random Forest,2022-02-11,0,1,-0.0199247764467103
ITUB4,1.02,60,SVC,2022-02-11,0,1,-0.0199247764467103
ITUB4,1.02,60,RNA,2022-02-14,0,1,-0.0235074318756265
ITUB4,1.02,60,Random Forest,2022-02-14,0,1,-0.0235074318756265
ITUB4,1.02,60,SVC,2022-02-14,0,1,-0.0235074318756265
ITUB4,1.02,60,RNA,2022-02-15,0,1,-0.0466766308714334
ITUB4,1.02,60,Random Forest,2022-02-15,0,1,-0.0466766308714334
ITUB4,1.02,60,SVC,2022-02-15,0,1,-0.0466766308714334
ITUB4,1.02,60,RNA,2022-02-16,0,1,-0.0240991402402619
ITUB4,1.02,60,Random Forest,2022-02-16,0,0,-0.0240991402402619
ITUB4,1.02,60,SVC,2022-02-16,0,1,-0.0240991402402619
ITUB4,1.02,60,RNA,2022-02-17,0,1,-0.0311369219655965
ITUB4,1.02,60,Random Forest,2022-02-17,0,1,-0.0311369219655965
ITUB4,1.02,60,SVC,2022-02-17,0,1,-0.0311369219655965
ITUB4,1.02,60,RNA,2022-02-18,0,0,-0.0479084674639354
ITUB4,1.02,60,Random Forest,2022-02-18,0,1,-0.0479084674639354
ITUB4,1.02,60,SVC,2022-02-18,0,1,-0.0479084674639354
ITUB4,1.02,60,RNA,2022-02-21,0,1,-0.010873782220349
ITUB4,1.02,60,Random Forest,2022-02-21,0,0,-0.010873782220349
ITUB4,1.02,60,SVC,2022-02-21,0,1,-0.010873782220349
ITUB4,1.02,60,RNA,2022-02-22,0,1,-0.0280419803855617
ITUB4,1.02,60,Random Forest,2022-02-22,0,0,-0.0280419803855617
ITUB4,1.02,60,SVC,2022-02-22,0,1,-0.0280419803855617
ITUB4,1.02,60,RNA,2022-02-23,1,1,0.02
ITUB4,1.02,60,Random Forest,2022-02-23,1,0,0.02
ITUB4,1.02,60,SVC,2022-02-23,1,1,0.02
ITUB4,1.02,60,RNA,2022-02-24,1,1,0.02
ITUB4,1.02,60,Random Forest,2022-02-24,1,0,0.02
ITUB4,1.02,60,SVC,2022-02-24,1,1,0.02
ITUB4,1.02,60,RNA,2022-02-25,1,0,0.02
ITUB4,1.02,60,Random Forest,2022-02-25,1,0,0.02
ITUB4,1.02,60,SVC,2022-02-25,1,1,0.02
ITUB4,1.02,60,RNA,2022-03-02,1,0,0.02
ITUB4,1.02,60,Random Forest,2022-03-02,1,0,0.02
ITUB4,1.02,60,SVC,2022-03-02,1,1,0.02
ITUB4,1.02,60,RNA,2022-03-03,0,0,0.0011966216512069
ITUB4,1.02,60,Random Forest,2022-03-03,0,0,0.0011966216512069
ITUB4,1.02,60,SVC,2022-03-03,0,1,0.0011966216512069
ITUB4,1.02,60,RNA,2022-03-04,1,0,0.02
ITUB4,1.02,60,Random Forest,2022-03-04,1,1,0.02
ITUB4,1.02,60,SVC,2022-03-04,1,1,0.02
ITUB4,1.02,60,RNA,2022-03-07,1,0,0.02
ITUB4,1.02,60,Random Forest,2022-03-07,1,0,0.02
ITUB4,1.02,60,SVC,2022-03-07,1,1,0.02
ITUB4,1.02,60,RNA,2022-03-08,1,0,0.02
ITUB4,1.02,60,Random Forest,2022-03-08,1,1,0.02
ITUB4,1.02,60,SVC,2022-03-08,1,1,0.02
ITUB4,1.02,60,RNA,2022-03-09,1,1,0.02
ITUB4,1.02,60,Random Forest,2022-03-09,1,1,0.02
ITUB4,1.02,60,SVC,2022-03-09,1,1,0.02
ITUB4,1.02,60,RNA,2022-03-10,0,0,0.0142687174217719
ITUB4,1.02,60,Random Forest,2022-03-10,0,1,0.0142687174217719
ITUB4,1.02,60,SVC,2022-03-10,0,1,0.0142687174217719
ITUB4,1.02,60,RNA,2022-03-11,1,1,0.02
ITUB4,1.02,60,Random Forest,2022-03-11,1,1,0.02
ITUB4,1.02,60,SVC,2022-03-11,1,1,0.02
ITUB4,1.02,60,RNA,2022-03-14,1,1,0.02
ITUB4,1.02,60,Random Forest,2022-03-14,1,1,0.02
ITUB4,1.02,60,SVC,2022-03-14,1,1,0.02
ITUB4,1.02,60,RNA,2022-03-15,1,0,0.02
ITUB4,1.02,60,Random Forest,2022-03-15,1,1,0.02
ITUB4,1.02,60,SVC,2022-03-15,1,1,0.02
ITUB4,1.02,60,RNA,2022-03-16,1,0,0.02
ITUB4,1.02,60,Random Forest,2022-03-16,1,1,0.02
ITUB4,1.02,60,SVC,2022-03-16,1,1,0.02
ITUB4,1.02,60,RNA,2022-03-17,1,1,0.02
ITUB4,1.02,60,Random Forest,2022-03-17,1,1,0.02
ITUB4,1.02,60,SVC,2022-03-17,1,0,0.02
ITUB4,1.02,60,RNA,2022-03-18,1,1,0.02
ITUB4,1.02,60,Random Forest,2022-03-18,1,1,0.02
ITUB4,1.02,60,SVC,2022-03-18,1,1,0.02
ITUB4,1.02,60,RNA,2022-03-21,0,0,0.0099264884657097
ITUB4,1.02,60,Random Forest,2022-03-21,0,0,0.0099264884657097
ITUB4,1.02,60,SVC,2022-03-21,0,1,0.0099264884657097
ITUB4,1.02,60,RNA,2022-03-22,0,1,0.0021905789418816
ITUB4,1.02,60,Random Forest,2022-03-22,0,0,0.0021905789418816
ITUB4,1.02,60,SVC,2022-03-22,0,1,0.0021905789418816
ITUB4,1.02,60,RNA,2022-03-23,1,1,0.02
ITUB4,1.02,60,Random Forest,2022-03-23,1,0,0.02
ITUB4,1.02,60,SVC,2022-03-23,1,1,0.02
ITUB4,1.02,60,RNA,2022-03-24,1,0,0.02
ITUB4,1.02,60,Random Forest,2022-03-24,1,0,0.02
ITUB4,1.02,60,SVC,2022-03-24,1,1,0.02
ITUB4,1.02,60,RNA,2022-03-25,0,1,-0.002178647639214
ITUB4,1.02,60,Random Forest,2022-03-25,0,1,-0.002178647639214
ITUB4,1.02,60,SVC,2022-03-25,0,1,-0.002178647639214
ITUB4,1.02,60,RNA,2022-03-28,0,1,-0.0054964919587053
ITUB4,1.02,60,Random Forest,2022-03-28,0,0,-0.0054964919587053
ITUB4,1.02,60,SVC,2022-03-28,0,1,-0.0054964919587053
ITUB4,1.02,60,RNA,2022-03-29,0,0,-0.0191260467010287
ITUB4,1.02,60,Random Forest,2022-03-29,0,0,-0.0191260467010287
ITUB4,1.02,60,SVC,2022-03-29,0,1,-0.0191260467010287
ITUB4,1.02,60,RNA,2022-03-30,0,0,-0.0402733956983835
ITUB4,1.02,60,Random Forest,2022-03-30,0,0,-0.0402733956983835
ITUB4,1.02,60,SVC,2022-03-30,0,1,-0.0402733956983835
ITUB4,1.02,60,RNA,2022-03-31,0,0,-0.035018065908836
ITUB4,1.02,60,Random Forest,2022-03-31,0,0,-0.035018065908836
ITUB4,1.02,60,SVC,2022-03-31,0,1,-0.035018065908836
ITUB4,1.02,60,RNA,2022-04-01,0,0,-0.0269581373545115
ITUB4,1.02,60,Random Forest,2022-04-01,0,0,-0.0269581373545115
ITUB4,1.02,60,SVC,2022-04-01,0,1,-0.0269581373545115
ITUB4,1.02,60,RNA,2022-04-04,0,0,-0.020932810595951
ITUB4,1.02,60,Random Forest,2022-04-04,0,0,-0.020932810595951
ITUB4,1.02,60,SVC,2022-04-04,0,1,-0.020932810595951
ITUB4,1.02,60,RNA,2022-04-05,0,0,-0.0003763504021335
ITUB4,1.02,60,Random Forest,2022-04-05,0,0,-0.0003763504021335
ITUB4,1.02,60,SVC,2022-04-05,0,1,-0.0003763504021335
ITUB4,1.02,60,RNA,2022-04-06,0,1,-0.0158431009522819
ITUB4,1.02,60,Random Forest,2022-04-06,0,0,-0.0158431009522819
ITUB4,1.02,60,SVC,2022-04-06,0,1,-0.0158431009522819
ITUB4,1.02,60,RNA,2022-04-07,0,1,-0.0150602412691489
ITUB4,1.02,60,Random Forest,2022-04-07,0,0,-0.0150602412691489
ITUB4,1.02,60,SVC,2022-04-07,0,1,-0.0150602412691489
ITUB4,1.02,60,RNA,2022-04-08,0,0,-0.0101503546906058
ITUB4,1.02,60,Random Forest,2022-04-08,0,0,-0.0101503546906058
ITUB4,1.02,60,SVC,2022-04-08,0,0,-0.0101503546906058
ITUB4,1.02,60,RNA,2022-04-11,0,1,-0.0119403085524354
ITUB4,1.02,60,Random Forest,2022-04-11,0,0,-0.0119403085524354
ITUB4,1.02,60,SVC,2022-04-11,0,0,-0.0119403085524354
ITUB4,1.02,60,RNA,2022-04-12,0,1,-0.0102739512031623
ITUB4,1.02,60,Random Forest,2022-04-12,0,0,-0.0102739512031623
ITUB4,1.02,60,SVC,2022-04-12,0,0,-0.0102739512031623
ITUB4,1.02,60,RNA,2022-04-13,1,1,0.02
ITUB4,1.02,60,Random Forest,2022-04-13,1,0,0.02
ITUB4,1.02,60,SVC,2022-04-13,1,1,0.02
ITUB4,1.02,60,RNA,2022-04-14,0,0,-0.0217225270188895
ITUB4,1.02,60,Random Forest,2022-04-14,0,0,-0.0217225270188895
ITUB4,1.02,60,SVC,2022-04-14,0,0,-0.0217225270188895
ITUB4,1.02,60,RNA,2022-04-18,0,0,-0.0358220153171914
ITUB4,1.02,60,Random Forest,2022-04-18,0,0,-0.0358220153171914
ITUB4,1.02,60,SVC,2022-04-18,0,1,-0.0358220153171914
ITUB4,1.02,60,RNA,2022-04-19,0,0,-0.0507301934568943
ITUB4,1.02,60,Random Forest,2022-04-19,0,0,-0.0507301934568943
ITUB4,1.02,60,SVC,2022-04-19,0,0,-0.0507301934568943
ITUB4,1.02,60,RNA,2022-04-20,0,0,-0.0540540287712879
ITUB4,1.02,60,Random Forest,2022-04-20,0,0,-0.0540540287712879
ITUB4,1.02,60,SVC,2022-04-20,0,1,-0.0540540287712879
ITUB4,1.02,60,RNA,2022-04-22,0,0,-0.0470588241504158
ITUB4,1.02,60,Random Forest,2022-04-22,0,0,-0.0470588241504158
ITUB4,1.02,60,SVC,2022-04-22,0,0,-0.0470588241504158
ITUB4,1.02,60,RNA,2022-04-25,0,0,-0.0550277017137272
ITUB4,1.02,60,Random Forest,2022-04-25,0,0,-0.0550277017137272
ITUB4,1.02,60,SVC,2022-04-25,0,0,-0.0550277017137272
ITUB4,1.02,60,RNA,2022-04-26,0,1,-0.0489169900846493
ITUB4,1.02,60,Random Forest,2022-04-26,0,0,-0.0489169900846493
ITUB4,1.02,60,SVC,2022-04-26,0,0,-0.0489169900846493
ITUB4,1.02,60,RNA,2022-04-27,0,1,-0.0253915709313881
ITUB4,1.02,60,Random Forest,2022-04-27,0,1,-0.0253915709313881
ITUB4,1.02,60,SVC,2022-04-27,0,0,-0.0253915709313881
ITUB4,1.02,60,RNA,2022-04-28,1,0,0.02
ITUB4,1.02,60,Random Forest,2022-04-28,1,1,0.02
ITUB4,1.02,60,SVC,2022-04-28,1,1,0.02
ITUB4,1.02,60,RNA,2022-04-29,0,1,-0.0242982478976204
ITUB4,1.02,60,Random Forest,2022-04-29,0,1,-0.0242982478976204
ITUB4,1.02,60,SVC,2022-04-29,0,0,-0.0242982478976204
ITUB4,1.02,60,RNA,2022-05-02,0,0,-0.0004201811034244
ITUB4,1.02,60,Random Forest,2022-05-02,0,1,-0.0004201811034244
ITUB4,1.02,60,SVC,2022-05-02,0,1,-0.0004201811034244
ITUB4,1.02,60,RNA,2022-05-03,0,1,-0.0130471465289693
ITUB4,1.02,60,Random Forest,2022-05-03,0,1,-0.0130471465289693
ITUB4,1.02,60,SVC,2022-05-03,0,0,-0.0130471465289693
ITUB4,1.02,60,RNA,2022-05-04,1,0,0.02
ITUB4,1.02,60,Random Forest,2022-05-04,1,0,0.02
ITUB4,1.02,60,SVC,2022-05-04,1,0,0.02
ITUB4,1.02,60,RNA,2022-05-05,1,0,0.02
ITUB4,1.02,60,Random Forest,2022-05-05,1,0,0.02
ITUB4,1.02,60,SVC,2022-05-05,1,0,0.02
ITUB4,1.02,60,RNA,2022-05-06,1,0,0.02
ITUB4,1.02,60,Random Forest,2022-05-06,1,0,0.02
ITUB4,1.02,60,SVC,2022-05-06,1,0,0.02
ITUB4,1.02,60,RNA,2022-05-09,1,0,0.02
ITUB4,1.02,60,Random Forest,2022-05-09,1,1,0.02
ITUB4,1.02,60,SVC,2022-05-09,1,0,0.02
ITUB4,1.02,60,RNA,2022-05-10,1,0,0.02
ITUB4,1.02,60,Random Forest,2022-05-10,1,1,0.02
ITUB4,1.02,60,SVC,2022-05-10,1,0,0.02
ITUB4,1.02,60,RNA,2022-05-11,1,1,0.02
ITUB4,1.02,60,Random Forest,2022-05-11,1,1,0.02
ITUB4,1.02,60,SVC,2022-05-11,1,1,0.02
ITUB4,1.02,60,RNA,2022-05-12,1,1,0.02
ITUB4,1.02,60,Random Forest,2022-05-12,1,1,0.02
ITUB4,1.02,60,SVC,2022-05-12,1,1,0.02
ITUB4,1.02,60,RNA,2022-05-13,1,1,0.02
ITUB4,1.02,60,Random Forest,2022-05-13,1,1,0.02
ITUB4,1.02,60,SVC,2022-05-13,1,1,0.02
ITUB4,1.02,60,RNA,2022-05-16,0,0,-0.009069416839149
ITUB4,1.02,60,Random Forest,2022-05-16,0,0,-0.009069416839149
ITUB4,1.02,60,SVC,2022-05-16,0,0,-0.009069416839149
ITUB4,1.02,60,RNA,2022-05-17,1,0,0.02
ITUB4,1.02,60,Random Forest,2022-05-17,1,1,0.02
ITUB4,1.02,60,SVC,2022-05-17,1,1,0.02
ITUB4,1.02,60,RNA,2022-05-18,1,0,0.02
ITUB4,1.02,60,Random Forest,2022-05-18,1,0,0.02
ITUB4,1.02,60,SVC,2022-05-18,1,0,0.02
ITUB4,1.02,60,RNA,2022-05-19,1,1,0.02
ITUB4,1.02,60,Random Forest,2022-05-19,1,1,0.02
ITUB4,1.02,60,SVC,2022-05-19,1,1,0.02
ITUB4,1.02,60,RNA,2022-05-20,1,1,0.02
ITUB4,1.02,60,Random Forest,2022-05-20,1,1,0.02
ITUB4,1.02,60,SVC,2022-05-20,1,1,0.02
ITUB4,1.02,60,RNA,2022-05-23,1,0,0.02
ITUB4,1.02,60,Random Forest,2022-05-23,1,1,0.02
ITUB4,1.02,60,SVC,2022-05-23,1,1,0.02
ITUB4,1.02,60,RNA,2022-05-24,0,1,-0.0049904030313762
ITUB4,1.02,60,Random Forest,2022-05-24,0,1,-0.0049904030313762
ITUB4,1.02,60,SVC,2022-05-24,0,0,-0.0049904030313762
ITUB4,1.02,60,RNA,2022-05-25,1,1,0.02
ITUB4,1.02,60,Random Forest,2022-05-25,1,0,0.02
ITUB4,1.02,60,SVC,2022-05-25,1,1,0.02
ITUB4,1.02,60,RNA,2022-05-26,0,1,-0.0100762791903735
ITUB4,1.02,60,Random Forest,2022-05-26,0,1,-0.0100762791903735
ITUB4,1.02,60,SVC,2022-05-26,0,1,-0.0100762791903735
ITUB4,1.02,60,RNA,2022-05-27,0,1,-0.0137995024253322
ITUB4,1.02,60,Random Forest,2022-05-27,0,0,-0.0137995024253322
ITUB4,1.02,60,SVC,2022-05-27,0,1,-0.0137995024253322
ITUB4,1.02,60,RNA,2022-05-30,0,0,-0.0203310780095277
ITUB4,1.02,60,Random Forest,2022-05-30,0,0,-0.0203310780095277
ITUB4,1.02,60,SVC,2022-05-30,0,0,-0.0203310780095277
ITUB4,1.02,60,RNA,2022-05-31,0,0,-0.0277672243527614
ITUB4,1.02,60,Random Forest,2022-05-31,0,1,-0.0277672243527614
ITUB4,1.02,60,SVC,2022-05-31,0,1,-0.0277672243527614
ITUB4,1.02,60,RNA,2022-06-01,0,0,-0.0176786889121048
ITUB4,1.02,60,Random Forest,2022-06-01,0,0,-0.0176786889121048
ITUB4,1.02,60,SVC,2022-06-01,0,0,-0.0176786889121048
ITUB4,1.02,60,RNA,2022-06-02,0,0,-0.026407777815245
ITUB4,1.02,60,Random Forest,2022-06-02,0,1,-0.026407777815245
ITUB4,1.02,60,SVC,2022-06-02,0,1,-0.026407777815245
ITUB4,1.02,60,RNA,2022-06-03,0,0,-0.0468085250204608
ITUB4,1.02,60,Random Forest,2022-06-03,0,1,-0.0468085250204608
ITUB4,1.02,60,SVC,2022-06-03,0,0,-0.0468085250204608
ITUB4,1.02,60,RNA,2022-06-06,0,0,-0.0537888035915916
ITUB4,1.02,60,Random Forest,2022-06-06,0,0,-0.0537888035915916
ITUB4,1.02,60,SVC,2022-06-06,0,1,-0.0537888035915916
ITUB4,1.02,60,RNA,2022-06-07,0,0,-0.0644400406712316
ITUB4,1.02,60,Random Forest,2022-06-07,0,0,-0.0644400406712316
ITUB4,1.02,60,SVC,2022-06-07,0,0,-0.0644400406712316
ITUB4,1.02,60,RNA,2022-06-08,0,0,-0.0562649363477463
ITUB4,1.02,60,Random Forest,2022-06-08,0,0,-0.0562649363477463
ITUB4,1.02,60,SVC,2022-06-08,0,0,-0.0562649363477463
ITUB4,1.02,60,RNA,2022-06-09,0,1,-0.032192312455432
ITUB4,1.02,60,Random Forest,2022-06-09,0,0,-0.032192312455432
ITUB4,1.02,60,SVC,2022-06-09,0,0,-0.032192312455432
ITUB4,1.02,60,RNA,2022-06-10,0,0,-0.0229166936191477
ITUB4,1.02,60,Random Forest,2022-06-10,0,0,-0.0229166936191477
ITUB4,1.02,60,SVC,2022-06-10,0,0,-0.0229166936191477
ITUB4,1.02,60,RNA,2022-06-13,1,0,0.02
ITUB4,1.02,60,Random Forest,2022-06-13,1,0,0.02
ITUB4,1.02,60,SVC,2022-06-13,1,0,0.02
ITUB4,1.02,60,RNA,2022-06-14,1,0,0.02
ITUB4,1.02,60,Random Forest,2022-06-14,1,0,0.02
ITUB4,1.02,60,SVC,2022-06-14,1,0,0.02
ITUB4,1.02,60,RNA,2022-06-15,1,0,0.02
ITUB4,1.02,60,Random Forest,2022-06-15,1,0,0.02
ITUB4,1.02,60,SVC,2022-06-15,1,0,0.02
ITUB4,1.02,60,RNA,2022-06-17,1,0,0.02
ITUB4,1.02,60,Random Forest,2022-06-17,1,1,0.02
ITUB4,1.02,60,SVC,2022-06-17,1,0,0.02
ITUB4,1.02,60,RNA,2022-06-20,0,0,-0.0456026274335767
ITUB4,1.02,60,Random Forest,2022-06-20,0,1,-0.0456026274335767
ITUB4,1.02,60,SVC,2022-06-20,0,0,-0.0456026274335767
ITUB4,1.02,60,RNA,2022-06-21,0,0,-0.0284301836254713
ITUB4,1.02,60,Random Forest,2022-06-21,0,1,-0.0284301836254713
ITUB4,1.02,60,SVC,2022-06-21,0,0,-0.0284301836254713
ITUB4,1.02,60,RNA,2022-06-22,0,1,-0.0307564126464507
ITUB4,1.02,60,Random Forest,2022-06-22,0,1,-0.0307564126464507
ITUB4,1.02,60,SVC,2022-06-22,0,1,-0.0307564126464507
ITUB4,1.02,60,RNA,2022-06-23,0,1,-0.0257492468736639
ITUB4,1.02,60,Random Forest,2022-06-23,0,1,-0.0257492468736639
ITUB4,1.02,60,SVC,2022-06-23,0,1,-0.0257492468736639
ITUB4,1.02,60,RNA,2022-06-24,0,1,-0.0365490852532083
ITUB4,1.02,60,Random Forest,2022-06-24,0,1,-0.0365490852532083
ITUB4,1.02,60,SVC,2022-06-24,0,1,-0.0365490852532083
ITUB4,1.02,60,RNA,2022-06-27,0,1,-0.0363331442232922
ITUB4,1.02,60,Random Forest,2022-06-27,0,1,-0.0363331442232922
ITUB4,1.02,60,SVC,2022-06-27,0,1,-0.0363331442232922
ITUB4,1.02,60,RNA,2022-06-28,0,0,-0.0350386772035582
ITUB4,1.02,60,Random Forest,2022-06-28,0,0,-0.0350386772035582
ITUB4,1.02,60,SVC,2022-06-28,0,1,-0.0350386772035582
ITUB4,1.02,60,RNA,2022-06-29,0,1,-0.0005360591833839
ITUB4,1.02,60,Random Forest,2022-06-29,0,0,-0.0005360591833839
ITUB4,1.02,60,SVC,2022-06-29,0,1,-0.0005360591833839
ITUB4,1.02,60,RNA,2022-06-30,1,0,0.02
ITUB4,1.02,60,Random Forest,2022-06-30,1,0,0.02
ITUB4,1.02,60,SVC,2022-06-30,1,0,0.02
ITUB4,1.02,60,RNA,2022-07-01,0,1,0.0101455908189715
ITUB4,1.02,60,Random Forest,2022-07-01,0,0,0.0101455908189715
ITUB4,1.02,60,SVC,2022-07-01,0,0,0.0101455908189715
ITUB4,1.02,60,RNA,2022-07-04,1,1,0.02
ITUB4,1.02,60,Random Forest,2022-07-04,1,0,0.02
ITUB4,1.02,60,SVC,2022-07-04,1,0,0.02
ITUB4,1.02,60,RNA,2022-07-05,1,0,0.02
ITUB4,1.02,60,Random Forest,2022-07-05,1,0,0.02
ITUB4,1.02,60,SVC,2022-07-05,1,0,0.02
ITUB4,1.02,60,RNA,2022-07-06,1,1,0.02
ITUB4,1.02,60,Random Forest,2022-07-06,1,0,0.02
ITUB4,1.02,60,SVC,2022-07-06,1,0,0.02
ITUB4,1.02,60,RNA,2022-07-07,0,1,-0.0357296566372041
ITUB4,1.02,60,Random Forest,2022-07-07,0,1,-0.0357296566372041
ITUB4,1.02,60,SVC,2022-07-07,0,1,-0.0357296566372041
ITUB4,1.02,60,RNA,2022-07-08,0,1,-0.0194777031141839
ITUB4,1.02,60,Random Forest,2022-07-08,0,0,-0.0194777031141839
ITUB4,1.02,60,SVC,2022-07-08,0,0,-0.0194777031141839
ITUB4,1.02,60,RNA,2022-07-11,0,0,0.0008876944070723
ITUB4,1.02,60,Random Forest,2022-07-11,0,0,0.0008876944070723
ITUB4,1.02,60,SVC,2022-07-11,0,0,0.0008876944070723
ITUB4,1.02,60,RNA,2022-07-12,1,0,0.02
ITUB4,1.02,60,Random Forest,2022-07-12,1,0,0.02
ITUB4,1.02,60,SVC,2022-07-12,1,0,0.02
ITUB4,1.02,60,RNA,2022-07-13,1,0,0.02
ITUB4,1.02,60,Random Forest,2022-07-13,1,0,0.02
ITUB4,1.02,60,SVC,2022-07-13,1,0,0.02
ITUB4,1.02,60,RNA,2022-07-14,1,1,0.02
ITUB4,1.02,60,Random Forest,2022-07-14,1,0,0.02
ITUB4,1.02,60,SVC,2022-07-14,1,1,0.02
ITUB4,1.02,60,RNA,2022-07-15,1,1,0.02
ITUB4,1.02,60,Random Forest,2022-07-15,1,0,0.02
ITUB4,1.02,60,SVC,2022-07-15,1,0,0.02
ITUB4,1.02,60,RNA,2022-07-18,1,1,0.02
ITUB4,1.02,60,Random Forest,2022-07-18,1,1,0.02
ITUB4,1.02,60,SVC,2022-07-18,1,1,0.02
ITUB4,1.02,60,RNA,2022-07-19,0,0,0.004255324256154
ITUB4,1.02,60,Random Forest,2022-07-19,0,1,0.004255324256154
ITUB4,1.02,60,SVC,2022-07-19,0,1,0.004255324256154
ITUB4,1.02,60,RNA,2022-07-20,1,1,0.02
ITUB4,1.02,60,Random Forest,2022-07-20,1,1,0.02
ITUB4,1.02,60,SVC,2022-07-20,1,1,0.02
ITUB4,1.02,60,RNA,2022-07-21,0,1,-0.0021186465998106
ITUB4,1.02,60,Random Forest,2022-07-21,0,1,-0.0021186465998106
ITUB4,1.02,60,SVC,2022-07-21,0,1,-0.0021186465998106
ITUB4,1.02,60,RNA,2022-07-22,1,1,0.02
ITUB4,1.02,60,Random Forest,2022-07-22,1,1,0.02
ITUB4,1.02,60,SVC,2022-07-22,1,1,0.02
ITUB4,1.02,60,RNA,2022-07-25,0,1,-0.0004232140944956
ITUB4,1.02,60,Random Forest,2022-07-25,0,1,-0.0004232140944956
ITUB4,1.02,60,SVC,2022-07-25,0,1,-0.0004232140944956
ITUB4,1.02,60,RNA,2022-07-26,0,1,-0.0056077149238341
ITUB4,1.02,60,Random Forest,2022-07-26,0,0,-0.0056077149238341
ITUB4,1.02,60,SVC,2022-07-26,0,1,-0.0056077149238341
ITUB4,1.02,60,RNA,2022-07-27,0,1,0.0079716593133929
ITUB4,1.02,60,Random Forest,2022-07-27,0,0,0.0079716593133929
ITUB4,1.02,60,SVC,2022-07-27,0,1,0.0079716593133929
ITUB4,1.02,60,RNA,2022-07-28,0,1,0.0070707841604975
ITUB4,1.02,60,Random Forest,2022-07-28,0,0,0.0070707841604975
ITUB4,1.02,60,SVC,2022-07-28,0,1,0.0070707841604975
ITUB4,1.02,60,RNA,2022-07-29,1,0,0.02
ITUB4,1.02,60,Random Forest,2022-07-29,1,0,0.02
ITUB4,1.02,60,SVC,2022-07-29,1,0,0.02
ITUB4,1.02,60,RNA,2022-08-01,1,0,0.02
ITUB4,1.02,60,Random Forest,2022-08-01,1,0,0.02
ITUB4,1.02,60,SVC,2022-08-01,1,1,0.02
ITUB4,1.02,60,RNA,2022-08-02,1,0,0.02
ITUB4,1.02,60,Random Forest,2022-08-02,1,1,0.02
ITUB4,1.02,60,SVC,2022-08-02,1,1,0.02
ITUB4,1.02,60,RNA,2022-08-03,1,1,0.02
ITUB4,1.02,60,Random Forest,2022-08-03,1,0,0.02
ITUB4,1.02,60,SVC,2022-08-03,1,1,0.02
ITUB4,1.02,60,RNA,2022-08-04,1,1,0.02
ITUB4,1.02,60,Random Forest,2022-08-04,1,0,0.02
ITUB4,1.02,60,SVC,2022-08-04,1,1,0.02
ITUB4,1.02,60,RNA,2022-08-05,1,1,0.02
ITUB4,1.02,60,Random Forest,2022-08-05,1,1,0.02
ITUB4,1.02,60,SVC,2022-08-05,1,1,0.02
ITUB4,1.02,60,RNA,2022-08-08,1,1,0.02
ITUB4,1.02,60,Random Forest,2022-08-08,1,1,0.02
ITUB4,1.02,60,SVC,2022-08-08,1,0,0.02
ITUB4,1.02,60,RNA,2022-08-09,1,0,0.02
ITUB4,1.02,60,Random Forest,2022-08-09,1,1,0.02
ITUB4,1.02,60,SVC,2022-08-09,1,1,0.02
ITUB4,1.02,60,RNA,2022-08-10,1,0,0.02
ITUB4,1.02,60,Random Forest,2022-08-10,1,0,0.02
ITUB4,1.02,60,SVC,2022-08-10,1,0,0.02
ITUB4,1.02,60,RNA,2022-08-11,1,1,0.02
ITUB4,1.02,60,Random Forest,2022-08-11,1,0,0.02
ITUB4,1.02,60,SVC,2022-08-11,1,1,0.02
ITUB4,1.02,60,RNA,2022-08-12,1,1,0.02
ITUB4,1.02,60,Random Forest,2022-08-12,1,0,0.02
ITUB4,1.02,60,SVC,2022-08-12,1,1,0.02
ITUB4,1.02,60,RNA,2022-08-15,1,0,0.02
ITUB4,1.02,60,Random Forest,2022-08-15,1,1,0.02
ITUB4,1.02,60,SVC,2022-08-15,1,1,0.02
ITUB4,1.02,60,RNA,2022-08-16,0,0,-0.0162703106305197
ITUB4,1.02,60,Random Forest,2022-08-16,0,1,-0.0162703106305197
ITUB4,1.02,60,SVC,2022-08-16,0,1,-0.0162703106305197
ITUB4,1.02,60,RNA,2022-08-17,0,0,-0.0244632343440613
ITUB4,1.02,60,Random Forest,2022-08-17,0,1,-0.0244632343440613
ITUB4,1.02,60,SVC,2022-08-17,0,0,-0.0244632343440613
ITUB4,1.02,60,RNA,2022-08-18,0,1,-0.010447767475726
ITUB4,1.02,60,Random Forest,2022-08-18,0,0,-0.010447767475726
ITUB4,1.02,60,SVC,2022-08-18,0,1,-0.010447767475726
ITUB4,1.02,60,RNA,2022-08-19,0,1,0.0170454359817622
ITUB4,1.02,60,Random Forest,2022-08-19,0,0,0.0170454359817622
ITUB4,1.02,60,SVC,2022-08-19,0,0,0.0170454359817622
ITUB4,1.02,60,RNA,2022-08-22,1,0,0.02
ITUB4,1.02,60,Random Forest,2022-08-22,1,1,0.02
ITUB4,1.02,60,SVC,2022-08-22,1,0,0.02
ITUB4,1.02,60,RNA,2022-08-23,1,1,0.02
ITUB4,1.02,60,Random Forest,2022-08-23,1,0,0.02
ITUB4,1.02,60,SVC,2022-08-23,1,0,0.02
ITUB4,1.02,60,RNA,2022-08-24,0,0,-0.00488537720023
ITUB4,1.02,60,Random Forest,2022-08-24,0,0,-0.00488537720023
ITUB4,1.02,60,SVC,2022-08-24,0,0,-0.00488537720023
ITUB4,1.02,60,RNA,2022-08-25,0,0,-0.040520448370624
ITUB4,1.02,60,Random Forest,2022-08-25,0,1,-0.040520448370624
ITUB4,1.02,60,SVC,2022-08-25,0,1,-0.040520448370624
ITUB4,1.02,60,RNA,2022-08-26,0,1,-0.0125122042816372
ITUB4,1.02,60,Random Forest,2022-08-26,0,0,-0.0125122042816372
ITUB4,1.02,60,SVC,2022-08-26,0,0,-0.0125122042816372
ITUB4,1.02,60,RNA,2022-08-29,0,1,-0.0053098970989149
ITUB4,1.02,60,Random Forest,2022-08-29,0,0,-0.0053098970989149
ITUB4,1.02,60,SVC,2022-08-29,0,0,-0.0053098970989149
ITUB4,1.02,60,RNA,2022-08-30,1,1,0.02
ITUB4,1.02,60,Random Forest,2022-08-30,1,0,0.02
ITUB4,1.02,60,SVC,2022-08-30,1,0,0.02
ITUB4,1.02,60,RNA,2022-08-31,1,0,0.02
ITUB4,1.02,60,Random Forest,2022-08-31,1,0,0.02
ITUB4,1.02,60,SVC,2022-08-31,1,0,0.02
ITUB4,1.02,60,RNA,2022-09-01,1,0,0.02
ITUB4,1.02,60,Random Forest,2022-09-01,1,0,0.02
ITUB4,1.02,60,SVC,2022-09-01,1,0,0.02
ITUB4,1.02,60,RNA,2022-09-02,1,1,0.02
ITUB4,1.02,60,Random Forest,2022-09-02,1,0,0.02
ITUB4,1.02,60,SVC,2022-09-02,1,1,0.02
ITUB4,1.02,60,RNA,2022-09-05,1,0,0.02
ITUB4,1.02,60,Random Forest,2022-09-05,1,1,0.02
ITUB4,1.02,60,SVC,2022-09-05,1,1,0.02
ITUB4,1.02,60,RNA,2022-09-06,0,1,-0.0037174668044412
ITUB4,1.02,60,Random Forest,2022-09-06,0,1,-0.0037174668044412
ITUB4,1.02,60,SVC,2022-09-06,0,1,-0.0037174668044412
ITUB4,1.02,60,RNA,2022-09-08,1,1,0.02
ITUB4,1.02,60,Random Forest,2022-09-08,1,1,0.02
ITUB4,1.02,60,SVC,2022-09-08,1,1,0.02
ITUB4,1.02,60,RNA,2022-09-09,0,1,-0.0085185063855031
ITUB4,1.02,60,Random Forest,2022-09-09,0,1,-0.0085185063855031
ITUB4,1.02,60,SVC,2022-09-09,0,1,-0.0085185063855031
ITUB4,1.02,60,RNA,2022-09-12,0,0,-0.0074404655456176
ITUB4,1.02,60,Random Forest,2022-09-12,0,1,-0.0074404655456176
ITUB4,1.02,60,SVC,2022-09-12,0,1,-0.0074404655456176
ITUB4,1.02,60,RNA,2022-09-13,1,1,0.02
ITUB4,1.02,60,Random Forest,2022-09-13,1,1,0.02
ITUB4,1.02,60,SVC,2022-09-13,1,1,0.02
ITUB4,1.02,60,RNA,2022-09-14,1,0,0.02
ITUB4,1.02,60,Random Forest,2022-09-14,1,0,0.02
ITUB4,1.02,60,SVC,2022-09-14,1,1,0.02
ITUB4,1.02,60,RNA,2022-09-15,1,0,0.02
ITUB4,1.02,60,Random Forest,2022-09-15,1,1,0.02
ITUB4,1.02,60,SVC,2022-09-15,1,1,0.02
ITUB4,1.02,60,RNA,2022-09-16,1,0,0.02
ITUB4,1.02,60,Random Forest,2022-09-16,1,1,0.02
ITUB4,1.02,60,SVC,2022-09-16,1,1,0.02
ITUB4,1.02,60,RNA,2022-09-19,1,0,0.02
ITUB4,1.02,60,Random Forest,2022-09-19,1,1,0.02
ITUB4,1.02,60,SVC,2022-09-19,1,1,0.02
ITUB4,1.02,60,RNA,2022-09-20,0,1,-0.0283216839796895
ITUB4,1.02,60,Random Forest,2022-09-20,0,1,-0.0283216839796895
ITUB4,1.02,60,SVC,2022-09-20,0,1,-0.0283216839796895
ITUB4,1.02,60,RNA,2022-09-21,0,1,-0.0370759401198994
ITUB4,1.02,60,Random Forest,2022-09-21,0,0,-0.0370759401198994
ITUB4,1.02,60,SVC,2022-09-21,0,1,-0.0370759401198994
ITUB4,1.02,60,RNA,2022-09-22,0,0,-0.0309859187811997
ITUB4,1.02,60,Random Forest,2022-09-22,0,0,-0.0309859187811997
ITUB4,1.02,60,SVC,2022-09-22,0,1,-0.0309859187811997
ITUB4,1.02,60,RNA,2022-09-23,0,1,-0.0071098370832829
ITUB4,1.02,60,Random Forest,2022-09-23,0,0,-0.0071098370832829
ITUB4,1.02,60,SVC,2022-09-23,0,1,-0.0071098370832829
ITUB4,1.02,60,RNA,2022-09-26,0,1,0.0028591810669964
ITUB4,1.02,60,Random Forest,2022-09-26,0,0,0.0028591810669964
ITUB4,1.02,60,SVC,2022-09-26,0,1,0.0028591810669964
ITUB4,1.02,60,RNA,2022-09-27,1,1,0.02
ITUB4,1.02,60,Random Forest,2022-09-27,1,0,0.02
ITUB4,1.02,60,SVC,2022-09-27,1,1,0.02
ITUB4,1.02,60,RNA,2022-09-28,1,0,0.02
ITUB4,1.02,60,Random Forest,2022-09-28,1,1,0.02
ITUB4,1.02,60,SVC,2022-09-28,1,1,0.02
ITUB4,1.02,60,RNA,2022-09-29,1,1,0.02
ITUB4,1.02,60,Random Forest,2022-09-29,1,1,0.02
ITUB4,1.02,60,SVC,2022-09-29,1,1,0.02
ITUB4,1.02,60,RNA,2022-09-30,1,1,0.02
ITUB4,1.02,60,Random Forest,2022-09-30,1,0,0.02
ITUB4,1.02,60,SVC,2022-09-30,1,1,0.02
ITUB4,1.02,60,RNA,2022-10-03,0,1,-0.0216883899160162
ITUB4,1.02,60,Random Forest,2022-10-03,0,0,-0.0216883899160162
ITUB4,1.02,60,SVC,2022-10-03,0,1,-0.0216883899160162
ITUB4,1.02,60,RNA,2022-10-04,0,1,-0.0287914252056065
ITUB4,1.02,60,Random Forest,2022-10-04,0,0,-0.0287914252056065
ITUB4,1.02,60,SVC,2022-10-04,0,1,-0.0287914252056065
ITUB4,1.02,60,RNA,2022-10-05,0,0,-0.0364548274555773
ITUB4,1.02,60,Random Forest,2022-10-05,0,0,-0.0364548274555773
ITUB4,1.02,60,SVC,2022-10-05,0,1,-0.0364548274555773
ITUB4,1.02,60,RNA,2022-10-06,0,1,-0.0191780647837552
ITUB4,1.02,60,Random Forest,2022-10-06,0,0,-0.0191780647837552
ITUB4,1.02,60,SVC,2022-10-06,0,1,-0.0191780647837552
ITUB4,1.02,60,RNA,2022-10-07,0,1,-0.0281546882763017
ITUB4,1.02,60,Random Forest,2022-10-07,0,0,-0.0281546882763017
ITUB4,1.02,60,SVC,2022-10-07,0,1,-0.0281546882763017
ITUB4,1.02,60,RNA,2022-10-10,0,1,-0.0006920638001016
ITUB4,1.02,60,Random Forest,2022-10-10,0,0,-0.0006920638001016
ITUB4,1.02,60,SVC,2022-10-10,0,1,-0.0006920638001016
ITUB4,1.02,60,RNA,2022-10-11,1,0,0.02
ITUB4,1.02,60,Random Forest,2022-10-11,1,0,0.02
ITUB4,1.02,60,SVC,2022-10-11,1,1,0.02
ITUB4,1.02,60,RNA,2022-10-13,1,0,0.02
ITUB4,1.02,60,Random Forest,2022-10-13,1,0,0.02
ITUB4,1.02,60,SVC,2022-10-13,1,1,0.02
ITUB4,1.02,60,RNA,2022-10-14,1,1,0.02
ITUB4,1.02,60,Random Forest,2022-10-14,1,0,0.02
ITUB4,1.02,60,SVC,2022-10-14,1,1,0.02
ITUB4,1.02,60,RNA,2022-10-17,1,1,0.02
ITUB4,1.02,60,Random Forest,2022-10-17,1,0,0.02
ITUB4,1.02,60,SVC,2022-10-17,1,1,0.02
ITUB4,1.02,60,RNA,2022-10-18,1,0,0.02
ITUB4,1.02,60,Random Forest,2022-10-18,1,1,0.02
ITUB4,1.02,60,SVC,2022-10-18,1,1,0.02
ITUB4,1.02,60,RNA,2022-10-19,1,0,0.02
ITUB4,1.02,60,Random Forest,2022-10-19,1,0,0.02
ITUB4,1.02,60,SVC,2022-10-19,1,0,0.02
ITUB4,1.02,60,RNA,2022-10-20,1,1,0.02
ITUB4,1.02,60,Random Forest,2022-10-20,1,1,0.02
ITUB4,1.02,60,SVC,2022-10-20,1,1,0.02
ITUB4,1.02,60,RNA,2022-10-21,0,0,-0.0486854687298442
ITUB4,1.02,60,Random Forest,2022-10-21,0,0,-0.0486854687298442
ITUB4,1.02,60,SVC,2022-10-21,0,1,-0.0486854687298442
ITUB4,1.02,60,RNA,2022-10-24,0,0,-0.0037099348777994
ITUB4,1.02,60,Random Forest,2022-10-24,0,0,-0.0037099348777994
ITUB4,1.02,60,SVC,2022-10-24,0,0,-0.0037099348777994
ITUB4,1.02,60,RNA,2022-10-25,1,0,0.02
ITUB4,1.02,60,Random Forest,2022-10-25,1,1,0.02
ITUB4,1.02,60,SVC,2022-10-25,1,0,0.02
ITUB4,1.02,60,RNA,2022-10-26,1,1,0.02
ITUB4,1.02,60,Random Forest,2022-10-26,1,1,0.02
ITUB4,1.02,60,SVC,2022-10-26,1,1,0.02
ITUB4,1.02,60,RNA,2022-10-27,1,1,0.02
ITUB4,1.02,60,Random Forest,2022-10-27,1,1,0.02
ITUB4,1.02,60,SVC,2022-10-27,1,1,0.02
ITUB4,1.02,60,RNA,2022-10-28,1,1,0.02
ITUB4,1.02,60,Random Forest,2022-10-28,1,1,0.02
ITUB4,1.02,60,SVC,2022-10-28,1,1,0.02
ITUB4,1.02,60,RNA,2022-10-31,0,1,-0.0432257963905406
ITUB4,1.02,60,Random Forest,2022-10-31,0,1,-0.0432257963905406
ITUB4,1.02,60,SVC,2022-10-31,0,1,-0.0432257963905406
ITUB4,1.02,60,RNA,2022-11-01,1,0,0.02
ITUB4,1.02,60,Random Forest,2022-11-01,1,0,0.02
ITUB4,1.02,60,SVC,2022-11-01,1,0,0.02
ITUB4,1.02,60,RNA,2022-11-03,0,0,-0.0827631366627924
ITUB4,1.02,60,Random Forest,2022-11-03,0,0,-0.0827631366627924
ITUB4,1.02,60,SVC,2022-11-03,0,0,-0.0827631366627924
ITUB4,1.02,60,RNA,2022-11-04,0,1,-0.0814765459901348
ITUB4,1.02,60,Random Forest,2022-11-04,0,1,-0.0814765459901348
ITUB4,1.02,60,SVC,2022-11-04,0,1,-0.0814765459901348
ITUB4,1.02,60,RNA,2022-11-07,0,0,-0.0923599290187667
ITUB4,1.02,60,Random Forest,2022-11-07,0,0,-0.0923599290187667
ITUB4,1.02,60,SVC,2022-11-07,0,1,-0.0923599290187667
ITUB4,1.02,60,RNA,2022-11-08,0,1,-0.070132593843848
ITUB4,1.02,60,Random Forest,2022-11-08,0,1,-0.070132593843848
ITUB4,1.02,60,SVC,2022-11-08,0,1,-0.070132593843848
ITUB4,1.02,60,RNA,2022-11-09,1,1,0.02
ITUB4,1.02,60,Random Forest,2022-11-09,1,1,0.02
ITUB4,1.02,60,SVC,2022-11-09,1,1,0.02
ITUB4,1.02,60,RNA,2022-11-10,0,0,-0.0560714029941342
ITUB4,1.02,60,Random Forest,2022-11-10,0,0,-0.0560714029941342
ITUB4,1.02,60,SVC,2022-11-10,0,1,-0.0560714029941342
ITUB4,1.02,60,RNA,2022-11-11,0,1,-0.0151570733155699
ITUB4,1.02,60,Random Forest,2022-11-11,0,1,-0.0151570733155699
ITUB4,1.02,60,SVC,2022-11-11,0,1,-0.0151570733155699
ITUB4,1.02,60,RNA,2022-11-14,0,1,0.0026266413526514
ITUB4,1.02,60,Random Forest,2022-11-14,0,1,0.0026266413526514
ITUB4,1.02,60,SVC,2022-11-14,0,0,0.0026266413526514
ITUB4,1.02,60,RNA,2022-11-16,1,1,0.02
ITUB4,1.02,60,Random Forest,2022-11-16,1,0,0.02
ITUB4,1.02,60,SVC,2022-11-16,1,0,0.02
ITUB4,1.02,60,RNA,2022-11-17,0,1,-0.0254776693928883
ITUB4,1.02,60,Random Forest,2022-11-17,0,1,-0.0254776693928883
ITUB4,1.02,60,SVC,2022-11-17,0,0,-0.0254776693928883
ITUB4,1.02,60,RNA,2022-11-18,0,0,-0.0022222289808758
ITUB4,1.02,60,Random Forest,2022-11-18,0,1,-0.0022222289808758
ITUB4,1.02,60,SVC,2022-11-18,0,0,-0.0022222289808758
ITUB4,1.02,60,RNA,2022-11-21,0,0,-0.0302238985766061
ITUB4,1.02,60,Random Forest,2022-11-21,0,0,-0.0302238985766061
ITUB4,1.02,60,SVC,2022-11-21,0,0,-0.0302238985766061
ITUB4,1.02,60,RNA,2022-11-22,1,0,0.02
ITUB4,1.02,60,Random Forest,2022-11-22,1,0,0.02
ITUB4,1.02,60,SVC,2022-11-22,1,0,0.02
ITUB4,1.02,60,RNA,2022-11-23,1,1,0.02
ITUB4,1.02,60,Random Forest,2022-11-23,1,0,0.02
ITUB4,1.02,60,SVC,2022-11-23,1,0,0.02
ITUB4,1.02,60,RNA,2022-11-24,0,1,-0.0291262524861783
ITUB4,1.02,60,Random Forest,2022-11-24,0,1,-0.0291262524861783
ITUB4,1.02,60,SVC,2022-11-24,0,1,-0.0291262524861783
ITUB4,1.02,60,RNA,2022-11-25,0,0,-0.0039213686273763
ITUB4,1.02,60,Random Forest,2022-11-25,0,0,-0.0039213686273763
ITUB4,1.02,60,SVC,2022-11-25,0,1,-0.0039213686273763
ITUB4,1.02,60,RNA,2022-11-28,1,1,0.02
ITUB4,1.02,60,Random Forest,2022-11-28,1,1,0.02
ITUB4,1.02,60,SVC,2022-11-28,1,1,0.02
ITUB4,1.02,60,RNA,2022-11-29,1,1,0.02
ITUB4,1.02,60,Random Forest,2022-11-29,1,1,0.02
ITUB4,1.02,60,SVC,2022-11-29,1,1,0.02
ITUB4,1.02,60,RNA,2022-11-30,1,0,0.02
ITUB4,1.02,60,Random Forest,2022-11-30,1,0,0.02
ITUB4,1.02,60,SVC,2022-11-30,1,1,0.02
ITUB4,1.02,60,RNA,2022-12-01,1,0,0.02
ITUB4,1.02,60,Random Forest,2022-12-01,1,1,0.02
ITUB4,1.02,60,SVC,2022-12-01,1,1,0.02
ITUB4,1.02,60,RNA,2022-12-02,0,1,-0.041698555683857
ITUB4,1.02,60,Random Forest,2022-12-02,0,1,-0.041698555683857
ITUB4,1.02,60,SVC,2022-12-02,0,1,-0.041698555683857
ITUB4,1.02,60,RNA,2022-12-05,1,0,0.02
ITUB4,1.02,60,Random Forest,2022-12-05,1,0,0.02
ITUB4,1.02,60,SVC,2022-12-05,1,0,0.02
ITUB4,1.02,60,RNA,2022-12-06,0,0,-0.0626624690407758
ITUB4,1.02,60,Random Forest,2022-12-06,0,0,-0.0626624690407758
ITUB4,1.02,60,SVC,2022-12-06,0,0,-0.0626624690407758
ITUB4,1.02,60,RNA,2022-12-07,0,1,-0.0833728953429828
ITUB4,1.02,60,Random Forest,2022-12-07,0,1,-0.0833728953429828
ITUB4,1.02,60,SVC,2022-12-07,0,1,-0.0833728953429828
ITUB4,1.02,60,RNA,2022-12-08,0,1,-0.0563209383013869
ITUB4,1.02,60,Random Forest,2022-12-08,0,1,-0.0563209383013869
ITUB4,1.02,60,SVC,2022-12-08,0,1,-0.0563209383013869
ITUB4,1.02,60,RNA,2022-12-09,0,1,-0.0370065386586278
ITUB4,1.02,60,Random Forest,2022-12-09,0,0,-0.0370065386586278
ITUB4,1.02,60,SVC,2022-12-09,0,0,-0.0370065386586278
ITUB4,1.02,60,RNA,2022-12-12,0,0,-0.0235051496291431
ITUB4,1.02,60,Random Forest,2022-12-12,0,1,-0.0235051496291431
ITUB4,1.02,60,SVC,2022-12-12,0,1,-0.0235051496291431
ITUB4,1.02,60,RNA,2022-12-13,1,0,0.02
ITUB4,1.02,60,Random Forest,2022-12-13,1,0,0.02
ITUB4,1.02,60,SVC,2022-12-13,1,0,0.02
ITUB4,1.02,60,RNA,2022-12-14,1,0,0.02
ITUB4,1.02,60,Random Forest,2022-12-14,1,1,0.02
ITUB4,1.02,60,SVC,2022-12-14,1,1,0.02
ITUB4,1.02,60,RNA,2022-12-15,1,0,0.02
ITUB4,1.02,60,Random Forest,2022-12-15,1,0,0.02
ITUB4,1.02,60,SVC,2022-12-15,1,1,0.02
ITUB4,1.02,60,RNA,2022-12-16,1,0,0.02
ITUB4,1.02,60,Random Forest,2022-12-16,1,0,0.02
ITUB4,1.02,60,SVC,2022-12-16,1,0,0.02
ITUB4,1.02,60,RNA,2022-12-19,1,0,0.02
ITUB4,1.02,60,Random Forest,2022-12-19,1,1,0.02
ITUB4,1.02,60,SVC,2022-12-19,1,1,0.02
ITUB4,1.02,60,RNA,2022-12-20,1,1,0.02
ITUB4,1.02,60,Random Forest,2022-12-20,1,0,0.02
ITUB4,1.02,60,SVC,2022-12-20,1,0,0.02
ITUB4,1.02,60,RNA,2022-12-21,1,1,0.02
ITUB4,1.02,60,Random Forest,2022-12-21,1,1,0.02
ITUB4,1.02,60,SVC,2022-12-21,1,1,0.02
ITUB4,1.02,60,RNA,2022-12-22,0,1,0.0007990091436222
ITUB4,1.02,60,Random Forest,2022-12-22,0,1,0.0007990091436222
ITUB4,1.02,60,SVC,2022-12-22,0,1,0.0007990091436222
ITUB4,1.02,60,RNA,2022-12-23,1,1,0.02
ITUB4,1.02,60,Random Forest,2022-12-23,1,1,0.02
ITUB4,1.02,60,SVC,2022-12-23,1,1,0.02
ITUB4,1.02,60,RNA,2022-12-26,0,1,
ITUB4,1.02,60,Random Forest,2022-12-26,0,1,
ITUB4,1.02,60,SVC,2022-12-26,0,1,
ITUB4,1.02,60,RNA,2022-12-27,0,1,
ITUB4,1.02,60,Random Forest,2022-12-27,0,1,
ITUB4,1.02,60,SVC,2022-12-27,0,1,
ITUB4,1.02,60,RNA,2022-12-28,0,1,
ITUB4,1.02,60,Random Forest,2022-12-28,0,1,
ITUB4,1.02,60,SVC,2022-12-28,0,1,
ITUB4,1.02,60,RNA,2022-12-29,0,1,
ITUB4,1.02,60,Random Forest,2022-12-29,0,0,
ITUB4,1.02,60,SVC,2022-12-29,0,1,
ITUB4,1.02,75,RNA,2020-05-14,0,1,-0.0400000030063717
ITUB4,1.02,75,Random Forest,2020-05-14,0,1,-0.0400000030063717
ITUB4,1.02,75,SVC,2020-05-14,0,1,-0.0400000030063717
ITUB4,1.02,75,RNA,2020-05-15,1,1,0.02
ITUB4,1.02,75,Random Forest,2020-05-15,1,1,0.02
ITUB4,1.02,75,SVC,2020-05-15,1,1,0.02
ITUB4,1.02,75,RNA,2020-05-18,1,0,0.02
ITUB4,1.02,75,Random Forest,2020-05-18,1,1,0.02
ITUB4,1.02,75,SVC,2020-05-18,1,1,0.02
ITUB4,1.02,75,RNA,2020-05-19,1,1,0.02
ITUB4,1.02,75,Random Forest,2020-05-19,1,0,0.02
ITUB4,1.02,75,SVC,2020-05-19,1,1,0.02
ITUB4,1.02,75,RNA,2020-05-20,1,0,0.02
ITUB4,1.02,75,Random Forest,2020-05-20,1,1,0.02
ITUB4,1.02,75,SVC,2020-05-20,1,1,0.02
ITUB4,1.02,75,RNA,2020-05-21,1,1,0.02
ITUB4,1.02,75,Random Forest,2020-05-21,1,1,0.02
ITUB4,1.02,75,SVC,2020-05-21,1,1,0.02
ITUB4,1.02,75,RNA,2020-05-22,1,1,0.02
ITUB4,1.02,75,Random Forest,2020-05-22,1,1,0.02
ITUB4,1.02,75,SVC,2020-05-22,1,1,0.02
ITUB4,1.02,75,RNA,2020-05-25,0,1,-0.0530209449775563
ITUB4,1.02,75,Random Forest,2020-05-25,0,1,-0.0530209449775563
ITUB4,1.02,75,SVC,2020-05-25,0,1,-0.0530209449775563
ITUB4,1.02,75,RNA,2020-05-26,0,0,0.0014980115454406
ITUB4,1.02,75,Random Forest,2020-05-26,0,1,0.0014980115454406
ITUB4,1.02,75,SVC,2020-05-26,0,1,0.0014980115454406
ITUB4,1.02,75,RNA,2020-05-27,1,1,0.02
ITUB4,1.02,75,Random Forest,2020-05-27,1,0,0.02
ITUB4,1.02,75,SVC,2020-05-27,1,1,0.02
ITUB4,1.02,75,RNA,2020-05-28,1,1,0.02
ITUB4,1.02,75,Random Forest,2020-05-28,1,0,0.02
ITUB4,1.02,75,SVC,2020-05-28,1,1,0.02
ITUB4,1.02,75,RNA,2020-05-29,1,1,0.02
ITUB4,1.02,75,Random Forest,2020-05-29,1,1,0.02
ITUB4,1.02,75,SVC,2020-05-29,1,1,0.02
ITUB4,1.02,75,RNA,2020-06-01,1,1,0.02
ITUB4,1.02,75,Random Forest,2020-06-01,1,1,0.02
ITUB4,1.02,75,SVC,2020-06-01,1,1,0.02
ITUB4,1.02,75,RNA,2020-06-02,1,1,0.02
ITUB4,1.02,75,Random Forest,2020-06-02,1,1,0.02
ITUB4,1.02,75,SVC,2020-06-02,1,1,0.02
ITUB4,1.02,75,RNA,2020-06-03,1,0,0.02
ITUB4,1.02,75,Random Forest,2020-06-03,1,1,0.02
ITUB4,1.02,75,SVC,2020-06-03,1,1,0.02
ITUB4,1.02,75,RNA,2020-06-04,0,0,-0.0557528236253418
ITUB4,1.02,75,Random Forest,2020-06-04,0,1,-0.0557528236253418
ITUB4,1.02,75,SVC,2020-06-04,0,1,-0.0557528236253418
ITUB4,1.02,75,RNA,2020-06-05,1,1,0.02
ITUB4,1.02,75,Random Forest,2020-06-05,1,1,0.02
ITUB4,1.02,75,SVC,2020-06-05,1,1,0.02
ITUB4,1.02,75,RNA,2020-06-08,1,1,0.02
ITUB4,1.02,75,Random Forest,2020-06-08,1,0,0.02
ITUB4,1.02,75,SVC,2020-06-08,1,1,0.02
ITUB4,1.02,75,RNA,2020-06-09,0,1,-0.0686588308598515
ITUB4,1.02,75,Random Forest,2020-06-09,0,1,-0.0686588308598515
ITUB4,1.02,75,SVC,2020-06-09,0,1,-0.0686588308598515
ITUB4,1.02,75,RNA,2020-06-10,1,1,0.02
ITUB4,1.02,75,Random Forest,2020-06-10,1,1,0.02
ITUB4,1.02,75,SVC,2020-06-10,1,1,0.02
ITUB4,1.02,75,RNA,2020-06-12,1,1,0.02
ITUB4,1.02,75,Random Forest,2020-06-12,1,1,0.02
ITUB4,1.02,75,SVC,2020-06-12,1,1,0.02
ITUB4,1.02,75,RNA,2020-06-15,1,1,0.02
ITUB4,1.02,75,Random Forest,2020-06-15,1,1,0.02
ITUB4,1.02,75,SVC,2020-06-15,1,1,0.02
ITUB4,1.02,75,RNA,2020-06-16,1,1,0.02
ITUB4,1.02,75,Random Forest,2020-06-16,1,1,0.02
ITUB4,1.02,75,SVC,2020-06-16,1,1,0.02
ITUB4,1.02,75,RNA,2020-06-17,1,1,0.02
ITUB4,1.02,75,Random Forest,2020-06-17,1,1,0.02
ITUB4,1.02,75,SVC,2020-06-17,1,1,0.02
ITUB4,1.02,75,RNA,2020-06-18,0,1,-0.0804270834185341
ITUB4,1.02,75,Random Forest,2020-06-18,0,1,-0.0804270834185341
ITUB4,1.02,75,SVC,2020-06-18,0,1,-0.0804270834185341
ITUB4,1.02,75,RNA,2020-06-19,0,1,-0.0674036938550665
ITUB4,1.02,75,Random Forest,2020-06-19,0,1,-0.0674036938550665
ITUB4,1.02,75,SVC,2020-06-19,0,1,-0.0674036938550665
ITUB4,1.02,75,RNA,2020-06-22,0,0,-0.0718411269320794
ITUB4,1.02,75,Random Forest,2020-06-22,0,0,-0.0718411269320794
ITUB4,1.02,75,SVC,2020-06-22,0,1,-0.0718411269320794
ITUB4,1.02,75,RNA,2020-06-23,0,0,-0.0115714964483225
ITUB4,1.02,75,Random Forest,2020-06-23,0,1,-0.0115714964483225
ITUB4,1.02,75,SVC,2020-06-23,0,1,-0.0115714964483225
ITUB4,1.02,75,RNA,2020-06-24,0,0,-0.0222820032046704
ITUB4,1.02,75,Random Forest,2020-06-24,0,1,-0.0222820032046704
ITUB4,1.02,75,SVC,2020-06-24,0,1,-0.0222820032046704
ITUB4,1.02,75,RNA,2020-06-25,1,1,0.02
ITUB4,1.02,75,Random Forest,2020-06-25,1,1,0.02
ITUB4,1.02,75,SVC,2020-06-25,1,1,0.02
ITUB4,1.02,75,RNA,2020-06-26,1,1,0.02
ITUB4,1.02,75,Random Forest,2020-06-26,1,1,0.02
ITUB4,1.02,75,SVC,2020-06-26,1,1,0.02
ITUB4,1.02,75,RNA,2020-06-29,1,1,0.02
ITUB4,1.02,75,Random Forest,2020-06-29,1,1,0.02
ITUB4,1.02,75,SVC,2020-06-29,1,1,0.02
ITUB4,1.02,75,RNA,2020-06-30,1,1,0.02
ITUB4,1.02,75,Random Forest,2020-06-30,1,1,0.02
ITUB4,1.02,75,SVC,2020-06-30,1,1,0.02
ITUB4,1.02,75,RNA,2020-07-01,1,1,0.02
ITUB4,1.02,75,Random Forest,2020-07-01,1,1,0.02
ITUB4,1.02,75,SVC,2020-07-01,1,1,0.02
ITUB4,1.02,75,RNA,2020-07-02,1,1,0.02
ITUB4,1.02,75,Random Forest,2020-07-02,1,1,0.02
ITUB4,1.02,75,SVC,2020-07-02,1,1,0.02
ITUB4,1.02,75,RNA,2020-07-03,1,1,0.02
ITUB4,1.02,75,Random Forest,2020-07-03,1,1,0.02
ITUB4,1.02,75,SVC,2020-07-03,1,1,0.02
ITUB4,1.02,75,RNA,2020-07-06,0,1,-0.0083849655823319
ITUB4,1.02,75,Random Forest,2020-07-06,0,1,-0.0083849655823319
ITUB4,1.02,75,SVC,2020-07-06,0,1,-0.0083849655823319
ITUB4,1.02,75,RNA,2020-07-07,1,1,0.02
ITUB4,1.02,75,Random Forest,2020-07-07,1,0,0.02
ITUB4,1.02,75,SVC,2020-07-07,1,1,0.02
ITUB4,1.02,75,RNA,2020-07-08,0,1,0.0085121986239686
ITUB4,1.02,75,Random Forest,2020-07-08,0,1,0.0085121986239686
ITUB4,1.02,75,SVC,2020-07-08,0,1,0.0085121986239686
ITUB4,1.02,75,RNA,2020-07-09,1,1,0.02
ITUB4,1.02,75,Random Forest,2020-07-09,1,1,0.02
ITUB4,1.02,75,SVC,2020-07-09,1,1,0.02
ITUB4,1.02,75,RNA,2020-07-10,0,1,-0.0171220298963773
ITUB4,1.02,75,Random Forest,2020-07-10,0,0,-0.0171220298963773
ITUB4,1.02,75,SVC,2020-07-10,0,1,-0.0171220298963773
ITUB4,1.02,75,RNA,2020-07-13,1,1,0.02
ITUB4,1.02,75,Random Forest,2020-07-13,1,0,0.02
ITUB4,1.02,75,SVC,2020-07-13,1,1,0.02
ITUB4,1.02,75,RNA,2020-07-14,0,1,-0.0087146005574519
ITUB4,1.02,75,Random Forest,2020-07-14,0,1,-0.0087146005574519
ITUB4,1.02,75,SVC,2020-07-14,0,1,-0.0087146005574519
ITUB4,1.02,75,RNA,2020-07-15,1,0,0.02
ITUB4,1.02,75,Random Forest,2020-07-15,1,0,0.02
ITUB4,1.02,75,SVC,2020-07-15,1,1,0.02
ITUB4,1.02,75,RNA,2020-07-16,1,1,0.02
ITUB4,1.02,75,Random Forest,2020-07-16,1,0,0.02
ITUB4,1.02,75,SVC,2020-07-16,1,1,0.02
ITUB4,1.02,75,RNA,2020-07-17,1,1,0.02
ITUB4,1.02,75,Random Forest,2020-07-17,1,1,0.02
ITUB4,1.02,75,SVC,2020-07-17,1,1,0.02
ITUB4,1.02,75,RNA,2020-07-20,0,1,-0.0409420439738995
ITUB4,1.02,75,Random Forest,2020-07-20,0,1,-0.0409420439738995
ITUB4,1.02,75,SVC,2020-07-20,0,1,-0.0409420439738995
ITUB4,1.02,75,RNA,2020-07-21,0,1,-0.0017953001258705
ITUB4,1.02,75,Random Forest,2020-07-21,0,1,-0.0017953001258705
ITUB4,1.02,75,SVC,2020-07-21,0,1,-0.0017953001258705
ITUB4,1.02,75,RNA,2020-07-22,1,0,0.02
ITUB4,1.02,75,Random Forest,2020-07-22,1,0,0.02
ITUB4,1.02,75,SVC,2020-07-22,1,1,0.02
ITUB4,1.02,75,RNA,2020-07-23,1,0,0.02
ITUB4,1.02,75,Random Forest,2020-07-23,1,1,0.02
ITUB4,1.02,75,SVC,2020-07-23,1,1,0.02
ITUB4,1.02,75,RNA,2020-07-24,1,1,0.02
ITUB4,1.02,75,Random Forest,2020-07-24,1,1,0.02
ITUB4,1.02,75,SVC,2020-07-24,1,1,0.02
ITUB4,1.02,75,RNA,2020-07-27,1,1,0.02
ITUB4,1.02,75,Random Forest,2020-07-27,1,1,0.02
ITUB4,1.02,75,SVC,2020-07-27,1,1,0.02
ITUB4,1.02,75,RNA,2020-07-28,0,1,-0.0303648207659938
ITUB4,1.02,75,Random Forest,2020-07-28,0,0,-0.0303648207659938
ITUB4,1.02,75,SVC,2020-07-28,0,1,-0.0303648207659938
ITUB4,1.02,75,RNA,2020-07-29,0,1,-0.0777056818411143
ITUB4,1.02,75,Random Forest,2020-07-29,0,1,-0.0777056818411143
ITUB4,1.02,75,SVC,2020-07-29,0,1,-0.0777056818411143
ITUB4,1.02,75,RNA,2020-07-30,0,0,-0.0807325903076521
ITUB4,1.02,75,Random Forest,2020-07-30,0,0,-0.0807325903076521
ITUB4,1.02,75,SVC,2020-07-30,0,1,-0.0807325903076521
ITUB4,1.02,75,RNA,2020-07-31,1,1,0.02
ITUB4,1.02,75,Random Forest,2020-07-31,1,0,0.02
ITUB4,1.02,75,SVC,2020-07-31,1,1,0.02
ITUB4,1.02,75,RNA,2020-08-03,0,1,-0.029333341050112
ITUB4,1.02,75,Random Forest,2020-08-03,0,1,-0.029333341050112
ITUB4,1.02,75,SVC,2020-08-03,0,1,-0.029333341050112
ITUB4,1.02,75,RNA,2020-08-04,0,1,-0.0130019514191522
ITUB4,1.02,75,Random Forest,2020-08-04,0,1,-0.0130019514191522
ITUB4,1.02,75,SVC,2020-08-04,0,1,-0.0130019514191522
ITUB4,1.02,75,RNA,2020-08-05,1,1,0.02
ITUB4,1.02,75,Random Forest,2020-08-05,1,0,0.02
ITUB4,1.02,75,SVC,2020-08-05,1,1,0.02
ITUB4,1.02,75,RNA,2020-08-06,1,1,0.02
ITUB4,1.02,75,Random Forest,2020-08-06,1,1,0.02
ITUB4,1.02,75,SVC,2020-08-06,1,1,0.02
ITUB4,1.02,75,RNA,2020-08-07,1,1,0.02
ITUB4,1.02,75,Random Forest,2020-08-07,1,1,0.02
ITUB4,1.02,75,SVC,2020-08-07,1,1,0.02
ITUB4,1.02,75,RNA,2020-08-10,0,0,-0.0532159525713544
ITUB4,1.02,75,Random Forest,2020-08-10,0,1,-0.0532159525713544
ITUB4,1.02,75,SVC,2020-08-10,0,1,-0.0532159525713544
ITUB4,1.02,75,RNA,2020-08-11,0,1,-0.0603347770534901
ITUB4,1.02,75,Random Forest,2020-08-11,0,1,-0.0603347770534901
ITUB4,1.02,75,SVC,2020-08-11,0,1,-0.0603347770534901
ITUB4,1.02,75,RNA,2020-08-12,0,1,-0.0458277134218768
ITUB4,1.02,75,Random Forest,2020-08-12,0,0,-0.0458277134218768
ITUB4,1.02,75,SVC,2020-08-12,0,1,-0.0458277134218768
ITUB4,1.02,75,RNA,2020-08-13,1,1,0.02
ITUB4,1.02,75,Random Forest,2020-08-13,1,0,0.02
ITUB4,1.02,75,SVC,2020-08-13,1,1,0.02
ITUB4,1.02,75,RNA,2020-08-14,0,1,-0.0221293053693227
ITUB4,1.02,75,Random Forest,2020-08-14,0,0,-0.0221293053693227
ITUB4,1.02,75,SVC,2020-08-14,0,1,-0.0221293053693227
ITUB4,1.02,75,RNA,2020-08-17,0,1,-0.0219333838774211
ITUB4,1.02,75,Random Forest,2020-08-17,0,0,-0.0219333838774211
ITUB4,1.02,75,SVC,2020-08-17,0,1,-0.0219333838774211
ITUB4,1.02,75,RNA,2020-08-18,1,1,0.02
ITUB4,1.02,75,Random Forest,2020-08-18,1,0,0.02
ITUB4,1.02,75,SVC,2020-08-18,1,1,0.02
ITUB4,1.02,75,RNA,2020-08-19,1,1,0.02
ITUB4,1.02,75,Random Forest,2020-08-19,1,1,0.02
ITUB4,1.02,75,SVC,2020-08-19,1,1,0.02
ITUB4,1.02,75,RNA,2020-08-20,1,1,0.02
ITUB4,1.02,75,Random Forest,2020-08-20,1,1,0.02
ITUB4,1.02,75,SVC,2020-08-20,1,1,0.02
ITUB4,1.02,75,RNA,2020-08-21,1,1,0.02
ITUB4,1.02,75,Random Forest,2020-08-21,1,0,0.02
ITUB4,1.02,75,SVC,2020-08-21,1,1,0.02
ITUB4,1.02,75,RNA,2020-08-24,0,0,-0.0085227676662281
ITUB4,1.02,75,Random Forest,2020-08-24,0,1,-0.0085227676662281
ITUB4,1.02,75,SVC,2020-08-24,0,1,-0.0085227676662281
ITUB4,1.02,75,RNA,2020-08-25,0,1,-0.0308641662964684
ITUB4,1.02,75,Random Forest,2020-08-25,0,1,-0.0308641662964684
ITUB4,1.02,75,SVC,2020-08-25,0,1,-0.0308641662964684
ITUB4,1.02,75,RNA,2020-08-26,1,1,0.02
ITUB4,1.02,75,Random Forest,2020-08-26,1,1,0.02
ITUB4,1.02,75,SVC,2020-08-26,1,1,0.02
ITUB4,1.02,75,RNA,2020-08-27,0,1,0.0002256193041956
ITUB4,1.02,75,Random Forest,2020-08-27,0,1,0.0002256193041956
ITUB4,1.02,75,SVC,2020-08-27,0,0,0.0002256193041956
ITUB4,1.02,75,RNA,2020-08-28,1,1,0.02
ITUB4,1.02,75,Random Forest,2020-08-28,1,1,0.02
ITUB4,1.02,75,SVC,2020-08-28,1,1,0.02
ITUB4,1.02,75,RNA,2020-08-31,1,1,0.02
ITUB4,1.02,75,Random Forest,2020-08-31,1,1,0.02
ITUB4,1.02,75,SVC,2020-08-31,1,1,0.02
ITUB4,1.02,75,RNA,2020-09-01,1,1,0.02
ITUB4,1.02,75,Random Forest,2020-09-01,1,1,0.02
ITUB4,1.02,75,SVC,2020-09-01,1,0,0.02
ITUB4,1.02,75,RNA,2020-09-02,1,1,0.02
ITUB4,1.02,75,Random Forest,2020-09-02,1,1,0.02
ITUB4,1.02,75,SVC,2020-09-02,1,1,0.02
ITUB4,1.02,75,RNA,2020-09-03,0,1,-0.049682071299363
ITUB4,1.02,75,Random Forest,2020-09-03,0,1,-0.049682071299363
ITUB4,1.02,75,SVC,2020-09-03,0,1,-0.049682071299363
ITUB4,1.02,75,RNA,2020-09-04,0,0,-0.0378664667573277
ITUB4,1.02,75,Random Forest,2020-09-04,0,1,-0.0378664667573277
ITUB4,1.02,75,SVC,2020-09-04,0,1,-0.0378664667573277
ITUB4,1.02,75,RNA,2020-09-08,0,1,-0.0223577098086357
ITUB4,1.02,75,Random Forest,2020-09-08,0,0,-0.0223577098086357
ITUB4,1.02,75,SVC,2020-09-08,0,1,-0.0223577098086357
ITUB4,1.02,75,RNA,2020-09-09,0,1,-0.0274590269393506
ITUB4,1.02,75,Random Forest,2020-09-09,0,1,-0.0274590269393506
ITUB4,1.02,75,SVC,2020-09-09,0,1,-0.0274590269393506
ITUB4,1.02,75,RNA,2020-09-10,0,1,-0.0121086080660095
ITUB4,1.02,75,Random Forest,2020-09-10,0,1,-0.0121086080660095
ITUB4,1.02,75,SVC,2020-09-10,0,1,-0.0121086080660095
ITUB4,1.02,75,RNA,2020-09-11,0,1,-0.0042034442091272
ITUB4,1.02,75,Random Forest,2020-09-11,0,0,-0.0042034442091272
ITUB4,1.02,75,SVC,2020-09-11,0,1,-0.0042034442091272
ITUB4,1.02,75,RNA,2020-09-14,0,1,-0.0442697578550813
ITUB4,1.02,75,Random Forest,2020-09-14,0,1,-0.0442697578550813
ITUB4,1.02,75,SVC,2020-09-14,0,0,-0.0442697578550813
ITUB4,1.02,75,RNA,2020-09-15,0,0,-0.0361952793374078
ITUB4,1.02,75,Random Forest,2020-09-15,0,0,-0.0361952793374078
ITUB4,1.02,75,SVC,2020-09-15,0,0,-0.0361952793374078
ITUB4,1.02,75,RNA,2020-09-16,0,1,-0.0170213372515174
ITUB4,1.02,75,Random Forest,2020-09-16,0,0,-0.0170213372515174
ITUB4,1.02,75,SVC,2020-09-16,0,1,-0.0170213372515174
ITUB4,1.02,75,RNA,2020-09-17,0,1,-0.0434042559897153
ITUB4,1.02,75,Random Forest,2020-09-17,0,1,-0.0434042559897153
ITUB4,1.02,75,SVC,2020-09-17,0,1,-0.0434042559897153
ITUB4,1.02,75,RNA,2020-09-18,1,0,0.02
ITUB4,1.02,75,Random Forest,2020-09-18,1,1,0.02
ITUB4,1.02,75,SVC,2020-09-18,1,1,0.02
ITUB4,1.02,75,RNA,2020-09-21,1,1,0.02
ITUB4,1.02,75,Random Forest,2020-09-21,1,0,0.02
ITUB4,1.02,75,SVC,2020-09-21,1,1,0.02
ITUB4,1.02,75,RNA,2020-09-22,1,1,0.02
ITUB4,1.02,75,Random Forest,2020-09-22,1,0,0.02
ITUB4,1.02,75,SVC,2020-09-22,1,1,0.02
ITUB4,1.02,75,RNA,2020-09-23,1,1,0.02
ITUB4,1.02,75,Random Forest,2020-09-23,1,1,0.02
ITUB4,1.02,75,SVC,2020-09-23,1,1,0.02
ITUB4,1.02,75,RNA,2020-09-24,1,1,0.02
ITUB4,1.02,75,Random Forest,2020-09-24,1,1,0.02
ITUB4,1.02,75,SVC,2020-09-24,1,1,0.02
ITUB4,1.02,75,RNA,2020-09-25,1,1,0.02
ITUB4,1.02,75,Random Forest,2020-09-25,1,1,0.02
ITUB4,1.02,75,SVC,2020-09-25,1,1,0.02
ITUB4,1.02,75,RNA,2020-09-28,0,1,-0.0128786631423271
ITUB4,1.02,75,Random Forest,2020-09-28,0,1,-0.0128786631423271
ITUB4,1.02,75,SVC,2020-09-28,0,1,-0.0128786631423271
ITUB4,1.02,75,RNA,2020-09-29,1,1,0.02
ITUB4,1.02,75,Random Forest,2020-09-29,1,1,0.02
ITUB4,1.02,75,SVC,2020-09-29,1,1,0.02
ITUB4,1.02,75,RNA,2020-09-30,1,0,0.02
ITUB4,1.02,75,Random Forest,2020-09-30,1,1,0.02
ITUB4,1.02,75,SVC,2020-09-30,1,1,0.02
ITUB4,1.02,75,RNA,2020-10-01,1,1,0.02
ITUB4,1.02,75,Random Forest,2020-10-01,1,1,0.02
ITUB4,1.02,75,SVC,2020-10-01,1,1,0.02
ITUB4,1.02,75,RNA,2020-10-02,1,1,0.02
ITUB4,1.02,75,Random Forest,2020-10-02,1,1,0.02
ITUB4,1.02,75,SVC,2020-10-02,1,1,0.02
ITUB4,1.02,75,RNA,2020-10-05,1,0,0.02
ITUB4,1.02,75,Random Forest,2020-10-05,1,1,0.02
ITUB4,1.02,75,SVC,2020-10-05,1,0,0.02
ITUB4,1.02,75,RNA,2020-10-06,1,1,0.02
ITUB4,1.02,75,Random Forest,2020-10-06,1,1,0.02
ITUB4,1.02,75,SVC,2020-10-06,1,0,0.02
ITUB4,1.02,75,RNA,2020-10-07,1,0,0.02
ITUB4,1.02,75,Random Forest,2020-10-07,1,1,0.02
ITUB4,1.02,75,SVC,2020-10-07,1,0,0.02
ITUB4,1.02,75,RNA,2020-10-08,1,0,0.02
ITUB4,1.02,75,Random Forest,2020-10-08,1,1,0.02
ITUB4,1.02,75,SVC,2020-10-08,1,1,0.02
ITUB4,1.02,75,RNA,2020-10-09,0,1,-0.0362802404900939
ITUB4,1.02,75,Random Forest,2020-10-09,0,0,-0.0362802404900939
ITUB4,1.02,75,SVC,2020-10-09,0,1,-0.0362802404900939
ITUB4,1.02,75,RNA,2020-10-13,0,0,-0.0221850319809396
ITUB4,1.02,75,Random Forest,2020-10-13,0,1,-0.0221850319809396
ITUB4,1.02,75,SVC,2020-10-13,0,0,-0.0221850319809396
ITUB4,1.02,75,RNA,2020-10-14,1,1,0.02
ITUB4,1.02,75,Random Forest,2020-10-14,1,1,0.02
ITUB4,1.02,75,SVC,2020-10-14,1,1,0.02
ITUB4,1.02,75,RNA,2020-10-15,1,0,0.02
ITUB4,1.02,75,Random Forest,2020-10-15,1,1,0.02
ITUB4,1.02,75,SVC,2020-10-15,1,1,0.02
ITUB4,1.02,75,RNA,2020-10-16,1,1,0.02
ITUB4,1.02,75,Random Forest,2020-10-16,1,1,0.02
ITUB4,1.02,75,SVC,2020-10-16,1,1,0.02
ITUB4,1.02,75,RNA,2020-10-19,1,1,0.02
ITUB4,1.02,75,Random Forest,2020-10-19,1,1,0.02
ITUB4,1.02,75,SVC,2020-10-19,1,1,0.02
ITUB4,1.02,75,RNA,2020-10-20,1,1,0.02
ITUB4,1.02,75,Random Forest,2020-10-20,1,1,0.02
ITUB4,1.02,75,SVC,2020-10-20,1,1,0.02
ITUB4,1.02,75,RNA,2020-10-21,1,0,0.02
ITUB4,1.02,75,Random Forest,2020-10-21,1,1,0.02
ITUB4,1.02,75,SVC,2020-10-21,1,1,0.02
ITUB4,1.02,75,RNA,2020-10-22,0,0,-0.0818532838092425
ITUB4,1.02,75,Random Forest,2020-10-22,0,1,-0.0818532838092425
ITUB4,1.02,75,SVC,2020-10-22,0,1,-0.0818532838092425
ITUB4,1.02,75,RNA,2020-10-23,1,1,0.02
ITUB4,1.02,75,Random Forest,2020-10-23,1,0,0.02
ITUB4,1.02,75,SVC,2020-10-23,1,1,0.02
ITUB4,1.02,75,RNA,2020-10-26,0,1,-0.1003831759877499
ITUB4,1.02,75,Random Forest,2020-10-26,0,1,-0.1003831759877499
ITUB4,1.02,75,SVC,2020-10-26,0,1,-0.1003831759877499
ITUB4,1.02,75,RNA,2020-10-27,0,0,-0.0080259077651153
ITUB4,1.02,75,Random Forest,2020-10-27,0,0,-0.0080259077651153
ITUB4,1.02,75,SVC,2020-10-27,0,1,-0.0080259077651153
ITUB4,1.02,75,RNA,2020-10-28,1,0,0.02
ITUB4,1.02,75,Random Forest,2020-10-28,1,1,0.02
ITUB4,1.02,75,SVC,2020-10-28,1,1,0.02
ITUB4,1.02,75,RNA,2020-10-29,1,0,0.02
ITUB4,1.02,75,Random Forest,2020-10-29,1,1,0.02
ITUB4,1.02,75,SVC,2020-10-29,1,1,0.02
ITUB4,1.02,75,RNA,2020-10-30,1,1,0.02
ITUB4,1.02,75,Random Forest,2020-10-30,1,1,0.02
ITUB4,1.02,75,SVC,2020-10-30,1,1,0.02
ITUB4,1.02,75,RNA,2020-11-03,1,1,0.02
ITUB4,1.02,75,Random Forest,2020-11-03,1,1,0.02
ITUB4,1.02,75,SVC,2020-11-03,1,1,0.02
ITUB4,1.02,75,RNA,2020-11-04,1,0,0.02
ITUB4,1.02,75,Random Forest,2020-11-04,1,1,0.02
ITUB4,1.02,75,SVC,2020-11-04,1,1,0.02
ITUB4,1.02,75,RNA,2020-11-05,1,1,0.02
ITUB4,1.02,75,Random Forest,2020-11-05,1,1,0.02
ITUB4,1.02,75,SVC,2020-11-05,1,1,0.02
ITUB4,1.02,75,RNA,2020-11-06,1,1,0.02
ITUB4,1.02,75,Random Forest,2020-11-06,1,1,0.02
ITUB4,1.02,75,SVC,2020-11-06,1,1,0.02
ITUB4,1.02,75,RNA,2020-11-09,1,0,0.02
ITUB4,1.02,75,Random Forest,2020-11-09,1,1,0.02
ITUB4,1.02,75,SVC,2020-11-09,1,0,0.02
ITUB4,1.02,75,RNA,2020-11-10,1,0,0.02
ITUB4,1.02,75,Random Forest,2020-11-10,1,1,0.02
ITUB4,1.02,75,SVC,2020-11-10,1,1,0.02
ITUB4,1.02,75,RNA,2020-11-11,1,1,0.02
ITUB4,1.02,75,Random Forest,2020-11-11,1,1,0.02
ITUB4,1.02,75,SVC,2020-11-11,1,1,0.02
ITUB4,1.02,75,RNA,2020-11-12,1,1,0.02
ITUB4,1.02,75,Random Forest,2020-11-12,1,1,0.02
ITUB4,1.02,75,SVC,2020-11-12,1,1,0.02
ITUB4,1.02,75,RNA,2020-11-13,1,0,0.02
ITUB4,1.02,75,Random Forest,2020-11-13,1,1,0.02
ITUB4,1.02,75,SVC,2020-11-13,1,1,0.02
ITUB4,1.02,75,RNA,2020-11-16,0,0,-0.027919660922846
ITUB4,1.02,75,Random Forest,2020-11-16,0,1,-0.027919660922846
ITUB4,1.02,75,SVC,2020-11-16,0,1,-0.027919660922846
ITUB4,1.02,75,RNA,2020-11-17,0,1,-0.0180088230517778
ITUB4,1.02,75,Random Forest,2020-11-17,0,1,-0.0180088230517778
ITUB4,1.02,75,SVC,2020-11-17,0,1,-0.0180088230517778
ITUB4,1.02,75,RNA,2020-11-18,1,0,0.02
ITUB4,1.02,75,Random Forest,2020-11-18,1,0,0.02
ITUB4,1.02,75,SVC,2020-11-18,1,0,0.02
ITUB4,1.02,75,RNA,2020-11-19,1,0,0.02
ITUB4,1.02,75,Random Forest,2020-11-19,1,0,0.02
ITUB4,1.02,75,SVC,2020-11-19,1,1,0.02
ITUB4,1.02,75,RNA,2020-11-20,1,1,0.02
ITUB4,1.02,75,Random Forest,2020-11-20,1,1,0.02
ITUB4,1.02,75,SVC,2020-11-20,1,1,0.02
ITUB4,1.02,75,RNA,2020-11-23,1,1,0.02
ITUB4,1.02,75,Random Forest,2020-11-23,1,1,0.02
ITUB4,1.02,75,SVC,2020-11-23,1,1,0.02
ITUB4,1.02,75,RNA,2020-11-24,0,1,-0.03578660750852
ITUB4,1.02,75,Random Forest,2020-11-24,0,1,-0.03578660750852
ITUB4,1.02,75,SVC,2020-11-24,0,1,-0.03578660750852
ITUB4,1.02,75,RNA,2020-11-25,1,1,0.02
ITUB4,1.02,75,Random Forest,2020-11-25,1,1,0.02
ITUB4,1.02,75,SVC,2020-11-25,1,1,0.02
ITUB4,1.02,75,RNA,2020-11-26,1,1,0.02
ITUB4,1.02,75,Random Forest,2020-11-26,1,1,0.02
ITUB4,1.02,75,SVC,2020-11-26,1,1,0.02
ITUB4,1.02,75,RNA,2020-11-27,1,1,0.02
ITUB4,1.02,75,Random Forest,2020-11-27,1,1,0.02
ITUB4,1.02,75,SVC,2020-11-27,1,1,0.02
ITUB4,1.02,75,RNA,2020-11-30,1,1,0.02
ITUB4,1.02,75,Random Forest,2020-11-30,1,1,0.02
ITUB4,1.02,75,SVC,2020-11-30,1,1,0.02
ITUB4,1.02,75,RNA,2020-12-01,1,1,0.02
ITUB4,1.02,75,Random Forest,2020-12-01,1,1,0.02
ITUB4,1.02,75,SVC,2020-12-01,1,1,0.02
ITUB4,1.02,75,RNA,2020-12-02,1,1,0.02
ITUB4,1.02,75,Random Forest,2020-12-02,1,1,0.02
ITUB4,1.02,75,SVC,2020-12-02,1,1,0.02
ITUB4,1.02,75,RNA,2020-12-03,1,1,0.02
ITUB4,1.02,75,Random Forest,2020-12-03,1,1,0.02
ITUB4,1.02,75,SVC,2020-12-03,1,1,0.02
ITUB4,1.02,75,RNA,2020-12-04,1,1,0.02
ITUB4,1.02,75,Random Forest,2020-12-04,1,1,0.02
ITUB4,1.02,75,SVC,2020-12-04,1,1,0.02
ITUB4,1.02,75,RNA,2020-12-07,1,1,0.02
ITUB4,1.02,75,Random Forest,2020-12-07,1,1,0.02
ITUB4,1.02,75,SVC,2020-12-07,1,1,0.02
ITUB4,1.02,75,RNA,2020-12-08,1,1,0.02
ITUB4,1.02,75,Random Forest,2020-12-08,1,1,0.02
ITUB4,1.02,75,SVC,2020-12-08,1,1,0.02
ITUB4,1.02,75,RNA,2020-12-09,1,0,0.02
ITUB4,1.02,75,Random Forest,2020-12-09,1,1,0.02
ITUB4,1.02,75,SVC,2020-12-09,1,1,0.02
ITUB4,1.02,75,RNA,2020-12-10,1,1,0.02
ITUB4,1.02,75,Random Forest,2020-12-10,1,1,0.02
ITUB4,1.02,75,SVC,2020-12-10,1,1,0.02
ITUB4,1.02,75,RNA,2020-12-11,1,1,0.02
ITUB4,1.02,75,Random Forest,2020-12-11,1,1,0.02
ITUB4,1.02,75,SVC,2020-12-11,1,1,0.02
ITUB4,1.02,75,RNA,2020-12-14,1,1,0.02
ITUB4,1.02,75,Random Forest,2020-12-14,1,1,0.02
ITUB4,1.02,75,SVC,2020-12-14,1,1,0.02
ITUB4,1.02,75,RNA,2020-12-15,1,1,0.02
ITUB4,1.02,75,Random Forest,2020-12-15,1,1,0.02
ITUB4,1.02,75,SVC,2020-12-15,1,1,0.02
ITUB4,1.02,75,RNA,2020-12-16,0,1,-0.0200689812405855
ITUB4,1.02,75,Random Forest,2020-12-16,0,1,-0.0200689812405855
ITUB4,1.02,75,SVC,2020-12-16,0,1,-0.0200689812405855
ITUB4,1.02,75,RNA,2020-12-17,0,1,0.0069356751979159
ITUB4,1.02,75,Random Forest,2020-12-17,0,1,0.0069356751979159
ITUB4,1.02,75,SVC,2020-12-17,0,1,0.0069356751979159
ITUB4,1.02,75,RNA,2020-12-18,1,1,0.02
ITUB4,1.02,75,Random Forest,2020-12-18,1,1,0.02
ITUB4,1.02,75,SVC,2020-12-18,1,1,0.02
ITUB4,1.02,75,RNA,2020-12-21,1,1,0.02
ITUB4,1.02,75,Random Forest,2020-12-21,1,1,0.02
ITUB4,1.02,75,SVC,2020-12-21,1,1,0.02
ITUB4,1.02,75,RNA,2020-12-22,1,1,0.02
ITUB4,1.02,75,Random Forest,2020-12-22,1,1,0.02
ITUB4,1.02,75,SVC,2020-12-22,1,1,0.02
ITUB4,1.02,75,RNA,2020-12-23,0,1,-0.0405135301232991
ITUB4,1.02,75,Random Forest,2020-12-23,0,1,-0.0405135301232991
ITUB4,1.02,75,SVC,2020-12-23,0,1,-0.0405135301232991
ITUB4,1.02,75,RNA,2020-12-28,0,1,-0.0482008225666257
ITUB4,1.02,75,Random Forest,2020-12-28,0,1,-0.0482008225666257
ITUB4,1.02,75,SVC,2020-12-28,0,1,-0.0482008225666257
ITUB4,1.02,75,RNA,2020-12-29,0,1,-0.0197216823578263
ITUB4,1.02,75,Random Forest,2020-12-29,0,0,-0.0197216823578263
ITUB4,1.02,75,SVC,2020-12-29,0,1,-0.0197216823578263
ITUB4,1.02,75,RNA,2020-12-30,1,1,0.02
ITUB4,1.02,75,Random Forest,2020-12-30,1,0,0.02
ITUB4,1.02,75,SVC,2020-12-30,1,1,0.02
ITUB4,1.02,75,RNA,2021-01-04,1,1,0.02
ITUB4,1.02,75,Random Forest,2021-01-04,1,1,0.02
ITUB4,1.02,75,SVC,2021-01-04,1,1,0.02
ITUB4,1.02,75,RNA,2021-01-05,1,1,0.02
ITUB4,1.02,75,Random Forest,2021-01-05,1,1,0.02
ITUB4,1.02,75,SVC,2021-01-05,1,1,0.02
ITUB4,1.02,75,RNA,2021-01-06,1,0,0.02
ITUB4,1.02,75,Random Forest,2021-01-06,1,1,0.02
ITUB4,1.02,75,SVC,2021-01-06,1,1,0.02
ITUB4,1.02,75,RNA,2021-01-07,0,1,-0.0388703184860421
ITUB4,1.02,75,Random Forest,2021-01-07,0,1,-0.0388703184860421
ITUB4,1.02,75,SVC,2021-01-07,0,1,-0.0388703184860421
ITUB4,1.02,75,RNA,2021-01-08,0,1,0.0036957017820189
ITUB4,1.02,75,Random Forest,2021-01-08,0,0,0.0036957017820189
ITUB4,1.02,75,SVC,2021-01-08,0,1,0.0036957017820189
ITUB4,1.02,75,RNA,2021-01-11,1,1,0.02
ITUB4,1.02,75,Random Forest,2021-01-11,1,1,0.02
ITUB4,1.02,75,SVC,2021-01-11,1,1,0.02
ITUB4,1.02,75,RNA,2021-01-12,1,1,0.02
ITUB4,1.02,75,Random Forest,2021-01-12,1,1,0.02
ITUB4,1.02,75,SVC,2021-01-12,1,1,0.02
ITUB4,1.02,75,RNA,2021-01-13,1,1,0.02
ITUB4,1.02,75,Random Forest,2021-01-13,1,1,0.02
ITUB4,1.02,75,SVC,2021-01-13,1,1,0.02
ITUB4,1.02,75,RNA,2021-01-14,0,1,-0.0539781202614298
ITUB4,1.02,75,Random Forest,2021-01-14,0,1,-0.0539781202614298
ITUB4,1.02,75,SVC,2021-01-14,0,1,-0.0539781202614298
ITUB4,1.02,75,RNA,2021-01-15,0,1,-0.0552747969843345
ITUB4,1.02,75,Random Forest,2021-01-15,0,1,-0.0552747969843345
ITUB4,1.02,75,SVC,2021-01-15,0,1,-0.0552747969843345
ITUB4,1.02,75,RNA,2021-01-18,0,1,-0.0704985864229434
ITUB4,1.02,75,Random Forest,2021-01-18,0,1,-0.0704985864229434
ITUB4,1.02,75,SVC,2021-01-18,0,1,-0.0704985864229434
ITUB4,1.02,75,RNA,2021-01-19,0,1,-0.0886150239810069
ITUB4,1.02,75,Random Forest,2021-01-19,0,1,-0.0886150239810069
ITUB4,1.02,75,SVC,2021-01-19,0,1,-0.0886150239810069
ITUB4,1.02,75,RNA,2021-01-20,0,1,-0.0673328039288109
ITUB4,1.02,75,Random Forest,2021-01-20,0,0,-0.0673328039288109
ITUB4,1.02,75,SVC,2021-01-20,0,1,-0.0673328039288109
ITUB4,1.02,75,RNA,2021-01-21,1,1,0.02
ITUB4,1.02,75,Random Forest,2021-01-21,1,0,0.02
ITUB4,1.02,75,SVC,2021-01-21,1,1,0.02
ITUB4,1.02,75,RNA,2021-01-22,1,1,0.02
ITUB4,1.02,75,Random Forest,2021-01-22,1,0,0.02
ITUB4,1.02,75,SVC,2021-01-22,1,1,0.02
ITUB4,1.02,75,RNA,2021-01-26,1,1,0.02
ITUB4,1.02,75,Random Forest,2021-01-26,1,0,0.02
ITUB4,1.02,75,SVC,2021-01-26,1,1,0.02
ITUB4,1.02,75,RNA,2021-01-27,1,1,0.02
ITUB4,1.02,75,Random Forest,2021-01-27,1,1,0.02
ITUB4,1.02,75,SVC,2021-01-27,1,1,0.02
ITUB4,1.02,75,RNA,2021-01-28,0,1,-0.0302878339971227
ITUB4,1.02,75,Random Forest,2021-01-28,0,1,-0.0302878339971227
ITUB4,1.02,75,SVC,2021-01-28,0,1,-0.0302878339971227
ITUB4,1.02,75,RNA,2021-01-29,0,1,-0.0275861770707103
ITUB4,1.02,75,Random Forest,2021-01-29,0,1,-0.0275861770707103
ITUB4,1.02,75,SVC,2021-01-29,0,1,-0.0275861770707103
ITUB4,1.02,75,RNA,2021-02-01,0,1,-0.0343878997321204
ITUB4,1.02,75,Random Forest,2021-02-01,0,1,-0.0343878997321204
ITUB4,1.02,75,SVC,2021-02-01,0,1,-0.0343878997321204
ITUB4,1.02,75,RNA,2021-02-02,0,0,-0.0417246003802067
ITUB4,1.02,75,Random Forest,2021-02-02,0,0,-0.0417246003802067
ITUB4,1.02,75,SVC,2021-02-02,0,1,-0.0417246003802067
ITUB4,1.02,75,RNA,2021-02-03,0,0,-0.0224325147761027
ITUB4,1.02,75,Random Forest,2021-02-03,0,0,-0.0224325147761027
ITUB4,1.02,75,SVC,2021-02-03,0,1,-0.0224325147761027
ITUB4,1.02,75,RNA,2021-02-04,0,0,-0.0219003777680932
ITUB4,1.02,75,Random Forest,2021-02-04,0,0,-0.0219003777680932
ITUB4,1.02,75,SVC,2021-02-04,0,1,-0.0219003777680932
ITUB4,1.02,75,RNA,2021-02-05,0,1,-0.0110713935270033
ITUB4,1.02,75,Random Forest,2021-02-05,0,0,-0.0110713935270033
ITUB4,1.02,75,SVC,2021-02-05,0,1,-0.0110713935270033
ITUB4,1.02,75,RNA,2021-02-08,1,0,0.02
ITUB4,1.02,75,Random Forest,2021-02-08,1,0,0.02
ITUB4,1.02,75,SVC,2021-02-08,1,0,0.02
ITUB4,1.02,75,RNA,2021-02-09,0,0,0.0075269177469319
ITUB4,1.02,75,Random Forest,2021-02-09,0,0,0.0075269177469319
ITUB4,1.02,75,SVC,2021-02-09,0,0,0.0075269177469319
ITUB4,1.02,75,RNA,2021-02-10,0,0,-0.0028581545796819
ITUB4,1.02,75,Random Forest,2021-02-10,0,0,-0.0028581545796819
ITUB4,1.02,75,SVC,2021-02-10,0,1,-0.0028581545796819
ITUB4,1.02,75,RNA,2021-02-11,1,0,0.02
ITUB4,1.02,75,Random Forest,2021-02-11,1,1,0.02
ITUB4,1.02,75,SVC,2021-02-11,1,0,0.02
ITUB4,1.02,75,RNA,2021-02-12,1,0,0.02
ITUB4,1.02,75,Random Forest,2021-02-12,1,0,0.02
ITUB4,1.02,75,SVC,2021-02-12,1,0,0.02
ITUB4,1.02,75,RNA,2021-02-17,1,0,0.02
ITUB4,1.02,75,Random Forest,2021-02-17,1,0,0.02
ITUB4,1.02,75,SVC,2021-02-17,1,0,0.02
ITUB4,1.02,75,RNA,2021-02-18,0,1,-0.0372893524407473
ITUB4,1.02,75,Random Forest,2021-02-18,0,0,-0.0372893524407473
ITUB4,1.02,75,SVC,2021-02-18,0,0,-0.0372893524407473
ITUB4,1.02,75,RNA,2021-02-19,1,0,0.02
ITUB4,1.02,75,Random Forest,2021-02-19,1,1,0.02
ITUB4,1.02,75,SVC,2021-02-19,1,1,0.02
ITUB4,1.02,75,RNA,2021-02-22,1,0,0.02
ITUB4,1.02,75,Random Forest,2021-02-22,1,0,0.02
ITUB4,1.02,75,SVC,2021-02-22,1,0,0.02
ITUB4,1.02,75,RNA,2021-02-23,0,1,-0.0913225913590477
ITUB4,1.02,75,Random Forest,2021-02-23,0,1,-0.0913225913590477
ITUB4,1.02,75,SVC,2021-02-23,0,1,-0.0913225913590477
ITUB4,1.02,75,RNA,2021-02-24,0,1,-0.0360118712557699
ITUB4,1.02,75,Random Forest,2021-02-24,0,1,-0.0360118712557699
ITUB4,1.02,75,SVC,2021-02-24,0,1,-0.0360118712557699
ITUB4,1.02,75,RNA,2021-02-25,0,0,-0.0135430252372836
ITUB4,1.02,75,Random Forest,2021-02-25,0,1,-0.0135430252372836
ITUB4,1.02,75,SVC,2021-02-25,0,1,-0.0135430252372836
ITUB4,1.02,75,RNA,2021-02-26,1,0,0.02
ITUB4,1.02,75,Random Forest,2021-02-26,1,0,0.02
ITUB4,1.02,75,SVC,2021-02-26,1,1,0.02
ITUB4,1.02,75,RNA,2021-03-01,1,1,0.02
ITUB4,1.02,75,Random Forest,2021-03-01,1,0,0.02
ITUB4,1.02,75,SVC,2021-03-01,1,0,0.02
ITUB4,1.02,75,RNA,2021-03-02,1,0,0.02
ITUB4,1.02,75,Random Forest,2021-03-02,1,0,0.02
ITUB4,1.02,75,SVC,2021-03-02,1,1,0.02
ITUB4,1.02,75,RNA,2021-03-03,1,0,0.02
ITUB4,1.02,75,Random Forest,2021-03-03,1,1,0.02
ITUB4,1.02,75,SVC,2021-03-03,1,1,0.02
ITUB4,1.02,75,RNA,2021-03-04,1,0,0.02
ITUB4,1.02,75,Random Forest,2021-03-04,1,1,0.02
ITUB4,1.02,75,SVC,2021-03-04,1,1,0.02
ITUB4,1.02,75,RNA,2021-03-05,1,1,0.02
ITUB4,1.02,75,Random Forest,2021-03-05,1,0,0.02
ITUB4,1.02,75,SVC,2021-03-05,1,1,0.02
ITUB4,1.02,75,RNA,2021-03-08,1,1,0.02
ITUB4,1.02,75,Random Forest,2021-03-08,1,0,0.02
ITUB4,1.02,75,SVC,2021-03-08,1,1,0.02
ITUB4,1.02,75,RNA,2021-03-09,1,1,0.02
ITUB4,1.02,75,Random Forest,2021-03-09,1,1,0.02
ITUB4,1.02,75,SVC,2021-03-09,1,1,0.02
ITUB4,1.02,75,RNA,2021-03-10,0,1,-0.0239130229278435
ITUB4,1.02,75,Random Forest,2021-03-10,0,1,-0.0239130229278435
ITUB4,1.02,75,SVC,2021-03-10,0,1,-0.0239130229278435
ITUB4,1.02,75,RNA,2021-03-11,1,1,0.02
ITUB4,1.02,75,Random Forest,2021-03-11,1,1,0.02
ITUB4,1.02,75,SVC,2021-03-11,1,1,0.02
ITUB4,1.02,75,RNA,2021-03-12,1,1,0.02
ITUB4,1.02,75,Random Forest,2021-03-12,1,0,0.02
ITUB4,1.02,75,SVC,2021-03-12,1,1,0.02
ITUB4,1.02,75,RNA,2021-03-15,1,0,0.02
ITUB4,1.02,75,Random Forest,2021-03-15,1,1,0.02
ITUB4,1.02,75,SVC,2021-03-15,1,1,0.02
ITUB4,1.02,75,RNA,2021-03-16,1,0,0.02
ITUB4,1.02,75,Random Forest,2021-03-16,1,1,0.02
ITUB4,1.02,75,SVC,2021-03-16,1,1,0.02
ITUB4,1.02,75,RNA,2021-03-17,1,1,0.02
ITUB4,1.02,75,Random Forest,2021-03-17,1,1,0.02
ITUB4,1.02,75,SVC,2021-03-17,1,1,0.02
ITUB4,1.02,75,RNA,2021-03-18,0,1,-0.0378895425858152
ITUB4,1.02,75,Random Forest,2021-03-18,0,1,-0.0378895425858152
ITUB4,1.02,75,SVC,2021-03-18,0,1,-0.0378895425858152
ITUB4,1.02,75,RNA,2021-03-19,0,1,-0.0121472474812425
ITUB4,1.02,75,Random Forest,2021-03-19,0,1,-0.0121472474812425
ITUB4,1.02,75,SVC,2021-03-19,0,1,-0.0121472474812425
ITUB4,1.02,75,RNA,2021-03-22,0,1,0.0043389324312734
ITUB4,1.02,75,Random Forest,2021-03-22,0,0,0.0043389324312734
ITUB4,1.02,75,SVC,2021-03-22,0,1,0.0043389324312734
ITUB4,1.02,75,RNA,2021-03-23,1,1,0.02
ITUB4,1.02,75,Random Forest,2021-03-23,1,0,0.02
ITUB4,1.02,75,SVC,2021-03-23,1,1,0.02
ITUB4,1.02,75,RNA,2021-03-24,1,1,0.02
ITUB4,1.02,75,Random Forest,2021-03-24,1,0,0.02
ITUB4,1.02,75,SVC,2021-03-24,1,1,0.02
ITUB4,1.02,75,RNA,2021-03-25,1,1,0.02
ITUB4,1.02,75,Random Forest,2021-03-25,1,1,0.02
ITUB4,1.02,75,SVC,2021-03-25,1,1,0.02
ITUB4,1.02,75,RNA,2021-03-26,0,1,-0.0357562906387848
ITUB4,1.02,75,Random Forest,2021-03-26,0,0,-0.0357562906387848
ITUB4,1.02,75,SVC,2021-03-26,0,1,-0.0357562906387848
ITUB4,1.02,75,RNA,2021-03-29,1,1,0.02
ITUB4,1.02,75,Random Forest,2021-03-29,1,1,0.02
ITUB4,1.02,75,SVC,2021-03-29,1,1,0.02
ITUB4,1.02,75,RNA,2021-03-30,0,1,-0.0411674591974341
ITUB4,1.02,75,Random Forest,2021-03-30,0,0,-0.0411674591974341
ITUB4,1.02,75,SVC,2021-03-30,0,1,-0.0411674591974341
ITUB4,1.02,75,RNA,2021-03-31,0,0,-0.0440810652683939
ITUB4,1.02,75,Random Forest,2021-03-31,0,1,-0.0440810652683939
ITUB4,1.02,75,SVC,2021-03-31,0,1,-0.0440810652683939
ITUB4,1.02,75,RNA,2021-04-01,0,1,-0.0248537609495226
ITUB4,1.02,75,Random Forest,2021-04-01,0,0,-0.0248537609495226
ITUB4,1.02,75,SVC,2021-04-01,0,0,-0.0248537609495226
ITUB4,1.02,75,RNA,2021-04-05,0,1,-0.0312726944325443
ITUB4,1.02,75,Random Forest,2021-04-05,0,0,-0.0312726944325443
ITUB4,1.02,75,SVC,2021-04-05,0,1,-0.0312726944325443
ITUB4,1.02,75,RNA,2021-04-06,0,0,0.0103626917571664
ITUB4,1.02,75,Random Forest,2021-04-06,0,1,0.0103626917571664
ITUB4,1.02,75,SVC,2021-04-06,0,1,0.0103626917571664
ITUB4,1.02,75,RNA,2021-04-07,0,1,0.010366528551043
ITUB4,1.02,75,Random Forest,2021-04-07,0,1,0.010366528551043
ITUB4,1.02,75,SVC,2021-04-07,0,1,0.010366528551043
ITUB4,1.02,75,RNA,2021-04-08,1,0,0.02
ITUB4,1.02,75,Random Forest,2021-04-08,1,0,0.02
ITUB4,1.02,75,SVC,2021-04-08,1,1,0.02
ITUB4,1.02,75,RNA,2021-04-09,1,0,0.02
ITUB4,1.02,75,Random Forest,2021-04-09,1,0,0.02
ITUB4,1.02,75,SVC,2021-04-09,1,1,0.02
ITUB4,1.02,75,RNA,2021-04-12,1,1,0.02
ITUB4,1.02,75,Random Forest,2021-04-12,1,1,0.02
ITUB4,1.02,75,SVC,2021-04-12,1,1,0.02
ITUB4,1.02,75,RNA,2021-04-13,1,0,0.02
ITUB4,1.02,75,Random Forest,2021-04-13,1,0,0.02
ITUB4,1.02,75,SVC,2021-04-13,1,1,0.02
ITUB4,1.02,75,RNA,2021-04-14,0,0,-0.009761368653501
ITUB4,1.02,75,Random Forest,2021-04-14,0,0,-0.009761368653501
ITUB4,1.02,75,SVC,2021-04-14,0,0,-0.009761368653501
ITUB4,1.02,75,RNA,2021-04-15,1,1,0.02
ITUB4,1.02,75,Random Forest,2021-04-15,1,0,0.02
ITUB4,1.02,75,SVC,2021-04-15,1,1,0.02
ITUB4,1.02,75,RNA,2021-04-16,0,0,-0.0125537985959441
ITUB4,1.02,75,Random Forest,2021-04-16,0,0,-0.0125537985959441
ITUB4,1.02,75,SVC,2021-04-16,0,1,-0.0125537985959441
ITUB4,1.02,75,RNA,2021-04-19,0,1,0.0036482939838926
ITUB4,1.02,75,Random Forest,2021-04-19,0,0,0.0036482939838926
ITUB4,1.02,75,SVC,2021-04-19,0,1,0.0036482939838926
ITUB4,1.02,75,RNA,2021-04-20,0,1,-0.0159825944875235
ITUB4,1.02,75,Random Forest,2021-04-20,0,1,-0.0159825944875235
ITUB4,1.02,75,SVC,2021-04-20,0,1,-0.0159825944875235
ITUB4,1.02,75,RNA,2021-04-22,1,1,0.02
ITUB4,1.02,75,Random Forest,2021-04-22,1,1,0.02
ITUB4,1.02,75,SVC,2021-04-22,1,1,0.02
ITUB4,1.02,75,RNA,2021-04-23,1,0,0.02
ITUB4,1.02,75,Random Forest,2021-04-23,1,1,0.02
ITUB4,1.02,75,SVC,2021-04-23,1,1,0.02
ITUB4,1.02,75,RNA,2021-04-26,1,1,0.02
ITUB4,1.02,75,Random Forest,2021-04-26,1,1,0.02
ITUB4,1.02,75,SVC,2021-04-26,1,1,0.02
ITUB4,1.02,75,RNA,2021-04-27,1,1,0.02
ITUB4,1.02,75,Random Forest,2021-04-27,1,1,0.02
ITUB4,1.02,75,SVC,2021-04-27,1,1,0.02
ITUB4,1.02,75,RNA,2021-04-28,0,0,-0.0516478443557051
ITUB4,1.02,75,Random Forest,2021-04-28,0,1,-0.0516478443557051
ITUB4,1.02,75,SVC,2021-04-28,0,1,-0.0516478443557051
ITUB4,1.02,75,RNA,2021-04-29,1,1,0.02
ITUB4,1.02,75,Random Forest,2021-04-29,1,1,0.02
ITUB4,1.02,75,SVC,2021-04-29,1,1,0.02
ITUB4,1.02,75,RNA,2021-04-30,1,0,0.02
ITUB4,1.02,75,Random Forest,2021-04-30,1,1,0.02
ITUB4,1.02,75,SVC,2021-04-30,1,1,0.02
ITUB4,1.02,75,RNA,2021-05-03,0,1,-0.0167259863540787
ITUB4,1.02,75,Random Forest,2021-05-03,0,1,-0.0167259863540787
ITUB4,1.02,75,SVC,2021-05-03,0,1,-0.0167259863540787
ITUB4,1.02,75,RNA,2021-05-04,1,0,0.02
ITUB4,1.02,75,Random Forest,2021-05-04,1,1,0.02
ITUB4,1.02,75,SVC,2021-05-04,1,1,0.02
ITUB4,1.02,75,RNA,2021-05-05,1,1,0.02
ITUB4,1.02,75,Random Forest,2021-05-05,1,1,0.02
ITUB4,1.02,75,SVC,2021-05-05,1,1,0.02
ITUB4,1.02,75,RNA,2021-05-06,1,0,0.02
ITUB4,1.02,75,Random Forest,2021-05-06,1,1,0.02
ITUB4,1.02,75,SVC,2021-05-06,1,1,0.02
ITUB4,1.02,75,RNA,2021-05-07,1,1,0.02
ITUB4,1.02,75,Random Forest,2021-05-07,1,1,0.02
ITUB4,1.02,75,SVC,2021-05-07,1,1,0.02
ITUB4,1.02,75,RNA,2021-05-10,1,1,0.02
ITUB4,1.02,75,Random Forest,2021-05-10,1,1,0.02
ITUB4,1.02,75,SVC,2021-05-10,1,1,0.02
ITUB4,1.02,75,RNA,2021-05-11,1,0,0.02
ITUB4,1.02,75,Random Forest,2021-05-11,1,1,0.02
ITUB4,1.02,75,SVC,2021-05-11,1,1,0.02
ITUB4,1.02,75,RNA,2021-05-12,1,1,0.02
ITUB4,1.02,75,Random Forest,2021-05-12,1,1,0.02
ITUB4,1.02,75,SVC,2021-05-12,1,1,0.02
ITUB4,1.02,75,RNA,2021-05-13,1,1,0.02
ITUB4,1.02,75,Random Forest,2021-05-13,1,1,0.02
ITUB4,1.02,75,SVC,2021-05-13,1,1,0.02
ITUB4,1.02,75,RNA,2021-05-14,1,0,0.02
ITUB4,1.02,75,Random Forest,2021-05-14,1,0,0.02
ITUB4,1.02,75,SVC,2021-05-14,1,1,0.02
ITUB4,1.02,75,RNA,2021-05-17,1,0,0.02
ITUB4,1.02,75,Random Forest,2021-05-17,1,0,0.02
ITUB4,1.02,75,SVC,2021-05-17,1,1,0.02
ITUB4,1.02,75,RNA,2021-05-18,1,0,0.02
ITUB4,1.02,75,Random Forest,2021-05-18,1,0,0.02
ITUB4,1.02,75,SVC,2021-05-18,1,1,0.02
ITUB4,1.02,75,RNA,2021-05-19,0,1,-0.0048561756067782
ITUB4,1.02,75,Random Forest,2021-05-19,0,1,-0.0048561756067782
ITUB4,1.02,75,SVC,2021-05-19,0,1,-0.0048561756067782
ITUB4,1.02,75,RNA,2021-05-20,0,0,0.004054369766641
ITUB4,1.02,75,Random Forest,2021-05-20,0,0,0.004054369766641
ITUB4,1.02,75,SVC,2021-05-20,0,0,0.004054369766641
ITUB4,1.02,75,RNA,2021-05-21,0,0,-0.0108909888930758
ITUB4,1.02,75,Random Forest,2021-05-21,0,0,-0.0108909888930758
ITUB4,1.02,75,SVC,2021-05-21,0,0,-0.0108909888930758
ITUB4,1.02,75,RNA,2021-05-24,0,0,0.010572990218064
ITUB4,1.02,75,Random Forest,2021-05-24,0,0,0.010572990218064
ITUB4,1.02,75,SVC,2021-05-24,0,0,0.010572990218064
ITUB4,1.02,75,RNA,2021-05-25,1,0,0.02
ITUB4,1.02,75,Random Forest,2021-05-25,1,0,0.02
ITUB4,1.02,75,SVC,2021-05-25,1,0,0.02
ITUB4,1.02,75,RNA,2021-05-26,1,0,0.02
ITUB4,1.02,75,Random Forest,2021-05-26,1,0,0.02
ITUB4,1.02,75,SVC,2021-05-26,1,0,0.02
ITUB4,1.02,75,RNA,2021-05-27,1,0,0.02
ITUB4,1.02,75,Random Forest,2021-05-27,1,0,0.02
ITUB4,1.02,75,SVC,2021-05-27,1,0,0.02
ITUB4,1.02,75,RNA,2021-05-28,1,0,0.02
ITUB4,1.02,75,Random Forest,2021-05-28,1,1,0.02
ITUB4,1.02,75,SVC,2021-05-28,1,0,0.02
ITUB4,1.02,75,RNA,2021-05-31,1,0,0.02
ITUB4,1.02,75,Random Forest,2021-05-31,1,0,0.02
ITUB4,1.02,75,SVC,2021-05-31,1,0,0.02
ITUB4,1.02,75,RNA,2021-06-01,1,1,0.02
ITUB4,1.02,75,Random Forest,2021-06-01,1,1,0.02
ITUB4,1.02,75,SVC,2021-06-01,1,1,0.02
ITUB4,1.02,75,RNA,2021-06-02,1,1,0.02
ITUB4,1.02,75,Random Forest,2021-06-02,1,0,0.02
ITUB4,1.02,75,SVC,2021-06-02,1,1,0.02
ITUB4,1.02,75,RNA,2021-06-04,1,0,0.02
ITUB4,1.02,75,Random Forest,2021-06-04,1,0,0.02
ITUB4,1.02,75,SVC,2021-06-04,1,1,0.02
ITUB4,1.02,75,RNA,2021-06-07,1,1,0.02
ITUB4,1.02,75,Random Forest,2021-06-07,1,1,0.02
ITUB4,1.02,75,SVC,2021-06-07,1,1,0.02
ITUB4,1.02,75,RNA,2021-06-08,1,1,0.02
ITUB4,1.02,75,Random Forest,2021-06-08,1,1,0.02
ITUB4,1.02,75,SVC,2021-06-08,1,1,0.02
ITUB4,1.02,75,RNA,2021-06-09,0,0,-0.0285714061229996
ITUB4,1.02,75,Random Forest,2021-06-09,0,1,-0.0285714061229996
ITUB4,1.02,75,SVC,2021-06-09,0,1,-0.0285714061229996
ITUB4,1.02,75,RNA,2021-06-10,0,1,0.0075665923951848
ITUB4,1.02,75,Random Forest,2021-06-10,0,1,0.0075665923951848
ITUB4,1.02,75,SVC,2021-06-10,0,1,0.0075665923951848
ITUB4,1.02,75,RNA,2021-06-11,1,1,0.02
ITUB4,1.02,75,Random Forest,2021-06-11,1,1,0.02
ITUB4,1.02,75,SVC,2021-06-11,1,1,0.02
ITUB4,1.02,75,RNA,2021-06-14,1,1,0.02
ITUB4,1.02,75,Random Forest,2021-06-14,1,1,0.02
ITUB4,1.02,75,SVC,2021-06-14,1,1,0.02
ITUB4,1.02,75,RNA,2021-06-15,1,0,0.02
ITUB4,1.02,75,Random Forest,2021-06-15,1,1,0.02
ITUB4,1.02,75,SVC,2021-06-15,1,1,0.02
ITUB4,1.02,75,RNA,2021-06-16,1,1,0.02
ITUB4,1.02,75,Random Forest,2021-06-16,1,1,0.02
ITUB4,1.02,75,SVC,2021-06-16,1,1,0.02
ITUB4,1.02,75,RNA,2021-06-17,0,1,-0.0290076483557939
ITUB4,1.02,75,Random Forest,2021-06-17,0,1,-0.0290076483557939
ITUB4,1.02,75,SVC,2021-06-17,0,1,-0.0290076483557939
ITUB4,1.02,75,RNA,2021-06-18,0,1,-0.012725018220223
ITUB4,1.02,75,Random Forest,2021-06-18,0,1,-0.012725018220223
ITUB4,1.02,75,SVC,2021-06-18,0,1,-0.012725018220223
ITUB4,1.02,75,RNA,2021-06-21,0,1,-0.0443686033034103
ITUB4,1.02,75,Random Forest,2021-06-21,0,1,-0.0443686033034103
ITUB4,1.02,75,SVC,2021-06-21,0,1,-0.0443686033034103
ITUB4,1.02,75,RNA,2021-06-22,0,0,-0.049922009167803
ITUB4,1.02,75,Random Forest,2021-06-22,0,0,-0.049922009167803
ITUB4,1.02,75,SVC,2021-06-22,0,1,-0.049922009167803
ITUB4,1.02,75,RNA,2021-06-23,0,1,-0.0627913971100218
ITUB4,1.02,75,Random Forest,2021-06-23,0,0,-0.0627913971100218
ITUB4,1.02,75,SVC,2021-06-23,0,1,-0.0627913971100218
ITUB4,1.02,75,RNA,2021-06-24,0,1,-0.0681676276296294
ITUB4,1.02,75,Random Forest,2021-06-24,0,0,-0.0681676276296294
ITUB4,1.02,75,SVC,2021-06-24,0,1,-0.0681676276296294
ITUB4,1.02,75,RNA,2021-06-25,0,1,-0.036804743237627
ITUB4,1.02,75,Random Forest,2021-06-25,0,0,-0.036804743237627
ITUB4,1.02,75,SVC,2021-06-25,0,0,-0.036804743237627
ITUB4,1.02,75,RNA,2021-06-28,0,1,-0.0077626069229377
ITUB4,1.02,75,Random Forest,2021-06-28,0,0,-0.0077626069229377
ITUB4,1.02,75,SVC,2021-06-28,0,1,-0.0077626069229377
ITUB4,1.02,75,RNA,2021-06-29,0,0,-0.0128367402431293
ITUB4,1.02,75,Random Forest,2021-06-29,0,0,-0.0128367402431293
ITUB4,1.02,75,SVC,2021-06-29,0,0,-0.0128367402431293
ITUB4,1.02,75,RNA,2021-06-30,0,1,-0.0174555298292327
ITUB4,1.02,75,Random Forest,2021-06-30,0,0,-0.0174555298292327
ITUB4,1.02,75,SVC,2021-06-30,0,0,-0.0174555298292327
ITUB4,1.02,75,RNA,2021-07-01,0,0,-0.0066934350348086
ITUB4,1.02,75,Random Forest,2021-07-01,0,0,-0.0066934350348086
ITUB4,1.02,75,SVC,2021-07-01,0,0,-0.0066934350348086
ITUB4,1.02,75,RNA,2021-07-02,0,0,-0.0144683377106663
ITUB4,1.02,75,Random Forest,2021-07-02,0,0,-0.0144683377106663
ITUB4,1.02,75,SVC,2021-07-02,0,0,-0.0144683377106663
ITUB4,1.02,75,RNA,2021-07-05,0,1,0.0071234789115319
ITUB4,1.02,75,Random Forest,2021-07-05,0,0,0.0071234789115319
ITUB4,1.02,75,SVC,2021-07-05,0,1,0.0071234789115319
ITUB4,1.02,75,RNA,2021-07-06,0,1,0.0098039024382086
ITUB4,1.02,75,Random Forest,2021-07-06,0,0,0.0098039024382086
ITUB4,1.02,75,SVC,2021-07-06,0,1,0.0098039024382086
ITUB4,1.02,75,RNA,2021-07-07,1,1,0.02
ITUB4,1.02,75,Random Forest,2021-07-07,1,0,0.02
ITUB4,1.02,75,SVC,2021-07-07,1,0,0.02
ITUB4,1.02,75,RNA,2021-07-08,1,0,0.02
ITUB4,1.02,75,Random Forest,2021-07-08,1,0,0.02
ITUB4,1.02,75,SVC,2021-07-08,1,0,0.02
ITUB4,1.02,75,RNA,2021-07-12,1,0,0.02
ITUB4,1.02,75,Random Forest,2021-07-12,1,0,0.02
ITUB4,1.02,75,SVC,2021-07-12,1,0,0.02
ITUB4,1.02,75,RNA,2021-07-13,1,0,0.02
ITUB4,1.02,75,Random Forest,2021-07-13,1,0,0.02
ITUB4,1.02,75,SVC,2021-07-13,1,1,0.02
ITUB4,1.02,75,RNA,2021-07-14,0,0,-0.0194239412419426
ITUB4,1.02,75,Random Forest,2021-07-14,0,0,-0.0194239412419426
ITUB4,1.02,75,SVC,2021-07-14,0,1,-0.0194239412419426
ITUB4,1.02,75,RNA,2021-07-15,0,0,-0.0124286316595101
ITUB4,1.02,75,Random Forest,2021-07-15,0,0,-0.0124286316595101
ITUB4,1.02,75,SVC,2021-07-15,0,1,-0.0124286316595101
ITUB4,1.02,75,RNA,2021-07-16,1,1,0.02
ITUB4,1.02,75,Random Forest,2021-07-16,1,1,0.02
ITUB4,1.02,75,SVC,2021-07-16,1,1,0.02
ITUB4,1.02,75,RNA,2021-07-19,1,1,0.02
ITUB4,1.02,75,Random Forest,2021-07-19,1,1,0.02
ITUB4,1.02,75,SVC,2021-07-19,1,1,0.02
ITUB4,1.02,75,RNA,2021-07-20,0,0,0.0092276296501325
ITUB4,1.02,75,Random Forest,2021-07-20,0,0,0.0092276296501325
ITUB4,1.02,75,SVC,2021-07-20,0,1,0.0092276296501325
ITUB4,1.02,75,RNA,2021-07-21,1,1,0.02
ITUB4,1.02,75,Random Forest,2021-07-21,1,1,0.02
ITUB4,1.02,75,SVC,2021-07-21,1,1,0.02
ITUB4,1.02,75,RNA,2021-07-22,1,1,0.02
ITUB4,1.02,75,Random Forest,2021-07-22,1,0,0.02
ITUB4,1.02,75,SVC,2021-07-22,1,1,0.02
ITUB4,1.02,75,RNA,2021-07-23,1,1,0.02
ITUB4,1.02,75,Random Forest,2021-07-23,1,1,0.02
ITUB4,1.02,75,SVC,2021-07-23,1,1,0.02
ITUB4,1.02,75,RNA,2021-07-26,1,1,0.02
ITUB4,1.02,75,Random Forest,2021-07-26,1,1,0.02
ITUB4,1.02,75,SVC,2021-07-26,1,1,0.02
ITUB4,1.02,75,RNA,2021-07-27,1,1,0.02
ITUB4,1.02,75,Random Forest,2021-07-27,1,1,0.02
ITUB4,1.02,75,SVC,2021-07-27,1,1,0.02
ITUB4,1.02,75,RNA,2021-07-28,1,1,0.02
ITUB4,1.02,75,Random Forest,2021-07-28,1,0,0.02
ITUB4,1.02,75,SVC,2021-07-28,1,1,0.02
ITUB4,1.02,75,RNA,2021-07-29,1,0,0.02
ITUB4,1.02,75,Random Forest,2021-07-29,1,0,0.02
ITUB4,1.02,75,SVC,2021-07-29,1,1,0.02
ITUB4,1.02,75,RNA,2021-07-30,1,1,0.02
ITUB4,1.02,75,Random Forest,2021-07-30,1,1,0.02
ITUB4,1.02,75,SVC,2021-07-30,1,1,0.02
ITUB4,1.02,75,RNA,2021-08-02,0,1,-0.0178343819982774
ITUB4,1.02,75,Random Forest,2021-08-02,0,1,-0.0178343819982774
ITUB4,1.02,75,SVC,2021-08-02,0,1,-0.0178343819982774
ITUB4,1.02,75,RNA,2021-08-03,1,1,0.02
ITUB4,1.02,75,Random Forest,2021-08-03,1,1,0.02
ITUB4,1.02,75,SVC,2021-08-03,1,1,0.02
ITUB4,1.02,75,RNA,2021-08-04,1,0,0.02
ITUB4,1.02,75,Random Forest,2021-08-04,1,0,0.02
ITUB4,1.02,75,SVC,2021-08-04,1,1,0.02
ITUB4,1.02,75,RNA,2021-08-05,1,1,0.02
ITUB4,1.02,75,Random Forest,2021-08-05,1,1,0.02
ITUB4,1.02,75,SVC,2021-08-05,1,1,0.02
ITUB4,1.02,75,RNA,2021-08-06,1,1,0.02
ITUB4,1.02,75,Random Forest,2021-08-06,1,1,0.02
ITUB4,1.02,75,SVC,2021-08-06,1,1,0.02
ITUB4,1.02,75,RNA,2021-08-09,0,1,-0.0121951374336694
ITUB4,1.02,75,Random Forest,2021-08-09,0,1,-0.0121951374336694
ITUB4,1.02,75,SVC,2021-08-09,0,1,-0.0121951374336694
ITUB4,1.02,75,RNA,2021-08-10,1,0,0.02
ITUB4,1.02,75,Random Forest,2021-08-10,1,1,0.02
ITUB4,1.02,75,SVC,2021-08-10,1,1,0.02
ITUB4,1.02,75,RNA,2021-08-11,0,1,-0.0164610586532274
ITUB4,1.02,75,Random Forest,2021-08-11,0,1,-0.0164610586532274
ITUB4,1.02,75,SVC,2021-08-11,0,0,-0.0164610586532274
ITUB4,1.02,75,RNA,2021-08-12,1,1,0.02
ITUB4,1.02,75,Random Forest,2021-08-12,1,1,0.02
ITUB4,1.02,75,SVC,2021-08-12,1,1,0.02
ITUB4,1.02,75,RNA,2021-08-13,0,1,-0.0247879786570851
ITUB4,1.02,75,Random Forest,2021-08-13,0,1,-0.0247879786570851
ITUB4,1.02,75,SVC,2021-08-13,0,1,-0.0247879786570851
ITUB4,1.02,75,RNA,2021-08-16,1,0,0.02
ITUB4,1.02,75,Random Forest,2021-08-16,1,1,0.02
ITUB4,1.02,75,SVC,2021-08-16,1,1,0.02
ITUB4,1.02,75,RNA,2021-08-17,1,1,0.02
ITUB4,1.02,75,Random Forest,2021-08-17,1,1,0.02
ITUB4,1.02,75,SVC,2021-08-17,1,1,0.02
ITUB4,1.02,75,RNA,2021-08-18,1,1,0.02
ITUB4,1.02,75,Random Forest,2021-08-18,1,1,0.02
ITUB4,1.02,75,SVC,2021-08-18,1,1,0.02
ITUB4,1.02,75,RNA,2021-08-19,1,1,0.02
ITUB4,1.02,75,Random Forest,2021-08-19,1,1,0.02
ITUB4,1.02,75,SVC,2021-08-19,1,1,0.02
ITUB4,1.02,75,RNA,2021-08-20,1,1,0.02
ITUB4,1.02,75,Random Forest,2021-08-20,1,1,0.02
ITUB4,1.02,75,SVC,2021-08-20,1,1,0.02
ITUB4,1.02,75,RNA,2021-08-23,1,1,0.02
ITUB4,1.02,75,Random Forest,2021-08-23,1,1,0.02
ITUB4,1.02,75,SVC,2021-08-23,1,1,0.02
ITUB4,1.02,75,RNA,2021-08-24,0,1,-0.006829253334292
ITUB4,1.02,75,Random Forest,2021-08-24,0,1,-0.006829253334292
ITUB4,1.02,75,SVC,2021-08-24,0,1,-0.006829253334292
ITUB4,1.02,75,RNA,2021-08-25,0,1,0.001294531002582
ITUB4,1.02,75,Random Forest,2021-08-25,0,1,0.001294531002582
ITUB4,1.02,75,SVC,2021-08-25,0,1,0.001294531002582
ITUB4,1.02,75,RNA,2021-08-26,1,1,0.02
ITUB4,1.02,75,Random Forest,2021-08-26,1,1,0.02
ITUB4,1.02,75,SVC,2021-08-26,1,1,0.02
ITUB4,1.02,75,RNA,2021-08-27,1,1,0.02
ITUB4,1.02,75,Random Forest,2021-08-27,1,1,0.02
ITUB4,1.02,75,SVC,2021-08-27,1,1,0.02
ITUB4,1.02,75,RNA,2021-08-30,1,1,0.02
ITUB4,1.02,75,Random Forest,2021-08-30,1,1,0.02
ITUB4,1.02,75,SVC,2021-08-30,1,1,0.02
ITUB4,1.02,75,RNA,2021-08-31,0,1,-0.0292981149287185
ITUB4,1.02,75,Random Forest,2021-08-31,0,1,-0.0292981149287185
ITUB4,1.02,75,SVC,2021-08-31,0,1,-0.0292981149287185
ITUB4,1.02,75,RNA,2021-09-01,0,1,-0.0702492614391222
ITUB4,1.02,75,Random Forest,2021-09-01,0,1,-0.0702492614391222
ITUB4,1.02,75,SVC,2021-09-01,0,1,-0.0702492614391222
ITUB4,1.02,75,RNA,2021-09-02,0,1,-0.0341852008779255
ITUB4,1.02,75,Random Forest,2021-09-02,0,0,-0.0341852008779255
ITUB4,1.02,75,SVC,2021-09-02,0,1,-0.0341852008779255
ITUB4,1.02,75,RNA,2021-09-03,1,1,0.02
ITUB4,1.02,75,Random Forest,2021-09-03,1,1,0.02
ITUB4,1.02,75,SVC,2021-09-03,1,1,0.02
ITUB4,1.02,75,RNA,2021-09-06,0,1,-0.0289614311639029
ITUB4,1.02,75,Random Forest,2021-09-06,0,1,-0.0289614311639029
ITUB4,1.02,75,SVC,2021-09-06,0,1,-0.0289614311639029
ITUB4,1.02,75,RNA,2021-09-08,1,1,0.02
ITUB4,1.02,75,Random Forest,2021-09-08,1,1,0.02
ITUB4,1.02,75,SVC,2021-09-08,1,1,0.02
ITUB4,1.02,75,RNA,2021-09-09,0,0,-0.0332203148702248
ITUB4,1.02,75,Random Forest,2021-09-09,0,0,-0.0332203148702248
ITUB4,1.02,75,SVC,2021-09-09,0,0,-0.0332203148702248
ITUB4,1.02,75,RNA,2021-09-10,0,1,-0.0282986741590129
ITUB4,1.02,75,Random Forest,2021-09-10,0,1,-0.0282986741590129
ITUB4,1.02,75,SVC,2021-09-10,0,1,-0.0282986741590129
ITUB4,1.02,75,RNA,2021-09-13,0,1,-0.0439862292437968
ITUB4,1.02,75,Random Forest,2021-09-13,0,1,-0.0439862292437968
ITUB4,1.02,75,SVC,2021-09-13,0,1,-0.0439862292437968
ITUB4,1.02,75,RNA,2021-09-14,0,1,-0.0640275446022548
ITUB4,1.02,75,Random Forest,2021-09-14,0,0,-0.0640275446022548
ITUB4,1.02,75,SVC,2021-09-14,0,0,-0.0640275446022548
ITUB4,1.02,75,RNA,2021-09-15,0,1,-0.0423728779165213
ITUB4,1.02,75,Random Forest,2021-09-15,0,0,-0.0423728779165213
ITUB4,1.02,75,SVC,2021-09-15,0,1,-0.0423728779165213
ITUB4,1.02,75,RNA,2021-09-16,0,0,-0.0252897427978466
ITUB4,1.02,75,Random Forest,2021-09-16,0,0,-0.0252897427978466
ITUB4,1.02,75,SVC,2021-09-16,0,0,-0.0252897427978466
ITUB4,1.02,75,RNA,2021-09-17,1,0,0.02
ITUB4,1.02,75,Random Forest,2021-09-17,1,0,0.02
ITUB4,1.02,75,SVC,2021-09-17,1,0,0.02
ITUB4,1.02,75,RNA,2021-09-20,1,1,0.02
ITUB4,1.02,75,Random Forest,2021-09-20,1,0,0.02
ITUB4,1.02,75,SVC,2021-09-20,1,1,0.02
ITUB4,1.02,75,RNA,2021-09-21,1,1,0.02
ITUB4,1.02,75,Random Forest,2021-09-21,1,0,0.02
ITUB4,1.02,75,SVC,2021-09-21,1,1,0.02
ITUB4,1.02,75,RNA,2021-09-22,1,1,0.02
ITUB4,1.02,75,Random Forest,2021-09-22,1,0,0.02
ITUB4,1.02,75,SVC,2021-09-22,1,1,0.02
ITUB4,1.02,75,RNA,2021-09-23,1,1,0.02
ITUB4,1.02,75,Random Forest,2021-09-23,1,1,0.02
ITUB4,1.02,75,SVC,2021-09-23,1,1,0.02
ITUB4,1.02,75,RNA,2021-09-24,1,1,0.02
ITUB4,1.02,75,Random Forest,2021-09-24,1,1,0.02
ITUB4,1.02,75,SVC,2021-09-24,1,1,0.02
ITUB4,1.02,75,RNA,2021-09-27,1,1,0.02
ITUB4,1.02,75,Random Forest,2021-09-27,1,1,0.02
ITUB4,1.02,75,SVC,2021-09-27,1,1,0.02
ITUB4,1.02,75,RNA,2021-09-28,1,1,0.02
ITUB4,1.02,75,Random Forest,2021-09-28,1,1,0.02
ITUB4,1.02,75,SVC,2021-09-28,1,1,0.02
ITUB4,1.02,75,RNA,2021-09-29,1,1,0.02
ITUB4,1.02,75,Random Forest,2021-09-29,1,1,0.02
ITUB4,1.02,75,SVC,2021-09-29,1,1,0.02
ITUB4,1.02,75,RNA,2021-09-30,1,0,0.02
ITUB4,1.02,75,Random Forest,2021-09-30,1,1,0.02
ITUB4,1.02,75,SVC,2021-09-30,1,1,0.02
ITUB4,1.02,75,RNA,2021-10-01,1,1,0.02
ITUB4,1.02,75,Random Forest,2021-10-01,1,1,0.02
ITUB4,1.02,75,SVC,2021-10-01,1,1,0.02
ITUB4,1.02,75,RNA,2021-10-04,1,1,0.02
ITUB4,1.02,75,Random Forest,2021-10-04,1,1,0.02
ITUB4,1.02,75,SVC,2021-10-04,1,1,0.02
ITUB4,1.02,75,RNA,2021-10-05,1,1,0.02
ITUB4,1.02,75,Random Forest,2021-10-05,1,1,0.02
ITUB4,1.02,75,SVC,2021-10-05,1,1,0.02
ITUB4,1.02,75,RNA,2021-10-06,0,1,-0.0346199618170117
ITUB4,1.02,75,Random Forest,2021-10-06,0,1,-0.0346199618170117
ITUB4,1.02,75,SVC,2021-10-06,0,1,-0.0346199618170117
ITUB4,1.02,75,RNA,2021-10-07,1,1,0.02
ITUB4,1.02,75,Random Forest,2021-10-07,1,1,0.02
ITUB4,1.02,75,SVC,2021-10-07,1,1,0.02
ITUB4,1.02,75,RNA,2021-10-08,0,1,0.0073230430745487
ITUB4,1.02,75,Random Forest,2021-10-08,0,1,0.0073230430745487
ITUB4,1.02,75,SVC,2021-10-08,0,1,0.0073230430745487
ITUB4,1.02,75,RNA,2021-10-11,1,1,0.02
ITUB4,1.02,75,Random Forest,2021-10-11,1,1,0.02
ITUB4,1.02,75,SVC,2021-10-11,1,1,0.02
ITUB4,1.02,75,RNA,2021-10-13,1,1,0.02
ITUB4,1.02,75,Random Forest,2021-10-13,1,1,0.02
ITUB4,1.02,75,SVC,2021-10-13,1,1,0.02
ITUB4,1.02,75,RNA,2021-10-14,1,1,0.02
ITUB4,1.02,75,Random Forest,2021-10-14,1,0,0.02
ITUB4,1.02,75,SVC,2021-10-14,1,1,0.02
ITUB4,1.02,75,RNA,2021-10-15,1,1,0.02
ITUB4,1.02,75,Random Forest,2021-10-15,1,1,0.02
ITUB4,1.02,75,SVC,2021-10-15,1,1,0.02
ITUB4,1.02,75,RNA,2021-10-18,0,1,-0.0469635439941812
ITUB4,1.02,75,Random Forest,2021-10-18,0,0,-0.0469635439941812
ITUB4,1.02,75,SVC,2021-10-18,0,1,-0.0469635439941812
ITUB4,1.02,75,RNA,2021-10-19,1,1,0.02
ITUB4,1.02,75,Random Forest,2021-10-19,1,0,0.02
ITUB4,1.02,75,SVC,2021-10-19,1,0,0.02
ITUB4,1.02,75,RNA,2021-10-20,1,0,0.02
ITUB4,1.02,75,Random Forest,2021-10-20,1,1,0.02
ITUB4,1.02,75,SVC,2021-10-20,1,1,0.02
ITUB4,1.02,75,RNA,2021-10-21,0,0,-0.0082918607861871
ITUB4,1.02,75,Random Forest,2021-10-21,0,0,-0.0082918607861871
ITUB4,1.02,75,SVC,2021-10-21,0,1,-0.0082918607861871
ITUB4,1.02,75,RNA,2021-10-22,1,1,0.02
ITUB4,1.02,75,Random Forest,2021-10-22,1,1,0.02
ITUB4,1.02,75,SVC,2021-10-22,1,1,0.02
ITUB4,1.02,75,RNA,2021-10-25,1,1,0.02
ITUB4,1.02,75,Random Forest,2021-10-25,1,1,0.02
ITUB4,1.02,75,SVC,2021-10-25,1,1,0.02
ITUB4,1.02,75,RNA,2021-10-26,1,1,0.02
ITUB4,1.02,75,Random Forest,2021-10-26,1,1,0.02
ITUB4,1.02,75,SVC,2021-10-26,1,1,0.02
ITUB4,1.02,75,RNA,2021-10-27,1,1,0.02
ITUB4,1.02,75,Random Forest,2021-10-27,1,1,0.02
ITUB4,1.02,75,SVC,2021-10-27,1,1,0.02
ITUB4,1.02,75,RNA,2021-10-28,1,1,0.02
ITUB4,1.02,75,Random Forest,2021-10-28,1,1,0.02
ITUB4,1.02,75,SVC,2021-10-28,1,1,0.02
ITUB4,1.02,75,RNA,2021-10-29,1,1,0.02
ITUB4,1.02,75,Random Forest,2021-10-29,1,1,0.02
ITUB4,1.02,75,SVC,2021-10-29,1,1,0.02
ITUB4,1.02,75,RNA,2021-11-01,1,1,0.02
ITUB4,1.02,75,Random Forest,2021-11-01,1,1,0.02
ITUB4,1.02,75,SVC,2021-11-01,1,1,0.02
ITUB4,1.02,75,RNA,2021-11-03,0,1,-0.0796568810977264
ITUB4,1.02,75,Random Forest,2021-11-03,0,1,-0.0796568810977264
ITUB4,1.02,75,SVC,2021-11-03,0,1,-0.0796568810977264
ITUB4,1.02,75,RNA,2021-11-04,0,1,-0.0170212865038204
ITUB4,1.02,75,Random Forest,2021-11-04,0,1,-0.0170212865038204
ITUB4,1.02,75,SVC,2021-11-04,0,1,-0.0170212865038204
ITUB4,1.02,75,RNA,2021-11-05,1,1,0.02
ITUB4,1.02,75,Random Forest,2021-11-05,1,1,0.02
ITUB4,1.02,75,SVC,2021-11-05,1,1,0.02
ITUB4,1.02,75,RNA,2021-11-08,1,1,0.02
ITUB4,1.02,75,Random Forest,2021-11-08,1,1,0.02
ITUB4,1.02,75,SVC,2021-11-08,1,1,0.02
ITUB4,1.02,75,RNA,2021-11-09,1,1,0.02
ITUB4,1.02,75,Random Forest,2021-11-09,1,1,0.02
ITUB4,1.02,75,SVC,2021-11-09,1,1,0.02
ITUB4,1.02,75,RNA,2021-11-10,0,0,-0.0247546374733381
ITUB4,1.02,75,Random Forest,2021-11-10,0,1,-0.0247546374733381
ITUB4,1.02,75,SVC,2021-11-10,0,1,-0.0247546374733381
ITUB4,1.02,75,RNA,2021-11-11,0,1,-0.0243161356008997
ITUB4,1.02,75,Random Forest,2021-11-11,0,1,-0.0243161356008997
ITUB4,1.02,75,SVC,2021-11-11,0,1,-0.0243161356008997
ITUB4,1.02,75,RNA,2021-11-12,0,1,-0.0346620071571147
ITUB4,1.02,75,Random Forest,2021-11-12,0,1,-0.0346620071571147
ITUB4,1.02,75,SVC,2021-11-12,0,1,-0.0346620071571147
ITUB4,1.02,75,RNA,2021-11-16,0,1,-0.0259394954502034
ITUB4,1.02,75,Random Forest,2021-11-16,0,0,-0.0259394954502034
ITUB4,1.02,75,SVC,2021-11-16,0,1,-0.0259394954502034
ITUB4,1.02,75,RNA,2021-11-17,0,1,-0.0043991574343631
ITUB4,1.02,75,Random Forest,2021-11-17,0,0,-0.0043991574343631
ITUB4,1.02,75,SVC,2021-11-17,0,1,-0.0043991574343631
ITUB4,1.02,75,RNA,2021-11-18,1,1,0.02
ITUB4,1.02,75,Random Forest,2021-11-18,1,0,0.02
ITUB4,1.02,75,SVC,2021-11-18,1,1,0.02
ITUB4,1.02,75,RNA,2021-11-19,1,1,0.02
ITUB4,1.02,75,Random Forest,2021-11-19,1,0,0.02
ITUB4,1.02,75,SVC,2021-11-19,1,1,0.02
ITUB4,1.02,75,RNA,2021-11-22,1,1,0.02
ITUB4,1.02,75,Random Forest,2021-11-22,1,0,0.02
ITUB4,1.02,75,SVC,2021-11-22,1,1,0.02
ITUB4,1.02,75,RNA,2021-11-23,1,1,0.02
ITUB4,1.02,75,Random Forest,2021-11-23,1,1,0.02
ITUB4,1.02,75,SVC,2021-11-23,1,1,0.02
ITUB4,1.02,75,RNA,2021-11-24,0,0,-0.0311688217456753
ITUB4,1.02,75,Random Forest,2021-11-24,0,1,-0.0311688217456753
ITUB4,1.02,75,SVC,2021-11-24,0,1,-0.0311688217456753
ITUB4,1.02,75,RNA,2021-11-25,0,0,-0.0229549305509405
ITUB4,1.02,75,Random Forest,2021-11-25,0,1,-0.0229549305509405
ITUB4,1.02,75,SVC,2021-11-25,0,1,-0.0229549305509405
ITUB4,1.02,75,RNA,2021-11-26,0,0,0.0003557636285826
ITUB4,1.02,75,Random Forest,2021-11-26,0,1,0.0003557636285826
ITUB4,1.02,75,SVC,2021-11-26,0,1,0.0003557636285826
ITUB4,1.02,75,RNA,2021-11-29,1,1,0.02
ITUB4,1.02,75,Random Forest,2021-11-29,1,1,0.02
ITUB4,1.02,75,SVC,2021-11-29,1,1,0.02
ITUB4,1.02,75,RNA,2021-11-30,1,0,0.02
ITUB4,1.02,75,Random Forest,2021-11-30,1,1,0.02
ITUB4,1.02,75,SVC,2021-11-30,1,1,0.02
ITUB4,1.02,75,RNA,2021-12-01,1,0,0.02
ITUB4,1.02,75,Random Forest,2021-12-01,1,1,0.02
ITUB4,1.02,75,SVC,2021-12-01,1,1,0.02
ITUB4,1.02,75,RNA,2021-12-02,1,1,0.02
ITUB4,1.02,75,Random Forest,2021-12-02,1,1,0.02
ITUB4,1.02,75,SVC,2021-12-02,1,1,0.02
ITUB4,1.02,75,RNA,2021-12-03,1,1,0.02
ITUB4,1.02,75,Random Forest,2021-12-03,1,0,0.02
ITUB4,1.02,75,SVC,2021-12-03,1,1,0.02
ITUB4,1.02,75,RNA,2021-12-06,0,1,-0.0618120507258376
ITUB4,1.02,75,Random Forest,2021-12-06,0,1,-0.0618120507258376
ITUB4,1.02,75,SVC,2021-12-06,0,1,-0.0618120507258376
ITUB4,1.02,75,RNA,2021-12-07,0,1,-0.0658293419037054
ITUB4,1.02,75,Random Forest,2021-12-07,0,1,-0.0658293419037054
ITUB4,1.02,75,SVC,2021-12-07,0,1,-0.0658293419037054
ITUB4,1.02,75,RNA,2021-12-08,0,1,-0.0438981392036046
ITUB4,1.02,75,Random Forest,2021-12-08,0,0,-0.0438981392036046
ITUB4,1.02,75,SVC,2021-12-08,0,1,-0.0438981392036046
ITUB4,1.02,75,RNA,2021-12-09,0,1,-0.0255834812574191
ITUB4,1.02,75,Random Forest,2021-12-09,0,1,-0.0255834812574191
ITUB4,1.02,75,SVC,2021-12-09,0,1,-0.0255834812574191
ITUB4,1.02,75,RNA,2021-12-10,0,1,-0.0121621902796168
ITUB4,1.02,75,Random Forest,2021-12-10,0,0,-0.0121621902796168
ITUB4,1.02,75,SVC,2021-12-10,0,1,-0.0121621902796168
ITUB4,1.02,75,RNA,2021-12-13,0,1,-0.01424635624692
ITUB4,1.02,75,Random Forest,2021-12-13,0,1,-0.01424635624692
ITUB4,1.02,75,SVC,2021-12-13,0,1,-0.01424635624692
ITUB4,1.02,75,RNA,2021-12-14,0,0,-0.0360565563354642
ITUB4,1.02,75,Random Forest,2021-12-14,0,0,-0.0360565563354642
ITUB4,1.02,75,SVC,2021-12-14,0,0,-0.0360565563354642
ITUB4,1.02,75,RNA,2021-12-15,0,0,-0.0342465322563038
ITUB4,1.02,75,Random Forest,2021-12-15,0,0,-0.0342465322563038
ITUB4,1.02,75,SVC,2021-12-15,0,1,-0.0342465322563038
ITUB4,1.02,75,RNA,2021-12-16,0,1,-0.01849281430975
ITUB4,1.02,75,Random Forest,2021-12-16,0,0,-0.01849281430975
ITUB4,1.02,75,SVC,2021-12-16,0,1,-0.01849281430975
ITUB4,1.02,75,RNA,2021-12-17,0,0,-0.0065177060386053
ITUB4,1.02,75,Random Forest,2021-12-17,0,0,-0.0065177060386053
ITUB4,1.02,75,SVC,2021-12-17,0,1,-0.0065177060386053
ITUB4,1.02,75,RNA,2021-12-20,1,0,0.02
ITUB4,1.02,75,Random Forest,2021-12-20,1,0,0.02
ITUB4,1.02,75,SVC,2021-12-20,1,1,0.02
ITUB4,1.02,75,RNA,2021-12-21,1,0,0.02
ITUB4,1.02,75,Random Forest,2021-12-21,1,0,0.02
ITUB4,1.02,75,SVC,2021-12-21,1,0,0.02
ITUB4,1.02,75,RNA,2021-12-22,0,0,-0.0014064730560553
ITUB4,1.02,75,Random Forest,2021-12-22,0,0,-0.0014064730560553
ITUB4,1.02,75,SVC,2021-12-22,0,1,-0.0014064730560553
ITUB4,1.02,75,RNA,2021-12-23,0,1,-0.0246741099822024
ITUB4,1.02,75,Random Forest,2021-12-23,0,0,-0.0246741099822024
ITUB4,1.02,75,SVC,2021-12-23,0,1,-0.0246741099822024
ITUB4,1.02,75,RNA,2021-12-27,0,0,-0.0047098264950297
ITUB4,1.02,75,Random Forest,2021-12-27,0,0,-0.0047098264950297
ITUB4,1.02,75,SVC,2021-12-27,0,0,-0.0047098264950297
ITUB4,1.02,75,RNA,2021-12-28,1,1,0.02
ITUB4,1.02,75,Random Forest,2021-12-28,1,0,0.02
ITUB4,1.02,75,SVC,2021-12-28,1,0,0.02
ITUB4,1.02,75,RNA,2021-12-29,1,1,0.02
ITUB4,1.02,75,Random Forest,2021-12-29,1,0,0.02
ITUB4,1.02,75,SVC,2021-12-29,1,1,0.02
ITUB4,1.02,75,RNA,2021-12-30,1,0,0.02
ITUB4,1.02,75,Random Forest,2021-12-30,1,0,0.02
ITUB4,1.02,75,SVC,2021-12-30,1,1,0.02
ITUB4,1.02,75,RNA,2022-01-03,1,0,0.02
ITUB4,1.02,75,Random Forest,2022-01-03,1,0,0.02
ITUB4,1.02,75,SVC,2022-01-03,1,1,0.02
ITUB4,1.02,75,RNA,2022-01-04,1,0,0.02
ITUB4,1.02,75,Random Forest,2022-01-04,1,0,0.02
ITUB4,1.02,75,SVC,2022-01-04,1,1,0.02
ITUB4,1.02,75,RNA,2022-01-05,1,0,0.02
ITUB4,1.02,75,Random Forest,2022-01-05,1,1,0.02
ITUB4,1.02,75,SVC,2022-01-05,1,1,0.02
ITUB4,1.02,75,RNA,2022-01-06,1,1,0.02
ITUB4,1.02,75,Random Forest,2022-01-06,1,1,0.02
ITUB4,1.02,75,SVC,2022-01-06,1,1,0.02
ITUB4,1.02,75,RNA,2022-01-07,1,1,0.02
ITUB4,1.02,75,Random Forest,2022-01-07,1,1,0.02
ITUB4,1.02,75,SVC,2022-01-07,1,1,0.02
ITUB4,1.02,75,RNA,2022-01-10,1,1,0.02
ITUB4,1.02,75,Random Forest,2022-01-10,1,1,0.02
ITUB4,1.02,75,SVC,2022-01-10,1,1,0.02
ITUB4,1.02,75,RNA,2022-01-11,1,1,0.02
ITUB4,1.02,75,Random Forest,2022-01-11,1,1,0.02
ITUB4,1.02,75,SVC,2022-01-11,1,1,0.02
ITUB4,1.02,75,RNA,2022-01-12,1,0,0.02
ITUB4,1.02,75,Random Forest,2022-01-12,1,1,0.02
ITUB4,1.02,75,SVC,2022-01-12,1,1,0.02
ITUB4,1.02,75,RNA,2022-01-13,1,1,0.02
ITUB4,1.02,75,Random Forest,2022-01-13,1,1,0.02
ITUB4,1.02,75,SVC,2022-01-13,1,1,0.02
ITUB4,1.02,75,RNA,2022-01-14,1,1,0.02
ITUB4,1.02,75,Random Forest,2022-01-14,1,1,0.02
ITUB4,1.02,75,SVC,2022-01-14,1,1,0.02
ITUB4,1.02,75,RNA,2022-01-17,1,1,0.02
ITUB4,1.02,75,Random Forest,2022-01-17,1,1,0.02
ITUB4,1.02,75,SVC,2022-01-17,1,1,0.02
ITUB4,1.02,75,RNA,2022-01-18,0,0,-0.0230898283165588
ITUB4,1.02,75,Random Forest,2022-01-18,0,1,-0.0230898283165588
ITUB4,1.02,75,SVC,2022-01-18,0,1,-0.0230898283165588
ITUB4,1.02,75,RNA,2022-01-19,1,1,0.02
ITUB4,1.02,75,Random Forest,2022-01-19,1,1,0.02
ITUB4,1.02,75,SVC,2022-01-19,1,1,0.02
ITUB4,1.02,75,RNA,2022-01-20,1,0,0.02
ITUB4,1.02,75,Random Forest,2022-01-20,1,1,0.02
ITUB4,1.02,75,SVC,2022-01-20,1,1,0.02
ITUB4,1.02,75,RNA,2022-01-21,1,1,0.02
ITUB4,1.02,75,Random Forest,2022-01-21,1,1,0.02
ITUB4,1.02,75,SVC,2022-01-21,1,1,0.02
ITUB4,1.02,75,RNA,2022-01-24,1,1,0.02
ITUB4,1.02,75,Random Forest,2022-01-24,1,1,0.02
ITUB4,1.02,75,SVC,2022-01-24,1,1,0.02
ITUB4,1.02,75,RNA,2022-01-25,1,1,0.02
ITUB4,1.02,75,Random Forest,2022-01-25,1,1,0.02
ITUB4,1.02,75,SVC,2022-01-25,1,1,0.02
ITUB4,1.02,75,RNA,2022-01-26,1,0,0.02
ITUB4,1.02,75,Random Forest,2022-01-26,1,0,0.02
ITUB4,1.02,75,SVC,2022-01-26,1,1,0.02
ITUB4,1.02,75,RNA,2022-01-27,1,1,0.02
ITUB4,1.02,75,Random Forest,2022-01-27,1,0,0.02
ITUB4,1.02,75,SVC,2022-01-27,1,1,0.02
ITUB4,1.02,75,RNA,2022-01-28,1,1,0.02
ITUB4,1.02,75,Random Forest,2022-01-28,1,1,0.02
ITUB4,1.02,75,SVC,2022-01-28,1,1,0.02
ITUB4,1.02,75,RNA,2022-01-31,0,0,0.0067220436394803
ITUB4,1.02,75,Random Forest,2022-01-31,0,1,0.0067220436394803
ITUB4,1.02,75,SVC,2022-01-31,0,1,0.0067220436394803
ITUB4,1.02,75,RNA,2022-02-01,0,1,-0.0058892889288928
ITUB4,1.02,75,Random Forest,2022-02-01,0,1,-0.0058892889288928
ITUB4,1.02,75,SVC,2022-02-01,0,1,-0.0058892889288928
ITUB4,1.02,75,RNA,2022-02-02,1,1,0.02
ITUB4,1.02,75,Random Forest,2022-02-02,1,1,0.02
ITUB4,1.02,75,SVC,2022-02-02,1,1,0.02
ITUB4,1.02,75,RNA,2022-02-03,1,0,0.02
ITUB4,1.02,75,Random Forest,2022-02-03,1,1,0.02
ITUB4,1.02,75,SVC,2022-02-03,1,0,0.02
ITUB4,1.02,75,RNA,2022-02-04,0,0,-0.015717111492743
ITUB4,1.02,75,Random Forest,2022-02-04,0,1,-0.015717111492743
ITUB4,1.02,75,SVC,2022-02-04,0,1,-0.015717111492743
ITUB4,1.02,75,RNA,2022-02-07,1,1,0.02
ITUB4,1.02,75,Random Forest,2022-02-07,1,1,0.02
ITUB4,1.02,75,SVC,2022-02-07,1,1,0.02
ITUB4,1.02,75,RNA,2022-02-08,1,1,0.02
ITUB4,1.02,75,Random Forest,2022-02-08,1,0,0.02
ITUB4,1.02,75,SVC,2022-02-08,1,0,0.02
ITUB4,1.02,75,RNA,2022-02-09,1,1,0.02
ITUB4,1.02,75,Random Forest,2022-02-09,1,1,0.02
ITUB4,1.02,75,SVC,2022-02-09,1,1,0.02
ITUB4,1.02,75,RNA,2022-02-10,1,1,0.02
ITUB4,1.02,75,Random Forest,2022-02-10,1,0,0.02
ITUB4,1.02,75,SVC,2022-02-10,1,0,0.02
ITUB4,1.02,75,RNA,2022-02-11,0,1,-0.0199247764467103
ITUB4,1.02,75,Random Forest,2022-02-11,0,1,-0.0199247764467103
ITUB4,1.02,75,SVC,2022-02-11,0,1,-0.0199247764467103
ITUB4,1.02,75,RNA,2022-02-14,0,1,-0.0235074318756265
ITUB4,1.02,75,Random Forest,2022-02-14,0,1,-0.0235074318756265
ITUB4,1.02,75,SVC,2022-02-14,0,1,-0.0235074318756265
ITUB4,1.02,75,RNA,2022-02-15,0,1,-0.0466766308714334
ITUB4,1.02,75,Random Forest,2022-02-15,0,1,-0.0466766308714334
ITUB4,1.02,75,SVC,2022-02-15,0,1,-0.0466766308714334
ITUB4,1.02,75,RNA,2022-02-16,0,1,-0.0240991402402619
ITUB4,1.02,75,Random Forest,2022-02-16,0,0,-0.0240991402402619
ITUB4,1.02,75,SVC,2022-02-16,0,1,-0.0240991402402619
ITUB4,1.02,75,RNA,2022-02-17,0,1,-0.0311369219655965
ITUB4,1.02,75,Random Forest,2022-02-17,0,1,-0.0311369219655965
ITUB4,1.02,75,SVC,2022-02-17,0,1,-0.0311369219655965
ITUB4,1.02,75,RNA,2022-02-18,0,1,-0.0479084674639354
ITUB4,1.02,75,Random Forest,2022-02-18,0,1,-0.0479084674639354
ITUB4,1.02,75,SVC,2022-02-18,0,1,-0.0479084674639354
ITUB4,1.02,75,RNA,2022-02-21,0,1,-0.010873782220349
ITUB4,1.02,75,Random Forest,2022-02-21,0,1,-0.010873782220349
ITUB4,1.02,75,SVC,2022-02-21,0,1,-0.010873782220349
ITUB4,1.02,75,RNA,2022-02-22,0,0,-0.0280419803855617
ITUB4,1.02,75,Random Forest,2022-02-22,0,0,-0.0280419803855617
ITUB4,1.02,75,SVC,2022-02-22,0,1,-0.0280419803855617
ITUB4,1.02,75,RNA,2022-02-23,1,0,0.02
ITUB4,1.02,75,Random Forest,2022-02-23,1,0,0.02
ITUB4,1.02,75,SVC,2022-02-23,1,1,0.02
ITUB4,1.02,75,RNA,2022-02-24,1,1,0.02
ITUB4,1.02,75,Random Forest,2022-02-24,1,0,0.02
ITUB4,1.02,75,SVC,2022-02-24,1,1,0.02
ITUB4,1.02,75,RNA,2022-02-25,1,0,0.02
ITUB4,1.02,75,Random Forest,2022-02-25,1,0,0.02
ITUB4,1.02,75,SVC,2022-02-25,1,1,0.02
ITUB4,1.02,75,RNA,2022-03-02,1,0,0.02
ITUB4,1.02,75,Random Forest,2022-03-02,1,0,0.02
ITUB4,1.02,75,SVC,2022-03-02,1,1,0.02
ITUB4,1.02,75,RNA,2022-03-03,0,0,0.0011966216512069
ITUB4,1.02,75,Random Forest,2022-03-03,0,0,0.0011966216512069
ITUB4,1.02,75,SVC,2022-03-03,0,1,0.0011966216512069
ITUB4,1.02,75,RNA,2022-03-04,1,1,0.02
ITUB4,1.02,75,Random Forest,2022-03-04,1,0,0.02
ITUB4,1.02,75,SVC,2022-03-04,1,1,0.02
ITUB4,1.02,75,RNA,2022-03-07,1,0,0.02
ITUB4,1.02,75,Random Forest,2022-03-07,1,0,0.02
ITUB4,1.02,75,SVC,2022-03-07,1,1,0.02
ITUB4,1.02,75,RNA,2022-03-08,1,0,0.02
ITUB4,1.02,75,Random Forest,2022-03-08,1,1,0.02
ITUB4,1.02,75,SVC,2022-03-08,1,1,0.02
ITUB4,1.02,75,RNA,2022-03-09,1,0,0.02
ITUB4,1.02,75,Random Forest,2022-03-09,1,1,0.02
ITUB4,1.02,75,SVC,2022-03-09,1,1,0.02
ITUB4,1.02,75,RNA,2022-03-10,0,0,0.0142687174217719
ITUB4,1.02,75,Random Forest,2022-03-10,0,1,0.0142687174217719
ITUB4,1.02,75,SVC,2022-03-10,0,1,0.0142687174217719
ITUB4,1.02,75,RNA,2022-03-11,1,1,0.02
ITUB4,1.02,75,Random Forest,2022-03-11,1,1,0.02
ITUB4,1.02,75,SVC,2022-03-11,1,1,0.02
ITUB4,1.02,75,RNA,2022-03-14,1,1,0.02
ITUB4,1.02,75,Random Forest,2022-03-14,1,1,0.02
ITUB4,1.02,75,SVC,2022-03-14,1,1,0.02
ITUB4,1.02,75,RNA,2022-03-15,1,1,0.02
ITUB4,1.02,75,Random Forest,2022-03-15,1,1,0.02
ITUB4,1.02,75,SVC,2022-03-15,1,1,0.02
ITUB4,1.02,75,RNA,2022-03-16,1,0,0.02
ITUB4,1.02,75,Random Forest,2022-03-16,1,1,0.02
ITUB4,1.02,75,SVC,2022-03-16,1,1,0.02
ITUB4,1.02,75,RNA,2022-03-17,1,1,0.02
ITUB4,1.02,75,Random Forest,2022-03-17,1,1,0.02
ITUB4,1.02,75,SVC,2022-03-17,1,1,0.02
ITUB4,1.02,75,RNA,2022-03-18,1,1,0.02
ITUB4,1.02,75,Random Forest,2022-03-18,1,1,0.02
ITUB4,1.02,75,SVC,2022-03-18,1,1,0.02
ITUB4,1.02,75,RNA,2022-03-21,0,1,0.0099264884657097
ITUB4,1.02,75,Random Forest,2022-03-21,0,0,0.0099264884657097
ITUB4,1.02,75,SVC,2022-03-21,0,0,0.0099264884657097
ITUB4,1.02,75,RNA,2022-03-22,0,1,0.0021905789418816
ITUB4,1.02,75,Random Forest,2022-03-22,0,0,0.0021905789418816
ITUB4,1.02,75,SVC,2022-03-22,0,1,0.0021905789418816
ITUB4,1.02,75,RNA,2022-03-23,1,0,0.02
ITUB4,1.02,75,Random Forest,2022-03-23,1,0,0.02
ITUB4,1.02,75,SVC,2022-03-23,1,0,0.02
ITUB4,1.02,75,RNA,2022-03-24,1,1,0.02
ITUB4,1.02,75,Random Forest,2022-03-24,1,0,0.02
ITUB4,1.02,75,SVC,2022-03-24,1,0,0.02
ITUB4,1.02,75,RNA,2022-03-25,0,1,-0.002178647639214
ITUB4,1.02,75,Random Forest,2022-03-25,0,1,-0.002178647639214
ITUB4,1.02,75,SVC,2022-03-25,0,1,-0.002178647639214
ITUB4,1.02,75,RNA,2022-03-28,0,1,-0.0054964919587053
ITUB4,1.02,75,Random Forest,2022-03-28,0,0,-0.0054964919587053
ITUB4,1.02,75,SVC,2022-03-28,0,1,-0.0054964919587053
ITUB4,1.02,75,RNA,2022-03-29,0,1,-0.0191260467010287
ITUB4,1.02,75,Random Forest,2022-03-29,0,0,-0.0191260467010287
ITUB4,1.02,75,SVC,2022-03-29,0,0,-0.0191260467010287
ITUB4,1.02,75,RNA,2022-03-30,0,0,-0.0402733956983835
ITUB4,1.02,75,Random Forest,2022-03-30,0,0,-0.0402733956983835
ITUB4,1.02,75,SVC,2022-03-30,0,1,-0.0402733956983835
ITUB4,1.02,75,RNA,2022-03-31,0,1,-0.035018065908836
ITUB4,1.02,75,Random Forest,2022-03-31,0,0,-0.035018065908836
ITUB4,1.02,75,SVC,2022-03-31,0,1,-0.035018065908836
ITUB4,1.02,75,RNA,2022-04-01,0,1,-0.0269581373545115
ITUB4,1.02,75,Random Forest,2022-04-01,0,0,-0.0269581373545115
ITUB4,1.02,75,SVC,2022-04-01,0,1,-0.0269581373545115
ITUB4,1.02,75,RNA,2022-04-04,0,1,-0.020932810595951
ITUB4,1.02,75,Random Forest,2022-04-04,0,0,-0.020932810595951
ITUB4,1.02,75,SVC,2022-04-04,0,1,-0.020932810595951
ITUB4,1.02,75,RNA,2022-04-05,0,0,-0.0003763504021335
ITUB4,1.02,75,Random Forest,2022-04-05,0,0,-0.0003763504021335
ITUB4,1.02,75,SVC,2022-04-05,0,1,-0.0003763504021335
ITUB4,1.02,75,RNA,2022-04-06,0,1,-0.0158431009522819
ITUB4,1.02,75,Random Forest,2022-04-06,0,0,-0.0158431009522819
ITUB4,1.02,75,SVC,2022-04-06,0,1,-0.0158431009522819
ITUB4,1.02,75,RNA,2022-04-07,0,0,-0.0150602412691489
ITUB4,1.02,75,Random Forest,2022-04-07,0,0,-0.0150602412691489
ITUB4,1.02,75,SVC,2022-04-07,0,1,-0.0150602412691489
ITUB4,1.02,75,RNA,2022-04-08,0,1,-0.0101503546906058
ITUB4,1.02,75,Random Forest,2022-04-08,0,0,-0.0101503546906058
ITUB4,1.02,75,SVC,2022-04-08,0,1,-0.0101503546906058
ITUB4,1.02,75,RNA,2022-04-11,0,0,-0.0119403085524354
ITUB4,1.02,75,Random Forest,2022-04-11,0,0,-0.0119403085524354
ITUB4,1.02,75,SVC,2022-04-11,0,1,-0.0119403085524354
ITUB4,1.02,75,RNA,2022-04-12,0,0,-0.0102739512031623
ITUB4,1.02,75,Random Forest,2022-04-12,0,0,-0.0102739512031623
ITUB4,1.02,75,SVC,2022-04-12,0,1,-0.0102739512031623
ITUB4,1.02,75,RNA,2022-04-13,1,1,0.02
ITUB4,1.02,75,Random Forest,2022-04-13,1,0,0.02
ITUB4,1.02,75,SVC,2022-04-13,1,1,0.02
ITUB4,1.02,75,RNA,2022-04-14,0,1,-0.0217225270188895
ITUB4,1.02,75,Random Forest,2022-04-14,0,0,-0.0217225270188895
ITUB4,1.02,75,SVC,2022-04-14,0,1,-0.0217225270188895
ITUB4,1.02,75,RNA,2022-04-18,0,0,-0.0358220153171914
ITUB4,1.02,75,Random Forest,2022-04-18,0,0,-0.0358220153171914
ITUB4,1.02,75,SVC,2022-04-18,0,1,-0.0358220153171914
ITUB4,1.02,75,RNA,2022-04-19,0,0,-0.0507301934568943
ITUB4,1.02,75,Random Forest,2022-04-19,0,0,-0.0507301934568943
ITUB4,1.02,75,SVC,2022-04-19,0,1,-0.0507301934568943
ITUB4,1.02,75,RNA,2022-04-20,0,0,-0.0540540287712879
ITUB4,1.02,75,Random Forest,2022-04-20,0,0,-0.0540540287712879
ITUB4,1.02,75,SVC,2022-04-20,0,1,-0.0540540287712879
ITUB4,1.02,75,RNA,2022-04-22,0,0,-0.0470588241504158
ITUB4,1.02,75,Random Forest,2022-04-22,0,0,-0.0470588241504158
ITUB4,1.02,75,SVC,2022-04-22,0,1,-0.0470588241504158
ITUB4,1.02,75,RNA,2022-04-25,0,0,-0.0550277017137272
ITUB4,1.02,75,Random Forest,2022-04-25,0,0,-0.0550277017137272
ITUB4,1.02,75,SVC,2022-04-25,0,0,-0.0550277017137272
ITUB4,1.02,75,RNA,2022-04-26,0,0,-0.0489169900846493
ITUB4,1.02,75,Random Forest,2022-04-26,0,0,-0.0489169900846493
ITUB4,1.02,75,SVC,2022-04-26,0,0,-0.0489169900846493
ITUB4,1.02,75,RNA,2022-04-27,0,1,-0.0253915709313881
ITUB4,1.02,75,Random Forest,2022-04-27,0,1,-0.0253915709313881
ITUB4,1.02,75,SVC,2022-04-27,0,1,-0.0253915709313881
ITUB4,1.02,75,RNA,2022-04-28,1,1,0.02
ITUB4,1.02,75,Random Forest,2022-04-28,1,1,0.02
ITUB4,1.02,75,SVC,2022-04-28,1,1,0.02
ITUB4,1.02,75,RNA,2022-04-29,0,0,-0.0242982478976204
ITUB4,1.02,75,Random Forest,2022-04-29,0,1,-0.0242982478976204
ITUB4,1.02,75,SVC,2022-04-29,0,0,-0.0242982478976204
ITUB4,1.02,75,RNA,2022-05-02,0,0,-0.0004201811034244
ITUB4,1.02,75,Random Forest,2022-05-02,0,1,-0.0004201811034244
ITUB4,1.02,75,SVC,2022-05-02,0,1,-0.0004201811034244
ITUB4,1.02,75,RNA,2022-05-03,0,1,-0.0130471465289693
ITUB4,1.02,75,Random Forest,2022-05-03,0,1,-0.0130471465289693
ITUB4,1.02,75,SVC,2022-05-03,0,1,-0.0130471465289693
ITUB4,1.02,75,RNA,2022-05-04,1,1,0.02
ITUB4,1.02,75,Random Forest,2022-05-04,1,0,0.02
ITUB4,1.02,75,SVC,2022-05-04,1,1,0.02
ITUB4,1.02,75,RNA,2022-05-05,1,0,0.02
ITUB4,1.02,75,Random Forest,2022-05-05,1,0,0.02
ITUB4,1.02,75,SVC,2022-05-05,1,1,0.02
ITUB4,1.02,75,RNA,2022-05-06,1,1,0.02
ITUB4,1.02,75,Random Forest,2022-05-06,1,0,0.02
ITUB4,1.02,75,SVC,2022-05-06,1,1,0.02
ITUB4,1.02,75,RNA,2022-05-09,1,0,0.02
ITUB4,1.02,75,Random Forest,2022-05-09,1,1,0.02
ITUB4,1.02,75,SVC,2022-05-09,1,1,0.02
ITUB4,1.02,75,RNA,2022-05-10,1,1,0.02
ITUB4,1.02,75,Random Forest,2022-05-10,1,1,0.02
ITUB4,1.02,75,SVC,2022-05-10,1,1,0.02
ITUB4,1.02,75,RNA,2022-05-11,1,1,0.02
ITUB4,1.02,75,Random Forest,2022-05-11,1,1,0.02
ITUB4,1.02,75,SVC,2022-05-11,1,1,0.02
ITUB4,1.02,75,RNA,2022-05-12,1,1,0.02
ITUB4,1.02,75,Random Forest,2022-05-12,1,1,0.02
ITUB4,1.02,75,SVC,2022-05-12,1,1,0.02
ITUB4,1.02,75,RNA,2022-05-13,1,1,0.02
ITUB4,1.02,75,Random Forest,2022-05-13,1,1,0.02
ITUB4,1.02,75,SVC,2022-05-13,1,1,0.02
ITUB4,1.02,75,RNA,2022-05-16,0,1,-0.009069416839149
ITUB4,1.02,75,Random Forest,2022-05-16,0,1,-0.009069416839149
ITUB4,1.02,75,SVC,2022-05-16,0,1,-0.009069416839149
ITUB4,1.02,75,RNA,2022-05-17,1,0,0.02
ITUB4,1.02,75,Random Forest,2022-05-17,1,1,0.02
ITUB4,1.02,75,SVC,2022-05-17,1,1,0.02
ITUB4,1.02,75,RNA,2022-05-18,1,0,0.02
ITUB4,1.02,75,Random Forest,2022-05-18,1,1,0.02
ITUB4,1.02,75,SVC,2022-05-18,1,1,0.02
ITUB4,1.02,75,RNA,2022-05-19,1,0,0.02
ITUB4,1.02,75,Random Forest,2022-05-19,1,1,0.02
ITUB4,1.02,75,SVC,2022-05-19,1,1,0.02
ITUB4,1.02,75,RNA,2022-05-20,1,1,0.02
ITUB4,1.02,75,Random Forest,2022-05-20,1,1,0.02
ITUB4,1.02,75,SVC,2022-05-20,1,1,0.02
ITUB4,1.02,75,RNA,2022-05-23,1,1,0.02
ITUB4,1.02,75,Random Forest,2022-05-23,1,1,0.02
ITUB4,1.02,75,SVC,2022-05-23,1,1,0.02
ITUB4,1.02,75,RNA,2022-05-24,0,1,-0.0049904030313762
ITUB4,1.02,75,Random Forest,2022-05-24,0,1,-0.0049904030313762
ITUB4,1.02,75,SVC,2022-05-24,0,1,-0.0049904030313762
ITUB4,1.02,75,RNA,2022-05-25,1,1,0.02
ITUB4,1.02,75,Random Forest,2022-05-25,1,0,0.02
ITUB4,1.02,75,SVC,2022-05-25,1,1,0.02
ITUB4,1.02,75,RNA,2022-05-26,0,1,-0.0100762791903735
ITUB4,1.02,75,Random Forest,2022-05-26,0,1,-0.0100762791903735
ITUB4,1.02,75,SVC,2022-05-26,0,1,-0.0100762791903735
ITUB4,1.02,75,RNA,2022-05-27,0,0,-0.0137995024253322
ITUB4,1.02,75,Random Forest,2022-05-27,0,0,-0.0137995024253322
ITUB4,1.02,75,SVC,2022-05-27,0,1,-0.0137995024253322
ITUB4,1.02,75,RNA,2022-05-30,0,0,-0.0203310780095277
ITUB4,1.02,75,Random Forest,2022-05-30,0,0,-0.0203310780095277
ITUB4,1.02,75,SVC,2022-05-30,0,0,-0.0203310780095277
ITUB4,1.02,75,RNA,2022-05-31,0,0,-0.0277672243527614
ITUB4,1.02,75,Random Forest,2022-05-31,0,0,-0.0277672243527614
ITUB4,1.02,75,SVC,2022-05-31,0,0,-0.0277672243527614
ITUB4,1.02,75,RNA,2022-06-01,0,0,-0.0176786889121048
ITUB4,1.02,75,Random Forest,2022-06-01,0,0,-0.0176786889121048
ITUB4,1.02,75,SVC,2022-06-01,0,0,-0.0176786889121048
ITUB4,1.02,75,RNA,2022-06-02,0,0,-0.026407777815245
ITUB4,1.02,75,Random Forest,2022-06-02,0,0,-0.026407777815245
ITUB4,1.02,75,SVC,2022-06-02,0,0,-0.026407777815245
ITUB4,1.02,75,RNA,2022-06-03,0,0,-0.0468085250204608
ITUB4,1.02,75,Random Forest,2022-06-03,0,0,-0.0468085250204608
ITUB4,1.02,75,SVC,2022-06-03,0,0,-0.0468085250204608
ITUB4,1.02,75,RNA,2022-06-06,0,1,-0.0537888035915916
ITUB4,1.02,75,Random Forest,2022-06-06,0,0,-0.0537888035915916
ITUB4,1.02,75,SVC,2022-06-06,0,0,-0.0537888035915916
ITUB4,1.02,75,RNA,2022-06-07,0,0,-0.0644400406712316
ITUB4,1.02,75,Random Forest,2022-06-07,0,0,-0.0644400406712316
ITUB4,1.02,75,SVC,2022-06-07,0,0,-0.0644400406712316
ITUB4,1.02,75,RNA,2022-06-08,0,0,-0.0562649363477463
ITUB4,1.02,75,Random Forest,2022-06-08,0,0,-0.0562649363477463
ITUB4,1.02,75,SVC,2022-06-08,0,0,-0.0562649363477463
ITUB4,1.02,75,RNA,2022-06-09,0,0,-0.032192312455432
ITUB4,1.02,75,Random Forest,2022-06-09,0,1,-0.032192312455432
ITUB4,1.02,75,SVC,2022-06-09,0,0,-0.032192312455432
ITUB4,1.02,75,RNA,2022-06-10,0,1,-0.0229166936191477
ITUB4,1.02,75,Random Forest,2022-06-10,0,1,-0.0229166936191477
ITUB4,1.02,75,SVC,2022-06-10,0,0,-0.0229166936191477
ITUB4,1.02,75,RNA,2022-06-13,1,1,0.02
ITUB4,1.02,75,Random Forest,2022-06-13,1,1,0.02
ITUB4,1.02,75,SVC,2022-06-13,1,1,0.02
ITUB4,1.02,75,RNA,2022-06-14,1,1,0.02
ITUB4,1.02,75,Random Forest,2022-06-14,1,0,0.02
ITUB4,1.02,75,SVC,2022-06-14,1,1,0.02
ITUB4,1.02,75,RNA,2022-06-15,1,0,0.02
ITUB4,1.02,75,Random Forest,2022-06-15,1,0,0.02
ITUB4,1.02,75,SVC,2022-06-15,1,1,0.02
ITUB4,1.02,75,RNA,2022-06-17,1,1,0.02
ITUB4,1.02,75,Random Forest,2022-06-17,1,1,0.02
ITUB4,1.02,75,SVC,2022-06-17,1,1,0.02
ITUB4,1.02,75,RNA,2022-06-20,0,1,-0.0456026274335767
ITUB4,1.02,75,Random Forest,2022-06-20,0,1,-0.0456026274335767
ITUB4,1.02,75,SVC,2022-06-20,0,1,-0.0456026274335767
ITUB4,1.02,75,RNA,2022-06-21,0,1,-0.0284301836254713
ITUB4,1.02,75,Random Forest,2022-06-21,0,1,-0.0284301836254713
ITUB4,1.02,75,SVC,2022-06-21,0,1,-0.0284301836254713
ITUB4,1.02,75,RNA,2022-06-22,0,1,-0.0307564126464507
ITUB4,1.02,75,Random Forest,2022-06-22,0,1,-0.0307564126464507
ITUB4,1.02,75,SVC,2022-06-22,0,1,-0.0307564126464507
ITUB4,1.02,75,RNA,2022-06-23,0,1,-0.0257492468736639
ITUB4,1.02,75,Random Forest,2022-06-23,0,0,-0.0257492468736639
ITUB4,1.02,75,SVC,2022-06-23,0,1,-0.0257492468736639
ITUB4,1.02,75,RNA,2022-06-24,0,1,-0.0365490852532083
ITUB4,1.02,75,Random Forest,2022-06-24,0,1,-0.0365490852532083
ITUB4,1.02,75,SVC,2022-06-24,0,1,-0.0365490852532083
ITUB4,1.02,75,RNA,2022-06-27,0,0,-0.0363331442232922
ITUB4,1.02,75,Random Forest,2022-06-27,0,0,-0.0363331442232922
ITUB4,1.02,75,SVC,2022-06-27,0,1,-0.0363331442232922
ITUB4,1.02,75,RNA,2022-06-28,0,1,-0.0350386772035582
ITUB4,1.02,75,Random Forest,2022-06-28,0,0,-0.0350386772035582
ITUB4,1.02,75,SVC,2022-06-28,0,1,-0.0350386772035582
ITUB4,1.02,75,RNA,2022-06-29,0,0,-0.0005360591833839
ITUB4,1.02,75,Random Forest,2022-06-29,0,1,-0.0005360591833839
ITUB4,1.02,75,SVC,2022-06-29,0,1,-0.0005360591833839
ITUB4,1.02,75,RNA,2022-06-30,1,0,0.02
ITUB4,1.02,75,Random Forest,2022-06-30,1,0,0.02
ITUB4,1.02,75,SVC,2022-06-30,1,0,0.02
ITUB4,1.02,75,RNA,2022-07-01,0,0,0.0101455908189715
ITUB4,1.02,75,Random Forest,2022-07-01,0,0,0.0101455908189715
ITUB4,1.02,75,SVC,2022-07-01,0,0,0.0101455908189715
ITUB4,1.02,75,RNA,2022-07-04,1,1,0.02
ITUB4,1.02,75,Random Forest,2022-07-04,1,0,0.02
ITUB4,1.02,75,SVC,2022-07-04,1,1,0.02
ITUB4,1.02,75,RNA,2022-07-05,1,1,0.02
ITUB4,1.02,75,Random Forest,2022-07-05,1,0,0.02
ITUB4,1.02,75,SVC,2022-07-05,1,0,0.02
ITUB4,1.02,75,RNA,2022-07-06,1,1,0.02
ITUB4,1.02,75,Random Forest,2022-07-06,1,0,0.02
ITUB4,1.02,75,SVC,2022-07-06,1,1,0.02
ITUB4,1.02,75,RNA,2022-07-07,0,1,-0.0357296566372041
ITUB4,1.02,75,Random Forest,2022-07-07,0,1,-0.0357296566372041
ITUB4,1.02,75,SVC,2022-07-07,0,1,-0.0357296566372041
ITUB4,1.02,75,RNA,2022-07-08,0,0,-0.0194777031141839
ITUB4,1.02,75,Random Forest,2022-07-08,0,0,-0.0194777031141839
ITUB4,1.02,75,SVC,2022-07-08,0,1,-0.0194777031141839
ITUB4,1.02,75,RNA,2022-07-11,0,0,0.0008876944070723
ITUB4,1.02,75,Random Forest,2022-07-11,0,0,0.0008876944070723
ITUB4,1.02,75,SVC,2022-07-11,0,1,0.0008876944070723
ITUB4,1.02,75,RNA,2022-07-12,1,1,0.02
ITUB4,1.02,75,Random Forest,2022-07-12,1,0,0.02
ITUB4,1.02,75,SVC,2022-07-12,1,0,0.02
ITUB4,1.02,75,RNA,2022-07-13,1,0,0.02
ITUB4,1.02,75,Random Forest,2022-07-13,1,0,0.02
ITUB4,1.02,75,SVC,2022-07-13,1,0,0.02
ITUB4,1.02,75,RNA,2022-07-14,1,1,0.02
ITUB4,1.02,75,Random Forest,2022-07-14,1,0,0.02
ITUB4,1.02,75,SVC,2022-07-14,1,0,0.02
ITUB4,1.02,75,RNA,2022-07-15,1,1,0.02
ITUB4,1.02,75,Random Forest,2022-07-15,1,0,0.02
ITUB4,1.02,75,SVC,2022-07-15,1,0,0.02
ITUB4,1.02,75,RNA,2022-07-18,1,1,0.02
ITUB4,1.02,75,Random Forest,2022-07-18,1,1,0.02
ITUB4,1.02,75,SVC,2022-07-18,1,0,0.02
ITUB4,1.02,75,RNA,2022-07-19,0,1,0.004255324256154
ITUB4,1.02,75,Random Forest,2022-07-19,0,1,0.004255324256154
ITUB4,1.02,75,SVC,2022-07-19,0,1,0.004255324256154
ITUB4,1.02,75,RNA,2022-07-20,1,1,0.02
ITUB4,1.02,75,Random Forest,2022-07-20,1,1,0.02
ITUB4,1.02,75,SVC,2022-07-20,1,1,0.02
ITUB4,1.02,75,RNA,2022-07-21,0,1,-0.0021186465998106
ITUB4,1.02,75,Random Forest,2022-07-21,0,1,-0.0021186465998106
ITUB4,1.02,75,SVC,2022-07-21,0,1,-0.0021186465998106
ITUB4,1.02,75,RNA,2022-07-22,1,1,0.02
ITUB4,1.02,75,Random Forest,2022-07-22,1,1,0.02
ITUB4,1.02,75,SVC,2022-07-22,1,0,0.02
ITUB4,1.02,75,RNA,2022-07-25,0,1,-0.0004232140944956
ITUB4,1.02,75,Random Forest,2022-07-25,0,1,-0.0004232140944956
ITUB4,1.02,75,SVC,2022-07-25,0,0,-0.0004232140944956
ITUB4,1.02,75,RNA,2022-07-26,0,1,-0.0056077149238341
ITUB4,1.02,75,Random Forest,2022-07-26,0,0,-0.0056077149238341
ITUB4,1.02,75,SVC,2022-07-26,0,1,-0.0056077149238341
ITUB4,1.02,75,RNA,2022-07-27,0,1,0.0079716593133929
ITUB4,1.02,75,Random Forest,2022-07-27,0,1,0.0079716593133929
ITUB4,1.02,75,SVC,2022-07-27,0,1,0.0079716593133929
ITUB4,1.02,75,RNA,2022-07-28,0,1,0.0070707841604975
ITUB4,1.02,75,Random Forest,2022-07-28,0,0,0.0070707841604975
ITUB4,1.02,75,SVC,2022-07-28,0,1,0.0070707841604975
ITUB4,1.02,75,RNA,2022-07-29,1,1,0.02
ITUB4,1.02,75,Random Forest,2022-07-29,1,1,0.02
ITUB4,1.02,75,SVC,2022-07-29,1,1,0.02
ITUB4,1.02,75,RNA,2022-08-01,1,0,0.02
ITUB4,1.02,75,Random Forest,2022-08-01,1,0,0.02
ITUB4,1.02,75,SVC,2022-08-01,1,0,0.02
ITUB4,1.02,75,RNA,2022-08-02,1,1,0.02
ITUB4,1.02,75,Random Forest,2022-08-02,1,1,0.02
ITUB4,1.02,75,SVC,2022-08-02,1,0,0.02
ITUB4,1.02,75,RNA,2022-08-03,1,1,0.02
ITUB4,1.02,75,Random Forest,2022-08-03,1,0,0.02
ITUB4,1.02,75,SVC,2022-08-03,1,1,0.02
ITUB4,1.02,75,RNA,2022-08-04,1,1,0.02
ITUB4,1.02,75,Random Forest,2022-08-04,1,0,0.02
ITUB4,1.02,75,SVC,2022-08-04,1,1,0.02
ITUB4,1.02,75,RNA,2022-08-05,1,1,0.02
ITUB4,1.02,75,Random Forest,2022-08-05,1,1,0.02
ITUB4,1.02,75,SVC,2022-08-05,1,1,0.02
ITUB4,1.02,75,RNA,2022-08-08,1,1,0.02
ITUB4,1.02,75,Random Forest,2022-08-08,1,1,0.02
ITUB4,1.02,75,SVC,2022-08-08,1,0,0.02
ITUB4,1.02,75,RNA,2022-08-09,1,0,0.02
ITUB4,1.02,75,Random Forest,2022-08-09,1,1,0.02
ITUB4,1.02,75,SVC,2022-08-09,1,1,0.02
ITUB4,1.02,75,RNA,2022-08-10,1,1,0.02
ITUB4,1.02,75,Random Forest,2022-08-10,1,0,0.02
ITUB4,1.02,75,SVC,2022-08-10,1,1,0.02
ITUB4,1.02,75,RNA,2022-08-11,1,1,0.02
ITUB4,1.02,75,Random Forest,2022-08-11,1,0,0.02
ITUB4,1.02,75,SVC,2022-08-11,1,1,0.02
ITUB4,1.02,75,RNA,2022-08-12,1,1,0.02
ITUB4,1.02,75,Random Forest,2022-08-12,1,1,0.02
ITUB4,1.02,75,SVC,2022-08-12,1,1,0.02
ITUB4,1.02,75,RNA,2022-08-15,1,0,0.02
ITUB4,1.02,75,Random Forest,2022-08-15,1,1,0.02
ITUB4,1.02,75,SVC,2022-08-15,1,1,0.02
ITUB4,1.02,75,RNA,2022-08-16,0,1,-0.0162703106305197
ITUB4,1.02,75,Random Forest,2022-08-16,0,1,-0.0162703106305197
ITUB4,1.02,75,SVC,2022-08-16,0,1,-0.0162703106305197
ITUB4,1.02,75,RNA,2022-08-17,0,1,-0.0244632343440613
ITUB4,1.02,75,Random Forest,2022-08-17,0,1,-0.0244632343440613
ITUB4,1.02,75,SVC,2022-08-17,0,1,-0.0244632343440613
ITUB4,1.02,75,RNA,2022-08-18,0,1,-0.010447767475726
ITUB4,1.02,75,Random Forest,2022-08-18,0,0,-0.010447767475726
ITUB4,1.02,75,SVC,2022-08-18,0,1,-0.010447767475726
ITUB4,1.02,75,RNA,2022-08-19,0,0,0.0170454359817622
ITUB4,1.02,75,Random Forest,2022-08-19,0,1,0.0170454359817622
ITUB4,1.02,75,SVC,2022-08-19,0,1,0.0170454359817622
ITUB4,1.02,75,RNA,2022-08-22,1,1,0.02
ITUB4,1.02,75,Random Forest,2022-08-22,1,0,0.02
ITUB4,1.02,75,SVC,2022-08-22,1,1,0.02
ITUB4,1.02,75,RNA,2022-08-23,1,0,0.02
ITUB4,1.02,75,Random Forest,2022-08-23,1,0,0.02
ITUB4,1.02,75,SVC,2022-08-23,1,1,0.02
ITUB4,1.02,75,RNA,2022-08-24,0,1,-0.00488537720023
ITUB4,1.02,75,Random Forest,2022-08-24,0,0,-0.00488537720023
ITUB4,1.02,75,SVC,2022-08-24,0,1,-0.00488537720023
ITUB4,1.02,75,RNA,2022-08-25,0,1,-0.040520448370624
ITUB4,1.02,75,Random Forest,2022-08-25,0,1,-0.040520448370624
ITUB4,1.02,75,SVC,2022-08-25,0,1,-0.040520448370624
ITUB4,1.02,75,RNA,2022-08-26,0,0,-0.0125122042816372
ITUB4,1.02,75,Random Forest,2022-08-26,0,0,-0.0125122042816372
ITUB4,1.02,75,SVC,2022-08-26,0,1,-0.0125122042816372
ITUB4,1.02,75,RNA,2022-08-29,0,0,-0.0053098970989149
ITUB4,1.02,75,Random Forest,2022-08-29,0,1,-0.0053098970989149
ITUB4,1.02,75,SVC,2022-08-29,0,0,-0.0053098970989149
ITUB4,1.02,75,RNA,2022-08-30,1,1,0.02
ITUB4,1.02,75,Random Forest,2022-08-30,1,0,0.02
ITUB4,1.02,75,SVC,2022-08-30,1,0,0.02
ITUB4,1.02,75,RNA,2022-08-31,1,1,0.02
ITUB4,1.02,75,Random Forest,2022-08-31,1,0,0.02
ITUB4,1.02,75,SVC,2022-08-31,1,0,0.02
ITUB4,1.02,75,RNA,2022-09-01,1,0,0.02
ITUB4,1.02,75,Random Forest,2022-09-01,1,1,0.02
ITUB4,1.02,75,SVC,2022-09-01,1,0,0.02
ITUB4,1.02,75,RNA,2022-09-02,1,0,0.02
ITUB4,1.02,75,Random Forest,2022-09-02,1,0,0.02
ITUB4,1.02,75,SVC,2022-09-02,1,0,0.02
ITUB4,1.02,75,RNA,2022-09-05,1,0,0.02
ITUB4,1.02,75,Random Forest,2022-09-05,1,0,0.02
ITUB4,1.02,75,SVC,2022-09-05,1,0,0.02
ITUB4,1.02,75,RNA,2022-09-06,0,1,-0.0037174668044412
ITUB4,1.02,75,Random Forest,2022-09-06,0,1,-0.0037174668044412
ITUB4,1.02,75,SVC,2022-09-06,0,0,-0.0037174668044412
ITUB4,1.02,75,RNA,2022-09-08,1,0,0.02
ITUB4,1.02,75,Random Forest,2022-09-08,1,0,0.02
ITUB4,1.02,75,SVC,2022-09-08,1,0,0.02
ITUB4,1.02,75,RNA,2022-09-09,0,0,-0.0085185063855031
ITUB4,1.02,75,Random Forest,2022-09-09,0,1,-0.0085185063855031
ITUB4,1.02,75,SVC,2022-09-09,0,0,-0.0085185063855031
ITUB4,1.02,75,RNA,2022-09-12,0,1,-0.0074404655456176
ITUB4,1.02,75,Random Forest,2022-09-12,0,1,-0.0074404655456176
ITUB4,1.02,75,SVC,2022-09-12,0,0,-0.0074404655456176
ITUB4,1.02,75,RNA,2022-09-13,1,0,0.02
ITUB4,1.02,75,Random Forest,2022-09-13,1,1,0.02
ITUB4,1.02,75,SVC,2022-09-13,1,0,0.02
ITUB4,1.02,75,RNA,2022-09-14,1,0,0.02
ITUB4,1.02,75,Random Forest,2022-09-14,1,0,0.02
ITUB4,1.02,75,SVC,2022-09-14,1,0,0.02
ITUB4,1.02,75,RNA,2022-09-15,1,0,0.02
ITUB4,1.02,75,Random Forest,2022-09-15,1,1,0.02
ITUB4,1.02,75,SVC,2022-09-15,1,0,0.02
ITUB4,1.02,75,RNA,2022-09-16,1,0,0.02
ITUB4,1.02,75,Random Forest,2022-09-16,1,1,0.02
ITUB4,1.02,75,SVC,2022-09-16,1,1,0.02
ITUB4,1.02,75,RNA,2022-09-19,1,0,0.02
ITUB4,1.02,75,Random Forest,2022-09-19,1,1,0.02
ITUB4,1.02,75,SVC,2022-09-19,1,1,0.02
ITUB4,1.02,75,RNA,2022-09-20,0,0,-0.0283216839796895
ITUB4,1.02,75,Random Forest,2022-09-20,0,1,-0.0283216839796895
ITUB4,1.02,75,SVC,2022-09-20,0,1,-0.0283216839796895
ITUB4,1.02,75,RNA,2022-09-21,0,0,-0.0370759401198994
ITUB4,1.02,75,Random Forest,2022-09-21,0,1,-0.0370759401198994
ITUB4,1.02,75,SVC,2022-09-21,0,1,-0.0370759401198994
ITUB4,1.02,75,RNA,2022-09-22,0,1,-0.0309859187811997
ITUB4,1.02,75,Random Forest,2022-09-22,0,1,-0.0309859187811997
ITUB4,1.02,75,SVC,2022-09-22,0,1,-0.0309859187811997
ITUB4,1.02,75,RNA,2022-09-23,0,0,-0.0071098370832829
ITUB4,1.02,75,Random Forest,2022-09-23,0,0,-0.0071098370832829
ITUB4,1.02,75,SVC,2022-09-23,0,1,-0.0071098370832829
ITUB4,1.02,75,RNA,2022-09-26,0,0,0.0028591810669964
ITUB4,1.02,75,Random Forest,2022-09-26,0,0,0.0028591810669964
ITUB4,1.02,75,SVC,2022-09-26,0,1,0.0028591810669964
ITUB4,1.02,75,RNA,2022-09-27,1,1,0.02
ITUB4,1.02,75,Random Forest,2022-09-27,1,0,0.02
ITUB4,1.02,75,SVC,2022-09-27,1,1,0.02
ITUB4,1.02,75,RNA,2022-09-28,1,0,0.02
ITUB4,1.02,75,Random Forest,2022-09-28,1,1,0.02
ITUB4,1.02,75,SVC,2022-09-28,1,1,0.02
ITUB4,1.02,75,RNA,2022-09-29,1,1,0.02
ITUB4,1.02,75,Random Forest,2022-09-29,1,1,0.02
ITUB4,1.02,75,SVC,2022-09-29,1,1,0.02
ITUB4,1.02,75,RNA,2022-09-30,1,1,0.02
ITUB4,1.02,75,Random Forest,2022-09-30,1,0,0.02
ITUB4,1.02,75,SVC,2022-09-30,1,1,0.02
ITUB4,1.02,75,RNA,2022-10-03,0,1,-0.0216883899160162
ITUB4,1.02,75,Random Forest,2022-10-03,0,0,-0.0216883899160162
ITUB4,1.02,75,SVC,2022-10-03,0,1,-0.0216883899160162
ITUB4,1.02,75,RNA,2022-10-04,0,0,-0.0287914252056065
ITUB4,1.02,75,Random Forest,2022-10-04,0,0,-0.0287914252056065
ITUB4,1.02,75,SVC,2022-10-04,0,1,-0.0287914252056065
ITUB4,1.02,75,RNA,2022-10-05,0,0,-0.0364548274555773
ITUB4,1.02,75,Random Forest,2022-10-05,0,0,-0.0364548274555773
ITUB4,1.02,75,SVC,2022-10-05,0,0,-0.0364548274555773
ITUB4,1.02,75,RNA,2022-10-06,0,0,-0.0191780647837552
ITUB4,1.02,75,Random Forest,2022-10-06,0,0,-0.0191780647837552
ITUB4,1.02,75,SVC,2022-10-06,0,0,-0.0191780647837552
ITUB4,1.02,75,RNA,2022-10-07,0,1,-0.0281546882763017
ITUB4,1.02,75,Random Forest,2022-10-07,0,0,-0.0281546882763017
ITUB4,1.02,75,SVC,2022-10-07,0,0,-0.0281546882763017
ITUB4,1.02,75,RNA,2022-10-10,0,0,-0.0006920638001016
ITUB4,1.02,75,Random Forest,2022-10-10,0,0,-0.0006920638001016
ITUB4,1.02,75,SVC,2022-10-10,0,0,-0.0006920638001016
ITUB4,1.02,75,RNA,2022-10-11,1,1,0.02
ITUB4,1.02,75,Random Forest,2022-10-11,1,0,0.02
ITUB4,1.02,75,SVC,2022-10-11,1,0,0.02
ITUB4,1.02,75,RNA,2022-10-13,1,1,0.02
ITUB4,1.02,75,Random Forest,2022-10-13,1,0,0.02
ITUB4,1.02,75,SVC,2022-10-13,1,0,0.02
ITUB4,1.02,75,RNA,2022-10-14,1,1,0.02
ITUB4,1.02,75,Random Forest,2022-10-14,1,0,0.02
ITUB4,1.02,75,SVC,2022-10-14,1,1,0.02
ITUB4,1.02,75,RNA,2022-10-17,1,0,0.02
ITUB4,1.02,75,Random Forest,2022-10-17,1,0,0.02
ITUB4,1.02,75,SVC,2022-10-17,1,1,0.02
ITUB4,1.02,75,RNA,2022-10-18,1,0,0.02
ITUB4,1.02,75,Random Forest,2022-10-18,1,1,0.02
ITUB4,1.02,75,SVC,2022-10-18,1,1,0.02
ITUB4,1.02,75,RNA,2022-10-19,1,0,0.02
ITUB4,1.02,75,Random Forest,2022-10-19,1,0,0.02
ITUB4,1.02,75,SVC,2022-10-19,1,1,0.02
ITUB4,1.02,75,RNA,2022-10-20,1,1,0.02
ITUB4,1.02,75,Random Forest,2022-10-20,1,0,0.02
ITUB4,1.02,75,SVC,2022-10-20,1,1,0.02
ITUB4,1.02,75,RNA,2022-10-21,0,1,-0.0486854687298442
ITUB4,1.02,75,Random Forest,2022-10-21,0,0,-0.0486854687298442
ITUB4,1.02,75,SVC,2022-10-21,0,0,-0.0486854687298442
ITUB4,1.02,75,RNA,2022-10-24,0,0,-0.0037099348777994
ITUB4,1.02,75,Random Forest,2022-10-24,0,0,-0.0037099348777994
ITUB4,1.02,75,SVC,2022-10-24,0,0,-0.0037099348777994
ITUB4,1.02,75,RNA,2022-10-25,1,1,0.02
ITUB4,1.02,75,Random Forest,2022-10-25,1,0,0.02
ITUB4,1.02,75,SVC,2022-10-25,1,1,0.02
ITUB4,1.02,75,RNA,2022-10-26,1,1,0.02
ITUB4,1.02,75,Random Forest,2022-10-26,1,1,0.02
ITUB4,1.02,75,SVC,2022-10-26,1,1,0.02
ITUB4,1.02,75,RNA,2022-10-27,1,1,0.02
ITUB4,1.02,75,Random Forest,2022-10-27,1,1,0.02
ITUB4,1.02,75,SVC,2022-10-27,1,1,0.02
ITUB4,1.02,75,RNA,2022-10-28,1,0,0.02
ITUB4,1.02,75,Random Forest,2022-10-28,1,0,0.02
ITUB4,1.02,75,SVC,2022-10-28,1,1,0.02
ITUB4,1.02,75,RNA,2022-10-31,0,0,-0.0432257963905406
ITUB4,1.02,75,Random Forest,2022-10-31,0,1,-0.0432257963905406
ITUB4,1.02,75,SVC,2022-10-31,0,1,-0.0432257963905406
ITUB4,1.02,75,RNA,2022-11-01,1,1,0.02
ITUB4,1.02,75,Random Forest,2022-11-01,1,0,0.02
ITUB4,1.02,75,SVC,2022-11-01,1,0,0.02
ITUB4,1.02,75,RNA,2022-11-03,0,0,-0.0827631366627924
ITUB4,1.02,75,Random Forest,2022-11-03,0,0,-0.0827631366627924
ITUB4,1.02,75,SVC,2022-11-03,0,0,-0.0827631366627924
ITUB4,1.02,75,RNA,2022-11-04,0,1,-0.0814765459901348
ITUB4,1.02,75,Random Forest,2022-11-04,0,1,-0.0814765459901348
ITUB4,1.02,75,SVC,2022-11-04,0,1,-0.0814765459901348
ITUB4,1.02,75,RNA,2022-11-07,0,1,-0.0923599290187667
ITUB4,1.02,75,Random Forest,2022-11-07,0,0,-0.0923599290187667
ITUB4,1.02,75,SVC,2022-11-07,0,1,-0.0923599290187667
ITUB4,1.02,75,RNA,2022-11-08,0,1,-0.070132593843848
ITUB4,1.02,75,Random Forest,2022-11-08,0,1,-0.070132593843848
ITUB4,1.02,75,SVC,2022-11-08,0,1,-0.070132593843848
ITUB4,1.02,75,RNA,2022-11-09,1,0,0.02
ITUB4,1.02,75,Random Forest,2022-11-09,1,1,0.02
ITUB4,1.02,75,SVC,2022-11-09,1,1,0.02
ITUB4,1.02,75,RNA,2022-11-10,0,1,-0.0560714029941342
ITUB4,1.02,75,Random Forest,2022-11-10,0,0,-0.0560714029941342
ITUB4,1.02,75,SVC,2022-11-10,0,0,-0.0560714029941342
ITUB4,1.02,75,RNA,2022-11-11,0,0,-0.0151570733155699
ITUB4,1.02,75,Random Forest,2022-11-11,0,1,-0.0151570733155699
ITUB4,1.02,75,SVC,2022-11-11,0,1,-0.0151570733155699
ITUB4,1.02,75,RNA,2022-11-14,0,1,0.0026266413526514
ITUB4,1.02,75,Random Forest,2022-11-14,0,1,0.0026266413526514
ITUB4,1.02,75,SVC,2022-11-14,0,1,0.0026266413526514
ITUB4,1.02,75,RNA,2022-11-16,1,1,0.02
ITUB4,1.02,75,Random Forest,2022-11-16,1,0,0.02
ITUB4,1.02,75,SVC,2022-11-16,1,1,0.02
ITUB4,1.02,75,RNA,2022-11-17,0,1,-0.0254776693928883
ITUB4,1.02,75,Random Forest,2022-11-17,0,1,-0.0254776693928883
ITUB4,1.02,75,SVC,2022-11-17,0,1,-0.0254776693928883
ITUB4,1.02,75,RNA,2022-11-18,0,1,-0.0022222289808758
ITUB4,1.02,75,Random Forest,2022-11-18,0,1,-0.0022222289808758
ITUB4,1.02,75,SVC,2022-11-18,0,1,-0.0022222289808758
ITUB4,1.02,75,RNA,2022-11-21,0,0,-0.0302238985766061
ITUB4,1.02,75,Random Forest,2022-11-21,0,0,-0.0302238985766061
ITUB4,1.02,75,SVC,2022-11-21,0,1,-0.0302238985766061
ITUB4,1.02,75,RNA,2022-11-22,1,0,0.02
ITUB4,1.02,75,Random Forest,2022-11-22,1,0,0.02
ITUB4,1.02,75,SVC,2022-11-22,1,1,0.02
ITUB4,1.02,75,RNA,2022-11-23,1,0,0.02
ITUB4,1.02,75,Random Forest,2022-11-23,1,0,0.02
ITUB4,1.02,75,SVC,2022-11-23,1,0,0.02
ITUB4,1.02,75,RNA,2022-11-24,0,0,-0.0291262524861783
ITUB4,1.02,75,Random Forest,2022-11-24,0,0,-0.0291262524861783
ITUB4,1.02,75,SVC,2022-11-24,0,1,-0.0291262524861783
ITUB4,1.02,75,RNA,2022-11-25,0,1,-0.0039213686273763
ITUB4,1.02,75,Random Forest,2022-11-25,0,0,-0.0039213686273763
ITUB4,1.02,75,SVC,2022-11-25,0,0,-0.0039213686273763
ITUB4,1.02,75,RNA,2022-11-28,1,0,0.02
ITUB4,1.02,75,Random Forest,2022-11-28,1,1,0.02
ITUB4,1.02,75,SVC,2022-11-28,1,0,0.02
ITUB4,1.02,75,RNA,2022-11-29,1,0,0.02
ITUB4,1.02,75,Random Forest,2022-11-29,1,1,0.02
ITUB4,1.02,75,SVC,2022-11-29,1,1,0.02
ITUB4,1.02,75,RNA,2022-11-30,1,1,0.02
ITUB4,1.02,75,Random Forest,2022-11-30,1,0,0.02
ITUB4,1.02,75,SVC,2022-11-30,1,0,0.02
ITUB4,1.02,75,RNA,2022-12-01,1,0,0.02
ITUB4,1.02,75,Random Forest,2022-12-01,1,1,0.02
ITUB4,1.02,75,SVC,2022-12-01,1,1,0.02
ITUB4,1.02,75,RNA,2022-12-02,0,1,-0.041698555683857
ITUB4,1.02,75,Random Forest,2022-12-02,0,1,-0.041698555683857
ITUB4,1.02,75,SVC,2022-12-02,0,1,-0.041698555683857
ITUB4,1.02,75,RNA,2022-12-05,1,1,0.02
ITUB4,1.02,75,Random Forest,2022-12-05,1,0,0.02
ITUB4,1.02,75,SVC,2022-12-05,1,1,0.02
ITUB4,1.02,75,RNA,2022-12-06,0,1,-0.0626624690407758
ITUB4,1.02,75,Random Forest,2022-12-06,0,0,-0.0626624690407758
ITUB4,1.02,75,SVC,2022-12-06,0,0,-0.0626624690407758
ITUB4,1.02,75,RNA,2022-12-07,0,0,-0.0833728953429828
ITUB4,1.02,75,Random Forest,2022-12-07,0,1,-0.0833728953429828
ITUB4,1.02,75,SVC,2022-12-07,0,1,-0.0833728953429828
ITUB4,1.02,75,RNA,2022-12-08,0,0,-0.0563209383013869
ITUB4,1.02,75,Random Forest,2022-12-08,0,1,-0.0563209383013869
ITUB4,1.02,75,SVC,2022-12-08,0,1,-0.0563209383013869
ITUB4,1.02,75,RNA,2022-12-09,0,0,-0.0370065386586278
ITUB4,1.02,75,Random Forest,2022-12-09,0,0,-0.0370065386586278
ITUB4,1.02,75,SVC,2022-12-09,0,1,-0.0370065386586278
ITUB4,1.02,75,RNA,2022-12-12,0,1,-0.0235051496291431
ITUB4,1.02,75,Random Forest,2022-12-12,0,1,-0.0235051496291431
ITUB4,1.02,75,SVC,2022-12-12,0,1,-0.0235051496291431
ITUB4,1.02,75,RNA,2022-12-13,1,0,0.02
ITUB4,1.02,75,Random Forest,2022-12-13,1,0,0.02
ITUB4,1.02,75,SVC,2022-12-13,1,0,0.02
ITUB4,1.02,75,RNA,2022-12-14,1,0,0.02
ITUB4,1.02,75,Random Forest,2022-12-14,1,1,0.02
ITUB4,1.02,75,SVC,2022-12-14,1,0,0.02
ITUB4,1.02,75,RNA,2022-12-15,1,0,0.02
ITUB4,1.02,75,Random Forest,2022-12-15,1,0,0.02
ITUB4,1.02,75,SVC,2022-12-15,1,0,0.02
ITUB4,1.02,75,RNA,2022-12-16,1,0,0.02
ITUB4,1.02,75,Random Forest,2022-12-16,1,0,0.02
ITUB4,1.02,75,SVC,2022-12-16,1,0,0.02
ITUB4,1.02,75,RNA,2022-12-19,1,1,0.02
ITUB4,1.02,75,Random Forest,2022-12-19,1,1,0.02
ITUB4,1.02,75,SVC,2022-12-19,1,1,0.02
ITUB4,1.02,75,RNA,2022-12-20,1,0,0.02
ITUB4,1.02,75,Random Forest,2022-12-20,1,1,0.02
ITUB4,1.02,75,SVC,2022-12-20,1,1,0.02
ITUB4,1.02,75,RNA,2022-12-21,1,0,0.02
ITUB4,1.02,75,Random Forest,2022-12-21,1,0,0.02
ITUB4,1.02,75,SVC,2022-12-21,1,1,0.02
ITUB4,1.02,75,RNA,2022-12-22,0,0,0.0007990091436222
ITUB4,1.02,75,Random Forest,2022-12-22,0,1,0.0007990091436222
ITUB4,1.02,75,SVC,2022-12-22,0,1,0.0007990091436222
ITUB4,1.02,75,RNA,2022-12-23,1,1,0.02
ITUB4,1.02,75,Random Forest,2022-12-23,1,1,0.02
ITUB4,1.02,75,SVC,2022-12-23,1,1,0.02
ITUB4,1.02,75,RNA,2022-12-26,0,0,
ITUB4,1.02,75,Random Forest,2022-12-26,0,1,
ITUB4,1.02,75,SVC,2022-12-26,0,1,
ITUB4,1.02,75,RNA,2022-12-27,0,1,
ITUB4,1.02,75,Random Forest,2022-12-27,0,1,
ITUB4,1.02,75,SVC,2022-12-27,0,1,
ITUB4,1.02,75,RNA,2022-12-28,0,1,
ITUB4,1.02,75,Random Forest,2022-12-28,0,1,
ITUB4,1.02,75,SVC,2022-12-28,0,1,
ITUB4,1.02,75,RNA,2022-12-29,0,0,
ITUB4,1.02,75,Random Forest,2022-12-29,0,0,
ITUB4,1.02,75,SVC,2022-12-29,0,1,
ITUB4,1.02,90,RNA,2020-06-04,0,1,-0.0557528236253418
ITUB4,1.02,90,Random Forest,2020-06-04,0,1,-0.0557528236253418
ITUB4,1.02,90,SVC,2020-06-04,0,1,-0.0557528236253418
ITUB4,1.02,90,RNA,2020-06-05,1,1,0.02
ITUB4,1.02,90,Random Forest,2020-06-05,1,1,0.02
ITUB4,1.02,90,SVC,2020-06-05,1,1,0.02
ITUB4,1.02,90,RNA,2020-06-08,1,1,0.02
ITUB4,1.02,90,Random Forest,2020-06-08,1,0,0.02
ITUB4,1.02,90,SVC,2020-06-08,1,1,0.02
ITUB4,1.02,90,RNA,2020-06-09,0,0,-0.0686588308598515
ITUB4,1.02,90,Random Forest,2020-06-09,0,1,-0.0686588308598515
ITUB4,1.02,90,SVC,2020-06-09,0,1,-0.0686588308598515
ITUB4,1.02,90,RNA,2020-06-10,1,0,0.02
ITUB4,1.02,90,Random Forest,2020-06-10,1,1,0.02
ITUB4,1.02,90,SVC,2020-06-10,1,1,0.02
ITUB4,1.02,90,RNA,2020-06-12,1,0,0.02
ITUB4,1.02,90,Random Forest,2020-06-12,1,1,0.02
ITUB4,1.02,90,SVC,2020-06-12,1,1,0.02
ITUB4,1.02,90,RNA,2020-06-15,1,1,0.02
ITUB4,1.02,90,Random Forest,2020-06-15,1,1,0.02
ITUB4,1.02,90,SVC,2020-06-15,1,1,0.02
ITUB4,1.02,90,RNA,2020-06-16,1,1,0.02
ITUB4,1.02,90,Random Forest,2020-06-16,1,1,0.02
ITUB4,1.02,90,SVC,2020-06-16,1,1,0.02
ITUB4,1.02,90,RNA,2020-06-17,1,1,0.02
ITUB4,1.02,90,Random Forest,2020-06-17,1,1,0.02
ITUB4,1.02,90,SVC,2020-06-17,1,1,0.02
ITUB4,1.02,90,RNA,2020-06-18,0,0,-0.0804270834185341
ITUB4,1.02,90,Random Forest,2020-06-18,0,1,-0.0804270834185341
ITUB4,1.02,90,SVC,2020-06-18,0,1,-0.0804270834185341
ITUB4,1.02,90,RNA,2020-06-19,0,1,-0.0674036938550665
ITUB4,1.02,90,Random Forest,2020-06-19,0,1,-0.0674036938550665
ITUB4,1.02,90,SVC,2020-06-19,0,1,-0.0674036938550665
ITUB4,1.02,90,RNA,2020-06-22,0,1,-0.0718411269320794
ITUB4,1.02,90,Random Forest,2020-06-22,0,1,-0.0718411269320794
ITUB4,1.02,90,SVC,2020-06-22,0,1,-0.0718411269320794
ITUB4,1.02,90,RNA,2020-06-23,0,1,-0.0115714964483225
ITUB4,1.02,90,Random Forest,2020-06-23,0,1,-0.0115714964483225
ITUB4,1.02,90,SVC,2020-06-23,0,1,-0.0115714964483225
ITUB4,1.02,90,RNA,2020-06-24,0,0,-0.0222820032046704
ITUB4,1.02,90,Random Forest,2020-06-24,0,1,-0.0222820032046704
ITUB4,1.02,90,SVC,2020-06-24,0,1,-0.0222820032046704
ITUB4,1.02,90,RNA,2020-06-25,1,1,0.02
ITUB4,1.02,90,Random Forest,2020-06-25,1,1,0.02
ITUB4,1.02,90,SVC,2020-06-25,1,1,0.02
ITUB4,1.02,90,RNA,2020-06-26,1,1,0.02
ITUB4,1.02,90,Random Forest,2020-06-26,1,1,0.02
ITUB4,1.02,90,SVC,2020-06-26,1,1,0.02
ITUB4,1.02,90,RNA,2020-06-29,1,1,0.02
ITUB4,1.02,90,Random Forest,2020-06-29,1,1,0.02
ITUB4,1.02,90,SVC,2020-06-29,1,1,0.02
ITUB4,1.02,90,RNA,2020-06-30,1,1,0.02
ITUB4,1.02,90,Random Forest,2020-06-30,1,1,0.02
ITUB4,1.02,90,SVC,2020-06-30,1,1,0.02
ITUB4,1.02,90,RNA,2020-07-01,1,1,0.02
ITUB4,1.02,90,Random Forest,2020-07-01,1,1,0.02
ITUB4,1.02,90,SVC,2020-07-01,1,1,0.02
ITUB4,1.02,90,RNA,2020-07-02,1,1,0.02
ITUB4,1.02,90,Random Forest,2020-07-02,1,1,0.02
ITUB4,1.02,90,SVC,2020-07-02,1,1,0.02
ITUB4,1.02,90,RNA,2020-07-03,1,1,0.02
ITUB4,1.02,90,Random Forest,2020-07-03,1,1,0.02
ITUB4,1.02,90,SVC,2020-07-03,1,1,0.02
ITUB4,1.02,90,RNA,2020-07-06,0,1,-0.0083849655823319
ITUB4,1.02,90,Random Forest,2020-07-06,0,1,-0.0083849655823319
ITUB4,1.02,90,SVC,2020-07-06,0,1,-0.0083849655823319
ITUB4,1.02,90,RNA,2020-07-07,1,0,0.02
ITUB4,1.02,90,Random Forest,2020-07-07,1,1,0.02
ITUB4,1.02,90,SVC,2020-07-07,1,1,0.02
ITUB4,1.02,90,RNA,2020-07-08,0,1,0.0085121986239686
ITUB4,1.02,90,Random Forest,2020-07-08,0,1,0.0085121986239686
ITUB4,1.02,90,SVC,2020-07-08,0,1,0.0085121986239686
ITUB4,1.02,90,RNA,2020-07-09,1,1,0.02
ITUB4,1.02,90,Random Forest,2020-07-09,1,1,0.02
ITUB4,1.02,90,SVC,2020-07-09,1,1,0.02
ITUB4,1.02,90,RNA,2020-07-10,0,1,-0.0171220298963773
ITUB4,1.02,90,Random Forest,2020-07-10,0,0,-0.0171220298963773
ITUB4,1.02,90,SVC,2020-07-10,0,1,-0.0171220298963773
ITUB4,1.02,90,RNA,2020-07-13,1,0,0.02
ITUB4,1.02,90,Random Forest,2020-07-13,1,1,0.02
ITUB4,1.02,90,SVC,2020-07-13,1,1,0.02
ITUB4,1.02,90,RNA,2020-07-14,0,1,-0.0087146005574519
ITUB4,1.02,90,Random Forest,2020-07-14,0,1,-0.0087146005574519
ITUB4,1.02,90,SVC,2020-07-14,0,1,-0.0087146005574519
ITUB4,1.02,90,RNA,2020-07-15,1,1,0.02
ITUB4,1.02,90,Random Forest,2020-07-15,1,0,0.02
ITUB4,1.02,90,SVC,2020-07-15,1,1,0.02
ITUB4,1.02,90,RNA,2020-07-16,1,0,0.02
ITUB4,1.02,90,Random Forest,2020-07-16,1,0,0.02
ITUB4,1.02,90,SVC,2020-07-16,1,1,0.02
ITUB4,1.02,90,RNA,2020-07-17,1,1,0.02
ITUB4,1.02,90,Random Forest,2020-07-17,1,1,0.02
ITUB4,1.02,90,SVC,2020-07-17,1,1,0.02
ITUB4,1.02,90,RNA,2020-07-20,0,1,-0.0409420439738995
ITUB4,1.02,90,Random Forest,2020-07-20,0,1,-0.0409420439738995
ITUB4,1.02,90,SVC,2020-07-20,0,1,-0.0409420439738995
ITUB4,1.02,90,RNA,2020-07-21,0,1,-0.0017953001258705
ITUB4,1.02,90,Random Forest,2020-07-21,0,1,-0.0017953001258705
ITUB4,1.02,90,SVC,2020-07-21,0,1,-0.0017953001258705
ITUB4,1.02,90,RNA,2020-07-22,1,0,0.02
ITUB4,1.02,90,Random Forest,2020-07-22,1,0,0.02
ITUB4,1.02,90,SVC,2020-07-22,1,1,0.02
ITUB4,1.02,90,RNA,2020-07-23,1,1,0.02
ITUB4,1.02,90,Random Forest,2020-07-23,1,0,0.02
ITUB4,1.02,90,SVC,2020-07-23,1,1,0.02
ITUB4,1.02,90,RNA,2020-07-24,1,1,0.02
ITUB4,1.02,90,Random Forest,2020-07-24,1,0,0.02
ITUB4,1.02,90,SVC,2020-07-24,1,1,0.02
ITUB4,1.02,90,RNA,2020-07-27,1,1,0.02
ITUB4,1.02,90,Random Forest,2020-07-27,1,1,0.02
ITUB4,1.02,90,SVC,2020-07-27,1,1,0.02
ITUB4,1.02,90,RNA,2020-07-28,0,1,-0.0303648207659938
ITUB4,1.02,90,Random Forest,2020-07-28,0,0,-0.0303648207659938
ITUB4,1.02,90,SVC,2020-07-28,0,1,-0.0303648207659938
ITUB4,1.02,90,RNA,2020-07-29,0,1,-0.0777056818411143
ITUB4,1.02,90,Random Forest,2020-07-29,0,1,-0.0777056818411143
ITUB4,1.02,90,SVC,2020-07-29,0,1,-0.0777056818411143
ITUB4,1.02,90,RNA,2020-07-30,0,1,-0.0807325903076521
ITUB4,1.02,90,Random Forest,2020-07-30,0,0,-0.0807325903076521
ITUB4,1.02,90,SVC,2020-07-30,0,1,-0.0807325903076521
ITUB4,1.02,90,RNA,2020-07-31,1,1,0.02
ITUB4,1.02,90,Random Forest,2020-07-31,1,0,0.02
ITUB4,1.02,90,SVC,2020-07-31,1,1,0.02
ITUB4,1.02,90,RNA,2020-08-03,0,1,-0.029333341050112
ITUB4,1.02,90,Random Forest,2020-08-03,0,1,-0.029333341050112
ITUB4,1.02,90,SVC,2020-08-03,0,1,-0.029333341050112
ITUB4,1.02,90,RNA,2020-08-04,0,1,-0.0130019514191522
ITUB4,1.02,90,Random Forest,2020-08-04,0,1,-0.0130019514191522
ITUB4,1.02,90,SVC,2020-08-04,0,1,-0.0130019514191522
ITUB4,1.02,90,RNA,2020-08-05,1,1,0.02
ITUB4,1.02,90,Random Forest,2020-08-05,1,1,0.02
ITUB4,1.02,90,SVC,2020-08-05,1,1,0.02
ITUB4,1.02,90,RNA,2020-08-06,1,1,0.02
ITUB4,1.02,90,Random Forest,2020-08-06,1,1,0.02
ITUB4,1.02,90,SVC,2020-08-06,1,1,0.02
ITUB4,1.02,90,RNA,2020-08-07,1,1,0.02
ITUB4,1.02,90,Random Forest,2020-08-07,1,1,0.02
ITUB4,1.02,90,SVC,2020-08-07,1,1,0.02
ITUB4,1.02,90,RNA,2020-08-10,0,1,-0.0532159525713544
ITUB4,1.02,90,Random Forest,2020-08-10,0,1,-0.0532159525713544
ITUB4,1.02,90,SVC,2020-08-10,0,1,-0.0532159525713544
ITUB4,1.02,90,RNA,2020-08-11,0,1,-0.0603347770534901
ITUB4,1.02,90,Random Forest,2020-08-11,0,1,-0.0603347770534901
ITUB4,1.02,90,SVC,2020-08-11,0,1,-0.0603347770534901
ITUB4,1.02,90,RNA,2020-08-12,0,1,-0.0458277134218768
ITUB4,1.02,90,Random Forest,2020-08-12,0,0,-0.0458277134218768
ITUB4,1.02,90,SVC,2020-08-12,0,1,-0.0458277134218768
ITUB4,1.02,90,RNA,2020-08-13,1,0,0.02
ITUB4,1.02,90,Random Forest,2020-08-13,1,0,0.02
ITUB4,1.02,90,SVC,2020-08-13,1,1,0.02
ITUB4,1.02,90,RNA,2020-08-14,0,1,-0.0221293053693227
ITUB4,1.02,90,Random Forest,2020-08-14,0,0,-0.0221293053693227
ITUB4,1.02,90,SVC,2020-08-14,0,1,-0.0221293053693227
ITUB4,1.02,90,RNA,2020-08-17,0,0,-0.0219333838774211
ITUB4,1.02,90,Random Forest,2020-08-17,0,0,-0.0219333838774211
ITUB4,1.02,90,SVC,2020-08-17,0,1,-0.0219333838774211
ITUB4,1.02,90,RNA,2020-08-18,1,1,0.02
ITUB4,1.02,90,Random Forest,2020-08-18,1,0,0.02
ITUB4,1.02,90,SVC,2020-08-18,1,1,0.02
ITUB4,1.02,90,RNA,2020-08-19,1,0,0.02
ITUB4,1.02,90,Random Forest,2020-08-19,1,0,0.02
ITUB4,1.02,90,SVC,2020-08-19,1,1,0.02
ITUB4,1.02,90,RNA,2020-08-20,1,0,0.02
ITUB4,1.02,90,Random Forest,2020-08-20,1,1,0.02
ITUB4,1.02,90,SVC,2020-08-20,1,1,0.02
ITUB4,1.02,90,RNA,2020-08-21,1,1,0.02
ITUB4,1.02,90,Random Forest,2020-08-21,1,1,0.02
ITUB4,1.02,90,SVC,2020-08-21,1,1,0.02
ITUB4,1.02,90,RNA,2020-08-24,0,1,-0.0085227676662281
ITUB4,1.02,90,Random Forest,2020-08-24,0,1,-0.0085227676662281
ITUB4,1.02,90,SVC,2020-08-24,0,1,-0.0085227676662281
ITUB4,1.02,90,RNA,2020-08-25,0,1,-0.0308641662964684
ITUB4,1.02,90,Random Forest,2020-08-25,0,1,-0.0308641662964684
ITUB4,1.02,90,SVC,2020-08-25,0,1,-0.0308641662964684
ITUB4,1.02,90,RNA,2020-08-26,1,1,0.02
ITUB4,1.02,90,Random Forest,2020-08-26,1,1,0.02
ITUB4,1.02,90,SVC,2020-08-26,1,1,0.02
ITUB4,1.02,90,RNA,2020-08-27,0,1,0.0002256193041956
ITUB4,1.02,90,Random Forest,2020-08-27,0,0,0.0002256193041956
ITUB4,1.02,90,SVC,2020-08-27,0,1,0.0002256193041956
ITUB4,1.02,90,RNA,2020-08-28,1,0,0.02
ITUB4,1.02,90,Random Forest,2020-08-28,1,0,0.02
ITUB4,1.02,90,SVC,2020-08-28,1,1,0.02
ITUB4,1.02,90,RNA,2020-08-31,1,1,0.02
ITUB4,1.02,90,Random Forest,2020-08-31,1,0,0.02
ITUB4,1.02,90,SVC,2020-08-31,1,1,0.02
ITUB4,1.02,90,RNA,2020-09-01,1,1,0.02
ITUB4,1.02,90,Random Forest,2020-09-01,1,0,0.02
ITUB4,1.02,90,SVC,2020-09-01,1,1,0.02
ITUB4,1.02,90,RNA,2020-09-02,1,1,0.02
ITUB4,1.02,90,Random Forest,2020-09-02,1,1,0.02
ITUB4,1.02,90,SVC,2020-09-02,1,1,0.02
ITUB4,1.02,90,RNA,2020-09-03,0,1,-0.049682071299363
ITUB4,1.02,90,Random Forest,2020-09-03,0,1,-0.049682071299363
ITUB4,1.02,90,SVC,2020-09-03,0,1,-0.049682071299363
ITUB4,1.02,90,RNA,2020-09-04,0,0,-0.0378664667573277
ITUB4,1.02,90,Random Forest,2020-09-04,0,1,-0.0378664667573277
ITUB4,1.02,90,SVC,2020-09-04,0,1,-0.0378664667573277
ITUB4,1.02,90,RNA,2020-09-08,0,0,-0.0223577098086357
ITUB4,1.02,90,Random Forest,2020-09-08,0,0,-0.0223577098086357
ITUB4,1.02,90,SVC,2020-09-08,0,1,-0.0223577098086357
ITUB4,1.02,90,RNA,2020-09-09,0,1,-0.0274590269393506
ITUB4,1.02,90,Random Forest,2020-09-09,0,1,-0.0274590269393506
ITUB4,1.02,90,SVC,2020-09-09,0,1,-0.0274590269393506
ITUB4,1.02,90,RNA,2020-09-10,0,1,-0.0121086080660095
ITUB4,1.02,90,Random Forest,2020-09-10,0,1,-0.0121086080660095
ITUB4,1.02,90,SVC,2020-09-10,0,1,-0.0121086080660095
ITUB4,1.02,90,RNA,2020-09-11,0,0,-0.0042034442091272
ITUB4,1.02,90,Random Forest,2020-09-11,0,1,-0.0042034442091272
ITUB4,1.02,90,SVC,2020-09-11,0,1,-0.0042034442091272
ITUB4,1.02,90,RNA,2020-09-14,0,0,-0.0442697578550813
ITUB4,1.02,90,Random Forest,2020-09-14,0,1,-0.0442697578550813
ITUB4,1.02,90,SVC,2020-09-14,0,1,-0.0442697578550813
ITUB4,1.02,90,RNA,2020-09-15,0,1,-0.0361952793374078
ITUB4,1.02,90,Random Forest,2020-09-15,0,0,-0.0361952793374078
ITUB4,1.02,90,SVC,2020-09-15,0,1,-0.0361952793374078
ITUB4,1.02,90,RNA,2020-09-16,0,1,-0.0170213372515174
ITUB4,1.02,90,Random Forest,2020-09-16,0,0,-0.0170213372515174
ITUB4,1.02,90,SVC,2020-09-16,0,1,-0.0170213372515174
ITUB4,1.02,90,RNA,2020-09-17,0,1,-0.0434042559897153
ITUB4,1.02,90,Random Forest,2020-09-17,0,1,-0.0434042559897153
ITUB4,1.02,90,SVC,2020-09-17,0,0,-0.0434042559897153
ITUB4,1.02,90,RNA,2020-09-18,1,1,0.02
ITUB4,1.02,90,Random Forest,2020-09-18,1,0,0.02
ITUB4,1.02,90,SVC,2020-09-18,1,0,0.02
ITUB4,1.02,90,RNA,2020-09-21,1,0,0.02
ITUB4,1.02,90,Random Forest,2020-09-21,1,0,0.02
ITUB4,1.02,90,SVC,2020-09-21,1,1,0.02
ITUB4,1.02,90,RNA,2020-09-22,1,1,0.02
ITUB4,1.02,90,Random Forest,2020-09-22,1,0,0.02
ITUB4,1.02,90,SVC,2020-09-22,1,1,0.02
ITUB4,1.02,90,RNA,2020-09-23,1,1,0.02
ITUB4,1.02,90,Random Forest,2020-09-23,1,1,0.02
ITUB4,1.02,90,SVC,2020-09-23,1,1,0.02
ITUB4,1.02,90,RNA,2020-09-24,1,1,0.02
ITUB4,1.02,90,Random Forest,2020-09-24,1,1,0.02
ITUB4,1.02,90,SVC,2020-09-24,1,1,0.02
ITUB4,1.02,90,RNA,2020-09-25,1,0,0.02
ITUB4,1.02,90,Random Forest,2020-09-25,1,1,0.02
ITUB4,1.02,90,SVC,2020-09-25,1,1,0.02
ITUB4,1.02,90,RNA,2020-09-28,0,1,-0.0128786631423271
ITUB4,1.02,90,Random Forest,2020-09-28,0,1,-0.0128786631423271
ITUB4,1.02,90,SVC,2020-09-28,0,1,-0.0128786631423271
ITUB4,1.02,90,RNA,2020-09-29,1,0,0.02
ITUB4,1.02,90,Random Forest,2020-09-29,1,1,0.02
ITUB4,1.02,90,SVC,2020-09-29,1,1,0.02
ITUB4,1.02,90,RNA,2020-09-30,1,0,0.02
ITUB4,1.02,90,Random Forest,2020-09-30,1,1,0.02
ITUB4,1.02,90,SVC,2020-09-30,1,1,0.02
ITUB4,1.02,90,RNA,2020-10-01,1,1,0.02
ITUB4,1.02,90,Random Forest,2020-10-01,1,1,0.02
ITUB4,1.02,90,SVC,2020-10-01,1,1,0.02
ITUB4,1.02,90,RNA,2020-10-02,1,1,0.02
ITUB4,1.02,90,Random Forest,2020-10-02,1,1,0.02
ITUB4,1.02,90,SVC,2020-10-02,1,1,0.02
ITUB4,1.02,90,RNA,2020-10-05,1,1,0.02
ITUB4,1.02,90,Random Forest,2020-10-05,1,1,0.02
ITUB4,1.02,90,SVC,2020-10-05,1,1,0.02
ITUB4,1.02,90,RNA,2020-10-06,1,1,0.02
ITUB4,1.02,90,Random Forest,2020-10-06,1,1,0.02
ITUB4,1.02,90,SVC,2020-10-06,1,1,0.02
ITUB4,1.02,90,RNA,2020-10-07,1,1,0.02
ITUB4,1.02,90,Random Forest,2020-10-07,1,1,0.02
ITUB4,1.02,90,SVC,2020-10-07,1,1,0.02
ITUB4,1.02,90,RNA,2020-10-08,1,1,0.02
ITUB4,1.02,90,Random Forest,2020-10-08,1,1,0.02
ITUB4,1.02,90,SVC,2020-10-08,1,1,0.02
ITUB4,1.02,90,RNA,2020-10-09,0,0,-0.0362802404900939
ITUB4,1.02,90,Random Forest,2020-10-09,0,0,-0.0362802404900939
ITUB4,1.02,90,SVC,2020-10-09,0,1,-0.0362802404900939
ITUB4,1.02,90,RNA,2020-10-13,0,1,-0.0221850319809396
ITUB4,1.02,90,Random Forest,2020-10-13,0,1,-0.0221850319809396
ITUB4,1.02,90,SVC,2020-10-13,0,1,-0.0221850319809396
ITUB4,1.02,90,RNA,2020-10-14,1,1,0.02
ITUB4,1.02,90,Random Forest,2020-10-14,1,1,0.02
ITUB4,1.02,90,SVC,2020-10-14,1,1,0.02
ITUB4,1.02,90,RNA,2020-10-15,1,1,0.02
ITUB4,1.02,90,Random Forest,2020-10-15,1,1,0.02
ITUB4,1.02,90,SVC,2020-10-15,1,1,0.02
ITUB4,1.02,90,RNA,2020-10-16,1,1,0.02
ITUB4,1.02,90,Random Forest,2020-10-16,1,1,0.02
ITUB4,1.02,90,SVC,2020-10-16,1,1,0.02
ITUB4,1.02,90,RNA,2020-10-19,1,1,0.02
ITUB4,1.02,90,Random Forest,2020-10-19,1,1,0.02
ITUB4,1.02,90,SVC,2020-10-19,1,1,0.02
ITUB4,1.02,90,RNA,2020-10-20,1,0,0.02
ITUB4,1.02,90,Random Forest,2020-10-20,1,1,0.02
ITUB4,1.02,90,SVC,2020-10-20,1,0,0.02
ITUB4,1.02,90,RNA,2020-10-21,1,0,0.02
ITUB4,1.02,90,Random Forest,2020-10-21,1,1,0.02
ITUB4,1.02,90,SVC,2020-10-21,1,0,0.02
ITUB4,1.02,90,RNA,2020-10-22,0,0,-0.0818532838092425
ITUB4,1.02,90,Random Forest,2020-10-22,0,1,-0.0818532838092425
ITUB4,1.02,90,SVC,2020-10-22,0,1,-0.0818532838092425
ITUB4,1.02,90,RNA,2020-10-23,1,1,0.02
ITUB4,1.02,90,Random Forest,2020-10-23,1,0,0.02
ITUB4,1.02,90,SVC,2020-10-23,1,1,0.02
ITUB4,1.02,90,RNA,2020-10-26,0,0,-0.1003831759877499
ITUB4,1.02,90,Random Forest,2020-10-26,0,1,-0.1003831759877499
ITUB4,1.02,90,SVC,2020-10-26,0,1,-0.1003831759877499
ITUB4,1.02,90,RNA,2020-10-27,0,1,-0.0080259077651153
ITUB4,1.02,90,Random Forest,2020-10-27,0,0,-0.0080259077651153
ITUB4,1.02,90,SVC,2020-10-27,0,1,-0.0080259077651153
ITUB4,1.02,90,RNA,2020-10-28,1,0,0.02
ITUB4,1.02,90,Random Forest,2020-10-28,1,1,0.02
ITUB4,1.02,90,SVC,2020-10-28,1,1,0.02
ITUB4,1.02,90,RNA,2020-10-29,1,0,0.02
ITUB4,1.02,90,Random Forest,2020-10-29,1,1,0.02
ITUB4,1.02,90,SVC,2020-10-29,1,0,0.02
ITUB4,1.02,90,RNA,2020-10-30,1,0,0.02
ITUB4,1.02,90,Random Forest,2020-10-30,1,1,0.02
ITUB4,1.02,90,SVC,2020-10-30,1,1,0.02
ITUB4,1.02,90,RNA,2020-11-03,1,0,0.02
ITUB4,1.02,90,Random Forest,2020-11-03,1,1,0.02
ITUB4,1.02,90,SVC,2020-11-03,1,1,0.02
ITUB4,1.02,90,RNA,2020-11-04,1,1,0.02
ITUB4,1.02,90,Random Forest,2020-11-04,1,1,0.02
ITUB4,1.02,90,SVC,2020-11-04,1,1,0.02
ITUB4,1.02,90,RNA,2020-11-05,1,0,0.02
ITUB4,1.02,90,Random Forest,2020-11-05,1,1,0.02
ITUB4,1.02,90,SVC,2020-11-05,1,1,0.02
ITUB4,1.02,90,RNA,2020-11-06,1,0,0.02
ITUB4,1.02,90,Random Forest,2020-11-06,1,1,0.02
ITUB4,1.02,90,SVC,2020-11-06,1,1,0.02
ITUB4,1.02,90,RNA,2020-11-09,1,1,0.02
ITUB4,1.02,90,Random Forest,2020-11-09,1,1,0.02
ITUB4,1.02,90,SVC,2020-11-09,1,1,0.02
ITUB4,1.02,90,RNA,2020-11-10,1,0,0.02
ITUB4,1.02,90,Random Forest,2020-11-10,1,1,0.02
ITUB4,1.02,90,SVC,2020-11-10,1,1,0.02
ITUB4,1.02,90,RNA,2020-11-11,1,1,0.02
ITUB4,1.02,90,Random Forest,2020-11-11,1,1,0.02
ITUB4,1.02,90,SVC,2020-11-11,1,1,0.02
ITUB4,1.02,90,RNA,2020-11-12,1,0,0.02
ITUB4,1.02,90,Random Forest,2020-11-12,1,1,0.02
ITUB4,1.02,90,SVC,2020-11-12,1,1,0.02
ITUB4,1.02,90,RNA,2020-11-13,1,0,0.02
ITUB4,1.02,90,Random Forest,2020-11-13,1,1,0.02
ITUB4,1.02,90,SVC,2020-11-13,1,1,0.02
ITUB4,1.02,90,RNA,2020-11-16,0,1,-0.027919660922846
ITUB4,1.02,90,Random Forest,2020-11-16,0,1,-0.027919660922846
ITUB4,1.02,90,SVC,2020-11-16,0,1,-0.027919660922846
ITUB4,1.02,90,RNA,2020-11-17,0,1,-0.0180088230517778
ITUB4,1.02,90,Random Forest,2020-11-17,0,1,-0.0180088230517778
ITUB4,1.02,90,SVC,2020-11-17,0,1,-0.0180088230517778
ITUB4,1.02,90,RNA,2020-11-18,1,1,0.02
ITUB4,1.02,90,Random Forest,2020-11-18,1,0,0.02
ITUB4,1.02,90,SVC,2020-11-18,1,1,0.02
ITUB4,1.02,90,RNA,2020-11-19,1,1,0.02
ITUB4,1.02,90,Random Forest,2020-11-19,1,0,0.02
ITUB4,1.02,90,SVC,2020-11-19,1,1,0.02
ITUB4,1.02,90,RNA,2020-11-20,1,1,0.02
ITUB4,1.02,90,Random Forest,2020-11-20,1,1,0.02
ITUB4,1.02,90,SVC,2020-11-20,1,1,0.02
ITUB4,1.02,90,RNA,2020-11-23,1,1,0.02
ITUB4,1.02,90,Random Forest,2020-11-23,1,1,0.02
ITUB4,1.02,90,SVC,2020-11-23,1,1,0.02
ITUB4,1.02,90,RNA,2020-11-24,0,1,-0.03578660750852
ITUB4,1.02,90,Random Forest,2020-11-24,0,1,-0.03578660750852
ITUB4,1.02,90,SVC,2020-11-24,0,1,-0.03578660750852
ITUB4,1.02,90,RNA,2020-11-25,1,0,0.02
ITUB4,1.02,90,Random Forest,2020-11-25,1,1,0.02
ITUB4,1.02,90,SVC,2020-11-25,1,1,0.02
ITUB4,1.02,90,RNA,2020-11-26,1,1,0.02
ITUB4,1.02,90,Random Forest,2020-11-26,1,1,0.02
ITUB4,1.02,90,SVC,2020-11-26,1,1,0.02
ITUB4,1.02,90,RNA,2020-11-27,1,1,0.02
ITUB4,1.02,90,Random Forest,2020-11-27,1,1,0.02
ITUB4,1.02,90,SVC,2020-11-27,1,1,0.02
ITUB4,1.02,90,RNA,2020-11-30,1,1,0.02
ITUB4,1.02,90,Random Forest,2020-11-30,1,1,0.02
ITUB4,1.02,90,SVC,2020-11-30,1,1,0.02
ITUB4,1.02,90,RNA,2020-12-01,1,1,0.02
ITUB4,1.02,90,Random Forest,2020-12-01,1,1,0.02
ITUB4,1.02,90,SVC,2020-12-01,1,1,0.02
ITUB4,1.02,90,RNA,2020-12-02,1,0,0.02
ITUB4,1.02,90,Random Forest,2020-12-02,1,1,0.02
ITUB4,1.02,90,SVC,2020-12-02,1,1,0.02
ITUB4,1.02,90,RNA,2020-12-03,1,1,0.02
ITUB4,1.02,90,Random Forest,2020-12-03,1,1,0.02
ITUB4,1.02,90,SVC,2020-12-03,1,1,0.02
ITUB4,1.02,90,RNA,2020-12-04,1,1,0.02
ITUB4,1.02,90,Random Forest,2020-12-04,1,1,0.02
ITUB4,1.02,90,SVC,2020-12-04,1,1,0.02
ITUB4,1.02,90,RNA,2020-12-07,1,0,0.02
ITUB4,1.02,90,Random Forest,2020-12-07,1,1,0.02
ITUB4,1.02,90,SVC,2020-12-07,1,1,0.02
ITUB4,1.02,90,RNA,2020-12-08,1,0,0.02
ITUB4,1.02,90,Random Forest,2020-12-08,1,1,0.02
ITUB4,1.02,90,SVC,2020-12-08,1,1,0.02
ITUB4,1.02,90,RNA,2020-12-09,1,1,0.02
ITUB4,1.02,90,Random Forest,2020-12-09,1,1,0.02
ITUB4,1.02,90,SVC,2020-12-09,1,1,0.02
ITUB4,1.02,90,RNA,2020-12-10,1,1,0.02
ITUB4,1.02,90,Random Forest,2020-12-10,1,1,0.02
ITUB4,1.02,90,SVC,2020-12-10,1,1,0.02
ITUB4,1.02,90,RNA,2020-12-11,1,1,0.02
ITUB4,1.02,90,Random Forest,2020-12-11,1,1,0.02
ITUB4,1.02,90,SVC,2020-12-11,1,1,0.02
ITUB4,1.02,90,RNA,2020-12-14,1,0,0.02
ITUB4,1.02,90,Random Forest,2020-12-14,1,1,0.02
ITUB4,1.02,90,SVC,2020-12-14,1,1,0.02
ITUB4,1.02,90,RNA,2020-12-15,1,1,0.02
ITUB4,1.02,90,Random Forest,2020-12-15,1,1,0.02
ITUB4,1.02,90,SVC,2020-12-15,1,1,0.02
ITUB4,1.02,90,RNA,2020-12-16,0,1,-0.0200689812405855
ITUB4,1.02,90,Random Forest,2020-12-16,0,1,-0.0200689812405855
ITUB4,1.02,90,SVC,2020-12-16,0,1,-0.0200689812405855
ITUB4,1.02,90,RNA,2020-12-17,0,1,0.0069356751979159
ITUB4,1.02,90,Random Forest,2020-12-17,0,1,0.0069356751979159
ITUB4,1.02,90,SVC,2020-12-17,0,1,0.0069356751979159
ITUB4,1.02,90,RNA,2020-12-18,1,1,0.02
ITUB4,1.02,90,Random Forest,2020-12-18,1,1,0.02
ITUB4,1.02,90,SVC,2020-12-18,1,1,0.02
ITUB4,1.02,90,RNA,2020-12-21,1,1,0.02
ITUB4,1.02,90,Random Forest,2020-12-21,1,1,0.02
ITUB4,1.02,90,SVC,2020-12-21,1,1,0.02
ITUB4,1.02,90,RNA,2020-12-22,1,1,0.02
ITUB4,1.02,90,Random Forest,2020-12-22,1,1,0.02
ITUB4,1.02,90,SVC,2020-12-22,1,1,0.02
ITUB4,1.02,90,RNA,2020-12-23,0,1,-0.0405135301232991
ITUB4,1.02,90,Random Forest,2020-12-23,0,1,-0.0405135301232991
ITUB4,1.02,90,SVC,2020-12-23,0,1,-0.0405135301232991
ITUB4,1.02,90,RNA,2020-12-28,0,0,-0.0482008225666257
ITUB4,1.02,90,Random Forest,2020-12-28,0,1,-0.0482008225666257
ITUB4,1.02,90,SVC,2020-12-28,0,1,-0.0482008225666257
ITUB4,1.02,90,RNA,2020-12-29,0,1,-0.0197216823578263
ITUB4,1.02,90,Random Forest,2020-12-29,0,0,-0.0197216823578263
ITUB4,1.02,90,SVC,2020-12-29,0,1,-0.0197216823578263
ITUB4,1.02,90,RNA,2020-12-30,1,1,0.02
ITUB4,1.02,90,Random Forest,2020-12-30,1,0,0.02
ITUB4,1.02,90,SVC,2020-12-30,1,1,0.02
ITUB4,1.02,90,RNA,2021-01-04,1,1,0.02
ITUB4,1.02,90,Random Forest,2021-01-04,1,1,0.02
ITUB4,1.02,90,SVC,2021-01-04,1,1,0.02
ITUB4,1.02,90,RNA,2021-01-05,1,1,0.02
ITUB4,1.02,90,Random Forest,2021-01-05,1,1,0.02
ITUB4,1.02,90,SVC,2021-01-05,1,1,0.02
ITUB4,1.02,90,RNA,2021-01-06,1,1,0.02
ITUB4,1.02,90,Random Forest,2021-01-06,1,1,0.02
ITUB4,1.02,90,SVC,2021-01-06,1,1,0.02
ITUB4,1.02,90,RNA,2021-01-07,0,1,-0.0388703184860421
ITUB4,1.02,90,Random Forest,2021-01-07,0,1,-0.0388703184860421
ITUB4,1.02,90,SVC,2021-01-07,0,1,-0.0388703184860421
ITUB4,1.02,90,RNA,2021-01-08,0,1,0.0036957017820189
ITUB4,1.02,90,Random Forest,2021-01-08,0,0,0.0036957017820189
ITUB4,1.02,90,SVC,2021-01-08,0,1,0.0036957017820189
ITUB4,1.02,90,RNA,2021-01-11,1,0,0.02
ITUB4,1.02,90,Random Forest,2021-01-11,1,1,0.02
ITUB4,1.02,90,SVC,2021-01-11,1,1,0.02
ITUB4,1.02,90,RNA,2021-01-12,1,1,0.02
ITUB4,1.02,90,Random Forest,2021-01-12,1,1,0.02
ITUB4,1.02,90,SVC,2021-01-12,1,1,0.02
ITUB4,1.02,90,RNA,2021-01-13,1,0,0.02
ITUB4,1.02,90,Random Forest,2021-01-13,1,1,0.02
ITUB4,1.02,90,SVC,2021-01-13,1,1,0.02
ITUB4,1.02,90,RNA,2021-01-14,0,1,-0.0539781202614298
ITUB4,1.02,90,Random Forest,2021-01-14,0,1,-0.0539781202614298
ITUB4,1.02,90,SVC,2021-01-14,0,1,-0.0539781202614298
ITUB4,1.02,90,RNA,2021-01-15,0,1,-0.0552747969843345
ITUB4,1.02,90,Random Forest,2021-01-15,0,1,-0.0552747969843345
ITUB4,1.02,90,SVC,2021-01-15,0,1,-0.0552747969843345
ITUB4,1.02,90,RNA,2021-01-18,0,1,-0.0704985864229434
ITUB4,1.02,90,Random Forest,2021-01-18,0,1,-0.0704985864229434
ITUB4,1.02,90,SVC,2021-01-18,0,1,-0.0704985864229434
ITUB4,1.02,90,RNA,2021-01-19,0,1,-0.0886150239810069
ITUB4,1.02,90,Random Forest,2021-01-19,0,1,-0.0886150239810069
ITUB4,1.02,90,SVC,2021-01-19,0,1,-0.0886150239810069
ITUB4,1.02,90,RNA,2021-01-20,0,1,-0.0673328039288109
ITUB4,1.02,90,Random Forest,2021-01-20,0,0,-0.0673328039288109
ITUB4,1.02,90,SVC,2021-01-20,0,1,-0.0673328039288109
ITUB4,1.02,90,RNA,2021-01-21,1,1,0.02
ITUB4,1.02,90,Random Forest,2021-01-21,1,0,0.02
ITUB4,1.02,90,SVC,2021-01-21,1,1,0.02
ITUB4,1.02,90,RNA,2021-01-22,1,1,0.02
ITUB4,1.02,90,Random Forest,2021-01-22,1,0,0.02
ITUB4,1.02,90,SVC,2021-01-22,1,1,0.02
ITUB4,1.02,90,RNA,2021-01-26,1,1,0.02
ITUB4,1.02,90,Random Forest,2021-01-26,1,1,0.02
ITUB4,1.02,90,SVC,2021-01-26,1,1,0.02
ITUB4,1.02,90,RNA,2021-01-27,1,1,0.02
ITUB4,1.02,90,Random Forest,2021-01-27,1,1,0.02
ITUB4,1.02,90,SVC,2021-01-27,1,1,0.02
ITUB4,1.02,90,RNA,2021-01-28,0,1,-0.0302878339971227
ITUB4,1.02,90,Random Forest,2021-01-28,0,1,-0.0302878339971227
ITUB4,1.02,90,SVC,2021-01-28,0,1,-0.0302878339971227
ITUB4,1.02,90,RNA,2021-01-29,0,1,-0.0275861770707103
ITUB4,1.02,90,Random Forest,2021-01-29,0,1,-0.0275861770707103
ITUB4,1.02,90,SVC,2021-01-29,0,1,-0.0275861770707103
ITUB4,1.02,90,RNA,2021-02-01,0,1,-0.0343878997321204
ITUB4,1.02,90,Random Forest,2021-02-01,0,1,-0.0343878997321204
ITUB4,1.02,90,SVC,2021-02-01,0,1,-0.0343878997321204
ITUB4,1.02,90,RNA,2021-02-02,0,1,-0.0417246003802067
ITUB4,1.02,90,Random Forest,2021-02-02,0,0,-0.0417246003802067
ITUB4,1.02,90,SVC,2021-02-02,0,1,-0.0417246003802067
ITUB4,1.02,90,RNA,2021-02-03,0,1,-0.0224325147761027
ITUB4,1.02,90,Random Forest,2021-02-03,0,0,-0.0224325147761027
ITUB4,1.02,90,SVC,2021-02-03,0,1,-0.0224325147761027
ITUB4,1.02,90,RNA,2021-02-04,0,0,-0.0219003777680932
ITUB4,1.02,90,Random Forest,2021-02-04,0,0,-0.0219003777680932
ITUB4,1.02,90,SVC,2021-02-04,0,1,-0.0219003777680932
ITUB4,1.02,90,RNA,2021-02-05,0,0,-0.0110713935270033
ITUB4,1.02,90,Random Forest,2021-02-05,0,0,-0.0110713935270033
ITUB4,1.02,90,SVC,2021-02-05,0,1,-0.0110713935270033
ITUB4,1.02,90,RNA,2021-02-08,1,1,0.02
ITUB4,1.02,90,Random Forest,2021-02-08,1,0,0.02
ITUB4,1.02,90,SVC,2021-02-08,1,1,0.02
ITUB4,1.02,90,RNA,2021-02-09,0,0,0.0075269177469319
ITUB4,1.02,90,Random Forest,2021-02-09,0,0,0.0075269177469319
ITUB4,1.02,90,SVC,2021-02-09,0,0,0.0075269177469319
ITUB4,1.02,90,RNA,2021-02-10,0,1,-0.0028581545796819
ITUB4,1.02,90,Random Forest,2021-02-10,0,0,-0.0028581545796819
ITUB4,1.02,90,SVC,2021-02-10,0,1,-0.0028581545796819
ITUB4,1.02,90,RNA,2021-02-11,1,0,0.02
ITUB4,1.02,90,Random Forest,2021-02-11,1,1,0.02
ITUB4,1.02,90,SVC,2021-02-11,1,0,0.02
ITUB4,1.02,90,RNA,2021-02-12,1,0,0.02
ITUB4,1.02,90,Random Forest,2021-02-12,1,0,0.02
ITUB4,1.02,90,SVC,2021-02-12,1,0,0.02
ITUB4,1.02,90,RNA,2021-02-17,1,1,0.02
ITUB4,1.02,90,Random Forest,2021-02-17,1,0,0.02
ITUB4,1.02,90,SVC,2021-02-17,1,0,0.02
ITUB4,1.02,90,RNA,2021-02-18,0,1,-0.0372893524407473
ITUB4,1.02,90,Random Forest,2021-02-18,0,0,-0.0372893524407473
ITUB4,1.02,90,SVC,2021-02-18,0,1,-0.0372893524407473
ITUB4,1.02,90,RNA,2021-02-19,1,1,0.02
ITUB4,1.02,90,Random Forest,2021-02-19,1,1,0.02
ITUB4,1.02,90,SVC,2021-02-19,1,0,0.02
ITUB4,1.02,90,RNA,2021-02-22,1,0,0.02
ITUB4,1.02,90,Random Forest,2021-02-22,1,1,0.02
ITUB4,1.02,90,SVC,2021-02-22,1,1,0.02
ITUB4,1.02,90,RNA,2021-02-23,0,0,-0.0913225913590477
ITUB4,1.02,90,Random Forest,2021-02-23,0,1,-0.0913225913590477
ITUB4,1.02,90,SVC,2021-02-23,0,1,-0.0913225913590477
ITUB4,1.02,90,RNA,2021-02-24,0,1,-0.0360118712557699
ITUB4,1.02,90,Random Forest,2021-02-24,0,1,-0.0360118712557699
ITUB4,1.02,90,SVC,2021-02-24,0,1,-0.0360118712557699
ITUB4,1.02,90,RNA,2021-02-25,0,0,-0.0135430252372836
ITUB4,1.02,90,Random Forest,2021-02-25,0,1,-0.0135430252372836
ITUB4,1.02,90,SVC,2021-02-25,0,0,-0.0135430252372836
ITUB4,1.02,90,RNA,2021-02-26,1,1,0.02
ITUB4,1.02,90,Random Forest,2021-02-26,1,0,0.02
ITUB4,1.02,90,SVC,2021-02-26,1,1,0.02
ITUB4,1.02,90,RNA,2021-03-01,1,1,0.02
ITUB4,1.02,90,Random Forest,2021-03-01,1,0,0.02
ITUB4,1.02,90,SVC,2021-03-01,1,0,0.02
ITUB4,1.02,90,RNA,2021-03-02,1,1,0.02
ITUB4,1.02,90,Random Forest,2021-03-02,1,0,0.02
ITUB4,1.02,90,SVC,2021-03-02,1,0,0.02
ITUB4,1.02,90,RNA,2021-03-03,1,0,0.02
ITUB4,1.02,90,Random Forest,2021-03-03,1,1,0.02
ITUB4,1.02,90,SVC,2021-03-03,1,1,0.02
ITUB4,1.02,90,RNA,2021-03-04,1,1,0.02
ITUB4,1.02,90,Random Forest,2021-03-04,1,1,0.02
ITUB4,1.02,90,SVC,2021-03-04,1,1,0.02
ITUB4,1.02,90,RNA,2021-03-05,1,0,0.02
ITUB4,1.02,90,Random Forest,2021-03-05,1,0,0.02
ITUB4,1.02,90,SVC,2021-03-05,1,1,0.02
ITUB4,1.02,90,RNA,2021-03-08,1,1,0.02
ITUB4,1.02,90,Random Forest,2021-03-08,1,0,0.02
ITUB4,1.02,90,SVC,2021-03-08,1,1,0.02
ITUB4,1.02,90,RNA,2021-03-09,1,1,0.02
ITUB4,1.02,90,Random Forest,2021-03-09,1,1,0.02
ITUB4,1.02,90,SVC,2021-03-09,1,1,0.02
ITUB4,1.02,90,RNA,2021-03-10,0,1,-0.0239130229278435
ITUB4,1.02,90,Random Forest,2021-03-10,0,1,-0.0239130229278435
ITUB4,1.02,90,SVC,2021-03-10,0,1,-0.0239130229278435
ITUB4,1.02,90,RNA,2021-03-11,1,1,0.02
ITUB4,1.02,90,Random Forest,2021-03-11,1,1,0.02
ITUB4,1.02,90,SVC,2021-03-11,1,1,0.02
ITUB4,1.02,90,RNA,2021-03-12,1,1,0.02
ITUB4,1.02,90,Random Forest,2021-03-12,1,0,0.02
ITUB4,1.02,90,SVC,2021-03-12,1,1,0.02
ITUB4,1.02,90,RNA,2021-03-15,1,1,0.02
ITUB4,1.02,90,Random Forest,2021-03-15,1,1,0.02
ITUB4,1.02,90,SVC,2021-03-15,1,1,0.02
ITUB4,1.02,90,RNA,2021-03-16,1,1,0.02
ITUB4,1.02,90,Random Forest,2021-03-16,1,1,0.02
ITUB4,1.02,90,SVC,2021-03-16,1,1,0.02
ITUB4,1.02,90,RNA,2021-03-17,1,1,0.02
ITUB4,1.02,90,Random Forest,2021-03-17,1,1,0.02
ITUB4,1.02,90,SVC,2021-03-17,1,1,0.02
ITUB4,1.02,90,RNA,2021-03-18,0,0,-0.0378895425858152
ITUB4,1.02,90,Random Forest,2021-03-18,0,1,-0.0378895425858152
ITUB4,1.02,90,SVC,2021-03-18,0,1,-0.0378895425858152
ITUB4,1.02,90,RNA,2021-03-19,0,1,-0.0121472474812425
ITUB4,1.02,90,Random Forest,2021-03-19,0,1,-0.0121472474812425
ITUB4,1.02,90,SVC,2021-03-19,0,1,-0.0121472474812425
ITUB4,1.02,90,RNA,2021-03-22,0,1,0.0043389324312734
ITUB4,1.02,90,Random Forest,2021-03-22,0,0,0.0043389324312734
ITUB4,1.02,90,SVC,2021-03-22,0,1,0.0043389324312734
ITUB4,1.02,90,RNA,2021-03-23,1,1,0.02
ITUB4,1.02,90,Random Forest,2021-03-23,1,0,0.02
ITUB4,1.02,90,SVC,2021-03-23,1,1,0.02
ITUB4,1.02,90,RNA,2021-03-24,1,1,0.02
ITUB4,1.02,90,Random Forest,2021-03-24,1,0,0.02
ITUB4,1.02,90,SVC,2021-03-24,1,1,0.02
ITUB4,1.02,90,RNA,2021-03-25,1,1,0.02
ITUB4,1.02,90,Random Forest,2021-03-25,1,1,0.02
ITUB4,1.02,90,SVC,2021-03-25,1,1,0.02
ITUB4,1.02,90,RNA,2021-03-26,0,1,-0.0357562906387848
ITUB4,1.02,90,Random Forest,2021-03-26,0,0,-0.0357562906387848
ITUB4,1.02,90,SVC,2021-03-26,0,1,-0.0357562906387848
ITUB4,1.02,90,RNA,2021-03-29,1,0,0.02
ITUB4,1.02,90,Random Forest,2021-03-29,1,1,0.02
ITUB4,1.02,90,SVC,2021-03-29,1,1,0.02
ITUB4,1.02,90,RNA,2021-03-30,0,1,-0.0411674591974341
ITUB4,1.02,90,Random Forest,2021-03-30,0,0,-0.0411674591974341
ITUB4,1.02,90,SVC,2021-03-30,0,1,-0.0411674591974341
ITUB4,1.02,90,RNA,2021-03-31,0,1,-0.0440810652683939
ITUB4,1.02,90,Random Forest,2021-03-31,0,0,-0.0440810652683939
ITUB4,1.02,90,SVC,2021-03-31,0,1,-0.0440810652683939
ITUB4,1.02,90,RNA,2021-04-01,0,1,-0.0248537609495226
ITUB4,1.02,90,Random Forest,2021-04-01,0,0,-0.0248537609495226
ITUB4,1.02,90,SVC,2021-04-01,0,1,-0.0248537609495226
ITUB4,1.02,90,RNA,2021-04-05,0,0,-0.0312726944325443
ITUB4,1.02,90,Random Forest,2021-04-05,0,0,-0.0312726944325443
ITUB4,1.02,90,SVC,2021-04-05,0,1,-0.0312726944325443
ITUB4,1.02,90,RNA,2021-04-06,0,1,0.0103626917571664
ITUB4,1.02,90,Random Forest,2021-04-06,0,1,0.0103626917571664
ITUB4,1.02,90,SVC,2021-04-06,0,1,0.0103626917571664
ITUB4,1.02,90,RNA,2021-04-07,0,0,0.010366528551043
ITUB4,1.02,90,Random Forest,2021-04-07,0,0,0.010366528551043
ITUB4,1.02,90,SVC,2021-04-07,0,1,0.010366528551043
ITUB4,1.02,90,RNA,2021-04-08,1,0,0.02
ITUB4,1.02,90,Random Forest,2021-04-08,1,0,0.02
ITUB4,1.02,90,SVC,2021-04-08,1,1,0.02
ITUB4,1.02,90,RNA,2021-04-09,1,1,0.02
ITUB4,1.02,90,Random Forest,2021-04-09,1,1,0.02
ITUB4,1.02,90,SVC,2021-04-09,1,1,0.02
ITUB4,1.02,90,RNA,2021-04-12,1,1,0.02
ITUB4,1.02,90,Random Forest,2021-04-12,1,1,0.02
ITUB4,1.02,90,SVC,2021-04-12,1,1,0.02
ITUB4,1.02,90,RNA,2021-04-13,1,1,0.02
ITUB4,1.02,90,Random Forest,2021-04-13,1,0,0.02
ITUB4,1.02,90,SVC,2021-04-13,1,1,0.02
ITUB4,1.02,90,RNA,2021-04-14,0,1,-0.009761368653501
ITUB4,1.02,90,Random Forest,2021-04-14,0,0,-0.009761368653501
ITUB4,1.02,90,SVC,2021-04-14,0,1,-0.009761368653501
ITUB4,1.02,90,RNA,2021-04-15,1,1,0.02
ITUB4,1.02,90,Random Forest,2021-04-15,1,0,0.02
ITUB4,1.02,90,SVC,2021-04-15,1,1,0.02
ITUB4,1.02,90,RNA,2021-04-16,0,0,-0.0125537985959441
ITUB4,1.02,90,Random Forest,2021-04-16,0,0,-0.0125537985959441
ITUB4,1.02,90,SVC,2021-04-16,0,1,-0.0125537985959441
ITUB4,1.02,90,RNA,2021-04-19,0,1,0.0036482939838926
ITUB4,1.02,90,Random Forest,2021-04-19,0,1,0.0036482939838926
ITUB4,1.02,90,SVC,2021-04-19,0,1,0.0036482939838926
ITUB4,1.02,90,RNA,2021-04-20,0,1,-0.0159825944875235
ITUB4,1.02,90,Random Forest,2021-04-20,0,1,-0.0159825944875235
ITUB4,1.02,90,SVC,2021-04-20,0,1,-0.0159825944875235
ITUB4,1.02,90,RNA,2021-04-22,1,0,0.02
ITUB4,1.02,90,Random Forest,2021-04-22,1,1,0.02
ITUB4,1.02,90,SVC,2021-04-22,1,1,0.02
ITUB4,1.02,90,RNA,2021-04-23,1,0,0.02
ITUB4,1.02,90,Random Forest,2021-04-23,1,0,0.02
ITUB4,1.02,90,SVC,2021-04-23,1,1,0.02
ITUB4,1.02,90,RNA,2021-04-26,1,1,0.02
ITUB4,1.02,90,Random Forest,2021-04-26,1,1,0.02
ITUB4,1.02,90,SVC,2021-04-26,1,1,0.02
ITUB4,1.02,90,RNA,2021-04-27,1,0,0.02
ITUB4,1.02,90,Random Forest,2021-04-27,1,1,0.02
ITUB4,1.02,90,SVC,2021-04-27,1,1,0.02
ITUB4,1.02,90,RNA,2021-04-28,0,1,-0.0516478443557051
ITUB4,1.02,90,Random Forest,2021-04-28,0,1,-0.0516478443557051
ITUB4,1.02,90,SVC,2021-04-28,0,1,-0.0516478443557051
ITUB4,1.02,90,RNA,2021-04-29,1,1,0.02
ITUB4,1.02,90,Random Forest,2021-04-29,1,1,0.02
ITUB4,1.02,90,SVC,2021-04-29,1,1,0.02
ITUB4,1.02,90,RNA,2021-04-30,1,1,0.02
ITUB4,1.02,90,Random Forest,2021-04-30,1,1,0.02
ITUB4,1.02,90,SVC,2021-04-30,1,1,0.02
ITUB4,1.02,90,RNA,2021-05-03,0,1,-0.0167259863540787
ITUB4,1.02,90,Random Forest,2021-05-03,0,1,-0.0167259863540787
ITUB4,1.02,90,SVC,2021-05-03,0,1,-0.0167259863540787
ITUB4,1.02,90,RNA,2021-05-04,1,1,0.02
ITUB4,1.02,90,Random Forest,2021-05-04,1,1,0.02
ITUB4,1.02,90,SVC,2021-05-04,1,1,0.02
ITUB4,1.02,90,RNA,2021-05-05,1,0,0.02
ITUB4,1.02,90,Random Forest,2021-05-05,1,1,0.02
ITUB4,1.02,90,SVC,2021-05-05,1,1,0.02
ITUB4,1.02,90,RNA,2021-05-06,1,1,0.02
ITUB4,1.02,90,Random Forest,2021-05-06,1,1,0.02
ITUB4,1.02,90,SVC,2021-05-06,1,1,0.02
ITUB4,1.02,90,RNA,2021-05-07,1,0,0.02
ITUB4,1.02,90,Random Forest,2021-05-07,1,1,0.02
ITUB4,1.02,90,SVC,2021-05-07,1,1,0.02
ITUB4,1.02,90,RNA,2021-05-10,1,0,0.02
ITUB4,1.02,90,Random Forest,2021-05-10,1,1,0.02
ITUB4,1.02,90,SVC,2021-05-10,1,1,0.02
ITUB4,1.02,90,RNA,2021-05-11,1,1,0.02
ITUB4,1.02,90,Random Forest,2021-05-11,1,0,0.02
ITUB4,1.02,90,SVC,2021-05-11,1,0,0.02
ITUB4,1.02,90,RNA,2021-05-12,1,0,0.02
ITUB4,1.02,90,Random Forest,2021-05-12,1,1,0.02
ITUB4,1.02,90,SVC,2021-05-12,1,1,0.02
ITUB4,1.02,90,RNA,2021-05-13,1,0,0.02
ITUB4,1.02,90,Random Forest,2021-05-13,1,1,0.02
ITUB4,1.02,90,SVC,2021-05-13,1,1,0.02
ITUB4,1.02,90,RNA,2021-05-14,1,1,0.02
ITUB4,1.02,90,Random Forest,2021-05-14,1,0,0.02
ITUB4,1.02,90,SVC,2021-05-14,1,1,0.02
ITUB4,1.02,90,RNA,2021-05-17,1,1,0.02
ITUB4,1.02,90,Random Forest,2021-05-17,1,0,0.02
ITUB4,1.02,90,SVC,2021-05-17,1,1,0.02
ITUB4,1.02,90,RNA,2021-05-18,1,1,0.02
ITUB4,1.02,90,Random Forest,2021-05-18,1,0,0.02
ITUB4,1.02,90,SVC,2021-05-18,1,1,0.02
ITUB4,1.02,90,RNA,2021-05-19,0,0,-0.0048561756067782
ITUB4,1.02,90,Random Forest,2021-05-19,0,1,-0.0048561756067782
ITUB4,1.02,90,SVC,2021-05-19,0,1,-0.0048561756067782
ITUB4,1.02,90,RNA,2021-05-20,0,1,0.004054369766641
ITUB4,1.02,90,Random Forest,2021-05-20,0,0,0.004054369766641
ITUB4,1.02,90,SVC,2021-05-20,0,1,0.004054369766641
ITUB4,1.02,90,RNA,2021-05-21,0,1,-0.0108909888930758
ITUB4,1.02,90,Random Forest,2021-05-21,0,0,-0.0108909888930758
ITUB4,1.02,90,SVC,2021-05-21,0,1,-0.0108909888930758
ITUB4,1.02,90,RNA,2021-05-24,0,0,0.010572990218064
ITUB4,1.02,90,Random Forest,2021-05-24,0,0,0.010572990218064
ITUB4,1.02,90,SVC,2021-05-24,0,1,0.010572990218064
ITUB4,1.02,90,RNA,2021-05-25,1,0,0.02
ITUB4,1.02,90,Random Forest,2021-05-25,1,0,0.02
ITUB4,1.02,90,SVC,2021-05-25,1,1,0.02
ITUB4,1.02,90,RNA,2021-05-26,1,0,0.02
ITUB4,1.02,90,Random Forest,2021-05-26,1,0,0.02
ITUB4,1.02,90,SVC,2021-05-26,1,1,0.02
ITUB4,1.02,90,RNA,2021-05-27,1,0,0.02
ITUB4,1.02,90,Random Forest,2021-05-27,1,0,0.02
ITUB4,1.02,90,SVC,2021-05-27,1,1,0.02
ITUB4,1.02,90,RNA,2021-05-28,1,1,0.02
ITUB4,1.02,90,Random Forest,2021-05-28,1,0,0.02
ITUB4,1.02,90,SVC,2021-05-28,1,1,0.02
ITUB4,1.02,90,RNA,2021-05-31,1,0,0.02
ITUB4,1.02,90,Random Forest,2021-05-31,1,0,0.02
ITUB4,1.02,90,SVC,2021-05-31,1,1,0.02
ITUB4,1.02,90,RNA,2021-06-01,1,0,0.02
ITUB4,1.02,90,Random Forest,2021-06-01,1,1,0.02
ITUB4,1.02,90,SVC,2021-06-01,1,1,0.02
ITUB4,1.02,90,RNA,2021-06-02,1,0,0.02
ITUB4,1.02,90,Random Forest,2021-06-02,1,0,0.02
ITUB4,1.02,90,SVC,2021-06-02,1,1,0.02
ITUB4,1.02,90,RNA,2021-06-04,1,0,0.02
ITUB4,1.02,90,Random Forest,2021-06-04,1,0,0.02
ITUB4,1.02,90,SVC,2021-06-04,1,1,0.02
ITUB4,1.02,90,RNA,2021-06-07,1,0,0.02
ITUB4,1.02,90,Random Forest,2021-06-07,1,1,0.02
ITUB4,1.02,90,SVC,2021-06-07,1,1,0.02
ITUB4,1.02,90,RNA,2021-06-08,1,1,0.02
ITUB4,1.02,90,Random Forest,2021-06-08,1,1,0.02
ITUB4,1.02,90,SVC,2021-06-08,1,1,0.02
ITUB4,1.02,90,RNA,2021-06-09,0,0,-0.0285714061229996
ITUB4,1.02,90,Random Forest,2021-06-09,0,1,-0.0285714061229996
ITUB4,1.02,90,SVC,2021-06-09,0,1,-0.0285714061229996
ITUB4,1.02,90,RNA,2021-06-10,0,1,0.0075665923951848
ITUB4,1.02,90,Random Forest,2021-06-10,0,1,0.0075665923951848
ITUB4,1.02,90,SVC,2021-06-10,0,1,0.0075665923951848
ITUB4,1.02,90,RNA,2021-06-11,1,1,0.02
ITUB4,1.02,90,Random Forest,2021-06-11,1,1,0.02
ITUB4,1.02,90,SVC,2021-06-11,1,1,0.02
ITUB4,1.02,90,RNA,2021-06-14,1,0,0.02
ITUB4,1.02,90,Random Forest,2021-06-14,1,1,0.02
ITUB4,1.02,90,SVC,2021-06-14,1,1,0.02
ITUB4,1.02,90,RNA,2021-06-15,1,1,0.02
ITUB4,1.02,90,Random Forest,2021-06-15,1,1,0.02
ITUB4,1.02,90,SVC,2021-06-15,1,1,0.02
ITUB4,1.02,90,RNA,2021-06-16,1,1,0.02
ITUB4,1.02,90,Random Forest,2021-06-16,1,1,0.02
ITUB4,1.02,90,SVC,2021-06-16,1,1,0.02
ITUB4,1.02,90,RNA,2021-06-17,0,1,-0.0290076483557939
ITUB4,1.02,90,Random Forest,2021-06-17,0,1,-0.0290076483557939
ITUB4,1.02,90,SVC,2021-06-17,0,1,-0.0290076483557939
ITUB4,1.02,90,RNA,2021-06-18,0,1,-0.012725018220223
ITUB4,1.02,90,Random Forest,2021-06-18,0,1,-0.012725018220223
ITUB4,1.02,90,SVC,2021-06-18,0,1,-0.012725018220223
ITUB4,1.02,90,RNA,2021-06-21,0,1,-0.0443686033034103
ITUB4,1.02,90,Random Forest,2021-06-21,0,0,-0.0443686033034103
ITUB4,1.02,90,SVC,2021-06-21,0,1,-0.0443686033034103
ITUB4,1.02,90,RNA,2021-06-22,0,0,-0.049922009167803
ITUB4,1.02,90,Random Forest,2021-06-22,0,0,-0.049922009167803
ITUB4,1.02,90,SVC,2021-06-22,0,1,-0.049922009167803
ITUB4,1.02,90,RNA,2021-06-23,0,1,-0.0627913971100218
ITUB4,1.02,90,Random Forest,2021-06-23,0,0,-0.0627913971100218
ITUB4,1.02,90,SVC,2021-06-23,0,1,-0.0627913971100218
ITUB4,1.02,90,RNA,2021-06-24,0,1,-0.0681676276296294
ITUB4,1.02,90,Random Forest,2021-06-24,0,0,-0.0681676276296294
ITUB4,1.02,90,SVC,2021-06-24,0,1,-0.0681676276296294
ITUB4,1.02,90,RNA,2021-06-25,0,0,-0.036804743237627
ITUB4,1.02,90,Random Forest,2021-06-25,0,0,-0.036804743237627
ITUB4,1.02,90,SVC,2021-06-25,0,1,-0.036804743237627
ITUB4,1.02,90,RNA,2021-06-28,0,1,-0.0077626069229377
ITUB4,1.02,90,Random Forest,2021-06-28,0,0,-0.0077626069229377
ITUB4,1.02,90,SVC,2021-06-28,0,1,-0.0077626069229377
ITUB4,1.02,90,RNA,2021-06-29,0,0,-0.0128367402431293
ITUB4,1.02,90,Random Forest,2021-06-29,0,0,-0.0128367402431293
ITUB4,1.02,90,SVC,2021-06-29,0,0,-0.0128367402431293
ITUB4,1.02,90,RNA,2021-06-30,0,0,-0.0174555298292327
ITUB4,1.02,90,Random Forest,2021-06-30,0,0,-0.0174555298292327
ITUB4,1.02,90,SVC,2021-06-30,0,1,-0.0174555298292327
ITUB4,1.02,90,RNA,2021-07-01,0,0,-0.0066934350348086
ITUB4,1.02,90,Random Forest,2021-07-01,0,0,-0.0066934350348086
ITUB4,1.02,90,SVC,2021-07-01,0,1,-0.0066934350348086
ITUB4,1.02,90,RNA,2021-07-02,0,1,-0.0144683377106663
ITUB4,1.02,90,Random Forest,2021-07-02,0,0,-0.0144683377106663
ITUB4,1.02,90,SVC,2021-07-02,0,1,-0.0144683377106663
ITUB4,1.02,90,RNA,2021-07-05,0,1,0.0071234789115319
ITUB4,1.02,90,Random Forest,2021-07-05,0,0,0.0071234789115319
ITUB4,1.02,90,SVC,2021-07-05,0,1,0.0071234789115319
ITUB4,1.02,90,RNA,2021-07-06,0,1,0.0098039024382086
ITUB4,1.02,90,Random Forest,2021-07-06,0,0,0.0098039024382086
ITUB4,1.02,90,SVC,2021-07-06,0,1,0.0098039024382086
ITUB4,1.02,90,RNA,2021-07-07,1,0,0.02
ITUB4,1.02,90,Random Forest,2021-07-07,1,0,0.02
ITUB4,1.02,90,SVC,2021-07-07,1,1,0.02
ITUB4,1.02,90,RNA,2021-07-08,1,0,0.02
ITUB4,1.02,90,Random Forest,2021-07-08,1,0,0.02
ITUB4,1.02,90,SVC,2021-07-08,1,1,0.02
ITUB4,1.02,90,RNA,2021-07-12,1,0,0.02
ITUB4,1.02,90,Random Forest,2021-07-12,1,0,0.02
ITUB4,1.02,90,SVC,2021-07-12,1,1,0.02
ITUB4,1.02,90,RNA,2021-07-13,1,0,0.02
ITUB4,1.02,90,Random Forest,2021-07-13,1,1,0.02
ITUB4,1.02,90,SVC,2021-07-13,1,1,0.02
ITUB4,1.02,90,RNA,2021-07-14,0,0,-0.0194239412419426
ITUB4,1.02,90,Random Forest,2021-07-14,0,0,-0.0194239412419426
ITUB4,1.02,90,SVC,2021-07-14,0,1,-0.0194239412419426
ITUB4,1.02,90,RNA,2021-07-15,0,1,-0.0124286316595101
ITUB4,1.02,90,Random Forest,2021-07-15,0,1,-0.0124286316595101
ITUB4,1.02,90,SVC,2021-07-15,0,1,-0.0124286316595101
ITUB4,1.02,90,RNA,2021-07-16,1,0,0.02
ITUB4,1.02,90,Random Forest,2021-07-16,1,1,0.02
ITUB4,1.02,90,SVC,2021-07-16,1,1,0.02
ITUB4,1.02,90,RNA,2021-07-19,1,0,0.02
ITUB4,1.02,90,Random Forest,2021-07-19,1,1,0.02
ITUB4,1.02,90,SVC,2021-07-19,1,1,0.02
ITUB4,1.02,90,RNA,2021-07-20,0,0,0.0092276296501325
ITUB4,1.02,90,Random Forest,2021-07-20,0,0,0.0092276296501325
ITUB4,1.02,90,SVC,2021-07-20,0,1,0.0092276296501325
ITUB4,1.02,90,RNA,2021-07-21,1,1,0.02
ITUB4,1.02,90,Random Forest,2021-07-21,1,1,0.02
ITUB4,1.02,90,SVC,2021-07-21,1,1,0.02
ITUB4,1.02,90,RNA,2021-07-22,1,0,0.02
ITUB4,1.02,90,Random Forest,2021-07-22,1,1,0.02
ITUB4,1.02,90,SVC,2021-07-22,1,1,0.02
ITUB4,1.02,90,RNA,2021-07-23,1,1,0.02
ITUB4,1.02,90,Random Forest,2021-07-23,1,1,0.02
ITUB4,1.02,90,SVC,2021-07-23,1,1,0.02
ITUB4,1.02,90,RNA,2021-07-26,1,1,0.02
ITUB4,1.02,90,Random Forest,2021-07-26,1,1,0.02
ITUB4,1.02,90,SVC,2021-07-26,1,1,0.02
ITUB4,1.02,90,RNA,2021-07-27,1,1,0.02
ITUB4,1.02,90,Random Forest,2021-07-27,1,1,0.02
ITUB4,1.02,90,SVC,2021-07-27,1,1,0.02
ITUB4,1.02,90,RNA,2021-07-28,1,1,0.02
ITUB4,1.02,90,Random Forest,2021-07-28,1,0,0.02
ITUB4,1.02,90,SVC,2021-07-28,1,1,0.02
ITUB4,1.02,90,RNA,2021-07-29,1,0,0.02
ITUB4,1.02,90,Random Forest,2021-07-29,1,0,0.02
ITUB4,1.02,90,SVC,2021-07-29,1,0,0.02
ITUB4,1.02,90,RNA,2021-07-30,1,1,0.02
ITUB4,1.02,90,Random Forest,2021-07-30,1,1,0.02
ITUB4,1.02,90,SVC,2021-07-30,1,1,0.02
ITUB4,1.02,90,RNA,2021-08-02,0,1,-0.0178343819982774
ITUB4,1.02,90,Random Forest,2021-08-02,0,1,-0.0178343819982774
ITUB4,1.02,90,SVC,2021-08-02,0,1,-0.0178343819982774
ITUB4,1.02,90,RNA,2021-08-03,1,1,0.02
ITUB4,1.02,90,Random Forest,2021-08-03,1,1,0.02
ITUB4,1.02,90,SVC,2021-08-03,1,1,0.02
ITUB4,1.02,90,RNA,2021-08-04,1,1,0.02
ITUB4,1.02,90,Random Forest,2021-08-04,1,0,0.02
ITUB4,1.02,90,SVC,2021-08-04,1,0,0.02
ITUB4,1.02,90,RNA,2021-08-05,1,1,0.02
ITUB4,1.02,90,Random Forest,2021-08-05,1,1,0.02
ITUB4,1.02,90,SVC,2021-08-05,1,1,0.02
ITUB4,1.02,90,RNA,2021-08-06,1,1,0.02
ITUB4,1.02,90,Random Forest,2021-08-06,1,1,0.02
ITUB4,1.02,90,SVC,2021-08-06,1,0,0.02
ITUB4,1.02,90,RNA,2021-08-09,0,1,-0.0121951374336694
ITUB4,1.02,90,Random Forest,2021-08-09,0,1,-0.0121951374336694
ITUB4,1.02,90,SVC,2021-08-09,0,1,-0.0121951374336694
ITUB4,1.02,90,RNA,2021-08-10,1,1,0.02
ITUB4,1.02,90,Random Forest,2021-08-10,1,1,0.02
ITUB4,1.02,90,SVC,2021-08-10,1,1,0.02
ITUB4,1.02,90,RNA,2021-08-11,0,1,-0.0164610586532274
ITUB4,1.02,90,Random Forest,2021-08-11,0,1,-0.0164610586532274
ITUB4,1.02,90,SVC,2021-08-11,0,0,-0.0164610586532274
ITUB4,1.02,90,RNA,2021-08-12,1,1,0.02
ITUB4,1.02,90,Random Forest,2021-08-12,1,1,0.02
ITUB4,1.02,90,SVC,2021-08-12,1,0,0.02
ITUB4,1.02,90,RNA,2021-08-13,0,0,-0.0247879786570851
ITUB4,1.02,90,Random Forest,2021-08-13,0,1,-0.0247879786570851
ITUB4,1.02,90,SVC,2021-08-13,0,0,-0.0247879786570851
ITUB4,1.02,90,RNA,2021-08-16,1,1,0.02
ITUB4,1.02,90,Random Forest,2021-08-16,1,1,0.02
ITUB4,1.02,90,SVC,2021-08-16,1,0,0.02
ITUB4,1.02,90,RNA,2021-08-17,1,0,0.02
ITUB4,1.02,90,Random Forest,2021-08-17,1,1,0.02
ITUB4,1.02,90,SVC,2021-08-17,1,0,0.02
ITUB4,1.02,90,RNA,2021-08-18,1,1,0.02
ITUB4,1.02,90,Random Forest,2021-08-18,1,1,0.02
ITUB4,1.02,90,SVC,2021-08-18,1,0,0.02
ITUB4,1.02,90,RNA,2021-08-19,1,1,0.02
ITUB4,1.02,90,Random Forest,2021-08-19,1,1,0.02
ITUB4,1.02,90,SVC,2021-08-19,1,1,0.02
ITUB4,1.02,90,RNA,2021-08-20,1,1,0.02
ITUB4,1.02,90,Random Forest,2021-08-20,1,1,0.02
ITUB4,1.02,90,SVC,2021-08-20,1,1,0.02
ITUB4,1.02,90,RNA,2021-08-23,1,1,0.02
ITUB4,1.02,90,Random Forest,2021-08-23,1,1,0.02
ITUB4,1.02,90,SVC,2021-08-23,1,1,0.02
ITUB4,1.02,90,RNA,2021-08-24,0,1,-0.006829253334292
ITUB4,1.02,90,Random Forest,2021-08-24,0,1,-0.006829253334292
ITUB4,1.02,90,SVC,2021-08-24,0,1,-0.006829253334292
ITUB4,1.02,90,RNA,2021-08-25,0,1,0.001294531002582
ITUB4,1.02,90,Random Forest,2021-08-25,0,1,0.001294531002582
ITUB4,1.02,90,SVC,2021-08-25,0,1,0.001294531002582
ITUB4,1.02,90,RNA,2021-08-26,1,1,0.02
ITUB4,1.02,90,Random Forest,2021-08-26,1,0,0.02
ITUB4,1.02,90,SVC,2021-08-26,1,1,0.02
ITUB4,1.02,90,RNA,2021-08-27,1,0,0.02
ITUB4,1.02,90,Random Forest,2021-08-27,1,1,0.02
ITUB4,1.02,90,SVC,2021-08-27,1,1,0.02
ITUB4,1.02,90,RNA,2021-08-30,1,1,0.02
ITUB4,1.02,90,Random Forest,2021-08-30,1,0,0.02
ITUB4,1.02,90,SVC,2021-08-30,1,1,0.02
ITUB4,1.02,90,RNA,2021-08-31,0,1,-0.0292981149287185
ITUB4,1.02,90,Random Forest,2021-08-31,0,1,-0.0292981149287185
ITUB4,1.02,90,SVC,2021-08-31,0,1,-0.0292981149287185
ITUB4,1.02,90,RNA,2021-09-01,0,0,-0.0702492614391222
ITUB4,1.02,90,Random Forest,2021-09-01,0,1,-0.0702492614391222
ITUB4,1.02,90,SVC,2021-09-01,0,1,-0.0702492614391222
ITUB4,1.02,90,RNA,2021-09-02,0,1,-0.0341852008779255
ITUB4,1.02,90,Random Forest,2021-09-02,0,1,-0.0341852008779255
ITUB4,1.02,90,SVC,2021-09-02,0,1,-0.0341852008779255
ITUB4,1.02,90,RNA,2021-09-03,1,1,0.02
ITUB4,1.02,90,Random Forest,2021-09-03,1,1,0.02
ITUB4,1.02,90,SVC,2021-09-03,1,1,0.02
ITUB4,1.02,90,RNA,2021-09-06,0,0,-0.0289614311639029
ITUB4,1.02,90,Random Forest,2021-09-06,0,1,-0.0289614311639029
ITUB4,1.02,90,SVC,2021-09-06,0,1,-0.0289614311639029
ITUB4,1.02,90,RNA,2021-09-08,1,1,0.02
ITUB4,1.02,90,Random Forest,2021-09-08,1,1,0.02
ITUB4,1.02,90,SVC,2021-09-08,1,1,0.02
ITUB4,1.02,90,RNA,2021-09-09,0,0,-0.0332203148702248
ITUB4,1.02,90,Random Forest,2021-09-09,0,0,-0.0332203148702248
ITUB4,1.02,90,SVC,2021-09-09,0,1,-0.0332203148702248
ITUB4,1.02,90,RNA,2021-09-10,0,1,-0.0282986741590129
ITUB4,1.02,90,Random Forest,2021-09-10,0,1,-0.0282986741590129
ITUB4,1.02,90,SVC,2021-09-10,0,1,-0.0282986741590129
ITUB4,1.02,90,RNA,2021-09-13,0,1,-0.0439862292437968
ITUB4,1.02,90,Random Forest,2021-09-13,0,1,-0.0439862292437968
ITUB4,1.02,90,SVC,2021-09-13,0,1,-0.0439862292437968
ITUB4,1.02,90,RNA,2021-09-14,0,1,-0.0640275446022548
ITUB4,1.02,90,Random Forest,2021-09-14,0,0,-0.0640275446022548
ITUB4,1.02,90,SVC,2021-09-14,0,1,-0.0640275446022548
ITUB4,1.02,90,RNA,2021-09-15,0,0,-0.0423728779165213
ITUB4,1.02,90,Random Forest,2021-09-15,0,0,-0.0423728779165213
ITUB4,1.02,90,SVC,2021-09-15,0,0,-0.0423728779165213
ITUB4,1.02,90,RNA,2021-09-16,0,0,-0.0252897427978466
ITUB4,1.02,90,Random Forest,2021-09-16,0,0,-0.0252897427978466
ITUB4,1.02,90,SVC,2021-09-16,0,0,-0.0252897427978466
ITUB4,1.02,90,RNA,2021-09-17,1,0,0.02
ITUB4,1.02,90,Random Forest,2021-09-17,1,0,0.02
ITUB4,1.02,90,SVC,2021-09-17,1,0,0.02
ITUB4,1.02,90,RNA,2021-09-20,1,0,0.02
ITUB4,1.02,90,Random Forest,2021-09-20,1,0,0.02
ITUB4,1.02,90,SVC,2021-09-20,1,0,0.02
ITUB4,1.02,90,RNA,2021-09-21,1,1,0.02
ITUB4,1.02,90,Random Forest,2021-09-21,1,1,0.02
ITUB4,1.02,90,SVC,2021-09-21,1,1,0.02
ITUB4,1.02,90,RNA,2021-09-22,1,1,0.02
ITUB4,1.02,90,Random Forest,2021-09-22,1,1,0.02
ITUB4,1.02,90,SVC,2021-09-22,1,1,0.02
ITUB4,1.02,90,RNA,2021-09-23,1,1,0.02
ITUB4,1.02,90,Random Forest,2021-09-23,1,1,0.02
ITUB4,1.02,90,SVC,2021-09-23,1,1,0.02
ITUB4,1.02,90,RNA,2021-09-24,1,0,0.02
ITUB4,1.02,90,Random Forest,2021-09-24,1,1,0.02
ITUB4,1.02,90,SVC,2021-09-24,1,1,0.02
ITUB4,1.02,90,RNA,2021-09-27,1,1,0.02
ITUB4,1.02,90,Random Forest,2021-09-27,1,1,0.02
ITUB4,1.02,90,SVC,2021-09-27,1,1,0.02
ITUB4,1.02,90,RNA,2021-09-28,1,1,0.02
ITUB4,1.02,90,Random Forest,2021-09-28,1,1,0.02
ITUB4,1.02,90,SVC,2021-09-28,1,1,0.02
ITUB4,1.02,90,RNA,2021-09-29,1,1,0.02
ITUB4,1.02,90,Random Forest,2021-09-29,1,1,0.02
ITUB4,1.02,90,SVC,2021-09-29,1,1,0.02
ITUB4,1.02,90,RNA,2021-09-30,1,1,0.02
ITUB4,1.02,90,Random Forest,2021-09-30,1,1,0.02
ITUB4,1.02,90,SVC,2021-09-30,1,1,0.02
ITUB4,1.02,90,RNA,2021-10-01,1,1,0.02
ITUB4,1.02,90,Random Forest,2021-10-01,1,1,0.02
ITUB4,1.02,90,SVC,2021-10-01,1,1,0.02
ITUB4,1.02,90,RNA,2021-10-04,1,1,0.02
ITUB4,1.02,90,Random Forest,2021-10-04,1,1,0.02
ITUB4,1.02,90,SVC,2021-10-04,1,1,0.02
ITUB4,1.02,90,RNA,2021-10-05,1,1,0.02
ITUB4,1.02,90,Random Forest,2021-10-05,1,1,0.02
ITUB4,1.02,90,SVC,2021-10-05,1,1,0.02
ITUB4,1.02,90,RNA,2021-10-06,0,1,-0.0346199618170117
ITUB4,1.02,90,Random Forest,2021-10-06,0,1,-0.0346199618170117
ITUB4,1.02,90,SVC,2021-10-06,0,1,-0.0346199618170117
ITUB4,1.02,90,RNA,2021-10-07,1,0,0.02
ITUB4,1.02,90,Random Forest,2021-10-07,1,1,0.02
ITUB4,1.02,90,SVC,2021-10-07,1,1,0.02
ITUB4,1.02,90,RNA,2021-10-08,0,1,0.0073230430745487
ITUB4,1.02,90,Random Forest,2021-10-08,0,1,0.0073230430745487
ITUB4,1.02,90,SVC,2021-10-08,0,1,0.0073230430745487
ITUB4,1.02,90,RNA,2021-10-11,1,1,0.02
ITUB4,1.02,90,Random Forest,2021-10-11,1,1,0.02
ITUB4,1.02,90,SVC,2021-10-11,1,1,0.02
ITUB4,1.02,90,RNA,2021-10-13,1,1,0.02
ITUB4,1.02,90,Random Forest,2021-10-13,1,1,0.02
ITUB4,1.02,90,SVC,2021-10-13,1,1,0.02
ITUB4,1.02,90,RNA,2021-10-14,1,1,0.02
ITUB4,1.02,90,Random Forest,2021-10-14,1,1,0.02
ITUB4,1.02,90,SVC,2021-10-14,1,1,0.02
ITUB4,1.02,90,RNA,2021-10-15,1,0,0.02
ITUB4,1.02,90,Random Forest,2021-10-15,1,1,0.02
ITUB4,1.02,90,SVC,2021-10-15,1,1,0.02
ITUB4,1.02,90,RNA,2021-10-18,0,1,-0.0469635439941812
ITUB4,1.02,90,Random Forest,2021-10-18,0,0,-0.0469635439941812
ITUB4,1.02,90,SVC,2021-10-18,0,1,-0.0469635439941812
ITUB4,1.02,90,RNA,2021-10-19,1,1,0.02
ITUB4,1.02,90,Random Forest,2021-10-19,1,1,0.02
ITUB4,1.02,90,SVC,2021-10-19,1,1,0.02
ITUB4,1.02,90,RNA,2021-10-20,1,1,0.02
ITUB4,1.02,90,Random Forest,2021-10-20,1,1,0.02
ITUB4,1.02,90,SVC,2021-10-20,1,1,0.02
ITUB4,1.02,90,RNA,2021-10-21,0,1,-0.0082918607861871
ITUB4,1.02,90,Random Forest,2021-10-21,0,0,-0.0082918607861871
ITUB4,1.02,90,SVC,2021-10-21,0,1,-0.0082918607861871
ITUB4,1.02,90,RNA,2021-10-22,1,0,0.02
ITUB4,1.02,90,Random Forest,2021-10-22,1,1,0.02
ITUB4,1.02,90,SVC,2021-10-22,1,1,0.02
ITUB4,1.02,90,RNA,2021-10-25,1,0,0.02
ITUB4,1.02,90,Random Forest,2021-10-25,1,1,0.02
ITUB4,1.02,90,SVC,2021-10-25,1,1,0.02
ITUB4,1.02,90,RNA,2021-10-26,1,1,0.02
ITUB4,1.02,90,Random Forest,2021-10-26,1,1,0.02
ITUB4,1.02,90,SVC,2021-10-26,1,1,0.02
ITUB4,1.02,90,RNA,2021-10-27,1,1,0.02
ITUB4,1.02,90,Random Forest,2021-10-27,1,1,0.02
ITUB4,1.02,90,SVC,2021-10-27,1,1,0.02
ITUB4,1.02,90,RNA,2021-10-28,1,1,0.02
ITUB4,1.02,90,Random Forest,2021-10-28,1,1,0.02
ITUB4,1.02,90,SVC,2021-10-28,1,1,0.02
ITUB4,1.02,90,RNA,2021-10-29,1,1,0.02
ITUB4,1.02,90,Random Forest,2021-10-29,1,1,0.02
ITUB4,1.02,90,SVC,2021-10-29,1,1,0.02
ITUB4,1.02,90,RNA,2021-11-01,1,1,0.02
ITUB4,1.02,90,Random Forest,2021-11-01,1,1,0.02
ITUB4,1.02,90,SVC,2021-11-01,1,1,0.02
ITUB4,1.02,90,RNA,2021-11-03,0,0,-0.0796568810977264
ITUB4,1.02,90,Random Forest,2021-11-03,0,1,-0.0796568810977264
ITUB4,1.02,90,SVC,2021-11-03,0,1,-0.0796568810977264
ITUB4,1.02,90,RNA,2021-11-04,0,1,-0.0170212865038204
ITUB4,1.02,90,Random Forest,2021-11-04,0,1,-0.0170212865038204
ITUB4,1.02,90,SVC,2021-11-04,0,1,-0.0170212865038204
ITUB4,1.02,90,RNA,2021-11-05,1,1,0.02
ITUB4,1.02,90,Random Forest,2021-11-05,1,1,0.02
ITUB4,1.02,90,SVC,2021-11-05,1,1,0.02
ITUB4,1.02,90,RNA,2021-11-08,1,1,0.02
ITUB4,1.02,90,Random Forest,2021-11-08,1,1,0.02
ITUB4,1.02,90,SVC,2021-11-08,1,1,0.02
ITUB4,1.02,90,RNA,2021-11-09,1,1,0.02
ITUB4,1.02,90,Random Forest,2021-11-09,1,1,0.02
ITUB4,1.02,90,SVC,2021-11-09,1,1,0.02
ITUB4,1.02,90,RNA,2021-11-10,0,1,-0.0247546374733381
ITUB4,1.02,90,Random Forest,2021-11-10,0,1,-0.0247546374733381
ITUB4,1.02,90,SVC,2021-11-10,0,1,-0.0247546374733381
ITUB4,1.02,90,RNA,2021-11-11,0,1,-0.0243161356008997
ITUB4,1.02,90,Random Forest,2021-11-11,0,1,-0.0243161356008997
ITUB4,1.02,90,SVC,2021-11-11,0,1,-0.0243161356008997
ITUB4,1.02,90,RNA,2021-11-12,0,1,-0.0346620071571147
ITUB4,1.02,90,Random Forest,2021-11-12,0,1,-0.0346620071571147
ITUB4,1.02,90,SVC,2021-11-12,0,1,-0.0346620071571147
ITUB4,1.02,90,RNA,2021-11-16,0,1,-0.0259394954502034
ITUB4,1.02,90,Random Forest,2021-11-16,0,0,-0.0259394954502034
ITUB4,1.02,90,SVC,2021-11-16,0,0,-0.0259394954502034
ITUB4,1.02,90,RNA,2021-11-17,0,1,-0.0043991574343631
ITUB4,1.02,90,Random Forest,2021-11-17,0,0,-0.0043991574343631
ITUB4,1.02,90,SVC,2021-11-17,0,0,-0.0043991574343631
ITUB4,1.02,90,RNA,2021-11-18,1,1,0.02
ITUB4,1.02,90,Random Forest,2021-11-18,1,0,0.02
ITUB4,1.02,90,SVC,2021-11-18,1,0,0.02
ITUB4,1.02,90,RNA,2021-11-19,1,1,0.02
ITUB4,1.02,90,Random Forest,2021-11-19,1,0,0.02
ITUB4,1.02,90,SVC,2021-11-19,1,1,0.02
ITUB4,1.02,90,RNA,2021-11-22,1,0,0.02
ITUB4,1.02,90,Random Forest,2021-11-22,1,0,0.02
ITUB4,1.02,90,SVC,2021-11-22,1,0,0.02
ITUB4,1.02,90,RNA,2021-11-23,1,1,0.02
ITUB4,1.02,90,Random Forest,2021-11-23,1,0,0.02
ITUB4,1.02,90,SVC,2021-11-23,1,0,0.02
ITUB4,1.02,90,RNA,2021-11-24,0,1,-0.0311688217456753
ITUB4,1.02,90,Random Forest,2021-11-24,0,1,-0.0311688217456753
ITUB4,1.02,90,SVC,2021-11-24,0,1,-0.0311688217456753
ITUB4,1.02,90,RNA,2021-11-25,0,0,-0.0229549305509405
ITUB4,1.02,90,Random Forest,2021-11-25,0,1,-0.0229549305509405
ITUB4,1.02,90,SVC,2021-11-25,0,1,-0.0229549305509405
ITUB4,1.02,90,RNA,2021-11-26,0,1,0.0003557636285826
ITUB4,1.02,90,Random Forest,2021-11-26,0,1,0.0003557636285826
ITUB4,1.02,90,SVC,2021-11-26,0,1,0.0003557636285826
ITUB4,1.02,90,RNA,2021-11-29,1,1,0.02
ITUB4,1.02,90,Random Forest,2021-11-29,1,1,0.02
ITUB4,1.02,90,SVC,2021-11-29,1,1,0.02
ITUB4,1.02,90,RNA,2021-11-30,1,1,0.02
ITUB4,1.02,90,Random Forest,2021-11-30,1,1,0.02
ITUB4,1.02,90,SVC,2021-11-30,1,1,0.02
ITUB4,1.02,90,RNA,2021-12-01,1,1,0.02
ITUB4,1.02,90,Random Forest,2021-12-01,1,1,0.02
ITUB4,1.02,90,SVC,2021-12-01,1,1,0.02
ITUB4,1.02,90,RNA,2021-12-02,1,1,0.02
ITUB4,1.02,90,Random Forest,2021-12-02,1,1,0.02
ITUB4,1.02,90,SVC,2021-12-02,1,1,0.02
ITUB4,1.02,90,RNA,2021-12-03,1,0,0.02
ITUB4,1.02,90,Random Forest,2021-12-03,1,0,0.02
ITUB4,1.02,90,SVC,2021-12-03,1,1,0.02
ITUB4,1.02,90,RNA,2021-12-06,0,1,-0.0618120507258376
ITUB4,1.02,90,Random Forest,2021-12-06,0,1,-0.0618120507258376
ITUB4,1.02,90,SVC,2021-12-06,0,1,-0.0618120507258376
ITUB4,1.02,90,RNA,2021-12-07,0,1,-0.0658293419037054
ITUB4,1.02,90,Random Forest,2021-12-07,0,1,-0.0658293419037054
ITUB4,1.02,90,SVC,2021-12-07,0,1,-0.0658293419037054
ITUB4,1.02,90,RNA,2021-12-08,0,1,-0.0438981392036046
ITUB4,1.02,90,Random Forest,2021-12-08,0,0,-0.0438981392036046
ITUB4,1.02,90,SVC,2021-12-08,0,1,-0.0438981392036046
ITUB4,1.02,90,RNA,2021-12-09,0,1,-0.0255834812574191
ITUB4,1.02,90,Random Forest,2021-12-09,0,1,-0.0255834812574191
ITUB4,1.02,90,SVC,2021-12-09,0,1,-0.0255834812574191
ITUB4,1.02,90,RNA,2021-12-10,0,1,-0.0121621902796168
ITUB4,1.02,90,Random Forest,2021-12-10,0,0,-0.0121621902796168
ITUB4,1.02,90,SVC,2021-12-10,0,1,-0.0121621902796168
ITUB4,1.02,90,RNA,2021-12-13,0,1,-0.01424635624692
ITUB4,1.02,90,Random Forest,2021-12-13,0,0,-0.01424635624692
ITUB4,1.02,90,SVC,2021-12-13,0,1,-0.01424635624692
ITUB4,1.02,90,RNA,2021-12-14,0,1,-0.0360565563354642
ITUB4,1.02,90,Random Forest,2021-12-14,0,0,-0.0360565563354642
ITUB4,1.02,90,SVC,2021-12-14,0,1,-0.0360565563354642
ITUB4,1.02,90,RNA,2021-12-15,0,0,-0.0342465322563038
ITUB4,1.02,90,Random Forest,2021-12-15,0,0,-0.0342465322563038
ITUB4,1.02,90,SVC,2021-12-15,0,1,-0.0342465322563038
ITUB4,1.02,90,RNA,2021-12-16,0,1,-0.01849281430975
ITUB4,1.02,90,Random Forest,2021-12-16,0,0,-0.01849281430975
ITUB4,1.02,90,SVC,2021-12-16,0,1,-0.01849281430975
ITUB4,1.02,90,RNA,2021-12-17,0,1,-0.0065177060386053
ITUB4,1.02,90,Random Forest,2021-12-17,0,0,-0.0065177060386053
ITUB4,1.02,90,SVC,2021-12-17,0,0,-0.0065177060386053
ITUB4,1.02,90,RNA,2021-12-20,1,0,0.02
ITUB4,1.02,90,Random Forest,2021-12-20,1,0,0.02
ITUB4,1.02,90,SVC,2021-12-20,1,0,0.02
ITUB4,1.02,90,RNA,2021-12-21,1,0,0.02
ITUB4,1.02,90,Random Forest,2021-12-21,1,0,0.02
ITUB4,1.02,90,SVC,2021-12-21,1,0,0.02
ITUB4,1.02,90,RNA,2021-12-22,0,1,-0.0014064730560553
ITUB4,1.02,90,Random Forest,2021-12-22,0,1,-0.0014064730560553
ITUB4,1.02,90,SVC,2021-12-22,0,0,-0.0014064730560553
ITUB4,1.02,90,RNA,2021-12-23,0,1,-0.0246741099822024
ITUB4,1.02,90,Random Forest,2021-12-23,0,0,-0.0246741099822024
ITUB4,1.02,90,SVC,2021-12-23,0,1,-0.0246741099822024
ITUB4,1.02,90,RNA,2021-12-27,0,1,-0.0047098264950297
ITUB4,1.02,90,Random Forest,2021-12-27,0,0,-0.0047098264950297
ITUB4,1.02,90,SVC,2021-12-27,0,0,-0.0047098264950297
ITUB4,1.02,90,RNA,2021-12-28,1,0,0.02
ITUB4,1.02,90,Random Forest,2021-12-28,1,0,0.02
ITUB4,1.02,90,SVC,2021-12-28,1,0,0.02
ITUB4,1.02,90,RNA,2021-12-29,1,0,0.02
ITUB4,1.02,90,Random Forest,2021-12-29,1,0,0.02
ITUB4,1.02,90,SVC,2021-12-29,1,0,0.02
ITUB4,1.02,90,RNA,2021-12-30,1,0,0.02
ITUB4,1.02,90,Random Forest,2021-12-30,1,1,0.02
ITUB4,1.02,90,SVC,2021-12-30,1,1,0.02
ITUB4,1.02,90,RNA,2022-01-03,1,0,0.02
ITUB4,1.02,90,Random Forest,2022-01-03,1,0,0.02
ITUB4,1.02,90,SVC,2022-01-03,1,1,0.02
ITUB4,1.02,90,RNA,2022-01-04,1,0,0.02
ITUB4,1.02,90,Random Forest,2022-01-04,1,0,0.02
ITUB4,1.02,90,SVC,2022-01-04,1,1,0.02
ITUB4,1.02,90,RNA,2022-01-05,1,1,0.02
ITUB4,1.02,90,Random Forest,2022-01-05,1,1,0.02
ITUB4,1.02,90,SVC,2022-01-05,1,1,0.02
ITUB4,1.02,90,RNA,2022-01-06,1,1,0.02
ITUB4,1.02,90,Random Forest,2022-01-06,1,1,0.02
ITUB4,1.02,90,SVC,2022-01-06,1,1,0.02
ITUB4,1.02,90,RNA,2022-01-07,1,1,0.02
ITUB4,1.02,90,Random Forest,2022-01-07,1,1,0.02
ITUB4,1.02,90,SVC,2022-01-07,1,1,0.02
ITUB4,1.02,90,RNA,2022-01-10,1,1,0.02
ITUB4,1.02,90,Random Forest,2022-01-10,1,1,0.02
ITUB4,1.02,90,SVC,2022-01-10,1,1,0.02
ITUB4,1.02,90,RNA,2022-01-11,1,1,0.02
ITUB4,1.02,90,Random Forest,2022-01-11,1,1,0.02
ITUB4,1.02,90,SVC,2022-01-11,1,1,0.02
ITUB4,1.02,90,RNA,2022-01-12,1,0,0.02
ITUB4,1.02,90,Random Forest,2022-01-12,1,1,0.02
ITUB4,1.02,90,SVC,2022-01-12,1,1,0.02
ITUB4,1.02,90,RNA,2022-01-13,1,1,0.02
ITUB4,1.02,90,Random Forest,2022-01-13,1,1,0.02
ITUB4,1.02,90,SVC,2022-01-13,1,1,0.02
ITUB4,1.02,90,RNA,2022-01-14,1,1,0.02
ITUB4,1.02,90,Random Forest,2022-01-14,1,1,0.02
ITUB4,1.02,90,SVC,2022-01-14,1,1,0.02
ITUB4,1.02,90,RNA,2022-01-17,1,1,0.02
ITUB4,1.02,90,Random Forest,2022-01-17,1,1,0.02
ITUB4,1.02,90,SVC,2022-01-17,1,1,0.02
ITUB4,1.02,90,RNA,2022-01-18,0,1,-0.0230898283165588
ITUB4,1.02,90,Random Forest,2022-01-18,0,1,-0.0230898283165588
ITUB4,1.02,90,SVC,2022-01-18,0,1,-0.0230898283165588
ITUB4,1.02,90,RNA,2022-01-19,1,1,0.02
ITUB4,1.02,90,Random Forest,2022-01-19,1,1,0.02
ITUB4,1.02,90,SVC,2022-01-19,1,1,0.02
ITUB4,1.02,90,RNA,2022-01-20,1,1,0.02
ITUB4,1.02,90,Random Forest,2022-01-20,1,1,0.02
ITUB4,1.02,90,SVC,2022-01-20,1,1,0.02
ITUB4,1.02,90,RNA,2022-01-21,1,1,0.02
ITUB4,1.02,90,Random Forest,2022-01-21,1,1,0.02
ITUB4,1.02,90,SVC,2022-01-21,1,1,0.02
ITUB4,1.02,90,RNA,2022-01-24,1,1,0.02
ITUB4,1.02,90,Random Forest,2022-01-24,1,1,0.02
ITUB4,1.02,90,SVC,2022-01-24,1,1,0.02
ITUB4,1.02,90,RNA,2022-01-25,1,1,0.02
ITUB4,1.02,90,Random Forest,2022-01-25,1,1,0.02
ITUB4,1.02,90,SVC,2022-01-25,1,1,0.02
ITUB4,1.02,90,RNA,2022-01-26,1,0,0.02
ITUB4,1.02,90,Random Forest,2022-01-26,1,0,0.02
ITUB4,1.02,90,SVC,2022-01-26,1,1,0.02
ITUB4,1.02,90,RNA,2022-01-27,1,1,0.02
ITUB4,1.02,90,Random Forest,2022-01-27,1,0,0.02
ITUB4,1.02,90,SVC,2022-01-27,1,1,0.02
ITUB4,1.02,90,RNA,2022-01-28,1,1,0.02
ITUB4,1.02,90,Random Forest,2022-01-28,1,1,0.02
ITUB4,1.02,90,SVC,2022-01-28,1,1,0.02
ITUB4,1.02,90,RNA,2022-01-31,0,1,0.0067220436394803
ITUB4,1.02,90,Random Forest,2022-01-31,0,1,0.0067220436394803
ITUB4,1.02,90,SVC,2022-01-31,0,1,0.0067220436394803
ITUB4,1.02,90,RNA,2022-02-01,0,1,-0.0058892889288928
ITUB4,1.02,90,Random Forest,2022-02-01,0,1,-0.0058892889288928
ITUB4,1.02,90,SVC,2022-02-01,0,1,-0.0058892889288928
ITUB4,1.02,90,RNA,2022-02-02,1,1,0.02
ITUB4,1.02,90,Random Forest,2022-02-02,1,1,0.02
ITUB4,1.02,90,SVC,2022-02-02,1,1,0.02
ITUB4,1.02,90,RNA,2022-02-03,1,0,0.02
ITUB4,1.02,90,Random Forest,2022-02-03,1,1,0.02
ITUB4,1.02,90,SVC,2022-02-03,1,1,0.02
ITUB4,1.02,90,RNA,2022-02-04,0,1,-0.015717111492743
ITUB4,1.02,90,Random Forest,2022-02-04,0,1,-0.015717111492743
ITUB4,1.02,90,SVC,2022-02-04,0,1,-0.015717111492743
ITUB4,1.02,90,RNA,2022-02-07,1,1,0.02
ITUB4,1.02,90,Random Forest,2022-02-07,1,1,0.02
ITUB4,1.02,90,SVC,2022-02-07,1,1,0.02
ITUB4,1.02,90,RNA,2022-02-08,1,0,0.02
ITUB4,1.02,90,Random Forest,2022-02-08,1,0,0.02
ITUB4,1.02,90,SVC,2022-02-08,1,1,0.02
ITUB4,1.02,90,RNA,2022-02-09,1,1,0.02
ITUB4,1.02,90,Random Forest,2022-02-09,1,1,0.02
ITUB4,1.02,90,SVC,2022-02-09,1,1,0.02
ITUB4,1.02,90,RNA,2022-02-10,1,1,0.02
ITUB4,1.02,90,Random Forest,2022-02-10,1,0,0.02
ITUB4,1.02,90,SVC,2022-02-10,1,1,0.02
ITUB4,1.02,90,RNA,2022-02-11,0,0,-0.0199247764467103
ITUB4,1.02,90,Random Forest,2022-02-11,0,1,-0.0199247764467103
ITUB4,1.02,90,SVC,2022-02-11,0,1,-0.0199247764467103
ITUB4,1.02,90,RNA,2022-02-14,0,1,-0.0235074318756265
ITUB4,1.02,90,Random Forest,2022-02-14,0,1,-0.0235074318756265
ITUB4,1.02,90,SVC,2022-02-14,0,1,-0.0235074318756265
ITUB4,1.02,90,RNA,2022-02-15,0,0,-0.0466766308714334
ITUB4,1.02,90,Random Forest,2022-02-15,0,1,-0.0466766308714334
ITUB4,1.02,90,SVC,2022-02-15,0,1,-0.0466766308714334
ITUB4,1.02,90,RNA,2022-02-16,0,0,-0.0240991402402619
ITUB4,1.02,90,Random Forest,2022-02-16,0,1,-0.0240991402402619
ITUB4,1.02,90,SVC,2022-02-16,0,1,-0.0240991402402619
ITUB4,1.02,90,RNA,2022-02-17,0,0,-0.0311369219655965
ITUB4,1.02,90,Random Forest,2022-02-17,0,1,-0.0311369219655965
ITUB4,1.02,90,SVC,2022-02-17,0,1,-0.0311369219655965
ITUB4,1.02,90,RNA,2022-02-18,0,1,-0.0479084674639354
ITUB4,1.02,90,Random Forest,2022-02-18,0,1,-0.0479084674639354
ITUB4,1.02,90,SVC,2022-02-18,0,1,-0.0479084674639354
ITUB4,1.02,90,RNA,2022-02-21,0,1,-0.010873782220349
ITUB4,1.02,90,Random Forest,2022-02-21,0,1,-0.010873782220349
ITUB4,1.02,90,SVC,2022-02-21,0,1,-0.010873782220349
ITUB4,1.02,90,RNA,2022-02-22,0,1,-0.0280419803855617
ITUB4,1.02,90,Random Forest,2022-02-22,0,1,-0.0280419803855617
ITUB4,1.02,90,SVC,2022-02-22,0,1,-0.0280419803855617
ITUB4,1.02,90,RNA,2022-02-23,1,1,0.02
ITUB4,1.02,90,Random Forest,2022-02-23,1,0,0.02
ITUB4,1.02,90,SVC,2022-02-23,1,1,0.02
ITUB4,1.02,90,RNA,2022-02-24,1,1,0.02
ITUB4,1.02,90,Random Forest,2022-02-24,1,1,0.02
ITUB4,1.02,90,SVC,2022-02-24,1,1,0.02
ITUB4,1.02,90,RNA,2022-02-25,1,1,0.02
ITUB4,1.02,90,Random Forest,2022-02-25,1,0,0.02
ITUB4,1.02,90,SVC,2022-02-25,1,1,0.02
ITUB4,1.02,90,RNA,2022-03-02,1,0,0.02
ITUB4,1.02,90,Random Forest,2022-03-02,1,0,0.02
ITUB4,1.02,90,SVC,2022-03-02,1,1,0.02
ITUB4,1.02,90,RNA,2022-03-03,0,1,0.0011966216512069
ITUB4,1.02,90,Random Forest,2022-03-03,0,0,0.0011966216512069
ITUB4,1.02,90,SVC,2022-03-03,0,1,0.0011966216512069
ITUB4,1.02,90,RNA,2022-03-04,1,0,0.02
ITUB4,1.02,90,Random Forest,2022-03-04,1,0,0.02
ITUB4,1.02,90,SVC,2022-03-04,1,1,0.02
ITUB4,1.02,90,RNA,2022-03-07,1,0,0.02
ITUB4,1.02,90,Random Forest,2022-03-07,1,0,0.02
ITUB4,1.02,90,SVC,2022-03-07,1,0,0.02
ITUB4,1.02,90,RNA,2022-03-08,1,1,0.02
ITUB4,1.02,90,Random Forest,2022-03-08,1,1,0.02
ITUB4,1.02,90,SVC,2022-03-08,1,1,0.02
ITUB4,1.02,90,RNA,2022-03-09,1,1,0.02
ITUB4,1.02,90,Random Forest,2022-03-09,1,1,0.02
ITUB4,1.02,90,SVC,2022-03-09,1,1,0.02
ITUB4,1.02,90,RNA,2022-03-10,0,1,0.0142687174217719
ITUB4,1.02,90,Random Forest,2022-03-10,0,1,0.0142687174217719
ITUB4,1.02,90,SVC,2022-03-10,0,1,0.0142687174217719
ITUB4,1.02,90,RNA,2022-03-11,1,1,0.02
ITUB4,1.02,90,Random Forest,2022-03-11,1,1,0.02
ITUB4,1.02,90,SVC,2022-03-11,1,1,0.02
ITUB4,1.02,90,RNA,2022-03-14,1,1,0.02
ITUB4,1.02,90,Random Forest,2022-03-14,1,1,0.02
ITUB4,1.02,90,SVC,2022-03-14,1,1,0.02
ITUB4,1.02,90,RNA,2022-03-15,1,1,0.02
ITUB4,1.02,90,Random Forest,2022-03-15,1,1,0.02
ITUB4,1.02,90,SVC,2022-03-15,1,1,0.02
ITUB4,1.02,90,RNA,2022-03-16,1,1,0.02
ITUB4,1.02,90,Random Forest,2022-03-16,1,1,0.02
ITUB4,1.02,90,SVC,2022-03-16,1,1,0.02
ITUB4,1.02,90,RNA,2022-03-17,1,1,0.02
ITUB4,1.02,90,Random Forest,2022-03-17,1,1,0.02
ITUB4,1.02,90,SVC,2022-03-17,1,1,0.02
ITUB4,1.02,90,RNA,2022-03-18,1,1,0.02
ITUB4,1.02,90,Random Forest,2022-03-18,1,1,0.02
ITUB4,1.02,90,SVC,2022-03-18,1,1,0.02
ITUB4,1.02,90,RNA,2022-03-21,0,1,0.0099264884657097
ITUB4,1.02,90,Random Forest,2022-03-21,0,0,0.0099264884657097
ITUB4,1.02,90,SVC,2022-03-21,0,1,0.0099264884657097
ITUB4,1.02,90,RNA,2022-03-22,0,1,0.0021905789418816
ITUB4,1.02,90,Random Forest,2022-03-22,0,0,0.0021905789418816
ITUB4,1.02,90,SVC,2022-03-22,0,1,0.0021905789418816
ITUB4,1.02,90,RNA,2022-03-23,1,0,0.02
ITUB4,1.02,90,Random Forest,2022-03-23,1,0,0.02
ITUB4,1.02,90,SVC,2022-03-23,1,1,0.02
ITUB4,1.02,90,RNA,2022-03-24,1,1,0.02
ITUB4,1.02,90,Random Forest,2022-03-24,1,0,0.02
ITUB4,1.02,90,SVC,2022-03-24,1,1,0.02
ITUB4,1.02,90,RNA,2022-03-25,0,0,-0.002178647639214
ITUB4,1.02,90,Random Forest,2022-03-25,0,1,-0.002178647639214
ITUB4,1.02,90,SVC,2022-03-25,0,1,-0.002178647639214
ITUB4,1.02,90,RNA,2022-03-28,0,1,-0.0054964919587053
ITUB4,1.02,90,Random Forest,2022-03-28,0,0,-0.0054964919587053
ITUB4,1.02,90,SVC,2022-03-28,0,1,-0.0054964919587053
ITUB4,1.02,90,RNA,2022-03-29,0,1,-0.0191260467010287
ITUB4,1.02,90,Random Forest,2022-03-29,0,0,-0.0191260467010287
ITUB4,1.02,90,SVC,2022-03-29,0,1,-0.0191260467010287
ITUB4,1.02,90,RNA,2022-03-30,0,1,-0.0402733956983835
ITUB4,1.02,90,Random Forest,2022-03-30,0,0,-0.0402733956983835
ITUB4,1.02,90,SVC,2022-03-30,0,0,-0.0402733956983835
ITUB4,1.02,90,RNA,2022-03-31,0,0,-0.035018065908836
ITUB4,1.02,90,Random Forest,2022-03-31,0,0,-0.035018065908836
ITUB4,1.02,90,SVC,2022-03-31,0,1,-0.035018065908836
ITUB4,1.02,90,RNA,2022-04-01,0,1,-0.0269581373545115
ITUB4,1.02,90,Random Forest,2022-04-01,0,0,-0.0269581373545115
ITUB4,1.02,90,SVC,2022-04-01,0,0,-0.0269581373545115
ITUB4,1.02,90,RNA,2022-04-04,0,0,-0.020932810595951
ITUB4,1.02,90,Random Forest,2022-04-04,0,0,-0.020932810595951
ITUB4,1.02,90,SVC,2022-04-04,0,0,-0.020932810595951
ITUB4,1.02,90,RNA,2022-04-05,0,1,-0.0003763504021335
ITUB4,1.02,90,Random Forest,2022-04-05,0,0,-0.0003763504021335
ITUB4,1.02,90,SVC,2022-04-05,0,0,-0.0003763504021335
ITUB4,1.02,90,RNA,2022-04-06,0,1,-0.0158431009522819
ITUB4,1.02,90,Random Forest,2022-04-06,0,0,-0.0158431009522819
ITUB4,1.02,90,SVC,2022-04-06,0,0,-0.0158431009522819
ITUB4,1.02,90,RNA,2022-04-07,0,0,-0.0150602412691489
ITUB4,1.02,90,Random Forest,2022-04-07,0,0,-0.0150602412691489
ITUB4,1.02,90,SVC,2022-04-07,0,1,-0.0150602412691489
ITUB4,1.02,90,RNA,2022-04-08,0,1,-0.0101503546906058
ITUB4,1.02,90,Random Forest,2022-04-08,0,0,-0.0101503546906058
ITUB4,1.02,90,SVC,2022-04-08,0,0,-0.0101503546906058
ITUB4,1.02,90,RNA,2022-04-11,0,1,-0.0119403085524354
ITUB4,1.02,90,Random Forest,2022-04-11,0,0,-0.0119403085524354
ITUB4,1.02,90,SVC,2022-04-11,0,0,-0.0119403085524354
ITUB4,1.02,90,RNA,2022-04-12,0,0,-0.0102739512031623
ITUB4,1.02,90,Random Forest,2022-04-12,0,0,-0.0102739512031623
ITUB4,1.02,90,SVC,2022-04-12,0,0,-0.0102739512031623
ITUB4,1.02,90,RNA,2022-04-13,1,0,0.02
ITUB4,1.02,90,Random Forest,2022-04-13,1,0,0.02
ITUB4,1.02,90,SVC,2022-04-13,1,1,0.02
ITUB4,1.02,90,RNA,2022-04-14,0,1,-0.0217225270188895
ITUB4,1.02,90,Random Forest,2022-04-14,0,0,-0.0217225270188895
ITUB4,1.02,90,SVC,2022-04-14,0,1,-0.0217225270188895
ITUB4,1.02,90,RNA,2022-04-18,0,0,-0.0358220153171914
ITUB4,1.02,90,Random Forest,2022-04-18,0,0,-0.0358220153171914
ITUB4,1.02,90,SVC,2022-04-18,0,0,-0.0358220153171914
ITUB4,1.02,90,RNA,2022-04-19,0,0,-0.0507301934568943
ITUB4,1.02,90,Random Forest,2022-04-19,0,0,-0.0507301934568943
ITUB4,1.02,90,SVC,2022-04-19,0,1,-0.0507301934568943
ITUB4,1.02,90,RNA,2022-04-20,0,1,-0.0540540287712879
ITUB4,1.02,90,Random Forest,2022-04-20,0,0,-0.0540540287712879
ITUB4,1.02,90,SVC,2022-04-20,0,1,-0.0540540287712879
ITUB4,1.02,90,RNA,2022-04-22,0,0,-0.0470588241504158
ITUB4,1.02,90,Random Forest,2022-04-22,0,0,-0.0470588241504158
ITUB4,1.02,90,SVC,2022-04-22,0,0,-0.0470588241504158
ITUB4,1.02,90,RNA,2022-04-25,0,1,-0.0550277017137272
ITUB4,1.02,90,Random Forest,2022-04-25,0,0,-0.0550277017137272
ITUB4,1.02,90,SVC,2022-04-25,0,0,-0.0550277017137272
ITUB4,1.02,90,RNA,2022-04-26,0,1,-0.0489169900846493
ITUB4,1.02,90,Random Forest,2022-04-26,0,0,-0.0489169900846493
ITUB4,1.02,90,SVC,2022-04-26,0,0,-0.0489169900846493
ITUB4,1.02,90,RNA,2022-04-27,0,0,-0.0253915709313881
ITUB4,1.02,90,Random Forest,2022-04-27,0,1,-0.0253915709313881
ITUB4,1.02,90,SVC,2022-04-27,0,0,-0.0253915709313881
ITUB4,1.02,90,RNA,2022-04-28,1,0,0.02
ITUB4,1.02,90,Random Forest,2022-04-28,1,1,0.02
ITUB4,1.02,90,SVC,2022-04-28,1,0,0.02
ITUB4,1.02,90,RNA,2022-04-29,0,0,-0.0242982478976204
ITUB4,1.02,90,Random Forest,2022-04-29,0,1,-0.0242982478976204
ITUB4,1.02,90,SVC,2022-04-29,0,0,-0.0242982478976204
ITUB4,1.02,90,RNA,2022-05-02,0,1,-0.0004201811034244
ITUB4,1.02,90,Random Forest,2022-05-02,0,1,-0.0004201811034244
ITUB4,1.02,90,SVC,2022-05-02,0,0,-0.0004201811034244
ITUB4,1.02,90,RNA,2022-05-03,0,1,-0.0130471465289693
ITUB4,1.02,90,Random Forest,2022-05-03,0,1,-0.0130471465289693
ITUB4,1.02,90,SVC,2022-05-03,0,0,-0.0130471465289693
ITUB4,1.02,90,RNA,2022-05-04,1,0,0.02
ITUB4,1.02,90,Random Forest,2022-05-04,1,0,0.02
ITUB4,1.02,90,SVC,2022-05-04,1,0,0.02
ITUB4,1.02,90,RNA,2022-05-05,1,1,0.02
ITUB4,1.02,90,Random Forest,2022-05-05,1,0,0.02
ITUB4,1.02,90,SVC,2022-05-05,1,0,0.02
ITUB4,1.02,90,RNA,2022-05-06,1,1,0.02
ITUB4,1.02,90,Random Forest,2022-05-06,1,0,0.02
ITUB4,1.02,90,SVC,2022-05-06,1,1,0.02
ITUB4,1.02,90,RNA,2022-05-09,1,0,0.02
ITUB4,1.02,90,Random Forest,2022-05-09,1,1,0.02
ITUB4,1.02,90,SVC,2022-05-09,1,1,0.02
ITUB4,1.02,90,RNA,2022-05-10,1,1,0.02
ITUB4,1.02,90,Random Forest,2022-05-10,1,1,0.02
ITUB4,1.02,90,SVC,2022-05-10,1,1,0.02
ITUB4,1.02,90,RNA,2022-05-11,1,1,0.02
ITUB4,1.02,90,Random Forest,2022-05-11,1,1,0.02
ITUB4,1.02,90,SVC,2022-05-11,1,1,0.02
ITUB4,1.02,90,RNA,2022-05-12,1,1,0.02
ITUB4,1.02,90,Random Forest,2022-05-12,1,1,0.02
ITUB4,1.02,90,SVC,2022-05-12,1,1,0.02
ITUB4,1.02,90,RNA,2022-05-13,1,1,0.02
ITUB4,1.02,90,Random Forest,2022-05-13,1,1,0.02
ITUB4,1.02,90,SVC,2022-05-13,1,1,0.02
ITUB4,1.02,90,RNA,2022-05-16,0,1,-0.009069416839149
ITUB4,1.02,90,Random Forest,2022-05-16,0,1,-0.009069416839149
ITUB4,1.02,90,SVC,2022-05-16,0,1,-0.009069416839149
ITUB4,1.02,90,RNA,2022-05-17,1,1,0.02
ITUB4,1.02,90,Random Forest,2022-05-17,1,1,0.02
ITUB4,1.02,90,SVC,2022-05-17,1,1,0.02
ITUB4,1.02,90,RNA,2022-05-18,1,0,0.02
ITUB4,1.02,90,Random Forest,2022-05-18,1,0,0.02
ITUB4,1.02,90,SVC,2022-05-18,1,1,0.02
ITUB4,1.02,90,RNA,2022-05-19,1,1,0.02
ITUB4,1.02,90,Random Forest,2022-05-19,1,1,0.02
ITUB4,1.02,90,SVC,2022-05-19,1,1,0.02
ITUB4,1.02,90,RNA,2022-05-20,1,1,0.02
ITUB4,1.02,90,Random Forest,2022-05-20,1,1,0.02
ITUB4,1.02,90,SVC,2022-05-20,1,1,0.02
ITUB4,1.02,90,RNA,2022-05-23,1,1,0.02
ITUB4,1.02,90,Random Forest,2022-05-23,1,1,0.02
ITUB4,1.02,90,SVC,2022-05-23,1,1,0.02
ITUB4,1.02,90,RNA,2022-05-24,0,1,-0.0049904030313762
ITUB4,1.02,90,Random Forest,2022-05-24,0,1,-0.0049904030313762
ITUB4,1.02,90,SVC,2022-05-24,0,1,-0.0049904030313762
ITUB4,1.02,90,RNA,2022-05-25,1,0,0.02
ITUB4,1.02,90,Random Forest,2022-05-25,1,0,0.02
ITUB4,1.02,90,SVC,2022-05-25,1,1,0.02
ITUB4,1.02,90,RNA,2022-05-26,0,0,-0.0100762791903735
ITUB4,1.02,90,Random Forest,2022-05-26,0,1,-0.0100762791903735
ITUB4,1.02,90,SVC,2022-05-26,0,1,-0.0100762791903735
ITUB4,1.02,90,RNA,2022-05-27,0,0,-0.0137995024253322
ITUB4,1.02,90,Random Forest,2022-05-27,0,0,-0.0137995024253322
ITUB4,1.02,90,SVC,2022-05-27,0,1,-0.0137995024253322
ITUB4,1.02,90,RNA,2022-05-30,0,0,-0.0203310780095277
ITUB4,1.02,90,Random Forest,2022-05-30,0,0,-0.0203310780095277
ITUB4,1.02,90,SVC,2022-05-30,0,0,-0.0203310780095277
ITUB4,1.02,90,RNA,2022-05-31,0,0,-0.0277672243527614
ITUB4,1.02,90,Random Forest,2022-05-31,0,0,-0.0277672243527614
ITUB4,1.02,90,SVC,2022-05-31,0,0,-0.0277672243527614
ITUB4,1.02,90,RNA,2022-06-01,0,0,-0.0176786889121048
ITUB4,1.02,90,Random Forest,2022-06-01,0,0,-0.0176786889121048
ITUB4,1.02,90,SVC,2022-06-01,0,0,-0.0176786889121048
ITUB4,1.02,90,RNA,2022-06-02,0,0,-0.026407777815245
ITUB4,1.02,90,Random Forest,2022-06-02,0,0,-0.026407777815245
ITUB4,1.02,90,SVC,2022-06-02,0,0,-0.026407777815245
ITUB4,1.02,90,RNA,2022-06-03,0,0,-0.0468085250204608
ITUB4,1.02,90,Random Forest,2022-06-03,0,0,-0.0468085250204608
ITUB4,1.02,90,SVC,2022-06-03,0,0,-0.0468085250204608
ITUB4,1.02,90,RNA,2022-06-06,0,1,-0.0537888035915916
ITUB4,1.02,90,Random Forest,2022-06-06,0,0,-0.0537888035915916
ITUB4,1.02,90,SVC,2022-06-06,0,0,-0.0537888035915916
ITUB4,1.02,90,RNA,2022-06-07,0,1,-0.0644400406712316
ITUB4,1.02,90,Random Forest,2022-06-07,0,0,-0.0644400406712316
ITUB4,1.02,90,SVC,2022-06-07,0,0,-0.0644400406712316
ITUB4,1.02,90,RNA,2022-06-08,0,0,-0.0562649363477463
ITUB4,1.02,90,Random Forest,2022-06-08,0,0,-0.0562649363477463
ITUB4,1.02,90,SVC,2022-06-08,0,0,-0.0562649363477463
ITUB4,1.02,90,RNA,2022-06-09,0,0,-0.032192312455432
ITUB4,1.02,90,Random Forest,2022-06-09,0,1,-0.032192312455432
ITUB4,1.02,90,SVC,2022-06-09,0,1,-0.032192312455432
ITUB4,1.02,90,RNA,2022-06-10,0,0,-0.0229166936191477
ITUB4,1.02,90,Random Forest,2022-06-10,0,1,-0.0229166936191477
ITUB4,1.02,90,SVC,2022-06-10,0,1,-0.0229166936191477
ITUB4,1.02,90,RNA,2022-06-13,1,1,0.02
ITUB4,1.02,90,Random Forest,2022-06-13,1,1,0.02
ITUB4,1.02,90,SVC,2022-06-13,1,0,0.02
ITUB4,1.02,90,RNA,2022-06-14,1,0,0.02
ITUB4,1.02,90,Random Forest,2022-06-14,1,0,0.02
ITUB4,1.02,90,SVC,2022-06-14,1,1,0.02
ITUB4,1.02,90,RNA,2022-06-15,1,0,0.02
ITUB4,1.02,90,Random Forest,2022-06-15,1,0,0.02
ITUB4,1.02,90,SVC,2022-06-15,1,1,0.02
ITUB4,1.02,90,RNA,2022-06-17,1,1,0.02
ITUB4,1.02,90,Random Forest,2022-06-17,1,1,0.02
ITUB4,1.02,90,SVC,2022-06-17,1,1,0.02
ITUB4,1.02,90,RNA,2022-06-20,0,1,-0.0456026274335767
ITUB4,1.02,90,Random Forest,2022-06-20,0,1,-0.0456026274335767
ITUB4,1.02,90,SVC,2022-06-20,0,1,-0.0456026274335767
ITUB4,1.02,90,RNA,2022-06-21,0,1,-0.0284301836254713
ITUB4,1.02,90,Random Forest,2022-06-21,0,1,-0.0284301836254713
ITUB4,1.02,90,SVC,2022-06-21,0,1,-0.0284301836254713
ITUB4,1.02,90,RNA,2022-06-22,0,1,-0.0307564126464507
ITUB4,1.02,90,Random Forest,2022-06-22,0,1,-0.0307564126464507
ITUB4,1.02,90,SVC,2022-06-22,0,1,-0.0307564126464507
ITUB4,1.02,90,RNA,2022-06-23,0,1,-0.0257492468736639
ITUB4,1.02,90,Random Forest,2022-06-23,0,1,-0.0257492468736639
ITUB4,1.02,90,SVC,2022-06-23,0,1,-0.0257492468736639
ITUB4,1.02,90,RNA,2022-06-24,0,1,-0.0365490852532083
ITUB4,1.02,90,Random Forest,2022-06-24,0,0,-0.0365490852532083
ITUB4,1.02,90,SVC,2022-06-24,0,1,-0.0365490852532083
ITUB4,1.02,90,RNA,2022-06-27,0,1,-0.0363331442232922
ITUB4,1.02,90,Random Forest,2022-06-27,0,0,-0.0363331442232922
ITUB4,1.02,90,SVC,2022-06-27,0,1,-0.0363331442232922
ITUB4,1.02,90,RNA,2022-06-28,0,1,-0.0350386772035582
ITUB4,1.02,90,Random Forest,2022-06-28,0,0,-0.0350386772035582
ITUB4,1.02,90,SVC,2022-06-28,0,1,-0.0350386772035582
ITUB4,1.02,90,RNA,2022-06-29,0,0,-0.0005360591833839
ITUB4,1.02,90,Random Forest,2022-06-29,0,0,-0.0005360591833839
ITUB4,1.02,90,SVC,2022-06-29,0,0,-0.0005360591833839
ITUB4,1.02,90,RNA,2022-06-30,1,0,0.02
ITUB4,1.02,90,Random Forest,2022-06-30,1,0,0.02
ITUB4,1.02,90,SVC,2022-06-30,1,0,0.02
ITUB4,1.02,90,RNA,2022-07-01,0,1,0.0101455908189715
ITUB4,1.02,90,Random Forest,2022-07-01,0,0,0.0101455908189715
ITUB4,1.02,90,SVC,2022-07-01,0,0,0.0101455908189715
ITUB4,1.02,90,RNA,2022-07-04,1,1,0.02
ITUB4,1.02,90,Random Forest,2022-07-04,1,0,0.02
ITUB4,1.02,90,SVC,2022-07-04,1,0,0.02
ITUB4,1.02,90,RNA,2022-07-05,1,0,0.02
ITUB4,1.02,90,Random Forest,2022-07-05,1,0,0.02
ITUB4,1.02,90,SVC,2022-07-05,1,0,0.02
ITUB4,1.02,90,RNA,2022-07-06,1,1,0.02
ITUB4,1.02,90,Random Forest,2022-07-06,1,0,0.02
ITUB4,1.02,90,SVC,2022-07-06,1,0,0.02
ITUB4,1.02,90,RNA,2022-07-07,0,1,-0.0357296566372041
ITUB4,1.02,90,Random Forest,2022-07-07,0,1,-0.0357296566372041
ITUB4,1.02,90,SVC,2022-07-07,0,1,-0.0357296566372041
ITUB4,1.02,90,RNA,2022-07-08,0,1,-0.0194777031141839
ITUB4,1.02,90,Random Forest,2022-07-08,0,0,-0.0194777031141839
ITUB4,1.02,90,SVC,2022-07-08,0,1,-0.0194777031141839
ITUB4,1.02,90,RNA,2022-07-11,0,1,0.0008876944070723
ITUB4,1.02,90,Random Forest,2022-07-11,0,0,0.0008876944070723
ITUB4,1.02,90,SVC,2022-07-11,0,1,0.0008876944070723
ITUB4,1.02,90,RNA,2022-07-12,1,1,0.02
ITUB4,1.02,90,Random Forest,2022-07-12,1,0,0.02
ITUB4,1.02,90,SVC,2022-07-12,1,1,0.02
ITUB4,1.02,90,RNA,2022-07-13,1,0,0.02
ITUB4,1.02,90,Random Forest,2022-07-13,1,0,0.02
ITUB4,1.02,90,SVC,2022-07-13,1,1,0.02
ITUB4,1.02,90,RNA,2022-07-14,1,1,0.02
ITUB4,1.02,90,Random Forest,2022-07-14,1,0,0.02
ITUB4,1.02,90,SVC,2022-07-14,1,1,0.02
ITUB4,1.02,90,RNA,2022-07-15,1,0,0.02
ITUB4,1.02,90,Random Forest,2022-07-15,1,1,0.02
ITUB4,1.02,90,SVC,2022-07-15,1,1,0.02
ITUB4,1.02,90,RNA,2022-07-18,1,1,0.02
ITUB4,1.02,90,Random Forest,2022-07-18,1,1,0.02
ITUB4,1.02,90,SVC,2022-07-18,1,1,0.02
ITUB4,1.02,90,RNA,2022-07-19,0,1,0.004255324256154
ITUB4,1.02,90,Random Forest,2022-07-19,0,1,0.004255324256154
ITUB4,1.02,90,SVC,2022-07-19,0,1,0.004255324256154
ITUB4,1.02,90,RNA,2022-07-20,1,1,0.02
ITUB4,1.02,90,Random Forest,2022-07-20,1,1,0.02
ITUB4,1.02,90,SVC,2022-07-20,1,1,0.02
ITUB4,1.02,90,RNA,2022-07-21,0,0,-0.0021186465998106
ITUB4,1.02,90,Random Forest,2022-07-21,0,1,-0.0021186465998106
ITUB4,1.02,90,SVC,2022-07-21,0,1,-0.0021186465998106
ITUB4,1.02,90,RNA,2022-07-22,1,1,0.02
ITUB4,1.02,90,Random Forest,2022-07-22,1,1,0.02
ITUB4,1.02,90,SVC,2022-07-22,1,1,0.02
ITUB4,1.02,90,RNA,2022-07-25,0,0,-0.0004232140944956
ITUB4,1.02,90,Random Forest,2022-07-25,0,1,-0.0004232140944956
ITUB4,1.02,90,SVC,2022-07-25,0,1,-0.0004232140944956
ITUB4,1.02,90,RNA,2022-07-26,0,1,-0.0056077149238341
ITUB4,1.02,90,Random Forest,2022-07-26,0,1,-0.0056077149238341
ITUB4,1.02,90,SVC,2022-07-26,0,1,-0.0056077149238341
ITUB4,1.02,90,RNA,2022-07-27,0,0,0.0079716593133929
ITUB4,1.02,90,Random Forest,2022-07-27,0,0,0.0079716593133929
ITUB4,1.02,90,SVC,2022-07-27,0,1,0.0079716593133929
ITUB4,1.02,90,RNA,2022-07-28,0,0,0.0070707841604975
ITUB4,1.02,90,Random Forest,2022-07-28,0,0,0.0070707841604975
ITUB4,1.02,90,SVC,2022-07-28,0,0,0.0070707841604975
ITUB4,1.02,90,RNA,2022-07-29,1,0,0.02
ITUB4,1.02,90,Random Forest,2022-07-29,1,1,0.02
ITUB4,1.02,90,SVC,2022-07-29,1,0,0.02
ITUB4,1.02,90,RNA,2022-08-01,1,0,0.02
ITUB4,1.02,90,Random Forest,2022-08-01,1,0,0.02
ITUB4,1.02,90,SVC,2022-08-01,1,0,0.02
ITUB4,1.02,90,RNA,2022-08-02,1,0,0.02
ITUB4,1.02,90,Random Forest,2022-08-02,1,1,0.02
ITUB4,1.02,90,SVC,2022-08-02,1,0,0.02
ITUB4,1.02,90,RNA,2022-08-03,1,1,0.02
ITUB4,1.02,90,Random Forest,2022-08-03,1,0,0.02
ITUB4,1.02,90,SVC,2022-08-03,1,0,0.02
ITUB4,1.02,90,RNA,2022-08-04,1,1,0.02
ITUB4,1.02,90,Random Forest,2022-08-04,1,0,0.02
ITUB4,1.02,90,SVC,2022-08-04,1,1,0.02
ITUB4,1.02,90,RNA,2022-08-05,1,0,0.02
ITUB4,1.02,90,Random Forest,2022-08-05,1,1,0.02
ITUB4,1.02,90,SVC,2022-08-05,1,1,0.02
ITUB4,1.02,90,RNA,2022-08-08,1,1,0.02
ITUB4,1.02,90,Random Forest,2022-08-08,1,1,0.02
ITUB4,1.02,90,SVC,2022-08-08,1,1,0.02
ITUB4,1.02,90,RNA,2022-08-09,1,0,0.02
ITUB4,1.02,90,Random Forest,2022-08-09,1,1,0.02
ITUB4,1.02,90,SVC,2022-08-09,1,1,0.02
ITUB4,1.02,90,RNA,2022-08-10,1,0,0.02
ITUB4,1.02,90,Random Forest,2022-08-10,1,0,0.02
ITUB4,1.02,90,SVC,2022-08-10,1,0,0.02
ITUB4,1.02,90,RNA,2022-08-11,1,0,0.02
ITUB4,1.02,90,Random Forest,2022-08-11,1,0,0.02
ITUB4,1.02,90,SVC,2022-08-11,1,1,0.02
ITUB4,1.02,90,RNA,2022-08-12,1,0,0.02
ITUB4,1.02,90,Random Forest,2022-08-12,1,1,0.02
ITUB4,1.02,90,SVC,2022-08-12,1,0,0.02
ITUB4,1.02,90,RNA,2022-08-15,1,1,0.02
ITUB4,1.02,90,Random Forest,2022-08-15,1,1,0.02
ITUB4,1.02,90,SVC,2022-08-15,1,1,0.02
ITUB4,1.02,90,RNA,2022-08-16,0,1,-0.0162703106305197
ITUB4,1.02,90,Random Forest,2022-08-16,0,1,-0.0162703106305197
ITUB4,1.02,90,SVC,2022-08-16,0,1,-0.0162703106305197
ITUB4,1.02,90,RNA,2022-08-17,0,0,-0.0244632343440613
ITUB4,1.02,90,Random Forest,2022-08-17,0,1,-0.0244632343440613
ITUB4,1.02,90,SVC,2022-08-17,0,1,-0.0244632343440613
ITUB4,1.02,90,RNA,2022-08-18,0,0,-0.010447767475726
ITUB4,1.02,90,Random Forest,2022-08-18,0,1,-0.010447767475726
ITUB4,1.02,90,SVC,2022-08-18,0,1,-0.010447767475726
ITUB4,1.02,90,RNA,2022-08-19,0,0,0.0170454359817622
ITUB4,1.02,90,Random Forest,2022-08-19,0,0,0.0170454359817622
ITUB4,1.02,90,SVC,2022-08-19,0,1,0.0170454359817622
ITUB4,1.02,90,RNA,2022-08-22,1,0,0.02
ITUB4,1.02,90,Random Forest,2022-08-22,1,0,0.02
ITUB4,1.02,90,SVC,2022-08-22,1,1,0.02
ITUB4,1.02,90,RNA,2022-08-23,1,0,0.02
ITUB4,1.02,90,Random Forest,2022-08-23,1,0,0.02
ITUB4,1.02,90,SVC,2022-08-23,1,0,0.02
ITUB4,1.02,90,RNA,2022-08-24,0,0,-0.00488537720023
ITUB4,1.02,90,Random Forest,2022-08-24,0,0,-0.00488537720023
ITUB4,1.02,90,SVC,2022-08-24,0,1,-0.00488537720023
ITUB4,1.02,90,RNA,2022-08-25,0,1,-0.040520448370624
ITUB4,1.02,90,Random Forest,2022-08-25,0,1,-0.040520448370624
ITUB4,1.02,90,SVC,2022-08-25,0,1,-0.040520448370624
ITUB4,1.02,90,RNA,2022-08-26,0,1,-0.0125122042816372
ITUB4,1.02,90,Random Forest,2022-08-26,0,0,-0.0125122042816372
ITUB4,1.02,90,SVC,2022-08-26,0,0,-0.0125122042816372
ITUB4,1.02,90,RNA,2022-08-29,0,1,-0.0053098970989149
ITUB4,1.02,90,Random Forest,2022-08-29,0,0,-0.0053098970989149
ITUB4,1.02,90,SVC,2022-08-29,0,0,-0.0053098970989149
ITUB4,1.02,90,RNA,2022-08-30,1,1,0.02
ITUB4,1.02,90,Random Forest,2022-08-30,1,0,0.02
ITUB4,1.02,90,SVC,2022-08-30,1,0,0.02
ITUB4,1.02,90,RNA,2022-08-31,1,0,0.02
ITUB4,1.02,90,Random Forest,2022-08-31,1,0,0.02
ITUB4,1.02,90,SVC,2022-08-31,1,0,0.02
ITUB4,1.02,90,RNA,2022-09-01,1,1,0.02
ITUB4,1.02,90,Random Forest,2022-09-01,1,1,0.02
ITUB4,1.02,90,SVC,2022-09-01,1,1,0.02
ITUB4,1.02,90,RNA,2022-09-02,1,1,0.02
ITUB4,1.02,90,Random Forest,2022-09-02,1,1,0.02
ITUB4,1.02,90,SVC,2022-09-02,1,1,0.02
ITUB4,1.02,90,RNA,2022-09-05,1,1,0.02
ITUB4,1.02,90,Random Forest,2022-09-05,1,1,0.02
ITUB4,1.02,90,SVC,2022-09-05,1,1,0.02
ITUB4,1.02,90,RNA,2022-09-06,0,1,-0.0037174668044412
ITUB4,1.02,90,Random Forest,2022-09-06,0,1,-0.0037174668044412
ITUB4,1.02,90,SVC,2022-09-06,0,1,-0.0037174668044412
ITUB4,1.02,90,RNA,2022-09-08,1,1,0.02
ITUB4,1.02,90,Random Forest,2022-09-08,1,1,0.02
ITUB4,1.02,90,SVC,2022-09-08,1,1,0.02
ITUB4,1.02,90,RNA,2022-09-09,0,0,-0.0085185063855031
ITUB4,1.02,90,Random Forest,2022-09-09,0,1,-0.0085185063855031
ITUB4,1.02,90,SVC,2022-09-09,0,1,-0.0085185063855031
ITUB4,1.02,90,RNA,2022-09-12,0,1,-0.0074404655456176
ITUB4,1.02,90,Random Forest,2022-09-12,0,1,-0.0074404655456176
ITUB4,1.02,90,SVC,2022-09-12,0,1,-0.0074404655456176
ITUB4,1.02,90,RNA,2022-09-13,1,1,0.02
ITUB4,1.02,90,Random Forest,2022-09-13,1,1,0.02
ITUB4,1.02,90,SVC,2022-09-13,1,1,0.02
ITUB4,1.02,90,RNA,2022-09-14,1,1,0.02
ITUB4,1.02,90,Random Forest,2022-09-14,1,0,0.02
ITUB4,1.02,90,SVC,2022-09-14,1,1,0.02
ITUB4,1.02,90,RNA,2022-09-15,1,0,0.02
ITUB4,1.02,90,Random Forest,2022-09-15,1,1,0.02
ITUB4,1.02,90,SVC,2022-09-15,1,1,0.02
ITUB4,1.02,90,RNA,2022-09-16,1,0,0.02
ITUB4,1.02,90,Random Forest,2022-09-16,1,1,0.02
ITUB4,1.02,90,SVC,2022-09-16,1,1,0.02
ITUB4,1.02,90,RNA,2022-09-19,1,1,0.02
ITUB4,1.02,90,Random Forest,2022-09-19,1,1,0.02
ITUB4,1.02,90,SVC,2022-09-19,1,1,0.02
ITUB4,1.02,90,RNA,2022-09-20,0,0,-0.0283216839796895
ITUB4,1.02,90,Random Forest,2022-09-20,0,1,-0.0283216839796895
ITUB4,1.02,90,SVC,2022-09-20,0,1,-0.0283216839796895
ITUB4,1.02,90,RNA,2022-09-21,0,0,-0.0370759401198994
ITUB4,1.02,90,Random Forest,2022-09-21,0,1,-0.0370759401198994
ITUB4,1.02,90,SVC,2022-09-21,0,1,-0.0370759401198994
ITUB4,1.02,90,RNA,2022-09-22,0,0,-0.0309859187811997
ITUB4,1.02,90,Random Forest,2022-09-22,0,1,-0.0309859187811997
ITUB4,1.02,90,SVC,2022-09-22,0,1,-0.0309859187811997
ITUB4,1.02,90,RNA,2022-09-23,0,1,-0.0071098370832829
ITUB4,1.02,90,Random Forest,2022-09-23,0,0,-0.0071098370832829
ITUB4,1.02,90,SVC,2022-09-23,0,1,-0.0071098370832829
ITUB4,1.02,90,RNA,2022-09-26,0,0,0.0028591810669964
ITUB4,1.02,90,Random Forest,2022-09-26,0,0,0.0028591810669964
ITUB4,1.02,90,SVC,2022-09-26,0,1,0.0028591810669964
ITUB4,1.02,90,RNA,2022-09-27,1,0,0.02
ITUB4,1.02,90,Random Forest,2022-09-27,1,0,0.02
ITUB4,1.02,90,SVC,2022-09-27,1,0,0.02
ITUB4,1.02,90,RNA,2022-09-28,1,1,0.02
ITUB4,1.02,90,Random Forest,2022-09-28,1,1,0.02
ITUB4,1.02,90,SVC,2022-09-28,1,0,0.02
ITUB4,1.02,90,RNA,2022-09-29,1,0,0.02
ITUB4,1.02,90,Random Forest,2022-09-29,1,1,0.02
ITUB4,1.02,90,SVC,2022-09-29,1,0,0.02
ITUB4,1.02,90,RNA,2022-09-30,1,0,0.02
ITUB4,1.02,90,Random Forest,2022-09-30,1,0,0.02
ITUB4,1.02,90,SVC,2022-09-30,1,0,0.02
ITUB4,1.02,90,RNA,2022-10-03,0,1,-0.0216883899160162
ITUB4,1.02,90,Random Forest,2022-10-03,0,0,-0.0216883899160162
ITUB4,1.02,90,SVC,2022-10-03,0,0,-0.0216883899160162
ITUB4,1.02,90,RNA,2022-10-04,0,1,-0.0287914252056065
ITUB4,1.02,90,Random Forest,2022-10-04,0,0,-0.0287914252056065
ITUB4,1.02,90,SVC,2022-10-04,0,1,-0.0287914252056065
ITUB4,1.02,90,RNA,2022-10-05,0,0,-0.0364548274555773
ITUB4,1.02,90,Random Forest,2022-10-05,0,0,-0.0364548274555773
ITUB4,1.02,90,SVC,2022-10-05,0,0,-0.0364548274555773
ITUB4,1.02,90,RNA,2022-10-06,0,0,-0.0191780647837552
ITUB4,1.02,90,Random Forest,2022-10-06,0,0,-0.0191780647837552
ITUB4,1.02,90,SVC,2022-10-06,0,0,-0.0191780647837552
ITUB4,1.02,90,RNA,2022-10-07,0,0,-0.0281546882763017
ITUB4,1.02,90,Random Forest,2022-10-07,0,0,-0.0281546882763017
ITUB4,1.02,90,SVC,2022-10-07,0,0,-0.0281546882763017
ITUB4,1.02,90,RNA,2022-10-10,0,0,-0.0006920638001016
ITUB4,1.02,90,Random Forest,2022-10-10,0,0,-0.0006920638001016
ITUB4,1.02,90,SVC,2022-10-10,0,0,-0.0006920638001016
ITUB4,1.02,90,RNA,2022-10-11,1,1,0.02
ITUB4,1.02,90,Random Forest,2022-10-11,1,0,0.02
ITUB4,1.02,90,SVC,2022-10-11,1,0,0.02
ITUB4,1.02,90,RNA,2022-10-13,1,0,0.02
ITUB4,1.02,90,Random Forest,2022-10-13,1,0,0.02
ITUB4,1.02,90,SVC,2022-10-13,1,0,0.02
ITUB4,1.02,90,RNA,2022-10-14,1,0,0.02
ITUB4,1.02,90,Random Forest,2022-10-14,1,0,0.02
ITUB4,1.02,90,SVC,2022-10-14,1,0,0.02
ITUB4,1.02,90,RNA,2022-10-17,1,0,0.02
ITUB4,1.02,90,Random Forest,2022-10-17,1,0,0.02
ITUB4,1.02,90,SVC,2022-10-17,1,0,0.02
ITUB4,1.02,90,RNA,2022-10-18,1,0,0.02
ITUB4,1.02,90,Random Forest,2022-10-18,1,1,0.02
ITUB4,1.02,90,SVC,2022-10-18,1,1,0.02
ITUB4,1.02,90,RNA,2022-10-19,1,0,0.02
ITUB4,1.02,90,Random Forest,2022-10-19,1,0,0.02
ITUB4,1.02,90,SVC,2022-10-19,1,0,0.02
ITUB4,1.02,90,RNA,2022-10-20,1,0,0.02
ITUB4,1.02,90,Random Forest,2022-10-20,1,0,0.02
ITUB4,1.02,90,SVC,2022-10-20,1,1,0.02
ITUB4,1.02,90,RNA,2022-10-21,0,0,-0.0486854687298442
ITUB4,1.02,90,Random Forest,2022-10-21,0,0,-0.0486854687298442
ITUB4,1.02,90,SVC,2022-10-21,0,1,-0.0486854687298442
ITUB4,1.02,90,RNA,2022-10-24,0,1,-0.0037099348777994
ITUB4,1.02,90,Random Forest,2022-10-24,0,0,-0.0037099348777994
ITUB4,1.02,90,SVC,2022-10-24,0,1,-0.0037099348777994
ITUB4,1.02,90,RNA,2022-10-25,1,1,0.02
ITUB4,1.02,90,Random Forest,2022-10-25,1,0,0.02
ITUB4,1.02,90,SVC,2022-10-25,1,1,0.02
ITUB4,1.02,90,RNA,2022-10-26,1,1,0.02
ITUB4,1.02,90,Random Forest,2022-10-26,1,0,0.02
ITUB4,1.02,90,SVC,2022-10-26,1,1,0.02
ITUB4,1.02,90,RNA,2022-10-27,1,1,0.02
ITUB4,1.02,90,Random Forest,2022-10-27,1,1,0.02
ITUB4,1.02,90,SVC,2022-10-27,1,1,0.02
ITUB4,1.02,90,RNA,2022-10-28,1,0,0.02
ITUB4,1.02,90,Random Forest,2022-10-28,1,0,0.02
ITUB4,1.02,90,SVC,2022-10-28,1,1,0.02
ITUB4,1.02,90,RNA,2022-10-31,0,1,-0.0432257963905406
ITUB4,1.02,90,Random Forest,2022-10-31,0,1,-0.0432257963905406
ITUB4,1.02,90,SVC,2022-10-31,0,1,-0.0432257963905406
ITUB4,1.02,90,RNA,2022-11-01,1,0,0.02
ITUB4,1.02,90,Random Forest,2022-11-01,1,0,0.02
ITUB4,1.02,90,SVC,2022-11-01,1,1,0.02
ITUB4,1.02,90,RNA,2022-11-03,0,0,-0.0827631366627924
ITUB4,1.02,90,Random Forest,2022-11-03,0,0,-0.0827631366627924
ITUB4,1.02,90,SVC,2022-11-03,0,1,-0.0827631366627924
ITUB4,1.02,90,RNA,2022-11-04,0,1,-0.0814765459901348
ITUB4,1.02,90,Random Forest,2022-11-04,0,1,-0.0814765459901348
ITUB4,1.02,90,SVC,2022-11-04,0,1,-0.0814765459901348
ITUB4,1.02,90,RNA,2022-11-07,0,1,-0.0923599290187667
ITUB4,1.02,90,Random Forest,2022-11-07,0,1,-0.0923599290187667
ITUB4,1.02,90,SVC,2022-11-07,0,1,-0.0923599290187667
ITUB4,1.02,90,RNA,2022-11-08,0,0,-0.070132593843848
ITUB4,1.02,90,Random Forest,2022-11-08,0,1,-0.070132593843848
ITUB4,1.02,90,SVC,2022-11-08,0,1,-0.070132593843848
ITUB4,1.02,90,RNA,2022-11-09,1,1,0.02
ITUB4,1.02,90,Random Forest,2022-11-09,1,1,0.02
ITUB4,1.02,90,SVC,2022-11-09,1,1,0.02
ITUB4,1.02,90,RNA,2022-11-10,0,0,-0.0560714029941342
ITUB4,1.02,90,Random Forest,2022-11-10,0,0,-0.0560714029941342
ITUB4,1.02,90,SVC,2022-11-10,0,1,-0.0560714029941342
ITUB4,1.02,90,RNA,2022-11-11,0,1,-0.0151570733155699
ITUB4,1.02,90,Random Forest,2022-11-11,0,1,-0.0151570733155699
ITUB4,1.02,90,SVC,2022-11-11,0,1,-0.0151570733155699
ITUB4,1.02,90,RNA,2022-11-14,0,1,0.0026266413526514
ITUB4,1.02,90,Random Forest,2022-11-14,0,1,0.0026266413526514
ITUB4,1.02,90,SVC,2022-11-14,0,0,0.0026266413526514
ITUB4,1.02,90,RNA,2022-11-16,1,0,0.02
ITUB4,1.02,90,Random Forest,2022-11-16,1,1,0.02
ITUB4,1.02,90,SVC,2022-11-16,1,0,0.02
ITUB4,1.02,90,RNA,2022-11-17,0,1,-0.0254776693928883
ITUB4,1.02,90,Random Forest,2022-11-17,0,0,-0.0254776693928883
ITUB4,1.02,90,SVC,2022-11-17,0,0,-0.0254776693928883
ITUB4,1.02,90,RNA,2022-11-18,0,1,-0.0022222289808758
ITUB4,1.02,90,Random Forest,2022-11-18,0,1,-0.0022222289808758
ITUB4,1.02,90,SVC,2022-11-18,0,1,-0.0022222289808758
ITUB4,1.02,90,RNA,2022-11-21,0,1,-0.0302238985766061
ITUB4,1.02,90,Random Forest,2022-11-21,0,0,-0.0302238985766061
ITUB4,1.02,90,SVC,2022-11-21,0,1,-0.0302238985766061
ITUB4,1.02,90,RNA,2022-11-22,1,1,0.02
ITUB4,1.02,90,Random Forest,2022-11-22,1,0,0.02
ITUB4,1.02,90,SVC,2022-11-22,1,1,0.02
ITUB4,1.02,90,RNA,2022-11-23,1,1,0.02
ITUB4,1.02,90,Random Forest,2022-11-23,1,0,0.02
ITUB4,1.02,90,SVC,2022-11-23,1,1,0.02
ITUB4,1.02,90,RNA,2022-11-24,0,0,-0.0291262524861783
ITUB4,1.02,90,Random Forest,2022-11-24,0,0,-0.0291262524861783
ITUB4,1.02,90,SVC,2022-11-24,0,1,-0.0291262524861783
ITUB4,1.02,90,RNA,2022-11-25,0,0,-0.0039213686273763
ITUB4,1.02,90,Random Forest,2022-11-25,0,0,-0.0039213686273763
ITUB4,1.02,90,SVC,2022-11-25,0,1,-0.0039213686273763
ITUB4,1.02,90,RNA,2022-11-28,1,1,0.02
ITUB4,1.02,90,Random Forest,2022-11-28,1,1,0.02
ITUB4,1.02,90,SVC,2022-11-28,1,1,0.02
ITUB4,1.02,90,RNA,2022-11-29,1,1,0.02
ITUB4,1.02,90,Random Forest,2022-11-29,1,1,0.02
ITUB4,1.02,90,SVC,2022-11-29,1,1,0.02
ITUB4,1.02,90,RNA,2022-11-30,1,0,0.02
ITUB4,1.02,90,Random Forest,2022-11-30,1,0,0.02
ITUB4,1.02,90,SVC,2022-11-30,1,1,0.02
ITUB4,1.02,90,RNA,2022-12-01,1,0,0.02
ITUB4,1.02,90,Random Forest,2022-12-01,1,1,0.02
ITUB4,1.02,90,SVC,2022-12-01,1,1,0.02
ITUB4,1.02,90,RNA,2022-12-02,0,0,-0.041698555683857
ITUB4,1.02,90,Random Forest,2022-12-02,0,1,-0.041698555683857
ITUB4,1.02,90,SVC,2022-12-02,0,1,-0.041698555683857
ITUB4,1.02,90,RNA,2022-12-05,1,1,0.02
ITUB4,1.02,90,Random Forest,2022-12-05,1,0,0.02
ITUB4,1.02,90,SVC,2022-12-05,1,0,0.02
ITUB4,1.02,90,RNA,2022-12-06,0,1,-0.0626624690407758
ITUB4,1.02,90,Random Forest,2022-12-06,0,0,-0.0626624690407758
ITUB4,1.02,90,SVC,2022-12-06,0,1,-0.0626624690407758
ITUB4,1.02,90,RNA,2022-12-07,0,1,-0.0833728953429828
ITUB4,1.02,90,Random Forest,2022-12-07,0,1,-0.0833728953429828
ITUB4,1.02,90,SVC,2022-12-07,0,1,-0.0833728953429828
ITUB4,1.02,90,RNA,2022-12-08,0,1,-0.0563209383013869
ITUB4,1.02,90,Random Forest,2022-12-08,0,1,-0.0563209383013869
ITUB4,1.02,90,SVC,2022-12-08,0,1,-0.0563209383013869
ITUB4,1.02,90,RNA,2022-12-09,0,0,-0.0370065386586278
ITUB4,1.02,90,Random Forest,2022-12-09,0,0,-0.0370065386586278
ITUB4,1.02,90,SVC,2022-12-09,0,1,-0.0370065386586278
ITUB4,1.02,90,RNA,2022-12-12,0,1,-0.0235051496291431
ITUB4,1.02,90,Random Forest,2022-12-12,0,1,-0.0235051496291431
ITUB4,1.02,90,SVC,2022-12-12,0,1,-0.0235051496291431
ITUB4,1.02,90,RNA,2022-12-13,1,1,0.02
ITUB4,1.02,90,Random Forest,2022-12-13,1,0,0.02
ITUB4,1.02,90,SVC,2022-12-13,1,1,0.02
ITUB4,1.02,90,RNA,2022-12-14,1,0,0.02
ITUB4,1.02,90,Random Forest,2022-12-14,1,1,0.02
ITUB4,1.02,90,SVC,2022-12-14,1,1,0.02
ITUB4,1.02,90,RNA,2022-12-15,1,1,0.02
ITUB4,1.02,90,Random Forest,2022-12-15,1,1,0.02
ITUB4,1.02,90,SVC,2022-12-15,1,1,0.02
ITUB4,1.02,90,RNA,2022-12-16,1,1,0.02
ITUB4,1.02,90,Random Forest,2022-12-16,1,1,0.02
ITUB4,1.02,90,SVC,2022-12-16,1,1,0.02
ITUB4,1.02,90,RNA,2022-12-19,1,1,0.02
ITUB4,1.02,90,Random Forest,2022-12-19,1,1,0.02
ITUB4,1.02,90,SVC,2022-12-19,1,1,0.02
ITUB4,1.02,90,RNA,2022-12-20,1,1,0.02
ITUB4,1.02,90,Random Forest,2022-12-20,1,0,0.02
ITUB4,1.02,90,SVC,2022-12-20,1,1,0.02
ITUB4,1.02,90,RNA,2022-12-21,1,1,0.02
ITUB4,1.02,90,Random Forest,2022-12-21,1,1,0.02
ITUB4,1.02,90,SVC,2022-12-21,1,1,0.02
ITUB4,1.02,90,RNA,2022-12-22,0,1,0.0007990091436222
ITUB4,1.02,90,Random Forest,2022-12-22,0,1,0.0007990091436222
ITUB4,1.02,90,SVC,2022-12-22,0,1,0.0007990091436222
ITUB4,1.02,90,RNA,2022-12-23,1,1,0.02
ITUB4,1.02,90,Random Forest,2022-12-23,1,1,0.02
ITUB4,1.02,90,SVC,2022-12-23,1,1,0.02
ITUB4,1.02,90,RNA,2022-12-26,0,0,
ITUB4,1.02,90,Random Forest,2022-12-26,0,1,
ITUB4,1.02,90,SVC,2022-12-26,0,0,
ITUB4,1.02,90,RNA,2022-12-27,0,0,
ITUB4,1.02,90,Random Forest,2022-12-27,0,0,
ITUB4,1.02,90,SVC,2022-12-27,0,1,
ITUB4,1.02,90,RNA,2022-12-28,0,0,
ITUB4,1.02,90,Random Forest,2022-12-28,0,1,
ITUB4,1.02,90,SVC,2022-12-28,0,1,
ITUB4,1.02,90,RNA,2022-12-29,0,1,
ITUB4,1.02,90,Random Forest,2022-12-29,0,0,
ITUB4,1.02,90,SVC,2022-12-29,0,1,
