Exchange Date,Close,Open,Low,High,Volume,data_adicional,ibov_status,r1,r2,r3,r4,r5,r6,r7,r8,r9,r10,r11,r12,r13,r14,r15,Momentum,RSI,Parabolic_SAR,ATR,True_Range,Chaikin_AD,OBV,compra,maximo,venda,target,resultado_real
2022-01-21,17.265818,17.176895,17.132434,17.525176,41332495.86675,0,1,0.000429263793707415,-0.008124898083280468,-0.00679116577772156,0.00593976512059016,0.02007330885531562,0.0046620448358649,-0.0071624047443588435,0.011054546881073888,0.005507328063473764,0.010856069171108188,0.024077211120318614,-0.002591774667941627,-0.015411264019450852,-0.017789522678986668,-0.005143622546628357,0.49648499999999984,73.00771948423912,15.628159,0.4721369999999999,0.39274199999999837,171311910.8676224,239280776.07192102,17.302869,18.466274,17.895687,1,0.06723769335593976
2022-01-24,17.243587,17.302869,16.947178,17.451073,43612905.638709,0,1,-0.0012884025717192504,0.000429263793707415,-0.008124898083280468,-0.00679116577772156,0.008528810824955673,0.015835969918436842,0.00042470589898616805,-0.011399743681237565,0.02007330885531562,0.005507328063473764,0.010856069171108188,-0.020770995614397898,-0.002591774667941627,-0.015411264019450852,-0.017789522678986668,0.318639000000001,72.40635249347615,15.628159,0.4744054285714285,0.503895,179008336.5279504,195667870.433212,17.087973,18.466274,17.895687,1,0.08065912791411822
2022-01-25,17.866046,17.087973,17.043511,17.895687,43286755.671324,0,1,0.03546173376074179,-0.0012884025717192504,0.000429263793707415,-0.008124898083280468,0.046184851372634825,0.03368740818859467,0.04099456728207586,0.025583303262625083,0.008528810824955673,0.02007330885531562,0.005507328063473764,-0.002605337942521208,-0.020770995614397898,-0.002591774667941627,-0.015411264019450852,0.5631769999999996,77.89634074895389,15.628159,0.5013890408163265,0.852176,219283829.91342354,238954626.104536,18.029071,18.903477,18.466274,1,0.04849978126992793
2022-01-26,18.058712,18.029071,17.643739,18.155045,61470523.852948,0,1,0.010726187616874428,0.03546173376074179,-0.0012884025717192504,0.000429263793707415,0.0069629728672078615,0.060573600798888634,0.048076157614848465,0.055383316708329654,0.046184851372634825,0.008528810824955673,0.02007330885531562,-0.021604521082799137,-0.002605337942521208,-0.020770995614397898,-0.002591774667941627,0.8299449999999986,79.27107305259514,15.628159,0.5020973950437319,0.5113060000000011,257591551.16156694,300425149.957484,18.147634,19.050139,18.466274,1,0.04973127626444307
2022-01-27,18.125404,18.147634,17.932738,18.466274,45699165.430083,0,1,0.003686262531355509,0.010726187616874428,0.03546173376074179,-0.0012884025717192504,0.017405847234370993,0.023960530669112995,0.07757115860079372,0.06507371541675351,0.0069629728672078615,0.046184851372634825,0.008528810824955673,-0.011912213164205598,-0.021604521082799137,-0.002605337942521208,-0.020770995614397898,0.5779980000000009,79.74078321513394,15.628159,0.5043430096834651,0.533535999999998,244897376.61027136,346124315.387567,17.903097,19.050139,18.384761,1,0.06406947356650106
2022-01-28,18.369941,17.903097,17.880866,18.384761,32389166.761083,0,1,0.013401197316074838,0.003686262531355509,0.010726187616874428,0.03546173376074179,0.026548400299886615,0.012981920853920057,0.019536604288661955,0.07314723222034275,0.017405847234370993,0.0069629728672078615,0.046184851372634825,-0.0012425120638584835,-0.011912213164205598,-0.021604521082799137,-0.002605337942521208,0.9559190000000015,81.40463052630507,15.628159,0.504311008991789,0.503895,275381354.98330027,378513482.14865,18.281018,19.050139,18.903477,1,0.04207210998862321
2022-01-31,18.770093,18.281018,18.169865,18.903477,48669275.133072,0,1,0.0215491178375385,0.013401197316074838,0.003686262531355509,0.010726187616874428,0.03348261964616773,0.05437215875866835,0.04080567931270179,0.047360362747443804,0.026548400299886615,0.017405847234370993,0.0069629728672078615,-0.0060988012022235106,-0.0012425120638584835,-0.011912213164205598,-0.021604521082799137,1.356071,83.75565957453904,15.628159,0.5206896512066611,0.7336119999999973,306352711.88616425,427182757.281722,18.753523,19.102047,19.050139,1,0.018584454771511272
2022-02-01,18.901831,18.753523,18.671954,19.050139,31649416.835058,0,1,0.006993990378961456,0.0215491178375385,0.013401197316074838,0.003686262531355509,0.015692770034004804,0.04121114438070352,0.062100683493204294,0.048534204047237565,0.03348261964616773,0.026548400299886615,0.017405847234370993,-0.004359016140679872,-0.0060988012022235106,-0.0012425120638584835,-0.011912213164205598,1.3840660000000007,84.45257858443911,15.628159,0.5105107475490426,0.378185000000002,313179030.43877447,458832174.11678,18.887,19.102047,19.102047,1,0.011385979774447996
2022-02-02,18.605215,18.887,18.479154,18.916662,37956706.204329,0,1,-0.015816877914935166,0.006993990378961456,0.0215491178375385,0.013401197316074838,0.0015692662836276345,0.008661492897324924,0.034179867244023644,0.05506940635652416,0.015692770034004804,0.03348261964616773,0.026548400299886615,-0.02183056876885058,-0.004359016140679872,-0.0060988012022235106,-0.0012425120638584835,1.2060130000000022,76.49499115392635,15.628159,0.5052962655812536,0.43750799999999757,297095571.5388328,420875467.91245097,18.686785,19.102047,18.931493,1,0.022222228168194746
2022-02-03,18.820262,18.686785,18.323431,18.931493,45885175.411482,0,1,0.01149213765544757,-0.015816877914935166,0.006993990378961456,0.0215491178375385,0.01301024208110175,0.002352976916766956,0.009445203530464264,0.034963577877162956,0.0015692662836276345,0.015692770034004804,0.03348261964616773,-0.01963596617902206,-0.02183056876885058,-0.004359016140679872,-0.0060988012022235106,1.5618540000000003,78.10572080755705,15.628159,0.5126366751825927,0.6080620000000003,326193465.56718427,466760643.32393295,18.716446,19.102047,19.102047,1,0.020602255364079225
2022-02-04,18.879585,18.716446,18.686785,19.102047,38053286.194671,0,1,0.0031471241229796385,0.01149213765544757,-0.015816877914935166,0.006993990378961456,0.020392899486639797,0.021978912535487477,0.0113216473711527,0.01841387398484996,0.01301024208110175,0.0015692662836276345,0.015692770034004804,-0.0015860130488477026,-0.01963596617902206,-0.02183056876885058,-0.004359016140679872,1.6137669999999993,78.54255304716419,15.628159,0.5056813412409789,0.41526199999999847,323475334.42321634,504813929.5186039,18.87217,19.072385,19.072385,1,0.010609007867139919
2022-02-07,18.775769,18.87217,18.709031,18.946323,25404827.459517,0,1,-0.00551402401044961,0.0031471241229796385,0.01149213765544757,-0.015816877914935166,0.003921525642457018,0.012207273163297007,0.013793286212144686,0.0031360210478099597,0.020392899486639797,0.01301024208110175,0.0015692662836276345,-0.008682001660608176,-0.0015860130488477026,-0.01963596617902206,-0.02183056876885058,1.5321819999999988,75.69623024109531,15.628159,0.48651067400948034,0.23729200000000006,312360642.11358446,479409102.0590869,18.746108,20.021555,19.072385,1,0.06803796286674535
2022-02-08,18.9834,18.746108,18.560723,19.072385,41067285.893271,0,1,0.010997757538299742,-0.00551402401044961,0.0031471241229796385,0.01149213765544757,0.017255319803504768,0.010553127221203374,0.018838874742043196,0.02042488779089095,0.003921525642457018,0.020392899486639797,0.01301024208110175,-0.00993847619604288,-0.008682001660608176,-0.0015860130488477026,-0.01963596617902206,1.1173539999999988,77.45587541125984,15.628159,0.48830719729451755,0.5116620000000012,339143605.79722196,520476387.9523579,18.5014,20.021555,18.842508,1,0.08216432269990381
2022-02-09,18.227031,18.5014,18.219615,18.842508,97982930.201707,0,1,-0.04065920105648938,0.010997757538299742,-0.00551402401044961,0.0031471241229796385,0.01826897641081329,0.005129223770748171,-0.0015729688115533036,0.006712778709286706,0.017255319803504768,0.003921525642457018,0.020392899486639797,-0.015347643913823861,-0.00993847619604288,-0.008682001660608176,-0.0015860130488477026,0.16831900000000033,60.32206772294712,15.628159,0.507984183202052,0.7637849999999986,243493793.51585048,422493457.7506509,18.204784,20.021555,18.768354,1,0.09979635023409217
2022-02-10,18.575554,18.204784,18.138046,18.768354,66343303.36567,0,1,0.018940703177784995,-0.04065920105648938,0.010997757538299742,-0.00551402401044961,0.030487736941098704,0.014325748729124196,0.0011859960890589357,-0.005516196493242487,0.01826897641081329,0.017255319803504768,0.003921525642457018,-0.003672695550530758,-0.015347643913823861,-0.00993847619604288,-0.008682001660608176,0.4501500000000007,64.24669258368151,15.628159,0.5167215986876197,0.6303079999999994,269250625.223534,488836761.1163209,19.539555,20.021555,20.021555,1,0.02466791080963704
2022-02-11,19.673032,19.539555,19.406078,20.021555,176736872.326313,0,1,0.05740234869491823,0.018940703177784995,-0.04065920105648938,0.010997757538299742,0.024368570640436644,0.09512502651368689,0.0789630383017125,0.06582328566164725,0.030487736941098704,0.01826897641081329,0.017255319803504768,-0.00685455658748999,-0.003672695550530758,-0.015347643913823861,-0.00993847619604288,1.3030909999999984,73.22706218127195,15.628159,0.5830986987813611,1.446000999999999,245827735.43433735,665573633.4426339,19.724939,19.947401,19.947401,1,0.011278209783056825
2022-02-14,19.628539,19.724939,19.480232,19.791678,41789435.821056,0,1,-0.0022641852666860445,0.05740234869491823,0.018940703177784995,-0.04065920105648938,0.003377772113134499,0.012820673760139545,0.08357712963338984,0.06741514142141523,0.024368570640436644,0.030487736941098704,0.01826897641081329,-0.01248356641058232,-0.00685455658748999,-0.003672695550530758,-0.015347643913823861,0.8584460000000007,72.43274585897898,15.628159,0.5636949345826925,0.3114460000000001,243837596.1739263,623784197.6215779,19.873247,19.947401,19.406078,0,-0.02350743187562654
2022-02-15,19.813924,19.873247,19.650786,19.947401,32365076.763492,0,1,0.009400344250790078,-0.0022641852666860445,0.05740234869491823,0.018940703177784995,0.003724403767460407,0.011215084955058578,0.020657986602063708,0.09141444247531393,0.003377772113134499,0.024368570640436644,0.030487736941098704,-0.011257117877282702,-0.01248356641058232,-0.00685455658748999,-0.003672695550530758,0.9120929999999987,73.71225331841175,15.628159,0.5462068678267858,0.3188619999999993,247074049.29289183,656149274.3850698,19.858417,19.925155,18.931493,0,-0.04667663087143348
2022-02-16,19.606293,19.858417,19.561801,19.925155,43114605.688539,0,1,-0.010534336739093052,0.009400344250790078,-0.0022641852666860445,0.05740234869491823,0.0033550563334269236,0.0026085484253415402,0.010099229612939666,0.019542131259944827,0.003724403767460407,0.003377772113134499,0.024368570640436644,-0.015049211451899698,-0.011257117877282702,-0.01248356641058232,-0.00685455658748999,1.0010779999999997,69.80443285514203,15.628159,0.5331459486963012,0.36335400000000107,214518045.0580016,613034668.6965308,19.576632,19.687863,19.104852,0,-0.02409914024026194
2022-02-17,19.331924,19.576632,19.250354,19.635955,37081656.291834,0,1,-0.014092763463139243,-0.010534336739093052,0.009400344250790078,-0.0022641852666860445,0.0030257144349205983,-0.011265623000414398,-0.012012130908499903,-0.004521449720901761,0.0033550563334269236,0.003724403767460407,0.003377772113134499,-0.016807159874057644,-0.015049211451899698,-0.011257117877282702,-0.01248356641058232,0.5116620000000012,64.90757154325894,15.628159,0.5226070237894224,0.38560099999999764,193124889.07464653,575953012.4046968,19.443155,19.687863,19.687863,1,0.012585817476638894
2022-02-18,19.406078,19.443155,19.324508,19.687863,29002377.099762,0,1,0.003828493300978154,-0.014092763463139243,-0.010534336739093052,0.009400344250790078,0.012507274408419347,0.0056657444619565974,-0.008625592973378395,-0.009372100881463853,0.0030257144349205983,0.0033550563334269236,0.003724403767460407,-0.006120945202974018,-0.016807159874057644,-0.015049211451899698,-0.011257117877282702,0.5264930000000021,65.60976086783799,15.628159,0.5112318792330349,0.36335499999999854,177144068.85467193,604955389.5044588,19.45057,19.487647,18.518723,0,-0.0479084674639354
2022-02-21,18.931493,19.45057,18.709031,19.487647,24661447.533855,0,1,-0.024759484340004956,0.003828493300978154,-0.014092763463139243,-0.010534336739093052,0.0019044021047878203,0.0022856975497386684,-0.004555832396724165,-0.01884716983205915,0.012507274408419347,0.0030257144349205983,0.0033550563334269236,-0.038870027089188075,-0.006120945202974018,-0.016807159874057644,-0.015049211451899698,0.1557239999999993,57.65798116780081,15.628159,0.5303307450021039,0.7786159999999995,166574895.1535572,580293941.9706038,19.104852,19.394207,19.394207,1,0.015145628974252201
2022-02-22,19.104852,19.104852,18.911949,19.394207,33318996.6681,0,1,0.00911550257520464,-0.024759484340004956,0.003828493300978154,-0.014092763463139243,0.015032079023859203,-0.002901962318102015,-0.0025206668731511533,-0.00936219681961392,0.0019044021047878203,0.012507274408419347,0.0030257144349205983,-0.010148389686136678,-0.038870027089188075,-0.006120945202974018,-0.016807159874057644,0.12145200000000145,59.58487116117297,15.628159,0.5268969775019537,0.48225800000000163,159911068.18411025,613612938.6387038,19.119691,19.349691,19.349691,1,0.012029483112462547
2022-02-23,18.837755,19.119691,18.793239,19.349691,24763197.52368,0,1,-0.01407923351655334,0.00911550257520464,-0.024759484340004956,0.003828493300978154,0.011957703951239816,0.01273411615035645,-0.005199925191604792,-0.004818629746653935,0.015032079023859203,0.0019044021047878203,0.012507274408419347,-0.01722156891000297,-0.010148389686136678,-0.038870027089188075,-0.006120945202974018,0.6107240000000012,55.40160939072173,15.628159,0.5290080505375284,0.5564520000000002,139109968.02359608,588849741.1150239,18.362916,19.192346,18.644852,1,0.04516875206530391
2022-02-24,18.518723,18.362916,18.058723,18.644852,48436515.156348,0,1,-0.017080826332226892,-0.01407923351655334,0.00911550257520464,-0.024759484340004956,0.015236879703716115,-0.025148670590446485,-0.024372258391329827,-0.04230629973329095,0.011957703951239816,0.015032079023859203,0.0019044021047878203,-0.016704359370392417,-0.01722156891000297,-0.010148389686136678,-0.038870027089188075,-0.056830999999998966,50.812779983949554,15.628159,0.5468669040705622,0.7790320000000008,166700392.2335655,540413225.9586759,18.451949,19.192346,18.919368,1,0.040125679948497694
2022-02-25,18.89711,18.451949,18.407433,18.919368,42786805.721319,0,1,0.02022672596385234,-0.017080826332226892,-0.01407923351655334,0.00911550257520464,0.0250161574965908,0.02985296314968113,-0.010532587144481496,-0.009756174945364798,0.015236879703716115,0.011957703951239816,0.015032079023859203,-0.0024154513303393968,-0.016704359370392417,-0.01722156891000297,-0.010148389686136678,-0.7759219999999978,55.51869123798322,15.628159,0.5443717680655219,0.5119349999999976,205766613.42073464,583200031.6799948,18.68748,19.192346,19.192346,1,0.027016269716409136
2022-03-02,18.583537,18.68748,18.494443,18.865668,35717766.428223,0,1,-0.016732919067435063,0.02022672596385234,-0.017080826332226892,-0.01407923351655334,0.009489981361624555,0.022173760514118356,0.027010566167208785,-0.013374984126953945,0.0250161574965908,0.015236879703716115,0.011957703951239816,-0.010383472332939259,-0.0024154513303393968,-0.016704359370392417,-0.01722156891000297,-1.0450020000000002,51.151177979613124,15.628159,0.5342499989179846,0.402667000000001,187193374.8780586,547482265.2517718,18.590961,19.192346,19.192346,1,0.032348247086312565
2022-03-03,18.598386,18.590961,18.338528,19.192346,48997185.100281,0,1,0.000798721507191485,-0.016732919067435063,0.02022672596385234,-0.017080826332226892,0.03183605886340173,0.026657772803809897,0.039341551956303754,0.04417835760939401,0.009489981361624555,0.0250161574965908,0.015236879703716115,-0.013671292972462336,-0.010383472332939259,-0.0024154513303393968,-0.016704359370392417,-1.2155379999999987,51.34636616395234,15.628159,0.5570762847095572,0.8538180000000004,168020603.23776293,596479450.3520528,18.613235,18.791423,18.635508,0,0.0011966216512069305
2022-03-04,18.316255,18.613235,18.026699,18.657782,33368826.663117,0,1,-0.015285885808806451,0.000798721507191485,-0.016732919067435063,0.02022672596385234,0.002390437653606854,0.003587829617743039,-0.0015904564418489184,0.011093322710644952,0.03183605886340173,0.009489981361624555,0.0250161574965908,-0.032018950116719416,-0.013671292972462336,-0.010383472332939259,-0.0024154513303393968,-1.2900379999999991,47.465606498579106,15.628159,0.5623624786588746,0.6310830000000003,165272610.83342183,563110623.6889358,18.019274,18.791423,18.791423,1,0.042851282465653284
2022-03-07,17.922756,18.019274,17.833662,18.152916,58147644.185236,0,1,-0.021717726587244777,-0.015285885808806451,0.000798721507191485,-0.016732919067435063,0.007389246162934963,-0.0250416778575,-0.02384428589336377,-0.029022571952955642,0.002390437653606854,0.03183605886340173,0.009489981361624555,-0.010354167829763585,-0.032018950116719416,-0.013671292972462336,-0.010383472332939259,-1.409168000000001,42.62650963471757,15.628159,0.5566646587546693,0.4825930000000014,139579414.89966813,504962979.5036998,17.989576,18.999309,18.791423,1,0.056128782579422776
2022-03-08,17.751992,17.989576,17.662898,18.16034,47830745.216925,0,1,-0.009573455387714085,-0.021717726587244777,-0.015285885808806451,0.000798721507191485,0.009447616429397258,0.007798132664516268,-0.024632791355918567,-0.023435399391782404,0.007389246162934963,0.002390437653606854,0.03183605886340173,-0.018326197662260593,-0.010354167829763585,-0.032018950116719416,-0.013671292972462336,-1.6540859999999995,40.6879103999608,15.628159,0.5524344688436217,0.49744200000000305,108882053.7329714,457132234.28677475,17.974727,18.999309,18.791423,1,0.05700125515119092
2022-03-09,18.635508,17.974727,17.937605,18.791423,56756474.324353,0,1,0.04857105811417486,-0.009573455387714085,-0.021717726587244777,-0.015285885808806451,0.044433826599090974,0.043608063294640176,0.04195857952975924,0.009527655509324353,0.009447616429397258,0.007389246162934963,0.002390437653606854,-0.0020673685697524314,-0.018326197662260593,-0.010354167829763585,-0.032018950116719416,-0.29598499999999817,52.67913905394131,15.628159,0.5872199353547917,1.0394310000000004,144910022.2298963,513888708.61112773,18.368226,18.999309,18.650357,1,0.034357318992046304
2022-03-10,18.650357,18.368226,18.175189,18.650357,32575836.742416,0,1,0.0007964949068512709,0.04857105811417486,-0.009573455387714085,-0.021717726587244777,0.015242963929338877,0.036898572266773386,0.0360728089623226,0.03442332519744171,0.044433826599090974,0.009447616429397258,0.007389246162934963,-0.010564901803328655,-0.0020673685697524314,-0.018326197662260593,-0.010354167829763585,-0.4544950000000014,52.851664950346674,15.628159,0.5792162256865924,0.47516800000000003,177485858.9723123,546464545.3535438,18.732027,19.051281,18.999309,1,0.017043216946035944
2022-03-11,18.442471,18.732027,18.397924,18.999309,47232235.276776,0,1,-0.011209076677613315,0.0007964949068512709,0.04857105811417486,-0.009573455387714085,0.014167877380055982,0.03378028601560982,0.055435894353044475,0.054610131048593705,0.015242963929338877,0.044433826599090974,0.009447616429397258,-0.017996900541343168,-0.010564901803328655,-0.0020673685697524314,-0.018326197662260593,-0.3952840000000002,50.09785776048052,15.628159,0.5807997095661215,0.6013850000000005,137250986.0669776,499232310.07676774,18.576112,19.444779,18.962187,1,0.04676258411878664
2022-03-14,18.702329,18.576112,18.568688,18.962187,35117276.488272,0,1,0.013991850239788547,-0.011209076677613315,0.0007964949068512709,0.04857105811417486,0.020570384053602203,0.012212105572076068,0.03182451420762996,0.05348012254506439,0.014167877380055982,0.015242963929338877,0.044433826599090974,-0.0003997329423688526,-0.017996900541343168,-0.010564901803328655,-0.0020673685697524314,0.1836059999999975,53.36861775637405,15.628159,0.5764365874542555,0.519715999999999,125986923.67667829,534349586.56503975,18.642933,19.749184,18.887942,1,0.059338892651708885
2022-03-15,18.635508,18.642933,18.338528,18.887942,40420815.957918,0,1,-0.0035792684690263894,0.013991850239788547,-0.011209076677613315,0.0007964949068512709,0.013056582381082864,0.016647274823298103,0.008288996341771777,0.027901404977325732,0.020570384053602203,0.014167877380055982,0.015242963929338877,-0.016462944780509203,-0.0003997329423688526,-0.017996900541343168,-0.010564901803328655,-0.2616019999999999,52.417213736298464,15.628159,0.5745064026360944,0.5494139999999987,129264207.59674872,493928770.60712177,18.821121,20.112985,19.051281,1,0.06863905715286545
2022-03-16,18.999309,18.821121,18.665206,19.051281,44276865.572313,0,1,0.019333816993122026,-0.0035792684690263894,0.013991850239788547,-0.011209076677613315,0.012154646729758734,0.021667196741741567,0.02525788918395684,0.016899610702430626,0.013056582381082864,0.020570384053602203,0.014167877380055982,-0.008318547671307883,-0.016462944780509203,-0.0003997329423688526,-0.017996900541343168,0.4157720000000005,56.92008439501311,15.628159,0.5631683024478018,0.41577299999999795,161620294.7839074,538205636.1794348,19.036432,20.439663,19.444779,1,0.07371292057251044
2022-03-17,19.415081,19.036432,18.902791,19.444779,47123445.287655,0,1,0.021647525122821115,0.019333816993122026,-0.0035792684690263894,0.013991850239788547,0.02122398530895675,0.032598905476907324,0.0421114554888901,0.04570214793110521,0.012154646729758734,0.013056582381082864,0.020570384053602203,-0.007045033723768635,-0.008318547671307883,-0.016462944780509203,-0.0003997329423688526,0.8166949999999993,61.41418985887197,15.628159,0.5616554237015302,0.5419879999999999,203579522.12521392,585329081.4670898,19.370534,20.521333,19.749184,1,0.05940977156334459
2022-03-18,19.556147,19.370534,19.355685,19.749184,70745392.925461,0,1,0.007239526355902218,0.021647525122821115,0.019333816993122026,-0.0035792684690263894,0.01935912859423386,0.03675755719327938,0.04813247736122988,0.05764502737321264,0.02122398530895675,0.012154646729758734,0.013056582381082864,-0.0007668706685623949,-0.007045033723768635,-0.008318547671307883,-0.016462944780509203,1.2398919999999976,62.830966792737996,15.628159,0.5496442505799922,0.3934989999999985,204914429.0562897,656074474.3925507,19.630392,20.588153,20.112985,1,0.048789703231601145
2022-03-21,20.03874,19.630392,19.570996,20.112985,39323236.067676,0,1,0.024377738425734555,0.007239526355902218,0.021647525122821115,0.019333816993122026,0.024286648860976177,0.03761258094084587,0.05501100953989124,0.0663859297078418,0.01935912859423386,0.02122398530895675,0.012154646729758734,-0.0030303031847486008,-0.0007668706685623949,-0.007045033723768635,-0.008318547671307883,2.115984000000001,67.25988270877791,15.628159,0.5501580898242785,0.5568379999999991,233464185.72920114,695397710.4602267,20.194654,20.588153,20.439663,1,0.01948530536844051
2022-03-22,20.313447,20.194654,20.120409,20.439663,40442045.955795,0,1,0.013615680553169253,0.024377738425734555,0.007239526355902218,0.021647525122821115,0.012059362004839463,0.04039830039622134,0.05372423247609083,0.07112266107513632,0.024286648860976177,0.01935912859423386,0.02122398530895675,-0.0036832428581681812,-0.0030303031847486008,-0.0007668706685623949,-0.007045033723768635,2.5614549999999987,69.48858428739068,15.628159,0.5394984405511157,0.4009229999999988,241928976.75721708,735839756.4160217,20.33572,20.588153,20.588153,1,0.012413280670662274
2022-03-23,20.224353,20.33572,20.172381,20.521333,29659187.034081,0,1,-0.004395608220055238,0.013615680553169253,0.024377738425734555,0.007239526355902218,0.009086033540103797,0.016047063291434648,0.04438600168281643,0.05771193376268608,0.012059362004839463,0.024286648860976177,0.01935912859423386,-0.008064554063199376,-0.0036832428581681812,-0.0030303031847486008,-0.0007668706685623949,1.5888449999999992,67.87480658805826,15.628159,0.5258879805117501,0.34895199999999704,221104513.5162953,706180569.3819407,20.291173,20.848011,20.588153,1,0.027442376051892037
2022-03-24,20.357994,20.291173,20.216928,20.588153,52102704.78973,0,1,0.00658618798405968,-0.004395608220055238,0.013615680553169253,0.024377738425734555,0.014529849379791423,0.012336867610162505,0.019297897361493427,0.047636835752875244,0.009086033540103797,0.012059362004839463,0.024286648860976177,-0.0036656906300100768,-0.008064554063199376,-0.0036832428581681812,-0.0030303031847486008,1.7076370000000018,69.03640901403013,15.628159,0.5148406247609107,0.37122499999999903,208600004.72019818,758283274.1716707,20.432239,20.848011,20.848011,1,0.020348822270530365
2022-03-25,20.395116,20.432239,20.142683,20.432239,35218586.478141,0,1,0.0018218001162212856,0.00658618798405968,-0.004395608220055238,0.013615680553169253,0.0,0.006928032662673926,0.0047350508930450175,0.01169608064437588,0.014529849379791423,0.009086033540103797,0.012059362004839463,-0.014272900663867338,-0.0036656906300100768,-0.008064554063199376,-0.0036832428581681812,1.9526450000000004,69.36774383349011,15.628159,0.49874886584941697,0.2895559999999975,234788078.3729931,793501860.6498116,20.447088,20.848011,20.848011,1,0.01960782875292555
2022-03-28,20.380267,20.447088,20.135258,20.573304,23623267.637673,0,1,-0.0007283316336432939,0.0018218001162212856,0.00658618798405968,-0.004395608220055238,0.006153836770420198,0.006880316472646103,0.013808349135320057,0.011615367365690982,0.0,0.014529849379791423,0.009086033540103797,-0.01536806853136506,-0.014272900663867338,-0.0036656906300100768,-0.008064554063199376,1.677938000000001,69.049451255801,15.628159,0.4944129468601729,0.43804599999999994,237590862.70538086,769878593.0121386,20.573304,20.848011,20.848011,1,0.013352595188405258
2022-03-29,20.617851,20.573304,20.33572,20.848011,32830706.716929,0,1,0.011590125164709541,-0.0007283316336432939,0.0018218001162212856,0.00658618798405968,0.013264234978973562,0.019418071749393848,0.020144551451619617,0.027072584114293592,0.006153836770420198,0.0,0.014529849379791423,-0.011615367365691041,-0.01536806853136506,-0.014272900663867338,-0.0036656906300100768,1.9823430000000002,71.31720105257938,15.628159,0.4956899506558749,0.5122910000000012,240921478.8176797,802709299.7290676,20.669823,20.788615,20.274491,0,-0.019126046701028798
2022-03-30,20.662398,20.669823,20.432239,20.758917,36211446.378855,0,1,0.0021582727028695283,0.011590125164709541,-0.0007283316336432939,0.0018218001162212856,0.004301078784817056,0.008981576274925901,0.015135413045346222,0.01586189274757198,0.013264234978973562,0.006153836770420198,0.0,-0.01156081396275496,-0.011615367365691041,-0.01536806853136506,-0.014272900663867338,1.6630889999999994,71.73537404567072,15.628159,0.48361766846616966,0.32667800000000113,255735141.4887814,838920746.1079226,20.699521,20.788615,19.865881,0,-0.04027339569838351
2022-03-31,20.402541,20.699521,20.261475,20.788615,44898695.51013,0,1,-0.012656074738935336,0.0021582727028695283,0.011590125164709541,-0.0007283316336432939,0.004294921177218877,0.005730670562152954,0.010411168052261678,0.016565004822681986,0.004301078784817056,0.013264234978973562,0.006153836770420198,-0.021389260182681027,-0.01156081396275496,-0.011615367365691041,-0.01536806853136506,0.9874599999999987,65.716572819659,15.628159,0.4867264064328718,0.5271399999999993,234866796.0975266,794022050.5977925,20.579092,20.712818,19.858452,0,-0.03501806590883605
2022-04-01,20.460223,20.579092,20.304208,20.712818,44099765.590023,0,1,0.0028232078629273584,-0.012656074738935336,0.0021582727028695283,0.011590125164709541,0.00647712675528058,0.0006421757755320456,0.0020779251604660497,0.006758422650574892,0.004294921177218877,0.004301078784817056,0.013264234978973562,-0.013447453720820915,-0.021389260182681027,-0.01156081396275496,-0.011615367365691041,0.9040759999999999,66.39067692543696,15.628159,0.4811466631162381,0.4086099999999995,224443274.00877595,838121816.1878155,20.39336,20.437935,19.843593,0,-0.02695813735451158
2022-04-04,20.274491,20.39336,20.073901,20.437935,27605927.239407,0,1,-0.009119164902353502,0.0028232078629273584,-0.012656074738935336,0.0021582727028695283,0.0021833751639711643,-0.006882876092588285,-0.012717827072336735,-0.011282077687402676,0.00647712675528058,0.004294921177218877,0.004301078784817056,-0.015788844043729402,-0.013447453720820915,-0.021389260182681027,-0.01156081396275496,0.2357510000000005,62.152925979901354,15.628159,0.4743734728936496,0.38632199999999983,227260180.5978174,810515888.9484086,20.229916,20.259633,19.806447,0,-0.02093281059595109
2022-04-05,19.865881,20.229916,19.77673,20.259633,40380665.961933,0,1,-0.02035975723614146,-0.009119164902353502,0.0028232078629273584,-0.012656074738935336,0.001467885223216768,-0.0065789735255459445,-0.015645224782105224,-0.021480175761853695,0.0021833751639711643,0.00647712675528058,0.004294921177218877,-0.022656504897481416,-0.015788844043729402,-0.013447453720820915,-0.021389260182681027,-0.44756599999999835,53.988322378146606,15.628159,0.4760440105441033,0.49776100000000056,201789244.9592509,770135222.9864756,19.739583,19.992179,19.992179,1,0.012796420268857744
2022-04-06,19.858452,19.739583,19.657861,19.992179,36893666.310633,0,1,-0.0003740276815527319,-0.02035975723614146,-0.009119164902353502,0.0028232078629273584,0.012715237911853942,-0.01182135184789774,-0.01986821059666038,-0.028934461853219597,0.001467885223216768,0.0021833751639711643,0.00647712675528058,-0.004148599955313778,-0.022656504897481416,-0.015788844043729402,-0.013447453720820915,-0.3659010000000009,53.849817900041316,15.628159,0.4659207240766673,0.33431799999999967,209168022.36338148,733241556.6758425,19.695008,19.98475,19.98475,1,0.01471144363079202
2022-04-07,19.843593,19.695008,19.620715,19.88074,25901367.409863,0,1,-0.0007485257091306379,-0.0003740276815527319,-0.02035975723614146,-0.009119164902353502,0.009386221258444405,0.0071255147135501195,-0.017411075046201693,-0.025457933794964287,0.012715237911853942,0.001467885223216768,0.0021833751639711643,-0.0037793067383351878,-0.004148599955313778,-0.022656504897481416,-0.015788844043729402,-0.514401000000003,53.55388119016607,15.628159,0.4512138866426195,0.26002499999999884,227668885.2434938,707340189.2659795,19.732154,19.98475,19.98475,1,0.012801238019934269
2022-04-08,19.806447,19.732154,19.620715,19.98475,28685137.131486,0,1,-0.001873693487696628,-0.0007485257091306379,-0.0003740276815527319,-0.02035975723614146,0.012719994780580383,0.014604280085754935,0.012343573540860464,-0.012193016218891217,0.009386221258444405,0.012715237911853942,0.001467885223216768,-0.005663592043509745,-0.0037793067383351878,-0.004148599955313778,-0.022656504897481416,-0.588669000000003,52.77309110418559,15.628159,0.44498682331100364,0.36403499999999767,228254273.69171926,678655052.1344936,19.761871,19.98475,19.98475,1,0.011278233725946274
2022-04-11,19.732154,19.761871,19.643003,19.858452,29889967.011003,0,1,-0.0037580028405192786,-0.001873693487696628,-0.0007485257091306379,-0.0003740276815527319,0.004875335887692507,0.0063802220373465135,0.008264507342521167,0.006003800797626662,0.012719994780580383,0.009386221258444405,0.012715237911853942,-0.006033180593791334,-0.005663592043509745,-0.0037793067383351878,-0.004148599955313778,-0.6481129999999986,51.166341400261395,15.628159,0.4285912645030748,0.21544899999999956,223100744.99324468,648765085.1234906,19.910457,19.98475,19.67272,0,-0.011940308552435441
2022-04-12,19.382978,19.910457,19.323544,19.98475,32601906.739809,0,1,-0.01785422969415243,-0.0037580028405192786,-0.001873693487696628,-0.0007485257091306379,0.003724411600520878,0.011215108630926339,0.012719994780580383,0.014604280085754935,0.004875335887692507,0.012719994780580383,0.009386221258444405,-0.02992082228759475,-0.006033180593791334,-0.005663592043509745,-0.0037793067383351878,-1.2348730000000003,44.3342150116884,15.628159,0.4452066027528551,0.661206,196359830.81906247,616163178.3836815,19.524134,19.769301,19.732154,1,0.012557125453041884
2022-04-13,19.434983,19.524134,19.293827,19.717296,37227736.277226,0,1,0.0026794313649555765,-0.01785422969415243,-0.0037580028405192786,-0.001873693487696628,0.009844878748247705,-0.009748851005215515,-0.0022581539748101065,-0.0007532678251560373,0.003724411600520878,0.004875335887692507,0.012719994780580383,-0.011866141158949241,-0.02992082228759475,-0.006033180593791334,-0.005663592043509745,-1.2274150000000006,45.501406785161265,15.628159,0.44365391684193695,0.42346900000000076,183950526.78574598,653390914.6609075,19.36812,19.769301,19.665291,1,0.020713471415914286
2022-04-14,19.561281,19.36812,19.323544,19.665291,25751657.424834,0,1,0.006477463666558556,0.0026794313649555765,-0.01785422969415243,-0.0037580028405192786,0.0152267882350827,0.007203862289488351,-0.012389867463975076,-0.004899170433569627,0.009844878748247705,0.003724411600520878,0.004875335887692507,-0.002304166588536904,-0.011866141158949241,-0.02992082228759475,-0.006033180593791334,-0.8412599999999983,48.334683734520844,15.628159,0.4363748513532273,0.3417470000000016,194027255.74737802,679142572.0857415,19.494417,19.769301,19.732154,1,0.01410065250989545
2022-04-18,19.67272,19.494417,19.47213,19.732154,23090867.690913,0,1,0.005680751228331978,0.006477463666558556,0.0026794313649555765,-0.01785422969415243,0.012121371038905768,0.018621072518998378,0.010598146573403926,-0.00899558318005944,0.0152267882350827,0.009844878748247705,0.003724411600520878,-0.0011439044075546713,-0.002304166588536904,-0.011866141158949241,-0.02992082228759475,-0.7875029999999974,50.76681539615154,15.628159,0.423778361970854,0.26002400000000137,206562308.35705462,702233439.7766545,19.702437,19.769301,18.996656,0,-0.035822015317191425
2022-04-19,19.323544,19.702437,19.130383,19.769301,37825696.21743,0,1,-0.017908655673228996,0.005680751228331978,0.006477463666558556,0.0026794313649555765,0.00338794627976135,0.014002163073034323,0.020501864553127126,0.012478938607532696,0.012121371038905768,0.0152267882350827,0.009844878748247705,-0.02946452951548264,-0.0011439044075546713,-0.002304166588536904,-0.011866141158949241,-0.9509470000000029,43.80802816973494,15.628159,0.4391454789729359,0.6389180000000003,191607933.0510874,664407743.5592245,19.330973,19.501847,18.350309,0,-0.050730193456894335
2022-04-20,19.449842,19.330973,19.212105,19.501847,27616157.238384,0,1,0.006514697823252496,-0.017908655673228996,0.005680751228331978,0.006477463666558556,0.008800550814671853,-0.010233154643836964,0.00038106214943620494,0.006880763629528943,0.00338794627976135,0.012121371038905768,0.0152267882350827,-0.006168079096476217,-0.02946452951548264,-0.0011439044075546713,-0.002304166588536904,-0.4160390000000014,46.65625087014631,15.628159,0.4284738019034405,0.2897420000000004,209310593.05964494,692023900.7976085,19.241822,19.330973,18.201724,0,-0.054054028771287954
2022-04-22,19.070949,19.241822,18.914934,19.330973,33698166.630183,0,1,-0.01967276423673673,0.006514697823252496,-0.017908655673228996,0.005680751228331978,0.004622488919650656,0.0,-0.019033705458508843,-0.008419488665235704,0.008800550814671853,0.00338794627976135,0.012121371038905768,-0.01713437051394085,-0.006168079096476217,-0.02946452951548264,-0.0011439044075546713,-0.787503000000001,40.090999657905556,15.628159,0.4360762446246234,0.5349080000000015,200886112.15031016,658325734.1674255,18.944651,19.05609,18.053138,0,-0.047058824150415846
2022-04-25,18.996656,18.944651,18.640051,19.05609,41009645.899035,0,1,-0.003903218724784383,-0.01967276423673673,0.006514697823252496,-0.017908655673228996,0.0058651129699868725,-0.00969940377492905,-0.014321892694579789,-0.03335559815308862,0.004622488919650656,0.008800550814671853,0.00338794627976135,-0.016209077248514548,-0.01713437051394085,-0.006168079096476217,-0.02946452951548264,-0.8469369999999969,38.93412081019461,15.628159,0.43570637000857887,0.4308979999999991,230178744.527232,617316088.2683905,18.766348,18.944651,17.733679,0,-0.055027701713727284
2022-04-26,18.350309,18.766348,18.313163,18.944651,46283705.371629,0,1,-0.03461655008076493,-0.003903218724784383,-0.01967276423673673,0.006514697823252496,0.009456356682165238,0.0,-0.015564516744915954,-0.020187005664566708,0.0058651129699868725,0.004622488919650656,0.008800550814671853,-0.024445174971487776,-0.016209077248514548,-0.01713437051394085,-0.006168079096476217,-1.4561379999999993,30.64808413379171,15.628159,0.4534054150079663,0.6834930000000021,189340129.2277327,571032382.8967615,18.565758,18.64748,17.657577,0,-0.04891699008464934
2022-04-27,18.201724,18.565758,18.127431,18.64748,26826907.317309,0,1,-0.008130098724538798,-0.03461655008076493,-0.003903218724784383,-0.01967276423673673,0.004392100003325105,-0.006354249554777198,-0.015810606236942335,-0.03137512298185832,0.009456356682165238,0.0058651129699868725,0.004622488919650656,-0.023892600428619713,-0.024445174971487776,-0.016209077248514548,-0.01713437051394085,-1.5304300000000026,29.11412383805375,15.628159,0.45816567107882583,0.5200490000000002,170178082.04985195,544205475.5794525,18.209153,18.536041,18.536041,1,0.01795185091805207
2022-04-28,18.053138,18.209153,17.874835,18.268587,39868946.013105,0,1,-0.008196794787149133,-0.008130098724538798,-0.03461655008076493,-0.003903218724784383,0.003258647744792474,-0.016135888815898194,-0.026882238374000465,-0.036338595056165705,0.004392100003325105,0.009456356682165238,0.0058651129699868725,-0.018530521984523797,-0.023892600428619713,-0.024445174971487776,-0.016209077248514548,-1.3298400000000008,27.62509804143071,15.628159,0.45356469457319537,0.3937519999999992,166416902.75780317,504336529.56634754,18.172006,18.536041,18.536041,1,0.020032736066673218
2022-04-29,17.733679,18.172006,17.733679,18.536041,49134025.086597,0,1,-0.01785392011345422,-0.008196794787149133,-0.008130098724538798,-0.03461655008076493,0.0198347209641854,0.017792619286823335,-0.0016019172738672878,-0.01234826683196964,0.003258647744792474,0.004392100003325105,0.009456356682165238,-0.024416678104682593,-0.018530521984523797,-0.023892600428619713,-0.024445174971487776,-1.7013040000000004,24.700138850445022,15.628159,0.47847878781796727,0.8023620000000022,117282877.67120618,455202504.4797505,17.746794,17.962402,17.962402,1,0.01214912394881007
2022-05-02,17.657577,17.746794,17.427099,17.902924,43203045.679695,0,1,-0.004300616926062809,-0.01785392011345422,-0.008196794787149133,-0.008130098724538798,0.008759171572129415,-0.014918226613859983,-0.016960328291222074,-0.03635486485191264,0.0198347209641854,0.003258647744792474,0.004392100003325105,-0.018178471386964417,-0.024416678104682593,-0.018530521984523797,-0.023892600428619713,-1.9037040000000012,24.04694583200808,15.628159,0.4782892315452553,0.4758250000000004,115932830.72913447,411999458.8000555,17.694751,18.007011,17.962402,1,0.01764704120447913
2022-05-03,17.746794,17.694751,17.605534,17.962402,28796787.120321,0,1,0.00503989684475607,-0.004300616926062809,-0.01785392011345422,-0.008196794787149133,0.015012753652812176,0.012075915690134283,-0.01160148249585502,-0.013643584173216998,0.008759171572129415,0.0198347209641854,0.003258647744792474,-0.00505475748776787,-0.018178471386964417,-0.024416678104682593,-0.018530521984523797,-1.9259260000000005,26.50086687620182,15.628159,0.46961628643488007,0.3568680000000022,109933459.7325152,440796245.9203765,17.665012,18.007011,18.007011,1,0.019360247250327145
2022-05-04,17.72449,17.665012,17.39736,17.72449,52043854.795615,0,1,-0.0012575808047715963,0.00503989684475607,-0.004300616926062809,-0.01785392011345422,0.003361338964390951,0.0016792571579061623,-0.0012575808047715963,-0.024934978990760946,0.015012753652812176,0.008759171572129415,0.0198347209641854,-0.0152674895489658,-0.00505475748776787,-0.018178471386964417,-0.024416678104682593,-1.5990539999999989,26.272341752898974,15.628159,0.4610318374038173,0.34943400000000224,161977314.5281302,388752391.12476146,17.538621,18.007011,18.007011,1,0.026706204552798152
2022-05-05,17.315578,17.538621,17.025622,17.538621,44237155.576284,0,1,-0.023340740326240197,-0.0012575808047715963,0.00503989684475607,-0.004300616926062809,0.0,-0.0071805965634124825,-0.008862678369897287,-0.011799516332575111,0.003361338964390951,0.015012753652812176,0.008759171572129415,-0.029685977680550802,-0.0152674895489658,-0.00505475748776787,-0.018178471386964417,-2.1342640000000017,22.450056518642526,15.628159,0.47802013473211613,0.6988680000000009,167747385.79742286,344515235.5484775,17.308143,18.007011,18.007011,1,0.04037798855717778
2022-05-06,17.687316,17.308143,17.300708,18.007011,66403143.359686,0,1,0.02124121376409386,-0.023340740326240197,-0.0012575808047715963,0.00503989684475607,0.039584097656882325,0.026355818503896806,0.019175221940484148,0.017493140133999417,0.0,0.003361338964390951,0.015012753652812176,-0.0004296588820229877,-0.029685977680550802,-0.0152674895489658,-0.00505475748776787,-1.3836329999999997,32.118713605118586,15.628159,0.494326053679822,0.7063029999999983,174038217.82224315,410918378.9081635,17.650142,18.341576,18.007011,1,0.03917441570725044
2022-05-09,17.434534,17.650142,17.107404,17.769098,61877303.81227,0,1,-0.014394820598358393,0.02124121376409386,-0.023340740326240197,-0.0012575808047715963,0.006717052498149153,0.02628379676702187,0.013055517614036222,0.005874921050623756,0.039584097656882325,0.0,0.003361338964390951,-0.031232476417821665,-0.0004296588820229877,-0.029685977680550802,-0.0152674895489658,-1.5621220000000022,29.431563784494625,15.628159,0.5062809069884062,0.6616940000000007,173343038.6661069,349041075.0958935,17.538621,18.527445,18.007011,1,0.05637980317836844
2022-05-10,17.345317,17.538621,17.22636,17.650142,39085966.091403,0,1,-0.005130395509150159,-0.014394820598358393,0.02124121376409386,-0.023340740326240197,0.006338465115887149,0.0,0.019566744268872838,0.006338465115887149,0.006717052498149153,0.039584097656882325,0.0,-0.01796459476663761,-0.031232476417821665,-0.0004296588820229877,-0.029685977680550802,-1.0049919999999979,28.524499788897135,15.628159,0.5003881279178057,0.4237819999999992,156200190.8210433,309955109.0044905,17.38249,18.817401,18.007011,1,0.08254922050868418
2022-05-11,17.925229,17.38249,17.375056,18.007011,62052973.794703,0,1,0.03288660544237334,-0.005130395509150159,-0.014394820598358393,0.02124121376409386,0.03529780436110171,0.026355818503896806,0.020017353388009557,0.039584097656882325,0.006338465115887149,0.006717052498149153,0.039584097656882325,-0.0004277632323845582,-0.01796459476663761,-0.031232476417821665,-0.0004296588820229877,-0.27649499999999705,41.20806889410939,15.628159,0.5119099759236765,0.6616939999999971,202192475.7917692,372008082.7991935,17.791403,19.047879,18.341576,1,0.07062264847803168
2022-05-12,18.20775,17.791403,17.791403,18.341576,59891694.010831,0,1,0.01563816576383267,0.03288660544237334,-0.005130395509150159,-0.014394820598358393,0.03045503242582982,0.053707017824935845,0.0447650319677308,0.03842656685184378,0.03529780436110171,0.006338465115887149,0.006717052498149153,0.0,-0.0004277632323845582,-0.01796459476663761,-0.031232476417821665,0.1546120000000002,46.21549737808158,15.628159,0.5146430490719853,0.5501730000000009,232947640.59199408,431899776.8100245,18.356445,19.047879,18.817401,1,0.03766709730560569
2022-05-13,18.423358,18.356445,18.215185,18.527445,28815267.118473,0,1,0.011771988436829361,0.01563816576383267,0.03288660544237334,-0.005130395509150159,0.009272407285573454,0.04053778317998714,0.06378976857909327,0.05484778272188814,0.03045503242582982,0.03529780436110171,0.006338465115887149,-0.007725152119746014,0.0,-0.0004277632323845582,-0.01796459476663761,0.6896790000000017,49.73409311353292,15.628159,0.5007181884239863,0.3196949999999994,242552668.11166793,460715043.9284975,18.475402,19.047879,18.817401,1,0.0309859022282708
2022-05-16,18.616662,18.475402,18.304402,18.817401,30023836.997616,0,1,0.01043767011760898,0.011771988436829361,0.01563816576383267,0.03288660544237334,0.0183418011210236,0.02480128785937829,0.05606666375379191,0.07931864915289794,0.009272407285573454,0.03045503242582982,0.03529780436110171,-0.009298648362699191,-0.007725152119746014,0.0,-0.0004277632323845582,0.9590850000000017,52.72047907703126,15.628159,0.5015953892508445,0.5129990000000006,249079558.66274354,490738880.9261135,18.854575,19.047879,19.047879,1,0.010252365805116126
2022-05-17,18.780227,18.854575,18.743053,19.047879,30016026.998397,0,1,0.008747574858381988,0.01043767011760898,0.011771988436829361,0.01563816576383267,0.010200166775353214,0.03051553105992888,0.03697501779828368,0.06824039369269726,0.0183418011210236,0.009272407285573454,0.03045503242582982,-0.005932412920879776,-0.009298648362699191,-0.007725152119746014,0.0,1.0334329999999987,55.14866537683735,15.628159,0.4965683614472125,0.43121699999999663,226384533.07261503,520754907.9245105,18.720749,19.3304,19.3304,1,0.03256552395419643
2022-05-18,18.512575,18.720749,18.467967,18.86201,41771615.822838,0,1,-0.014354330131620829,0.008747574858381988,0.01043767011760898,0.011771988436829361,0.007517365355224245,0.0003942562719455612,0.02070962055652125,0.027169107294875774,0.010200166775353214,0.0183418011210236,0.009272407285573454,-0.013594763164248477,-0.005932412920879776,-0.009298648362699191,-0.007725152119746014,0.7880849999999988,50.57166461607371,15.628159,0.4892451213438402,0.3940429999999999,194070505.57706627,478983292.1016725,18.527445,19.553443,18.757923,1,0.05537719852899303
2022-05-19,18.453097,18.527445,18.356445,18.683575,24842507.515749,0,1,-0.0032180154240202203,-0.014354330131620829,0.008747574858381988,0.01043767011760898,0.008391649367253803,-0.001987685286824397,-0.009110794370103117,0.011204569914472615,0.007517365355224245,0.010200166775353214,0.0183418011210236,-0.009272407285573374,-0.013594763164248477,-0.005932412920879776,-0.009298648362699191,1.137519000000001,49.58678649608483,15.628159,0.4776654698192802,0.32713000000000036,183907654.68964326,454140784.5859235,18.653836,19.553443,19.3304,1,0.04822638089023634
2022-05-20,18.683575,18.653836,18.475402,18.757923,41544355.845564,0,1,0.012412580167607982,-0.0032180154240202203,-0.014354330131620829,0.008747574858381988,0.005564414577129394,0.012363076884363151,0.001983742230284878,-0.005139366852993893,0.008391649367253803,0.007517365355224245,0.010200166775353214,-0.009611582854452324,-0.009272407285573374,-0.013594763164248477,-0.005932412920879776,0.996259000000002,53.37594752939548,15.628159,0.4653197934036175,0.30482600000000204,203586451.73847368,495685140.4314875,18.802531,19.553443,19.3304,1,0.039936751068247345
2022-05-23,19.166835,18.802531,18.795097,19.3304,42328985.767101,0,1,0.02553664605934757,0.012412580167607982,-0.0032180154240202203,-0.014354330131620829,0.027687497795119354,0.03562717764315125,0.042425839950384875,0.032046505296306545,0.005564414577129394,0.008391649367253803,0.007517365355224245,-0.00039545048410387064,-0.009611582854452324,-0.009272407285573374,-0.013594763164248477,1.7323009999999996,60.14086638513899,15.628159,0.47828445101764483,0.6468249999999998,220047693.229918,538014126.1985885,19.092487,19.64266,19.553443,1,0.028816203986416378
2022-05-24,19.456791,19.092487,18.995835,19.553443,43120985.687901,0,1,0.015014719090822182,0.02553664605934757,0.012412580167607982,-0.0032180154240202203,0.023856476572822135,0.03915989502336493,0.047099574871396675,0.05389823717863018,0.027687497795119354,0.005564414577129394,0.008391649367253803,-0.0050751622745452175,-0.00039545048410387064,-0.009611582854452324,-0.009272407285573374,2.1114739999999976,63.55748748185535,15.628159,0.4839504188020989,0.5576080000000019,248220078.79476807,581135111.8864895,19.367574,19.65753,19.64266,1,0.01497120909412808
2022-05-25,19.107357,19.367574,19.077618,19.427052,31781636.821836,0,1,-0.018122716661511183,0.015014719090822182,0.02553664605934757,0.012412580167607982,0.0030663033896538073,0.017371620855615638,0.03267503930615852,0.04061471915419034,0.023856476572822135,0.027687497795119354,0.005564414577129394,-0.015084408891154432,-0.0050751622745452175,-0.00039545048410387064,-0.009611582854452324,1.1821279999999987,57.19476493030473,15.628159,0.4764663174590917,0.379172999999998,221848070.6721689,549353475.0646535,19.129661,19.65753,19.456791,1,0.027594268398169808
2022-05-26,19.34527,19.129661,19.122226,19.456791,38626826.137317,0,1,0.01237450101529868,-0.018122716661511183,0.015014719090822182,0.02553664605934757,0.016956098358293082,0.004595936445653626,0.018901253911615408,0.03420467236215828,0.0030663033896538073,0.023856476572822135,0.027687497795119354,-0.00038873899703968293,-0.015084408891154432,-0.0050751622745452175,-0.00039545048410387064,1.1375199999999985,60.121935525192306,15.628159,0.4673925804977279,0.3494339999999987,234723833.32310957,587980301.2019706,19.375009,19.65753,19.64266,1,0.014581722258812935
2022-05-27,19.449356,19.375009,19.233748,19.64266,26661467.333853,0,1,0.005366013826510154,0.01237450101529868,-0.018122716661511183,0.015014719090822182,0.01371969188187984,0.026463669199458747,0.014103507286819176,0.02840882475278115,0.016956098358293082,0.0030663033896538073,0.023856476572822135,-0.007317595349868948,-0.00038873899703968293,-0.015084408891154432,-0.0050751622745452175,1.0259980000000013,61.36665723325254,15.628159,0.46321539617646174,0.40891200000000083,236178076.2101229,614641768.5358236,19.531139,19.65753,19.261619,0,-0.013799502425332233
2022-05-30,19.270922,19.531139,19.270922,19.65753,19623338.037666,0,1,-0.009216631301413218,0.005366013826510154,0.01237450101529868,-0.018122716661511183,0.006450407296907001,0.014476431262000667,0.02722040857957948,0.014860246666940038,0.01371969188187984,0.016956098358293082,0.0030663033896538073,-0.013412736045495144,-0.007317595349868948,-0.00038873899703968293,-0.015084408891154432,0.6542599999999972,58.02309756363464,15.628159,0.4577434393067147,0.3866080000000025,216554738.17245692,595018430.4981576,19.479095,19.627791,19.083064,0,-0.020331078009527714
2022-05-31,19.449356,19.479095,19.34527,19.627791,72818452.718155,0,1,0.009216631301413336,-0.009216631301413218,0.005366013826510154,0.01237450101529868,0.00760463088752219,0.004936406396639856,0.012962430361733505,0.025706407679312353,0.006450407296907001,0.01371969188187984,0.016956098358293082,-0.006893894079709552,-0.013412736045495144,-0.007317595349868948,-0.00038873899703968293,0.6691290000000016,60.349627100209915,15.628159,0.4505381222133779,0.35686899999999966,197391634.7530944,667836883.2163126,19.559211,19.58153,19.016106,0,-0.027767224352761466
2022-06-01,19.179781,19.559211,19.179781,19.58153,31122076.887792,0,1,-0.013957307730238925,0.009216631301413336,-0.009216631301413218,0.005366013826510154,0.0011404486398992415,0.0052449357800389675,0.0025767112891565552,0.010602735254250203,0.00760463088752219,0.006450407296907001,0.01371969188187984,-0.019589675123578055,-0.006893894079709552,-0.013412736045495144,-0.007317595349868948,0.6672060000000002,55.35775617750336,15.628159,0.4470531849124225,0.40174900000000235,166269557.8653024,636714806.3285207,19.358336,19.402975,19.016106,0,-0.01767868891210489
2022-06-02,19.261619,19.358336,18.964027,19.402975,19698138.030186,0,1,0.004257811819364604,-0.013957307730238925,0.009216631301413336,-0.009216631301413218,0.0023032770864987286,-0.008019921542024668,-0.003915434401884889,-0.006583658892767434,0.0011404486398992415,0.00760463088752219,0.006450407296907001,-0.020579258952137393,-0.019589675123578055,-0.006893894079709552,-0.013412736045495144,0.808522,56.53321218536044,15.628159,0.44647424313296374,0.4389479999999999,173280771.706769,656412944.3587067,19.157462,19.328577,18.651556,0,-0.02640777781524506
2022-06-03,19.083064,19.157462,19.030986,19.313698,21956987.804301,0,1,-0.00931322293604465,0.004257811819364604,-0.013957307730238925,0.009216631301413336,0.00812228479339485,-0.002308542644763155,-0.012631741273286501,-0.008527254133146697,0.0023032770864987286,0.0011404486398992415,0.00760463088752219,-0.006623807410329377,-0.020579258952137393,-0.019589675123578055,-0.006893894079709552,0.3994889999999991,53.239425872877334,15.628159,0.43477694005203776,0.2827120000000001,159413118.70871904,634455956.5544057,19.23186,19.328577,18.331645,0,-0.046808525020460845
2022-06-06,19.016106,19.23186,19.016106,19.328577,14542658.545734,0,1,-0.003514935833907363,-0.00931322293604465,0.004257811819364604,-0.013957307730238925,0.005016395577533193,0.008892374066623078,-0.0015384533715349562,-0.011861652000058266,0.00812228479339485,0.0023032770864987286,0.0011404486398992415,-0.011281974496574237,-0.006623807410329377,-0.020579258952137393,-0.019589675123578055,-0.15072899999999834,52.01554251115581,15.628159,0.4260408014768921,0.3124709999999986,144870460.16298506,619913298.0086716,18.949148,19.112823,17.929896,0,-0.05378880359159166
2022-06-07,19.016106,18.949148,18.87475,19.112823,23085697.69143,0,1,0.0,-0.003514935833907363,-0.00931322293604465,0.004257811819364604,0.008600500951454296,-0.006208807745215311,-0.0023328292561253356,-0.012763656694283382,0.005016395577533193,0.00812228479339485,0.0023032770864987286,-0.003933920081262176,-0.011281974496574237,-0.006623807410329377,-0.020579258952137393,-0.44068499999999844,52.01554251115581,15.628159,0.4126145299428284,0.23807299999999998,149199058.78293705,619913298.0086716,18.934268,19.030986,17.714143,0,-0.06444004067123166
2022-06-08,18.651556,18.934268,18.547399,19.030986,32047286.795271,0,1,-0.01935673005062921,0.0,-0.003514935833907363,-0.00931322293604465,0.005095090855063662,0.004309522797250318,-0.010499785899419193,-0.006623807410329377,0.008600500951454296,0.005016395577533193,0.00812228479339485,-0.020643838448818494,-0.003933920081262176,-0.011281974496574237,-0.006623807410329377,-0.455801000000001,45.42229025927738,15.628159,0.4176839920897692,0.483587,130956730.56072555,587866011.2134006,18.644116,18.688755,17.595106,0,-0.05626493634774632
2022-06-09,18.331645,18.644116,18.242368,18.688755,42030885.796911,0,1,-0.01730077283034568,-0.01935673005062921,0.0,-0.003514935833907363,0.0023914057546517964,-0.013051395951110925,-0.013836964008924217,-0.02864627270559384,0.005095090855063662,0.008600500951454296,0.005016395577533193,-0.0217837995508359,-0.020643838448818494,-0.003933920081262176,-0.011281974496574237,-1.0136249999999976,40.563194444420446,15.628159,0.41973420694050007,0.4463870000000014,105738123.75621767,545835125.4164896,18.257247,18.257247,17.669504,0,-0.03219231245543208
2022-06-10,17.929896,18.257247,17.751342,18.257247,38914036.108596,0,1,-0.022159314149057557,-0.01730077283034568,-0.01935673005062921,0.0,0.0,-0.020968503234741514,-0.03641130494050427,-0.03719687299831755,0.0023914057546517964,0.005095090855063662,0.008600500951454296,-0.028100978399938387,-0.0217837995508359,-0.020643838448818494,-0.003933920081262176,-1.5194600000000023,35.436395469238015,15.628159,0.43120340644475014,0.5803030000000007,94292710.42594647,506921089.30789363,17.855499,17.967095,17.44631,0,-0.02291669361914772
2022-06-13,17.714143,17.855499,17.43143,17.952216,36870236.312976,0,1,-0.01210612719992754,-0.022159314149057557,-0.01730077283034568,-0.01935673005062921,0.0054020333438882006,-0.016848535743741868,-0.03781703897848331,-0.05325984068424607,0.0,0.0023914057546517964,0.005095090855063662,-0.02403662938740642,-0.028100978399938387,-0.0217837995508359,-0.020643838448818494,-1.5567789999999988,33.02253961887822,15.628159,0.4376021631272681,0.5207860000000011,97453101.35237554,470050852.99491763,17.721582,18.234928,17.967095,1,0.028967278429205656
2022-06-14,17.595106,17.721582,17.45375,17.81086,21872287.812771,0,1,-0.0067425648714946225,-0.01210612719992754,-0.022159314149057557,-0.01730077283034568,0.005025164770419276,-0.0025031443948621214,-0.02475371348249218,-0.045722216717233685,0.0054020333438882006,0.0,0.0023914057546517964,-0.015228693570025393,-0.02403662938740642,-0.028100978399938387,-0.0217837995508359,-1.8542500000000004,31.737989603646877,15.628159,0.43185272290389193,0.35711000000000226,92896369.62071164,448178565.1821466,17.79598,18.339085,18.234928,1,0.03051840921376625
2022-06-15,17.669504,17.79598,17.565347,17.967095,46744825.325517,0,1,0.004219420568028948,-0.0067425648714946225,-0.01210612719992754,-0.022159314149057557,0.009569440312823764,0.013758810563639187,0.006230501398357836,-0.016020067689272242,0.005025164770419276,0.0054020333438882006,0.0,-0.013044548377459038,-0.015228693570025393,-0.02403662938740642,-0.028100978399938387,-1.5102769999999985,33.47963268314222,15.628159,0.42970238555361406,0.4017480000000013,70389627.72774386,494923390.5076636,17.364472,18.339085,17.543027,1,0.05612684336154894
2022-06-17,17.44631,17.364472,17.052001,17.543027,49949235.005076,0,1,-0.012712050792903938,0.004219420568028948,-0.0067425648714946225,-0.01210612719992754,0.010230269276570473,-0.014316040073830222,-0.01012666982301486,-0.017654978988296172,0.009569440312823764,0.005025164770419276,0.0054020333438882006,-0.018158722197597905,-0.013044548377459038,-0.015228693570025393,-0.02403662938740642,-1.8153089999999992,30.93006332437764,15.628159,0.4431167151569273,0.6175029999999992,100661940.68801627,444974155.5025876,17.543027,18.339085,18.234928,1,0.04537745965961304
2022-06-20,18.205169,17.543027,17.543027,18.234928,48809415.119058,0,1,0.042577399778986696,-0.012712050792903938,0.004219420568028948,-0.0067425648714946225,0.0386823267807891,0.0489125960573595,0.02436628670695887,0.02855565695777422,0.010230269276570473,0.009569440312823764,0.005025164770419276,0.0,-0.018158722197597905,-0.013044548377459038,-0.015228693570025393,-0.8778949999999988,45.99001179780643,15.628159,0.4677953783600039,0.7886179999999996,145272722.2322479,493783570.6216456,18.272127,18.339085,17.43887,0,-0.04560262743357679
2022-06-21,18.011734,18.272127,17.922457,18.339085,36361816.363818,0,1,-0.010682130350485689,0.042577399778986696,-0.012712050792903938,0.004219420568028948,0.003657790660139054,0.044378025613700224,0.054608294890270796,0.030061985539870002,0.0386823267807891,0.010230269276570473,0.009569440312823764,-0.019322276451685785,0.0,-0.018158722197597905,-0.013044548377459038,-1.004372,43.39278088395423,15.628159,0.4641405656200036,0.41662799999999933,124494466.64453018,457421754.25782764,18.056373,18.093572,17.543027,0,-0.02843018362547134
2022-06-22,17.877818,18.056373,17.721582,18.093572,40427305.957269,0,1,-0.007462707893577521,-0.010682130350485689,0.042577399778986696,-0.012712050792903938,0.0020580398188591582,-0.009820046901082832,0.030900188052478312,0.041130457329048825,0.003657790660139054,0.0386823267807891,0.010230269276570473,-0.01871547841060428,-0.019322276451685785,0.0,-0.018158722197597905,-1.1382879999999993,41.63956529456138,15.628159,0.4575583823614319,0.37199000000000026,118026141.16275711,416994448.3005586,17.900137,17.952216,17.349593,0,-0.030756412646450793
2022-06-23,17.468629,17.900137,17.379352,17.952216,29693287.030671,0,1,-0.023154082827568714,-0.007462707893577521,-0.010682130350485689,0.042577399778986696,0.002905194904757056,-0.00578513590143467,-0.017663222621376738,0.023057012332184455,0.0020580398188591582,0.003657790660139054,0.0386823267807891,-0.02952553154128629,-0.01871547841060428,-0.019322276451685785,0.0,-1.1829269999999994,36.7531678991645,15.628159,0.46579449790704386,0.5728639999999992,97587852.12894818,387301161.2698876,17.624865,17.736462,17.171038,0,-0.025749246873663978
2022-06-24,17.43887,17.624865,17.334713,17.654624,29179697.08203,0,1,-0.0017050208729851495,-0.023154082827568714,-0.007462707893577521,-0.010682130350485689,0.0016870429760546105,-0.013810634378121184,-0.022500965184312785,-0.03437905190425483,0.002905194904757056,0.0020580398188591582,0.003657790660139054,-0.016599666194971472,-0.02952553154128629,-0.01871547841060428,-0.019322276451685785,-0.8927750000000003,36.41844680446123,15.628159,0.4553742480565406,0.3199109999999976,87408875.303321,358121464.1878576,17.505828,17.736462,17.736462,1,0.013174698163377352
2022-06-27,17.543027,17.505828,17.43143,17.609985,25440797.45592,0,1,0.005954926217620558,-0.0017050208729851495,-0.023154082827568714,-0.007462707893577521,0.005932216659804537,-0.0008446183755338626,-0.016342295729709622,-0.02503262653590128,0.0016870429760546105,0.002905194904757056,0.0020580398188591582,-0.004258955437023326,-0.016599666194971472,-0.02952553154128629,-0.01871547841060428,-0.3868690000000008,38.52861050134911,15.628159,0.43560144462393074,0.1785550000000029,93769110.28769392,383562261.6437776,17.654624,17.736462,17.013176,0,-0.03633314422329226
2022-06-28,17.349593,17.654624,17.126399,17.736462,38197826.180217,0,1,-0.011087501116814466,0.005954926217620558,-0.0017050208729851495,-0.023154082827568714,0.004624788618643158,0.013088666630036465,0.006311831594697939,-0.009185845759477944,0.005932216659804537,0.0016870429760546105,0.002905194904757056,-0.030376657828364947,-0.004258955437023326,-0.016599666194971472,-0.02952553154128629,-0.36455000000000126,36.13040250045364,15.628159,0.44806298429365,0.6100630000000002,83520940.50843003,345364435.4635606,17.46119,17.617425,16.849373,0,-0.035038677203558244
2022-06-29,17.171038,17.46119,17.111519,17.617425,33677596.63224,0,1,-0.010344920541643482,-0.011087501116814466,0.005954926217620558,-0.0017050208729851495,0.00890776520567837,-0.0021092629912992235,0.006354615020093936,-0.0004222200152445457,0.004624788618643158,0.005932216659804537,0.0016870429760546105,-0.020228841417971807,-0.030376657828364947,-0.004258955437023326,-0.016599666194971472,-0.4240680000000019,34.0250438866615,15.628159,0.4521946282726749,0.5059059999999995,57767570.40821073,311686838.8313206,16.977603,17.102523,16.968502,0,-0.0005360591833839523
2022-06-30,16.866006,16.977603,16.761849,17.022242,40008975.999102,0,1,-0.01792401046514703,-0.010344920541643482,-0.011087501116814466,0.005954926217620558,0.002625837008898048,-0.025459862024114693,-0.036476890221092184,-0.028013012209699092,0.00890776520567837,0.004624788618643158,0.005932216659804537,-0.012789593675998839,-0.020228841417971807,-0.030376657828364947,-0.004258955437023326,-0.8034980000000012,30.730598106520745,15.628159,0.44912279768176944,0.4091889999999978,49765713.74901727,271677862.8322186,16.61856,17.102523,17.102523,1,0.029121837271099515
2022-07-01,17.013176,16.61856,16.558995,17.102523,38209046.179095,0,1,0.008687985779089495,-0.01792401046514703,-0.010344920541643482,-0.011087501116814466,0.02870585341040142,0.007330991644144507,-0.020754707388868136,-0.031771735585845624,0.002625837008898048,0.00890776520567837,0.004624788618643158,-0.0035906843646365395,-0.012789593675998839,-0.020228841417971807,-0.030376657828364947,-0.433133999999999,34.048524575090816,15.628159,0.45586602641878604,0.543528000000002,75412891.3621374,309886909.01131356,16.879155,17.162088,17.162088,1,0.016762272755952434
2022-07-04,16.849373,16.879155,16.760026,16.975948,9566589.043341,0,1,-0.009674657253218763,0.008687985779089495,-0.01792401046514703,-0.010344920541643482,0.005718090045863017,0.0212773756446249,-9.748612163185591e-05,-0.02818318515464457,0.02870585341040142,0.002625837008898048,0.00890776520567837,-0.007082782307716399,-0.0035906843646365395,-0.012789593675998839,-0.020228841417971807,-1.3557960000000016,32.19982606989637,15.628159,0.4413863102460157,0.25315000000000154,73763476.40254325,300320319.9679726,16.75258,17.318445,16.968502,1,0.03377778228786266
2022-07-05,16.968502,16.75258,16.536658,16.968502,31467806.853219,0,1,0.007045356502574568,-0.009674657253218763,0.008687985779089495,-0.01792401046514703,0.012806525665675968,0.005279373253018802,0.020838658851780996,-0.0005362029144758739,0.005718090045863017,0.02870585341040142,0.002625837008898048,-0.01297266270361722,-0.007082782307716399,-0.0035906843646365395,-0.012789593675998839,-1.0432319999999997,34.96544472230664,15.628159,0.4407047166570147,0.43184400000000167,105231283.25576225,331788126.82119155,16.834482,17.318445,17.028067,1,0.028748315510985112
2022-07-06,16.812145,16.834482,16.640896,17.028067,30905046.909495,0,1,-0.009257260028625754,0.007045356502574568,-0.009674657253218763,0.008687985779089495,0.011433699745073994,0.01631070639351814,0.008783553980861005,0.02434283957962299,0.012806525665675968,0.005718090045863017,0.02870585341040142,-0.011566002811629545,-0.01297266270361722,-0.007082782307716399,-0.0035906843646365395,-1.0656730000000003,33.05936728173538,15.628159,0.4368808797529421,0.3871709999999986,101665362.35624276,300883079.91169655,16.968502,17.318445,17.162088,1,0.020623093305466744
2022-07-07,17.050404,16.968502,16.916383,17.162088,44314705.568529,0,1,0.014072356565973656,-0.009257260028625754,0.007045356502574568,-0.009674657253218763,0.011343963053169984,0.019273482070401794,0.024150488718845932,0.016623336306188678,0.011433699745073994,0.012806525665675968,0.005718090045863017,-0.0030762412858299794,-0.011566002811629545,-0.01297266270361722,-0.007082782307716399,-0.4182249999999996,38.55601063804218,15.628159,0.4306710311991605,0.34994299999999967,105694004.74562939,345197785.48022556,17.296108,17.318445,16.678124,0,-0.03572965663720418
2022-07-08,17.057849,17.296108,16.961057,17.318445,24268967.573103,0,1,0.00043655124278789285,0.014072356565973656,-0.009257260028625754,0.007045356502574568,0.0012906134076340365,0.020413316577189672,0.028342835594421745,0.03321984224286574,0.011343963053169984,0.011433699745073994,0.012806525665675968,-0.019561553560713783,-0.0030762412858299794,-0.011566002811629545,-0.01297266270361722,-0.3810210000000005,38.72532306971146,15.628159,0.42543652897064904,0.35738800000000026,94570648.71704271,369466753.0533286,16.819591,16.931274,16.491984,0,-0.019477703114183953
2022-07-11,16.782363,16.819591,16.626005,16.908938,18111058.188894,0,1,-0.016281936174110334,0.00043655124278789285,0.014072356565973656,-0.009257260028625754,0.00529801990416426,-0.02263914723248413,-0.003516444062928512,0.004413074954303442,0.0012906134076340365,0.011343963053169984,0.011433699745073994,-0.011576302116383854,-0.019561553560713783,-0.0030762412858299794,-0.011566002811629545,-0.7606639999999985,34.89375405940873,15.628159,0.42589420547274565,0.43184400000000167,96477112.95429982,351355694.8644346,16.774917,16.931274,16.789808,0,0.0008876944070723702
2022-07-12,16.745135,16.774917,16.462202,16.908938,21649977.835002,0,1,-0.0022207452103824364,-0.016281936174110334,0.00043655124278789285,0.014072356565973656,0.007957622856730988,0.00529801990416426,-0.02263914723248413,-0.003516444062928512,0.00529801990416426,0.0012906134076340365,0.011343963053169984,-0.018817769847290947,-0.011576302116383854,-0.019561553560713783,-0.0030762412858299794,-0.6044579999999975,34.39844612783322,15.628159,0.4273829050818351,0.4467359999999978,102250459.76199798,329705717.0294326,16.663233,17.12486,16.931274,1,0.027703327439519088
2022-07-13,16.678124,16.663233,16.596223,16.931274,37221796.27782,0,1,-0.004009847740368891,-0.0022207452103824364,-0.016281936174110334,0.00043655124278789285,0.01595776881249392,0.009277709341036194,0.006618106388469514,-0.021319060748178943,0.007957622856730988,0.00529801990416426,0.0012906134076340365,-0.004029536181890437,-0.018817769847290947,-0.011576302116383854,-0.019561553560713783,-0.49291399999999896,33.47727820726026,15.628159,0.42078776900456116,0.335051,83225907.10947569,292483920.7516126,16.544104,17.69817,16.901492,1,0.06975693576394337
2022-07-14,16.491984,16.544104,16.112259,16.603668,53187744.681226,0,1,-0.011223475904563443,-0.004009847740368891,-0.0022207452103824364,-0.016281936174110334,0.0035938502358174177,-0.003581040725999017,-0.010261100197456534,-0.012920703150023295,0.01595776881249392,0.007957622856730988,0.00529801990416426,-0.026449373751005454,-0.004029536181890437,-0.018817769847290947,-0.011576302116383854,-0.3740220000000001,30.994367756870744,15.628159,0.4311504283613781,0.5658649999999987,112237374.68963884,239296176.0703866,16.529212,17.69817,16.901492,1,0.07072073369256793
2022-07-15,16.789808,16.529212,16.395192,16.901492,34130686.586931,0,1,0.01789759096903467,-0.011223475904563443,-0.004009847740368891,-0.0022207452103824364,0.022272662260643557,0.02137211748270657,0.0141972265208904,0.007517167049432839,0.0035938502358174177,0.01595776881249392,0.007957622856730988,-0.00814111867974243,-0.026449373751005454,-0.004029536181890437,-0.018817769847290947,-0.22336800000000068,38.81370169306627,15.628159,0.436518254906994,0.5062999999999995,131310381.63693003,273426862.6573176,16.886601,17.69817,17.12486,1,0.04805993817228238
2022-07-18,17.013176,16.886601,16.737689,17.12486,22626007.737399,0,1,0.013216067030898438,0.01789759096903467,-0.011223475904563443,-0.004009847740368891,0.01401074170409358,0.03540196913714232,0.03450142435920561,0.027326533397389316,0.022272662260643557,0.0035938502358174177,0.01595776881249392,-0.008857464265798237,-0.00814111867974243,-0.026449373751005454,-0.004029536181890437,0.16380300000000148,43.94411530649834,15.628159,0.432993450985066,0.38717100000000215,140882916.6289857,296052870.39471656,16.998285,17.69817,17.69817,1,0.04117385959818898
2022-07-19,17.586486,16.998285,16.998285,17.69817,38217846.178215,0,1,0.03314266351743411,0.013216067030898438,0.01789759096903467,-0.011223475904563443,0.040348787789870055,0.04694077717588135,0.06833200460893006,0.06743145983099326,0.01401074170409358,0.022272662260643557,0.0035938502358174177,0.0,-0.008857464265798237,-0.00814111867974243,-0.026449373751005454,0.6179839999999999,54.491483815011854,15.628159,0.4520571330575614,0.6998850000000019,166903553.45832834,334270716.5729315,17.497139,17.690725,17.690725,1,0.011063865926880911
2022-07-20,17.363119,17.497139,17.303554,17.616269,32574846.742515,0,1,-0.012782407201359256,0.03314266351743411,0.013216067030898438,0.01789759096903467,0.006785468222700141,0.03571039345832856,0.04230238284433996,0.06369361027738875,0.040348787789870055,0.01401074170409358,0.022272662260643557,-0.01112546791876916,0.0,-0.008857464265798237,-0.00814111867974243,0.5509740000000001,50.50430693764621,15.628159,0.4421041235534499,0.31271500000000074,146738221.74526823,301695869.8304165,17.333336,17.794963,17.593932,1,0.02663232282579653
2022-07-21,17.504585,17.333336,17.087632,17.593932,23798167.620183,0,1,0.008114487620624949,-0.012782407201359256,0.03314266351743411,0.013216067030898438,0.01492248610959248,0.005516688019115671,0.034441613254744166,0.04103360264075554,0.006785468222700141,0.040348787789870055,0.01401074170409358,-0.014276656794093606,-0.01112546791876916,0.0,-0.008857464265798237,0.4541809999999984,52.857033838396376,15.628159,0.446689543299632,0.5062999999999995,162137041.61763176,325494037.4505995,17.571595,17.794963,17.794963,1,0.012711879598864106
2022-07-22,17.318445,17.571595,17.19187,17.646051,24794437.520556,0,1,-0.01069072811015414,0.008114487620624949,-0.012782407201359256,0.03314266351743411,0.004228341152181971,0.01788043520968723,0.008474637119210158,0.03739956235483891,0.01492248610959248,0.006785468222700141,0.040348787789870055,-0.021847080161929242,-0.014276656794093606,-0.01112546791876916,0.0,0.2605959999999996,49.52146497482918,15.628159,0.44722464734965817,0.4541809999999984,151162450.9385965,300699599.9300435,17.422683,17.794963,17.690725,1,0.021367547122334685
2022-07-25,17.571595,17.422683,17.266326,17.690725,35371706.462829,0,1,0.014511559313656774,-0.01069072811015414,0.008114487620624949,-0.012782407201359256,0.01526751300401097,0.006756813121481455,0.02040890717898668,0.011003109088509615,0.004228341152181971,0.01492248610959248,0.006785468222700141,-0.009014847261471098,-0.021847080161929242,-0.014276656794093606,-0.01112546791876916,0.7892319999999984,53.79222424579089,15.628159,0.4455942439675398,0.4243990000000011,166676281.24753785,336071306.3928725,17.593932,17.854528,17.794963,1,0.014811697578460459
2022-07-26,17.474803,17.593932,17.363119,17.794963,23823687.617631,0,1,-0.005523663008130699,0.014511559313656774,-0.01069072811015414,0.008114487620624949,0.011361369855201822,0.02114246178981861,0.01263176190728931,0.02628385596479437,0.01526751300401097,0.004228341152181971,0.01492248610959248,-0.013205710876215079,-0.009014847261471098,-0.021847080161929242,-0.014276656794093606,0.7296680000000002,51.98133457844616,15.628159,0.44461208368414395,0.4318439999999981,155175213.50137675,312247618.7752415,17.586486,17.854528,17.854528,1,0.015241362032187622
2022-07-27,17.534367,17.586486,17.422683,17.720507,26227737.377226,0,1,0.003402768901603317,-0.005523663008130699,0.014511559313656774,-0.01069072811015414,0.007591790311579717,0.00716848663672381,0.01694957857134064,0.008438878688811229,0.011361369855201822,0.01526751300401097,0.004228341152181971,-0.009357788259760996,-0.013205710876215079,-0.009014847261471098,-0.021847080161929242,0.8562429999999992,53.029256670652316,15.628159,0.4341272205638481,0.2978240000000021,148618279.15707016,338475356.1524675,17.534367,17.854528,17.854528,1,0.018259056628619597
2022-07-28,17.646051,17.534367,17.340782,17.668388,25869687.413031,0,1,0.006349235258709438,0.003402768901603317,-0.005523663008130699,0.014511559313656774,0.007614270389458804,0.004646287905699766,0.004222984230843961,0.014004076165460688,0.007591790311579717,0.011361369855201822,0.01526751300401097,-0.011101715335711809,-0.009357788259760996,-0.013205710876215079,-0.009014847261471098,1.1540670000000013,55.01174153621729,15.628159,0.4265185619521446,0.3276059999999994,170960246.02929983,364345043.5654985,17.675833,17.854528,17.854528,1,0.010109565981982094
2022-07-29,17.586486,17.675833,17.474803,17.854528,32484976.751502,0,1,-0.003381252774950501,0.006349235258709438,0.003402768901603317,-0.005523663008130699,0.010058806139790738,0.018094361814338374,0.01512637933057946,0.014703075655723404,0.007614270389458804,0.007591790311579717,0.011361369855201822,-0.011438324576150858,-0.011101715335711809,-0.009357788259760996,-0.013205710876215079,0.796678,53.709714036049064,15.628159,0.4231761646698483,0.379724999999997,157583938.22789595,331860066.8139965,17.77101,18.307493,18.307493,1,0.030188661195958977
2022-08-01,17.487866,17.77101,17.316489,17.77101,27515507.248449,0,1,-0.005623497186442147,-0.003381252774950501,0.006349235258709438,0.003402768901603317,0.0,0.0053701385327409685,0.013405694207288547,0.010437711723529568,0.010058806139790738,0.007614270389458804,0.007591790311579717,-0.025909308958486997,-0.011438324576150858,-0.011101715335711809,-0.009357788259760996,0.47468999999999895,51.534887463477254,15.628159,0.42541508147914486,0.45452099999999973,150817857.67575994,304344559.56554747,17.607084,18.724758,17.83807,1,0.0634786543870638
2022-08-02,17.674145,17.607084,17.420806,17.763559,23511507.648849,0,1,0.010595568196081675,-0.005623497186442147,-0.003381252774950501,0.006349235258709438,0.008847790569233354,-0.00041936628578213944,0.0049507722469588405,0.012986327921506455,0.0,0.010058806139790738,0.007614270389458804,-0.010636082051998544,-0.025909308958486997,-0.011438324576150858,-0.011101715335711809,0.0876589999999986,55.22304866346077,15.628159,0.41951064708777747,0.34275300000000186,162062467.90918612,327856067.2143965,17.659243,18.843977,17.83807,1,0.06708860623300783
2022-08-03,17.800815,17.659243,17.540024,17.83807,22020787.797921,0,1,0.007141405562886965,0.010595568196081675,-0.005623497186442147,-0.003381252774950501,0.010075608418154948,0.013033616380355103,0.003766459525339524,0.009136598058080508,0.008847790569233354,0.0,0.010058806139790738,-0.006773973780783503,-0.010636082051998544,-0.025909308958486997,-0.011438324576150858,0.437695999999999,57.58666842821898,15.628159,0.41083460086722184,0.29804599999999937,178578169.5834114,349876855.0123175,17.920033,19.581641,18.307493,1,0.09272348996232327
2022-08-04,18.232982,17.920033,17.860424,18.307493,37054926.294507,0,1,0.0239879090688845,0.007141405562886965,0.010595568196081675,-0.005623497186442147,0.021391180533111145,0.03605110057114657,0.0390091085333468,0.029741951678331248,0.010075608418154948,0.008847790569233354,0.0,-0.0033319336948194065,-0.006773973780783503,-0.010636082051998544,-0.025909308958486997,0.7283970000000011,64.4764036591721,15.628159,0.41768055794813463,0.5066780000000008,203281536.66388193,386931781.30682445,18.247884,19.745567,18.724758,1,0.08207433804379738
2022-08-05,18.575735,18.247884,18.054154,18.724758,61792493.820751,0,1,0.01862400729896467,0.0239879090688845,0.007141405562886965,0.010595568196081675,0.025797477320381422,0.04392735635829169,0.058587276396327125,0.061545284358527165,0.021391180533111145,0.010075608418154948,0.008847790569233354,-0.010673331295614211,-0.0033319336948194065,-0.006773973780783503,-0.010636082051998544,1.2572900000000011,68.80458334296536,15.628159,0.4357465180946965,0.6706040000000009,237610720.37419593,448724275.12757546,18.687502,19.954199,19.581641,1,0.0677831098024766
2022-08-08,18.806721,18.687502,18.463968,18.843977,44747775.525222,0,1,0.012358146813432891,0.01862400729896467,0.0239879090688845,0.007141405562886965,0.008338382115084591,0.032144212188539335,0.05027409122644931,0.06493401126448482,0.025797477320381422,0.021391180533111145,0.010075608418154948,-0.012033800952376515,-0.010673331295614211,-0.0033319336948194065,-0.006773973780783503,1.235126000000001,71.33895044552631,15.628159,0.431765266802218,0.3800089999999976,273584371.47095627,493472050.65279746,19.402813,19.96165,19.745567,1,0.028801854658909498
2022-08-09,19.298497,19.402813,18.843977,19.581641,113981108.601889,0,1,0.025812911282701256,0.012358146813432891,0.01862400729896467,0.0239879090688845,0.00917438804291785,0.0467374854264055,0.07054331549986016,0.08867319453777027,0.008338382115084591,0.025797477320381422,0.021391180533111145,-0.029224715268403183,-0.012033800952376515,-0.010673331295614211,-0.0033319336948194065,1.8236939999999997,75.83937295952646,15.628159,0.45627631917348827,0.7749200000000016,300064756.128141,607453159.2546865,19.492227,20.200087,19.745567,1,0.03631498853363446
2022-08-10,19.656153,19.492227,19.298497,19.745567,53312374.668763,0,1,0.018363201840661703,0.025812911282701256,0.012358146813432891,0.01862400729896467,0.012913239740124111,0.017510954899180073,0.055074052282667915,0.0788798823561225,0.00917438804291785,0.008338382115084591,0.025797477320381422,-0.009988553486148535,-0.029224715268403183,-0.012033800952376515,-0.010673331295614211,2.121786,78.48530812140181,15.628159,0.45561872494681055,0.4470700000000001,332052180.9293984,660765533.9234495,19.842432,20.378915,20.200087,1,0.02703715955786068
2022-08-11,19.685957,19.842432,19.618897,19.954199,44453305.554669,0,1,0.0015151198398598287,0.018363201840661703,0.025812911282701256,0.012358146813432891,0.005616922389848182,0.023423826662488403,0.028021541821544385,0.06558463920503205,0.012913239740124111,0.00917438804291785,0.008338382115084591,-0.011329440577326884,-0.009988553486148535,-0.029224715268403183,-0.012033800952376515,2.0399059999999984,78.6946964382188,15.628159,0.4470246731648954,0.33530199999999866,305380091.5350626,705218839.4781185,19.812627,20.47578,20.200087,1,0.033471230241199246
2022-08-12,19.924394,19.812627,19.648702,19.96165,41740485.825951,0,1,0.012039271249836937,0.0015151198398598287,0.018363201840661703,0.025812911282701256,0.007493471085797003,0.0059902578078944915,0.02379716208053454,0.028394877239590523,0.005616922389848182,0.012913239740124111,0.00917438804291785,-0.008308181557757862,-0.011329440577326884,-0.009988553486148535,-0.029224715268403183,2.3379079999999988,80.34293393487054,15.628159,0.43744776793883133,0.31294799999999867,337182290.23387676,746959325.3040695,19.626348,20.505585,20.200087,1,0.04479880821434534
2022-08-15,20.095771,19.626348,19.626348,20.200087,39927026.007297,0,1,0.008564584757249085,0.012039271249836937,0.0015151198398598287,0.018363201840661703,0.028813962120921764,0.019367449616985454,0.017864236339082646,0.03567114061172292,0.007493471085797003,0.005616922389848182,0.012913239740124111,0.0,-0.008308181557757862,-0.011329440577326884,-0.009988553486148535,2.607904999999999,81.45353184563166,15.628159,0.4471828559432005,0.5737389999999998,362590422.9988555,786886351.3113666,20.073418,20.505585,20.378915,1,0.021529318026456634
2022-08-16,20.296952,20.073418,19.842432,20.378915,28561277.143872,0,1,0.00996133207287019,0.008564584757249085,0.012039271249836937,0.0015151198398598287,0.015104335663872879,0.03762783870061817,0.028181326196681733,0.0266781129187792,0.028813962120921764,0.007493471085797003,0.005616922389848182,-0.01157377725490631,0.0,-0.008308181557757862,-0.011329440577326884,2.6228070000000017,82.68992399672656,15.628159,0.4535614376615434,0.5364830000000005,382424609.22449476,815447628.4552386,20.177734,20.505585,20.47578,1,0.016248157498755855
2022-08-17,20.378915,20.177734,20.118124,20.47578,27725827.227417,0,1,0.004030060917090272,0.00996133207287019,0.008564584757249085,0.012039271249836937,0.014663005026527556,0.019846272007222318,0.04236977504396758,0.03292326254003121,0.015104335663872879,0.028813962120921764,0.007493471085797003,-0.0029586188973881886,-0.01157377725490631,0.0,-0.008308181557757862,2.578099999999999,83.18183792716273,15.628159,0.44671104925714733,0.35765599999999864,395132305.877372,843173455.6826556,20.401268,20.505585,19.902187,0,-0.02446323434406139
2022-08-18,20.319306,20.401268,20.200087,20.505585,35887496.41125,0,1,-0.002929319324545174,0.004030060917090272,0.00996133207287019,0.008564584757249085,0.005100232282722591,0.016117568838885106,0.021300835819579825,0.04382433885632514,0.014663005026527556,0.015104335663872879,0.028813962120921764,-0.009910144452680777,-0.0029586188973881886,-0.01157377725490631,0.0,2.086324000000001,81.37075977566862,15.628159,0.4366244028816368,0.30549800000000005,387254625.79652584,807285959.2714056,20.196085,20.271444,19.985081,0,-0.010447767475726066
2022-08-19,20.075511,20.196085,19.872043,20.271444,25226187.477381,0,1,-0.01207075452941018,-0.002929319324545174,0.004030060917090272,0.00996133207287019,0.0037244224677384966,-0.006383859571498404,0.004633476984663954,0.009816743965358914,0.005100232282722591,0.014663005026527556,0.015104335663872879,-0.016174904144662782,-0.009910144452680777,-0.0029586188973881886,-0.01157377725490631,1.4997759999999971,74.25035241806415,15.628159,0.4373843026758055,0.4472629999999995,387730536.7798283,782059771.7940246,19.894651,20.248836,20.248836,1,0.017803026552212442
2022-08-22,19.849436,19.894651,19.653504,19.924794,24244767.575523,0,1,-0.011325120423015471,-0.01207075452941018,-0.002929319324545174,0.004030060917090272,0.0015139842234206792,-0.013523887889576938,-0.023632169928813913,-0.012614833372651513,0.0037244224677384966,0.005100232282722591,0.014663005026527556,-0.012195258600296495,-0.016174904144662782,-0.009910144452680777,-0.0029586188973881886,1.0427150000000012,68.28325519135048,15.628159,0.43628592391324783,0.42200699999999713,398506048.6145851,757815004.2185016,19.856972,20.452304,20.083047,1,0.02998100616750654
2022-08-23,19.902187,19.856972,19.804221,20.007689,16120608.387939,0,1,0.002654031558123871,-0.011325120423015471,-0.01207075452941018,-0.002929319324545174,0.0075614699502106674,0.005665748043001571,-0.009372124069996173,-0.019480406109233128,0.0015139842234206792,0.0037244224677384966,0.005100232282722591,-0.0026600829231578603,-0.012195258600296495,-0.016174904144662782,-0.009910144452680777,0.6036900000000003,68.91107234551671,15.628159,0.4196560722051587,0.20346800000000087,397908977.3070015,773935612.6064405,19.856972,20.452304,20.083047,1,0.02998100616750654
2022-08-24,19.985081,19.856972,19.856972,20.083047,22219667.778033,0,1,0.004156420005426339,0.002654031558123871,-0.011325120423015471,-0.01207075452941018,0.011320846617793914,0.011320846617793914,0.009425124710584647,-0.005612747402413032,0.0075614699502106674,0.0015139842234206792,0.0037244224677384966,0.0,-0.0026600829231578603,-0.012195258600296495,-0.016174904144662782,0.3289280000000012,69.91874080472401,15.628159,0.4058288527619332,0.22607500000000158,400871566.9159069,796155280.3844736,20.052904,20.452304,20.452304,1,0.01991731471910496
2022-08-25,20.233764,20.052904,19.992617,20.248836,30324026.967597,0,1,0.01236664898420446,0.004156420005426339,0.002654031558123871,-0.011325120423015471,0.009723329249124632,0.019542130697128714,0.019542130697128714,0.017646408789919413,0.011320846617793914,0.0075614699502106674,0.0015139842234206792,-0.003010925768461686,0.0,-0.0026600829231578603,-0.012195258600296495,0.5478070000000024,72.7701815613621,15.628159,0.3956807204217951,0.26375499999999974,427627991.6802667,826479307.3520706,20.271444,20.452304,19.450036,0,-0.040520448370624074
2022-08-26,20.113191,20.271444,20.015225,20.452304,27477447.252255,0,1,-0.005976825707416572,0.01236664898420446,0.004156420005426339,0.002654031558123871,0.008882344969497389,0.019721560009438525,0.02954036145744287,0.02954036145744287,0.009723329249124632,0.011320846617793914,0.0075614699502106674,-0.012719962259585375,-0.003010925768461686,0.0,-0.0026600829231578603,0.188797000000001,69.33831587484677,15.628159,0.39863774039166694,0.43707900000000066,412468022.9502669,799001860.0998156,20.000153,20.271444,20.271444,1,0.01356444623198616
2022-08-29,20.045368,20.000153,19.834364,20.181013,20613117.938688,0,1,-0.0033777638527486362,-0.005976825707416572,0.01236664898420446,0.004156420005426339,0.009002288356900149,-0.004470984328129568,0.006368230711811612,0.016187032159815755,0.008882344969497389,0.009723329249124632,0.011320846617793914,-0.008323934604906763,-0.012719962259585375,-0.003010925768461686,0.0,-0.05040299999999931,67.41243917934784,15.628159,0.39492425893511923,0.3466489999999993,416949166.57030207,778388742.1611276,20.128262,20.271444,20.021383,0,-0.00530989709891494
2022-08-30,19.954938,20.128262,19.887115,20.271444,33415136.658486,0,1,-0.004521473113751166,-0.0033777638527486362,-0.005976825707416572,0.01236664898420446,0.007088299083282445,0.013473272685029729,0.0,0.010839215039941265,0.009002288356900149,0.008882344969497389,0.009723329249124632,-0.012052862543735257,-0.008323934604906763,-0.012719962259585375,-0.003010925768461686,-0.3420140000000025,64.82701714253002,15.628159,0.3941674547254677,0.3843289999999975,395327648.4708549,744973605.5026416,20.090583,20.534172,20.534172,1,0.022079448864176898
2022-08-31,19.450036,20.090583,19.450036,20.090583,54721254.527875,0,1,-0.025627710542655988,-0.004521473113751166,-0.0033777638527486362,-0.005976825707416572,0.0,-0.0018736993080462365,0.004511274293701103,-0.008961998391328633,0.007088299083282445,0.009002288356900149,0.008882344969497389,-0.0324022768559457,-0.012052862543735257,-0.008323934604906763,-0.012719962259585375,-0.9288789999999985,52.67893693799982,15.628159,0.41176599367364847,0.640546999999998,340606393.9429799,690252350.9747666,19.651874,20.534172,20.179745,1,0.0448963798566997
2022-09-01,19.749907,19.651874,19.259741,19.764989,53337344.666266,0,1,0.015299861512799363,-0.025627710542655988,-0.004521473113751166,-0.0033777638527486362,0.005739437484473299,-0.016339057609274316,-0.018212756917320615,-0.011827783315573152,0.0,0.007088299083282445,0.009002288356900149,-0.02015574400483226,-0.0324022768559457,-0.012052862543735257,-0.008323934604906763,-0.5693990000000007,57.74365840519889,15.628159,0.4184432798398163,0.5052479999999981,390759425.82718,743589695.6410326,19.870563,20.534172,20.179745,1,0.033396587706146175
2022-09-02,20.021383,19.870563,19.855481,20.179745,51362074.863793,0,1,0.013652069944893902,0.015299861512799363,-0.025627710542655988,-0.004521473113751166,0.015439988237647174,0.026506675847402995,0.004428180753655218,0.0025544814456089898,0.005739437484473299,0.0,0.007088299083282445,-0.0007593004088004067,-0.02015574400483226,-0.0324022768559457,-0.012052862543735257,-0.05412799999999862,61.73637797865818,15.628159,0.4192571884226865,0.42983800000000016,391953730.6049936,794951770.5048256,20.089253,20.534172,20.534172,1,0.022147115176457843
2022-09-05,20.345647,20.089253,20.059088,20.534172,27206297.27937,0,1,0.01606612995323155,0.013652069944893902,0.015299861512799363,-0.025627710542655988,0.021905429735507888,0.032851034858669706,0.04391772246842536,0.021839227374677677,0.015439988237647174,0.005739437484473299,0.0,-0.00150267756648511,-0.0007593004088004067,-0.02015574400483226,-0.0324022768559457,0.49621099999999885,65.88304492806179,15.628159,0.4259380321067804,0.5127890000000015,397567773.90572715,822158067.7841955,20.134499,20.602041,20.375811,1,0.023220940337278728
2022-09-06,20.157122,20.134499,20.021383,20.375811,58403944.159606,0,1,-0.009309307297634404,0.01606612995323155,0.013652069944893902,0.015299861512799363,0.011913750068096375,0.014163466558161536,0.025109071681323158,0.03617575929107899,0.021905429735507888,0.015439988237647174,0.005739437484473299,-0.005633859527487398,-0.00150267756648511,-0.0007593004088004067,-0.02015574400483226,0.2549349999999997,61.696746024719616,15.628159,0.4208301726705817,0.35442799999999863,383898969.04821265,763754123.6245896,20.285319,20.602041,20.602041,1,0.015613360578652813
2022-09-08,20.013842,20.285319,19.976137,20.360729,31202266.879773,0,1,-0.007133540912541373,-0.009309307297634404,0.01606612995323155,0.013652069944893902,0.003710574101701002,0.011173284594636465,0.013423001084701748,0.024368606207863505,0.011913750068096375,0.021905429735507888,0.015439988237647174,-0.0153590112567712,-0.005633859527487398,-0.00150267756648511,-0.0007593004088004067,0.02876099999999937,58.64673294655055,15.628159,0.41824173176553997,0.3845919999999978,358814777.8054878,732551856.7448165,20.134499,20.602041,20.390893,1,0.023220940337278728
2022-09-09,20.172204,20.134499,20.07417,20.390893,26886967.311303,0,1,0.007881483028067689,-0.007133540912541373,-0.009309307297634404,0.01606612995323155,0.012653667658102665,0.005190957165166992,0.012653667658102665,0.014903384148167702,0.003710574101701002,0.011913750068096375,0.021905429735507888,-0.0030007979259805027,-0.0153590112567712,-0.005633859527487398,-0.00150267756648511,-0.06156000000000006,60.94482848759096,15.628159,0.4152995366394298,0.377050999999998,348572240.8222401,759438824.0561196,20.360729,20.602041,20.602041,1,0.011851834971134956
2022-09-12,20.413516,20.360729,20.262696,20.602041,29390127.060987,0,1,0.0118916132897732,0.007881483028067689,-0.007133540912541373,-0.009309307297634404,0.01178215201526756,0.022955436609904043,0.015492726116968442,0.022955436609904043,0.012653667658102665,0.003710574101701002,0.011913750068096375,-0.004826436485959285,-0.0030007979259805027,-0.0153590112567712,-0.005633859527487398,0.30032500000000084,64.20880536214042,15.628159,0.41633792687947047,0.42983699999999914,345306671.1487975,788828951.1171066,20.270237,20.488926,20.488926,1,0.010788675041145224
2022-09-13,20.209909,20.270237,20.134499,20.488926,35727776.427222,0,1,-0.010024201797108084,0.0118916132897732,0.007881483028067689,-0.007133540912541373,0.010730892513008735,0.006276548522157467,0.01744983311679405,0.009987122623858521,0.01178215201526756,0.012653667658102665,0.003710574101701002,-0.0067189406037853035,-0.004826436485959285,-0.0030007979259805027,-0.0153590112567712,0.16454099999999983,59.67697355490466,15.628159,0.411915717816651,0.3544269999999976,324782203.83954203,753101174.6898845,20.164663,20.96401,20.44368,1,0.03964097986661108
2022-09-14,20.134499,20.164663,19.961055,20.277778,31815186.818481,0,1,-0.0037383167363012524,-0.010024201797108084,0.0118916132897732,0.007881483028067689,0.005593890584517573,0.00037195409377943926,-0.00408238989707169,0.007090894697564768,0.010730892513008735,0.01178215201526756,0.012653667658102665,-0.010148590862786463,-0.0067189406037853035,-0.004826436485959285,-0.0030007979259805027,0.1795610000000032,58.04298192072178,15.628159,0.40511623797260443,0.31672299999999964,327812312.5161443,721285987.8714036,20.081712,21.612537,20.44368,1,0.07622980550662217
2022-09-15,20.187286,20.081712,20.066629,20.44368,24149947.585005,0,1,0.0026182883598272755,-0.0037383167363012524,-0.010024201797108084,0.0118916132897732,0.01786423811601333,0.013742072208632898,0.008520135717894669,0.004065791727043501,0.005593890584517573,0.010730892513008735,0.01178215201526756,-0.0007513635848410445,-0.010148590862786463,-0.0067189406037853035,-0.004826436485959285,0.7372499999999995,58.89149290136879,15.628159,0.4031115781174185,0.3770510000000016,319118418.49293315,745435935.4564086,20.059088,21.627619,20.262696,1,0.07819552912874195
2022-09-16,20.119417,20.059088,19.953514,20.262696,48143915.185608,0,1,-0.003367631638912664,0.0026182883598272755,-0.0037383167363012524,-0.010024201797108084,0.010099242165227701,0.008972009903010432,0.004849843995629907,-0.0003720924951080776,0.01786423811601333,0.005593890584517573,0.010730892513008735,-0.005277049715256394,-0.0007513635848410445,-0.010148590862786463,-0.0067189406037853035,0.36950999999999823,57.2873583211682,15.628159,0.3964023225376029,0.30918199999999985,322641288.3144597,697292020.2708006,20.066629,21.868931,20.96401,1,0.0898158828769895
2022-09-19,20.873518,20.066629,20.044006,20.96401,44923005.507699,0,1,0.036795905536168357,-0.003367631638912664,0.0026182883598272755,-0.0037383167363012524,0.04374897137951863,0.044124840056894855,0.042997607794677636,0.03887544188729713,0.010099242165227701,0.01786423811601333,0.005593890584517573,-0.0011280301296096975,-0.005277049715256394,-0.0007513635848410445,-0.010148590862786463,0.8521350000000005,67.78677539325031,15.628159,0.4338024423563454,0.9200039999999987,358727000.4747328,742215025.7784996,20.979092,21.868931,21.612537,1,0.04241551540934174
2022-09-20,21.567291,20.979092,20.941387,21.612537,69137083.086292,0,1,0.03269658721034525,0.036795905536168357,-0.003367631638912664,0.0026182883598272755,0.029747240262239193,0.07421537641168978,0.07459124508906599,0.07346401282684882,0.04374897137951863,0.010099242165227701,0.01786423811601333,-0.0017988826018766238,-0.0011280301296096975,-0.005277049715256394,-0.0007513635848410445,1.2216440000000013,74.09567476336636,15.628159,0.4556036250451778,0.739018999999999,418542243.5511246,811352108.8647916,21.567291,21.868931,21.868931,1,0.013985993883051773
2022-09-21,21.34106,21.567291,21.250568,21.627619,52884474.711553,0,1,-0.010544944797591889,0.03269658721034525,0.036795905536168357,-0.003367631638912664,0.0027932938962351617,0.03044483259338701,0.07491296874283769,0.07528883742021376,0.029747240262239193,0.04374897137951863,0.010099242165227701,-0.014794236990128096,-0.0017988826018766238,-0.0011280301296096975,-0.005277049715256394,1.1839379999999977,69.32758034453205,15.628159,0.44999272325623646,0.377050999999998,391042249.3772057,758467634.1532387,21.55975,21.868931,21.868931,1,0.014340657938983536
2022-09-22,21.770898,21.55975,21.348601,21.868931,47887285.211271,0,1,0.019941207204034812,-0.010544944797591889,0.03269658721034525,0.036795905536168357,0.014238803323823705,0.01388909233498695,0.04154063103213873,0.08600876718158944,0.0027932938962351617,0.029747240262239193,0.04374897137951863,-0.009841939830691732,-0.014794236990128096,-0.0017988826018766238,-0.0011280301296096975,1.7570559999999986,72.89634003309924,15.628159,0.4555554573093625,0.5278710000000011,420885084.98489225,806354919.3645097,21.41647,21.529586,20.752861,0,-0.030985918781199717
2022-09-23,21.34106,21.41647,21.099748,21.529586,37684346.231565,0,1,-0.01994120720403471,0.019941207204034812,-0.010544944797591889,0.03269658721034525,0.005267830022898561,-0.001400068217680119,-0.001749779206516752,0.025901759490635005,0.014238803323823705,0.0027932938962351617,0.029747240262239193,-0.014899154902940038,-0.009841939830691732,-0.014794236990128096,-0.0017988826018766238,1.1688559999999981,64.77942434566923,15.628159,0.47095506750155064,0.6711499999999972,425512888.71601725,768670573.1329447,21.212863,21.250568,21.062043,0,-0.007109837083282944
2022-09-26,20.956469,21.212863,20.820731,21.250568,33634806.636519,0,1,-0.018185535096728902,-0.01994120720403471,0.019941207204034812,-0.010544944797591889,0.0017758814594780574,-0.0077766277607129305,-0.014444526001291558,-0.014794236990128096,0.005267830022898561,0.014238803323823705,0.0027932938962351617,-0.018658569924322334,-0.014899154902940038,-0.009841939830691732,-0.014794236990128096,0.5429529999999971,58.502606568489156,15.628159,0.4744817769657256,0.5203290000000003,413121117.8499312,735035766.4964257,21.099748,21.220404,21.160076,0,0.0028591810669964524
2022-09-27,20.760402,21.099748,20.654828,21.107289,42551955.744804,0,1,-0.009399959248718883,-0.018185535096728902,-0.01994120720403471,0.019941207204034812,0.00035733378205352886,-0.00498931190069563,-0.014541821120886648,-0.021209719361465144,0.0017758814594780574,0.005267830022898561,0.014238803323823705,-0.02131200375021317,-0.018658569924322334,-0.014899154902940038,-0.009841939830691732,0.5504929999999995,55.54760416326175,15.628159,0.47290886432531687,0.4524610000000031,390426697.5647665,692483810.7516217,20.798108,22.471264,21.11483,1,0.0804475099369617
2022-09-28,20.752861,20.798108,20.5945,21.11483,46126955.387304,0,1,-0.00036330558178216326,-0.009399959248718883,-0.018185535096728902,-0.01994120720403471,0.015113616173464475,0.0007145399222846385,-0.004632105760464529,-0.014184614980655564,0.00035733378205352886,0.0017758814594780574,0.005267830022898561,-0.009837971175538975,-0.02131200375021317,-0.018658569924322334,-0.014899154902940038,0.6183619999999976,55.43163315929054,15.628159,0.47629608830208003,0.5203300000000013,372376965.4092147,646356855.3643178,20.707615,22.795732,21.197781,1,0.10083812162820305
2022-09-29,21.062043,20.707615,20.632205,21.197781,57091094.290891,0,1,0.014788393857540737,-0.00036330558178216326,-0.009399959248718883,-0.018185535096728902,0.023394999370115493,0.01903448535681983,0.0046354091056398,-0.0007112365771091416,0.015113616173464475,0.00035733378205352886,0.0017758814594780574,-0.0036483024668679735,-0.009837971175538975,-0.02131200375021317,-0.018658569924322334,0.8747569999999989,59.193341048835734,15.628159,0.4826732248519315,0.5655760000000001,402064382.8932505,703447949.6552088,20.971551,22.795732,21.220404,1,0.08698359983007453
2022-09-30,21.160076,20.971551,20.896141,21.220404,37191326.280867,0,1,0.004643688118255193,0.014788393857540737,-0.00036330558178216326,-0.009399959248718883,0.011796366664673073,0.024461664629130804,0.02010115061583514,0.005702074364655101,0.023394999370115493,0.015113616173464475,0.00035733378205352886,-0.0036023042085565333,-0.0036483024668679735,-0.009837971175538975,-0.02131200375021317,1.0406590000000016,60.33646299353289,15.628159,0.4713582087910791,0.3242629999999984,425417076.13937664,740639275.9360758,21.724234,22.795732,22.471264,1,0.04932270569355879
2022-10-03,22.448627,21.724234,21.505407,22.471264,78204382.179562,0,1,0.0591132555227844,0.004643688118255193,0.014788393857540737,-0.00036330558178216326,0.0338089257850473,0.06907053241387479,0.0817358303783324,0.07737531636503685,0.011796366664673073,0.023394999370115493,0.015113616173464475,-0.010124019723738054,-0.0036023042085565333,-0.0036483024668679735,-0.009837971175538975,1.5751089999999976,71.59849728468916,15.628159,0.5313460510202879,1.3111880000000014,499955672.18414026,818843658.1156378,22.614634,22.795732,22.124159,0,-0.021688389916016293
2022-10-04,22.486356,22.614634,22.184526,22.795732,48099035.190096,0,1,0.0016792710866793876,0.0591132555227844,0.004643688118255193,0.014788393857540737,0.007976106605007558,0.048144913843597384,0.0834065204724248,0.09607181843688248,0.0338089257850473,0.011796366664673073,0.023394999370115493,-0.0192022000352115,-0.010124019723738054,-0.0036023042085565333,-0.0036483024668679735,0.9190649999999998,71.85052831756241,15.628159,0.5370503330902673,0.6112059999999992,499361837.5039432,866942693.3057338,22.539176,22.697637,21.890241,0,-0.028791425205606513
2022-10-05,22.486356,22.539176,22.380715,22.697637,33295236.670476,0,1,0.0,0.0016792710866793876,0.0591132555227844,0.004643688118255193,0.00700587144078719,0.003663603302459031,0.0438324105410489,0.07909401716987645,0.007976106605007558,0.0338089257850473,0.011796366664673073,-0.007055300170355688,-0.0192022000352115,-0.010124019723738054,-0.0036023042085565333,1.1452960000000019,71.85052831756241,15.628159,0.5213268807266769,0.3169220000000017,488263495.3192133,866942693.3057338,22.561813,22.591996,21.739326,0,-0.03645482745557738
2022-10-06,22.078885,22.561813,21.988336,22.591996,53624664.637534,0,1,-0.018287003330119664,0.0,0.0016792710866793876,0.0591132555227844,0.001336897380927227,0.0023407335451814493,-0.0010015345931467068,0.03916727264544311,0.00700587144078719,0.007976106605007558,0.0338089257850473,-0.025746655932007066,-0.007055300170355688,-0.0192022000352115,-0.010124019723738054,0.3079870000000007,64.66330147892636,15.628159,0.5272078178176286,0.6036600000000014,450726230.07293934,813318028.6681998,22.03361,22.290166,22.290166,1,0.011643847739884583
2022-10-07,22.124159,22.03361,21.618594,22.124159,61458973.854103,0,1,0.002048456926698047,-0.018287003330119664,0.0,0.0016792710866793876,0.004101164029190635,-0.019588608003954063,-0.01858477183969976,-0.021927039978027883,0.001336897380927227,0.00700587144078719,0.007976106605007558,-0.01901523712398248,-0.025746655932007066,-0.007055300170355688,-0.0192022000352115,0.783099,65.08125392451932,15.628159,0.5256619022592264,0.5055649999999972,512185203.92704237,874777002.5223027,22.244892,22.290166,21.618594,0,-0.028154688276301743
2022-10-10,21.890241,22.244892,21.724234,22.290166,53141764.685824,0,1,-0.010629257804522353,0.002048456926698047,-0.018287003330119664,0.0,0.0020331854332063643,0.011576579812905184,-0.01211319222023945,-0.011109356055985226,0.004101164029190635,0.001336897380927227,0.00700587144078719,-0.02368399761107012,-0.01901523712398248,-0.025746655932007066,-0.007055300170355688,0.9337720000000012,61.06264303449558,15.628159,0.5285383378121388,0.5659320000000001,490219993.7749772,821635237.8364787,21.807238,22.010973,21.792146,0,-0.0006920638001016721
2022-10-11,21.739326,21.807238,21.671414,21.995882,35366756.463324,0,1,-0.006918042615009832,-0.010629257804522353,0.002048456926698047,-0.018287003330119664,0.0086133209816588,-0.011257155203187479,-0.0017137608234885267,-0.02540353285663322,0.0020331854332063643,0.004101164029190635,0.001336897380927227,-0.006247868118522071,-0.02368399761107012,-0.01901523712398248,-0.025746655932007066,0.9789239999999992,58.550723295692606,15.628159,0.5139618851112719,0.3244680000000031,469657946.3426654,786268481.3731548,21.505407,22.327895,21.860058,1,0.03824563748084375
2022-10-13,21.611048,21.505407,21.392221,21.860058,40532245.946775,0,1,-0.005918213043044013,-0.006918042615009832,-0.010629257804522353,0.002048456926698047,0.01635674410500356,0.002419202955041545,-0.017451273229804658,-0.007907878850105693,0.0086133209816588,0.0020331854332063643,0.004101164029190635,-0.005277040616740552,-0.006247868118522071,-0.02368399761107012,-0.01901523712398248,0.8581870000000009,56.425945775518095,15.628159,0.5106672504604667,0.4678369999999994,467042965.52795553,745736235.4263798,21.694051,22.456173,22.010973,1,0.0351304604197713
2022-10-14,21.618594,21.694051,21.475224,22.010973,44095805.590419,0,1,0.0003491123094030362,-0.005918213043044013,-0.006918042615009832,-0.010629257804522353,0.014503026244126676,0.0232367098520064,0.009299168702044624,-0.010571307482801716,0.01635674410500356,0.0086133209816588,0.0020331854332063643,-0.010138176946359958,-0.005277040616740552,-0.006247868118522071,-0.02368399761107012,0.5565510000000025,56.52589080362925,15.628159,0.5124588039990047,0.5357489999999991,446547822.365272,789832041.0167989,21.837421,22.825915,22.327895,1,0.045266059577273365
2022-10-17,21.792146,21.837421,21.656323,21.958153,22369707.763029,0,1,0.00799585193203581,0.0003491123094030362,-0.005918213043044013,-0.006918042615009832,0.005513447812566603,0.012100430140284196,0.020834113748164,0.006896572598202176,0.014503026244126676,0.01635674410500356,0.0086133209816588,-0.00832759058754176,-0.010138176946359958,-0.005277040616740552,-0.006247868118522071,0.6320699999999988,58.86292027250494,15.628159,0.5001088179990756,0.3395589999999977,444310777.47536933,812201748.7798278,22.109068,23.603128,22.456173,1,0.06757679699569441
2022-10-18,22.327895,22.109068,21.920424,22.327895,50686454.931355,0,1,0.024287163956440715,0.00799585193203581,0.0003491123094030362,-0.005918213043044013,0.009848952498519846,0.022211735784005787,0.028798718111723375,0.037532401719603314,0.005513447812566603,0.014503026244126676,0.01635674410500356,-0.008569036150460509,-0.00832759058754176,-0.010138176946359958,-0.005277040616740552,-0.12073199999999673,65.09992760081558,15.628159,0.5026545452848561,0.5357490000000027,494997232.40672433,862888203.7111828,22.305258,23.603128,22.825915,1,0.05818672888697374
2022-10-19,22.335441,22.305258,22.116614,22.456173,31150236.884976,0,1,0.00033790579690670837,0.024287163956440715,0.00799585193203581,0.0003491123094030362,0.0067431075577258255,0.015577701875411628,0.027940485160897692,0.034527467488615536,0.009848952498519846,0.005513447812566603,0.014503026244126676,-0.008493344630536895,-0.008569036150460509,-0.00832759058754176,-0.010138176946359958,-0.15091500000000124,65.18000530466999,15.628159,0.491004863478795,0.3395590000000013,503996206.03790987,894038440.5961589,22.486356,23.603128,22.825915,1,0.04966442762001999
2022-10-20,22.682546,22.486356,22.350532,22.825915,75282122.471788,0,1,0.015421030650420326,0.00033790579690670837,0.024287163956440715,0.00799585193203581,0.014987788025233062,0.02307407787418501,0.031908672191870824,0.044271455477356975,0.0067431075577258255,0.009848952498519846,0.005513447812566603,-0.006058601367253049,-0.008493344630536895,-0.008569036150460509,-0.00832759058754176,0.19618999999999787,68.73377650804508,15.628159,0.490966944658881,0.49047399999999897,533870214.98162544,969320563.0679469,22.584451,23.603128,23.603128,1,0.04510523634158736
2022-10-21,23.437121,22.584451,22.501447,23.603128,53514774.648523,0,1,0.03272540287847536,0.015421030650420326,0.00033790579690670837,0.024287163956440715,0.04411758497950112,0.04847052034594963,0.05655681019490158,0.06539140451258761,0.014987788025233062,0.0067431075577258255,0.009848952498519846,-0.003682042388365708,-0.006058601367253049,-0.008493344630536895,-0.008569036150460509,1.3582360000000016,74.76370973925494,15.628159,0.5345893771832468,1.1016810000000028,571257222.7083673,1022835337.7164699,23.248477,23.308843,22.116614,0,-0.04868546872984425
2022-10-24,22.373169,23.248477,22.214709,23.308843,55828844.417116,0,1,-0.046458704522985596,0.03272540287847536,0.015421030650420326,0.00033790579690670837,0.0025931919547052796,0.03157115582417523,0.03592409119062377,0.04401038103957569,0.04411758497950112,0.014987788025233062,0.0067431075577258255,-0.045484987466633334,-0.003682042388365708,-0.006058601367253049,-0.008493344630536895,0.24901000000000195,57.82871929511656,15.628159,0.5837195645273008,1.222412000000002,531599411.61319596,967006493.2993538,22.373169,22.463719,22.290166,0,-0.00370993487779947
2022-10-25,22.192071,22.373169,22.192071,22.463719,28577007.142299,0,1,-0.008127365491755401,-0.046458704522985596,0.03272540287847536,0.015421030650420326,0.004039090451799017,-0.03433810564942062,-0.005360141779950594,-0.0010072064135022098,0.0025931919547052796,0.04411758497950112,0.014987788025233062,-0.008127365491755401,-0.045484987466633334,-0.003682042388365708,-0.006058601367253049,0.30182999999999893,55.523321599969655,15.628159,0.5614287384896366,0.27164800000000255,503022404.47089696,938429486.1570548,21.882695,23.067379,22.131705,1,0.05413793867711458
2022-10-26,21.716689,21.882695,21.641231,22.131705,53414124.658588,0,1,-0.02165401962025056,-0.008127365491755401,-0.046458704522985596,0.03272540287847536,0.01131505401563157,-0.010851232579412765,-0.0492284286806324,-0.020250464811162334,0.004039090451799017,0.0025931919547052796,0.04411758497950112,-0.011095804057406226,-0.008127365491755401,-0.045484987466633334,-0.003682042388365708,-0.022636999999999574,49.89972458593553,15.628159,0.560672400026091,0.5508399999999973,466043495.61778533,885015361.4984667,21.965699,23.624399,22.358078,1,0.07551318990577083
2022-10-27,22.116614,21.965699,21.814783,22.358078,43318325.668167,0,1,0.018248047497818366,-0.02165401962025056,-0.008127365491755401,-0.046458704522985596,0.017705587249459684,0.021491545711002074,-0.0006747408840423931,-0.03905193698526198,0.01131505401563157,0.004039090451799017,0.0025931919547052796,-0.006894241034609385,-0.011095804057406226,-0.008127365491755401,-0.045484987466633334,0.5055659999999982,54.110593276351636,15.628159,0.5664378714527988,0.6413890000000002,470856713.787675,928333687.1666337,22.041156,23.624399,22.373169,1,0.07183121429747152
2022-10-28,22.290166,22.041156,21.958153,22.373169,31260346.873965,0,1,0.007816503859781783,0.018248047497818366,-0.02165401962025056,-0.008127365491755401,0.014950995410230754,0.018380328133502065,0.02216628659504441,0.0,0.017705587249459684,0.01131505401563157,0.004039090451799017,-0.0037729273640253955,-0.006894241034609385,-0.011095804057406226,-0.008127365491755401,0.6715719999999976,55.84498570091301,15.628159,0.5556220234918847,0.4150160000000014,489612952.041347,959594034.0405988,21.882695,23.624399,23.067379,1,0.07959275582829273
2022-10-31,22.939101,21.882695,21.844966,23.067379,91969120.803088,0,1,0.028697327088294162,0.007816503859781783,0.018248047497818366,-0.02165401962025056,0.052723313166394135,0.04550802198158062,0.048937354704851846,0.052723313166394135,0.014950995410230754,0.017705587249459684,0.01131505401563157,-0.0017256358332319668,-0.0037729273640253955,-0.006894241034609385,-0.011095804057406226,1.146955000000002,61.67737416974644,15.628159,0.6032499503853215,1.2224129999999995,562279897.7556912,1051563154.8436867,23.405445,23.624399,22.393726,0,-0.043225796390540694
2022-11-01,22.997737,23.405445,22.710832,23.624399,45870435.412956,0,1,0.0025528980399407513,0.028697327088294162,0.007816503859781783,0.018248047497818366,0.009311346300094435,0.07658389208760012,0.06936860090278663,0.07279793362605787,0.052723313166394135,0.014950995410230754,0.017705587249459684,-0.030126696313060215,-0.0017256358332319668,-0.0037729273640253955,-0.006894241034609385,0.6698419999999992,62.16369508850994,15.628159,0.6254154539292271,0.9135670000000005,545220610.8893752,1097433590.2566428,22.650431,23.352594,22.907136,1,0.03099998406211335
2022-11-03,22.831634,22.650431,22.265374,22.907136,35747576.425242,0,1,-0.007248789311209759,0.0025528980399407513,0.028697327088294162,0.007816503859781783,0.011269597293052049,-0.02152020986406856,0.045752335923436964,0.03853704473862342,0.009311346300094435,0.052723313166394135,0.014950995410230754,-0.017146144148489022,-0.030126696313060215,-0.0017256358332319668,-0.0037729273640253955,0.49619300000000166,59.846799587520806,15.628159,0.6330545643628538,0.7323629999999994,572556927.3295803,1061686013.8314009,23.171391,23.352594,21.253654,0,-0.08276313666279245
2022-11-04,22.914686,23.171391,22.839184,23.352594,34319226.568077,0,1,0.0036309845796024605,-0.007248789311209759,0.0025528980399407513,0.028697327088294162,0.007789698852035549,0.03052918957615481,-0.0022606175809657698,0.06501192820653975,0.011269597293052049,0.009311346300094435,0.052723313166394135,-0.014440713815194914,-0.017146144148489022,-0.030126696313060215,-0.0017256358332319668,0.23214000000000112,60.63678217789621,15.628159,0.6250478097655071,0.5209599999999988,548331661.7063347,1096005240.399478,22.703282,22.892035,20.853497,0,-0.08147654599013487
2022-11-07,22.393726,22.703282,22.197422,22.892035,51142074.885793,0,1,-0.022997184709502745,0.0036309845796024605,-0.007248789311209759,0.0025528980399407513,0.008279537929829417,-0.01212933770560438,0.010610153018515076,-0.022179654138605603,0.007789698852035549,0.011269597293052049,0.009311346300094435,-0.02253333952531004,-0.014440713815194914,-0.017146144148489022,-0.030126696313060215,-1.0433950000000003,53.523344019260996,15.628159,0.6316346804965424,0.7172640000000001,526096024.9908056,1044863165.513685,22.235173,22.393726,20.181534,0,-0.09235992901876677
2022-11-08,22.325775,22.235173,22.046419,22.393726,30737626.926237,0,1,-0.003038989737231064,-0.022997184709502745,0.0036309845796024605,-0.007248789311209759,0.007105425884361078,-0.013728665191306883,-0.034137540826740795,-0.01139805010262143,0.008279537929829417,0.007789698852035549,0.011269597293052049,-0.00852521938274917,-0.02253333952531004,-0.014440713815194914,-0.017146144148489022,-0.0473940000000006,52.65565403931428,15.628159,0.6113255604610751,0.3473070000000007,544805950.2740308,1014125538.587448,21.638712,21.948268,21.948268,1,0.014305657379237502
2022-11-09,21.253654,21.638712,21.02715,21.948268,142915835.708416,0,1,-0.0492130070763291,-0.003038989737231064,-0.022997184709502745,0.0036309845796024605,0.01420429700353986,-0.012987174656621312,-0.03382126573228928,-0.054230141367723146,0.007105425884361078,0.008279537929829417,0.007789698852035549,-0.028669472952313226,-0.00852521938274917,-0.02253333952531004,-0.014440713815194914,-0.9384169999999976,41.28375144099615,15.628159,0.6604183775709984,1.2986250000000013,472176458.88045686,871209702.879032,20.657193,21.291405,21.102651,1,0.03070175120114338
2022-11-10,20.853497,20.657193,20.355187,21.102651,96218970.378103,0,1,-0.0190071775257698,-0.0492130070763291,-0.003038989737231064,-0.022997184709502745,0.021335084348130393,-0.02508526039800037,-0.05227673205816154,-0.07311082313382955,0.01420429700353986,0.007105425884361078,0.008279537929829417,-0.014727819207596624,-0.028669472952313226,-0.00852521938274917,-0.02253333952531004,-0.863191999999998,37.986244083085495,15.628159,0.6774218506016414,0.8984670000000001,504249620.642798,774990732.500929,21.140402,21.291405,19.95503,0,-0.05607140299413427
2022-11-11,20.181534,21.140402,20.090932,21.291405,108133509.186649,0,1,-0.03275362810993164,-0.0190071775257698,-0.0492130070763291,-0.003038989737231064,0.007117473807517989,0.03023988209976368,-0.016180462646367067,-0.04337193430652837,0.021335084348130393,0.01420429700353986,0.007105425884361078,-0.050917427354317424,-0.014727819207596624,-0.028669472952313226,-0.00852521938274917,-1.9350799999999992,33.19181166231891,15.628159,0.7147826469872386,1.2004730000000023,412438198.1658523,666857223.31428,20.423138,20.611892,20.113583,0,-0.015157073315569924
2022-11-14,20.121133,20.423138,19.932379,20.611892,57426044.257396,0,1,-0.0029973721203816655,-0.03275362810993164,-0.0190071775257698,-0.0492130070763291,0.009199716986247762,-0.025317805558505768,-0.00219539726626009,-0.04861574201239089,0.007117473807517989,0.021335084348130393,0.01420429700353986,-0.02432297891159787,-0.050917427354317424,-0.014727819207596624,-0.028669472952313226,-2.169032999999999,32.79117446350236,15.628159,0.7122633864881501,0.679513,386915577.55969036,609431179.056884,20.121133,20.49864,20.49864,1,0.01876171684765482
2022-11-16,19.834227,20.121133,19.637924,20.151333,49242705.075729,0,1,-0.014361574081421273,-0.0029973721203816655,-0.03275362810993164,-0.0190071775257698,0.0014997842774699026,-0.013398033749012519,-0.04791555629376597,-0.02479314800152028,0.009199716986247762,0.007117473807517989,0.021335084348130393,-0.02430806108156321,-0.02432297891159787,-0.050917427354317424,-0.014727819207596624,-3.1048740000000024,30.884233179371474,15.628159,0.6980595017389966,0.5134089999999993,375328974.08903915,560188473.981155,19.554872,20.49864,19.96258,1,0.04826255063188367
2022-11-17,19.95503,19.554872,19.479371,19.96258,75346472.465353,0,1,0.006072160190292529,-0.014361574081421273,-0.0029973721203816655,-0.03275362810993164,0.02063505850163612,-0.007911134726117113,-0.02280895275259964,-0.05732647529735311,0.0014997842774699026,0.009199716986247762,0.007117473807517989,-0.00386845438020315,-0.02430806108156321,-0.02432297891159787,-0.050917427354317424,-3.042707,32.6599613435203,15.628159,0.6827130373290682,0.48320899999999867,448320913.14498425,635534946.446508,20.151333,20.49864,20.49864,1,0.01723493924694708
2022-11-18,20.113583,20.151333,19.924829,20.49864,54363644.563636,0,1,0.007914116096626017,0.006072160190292529,-0.014361574081421273,-0.0029973721203816655,0.01708810242947898,0.04713407993470236,0.018587886706949087,0.0036900686804664184,0.02063505850163612,0.0014997842774699026,0.009199716986247762,-0.01130379759451214,-0.00386845438020315,-0.02430806108156321,-0.02432297891159787,-2.7180510000000027,35.019692579423435,15.628159,0.6749343203769921,0.5738110000000027,429722896.5179492,689898591.010144,20.385388,20.49109,20.340087,0,-0.0022222289808758733
2022-11-21,20.173984,20.385388,19.902179,20.49109,42705515.729448,0,1,0.0029984955534953775,0.007914116096626017,0.006072160190292529,-0.014361574081421273,0.005171787824003464,0.016719717466446453,0.04676569497166966,0.018219501743916247,0.01708810242947898,0.02063505850163612,0.0014997842774699026,-0.0239891464697479,-0.01130379759451214,-0.00386845438020315,-0.02430806108156321,-2.740701999999999,35.9406217877958,15.628159,0.6687897974929211,0.5889109999999995,426437845.6901337,732604106.739592,20.234385,20.49109,20.49109,1,0.012686572880767022
2022-11-22,19.841777,20.234385,19.698325,20.347637,62171113.782889,0,1,-0.016604189154156936,0.0029984955534953775,0.007914116096626017,0.006072160190292529,0.0055814022279382725,-0.0018535824829430405,0.009694347159499905,0.03974032466472309,0.005171787824003464,0.01708810242947898,0.02063505850163612,-0.026849778233968693,-0.0239891464697479,-0.01130379759451214,-0.00386845438020315,-2.5519490000000005,33.15724348188691,15.628159,0.6673985262434267,0.6493119999999983,391737564.4634981,670432992.956703,19.698325,20.49109,20.49109,1,0.04024530004454685
2022-11-23,19.637924,19.698325,19.517121,19.796477,53988324.601168,0,1,-0.010327069686398993,-0.016604189154156936,0.0029984955534953775,0.007914116096626017,0.004970385827896018,-0.021879392406072694,-0.02931437711695388,-0.017766447474511008,0.0055814022279382725,0.005171787824003464,0.01708810242947898,-0.009241526395204914,-0.026849778233968693,-0.0239891464697479,-0.01130379759451214,-2.6878509999999984,31.542951848813356,15.628159,0.642916917226039,0.32465600000000094,384442001.62005156,616444668.3555349,19.781376,20.49109,20.49109,1,0.03587788837338701
2022-11-24,20.340087,19.781376,19.713425,20.49109,29957507.004249,0,1,0.03513107320565852,-0.010327069686398993,-0.016604189154156936,0.0029984955534953775,0.03524926852481308,0.03945655076885341,0.012606772534884667,0.005171787824003464,0.004970385827896018,0.0055814022279382725,0.005171787824003464,-0.0034410132639085276,-0.009241526395204914,-0.026849778233968693,-0.0239891464697479,-0.9135670000000005,42.01485959558002,15.628159,0.6579347088527504,0.8531659999999981,402765518.58961314,646402175.3597839,20.219285,20.249485,19.630373,0,-0.029126252486178394
2022-11-25,19.622823,20.219285,19.547322,20.249485,44743815.525618,0,1,-0.035900340318416116,0.03513107320565852,-0.010327069686398993,-0.016604189154156936,0.0014925091919565034,0.023388472137971544,0.02759575438201174,0.000745976148042987,0.03524926852481308,0.004970385827896018,0.0055814022279382725,-0.03379855698714109,-0.0034410132639085276,-0.009241526395204914,-0.026849778233968693,-1.2306740000000005,35.962994219330405,15.628159,0.6675654439346967,0.7927649999999993,367643978.2792932,601658359.8341659,19.705875,19.788926,19.628601,0,-0.003921368627376354
2022-11-28,19.267967,19.705875,19.245316,19.788926,44500055.549994,0,1,-0.018249351496721675,-0.035900340318416116,0.03513107320565852,-0.010327069686398993,0.004205673674112172,-0.021514363629860395,0.00038159931615463187,0.004588881560195036,0.0014925091919565034,0.03524926852481308,0.004970385827896018,-0.023649108184235684,-0.03379855698714109,-0.0034410132639085276,-0.009241526395204914,-0.9135670000000005,33.39976439513908,15.628159,0.6587114836536471,0.543610000000001,326852356.19543445,557158304.2841719,19.283067,20.134804,19.713425,1,0.044170203837387456
2022-11-29,19.43407,19.283067,18.814958,19.713425,74891512.510849,0,1,0.008583735263249287,-0.018249351496721675,-0.035900340318416116,0.03513107320565852,0.022072522433982965,0.0003830610940490773,-0.025336976209923572,-0.0034410132639085276,0.004205673674112172,0.0014925091919565034,0.03524926852481308,-0.02457516151310267,-0.023649108184235684,-0.03379855698714109,-0.0034410132639085276,-0.687063000000002,35.70963474661634,15.628159,0.6758368776783865,0.8984670000000001,355172723.68377644,632049816.7950209,19.479371,20.134804,19.719264,1,0.03364754436886064
2022-11-30,19.630373,19.479371,19.200015,19.660574,58269084.173092,0,1,0.010050298290602288,0.008583735263249287,-0.018249351496721675,-0.035900340318416116,0.009259302465207113,0.019387957336039104,-0.0023015040038950295,-0.028021541307867583,0.022072522433982965,0.004205673674112172,0.0014925091919565034,-0.014444947881919561,-0.02457516151310267,-0.023649108184235684,-0.03379855698714109,-0.20385399999999976,38.427529061062785,15.628159,0.6604598864156446,0.46055899999999994,405799857.04877806,690318900.968113,19.349056,20.134804,19.719264,1,0.04060911292003078
2022-12-01,19.628601,19.349056,19.333945,19.719264,48670815.132918,0,1,-9.027235409675588e-05,0.010050298290602288,0.008583735263249287,-0.018249351496721675,0.018952393206751537,0.012240017797423697,0.022368672668255665,0.0006792113283216021,0.009259302465207113,0.022072522433982965,0.004205673674112172,-0.00078127344714707,-0.014444947881919561,-0.02457516151310267,-0.023649108184235684,-0.32642900000000097,38.41174305914112,15.628159,0.6408069659573842,0.3853189999999991,431566833.47975963,641648085.835195,19.696598,20.134804,20.134804,1,0.022247801371586995
2022-12-02,19.893036,19.696598,19.32639,20.134804,61318943.868106,0,1,0.013381983452981274,-9.027235409675588e-05,0.010050298290602288,0.008583735263249287,0.0220039294866035,0.039806227206497756,0.03309385179716978,0.0432225066680018,0.018952393206751537,0.009259302465207113,0.022072522433982965,-0.018974411034112945,-0.00078127344714707,-0.014444947881919561,-0.02457516151310267,-0.22054699999999983,42.22593480086481,15.628159,0.6527788969604281,0.8084139999999991,456209127.9550934,702967029.703301,19.749485,19.893036,18.92596,0,-0.04169855568385705
2022-12-05,19.311279,19.749485,19.220616,19.749485,36334426.366557,0,1,-0.02968039137668419,0.013381983452981274,-9.027235409675588e-05,0.010050298290602288,0.0,0.002681484581863732,0.020483782301757892,0.01377140689243001,0.0220039294866035,0.018952393206751537,0.009259302465207113,-0.027143962081251628,-0.018974411034112945,-0.00078127344714707,-0.014444947881919561,-0.8627050000000018,36.82298466066948,15.628159,0.6541818328918261,0.6724199999999989,432332183.8674037,666632603.336744,19.432164,19.893036,19.757041,1,0.023716967394881827
2022-12-06,19.757041,19.432164,19.311279,19.757041,51946064.805394,0,1,0.022820604784646984,-0.02968039137668419,0.013381983452981274,-9.027235409675588e-05,0.016580302791591502,0.0003825190851828431,0.003064003667046446,0.02086630138694073,0.0,0.0220039294866035,0.018952393206751537,-0.006240301993055272,-0.027143962081251628,-0.018974411034112945,-0.00078127344714707,-0.08473599999999948,42.856427267742596,15.628159,0.6392947019709815,0.445762000000002,484278248.6727977,718578668.142138,19.809928,19.893036,18.568589,0,-0.06266246904077588
2022-12-07,19.61349,19.809928,19.560603,19.893036,24503267.549673,0,1,-0.007292339346311841,0.022820604784646984,-0.02968039137668419,0.013381983452981274,0.0041864945591618,0.023440089383628775,0.00724230567722004,0.009923790259083595,0.016580302791591502,0.0,0.0220039294866035,-0.012665733823488068,-0.006240301993055272,-0.027143962081251628,-0.018974411034112945,-0.024434000000002953,41.482514935952125,15.628159,0.6173760089730541,0.3324329999999982,467571465.2922627,694075400.592465,19.492606,19.530382,17.867451,0,-0.08337289534298287
2022-12-08,18.92596,19.492606,18.812631,19.530382,67704993.229501,0,1,-0.03568307020750715,-0.007292339346311841,0.022820604784646984,-0.02968039137668419,0.0019360901733155075,-0.014211921826720698,0.005041672997746308,-0.011156110708662549,0.0041864945591618,0.016580302791591502,0.0,-0.035506708235803,-0.012665733823488068,-0.006240301993055272,-0.027143962081251628,-1.4141270000000006,35.59651033548394,15.628159,0.6304819369035501,0.8008589999999991,421246976.38168603,626370407.362964,19.015468,19.123335,17.944499,0,-0.05632093830138696
2022-12-09,18.745799,19.015468,18.691866,19.123335,21858317.814168,0,1,-0.00956485060975534,-0.03568307020750715,-0.007292339346311841,0.022820604784646984,0.005656563873577871,-0.019125897076571405,-0.03527390907660767,-0.01602031425214062,0.0019360901733155075,0.0041864945591618,0.016580302791591502,-0.017164297255454885,-0.035506708235803,-0.012665733823488068,-0.006240301993055272,-0.8770239999999987,34.226051083299005,15.628159,0.6162667271247252,0.4314689999999999,404853174.6957754,604512089.548796,18.738094,18.876781,18.044662,0,-0.0370065386586278
2022-12-12,18.568589,18.738094,18.252692,18.876781,98492010.150799,0,1,-0.009498284269516244,-0.00956485060975534,-0.03568307020750715,-0.007292339346311841,0.007374084239247469,-0.0073201049260702205,-0.032102565876219534,-0.04825057787625581,0.005656563873577871,0.0019360901733155075,0.0041864945591618,-0.02624598806058515,-0.017164297255454885,-0.035506708235803,-0.012665733823488068,-0.6993779999999994,32.88493071301322,15.628159,0.6168254609015307,0.6240890000000014,406069156.61215544,506020079.397997,18.684161,18.753504,18.244987,0,-0.023505149629143185
2022-12-13,17.867451,18.684161,17.813517,18.753504,61706693.829331,0,1,-0.03849071201103858,-0.009498284269516244,-0.00956485060975534,-0.03568307020750715,0.0037044553552908967,0.0008220508961926265,-0.013872138269125107,-0.03865459921927438,0.007374084239247469,0.005656563873577871,0.0019360901733155075,-0.04771860846536779,-0.02624598806058515,-0.017164297255454885,-0.035506708235803,-1.5666189999999993,28.180012210595056,15.628159,0.6399084279799927,0.9399869999999986,351443600.7666285,444313385.56866604,17.651716,18.861371,18.160234,1,0.06852903139842037
2022-12-14,17.944499,17.651716,17.428277,18.160234,74658312.534169,0,1,0.004302927870714498,-0.03849071201103858,-0.009498284269516244,-0.00956485060975534,0.02840125610327259,-0.028441901048551446,-0.03132430550764978,-0.04601849467296754,0.0037044553552908967,0.007374084239247469,0.005656563873577871,-0.012739000356788328,-0.04771860846536779,-0.02624598806058515,-0.017164297255454885,-1.6858739999999983,29.37579227981756,15.628159,0.6464833259814216,0.7319569999999977,382092740.4817415,518971698.10283506,17.751879,19.408413,18.429902,1,0.09331598080406023
2022-12-15,18.044662,17.751879,17.605488,18.429902,54270584.572942,0,1,0.0055663013993752725,0.004302927870714498,-0.03849071201103858,-0.009498284269516244,0.037483084776670395,0.04314145180092703,-0.01370170535089699,-0.016584109809995303,0.02840125610327259,0.0037044553552908967,0.007374084239247469,-0.008280697852930572,-0.012739000356788328,-0.04771860846536779,-0.02624598806058515,-1.5839390000000009,30.984522129670673,15.628159,0.6591926598398913,0.8244139999999973,385643177.1656854,573242282.6757771,18.12171,19.408413,18.375968,1,0.07100339868588557
2022-12-16,18.244987,18.12171,18.021547,18.375968,63057273.694273,0,1,0.011040450395254324,0.0055663013993752725,0.004302927870714498,-0.03849071201103858,0.013933056960341483,0.034552354509783,0.04021072153403954,-0.016632435617784363,0.037483084776670395,0.02840125610327259,0.0037044553552908967,-0.005542569471134478,-0.008280697852930572,-0.012739000356788328,-0.04771860846536779,-1.6480490000000003,34.212180314473336,15.628159,0.6374232555656132,0.35442099999999854,402093140.53833675,636299556.3700501,18.32974,19.408413,18.861371,1,0.05884824334660488
2022-12-19,18.792028,18.32974,18.221872,18.861371,53324804.66752,0,1,0.029542379987066644,0.011040450395254324,0.0055663013993752725,0.004302927870714498,0.02859109074069663,0.04000530107143695,0.06062459862087835,0.066282965645135,0.013933056960341483,0.037483084776670395,0.02840125610327259,-0.0059022465627643055,-0.005542569471134478,-0.008280697852930572,-0.012739000356788328,-0.5192510000000006,42.16628876292433,15.628159,0.637571523025212,0.6394989999999972,443853573.9400382,689624361.0375701,18.792028,19.662671,19.408413,1,0.04633044395208441
2022-12-20,18.992353,18.792028,18.71498,19.408413,43336805.666319,0,1,0.010603687116714309,0.029542379987066644,0.011040450395254324,0.0055663013993752725,0.03227389450862001,0.05718175450601331,0.06859596483675356,0.08921526238619502,0.02859109074069663,0.013933056960341483,0.037483084776670395,-0.004108464656924603,-0.0059022465627643055,-0.005542569471134478,-0.008280697852930572,-0.7646879999999996,44.79836181174208,15.628159,0.6415616285234111,0.6934329999999989,435186187.8083648,732961166.7038891,19.061696,19.662671,19.262021,1,0.031527887130295085
2022-12-21,19.069401,19.061696,18.822847,19.262021,67821043.217896,0,1,0.0040485840584922215,0.010603687116714309,0.029542379987066644,0.011040450395254324,0.010454456938572174,0.02470259601630131,0.049610456013694466,0.061024666344434764,0.03227389450862001,0.02859109074069663,0.013933056960341483,-0.012609478473577625,-0.004108464656924603,-0.0059022465627643055,-0.005542569471134478,-0.5440889999999996,45.819699105727416,15.628159,0.6271053693431676,0.4391740000000013,443515142.03815496,800782209.9217851,19.10022,19.662671,19.33907,1,0.02944735715086
2022-12-22,19.107925,19.10022,18.853667,19.33907,24568277.543172,0,1,0.002018161935993909,0.0040485840584922215,0.010603687116714309,0.029542379987066644,0.012427548691483903,0.01444652557336666,0.028694664651095728,0.05360252464848895,0.010454456938572174,0.03227389450862001,0.02859109074069663,-0.012992422527454578,-0.012609478473577625,-0.004108464656924603,-0.0059022465627643055,0.1819650000000017,46.35415028598357,15.628159,0.6169837715329411,0.48540299999999803,444684987.7104219,825350487.4649571,19.285136,19.662671,19.662671,1,0.01957647589314382
2022-12-23,19.408413,19.285136,19.161859,19.662671,27860027.213997,0,1,0.015603461397419551,0.002018161935993909,0.0040485840584922215,0.010603687116714309,0.019387321356000995,0.02902211179351113,0.031041088675393853,0.04528922775312285,0.012427548691483903,0.010454456938572174,0.03227389450862001,-0.006412850860085807,-0.012992422527454578,-0.012609478473577625,-0.004108464656924603,0.6626139999999978,50.45912724173011,15.628159,0.6125382164234452,0.554745999999998,444256416.41089904,853210514.6789541,19.223497,19.631852,19.416118,1,0.021242492976173866
2022-12-26,19.023172,19.223497,18.915305,19.400708,17303878.269612,0,1,-0.020048816828356412,0.015603461397419551,0.002018161935993909,0.0040485840584922215,0.009176227367023936,0.0059749165003563165,0.015609706937866554,0.017628683819749216,0.019387321356000995,0.012427548691483903,0.010454456938572174,-0.016161950158006703,-0.006412850860085807,-0.012992422527454578,-0.012609478473577625,0.4545829999999995,45.6375716908437,15.628159,0.6040074866789134,0.49310799999999944,434643126.9399068,835906636.4093422,19.000058,,,0,
2022-12-27,18.915305,19.000058,18.69957,19.053992,18923958.107604,0,1,-0.005686432307816046,-0.020048816828356412,0.015603461397419551,0.002018161935993909,0.0028346016317922404,-0.00885669945654626,-0.012058010323213969,-0.0024232198857037615,0.009176227367023936,0.019387321356000995,0.012427548691483903,-0.01594150284960658,-0.016161950158006703,-0.006412850860085807,-0.012992422527454578,1.047854000000001,44.35944379273135,15.628159,0.5861799519161338,0.35442199999999957,438757016.94750965,816982678.3017381,19.069401,,,0,
2022-12-28,19.300545,19.069401,18.892191,19.416118,24966037.503396,0,1,0.02016195113042232,-0.005686432307816046,-0.020048816828356412,0.015603461397419551,0.018018537341268716,0.02166151407435962,0.009970212986021056,0.006768902119353346,0.0028346016317922404,0.009176227367023936,0.019387321356000995,-0.009336346444173905,-0.01594150284960658,-0.016161950158006703,-0.006412850860085807,1.3560459999999992,49.770005720618556,15.628159,0.5817333124935529,0.5239270000000005,452708543.45078534,841948715.8051342,19.446937,,,0,
2022-12-29,19.262021,19.446937,19.231202,19.631852,27279667.272033,0,1,-0.001998000486568596,0.02016195113042232,-0.005686432307816046,-0.020048816828356412,0.009463772284562631,0.029068340701381857,0.032711317434472816,0.021020016346134186,0.018018537341268716,0.0028346016317922404,0.009176227367023936,-0.011155512795771873,-0.009336346444173905,-0.01594150284960658,-0.016161950158006703,1.2173590000000019,49.25420857083343,15.628159,0.5687987901725847,0.40064999999999884,429625716.6412848,814669048.5331012,,,,0,
