Exchange Date,Close,Open,Low,High,Volume,data_adicional,ibov_status,r1,r2,r3,r4,r5,r6,r7,r8,r9,r10,r11,r12,r13,r14,r15,Momentum,RSI,Parabolic_SAR,ATR,True_Range,Chaikin_AD,OBV,compra,maximo,venda,target,resultado_real
2020-01-22,8.709533,8.840369,8.703586,8.864158,32491500.0,0,1,-0.011203624509486561,-0.012747576985545565,0.005012510841300921,0.011116816405954272,0.0026873368959898277,0.00033556475558076674,0.00369696717428025,0.003023691636312458,0.004687016538850683,0.013378230901813105,0.0043646004285030765,-0.015593493215691269,-0.008424673337111969,-0.001684834438664169,-0.006074950407496215,-0.3597999999999999,28.037346950107324,9.289375,0.14400478571428568,0.16057200000000016,-9659501.704771634,-161957200.0,8.650062,8.855237,8.84929,1,0.023719483166710242
2020-01-23,8.801713,8.650062,8.569776,8.84929,53752100.0,0,1,0.010528188737174485,-0.011203624509486561,-0.012747576985545565,0.005012510841300921,0.02277074126470234,0.0010086119530371156,-0.0013431601873720024,0.0020182422313277954,0.0026873368959898277,0.004687016538850683,0.013378230901813105,-0.00932489396968041,-0.015593493215691269,-0.008424673337111969,-0.001684834438664169,-0.2378840000000011,34.81655085280182,9.289375,0.1536840153061225,0.2795140000000007,25793953.778674513,-108205100.0,8.789819,8.855237,8.578697,0,-0.0240189246217698
2020-01-24,8.712506,8.789819,8.66493,8.855237,36898700.0,0,1,-0.010186896879332026,0.010528188737174485,-0.011203624509486561,-0.012747576985545565,0.0074149155127073985,0.023442546868282548,0.0016804175566174486,-0.0006713545837916684,0.02277074126470234,0.0026873368959898277,0.004687016538850683,-0.014310275245425467,-0.00932489396968041,-0.015593493215691269,-0.008424673337111969,-0.2884349999999998,31.70389526430007,9.289375,0.15629994278425663,0.19030700000000067,7344312.943076996,-145103800.0,8.513278,8.66493,8.66493,1,0.017813584849455166
2020-01-27,8.334865,8.513278,8.227817,8.516252,66105300.0,0,1,-0.04431214544117471,-0.010186896879332026,0.010528188737174485,-0.011203624509486561,0.00034927564415854196,-0.03161778195287143,-0.015590150597296232,-0.037352279908961415,0.0074149155127073985,0.02277074126470234,0.0026873368959898277,-0.034106331891186524,-0.014310275245425467,-0.00932489396968041,-0.015593493215691269,-0.6839169999999992,22.52372962131533,9.289375,0.17975630401395254,0.4846889999999995,-9693154.412479356,-211209100.0,8.453807,8.66493,8.66493,1,0.02497371894106415
2020-01-28,8.563829,8.453807,8.450834,8.66493,47259100.0,0,1,0.027100083912148767,-0.04431214544117471,-0.010186896879332026,0.010528188737174485,0.024666972204161218,0.017656782351604536,-0.014310275245425467,0.001717356110149717,0.00034927564415854196,0.0074149155127073985,0.02277074126470234,-0.00035173773056175695,-0.034106331891186524,-0.014310275245425467,-0.00932489396968041,-0.35682599999999987,34.84268352949262,9.289375,0.19049263944152733,0.3300649999999994,-7067697.9097890025,-163950000.0,8.6233,8.647088,8.379469,0,-0.028275834077441386
2020-01-29,8.578697,8.6233,8.525173,8.647088,42297500.0,0,1,0.0017346339422900038,0.027100083912148767,-0.04431214544117471,-0.010186896879332026,0.002754774825383043,0.022605744412340603,0.015595554559783991,-0.016371503037245955,0.024666972204161218,0.00034927564415854196,0.0074149155127073985,-0.011444525822297564,-0.00035173773056175695,-0.034106331891186524,-0.014310275245425467,-0.20814799999999956,35.55921615688057,9.289375,0.18559423662427535,0.12191499999999955,-12225692.680736212,-121652500.0,8.409204,8.635194,8.635194,1,0.026874125065820653
2020-01-30,8.605459,8.409204,8.379469,8.635194,44266800.0,0,1,0.0031147321563053942,0.0017346339422900038,0.027100083912148767,-0.04431214544117471,0.026519357773313105,0.001378336010433785,0.021229305597391557,0.014219115744834997,0.002754774825383043,0.024666972204161218,0.00034927564415854196,-0.0035422729470212812,-0.011444525822297564,-0.00035173773056175695,-0.034106331891186524,-0.172466,36.90422080963424,9.289375,0.19060357686539856,0.255725,21746663.69427583,-77385700.0,8.513278,8.688718,8.688718,1,0.020607808179176068
2020-01-31,8.459755,8.513278,8.418125,8.575723,55446700.0,0,1,-0.017076555933771144,0.0031147321563053942,0.0017346339422900038,0.027100083912148767,0.007308242059805771,0.019608484088284004,-0.005532537674595229,0.014318431912362414,0.026519357773313105,0.002754774825383043,0.024666972204161218,-0.011239942935761351,-0.0035422729470212812,-0.011444525822297564,-0.00035173773056175695,-0.41629700000000014,32.88040805883086,9.289375,0.19037003566072722,0.1873339999999999,-4407201.10477014,-132832400.0,8.480569,8.774951,8.635194,1,0.03471252931259694
2020-02-03,8.379469,8.480569,8.373522,8.543014,39452800.0,0,1,-0.00953566605670949,-0.017076555933771144,0.0031147321563053942,0.0017346339422900038,0.007336326327346738,0.003486810630017692,0.01578705265849575,-0.009353969104383545,0.007308242059805771,0.026519357773313105,0.002754774825383043,-0.012702962084190722,-0.011239942935761351,-0.0035422729470212812,-0.011444525822297564,-0.5411859999999997,30.882276585939017,9.289375,0.18887874739924668,0.16949199999999998,-41091424.39790454,-172285200.0,8.519226,8.774951,8.688718,1,0.030017398294164277
2020-02-04,8.513278,8.519226,8.492464,8.635194,57658400.0,0,1,0.015842514975499468,-0.00953566605670949,-0.017076555933771144,0.0031147321563053942,0.01352068640740006,0.018068631442164265,0.014219115744834997,0.026519357773313105,0.007336326327346738,0.007308242059805771,0.026519357773313105,-0.00314630963496338,-0.012702962084190722,-0.011239942935761351,-0.0035422729470212812,-0.2943820000000006,37.67973191334679,9.289375,0.19365347972787192,0.255725,-81933430.68109688,-114626800.0,8.638168,8.774951,8.774951,1,0.01583472328854918
2020-02-05,8.441913,8.638168,8.441913,8.688718,67994500.0,0,1,-0.008418120614283073,0.015842514975499468,-0.00953566605670949,-0.017076555933771144,0.005834879206559763,0.01969991085831785,0.024247855893081927,0.020398340195752526,0.01352068640740006,0.007336326327346738,0.007308242059805771,-0.022981581603475937,-0.00314630963496338,-0.012702962084190722,-0.011239942935761351,-0.26762000000000086,35.665146971106466,9.289375,0.19745001689016678,0.24680500000000016,-149927930.68109688,-182621300.0,8.534093,8.810634,8.774951,1,0.03240426369855598
2020-02-06,8.676824,8.534093,8.361627,8.774951,126114000.0,0,1,0.027446621405094056,-0.008418120614283073,0.015842514975499468,-0.00953566605670949,0.027832102998198476,0.01571066199485819,0.029575693646616125,0.034123638681380256,0.005834879206559763,0.01352068640740006,0.007336326327346738,-0.020416056906540813,-0.022981581603475937,-0.00314630963496338,-0.012702962084190722,-0.12488899999999958,45.915788548812905,9.289375,0.21286958711229767,0.41332399999999936,-83695227.08778994,-56507300.0,8.6233,9.003914,8.810634,1,0.04413785905627776
2020-02-07,8.602485,8.6233,8.543014,8.727374,54514600.0,0,1,-0.008604448088699413,0.027446621405094056,-0.008418120614283073,0.015842514975499468,0.01199668072769965,0.022395440476248446,0.01027399947290807,0.02413903112466594,0.027832102998198476,0.005834879206559763,0.01352068640740006,-0.009353969104383545,-0.020416056906540813,-0.022981581603475937,-0.00314630963496338,-0.1100209999999997,43.55095559646354,9.289375,0.2108331880328478,0.18435999999999986,-103039098.3331792,-111021900.0,8.590591,9.003914,8.810634,1,0.04811345342829143
2020-02-10,8.661956,8.590591,8.516252,8.661956,45328100.0,0,1,0.006889448112440675,-0.008604448088699413,0.027446621405094056,-0.008418120614283073,0.008273028560451916,0.004472721080151265,0.014871480828699752,0.0027500398253593955,0.01199668072769965,0.027832102998198476,0.005834879206559763,-0.008691196609941727,-0.009353969104383545,-0.020416056906540813,-0.022981581603475937,0.32709099999999935,45.94930743259349,9.289375,0.2061811031733587,0.14570400000000028,-57710998.333179206,-65693800.0,8.742242,9.003914,9.003914,1,0.02993190991509964
2020-02-11,8.76603,8.742242,8.700612,8.810634,37518200.0,0,1,0.011943461182989513,0.006889448112440675,-0.008604448088699413,0.027446621405094056,0.007792722525967331,0.025291866475662048,0.0214915589953613,0.03189031874390999,0.008273028560451916,0.01199668072769965,0.027832102998198476,-0.004773310496455833,-0.008691196609941727,-0.009353969104383545,-0.020416056906540813,0.20220100000000052,49.956375717364786,9.289375,0.20207373866097594,0.1486780000000003,-50613292.28529743,-28175600.0,8.813607,9.003914,9.003914,1,0.02159240819337649
2020-02-12,8.959311,8.813607,8.810634,9.003914,64851000.0,0,1,0.021809302404414484,0.011943461182989513,0.006889448112440675,-0.008604448088699413,0.021362594417836854,0.029492693177844368,0.04699183712753908,0.043191529647238436,0.007792722525967331,0.008273028560451916,0.01199668072769965,-0.0003373762340402188,-0.004773310496455833,-0.008691196609941727,-0.009353969104383545,0.38061399999999956,56.4182920034894,9.289375,0.2046316144709062,0.23788399999999932,-15693471.434718275,36675400.0,8.852263,8.9831,8.846316,0,-0.0006718056162589026
2020-02-13,8.837396,8.852263,8.813607,8.9831,55277100.0,0,1,-0.013701063589158884,0.021809302404414484,0.011943461182989513,0.006889448112440675,0.014671901776326171,0.019048257053085414,0.027178355813092917,0.04467749976278767,0.021362594417836854,0.007792722525967331,0.008273028560451916,-0.004376355276759323,-0.0003373762340402188,-0.004773310496455833,-0.008691196609941727,0.23193700000000028,51.868717851654914,9.289375,0.20212171343727012,0.169493000000001,-55453860.63368186,-18601700.0,8.879025,9.0842,9.0842,1,0.02310782997006977
2020-02-14,8.748189,8.879025,8.724401,8.908761,30399900.0,0,1,-0.010145555600091389,-0.013701063589158884,0.021809302404414484,0.011943461182989513,0.0033434208956894585,0.00636204202704087,0.01073839730380015,0.01886849606380766,0.014671901776326171,0.021362594417836854,0.007792722525967331,-0.017567941242000278,-0.004376355276759323,-0.0003373762340402188,-0.004773310496455833,0.2884340000000005,48.76967789571236,9.289375,0.20085301962032223,0.18435999999999986,-78008752.80985901,-49001600.0,8.810634,9.185301,9.0842,1,0.04252440857264084
2020-02-17,8.730348,8.810634,8.71548,8.852263,38684900.0,0,1,-0.002041475919433704,-0.010145555600091389,-0.013701063589158884,0.021809302404414484,0.004713731510799419,-0.0030186211313514566,0.0,0.00437635527675917,0.0033434208956894585,0.014671901776326171,0.021362594417836854,-0.010858646128521249,-0.017567941242000278,-0.004376355276759323,-0.0003373762340402188,0.35087899999999905,48.15006072519021,9.289375,0.19627658964744216,0.1367830000000012,-108283732.08579256,-87686500.0,8.641141,9.185301,8.852263,1,0.06297316523361918
2020-02-18,8.846316,8.641141,8.608432,8.852263,33890900.0,0,1,0.013195869568519593,-0.002041475919433704,-0.010145555600091389,-0.013701063589158884,0.024138498265294846,0.004713731510799419,-0.0030186211313514566,0.0,0.004713731510799419,0.0033434208956894585,0.014671901776326171,-0.003792446248204977,-0.010858646128521249,-0.017567941242000278,-0.004376355276759323,0.33303800000000017,52.384765529992684,9.289375,0.19967333324405345,0.24383100000000013,-76046019.59927548,-53795600.0,8.881999,9.185301,9.0842,1,0.03414794349785444
2020-02-19,9.0842,8.881999,8.84929,9.0842,44181800.0,0,1,0.026535539565168537,0.013195869568519593,-0.002041475919433704,-0.010145555600091389,0.022509996451014907,0.050002006451693476,0.030577239697198028,0.022844887055047162,0.024138498265294846,0.004713731510799419,0.0033434208956894585,-0.003689414469788345,-0.003792446248204977,-0.010858646128521249,-0.017567941242000278,0.6422869999999996,59.66249162935083,9.289375,0.20240266658376388,0.23788399999999932,-31864219.599275485,-9613800.0,9.158539,9.185301,7.523086,0,-0.17857138567625241
2020-02-20,8.896867,9.158539,8.846316,9.185301,73522900.0,0,1,-0.020837448441935063,0.026535539565168537,0.013195869568519593,-0.002041475919433704,0.002917820803814312,0.03357784466948059,0.06106985467015902,0.04164508791566383,0.022509996451014907,0.024138498265294846,0.004713731510799419,-0.03468556697981995,-0.003689414469788345,-0.003792446248204977,-0.010858646128521249,0.22004300000000043,52.816265935302745,9.289375,0.2121585475420665,0.338985000000001,-83458974.59049915,-83136700.0,8.774951,8.825501,7.53498,0,-0.1413080255376924
2020-02-21,8.66493,8.774951,8.63222,8.825501,47805100.0,0,1,-0.02641534763342081,-0.020837448441935063,0.026535539565168537,0.013195869568519593,0.005744186455463368,-0.03704129640209748,-0.006381272536431101,0.021110737464247287,0.002917820803814312,0.022509996451014907,0.024138498265294846,-0.016399471098066762,-0.03468556697981995,-0.003689414469788345,-0.003792446248204977,0.062445000000000306,45.80770588736256,9.289375,0.21590772271763317,0.2646470000000001,-115083437.89056486,-130941800.0,8.040484,8.144558,7.888833,0,-0.018860929267441984
2020-02-26,7.793679,8.040484,7.740155,8.144558,89207100.0,0,1,-0.10597082411726652,-0.02641534763342081,-0.020837448441935063,0.026535539565168537,0.012860693776453068,-0.07455121113033891,-0.11733669398789975,-0.0866766701222334,0.005744186455463368,0.002917820803814312,0.022509996451014907,-0.03806756714304817,-0.016399471098066762,-0.03468556697981995,-0.003689414469788345,-0.868277,29.80704392978372,9.289375,0.2665410996663737,0.9247750000000003,-180676861.33326915,-220148900.0,7.647975,8.17132,7.888833,1,0.06842922472942181
2020-02-27,7.523086,7.647975,7.40117,7.888833,100112100.0,0,1,-0.03533659441856737,-0.10597082411726652,-0.02641534763342081,-0.020837448441935063,0.031007308257652893,-0.019041065211004068,-0.10645297011779603,-0.14923845297535693,0.012860693776453068,0.005744186455463368,0.002917820803814312,-0.03280281109484307,-0.03806756714304817,-0.016399471098066762,-0.03468556697981995,-1.2429440000000005,26.688952227701616,9.289375,0.2823355211187756,0.4876630000000004,-230732808.68851224,-320261000.0,7.481456,8.17132,7.600398,1,0.09220985861575604
2020-02-28,7.53498,7.481456,7.320884,7.600398,89095300.0,0,1,0.0015797516724353798,-0.03533659441856737,-0.10597082411726652,-0.02641534763342081,0.01577318889167879,-0.006240292573145427,-0.05628866604180248,-0.14370057094859442,0.031007308257652893,0.012860693776453068,0.005744186455463368,-0.021696339741447534,-0.03280281109484307,-0.03806756714304817,-0.016399471098066762,-1.4243309999999996,27.050187554632153,9.289375,0.28213398389600586,0.2795139999999998,-183341583.1563387,-231165700.0,7.582557,8.17132,7.954251,1,0.0776470259306985
2020-03-02,7.888833,7.582557,7.57661,7.954251,71596400.0,0,1,0.04589203737804894,0.0015797516724353798,-0.03533659441856737,-0.10597082411726652,0.047856024875250903,0.06127907728670829,0.03926559582188408,-0.01078277764677286,0.01577318889167879,0.031007308257652893,0.012860693776453068,-0.0007846077960729941,-0.021696339741447534,-0.03280281109484307,-0.03806756714304817,-0.948563,36.996559311922304,9.289375,0.2919294850462912,0.41927100000000017,-136550187.35450578,-159569300.0,7.900727,8.17132,8.17132,1,0.034249126694290366
2020-03-03,7.746102,7.900727,7.659869,8.17132,86855700.0,0,1,-0.018258466080342192,0.04589203737804894,0.0015797516724353798,-0.03533659441856737,0.03367568197352129,0.07477998466694422,0.0882030370784016,0.06618955561357737,0.047856024875250903,0.01577318889167879,0.031007308257652893,-0.030959898776776136,-0.0007846077960729941,-0.021696339741447534,-0.03280281109484307,-1.0020870000000004,34.927881471361694,9.289375,0.30760959325727033,0.5114510000000001,-194117343.2785337,-246425000.0,8.001828,8.010748,4.77255,0,-0.403567534818294
2020-03-04,7.99588,8.001828,7.8026,8.010748,42320500.0,0,1,0.03173665992917154,-0.018258466080342192,0.04589203737804894,0.0015797516724353798,0.0011141244135459932,0.013829359435871201,0.05493366212929417,0.06835671454075148,0.03367568197352129,0.047856024875250903,0.01577318889167879,-0.02521300409202062,-0.030959898776776136,-0.0007846077960729941,-0.021696339741447534,-0.7344679999999997,41.131370388227175,9.289375,0.30454076516746525,0.26464599999999994,-157842745.175261,-204104500.0,7.829362,7.930462,5.221557,0,-0.33308014114049145
2020-03-05,7.520112,7.829362,7.347646,7.930462,69722300.0,0,1,-0.06134537755392712,0.03173665992917154,-0.018258466080342192,0.04589203737804894,0.012830268521301976,-0.008958721854951187,0.0037565131673740035,0.0448608158607971,0.0011141244135459932,0.03367568197352129,0.047856024875250903,-0.06350103538359719,-0.02521300409202062,-0.030959898776776136,-0.0007846077960729941,-1.3262039999999997,34.40360620881566,9.289375,0.3290902819412177,0.6482339999999995,-186300817.04219672,-273826800.0,7.16626,7.17518,4.713079,0,-0.3423237504639799
2020-03-06,6.788618,7.16626,6.705359,7.17518,138597600.0,0,1,-0.10233364522295613,-0.06134537755392712,0.03173665992917154,-0.018258466080342192,0.0012439477695737535,-0.08725317676241141,-0.10904216713866453,-0.09632693211633932,0.012830268521301976,0.0011141244135459932,0.03367568197352129,-0.06647684323639895,-0.06350103538359719,-0.02521300409202062,-0.030959898776776136,-2.2955819999999996,27.07174739512646,9.289375,0.3637804760882736,0.8147530000000005,-275775463.4986132,-412424400.0,5.295896,5.545674,5.420785,1,0.04716444582748602
2020-03-09,4.77255,5.295896,4.582243,5.420785,252818600.0,0,1,-0.35236663299265325,-0.10233364522295613,-0.06134537755392712,0.03173665992917154,0.023308457932816683,-0.27914326175697807,-0.36764038628896323,-0.38942937666521626,0.0012439477695737535,0.012830268521301976,0.0011141244135459932,-0.14474356474480488,-0.06647684323639895,-0.06350103538359719,-0.02521300409202062,-4.1243170000000005,16.58257553643214,9.289375,0.49539437065339686,2.2063749999999995,-413839765.4188511,-665243000.0,5.545674,5.545674,4.57927,0,-0.1742626775392856
2020-03-10,5.221557,5.545674,4.867704,5.545674,169491500.0,0,1,0.08991488002896347,-0.35236663299265325,-0.10233364522295613,-0.06134537755392712,0.0,0.046085983382757545,-0.2563657363070373,-0.3448628608390225,0.023308457932816683,0.0012439477695737535,0.012830268521301976,-0.13039579634467868,-0.14474356474480488,-0.06647684323639895,-0.06350103538359719,-3.4433730000000002,23.675442676349803,9.289375,0.5152322013210113,0.7731240000000001,-406405809.27919894,-495751500.0,4.965831,5.093694,5.093694,1,0.025748560512832697
2020-03-11,4.713079,4.965831,4.460328,5.093694,129762400.0,0,1,-0.10245422333285235,0.08991488002896347,-0.35236663299265325,-0.10233364522295613,0.025422648988291628,-0.08501486028083935,-0.03892887689808181,-0.3413805965878765,0.0,0.023308457932816683,0.0012439477695737535,-0.1073583491645356,-0.13039579634467868,-0.14474356474480488,-0.06647684323639895,-3.0806000000000004,21.451022685854248,9.289375,0.5328034012266534,0.7612290000000002,-432602257.325984,-625513900.0,4.061872,4.57927,4.57927,1,0.12737919855672453
2020-03-12,3.746675,4.061872,3.294695,4.121343,149988500.0,0,1,-0.2294726299541127,-0.10245422333285235,0.08991488002896347,-0.35236663299265325,0.014535130027220788,-0.18640157397502152,-0.2968390832441525,-0.25075309986139493,0.025422648988291628,0.0,0.023308457932816683,-0.20933035191257868,-0.1073583491645356,-0.13039579634467868,-0.14474356474480488,-3.776411,17.991225352351208,9.289375,0.5960591582818923,1.4183839999999996,-418574628.9859892,-775502400.0,4.490063,4.57927,4.57927,1,0.019867649963931422
2020-03-13,4.57927,4.490063,3.776411,4.57927,173046800.0,0,1,0.2006708167818351,-0.2294726299541127,-0.10245422333285235,0.08991488002896347,0.019672863939957427,0.11989564568504703,-0.08104105831719532,-0.19147856758632634,0.014535130027220788,0.025422648988291628,0.0,-0.17309264513711453,-0.20933035191257868,-0.1073583491645356,-0.13039579634467868,-2.95571,28.666006037220765,9.289375,0.6129545755474713,0.832595,-245527828.9859892,-602455600.0,3.838855,4.192708,4.192708,1,0.09217670373066955
2020-03-16,3.892379,3.838855,3.731807,4.192708,125346000.0,0,1,-0.16251905795391142,0.2006708167818351,-0.2294726299541127,-0.10245422333285235,0.08817268083499621,-0.06851990694845476,0.03170287479663474,-0.1692338292056076,0.019672863939957427,0.014535130027220788,0.025422648988291628,-0.02828157830301882,-0.17309264513711453,-0.20933035191257868,-0.1073583491645356,-3.996454,25.69449446023622,9.289375,0.6297051772940806,0.8474630000000003,-283535949.866612,-727801600.0,4.04403,4.115396,4.115396,1,0.017647247918536557
2020-03-17,3.865617,4.04403,3.865617,4.115396,148051800.0,0,1,-0.006899231748639318,-0.16251905795391142,0.2006708167818351,-0.2294726299541127,0.017493343263402895,0.06956091773906116,-0.08713167004438992,0.013091111700699648,0.08817268083499621,0.019672863939957427,0.014535130027220788,-0.045120412454800425,-0.02828157830301882,-0.17309264513711453,-0.20933035191257868,-3.8804849999999997,25.583223731808403,9.289375,0.6025675932016463,0.24977899999999975,-431587749.866612,-875853400.0,3.505817,4.014295,3.654495,1,0.14503837479252324
2020-03-18,3.35714,3.505817,3.232251,3.654495,161408100.0,0,1,-0.14103188604292663,-0.006899231748639318,-0.16251905795391142,0.2006708167818351,0.04153432785940609,-0.10128380276718275,-0.04921622829152447,-0.2059088160749755,0.017493343263402895,0.08817268083499621,0.019672863939957427,-0.08124479036725892,-0.045120412454800425,-0.02828157830301882,-0.17309264513711453,-4.63874,23.50083600309753,9.289375,0.6047674794015288,0.6333659999999997,-497515055.8190947,-1037261500.0,3.291722,4.026189,3.886432,1,0.22312546442257264
2020-03-19,3.630707,3.291722,3.226304,3.886432,155410800.0,0,1,0.07833797412196791,-0.14103188604292663,-0.006899231748639318,-0.16251905795391142,0.16608068096859038,0.1030679241712138,-0.03975020645537496,0.01231736802028322,0.04153432785940609,0.017493343263402895,0.08817268083499621,-0.020073622495190298,-0.08124479036725892,-0.045120412454800425,-0.02828157830301882,-3.889405,26.946132614127556,9.289375,0.6087218023014197,0.6601280000000003,-462512500.37166625,-881850700.0,3.898326,4.397883,4.014295,1,0.12814654290072203
2020-03-20,3.568262,3.898326,3.517712,4.014295,148237800.0,0,1,-0.01734875263742622,0.07833797412196791,-0.14103188604292663,-0.006899231748639318,0.029314510228496564,0.19845090834460158,0.13543815154722486,-0.007379979079363895,0.16608068096859038,0.04153432785940609,0.017493343263402895,-0.10273645195205507,-0.020073622495190298,-0.08124479036725892,-0.045120412454800425,-3.2203559999999998,26.651077366341546,9.289375,0.6007118878513182,0.4965829999999998,-580570367.5507683,-1030088500.0,3.600971,4.516825,4.026189,1,0.2543352890095476
2020-03-23,3.419584,3.600971,3.354166,3.621786,106106400.0,0,1,-0.042559736265968366,-0.01734875263742622,0.07833797412196791,-0.14103188604292663,0.005763743020594212,-0.07357995588409284,0.09555644223201204,0.03254368543463556,0.029314510228496564,0.16608068096859038,0.04153432785940609,-0.07100037599699904,-0.10273645195205507,-0.020073622495190298,-0.08124479036725892,-1.352966,25.923247242808273,9.289375,0.5769196101476527,0.26761999999999997,-634802703.7648033,-1136194900.0,3.737754,4.516825,4.026189,1,0.20843292522728896
2020-03-24,3.939956,3.737754,3.651521,4.026189,113403000.0,0,1,0.14165064948561354,-0.042559736265968366,-0.01734875263742622,0.07833797412196791,0.07433537470028612,0.1116167396583571,0.03227304075367007,0.20140943886977497,0.005763743020594212,0.029314510228496564,0.16608068096859038,-0.02334110315116061,-0.07100037599699904,-0.10273645195205507,-0.020073622495190298,-1.2816009999999998,32.83676028072012,9.289375,0.579039995137106,0.6066049999999996,-573601017.4558575,-1022791900.0,3.936982,4.516825,4.397883,1,0.14728108993132305
2020-03-25,4.258126,3.936982,3.815067,4.397883,157331500.0,0,1,0.07765960165612197,0.14165064948561354,-0.042559736265968366,-0.01734875263742622,0.11070884883533431,0.1626383925034807,0.19991975746155172,0.12057605855686458,0.07433537470028612,0.005763743020594212,0.029314510228496564,-0.03145621310553954,-0.02334110315116061,-0.07100037599699904,-0.10273645195205507,-0.4549529999999997,36.72521899198515,9.289375,0.5793097097701699,0.5828160000000002,-491724475.60903126,-865460400.0,4.281914,4.516825,4.516825,1,0.05486121393376875
2020-03-26,4.278941,4.281914,4.106475,4.516825,129591700.0,0,1,0.0048763916804167515,0.07765960165612197,0.14165064948561354,-0.042559736265968366,0.05340920750078895,0.13739487345172452,0.18932441711987086,0.2266057820779418,0.11070884883533431,0.07433537470028612,0.005763743020594212,-0.041835109622773745,-0.03145621310553954,-0.02334110315116061,-0.07100037599699904,0.5322659999999995,36.98226479469693,9.289375,0.5672411590723007,0.4103500000000002,-512383985.3704545,-735868700.0,3.954824,4.326518,4.070792,1,0.09398496620835717
2020-03-27,3.954824,3.954824,3.939956,4.070792,100330500.0,0,1,-0.07876944947401023,0.0048763916804167515,0.07765960165612197,0.14165064948561354,0.0289014755207025,-0.050562530774914405,0.033423135176021246,0.0853526788441675,0.05340920750078895,0.11070884883533431,0.07433537470028612,-0.003766543862528413,-0.041835109622773745,-0.03145621310553954,-0.02334110315116061,-0.6244460000000003,34.62362063593958,9.289375,0.5509371477099935,0.33898499999999965,-589911680.7295301,-836199200.0,3.91022,4.921228,4.08566,1,0.25855527310483817
2020-03-30,3.978612,3.91022,3.815067,4.08566,110533100.0,0,1,0.005996915155197335,-0.07876944947401023,0.0048763916804167515,0.07765960165612197,0.04388964356987985,0.03254718237161419,-0.04691682392400258,0.03706884202693285,0.0289014755207025,0.05340920750078895,0.11070884883533431,-0.024635411562592652,-0.003766543862528413,-0.041835109622773745,-0.03145621310553954,0.086233,34.95152473463528,9.289375,0.5309125657307082,0.27059299999999986,-566833520.7228041,-725666100.0,4.04403,4.921228,4.323544,1,0.21691184288939502
2020-03-31,4.159999,4.04403,4.04403,4.323544,155314800.0,0,1,0.04458181913600691,0.005996915155197335,-0.07876944947401023,0.0048763916804167515,0.06683371677820732,0.10048179790748447,0.08913933670921897,0.009675330413602001,0.04388964356987985,0.0289014755207025,0.05340920750078895,0.0,-0.024635411562592652,-0.003766543862528413,-0.041835109622773745,0.29438200000000014,37.52468790091467,9.289375,0.5176282396070861,0.344932,-593269609.5226496,-570351300.0,3.999427,4.921228,4.326518,1,0.23048326672795882
2020-04-01,4.252179,3.999427,3.960771,4.326518,113484400.0,0,1,0.021916723541397034,0.04458181913600691,0.005996915155197335,-0.07876944947401023,0.07861196060416804,0.0675213419344623,0.10116942306373936,0.08982696186547387,0.06683371677820732,0.04388964356987985,0.0289014755207025,-0.009712397573538516,0.0,-0.024635411562592652,-0.003766543862528413,0.8950390000000001,38.84857817987718,9.289375,0.5067795796351514,0.36574700000000027,-525917190.43623203,-456866900.0,4.57927,5.075853,4.921228,1,0.10844152015495934
2020-04-02,4.611979,4.57927,4.463301,4.921228,233805800.0,0,1,0.08122549162740586,0.021916723541397034,0.04458181913600691,0.005996915155197335,0.072018496080792,0.20740699199824772,0.1963163733285422,0.22996445445781916,0.07861196060416804,0.06683371677820732,0.04388964356987985,-0.025650969979451745,-0.009712397573538516,0.0,-0.024635411562592652,0.9812719999999997,43.85009489035747,9.289375,0.5183702525183549,0.6690490000000002,-607900631.2724357,-223061100.0,4.846889,5.212636,5.075853,1,0.07546015598871758
2020-04-03,4.561428,4.846889,4.439513,4.864731,142008100.0,0,1,-0.011021316659998164,0.08122549162740586,0.021916723541397034,0.04458181913600691,0.0036743653630751144,0.06047182442464358,0.1958603203420995,0.18476970167239387,0.072018496080792,0.07861196060416804,0.06683371677820732,-0.08779237009400988,-0.025650969979451745,-0.009712397573538516,0.0,0.9931660000000004,43.31407917045841,9.289375,0.5117165201956152,0.4252180000000001,-668477947.479181,-365069200.0,4.77255,5.557568,5.075853,1,0.16448607138741345
2020-04-06,4.689291,4.77255,4.513851,4.787418,122543300.0,0,1,0.027645665925220622,-0.011021316659998164,0.08122549162740586,0.021916723541397034,0.003110473170491191,-0.012345829414910962,0.04445162964665756,0.1798401255641134,0.0036743653630751144,0.072018496080792,0.07861196060416804,-0.05573008381995191,-0.08779237009400988,-0.025650969979451745,-0.009712397573538516,1.269707,45.14073527911744,9.289375,0.49470584018164265,0.2735669999999999,-633845882.3803203,-242525900.0,4.939069,5.557568,5.075853,1,0.12522582697265405
2020-04-07,4.876625,4.939069,4.858783,5.075853,139719500.0,0,1,0.03917198391737742,0.027645665925220622,-0.011021316659998164,0.08122549162740586,0.027317737721660913,0.061613836369671514,0.046157533784269525,0.10295499284583803,0.003110473170491191,0.0036743653630751144,0.072018496080792,-0.016388856868694106,-0.05573008381995191,-0.08779237009400988,-0.025650969979451745,0.9366689999999998,47.79503404070328,9.289375,0.48698128016866826,0.3865620000000005,-750596982.1499801,-102806400.0,4.90636,5.557568,5.212636,1,0.13272731719645514
2020-04-08,5.150191,4.90636,4.876625,5.212636,114581800.0,0,1,0.05458041912663504,0.03917198391737742,0.027645665925220622,-0.011021316659998164,0.060553355232236455,0.05390882601138828,0.08820492465939891,0.07274862207399682,0.027317737721660913,0.003110473170491191,0.0036743653630751144,-0.006078940439483349,-0.016388856868694106,-0.05573008381995191,-0.08779237009400988,0.8920650000000006,51.486450705409595,9.289375,0.47619768872804913,0.33601100000000006,-678603433.7310292,11775400.0,5.334552,5.557568,5.557568,1,0.04180594734103238
2020-04-09,5.001514,5.334552,4.90636,5.557568,184868500.0,0,1,-0.02929313476713314,0.05458041912663504,0.03917198391737742,0.027645665925220622,0.0409556950293348,0.12462827981944352,0.1179837505985953,0.15227984924660604,0.060553355232236455,0.027317737721660913,0.003110473170491191,-0.08367258479010865,-0.006078940439483349,-0.016388856868694106,-0.05573008381995191,0.7225730000000006,49.44034033926501,9.289375,0.48869842524747414,0.6512079999999996,-809446254.5348276,-173093100.0,5.001514,5.144244,5.0818,1,0.02853735888772868
2020-04-13,5.034223,5.001514,4.85581,5.0818,93256500.0,0,1,0.00651852790090502,-0.02929313476713314,0.05458041912663504,0.03917198391737742,0.015924862939318562,-0.048539377930771434,0.03513320685933714,0.02848867763848892,0.0409556950293348,0.060553355232236455,0.027317737721660913,-0.029564740461088135,-0.08367258479010865,-0.006078940439483349,-0.016388856868694106,1.079399,49.911945367440055,9.289375,0.4699335377297974,0.22599000000000036,-755455779.5846088,-79836600.0,5.060985,5.144244,5.144244,1,0.016451145379802634
2020-04-14,4.974752,5.060985,4.939069,5.144244,90489300.0,0,1,-0.011883674378527852,0.00651852790090502,-0.02929313476713314,0.05458041912663504,0.016317291327532662,0.028137753114510472,-0.03632648775557966,0.047346097034529064,0.015924862939318562,0.0409556950293348,0.060553355232236455,-0.024384276486148264,-0.029564740461088135,-0.08367258479010865,-0.006078940439483349,0.9961399999999996,49.01670216651057,9.289375,0.4510222136062404,0.20517499999999966,-814470195.2965622,-170325900.0,4.769577,4.983673,4.89744,1,0.044887838061949736
2020-04-15,4.870678,4.769577,4.716053,4.89744,86289800.0,0,1,-0.021142373004950688,-0.011883674378527852,0.00651852790090502,-0.02929313476713314,0.026454997890237475,-0.03284850877344296,-0.021028046986465085,-0.08549228785655522,0.016317291327532662,0.015924862939318562,0.0409556950293348,-0.011285400773181133,-0.024384276486148264,-0.029564740461088135,-0.08367258479010865,0.7106789999999998,47.41395718342154,9.289375,0.4372848412057947,0.258699,-753642943.6335431,-256615700.0,4.956911,4.983673,4.980699,0,0.004798956446868008
2020-04-16,4.674423,4.956911,4.617926,4.983673,113215600.0,0,1,-0.04112741445328054,-0.021142373004950688,-0.011883674378527852,0.00651852790090502,0.005384404911532446,0.043909547658149,-0.015393959005531628,-0.003573497218553741,0.026454997890237475,0.016317291327532662,0.015924862939318562,-0.070837077918356,-0.011285400773181133,-0.024384276486148264,-0.029564740461088135,0.42224400000000006,44.461601955907845,9.289375,0.43217499540538074,0.3657469999999998,-831881678.4606229,-369831300.0,4.683344,5.182901,4.796339,1,0.10666673214694455
2020-04-17,4.796339,4.683344,4.626846,4.796339,116224800.0,0,1,0.02574718590695246,-0.04112741445328054,-0.021142373004950688,-0.011883674378527852,0.023840533881408613,-0.032929845898815376,0.00559529684780106,-0.0537082098158795,0.005384404911532446,0.026454997890237475,0.016317291327532662,-0.012136958222838187,-0.070837077918356,-0.011285400773181133,-0.024384276486148264,0.18435999999999986,46.68263855458504,9.289375,0.41341199573356785,0.16949300000000012,-715656878.4606229,-253606500.0,4.603058,5.182901,4.85581,1,0.12596908403065976
2020-04-20,4.742815,4.603058,4.561428,4.85581,132867000.0,0,1,-0.011222077285046789,0.02574718590695246,-0.04112741445328054,-0.021142373004950688,0.05345506090467631,0.036163541449221924,-0.020606838331001895,0.0179183044156146,0.023840533881408613,0.005384404911532446,0.026454997890237475,-0.009085132836335531,-0.012136958222838187,-0.070837077918356,-0.011285400773181133,0.18138699999999996,45.81636406072065,9.289375,0.4049098531811701,0.2943819999999997,-684788687.2532799,-386473500.0,4.713079,5.182901,4.980699,1,0.09968472839093101
2020-04-22,4.980699,4.713079,4.692265,4.980699,114260100.0,0,1,0.04893940134711453,-0.011222077285046789,0.02574718590695246,-0.04112741445328054,0.05522883268423594,0.07884937739893047,0.06155785794347608,0.0047874781632523,0.05345506090467631,0.023840533881408613,0.005384404911532446,-0.004426001638634297,-0.009085132836335531,-0.012136958222838187,-0.070837077918356,0.29140800000000056,50.23628293972764,9.289375,0.39659014938251513,0.2884340000000005,-570528587.2532799,-272213400.0,5.114509,5.182901,5.129377,0,0.002907023919598073
2020-04-23,5.04017,5.114509,4.942043,5.182901,94317800.0,0,1,0.01186956904055975,0.04893940134711453,-0.011222077285046789,0.02574718590695246,0.01328353550215171,0.09502352816997141,0.11864407288466607,0.10135255342921154,0.05522883268423594,0.05345506090467631,0.023840533881408613,-0.03430259415681975,-0.004426001638634297,-0.009085132836335531,-0.012136958222838187,0.16354500000000005,51.30570449388071,9.289375,0.3854664244266212,0.24085800000000024,-587995107.5731367,-177895600.0,4.962858,5.495123,5.129377,1,0.10724969362411763
2020-04-24,4.742815,4.962858,4.543587,4.992593,160177100.0,0,1,-0.06080897038767405,0.01186956904055975,0.04893940134711453,-0.011222077285046789,0.005973629607046018,-0.024125988539934255,0.05761400412788546,0.08123454884257995,0.01328353550215171,0.05522883268423594,0.05345506090467631,-0.0882649962655223,-0.03430259415681975,-0.004426001638634297,-0.009085132836335531,-0.4073760000000002,45.984584250667595,9.289375,0.39340332268186257,0.4965830000000002,-606028168.1669816,-338072700.0,4.799312,5.495123,4.915281,1,0.144981405668146
2020-04-27,4.891492,4.799312,4.692265,4.915281,85572700.0,0,1,0.03086652813838895,-0.06080897038767405,0.01186956904055975,0.04893940134711453,0.023876349580255633,-0.009632860581638753,-0.039732478728618965,0.04200751393920079,0.005973629607046018,0.01328353550215171,0.05522883268423594,-0.02255716599757949,-0.0882649962655223,-0.03430259415681975,-0.004426001638634297,-0.11002199999999984,48.84156862018524,9.289375,0.38123279963315815,0.22301600000000033,-538711458.4125243,-252500000.0,5.066932,5.495123,5.495123,1,0.08450695608308934
2020-04-28,5.129377,5.066932,4.945016,5.129377,91135200.0,0,1,0.047486839888941465,0.03086652813838895,-0.06080897038767405,0.01186956904055975,0.012248703078818717,0.06651163500550654,0.03300242484361224,0.0029028066966320003,0.023876349580255633,0.005973629607046018,0.01328353550215171,-0.02435530557304836,-0.02255716599757949,-0.0882649962655223,-0.03430259415681975,0.09515399999999996,53.11459672497792,9.289375,0.3709936710879326,0.23788499999999946,-447576258.41252434,-161364800.0,5.292922,5.495123,5.495123,1,0.03820214996555782
2020-04-29,5.411864,5.292922,5.212636,5.495123,94046400.0,0,1,0.053609371337777316,0.047486839888941465,0.03086652813838895,-0.06080897038767405,0.03749051526760081,0.08112546535651258,0.1353883972832005,0.10187918712130621,0.012248703078818717,0.023876349580255633,0.005973629607046018,-0.015284778411256927,-0.02435530557304836,-0.02255716599757949,-0.0882649962655223,0.43711199999999995,57.6393719677773,9.289375,0.3706188374387946,0.36574600000000057,-408967519.03124356,-67318400.0,5.346446,5.495123,5.477282,1,0.027808566662788747
2020-04-30,5.367261,5.346446,5.263186,5.477282,79395500.0,0,1,-0.008275858118481891,0.053609371337777316,0.047486839888941465,0.03086652813838895,0.024176951418914013,0.03423853619411137,0.077873486283023,0.13213641820971087,0.03749051526760081,0.012248703078818717,0.023876349580255633,-0.01569549429071169,-0.015284778411256927,-0.02435530557304836,-0.02255716599757949,0.4965830000000002,56.70877863492966,9.289375,0.359438634764595,0.21409599999999962,-411172537.54163134,-146713900.0,5.182901,5.495123,5.495123,1,0.060240780211699985
2020-05-04,5.168033,5.182901,5.108562,5.239398,59671300.0,0,1,-0.03782557062327959,-0.008275858118481891,0.053609371337777316,0.047486839888941465,0.010841668118589436,-0.020225434861181352,-0.010163850085983996,0.033471100002927655,0.024176951418914013,0.03749051526760081,0.012248703078818717,-0.014446982507621118,-0.01569549429071169,-0.015284778411256927,-0.02435530557304836,0.4936100000000003,52.622018155660314,9.289375,0.3522429465671239,0.258699,-416597118.2548906,-206385200.0,5.322657,5.524859,5.495123,1,0.037988921698317135
2020-05-05,5.334552,5.322657,5.313737,5.495123,74531300.0,0,1,0.031712755560692425,-0.03782557062327959,-0.008275858118481891,0.053609371337777316,0.031888356823423496,0.05849603347217421,0.027428930492403525,0.03749051526760081,0.010841668118589436,0.024176951418914013,0.03749051526760081,-0.0016772605623951637,-0.014446982507621118,-0.01569549429071169,-0.015284778411256927,0.5382130000000007,55.5080956509271,9.289375,0.35044630752661504,0.3270900000000001,-474022698.8553775,-131853900.0,5.313737,5.628933,5.524859,1,0.05931719992916484
2020-05-06,5.138297,5.313737,5.138297,5.370234,66938500.0,0,1,-0.03748320585922522,0.031712755560692425,-0.03782557062327959,-0.008275858118481891,0.010576128785697065,0.008898868223301798,0.03550654487205266,0.004439441892281767,0.031888356823423496,0.010841668118589436,0.024176951418914013,-0.03357365259439208,-0.0016772605623951637,-0.014446982507621118,-0.01569549429071169,0.39548199999999945,51.52440134419687,9.289375,0.34198135698899973,0.23193700000000028,-540961198.8553774,-198792400.0,5.278054,5.628933,5.524859,1,0.06647885754863436
2020-05-07,5.185874,5.278054,5.159112,5.313737,80905000.0,0,1,0.009216689028989597,-0.03748320585922522,0.031712755560692425,-0.03782557062327959,0.00673788502773312,0.0,-0.0016772605623951637,0.024930416086355597,0.010576128785697065,0.031888356823423496,0.010841668118589436,-0.022792997516444546,-0.03357365259439208,-0.0016772605623951637,-0.014446982507621118,0.20517499999999966,52.41596418185062,9.289375,0.33008554577549976,0.17544000000000004,-593860642.056671,-117887400.0,5.275081,5.628933,5.524859,1,0.06707991782495859
2020-05-08,5.495123,5.275081,5.26616,5.524859,82592000.0,0,1,0.057922580951221395,0.009216689028989597,-0.03748320585922522,0.031712755560692425,0.046263692021702246,0.045700257539218976,0.038962372511485835,0.03728511194909074,0.00673788502773312,0.010576128785697065,0.031888356823423496,-0.0016925904890679516,-0.022792997516444546,-0.03357365259439208,-0.0016772605623951637,0.4549530000000006,57.84335118233216,9.289375,0.33072122107724977,0.3389850000000001,-530255616.97346604,-35295400.0,5.4416,5.628933,5.628933,1,0.03442608791531887
2020-05-11,5.396996,5.4416,5.385102,5.628933,64537800.0,0,1,-0.01801846910676945,0.057922580951221395,0.009216689028989597,-0.03748320585922522,0.033846768493251786,0.06492586906957253,0.06436243458708919,0.05762454955935624,0.046263692021702246,0.00673788502773312,0.010576128785697065,-0.01043688333765192,-0.0016925904890679516,-0.022792997516444546,-0.03357365259439208,0.6541809999999995,55.6734375180403,9.289375,0.3245147767145891,0.24383100000000013,-588497149.5324926,-99833200.0,5.509991,5.599198,5.599198,1,0.016190044593539232
2020-05-12,5.394023,5.509991,5.391049,5.599198,70454500.0,0,1,-0.0005510137782577436,-0.01801846910676945,0.057922580951221395,0.009216689028989597,0.01606038342958446,0.028550237928450274,0.059629338504770785,0.05906590402228752,0.033846768493251786,0.046263692021702246,0.00673788502773312,-0.021823004118656175,-0.01043688333765192,-0.0016925904890679516,-0.022792997516444546,0.5025309999999994,55.60537674661757,9.289375,0.31620293552068995,0.20814900000000058,-656938364.0206717,-170287700.0,5.429705,5.512965,5.512965,1,0.015334166404988858
2020-05-13,5.230477,5.429705,5.209663,5.456467,86698900.0,0,1,-0.03078901019862519,-0.0005510137782577436,-0.01801846910676945,0.057922580951221395,0.004916706058295576,-0.00976147904980045,0.002728375449065391,0.033807476025385835,0.01606038342958446,0.033846768493251786,0.046263692021702246,-0.041369634289686784,-0.021823004118656175,-0.01043688333765192,-0.0016925904890679516,0.10109999999999975,51.850211419673286,9.289375,0.31124586869778353,0.24680400000000002,-729013911.8497185,-256986600.0,5.17398,5.628933,5.40889,1,0.0879309545069753
2020-05-14,5.17398,5.17398,4.971778,5.194795,118694900.0,0,1,-0.01086026023174193,-0.03078901019862519,-0.0005510137782577436,-0.01801846910676945,0.004014944477258329,-0.04422764190919139,-0.05890582701728733,-0.04641597251842151,0.004916706058295576,0.01606038342958446,0.033846768493251786,-0.039864695663717434,-0.041369634289686784,-0.021823004118656175,-0.01043688333765192,-0.23788399999999932,50.579471407093045,9.289375,0.30749252093365614,0.258699,-632475478.33882,-375681500.0,5.349419,5.780584,5.512965,1,0.08060034183151488
2020-05-15,5.099641,5.349419,5.099641,5.40889,132872000.0,0,1,-0.014472073179340792,-0.01086026023174193,-0.03078901019862519,-0.0005510137782577436,0.011055939326387732,0.04440167793114366,-0.0038409084553060473,-0.018519093563402072,0.004014944477258329,0.004916706058295576,0.01606038342958446,-0.04781781178409689,-0.039864695663717434,-0.041369634289686784,-0.021823004118656175,-0.26761999999999997,48.881891648209056,9.289375,0.3076179837241093,0.30924900000000033,-765347478.33882,-508553500.0,5.382129,5.878712,5.512965,1,0.09226516124009665
2020-05-18,5.512965,5.382129,5.328605,5.512965,116002500.0,0,1,0.077932445861111,-0.014472073179340792,-0.01086026023174193,-0.03078901019862519,0.02401857015457861,0.03011463407701416,0.06346037268177022,0.015217786295320418,0.011055939326387732,0.004014944477258329,0.004916706058295576,-0.009994542959599314,-0.04781781178409689,-0.039864695663717434,-0.041369634289686784,0.344932,57.43570777571628,9.289375,0.31516841345810154,0.41332400000000025,-649344978.33882,-392551000.0,5.504044,5.878712,5.628933,1,0.06807140349895446
2020-05-19,5.554595,5.504044,5.474309,5.628933,79690300.0,0,1,0.0075229221861142625,0.077932445861111,-0.014472073179340792,-0.01086026023174193,0.02243680897891001,0.04483588296174012,0.05093194688417575,0.08427768548893193,0.02401857015457861,0.011055939326387732,0.004014944477258329,-0.00541703709339145,-0.009994542959599314,-0.04781781178409689,-0.039864695663717434,0.22004299999999954,58.19449340538097,9.289375,0.3037009553539515,0.1546240000000001,-646279491.063882,-312860700.0,5.67651,5.878712,5.780584,1,0.03562083040459707
2020-05-20,5.738955,5.67651,5.667589,5.780584,74120000.0,0,1,0.03265162486518806,0.0075229221861142625,0.077932445861111,-0.014472073179340792,0.01816810837276558,0.049021620857432786,0.07142069484026306,0.0775167587626986,0.02243680897891001,0.02401857015457861,0.011055939326387732,-0.0015728004205518113,-0.00541703709339145,-0.009994542959599314,-0.04781781178409689,0.6006580000000001,61.470272386171274,9.289375,0.2981501014000978,0.22598900000000022,-626773261.2307042,-238740700.0,5.798426,5.973865,5.973865,1,0.03025631438600751
2020-05-21,5.706246,5.798426,5.670563,5.878712,80924000.0,0,1,-0.005715773633051924,0.03265162486518806,0.0075229221861142625,0.077932445861111,0.013751188885053778,0.03500108302725114,0.06585459551191838,0.08825366949474855,0.01816810837276558,0.02243680897891001,0.02401857015457861,-0.022298094069087674,-0.0015728004205518113,-0.00541703709339145,-0.009994542959599314,0.5203720000000001,60.563543134119925,9.289375,0.29172145130009086,0.20814900000000058,-679951645.4266404,-319664700.0,5.590277,5.973865,5.816267,1,0.06861699339764371
2020-05-22,5.551621,5.590277,5.456467,5.620013,68842900.0,0,1,-0.027471407189463753,-0.005715773633051924,0.03265162486518806,0.0075229221861142625,0.0053051383580656935,-0.03125252434181623,-0.01000263019961884,0.020850882285048285,0.013751188885053778,0.01816810837276558,0.02243680897891001,-0.024227327992259032,-0.022298094069087674,-0.0015728004205518113,-0.00541703709339145,0.05649799999999949,56.33321409046618,9.289375,0.28872556192151294,0.2497790000000002,-668686474.2222087,-388507600.0,5.792479,5.973865,5.973865,1,0.03131405396549547
2020-05-25,5.792479,5.792479,5.727061,5.816267,37579800.0,0,1,0.04247039475450814,-0.027471407189463753,-0.005715773633051924,0.03265162486518806,0.004098295077746684,0.039629808305807444,0.003072145605925316,0.02432203974812274,0.0053051383580656935,0.013751188885053778,0.01816810837276558,-0.011357867284327942,-0.024227327992259032,-0.022298094069087674,-0.0015728004205518113,0.3954830000000005,60.91315181614144,9.289375,0.2870055932128334,0.26464599999999994,-651149009.5449446,-350927800.0,5.941156,6.048204,6.048204,1,0.018018042279987156
2020-05-26,5.848976,5.941156,5.747875,5.973865,68286900.0,0,1,0.009706251246775759,0.04247039475450814,-0.027471407189463753,-0.005715773633051924,0.005490394379689277,0.03083376967406317,0.06636528290212394,0.029807620202241952,0.004098295077746684,0.0053051383580656935,0.013751188885053778,-0.0330735059487399,-0.011357867284327942,-0.024227327992259032,-0.022298094069087674,0.4549530000000006,61.922012794820205,9.289375,0.2826473365547739,0.22599000000000036,-658336977.0532411,-282640900.0,5.887632,6.113622,6.048204,1,0.038383852795147666
2020-05-27,5.926288,5.887632,5.694351,5.926288,74305600.0,0,1,0.013131444176014,0.009706251246775759,0.04247039475450814,-0.027471407189463753,0.006544167889600009,-0.0025056798715842182,0.022837695422789732,0.05836920865085034,0.005490394379689277,0.004098295077746684,0.0053051383580656935,-0.03337924868180962,-0.0330735059487399,-0.011357867284327942,-0.024227327992259032,0.695811,63.3173141107056,9.289375,0.27902516965800434,0.2319369999999994,-584031377.0532411,-208335300.0,5.854923,6.363401,5.970892,1,0.08684623179502093
2020-05-28,5.878712,5.854923,5.783558,5.970892,64397500.0,0,1,-0.00806035706591461,0.013131444176014,0.009706251246775759,0.04247039475450814,0.01961348416839096,0.014042450505365059,0.0049926027441806135,0.03033597803855459,0.006544167889600009,0.005490394379689277,0.004098295077746684,-0.01226378157787168,-0.03337924868180962,-0.0330735059487399,-0.011357867284327942,0.7047319999999999,61.81617193152522,9.289375,0.2724758003967183,0.1873339999999999,-583009041.7323704,-272732800.0,5.813294,6.515052,6.048204,1,0.12071606906514609
2020-05-29,6.048204,5.813294,5.738955,6.048204,127224200.0,0,1,0.028423678170058718,-0.00806035706591461,0.013131444176014,0.009706251246775759,0.039614004732324876,0.03247852265677032,0.02690748899374434,0.017857641232559906,0.01961348416839096,0.006544167889600009,0.005490394379689277,-0.01287022572660161,-0.01226378157787168,-0.03337924868180962,-0.0330735059487399,0.948563,64.99975637280347,9.289375,0.27510245751123846,0.30924900000000033,-455784841.7323704,-145508600.0,5.991707,6.515052,6.113622,1,0.08734489186470573
2020-06-01,6.045231,5.991707,5.947103,6.113622,86102800.0,0,1,-0.0004916717309666381,0.028423678170058718,-0.00806035706591461,0.013131444176014,0.020143049750467917,0.05037203250365075,0.043236550428096064,0.037665516765070226,0.039614004732324876,0.01961348416839096,0.006544167889600009,-0.00747213625652798,-0.01287022572660161,-0.01226378157787168,-0.03337924868180962,0.5322659999999999,64.89754585936434,9.289375,0.2673464962604357,0.16651900000000008,-440408584.5869396,-231611400.0,6.17012,6.848089,6.363401,1,0.10987938646249984
2020-06-02,6.363401,6.17012,6.125516,6.363401,76091600.0,0,1,0.05129328611656785,-0.0004916717309666381,0.028423678170058718,-0.00806035706591461,0.030844696178030727,0.06018663636474328,0.09041561911792619,0.08328013704237154,0.020143049750467917,0.039614004732324876,0.01961348416839096,-0.007255288894335693,-0.00747213625652798,-0.01287022572660161,-0.01226378157787168,0.8088059999999997,70.28316246228185,9.289375,0.2709767465275474,0.3181699999999994,-364316984.5869396,-155519800.0,6.500184,6.848089,6.848089,1,0.053522331060166906
2020-06-03,6.384215,6.500184,6.366374,6.515052,85619700.0,0,1,0.0032655546725662813,0.05129328611656785,-0.0004916717309666381,0.028423678170058718,0.002284707932678762,0.05439690545123927,0.08373884563795182,0.11396782839113455,0.030844696178030727,0.020143049750467917,0.039614004732324876,-0.020800407451744708,-0.007255288894335693,-0.00747213625652798,-0.01287022572660161,0.6452600000000004,70.60093218729571,9.289375,0.26245347891843684,0.1516510000000002,-429388371.2157618,-69900100.0,6.360427,6.848089,6.476396,1,0.07667126751081343
2020-06-04,6.372321,6.360427,6.256353,6.476396,106930600.0,0,1,-0.0018647700985048284,0.0032655546725662813,0.05129328611656785,-0.0004916717309666381,0.018068669340061357,-0.003666301390050999,0.04844589612850934,0.07778783631522188,0.002284707932678762,0.030844696178030727,0.020143049750467917,-0.01649808598079684,-0.020800407451744708,-0.007255288894335693,-0.00747213625652798,0.6660750000000002,70.13937144290824,9.289375,0.2594241589956914,0.22004300000000043,-423608929.8074913,-176830700.0,6.628047,6.848089,6.848089,1,0.03319861793375933
2020-06-05,6.571549,6.628047,6.559655,6.848089,113411100.0,0,1,0.030785805926041788,-0.0018647700985048284,0.0032655546725662813,0.05129328611656785,0.03265944458259422,0.07387412178718294,0.052139151057070406,0.10425134857563076,0.018068669340061357,0.002284707932678762,0.030844696178030727,-0.01037218055811651,-0.01649808598079684,-0.020800407451744708,-0.007255288894335693,1.0199280000000002,73.28936565804328,9.289375,0.2748772904959991,0.4757679999999995,-527666682.952405,-63419600.0,6.705359,6.717253,6.125516,0,-0.08647456459825631
2020-06-08,6.699412,6.705359,6.544787,6.717253,81483200.0,0,1,0.01927018799883395,0.030785805926041788,-0.0018647700985048284,0.0032655546725662813,0.001772233766880824,0.01336910053221034,0.054583777736799,0.032848807006686555,0.03265944458259422,0.018068669340061357,0.002284707932678762,-0.02423820252741304,-0.01037218055811651,-0.01649808598079684,-0.020800407451744708,0.9069329999999995,75.10450813558683,9.289375,0.2675621983177135,0.172466,-463041782.8051302,18063600.0,6.550734,6.553708,6.155252,0,-0.06037216592827621
2020-06-09,6.458554,6.550734,6.434766,6.553708,95479100.0,0,1,-0.03661430762211906,0.01927018799883395,0.030785805926041788,-0.0018647700985048284,0.00045389190185396796,-0.022876061093705363,-0.011279194328375583,0.02993548287621288,0.001772233766880824,0.03265944458259422,0.018068669340061357,-0.017861627686937095,-0.02423820252741304,-0.01037218055811651,-0.01649808598079684,0.609578,66.00525217181875,9.289375,0.2673538984378768,0.26464599999999994,-520329884.99443173,-77415500.0,6.509105,6.515052,6.35448,0,-0.02375518600483484
2020-06-10,6.363401,6.509105,6.244459,6.512078,102038500.0,0,1,-0.014842470876818264,-0.03661430762211906,0.01927018799883395,0.030785805926041788,0.0004566405451272892,-0.005918497922007596,-0.029248450917567004,-0.017651584152237308,0.00045389190185396796,0.001772233766880824,0.03265944458259422,-0.041507455448792085,-0.017861627686937095,-0.02423820252741304,-0.01037218055811651,0.4371130000000001,62.76978774826054,9.289375,0.26737283426374275,0.26761899999999983,-531667326.6465568,-179454000.0,6.131464,6.515052,6.295009,1,0.06256058911868356
2020-06-12,6.125516,6.131464,5.976839,6.295009,116292700.0,0,1,-0.038099985072366546,-0.014842470876818264,-0.03661430762211906,0.01927018799883395,0.02632355031892866,-0.03344486876895103,-0.03982000723608591,-0.06314996023164525,0.0004566405451272892,0.00045389190185396796,0.001772233766880824,-0.025541713993417887,-0.041507455448792085,-0.017861627686937095,-0.02423820252741304,0.24680400000000002,55.45163088831918,9.289375,0.2758863461020468,0.38656199999999963,-539275677.0353427,-295746700.0,5.890606,6.515052,6.27122,1,0.1060070899326826
2020-06-15,6.155252,5.890606,5.81032,6.27122,99368100.0,0,1,0.004842703341269292,-0.038099985072366546,-0.014842470876818264,-0.03661430762211906,0.06261203445063747,0.022537366187107773,-0.0372310529007719,-0.043606191367906846,0.02632355031892866,0.0004566405451272892,0.00045389190185396796,-0.013723231819165608,-0.025541713993417887,-0.041507455448792085,-0.017861627686937095,0.10704799999999981,56.13999762805668,9.289375,0.2891016070947577,0.46089999999999964,-489912002.38053674,-196378600.0,6.410977,6.607232,6.515052,1,0.03061233880577019
2020-06-16,6.35448,6.410977,6.295009,6.515052,94174100.0,0,1,0.031854374837542485,0.004842703341269292,-0.038099985072366546,-0.014842470876818264,0.016103514711078227,0.10075631350697664,0.06068164524344697,0.0009132261555672008,0.06261203445063747,0.02632355031892866,0.0004566405451272892,-0.018254580213440064,-0.013723231819165608,-0.025541713993417887,-0.041507455448792085,0.30924899999999944,60.5394964165699,9.289375,0.29415149230227505,0.3597999999999999,-533181252.8638518,-102204500.0,6.387189,6.607232,6.49721,1,0.034450679320746413
2020-06-17,6.375295,6.387189,6.289062,6.49721,62473100.0,0,1,0.003270288524501972,0.031854374837542485,0.004842703341269292,-0.038099985072366546,0.017078588487383698,0.013361176571620535,0.09801397536751899,0.05793930710398926,0.016103514711078227,0.06261203445063747,0.02632355031892866,-0.015482331503243914,-0.018254580213440064,-0.013723231819165608,-0.025541713993417887,0.011894000000000737,60.979882762103365,9.289375,0.28800838570925535,0.20814799999999956,-543890772.7929406,-39731400.0,6.297982,6.607232,6.473422,1,0.04910303014521156
2020-06-18,6.422872,6.297982,6.268247,6.473422,56615400.0,0,1,0.007435005211045077,0.003270288524501972,0.031854374837542485,0.004842703341269292,0.027475606696050654,0.01341060582154324,0.009693193905780148,0.09434599270167852,0.017078588487383698,0.016103514711078227,0.06261203445063747,-0.004732534397962427,-0.015482331503243914,-0.018254580213440064,-0.013723231819165608,0.03865699999999972,62.02314979787781,9.289375,0.28209171530145144,0.20517500000000055,-515172616.31676185,16884000.0,6.541814,6.607232,6.244459,0,-0.045454517661309146
2020-06-19,6.384215,6.541814,6.309877,6.607232,90347500.0,0,1,-0.00603683216942615,0.007435005211045077,0.003270288524501972,0.031854374837542485,0.00995030966426509,0.047935542079423986,0.03387054120491654,0.030153129289153466,0.027475606696050654,0.017078588487383698,0.016103514711078227,-0.03609831354506236,-0.004732534397962427,-0.015482331503243914,-0.018254580213440064,0.01189399999999985,60.60529020061088,9.289375,0.2831819499227763,0.2973549999999996,-560346822.0725082,-73463500.0,6.422872,6.562629,6.562629,1,0.021759269062189057
2020-06-22,6.229591,6.422872,6.214723,6.422872,44564500.0,0,1,-0.0245178569612365,-0.00603683216942615,0.007435005211045077,0.003270288524501972,0.0,-0.01834912734502625,0.01963610507013265,0.0055711041956253435,0.00995030966426509,0.027475606696050654,0.017078588487383698,-0.03294421531498831,-0.03609831354506236,-0.004732534397962427,-0.015482331503243914,-0.341958,55.172356751269355,9.289375,0.2778224534997208,0.2081489999999997,-598544873.1729219,-118028000.0,6.309877,6.562629,6.562629,1,0.04005656528645485
2020-06-23,6.437739,6.309877,6.286088,6.562629,78515800.0,0,1,0.03286671095024173,-0.0245178569612365,-0.00603683216942615,0.007435005211045077,0.03927510137272955,0.02152591517269348,0.0031767878276672966,0.04116202024282622,0.0,0.00995030966426509,0.027475606696050654,-0.0037772458536196657,-0.03294421531498831,-0.03609831354506236,-0.004732534397962427,-0.26167300000000004,60.32805367434618,9.289375,0.2817664211068836,0.33303800000000017,-590946863.026868,-39512200.0,6.390163,6.440713,6.440713,0,0.007910596333771114
2020-06-24,6.244459,6.390163,6.158226,6.410977,64931700.0,0,1,-0.03048288099272253,0.03286671095024173,-0.0245178569612365,-0.00603683216942615,0.003251900743541283,0.01589549392017393,-0.0018536922798621867,-0.020202819624888388,0.03927510137272955,0.0,0.00995030966426509,-0.036971027615084896,-0.0037772458536196657,-0.03294421531498831,-0.03609831354506236,-0.21409500000000037,54.10532531566845,9.289375,0.2816054624563919,0.2795129999999997,-611572069.394004,-104443900.0,6.217697,6.482343,6.384215,1,0.042563347811898744
2020-06-25,6.384215,6.217697,6.164173,6.384215,46882800.0,0,1,0.022134027003717076,-0.03048288099272253,0.03286671095024173,-0.0245178569612365,0.026428956571053444,-0.0009312391460226707,0.011712354030610047,-0.00603683216942615,0.003251900743541283,0.03927510137272955,0.0,-0.008645597699420913,-0.036971027615084896,-0.0037772458536196657,-0.03294421531498831,0.020814000000000554,57.51756230555568,9.289375,0.27720807228093536,0.2200420000000003,-564689269.394004,-57561100.0,6.306903,6.616152,6.440713,1,0.04903341624248858
2020-06-26,6.196882,6.306903,6.17904,6.384215,54467400.0,0,1,-0.0297822751982812,0.022134027003717076,-0.03048288099272253,0.03286671095024173,0.012183789698836116,0.026428956571053444,-0.0009312391460226707,0.011712354030610047,0.026428956571053444,0.003251900743541283,0.03927510137272955,-0.02048182822914757,-0.008645597699420913,-0.036971027615084896,-0.0037772458536196657,0.07136599999999937,51.94274896987824,9.289375,0.27206285283229714,0.20517500000000055,-609683708.7428526,-112028500.0,6.274194,6.616152,6.440713,1,0.054502299418857536
2020-06-29,6.440713,6.274194,6.223644,6.440713,59392900.0,0,1,0.03859298594660298,-0.0297822751982812,0.022134027003717076,-0.03048288099272253,0.026194217720815708,0.020994500447157814,0.035239667319374994,0.007879471602299105,0.012183789698836116,0.026428956571053444,0.003251900743541283,-0.008089443256005482,-0.02048182822914757,-0.008645597699420913,-0.036971027615084896,0.28546099999999974,57.69083929471282,9.289375,0.2700462919157045,0.24383100000000013,-550290808.7428526,-52635600.0,6.345559,6.616152,6.482343,1,0.04264289403029742
2020-06-30,6.408004,6.345559,6.27122,6.482343,64520500.0,0,1,-0.00509141428801363,0.03859298594660298,-0.0297822751982812,0.022134027003717076,0.02132682093358275,0.03263698853331791,0.02743727125966019,0.04168243813187723,0.026194217720815708,0.012183789698836116,0.026428956571053444,-0.011784285082938226,-0.008089443256005482,-0.02048182822914757,-0.008645597699420913,0.05352400000000035,56.71091096515156,9.289375,0.2658374853502971,0.21112300000000062,-531207228.92208457,-117156100.0,6.467475,6.797539,6.616152,1,0.05103444543658853
2020-07-01,6.455581,6.467475,6.399083,6.616152,78526100.0,0,1,0.0073971940084964416,-0.00509141428801363,0.03859298594660298,-0.0297822751982812,0.02272816247516736,0.041758733911969444,0.05306890151170457,0.04786918423804682,0.02132682093358275,0.026194217720815708,0.012183789698836116,-0.010631070739436503,-0.011784285082938226,-0.008089443256005482,-0.02048182822914757,0.08028599999999919,57.83286740584506,9.289375,0.2623540221109901,0.2170689999999995,-568856302.7433122,-38630000.0,6.571549,6.797539,6.797539,1,0.03438915239009854
2020-07-02,6.559655,6.571549,6.500184,6.604258,55971200.0,0,1,0.015992982115518445,0.0073971940084964416,-0.00509141428801363,0.03859298594660298,0.004965019173940102,0.020928822937433835,0.03995939437423599,0.05126956197397109,0.02272816247516736,0.02132682093358275,0.026194217720815708,-0.010919089159573622,-0.010631070739436503,-0.011784285082938226,-0.008089443256005482,0.13678300000000032,60.25927212875361,9.289375,0.25423423481734797,0.14867700000000017,-560860263.3713264,17341200.0,6.526946,6.797539,6.797539,1,0.04145782729012937
2020-07-03,6.535867,6.526946,6.482343,6.595338,23640600.0,0,1,-0.003633001596151607,0.015992982115518445,0.0073971940084964416,-0.00509141428801363,0.010423889511007998,0.0036134624508631463,0.0195772662143569,0.03860783765115877,0.004965019173940102,0.02272816247516736,0.02132682093358275,-0.006857127206568097,-0.010919089159573622,-0.010631070739436503,-0.011784285082938226,0.15165199999999945,59.41767318773671,9.289375,0.24414571804468024,0.11299499999999973,-562104483.4536312,-6299400.0,6.657782,6.797539,6.797539,1,0.02099152540590854
2020-07-06,6.693465,6.657782,6.633994,6.797539,57602900.0,0,1,0.023826668763229898,-0.003633001596151607,0.015992982115518445,0.0073971940084964416,0.020774238860038357,0.040621488618814476,0.03381106155866946,0.04977486532216336,0.010423889511007998,0.004965019173940102,0.02272816247516736,-0.0035793599587124482,-0.006857127206568097,-0.010919089159573622,-0.010631070739436503,0.4638739999999997,63.095090365301964,9.289375,0.24539759532720315,0.2616720000000008,-577814301.2328361,51303500.0,6.642914,6.782671,6.767804,1,0.021038508100511333
2020-07-07,6.610205,6.642914,6.583443,6.681571,46331400.0,0,1,-0.012517010278265628,0.023826668763229898,-0.003633001596151607,0.015992982115518445,0.005802416897723273,0.0035667434874276033,0.023413993246203798,0.016603566186058814,0.020774238860038357,0.010423889511007998,0.004965019173940102,-0.008992861873030493,-0.0035793599587124482,-0.006857127206568097,-0.010919089159573622,0.172466,60.00166497186097,9.289375,0.23572790994668863,0.11002199999999984,-598874200.197454,4972100.0,6.675624,6.782671,6.782671,1,0.016035504695890657
2020-07-08,6.735095,6.675624,6.660756,6.767804,48726500.0,0,1,0.018717248183881034,-0.012517010278265628,0.023826668763229898,-0.003633001596151607,0.013713979010600464,0.0186259394325509,0.0163902660222553,0.036237515781031356,0.005802416897723273,0.020774238860038357,0.010423889511007998,-0.002229691439463697,-0.008992861873030493,-0.0035793599587124482,-0.006857127206568097,0.4906360000000003,62.937018252876676,9.289375,0.23014727352192518,0.15759900000000027,-579924904.6010858,53698600.0,6.773751,6.827275,6.809433,0,0.005267686987608489
2020-07-09,6.583443,6.773751,6.559655,6.782671,56600800.0,0,1,-0.02277405441417499,0.018717248183881034,-0.012517010278265628,0.023826668763229898,0.0013159816487432713,0.015908294112529565,0.020820254534480134,0.0185845811241844,0.013713979010600464,0.005802416897723273,0.020774238860038357,-0.03211698541728626,-0.002229691439463697,-0.008992861873030493,-0.0035793599587124482,0.19922799999999974,57.42599605035933,9.289375,0.22963789684178762,0.22301599999999944,-624451056.7695402,-2902200.0,6.598311,6.967032,6.735095,1,0.05588111866809542
2020-07-10,6.693465,6.598311,6.559655,6.735095,56923000.0,0,1,0.01657381650855953,-0.02277405441417499,0.018717248183881034,-0.012517010278265628,0.02051820799114558,-0.005723080344592252,0.008869232119193805,0.013781192541144465,0.0013159816487432713,0.013713979010600464,0.005802416897723273,-0.005875697081548241,-0.03211698541728626,-0.002229691439463697,-0.008992861873030493,0.4965830000000002,60.152129966119226,9.289375,0.22576661849594565,0.17544000000000004,-594542471.84022,54020800.0,6.7232,6.967032,6.827275,1,0.036267253688719636
2020-07-13,6.589391,6.7232,6.589391,6.735095,54696000.0,0,1,-0.01567074577917283,0.01657381650855953,-0.02277405441417499,0.018717248183881034,0.0017676835137531528,0.02051820799114558,-0.005723080344592252,0.008869232119193805,0.02051820799114558,0.0013159816487432713,0.013713979010600464,-0.020103300171035104,-0.005875697081548241,-0.03211698541728626,-0.002229691439463697,0.1486780000000003,56.468656549688575,9.289375,0.22004786003194954,0.14570400000000028,-649238471.84022,-675200.0,6.58047,6.967032,6.827275,1,0.05874382832837166
2020-07-14,6.809433,6.58047,6.500184,6.827275,88800300.0,0,1,0.032847925285718664,-0.01567074577917283,0.01657381650855953,-0.02277405441417499,0.03681944750338831,0.015361387192599467,0.03411191166999206,0.007870623334253946,0.0017676835137531528,0.02051820799114558,0.0013159816487432713,-0.012275687164511544,-0.020103300171035104,-0.005875697081548241,-0.03211698541728626,0.40142900000000026,61.79549070824567,9.289375,0.22769379860109604,0.32709100000000024,-570125842.565492,88125100.0,6.89864,6.967032,6.761856,0,-0.019827676179652864
2020-07-15,6.94027,6.89864,6.794566,6.967032,58107800.0,0,1,0.01903182187784478,0.032847925285718664,-0.01567074577917283,0.01657381650855953,0.009865018392209378,0.057083137761348934,0.03562507745056017,0.05437560192795248,0.03681944750338831,0.0017676835137531528,0.02051820799114558,-0.015201115656604283,-0.012275687164511544,-0.020103300171035104,-0.005875697081548241,0.48468900000000037,64.57155117037091,9.289375,0.2237489558438749,0.172466,-530051520.9739898,146232900.0,6.886746,7.017582,7.017582,1,0.01899823225656938
2020-07-16,6.755909,6.886746,6.696438,6.922428,69009100.0,0,1,-0.02692314931481855,0.01903182187784478,0.032847925285718664,-0.01567074577917283,0.00516788034001037,0.003442284415256568,0.05066040378439618,0.029202343473607336,0.009865018392209378,0.03681944750338831,0.0017676835137531528,-0.028022951567870893,-0.015201115656604283,-0.012275687164511544,-0.020103300171035104,0.1962539999999997,58.15868689584243,9.289375,0.22518345899788386,0.24383200000000027,-562740074.1701488,77223800.0,6.788618,7.017582,7.017582,1,0.03372763057223138
2020-07-17,6.761856,6.788618,6.71428,6.848089,49418800.0,0,1,0.0008798792379766803,-0.02692314931481855,0.01903182187784478,0.032847925285718664,0.008722249005409438,-0.0056290595518267775,-0.00735465547658065,0.03986346389255881,0.00516788034001037,0.009865018392209378,0.03681944750338831,-0.01101078465435153,-0.028022951567870893,-0.015201115656604283,-0.012275687164511544,0.22598900000000022,58.302544871840034,9.289375,0.21865671192660646,0.1338090000000003,-577017010.3373722,126642600.0,6.749962,7.017582,7.017582,1,0.03964763060888332
2020-07-20,6.761856,6.749962,6.696438,6.812407,48365700.0,0,1,0.0,0.0008798792379766803,-0.02692314931481855,0.01903182187784478,0.009208633281072446,0.0034981222751300197,-0.010853186282106363,-0.012578782206860073,0.008722249005409438,0.00516788034001037,0.009865018392209378,-0.007961132004692142,-0.01101078465435153,-0.028022951567870893,-0.015201115656604283,0.06839100000000009,58.302544871840034,9.289375,0.21132187536042032,0.11596900000000065,-570816621.7688756,126642600.0,6.883772,7.017582,7.017582,1,0.01943847065242732
2020-07-21,6.94919,6.883772,6.880799,7.017582,101156900.0,0,1,0.027327697437778298,0.0,0.0008798792379766803,-0.02692314931481855,0.019251956736765583,0.03888183901969977,0.033171328013757405,0.01882001945652108,0.009208633281072446,0.008722249005409438,0.00516788034001037,-0.00043197859871281475,-0.007961132004692142,-0.01101078465435153,-0.028022951567870893,0.3389850000000001,62.95560991693054,9.289375,0.21449359854896174,0.2557260000000001,-570817361.3118013,227799500.0,6.928375,6.961084,6.898771,0,-0.004272863405921257
2020-07-22,6.854037,6.928375,6.842142,6.961084,42831800.0,0,1,-0.01378728427660526,0.027327697437778298,0.0,0.0008798792379766803,0.004709911374663615,0.011168451823543785,0.030798334106478174,0.025087823100535717,0.019251956736765583,0.009208633281072446,0.008722249005409438,-0.012524457465279871,-0.00043197859871281475,-0.007961132004692142,-0.01101078465435153,0.11894199999999966,59.333826363544226,9.289375,0.20766848436689303,0.11894199999999966,-605082225.1412308,184967700.0,6.886877,6.934454,6.779827,0,-0.01554405574544171
2020-07-23,6.711434,6.886877,6.702513,6.907692,63721900.0,0,1,-0.02102518271544575,-0.01378728427660526,0.027327697437778298,0.0,0.0030178566358460054,-0.002989724667590458,0.0034688157812895154,0.023098698064223884,0.004709911374663615,0.019251956736765583,0.009208633281072446,-0.027135185966458458,-0.012524457465279871,-0.00043197859871281475,-0.007961132004692142,0.12799099999999974,54.29277676473551,9.289375,0.2074906640549721,0.20517900000000022,-663262982.3351932,121245800.0,6.702513,6.934454,6.85714,1,0.034605080213943706
2020-07-24,6.759011,6.702513,6.66683,6.85714,42775600.0,0,1,0.007063938546618165,-0.02102518271544575,-0.01378728427660526,0.027327697437778298,0.02280791448494241,-0.0043272714815160915,-0.010334852784952648,-0.0038763123360725208,0.0030178566358460054,0.004709911374663615,0.019251956736765583,-0.005338046115120606,-0.027135185966458458,-0.012524457465279871,-0.00043197859871281475,0.06554600000000033,55.6467108479224,9.289375,0.20626347376533125,0.1903100000000002,-664599902.4592013,164021400.0,6.800642,6.934454,6.913639,1,0.019676377612584117
2020-07-27,6.898771,6.800642,6.67575,6.913639,56264900.0,0,1,0.02046670222008033,0.007063938546618165,-0.02102518271544575,-0.01378728427660526,0.016479107744675574,0.031013596534050447,0.00387841056759206,-0.0021291707358445772,0.02280791448494241,0.0030178566358460054,0.004709911374663615,-0.018535461965243232,-0.005338046115120606,-0.027135185966458458,-0.012524457465279871,0.30938,59.446916393539496,9.289375,0.20852243992495043,0.23788900000000002,-615368085.3945198,220286300.0,6.851193,6.934454,6.60141,0,-0.036458321930209925
2020-07-28,6.779827,6.851193,6.779827,6.934454,47674800.0,0,1,-0.017391694394085416,0.02046670222008033,0.007063938546618165,-0.02102518271544575,0.012079521899198349,0.019485300102823365,0.034019788892198415,0.006884602925739899,0.016479107744675574,0.02280791448494241,0.0030178566358460054,-0.010471212291310691,-0.018535461965243232,-0.005338046115120606,-0.027135185966458458,-0.029606000000000243,55.11855596865573,9.289375,0.2046727656445968,0.15462699999999963,-663042885.3945198,172611500.0,6.84822,6.913639,6.482466,0,-0.05340862297064064
2020-07-29,6.88985,6.84822,6.81551,6.913639,43656500.0,0,1,0.016097728703863307,-0.017391694394085416,0.02046670222008033,0.007063938546618165,0.009507362743301268,0.009073329541050439,0.016479107744675574,0.031013596534050447,0.012079521899198349,0.016479107744675574,0.02280791448494241,-0.004787867220164206,-0.010471212291310691,-0.018535461965243232,-0.005338046115120606,-0.05041999999999991,58.15368352274696,9.289375,0.19961128238426845,0.13381199999999982,-640553308.0881169,216268000.0,6.81551,6.880929,6.476519,0,-0.049738170731170483
2020-07-30,6.785774,6.81551,6.690618,6.81551,57402100.0,0,1,-0.01522095215987203,0.016097728703863307,-0.017391694394085416,0.02046670222008033,0.0,-0.004787867220164206,-0.0052219004224149206,0.0021838777812101806,0.009507362743301268,0.012079521899198349,0.016479107744675574,-0.018494650716178323,-0.004787867220164206,-0.010471212291310691,-0.018535461965243232,0.02986500000000003,54.405630173282816,9.289375,0.19958419078539216,0.1992320000000003,-610485366.330438,158865900.0,6.81551,6.92256,6.92256,1,0.015706821646509272
2020-07-31,6.60141,6.81551,6.589516,6.880929,74904100.0,0,1,-0.02754509936754463,-0.01522095215987203,0.016097728703863307,-0.017391694394085416,0.009552774627948669,0.009552774627948669,0.004764907407784437,0.004330874205533821,0.0,0.009507362743301268,0.012079521899198349,-0.033720996067288726,-0.018494650716178323,-0.004787867220164206,-0.010471212291310691,-0.1604460000000003,48.44871994240877,9.289375,0.20614339144357846,0.29141300000000037,-679275055.7488923,83961800.0,6.702513,6.9969,6.92256,1,0.04392188422461851
2020-08-03,6.482466,6.702513,6.458677,6.705486,62839300.0,0,1,-0.018182269052178717,-0.02754509936754463,-0.01522095215987203,0.016097728703863307,0.00044346662745476956,-0.016274899943130278,-0.016274899943130278,-0.02106276716329448,0.009552774627948669,0.0,0.009507362743301268,-0.037058032642111334,-0.033720996067288726,-0.018494650716178323,-0.004787867220164206,-0.27939000000000025,45.023653178894904,9.289375,0.20904807776903714,0.24680899999999983,-730000663.7222645,21122500.0,6.381363,6.9969,6.556806,1,0.09645854655188857
2020-08-04,6.476519,6.381363,6.318917,6.556806,62517000.0,0,1,-0.000917818859652239,-0.018182269052178717,-0.02754509936754463,-0.01522095215987203,0.027121883239215362,-0.021978936558329915,-0.03869730312891481,-0.03869730312891481,0.00044346662745476956,0.009552774627948669,0.0,-0.009833878187996779,-0.037058032642111334,-0.033720996067288726,-0.018494650716178323,-0.47267100000000006,44.85292015202045,9.289375,0.21110814364267735,0.23788900000000002,-709682356.2133003,-41394500.0,6.610331,6.9969,6.92256,1,0.05847952243238641
2020-08-05,6.892824,6.610331,6.610331,6.92256,136721000.0,0,1,0.06229769576077943,-0.000917818859652239,-0.018182269052178717,-0.02754509936754463,0.04615191516155033,0.08140393251103058,0.03230311271348542,0.015584746142900572,0.027121883239215362,0.00044346662745476956,0.009552774627948669,0.0,-0.009833878187996779,-0.037058032642111334,-0.033720996067288726,0.03878700000000013,57.11316576462271,9.289375,0.2278890619539147,0.44604100000000013,-599003368.04436,95326500.0,6.92256,7.100976,7.100976,1,0.02577312439328816
2020-08-06,6.904718,6.92256,6.842272,6.9969,56092200.0,0,1,0.0017240756282792928,0.06229769576077943,-0.000917818859652239,-0.018182269052178717,0.010681550407903391,0.056833465569453574,0.09208548291893397,0.04298466312138885,0.04615191516155033,0.027121883239215362,0.00044346662745476956,-0.011665803191380919,0.0,-0.009833878187996779,-0.037058032642111334,0.19328400000000023,57.404533207498595,9.289375,0.2226561289572065,0.15462799999999977,-609790273.7742411,151418700.0,6.797668,7.100976,6.973111,1,0.04461941948326986
2020-08-07,6.776853,6.797668,6.705486,6.812536,55685400.0,0,1,-0.018692111151246013,0.0017240756282792928,0.06229769576077943,-0.000917818859652239,0.002184832191252335,-0.016021199035297626,0.030130716126252677,0.0653827334757331,0.010681550407903391,0.04615191516155033,0.027121883239215362,-0.013653614859480905,-0.011665803191380919,0.0,-0.009833878187996779,0.017841999999999913,53.21863023169989,9.289375,0.22098297688883464,0.1992320000000003,-591228126.9867582,95733300.0,6.809563,7.100976,6.973111,1,0.04279466979011737
2020-08-10,6.973111,6.809563,6.732249,6.973111,52093800.0,0,1,0.028548631750126778,-0.018692111151246013,0.0017240756282792928,0.06229769576077943,0.0237335188904483,0.025481854467309148,0.007275823240759103,0.05342773840230949,0.002184832191252335,0.010681550407903391,0.04615191516155033,-0.011418684597858378,-0.013653614859480905,-0.011665803191380919,0.0,0.0743400000000003,58.250760816783,9.289375,0.22240290711106073,0.2408619999999999,-539134326.9867582,147827100.0,7.050425,7.100976,6.74117,0,-0.04386331320452308
2020-08-11,6.863088,7.050425,6.85714,7.100976,66049000.0,0,1,-0.01590398042995181,0.028548631750126778,-0.018692111151246013,0.0017240756282792928,0.007144340693451764,0.04190429162390581,0.04365262720076643,0.025446595974216626,0.0237335188904483,0.002184832191252335,0.010681550407903391,-0.027797453509307773,-0.011418684597858378,-0.013653614859480905,-0.011665803191380919,0.08326100000000025,54.69857421317532,9.289375,0.22393384231741353,0.24383599999999994,-601961001.7189553,81778100.0,6.946349,7.041504,6.720354,0,-0.032534357257315905
2020-08-12,6.982032,6.946349,6.863088,7.041504,66472600.0,0,1,0.01718250566114561,-0.01590398042995181,0.028548631750126778,-0.018692111151246013,0.013605585911754625,-0.0012661149785429253,0.033493835951910945,0.035242171528771744,0.007144340693451764,0.0237335188904483,0.002184832191252335,-0.012058711579659799,-0.027797453509307773,-0.011418684597858378,-0.013653614859480905,0.09218200000000021,57.70161800333029,9.289375,0.2206825678661697,0.17841599999999946,-579803468.3856217,148250700.0,6.973111,7.011768,6.845246,0,-0.018336865711731765
2020-08-13,6.791721,6.973111,6.753064,7.011768,44083100.0,0,1,-0.027635621459503372,0.01718250566114561,-0.01590398042995181,0.028548631750126778,0.005528413718454233,0.009373682568746265,-0.005498018321551383,0.02926193260890256,0.013605585911754625,0.007144340693451764,0.0237335188904483,-0.03206513883796878,-0.012058711579659799,-0.027797453509307773,-0.011418684597858378,0.005946999999999925,51.78639027094408,9.289375,0.22339838444715757,0.2587039999999998,-610712281.1948555,104167600.0,6.770906,6.934454,6.910665,1,0.024154522304695947
2020-08-14,6.74117,6.770906,6.699539,6.833352,38146700.0,0,1,-0.00747087006323835,-0.027635621459503372,0.01718250566114561,-0.01590398042995181,0.009180425507890564,-0.020246137475287727,-0.016400868624995655,-0.031272569515293336,0.005528413718454233,0.013605585911754625,0.007144340693451764,-0.010596185612416301,-0.03206513883796878,-0.012058711579659799,-0.027797453509307773,0.13976000000000077,50.31103282026196,9.289375,0.21699942841521774,0.13381299999999996,-625123092.0405875,66020900.0,6.744143,6.934454,6.910665,1,0.02821870769940671
2020-08-17,6.720354,6.744143,6.586542,6.791721,51694700.0,0,1,-0.0030926686445589087,-0.00747087006323835,-0.027635621459503372,0.01718250566114561,0.007029945918850148,0.003069466754868878,-0.026357096228309534,-0.022511827378017567,0.009180425507890564,0.005528413718454233,0.013605585911754625,-0.023645948160981083,-0.010596185612416301,-0.03206513883796878,-0.012058711579659799,0.23788800000000077,49.683343641672394,9.289375,0.21615511209984506,0.20517900000000022,-609390119.6530622,14326200.0,6.818484,6.934454,6.934454,1,0.01700817953081657
2020-08-18,6.845246,6.818484,6.770906,6.910665,49006700.0,0,1,0.01841356501695917,-0.0030926686445589087,-0.00747087006323835,-0.027635621459503372,0.013428710730417844,0.024391445978288837,0.0204309668143075,-0.008995596168870903,0.007029945918850148,0.009180425507890564,0.005528413718454233,-0.00700225608388961,-0.023645948160981083,-0.010596185612416301,-0.03206513883796878,0.3687270000000007,53.436919022531946,9.289375,0.21430910409271323,0.19031099999999945,-606261957.8123218,63332900.0,6.824431,6.934454,6.934454,1,0.01612193016531349
2020-08-19,6.806589,6.824431,6.764959,6.934454,51571400.0,0,1,-0.005663283114646375,0.01841356501695917,-0.0030926686445589087,-0.00747087006323835,0.01599335196089538,0.016865159837242533,0.027827895085113477,0.02386741592113209,0.013428710730417844,0.007029945918850148,0.009180425507890564,-0.008752766633859595,-0.00700225608388961,-0.023645948160981083,-0.010596185612416301,-0.08623500000000028,52.14037948110231,9.289375,0.2111080966575194,0.1694949999999995,-632500252.0333904,11761500.0,6.696566,6.883903,6.800642,1,0.027975084543331752
2020-08-20,6.759011,6.696566,6.646014,6.800642,54782900.0,0,1,-0.0070145360447562265,-0.005663283114646375,0.01841356501695917,-0.0030926686445589087,0.015422161798915444,-0.003491948141928148,-0.002620140265580946,0.008342594982289927,0.01599335196089538,0.013428710730417844,0.007029945918850148,-0.007577581230913575,-0.008752766633859595,-0.00700225608388961,-0.023645948160981083,-0.1457069999999998,50.515824117194974,9.289375,0.20749858975341087,0.1605749999999997,-607216109.17828,-43021400.0,6.702513,6.883903,6.877956,1,0.02706298368984883
2020-08-21,6.70846,6.702513,6.646014,6.729275,38238900.0,0,1,-0.00750716113074366,-0.0070145360447562265,-0.005663283114646375,0.01841356501695917,0.003984880555502598,0.004872553565043253,-0.014041556375800441,-0.013169748499453288,0.015422161798915444,0.01599335196089538,0.013428710730417844,-0.008465254240454238,-0.007577581230913575,-0.008752766633859595,-0.00700225608388961,-0.06839300000000037,48.776891703008715,9.289375,0.20074847619959582,0.11299700000000001,-588096429.5455594,-81260300.0,6.797668,6.883903,6.586542,0,-0.031058592446703837
2020-08-24,6.830378,6.797668,6.779827,6.877956,51450200.0,0,1,0.018010599675717713,-0.00750716113074366,-0.0070145360447562265,-0.005663283114646375,0.011741902593303993,0.025838984080239647,0.02672665708978025,0.007812547148936649,0.003984880555502598,0.015422161798915444,0.01599335196089538,-0.002628026785246361,-0.008465254240454238,-0.007577581230913575,-0.008752766633859595,-0.14273300000000066,52.98080021350656,9.289375,0.1985161564710533,0.16949600000000054,-586537650.3406358,-29810100.0,6.866061,6.883903,6.702513,0,-0.023819770899209947
2020-08-25,6.800642,6.866061,6.747117,6.883903,37574100.0,0,1,-0.00436299663129352,0.018010599675717713,-0.00750716113074366,-0.0070145360447562265,0.0025952082513057686,0.01260617541722768,0.026703256904163163,0.02759092991370399,0.011741902593303993,0.003984880555502598,0.015422161798915444,-0.017475276818342562,-0.002628026785246361,-0.008465254240454238,-0.007577581230913575,-0.062446000000000446,51.862797977371045,9.289375,0.19410685958026377,0.13678599999999985,-594705909.0630199,-67384200.0,6.773879,6.809563,6.509228,0,-0.03906934269124085
2020-08-26,6.607357,6.773879,6.553832,6.809563,69152900.0,0,1,-0.028833294301543938,-0.00436299663129352,0.018010599675717713,-0.00750716113074366,0.005254055943749591,-0.008262631589061167,0.0017483355768606438,0.01584541706379635,0.0025952082513057686,0.011741902593303993,0.003984880555502598,-0.03302397507394036,-0.017475276818342562,-0.002628026785246361,-0.008465254240454238,-0.37467499999999987,45.18787358546549,9.289375,0.1985085838959592,0.25573099999999993,-634911133.7909564,-136537100.0,6.637093,6.806589,6.806589,1,0.025537686453994235
2020-08-27,6.586542,6.637093,6.553832,6.681698,34933800.0,0,1,-0.0031552488417271414,-0.028833294301543938,-0.00436299663129352,0.018010599675717713,0.006698080443510123,-0.013701744956823005,-0.027218432489633772,-0.017207465323711875,0.005254055943749591,0.0025952082513057686,0.011741902593303993,-0.012624149673607256,-0.03302397507394036,-0.017475276818342562,-0.002628026785246361,-0.20517900000000022,44.52330358063623,9.289375,0.19346268504624783,0.12786600000000004,-651971775.9851285,-171470900.0,6.616278,6.869035,6.806589,1,0.038202294401777026
2020-08-28,6.702513,6.616278,6.55978,6.702513,30657700.0,0,1,0.017454054353896072,-0.0031552488417271414,-0.028833294301543938,-0.00436299663129352,0.012949554515242061,0.009808464280286406,-0.0105913611200467,-0.02410804865285746,0.006698080443510123,0.005254055943749591,0.0025952082513057686,-0.008575910377371699,-0.012624149673607256,-0.03302397507394036,-0.017475276818342562,-0.03865700000000061,49.02173925831237,9.289375,0.18983913611437297,0.14273299999999978,-621314075.9851285,-140813200.0,6.637093,6.874982,6.806589,1,0.03584234844984091
2020-08-31,6.509228,6.637093,6.509228,6.669803,47680200.0,0,1,-0.029261668301927755,0.017454054353896072,-0.0031552488417271414,-0.028833294301543938,0.004916257838379527,0.00805734807333525,0.004916257838379527,-0.015483567561953534,0.012949554515242061,0.006698080443510123,0.005254055943749591,-0.01945320402164131,-0.008575910377371699,-0.012624149673607256,-0.03302397507394036,-0.21112600000000015,42.79353909723405,9.289375,0.1900852692490606,0.19328499999999948,-668994275.9851285,-188493400.0,6.60141,6.874982,6.806589,1,0.04144144962970042
2020-09-01,6.800642,6.60141,6.577621,6.806589,65900700.0,0,1,0.043796157091302496,-0.029261668301927755,0.017454054353896072,-0.0031552488417271414,0.030607851042314595,0.025217047200737,0.028358137435692647,0.025217047200737,0.004916257838379527,0.012949554515242061,0.006698080443510123,-0.003610132768781953,-0.01945320402164131,-0.008575910377371699,-0.012624149673607256,-0.04460400000000053,52.576389354512784,9.289375,0.19774782144555622,0.29736099999999954,-606516861.8844681,-122592700.0,6.818484,6.874982,6.619252,0,-0.0292193983295993
2020-09-02,6.779827,6.818484,6.696566,6.869035,53146000.0,0,1,-0.0030654340876856505,0.043796157091302496,-0.029261668301927755,0.017454054353896072,0.0073864708188725635,0.039740367995692555,0.034349564154114796,0.03749065438907071,0.030607851042314595,0.004916257838379527,0.012949554515242061,-0.018042302064496495,-0.003610132768781953,-0.01945320402164131,-0.008575910377371699,-0.02676199999999973,51.8937581528391,9.289375,0.19594219134230223,0.17246900000000043,-608349418.8193375,-175738700.0,6.723328,6.874982,6.874982,1,0.022556388740814004
2020-09-03,6.803615,6.723328,6.711434,6.874982,87433200.0,0,1,0.00350250316794896,-0.0030654340876856505,0.043796157091302496,-0.029261668301927755,0.022305755327006054,0.008251865611551713,0.04060576278837153,0.03521495894679391,0.0073864708188725635,0.030607851042314595,0.004916257838379527,-0.0017706310104251596,-0.018042302064496495,-0.003610132768781953,-0.01945320402164131,0.044603999999999644,52.65037862112454,9.289375,0.19362832053213783,0.16354800000000047,-597222198.5243784,-88305500.0,6.839299,6.84822,6.577621,0,-0.038260938730709126
2020-09-04,6.81551,6.839299,6.714407,6.84822,51907000.0,0,1,0.0017468087009468456,0.00350250316794896,-0.0030654340876856505,0.043796157091302496,0.0013035234892744727,0.01840549445124773,0.004351604735793373,0.03670550191261312,0.022305755327006054,0.0073864708188725635,0.030607851042314595,-0.018429724680973272,-0.0017706310104251596,-0.018042302064496495,-0.003610132768781953,0.10705000000000009,53.04804741610673,9.289375,0.1893557976369852,0.13381300000000085,-570692074.7621136,-36398500.0,6.690618,6.770906,6.506255,0,-0.02755545152929062
2020-09-08,6.619252,6.690618,6.515175,6.690618,74104000.0,0,1,-0.02921852464306258,0.0017468087009468456,0.00350250316794896,-0.0030654340876856505,0.0,-0.021978994447068204,-0.004877023485094845,-0.018930913200549234,0.0013035234892744727,0.022305755327006054,0.0073864708188725635,-0.026572175249439865,-0.018429724680973272,-0.0017706310104251596,-0.018042302064496495,-0.21112599999999926,46.15969250200595,9.289375,0.19728288352005768,0.3003349999999996,-556875530.6765697,-110502500.0,6.687645,6.770906,6.446783,0,-0.036015966756608675
2020-09-09,6.759011,6.687645,6.687645,6.770906,41878600.0,0,1,0.020894204948171874,-0.02921852464306258,0.0017468087009468456,0.00350250316794896,0.01237310944188886,0.011928657116659523,-0.0100503373304086,0.007051633631564712,0.0,0.0013035234892744727,0.022305755327006054,0.0,-0.026572175249439865,-0.018429724680973272,-0.0017706310104251596,-0.04163099999999975,51.03568363169081,9.289375,0.19402367755433927,0.15165399999999973,-526962819.7963256,-68623900.0,6.714407,6.714407,6.443809,0,-0.04030110179499091
2020-09-10,6.577621,6.714407,6.574648,6.714407,57036600.0,0,1,-0.02720344776634024,0.020894204948171874,-0.02921852464306258,0.0017468087009468456,0.0,0.003993722091324307,0.0035492697660948888,-0.018429724680973272,0.01237310944188886,0.0,0.0013035234892744727,-0.021034475812337562,0.0,-0.026572175249439865,-0.018429724680973272,-0.02973600000000065,45.30132887926218,9.289375,0.1933336291576008,0.18436300000000028,-581572816.6895491,-125660500.0,6.577621,6.619252,6.461651,0,-0.017630994549549084
2020-09-11,6.506255,6.577621,6.467598,6.619252,70477200.0,0,1,-0.010909107937554424,-0.02720344776634024,0.020894204948171874,-0.02921852464306258,0.006309242818168384,-0.014273143692979157,-0.0102794216016549,-0.010723873926884288,0.0,0.01237310944188886,0.0,-0.01686834216048004,-0.021034475812337562,0.0,-0.026572175249439865,-0.08028699999999933,43.242663529210965,9.289375,0.1903565127892008,0.15165400000000062,-616120372.6260884,-196137700.0,6.524096,6.592489,6.586542,0,0.009571594286779339
2020-09-14,6.446783,6.524096,6.372442,6.535991,45765900.0,0,1,-0.009182775176909873,-0.010909107937554424,-0.02720344776634024,0.020894204948171874,0.001821581018430192,-0.0063491492424662625,-0.026931535753613813,-0.022937813662289534,0.006309242818168384,0.0,0.01237310944188886,-0.02351964393109977,-0.01686834216048004,-0.021034475812337562,0.0,-0.2557299999999998,41.548197479935276,9.289375,0.18844169044711498,0.16354899999999972,-620280603.7207452,-241903600.0,6.535991,6.592489,6.437862,0,-0.01501363756467844
2020-09-15,6.443809,6.535991,6.408126,6.565727,58189800.0,0,1,-0.0004614217954871509,-0.009182775176909873,-0.010909107937554424,-0.02720344776634024,0.004539259822089574,0.006360840840519699,-0.0018098894203766164,-0.02239227593152413,0.001821581018430192,0.006309242818168384,0.0,-0.019757108073675856,-0.02351964393109977,-0.01686834216048004,-0.021034475812337562,-0.06541900000000034,41.460705101524454,9.289375,0.18623878398660673,0.15760099999999966,-652120486.735447,-300093400.0,6.497334,6.592489,6.214841,0,-0.04347829432810446
2020-09-16,6.461651,6.497334,6.422994,6.538964,50028700.0,0,1,0.002765032996490683,-0.0004614217954871509,-0.009182775176909873,-0.010909107937554424,0.006386804215677058,0.00045476256724971524,0.0022763435856798762,-0.005894386675216615,0.004539259822089574,0.001821581018430192,0.006309242818168384,-0.011507574787047017,-0.019757108073675856,-0.02351964393109977,-0.01686834216048004,-0.33899100000000004,42.24645429163535,9.289375,0.18121958513042052,0.1159699999999999,-668796432.4731381,-250064700.0,6.396231,6.592489,6.592489,1,0.030683382135510584
2020-09-17,6.586542,6.396231,6.381363,6.592489,59981900.0,0,1,0.019143618450210603,0.002765032996490683,-0.0004614217954871509,-0.009182775176909873,0.03022206003892098,0.014539031761809564,0.008606990113382191,0.010428571131812352,0.006386804215677058,0.004539259822089574,0.001821581018430192,-0.002327199738894169,-0.011507574787047017,-0.019757108073675856,-0.02351964393109977,-0.19328500000000037,47.55319405406978,9.289375,0.1833557576211047,0.21112599999999926,-612193674.4007074,-190082800.0,6.538964,6.586542,6.015609,0,-0.08003637885145098
2020-09-18,6.437862,6.538964,6.408126,6.586542,63612700.0,0,1,-0.022831978928438745,0.019143618450210603,0.002765032996490683,-0.0004614217954871509,0.007249733211966369,0.029319565704754847,0.01363653742764343,0.007704495779215945,0.03022206003892098,0.006386804215677058,0.004539259822089574,-0.02021187064092557,-0.002327199738894169,-0.011507574787047017,-0.019757108073675856,-0.3657529999999998,42.54167055353517,9.289375,0.18300291779102576,0.17841599999999946,-654602141.0673741,-253695500.0,6.330812,6.381363,6.066161,0,-0.041803642249998885
2020-09-21,6.214841,6.330812,6.188079,6.381363,72733900.0,0,1,-0.03525635604942099,-0.022831978928438745,0.019143618450210603,0.002765032996490683,0.007953204933101912,-0.024397032231682658,-0.002327199738894169,-0.018010228016005665,0.007249733211966369,0.03022206003892098,0.006386804215677058,-0.0228038066957883,-0.02021187064092557,-0.002327199738894169,-0.011507574787047017,-0.6006689999999999,36.35286775308764,9.289375,0.18777292366309534,0.24978299999999987,-707194646.7274393,-326429400.0,6.232683,6.348653,6.348653,1,0.018606754105735757
2020-09-22,6.185105,6.232683,6.170237,6.348653,46689800.0,0,1,-0.004796159112590351,-0.03525635604942099,-0.022831978928438745,0.019143618450210603,0.018435766219735132,0.00281415844821484,-0.029536078716569818,-0.0074662462237814154,0.007953204933101912,0.007249733211966369,0.03022206003892098,-0.01006964934975908,-0.0228038066957883,-0.02021187064092557,-0.002327199738894169,-0.4341470000000003,35.60903754334699,9.289375,0.1871045719728742,0.17841599999999946,-746102813.394106,-373119200.0,6.185105,6.232683,5.837193,0,-0.05624997473769644
2020-09-23,6.015609,6.185105,6.006689,6.232683,56396300.0,0,1,-0.027786391072219814,-0.004796159112590351,-0.03525635604942099,-0.022831978928438745,0.007662915942178812,0.0,-0.015621607771520465,-0.04797184493630503,0.018435766219735132,0.007953204933101912,0.007249733211966369,-0.029270300660355474,-0.01006964934975908,-0.0228038066957883,-0.02021187064092557,-0.7434019999999997,31.635547899222,9.289375,0.18988238826052603,0.22599400000000003,-798047181.0773185,-429515500.0,6.018583,6.158343,6.158343,1,0.023221412747818082
2020-09-24,6.066161,6.018583,5.965058,6.158343,76033500.0,0,1,0.00836835910803119,-0.027786391072219814,-0.004796159112590351,-0.03525635604942099,0.02295589829946851,-0.004336234402842993,-0.01199915034502171,-0.027620758116542247,0.007662915942178812,0.018435766219735132,0.007953204933101912,-0.00893307066519568,-0.029270300660355474,-0.01006964934975908,-0.0228038066957883,-0.5114599999999996,34.00099273916569,9.289375,0.19012543195620277,0.19328500000000037,-794537882.0965389,-353482000.0,5.99182,6.113738,6.113738,1,0.020347406964828618
2020-09-25,5.985873,5.99182,5.908559,6.02453,39909500.0,0,1,-0.01332375725797153,0.00836835910803119,-0.027786391072219814,-0.004796159112590351,0.005444262324855599,0.0009876184809338585,-0.026304514221377407,-0.03396743016355628,0.02295589829946851,0.007662915942178812,0.018435766219735132,-0.01399322804927898,-0.00893307066519568,-0.029270300660355474,-0.01006964934975908,-0.5203820000000006,32.10122266477142,9.289375,0.18780232967361685,0.1576019999999998,-781234715.4298726,-393391500.0,6.045345,6.113738,5.902612,0,-0.0236103977523201
2020-09-28,5.837193,6.045345,5.837193,6.113738,48198300.0,0,1,-0.025152162428738876,-0.01332375725797153,0.00836835910803119,-0.027786391072219814,0.01124981568219631,0.020143164370405402,0.015686520526483783,-0.011605612175827633,0.005444262324855599,0.02295589829946851,0.007662915942178812,-0.03503852379287516,-0.01399322804927898,-0.00893307066519568,-0.029270300660355474,-0.6095899999999999,28.882851634506316,9.289375,0.19414109183978703,0.2765449999999996,-829433015.4298726,-441589800.0,5.837193,5.965058,5.959111,1,0.02190522054007804
2020-09-29,5.742037,5.837193,5.724196,5.905586,52488700.0,0,1,-0.016436005179701913,-0.025152162428738876,-0.01332375725797153,0.00836835910803119,0.011648652053885484,-0.023389871738989584,-0.014496523050780469,-0.01895316689470223,0.01124981568219631,0.005444262324855599,0.02295589829946851,-0.019547927708709723,-0.03503852379287516,-0.01399322804927898,-0.00893307066519568,-0.7017720000000001,27.01602376985709,9.289375,0.1932302995655165,0.1813899999999995,-871596439.5414555,-494078500.0,5.798536,5.994794,5.959111,1,0.033846129436809536
2020-09-30,5.831246,5.798536,5.777721,5.959111,68791100.0,0,1,0.015416674228076138,-0.016436005179701913,-0.025152162428738876,-0.01332375725797153,0.027315836980266392,0.02067127827217732,-0.014367245520697887,-0.005473896832488713,0.011648652053885484,0.01124981568219631,0.005444262324855599,-0.003596157623700709,-0.019547927708709723,-0.03503852379287516,-0.01399322804927898,-0.6304049999999997,31.48692274224942,9.289375,0.19493342102512248,0.2170740000000002,-899789451.1407716,-425287400.0,5.840166,6.155369,5.965058,1,0.0539715823146123
2020-10-01,5.902612,5.840166,5.688512,5.965058,76064500.0,0,1,0.012164265154086073,0.015416674228076138,-0.016436005179701913,-0.025152162428738876,0.02115955779533142,0.028313306991481282,0.021668748283392117,-0.013369775509483007,0.027315836980266392,0.011648652053885484,0.01124981568219631,-0.026310518579082464,-0.003596157623700709,-0.019547927708709723,-0.03503852379287516,-0.6839299999999993,34.921492099087125,9.289375,0.20076289095189945,0.27654599999999974,-858076731.7993237,-349222900.0,5.866929,6.155369,5.994794,1,0.049163710690891316
2020-10-02,5.655803,5.866929,5.655803,5.869903,83732400.0,0,1,-0.042712867089153936,0.012164265154086073,0.015416674228076138,-0.016436005179701913,0.0005067807162359863,0.005078887907899631,0.012232637104049685,0.005588078395960571,0.02115955779533142,0.027315836980266392,0.011648652053885484,-0.03664923056641829,-0.026310518579082464,-0.003596157623700709,-0.019547927708709723,-0.7820590000000003,29.427303054958525,9.289375,0.20405189874104954,0.24680900000000072,-941809131.7993237,-432955300.0,5.756905,6.155369,5.994794,1,0.06921496880702405
2020-10-05,5.956137,5.756905,5.721222,5.994794,72633800.0,0,1,0.05174001885305284,-0.042712867089153936,0.012164265154086073,0.015416674228076138,0.04049142201343094,0.02156009763542378,0.026132204827087654,0.0332859540232376,0.0005067807162359863,0.02115955779533142,0.027315836980266392,-0.0062175849690092036,-0.03664923056641829,-0.026310518579082464,-0.003596157623700709,-0.2587039999999998,41.49056832084266,9.289375,0.21369040597383174,0.33899100000000004,-889702321.4517734,-360321500.0,6.086976,6.155369,5.887744,0,-0.03273086668979808
2020-10-06,5.926401,6.086976,5.926401,6.155369,76272200.0,0,1,-0.005005001805839893,0.05174001885305284,-0.042712867089153936,0.012164265154086073,0.01117330242351623,0.06692470519119714,0.047993380813190024,0.052565488004853826,0.04049142201343094,0.0005067807162359863,0.02115955779533142,-0.026734291908879205,-0.0062175849690092036,-0.03664923056641829,-0.026310518579082464,-0.2587039999999998,40.74789793890197,9.289375,0.2147816626899866,0.22896800000000006,-965974521.4517734,-436593700.0,5.947216,6.122659,6.122659,1,0.0295000215226755
2020-10-07,5.884771,5.947216,5.816378,5.962084,52972500.0,0,1,-0.007049287300405707,-0.005005001805839893,0.05174001885305284,-0.042712867089153936,0.0024968734895236717,-0.020731322286605836,0.03502008048107513,0.016088756103067977,0.01117330242351623,0.04049142201343094,0.0005067807162359863,-0.022245479657227316,-0.026734291908879205,-0.0062175849690092036,-0.03664923056641829,-0.13083800000000068,39.67712961991269,9.289375,0.20984768678355897,0.14570599999999967,-969217453.7949853,-489566200.0,5.959111,6.122659,6.122659,1,0.02744503332795767
2020-10-08,6.078055,5.959111,5.905586,6.122659,77718500.0,0,1,0.032316916017195337,-0.007049287300405707,-0.005005001805839893,0.05174001885305284,0.027075170412748196,0.029073268391656845,0.005845072615527293,0.06159647538320807,0.0024968734895236717,0.01117330242351623,0.04049142201343094,-0.00902262621829179,-0.022245479657227316,-0.026734291908879205,-0.0062175849690092036,0.01189399999999985,46.68254500331228,9.289375,0.21185056629901905,0.23788799999999988,-923438033.9569582,-411847700.0,6.048319,6.063187,5.872876,0,-0.029006902579047256
2020-10-09,5.887744,6.048319,5.887744,6.063187,67290200.0,0,1,-0.031811841262446586,0.032316916017195337,-0.007049287300405707,-0.005005001805839893,0.0024551872357777174,0.017314260553237426,0.01931235853214602,-0.003915837243983628,0.027075170412748196,0.0024968734895236717,0.01117330242351623,-0.02690747997477491,-0.00902262621829179,-0.022245479657227316,-0.026734291908879205,-0.09812900000000013,41.56425841955383,9.289375,0.21031202584908915,0.19031100000000034,-990728233.9569582,-479137900.0,5.920454,6.05724,6.05724,1,0.02310397141840803
2020-10-13,5.985873,5.920454,5.866929,5.985873,54825900.0,0,1,0.016529290813876767,-0.031811841262446586,0.032316916017195337,-0.007049287300405707,0.01098905788973724,-0.010378189160898122,0.004480884156561597,0.006478982135470117,0.0024551872357777174,0.027075170412748196,0.0024968734895236717,-0.009081806859277177,-0.02690747997477491,-0.00902262621829179,-0.022245479657227316,0.1486799999999997,44.91776959147255,9.289375,0.2037857382884399,0.11894399999999994,-935902333.9569582,-424312000.0,5.973979,6.05724,5.804483,0,-0.028372379614993615
2020-10-14,5.938296,5.973979,5.938296,6.05724,43909700.0,0,1,-0.007979969501382848,0.016529290813876767,-0.031811841262446586,0.032316916017195337,0.013841046234780153,0.022841115645206668,0.0014738685945714356,0.016332941912031166,0.01098905788973724,0.0024551872357777174,0.027075170412748196,-0.005990981022072362,-0.009081806859277177,-0.02690747997477491,-0.00902262621829179,0.1962590000000004,43.610992442261924,9.289375,0.1977256141249799,0.11894399999999994,-979812033.9569582,-468221700.0,5.834219,6.027504,5.929375,1,0.03312954141762603
2020-10-15,5.872876,5.834219,5.780694,5.878823,56247400.0,0,1,-0.01107776078608173,-0.007979969501382848,0.016529290813876767,-0.031811841262446586,0.007616162497810108,-0.016056632749258306,-0.00705656333883172,-0.028423810389467015,0.013841046234780153,0.01098905788973724,0.0024551872357777174,-0.009216664627287688,-0.005990981022072362,-0.009081806859277177,-0.02690747997477491,0.04162999999999961,41.80980202001584,9.289375,0.19485964168748132,0.1576019999999998,-930382257.4484845,-524469100.0,5.849087,6.045345,6.027504,1,0.03355361272622548
2020-10-16,5.747985,5.849087,5.745011,5.860982,49142500.0,0,1,-0.021495104136877424,-0.01107776078608173,-0.007979969501382848,0.016529290813876767,0.0020315856535475093,0.004576757033311637,-0.01909603821375671,-0.010095968803330012,0.007616162497810108,0.013841046234780153,0.01098905788973724,-0.017953754680432442,-0.009216664627287688,-0.005990981022072362,-0.009081806859277177,-0.15462700000000051,38.537506230097506,9.289375,0.1900743101383755,0.1278649999999999,-977004303.2832191,-573611600.0,5.771773,6.196999,5.929375,1,0.07367337558147224
2020-10-19,5.804483,5.771773,5.724196,5.929375,107219900.0,0,1,0.009781191419464208,-0.021495104136877424,-0.01107776078608173,-0.007979969501382848,0.026939498816065374,0.01363323047724382,0.01617840185700811,-0.007494393390060445,0.0020315856535475093,0.007616162497810108,0.013841046234780153,-0.008277209452012237,-0.017953754680432442,-0.009216664627287688,-0.005990981022072362,0.1486800000000006,40.79496436034881,9.289375,0.191153216557063,0.20517900000000022,-1000313431.6028813,-466391700.0,5.849087,6.286208,6.027504,1,0.07473320195100541
2020-10-20,6.000741,5.849087,5.825298,6.027504,68008500.0,0,1,0.03325241157306033,0.009781191419464208,-0.021495104136877424,-0.01107776078608173,0.030047414010260412,0.043353682349081976,0.030047414010260412,0.03259258539002462,0.026939498816065374,0.0020315856535475093,0.007616162497810108,-0.00407542374627962,-0.008277209452012237,-0.017953754680432442,-0.009216664627287688,0.044603999999999644,47.94706659138121,9.289375,0.19342948680298708,0.22302100000000014,-950307478.3670728,-398383200.0,5.994794,6.286208,6.196999,1,0.048611178299037494
2020-10-21,5.994794,5.994794,5.896665,6.045345,60195500.0,0,1,-0.0009915356817731783,0.03325241157306033,0.009781191419464208,-0.021495104136877424,0.008397128477726858,0.03300297371075094,0.046309242049572624,0.03300297371075094,0.030047414010260412,0.026939498816065374,0.0020315856535475093,-0.01650448906280285,-0.00407542374627962,-0.008277209452012237,-0.017953754680432442,0.06839299999999948,47.75879548067203,9.289375,0.19023309488848805,0.1486800000000006,-931044756.4206108,-458578700.0,5.976952,6.286208,6.196999,1,0.051741422718469376
2020-10-22,6.196999,5.976952,5.962084,6.196999,98359400.0,0,1,0.033173716690768795,-0.0009915356817731783,0.03325241157306033,0.009781191419464208,0.03615440358635764,0.033173716690768795,0.057779561923792924,0.07108583026261461,0.008397128477726858,0.030047414010260412,0.026939498816065374,-0.0024906546367668043,-0.01650448906280285,-0.00407542374627962,-0.008277209452012237,0.31222800000000017,54.32585171729406,9.289375,0.19342465953931035,0.23491499999999998,-832685356.4206108,-360219300.0,6.226736,6.286208,5.551726,0,-0.10840510983603602
2020-10-23,6.116712,6.226736,6.107791,6.286208,61328500.0,0,1,-0.013040445362406753,0.033173716690768795,-0.0009915356817731783,0.03325241157306033,0.009505748258726205,0.05044728820776515,0.047466601312175956,0.07207244654520022,0.03615440358635764,0.008397128477726858,0.030047414010260412,-0.019287109623055125,-0.0024906546367668043,-0.01650448906280285,-0.00407542374627962,0.03865699999999972,51.55467857991483,9.289375,0.19235268385793106,0.1784170000000005,-887880903.2995517,-421547800.0,6.045345,6.104818,5.73609,0,-0.05115588936611559
2020-10-26,6.021557,6.045345,5.956137,6.104818,57573100.0,0,1,-0.0156788334956718,-0.013040445362406753,0.033173716690768795,-0.0009915356817731783,0.009789741089969354,-0.0197739834857536,0.021167556463285393,0.01818686956769614,0.009505748258726205,0.03615440358635764,0.008397128477726858,-0.014866437826516136,-0.019287109623055125,-0.0024906546367668043,-0.01650448906280285,0.13381299999999996,48.403282450112954,9.289375,0.19008284929665023,0.1605749999999997,-894789396.4970688,-479120900.0,6.02453,6.05724,5.632014,0,-0.06515296628948652
2020-10-27,5.911533,6.02453,5.890718,6.05724,47473400.0,0,1,-0.018440675108517202,-0.0156788334956718,-0.013040445362406753,0.033173716690768795,0.005414782754686839,0.001965696391333297,-0.027598028184389726,0.013343511764649062,0.009789741089969354,0.009505748258726205,0.03615440358635764,-0.02246157627303658,-0.014866437826516136,-0.019287109623055125,-0.0024906546367668043,-0.0743399999999994,44.97961812487697,9.289375,0.18839993148974668,0.1665220000000005,-930394589.0409966,-526594300.0,5.753932,5.91748,5.91748,1,0.02842369357163066
2020-10-28,5.551726,5.753932,5.551726,5.780694,78431300.0,0,1,-0.0627963182432981,-0.018440675108517202,-0.0156788334956718,-0.013040445362406753,0.004640297487016258,-0.04131572335444948,-0.04476480971780299,-0.07432853429352602,0.005414782754686839,0.009789741089969354,0.009505748258726205,-0.035774576792032685,-0.02246157627303658,-0.014866437826516136,-0.019287109623055125,-0.38656999999999986,36.009464384103566,9.289375,0.20064329352619334,0.359807,-1008825889.0409966,-605025600.0,5.48036,5.968032,5.759879,1,0.08898539512002857
2020-10-29,5.73609,5.48036,5.275181,5.759879,85502000.0,0,1,0.03266892314913606,-0.0627963182432981,-0.018440675108517202,-0.0156788334956718,0.04974567530984425,0.0010330203490141968,-0.04492300049245158,-0.048372086855805,0.004640297487016258,0.005414782754686839,0.009789741089969354,-0.03815780066319403,-0.035774576792032685,-0.02246157627303658,-0.014866437826516136,-0.13678599999999985,42.35327170815828,9.289375,0.22093291541717952,0.48469799999999985,-931716773.1791608,-519523600.0,5.691486,5.968032,5.81043,1,0.048589419353750385
2020-10-30,5.632014,5.691486,5.611199,5.81043,63575300.0,0,1,-0.01831068890268938,0.03266892314913606,-0.0627963182432981,-0.018440675108517202,0.02068320448059049,0.058483786219350985,0.009771131258520999,-0.03618488958294488,0.04974567530984425,0.004640297487016258,0.005414782754686839,-0.014206951782860463,-0.03815780066319403,-0.035774576792032685,-0.02246157627303658,-0.11597100000000005,39.94578262370522,9.289375,0.21938277860166672,0.19923100000000016,-982007796.4400992,-583098900.0,5.80151,5.968032,5.91748,1,0.028703216921111885
2020-11-03,5.84314,5.80151,5.747985,5.91748,66290900.0,0,1,0.03680121893151978,-0.01831068890268938,0.03266892314913606,-0.0627963182432981,0.01979245409850313,0.038939308623006624,0.07673989036176701,0.028027235400937028,0.02068320448059049,0.04974567530984425,0.004640297487016258,-0.009268869886093035,-0.014206951782860463,-0.03815780066319403,-0.035774576792032685,0.03865699999999972,46.579556478068014,9.289375,0.2241030087015477,0.28546600000000044,-973866877.336291,-516808000.0,5.95019,6.747117,6.747117,1,0.13393303407118085
2020-11-04,5.863955,5.95019,5.730143,5.968032,65777600.0,0,1,0.003555967032578248,0.03680121893151978,-0.01831068890268938,0.03266892314913606,0.0029940729965721143,0.02829899632125341,0.04744585084575682,0.0852464325845173,0.01979245409850313,0.02068320448059049,0.04974567530984425,-0.03768266503558181,-0.009268869886093035,-0.014206951782860463,-0.03815780066319403,-0.13678599999999985,47.19882656702763,9.289375,0.22508772236572286,0.23788900000000002,-965644988.4048986,-451030400.0,5.932348,6.883903,6.747117,1,0.16040107559435146
2020-11-05,5.914507,5.932348,5.863955,5.944243,40874800.0,0,1,0.008583855922747664,0.003555967032578248,0.03680121893151978,-0.01831068890268938,0.002003100717588781,-0.0009999636797394626,0.024304959644941854,0.04345181416944534,0.0029940729965721143,0.01979245409850313,0.02068320448059049,-0.011595796811275084,-0.03768266503558181,-0.009268869886093035,-0.014206951782860463,-0.08028699999999933,48.7526117027789,9.289375,0.21474488505388553,0.08028800000000036,-955047516.3443164,-410155600.0,5.813404,6.946349,5.932348,1,0.1948849589672419
2020-11-06,5.872876,5.813404,5.81043,5.932348,37273300.0,0,1,-0.007063683788041249,0.008583855922747664,0.003555967032578248,0.03680121893151978,0.020253801721335743,0.0,-0.00300306439732811,0.02230185892735324,0.002003100717588781,0.0029940729965721143,0.01979245409850313,-0.0005117072499304151,-0.011595796811275084,-0.03768266503558181,-0.009268869886093035,-0.32412300000000016,47.51261785022661,9.289375,0.2081143932643223,0.12191799999999997,-954138292.1592087,-447428900.0,6.277287,6.946349,6.747117,1,0.10658458024939743
2020-11-09,6.425967,6.277287,6.256472,6.747117,164904100.0,0,1,0.09000266254608172,-0.007063683788041249,0.008583855922747664,0.003555967032578248,0.07217742176635145,0.1489490168332532,0.1286952151119174,0.12569215071458908,0.020253801721335743,0.002003100717588781,0.0029940729965721143,-0.003321432801727647,-0.0005117072499304151,-0.011595796811275084,-0.03768266503558181,0.3092550000000003,61.51678829544741,9.289375,0.2556948651740136,0.8742410000000005,-1005109016.9918269,-282524800.0,6.509228,6.946349,6.883903,1,0.06715404653209256
2020-11-10,6.863088,6.509228,6.485439,6.883903,163589600.0,0,1,0.06581036093218239,0.09000266254608172,-0.007063683788041249,0.008583855922747664,0.05596492520609094,0.09224790683599994,0.16901950190290146,0.14876570018156568,0.07217742176635145,0.020253801721335743,0.002003100717588781,-0.003661352241697424,-0.003321432801727647,-0.0005117072499304151,-0.011595796811275084,0.8415310000000007,68.63856248842552,9.289375,0.2701406605187269,0.4579360000000001,-858610634.8885502,-118935200.0,6.943375,7.026636,6.925533,0,-0.0025696437251336857
2020-11-11,6.803615,6.943375,6.660882,6.946349,93072900.0,0,1,-0.008703397654654684,0.06581036093218239,0.09000266254608172,-0.007063683788041249,0.0004282302579156315,0.06499533540588032,0.10127831703578913,0.17804991210269092,0.05596492520609094,0.07217742176635145,0.020253801721335743,-0.04153605933058911,-0.003661352241697424,-0.003321432801727647,-0.0005117072499304151,0.8920819999999994,66.82651911821225,9.289375,0.27123539905310357,0.2854669999999997,-858610960.9258856,-212008100.0,6.761985,7.17829,7.026636,1,0.06156550184598153
2020-11-12,6.515175,6.761985,6.473545,6.785774,77275000.0,0,1,-0.04332001726467137,-0.008703397654654684,0.06581036093218239,0.09000266254608172,0.0035118759419443413,-0.022959605600356408,0.0416074995476083,0.0778904811775172,0.0004282302579156315,0.05596492520609094,0.07217742176635145,-0.043592614094897494,-0.04153605933058911,-0.003661352241697424,-0.003321432801727647,0.9634489999999998,58.72865004433964,9.289375,0.27543787054931046,0.3300700000000001,-915279558.2534878,-289283100.0,6.547885,7.17829,6.779827,1,0.09627612580245382
2020-11-13,6.729275,6.547885,6.509228,6.779827,66065200.0,0,1,0.032333339950535736,-0.04332001726467137,-0.008703397654654684,0.06581036093218239,0.034809488662445945,0.0026350993979529875,-0.023836382144347763,0.04073072300361689,0.0035118759419443413,0.0004282302579156315,0.05596492520609094,-0.005921234341171022,-0.043592614094897494,-0.04153605933058911,-0.003661352241697424,0.9931850000000004,62.373361834178475,9.289375,0.27509223693864543,0.2705989999999998,-873898322.2770059,-223217900.0,6.898771,7.17829,7.026636,1,0.040517216762231856
2020-11-16,6.925533,6.898771,6.877956,7.026636,101583300.0,0,1,0.028747605364196217,0.032333339950535736,-0.04332001726467137,-0.008703397654654684,0.01836479087249607,0.07056597392902736,0.0383915846645343,0.011920103122233655,0.034809488662445945,0.0035118759419443413,0.0004282302579156315,-0.0030217650155350603,-0.005921234341171022,-0.043592614094897494,-0.04153605933058911,1.2935189999999999,65.39056408411452,9.289375,0.27668286287159927,0.29736099999999954,-910469130.1583624,-121634600.0,6.854167,7.17829,7.17829,1,0.047288459706336106
2020-11-17,7.044478,6.854167,6.833352,7.17829,94082100.0,0,1,0.01702903088197513,0.028747605364196217,0.032333339950535736,-0.04332001726467137,0.046204404645577395,0.03971791333861961,0.0919190963951511,0.059744707130658055,0.01836479087249607,0.034809488662445945,0.0035118759419443413,-0.00304145930986001,-0.0030217650155350603,-0.005921234341171022,-0.043592614094897494,1.2013379999999998,67.11184600925657,9.289375,0.28155822980934214,0.34493799999999997,-889381678.2701969,-27552500.0,7.133686,7.463757,7.463757,1,0.04626934799204796
2020-11-18,7.002847,7.133686,7.002847,7.175317,68540400.0,0,1,-0.005927266847364499,0.01702903088197513,0.028747605364196217,0.032333339950535736,0.005818870464440902,0.04579015336469519,0.03930366205773757,0.09150484511426878,0.046204404645577395,0.01836479087249607,0.034809488662445945,-0.01851129073476159,-0.00304145930986001,-0.0030217650155350603,-0.005921234341171022,1.1388920000000002,65.87690556509818,9.289375,0.2737662133943891,0.17246999999999968,-957922078.2701969,-96092900.0,7.002847,7.930613,7.118818,1,0.1324841168170603
2020-11-19,7.083135,7.002847,6.949322,7.118818,65382100.0,0,1,0.011399825655117497,-0.005927266847364499,0.01702903088197513,0.028747605364196217,0.016424919751347425,-0.0020863709834141697,0.03788491191684022,0.03139842060988231,0.005818870464440902,0.046204404645577395,0.01836479087249607,-0.007672679794021837,-0.01851129073476159,-0.00304145930986001,-0.0030217650155350603,1.168628,67.13300858695042,9.289375,0.2663183410090756,0.16949599999999965,-920068999.3007815,-30710800.0,7.089082,7.930613,7.463757,1,0.11870803582184553
2020-11-20,7.032583,7.089082,6.979058,7.133686,38137700.0,0,1,-0.007162542651831599,0.011399825655117497,-0.005927266847364499,0.01702903088197513,0.0062722173671574625,0.018511290734761515,0.0,0.039971282900254326,0.016424919751347425,0.005818870464440902,0.046204404645577395,-0.015641903376089845,-0.007672679794021837,-0.01851129073476159,-0.00304145930986001,1.159707,65.4981570545514,9.289375,0.2583404595084273,0.15462799999999977,-931803714.1687227,-68848500.0,7.151528,7.930613,7.463757,1,0.10893965597282151
2020-11-23,7.463757,7.151528,7.148554,7.463757,125645300.0,0,1,0.059504843086502064,-0.007162542651831599,0.011399825655117497,-0.005927266847364499,0.04273286657729394,0.05150305272218383,0.06374212608978803,0.045230835355026464,0.0062722173671574625,0.016424919751347425,0.005818870464440902,-0.0004159416768207009,-0.015641903376089845,-0.007672679794021837,-0.01851129073476159,1.0377900000000002,71.80501420028094,9.289375,0.27068571240068257,0.4311740000000004,-806158414.1687227,56796800.0,7.624331,7.930613,7.930613,1,0.040171655716416454
2020-11-24,7.796801,7.624331,7.624331,7.930613,153293500.0,0,1,0.04365461461986377,0.059504843086502064,-0.007162542651831599,0.011399825655117497,0.03938575310691625,0.10340429387861041,0.11217448002350032,0.12441355339110444,0.04273286657729394,0.0062722173671574625,0.016424919751347425,0.0,-0.0004159416768207009,-0.015641903376089845,-0.007672679794021837,0.933713,75.52638210607425,9.289375,0.2846978758006338,0.46685599999999994,-786810166.0738294,210090300.0,7.790853,7.880062,7.404284,0,-0.04961831522170945
2020-11-25,7.805721,7.790853,7.633252,7.880062,73971200.0,0,1,0.0011434050177036826,0.04365461461986377,0.059504843086502064,-0.007162542651831599,0.011385418612948239,0.032991190919759834,0.09700973169145413,0.10577991783634405,0.03938575310691625,0.04273286657729394,0.0062722173671574625,-0.020436386432706233,0.0,-0.0004159416768207009,-0.015641903376089845,1.0021060000000004,75.61919891276037,9.289375,0.2819915989577314,0.24680999999999997,-757400312.6902547,284061500.0,7.71354,7.749223,7.612437,0,-0.013107211474887026
2020-11-26,7.677856,7.71354,7.600542,7.716513,41935900.0,0,1,-0.016516584863900292,0.0011434050177036826,0.04365461461986377,0.059504843086502064,0.00038535188917237487,-0.0095877751872479,0.012017997119563842,0.076036537891258,0.011385418612948239,0.03938575310691625,0.04273286657729394,-0.014757665630862048,-0.020436386432706233,0.0,-0.0004159416768207009,1.162681,71.43683185391703,9.289375,0.2765049847464649,0.20517900000000022,-743421679.3569212,242125600.0,7.707592,7.880062,7.880062,1,0.022376638514337577
2020-11-27,7.582701,7.707592,7.567833,7.749223,49863500.0,0,1,-0.012470872881871728,-0.016516584863900292,0.0011434050177036826,0.04365461461986377,0.005386763142074469,0.0046153541047927755,-0.005357772971627545,0.016247999335184022,0.00038535188917237487,0.011385418612948239,0.03938575310691625,-0.01829905222257756,-0.014757665630862048,-0.020436386432706233,0.0,0.8534259999999998,68.40474982779655,9.289375,0.2697110572645745,0.1813899999999995,-785110853.1206348,192262100.0,7.511334,7.996032,7.695698,1,0.06452888395057377
2020-11-30,7.404284,7.511334,7.386443,7.695698,90207700.0,0,1,-0.02381071701664299,-0.012470872881871728,-0.016516584863900292,0.0011434050177036826,0.02424839160057858,-0.0015443457032797098,-0.0023157547405615003,-0.012288881816981699,0.005386763142074469,0.00038535188917237487,0.011385418612948239,-0.01676678685949312,-0.01829905222257756,-0.014757665630862048,-0.020436386432706233,0.4787509999999999,63.00489190225901,9.289375,0.2725356246028192,0.3092550000000003,-864910342.577879,102054400.0,7.552965,8.198238,7.880062,1,0.08543307164802161
2020-12-01,7.612437,7.552965,7.520255,7.662988,58866000.0,0,1,0.027724605519569397,-0.02381071701664299,-0.012470872881871728,-0.016516584863900292,0.014461784620431638,0.01998890619207845,-0.0058038311117798195,-0.006575240149061587,0.02424839160057858,0.005386763142074469,0.00038535188917237487,-0.004340154438977843,-0.01676678685949312,-0.01829905222257756,-0.014757665630862048,0.5679590000000001,66.3430154269527,9.289375,0.2715476514169036,0.2587040000000007,-847740869.1834995,160920400.0,7.612437,8.263657,7.880062,1,0.085546849189031
2020-12-02,7.704619,7.612437,7.532149,7.880062,88089900.0,0,1,0.012036661999641554,0.027724605519569397,-0.02381071701664299,-0.012470872881871728,0.03455241471943826,0.042395570458861824,0.04792269203050853,0.02212995472665031,0.014461784620431638,0.02424839160057858,0.005386763142074469,-0.010602964278114297,-0.004340154438977843,-0.01676678685949312,-0.01829905222257756,0.7017720000000001,67.73163474340065,9.289375,0.277002319172839,0.34791299999999925,-848493618.4992766,249010300.0,7.775985,8.263657,7.996032,1,0.06271514155441404
2020-12-03,7.921692,7.775985,7.746249,7.996032,62424500.0,0,1,0.02778480023362973,0.012036661999641554,0.027724605519569397,-0.02381071701664299,0.02790528048721429,0.049162061491444815,0.05700521723086827,0.06253233880251492,0.03455241471943826,0.014461784620431638,0.02424839160057858,-0.0038314119444832298,-0.010602964278114297,-0.004340154438977843,-0.01676678685949312,0.8385569999999998,70.78805352693759,9.289375,0.2780316535176362,0.2914129999999995,-823226469.720136,311434800.0,8.085241,8.263657,8.263657,1,0.022066874691799576
2020-12-04,8.186343,8.085241,8.046584,8.198238,61652400.0,0,1,0.032862458625679,0.02778480023362973,0.012036661999641554,0.027724605519569397,0.013878952260068262,0.05287911498789948,0.07413589599213005,0.08197905173155356,0.02790528048721429,0.03455241471943826,0.014461784620431638,-0.004792647328395933,-0.0038314119444832298,-0.010602964278114297,-0.004340154438977843,1.153760000000001,74.01909534726013,9.289375,0.2779255354092336,0.27654599999999974,-771245496.7579978,373087200.0,8.109029,8.385575,8.263657,1,0.034103466641937086
2020-12-07,8.028742,8.109029,7.930613,8.263657,72664200.0,0,1,-0.01943942482840178,0.032862458625679,0.02778480023362973,0.012036661999641554,0.01888909340236754,0.021826924759906337,0.06082708748773776,0.08208386849196808,0.013878952260068262,0.02790528048721429,0.03455241471943826,-0.022247798183006106,-0.004792647328395933,-0.0038314119444832298,-0.010602964278114297,0.5649849999999992,69.11641688468478,9.289375,0.2818625685942883,0.3330440000000001,-801089737.3424253,300423000.0,7.972244,8.385575,8.385575,1,0.05184625558374778
2020-12-08,7.927639,7.972244,7.868167,8.070373,46276700.0,0,1,-0.012672591992623999,-0.01943942482840178,0.032862458625679,0.02778480023362973,0.012233692776635129,-0.00477843044556972,-0.001840599088030933,0.03715956363980032,0.01888909340236754,0.013878952260068262,0.02790528048721429,-0.013140883489471126,-0.022247798183006106,-0.004792647328395933,-0.0038314119444832298,0.1308379999999998,66.09208899459907,9.289375,0.2761728136946963,0.20220600000000033,-820145010.6547898,254146300.0,7.918719,8.40639,8.385575,1,0.06158458205171824
2020-12-09,8.0109,7.918719,7.850326,8.019821,52448300.0,0,1,0.010447853141342254,-0.012672591992623999,-0.01943942482840178,0.032862458625679,0.01268665210697539,0.005950093420254093,-0.011062029801950937,-0.00812419844441205,0.012233692776635129,0.01888909340236754,0.013878952260068262,-0.008674390725929145,-0.013140883489471126,-0.022247798183006106,-0.004792647328395933,0.20517899999999933,67.35879577512827,9.289375,0.2685529698593609,0.1694950000000004,-773217714.6289488,306594600.0,8.085241,8.40639,8.385575,1,0.039720399181669475
2020-12-10,8.272578,8.085241,8.067399,8.385575,97537100.0,0,1,0.0321430752806733,0.010447853141342254,-0.012672591992623999,-0.01943942482840178,0.03647266688827904,0.05728351743966656,0.05054695875294518,0.03353483553074034,0.01268665210697539,0.012233692776635129,0.01888909340236754,-0.002209175373985151,-0.008674390725929145,-0.013140883489471126,-0.022247798183006106,0.5947219999999991,71.02269354123028,9.289375,0.2761331148694065,0.37467499999999987,-744959250.9101267,404131700.0,8.174449,8.40639,8.40639,1,0.028373900185810763
2020-12-11,8.198238,8.174449,8.112003,8.278525,48334300.0,0,1,-0.009026936467809988,0.0321430752806733,0.010447853141342254,-0.012672591992623999,0.01265149853154555,0.023624511559955298,0.04443536211134282,0.03769880342462131,0.03647266688827904,0.01268665210697539,0.012233692776635129,-0.0076684972289287395,-0.002209175373985151,-0.008674390725929145,-0.013140883489471126,0.6155369999999998,68.66465738448939,9.289375,0.2683037495215918,0.1665220000000005,-743232797.8504709,355797400.0,8.335024,8.442074,8.397469,0,0.007491880047375776
2020-12-14,8.213106,8.335024,8.213106,8.40639,53159500.0,0,1,0.001811917910890682,-0.009026936467809988,0.0321430752806733,0.010447853141342254,0.008525735315797565,0.027978817038351665,0.0389518300667615,0.05976268061814906,0.01265149853154555,0.03647266688827904,0.01268665210697539,-0.014735224580005016,-0.0076684972289287395,-0.002209175373985151,-0.008674390725929145,0.8088220000000002,68.88714602930884,9.289375,0.26400719598433525,0.20815200000000011,-796392297.8504709,408956900.0,8.266631,8.442074,8.397469,1,0.021223035115514266
2020-12-15,8.281499,8.266631,8.219053,8.323129,47208200.0,0,1,0.008292819616271077,0.001811917910890682,-0.009026936467809988,0.0321430752806733,0.006811215885487647,-0.0014281297598490483,0.01802495196270504,0.028997964991114778,0.008525735315797565,0.01265149853154555,0.03647266688827904,-0.005772054358768261,-0.014735224580005016,-0.0076684972289287395,-0.002209175373985151,0.6690620000000003,69.94431361527451,9.289375,0.253008324842597,0.11002299999999998,-786950294.9756486,456165100.0,8.281499,8.442074,8.442074,1,0.01938960567404524
2020-12-16,8.382601,8.281499,8.168502,8.397469,59399200.0,0,1,0.012134257538088607,0.008292819616271077,0.001811917910890682,-0.009026936467809988,0.013906360263630353,0.01570330094523307,0.007463955299896226,0.026917037022450317,0.006811215885487647,0.008525735315797565,0.01265149853154555,-0.013738452331602341,-0.005772054358768261,-0.014735224580005016,-0.0076684972289287395,0.6779819999999992,71.48666989569999,9.289375,0.25129108735384,0.22896699999999903,-735265283.5320781,515564300.0,8.415311,8.442074,8.112003,0,-0.03604239938369491
2020-12-17,8.397469,8.415311,8.346918,8.442074,39149200.0,0,1,0.0017721027255417218,0.012134257538088607,0.008292819616271077,0.001811917910890682,0.0031752282439466077,0.0192040223582284,0.021000963039831025,0.012761617394494277,0.013906360263630353,0.006811215885487647,0.008525735315797565,-0.008160415841752105,-0.013738452331602341,-0.005772054358768261,-0.014735224580005016,0.475776999999999,71.71653243379892,9.289375,0.24013858111427994,0.09515599999999935,-732818972.8086354,554713500.0,8.355839,8.421258,8.311235,0,-0.005338063598401055
2020-12-18,8.355839,8.355839,8.33205,8.421258,44707900.0,0,1,-0.00496977500607578,0.0017721027255417218,0.012134257538088607,0.008292819616271077,0.007798647353468633,0.000706438496741544,0.016735232611023262,0.01853217329262602,0.0031752282439466077,0.013906360263630353,0.006811215885487647,-0.0028510515756739476,-0.008160415841752105,-0.013738452331602341,-0.005772054358768261,0.16949599999999876,70.01458050772924,9.289375,0.22935782532040275,0.08920799999999929,-753682459.0094254,510005600.0,8.085241,8.48073,8.400443,1,0.04891493030325256
2020-12-21,8.034689,8.085241,7.886009,8.174449,99988800.0,0,1,-0.03919228313888062,-0.00496977500607578,0.0017721027255417218,0.012134257538088607,0.010973013028409865,-0.021947262016374612,-0.029039470873101828,-0.01301067675882009,0.007798647353468633,0.0031752282439466077,0.013906360263630353,-0.024950124153981297,-0.0028510515756739476,-0.008160415841752105,-0.013738452331602341,0.005947000000000813,58.4839977664559,9.289375,0.24653440922608824,0.46982999999999997,-750590307.796001,410016800.0,8.088214,8.48073,8.400443,1,0.048529378673709545
2020-12-22,8.112003,8.088214,8.04361,8.168502,46513200.0,0,1,0.009576523893577158,-0.03919228313888062,-0.00496977500607578,0.0017721027255417218,0.009877598007719058,0.010245237455627448,-0.022675037589156868,-0.029767246445883945,0.010973013028409865,0.007798647353468633,0.0031752282439466077,-0.005529952926242363,-0.024950124153981297,-0.0028510515756739476,-0.008160415841752105,0.18436399999999953,60.184021778598364,9.289375,0.23848287999565335,0.13381299999999996,-746160656.5709426,456530000.0,8.156607,8.48073,8.400443,1,0.03973747907677794
2020-12-23,8.311235,8.156607,8.132818,8.400443,49038900.0,0,1,0.024263397278980785,0.009576523893577158,-0.03919228313888062,-0.00496977500607578,0.029456168873875685,0.03787650223422994,0.0382441416821384,0.005323866637353997,0.009877598007719058,0.010973013028409865,0.007798647353468633,-0.0029207927120881343,-0.005529952926242363,-0.024950124153981297,-0.0028510515756739476,0.30033500000000046,64.246942527556,9.289375,0.2420512457102495,0.2884399999999996,-729814234.4126987,505568900.0,8.433153,8.676989,8.676989,1,0.02891397796292794
2020-12-28,8.379628,8.433153,8.379628,8.48073,36313300.0,0,1,0.00819530815032458,0.024263397278980785,0.009576523893577158,-0.03919228313888062,0.005625807566851778,0.03896825732435342,0.047388590684707556,0.04775623013261607,0.029456168873875685,0.009877598007719058,0.010973013028409865,-0.0063672013369779025,-0.0029207927120881343,-0.005529952926242363,-0.024950124153981297,0.10705000000000098,65.54666166220642,9.289375,0.23686865673094593,0.1694949999999995,-766127534.4126987,541882200.0,8.4391,8.974349,8.676989,1,0.06342489127987583
2020-12-29,8.40639,8.4391,8.323129,8.453968,29891100.0,0,1,0.003188608837975275,0.00819530815032458,0.024263397278980785,0.009576523893577158,0.001760249096139528,0.002465193509464529,0.03580764326696614,0.04422797662732033,0.005625807566851778,0.029456168873875685,0.009877598007719058,-0.013837401987974262,-0.0063672013369779025,-0.0029207927120881343,-0.005529952926242363,0.20815200000000011,66.06648617433348,9.289375,0.22929510982159265,0.13083899999999993,-757975499.3061937,571773300.0,8.430179,9.188449,8.676989,1,0.08994708178794308
2020-12-30,8.427206,8.430179,8.385575,8.47181,36968200.0,0,1,0.0024731507884641056,0.003188608837975275,0.00819530815032458,0.024263397278980785,0.004926175752330118,0.003868513379015623,0.004573457792340442,0.03791590754984199,0.001760249096139528,0.005625807566851778,0.029456168873875685,-0.005305037717495577,-0.013837401987974262,-0.0063672013369779025,-0.0029207927120881343,0.21410000000000018,66.48999583712359,9.289375,0.21907653054862178,0.08623500000000028,-759249998.7391381,608741500.0,8.519387,9.262789,8.676989,1,0.08726003408461191
2021-01-04,8.596701,8.519387,8.483704,8.676989,74719700.0,0,1,0.01991324328622471,0.0024731507884641056,0.003188608837975275,0.00819530815032458,0.01833018919528177,0.028856573613753565,0.027798911240439064,0.028503855653764017,0.004926175752330118,0.001760249096139528,0.005625807566851778,-0.004197243005422223,-0.005305037717495577,-0.013837401987974262,-0.0063672013369779025,0.3152019999999993,69.79558732211729,9.289375,0.22126984979514885,0.24978300000000075,-746605423.7990243,683461200.0,8.593728,9.44418,8.974349,1,0.09896194061529506
2021-01-05,8.932719,8.593728,8.397469,8.974349,95181100.0,0,1,0.0383423028140989,0.01991324328622471,0.0024731507884641056,0.003188608837975275,0.043337762061055794,0.05202600702861426,0.06255239144708614,0.06149472907377159,0.01833018919528177,0.004926175752330118,0.001760249096139528,-0.023102283940944712,-0.004197243005422223,-0.005305037717495577,-0.013837401987974262,0.5501180000000012,75.05011398206513,9.289375,0.24667057480978113,0.576880000000001,-665161632.0537739,778642300.0,8.968402,9.44418,9.188449,1,0.05305047655089501
2021-01-06,8.94164,8.968402,8.935693,9.188449,96562500.0,0,1,0.0009981897242554378,0.0383423028140989,0.01991324328622471,0.0024731507884641056,0.02423964090828447,0.06691451685808926,0.07560276182564757,0.08612914624411946,0.043337762061055794,0.01833018919528177,0.004926175752330118,-0.0036538050529275074,-0.023102283940944712,-0.004197243005422223,-0.005305037717495577,0.5441710000000004,75.17359854207852,9.289375,0.24731767660908247,0.2557299999999998,-757180167.2220793,875204800.0,9.021927,9.44418,9.262789,1,0.0468029723583443
2021-01-07,9.218185,9.021927,9.021927,9.262789,56164100.0,0,1,0.030459145974737565,0.0009981897242554378,0.0383423028140989,0.01991324328622471,0.026347243593913532,0.03229768040171108,0.0749725563515158,0.08366080131907414,0.02423964090828447,0.043337762061055794,0.01833018919528177,0.0,-0.0036538050529275074,-0.023102283940944712,-0.004197243005422223,0.8623460000000005,78.69393584666084,9.289375,0.2525913425655766,0.32114900000000013,-721817551.1954746,931368900.0,9.354971,9.44418,8.668068,0,-0.07342652371664227
2021-01-08,9.253869,9.354971,9.024901,9.44418,67136300.0,0,1,0.003863570817673605,0.030459145974737565,0.0009981897242554378,0.0383423028140989,0.009490818987394178,0.04574073114091941,0.051691167948716955,0.09436604389852164,0.026347243593913532,0.02423964090828447,0.043337762061055794,-0.03592032514500256,0.0,-0.0036538050529275074,-0.023102283940944712,1.2191799999999997,79.10564625866813,3.226304,0.2644976038108925,0.4192789999999995,-715627668.2080127,998505200.0,9.102215,9.384707,9.384707,1,0.031035522672228755
2021-01-11,9.176555,9.102215,9.039769,9.236027,48743700.0,0,1,-0.008389872475017268,0.003863570817673605,0.030459145974737565,0.0009981897242554378,0.014594024333782492,-0.012796044943280908,0.023453867210244266,0.029404304018041946,0.009490818987394178,0.026347243593913532,0.02423964090828447,-0.006884169517378146,-0.03592032514500256,0.0,-0.0036538050529275074,1.0645520000000008,75.69283186924834,3.226304,0.2608977749672573,0.21410000000000018,-696425544.3618507,949761500.0,9.253869,9.384707,8.361786,0,-0.09640108369807265
2021-01-12,9.108162,9.253869,9.108162,9.384707,65691900.0,0,1,-0.007480927264382776,-0.008389872475017268,0.003863570817673605,0.030459145974737565,0.01403971517517181,0.03056365902151873,0.0031735897444554557,0.0394235018979807,0.014594024333782492,0.009490818987394178,0.026347243593913532,-0.015870799739400098,-0.006884169517378146,-0.03592032514500256,0.0,0.7969270000000002,72.70465963194023,3.226304,0.26201543389816756,0.2765450000000005,-762117444.3618507,884069600.0,9.12303,9.176555,8.346918,0,-0.08507173603506724
2021-01-13,8.668068,9.12303,8.623464,9.176555,93826600.0,0,1,-0.04952500601430663,-0.007480927264382776,-0.008389872475017268,0.003863570817673605,0.005849876119054993,-0.008389872475017268,0.008134071371329626,-0.019255997905733756,0.01403971517517181,0.014594024333782492,0.009490818987394178,-0.05631512564837005,-0.015870799739400098,-0.006884169517378146,-0.03592032514500256,0.2884399999999996,57.08726494117025,3.226304,0.2828065457625842,0.5530910000000002,-840810760.0871112,790243000.0,8.674015,8.822695,8.822695,1,0.01714085115139863
2021-01-14,8.757276,8.674015,8.540203,8.822695,50728700.0,0,1,0.010238969096172869,-0.04952500601430663,-0.007480927264382776,-0.008389872475017268,0.01699560418401263,-0.03347460684824309,-0.04771435544231521,-0.031190411595968373,0.005849876119054993,0.01403971517517181,0.014594024333782492,-0.015546996707883055,-0.05631512564837005,-0.015870799739400098,-0.006884169517378146,0.35088599999999914,59.00935668524413,3.226304,0.28278407820811385,0.2824919999999995,-813577386.1515663,840971700.0,8.638332,8.659147,8.388549,0,-0.028915651771661555
2021-01-15,8.361786,8.638332,8.335024,8.647253,80673300.0,0,1,-0.0462128570431969,0.010238969096172869,-0.04952500601430663,-0.007480927264382776,0.0010321896299195985,-0.003090076464945432,-0.0535602874972011,-0.06780003609127337,0.01699560418401263,0.005849876119054993,0.01403971517517181,-0.035743113000059126,-0.015546996707883055,-0.05631512564837005,-0.015870799739400098,-0.06541999999999959,48.61348202692524,3.226304,0.2927460726218199,0.4222519999999985,-880421228.5765172,760298400.0,8.418285,8.659147,8.57886,1,0.028611765935698585
2021-01-18,8.346918,8.418285,8.329076,8.57886,68855700.0,0,1,-0.0017796717117257324,-0.0462128570431969,0.010238969096172869,-0.04952500601430663,0.018894911741299522,-0.006908471083401731,-0.011030737178266824,-0.061500948210522495,0.0010321896299195985,0.01699560418401263,0.005849876119054993,-0.01065360014164426,-0.035743113000059126,-0.015546996707883055,-0.05631512564837005,-0.24978299999999898,48.269201862771105,3.226304,0.28967735314883275,0.249784,-939440242.4845338,691442700.0,8.468836,8.659147,8.659147,1,0.02247191939954929
2021-01-19,8.531282,8.468836,8.219053,8.581833,61652300.0,0,1,0.0218472743624267,-0.0017796717117257324,-0.0462128570431969,0.010238969096172869,0.013254454036546261,0.01924140124842407,-0.0065619815762772305,-0.010684247671142308,0.018894911741299522,0.0010321896299195985,0.01699560418401263,-0.02993807739134066,-0.01065360014164426,-0.035743113000059126,-0.015546996707883055,-0.4014370000000014,52.73879804694841,3.226304,0.2948989707810589,0.362779999999999,-894969625.1423432,753095000.0,8.608596,8.659147,8.028742,0,-0.06735755749253436
2021-01-20,8.388549,8.608596,8.358813,8.659147,60306200.0,0,1,-0.016872081752299053,0.0218472743624267,-0.0017796717117257324,-0.0462128570431969,0.005854979936938256,0.02222314586778584,0.02821009307966369,0.002406710254962242,0.013254454036546261,0.018894911741299522,0.0010321896299195985,-0.029444807571049066,-0.02993807739134066,-0.01065360014164426,-0.035743113000059126,-0.5530910000000002,49.194969064371136,3.226304,0.2952871871538405,0.3003340000000012,-943334019.2648869,692788800.0,8.33205,8.445047,8.141739,0,-0.022840837488973476
2021-01-21,8.192291,8.33205,8.180396,8.445047,41284900.0,0,1,-0.023673971414468444,-0.016872081752299053,0.0218472743624267,-0.0017796717117257324,0.013470591326730423,-0.01918112327320625,-0.0028129573423587143,0.0031739898695191207,0.005854979936938256,0.013254454036546261,0.018894911741299522,-0.018368964140034624,-0.029444807571049066,-0.02993807739134066,-0.01065360014164426,-1.0258939999999992,44.742970648115886,3.226304,0.2930988880714234,0.26465100000000064,-980907738.2340195,651503900.0,8.007927,8.459915,8.317182,1,0.05644257246600781
2021-01-22,8.055505,8.007927,7.897903,8.100109,51181900.0,0,1,-0.016837881484534408,-0.023673971414468444,-0.016872081752299053,0.0218472743624267,0.011445592290720945,-0.028232005962898904,-0.06088372056283548,-0.044515554631987884,0.013470591326730423,0.005854979936938256,0.013254454036546261,-0.013834644888491314,-0.018368964140034624,-0.029444807571049066,-0.02993807739134066,-1.1983639999999998,41.897087233006616,3.226304,0.2931909674948932,0.29438800000000054,-952305954.2305773,600322000.0,8.103082,8.459915,8.317182,1,0.04403670109718738
2021-01-26,8.028742,8.103082,7.975217,8.317182,64514600.0,0,1,-0.0033278554723975887,-0.016837881484534408,-0.023673971414468444,-0.016872081752299053,0.026079012401454747,0.0378915694503352,-0.00178602880328467,-0.0344377434032213,0.011445592290720945,0.013470591326730423,0.005854979936938256,-0.015905624804064156,-0.013834644888491314,-0.018368964140034624,-0.029444807571049066,-1.147813000000001,41.34300760245495,3.226304,0.2966748269595438,0.34196500000000096,-996624663.0428829,535807400.0,7.972244,8.459915,8.376654,1,0.061171108159760346
2021-01-27,8.141739,7.972244,7.888982,8.376654,68337800.0,0,1,0.01397594039083697,-0.0033278554723975887,-0.016837881484534408,-0.023673971414468444,0.04948254174226264,0.03320406761322539,0.04501662466210596,0.005339026408486128,0.026079012401454747,0.011445592290720945,0.013470591326730423,-0.010498906554752241,-0.015905624804064156,-0.013834644888491314,-0.018368964140034624,-0.9664230000000007,44.6701012981108,3.226304,0.31031748217671923,0.4876719999999999,-994124451.7787548,604145200.0,8.123898,8.665094,8.459915,1,0.0666177738814544
2021-01-28,8.254736,8.123898,8.120924,8.459915,67827000.0,0,1,0.013783302681806085,0.01397594039083697,-0.0033278554723975887,-0.016837881484534408,0.04052903803844781,0.05937311727923674,0.043094643150199535,0.05490720019908017,0.04948254174226264,0.026079012401454747,0.011445592290720945,-0.0003661474447950552,-0.010498906554752241,-0.015905624804064156,-0.013834644888491314,-0.4133320000000005,47.855324654319354,3.226304,0.3123655905926679,0.33899100000000004,-1008403914.9768933,671972200.0,8.18337,8.665094,8.665094,1,0.058866212819413066
2021-01-29,7.93656,8.18337,7.93656,8.230947,67555300.0,0,1,-0.0393071642337507,0.013783302681806085,0.01397594039083697,-0.0033278554723975887,0.005797028683861404,0.013090986650088478,0.03193506589087719,0.015656591761840182,0.04052903803844781,0.04948254174226264,0.026079012401454747,-0.030624114204970618,-0.0003661474447950552,-0.010498906554752241,-0.015905624804064156,-0.8207159999999991,40.74290748043454,3.226304,0.3127806198360487,0.31817599999999935,-1075959214.9768934,604416900.0,8.106056,8.665094,8.230947,1,0.06896547470187708
2021-02-01,8.186343,8.106056,7.978191,8.230947,44449500.0,0,1,0.030987345989509425,-0.0393071642337507,0.013783302681806085,0.01397594039083697,0.015289638252853842,0.005797028683861404,0.013090986650088478,0.03193506589087719,0.005797028683861404,0.04052903803844781,0.04948254174226264,-0.01589974261118039,-0.030624114204970618,-0.0003661474447950552,-0.010498906554752241,-0.17544299999999957,47.357506880233075,3.226304,0.31146678984775955,0.2943870000000004,-1047197773.8004227,648866400.0,8.445047,8.947587,8.665094,1,0.059507069646859145
2021-02-02,8.522361,8.445047,8.385575,8.665094,91663000.0,0,1,0.0402261371300033,0.030987345989509425,-0.0393071642337507,0.013783302681806085,0.02572265568116993,0.06669133470365321,0.057198725134660906,0.06449268310088792,0.015289638252853842,0.005797028683861404,0.04052903803844781,-0.007067147907561781,-0.01589974261118039,-0.030624114204970618,-0.0003661474447950552,0.17544299999999957,54.68549558963656,3.226304,0.3234156620014909,0.47875099999999904,-1049147980.6235721,740529400.0,8.617516,8.947587,8.947587,1,0.03830233677546979
2021-02-03,8.57886,8.617516,8.522361,8.665094,51765400.0,0,1,0.006607622410729391,0.0402261371300033,0.030987345989509425,-0.0393071642337507,0.0055058952546397835,0.02572265568116993,0.06669133470365321,0.057198725134660906,0.02572265568116993,0.015289638252853842,0.005797028683861404,-0.011103460965478986,-0.007067147907561781,-0.01589974261118039,-0.030624114204970618,0.04757800000000145,55.79962890276947,3.226304,0.31050975757281296,0.14273299999999978,-1059932061.1725688,792294800.0,8.572912,8.947587,8.947587,1,0.04370451953781873
2021-02-04,8.569939,8.572912,8.388549,8.62049,41444100.0,0,1,-0.0010404228080035636,0.006607622410729391,0.0402261371300033,0.030987345989509425,0.005534462748429278,0.0003450515134415047,0.02056181193997149,0.06153049096245489,0.0055058952546397835,0.02572265568116993,0.015289638252853842,-0.021739903317495916,-0.011103460965478986,-0.007067147907561781,-0.01589974261118039,0.18139000000000038,55.56731414848778,3.226304,0.30489770346046924,0.23194100000000084,-1036553251.0445622,750850700.0,8.617516,8.947587,8.947587,1,0.03830233677546979
2021-02-05,8.629411,8.617516,8.421258,8.947587,121098700.0,0,1,0.006915637745111547,-0.0010404228080035636,0.006607622410729391,0.0402261371300033,0.03758701090305879,0.042776422138046694,0.03758701090305879,0.05780377132958877,0.005534462748429278,0.0055058952546397835,0.02572265568116993,-0.023037652824117794,-0.021739903317495916,-0.011103460965478986,-0.007067147907561781,0.4371199999999984,56.85687191132271,3.226304,0.32071422464186433,0.5263290000000005,-1061867535.969201,871949400.0,8.477757,8.712672,8.712672,1,0.027709569877975904
2021-02-08,8.358813,8.477757,8.266631,8.712672,98821700.0,0,1,-0.03185982110673121,0.006915637745111547,-0.0010404228080035636,0.006607622410729391,0.027332607542846887,0.010981641548001207,0.016171052782988988,0.010981641548001207,0.03758701090305879,0.005534462748429278,0.0055058952546397835,-0.02521886012189795,-0.023037652824117794,-0.021739903317495916,-0.011103460965478986,0.30330799999999947,49.77788090810507,3.226304,0.3296661371674454,0.44604099999999924,-1119842847.6353934,773127700.0,8.340971,8.474783,8.474783,1,0.01604273651113286
2021-02-09,8.189317,8.340971,8.141739,8.436126,63662200.0,0,1,-0.02048593136568226,-0.03185982110673121,0.006915637745111547,-0.0010404228080035636,0.011343562041519682,-0.004922711605680691,-0.021273677600526373,-0.016084266365538617,0.027332607542846887,0.03758701090305879,0.005534462748429278,-0.024175842891000904,-0.02521886012189795,-0.023037652824117794,-0.021739903317495916,0.16057500000000147,45.92113877903357,3.226304,0.32714619879834217,0.2943870000000004,-1162927235.764624,709465500.0,8.248789,8.80188,8.474783,1,0.06705117563317486
2021-02-10,8.266631,8.248789,8.064425,8.337997,52949900.0,0,1,0.009396549973311425,-0.02048593136568226,-0.03185982110673121,0.006915637745111547,0.010756617966620821,-0.0003566167920602828,-0.01662289043926073,-0.03297385643410643,0.011343562041519682,0.027332607542846887,0.03758701090305879,-0.02260398838015202,-0.024175842891000904,-0.02521886012189795,-0.023037652824117794,0.12489200000000089,47.9039104080147,3.226304,0.32331947031274627,0.2735719999999997,-1137603134.9209702,762415400.0,8.367733,9.194396,8.80188,1,0.0987917516010608
2021-02-11,8.349892,8.367733,8.287446,8.474783,61158600.0,0,1,0.01002155466999081,0.009396549973311425,-0.02048593136568226,-0.03185982110673121,0.012712048671198631,0.02702864652553694,0.01591541176685565,-0.00035086188034468555,0.010756617966620821,0.011343562041519682,0.027332607542846887,-0.009641159894096382,-0.02260398838015202,-0.024175842891000904,-0.02521886012189795,0.09515600000000113,50.028784656594716,3.226304,0.3150932224332644,0.20815200000000011,-1157989117.2789662,823574000.0,8.269604,9.194396,8.47181,1,0.11183026418193664
2021-02-12,8.456942,8.269604,8.210132,8.47181,47801100.0,0,1,0.012739037905229855,0.01002155466999081,0.009396549973311425,-0.02048593136568226,0.024157557258514487,0.012361181682122933,0.026677779536461034,0.015564544777779932,0.012712048671198631,0.010756617966620821,0.011343562041519682,-0.007217622682550446,-0.009641159894096382,-0.02260398838015202,-0.024175842891000904,0.5203819999999997,52.700058685714666,3.226304,0.3112778494023169,0.26167799999999986,-1115619935.551041,871375100.0,8.48073,9.194396,8.80188,1,0.08415148224268432
2021-02-17,8.798907,8.48073,8.36476,8.80188,54973400.0,0,1,0.039639866672071936,0.012739037905229855,0.01002155466999081,0.009396549973311425,0.037168804026419686,0.06237871105944551,0.05058233548305387,0.06489893333739227,0.024157557258514487,0.012712048671198631,0.010756617966620821,-0.013768887951483413,-0.007217622682550446,-0.009641159894096382,-0.02260398838015202,0.612563999999999,60.04730043031854,3.226304,0.32026657444500856,0.4371200000000002,-1061394320.6818976,926348500.0,9.033822,9.194396,9.194396,1,0.01777475801493522
2021-02-18,8.703751,9.033822,8.635358,9.194396,105539200.0,0,1,-0.01087342705706418,0.039639866672071936,0.012739037905229855,0.01002155466999081,0.017618634329524575,0.08079763702051786,0.1060075440535436,0.09421116847715191,0.037168804026419686,0.024157557258514487,0.012712048671198631,-0.04511036377837351,-0.013768887951483413,-0.007217622682550446,-0.009641159894096382,0.18139000000000038,57.37652617718505,3.226304,0.3373216762703651,0.5590379999999993,-1141110079.3215606,820809300.0,8.335024,8.47181,8.47181,1,0.016410990538239467
2021-02-19,8.126871,8.335024,8.079293,8.47181,215834800.0,0,1,-0.0685781035384017,-0.01087342705706418,0.039639866672071936,0.012739037905229855,0.0162777856071408,-0.06423135246550454,-0.0010523497745113543,0.024157557258514487,0.017618634329524575,0.037168804026419686,0.024157557258514487,-0.03116202691807134,-0.04511036377837351,-0.013768887951483413,-0.007217622682550446,-0.4519890000000011,44.46457610314633,3.226304,0.3578314136796248,0.6244580000000006,-1304621091.4886773,604974500.0,6.779827,7.508361,6.898771,1,0.10745613420519429
2021-02-22,6.37839,6.779827,6.363521,6.898771,490230400.0,0,1,-0.24226026421559305,-0.0685781035384017,-0.01087342705706418,0.039639866672071936,0.017391694394085434,-0.18912311582607053,-0.2696322538987159,-0.20645325120772265,0.0162777856071408,0.017618634329524575,0.037168804026419686,-0.06336974488733559,-0.03116202691807134,-0.04511036377837351,-0.013768887951483413,-2.191549,25.63473793139743,3.226304,0.4582255984167944,1.763349999999999,-1767614739.2510328,114744100.0,6.854167,7.508361,7.213973,1,0.09544471268353982
2021-02-23,7.154501,6.854167,6.753064,7.213973,293503100.0,0,1,0.11482595472319014,-0.24226026421559305,-0.0685781035384017,-0.01087342705706418,0.051163051262160475,0.0620682543492882,-0.14444655587086783,-0.2249556939435131,0.017391694394085434,0.0162777856071408,0.017618634329524575,-0.014860460672541001,-0.06336974488733559,-0.03116202691807134,-0.04511036377837351,-1.4749099999999995,38.15430977830234,3.226304,0.4851796985298806,0.8355830000000006,-1549854210.4015207,408247200.0,7.300208,7.508361,7.43402,1,0.028513297155368766
2021-02-24,7.255604,7.300208,7.139633,7.43402,155246400.0,0,1,0.014032466663018802,0.11482595472319014,-0.24226026421559305,-0.0685781035384017,0.01816392131400669,0.08120997372341625,0.09211517681054383,-0.11439963340961215,0.051163051262160475,0.017391694394085434,0.0162777856071408,-0.02224146642889337,-0.014860460672541001,-0.06336974488733559,-0.03116202691807134,-1.1032089999999997,39.58128276405602,3.226304,0.47155164863488913,0.2943870000000004,-1582784881.4162056,563493600.0,7.43402,7.508361,6.538964,0,-0.12039999892386621
2021-02-25,6.895797,7.43402,6.869035,7.508361,170149400.0,0,1,-0.050862040226716795,0.014032466663018802,0.11482595472319014,-0.24226026421559305,0.009950437401060752,0.02811435871506744,0.09116041112447705,0.10206561421160461,0.01816392131400669,0.051163051262160475,0.017391694394085434,-0.07904313163840454,-0.02224146642889337,-0.014860460672541001,-0.06336974488733559,-1.293520000000001,36.365503946482534,3.226304,0.4835355308752542,0.6393259999999996,-1738689472.8434277,393344200.0,6.898771,6.96419,6.301076,0,-0.08663789535846311
2021-02-26,6.613305,6.898771,6.533017,6.96419,159881000.0,0,1,-0.04182856666787009,-0.050862040226716795,0.014032466663018802,0.11482595472319014,0.009438024907698772,-0.06528545750875953,-0.04712153619475291,0.015924516214656747,0.009950437401060752,0.01816392131400669,0.051163051262160475,-0.05447442176784847,-0.07904313163840454,-0.02224146642889337,-0.014860460672541001,-1.6533259999999999,34.027991915794956,3.226304,0.47979535009845037,0.43117300000000025,-1839028127.9934485,233463200.0,6.779827,6.851193,6.607357,0,-0.025438702196973417
2021-03-01,6.541938,6.779827,6.518149,6.851193,90330100.0,0,1,-0.010850077058053539,-0.04182856666787009,-0.050862040226716795,0.014032466663018802,0.010471212291310747,-0.006920482102774706,-0.08164396451923317,-0.06348004320522653,0.009438024907698772,0.009950437401060752,0.01816392131400669,-0.039361145475545374,-0.05447442176784847,-0.07904313163840454,-0.02224146642889337,-1.8079540000000005,33.44313821917109,3.226304,0.4693131108057039,0.3330440000000001,-1916453850.5003846,143133100.0,6.49436,6.904718,6.640067,1,0.0631868267234954
2021-03-02,6.538964,6.49436,6.146448,6.640067,147772300.0,0,1,-0.00045470871217323923,-0.010850077058053539,-0.04182856666787009,-0.050862040226716795,0.022187945867852818,-0.020829531603690145,-0.038221225997775526,-0.1129447084142339,0.010471212291310747,0.009438024907698772,0.009950437401060752,-0.05505975394079965,-0.039361145475545374,-0.05447442176784847,-0.07904313163840454,-1.9179779999999997,33.41736247015978,3.226304,0.47104924574815366,0.4936189999999998,-1829214969.3797228,-4639200.0,6.482466,6.904718,6.660882,1,0.06513755721973702
2021-03-03,6.301076,6.482466,6.08995,6.509228,185688500.0,0,1,-0.03705833067031365,-0.00045470871217323923,-0.010850077058053539,-0.04182856666787009,0.0041198688721148565,0.0022867544679262006,-0.04073072300361693,-0.05812241739770239,0.022187945867852818,0.010471212291310747,0.009438024907698772,-0.06246112201936115,-0.05505975394079965,-0.039361145475545374,-0.05447442176784847,-2.4978309999999997,31.33682511134696,3.226304,0.4694752996232855,0.449014,-1827897853.7690778,-190327700.0,6.333785,6.904718,6.660882,1,0.09014088732093062
2021-03-04,6.607357,6.333785,6.28026,6.660882,127843200.0,0,1,0.04746331272400724,-0.03705833067031365,-0.00045470871217323923,-0.010850077058053539,0.050353904471375284,0.027150914689490636,0.025317800285301728,-0.017699677186241332,0.0041198688721148565,0.022187945867852818,0.010471212291310747,-0.00848662284797081,-0.06246112201936115,-0.05505975394079965,-0.039361145475545374,-2.096394,36.79314397689076,3.226304,0.4631286353644794,0.3806219999999998,-1736010574.7615583,-62484500.0,6.672777,6.904718,6.904718,1,0.03475929137149336
2021-03-05,6.657909,6.672777,6.628173,6.904718,126306300.0,0,1,0.0076217461026171305,0.04746331272400724,-0.03705833067031365,-0.00045470871217323923,0.034168830945838266,0.08630694231129128,0.06310395252940638,0.06127083812521762,0.050353904471375284,0.0041198688721148565,0.022187945867852818,-0.0067069144986753185,-0.00848662284797081,-0.06246112201936115,-0.05505975394079965,-1.4689619999999994,37.673486468907754,3.226304,0.45128808998130227,0.29736099999999954,-1835154249.244554,63821800.0,6.524096,6.985006,6.625199,1,0.07064733566152315
2021-03-08,6.274313,6.524096,6.232683,6.625199,141142800.0,0,1,-0.05934147433879484,0.0076217461026171305,0.04746331272400724,-0.03705833067031365,0.015378009607671767,-0.007155705953395987,0.044982405412056815,0.021779415630172022,0.034168830945838266,0.050353904471375284,0.0041198688721148565,-0.045695501350625216,-0.0067069144986753185,-0.00848662284797081,-0.06246112201936115,-0.10407699999999931,33.82376081196637,3.226304,0.44942651212549495,0.4252260000000003,-1946358016.114694,-77321000.0,6.351627,6.985006,6.52707,1,0.09971917431549437
2021-03-09,6.42002,6.351627,6.202947,6.52707,122553300.0,0,1,0.02295723600927995,-0.05934147433879484,0.0076217461026171305,0.04746331272400724,0.02724714371947938,0.00045574472832178657,-0.022077970832746093,0.030060140532706767,0.015378009607671767,0.034168830945838266,0.050353904471375284,-0.023686498856484432,-0.045695501350625216,-0.0067069144986753185,-0.00848662284797081,-0.7344809999999997,36.47899222588362,3.226304,0.44047626125938816,0.32412300000000016,-1904757507.2773082,45232300.0,6.524096,7.038531,6.643041,1,0.0788515374390566
2021-03-10,6.643041,6.524096,6.417046,6.643041,111744100.0,0,1,0.03414860761252458,0.02295723600927995,-0.05934147433879484,0.0076217461026171305,0.01806744102500012,0.044858840016157836,0.01806744102500012,-0.004466274536067836,0.02724714371947938,0.015378009607671767,0.034168830945838266,-0.01654451234787308,-0.023686498856484432,-0.045695501350625216,-0.0067069144986753185,-0.6125629999999997,40.41951936679573,3.226304,0.4251561711694319,0.22599500000000017,-1793013407.2773082,156976400.0,6.726302,7.041504,6.985006,1,0.04686111328334652
2021-03-11,6.925533,6.726302,6.723328,6.985006,130577500.0,0,1,0.0416451760462412,0.03414860761252458,0.02295723600927995,-0.05934147433879484,0.037740338995447084,0.06826345214275299,0.09505485113391068,0.06826345214275299,0.01806744102500012,0.02724714371947938,0.015378009607671767,-0.0004422426562619528,-0.01654451234787308,-0.023686498856484432,-0.045695501350625216,0.029735999999999763,45.067964541642446,3.226304,0.41921394465732964,0.3419650000000001,-1721790042.1873891,287553900.0,6.883903,7.175317,7.038531,1,0.042332670869999145
2021-03-12,6.88985,6.883903,6.797668,6.952296,68123200.0,0,1,-0.0051657025141463,0.0416451760462412,0.03414860761252458,0.02295723600927995,0.009886177127131416,0.03304645203553128,0.06356956518283698,0.09036096417399474,0.037740338995447084,0.01806744102500012,0.02724714371947938,-0.012606175417227732,-0.0004422426562619528,-0.01654451234787308,-0.023686498856484432,0.2765449999999996,44.59467532776395,3.226304,0.40031494861037753,0.15462799999999977,-1708689494.5815217,219430700.0,6.872008,7.175317,7.038531,1,0.04413688109792657
2021-03-15,7.032583,6.872008,6.869035,7.038531,67541300.0,0,1,0.020504749552042928,-0.0051657025141463,0.0416451760462412,0.03414860761252458,0.023943134798070618,0.02221369601865602,0.04537397092705584,0.07589708407436158,0.009886177127131416,0.037740338995447084,0.01806744102500012,-0.0004327182509202809,-0.012606175417227732,-0.0004422426562619528,-0.01654451234787308,0.4906449999999998,46.99263881129705,3.226304,0.38382788085249336,0.16949599999999965,-1645888550.1344552,286972000.0,7.026636,7.175317,7.175317,1,0.0211596274518846
2021-03-16,6.92256,7.026636,6.907692,7.041504,43116200.0,0,1,-0.01576842024410989,0.020504749552042928,-0.0051657025141463,0.0416451760462412,0.002113713047436621,0.02436543489095853,0.022635996111543915,0.045796271019943845,0.023943134798070618,0.009886177127131416,0.037740338995447084,-0.017072497365966104,-0.0004327182509202809,-0.012606175417227732,-0.0004422426562619528,0.3835959999999998,45.362836113592195,3.226304,0.3659696036487438,0.13381199999999982,-1679423372.3566775,243855800.0,6.880929,7.175317,7.175317,1,0.04278317651584551
2021-03-17,7.160448,6.880929,6.872008,7.175317,77629300.0,0,1,0.033786905433178846,-0.01576842024410989,0.020504749552042928,-0.0051657025141463,0.041893269954978586,0.02093887118524161,0.0431905930287635,0.0414611542493489,0.002113713047436621,0.023943134798070618,0.009886177127131416,-0.0012973230737849033,-0.017072497365966104,-0.0004327182509202809,-0.012606175417227732,0.8593719999999996,49.445457616710456,3.226304,0.3614938462452621,0.3033089999999996,-1609405254.7594416,321485100.0,7.100976,7.148554,6.779827,0,-0.04522603653356949
2021-03-18,6.910665,7.100976,6.860114,7.106924,76651800.0,0,1,-0.03550667836129055,0.033786905433178846,-0.01576842024410989,0.020504749552042928,0.0008372807167112777,0.03231584820587974,0.011361449436142671,0.033613171279664594,0.041893269954978586,0.002113713047436621,0.023943134798070618,-0.03450817971306686,-0.0012973230737849033,-0.017072497365966104,-0.0004327182509202809,0.30330799999999947,45.59311208558975,3.226304,0.3571252857991719,0.30033399999999943,-1654657799.1231225,244833300.0,6.919586,7.148554,7.148554,1,0.03308984092400902
2021-03-19,7.13666,6.919586,6.892824,7.148554,89619900.0,0,1,0.03217900930386608,-0.03550667836129055,0.033786905433178846,-0.01576842024410989,0.03255415724056364,0.006677859102280716,0.03815642659144914,0.017202027821712276,0.0008372807167112777,0.041893269954978586,0.002113713047436621,-0.003875070822334624,-0.03450817971306686,-0.0012973230737849033,-0.017072497365966104,0.4787509999999999,49.43191632507394,3.226304,0.34988276538494534,0.2557299999999998,-1573374340.6090646,334453200.0,7.044478,7.07124,6.898771,0,-0.02068386046489179
2021-03-22,6.993926,7.044478,6.907692,7.07124,43730900.0,0,1,-0.02020282170248069,0.03217900930386608,-0.03550667836129055,0.033786905433178846,0.003791805994546977,0.02167991224680184,-0.004196385891481015,0.027282181597687423,0.03255415724056364,0.0008372807167112777,0.041893269954978586,-0.019608474199369588,-0.003875070822334624,-0.03450817971306686,-0.0012973230737849033,0.7196129999999998,47.16828618925788,3.226304,0.3412459964288778,0.22896800000000006,-1570989232.701906,290722300.0,6.88985,7.100976,7.026636,1,0.030643047381292865
2021-03-23,6.779827,6.88985,6.779827,7.026636,56425900.0,0,1,-0.031090472685069877,-0.02020282170248069,0.03217900930386608,-0.03550667836129055,0.01965875656271809,-0.002535976833403457,0.015352129418851456,-0.010524168719431447,0.003791805994546977,0.03255415724056364,0.0008372807167112777,-0.016097728703863376,-0.019608474199369588,-0.003875070822334624,-0.03450817971306686,0.359807,43.91945707566982,3.226304,0.3345004966839579,0.24680899999999983,-1627415132.701906,234296400.0,6.895797,7.100976,6.999874,1,0.02975421115209742
2021-03-24,6.785774,6.895797,6.785774,6.999874,62209500.0,0,1,0.0008767765439914191,-0.031090472685069877,-0.02020282170248069,0.03217900930386608,0.014980053320195183,0.015842834786876855,-0.006351898609244489,0.011536207643010315,0.01965875656271809,0.003791805994546977,0.03255415724056364,-0.016083733626553715,-0.016097728703863376,-0.019608474199369588,-0.003875070822334624,0.14273299999999978,44.03476604176693,3.226304,0.3263252469208181,0.2200470000000001,-1689624632.701906,296505900.0,6.750091,7.133686,6.928507,1,0.056828122761604094
2021-03-25,6.898771,6.750091,6.589516,6.928507,78839800.0,0,1,0.016514917850094075,0.0008767765439914191,-0.031090472685069877,-0.02020282170248069,0.026088363600770683,0.004732254302700207,0.00559503576938185,-0.016599697626739626,0.014980053320195183,0.01965875656271809,0.003791805994546977,-0.024076085070867545,-0.016083733626553715,-0.016097728703863376,-0.019608474199369588,-0.02676199999999973,46.29433013521745,3.226304,0.3272299435693311,0.33899100000000004,-1624616352.0802965,375345700.0,6.982032,7.205053,7.100976,1,0.0319421337513206
2021-03-26,6.976085,6.982032,6.872008,7.100976,60631800.0,0,1,0.011144591368817625,0.016514917850094075,0.0008767765439914191,-0.031090472685069877,0.01689224750226358,0.050676253113538336,0.029320143815467697,0.03018292528214951,0.026088363600770683,0.014980053320195183,0.01965875656271809,-0.015883643060689668,-0.024076085070867545,-0.016083733626553715,-0.016097728703863376,0.08623500000000028,47.8458978264783,3.226304,0.3202112333143789,0.22896800000000006,-1630127996.8743289,435977500.0,6.940401,7.25263,7.086108,1,0.044987170049684444
2021-03-29,7.086108,6.940401,6.92256,7.086108,49670900.0,0,1,0.015648376482573077,0.011144591368817625,0.016514917850094075,0.0008767765439914191,0.020776693818763358,0.014796255761726837,0.04858026137300131,0.027224152074930834,0.01689224750226358,0.026088363600770683,0.014980053320195183,-0.0025739104149162815,-0.015883643060689668,-0.024076085070867545,-0.016083733626553715,0.05352500000000049,50.05712884846736,3.226304,0.30902100236335184,0.16354800000000047,-1580457096.8743289,485648400.0,7.02961,7.25263,7.205053,1,0.03172579986656454
2021-03-30,7.086108,7.02961,7.008794,7.133686,40703300.0,0,1,0.0,0.015648376482573077,0.011144591368817625,0.016514917850094075,0.01469684363541971,0.027468517560669283,0.021488079503632858,0.05527208511490727,0.020776693818763358,0.01689224750226358,0.026088363600770683,-0.002965581451541682,-0.0025739104149162815,-0.015883643060689668,-0.024076085070867545,0.16354800000000047,50.05712884846736,3.226304,0.2958689307659696,0.124892,-1570765897.0472782,485648400.0,7.077187,7.25263,7.205053,1,0.024789934192780194
2021-03-31,7.166396,7.077187,7.07124,7.205053,68266700.0,0,1,0.011266630662392087,0.0,0.015648376482573077,0.011144591368817625,0.01790607305682593,0.024651357672672805,0.037423031597922374,0.03144259354088587,0.01469684363541971,0.020776693818763358,0.01689224750226358,-0.0008406588732771604,-0.002965581451541682,-0.0025739104149162815,-0.015883643060689668,0.005948000000000064,51.78712523686971,3.226304,0.28429350713982887,0.13381299999999996,-1541942088.5735133,553915100.0,7.222894,7.25263,7.13666,0,-0.011938981798708448
2021-04-01,7.10395,7.222894,7.07124,7.25263,46754100.0,0,1,-0.00875191093362734,0.011266630662392087,0.0,0.015648376482573077,0.004108458087902096,0.024487649335892515,0.031232933951739424,0.044004607876988844,0.01790607305682593,0.01469684363541971,0.020776693818763358,-0.0212198501212676,-0.0008406588732771604,-0.002965581451541682,-0.0025739104149162815,0.19328500000000037,50.326930423216474,3.226304,0.27694325662984104,0.1813899999999995,-1571833885.127899,507161000.0,7.175317,7.246683,7.047451,0,-0.017820257976058795
2021-04-05,7.148554,7.175317,7.041504,7.196132,40178900.0,0,1,0.006259131114052794,-0.00875191093362734,0.011266630662392087,0.0,0.002896717589832477,-0.0037120441741440285,0.016667147073846523,0.023412431689693224,0.004108458087902096,0.01790607305682593,0.01469684363541971,-0.018825158137804894,-0.0212198501212676,-0.0008406588732771604,-0.002965581451541682,0.01189399999999985,51.38142675615496,3.226304,0.26820645258485243,0.15462800000000065,-1556380542.0024626,547339900.0,7.190185,7.246683,7.032583,0,-0.021919046589204516
2021-04-06,7.142607,7.190185,7.109897,7.246683,45508400.0,0,1,-0.0008322627312464489,0.006259131114052794,-0.00875191093362734,0.011266630662392087,0.00782694534951072,0.009896905077863264,0.003288143313886862,0.023667334561877248,0.002896717589832477,0.004108458087902096,0.01790607305682593,-0.0112291445110666,-0.018825158137804894,-0.0212198501212676,-0.0008406588732771604,0.14868099999999984,51.225285640197285,3.226304,0.2588192774002201,0.13678599999999985,-1580123852.5342424,501831500.0,7.118818,7.246683,7.237762,1,0.017961549234718488
2021-04-07,7.13666,7.118818,7.115844,7.237762,55068500.0,0,1,-0.0008329559694966414,-0.0008322627312464489,0.006259131114052794,-0.00875191093362734,0.01657034218278117,0.0065951410065736215,0.008665100734926132,0.0020563389709495118,0.00782694534951072,0.002896717589832477,0.004108458087902096,-0.000417853271580578,-0.0112291445110666,-0.018825158137804894,-0.0212198501212676,0.35683299999999996,51.058191495885694,3.226304,0.2490406147287758,0.12191799999999997,-1616387813.4834049,446763000.0,7.130712,7.246683,7.246683,1,0.016263593312981994
2021-04-08,7.047451,7.130712,6.949322,7.148554,62739100.0,0,1,-0.012578888628311007,-0.0008329559694966414,-0.0008322627312464489,0.006259131114052794,0.002499009302767193,0.0041683980843258235,-0.005806803091881893,-0.00373684336352932,0.01657034218278117,0.00782694534951072,0.002896717589832477,-0.025766988326927892,-0.000417853271580578,-0.0112291445110666,-0.018825158137804894,0.2616769999999997,48.50234372671474,3.226304,0.2454828565338632,0.1992319999999994,-1617324340.1628542,384023900.0,6.987979,7.309129,7.246683,1,0.045957493575753405
2021-04-09,7.032583,6.987979,6.949322,7.07124,46820500.0,0,1,-0.002111927503333359,-0.012578888628311007,-0.0008329559694966414,-0.0008322627312464489,0.011844466381496862,-0.00837523569099462,-0.006705846909436028,-0.016681048085643718,0.002499009302767193,0.01657034218278117,0.00782694534951072,-0.005547286254436525,-0.025766988326927892,-0.000417853271580578,-0.0112291445110666,0.13381199999999982,48.07045058002931,3.226304,0.23665679535287296,0.12191799999999997,-1600194945.1432514,337203400.0,7.124765,7.322924,7.246683,1,0.027812706805066645
2021-04-12,7.10395,7.124765,7.07124,7.246683,50143300.0,0,1,0.010096903718334525,-0.002111927503333359,-0.012578888628311007,-0.0008329559694966414,0.016967103777616527,0.036352459816651084,0.016132757744159842,0.01780214652571843,0.011844466381496862,0.002499009302767193,0.01657034218278117,-0.007540889657537908,-0.005547286254436525,-0.025766988326927892,-0.000417853271580578,0.1278649999999999,50.35559407990827,3.226304,0.2350455956848106,0.21410000000000018,-1631640578.744478,387346700.0,7.130712,7.322924,7.309129,1,0.026955512997860698
2021-04-13,7.127739,7.130712,7.044478,7.169369,52780600.0,0,1,0.0033431059596921026,0.010096903718334525,-0.002111927503333359,-0.012578888628311007,0.005406555971912746,0.006240902005369468,0.02562625804440415,0.005406555971912746,0.016967103777616527,0.011844466381496862,0.002499009302767193,-0.012167041685541587,-0.007540889657537908,-0.005547286254436525,-0.025766988326927892,0.04163099999999975,51.12760942860838,3.226304,0.22717741027875268,0.12489099999999986,-1614046763.6689317,440127300.0,7.196132,7.648661,7.309129,1,0.0628850332373001
2021-04-14,7.240736,7.196132,7.130712,7.309129,90286200.0,0,1,0.015728785352915307,0.0033431059596921026,0.010096903718334525,-0.002111927503333359,0.015580455371530402,0.024713025627659365,0.02554737166111601,0.0449327277001506,0.005406555971912746,0.016967103777616527,0.011844466381496862,-0.009132570256128956,-0.012167041685541587,-0.007540889657537908,-0.005547286254436525,0.15462799999999977,54.72885322447113,3.226304,0.22390688097312753,0.18139000000000038,-1592979798.120806,530413500.0,7.282976,7.648661,7.648661,1,0.050210930257081676
2021-04-15,7.095523,7.282976,7.074012,7.322924,63513500.0,0,1,-0.020258836911131783,0.015728785352915307,0.0033431059596921026,0.010096903718334525,0.005470131879778765,0.017466042320575872,0.026598612576705052,0.027432958610161734,0.015580455371530402,0.005406555971912746,0.016967103777616527,-0.029111782750332195,-0.009132570256128956,-0.012167041685541587,-0.007540889657537908,-0.07087299999999974,49.66413716611759,3.226304,0.22569296090361846,0.2489120000000007,-1645515612.0429952,466900000.0,7.107815,7.648661,7.648661,1,0.07609173845970929
2021-04-16,7.052502,7.107815,7.00948,7.141618,59150700.0,0,1,-0.006081574296933043,-0.020258836911131783,0.015728785352915307,0.0033431059596921026,0.004744478381558244,-0.01960020856158664,-0.007604298120789363,0.0015282721353395497,0.005470131879778765,0.015580455371530402,0.005406555971912746,-0.01393136439005723,-0.029111782750332195,-0.009132570256128956,-0.012167041685541587,-0.051448000000000604,48.239828246158716,3.226304,0.21901046369621716,0.1321380000000003,-1666149285.6705668,407749300.0,7.052502,7.648661,7.648661,1,0.08453156057240396
2021-04-19,7.461209,7.052502,6.997188,7.648661,194997500.0,0,1,0.05633501794647164,-0.006081574296933043,-0.020258836911131783,0.015728785352915307,0.08114815235734428,0.07333571689681986,0.04899102995367498,0.06098694039447219,0.004744478381558244,0.005470131879778765,0.015580455371530402,-0.007874093420554309,-0.01393136439005723,-0.029111782750332195,-0.009132570256128956,0.31265500000000035,59.98167618417133,3.226304,0.249900644860773,0.6514729999999993,-1583367246.23455,602746800.0,7.476574,7.556471,7.307559,0,-0.02260594224038981
2021-04-20,7.319851,7.476574,7.301413,7.556471,93935900.0,0,1,-0.0191274928530325,0.05633501794647164,-0.006081574296933043,-0.020258836911131783,0.010629616592924452,0.06902183478374511,0.06120939932322075,0.03686471238007587,0.08114815235734428,0.004744478381558244,0.005470131879778765,-0.023706774604631987,-0.007874093420554309,-0.01393136439005723,-0.029111782750332195,0.17724399999999996,55.30836636951839,3.226304,0.2502690273707178,0.255058,-1663721999.0115657,508810900.0,7.418187,7.433552,7.098596,0,-0.04308209000393226
2021-04-22,7.286048,7.418187,7.267611,7.433552,46186100.0,0,1,-0.004628686033180094,-0.0191274928530325,0.05633501794647164,-0.006081574296933043,0.0020691187047908407,-0.005770859266525649,0.05262135892429496,0.04480892346377076,0.010629616592924452,0.08114815235734428,0.004744478381558244,-0.02050706088879082,-0.023706774604631987,-0.007874093420554309,-0.01393136439005723,0.14938800000000008,54.2204668993235,3.226304,0.244245596844238,0.16594100000000012,-1699645016.0399067,462624800.0,7.338289,7.427406,7.356727,0,0.002512574797749245
2021-04-23,7.279903,7.338289,7.224589,7.356727,59817700.0,0,1,-0.0008437485976107596,-0.004628686033180094,-0.0191274928530325,0.05633501794647164,0.0025094235590702907,-0.008319554955882888,-0.016159532927199412,0.04223268526362119,0.0020691187047908407,0.010629616592924452,0.08114815235734428,-0.01561536261861755,-0.02050706088879082,-0.023706774604631987,-0.007874093420554309,0.23245200000000033,54.01247647086521,3.226304,0.23623791135536387,0.1321380000000003,-1709382402.1589642,402807100.0,7.32907,7.464282,7.464282,1,0.01844872541809539
2021-04-26,7.307559,7.32907,7.255319,7.39053,33017500.0,0,1,0.003791753923348967,-0.0008437485976107596,-0.004628686033180094,-0.0191274928530325,0.008350818930546696,0.0070937417411192335,-0.0037352367738339616,-0.011575214745150487,0.0025094235590702907,0.0020691187047908407,0.010629616592924452,-0.010113776950879167,-0.01561536261861755,-0.02050706088879082,-0.023706774604631987,0.27497600000000055,54.85188216149215,3.226304,0.2290217034014093,0.13521099999999997,-1716886679.1223767,435824600.0,7.319851,7.464282,7.464282,1,0.019731412565638262
2021-04-27,7.098596,7.319851,7.098596,7.427406,75803200.0,0,1,-0.02901227385336813,0.003791753923348967,-0.0008437485976107596,-0.004628686033180094,0.01458670002825736,0.013328040606572975,0.012070963417145654,0.001241984902192496,0.008350818930546696,0.0025094235590702907,0.0020691187047908407,-0.03069295456081003,-0.010113776950879167,-0.01561536261861755,-0.02050706088879082,-0.005354000000000525,47.758586503749335,3.226304,0.23614943887273723,0.3288100000000007,-1792689879.1223767,360021400.0,7.190786,7.464282,7.402822,1,0.03803422880336016
2021-04-28,7.356727,7.190786,7.178494,7.402822,65861100.0,0,1,0.03571811473099202,-0.02901227385336813,0.003791753923348967,-0.0008437485976107596,0.02906079460949238,0.011271306290736463,0.01001264686905206,0.008755569679624644,0.01458670002825736,0.008350818930546696,0.0025094235590702907,-0.0017108724999876015,-0.03069295456081003,-0.010113776950879167,-0.01561536261861755,0.2289880000000002,55.426673434530606,3.226304,0.2410120503818274,0.3042259999999999,-1753895105.25643,425882500.0,7.412041,7.464282,7.034064,0,-0.050994995845274005
2021-04-29,7.258392,7.412041,7.196932,7.464282,49200500.0,0,1,-0.013456816043578443,0.03571811473099202,-0.02901227385336813,0.003791753923348967,0.00702340420358717,0.0373287599257901,0.0195392716070341,0.01828061218534985,0.02906079460949238,0.01458670002825736,0.008350818930546696,-0.02945101587847964,-0.0017108724999876015,-0.03069295456081003,-0.010113776950879167,0.017655999999999672,52.27857371497203,3.226304,0.24289333249741113,0.26734999999999953,-1780474601.1045692,376682000.0,7.190786,7.3598,7.353654,1,0.023504245572041782
2021-04-30,7.258392,7.190786,7.15391,7.353654,60379700.0,0,1,0.0,-0.013456816043578443,0.03571811473099202,-0.02901227385336813,0.022396848291281583,-0.007908507430921495,0.022396848291281583,0.004607359972525468,0.00702340420358717,0.02906079460949238,0.01458670002825736,-0.005141423872960751,-0.02945101587847964,-0.0017108724999876015,-0.03069295456081003,0.1628689999999997,52.27857371497203,3.226304,0.23981123731902462,0.19974399999999992,-1777687529.4828935,376682000.0,7.313705,7.3598,7.221516,0,-0.01260496560908586
2021-05-03,7.200005,7.313705,7.160056,7.316778,47970600.0,0,1,-0.008076596235184353,0.0,-0.013456816043578443,0.03571811473099202,0.0004200818312274918,0.017369582882175962,-0.01293577284002709,0.017369582882175962,0.022396848291281583,0.00702340420358717,0.02906079460949238,-0.021232183135967284,-0.005141423872960751,-0.02945101587847964,-0.0017108724999876015,0.14750300000000038,50.31082991032944,3.226304,0.23387629179623717,0.15672200000000025,-1801202373.4384327,328711400.0,7.233808,7.513449,7.3598,1,0.03865750929524259
2021-05-04,7.034064,7.233808,7.030991,7.264538,43705000.0,0,1,-0.023317087792181064,-0.008076596235184353,0.0,-0.013456816043578443,0.004239110587967942,-0.006745282873935524,0.010204218177013204,-0.02010113754519,0.0004200818312274918,0.022396848291281583,0.00702340420358717,-0.028437928674390378,-0.021232183135967284,-0.005141423872960751,-0.02945101587847964,-0.42714500000000033,45.11357205998645,3.226304,0.2338527709536488,0.23354699999999973,-1843757236.9348598,285006400.0,7.120107,7.676318,7.3598,1,0.07811834850234689
2021-05-05,7.322924,7.120107,7.104742,7.3598,75377300.0,0,1,0.04024506909077044,-0.023317087792181064,-0.008076596235184353,0.0,0.0331100050576724,0.017267166613441107,0.006282773151537739,0.0232322742024864,0.004239110587967942,0.0004200818312274918,0.022396848291281583,-0.0021603049671175137,-0.028437928674390378,-0.021232183135967284,-0.005141423872960751,0.0030730000000005475,54.018223358928616,3.226304,0.24041585874267388,0.325736,-1790175868.1724603,360383700.0,7.286048,7.734704,7.513449,1,0.06157741480703938
2021-05-06,7.221516,7.286048,7.190786,7.32907,53646000.0,0,1,-0.013944798601996464,0.04024506909077044,-0.023317087792181064,-0.008076596235184353,0.005887345454864337,0.02892587859562651,0.013083040151395135,0.002098646689491796,0.0331100050576724,0.004239110587967942,0.0004200818312274918,-0.013160802285575996,-0.0021603049671175137,-0.028437928674390378,-0.021232183135967284,-0.06453199999999981,50.896398760404274,3.226304,0.23312072597534,0.13828399999999963,-1819979029.0876782,306737700.0,7.264538,7.845332,7.513449,1,0.07994919979770221
2021-05-07,7.491939,7.264538,7.209224,7.513449,73691000.0,0,1,0.03676273936773712,-0.013944798601996464,0.04024506909077044,-0.023317087792181064,0.03368991224556401,0.03073332813700097,0.05377186127776318,0.03792902283353192,0.005887345454864337,0.0331100050576724,0.004239110587967942,-0.007643385222569529,-0.013160802285575996,-0.0021603049671175137,-0.028437928674390378,0.21203600000000034,57.88597774095449,3.226304,0.23819960269138712,0.30422499999999975,-1756708562.6401472,380428700.0,7.621004,7.845332,7.845332,1,0.02943549170161819
2021-05-10,7.590274,7.621004,7.553398,7.676318,73594200.0,0,1,0.013040048357153713,0.03676273936773712,-0.013944798601996464,0.04024506909077044,0.007231885564992061,0.05513530268128732,0.05217871857272451,0.0752172517134865,0.03368991224556401,0.005887345454864337,0.0331100050576724,-0.008910591312672436,-0.007643385222569529,-0.013160802285575996,-0.0021603049671175137,0.2827149999999996,60.10957201653372,3.226304,0.2343552739277166,0.18437899999999985,-1786146242.640147,454022900.0,7.510376,8.106536,7.734704,1,0.0793781829298561
2021-05-11,7.728558,7.510376,7.473501,7.734704,73355200.0,0,1,0.018054608384810832,0.013040048357153713,0.03676273936773712,-0.013944798601996464,0.029431684577417194,0.01480909612872147,0.06271251324501662,0.059755929136453834,0.007231885564992061,0.03368991224556401,0.005887345454864337,-0.004921967050812164,-0.008910591312672436,-0.007643385222569529,-0.013160802285575996,0.6299619999999999,63.063079051381656,3.226304,0.23627296864716543,0.2612030000000001,-1716243078.4835331,527378100.0,7.667099,8.192579,7.845332,1,0.06853700467412782
2021-05-12,7.614858,7.667099,7.587201,7.845332,89346200.0,0,1,-0.01482096050568227,0.018054608384810832,0.013040048357153713,0.03676273936773712,0.022980388263086206,0.04363317413789392,0.029010585689198246,0.07691400280549358,0.029431684577417194,0.007231885564992061,0.03368991224556401,-0.010475568285589555,-0.004921967050812164,-0.008910591312672436,-0.007643385222569529,0.25813099999999967,59.18300896815028,3.226304,0.2378342566009393,0.25813099999999967,-1786443590.0276718,438031900.0,7.608712,8.235601,8.106536,1,0.08239094869144759
2021-05-13,7.679391,7.608712,7.507303,7.713193,76723900.0,0,1,0.008438908373591946,-0.01482096050568227,0.018054608384810832,0.013040048357153713,0.013638332764281879,0.005993922352308598,0.026646708227116296,0.012024119778420599,0.022980388263086206,0.029431684577417194,0.007231885564992061,-0.01341762645866288,-0.010475568285589555,-0.004921967050812164,-0.008910591312672436,0.4209990000000001,60.66238473652666,3.226304,0.2355525239865865,0.20589000000000013,-1734911989.4866066,514755800.0,7.928302,8.235601,8.106536,1,0.038759749565543844
2021-05-14,8.075806,7.928302,7.851478,8.106536,195808600.0,0,1,0.050332431228679045,0.008438908373591946,-0.01482096050568227,0.018054608384810832,0.022231760741207873,0.06337674331541619,0.055732332903442816,0.07638511877825067,0.013638332764281879,0.022980388263086206,0.029431684577417194,-0.00973709481110148,-0.01341762645866288,-0.010475568285589555,-0.004921967050812164,0.8174140000000003,68.27016890042053,3.226304,0.2492377008446875,0.42714500000000033,-1586286369.6558232,710564400.0,8.081952,8.235601,8.235601,1,0.01901137250010909
2021-05-17,8.192579,8.081952,8.051222,8.192579,82937500.0,0,1,0.014356066141370801,0.050332431228679045,0.008438908373591946,-0.01482096050568227,0.013595316995801127,0.03278985537277417,0.07393483794698238,0.06629042753500916,0.022231760741207873,0.013638332764281879,0.022980388263086206,-0.0038095463626006995,-0.00973709481110148,-0.01341762645866288,-0.010475568285589555,0.9925740000000003,70.10432207681019,3.226304,0.24153193649863844,0.14135700000000107,-1503348869.6558232,793501900.0,8.204871,8.235601,7.974397,0,-0.028089899280561603
2021-05-18,8.097317,8.204871,8.072733,8.235601,62023800.0,0,1,-0.01169597227026169,0.014356066141370801,0.050332431228679045,0.008438908373591946,0.0037383398467040144,0.018832914629840408,0.03802745300681339,0.07917243558102169,0.013595316995801127,0.022231760741207873,0.013638332764281879,-0.016235915638840713,-0.0038095463626006995,-0.00973709481110148,-0.01341762645866288,1.0632530000000004,66.71618489335705,3.226304,0.2359130838915929,0.16286800000000135,-1546648388.652802,731478100.0,7.943667,8.149557,8.097317,1,0.025918760189721057
2021-05-19,8.035857,7.943667,7.928302,8.097317,84349300.0,0,1,-0.007619120368696127,-0.01169597227026169,0.014356066141370801,0.050332431228679045,0.01915776480493898,-0.013195230057596912,0.0018993447255395075,0.021093883102512492,0.0037383398467040144,0.013595316995801127,0.022231760741207873,-0.0019361182975735423,-0.016235915638840713,-0.0038095463626006995,-0.00973709481110148,0.7129329999999996,64.54867509697134,3.226304,0.23113464932790767,0.16901499999999992,-1523644034.1073477,647128800.0,8.035857,8.180287,8.180287,1,0.017973191907222796
2021-05-20,7.968251,8.035857,7.903719,8.075806,70987600.0,0,1,-0.008448631081342218,-0.007619120368696127,-0.01169597227026169,0.014356066141370801,0.004959026497587075,0.016497670933829856,-0.01585532392870594,-0.0007607491455695814,0.01915776480493898,0.0037383398467040144,0.013595316995801127,-0.016580243677349577,-0.0019361182975735423,-0.016235915638840713,-0.0038095463626006995,0.7467350000000001,62.15649564769189,3.226304,0.2269169600902,0.17208700000000032,-1541391449.7447865,576141200.0,8.014346,8.180287,8.149557,1,0.020705494871322117
2021-05-21,7.974397,8.014346,7.971324,8.085025,81335700.0,0,1,0.0007710137367974227,-0.008448631081342218,-0.007619120368696127,-0.01169597227026169,0.00878039944355375,0.006099933298729583,0.01763857773497222,-0.014714417127563603,0.004959026497587075,0.01915776480493898,0.0037383398467040144,-0.005382583760348364,-0.016580243677349577,-0.0019361182975735423,-0.016235915638840713,0.4824579999999994,62.29330534590872,3.226304,0.2190496057980428,0.11677399999999949,-1618330625.4204626,657476900.0,8.075806,8.180287,7.962105,0,-0.01407921388899136
2021-05-24,8.109609,8.075806,7.986689,8.149557,62784900.0,0,1,0.016813620354270295,0.0007710137367974227,-0.008448631081342218,-0.007619120368696127,0.00909089157812257,0.016730384220533773,0.01404991807570969,0.02558856251195248,0.00878039944355375,0.004959026497587075,0.01915776480493898,-0.011096397466655082,-0.005382583760348364,-0.016580243677349577,-0.0019361182975735423,0.5193350000000008,65.26812809495463,3.226304,0.21591463395532548,0.17515999999999998,-1586345283.162928,720261800.0,8.137265,8.303207,8.303207,1,0.02039284698237065
2021-05-25,7.940594,8.137265,7.922156,8.180287,63206400.0,0,1,-0.02106157133727644,0.016813620354270295,0.0007710137367974227,-0.008448631081342218,0.005273107104285504,0.012854557204646995,0.020494049847058514,0.017813583702234122,0.00909089157812257,0.00878039944355375,0.004959026497587075,-0.02679073746664733,-0.011096397466655082,-0.005382583760348364,-0.016580243677349577,0.21203600000000034,59.00193751260326,3.226304,0.21893008867280223,0.25813099999999967,-1640522162.4683971,657055400.0,7.962105,8.35852,8.303207,1,0.04978771317384045
2021-05-26,8.017419,7.962105,7.882208,8.045076,46252000.0,0,1,0.00962846609027359,-0.02106157133727644,0.016813620354270295,0.0007710137367974227,0.010366815128664372,-0.011393901208328032,-0.0038124511079665542,0.0038270415344447816,0.005273107104285504,0.00909089157812257,0.00878039944355375,-0.010085344466534111,-0.02679073746664733,-0.011096397466655082,-0.005382583760348364,0.4025610000000004,60.84221196093028,3.226304,0.21492565376760203,0.16286799999999957,-1609978485.3310833,703307400.0,8.014346,8.51217,8.303207,1,0.06211660939021102
2021-05-27,7.962105,8.014346,7.919083,8.066587,48450100.0,0,1,-0.0069231375017664055,0.00962846609027359,-0.02106157133727644,0.016813620354270295,0.006497282686019801,0.013037056280239356,-0.008723660056753004,-0.0011422099563914935,0.010366815128664372,0.005273107104285504,0.00909089157812257,-0.011957769431982472,-0.010085344466534111,-0.02679073746664733,-0.011096397466655082,0.28271400000000035,58.79584698624271,3.226304,0.2101098213556305,0.14750400000000052,-1630166026.9977498,654857300.0,8.051222,8.62587,8.303207,1,0.07137401005710697
2021-05-28,8.293988,8.051222,8.035857,8.303207,128991900.0,0,1,0.040837502861644524,-0.0069231375017664055,0.00962846609027359,-0.02106157133727644,0.030817944564984833,0.03540863999036514,0.04194841358458455,0.02018769724759215,0.006497282686019801,0.010366815128664372,0.005273107104285504,-0.0019102292805560155,-0.011957769431982472,-0.010085344466534111,-0.02679073746664733,0.21818200000000054,66.15193018297532,3.226304,0.21946640554451408,0.34110200000000024,-1510070153.3759058,783849200.0,8.284769,8.794884,8.51217,1,0.06157262803585706
2021-05-31,8.257112,8.284769,8.229455,8.35852,46031300.0,0,1,-0.004456025402295659,0.040837502861644524,-0.0069231375017664055,0.00962846609027359,0.008862609155625477,0.037457496779443614,0.04204819220482376,0.04858796579904347,0.030817944564984833,0.006497282686019801,0.010366815128664372,-0.006698977421784293,-0.0019102292805560155,-0.011957769431982472,-0.010085344466534111,0.06453299999999906,64.76832621904582,3.226304,0.21300916229133454,0.12906500000000065,-1536373600.525017,737817900.0,8.41998,8.794884,8.62587,1,0.044525521438293136
2021-06-01,8.386177,8.41998,8.300134,8.51217,90018200.0,0,1,0.015509865540263951,-0.004456025402295659,0.040837502861644524,-0.0069231375017664055,0.010889451249863572,0.02707813542848278,0.0556730230523008,0.06026371847768099,0.008862609155625477,0.030817944564984833,0.006497282686019801,-0.014335793703959165,-0.006698977421784293,-0.0019102292805560155,-0.011957769431982472,0.2888599999999997,67.34285007182002,3.226304,0.21601265069909634,0.255058,-1553334055.7778983,827836100.0,8.404615,8.850198,8.62587,1,0.05301646773826052
2021-06-02,8.622797,8.404615,8.376958,8.62587,104088900.0,0,1,0.02782475487017241,0.015509865540263951,-0.004456025402295659,0.040837502861644524,0.02598486765201627,0.024158374441146033,0.0403470586197652,0.0689419462435831,0.010889451249863572,0.008862609155625477,0.030817944564984833,-0.0032961183125934184,-0.014335793703959165,-0.006698977421784293,-0.0019102292805560155,0.5869400000000002,71.46040248068087,3.226304,0.2183626042205895,0.2489120000000007,-1451815262.399516,931925000.0,8.622797,8.936242,8.794884,1,0.036350733990374584
2021-06-04,8.758009,8.622797,8.579775,8.794884,102398400.0,0,1,0.01555908600830729,0.02782475487017241,0.015509865540263951,-0.004456025402295659,0.019760678788181933,0.045389229046800324,0.04356273583593031,0.05975142001454937,0.02598486765201627,0.010889451249863572,0.008862609155625477,-0.0050018206224527705,-0.0032961183125934184,-0.014335793703959165,-0.006698977421784293,0.7897579999999991,73.51536242056572,3.226304,0.21813020391911883,0.215109,-1384524096.4064617,1034323400.0,8.758009,8.936242,8.936242,1,0.020350858282972784
2021-06-07,8.693476,8.758009,8.607432,8.773373,74026100.0,0,1,-0.007395736711930334,0.01555908600830729,0.02782475487017241,0.015509865540263951,0.0017527430448235903,0.017311829053130855,0.04294037931174924,0.04111388610087911,0.019760678788181933,0.02598486765201627,0.010889451249863572,-0.01734257989835548,-0.0050018206224527705,-0.0032961183125934184,-0.014335793703959165,0.7190790000000007,70.89173347605812,3.226304,0.21440240363918178,0.16594100000000012,-1381781926.3779566,960297300.0,8.6566,8.936242,8.850198,1,0.03230390684564388
2021-06-08,8.807176,8.6566,8.592067,8.850198,88138200.0,0,1,0.012993984428569333,-0.007395736711930334,0.01555908600830729,0.02782475487017241,0.02211779586771713,0.010471235640367085,0.026030321648674356,0.051658871907292764,0.0017527430448235903,0.019760678788181933,0.02598486765201627,-0.007482700095520028,-0.01734257989835548,-0.0050018206224527705,-0.0032961183125934184,0.6975669999999994,72.73780460426332,3.226304,0.2175258748078117,0.25813100000000055,-1323023240.1938102,1048435500.0,8.825614,9.019212,9.019212,1,0.02193592423144719
2021-06-09,8.807176,8.825614,8.764154,8.936242,60370100.0,0,1,0.0,0.012993984428569333,-0.007395736711930334,0.01555908600830729,0.012456967398472626,0.03179310708521376,0.020146546857863684,0.0357056328661711,0.02211779586771713,0.0017527430448235903,0.019760678788181933,-0.006988182006128645,-0.007482700095520028,-0.01734257989835548,-0.0050018206224527705,0.8665820000000002,72.73780460426333,3.226304,0.21428031232153946,0.17208800000000046,-1353208290.19381,1048435500.0,8.859417,9.019212,9.019212,1,0.018036739889317754
2021-06-10,8.813322,8.859417,8.779519,8.920877,35660200.0,0,1,0.0006975966569435067,0.0,0.012993984428569333,-0.007395736711930334,0.006913299047048965,0.01073608467468361,0.030072224361424784,0.018425664134074583,0.012456967398472626,0.02211779586771713,0.0017527430448235903,-0.00905933855032337,-0.006988182006128645,-0.007482700095520028,-0.01734257989835548,0.7959029999999991,72.84576664650172,3.226304,0.2090715757271438,0.14135800000000032,-1371813611.932941,1084095700.0,8.850198,9.019212,9.019212,1,0.019097199859257286
2021-06-11,8.779519,8.850198,8.684257,8.865563,54778000.0,0,1,-0.0038428178368801864,0.0006975966569435067,0.0,0.012993984428569333,0.0017346140369161572,0.00069348459025754,0.004516270217892113,0.023852409904633273,0.006913299047048965,0.012456967398472626,0.02211779586771713,-0.018927985415952565,-0.00905933855032337,-0.006988182006128645,-0.007482700095520028,0.8174140000000003,71.17624253601346,3.226304,0.20708832031806204,0.1813059999999993,-1369028576.6665955,1029317700.0,8.880928,9.019212,9.019212,1,0.015570895293824938
2021-06-14,8.834833,8.880928,8.791811,9.019212,64040200.0,0,1,0.006280580951807924,-0.0038428178368801864,0.0006975966569435067,0.0,0.015450912790864434,0.018917137188307516,0.01787600774164882,0.02169879336928346,0.0017346140369161572,0.006913299047048965,0.012456967398472626,-0.01008533599339433,-0.018927985415952565,-0.00905933855032337,-0.006988182006128645,0.5408449999999991,72.29518593894866,3.226304,0.20941722600962898,0.23969299999999905,-1408837243.0814307,1093357900.0,8.899366,9.000774,8.702695,0,-0.022099439443214353
2021-06-15,8.920877,8.899366,8.797957,8.930096,42302800.0,0,1,0.009692056645564195,0.006280580951807924,-0.0038428178368801864,0.0006975966569435067,0.003447106864942291,0.0055210890622110625,0.008987313459654056,0.00794618401299535,0.015450912790864434,0.0017346140369161572,0.006913299047048965,-0.011460502805478629,-0.01008533599339433,-0.018927985415952565,-0.00905933855032337,0.6637650000000015,73.98687398232823,3.226304,0.20389735272322693,0.13213900000000045,-1372437159.3605003,1135660700.0,8.936242,9.000774,8.896293,0,-0.004470447420739099
2021-06-16,8.95468,8.936242,8.840979,9.000774,76779000.0,0,1,0.0037820405028706904,0.009692056645564195,0.006280580951807924,-0.0038428178368801864,0.007195430770009772,0.011330535392794437,0.013404517590063475,0.016870741987506453,0.003447106864942291,0.015450912790864434,0.0017346140369161572,-0.010717525744487337,-0.011460502805478629,-0.01008533599339433,-0.018927985415952565,0.5685029999999998,74.64196254371058,3.226304,0.2007471846715678,0.15979499999999902,-1339953052.5173578,1212439700.0,8.914731,8.994628,8.942388,0,0.0031023931064211308
2021-06-17,8.644308,8.914731,8.576702,8.973118,94481900.0,0,1,-0.0352752309856431,0.0037820405028706904,0.009692056645564195,0.006280580951807924,0.006528141796662395,0.00411807592383048,0.008253180546615325,0.010327162743884186,0.007195430770009772,0.003447106864942291,0.015450912790864434,-0.03865561967390777,-0.010717525744487337,-0.011460502805478629,-0.01008533599339433,0.02151100000000028,59.760827809794534,3.226304,0.2147235286235987,0.3964160000000003,-1402208486.7268744,1117957800.0,8.604359,9.071453,8.733425,1,0.05428574051826507
2021-06-18,8.702695,8.604359,8.493732,8.733425,114058600.0,0,1,0.0067316781447640875,-0.0352752309856431,0.0037820405028706904,0.009692056645564195,0.014888682912861422,-0.020547458768526695,-0.022957524641358577,-0.018822420018573795,0.006528141796662395,0.007195430770009772,0.003447106864942291,-0.01294045560442851,-0.03865561967390777,-0.010717525744487337,-0.011460502805478629,-0.0553139999999992,61.32298336021989,3.226304,0.21650706229334168,0.23969300000000082,-1317395803.6122236,1232016400.0,8.727279,9.111402,8.911658,1,0.044014062114893004
2021-06-21,8.896293,8.727279,8.727279,8.911658,50412800.0,0,1,0.022001925310298043,0.0067316781447640875,-0.0352752309856431,0.0037820405028706904,0.02090666980495646,0.035091371909961984,-0.0003447697714259161,-0.002754835644257907,0.014888682912861422,0.006528141796662395,0.007195430770009772,0.0,-0.01294045560442851,-0.03865561967390777,-0.010717525744487337,0.20281699999999958,66.03185124554382,3.226304,0.21596820070096004,0.2089629999999989,-1275385182.5154605,1282429200.0,8.911658,9.154424,9.071453,1,0.02724139548443194
2021-06-22,8.942388,8.911658,8.810249,8.994628,41436800.0,0,1,0.0051679944938418714,0.022001925310298043,0.0067316781447640875,-0.0352752309856431,0.009267203014076327,0.030173872819032926,0.04435857492403841,0.00892243324265043,0.02090666980495646,0.014888682912861422,0.006528141796662395,-0.011444604338359261,0.0,-0.01294045560442851,-0.03865561967390777,0.13521199999999922,67.060157995295,3.226304,0.21371182922232004,0.18437899999999985,-1257428913.7256315,1323866000.0,8.988482,9.154424,9.154424,1,0.01846162677969443
2021-06-23,9.003847,8.988482,8.911658,9.071453,57108000.0,0,1,0.006849262841547208,0.0051679944938418714,0.022001925310298043,0.0067316781447640875,0.009188469809589157,0.01777214252892886,0.03867881233388537,0.05286351443889075,0.009267203014076327,0.02090666980495646,0.014888682912861422,-0.00858367271933952,-0.011444604338359261,0.0,-0.01294045560442851,0.19667100000000026,68.43233343618293,3.226304,0.20986062713501155,0.1597950000000008,-1248643369.9726975,1380974000.0,9.062234,9.154424,8.966972,0,-0.010511977510181292
2021-06-24,9.111402,9.062234,8.979263,9.111402,51139500.0,0,1,0.01187466579534009,0.006849262841547208,0.0051679944938418714,0.022001925310298043,0.005410928221766757,0.013582616304148327,0.02216628902348793,0.043072958828444405,0.009188469809589157,0.009267203014076327,0.02090666980495646,-0.009197860349295425,-0.00858367271933952,-0.011444604338359261,0.0,0.29808000000000057,70.73026317824987,3.226304,0.2043090823396536,0.13213900000000045,-1197503869.9726975,1432113500.0,9.123694,9.154424,9.043796,0,-0.008757198564528834
2021-06-25,8.942388,9.123694,8.896293,9.154424,84491400.0,0,1,-0.01872392863688721,0.01187466579534009,0.006849262841547208,0.0051679944938418714,0.00336249377027863,0.010121591682162713,0.01829327976454428,0.02687695248388381,0.005410928221766757,0.009188469809589157,0.009267203014076327,-0.025240092820846362,-0.009197860349295425,-0.00858367271933952,-0.011444604338359261,0.16286899999999882,62.972731524844214,3.226304,0.2081535050296784,0.25813100000000055,-1251819653.0727518,1347622100.0,8.966972,9.182081,9.182081,1,0.023989034425444755
2021-06-28,8.927023,8.966972,8.810249,8.994628,40163600.0,0,1,-0.001719698963402677,-0.01872392863688721,0.01187466579534009,0.006849262841547208,0.0030794608337043963,-0.014247255699528767,-0.007488157787644824,0.0006835302947368386,0.00336249377027863,0.005410928221766757,0.009188469809589157,-0.017632346518731107,-0.025240092820846362,-0.009197860349295425,-0.00858367271933952,0.09219000000000044,62.303730319739614,3.226304,0.20645532609898706,0.18437899999999985,-1241109083.8192036,1307458500.0,8.939315,9.182081,9.086818,1,0.027157114387399872
2021-06-29,8.966972,8.939315,8.83176,8.966972,43097700.0,0,1,0.004465080757173912,-0.001719698963402677,-0.01872392863688721,0.01187466579534009,0.00308908507865988,0.0,-0.01732671653323323,-0.01056761862134929,0.0030794608337043963,0.00336249377027863,0.005410928221766757,-0.012104649073397413,-0.017632346518731107,-0.025240092820846362,-0.009197860349295425,0.04609499999999933,63.39266179513825,3.226304,0.2013665170919166,0.135212000000001,-1198011383.8192036,1350556200.0,8.920877,9.182081,9.086818,1,0.029280080870972558
2021-06-30,9.043796,8.920877,8.887074,9.086818,70912600.0,0,1,0.008530948365810987,0.004465080757173912,-0.001719698963402677,-0.01872392863688721,0.018430531755698636,0.01636582757445541,0.013276742495795527,-0.004049974037437697,0.00308908507865988,0.0030794608337043963,0.00336249377027863,-0.003796398653523256,-0.012104649073397413,-0.017632346518731107,-0.025240092820846362,0.08911600000000064,65.459051014631,3.226304,0.20125062301392252,0.19974399999999903,-1157645902.903631,1421468800.0,9.139059,9.182081,8.502951,0,-0.06960322720315082
2021-07-01,8.930096,9.139059,8.887074,9.182081,64861900.0,0,1,-0.012651852659767659,0.008530948365810987,0.004465080757173912,-0.001719698963402677,0.004696441277826447,0.028859607250980444,0.026794903069737176,0.023705817991077304,0.018430531755698636,0.00308908507865988,0.0030794608337043963,-0.02795956462667747,-0.003796398653523256,-0.012104649073397413,-0.017632346518731107,0.28578800000000015,60.05589107639522,3.226304,0.20794750708435664,0.295007,-1203589684.6094885,1356606900.0,9.003847,9.028431,8.619724,0,-0.0426620976567017
2021-07-02,8.966972,9.003847,8.828687,9.028431,37220500.0,0,1,0.004120904293956645,-0.012651852659767659,0.008530948365810987,0.004465080757173912,0.002726667726756908,-0.012178827938718327,0.011984338034435844,0.009919633853192507,0.004696441277826447,0.018430531755698636,0.00308908507865988,-0.01964562451477441,-0.02795956462667747,-0.003796398653523256,-0.012104649073397413,0.2642769999999999,61.17521353850462,3.226304,0.2073615422926168,0.19974399999999903,-1189273849.6757731,1393827400.0,8.914731,8.960826,8.447637,0,-0.05239574811623582
2021-07-05,8.865563,8.914731,8.71806,8.960826,55757300.0,0,1,-0.011373603716694438,0.004120904293956645,-0.012651852659767659,0.008530948365810987,0.005157333242242962,-0.004789520214478869,-0.01969501587995401,0.004468150093200206,0.002726667726756908,0.004696441277826447,0.018430531755698636,-0.02230834089061506,-0.01964562451477441,-0.02795956462667747,-0.003796398653523256,-0.030730000000000146,56.4873888815827,3.226304,0.2103294321288585,0.2489120000000007,-1177275623.5979865,1338070100.0,8.819468,8.850198,8.521389,0,-0.03379784358875171
2021-07-06,8.502951,8.819468,8.502951,8.850198,97035400.0,0,1,-0.041761165972788235,-0.011373603716694438,0.004120904293956645,-0.012651852659767659,0.0034782809117136974,-0.007265245344664789,-0.017212098801386605,-0.03211759446686181,0.005157333242242962,0.002726667726756908,0.004696441277826447,-0.036548271024158356,-0.02230834089061506,-0.01964562451477441,-0.02795956462667747,-0.43943699999999986,43.61676333589845,3.226304,0.2212067584053686,0.3626120000000004,-1274311023.5979865,1241034700.0,8.650454,8.650454,8.573629,0,-0.008881036764081918
2021-07-07,8.619724,8.650454,8.423053,8.650454,73364500.0,0,1,0.013639785886458658,-0.041761165972788235,-0.011373603716694438,0.004120904293956645,0.0,-0.01934974562360876,-0.030093271879987213,-0.04004012533670893,0.0034782809117136974,0.005157333242242962,0.002726667726756908,-0.02663945350726567,-0.036548271024158356,-0.02230834089061506,-0.01964562451477441,-0.38412300000000066,47.7458490618481,3.226304,0.22164920423355658,0.2274010000000004,-1220774854.036287,1314399200.0,8.41998,8.665819,8.59514,1,0.029197100230641926
2021-07-08,8.447637,8.41998,8.380031,8.506024,80200100.0,0,1,-0.020166308310789163,0.013639785886458658,-0.041761165972788235,-0.011373603716694438,0.010167165410697121,-0.01683718675040326,-0.03618693237401202,-0.04693045863039044,0.0,0.0034782809117136974,0.005157333242242962,-0.004755839183343352,-0.02663945350726567,-0.036548271024158356,-0.02230834089061506,-0.6637649999999997,42.77444985683617,3.226304,0.22293804678830245,0.23969299999999905,-1214906554.036287,1234199100.0,8.475294,8.665819,8.665819,1,0.02248004611993415
2021-07-12,8.521389,8.475294,8.383104,8.536754,52411700.0,0,1,0.008692598431867973,-0.020166308310789163,0.013639785886458658,-0.041761165972788235,0.007225498939445268,0.01377338891525023,-0.013230963245850146,-0.032580708869458845,0.010167165410697121,0.0,0.0034782809117136974,-0.010937091291658473,-0.004755839183343352,-0.02663945350726567,-0.036548271024158356,-0.4209990000000001,45.39841861883261,3.226304,0.21798890058913803,0.15365000000000073,-1172977194.0362878,1286610800.0,8.469148,8.665819,8.665819,1,0.023222052560659012
2021-07-13,8.573629,8.469148,8.413834,8.59514,41201300.0,0,1,0.006111741164778546,0.008692598431867973,-0.020166308310789163,0.013639785886458658,0.014767013956358958,0.014041584311697337,0.020589474287502275,-0.006414877873598056,0.007225498939445268,0.010167165410697121,0.0,-0.006552657334992968,-0.010937091291658473,-0.004755839183343352,-0.02663945350726567,-0.35339399999999976,47.24367726961407,3.226304,0.21536869340419967,0.18130600000000108,-1141552527.6203942,1327812100.0,8.635089,8.665819,8.063514,0,-0.06619213768381549
2021-07-14,8.502951,8.635089,8.463002,8.665819,51396600.0,0,1,-0.008277817172315977,0.006111741164778546,0.008692598431867973,-0.020166308310789163,0.003552418441492507,0.022956523591934955,0.02223109394727321,0.028778983923078236,0.014767013956358958,0.007225498939445268,0.010167165410697121,-0.020130061425330133,-0.006552657334992968,-0.010937091291658473,-0.004755839183343352,-0.4640210000000007,45.02657022060175,3.226304,0.21447214387532837,0.20281700000000136,-1172701882.336222,1276415500.0,8.447637,8.490659,8.171068,0,-0.03273921452827577
2021-07-15,8.321645,8.447637,8.272477,8.490659,67607200.0,0,1,-0.02155332807908271,-0.008277817172315977,0.006111741164778546,0.008692598431867973,0.005079860750471455,-0.01686740039489409,0.0025367047555485064,0.0018112751108865903,0.003552418441492507,0.014767013956358958,0.007225498939445268,-0.020952776777119292,-0.020130061425330133,-0.006552657334992968,-0.010937091291658473,-0.7221510000000002,39.85904646359432,3.226304,0.21561513359851917,0.23047399999999918,-1209838091.9740474,1208808300.0,8.367739,8.413834,8.284769,0,-0.00991546222940265
2021-07-16,8.198725,8.367739,8.167995,8.413834,67461300.0,0,1,-0.014881297260122934,-0.02155332807908271,-0.008277817172315977,0.006111741164778546,0.005493539363077261,-0.004009501340069959,-0.02595676248543548,-0.006552657334992968,0.005079860750471455,0.003552418441492507,0.014767013956358958,-0.024160247870354153,-0.020952776777119292,-0.020130061425330133,-0.006552657334992968,-0.7313710000000011,36.777354935347894,3.226304,0.21777398119862496,0.24583900000000014,-1260433998.3709168,1141347000.0,7.980543,8.370812,8.128047,1,0.0489025621439545
2021-07-19,8.063514,7.980543,7.94674,8.128047,79830300.0,0,1,-0.01662921272015775,-0.014881297260122934,-0.02155332807908271,-0.008277817172315977,0.018314219040186968,-0.029063043287852666,-0.03856608399099994,-0.06051334513636547,0.005493539363077261,0.005079860750471455,0.003552418441492507,-0.0042446725851563024,-0.024160247870354153,-0.020952776777119292,-0.020130061425330133,-0.9034580000000005,33.69162200248413,3.226304,0.22021762539872314,0.25198499999999946,-1237432047.52346,1061516700.0,8.048149,8.370812,8.278623,1,0.04009157882141601
2021-07-20,8.171068,8.048149,7.959032,8.278623,63094600.0,0,1,0.013250180827048362,-0.01662921272015775,-0.014881297260122934,-0.02155332807908271,0.02823452311673673,0.03667019595970516,-0.010707066368334479,-0.020210107071481777,0.018314219040186968,0.005493539363077261,0.005079860750471455,-0.011134742681270642,-0.0042446725851563024,-0.024160247870354153,-0.020952776777119292,-0.6944949999999999,38.137948861212614,3.226304,0.22731572358452862,0.31959099999999996,-1216805099.6350648,1124611300.0,8.232528,8.441491,8.370812,1,0.025382604225579142
2021-07-21,8.284769,8.232528,8.171068,8.370812,50123800.0,0,1,0.013819146293145167,0.013250180827048362,-0.01662921272015775,-0.014881297260122934,0.016657756521526543,0.03930876583558393,0.04774443867855228,0.0003671763505127096,0.02823452311673673,0.018314219040186968,0.005493539363077261,-0.007493513933823358,-0.011134742681270642,-0.0042446725851563024,-0.024160247870354153,-0.21818199999999877,42.52557877214199,3.226304,0.22534631475706232,0.1997440000000008,-1209864595.4877563,1174735100.0,8.297061,8.441491,8.441491,1,0.017407368705617543
2021-07-22,8.266331,8.297061,8.207944,8.364666,37427800.0,0,1,-0.002228009936165048,0.013819146293145167,0.013250180827048362,-0.01662921272015775,0.008115049658986847,0.015923268952506855,0.03857427826656422,0.04700995110953253,0.016657756521526543,0.02823452311673673,0.018314219040186968,-0.01079888991702784,-0.007493513933823358,-0.011134742681270642,-0.0042446725851563024,-0.3533930000000005,42.005290691126916,3.226304,0.22044457798870074,0.15672200000000025,-1219404837.1538913,1137307300.0,8.327791,8.573629,8.573629,1,0.02952019329015343
2021-07-23,8.217163,8.327791,8.198725,8.349301,33771100.0,0,1,-0.0059657431639652805,-0.002228009936165048,0.013819146293145167,0.013250180827048362,0.0025795878475438033,0.006276467073739199,0.014084686367259435,0.03673569568131672,0.008115049658986847,0.016657756521526543,0.02823452311673673,-0.015619580560429497,-0.01079888991702784,-0.007493513933823358,-0.011134742681270642,-0.23047400000000096,40.57950641845999,3.226304,0.21545396527522218,0.15057600000000093,-1244905408.758928,1103536200.0,8.217163,8.579775,8.441491,1,0.04412861227165643
2021-07-26,8.441491,8.217163,8.211017,8.441491,46397400.0,0,1,0.026933936097562578,-0.0059657431639652805,-0.002228009936165048,0.013819146293145167,0.026933936097562578,0.013560716837038626,0.017257596063233974,0.02506581535675414,0.0025795878475438033,0.008115049658986847,0.016657756521526543,-0.0007482265578697236,-0.015619580560429497,-0.01079888991702784,-0.007493513933823358,-0.07989800000000002,49.0729527465659,3.226304,0.2165268248984205,0.23047399999999918,-1198508008.758928,1149933600.0,8.404615,8.579775,8.573629,1,0.020840930845731798
2021-07-27,8.343155,8.404615,8.266331,8.41998,51657100.0,0,1,-0.011717509576956222,0.026933936097562578,-0.0059657431639652805,-0.002228009936165048,0.0018264932108700688,0.024382437278749274,0.011009218018225289,0.014706097244420822,0.026933936097562578,0.0025795878475438033,0.008115049658986847,-0.016590200903913888,-0.0007482265578697236,-0.015619580560429497,-0.01079888991702784,-0.23047400000000096,45.9709317337351,3.226304,0.21357205169139046,0.17515999999999998,-1198508344.9609213,1098276500.0,8.429199,8.579775,8.573629,1,0.017863619069854675
2021-07-28,8.515243,8.429199,8.35852,8.573629,46578000.0,0,1,0.020416409385434233,-0.011717509576956222,0.026933936097562578,-0.0059657431639652805,0.016989347181675697,0.019910137143736805,0.042466081211616206,0.029092861951092012,0.0018264932108700688,0.026933936097562578,0.0025795878475438033,-0.008420371774184511,-0.016590200903913888,-0.0007482265578697236,-0.015619580560429497,0.012292000000000414,51.72230794916868,3.226304,0.21477933371343405,0.23047400000000096,-1177215229.4427423,1144854500.0,8.5429,8.579775,8.250966,0,-0.034172704819206534
2021-07-29,8.545973,8.5429,8.45071,8.579775,43599300.0,0,1,0.0036023262622427716,0.020416409385434233,-0.011717509576956222,0.026933936097562578,0.004307160768700774,0.01770593967410464,0.02062672963616573,0.04318267370404503,0.016989347181675697,0.0018264932108700688,0.026933936097562578,-0.010850067103166074,-0.008420371774184511,-0.016590200903913888,-0.0007482265578697236,0.22432799999999986,52.690779237632725,3.226304,0.20865688130533153,0.12906499999999888,-1156453159.3439548,1188453800.0,8.48144,8.552118,8.075806,0,-0.04782607670395589
2021-07-30,8.269404,8.48144,8.24482,8.552118,73599300.0,0,1,-0.03289773912007014,0.0036023262622427716,0.020416409385434233,-0.011717509576956222,0.008298724861299305,0.0010784429584583125,0.014477221863861946,0.017398011825923005,0.004307160768700774,0.016989347181675697,0.0018264932108700688,-0.028295122347980046,-0.010850067103166074,-0.008420371774184511,-0.016590200903913888,0.07067900000000016,44.11370106556454,3.226304,0.2157026754978078,0.3072979999999994,-1218276494.7024672,1114854500.0,8.35852,8.905512,8.905512,1,0.06544125036489712
2021-08-02,8.115755,8.35852,8.103463,8.423053,70038500.0,0,1,-0.018755204500419616,-0.03289773912007014,0.0036023262622427716,0.020416409385434233,0.007690973676828115,-0.006907895099919021,-0.014128177002759972,-0.0007293980973563568,0.008298724861299305,0.004307160768700774,0.016989347181675697,-0.030989876754198113,-0.028295122347980046,-0.010850067103166074,-0.008420371774184511,0.052241000000000426,40.198734559664715,3.226304,0.22312319867653582,0.3195899999999998,-1282927384.0638363,1044816000.0,8.10039,8.905512,8.257112,1,0.0993929921892649
2021-08-03,8.250966,8.10039,7.925229,8.257112,71528500.0,0,1,0.01652305017752848,-0.018755204500419616,-0.03289773912007014,0.0036023262622427716,0.019162680924357724,-0.012206488339694605,-0.026805357116441702,-0.034025639019282766,0.007690973676828115,0.008298724861299305,0.004307160768700774,-0.021860993422537018,-0.030989876754198113,-0.028295122347980046,-0.010850067103166074,0.07989800000000002,44.838121271057005,3.226304,0.23089175591392608,0.3318829999999995,-1214048095.749882,1116344500.0,8.158776,8.905512,8.905512,1,0.0915254935299119
2021-08-04,8.075806,8.158776,7.974397,8.226382,87584700.0,0,1,-0.021457606031978795,0.01652305017752848,-0.018755204500419616,-0.03289773912007014,0.008252149128150131,0.015434098185584026,-0.015935071078468345,-0.030533939855215506,0.019162680924357724,0.007690973676828115,0.008298724861299305,-0.02285812319792606,-0.021860993422537018,-0.030989876754198113,-0.028295122347980046,-0.20896300000000068,40.45912767476486,3.226304,0.2341544162057885,0.2765690000000003,-1231137513.5521317,1028759800.0,8.834833,8.905512,8.690403,0,-0.016347790614717916
2021-08-05,8.711914,8.834833,8.622797,8.905512,222989400.0,0,1,0.0758188357711503,-0.021457606031978795,0.01652305017752848,-0.018755204500419616,0.007968207378619856,0.08757625315279766,0.09475820221023169,0.0633890329461793,0.008252149128150131,0.019162680924357724,0.007690973676828115,-0.024292693496817702,-0.02285812319792606,-0.021860993422537018,-0.030989876754198113,0.44558300000000095,56.91534809153901,3.226304,0.27669381504823215,0.8297059999999998,-1313546142.3882387,1251749200.0,8.758009,8.908585,8.908585,1,0.017192948762669857
2021-08-06,8.724206,8.758009,8.610505,8.7703,50795800.0,0,1,0.0014099469419027104,0.0758188357711503,-0.021457606031978795,0.01652305017752848,0.001402417314125467,-0.0073311901743849444,0.07227685559979279,0.07945880465722678,0.007968207378619856,0.008252149128150131,0.019162680924357724,-0.01698562656153815,-0.024292693496817702,-0.02285812319792606,-0.021860993422537018,0.5070430000000012,57.161738116480585,3.226304,0.2683438996876442,0.1597950000000008,-1292055159.2498424,1302545000.0,8.588994,8.970045,8.844052,1,0.044365032738409305
2021-08-09,8.662746,8.588994,8.502951,8.668892,75027900.0,0,1,-0.007069698700952747,0.0014099469419027104,0.0758188357711503,-0.021457606031978795,0.009259369408656624,-0.010227610385993449,-0.018961217874503784,0.060646827899674016,0.001402417314125467,0.007968207378619856,0.008252149128150131,-0.010068336500854931,-0.01698562656153815,-0.024292693496817702,-0.02285812319792606,0.2212550000000011,55.45412654222842,3.226304,0.2649804068528126,0.2212550000000011,-1222584914.9636195,1227517100.0,8.696549,9.09911,8.844052,1,0.04628974090757154
2021-08-10,8.690403,8.696549,8.678111,8.844052,84020600.0,0,1,0.0031875509646537427,-0.007069698700952747,0.0014099469419027104,0.0758188357711503,0.016818862369522812,0.02926352645445348,0.00977654665980329,0.0010429391712930365,0.009259369408656624,0.001402417314125467,0.007968207378619856,-0.002122402040822896,-0.010068336500854931,-0.01698562656153815,-0.024292693496817702,0.34724800000000045,56.08981759986131,3.226304,0.2590036635061831,0.1813059999999993,-1294157943.6557446,1311537700.0,8.653527,9.09911,8.908585,1,0.0514914901172665
2021-08-11,8.810249,8.653527,8.59514,8.908585,97606100.0,0,1,0.013696389539954041,0.0031875509646537427,-0.007069698700952747,0.0014099469419027104,0.02904843504269179,0.024089138244707636,0.03653380232963807,0.017046822534988088,0.016818862369522812,0.009259369408656624,0.001402417314125467,-0.006770056260849619,-0.002122402040822896,-0.010068336500854931,-0.01698562656153815,0.29500600000000077,58.83143891697683,3.226304,0.26289233039859855,0.31344499999999975,-1257795082.1798875,1409143800.0,8.807176,9.09911,8.970045,1,0.03314728807508782
2021-08-12,8.942388,8.807176,8.758009,8.970045,94924000.0,0,1,0.014886964724959815,0.013696389539954041,0.0031875509646537427,-0.007069698700952747,0.018323849053332186,0.03592370927767501,0.030964412479690784,0.04340907656462123,0.02904843504269179,0.016818862369522812,0.009259369408656624,-0.0055982477166388826,-0.006770056260849619,-0.002122402040822896,-0.010068336500854931,0.3964149999999993,61.67289165719435,3.226304,0.2592597353701273,0.21203600000000122,-1187633981.574331,1504067800.0,8.930096,9.09911,9.09911,1,0.018926336290225665
2021-08-13,9.019212,8.930096,8.917804,9.09911,84744500.0,0,1,0.008554301228468123,0.014886964724959815,0.013696389539954041,0.0031875509646537427,0.018749461431476207,0.032609762814858424,0.05020962303920106,0.04525032624121687,0.018323849053332186,0.02904843504269179,0.016818862369522812,-0.0013774171687924543,-0.0055982477166388826,-0.006770056260849619,-0.002122402040822896,0.7498079999999998,63.26055327059764,3.226304,0.25369161141511815,0.1813059999999993,-1177579961.3267941,1588812300.0,8.973118,8.996362,8.674017,0,-0.03333300643098647
2021-08-16,8.80103,8.973118,8.678111,8.985409,100305200.0,0,1,-0.024488208749810933,0.008554301228468123,0.014886964724959815,0.013696389539954041,0.001368820718882731,0.006174894400555787,0.020035195783938187,0.03763505600828074,0.018749461431476207,0.018323849053332186,0.02904843504269179,-0.03342934053223672,-0.0013774171687924543,-0.0055982477166388826,-0.006770056260849619,0.6852750000000007,56.14702116169228,3.226304,0.25993513917118116,0.3411010000000001,-1197641131.8908715,1488507100.0,8.739137,8.996362,8.996362,1,0.029433684355789413
2021-08-17,8.801002,8.739137,8.612153,8.996362,92955200.0,0,1,-3.181450868940849e-06,-0.024488208749810933,0.008554301228468123,0.014886964724959815,0.029008830020747046,0.0025870546019196106,0.007393128283592895,0.021253429666974938,0.001368820718882731,0.018749461431476207,0.018323849053332186,-0.014637098121084983,-0.03342934053223672,-0.0013774171687924543,-0.0055982477166388826,0.5500360000000004,56.14614860013085,3.226304,0.2688118435160968,0.38420900000000024,-1199216397.7154613,1395551900.0,8.801002,8.89217,8.797746,0,-0.00036995787525107016
2021-08-18,8.722857,8.801002,8.677273,8.89217,85278600.0,0,1,-0.008918756764468126,-3.181450868940849e-06,-0.024488208749810933,0.008554301228468123,0.010305535589236988,0.017359670854364646,-0.009062104564462612,-0.00425603088278955,0.029008830020747046,0.001368820718882731,0.018749461431476207,-0.014158269835099022,-0.014637098121084983,-0.03342934053223672,-0.0013774171687924543,0.6470509999999994,53.640666137030536,3.226304,0.2649607832649471,0.21489700000000056,-1248316366.0696032,1310273300.0,8.550289,8.996362,8.748905,1,0.05217051727725219
2021-08-19,8.674017,8.550289,8.50796,8.748905,80252000.0,0,1,-0.005614816582729241,-0.008918756764468126,-3.181450868940849e-06,-0.024488208749810933,0.02296346613434687,-0.005937028957193024,0.0011171063079347039,-0.025304669110892686,0.010305535589236988,0.029008830020747046,0.001368820718882731,-0.004962887677525622,-0.014158269835099022,-0.014637098121084983,-0.03342934053223672,-0.03789700000000096,52.076536894829516,3.226304,0.2632453701745937,0.24094499999999996,-1217950537.403311,1230021300.0,8.595873,9.061483,8.89217,1,0.05416669138783248
2021-08-20,8.660993,8.595873,8.520984,8.670761,84938300.0,0,1,-0.0015026241635339545,-0.005614816582729241,-0.008918756764468126,-3.181450868940849e-06,0.008674356516158437,0.013991477326634196,-0.014909017764905708,-0.007854882499777976,0.02296346613434687,0.010305535589236988,0.029008830020747046,-0.008750377227315696,-0.004962887677525622,-0.014158269835099022,-0.014637098121084983,-0.06321300000000107,51.6440705118232,3.226304,0.2553730580192655,0.15303299999999886,-1144091072.1296053,1145083000.0,8.771697,9.077763,8.996362,1,0.03489245011541087
2021-08-23,8.797746,8.771697,8.716345,8.89217,69504500.0,0,1,0.015666171184182193,-0.0015026241635339545,-0.005614816582729241,-0.008918756764468126,0.013640825992393198,0.033888909870301104,0.03920603068077696,0.010305535589236988,0.008674356516158437,0.02296346613434687,0.010305535589236988,-0.006330289559147324,-0.008750377227315696,-0.004962887677525622,-0.014158269835099022,0.1349999999999998,55.79511756546536,3.226304,0.2536447681607466,0.23117700000000063,-1149239129.024245,1214587500.0,8.885658,9.276379,9.061483,1,0.04397209525732371
2021-08-24,8.980082,8.885658,8.869378,8.996362,49604200.0,0,1,0.02051346136353165,0.015666171184182193,-0.0015026241635339545,-0.005614816582729241,0.012381757129558702,0.02528998515877554,0.045538069036683435,0.05085518984715907,0.013640825992393198,0.008674356516158437,0.02296346613434687,-0.001833846415457604,-0.006330289559147324,-0.008750377227315696,-0.004962887677525622,0.2896789999999996,60.64596317721617,3.226304,0.2497141418635504,0.19861599999999946,-1112353954.6652708,1264191700.0,8.996362,9.348012,9.276379,1,0.03908802246952736
2021-08-25,9.028922,8.996362,8.914962,9.061483,45925300.0,0,1,0.005423966782056679,0.02051346136353165,0.015666171184182193,-0.0015026241635339545,0.007212519799753406,0.019594276929312152,0.03250250495852887,0.052750588836436935,0.012381757129558702,0.013640825992393198,0.008674356516158437,-0.00908928456712067,-0.001833846415457604,-0.006330289559147324,-0.008750377227315696,0.218672999999999,61.853471544868746,3.226304,0.2423432031590112,0.14652100000000168,-1086840386.6804774,1310117000.0,8.980082,9.348012,9.276379,1,0.040971786226451146
2021-08-26,8.950778,8.980082,8.944266,9.077763,40644200.0,0,1,-0.008692524574491562,0.005423966782056679,0.02051346136353165,0.015666171184182193,0.010818782945900829,0.00900752322726403,0.021389280356822752,0.03429750838603946,0.007212519799753406,0.012381757129558702,0.013640825992393198,-0.003996357096805893,-0.00908928456712067,-0.001833846415457604,-0.006330289559147324,0.008390000000000342,58.74751735772937,3.226304,0.23456847436193887,0.13349699999999842,-1123519328.5787978,1269472800.0,9.019154,9.348012,9.276379,1,0.036462178159947234
2021-08-27,9.276379,9.019154,9.009386,9.276379,76095600.0,0,1,0.035730820804017925,-0.008692524574491562,0.005423966782056679,0.02051346136353165,0.028120738585570026,0.03246226301158304,0.030651003292946327,0.043032760422505006,0.010818782945900829,0.007212519799753406,0.012381757129558702,-0.001083615307264836,-0.003996357096805893,-0.00908928456712067,-0.001833846415457604,0.2571670000000008,66.33338404773693,3.226304,0.24107079762180045,0.3256010000000007,-1047423728.5787978,1345568400.0,9.247075,9.348012,8.660993,0,-0.06338025808160974
2021-08-30,9.214515,9.247075,9.201491,9.348012,60857400.0,0,1,-0.006691318529369144,0.035730820804017925,-0.008692524574491562,0.005423966782056679,0.010856415071607355,0.035813162271286995,0.04015468669730001,0.03834342697866334,0.028120738585570026,0.010818782945900829,0.007212519799753406,-0.004941749159990373,-0.001083615307264836,-0.003996357096805893,-0.00908928456712067,0.41348499999999966,63.92800663026814,3.226304,0.2343172406488147,0.1465209999999999,-1097462109.0853467,1284711000.0,9.181955,9.191723,8.573081,0,-0.06631202178620998
2021-08-31,8.853098,9.181955,8.787978,9.191723,109914400.0,0,1,-0.0400125038962167,-0.006691318529369144,0.035730820804017925,-0.008692524574491562,0.0010632602705070097,-0.0060038801087513825,0.018952867090928027,0.023294391516941078,0.010856415071607355,0.028120738585570026,0.010818782945900829,-0.04385549381648496,-0.004941749159990373,-0.001083615307264836,-0.003996357096805893,0.05209599999999881,52.05259384947535,3.226304,0.24804722345961364,0.4265369999999997,-1171920338.8392763,1174796600.0,8.895426,8.905194,8.615409,0,-0.031478762231286095
2021-09-01,8.804258,8.895426,8.573081,8.901938,69059900.0,0,1,-0.005531986165269502,-0.0400125038962167,-0.006691318529369144,0.035730820804017925,0.0007317937971723752,-0.030971139079588202,-0.03803827945884663,-0.013081532259167122,0.0010632602705070097,0.010856415071607355,0.028120738585570026,-0.03691003412540691,-0.04385549381648496,-0.004941749159990373,-0.001083615307264836,0.08140100000000139,50.68244770011179,3.226304,0.25381935035535547,0.3288569999999993,-1143885997.2552438,1105736700.0,8.791234,8.905194,8.130263,0,-0.07518523565633672
2021-09-02,8.660993,8.791234,8.615409,8.905194,55501400.0,0,1,-0.016406086968441536,-0.005531986165269502,-0.0400125038962167,-0.006691318529369144,0.012879613371114523,0.0010974899728717655,-0.030605442903888884,-0.03767258328314729,0.0007317937971723752,0.0010632602705070097,0.010856415071607355,-0.02020274446027071,-0.03691003412540691,-0.04385549381648496,-0.004941749159990373,-0.013023999999999702,46.79162220683597,3.226304,0.25638832532997297,0.2897850000000002,-1181926342.9039145,1050235300.0,8.677273,8.719601,8.302832,0,-0.043151921116230785
2021-09-03,8.573081,8.677273,8.498192,8.719601,57371100.0,0,1,-0.010202203208019497,-0.016406086968441536,-0.005531986165269502,-0.0400125038962167,0.004866171189822801,-0.00818160865368946,-0.0199637320519323,-0.0516666649286929,0.012879613371114523,0.0007317937971723752,0.0010632602705070097,-0.02085387381464048,-0.02020274446027071,-0.03691003412540691,-0.04385549381648496,-0.08791199999999932,44.53242938529955,3.226304,0.2538898020921178,0.2214090000000013,-1200487238.188659,992864200.0,8.534009,8.696809,8.696809,1,0.019076614519623947
2021-09-06,8.615409,8.534009,8.514472,8.696809,26295400.0,0,1,0.004925166266893215,-0.010202203208019497,-0.016406086968441536,-0.005531986165269502,0.01889693740015519,0.0022488679670624218,-0.010798911876449819,-0.0225810352746926,0.004866171189822801,0.012879613371114523,0.0007317937971723752,-0.002291935399085545,-0.02085387381464048,-0.02020274446027071,-0.03691003412540691,-0.18233700000000042,45.88715041810779,3.226304,0.24877888765696657,0.18233700000000042,-1197669745.14117,1019159600.0,8.560057,8.592617,8.540521,0,-0.0022822277935766744
2021-09-08,8.130263,8.560057,8.071655,8.579593,79424600.0,0,1,-0.05795907182671082,0.004925166266893215,-0.010202203208019497,-0.016406086968441536,0.0022796274673318124,0.005327237106956124,-0.01132083232613653,-0.024368612169648748,0.01889693740015519,0.004866171189822801,0.012879613371114523,-0.058748307209039,-0.002291935399085545,-0.02085387381464048,-0.02020274446027071,-0.8498190000000001,35.25801431339113,3.226304,0.2698485385386118,0.5437539999999998,-1258765663.4642725,939735000.0,8.166079,8.592617,8.42656,1,0.05223290149409543
2021-09-09,8.302832,8.166079,7.860014,8.42656,154708100.0,0,1,0.021003389064718478,-0.05795907182671082,0.004925166266893215,-0.010202203208019497,0.031399755192871,-0.015718226707402375,-0.012670617067778183,-0.0293186865008708,0.0022796274673318124,0.01889693740015519,0.004866171189822801,-0.0382004794996995,-0.058748307209039,-0.002291935399085545,-0.02085387381464048,-0.7260899999999992,40.53452455713507,3.226304,0.2910412143572824,0.5665460000000007,-1171630977.7917938,1094443100.0,8.472144,8.615409,8.615409,1,0.01691012334067965
2021-09-10,8.250735,8.472144,8.247479,8.511216,78023700.0,0,1,-0.006294374137381569,0.021003389064718478,-0.05795907182671082,0.004925166266893215,0.0046012177723864425,0.041395955984468505,-0.0057220259158048455,-0.0026744162761806792,0.031399755192871,0.0022796274673318124,0.01889693740015519,-0.026876027430565247,-0.0382004794996995,-0.058748307209039,-0.002291935399085545,-0.7000429999999991,39.488208670789895,3.226304,0.2890909133317622,0.263736999999999,-1247728173.9853501,1016419400.0,8.400512,8.615409,8.592617,1,0.02558141694220528
2021-09-13,8.540521,8.400512,8.348416,8.592617,63014100.0,0,1,0.034519725678065515,-0.006294374137381569,0.021003389064718478,-0.05795907182671082,0.022610689802488503,0.014119740853394194,0.05091447906547628,0.0037964971652027515,0.0046012177723864425,0.031399755192871,0.0022796274673318124,-0.006220836104172242,-0.026876027430565247,-0.0382004794996995,-0.058748307209039,-0.7358580000000003,47.591942487295704,3.226304,0.29286170523663635,0.341882,-1211599979.8874557,1079433500.0,8.449352,8.615409,8.615409,1,0.019653223111074203
2021-09-14,8.42656,8.449352,8.374464,8.547033,65213000.0,0,1,-0.013433390662803848,0.034519725678065515,-0.006294374137381569,0.021003389064718478,0.011494453142290003,0.01729154880758892,0.008800599858494525,0.0455953380705765,0.022610689802488503,0.0046012177723864425,0.031399755192871,-0.008902676374955553,-0.006220836104172242,-0.026876027430565247,-0.0382004794996995,-0.7879550000000002,45.03757325772334,3.226304,0.28426936914830525,0.17256900000000108,-1237439321.2581537,1014220500.0,8.465632,8.615409,8.615409,1,0.017692358940242237
2021-09-15,8.573081,8.465632,8.423304,8.615409,66928000.0,0,1,0.017238555617218956,-0.013433390662803848,0.034519725678065515,-0.006294374137381569,0.017537671022329265,0.01946259214869698,0.025259687813995648,0.016768738864901163,0.011494453142290003,0.022610689802488503,0.0046012177723864425,-0.00501252282862236,-0.008902676374955553,-0.006220836104172242,-0.026876027430565247,-0.28001699999999907,48.8395781034978,3.226304,0.2776861999234263,0.19210499999999975,-1200004862.6443744,1081148500.0,8.49168,8.543777,8.208407,0,-0.0333588877583707
2021-09-16,8.498192,8.49168,8.306088,8.543777,65185800.0,0,1,-0.008773742930988676,0.017238555617218956,-0.013433390662803848,0.034519725678065515,0.006116321083681015,0.009188508525591405,0.011113429651959064,0.01691052531725788,0.017537671022329265,0.011494453142290003,0.022610689802488503,-0.02209812070305596,-0.00501252282862236,-0.008902676374955553,-0.006220836104172242,-0.3060660000000013,47.0481787089822,3.226304,0.2769223999288958,0.26699299999999937,-1159822278.5525575,1015962700.0,8.455864,8.537265,8.416792,0,-0.004620698724577488
2021-09-17,8.117239,8.455864,8.065143,8.472144,128315300.0,0,1,-0.0458633632672507,-0.008773742930988676,0.017238555617218956,-0.013433390662803848,0.0019234401376881523,-0.0023032552844824985,0.0007689321574278979,0.0026938532837956727,0.006116321083681015,0.017537671022329265,0.011494453142290003,-0.04730872282798082,-0.02209812070305596,-0.00501252282862236,-0.008902676374955553,-0.5437539999999998,39.17624578235511,3.226304,0.28807429993397454,0.4330489999999987,-1255288942.4617376,887647400.0,7.840478,8.774953,8.026071,1,0.11918597310010948
2021-09-20,8.026071,7.840478,7.746054,8.026071,79827200.0,0,1,-0.011294953666276813,-0.0458633632672507,-0.008773742930988676,0.017238555617218956,0.02339531616377154,-0.05216504712882007,-0.05639174255099074,-0.05331955510908035,0.0019234401376881523,0.006116321083681015,0.017537671022329265,-0.012116249483206797,-0.04730872282798082,-0.02209812070305596,-0.00501252282862236,-0.5470100000000002,37.55674119207275,3.226304,0.2940107785101192,0.37118499999999965,-1175461742.4617376,807820200.0,8.166079,8.81077,8.537265,1,0.07894743609509525
2021-09-21,8.208407,8.166079,7.986998,8.234455,64349300.0,0,1,0.02246375491377489,-0.011294953666276813,-0.0458633632672507,-0.008773742930988676,0.008338313394803763,0.04902737861300163,-0.02653298467959008,-0.03075968010176074,0.02339531616377154,0.0019234401376881523,0.006116321083681015,-0.022173897581402598,-0.012116249483206797,-0.04730872282798082,-0.02209812070305596,-0.4070020000000003,42.66198730267292,3.226304,0.29068550861653936,0.2474570000000007,-1124659608.7686117,872169500.0,8.3126,8.94101,8.537265,1,0.07559728604768678
2021-09-22,8.416792,8.3126,8.309344,8.537265,69951500.0,0,1,0.02506988506243624,0.02246375491377489,-0.011294953666276813,-0.0458633632672507,0.026668262911017135,0.0444518317861048,0.08514089700430273,0.009580533711711024,0.008338313394803763,0.02339531616377154,0.0019234401376881523,-0.0003917712683481421,-0.022173897581402598,-0.012116249483206797,-0.04730872282798082,0.2865289999999998,47.904177090690965,3.226304,0.29341211514392945,0.3288580000000003,-1128657126.713426,942121000.0,8.449352,9.081019,8.774953,1,0.07475922413931868
2021-09-23,8.739137,8.449352,8.436328,8.774953,83860700.0,0,1,0.03758268534192803,0.02506988506243624,0.02246375491377489,-0.011294953666276813,0.037811661174231015,0.05412897722742957,0.07191254610251738,0.1126016113207153,0.026668262911017135,0.008338313394803763,0.02339531616377154,-0.001542609191066757,-0.0003917712683481421,-0.022173897581402598,-0.012116249483206797,0.43630499999999905,54.78983390453569,3.226304,0.29803703549079164,0.35816100000000084,-1062536137.7873281,1025981700.0,8.644713,9.081019,8.81077,1,0.050470848482766284
2021-09-24,8.758673,8.644713,8.618665,8.81077,44585500.0,0,1,0.0022329660817476016,0.03758268534192803,0.02506988506243624,0.02246375491377489,0.019026916606306885,0.041885084771917075,0.0582024008251156,0.07598596970020347,0.037811661174231015,0.026668262911017135,0.008338313394803763,-0.0030177199117648913,-0.001542609191066757,-0.0003917712683481421,-0.022173897581402598,0.5079379999999993,55.176510181999205,3.226304,0.29047046152716366,0.19210499999999975,-1042132942.188567,1070567200.0,8.836818,9.081019,9.081019,1,0.02763449467896706
2021-09-27,8.836818,8.836818,8.628433,8.94101,88965800.0,0,1,0.008882447643986543,0.0022329660817476016,0.03758268534192803,0.02506988506243624,0.011721701096523745,0.03370063799207432,0.05655880615768456,0.07287612221088313,0.019026916606306885,0.037811661174231015,0.026668262911017135,-0.023863944388751782,-0.0030177199117648913,-0.001542609191066757,-0.0003917712683481421,0.29629699999999914,56.7692839259036,3.226304,0.2920494999895092,0.312577000000001,-1012477485.7749479,1159533000.0,8.853098,9.116835,9.081019,1,0.029790362650452984
2021-09-28,8.778209,8.853098,8.700065,9.081019,117496300.0,0,1,-0.006654456592749365,0.008882447643986543,0.0022329660817476016,0.03758268534192803,0.025418956724555884,0.027259553886929265,0.049238490782479716,0.07209665894809002,0.011721701096523745,0.019026916606306885,0.037811661174231015,-0.01743695736453632,-0.023863944388751782,-0.0030177199117648913,-0.001542609191066757,0.3516490000000001,55.18541040783684,3.226304,0.29839982141882987,0.3809539999999991,-1081770428.5864158,1042036700.0,8.85961,9.380572,9.116835,1,0.05880191114507305
2021-09-29,8.918218,8.85961,8.732625,8.963802,58554100.0,0,1,0.01582375034291484,-0.006654456592749365,0.008882447643986543,0.0022329660817476016,0.011691721751839938,0.012427013079783111,0.014267610242156682,0.03624654713770699,0.025418956724555884,0.011721701096523745,0.019026916606306885,-0.014436733650103227,-0.01743695736453632,-0.023863944388751782,-0.0030177199117648913,0.34513699999999936,58.18663519461948,3.226304,0.29359819131748477,0.23117699999999886,-1046307986.4451128,1100590800.0,8.963802,9.595469,9.116835,1,0.07046864712094258
2021-09-30,8.866122,8.963802,8.846586,8.980082,65448700.0,0,1,-0.005858654188021208,0.01582375034291484,-0.006654456592749365,0.008882447643986543,0.0018145463342196368,0.01350626808605945,0.014241559414002777,0.016082156576376325,0.011691721751839938,0.025418956724555884,0.011721701096523745,-0.013162845458917808,-0.014436733650103227,-0.01743695736453632,-0.023863944388751782,0.3679300000000012,56.66596682494448,3.226304,0.28216232050909296,0.13349599999999917,-1092600969.3719416,1035142100.0,8.830306,9.595469,9.116835,1,0.0866519235007257
2021-10-01,9.116835,8.830306,8.814026,9.116835,60610000.0,0,1,0.027885207719118704,-0.005858654188021208,0.01582375034291484,-0.006654456592749365,0.03193303577837305,0.016928237039106498,0.028619958790946243,0.029355250118889457,0.0018145463342196368,0.011691721751839938,0.025418956724555884,-0.0018453523340970321,-0.013162845458917808,-0.014436733650103227,-0.01743695736453632,0.9995960000000004,61.835255507078514,3.226304,0.28363708332987203,0.3028089999999999,-1031990969.3719416,1095752100.0,9.03869,9.595469,9.380572,1,0.06159952382480194
2021-10-04,9.37406,9.03869,9.025666,9.380572,106564500.0,0,1,0.027823595782347697,0.027885207719118704,-0.005858654188021208,0.01582375034291484,0.0371264895701399,0.060451073367065004,0.04544627462779835,0.057137996379638234,0.03193303577837305,0.0018145463342196368,0.011691721751839938,-0.001441955888897009,-0.0018453523340970321,-0.013162845458917808,-0.014436733650103227,1.347989,66.27966947078943,3.226304,0.28872772023488125,0.3549060000000015,-929337071.187634,1202316600.0,9.442436,9.641053,9.595469,1,0.021034508467941748
2021-10-05,9.579189,9.442436,9.409876,9.595469,99460000.0,0,1,0.021646632704158588,0.027823595782347697,0.027885207719118704,-0.005858654188021208,0.016077010174423995,0.05977675549092395,0.083101339287849,0.06809654054858218,0.0371264895701399,0.03193303577837305,0.0018145463342196368,-0.0034542216757849735,-0.001441955888897009,-0.0018453523340970321,-0.013162845458917808,1.3707820000000002,69.34547950776766,3.226304,0.283919240218104,0.22140899999999952,-847326099.9764354,1301776600.0,9.426156,9.719197,9.641053,1,0.031088070258968648
2021-10-06,9.32522,9.426156,9.269867,9.497788,84203000.0,0,1,-0.02687037512204995,0.021646632704158588,0.027823595782347697,0.027885207719118704,0.007570551056537334,0.005844931673826476,0.04954467699032655,0.07286926078725149,0.016077010174423995,0.0371264895701399,0.03193303577837305,-0.01671934621498952,-0.0034542216757849735,-0.001441955888897009,-0.0018453523340970321,0.9084280000000007,61.84796734203839,3.226304,0.285733723059668,0.3093219999999999,-890629940.5396129,1217573600.0,9.344756,9.719197,9.641053,1,0.0400696390574562
2021-10-07,9.312196,9.344756,9.198235,9.435924,60190700.0,0,1,-0.001397618867339027,-0.02687037512204995,0.021646632704158588,0.027823595782347697,0.009708776905433234,0.0010357289199500134,-0.0006898904627607349,0.043009854853739204,0.007570551056537334,0.016077010174423995,0.0371264895701399,-0.015803712523520284,-0.01671934621498952,-0.0034542216757849735,-0.001441955888897009,0.5730590000000007,61.48086483238444,3.226304,0.28230195712683454,0.2376889999999996,-893103267.3107297,1157382900.0,9.442436,9.83967,9.641053,1,0.04206901693588394
2021-10-08,9.481508,9.442436,9.348012,9.641053,83793900.0,0,1,0.018018436468782942,-0.001397618867339027,-0.02687037512204995,0.021646632704158588,0.020816337306705086,0.031215004674899138,0.02254195668941584,0.020816337306705086,0.009708776905433234,0.007570551056537334,0.016077010174423995,-0.01005029734263867,-0.015803712523520284,-0.01671934621498952,-0.0034542216757849735,0.7228349999999999,64.43614581560576,3.226304,0.2856273173320606,0.3288569999999993,-900551874.5059688,1241176800.0,9.605237,9.83967,9.83967,1,0.02440678975438071
2021-10-11,9.546628,9.605237,9.491276,9.719197,76298700.0,0,1,0.006844627790481079,0.018018436468782942,-0.001397618867339027,-0.02687037512204995,0.011794531326241123,0.028889004175493806,0.03928767154368766,0.0306146235582045,0.020816337306705086,0.009708776905433234,0.007570551056537334,-0.011935409657967362,-0.01005029734263867,-0.015803712523520284,-0.01671934621498952,0.7098100000000009,65.53150342067687,3.226304,0.28220315180834193,0.2376889999999996,-939791368.5319685,1317475500.0,9.497788,9.83967,9.670357,1,0.03599596032255081
2021-10-13,9.647565,9.497788,9.468484,9.670357,55433400.0,0,1,0.01051754876689757,0.006844627790481079,0.018018436468782942,-0.001397618867339027,0.01800629769847174,0.006756756523045691,0.023851229372298215,0.03424989674049238,0.011794531326241123,0.020816337306705086,0.009708776905433234,-0.003090119483497801,-0.011935409657967362,-0.01005029734263867,-0.015803712523520284,0.8693559999999998,67.21695795532975,3.226304,0.2764652838220317,0.20187299999999908,-896875125.8813907,1372908900.0,9.722453,9.83967,9.120091,0,-0.061955763632902006
2021-10-14,9.663845,9.722453,9.605237,9.83967,75908400.0,0,1,0.001686050252848897,0.01051754876689757,0.006844627790481079,0.018018436468782942,0.011984221027947418,0.03536324452713189,0.02411370335170585,0.04120817620095858,0.01800629769847174,0.011794531326241123,0.020816337306705086,-0.012129482323758545,-0.003090119483497801,-0.011935409657967362,-0.01005029734263867,0.7456270000000007,67.49305360714308,3.226304,0.27346297783474366,0.23443299999999923,-934829487.7792466,1448817300.0,9.702917,9.715941,9.250331,0,-0.046644323557544665
2021-10-15,9.637797,9.702917,9.608493,9.715941,71603100.0,0,1,-0.0026990466213168926,0.001686050252848897,0.01051754876689757,0.006844627790481079,0.0013413767125576115,-0.0006700142247978735,0.022709009274386825,0.011459468098960613,0.011984221027947418,0.01800629769847174,0.011794531326241123,-0.009779167082671588,-0.012129482323758545,-0.003090119483497801,-0.011935409657967362,0.7716750000000001,66.52763192730474,3.226304,0.26160476513226205,0.10744800000000154,-967376351.4156086,1377214200.0,9.572677,9.650821,8.937754,0,-0.06632658764105381
2021-10-18,9.588957,9.572677,9.43918,9.650821,68745900.0,0,1,-0.005080431678675896,-0.0026990466213168926,0.001686050252848897,0.01051754876689757,0.008130094786346926,-0.00538357249893157,-0.007394963436287041,0.015984060062897505,0.0013413767125576115,0.011984221027947418,0.01800629769847174,-0.014043782688152323,-0.009779167082671588,-0.012129482323758545,-0.003090119483497801,0.4721220000000006,64.66004875149703,3.226304,0.25803592476567194,0.2116410000000002,-938820172.2882183,1308468300.0,9.52058,9.546628,8.849842,0,-0.07045138006297935
2021-10-19,9.120091,9.52058,9.071251,9.546628,111002700.0,0,1,-0.050132341749922094,-0.005080431678675896,-0.0026990466213168926,0.001686050252848897,0.002732231819595301,-0.002724891529047781,-0.016238558814326218,-0.018249949751681777,0.008130094786346926,0.0013413767125576115,0.011984221027947418,-0.04834558946861378,-0.014043782688152323,-0.009779167082671588,-0.012129482323758545,-0.25396899999999967,50.1153060246342,3.226304,0.2765837872824097,0.5177060000000004,-1027014146.2960056,1197465600.0,9.204747,9.543372,9.377316,1,0.03678808336611539
2021-10-20,9.250331,9.204747,9.100555,9.377316,55255700.0,0,1,0.014179552561258416,-0.050132341749922094,-0.005080431678675896,-0.0026990466213168926,0.018574252102264557,-0.01516218997008954,-0.020619313318732607,-0.03413298060401107,0.002732231819595301,0.008130094786346926,0.0013413767125576115,-0.01138392857081456,-0.04834558946861378,-0.014043782688152323,-0.009779167082671588,-0.3288580000000003,53.26041160755839,3.226304,0.2765964453336662,0.2767610000000005,-1022463892.9774387,1252721300.0,9.071251,9.543372,9.543372,1,0.05204585343300505
2021-10-21,8.937754,9.071251,8.765185,9.175443,100964100.0,0,1,-0.03437500747117625,0.014179552561258416,-0.050132341749922094,-0.005080431678675896,0.011420494305181677,-0.0031886530910781507,-0.03692509516343223,-0.042382218512075326,0.018574252102264557,0.002732231819595301,0.008130094786346926,-0.03432255702386622,-0.01138392857081456,-0.04834558946861378,-0.014043782688152323,-0.38746599999999987,45.797519131358186,3.226304,0.29149284209554704,0.4851459999999985,-1038489862.469807,1151757200.0,8.823794,9.543372,9.03869,1,0.08154972792882531
2021-10-22,8.849842,8.823794,8.390744,9.03869,138155100.0,0,1,-0.00988472144359202,-0.03437500747117625,0.014179552561258416,-0.050132341749922094,0.024062316141858695,-0.003595929449620199,-0.01820507684587988,-0.05194151891823398,0.011420494305181677,0.018574252102264557,0.002732231819595301,-0.05032274271314854,-0.03432255702386622,-0.01138392857081456,-0.04834558946861378,-0.4623539999999995,43.93298967254873,3.226304,0.3169537819458652,0.647946000000001,-980867134.9971472,1013602100.0,9.03869,9.543372,9.543372,1,0.055835746109225814
2021-10-25,9.45546,9.03869,9.002874,9.543372,135256700.0,0,1,0.0661927466809887,-0.00988472144359202,-0.03437500747117625,0.014179552561258416,0.05433262972875913,0.07839494587061803,0.0507367002791391,0.03612755288287932,0.024062316141858695,0.011420494305181677,0.018574252102264557,-0.003970392705458091,-0.05032274271314854,-0.03432255702386622,-0.01138392857081456,-0.026047999999999405,56.93906005376529,3.226304,0.3438520832354462,0.6935299999999991,-889609439.6572937,1148858800.0,9.377316,9.523836,9.523836,1,0.015624940014818511
2021-10-26,9.364292,9.377316,9.312196,9.517324,57540500.0,0,1,-0.00968862003661773,0.0661927466809887,-0.00988472144359202,-0.03437500747117625,0.014820135505296832,0.05159946445344139,0.07566178059530014,0.04800353500382123,0.05433262972875913,0.024062316141858695,0.011420494305181677,-0.00696864246957907,-0.003970392705458091,-0.05032274271314854,-0.03432255702386622,-0.1823359999999994,54.87536987252359,3.226304,0.33394322014720007,0.2051280000000002,-917923019.0223727,1091318300.0,9.387084,9.523836,9.116835,0,-0.028789451548531964
2021-10-27,9.3415,9.387084,9.269867,9.461972,57270700.0,0,1,-0.0024368934797409634,-0.00968862003661773,0.0661927466809887,-0.00988472144359202,0.007946116138657653,0.008987236652217536,0.045766565600361776,0.06982888174222067,0.014820135505296832,0.05433262972875913,0.024062316141858695,-0.012565669742904401,-0.00696864246957907,-0.003970392705458091,-0.05032274271314854,-0.30606500000000025,54.34507299157233,3.226304,0.3238119187081144,0.19210499999999975,-932482992.5644459,1034047600.0,9.289403,9.523836,9.523836,1,0.025236605624710196
2021-10-28,9.429412,9.289403,9.198235,9.523836,87347900.0,0,1,0.009366901594748449,-0.0024368934797409634,-0.00968862003661773,0.0661927466809887,0.024923420707943355,0.014463006960071403,0.015504127473630967,0.05228345642177546,0.007946116138657653,0.014820135505296832,0.05433262972875913,-0.009862670289046669,-0.012565669742904401,-0.00696864246957907,-0.003970392705458091,-0.234433000000001,56.10699755015456,3.226304,0.3239397102289633,0.3256009999999989,-895796718.9697703,1121395500.0,9.484764,9.5043,8.465632,0,-0.1074493788142753
2021-10-29,8.872634,9.484764,8.781465,9.5043,156811300.0,0,1,-0.06086203224216384,0.009366901594748449,-0.0024368934797409634,-0.00968862003661773,0.0020576060929104233,0.022870039665863883,0.012409625917991864,0.013450746431551586,0.024923420707943355,0.007946116138657653,0.014820135505296832,-0.07704347146570296,-0.009862670289046669,-0.012565669742904401,-0.00696864246957907,-0.7651630000000011,44.41586956327473,3.226304,0.35243223092689446,0.7228349999999999,-1013051745.6578808,964584200.0,9.02241,9.221027,9.221027,1,0.022013741339619752
2021-11-01,9.116835,9.02241,8.911706,9.221027,101814500.0,0,1,0.027150996110082332,-0.06086203224216384,0.009366901594748449,-0.0024368934797409634,0.021774937228910666,-0.02820030203413763,-0.007387868461184213,-0.017848282209056113,0.0020576060929104233,0.024923420707943355,0.007946116138657653,-0.012345789009946756,-0.07704347146570296,-0.009862670289046669,-0.012565669742904401,-0.4721220000000006,49.39635047477605,3.226304,0.3521437144321163,0.34839299999999973,-979827844.964103,1066398700.0,9.02241,9.067995,8.504704,0,-0.057380012657372026
2021-11-03,8.742393,9.02241,8.726113,9.067995,81985600.0,0,1,-0.04193875356197928,0.027150996110082332,-0.06086203224216384,0.009366901594748449,0.005039698832917778,0.005039698832917778,-0.04493554043013059,-0.024123106857177157,0.021774937228910666,0.0020576060929104233,0.024923420707943355,-0.03339145799996151,-0.012345789009946756,-0.07704347146570296,-0.009862670289046669,-0.37769800000000053,43.02970541679298,3.226304,0.3548993062583937,0.39072200000000024,-1054005338.2606205,984413100.0,8.797746,8.869378,8.674017,0,-0.014063715865404669
2021-11-04,8.465632,8.797746,8.416792,8.869378,91973600.0,0,1,-0.03216927765407675,-0.04193875356197928,0.027150996110082332,-0.06086203224216384,0.008109117537152127,-0.01710681257355551,-0.01710681257355551,-0.06708205183660379,0.005039698832917778,0.021774937228910666,0.0020576060929104233,-0.044266794280506824,-0.03339145799996151,-0.012345789009946756,-0.07704347146570296,-0.7846989999999998,39.02589366223124,3.226304,0.36187692723993703,0.45258600000000015,-1126128608.7144127,892439500.0,8.560057,8.774953,8.774953,1,0.02510450572934264
2021-11-05,8.416792,8.560057,8.394,8.641457,85791600.0,0,1,-0.005785915132869222,-0.03216927765407675,-0.04193875356197928,0.027150996110082332,0.009464353848079986,-0.017924349453938396,-0.04314027956464607,-0.04314027956464607,0.008109117537152127,0.005039698832917778,0.021774937228910666,-0.01958968409858613,-0.044266794280506824,-0.03339145799996151,-0.012345789009946756,-0.5209620000000008,38.34778236636905,3.226304,0.3537040752942273,0.2474570000000007,-1196116556.7894325,806647900.0,8.403768,8.774953,8.680529,1,0.04416887757967625
2021-11-08,8.504704,8.403768,8.374464,8.680529,59704100.0,0,1,0.010390664153662566,-0.005785915132869222,-0.03216927765407675,-0.04193875356197928,0.03240229481591427,0.013975622505681599,-0.013413080796336825,-0.03862901090704442,0.009464353848079986,0.008109117537152127,0.005039698832917778,-0.0034931010367098086,-0.01958968409858613,-0.044266794280506824,-0.03339145799996151,-0.3451380000000004,40.35672167726755,3.226304,0.3503012842017825,0.30606500000000025,-1205008822.806455,866352000.0,8.530753,8.84333,8.774953,1,0.036641196855658587
2021-11-09,8.674017,8.530753,8.530753,8.774953,73021700.0,0,1,0.01971258310619593,0.010390664153662566,-0.005785915132869222,-0.03216927765407675,0.02822377893422296,0.043221236512476766,0.02479456420224407,-0.002594139099774353,0.03240229481591427,0.009464353848079986,0.008109117537152127,0.0,-0.0034931010367098086,-0.01958968409858613,-0.044266794280506824,-0.7814430000000012,44.13248119692514,3.226304,0.34458326390165517,0.27024899999999974,-1192351728.1397889,939373700.0,8.660993,8.97357,8.84333,1,0.03609020351361569
2021-11-10,8.605641,8.660993,8.517728,8.768441,68176300.0,0,1,-0.007914086827546228,0.01971258310619593,0.010390664153662566,-0.005785915132869222,0.012329644345856873,0.027481391195671764,0.042478848773925534,0.02405217646369303,0.02822377893422296,0.03240229481591427,0.009464353848079986,-0.01667974251514147,0.0,-0.0034931010367098086,-0.01958968409858613,-0.7586510000000004,42.94997399610232,3.226304,0.33787824505153685,0.2507129999999993,-1212715724.3350396,871197400.0,8.752161,8.97357,8.97357,1,0.02529763792050921
2021-11-11,8.612153,8.752161,8.543777,8.752161,60848900.0,0,1,0.0007564267885307965,-0.007914086827546228,0.01971258310619593,0.010390664153662566,0.0,0.01047126017785029,0.025623007027665335,0.0406204646059189,0.012329644345856873,0.02822377893422296,0.03240229481591427,-0.02409745961571418,-0.01667974251514147,0.0,-0.0034931010367098086,-0.7293470000000006,43.106326488866145,3.226304,0.3286286561192841,0.2083839999999988,-1233632533.71004,932046300.0,8.566569,8.97357,8.84333,1,0.047510386013350336
2021-11-12,8.787978,8.566569,8.465632,8.84333,85962500.0,0,1,0.020210305853144456,0.0007564267885307965,-0.007914086827546228,0.01971258310619593,0.031796200159827315,0.010362861244020628,0.020834121421870924,0.03598586827168601,0.0,0.012329644345856873,0.02822377893422296,-0.011852629225498894,-0.02409745961571418,-0.01667974251514147,0.0,-0.6414339999999985,47.305512075039886,3.226304,0.332133609253621,0.37769800000000053,-1172865805.4641924,1018008800.0,8.87589,8.97357,8.498192,0,-0.04255325381454711
2021-11-16,8.879146,8.87589,8.670761,8.97357,60978200.0,0,1,0.010320730102679723,0.020210305853144456,0.0007564267885307965,-0.007914086827546228,0.010944978179663611,0.046416287813546446,0.024982948897739898,0.035454209075590035,0.031796200159827315,0.0,0.012329644345856873,-0.0233820511501009,-0.011852629225498894,-0.02409745961571418,-0.01667974251514147,0.006512000000000739,49.39131204063456,3.226304,0.3300389943069338,0.3028089999999999,-1149916894.9291687,1078987000.0,8.918218,8.934498,8.582849,0,-0.03760493407988008
2021-11-17,8.654481,8.918218,8.625177,8.934498,82106800.0,0,1,-0.025628159715939042,0.010320730102679723,0.020210305853144456,0.0007564267885307965,0.0018238126358666703,0.006581351461443428,0.04205266109532635,0.020619322179519676,0.010944978179663611,0.031796200159827315,0.0,-0.033410666403338486,-0.0233820511501009,-0.011852629225498894,-0.02409745961571418,-0.4623539999999995,44.69610427428208,3.226304,0.32855913757072414,0.30932099999999885,-1216466667.3287148,996880200.0,8.690297,9.133115,8.833562,1,0.05095545065951157
2021-11-18,8.641457,8.690297,8.481912,8.709833,63993000.0,0,1,-0.0015060186341597204,-0.025628159715939042,0.010320730102679723,0.020210305853144456,0.00224550140818781,-0.02364353353267378,-0.0188859947070972,0.01658531492678571,0.0018238126358666703,0.010944978179663611,0.031796200159827315,-0.024271219821461024,-0.033410666403338486,-0.0233820511501009,-0.011852629225498894,-0.10093599999999903,44.43241176685528,3.226304,0.32137069917281524,0.22792100000000026,-1190869298.8677123,932887200.0,8.498192,9.260099,8.833562,1,0.08965518783289439
2021-11-19,8.498192,8.498192,8.394,8.556801,84860400.0,0,1,-0.016717767869252033,-0.0015060186341597204,-0.025628159715939042,0.010320730102679723,0.006872970362730444,-0.015480710556919075,-0.041369745497780705,-0.03661220667220409,0.00224550140818781,0.0018238126358666703,0.010944978179663611,-0.01233627007741401,-0.024271219821461024,-0.033410666403338486,-0.0233820511501009,0.032560000000000144,41.52992864336243,3.226304,0.3160911492318999,0.2474570000000007,-1167109054.0706906,848026800.0,8.563313,9.699661,8.833562,1,0.13269957550307931
2021-11-22,8.582849,8.563313,8.560057,8.833562,59195200.0,0,1,0.00991247467628283,-0.016717767869252033,-0.0015060186341597204,-0.025628159715939042,0.031071182795371317,0.038704895792649296,0.016351214872999724,-0.009537820067861956,0.006872970362730444,0.00224550140818781,0.0018238126358666703,-0.00038029897610607243,-0.01233627007741401,-0.024271219821461024,-0.033410666403338486,0.16605700000000034,43.863507820283395,3.226304,0.31746821000105,0.33537000000000106,-1216438423.4760036,907222000.0,8.664249,9.699661,9.133115,1,0.11950395239102662
2021-11-23,9.051715,8.664249,8.628433,9.133115,108382300.0,0,1,0.053188332855789264,0.00991247467628283,-0.016717767869252033,-0.0015060186341597204,0.05270157043279106,0.06441967134460283,0.07205338434188087,0.049699703422231435,0.031071182795371317,0.006872970362730444,0.00224550140818781,-0.004142336187495844,-0.00038029897610607243,-0.01233627007741401,-0.024271219821461024,0.5470109999999995,54.657155304744734,3.226304,0.33409662357240366,0.5502660000000006,-1143018017.1833284,1015604300.0,9.045202,9.709429,9.260099,1,0.0734341809060759
2021-11-24,9.237307,9.045202,8.95729,9.260099,64263300.0,0,1,0.02029615043638891,0.053188332855789264,0.00991247467628283,-0.016717767869252033,0.023480288367219167,0.06650949084774346,0.07822759175955527,0.08586130475683336,0.05270157043279106,0.031071182795371317,0.006872970362730444,-0.00976672549757749,-0.004142336187495844,-0.00038029897610607243,-0.01233627007741401,0.5632900000000003,58.09205835591848,3.226304,0.3318617933172319,0.3028089999999999,-1088428730.3969386,1079867600.0,9.458716,9.709429,9.699661,1,0.026506028936696957
2021-11-25,9.644309,9.458716,9.299171,9.699661,104052200.0,0,1,0.04311760749539442,0.02029615043638891,0.053188332855789264,0.00991247467628283,0.02515429198018954,0.06985648506659013,0.11288568754711435,0.12460378845892633,0.023480288367219167,0.05270157043279106,0.031071182795371317,-0.01701138806375077,-0.00976672549757749,-0.004142336187495844,-0.00038029897610607243,1.0386679999999995,64.45187250446112,3.226304,0.341182665223144,0.46235400000000126,-1013138783.5088768,1183919800.0,9.243819,9.98619,9.494532,1,0.0803099887611387
2021-11-26,9.269867,9.243819,9.139627,9.494532,108871800.0,0,1,-0.039598968334894846,0.04311760749539442,0.02029615043638891,0.053188332855789264,0.02676094199781928,0.003779409485147544,0.04848160257154817,0.09151080505207249,0.02515429198018954,0.023480288367219167,0.05270157043279106,-0.0113355369468418,-0.01701138806375077,-0.00976672549757749,-0.004142336187495844,0.6577140000000004,56.02776182545751,3.226304,0.3528611891357765,0.504681999999999,-1042104900.3993127,1075048000.0,9.559652,10.420722,9.709429,1,0.09007336250315379
2021-11-29,9.595469,9.559652,9.380572,9.709429,84672200.0,0,1,0.03452197577212416,-0.039598968334894846,0.04311760749539442,0.02029615043638891,0.015546150491714246,0.04914236326667071,0.02616083075399896,0.07086302384039962,0.02676094199781928,0.02515429198018954,0.023480288367219167,-0.018910582757998867,-0.0113355369468418,-0.01701138806375077,-0.00976672549757749,0.8074909999999988,60.82296762903091,3.226304,0.3590541041975068,0.43956200000000045,-1016116224.92213,1159720200.0,9.540116,10.585317,9.98619,1,0.10955852109135789
2021-11-30,9.582445,9.540116,9.396852,9.650821,129384600.0,0,1,-0.0013582292633295351,0.03452197577212416,-0.039598968334894846,0.04311760749539442,0.011537344736786364,0.009491664725085119,0.04308787750004163,0.02010634498736985,0.015546150491714246,0.02676094199781928,0.02515429198018954,-0.015130905145864843,-0.018910582757998867,-0.0113355369468418,-0.01701138806375077,0.7032989999999995,60.53858507328851,3.226304,0.3515480253262563,0.25396899999999967,-956399981.3719337,1030335600.0,9.715941,10.706021,9.98619,1,0.10190263609052375
2021-12-01,9.637797,9.715941,9.598725,9.98619,135078600.0,0,1,0.005759776908664439,-0.0013582292633295351,0.03452197577212416,-0.039598968334894846,0.02743519987101852,0.04569749381929417,0.04365181380759293,0.07724802658254942,0.011537344736786364,0.015546150491714246,0.02676094199781928,-0.012137661510257684,-0.015130905145864843,-0.018910582757998867,-0.0113355369468418,0.9833160000000003,61.36535726495072,3.226304,0.3552763806600952,0.4037450000000007,-1064235908.8249934,1165414200.0,9.87207,10.815751,10.420722,1,0.09559099560679774
2021-12-02,10.373172,9.87207,9.583114,10.420722,191410300.0,0,1,0.07353030228667516,0.005759776908664439,-0.0013582292633295351,0.03452197577212416,0.05408676585240377,0.07002838508835982,0.0882906790366354,0.0862449990249341,0.02743519987101852,0.011537344736786364,0.015546150491714246,-0.02970696654282556,-0.012137661510257684,-0.015130905145864843,-0.018910582757998867,1.7317149999999994,70.27555258724868,3.226304,0.3897286391843741,0.8376079999999995,-894557874.4313388,1356824500.0,10.417064,10.998635,10.585317,1,0.055828686470583255
2021-12-03,10.519479,10.417064,10.321965,10.585317,105133000.0,0,1,0.014005823546437784,0.07353030228667516,0.005759776908664439,-0.0013582292633295351,0.016022621391236815,0.06975829427843061,0.08569991351438658,0.10396220746266219,0.05408676585240377,0.02743519987101852,0.011537344736786364,-0.009171081881783696,-0.02970696654282556,-0.012137661510257684,-0.015130905145864843,2.021287000000001,71.67519833367756,3.226304,0.3807017363854902,0.26335199999999936,-841991374.4313384,1461957500.0,10.526795,10.998635,10.706021,1,0.04482275944387637
2021-12-06,10.567029,10.526795,10.490218,10.706021,66142300.0,0,1,0.00451000047970337,0.014005823546437784,0.07353030228667516,0.005759776908664439,0.016882382140807305,0.027361062699335147,0.08109673558652908,0.09703835482248507,0.016022621391236815,0.05408676585240377,0.02743519987101852,-0.0034807074562412973,-0.009171081881783696,-0.02970696654282556,-0.012137661510257684,1.9841800000000003,72.13444096699439,3.226304,0.368923255215098,0.2158029999999993,-861049470.7335217,1528099800.0,10.709678,11.009608,10.998635,1,0.02800551052982181
2021-12-07,10.73894,10.709678,10.53411,10.815751,98981000.0,0,1,0.016137705900028054,0.00451000047970337,0.014005823546437784,0.07353030228667516,0.009855678937698191,0.027079586240541728,0.037558266799069547,0.0912939396862634,0.016882382140807305,0.016022621391236815,0.05408676585240377,-0.01652925526446718,-0.0034807074562412973,-0.009171081881783696,-0.02970696654282556,1.6872249999999998,73.78905186604516,3.226304,0.3626888084140196,0.2816410000000005,-816057979.2993916,1627080800.0,10.73894,11.009608,10.998635,1,0.025204349777538715
2021-12-08,10.735282,10.73894,10.687732,10.998635,71154300.0,0,1,-0.0003406875495076175,0.016137705900028054,0.00451000047970337,0.014005823546437784,0.023894786441288517,0.026623355541157554,0.04384726284400097,0.054325943402528824,0.009855678937698191,0.016882382140807305,0.016022621391236815,-0.004779846118466096,-0.01652925526446718,-0.0034807074562412973,-0.009171081881783696,1.4979750000000003,73.6887857392921,3.226304,0.3589898220987325,0.3109029999999997,-865447375.3582913,1555926500.0,10.64384,11.009608,11.009608,1,0.0343642895797005
2021-12-09,10.713336,10.64384,10.530452,10.78649,67668200.0,0,1,-0.0020463796463295733,-0.0003406875495076175,0.016137705900028054,0.00451000047970337,0.013313104083726263,0.004418037395232465,0.007146606495101552,0.024370513797944894,0.023894786441288517,0.009855678937698191,0.016882382140807305,-0.010710070858691379,-0.004779846118466096,-0.01652925526446718,-0.0034807074562412973,1.0690270000000002,73.04748178983624,3.226304,0.3516361205202516,0.2560380000000002,-836446869.2381063,1488258300.0,10.790147,11.009608,11.009608,1,0.020339018550905807
2021-12-10,10.845012,10.790147,10.782832,11.009608,38517500.0,0,1,0.012215930226676911,-0.0020463796463295733,-0.0003406875495076175,0.016137705900028054,0.02013494320147129,0.03378702504480093,0.024891958356307083,0.027620527456176124,0.013313104083726263,0.023894786441288517,0.009855678937698191,-0.0006781632041035155,-0.010710070858691379,-0.004779846118466096,-0.01652925526446718,1.575145000000001,74.48243480492063,3.226304,0.3476815404830908,0.2962720000000001,-853842044.5653014,1526775800.0,10.852328,10.99132,10.859643,0,0.0006740489229593027
2021-12-13,10.779174,10.852328,10.713336,10.99132,45448700.0,0,1,-0.006089311610410353,0.012215930226676911,-0.0020463796463295733,-0.0003406875495076175,0.012726251209900825,0.01847246749025865,0.032124549333588125,0.023229482645094238,0.02013494320147129,0.013313104083726263,0.023894786441288517,-0.012890298631030606,-0.0006781632041035155,-0.010710070858691379,-0.004779846118466096,1.1837049999999998,72.40670042820561,3.226304,0.3427031447342986,0.277984,-877762516.245686,1481327100.0,10.830382,10.965716,10.603606,0,-0.020938873624217647
2021-12-14,10.651156,10.830382,10.610921,10.918166,56833800.0,0,1,-0.011947508302672561,-0.006089311610410353,0.012215930226676911,-0.0020463796463295733,0.008072674711496825,0.006048388310574272,0.011794604590931988,0.0254466864342616,0.012726251209900825,0.02013494320147129,0.013313104083726263,-0.02047157902274706,-0.012890298631030606,-0.0006781632041035155,-0.010710070858691379,1.0687110000000004,68.41421488789426,3.226304,0.34017042011042015,0.307245,-919711075.1970112,1424493300.0,10.64384,10.965716,10.965716,1,0.030240589862305267
2021-12-15,10.716994,10.64384,10.457299,10.716994,55085100.0,0,1,0.006162275006699751,-0.011947508302672561,-0.006089311610410353,0.012215930226676911,0.006849384812950625,-0.010524626909814143,-0.012548913310736777,-0.006802697030379083,0.008072674711496825,0.012726251209900825,0.02013494320147129,-0.01768111756511832,-0.02047157902274706,-0.012890298631030606,-0.0006781632041035155,1.0791969999999989,69.35022838761259,3.226304,0.3344221758168186,0.2596949999999989,-864625975.1970112,1479578400.0,10.834039,10.965716,10.314649,0,-0.047940569532747834
2021-12-16,10.859643,10.834039,10.790147,10.965716,56545700.0,0,1,0.013222735164751977,0.006162275006699751,-0.011947508302672561,-0.006089311610410353,0.01208074140789317,0.029792357356012843,0.012418345633248104,0.010394059232325548,0.006849384812950625,0.008072674711496825,0.012726251209900825,-0.004059534104790185,-0.01768111756511832,-0.02047157902274706,-0.012890298631030606,0.4864709999999999,71.33247387681148,3.226304,0.3283007346870459,0.24872200000000078,-876406369.6225644,1536124100.0,10.724309,10.841355,10.300019,0,-0.03956338818659544
2021-12-17,10.603606,10.724309,10.526795,10.841355,93230800.0,0,1,-0.02385930909106837,0.013222735164751977,0.006162275006699751,-0.011947508302672561,0.01085495436563037,0.0006750511919479729,0.01838666714006762,0.001012655417302975,0.01208074140789317,0.006849384812950625,0.008072674711496825,-0.01858912248865589,-0.004059534104790185,-0.01768111756511832,-0.02047157902274706,0.08412699999999873,63.40601296243139,3.226304,0.3286255393522569,0.33284800000000025,-924105945.1897063,1442893300.0,10.402434,10.504849,10.362199,0,-0.003867844775559126
2021-12-20,10.300019,10.402434,10.12445,10.442668,106282500.0,0,1,-0.029048392052134737,-0.02385930909106837,0.013222735164751977,0.006162275006699751,0.003860288135152504,-0.026612928472731313,-0.03679283164641374,-0.019081215698294032,0.01085495436563037,0.01208074140789317,0.006849384812950625,-0.027086526696626742,-0.01858912248865589,-0.004059534104790185,-0.01768111756511832,-0.2670099999999991,55.527165935784375,3.226304,0.33937771511281,0.4791559999999997,-913110904.3686332,1336610800.0,10.442668,10.526795,10.515822,0,0.007005297879813854
2021-12-21,10.314649,10.442668,10.285388,10.504849,40454500.0,0,1,0.0014193779357663115,-0.029048392052134737,-0.02385930909106837,0.013222735164751977,0.005936854724797993,0.009797142859950493,-0.02067607374793329,-0.03085597692161567,0.003860288135152504,0.01085495436563037,0.01208074140789317,-0.015175858125930091,-0.027086526696626742,-0.01858912248865589,-0.004059534104790185,-0.4242910000000002,55.812124154494605,3.226304,0.3308122354618951,0.2194610000000008,-942777709.7486324,1377065300.0,10.387803,10.709678,10.709678,1,0.030985859088779488
2021-12-22,10.300019,10.387803,10.230523,10.387803,33734500.0,0,1,-0.0014193779357661728,0.0014193779357663115,-0.029048392052134737,-0.02385930909106837,0.0,-0.005267775930059352,-0.0014074877949068405,-0.03188070440279058,0.005936854724797993,0.003860288135152504,0.01085495436563037,-0.015256626629817038,-0.015175858125930091,-0.027086526696626742,-0.01858912248865589,-0.43526299999999907,55.42964028457479,3.226304,0.31841707578604544,0.1572800000000001,-946700246.2186219,1343330800.0,10.362199,10.709678,10.526795,1,0.033533326275629216
2021-12-23,10.362199,10.362199,10.296361,10.395118,28713600.0,0,1,0.006018733100824708,-0.0014193779357661728,0.0014193779357663115,-0.029048392052134737,0.00317179986199109,0.0007039434256687417,-0.00456383250439064,-0.0007035443692381644,0.0,0.005936854724797993,0.003860288135152504,-0.006373941155683265,-0.015256626629817038,-0.015175858125930091,-0.027086526696626742,-0.3511369999999996,56.78516822833407,3.226304,0.30272707037275653,0.09875700000000087,-937129046.2186215,1372044400.0,10.358541,10.709678,10.526795,1,0.03389830672099481
2021-12-27,10.515822,10.358541,10.296361,10.526795,44227900.0,0,1,0.01471650714141444,0.006018733100824708,-0.0014193779357661728,0.0014193779357663115,0.016112514547349868,0.015759438350457042,0.013291581914134829,0.008023805984075316,0.00317179986199109,0.0,0.005936854724797993,-0.006020864958790628,-0.006373941155683265,-0.015256626629817038,-0.015175858125930091,-0.32919000000000054,60.02030068468625,3.226304,0.2975632796318454,0.2304340000000007,-897113308.8916645,1416272300.0,10.610921,10.709678,10.640183,0,0.002757724800703132
2021-12-28,10.526795,10.610921,10.497533,10.709678,30688100.0,0,1,0.0010429312090425998,0.01471650714141444,0.006018733100824708,-0.0014193779357661728,0.009264064888607272,0.03333642185019333,0.03298334565330048,0.03051548921697824,0.016112514547349868,0.00317179986199109,0.0,-0.010743476582710396,-0.006020864958790628,-0.006373941155683265,-0.015256626629817038,-0.25237899999999946,60.24920756756658,3.226304,0.2914619739438565,0.21214499999999958,-919335546.559769,1446960400.0,10.497533,10.753571,10.687732,1,0.024390301988095775
2021-12-29,10.43901,10.497533,10.395118,10.570687,35508400.0,0,1,-0.008374160973498905,0.0010429312090425998,0.01471650714141444,0.006018733100824708,0.006944515862785505,-0.0037989607199247865,0.02027339624166126,0.019920320044768382,0.009264064888607272,0.016112514547349868,0.00317179986199109,-0.009804004319991762,-0.010743476582710396,-0.006020864958790628,-0.006373941155683265,-0.2121460000000006,57.416910729476186,3.226304,0.2831839043764381,0.17556899999999942,-937089847.6835438,1411452000.0,10.442668,10.753571,10.687732,1,0.029772372347756537
2021-12-30,10.406091,10.442668,10.384145,10.497533,43229100.0,0,1,-0.003158442587157274,-0.008374160973498905,0.0010429312090425998,0.01471650714141444,0.00524017181560128,0.0,-0.010743476582710396,0.013328880378875474,0.006944515862785505,0.009264064888607272,0.016112514547349868,-0.005619981706601191,-0.009804004319991762,-0.010743476582710396,-0.006020864958790628,-0.3109029999999997,56.34718931532553,3.226304,0.27105562549240686,0.11338800000000049,-963585151.7157167,1368222900.0,10.43901,10.753571,10.687732,1,0.030133221445328706
2022-01-03,10.640183,10.43901,10.435353,10.687732,52704700.0,0,1,0.022246375229004578,-0.003158442587157274,-0.008374160973498905,0.0010429312090425998,0.02354679125774525,0.02319643626832183,0.017956264452720583,0.00721278787001025,0.00524017181560128,0.006944515862785505,0.009264064888607272,-0.0003503819529643732,-0.005619981706601191,-0.009804004319991762,-0.010743476582710396,-0.21945999999999977,61.79778572295099,3.226304,0.2718117236715207,0.2816410000000005,-930739915.3026236,1420927600.0,10.665786,10.753571,10.307334,0,-0.033607649731580924
2022-01-04,10.680417,10.665786,10.574344,10.753571,51739200.0,0,1,0.0037741946999217623,0.022246375229004578,-0.003158442587157274,-0.008374160973498905,0.00819683723546828,0.029688135086748405,0.029337780097324982,0.024097608281723817,0.02354679125774525,0.00524017181560128,0.006944515862785505,-0.008610358311863301,-0.0003503819529643732,-0.005619981706601191,-0.009804004319991762,0.07681100000000107,62.66074205414681,3.226304,0.26519852912355496,0.1792270000000009,-921236867.6323509,1472666800.0,10.676759,10.706021,10.245153,0,-0.04042481430928624
2022-01-05,10.2671,10.676759,10.21955,10.706021,78459800.0,0,1,-0.039467269500732004,0.0037741946999217623,0.022246375229004578,-0.003158442587157274,0.0027369704282435214,0.003765245263025995,0.025256543114306283,0.024906188124882815,0.00819683723546828,0.02354679125774525,0.00524017181560128,-0.04376677056293163,-0.008610358311863301,-0.0003503819529643732,-0.005619981706601191,-0.032919000000001475,50.13240190615409,3.226304,0.2810037056147296,0.4864709999999999,-984358596.1337417,1394207000.0,10.347568,10.632867,10.632867,1,0.027571599432832716
2022-01-06,10.259784,10.347568,10.182973,10.479245,61163100.0,0,1,-0.0007128213234682355,-0.039467269500732004,0.0037741946999217623,0.022246375229004578,0.012645118058196656,-0.01867268874491384,-0.017644413910131156,0.0038468839411489215,0.0027369704282435214,0.00819683723546828,0.02354679125774525,-0.016034504546758376,-0.04376677056293163,-0.008610358311863301,-0.0003503819529643732,-0.0548649999999995,49.94205775053817,3.226304,0.28209429807082037,0.2962720000000001,-1013807603.1779447,1333043900.0,10.28173,10.940112,10.632867,1,0.06403416545659146
2022-01-07,10.307334,10.28173,10.175658,10.347568,47507600.0,0,1,0.004623893801725845,-0.0007128213234682355,-0.039467269500732004,0.0037741946999217623,0.0063829824488824865,0.0,-0.03131780680311054,-0.03028953196832796,0.012645118058196656,0.0027369704282435214,0.00819683723546828,-0.01037013626351335,-0.016034504546758376,-0.04376677056293163,-0.008610358311863301,0.0073150000000001825,51.23793722478215,3.226304,0.27422399106576184,0.17191000000000045,-988537462.0622444,1380551500.0,10.237838,11.203465,10.632867,1,0.09431942564435958
2022-01-10,10.245153,10.237838,10.139081,10.32928,37455200.0,0,1,-0.006050964997608141,0.004623893801725845,-0.0007128213234682355,-0.039467269500732004,0.008892116292009884,0.004614046993265883,-0.0017689354556166782,-0.0330867422587272,0.0063829824488824865,0.012645118058196656,0.0027369704282435214,-0.009693101615114913,-0.01037013626351335,-0.016034504546758376,-0.04376677056293163,-0.1170460000000002,49.43565109375686,3.226304,0.2682222059896361,0.19019900000000156,-984215912.716559,1343096300.0,10.278073,11.55826,10.632867,1,0.12455515737239864
2022-01-11,10.548741,10.278073,10.186631,10.632867,73623800.0,0,1,0.02920180061446626,-0.006050964997608141,0.004623893801725845,-0.0007128213234682355,0.03393707326767354,0.03785939985443071,0.03358133055568671,0.027198348106804174,0.008892116292009884,0.0063829824488824865,0.012645118058196656,-0.008936616778768905,-0.009693101615114913,-0.01037013626351335,-0.016034504546758376,0.0329189999999997,57.32769953250624,3.226304,0.2809374769903763,0.44623599999999897,-938351754.6943464,1416720100.0,10.588975,11.635071,10.940112,1,0.0987910539027621
2022-01-12,10.870616,10.588975,10.588975,10.940112,81378200.0,0,1,0.03005685295264135,0.02920180061446626,-0.006050964997608141,0.004623893801725845,0.03262266909646244,0.062423243507445166,0.06634557009420226,0.062067500795458384,0.03393707326767354,0.008892116292009884,0.0063829824488824865,0.0,-0.008936616778768905,-0.009693101615114913,-0.01037013626351335,0.34382100000000015,63.782100109658714,3.226304,0.2888255857767779,0.39137099999999947,-889185821.6283348,1498098300.0,10.80112,11.697251,11.203465,1,0.08296648866043532
2022-01-13,11.090077,10.80112,10.790147,11.203465,76717500.0,0,1,0.019987375269576717,0.03005685295264135,0.02920180061446626,-0.006050964997608141,0.03657327299745134,0.05640973994954001,0.08621031436052272,0.09013264094727981,0.03262266909646244,0.03393707326767354,0.008892116292009884,-0.0010164295541072808,0.0,-0.008936616778768905,-0.009693101615114913,0.6510670000000012,67.4024429832412,3.226304,0.2977179010784367,0.4133180000000003,-854561063.2461685,1574815800.0,11.075446,11.781378,11.55826,1,0.06373847157035484
2022-01-14,11.503394,11.075446,11.060815,11.55826,96458800.0,0,1,0.03659137773133023,0.019987375269576717,0.03005685295264135,0.02920180061446626,0.04266974688325307,0.06775050042694306,0.0875869673790317,0.1173875417900145,0.03657327299745134,0.03262266909646244,0.03393707326767354,-0.0013219036521617555,-0.0010164295541072808,0.0,-0.008936616778768905,1.0973030000000001,72.89722846088405,3.226304,0.311984122429977,0.4974450000000008,-779380227.7278701,1671274600.0,11.485106,11.781378,11.697251,1,0.02579619204211081
2022-01-17,11.521683,11.485106,11.430241,11.635071,35675900.0,0,1,0.001588616085525456,0.03659137773133023,0.019987375269576717,0.03005685295264135,0.012972833485085353,0.04929331301253652,0.07437406655622665,0.09421053350831529,0.04266974688325307,0.03657327299745134,0.03262266909646244,-0.004788503079332884,-0.0013219036521617555,-0.0010164295541072808,0.0,0.8814999999999991,73.11319983045259,3.226304,0.3043302565421214,0.2048299999999994,-783202633.1440692,1706950500.0,11.543629,11.781378,11.781378,1,0.020595689622388225
2022-01-18,11.57289,11.543629,11.327826,11.697251,78198800.0,0,1,0.004434555591623446,0.001588616085525456,0.03659137773133023,0.019987375269576717,0.013220173883972387,0.018302791403809058,0.05462327093126026,0.07970402447495037,0.012972833485085353,0.04266974688325307,0.03657327299745134,-0.018871506384094426,-0.004788503079332884,-0.0013219036521617555,-0.0010164295541072808,0.892472999999999,73.74406141510794,3.226304,0.30897988107482705,0.36942499999999967,-757652576.281648,1785149300.0,11.66799,11.796009,11.686278,0,0.0015673650731617972
2022-01-19,11.518025,11.66799,11.499737,11.781378,77480200.0,0,1,-0.004752094340876382,0.004434555591623446,0.001588616085525456,0.03659137773133023,0.009670954350550336,0.02038646626275071,0.025469083782587342,0.06178956331003861,0.013220173883972387,0.012972833485085353,0.04266974688325307,-0.01452502941772404,-0.018871506384094426,-0.004788503079332884,-0.0013219036521617555,1.2509250000000005,71.80017362733025,3.226304,0.3070271038551966,0.2816410000000005,-825070619.8655012,1707669100.0,11.521683,12.154461,11.704567,1,0.054920622273673114
2022-01-20,11.602152,11.521683,11.379033,11.704567,85353100.0,0,1,0.007277398549663203,-0.004752094340876382,0.004434555591623446,0.001588616085525456,0.015748369173387445,0.003129912560281373,0.013845424472481637,0.018928041992318408,0.009670954350550336,0.013220173883972387,0.012972833485085353,-0.012458286897333156,-0.01452502941772404,-0.018871506384094426,-0.004788503079332884,1.3423680000000004,72.97645484724842,3.226304,0.3083490250083969,0.3255340000000011,-793422741.0497708,1793022200.0,11.547286,12.534859,11.796009,1,0.0855242521922468
2022-01-21,11.62044,11.547286,11.532656,11.660674,60384100.0,0,1,0.001575018308082149,0.007277398549663203,-0.004752094340876382,0.004434555591623446,0.0097715527103391,0.011991245364331693,-0.0006272112487743655,0.010088300663426067,0.015748369173387445,0.009670954350550336,0.013220173883972387,-0.0012677676537911453,-0.012458286897333156,-0.01452502941772404,-0.018871506384094426,1.3131059999999994,73.2377926018049,3.226304,0.29546823750779716,0.12801800000000085,-770994145.422593,1853406300.0,11.591179,12.670193,11.796009,1,0.09308923622005993
2022-01-24,11.686278,11.591179,11.35343,11.796009,79117100.0,0,1,0.00564971654311243,0.001575018308082149,0.007277398549663203,-0.004752094340876382,0.01751687611973814,0.02131082292215211,0.02353051557614466,0.010912058963038557,0.0097715527103391,0.015748369173387445,0.009670954350550336,-0.020724476886936797,-0.0012677676537911453,-0.012458286897333156,-0.01452502941772404,1.4411249999999995,74.2049374399049,3.226304,0.30597614911438303,0.4425790000000003,-731108904.5939499,1932523400.0,11.594836,12.670193,12.154461,1,0.09274447693783672
2022-01-25,12.066677,11.594836,11.550944,12.154461,98358500.0,0,1,0.032032353518142716,0.00564971654311243,0.001575018308082149,0.007277398549663203,0.04713643631359525,0.04745188508996542,0.05124583189237957,0.05346552454637207,0.01751687611973814,0.0097715527103391,0.015748369173387445,-0.0037926613501805687,-0.020724476886936797,-0.0012677676537911453,-0.012458286897333156,1.5179360000000006,78.9404419942206,3.226304,0.32722906703478427,0.6035170000000001,-661363691.5900078,2030881900.0,12.180065,12.670193,12.534859,1,0.040240179342228455
2022-01-26,12.388552,12.180065,12.180065,12.534859,98679900.0,0,1,0.026325133852270154,0.032032353518142716,0.00564971654311243,0.001575018308082149,0.028712884157886583,0.07795365646293433,0.07826910523930455,0.08206305204171858,0.04713643631359525,0.01751687611973814,0.0097715527103391,0.0,-0.0037926613501805687,-0.020724476886936797,-0.0012677676537911453,1.5179360000000006,81.95854343937276,3.226304,0.33729713367515685,0.46818200000000054,-644069385.0853883,2129561800.0,12.527544,12.670193,12.070334,0,-0.036496379497848896
2022-01-27,12.39221,12.527544,12.132515,12.670193,90631000.0,0,1,0.0002952290189113887,0.026325133852270154,0.032032353518142716,0.00564971654311243,0.011322486931919932,0.03945162816557726,0.08869240047062488,0.08900784924699497,0.028712884157886583,0.04713643631359525,0.01751687611973814,-0.032040701473453906,0.0,-0.0037926613501805687,-0.020724476886936797,1.3021329999999995,81.9901324655618,3.226304,0.3516100526983599,0.5376779999999997,-647152010.2402204,2220192800.0,12.362948,12.564121,12.564121,1,0.0162722515697713
2022-01-28,11.902081,12.362948,11.77772,12.564121,117400500.0,0,1,-0.040354790609625026,0.0002952290189113887,0.026325133852270154,0.032032353518142716,0.01614127740378716,0.00291547220231392,0.031044613435971265,0.08028538574101877,0.011322486931919932,0.028712884157886583,0.04713643631359525,-0.048494323813663254,-0.032040701473453906,0.0,-0.0037926613501805687,0.3986870000000007,65.4534445783149,3.226304,0.38266654893419133,0.7864009999999997,-727421215.6958339,2102792300.0,11.88745,12.24956,12.070334,1,0.030461537167348895
2022-01-31,11.832585,11.88745,11.73017,12.070334,62450300.0,0,1,-0.005856092401453641,-0.040354790609625026,0.0002952290189113887,0.026325133852270154,0.01526748487659606,-0.023953228276685196,-0.0371790334781583,-0.009049892244501062,0.01614127740378716,0.011322486931919932,0.028712884157886583,-0.013319066449831373,-0.048494323813663254,-0.032040701473453906,0.0,0.31090200000000046,63.497844627734224,3.226304,0.3796306525817492,0.34016400000000147,-752267022.1309651,2040342000.0,11.832585,12.24956,12.18738,1,0.03523955247310706
2022-02-01,12.070334,11.832585,11.686278,12.18738,57315200.0,0,1,0.01989354026347259,-0.005856092401453641,-0.040354790609625026,0.0002952290189113887,0.029543823744702474,0.024917768357826064,-0.014302944795455248,-0.02752874999692839,0.01526748487659606,0.01614127740378716,0.011322486931919932,-0.012441833378245773,-0.013319066449831373,-0.048494323813663254,-0.032040701473453906,0.49744400000000155,67.11741508496236,3.226304,0.3883071773973385,0.5011019999999995,-721726869.5233121,2097657200.0,12.220299,12.24956,11.759432,0,-0.03771323434884866
2022-02-02,11.894766,12.220299,11.836243,12.24956,36271700.0,0,1,-0.014652235210141215,0.01989354026347259,-0.005856092401453641,-0.040354790609625026,0.0023915964490921937,0.03463285160136578,0.03000679621448947,-0.009213916938791835,0.029543823744702474,0.01526748487659606,0.01614127740378716,-0.03193215661734642,-0.012441833378245773,-0.013319066449831373,-0.048494323813663254,0.3767410000000009,62.21149457799261,3.226304,0.3900935932975287,0.41331700000000104,-747726895.7276539,2061385500.0,11.832585,12.154461,12.041073,1,0.02720250900373844
2022-02-03,11.73017,11.832585,11.565575,12.041073,51087800.0,0,1,-0.013934316116286259,-0.014652235210141215,0.01989354026347259,-0.005856092401453641,0.01746638913414494,-0.014774866018128814,0.01746638913414494,0.012840333747268586,0.0023915964490921937,0.029543823744702474,0.01526748487659606,-0.022824152949808038,-0.03193215661734642,-0.012441833378245773,-0.013319066449831373,0.12801799999999908,57.9359447103699,3.226304,0.3961939080619909,0.475498,-763446317.9805343,2010297700.0,11.854531,12.154461,12.154461,1,0.025300874408274776
2022-02-04,11.935,11.854531,11.660674,12.154461,59346800.0,0,1,0.017311104476805134,-0.013934316116286259,-0.014652235210141215,0.01989354026347259,0.024986105525179266,0.02683909651652136,-0.005402158635752451,0.02683909651652136,0.01746638913414494,0.0023915964490921937,0.029543823744702474,-0.016488173656861026,-0.022824152949808038,-0.03193215661734642,-0.012441833378245773,0.3145600000000002,61.48348470990575,3.226304,0.40316484320042006,0.4937869999999993,-756852255.7998773,2069644500.0,11.905739,12.033758,11.865504,0,-0.003379462627225438
2022-02-07,11.759432,11.905739,11.752116,11.989865,48868100.0,0,1,-0.014819617806490175,0.017311104476805134,-0.013934316116286259,-0.014652235210141215,0.0070411568224435445,0.011351552224931189,0.013204543216273314,-0.019036711936000473,0.024986105525179266,0.01746638913414494,0.0023915964490921937,-0.01298724328759827,-0.016488173656861026,-0.022824152949808038,-0.03193215661734642,0.07315400000000061,57.042766441408254,3.226304,0.39134942582896154,0.23774900000000088,-802712822.4802835,2020776400.0,11.66799,12.403183,11.956946,1,0.06300939579139175
2022-02-08,11.642386,11.66799,11.433898,11.686278,62590000.0,0,1,-0.010003237869249417,-0.014819617806490175,0.017311104476805134,-0.013934316116286259,0.0015661380384990374,-0.018605219772075368,-0.014294824369587756,-0.012441833378245773,0.0070411568224435445,0.024986105525179266,0.01746638913414494,-0.020266742920847073,-0.01298724328759827,-0.016488173656861026,-0.022824152949808038,-0.4242910000000002,54.230636731870185,3.226304,0.38664832398403576,0.3255340000000011,-761893171.0023532,1958186400.0,11.609467,12.414156,11.956946,1,0.06931317346438037
2022-02-09,11.686278,11.609467,11.576548,11.956946,50960500.0,0,1,0.003762928883643514,-0.010003237869249417,-0.014819617806490175,0.017311104476805134,0.02949147878768947,0.02446316978405746,0.0042918119734829474,0.008602207375970734,0.0015661380384990374,0.0070411568224435445,0.024986105525179266,-0.0028395584251173648,-0.020266742920847073,-0.01298724328759827,-0.016488173656861026,-0.702274000000001,55.12406916987146,3.226304,0.3862018722708903,0.38039799999999957,-783453434.0663022,2009146900.0,11.814297,12.414156,12.033758,1,0.05077399019171436
2022-02-10,11.865504,11.814297,11.682621,12.033758,49534600.0,0,1,0.015220033862976151,0.003762928883643514,-0.010003237869249417,-0.014819617806490175,0.018405458672891853,0.03589498095017712,0.030866671946545122,0.010695314135970784,0.02949147878768947,0.0015661380384990374,0.0070411568224435445,-0.011208055322907194,-0.0028395584251173648,-0.020266742920847073,-0.01298724328759827,-0.5267060000000008,58.67167210333193,3.226304,0.3836972385372554,0.35113700000000136,-781389733.392776,2058681500.0,11.986208,12.414156,12.403183,1,0.03570336840475319
2022-02-11,12.348318,11.986208,11.935,12.403183,88013400.0,0,1,0.03988449260503858,0.015220033862976151,0.003762928883643514,-0.010003237869249417,0.034196477754628724,0.04864272498537445,0.0661322472626598,0.061103938259027796,0.018405458672891853,0.02949147878768947,0.0015661380384990374,-0.0042813956738040615,-0.011208055322907194,-0.0028395584251173648,-0.020266742920847073,0.446237,66.38177018659657,3.226304,0.39469593578459433,0.5376790000000007,-714004400.5844508,2146694900.0,12.384895,12.414156,11.997181,0,-0.03130539257700615
2022-02-14,12.070334,12.384895,12.004496,12.414156,55687000.0,0,1,-0.02276915282629647,0.03988449260503858,0.015220033862976151,0.003762928883643514,0.0023598494619227525,0.03508077890513182,0.049527026135877575,0.06701654841316293,0.034196477754628724,0.018405458672891853,0.02949147878768947,-0.03119633862316897,-0.0042813956738040615,-0.011208055322907194,-0.0028395584251173648,0.23774900000000088,59.499240135802886,3.226304,0.39576479751426624,0.4096600000000006,-751792065.9850266,2091007900.0,11.945973,12.326372,12.326372,1,0.03184328308794937
2022-02-15,11.880135,11.945973,11.664332,11.953289,65689000.0,0,1,-0.015883029134119032,-0.02276915282629647,0.03988449260503858,0.015220033862976151,0.0006122364973883325,-0.03547111427362677,-0.0027501848304175803,0.011696062400328184,0.0023598494619227525,0.034196477754628724,0.018405458672891853,-0.023858595626737273,-0.03119633862316897,-0.0042813956738040615,-0.011208055322907194,-0.19019900000000156,55.27633216020266,3.226304,0.39649602626324726,0.40600200000000086,-719363468.7854435,2025318900.0,12.008154,12.436102,12.326372,1,0.03563811723267385
2022-02-16,12.044731,12.008154,11.986208,12.326372,65811600.0,0,1,0.013759625392931196,-0.015883029134119032,-0.02276915282629647,0.03988449260503858,0.026155113159330043,0.03134679805494023,-0.004736552716074953,0.027984376727134237,0.0006122364973883325,0.0023598494619227525,0.034196477754628724,-0.0018292635678040336,-0.023858595626737273,-0.03119633862316897,-0.0042813956738040615,0.1499649999999999,58.05103919739973,3.226304,0.4000489529587296,0.446237,-762530154.7627952,2091130500.0,12.015469,12.684824,12.436102,1,0.05570777137371841
2022-02-17,11.997181,12.015469,11.905739,12.176407,43255200.0,0,1,-0.003955597375136706,0.013759625392931196,-0.015883029134119032,-0.02276915282629647,0.013305324006532298,0.01391430794089316,0.019105992836503268,-0.016977357934511838,0.026155113159330043,0.0006122364973883325,0.0023598494619227525,-0.009174350195989648,-0.0018292635678040336,-0.023858595626737273,-0.03119633862316897,0.2670110000000001,56.95177293673237,3.226304,0.39080745631882025,0.2706679999999988,-776558833.7229975,2047875300.0,11.913054,12.684824,12.103253,1,0.06478355592109297
2022-02-18,12.070334,11.913054,11.803324,12.103253,58653300.0,0,1,0.006079001116324376,-0.003955597375136706,0.013759625392931196,-0.015883029134119032,0.01583948577589581,0.007279356479342671,0.007888340413703409,0.013080025309313494,0.013305324006532298,0.026155113159330043,0.0006122364973883325,-0.009253586951899274,-0.009174350195989648,-0.0018292635678040336,-0.023858595626737273,0.1353340000000003,58.26125218109429,3.226304,0.3843161380103331,0.29992900000000056,-730780634.0480744,2106528600.0,12.088623,12.907942,12.436102,1,0.06777604033147533
2022-02-21,12.381237,12.088623,12.070334,12.436102,51263800.0,0,1,0.025431474848996872,0.006079001116324376,-0.003955597375136706,0.013759625392931196,0.028338931798635038,0.042968920486872085,0.03440879119031906,0.035017775124679996,0.01583948577589581,0.013305324006532298,0.026155113159330043,-0.0015140557180307451,-0.009253586951899274,-0.009174350195989648,-0.0018292635678040336,0.6218050000000002,63.36219289558163,3.226304,0.38299127100959496,0.3657679999999992,-694895917.9865271,2157792400.0,12.516571,12.907942,12.907942,1,0.03126822833506071
2022-02-22,12.341002,12.516571,12.147146,12.684824,80206700.0,0,1,-0.003254966956958026,0.025431474848996872,0.006079001116324376,-0.003955597375136706,0.013352871929538379,0.0481415559414404,0.06277154462967752,0.05421141533312437,0.028338931798635038,0.01583948577589581,0.013305324006532298,-0.02995920129578205,-0.0015140557180307451,-0.009253586951899274,-0.009174350195989648,0.6986159999999995,62.30105929312174,3.226304,0.3940403230803383,0.5376780000000014,-717266701.1917169,2077585700.0,12.50194,12.907942,12.907942,1,0.032475119861397506
2022-02-23,12.516571,12.50194,12.362948,12.655563,86530100.0,0,1,0.014126231837893771,-0.003254966956958026,0.025431474848996872,0.006079001116324376,0.0122130490860569,0.011043434981689679,0.04583211899359172,0.06046210768182884,0.013352871929538379,0.028338931798635038,0.01583948577589581,-0.011179897348880351,-0.02995920129578205,-0.0015140557180307451,-0.009253586951899274,0.8302930000000011,65.0514685001842,3.226304,0.3883632285746,0.3145610000000012,-712940122.2634319,2164115800.0,12.728716,12.907942,12.523886,0,-0.016091960885921353
2022-02-24,12.212984,12.728716,11.953289,12.907942,139674100.0,0,1,-0.024553798261678625,0.014126231837893771,-0.003254966956958026,0.025431474848996872,0.01398223746051535,0.031958948576173776,0.030789334471806717,0.06557801848370869,0.0122130490860569,0.013352871929538379,0.028338931798635038,-0.06285407274745988,-0.011179897348880351,-0.02995920129578205,-0.0015140557180307451,0.3474800000000009,57.27072868011529,3.226304,0.4288124979621286,0.9546530000000004,-776622913.5900185,2024441700.0,12.23493,12.907942,12.436102,1,0.0550074254613635
2022-02-25,12.436102,12.23493,12.033758,12.436102,86189100.0,0,1,0.018104046048411704,-0.024553798261678625,0.014126231837893771,-0.003254966956958026,0.0163087185701904,-0.02325684922455827,-0.005280138108899757,-0.0064497522132669445,0.01398223746051535,0.0122130490860569,0.013352871929538379,-0.016579108680147513,-0.06285407274745988,-0.011179897348880351,-0.02995920129578205,0.0877839999999992,60.96597385087213,3.226304,0.4269218909648337,0.40234399999999937,-690433813.5900185,2110630800.0,12.896969,12.907942,11.631413,0,-0.09812817259621232
2022-03-02,12.681166,12.896969,12.578751,12.907942,58071800.0,0,1,0.0195142064602817,0.018104046048411704,-0.024553798261678625,0.014126231837893771,0.0008504583225557193,0.05354780525526406,0.01398223746051535,0.031958948576173776,0.0163087185701904,0.01398223746051535,0.0122130490860569,-0.024983360755041494,-0.016579108680147513,-0.06285407274745988,-0.011179897348880351,0.6108319999999985,64.58834986257858,3.226304,0.43013032732448847,0.47184000000000026,-712372041.3052359,2168702600.0,12.736032,12.776266,11.87282,0,-0.0677771538262466
2022-03-03,12.523886,12.736032,12.494625,12.776266,69237400.0,0,1,-0.012480199717787823,0.0195142064602817,0.018104046048411704,-0.024553798261678625,0.003154089322327287,-0.009403091535587424,0.04329425539712096,0.0037286876023723083,0.0008504583225557193,0.0163087185701904,0.01398223746051535,-0.0191365898299403,-0.024983360755041494,-0.016579108680147513,-0.06285407274745988,0.643751,60.695351026486954,3.226304,0.4195239468013107,0.2816410000000005,-767222647.0430368,2099465200.0,12.465363,12.684824,12.684824,1,0.017605664592359016
2022-03-04,12.520229,12.465363,12.370264,12.684824,55418000.0,0,1,-0.0002920446600720701,-0.012480199717787823,0.0195142064602817,0.018104046048411704,0.017452480208076736,-0.004028823361797906,-0.016586004219712725,0.0361113427129957,0.003154089322327287,0.0008504583225557193,0.0163087185701904,-0.0076583099588040425,-0.0191365898299403,-0.024983360755041494,-0.016579108680147513,0.475498,60.60388355302687,3.226304,0.41202652202978857,0.3145600000000002,-769800105.5247256,2044047200.0,12.618986,12.655563,12.326372,0,-0.023188392474640995
2022-03-07,11.631413,12.618986,11.569233,12.655563,110954100.0,0,1,-0.07363620095829095,-0.0002920446600720701,-0.012480199717787823,0.0195142064602817,0.0028943761200289366,0.015143043260228018,-0.0063382603096465194,-0.018895441167561283,0.017452480208076736,0.003154089322327287,0.0008504583225557193,-0.08685325835867612,-0.0076583099588040425,-0.0191365898299403,-0.024983360755041494,-0.3657679999999992,43.461037300743975,3.226304,0.460191056170518,1.0863300000000002,-868052492.5314363,1933093100.0,11.704567,12.655563,12.059361,1,0.08124999412622436
2022-03-08,11.87282,11.704567,11.52534,12.059361,111633500.0,0,1,0.02054229883944652,-0.07363620095829095,-0.0002920446600720701,-0.012480199717787823,0.029862097300174115,-0.04536130041135532,-0.03311263327115634,-0.054593936841030824,0.0028943761200289366,0.017452480208076736,0.003154089322327287,-0.015431017988317345,-0.08685325835867612,-0.0076583099588040425,-0.0191365898299403,-0.19751399999999997,47.78149343888425,3.226304,0.4654646235869096,0.534021000000001,-834409276.5221407,2044726600.0,11.924027,12.655563,12.655563,1,0.06134974367300572
2022-03-09,11.909397,11.924027,11.609467,12.004496,87779300.0,0,1,0.003075998241900151,0.02054229883944652,-0.07363620095829095,-0.0002920446600720701,0.006725806130551124,0.025302138764157923,-0.049921258947371476,-0.03767259180717245,0.029862097300174115,0.0028943761200289366,0.017452480208076736,-0.026734554197520136,-0.015431017988317345,-0.08685325835867612,-0.0076583099588040425,-0.47184000000000026,48.424577089610274,3.226304,0.460433507616416,0.3950289999999992,-788893828.7998214,2132505900.0,11.924027,12.655563,12.655563,1,0.06134974367300572
2022-03-10,12.326372,11.924027,11.894766,12.655563,136437700.0,0,1,0.03441327982917258,0.003075998241900151,0.02054229883944652,-0.07363620095829095,0.05954144119795151,0.05954144119795151,0.07811777383155835,0.0028943761200289366,0.006725806130551124,0.029862097300174115,0.0028943761200289366,-0.002456968723812035,-0.026734554197520136,-0.015431017988317345,-0.08685325835867612,-0.014630000000000365,55.198255377241104,3.226304,0.481888042786672,0.7607970000000002,-770527211.8895291,2268943600.0,12.403183,12.575094,11.276618,0,-0.09082870098748053
2022-03-11,11.883793,12.403183,11.73017,12.575094,92153700.0,0,1,-0.036565493120722846,0.03441327982917258,0.003075998241900151,0.02054229883944652,0.013765057887743168,0.05316275095288285,0.05316275095288285,0.07173908358648955,0.05954144119795151,0.006725806130551124,0.029862097300174115,-0.055788977905238006,-0.002456968723812035,-0.026734554197520136,-0.015431017988317345,-0.6327780000000001,47.993349691862825,3.226304,0.507819182587624,0.8449240000000007,-829170376.3736718,2176789900.0,11.861847,12.0301,10.976689,0,-0.07462227425459111
2022-03-14,11.657017,11.861847,11.528998,12.0301,52126100.0,0,1,-0.01926722278317174,-0.036565493120722846,0.03441327982917258,0.003075998241900151,0.014084727501445404,-0.030541290715234447,0.008856402349905224,0.008856402349905224,0.013765057887743168,0.05954144119795151,0.006725806130551124,-0.028461688227328114,-0.055788977905238006,-0.002456968723812035,-0.026734554197520136,-0.5559670000000008,44.76879792821172,3.226304,0.5073393838313651,0.5011019999999995,-854662652.5378059,2124663800.0,11.390006,11.536313,11.196149,0,-0.017019920797232246
2022-03-15,11.375376,11.390006,11.144942,11.536313,66027700.0,0,1,-0.02445729705207087,-0.01926722278317174,-0.036565493120722846,0.03441327982917258,0.0127634083926112,-0.027827402373107823,-0.0724534205897877,-0.03305572752464809,0.014084727501445404,0.013765057887743168,0.05954144119795151,-0.021750541539947994,-0.028461688227328114,-0.055788977905238006,-0.002456968723812035,-1.0607260000000007,41.07752599907012,3.226304,0.5076776421291247,0.5120749999999994,-842937902.7047833,2058636100.0,11.521683,11.737486,11.737486,1,0.018730162945812756
2022-03-16,11.276618,11.521683,11.108365,11.536313,71597800.0,0,1,-0.008719640816699348,-0.02445729705207087,-0.01926722278317174,-0.036565493120722846,0.0012689742823460352,0.0127634083926112,-0.027827402373107823,-0.0724534205897877,0.0127634083926112,0.014084727501445404,0.013765057887743168,-0.03653231024181505,-0.021750541539947994,-0.028461688227328114,-0.055788977905238006,-1.4045480000000001,39.83715940285768,3.226304,0.50198266769133,0.42794800000000066,-858236597.9378492,1987038300.0,11.430241,11.741143,11.737486,1,0.027199951427095748
2022-03-17,10.976689,11.430241,10.790147,11.485106,177812100.0,0,1,-0.026957536082085003,-0.008719640816699348,-0.02445729705207087,-0.01926722278317174,0.004788503079332977,-0.0031796728189309106,0.008314761291334266,-0.032276049474384776,0.0012689742823460352,0.0127634083926112,0.014084727501445404,-0.057629159545915666,-0.03653231024181505,-0.021750541539947994,-0.028461688227328114,-1.5471969999999988,36.25650371794866,3.226304,0.5157666914276636,0.6949590000000008,-940591484.6110194,1809226200.0,11.00595,11.876477,11.272961,1,0.07909603441774671
2022-03-18,11.196149,11.00595,10.921824,11.272961,92480600.0,0,1,0.019796037552071773,-0.026957536082085003,-0.008719640816699348,-0.02445729705207087,0.023970990812000874,-0.013855535986138272,-0.021823711884402134,-0.010329277774136917,0.004788503079332977,0.0012689742823460352,0.0127634083926112,-0.007673046315350303,-0.057629159545915666,-0.03653231024181505,-0.021750541539947994,-1.3240800000000004,40.472619859544395,3.226304,0.504007427754259,0.3511369999999996,-888571558.6339793,1901706800.0,11.30588,11.924027,11.737486,1,0.05467482407384483
2022-03-21,11.616782,11.30588,11.207123,11.737486,67445700.0,0,1,0.036880896864073184,0.019796037552071773,-0.026957536082085003,-0.008719640816699348,0.037464707412007345,0.06435161612472715,0.026525089326587866,0.018556913428324013,0.023970990812000874,0.004788503079332977,0.0012689742823460352,-0.008773386070441107,-0.007673046315350303,-0.057629159545915666,-0.03653231024181505,-0.014630999999999617,47.623301675490865,3.226304,0.506673825771812,0.5413370000000004,-851825457.8624322,1969152500.0,11.700909,11.924027,11.876477,1,0.019068433059346246
2022-03-22,11.565575,11.700909,11.466818,11.741143,55950200.0,0,1,-0.004417763325991733,0.036880896864073184,0.019796037552071773,-0.026957536082085003,0.003432638022169748,0.03777622475227237,0.06466313346499199,0.026836606666852704,0.037464707412007345,0.023970990812000874,0.004788503079332977,-0.02020905779493866,-0.008773386070441107,-0.007673046315350303,-0.057629159545915666,-0.307245,46.88493066465746,3.226304,0.49007748107382537,0.27432499999999926,-867491513.8624318,1913202300.0,11.678963,11.924027,11.876477,1,0.020983369841997224
2022-03-23,11.722855,11.678963,11.591179,11.876477,52770900.0,0,1,0.013507341738496617,-0.004417763325991733,0.036880896864073184,0.019796037552071773,0.01677053192170216,0.014893190040141781,0.049236776770244295,0.07612368548296386,0.003432638022169748,0.037464707412007345,0.023970990812000874,-0.007544811408452021,-0.02020905779493866,-0.008773386070441107,-0.007673046315350303,-0.1865420000000011,49.47601520279756,3.226304,0.4772792324256949,0.3109019999999987,-871550813.8624321,1965973200.0,11.722855,11.98255,11.924027,1,0.022152879993823982
2022-03-24,11.858189,11.722855,11.583863,11.924027,48854400.0,0,1,0.011478328599373576,0.013507341738496617,-0.004417763325991733,0.036880896864073184,0.017015084988454887,0.020766250942135606,0.018888909060575075,0.05323249579067757,0.01677053192170216,0.003432638022169748,0.037464707412007345,-0.011927346249665289,-0.007544811408452021,-0.02020905779493866,-0.008773386070441107,-0.4681829999999998,51.66115005910801,3.226304,0.4674852872524311,0.34016400000000147,-841607738.9127022,2014827600.0,11.759432,12.066677,11.98255,1,0.02612753745248919
2022-03-25,11.814297,11.759432,11.675305,11.905739,51631700.0,0,1,-0.0037082755311534524,0.011478328599373576,0.013507341738496617,-0.004417763325991733,0.012364910786469624,0.01548019760514119,0.019231363558821688,0.017354021677261137,0.017015084988454887,0.01677053192170216,0.003432638022169748,-0.007179714573571028,-0.011927346249665289,-0.007544811408452021,-0.02020905779493866,-0.06949600000000089,50.892379851472704,3.226304,0.4505530524486861,0.2304340000000007,-830953550.142816,1963195900.0,11.726513,12.278822,11.98255,1,0.047099167501882144
2022-03-28,11.55826,11.726513,11.331484,11.733828,67710300.0,0,1,-0.021910075349888494,-0.0037082755311534524,0.011478328599373576,0.013507341738496617,0.0006236056191218514,-0.0021796898461218894,0.000935596972549695,0.004686762926230237,0.012364910786469624,0.017015084988454887,0.01677053192170216,-0.034267300356324824,-0.007179714573571028,-0.011927346249665289,-0.007544811408452021,-0.0987569999999991,46.541520128104565,3.226304,0.45285733441663706,0.48281300000000016,-822335777.6834278,1895485600.0,11.752116,12.359291,11.98255,1,0.0516651639585588
2022-03-29,11.814297,11.752116,11.675305,11.98255,93643600.0,0,1,0.021910075349888574,-0.021910075349888494,-0.0037082755311534524,0.011478328599373576,0.019418115311698726,0.02159907827581367,0.01879578281056999,0.02191106962924146,0.0006236056191218514,0.012364910786469624,0.017015084988454887,-0.006557382072442389,-0.034267300356324824,-0.007179714573571028,-0.011927346249665289,0.43892100000000056,51.048380175679206,3.226304,0.4508168105297344,0.42428999999999917,-831254085.1566169,1989129200.0,11.88745,12.359291,12.066677,1,0.03969236463665471
2022-03-30,12.066677,11.88745,11.843558,12.066677,69293000.0,0,1,0.021137278282988364,0.021910075349888574,-0.021910075349888494,-0.0037082755311534524,0.014964464753020533,0.02641437703366554,0.02859533999778069,0.025792044532536893,0.019418115311698726,0.0006236056191218514,0.012364910786469624,-0.0036991306943151073,-0.006557382072442389,-0.034267300356324824,-0.007179714573571028,0.7900590000000012,55.06940306199309,3.226304,0.43664275263475344,0.2523800000000005,-761961085.1566169,2058422200.0,11.913054,12.359291,12.278822,1,0.03745781728178188
2022-03-31,12.23493,11.913054,11.88745,12.278822,94024100.0,0,1,0.013847289070050901,0.021137278282988364,0.021910075349888574,-0.021910075349888494,0.030241216108607426,0.032392768014997075,0.04384268029564217,0.046023643259757226,0.014964464753020533,0.019418115311698726,0.0006236056191218514,-0.002151551906389782,-0.0036991306943151073,-0.006557382072442389,-0.034267300356324824,1.258241,57.57158480886289,3.226304,0.43340912744655685,0.3913720000000005,-689026413.1034294,2152446300.0,12.271507,12.359291,11.836243,0,-0.03546948227304114
2022-04-01,12.073992,12.271507,12.037415,12.359291,72283700.0,0,1,-0.013241257793628225,0.013847289070050901,0.021137278282988364,0.021910075349888574,0.007128016857733021,0.036773314254499714,0.03892486616088936,0.05037477844153449,0.030241216108607426,0.014964464753020533,0.019418115311698726,-0.01926035523453732,-0.002151551906389782,-0.0036991306943151073,-0.006557382072442389,0.8778430000000004,54.448096863267736,3.226304,0.4254424754860886,0.3218760000000014,-744881917.8052396,2080162600.0,12.033758,12.458048,12.458048,1,0.035258312490578536
2022-04-04,11.960604,12.033758,11.796009,12.033758,55976200.0,0,1,-0.009435468873703003,-0.013241257793628225,0.013847289070050901,0.021137278282988364,0.0,-0.019564204160232322,0.010081093236534366,0.01223264514292397,0.007128016857733021,0.030241216108607426,0.014964464753020533,-0.019954612983506478,-0.01926035523453732,-0.002151551906389782,-0.0036991306943151073,0.3438219999999994,52.295374105242544,3.226304,0.41490965580851086,0.27798300000000076,-723352827.444397,2024186400.0,11.945973,12.586067,12.458048,1,0.05358240806337
2022-04-05,11.847216,11.945973,11.847216,12.09228,45378200.0,0,1,-0.009525345649232395,-0.009435468873703003,-0.013241257793628225,0.013847289070050901,0.0121729983178198,0.004851365547867791,-0.014712838612364526,0.014932458784401945,0.0,0.007128016857733021,0.030241216108607426,-0.008301330866464013,-0.019954612983506478,-0.01926035523453732,-0.002151551906389782,0.2816409999999987,50.159652692771694,3.226304,0.4027778232507601,0.24506400000000106,-768731027.444397,1978808200.0,11.924027,12.586067,12.458048,1,0.05552151131492744
2022-04-06,11.836243,11.924027,11.719197,11.989865,56799800.0,0,1,-0.0009266383584569884,-0.009525345649232395,-0.009435468873703003,-0.013241257793628225,0.005506269439129908,0.0036674754564249854,-0.0036541573135271148,-0.023218361473759396,0.0121729983178198,0.0,0.007128016857733021,-0.017327173710866284,-0.008301330866464013,-0.019954612983506478,-0.01926035523453732,0.11338800000000049,49.94706687662608,3.226304,0.3933414073042773,0.2706680000000006,-776406517.2873042,1922008400.0,11.938658,12.684824,12.458048,1,0.062499989529811506
2022-04-07,12.450733,11.938658,11.88745,12.458048,118124700.0,0,1,0.050613231767759725,-0.0009266383584569884,-0.009525345649232395,-0.009435468873703003,0.04258513343268227,0.0438113996163428,0.04197260563363773,0.03465097286368577,0.005506269439129908,0.0121729983178198,0.0,-0.004298484573927515,-0.017327173710866284,-0.008301330866464013,-0.019954612983506478,0.5925440000000002,60.13611305220221,3.226304,0.40966023535397184,0.6218050000000002,-661310507.1197257,2040133100.0,12.461706,12.728716,12.684824,1,0.021426440328475183
2022-04-08,12.512913,12.461706,12.381237,12.586067,60517000.0,0,1,0.004981654409996855,0.050613231767759725,-0.0009266383584569884,-0.009525345649232395,0.009929986340835455,0.052808702128004266,0.0540349683116649,0.05219617432895993,0.04258513343268227,0.005506269439129908,0.0121729983178198,-0.006478240635503414,-0.004298484573927515,-0.017327173710866284,-0.008301330866464013,0.6986159999999995,61.00123130410954,3.226304,0.3950295042572595,0.2048299999999994,-644020188.9339136,2100650100.0,12.399525,12.788579,12.684824,1,0.03137652450396278
2022-04-11,12.417814,12.399525,12.355633,12.472679,47994900.0,0,1,-0.007629096516469586,0.004981654409996855,0.050613231767759725,-0.0009266383584569884,0.005882406797866589,0.0008801500986180384,0.04375886588578699,0.044985132069447493,0.009929986340835455,0.04258513343268227,0.005506269439129908,-0.0035460929794371293,-0.006478240635503414,-0.004298484573927515,-0.017327173710866284,0.8595539999999993,58.896038709864605,3.226304,0.37804739681031246,0.1572800000000001,-641020251.4016608,2052655200.0,12.582409,12.788579,12.788579,1,0.016385574495313193
2022-04-12,12.381237,12.582409,12.362948,12.684824,67824000.0,0,1,-0.0029498730837449107,-0.007629096516469586,0.004981654409996855,0.050613231767759725,0.008106590924699477,0.022748152874219465,0.017745896174970893,0.06062461196213974,0.005882406797866589,0.009929986340835455,0.04258513343268227,-0.01759579245808659,-0.0035460929794371293,-0.006478240635503414,-0.004298484573927515,0.5669400000000007,58.0660120390473,3.226304,0.3740351541810045,0.3218760000000014,-701136729.6479416,1984831200.0,12.571436,12.788579,12.788579,1,0.01727272842975136
2022-04-13,12.64459,12.571436,12.472679,12.728716,100793800.0,0,1,0.021047274223892735,-0.0029498730837449107,-0.007629096516469586,0.004981654409996855,0.012433287049830311,0.01156081600645228,0.02620237795597232,0.021200121256723846,0.008106590924699477,0.005882406797866589,0.009929986340835455,-0.00788668410827537,-0.01759579245808659,-0.0035460929794371293,-0.006478240635503414,0.5779130000000006,62.196941434322554,3.226304,0.37213828602521853,0.34747899999999987,-666578506.6840724,2085625000.0,12.601156,12.788579,12.680911,0,0.006329181227500147
2022-04-14,12.469562,12.601156,12.425697,12.788579,118439600.0,0,1,-0.013938820936548952,0.021047274223892735,-0.0029498730837449107,-0.007629096516469586,0.014763951213882819,0.01712525066284178,0.016252779619463743,0.030894341568983793,0.012433287049830311,0.008106590924699477,0.005882406797866589,-0.014021888791953586,-0.00788668410827537,-0.01759579245808659,-0.0035460929794371293,0.2346319999999995,58.10042361338699,3.226304,0.371477122737703,0.3628820000000008,-756384263.9803835,1967185400.0,12.425697,12.760665,12.760665,1,0.02695768293722267
2022-04-18,12.250238,12.425697,12.150545,12.517415,76057100.0,0,1,-0.017745269403324236,-0.013938820936548952,0.021047274223892735,-0.0029498730837449107,0.00735420771678287,-0.006667681075170708,-0.0043063816262115875,-0.0051788526695896306,0.014763951213882819,0.012433287049830311,0.008106590924699477,-0.022392642241178134,-0.014021888791953586,-0.00788668410827537,-0.01759579245808659,0.17624599999999901,53.357916469503564,3.226304,0.37114804254215283,0.3668700000000005,-791105956.5047109,1891128300.0,12.425697,12.760665,12.760665,1,0.02695768293722267
2022-04-19,12.621095,12.425697,12.409746,12.760665,88289000.0,0,1,0.029824255012043357,-0.017745269403324236,-0.013938820936548952,0.021047274223892735,0.02660072555729865,0.02660072555729865,0.012578836765345127,0.014940136214304164,0.00735420771678287,0.014763951213882819,0.012433287049830311,-0.0012845353467867023,-0.022392642241178134,-0.014021888791953586,-0.00788668410827537,0.6604910000000004,59.39362092322617,3.226304,0.38109653950342764,0.510427,-773046814.2781569,1979417300.0,12.621095,12.740726,11.987049,0,-0.050237004000049046
2022-04-20,12.680911,12.621095,12.493488,12.740726,34549100.0,0,1,0.004728171468712799,0.029824255012043357,-0.017745269403324236,-0.013938820936548952,0.009434014006180222,0.025036967402840747,0.025036967402840747,0.011015078610887281,0.02660072555729865,0.00735420771678287,0.014763951213882819,-0.010162071824028875,-0.0012845353467867023,-0.022392642241178134,-0.014021888791953586,0.8336950000000005,60.28628108105718,3.226304,0.3715352152531829,0.24723800000000118,-755214840.4197694,2013966400.0,12.381832,12.481525,11.987049,0,-0.03188405399136396
2022-04-22,12.186435,12.381832,12.09073,12.481525,74296700.0,0,1,-0.039774343963865456,0.004728171468712799,0.029824255012043357,-0.017745269403324236,0.00801931406654607,-0.011120069396637134,0.004482884000023634,0.004482884000023634,0.009434014006180222,0.02660072555729865,0.00735420771678287,-0.023791193638683535,-0.010162071824028875,-0.0012845353467867023,-0.022392642241178134,0.35019199999999984,50.4189781899019,3.226304,0.3871527713065269,0.5901809999999994,-793121281.2122569,1939669700.0,11.95116,12.210361,12.138582,1,0.021688354937930754
2022-04-25,12.006988,11.95116,11.779689,12.138582,66219200.0,0,1,-0.014834634259248159,-0.039774343963865456,0.004728171468712799,0.029824255012043357,0.015560630059238066,-0.01984126206692473,-0.03898064553010807,-0.023377692133447408,0.00801931406654607,0.009434014006180222,0.02660072555729865,-0.014451567600310087,-0.023791193638683535,-0.010162071824028875,-0.0012845353467867023,-0.44374499999999983,47.38772972148155,3.226304,0.388552287641775,0.40674600000000005,-775462790.9770056,1873450500.0,12.006988,12.597169,12.19441,1,0.049153126496003674
2022-04-26,11.987049,12.006988,11.919258,12.19441,48601500.0,0,1,-0.0016619966527249314,-0.014834634259248159,-0.039774343963865456,0.004728171468712799,0.01548883638263064,0.020149305217575915,-0.01525258690858701,-0.034391970371770254,0.015560630059238066,0.00801931406654607,0.009434014006180222,-0.007333402253525983,-0.014451567600310087,-0.023791193638683535,-0.010162071824028875,-0.5258639999999986,47.0492504634415,3.226304,0.38045226709593394,0.2751520000000003,-800115751.358903,1824849000.0,12.110668,12.597169,12.597169,1,0.04017127709222956
2022-04-27,11.987049,12.110668,11.943185,12.186435,41582300.0,0,1,0.0,-0.0016619966527249314,-0.014834634259248159,-0.039774343963865456,0.006236730822688233,0.014834634259248245,0.019495103094193403,-0.01590678903196943,0.01548883638263064,0.015560630059238066,0.00801931406654607,-0.013925894255985526,-0.007333402253525983,-0.014451567600310087,-0.023791193638683535,-0.4307649999999992,47.0492504634415,3.226304,0.3706521051605101,0.24324999999999974,-826701414.0951822,1824849000.0,12.14257,12.597169,12.597169,1,0.037438450015112146
2022-04-28,12.066804,12.14257,12.062816,12.210361,43123200.0,0,1,0.0066313943359698636,0.0,-0.0016619966527249314,-0.014834634259248159,0.005567393518532455,0.008198136547481093,0.016796039984041087,0.021456508818986256,0.006236730822688233,0.01548883638263064,0.015560630059238066,-0.00658979688342005,-0.013925894255985526,-0.007333402253525983,-0.014451567600310087,-0.3144330000000011,48.747513701093034,3.226304,0.3601278119347594,0.22331199999999995,-867493456.5283384,1867972200.0,12.262201,12.828456,12.597169,1,0.046178903771027624
2022-04-29,12.074779,12.262201,12.074779,12.597169,75905900.0,0,1,0.0006606857793952641,0.0066313943359698636,0.0,-0.0016619966527249314,0.0269506648610071,0.036754646076263,0.0393853891052116,0.04798329254177156,0.005567393518532455,0.006236730822688233,0.01548883638263064,-0.015402544218124562,-0.00658979688342005,-0.013925894255985526,-0.007333402253525983,-0.5698110000000014,48.92391749935396,3.226304,0.37228761108227654,0.5303649999999998,-943399356.5283384,1943878100.0,12.030914,12.96005,12.828456,1,0.07722904510829376
2022-05-02,11.955148,12.030914,11.695947,12.094718,72243800.0,0,1,-0.00995691650263174,0.0006606857793952641,0.0066313943359698636,0.0,0.005289324545230405,-0.013752612941252332,-0.003948631725996341,-0.0013178886970476719,0.0269506648610071,0.005567393518532455,0.006236730822688233,-0.02823713229194944,-0.015402544218124562,-0.00658979688342005,-0.013925894255985526,-0.5144140000000004,46.34693349332325,3.226304,0.37417928171925674,0.398771,-921726270.8781786,1871634300.0,12.010976,13.207288,12.828456,1,0.09960156443572954
2022-05-03,12.062816,12.010976,11.891344,12.118644,52277700.0,0,1,0.008965682622080438,-0.00995691650263174,0.0006606857793952641,0.0066313943359698636,0.008924194791871462,0.00726558936852582,-0.011776348117956812,-0.001972366902700932,0.005289324545230405,0.0269506648610071,0.005567393518532455,-0.010010157922582226,-0.02823713229194944,-0.015402544218124562,-0.00658979688342005,-0.18742199999999976,48.95301611959126,3.226304,0.36368790445359556,0.2272999999999996,-895128812.2824901,1923912000.0,12.202386,13.207288,12.828456,1,0.08235291032425951
2022-05-04,12.788579,12.202386,12.122631,12.828456,108923000.0,0,1,0.05842484378148783,0.008965682622080438,-0.00995691650263174,0.0006606857793952641,0.050034322051885925,0.06584493003752062,0.06418632461417514,0.04514438712769233,0.008924194791871462,0.005289324545230405,0.0269506648610071,-0.006557470096838792,-0.010010157922582226,-0.02823713229194944,-0.015402544218124562,0.16748399999999997,62.26019840661113,3.226304,0.39239876842119586,0.7656399999999994,-798513459.279975,2032835000.0,12.684898,13.207288,12.96005,1,0.04118204182643015
2022-05-05,12.764652,12.684898,12.369869,12.96005,98722000.0,0,1,-0.0018727187174737729,0.05842484378148783,0.008965682622080438,-0.00995691650263174,0.021459396915760806,0.06024004255373185,0.07605065053936674,0.0743920451160212,0.050034322051885925,0.008924194791871462,0.005289324545230405,-0.025148555814725755,-0.006557470096838792,-0.010010157922582226,-0.02823713229194944,0.08374099999999984,61.68924120289324,3.226304,0.40652607067682484,0.5901810000000012,-765161511.3690801,1934113000.0,13.035817,13.522317,13.522317,1,0.03732025388205429
2022-05-06,13.183362,13.035817,12.720788,13.207288,129319100.0,0,1,0.032275791728717036,-0.0018727187174737729,0.05842484378148783,0.008965682622080438,0.013068075613309508,0.040356646415992146,0.0791372920539632,0.09494790003959806,0.021459396915760806,0.050034322051885925,0.008924194791871462,-0.024463217149591487,-0.025148555814725755,-0.006557470096838792,-0.010010157922582226,0.9969270000000012,67.33459174170143,3.226304,0.41223849419990877,0.4864999999999995,-648562200.8309503,2063432100.0,13.039804,13.590108,13.522317,1,0.04220186131632042
2022-05-09,12.824468,13.039804,12.784591,13.175386,91489600.0,0,1,-0.02760067129092332,0.032275791728717036,-0.0018727187174737729,0.05842484378148783,0.010343866200265377,0.010649669082664435,0.037938239885346975,0.07671888552331803,0.013068075613309508,0.021459396915760806,0.050034322051885925,-0.01976590809325996,-0.024463217149591487,-0.025148555814725755,-0.006557470096838792,0.8174799999999998,59.272284010149136,3.226304,0.4112765303284867,0.398771,-721380473.0033174,1971942500.0,12.904222,13.733665,13.09962,1,0.06427687000425131
2022-05-10,12.936124,12.904222,12.840419,13.09962,60233600.0,0,1,0.008668799166335147,-0.02760067129092332,0.032275791728717036,-0.0018727187174737729,0.01502867751010542,0.004576696442090059,0.004882499324488924,0.03217107012717139,0.010343866200265377,0.013068075613309508,0.021459396915760806,-0.004956614514539207,-0.01976590809325996,-0.024463217149591487,-0.025148555814725755,0.9490749999999988,60.84311627117799,3.226304,0.4015533495907377,0.2751520000000003,-737133868.9300311,2032176100.0,13.071706,13.909125,13.522317,1,0.06406348184391542
2022-05-11,13.386735,13.071706,13.035817,13.522317,108539800.0,0,1,0.034240583402702585,0.008668799166335147,-0.02760067129092332,0.032275791728717036,0.03389138462666692,0.04678688702863517,0.03633490596061989,0.03664070884301876,0.01502867751010542,0.010343866200265377,0.013068075613309508,-0.0027493242163517313,-0.004956614514539207,-0.01976590809325996,-0.024463217149591487,1.399685999999999,66.46456337827472,3.226304,0.4147418960485421,0.5861929999999997,-689091677.0023844,2140715900.0,13.263116,14.012805,13.590108,1,0.056524349180087086
2022-05-12,13.490415,13.263116,13.263116,13.590108,114034500.0,0,1,0.007715141991007623,0.034240583402702585,0.008668799166335147,-0.02760067129092332,0.024355225541507184,0.038892128106691105,0.05178763050865937,0.041335649440643975,0.03389138462666692,0.01502867751010542,0.010343866200265377,0.0,-0.0027493242163517313,-0.004956614514539207,-0.01976590809325996,1.423611000000001,67.61653352794094,3.226304,0.40847404633078915,0.3269920000000006,-644590629.8605584,2254750400.0,13.598083,14.012805,13.909125,1,0.03049856365783321
2022-05-13,13.665874,13.598083,13.518329,13.733665,66840400.0,0,1,0.012922343079116614,0.007715141991007623,0.034240583402702585,0.008668799166335147,0.00992129095675026,0.034863168271354224,0.04940007083653817,0.0622955732385065,0.024355225541507184,0.03389138462666692,0.01502867751010542,-0.0058823586226288225,0.0,-0.0027493242163517313,-0.004956614514539207,1.591095000000001,69.5244285011096,3.226304,0.3966723287357327,0.24324999999999974,-619834949.1494833,2321590800.0,13.657899,14.012805,13.909125,1,0.025985402293573934
2022-05-16,13.801456,13.657899,13.562194,13.909125,91889700.0,0,1,0.009872317489904683,0.012922343079116614,0.007715141991007623,0.034240583402702585,0.018227063993270873,0.02261627264701397,0.047558149961618036,0.0620950525268021,0.00992129095675026,0.024355225541507184,0.03389138462666692,-0.007031966744016364,-0.0058823586226288225,0.0,-0.0027493242163517313,1.8463080000000005,70.94874684737952,3.226304,0.3931193766831803,0.34693099999999966,-584980637.2197335,2413480500.0,13.956977,14.012805,13.889186,0,-0.004857140625795897
2022-05-17,13.62201,13.956977,13.614034,14.012805,90432500.0,0,1,-0.01308722691858833,0.009872317489904683,0.012922343079116614,0.007715141991007623,0.0039920278349609385,0.02565351886332091,0.03004272751706391,0.054984604831667984,0.018227063993270873,0.00992129095675026,0.024355225541507184,-0.02487835415478408,-0.007031966744016364,-0.0058823586226288225,0.0,1.5591939999999997,66.51767587903187,3.226304,0.3935230640629532,0.398771,-671795574.1572242,2323048000.0,13.629985,14.479367,13.889186,1,0.06231716322505121
2022-05-18,13.398698,13.629985,13.330907,13.781518,80789700.0,0,1,-0.01652932886843286,-0.01308722691858833,0.009872317489904683,0.012922343079116614,0.011056273975790114,-0.012651107436489586,0.009010383591870223,0.013399592245613273,0.0039920278349609385,0.018227063993270873,0.00992129095675026,-0.022186971307895292,-0.02487835415478408,-0.007031966744016364,-0.0058823586226288225,0.6101189999999992,61.38014058851762,3.226304,0.3976007737727422,0.4506110000000003,-728276881.5405327,2242258300.0,13.366796,14.479367,13.67385,1,0.08323393279885472
2022-05-19,13.625997,13.366796,13.29103,13.67385,63719600.0,0,1,0.01682197412710856,-0.01652932886843286,-0.01308722691858833,0.009872317489904683,0.022711528299794087,0.003213104513608731,-0.020494276898670942,0.0011672141296889442,0.011056273975790114,0.0039920278349609385,0.018227063993270873,-0.005684349804925402,-0.022186971307895292,-0.02487835415478408,-0.007031966744016364,0.861345,64.3945636988543,3.226304,0.3965450042175464,0.3828200000000006,-680487347.9884716,2305977900.0,13.793481,14.479367,14.479367,1,0.04972537389220322
2022-05-20,13.889186,13.793481,13.657899,13.889186,77941500.0,0,1,0.019131039553151288,0.01682197412710856,-0.01652932886843286,-0.01308722691858833,0.006914462490388285,0.03833683032919894,0.018838406543013584,-0.004868974869266031,0.022711528299794087,0.011056273975790114,0.0039920278349609385,-0.009878053668705445,-0.005684349804925402,-0.022186971307895292,-0.02487835415478408,0.7058239999999998,67.5526742148966,3.226304,0.3870195753448646,0.26318900000000056,-602545847.9884716,2383919400.0,14.028756,14.479367,14.479367,1,0.03212052444279445
2022-05-23,14.435502,14.028756,14.016793,14.479367,93807400.0,0,1,0.038580037357620674,0.019131039553151288,0.01682197412710856,-0.01652932886843286,0.031615447491040755,0.04852858128552022,0.07995094912433079,0.06045252533814535,0.006914462490388285,0.022711528299794087,0.011056273975790114,-0.0008531122514703726,-0.009878053668705445,-0.005684349804925402,-0.022186971307895292,1.611034,72.92167716864328,3.226304,0.4015311056773742,0.5901809999999994,-526529597.51697963,2477726800.0,13.864758,14.46912,14.26026,1,0.043589797961132826
2022-05-24,14.042512,13.864758,13.647011,14.26026,153497100.0,0,1,-0.027601289122119902,0.038580037357620674,0.019131039553151288,0.01682197412710856,0.028126422744506257,0.01636742459764121,0.033280558392120525,0.0647029262309312,0.031615447491040755,0.006914462490388285,0.022711528299794087,-0.015829701600893337,-0.0008531122514703726,-0.009878053668705445,-0.005684349804925402,1.1063880000000008,64.63627968644916,3.226304,0.4291710981289904,0.7884910000000005,-482037767.90731037,2324229700.0,14.08695,14.46912,14.344692,1,0.02712936441174274
2022-05-25,14.242484,14.08695,13.891421,14.344692,69817000.0,0,1,0.014140029000725696,-0.027601289122119902,0.038580037357620674,0.019131039553151288,0.018131141406933,0.03402975341254036,0.022270755265675377,0.03918388906015472,0.028126422744506257,0.031615447491040755,0.006914462490388285,-0.01397738155084092,-0.015829701600893337,-0.0008531122514703726,-0.009878053668705445,0.8557489999999994,66.70906833987229,3.226304,0.4308925196912054,0.45327100000000087,-443706814.6034372,2394046700.0,14.229153,14.46912,14.46912,1,0.016864461292952493
2022-05-26,14.278035,14.229153,14.198046,14.46912,78084400.0,0,1,0.002493013427476391,0.014140029000725696,-0.027601289122119902,0.038580037357620674,0.01672383511983538,0.02676788641364251,0.04266649841924993,0.030907500272385008,0.018131141406933,0.028126422744506257,0.031615447491040755,-0.00218853868902832,-0.01397738155084092,-0.015829701600893337,-0.0008531122514703726,0.7876199999999987,67.0785083223276,3.226304,0.4194769111418336,0.2710740000000005,-475708646.2154697,2472131100.0,14.286923,14.286923,13.340386,0,-0.06625198441959823
2022-05-27,13.598128,14.286923,13.584797,14.286923,117499600.0,0,1,-0.04879020619202205,0.002493013427476391,0.014140029000725696,-0.027601289122119902,0.0,0.004051755159637296,0.014095806453444302,0.02999441845905171,0.01672383511983538,0.018131141406933,0.028126422744506257,-0.05039334353867495,-0.00218853868902832,-0.01397738155084092,-0.015829701600893337,-0.06774599999999964,54.59929157217837,3.226304,0.43966613177455977,0.7021259999999998,-588746405.5555309,2354631500.0,13.70478,13.718112,13.224847,0,-0.035019387396222235
2022-05-30,13.327055,13.70478,12.940441,13.718112,97715000.0,0,1,-0.02013595665957687,-0.04879020619202205,0.002493013427476391,0.014140029000725696,0.0009723264089257123,-0.040627639854293233,-0.036575884694656016,-0.026531833400848973,0.0,0.01672383511983538,0.018131141406933,-0.0573873082273601,-0.05039334353867495,-0.00218853868902832,-0.01397738155084092,-0.4744010000000003,50.5606267326838,3.226304,0.4638093366478055,0.7776709999999998,-589304672.155417,2256916500.0,13.513696,13.607016,13.455926,0,-0.004274922271449655
2022-05-31,13.358162,13.513696,13.247066,13.607016,83280400.0,0,1,0.0023314042445322872,-0.02013595665957687,-0.04879020619202205,0.002493013427476391,0.0068818523866043145,-0.007159135016941349,-0.04875910128016048,-0.044707346120523225,0.0009723264089257123,0.0,0.01672383511983538,-0.019927595736941632,-0.0573873082273601,-0.05039334353867495,-0.00218853868902832,-0.2638479999999994,51.00847235958511,3.226304,0.45639081260153364,0.35994999999999955,-621177269.3027985,2340196900.0,13.28706,13.567022,13.527027,1,0.021070274387260834
2022-06-01,13.340386,13.28706,13.264841,13.478145,46022100.0,0,1,-0.0013316081928253299,0.0023314042445322872,-0.02013595665957687,-0.04879020619202205,0.014278855447891231,-0.002634204947892932,-0.016675192351438564,-0.05827515861465769,0.0068818523866043145,0.0009723264089257123,0.0,-0.001673628203595801,-0.019927595736941632,-0.0573873082273601,-0.05039334353867495,-0.05831199999999903,50.72569542216072,3.226304,0.4390274688442811,0.21330399999999905,-634600453.7222185,2294174800.0,13.318167,13.909197,13.527027,1,0.04437772855679012
2022-06-02,13.224847,13.318167,13.131526,13.353718,50251300.0,0,1,-0.008698566921755062,-0.0013316081928253299,0.0023314042445322872,-0.02013595665957687,0.002665804914323929,0.0050042186534652216,-0.011908841742318894,-0.025949829145864585,0.014278855447891231,0.0068818523866043145,0.0009723264089257123,-0.014113139077270359,-0.001673628203595801,-0.019927595736941632,-0.0573873082273601,-0.40114999999999945,48.83084406579446,3.226304,0.4235392210696897,0.2221920000000015,-642640498.8858604,2243923500.0,13.202627,13.909197,13.527027,1,0.05351737953363389
2022-06-03,13.455926,13.202627,13.122638,13.527027,60200400.0,0,1,0.01732219513066858,-0.008698566921755062,-0.0013316081928253299,0.0023314042445322872,0.02427385917009673,0.015560641082902761,0.017899054822043816,0.0009859944262596864,0.002665804914323929,0.014278855447891231,0.0068818523866043145,-0.0060769945651132,-0.014113139077270359,-0.001673628203595801,-0.019927595736941632,-0.43326000000000064,52.641190573766124,3.226304,0.42217134813614043,0.4043890000000001,-603609362.34456,2304123900.0,13.55369,13.909197,13.909197,1,0.026229536015653476
2022-06-06,13.464814,13.55369,13.291504,13.567022,38952200.0,0,1,0.0006603087673619376,0.01732219513066858,-0.008698566921755062,-0.0013316081928253299,0.0009831601083259264,0.027226170140683913,0.01851295205348979,0.020851365792631003,0.02427385917009673,0.002665804914323929,0.014278855447891231,-0.019533800857813352,-0.0060769945651132,-0.014113139077270359,-0.001673628203595801,-0.9706879999999991,52.78681952627318,3.226304,0.411696108983559,0.27551799999999993,-593557099.6089128,2343076100.0,13.415931,13.909197,13.909197,1,0.03676718373104326
2022-06-07,13.624791,13.415931,13.4026,13.909197,79944300.0,0,1,0.011811088404753185,0.0006603087673619376,0.01732219513066858,-0.008698566921755062,0.03610739462097576,0.02589144104064637,0.05213445107300448,0.043421232985810305,0.0009831601083259264,0.02427385917009673,0.002665804914323929,-0.0009941634087256817,-0.019533800857813352,-0.0060769945651132,-0.014113139077270359,-0.41772100000000023,55.44267389011055,3.226304,0.418474744056162,0.5065970000000011,-603375031.0702125,2423020400.0,13.518139,13.842539,13.842539,1,0.02399738603072521
2022-06-08,13.558134,13.518139,13.478145,13.842539,65723800.0,0,1,-0.004904338558545374,0.011811088404753185,0.0006603087673619376,0.01732219513066858,0.023713973909687974,0.031303505726185475,0.021087552145856055,0.04733056217821405,0.03610739462097576,0.0009831601083259264,0.02427385917009673,-0.0029629284725821237,-0.0009941634087256817,-0.019533800857813352,-0.0060769945651132,-0.6843499999999985,54.07767619250191,3.226304,0.4146118337664362,0.3643940000000008,-640244453.4558716,2357296600.0,13.558134,13.624791,13.153745,0,-0.029826302056020437
2022-06-09,13.362605,13.558134,13.322611,13.624791,53700900.0,0,1,-0.014526528292240964,-0.004904338558545374,0.011811088404753185,0.0006603087673619376,0.004904338558545354,0.007858587770637701,0.015448119587135234,0.005232166006805669,0.023713973909687974,0.03610739462097576,0.0009831601083259264,-0.017523995499916453,-0.0029629284725821237,-0.0009941634087256817,-0.019533800857813352,-0.9154299999999989,50.175310881637735,3.226304,0.40658098849740504,0.3021799999999999,-679730555.6889776,2303595700.0,13.335942,13.442594,12.922666,0,-0.030989636877544857
2022-06-10,13.175964,13.335942,12.913778,13.335942,62632100.0,0,1,-0.01406587350016004,-0.014526528292240964,-0.004904338558545374,0.011811088404753185,0.0,-0.0165238661147092,-0.013569616902616929,-0.0059800850861193135,0.004904338558545354,0.023713973909687974,0.03610739462097576,-0.032167992898157624,-0.017523995499916453,-0.0029629284725821237,-0.0009941634087256817,-0.42216400000000043,46.71031105124125,3.226304,0.4095985607475904,0.44882699999999964,-664567013.3765112,2240963600.0,12.896003,13.442594,13.144858,1,0.042384527981266684
2022-06-13,13.007099,12.896003,12.740469,13.144858,64360500.0,0,1,-0.01289897529230101,-0.01406587350016004,-0.014526528292240964,-0.004904338558545374,0.01911323714244298,-0.014432140771900059,-0.030956006886609204,-0.02800175767451696,0.0,0.004904338558545354,0.023713973909687974,-0.012133955741276696,-0.032167992898157624,-0.017523995499916453,-0.0029629284725821237,-0.31995599999999946,43.76546899060605,3.226304,0.41144830640847685,0.4354950000000013,-644056559.3446257,2176603100.0,13.180408,13.442594,13.442594,1,0.0198921004569812
2022-06-14,13.153745,13.180408,12.993767,13.442594,68566500.0,0,1,0.011211223614206439,-0.01289897529230101,-0.01406587350016004,-0.014526528292240964,0.01969683783496727,0.041510904029613396,0.007965526115270538,-0.008558339999438749,0.01911323714244298,0.0,0.004904338558545354,-0.014261703644525968,-0.012133955741276696,-0.032167992898157624,-0.017523995499916453,-0.2044169999999994,46.89650194467121,3.226304,0.41411821309358565,0.44882699999999964,-663743952.0850354,2245169600.0,13.331499,13.340386,12.029455,0,-0.09766673650127422
2022-06-15,12.922666,13.331499,12.816014,13.340386,72192000.0,0,1,-0.017723685135955496,0.011211223614206439,-0.01289897529230101,-0.01406587350016004,0.0006663946195687335,0.012064491011922649,0.03387855720656872,0.0003331792922258656,0.01969683783496727,0.01911323714244298,0.0,-0.039434098271592256,-0.014261703644525968,-0.012133955741276696,-0.032167992898157624,-0.417720000000001,42.848036576522176,3.226304,0.4219934835869011,0.5243720000000014,-706569696.1293398,2172977600.0,12.518277,12.642704,11.993905,0,-0.04188851229286583
2022-06-17,12.136107,12.518277,11.611735,12.642704,183265500.0,0,1,-0.06279776506618279,-0.017723685135955496,0.011211223614206439,-0.01289897529230101,0.009890553497686414,-0.05304929109066095,-0.041651194698307165,-0.019837128503661077,0.0006663946195687335,0.01969683783496727,0.01911323714244298,-0.07517351171062381,-0.039434098271592256,-0.014261703644525968,-0.012133955741276696,-1.0887399999999996,32.548161633126114,3.226304,0.485489020473551,1.310931,-703410004.3612068,1989712100.0,11.562853,12.553828,12.553828,1,0.08570332944646086
2022-06-20,12.273866,11.562853,11.513971,12.553828,92328100.0,0,1,0.01128722777002835,-0.06279776506618279,-0.017723685135955496,0.011211223614206439,0.08222800688674223,0.002835902595821943,-0.06010394199252541,-0.04870584560017153,0.009890553497686414,0.0006663946195687335,0.01969683783496727,-0.004236464524724579,-0.07517351171062381,-0.039434098271592256,-0.014261703644525968,-1.1820599999999999,35.47373448142957,3.226304,0.5250867332968687,1.0398569999999996,-660797123.9196652,2082040200.0,12.353855,12.513833,11.682837,0,-0.054316486635143435
2022-06-21,12.029455,12.353855,11.86059,12.513833,84684300.0,0,1,-0.02011406096875413,0.01128722777002835,-0.06279776506618279,-0.017723685135955496,0.012866512317960408,0.07903704033133506,-0.0003550639595853405,-0.06329490854793257,0.08222800688674223,0.009890553497686414,0.0006663946195687335,-0.040747020734485405,-0.004236464524724579,-0.07517351171062381,-0.039434098271592256,-1.435359,32.758966214985755,3.226304,0.5342407523470923,0.6532429999999998,-701699204.0734518,1997355900.0,11.811708,12.473839,12.242759,1,0.056057176489632266
2022-06-22,11.993905,11.811708,11.727275,12.242759,57649700.0,0,1,-0.0029596214642413775,-0.02011406096875413,0.01128722777002835,-0.06279776506618279,0.03584341722721233,-0.009033499935391494,0.057137028077983064,-0.022255076212937187,0.012866512317960408,0.08222800688674223,0.009890553497686414,-0.0071739175912889286,-0.040747020734485405,-0.004236464524724579,-0.07517351171062381,-1.6308860000000003,32.370919130980376,3.226304,0.5329009843222999,0.5154839999999989,-699711206.2554787,1939706200.0,11.989461,12.81157,12.473839,1,0.06856930432485653
2022-06-23,11.771713,11.989461,11.607291,12.167214,68918000.0,0,1,-0.018699153898409045,-0.0029596214642413775,-0.02011406096875413,0.01128722777002835,0.014716943309337186,0.029653714256831182,-0.015223202905772708,0.05094732510760198,0.03584341722721233,0.012866512317960408,0.08222800688674223,-0.03239457875050616,-0.0071739175912889286,-0.040747020734485405,-0.004236464524724579,-1.7864210000000007,29.98053798659947,3.226304,0.5348311282992785,0.5599229999999995,-728153514.4335674,1870788200.0,11.891697,12.81157,12.473839,1,0.0773542245484391
2022-06-24,11.682837,11.891697,11.633954,12.038343,53087400.0,0,1,-0.007578608447795038,-0.018699153898409045,-0.0029596214642413775,-0.02011406096875413,0.012256380327401523,0.004068791924309693,0.019005562871803872,-0.0258713542908001,0.014716943309337186,0.03584341722721233,0.012866512317960408,-0.021912533944812466,-0.03239457875050616,-0.0071739175912889286,-0.040747020734485405,-1.679768000000001,29.056280641559994,3.226304,0.5255138334207586,0.4043890000000001,-768406384.4428902,1817700800.0,11.91836,12.81157,12.473839,1,0.0749440359244058
2022-06-27,12.433844,11.91836,11.847258,12.473839,90057300.0,0,1,0.06230126778250639,-0.007578608447795038,-0.018699153898409045,-0.0029596214642413775,0.045553502895342365,0.04779314567697292,0.039605557273881105,0.05454232822137531,0.012256380327401523,0.014716943309337186,0.03584341722721233,-0.005983619878330434,-0.021912533944812466,-0.03239457875050616,-0.0071739175912889286,-0.7421199999999999,44.598671767486394,3.226304,0.5444772738907045,0.7910020000000006,-689845895.5926057,1907758100.0,12.700474,12.820458,12.678255,0,-0.001749462264164281
2022-06-28,12.589378,12.700474,12.45162,12.81157,51241400.0,0,1,0.012431333022433625,0.06230126778250639,-0.007578608447795038,-0.018699153898409045,0.008709353295616555,0.07226860061927393,0.0745082434009045,0.06632065499781263,0.045553502895342365,0.012256380327401523,0.014716943309337186,-0.019788580675002877,-0.005983619878330434,-0.021912533944812466,-0.03239457875050616,-0.41772100000000023,47.179575508398536,3.226304,0.532566468612797,0.3777259999999991,-701865666.0262771,1958999500.0,12.656036,13.011543,13.011543,1,0.028089916937657167
2022-06-29,12.478283,12.656036,12.371631,12.807126,51269100.0,0,1,-0.008863669198642916,0.012431333022433625,0.06230126778250639,-0.007578608447795038,0.01186747924329526,0.00836241916246821,0.07192166648612565,0.07416130926775631,0.008709353295616555,0.045553502895342365,0.012256380327401523,-0.02272822655606896,-0.019788580675002877,-0.005983619878330434,-0.021912533944812466,-0.6754620000000013,45.54739194602894,3.226304,0.5256327922833115,0.4354949999999995,-728023331.6667554,1907730400.0,12.287198,13.011543,12.820458,1,0.05895119456852571
2022-06-30,12.411625,12.287198,12.176102,12.469395,49620500.0,0,1,-0.005356239915730949,-0.008863669198642916,0.012431333022433625,0.06230126778250639,0.014719334727275424,-0.014857013446354726,-0.01836207352718172,0.0451971737964756,0.01186747924329526,0.008709353295616555,0.045553502895342365,-0.009082729128664232,-0.02272822655606896,-0.019788580675002877,-0.005983619878330434,-0.5110409999999987,44.55148310912438,3.226304,0.5096719499773606,0.30218099999999914,-697950357.758411,1858109900.0,12.478283,13.011543,12.820458,1,0.042735046159796175
2022-07-01,12.678255,12.478283,12.229428,12.820458,64804500.0,0,1,0.021254787809951704,-0.005356239915730949,-0.008863669198642916,0.012431333022433625,0.02705240293534082,0.042484268935148735,0.01290792076151867,0.009402860680691552,0.014719334727275424,0.01186747924329526,0.008709353295616555,-0.0201445949798649,-0.009082729128664232,-0.02272822655606896,-0.019788580675002877,0.5421479999999992,49.32452571315212,3.226304,0.515483239264692,0.5910299999999999,-664330042.3632535,1922914400.0,12.682699,13.011543,13.011543,1,0.025928550381902227
2022-07-04,12.949329,12.682699,12.682699,13.011543,37136300.0,0,1,0.02115565088902228,0.021254787809951704,-0.005356239915730949,-0.008863669198642916,0.02559810531967584,0.04184711321989513,0.05727897921970317,0.02770263104607296,0.02705240293534082,0.014719334727275424,0.01186747924329526,0.0,-0.0201445949798649,-0.009082729128664232,-0.02272822655606896,0.6754630000000006,53.689194074010196,3.226304,0.5024692936029282,0.3332879999999996,-641245376.3793825,1960050700.0,12.842677,12.873784,12.798239,0,-0.0034601820165686137
2022-07-05,12.456063,12.842677,12.242759,12.864896,78211900.0,0,1,-0.0388364798089309,0.02115565088902228,0.021254787809951704,-0.005356239915730949,0.0017285961247770999,0.014263580504052452,0.030512588404271783,0.04594445440407977,0.02559810531967584,0.02705240293534082,0.014719334727275424,-0.047839105447323234,0.0,-0.0201445949798649,-0.009082729128664232,0.4266079999999999,45.935939685609306,3.226304,0.5170479154884334,0.706570000000001,-665826287.9713628,1881838800.0,12.513833,12.873784,12.851565,1,0.028764248332225684
2022-07-06,12.296085,12.513833,11.958354,12.656036,57181300.0,0,1,-0.012926573292797163,-0.0388364798089309,0.02115565088902228,0.021254787809951704,0.011299583088298822,-0.014639510105672361,-0.002104525726397216,0.014144482173822122,0.0017285961247770999,0.02559810531967584,0.02705240293534082,-0.045404558800407065,-0.047839105447323234,0.0,-0.0201445949798649,0.3021799999999999,43.730257437231415,3.226304,0.5299503500964026,0.6976820000000004,-667647416.3450346,1824657500.0,12.442732,12.873784,12.851565,1,0.03464287424980306
2022-07-07,12.656036,12.442732,12.442732,12.851565,52037300.0,0,1,0.028853336492306956,-0.012926573292797163,-0.0388364798089309,0.02115565088902228,0.03232891646142516,0.026630921375125884,0.0006918281811546371,0.013226812560429709,0.011299583088298822,0.0017285961247770999,0.02559810531967584,0.0,-0.045404558800407065,-0.047839105447323234,0.0,0.8843230000000002,49.59479210700749,3.226304,0.5317738965180882,0.5554800000000011,-665384969.3128723,1876694800.0,12.678255,12.873784,12.873784,1,0.015422390541916187
2022-07-08,12.798239,12.678255,12.607154,12.873784,42801300.0,0,1,0.011173327813948543,0.028853336492306956,-0.012926573292797163,-0.0388364798089309,0.015304674245213801,0.0340563181402105,0.028358323053911304,0.0024192298599399363,0.03232891646142516,0.011299583088298822,0.0017285961247770999,-0.005623890631889853,0.0,-0.045404558800407065,-0.047839105447323234,1.1154020000000013,51.734929392040016,3.226304,0.5128350467667963,0.26663000000000103,-646837685.8038898,1919496100.0,12.584935,12.793795,12.793795,1,0.016596033273115873
2022-07-11,12.736025,12.584935,12.553828,12.793795,39392200.0,0,1,-0.004872991296034079,0.011173327813948543,0.028853336492306956,-0.012926573292797163,0.01645982406861202,0.009071966521445776,0.027823610416442688,0.02212561533014338,0.015304674245213801,0.03232891646142516,0.011299583088298822,-0.002474824706124296,-0.005623890631889853,0.0,-0.045404558800407065,0.30218099999999914,50.72028935554213,3.226304,0.49366190056916803,0.24441100000000127,-626412155.3376172,1880103900.0,12.576047,12.656036,12.424957,0,-0.012014109043962828
2022-07-12,12.54494,12.576047,12.4294,12.633817,46309700.0,0,1,-0.015117195014835806,-0.004872991296034079,0.011173327813948543,0.028853336492306956,0.004583134690621924,0.0038766439527256843,-0.003511213594440533,0.015240430300556267,0.01645982406861202,0.015304674245213801,0.03232891646142516,-0.011729338913407345,-0.002474824706124296,-0.005623890631889853,0.0,-0.04443799999999953,47.63044950786693,3.226304,0.4803021219570846,0.30662500000000037,-620371779.3850299,1833794200.0,12.500502,12.749356,12.749356,1,0.019907520513976262
2022-07-13,12.553828,12.500502,12.433844,12.656036,35313200.0,0,1,0.0007082419640295825,-0.015117195014835806,-0.004872991296034079,0.011173327813948543,0.012365452020020387,0.006340282564663751,0.005633791826767383,-0.0017540657203986272,0.004583134690621924,0.01645982406861202,0.015304674245213801,-0.00534669397759234,-0.011729338913407345,-0.002474824706124296,-0.005623890631889853,0.07554499999999997,47.789770126899825,3.226304,0.4618656846744357,0.22219199999999972,-617546621.6691809,1869107400.0,12.442732,12.993767,12.749356,1,0.04428569224186463
2022-07-14,12.216096,12.442732,12.105001,12.442732,46879200.0,0,1,-0.02727121255737081,0.0007082419640295825,-0.015117195014835806,-0.004872991296034079,0.0,-0.004632126154577761,-0.010657295609934453,-0.011363786347830715,0.012365452020020387,0.004583134690621924,0.01645982406861202,-0.02751800434677654,-0.00534669397759234,-0.011729338913407345,-0.002474824706124296,-0.1955290000000005,42.498937090796076,3.226304,0.4609343500548331,0.44882699999999964,-633584443.6257082,1822228200.0,12.309417,12.993767,12.749356,1,0.05559564681251761
2022-07-15,12.424957,12.309417,12.216096,12.464951,37779100.0,0,1,0.016952684780494217,-0.02727121255737081,0.0007082419640295825,-0.015117195014835806,0.012556206756151976,0.0017841086136891576,-0.0028480175408885818,-0.008873186996245265,0.0,0.012365452020020387,0.004583134690621924,-0.007610152773201608,-0.02751800434677654,-0.00534669397759234,-0.011729338913407345,-0.2532980000000009,46.44749684888076,3.226304,0.44578582505091635,0.24885499999999894,-607948457.6913289,1860007300.0,12.616041,12.993767,12.993767,1,0.029940137322001403
2022-07-18,12.709362,12.616041,12.576047,12.749356,46613800.0,0,1,0.022631776033834726,0.016952684780494217,-0.02727121255737081,0.0007082419640295825,0.010511661027922833,0.03511618132002683,0.02434408317756412,0.019711957022986355,0.012556206756151976,0.0,0.012365452020020387,-0.00317512653970675,-0.007610152773201608,-0.02751800434677654,-0.00534669397759234,-0.23996700000000004,51.34684608916169,3.226304,0.43711533754727955,0.32439900000000144,-582848512.3347692,1906621100.0,12.687143,13.095975,12.993767,1,0.032224118542685254
2022-07-19,12.967104,12.687143,12.620485,12.993767,48223700.0,0,1,0.020076801648007094,0.022631776033834726,0.016952684780494217,-0.02727121255737081,0.023880662469545833,0.02950068144771078,0.05410520173981476,0.04333310359735205,0.010511661027922833,0.012556206756151976,0.0,-0.00526783103867325,-0.00317512653970675,-0.007610152773201608,-0.02751800434677654,0.5110410000000005,55.33488788915807,3.226304,0.43255581343675953,0.37328199999999967,-541513912.334769,1954844800.0,12.918222,13.664786,13.664786,1,0.057791544378166027
2022-07-20,12.96266,12.918222,12.81157,12.98488,43384300.0,0,1,-0.0003427721165153896,0.020076801648007094,0.022631776033834726,0.016952684780494217,0.005146730854167172,0.023196485164494778,0.02881650414265977,0.05342102443476382,0.023880662469545833,0.010511661027922833,0.012556206756151976,-0.008290203887092307,-0.00526783103867325,-0.00317512653970675,-0.007610152773201608,0.6665749999999999,55.25079470990452,3.226304,0.4140382553341339,0.17331000000000074,-509254176.94154334,1911460500.0,12.878228,14.051399,13.095975,1,0.09109723791192392
2022-07-21,12.896003,12.878228,12.531609,12.944885,58683600.0,0,1,-0.0051554983829243525,-0.0003427721165153896,0.020076801648007094,0.022631776033834726,0.005162595853360573,0.0020618566397245463,0.020111610950052383,0.0257316299282174,0.005146730854167172,0.023880662469545833,0.010511661027922833,-0.027283961096246392,-0.008290203887092307,-0.00526783103867325,-0.00317512653970675,0.23996700000000004,53.92698883182489,3.226304,0.4152534513816958,0.4310510000000001,-464452688.3402209,1852776900.0,12.904891,14.051399,13.664786,1,0.08884290460105393
2022-07-22,13.033762,12.904891,12.820458,13.095975,55554500.0,0,1,0.010625649413402348,-0.0051554983829243525,-0.0003427721165153896,0.020076801648007094,0.014698544290892282,0.016766797515386,0.013666058301749934,0.03171581261207786,0.005162595853360573,0.005146730854167172,0.023880662469545833,-0.006564210512874927,-0.027283961096246392,-0.008290203887092307,-0.00526783103867325,0.23552299999999882,56.25952390665483,3.226304,0.40527227628300316,0.2755169999999989,-433987109.2307649,1908331400.0,13.158189,14.500227,13.664786,1,0.10199260703733626
2022-07-25,13.642567,13.158189,13.158189,13.664786,78678100.0,0,1,0.045651763381597425,0.010625649413402348,-0.0051554983829243525,-0.0003427721165153896,0.03777785636527376,0.05721577201473116,0.059284025239224984,0.056183286025589016,0.014698544290892282,0.005162595853360573,0.005146730854167172,0.0,-0.006564210512874927,-0.027283961096246392,-0.008290203887092307,0.906542,64.7523883643787,3.226304,0.4213973994056458,0.631024,-362210545.18103695,1987009500.0,13.864758,15.402325,14.500227,1,0.11089749997800169
2022-07-26,13.780326,13.864758,13.593685,14.051399,78129900.0,0,1,0.010047091590761507,0.045651763381597425,0.010625649413402348,-0.0051554983829243525,0.013371738881931718,0.06567766133069844,0.08511557698015565,0.08718383020464951,0.03777785636527376,0.014698544290892282,0.005162595853360573,-0.019744878226171925,0.0,-0.006564210512874927,-0.027283961096246392,1.235386,66.34477890663962,3.226304,0.4239914423052425,0.4577139999999993,-376622740.82460475,2065139400.0,13.909197,15.402325,14.500227,1,0.10734825310188634
2022-07-27,13.931416,13.909197,13.607016,13.984742,55889500.0,0,1,0.010904510958016696,0.010047091590761507,0.045651763381597425,0.010625649413402348,0.005416602130289414,0.008616653251743824,0.06092257570051047,0.08036049134996778,0.013371738881931718,0.03777785636527376,0.014698544290892282,-0.021964733942563076,-0.019744878226171925,0.0,-0.006564210512874927,1.3775880000000011,68.04966636271016,3.226304,0.4206867678548681,0.3777260000000009,-336513798.56751895,2121028900.0,14.038068,15.402325,14.500227,1,0.0971826749948781
2022-07-28,14.349136,14.038068,13.966967,14.500227,113619900.0,0,1,0.02954329759546199,0.010904510958016696,0.010047091590761507,0.045651763381597425,0.032391522185032946,0.0416140284604451,0.044814079581899514,0.09712000203066616,0.005416602130289414,0.013371738881931718,0.03777785636527376,-0.00507774068263275,-0.021964733942563076,-0.019744878226171925,0.0,2.1330399999999994,72.23705300148049,3.226304,0.43126707015094895,0.5688110000000002,-287278792.65633154,2234648800.0,14.931278,15.402325,15.402325,1,0.03154766792233055
2022-07-29,15.175689,14.931278,14.589103,15.402325,180757200.0,0,1,0.05600500820547245,0.02954329759546199,0.010904510958016696,0.010047091590761507,0.031060264698286107,0.09274568975875737,0.1019681960341696,0.1051682471556239,0.032391522185032946,0.005416602130289414,0.013371738881931718,-0.023183327173219775,-0.00507774068263275,-0.021964733942563076,-0.019744878226171925,2.750732000000001,78.29796791449397,3.226304,0.4756900651401669,1.0531889999999997,-207271667.7384121,2415406000.0,15.109032,15.331223,15.202352,0,0.006176438040504495
2022-08-01,14.966829,15.109032,14.762413,15.175689,81093900.0,0,1,-0.013858387192785765,0.05600500820547245,0.02954329759546199,0.010904510958016696,0.004402028840821884,0.016236532187390747,0.07792195724786197,0.08714446352327432,0.031060264698286107,0.032391522185032946,0.005416602130289414,-0.0232084225030474,-0.023183327173219775,-0.00507774068263275,-0.021964733942563076,2.257467,73.90731317158571,3.226304,0.47123191763015493,0.41327599999999975,-208143678.9164141,2334312100.0,15.006823,15.580078,15.331223,1,0.03819962426424306
2022-08-02,15.033486,15.006823,14.877952,15.331223,68730600.0,0,1,0.004443760653157118,-0.013858387192785765,0.05600500820547245,0.02954329759546199,0.02138650356587016,0.014598757215856404,0.02643326056242514,0.08811868562289646,0.004402028840821884,0.031060264698286107,0.032391522185032946,-0.008624578824535729,-0.0232084225030474,-0.023183327173219775,-0.00507774068263275,2.066381999999999,74.40069387993708,3.226304,0.46994899494228665,0.4532709999999991,-229706270.6370405,2403042700.0,15.113475,16.339973,15.580078,1,0.08115261380986172
2022-08-03,15.055706,15.113475,14.913503,15.180133,65496700.0,0,1,0.0014769425539344274,0.004443760653157118,-0.013858387192785765,0.05600500820547245,0.004400803468561254,0.011482569109033537,0.004694822759019796,0.0165293261055886,0.02138650356587016,0.004402028840821884,0.031060264698286107,-0.013319685815721766,-0.008624578824535729,-0.0232084225030474,-0.023183327173219775,2.093046000000001,74.57329216233714,3.226304,0.4554262095892661,0.26662999999999926,-225339660.2061059,2468539400.0,15.144582,16.646598,15.580078,1,0.09917843886348265
2022-08-04,15.202352,15.144582,14.922391,15.286785,53950400.0,0,1,0.009693097170289086,0.0014769425539344274,0.004443760653157118,-0.013858387192785765,0.009345885452033204,0.011401999693540015,0.018483765334012185,0.011696018983998404,0.004400803468561254,0.02138650356587016,0.004402028840821884,-0.014780007602481694,-0.013319685815721766,-0.008624578824535729,-0.0232084225030474,2.306348999999999,75.73602790726285,3.226304,0.4489239089043186,0.3643940000000008,-196390737.30616805,2522489800.0,15.175689,16.731031,15.580078,1,0.10248905338004755
2022-08-05,15.495645,15.175689,15.162358,15.580078,77557900.0,0,1,0.019108863980608848,0.009693097170289086,0.0014769425539344274,0.004443760653157118,0.0262983073093245,0.02835020261818134,0.030406316859688018,0.03748808250016042,0.009345885452033204,0.004400803468561254,0.02138650356587016,-0.000878830523138808,-0.014780007602481694,-0.013319685815721766,-0.008624578824535729,2.4618830000000003,77.91159010346279,3.226304,0.4466950582682959,0.417720000000001,-150186117.832358,2600047700.0,15.615629,16.824351,16.339973,1,0.07740463096299233
2022-08-08,16.27776,15.615629,15.611185,16.339973,109005600.0,0,1,0.049240742265701284,0.019108863980608848,0.009693097170289086,0.0014769425539344274,0.04534216533961853,0.07391969750447995,0.07597159281333675,0.07802770705484334,0.0262983073093245,0.009345885452033204,0.004400803468561254,-0.0002846271816267879,-0.000878830523138808,-0.014780007602481694,-0.013319685815721766,2.635193000000001,82.43454792788543,3.226304,0.47509741124913196,0.8443280000000009,-59791047.623737626,2709053300.0,16.446625,17.370629,16.731031,1,0.05618198262561469
2022-08-09,16.54439,16.446625,16.375524,16.646598,78064000.0,0,1,0.01624731257899956,0.049240742265701284,0.019108863980608848,0.009693097170289086,0.012085582236604895,0.06393359952097766,0.09251113168583909,0.09456302699469586,0.04534216533961853,0.0262983073093245,0.009345885452033204,-0.004332507979138547,-0.0002846271816267879,-0.000878830523138808,-0.014780007602481694,2.7640639999999994,83.66272447341339,3.226304,0.46750745330276544,0.3688380000000002,-40594849.86224083,2787117300.0,16.731031,17.588922,17.370629,1,0.05127544142378304
2022-08-10,16.491064,16.731031,16.268872,16.731031,77379500.0,0,1,-0.003228413105296866,0.01624731257899956,0.049240742265701284,0.019108863980608848,0.0,0.017144849933351677,0.06899286721772449,0.09757039938258573,0.012085582236604895,0.04534216533961853,0.0262983073093245,-0.028011550149625964,-0.004332507979138547,-0.0002846271816267879,-0.000878830523138808,2.559648000000001,82.42148217422624,3.226304,0.46712542092399645,0.46215899999999976,-43570926.52092329,2709737800.0,16.642154,17.588922,17.370629,1,0.05688975117043138
2022-08-11,16.108894,16.642154,16.108894,16.824351,127296200.0,0,1,-0.023447116622233585,-0.003228413105296866,0.01624731257899956,0.049240742265701284,0.010888427104657561,0.005562162313733236,0.022707012247085046,0.0745550295314578,0.0,0.012085582236604895,0.04534216533961853,-0.0325673323092876,-0.028011550149625964,-0.004332507979138547,-0.0002846271816267879,1.7597579999999997,73.95340152415687,3.226304,0.4848633908579968,0.7154570000000007,-170867126.5209233,2582441600.0,15.880782,17.910903,17.370629,1,0.12783507764290203
2022-08-12,17.305141,15.880782,15.869868,17.370629,170411400.0,0,1,0.07163208316663155,-0.023447116622233585,-0.003228413105296866,0.01624731257899956,0.08967109251788695,0.0428419173260156,0.03751565253509146,0.054660502468443,0.010888427104657561,0.0,0.012085582236604895,-0.0006874820156348442,-0.0325673323092876,-0.028011550149625964,-0.004332507979138547,2.129451999999999,80.65366890747337,3.226304,0.5574275057967114,1.5007610000000007,-15328050.312919933,2752853000.0,16.852184,18.369317,17.588922,1,0.0900258981269133
2022-08-15,17.310599,16.852184,16.672093,17.588922,96422800.0,0,1,0.00031534787615300583,0.07163208316663155,-0.023447116622233585,-0.003228413105296866,0.04278900940806051,0.10215957311153352,0.05533039791966215,0.05000413312873783,0.08967109251788695,0.010888427104657561,0.0,-0.010744018872124485,-0.0006874820156348442,-0.0325673323092876,-0.028011550149625964,2.3437699999999992,80.67809131631984,3.226304,0.5830990410969462,0.9168289999999999,22552354.181702215,2849275800.0,17.310599,18.369317,17.910903,1,0.061160101969897074
2022-08-16,17.468861,17.310599,17.190538,17.501605,64015000.0,0,1,0.009100951674731045,0.00031534787615300583,0.07163208316663155,-0.023447116622233585,0.010973618145295527,0.03781232836719074,0.09718289207066375,0.050353716878792504,0.04278900940806051,0.08967109251788695,0.010888427104657561,-0.006959856693528434,-0.010744018872124485,-0.0006874820156348442,-0.0325673323092876,2.4353750000000005,81.4108763638948,3.226304,0.5636681810185931,0.3110670000000013,73090468.75187485,2913290800.0,17.272397,18.369317,17.910903,1,0.06350710905961665
2022-08-17,17.878159,17.272397,17.245111,17.910903,72587900.0,0,1,0.02315987569925335,0.009100951674731045,0.00031534787615300583,0.07163208316663155,0.036299955435431984,0.034090660697717094,0.06092937091961256,0.12029993462308547,0.010973618145295527,0.04278900940806051,0.08967109251788695,-0.0015809951102814606,-0.006959856693528434,-0.010744018872124485,-0.0006874820156348442,2.8224529999999994,83.18680118950813,3.226304,0.570962739517265,0.6657919999999997,138538546.71255904,2985878700.0,18.063708,18.369317,18.369317,1,0.016918397928044504
2022-08-18,18.238342,18.063708,17.93819,18.369317,84063000.0,0,1,0.019946281153428898,0.02315987569925335,0.009100951674731045,0.00031534787615300583,0.016776875821658696,0.06157204022407508,0.05936274548636027,0.0862014557082557,0.036299955435431984,0.010973618145295527,0.04278900940806051,-0.0069728828501286685,-0.0015809951102814606,-0.006959856693528434,-0.010744018872124485,3.03599,84.58266557672508,3.226304,0.5652624009803173,0.49115799999999865,171525407.08316934,3069941700.0,17.965476,18.620354,18.282,1,0.03645202609716547
2022-08-19,17.316056,17.965476,17.097763,18.090994,124266100.0,0,1,-0.05189191781406388,0.019946281153428898,0.02315987569925335,0.009100951674731045,0.006962329203598831,0.0015094028533532565,0.04630456725576962,0.04409527251805488,0.016776875821658696,0.036299955435431984,0.010973618145295527,-0.04950427994119565,-0.0069728828501286685,-0.0015809951102814606,-0.006959856693528434,1.820411,68.82575850576164,3.226304,0.6063564437674375,1.140578999999999,101881886.86028051,2945675600.0,17.321513,18.751329,17.779928,1,0.08254567600416896
2022-08-22,17.687153,17.321513,16.633892,17.779928,92049700.0,0,1,0.02120439325871634,-0.05189191781406388,0.019946281153428898,0.02315987569925335,0.026120925606541848,-0.010381735595099202,-0.015834661945344844,0.02896050245707162,0.006962329203598831,0.016776875821658696,0.036299955435431984,-0.040506954277528914,-0.04950427994119565,-0.0069728828501286685,-0.0015809951102814606,1.409392999999998,71.15426635244123,3.226304,0.6449049834983349,1.1460360000000023,179028196.53484523,3037725300.0,17.807214,18.751329,18.282,1,0.05301868108060037
2022-08-23,18.249257,17.807214,17.801757,18.282,72903200.0,0,1,0.0312858100345088,0.02120439325871634,-0.05189191781406388,0.019946281153428898,0.026313313138832034,0.053967714254422684,0.017465053052781645,0.012012126702536055,0.026120925606541848,0.006962329203598831,0.016776875821658696,-0.00030649580088784573,-0.040506954277528914,-0.04950427994119565,-0.0069728828501286685,1.7048670000000001,74.28716078040678,3.226304,0.6413294132484539,0.5948470000000015,241990306.3883986,3110628500.0,18.30383,19.144256,18.620354,1,0.045915308435447555
2022-08-24,18.358403,18.30383,18.145568,18.620354,60670300.0,0,1,0.005963031967371024,0.0312858100345088,0.02120439325871634,-0.05189191781406388,0.01714495591660614,0.04465162739065613,0.0723060285062467,0.03580336730460579,0.026313313138832034,0.026120925606541848,0.006962329203598831,-0.008683984002388703,-0.00030649580088784573,-0.040506954277528914,-0.04950427994119565,1.8673389999999976,74.85816198833851,3.226304,0.6294334551592785,0.47478599999999815,235714042.01918784,3171298800.0,18.609439,19.144256,19.144256,1,0.02873901787152211
2022-08-25,18.16194,18.609439,17.829043,18.751329,99214200.0,0,1,-0.010759203177080286,0.005963031967371024,0.0312858100345088,0.02120439325871634,0.0075957047880525815,0.024154302337706275,0.051660973811756314,0.07931537492734696,0.01714495591660614,0.026313313138832034,0.026120925606541848,-0.042840168265775455,-0.008683984002388703,-0.00030649580088784573,-0.040506954277528914,2.053046000000002,71.7687215054154,3.226304,0.6503514940764729,0.9222859999999997,208122114.36724532,3072084600.0,18.16194,19.144256,19.144256,1,0.054086512784427
2022-08-26,18.358403,18.16194,17.77447,18.374775,63335100.0,0,1,0.01075920317708034,-0.010759203177080286,0.005963031967371024,0.0312858100345088,0.011650604464716928,-0.012690124990526762,0.00386847255912689,0.03137514403317686,0.0075957047880525815,0.01714495591660614,0.026313313138832034,-0.021565037575421584,-0.042840168265775455,-0.008683984002388703,-0.00030649580088784573,1.0532620000000001,72.97007336197511,3.226304,0.6467767444995819,0.6003049999999988,268002562.95771173,3135419700.0,18.309287,19.144256,19.144256,1,0.045603578118579735
2022-08-29,18.816817,18.309287,18.254714,19.144256,72914500.0,0,1,0.024663592428436344,0.01075920317708034,-0.010759203177080286,0.005963031967371024,0.04459430539411219,0.05267452719138836,0.0283337977361446,0.04489239528579825,0.011650604464716928,0.0075957047880525815,0.01714495591660614,-0.0029850694142228343,-0.021565037575421584,-0.042840168265775455,-0.008683984002388703,1.5062180000000005,75.58118829271682,3.226304,0.6641171198924688,0.8895419999999987,287237639.2419121,3208334200.0,18.554866,18.865933,18.865933,1,0.016764712825196204
2022-08-30,17.698068,18.554866,17.610751,18.674927,98286300.0,0,1,-0.06129551018693316,0.024663592428436344,0.01075920317708034,-0.010759203177080286,0.006449749328654025,0.019773404583499816,0.02785362638077596,0.003512896925532249,0.04459430539411219,0.011650604464716928,0.0075957047880525815,-0.05222250489084986,-0.0029850694142228343,-0.021565037575421584,-0.042840168265775455,0.22920699999999883,60.27750808039306,3.226304,0.7028277541858639,1.2060659999999999,205080372.1407933,3110047900.0,17.501605,18.865933,18.249257,1,0.07795445046325722
2022-08-31,18.134653,17.501605,17.365172,18.249257,113976000.0,0,1,0.024369157201217847,-0.06129551018693316,0.024663592428436344,0.01075920317708034,0.041831775861279175,-0.016607705842412814,-0.003284050587566868,0.004796171209709384,0.006449749328654025,0.04459430539411219,0.011650604464716928,-0.007825999881417205,-0.05222250489084986,-0.0029850694142228343,-0.021565037575421584,0.256494,63.39260673182088,3.226304,0.715774700315445,0.8840849999999989,289506938.5365584,3224023900.0,18.205598,18.865933,18.52758,1,0.03627098653941485
2022-09-01,18.473006,18.205598,17.878159,18.52758,68756700.0,0,1,0.018485893093745882,0.024369157201217847,-0.06129551018693316,0.024663592428436344,0.01753130353331269,0.05696784173018578,-0.0014716399735063596,0.011852015281339575,0.041831775861279175,0.006449749328654025,0.04459430539411219,-0.018149328968183907,-0.007825999881417205,-0.05222250489084986,-0.0029850694142228343,0.2346640000000022,65.64143475323864,3.226304,0.7110351502929132,0.6494210000000002,346707719.81572884,3292780600.0,18.794988,18.865933,17.354257,0,-0.0766550635733313
2022-09-02,18.238342,18.794988,18.151025,18.865933,81579000.0,0,1,-0.012784449982999425,0.018485893093745882,0.024369157201217847,-0.06129551018693316,0.003767570310856439,0.03562867965255844,0.07506521784943145,0.01662573614573944,0.01753130353331269,0.041831775861279175,0.006449749328654025,-0.034863205602785656,-0.018149328968183907,-0.007825999881417205,-0.05222250489084986,0.9222859999999997,62.761758507795115,3.226304,0.7113117824148478,0.7149079999999977,285056412.73006165,3211201600.0,18.473006,18.614897,17.3488,0,-0.06085669002651761
2022-09-05,18.189226,18.473006,18.090994,18.614897,75748300.0,0,1,-0.0026966406192014004,-0.012784449982999425,0.018485893093745882,0.024369157201217847,0.007651642762397082,-0.009628064411060755,0.02223304493064132,0.06166958312751447,0.003767570310856439,0.01753130353331269,0.041831775861279175,-0.020896285992357825,-0.034863205602785656,-0.018149328968183907,-0.007825999881417205,0.5020730000000029,62.14722082881844,3.226304,0.6979254408137873,0.5239030000000007,237713779.4492834,3135453300.0,17.610751,17.889074,17.889074,1,0.01580415281551595
2022-09-06,17.517977,17.610751,17.195995,17.785385,111163800.0,0,1,-0.03760182996783255,-0.0026966406192014004,-0.012784449982999425,0.018485893093745882,0.009867484799310076,-0.037933478752965134,-0.05521318592642301,-0.0233520765847208,0.007651642762397082,0.003767570310856439,0.01753130353331269,-0.02383305995382842,-0.020896285992357825,-0.034863205602785656,-0.018149328968183907,-0.7312800000000017,54.319197647928306,3.226304,0.719018695041374,0.9932310000000015,248006884.55999014,3024289500.0,17.63258,17.889074,16.726666,0,-0.051377280012340765
2022-09-08,17.354257,17.63258,17.135965,17.889074,62878700.0,0,1,-0.009389774277251404,-0.03760182996783255,-0.0026966406192014004,-0.012784449982999425,0.014441808254466068,0.015680567598265267,-0.03212039595400976,-0.049400103127467655,0.009867484799310076,0.007651642762397082,0.003767570310856439,-0.028568855946679236,-0.02383305995382842,-0.020896285992357825,-0.034863205602785656,-1.0041459999999987,52.57959370078383,3.226304,0.7214537168241331,0.753109000000002,221579527.40783837,2961410800.0,17.730812,17.861787,16.98316,0,-0.042166822365495626
2022-09-09,17.3488,17.730812,17.299684,17.829043,49488400.0,0,1,-0.0003144967917367515,-0.009389774277251404,-0.03760182996783255,-0.0026966406192014004,0.005524839730960552,0.011080429684396995,0.012319189028196311,-0.0354817745240788,0.014441808254466068,0.009867484799310076,0.007651642762397082,-0.024615681678806737,-0.028568855946679236,-0.02383305995382842,-0.020896285992357825,-0.8131400000000006,52.519219387825714,3.226304,0.7077326656224093,0.5293589999999995,181274582.31991157,2911922400.0,17.545263,17.861787,17.861787,1,0.01804042492836966
2022-09-12,17.234196,17.545263,17.168708,17.861787,71029800.0,0,1,-0.006627790115288581,-0.0003144967917367515,-0.009389774277251404,-0.03760182996783255,0.01787962748565026,0.007359709314365017,0.012915299267801408,0.014154058611600656,0.005524839730960552,0.014441808254466068,0.009867484799310076,-0.021695574395082823,-0.024615681678806737,-0.028568855946679236,-0.02383305995382842,-1.1242069999999984,51.18983906682757,3.226304,0.7066859752208087,0.6930790000000009,123667781.84060152,2840892600.0,16.884928,17.157794,17.157794,1,0.016160329496222925
2022-09-13,16.726666,16.884928,16.655721,17.157794,87983400.0,0,1,-0.02989133720684262,-0.006627790115288581,-0.0003144967917367515,-0.009389774277251404,0.016031141328717146,-0.022331467931089803,-0.03285138610237507,-0.027295796148938567,0.01787962748565026,0.005524839730960552,0.014441808254466068,-0.013667628676813405,-0.021695574395082823,-0.024615681678806737,-0.028568855946679236,-2.0901509999999988,45.67586873358737,3.226304,0.6975280484193224,0.578475000000001,60549221.46750904,2752909200.0,16.781239,17.152337,17.152337,1,0.022113861795306056
2022-09-14,16.98316,16.781239,16.715751,17.152337,48807000.0,0,1,0.015218052450496117,-0.02989133720684262,-0.006627790115288581,-0.0003144967917367515,0.021872896334411536,0.01571304286118202,-0.022649566398624848,-0.033169484569910215,0.016031141328717146,0.01787962748565026,0.005524839730960552,-0.003910087648829083,-0.013667628676813405,-0.021695574395082823,-0.024615681678806737,-0.7149079999999977,48.68424110993252,3.226304,0.6788893306750848,0.43658599999999836,71530813.23637053,2801716200.0,16.874014,17.245111,17.245111,1,0.021992218330505242
2022-09-15,16.950416,16.874014,16.808526,17.04319,45273400.0,0,1,-0.0019298885659935984,0.015218052450496117,-0.02989133720684262,-0.006627790115288581,0.00997590503108928,0.015489174237534832,0.009329320764305388,-0.029033288495501606,0.021872896334411536,0.016031141328717146,0.01787962748565026,-0.0038885477472449244,-0.003910087648829083,-0.013667628676813405,-0.021695574395082823,-1.1842369999999995,48.31638965179425,3.226304,0.6471589499125787,0.23466399999999865,81006694.98389073,2756442800.0,16.84127,17.245111,17.12505,1,0.023979248595860092
2022-09-16,16.797611,16.84127,16.557489,16.890385,106177600.0,0,1,-0.009055702381608119,-0.0019298885659935984,0.015218052450496117,-0.02989133720684262,0.002912103465385577,0.0009697196910201698,0.0064829888974656585,0.0003231354242362465,0.00997590503108928,0.021872896334411536,0.016031141328717146,-0.016993914622246684,-0.0038885477472449244,-0.003910087648829083,-0.013667628676813405,-1.6753950000000017,46.54879359487455,3.226304,0.6289995249188232,0.39292700000000025,128003525.840375,2650265200.0,16.644806,17.507062,17.12505,1,0.051803307289973954
2022-09-19,17.06502,16.644806,16.306453,17.12505,65077000.0,0,1,0.01579408043089204,-0.009055702381608119,-0.0019298885659935984,0.015218052450496117,0.028444088044686757,0.01670988220453477,0.014767498430169314,0.020280767636614978,0.002912103465385577,0.00997590503108928,0.021872896334411536,-0.02053729676770012,-0.016993914622246684,-0.0038885477472449244,-0.003910087648829083,-1.1733219999999989,49.99636495262029,3.226304,0.6425422017103358,0.8185970000000005,183535970.19211322,2715342200.0,17.146879,17.507062,17.507062,1,0.021005746876735065
2022-09-20,16.966788,17.146879,16.830355,17.245111,67062600.0,0,1,-0.005772968207624813,0.01579408043089204,-0.009055702381608119,-0.0019298885659935984,0.005712508472558598,0.0354304672090239,0.0236962613688719,0.02175387759450649,0.028444088044686757,0.002912103465385577,0.00997590503108928,-0.01863207327778089,-0.02053729676770012,-0.016993914622246684,-0.0038885477472449244,-1.2224380000000004,48.75238531563236,3.226304,0.6262717587310263,0.41475600000000057,160593535.81141713,2648279600.0,17.108678,17.507062,17.507062,1,0.023285492894307813
2022-09-21,17.010446,17.108678,16.857642,17.174166,58249000.0,0,1,0.002569839794889171,-0.005772968207624813,0.01579408043089204,-0.009055702381608119,0.0038204578158485027,0.001590103433589433,0.03130806217005469,0.01957385632990273,0.005712508472558598,0.028444088044686757,0.002912103465385577,-0.014781735020104771,-0.01863207327778089,-0.02053729676770012,-0.016993914622246684,-0.5075309999999966,49.35550378849369,3.226304,0.6041469188216674,0.31652400000000114,158584695.77401182,2706528600.0,17.179623,17.507062,17.507062,1,0.019059731403884728
2022-09-22,17.43066,17.179623,16.934044,17.507062,69488700.0,0,1,0.024403098629049172,0.002569839794889171,-0.005772968207624813,0.01579408043089204,0.018880370190828517,0.02301852222351588,0.02078816784125669,0.050506126577721924,0.0038204578158485027,0.005712508472558598,0.028444088044686757,-0.014397938654652038,-0.014781735020104771,-0.01863207327778089,-0.02053729676770012,0.07640299999999911,54.861856555839005,3.226304,0.6019234246201197,0.5730180000000011,209543172.78834608,2776017300.0,17.092306,17.130507,15.973557,0,-0.06545336831671522
2022-09-23,16.339197,17.092306,16.246422,17.130507,137588500.0,0,1,-0.06466377954631379,0.024403098629049172,0.002569839794889171,-0.005772968207624813,0.002232488361851512,-0.0028630630983238936,0.001275088934363317,-0.0009552654478958316,0.018880370190828517,0.0038204578158485027,0.005712508472558598,-0.05075572081791656,-0.014397938654652038,-0.014781735020104771,-0.01863207327778089,-1.009603000000002,42.06787919430249,3.226304,0.6435173228615397,1.1842380000000006,100831473.29395337,2638428800.0,16.219136,16.481087,16.481087,1,0.016150737005966365
2022-09-26,16.077246,16.219136,15.940813,16.415599,79420700.0,0,1,-0.016161964591482815,-0.06466377954631379,0.024403098629049172,0.002569839794889171,0.01204026160449218,-0.04039637943199567,-0.04549193089217115,-0.041353778859483895,0.002232488361851512,0.018880370190828517,0.0038204578158485027,-0.01730910387206258,-0.05075572081791656,-0.014397938654652038,-0.014781735020104771,-1.156950000000002,39.67641840146516,3.226304,0.6314650855142868,0.47478599999999993,67054934.50805775,2559008100.0,16.317368,16.639349,16.639349,1,0.019732410275971057
2022-09-27,16.191849,16.317368,16.104532,16.481087,70821700.0,0,1,0.007102987042733484,-0.016161964591482815,-0.06466377954631379,0.024403098629049172,0.009983419023982993,0.016021701346408592,-0.03641493969007934,-0.04151049115025479,0.01204026160449218,0.002232488361851512,0.018880370190828517,-0.013129338957446873,-0.01730910387206258,-0.05075572081791656,-0.014397938654652038,-0.5348170000000003,41.249971271751704,3.226304,0.6152062222632663,0.4038409999999999,29078042.724122696,2629829800.0,16.191849,17.812671,16.639349,1,0.10010110642706715
2022-09-28,15.973557,16.191849,15.597002,16.273709,104270600.0,0,1,-0.013573299923462507,0.007102987042733484,-0.016161964591482815,-0.06466377954631379,0.005042893362879132,-0.0026792011884594165,0.0033590811339660356,-0.049077559902521724,0.009983419023982993,0.01204026160449218,0.002232488361851512,-0.03742925116921812,-0.013129338957446873,-0.01730910387206258,-0.05075572081791656,-1.009603000000002,39.15486311670979,3.226304,0.6195991349587473,0.6767070000000004,40850621.77502641,2525559200.0,15.820752,17.99822,16.639349,1,0.13763365989176735
2022-09-29,15.995386,15.820752,15.607917,16.044502,87316600.0,0,1,0.0013656381064917165,-0.013573299923462507,0.007102987042733484,-0.016161964591482815,0.014043740397804691,-0.009141731094996018,-0.016863825646334634,-0.010825543323909085,0.005042893362879132,0.009983419023982993,0.01204026160449218,-0.013544210454965726,-0.03742925116921812,-0.013129338957446873,-0.01730910387206258,-0.9550300000000007,39.485857318551794,3.226304,0.6065266967474082,0.4365850000000009,108520911.77536942,2612875800.0,15.94627,17.99822,16.639349,1,0.12867899515059
2022-09-30,16.262794,15.94627,15.826209,16.639349,121098300.0,0,1,0.016579616424725607,0.0013656381064917165,-0.013573299923462507,0.007102987042733484,0.04254536594865065,0.050447816055714516,0.027262344562913862,0.01954025001157516,0.014043740397804691,0.005042893362879132,0.009983419023982993,-0.007557582866630528,-0.013544210454965726,-0.03742925116921812,-0.013129338957446873,-0.5348170000000003,43.537924093115556,3.226304,0.621284789836879,0.8131399999999989,117460984.76280078,2733974100.0,17.414288,18.440263,17.812671,1,0.05891570186504347
2022-10-03,17.561635,17.414288,17.277855,17.812671,177579000.0,0,1,0.07683677113553175,0.016579616424725607,0.0013656381064917165,-0.013573299923462507,0.022619039295758717,0.11068511189984043,0.11858756200690426,0.09540209051410357,0.04254536594865065,0.014043740397804691,0.005042893362879132,-0.00786539496057341,-0.007557582866630528,-0.013544210454965726,-0.03742925116921812,0.4966149999999985,58.184179627674695,3.226304,0.6876128048485306,1.5498770000000022,128333222.64648324,2911553100.0,17.954562,18.7295,18.440263,1,0.043161064023728546
2022-10-04,17.119593,17.954562,16.955873,17.99822,115437200.0,0,1,-0.025493096145453795,0.07683677113553175,0.016579616424725607,0.0013656381064917165,0.0024286310560784606,0.03298184543041627,0.12104791803449794,0.1289503681415617,0.022619039295758717,0.04254536594865065,0.014043740397804691,-0.05722996957307848,-0.00786539496057341,-0.007557582866630528,-0.013544210454965726,0.1528049999999972,53.13264397601293,3.226304,0.7129509616450641,1.0423469999999995,49159144.97330869,2796115900.0,17.141422,18.7295,17.910903,1,0.09264563931743841
2022-10-05,17.763556,17.141422,17.026818,17.910903,91971800.0,0,1,0.03692534568033509,-0.025493096145453795,0.07683677113553175,0.016579616424725607,0.04391176000647625,-0.002434599499262206,0.02811861487507553,0.1161846874791573,0.0024286310560784606,0.022619039295758717,0.04254536594865065,-0.006708243080105561,-0.05722996957307848,-0.00786539496057341,-0.007557582866630528,0.7531099999999995,58.751053952347085,3.226304,0.7251748215275597,0.8840850000000025,110473782.33713692,2888087700.0,18.009135,18.7295,18.440263,1,0.039999977789049845
2022-10-06,18.369317,18.009135,17.703525,18.440263,82058800.0,0,1,0.03353277560389551,0.03692534568033509,-0.025493096145453795,0.07683677113553175,0.023657351338031807,0.0730386069439946,0.026692247438256062,0.05724546181259385,0.04391176000647625,0.0024286310560784606,0.022619039295758717,-0.017115356867671874,-0.006708243080105561,-0.05722996957307848,-0.00786539496057341,0.9386569999999992,63.217932894217974,3.226304,0.72600076284702,0.7367380000000026,176728473.8893571,2970146500.0,18.325659,18.822274,18.7295,1,0.027099434732469785
2022-10-07,18.352946,18.325659,18.129196,18.7295,72701500.0,0,1,-0.0008916117770051485,0.03353277560389551,0.03692534568033509,-0.025493096145453795,0.02179761203126753,0.03922069179659823,0.08860194740256117,0.042255587896822704,0.023657351338031807,0.04391176000647625,0.0024286310560784606,-0.010778531530697704,-0.017115356867671874,-0.006708243080105561,-0.05722996957307848,2.0137490000000007,63.019312622894205,3.226304,0.7170224226436615,0.6003040000000013,158222716.7962839,2897445000.0,18.36386,18.822274,18.822274,1,0.02496283461102422
2022-10-10,18.145568,18.36386,18.009135,18.494836,51814400.0,0,1,-0.011363763009288175,-0.0008916117770051485,0.03353277560389551,0.03692534568033509,0.007106955237178774,0.00918934905675702,0.026612428822087884,0.07599368442805071,0.02179761203126753,0.023657351338031807,0.04391176000647625,-0.01950547358490895,-0.010778531530697704,-0.017115356867671874,-0.006708243080105561,2.068322000000002,60.429293600357866,3.226304,0.7004994638833999,0.48570099999999883,135517559.04696912,2845630600.0,17.949104,18.822274,18.822274,1,0.04864699652974336
2022-10-11,18.009135,17.949104,17.7963,18.189226,58031100.0,0,1,-0.0075472144028631595,-0.011363763009288175,-0.0008916117770051485,0.03353277560389551,0.013289243518720472,-0.009555161973900862,-0.007472768154322516,0.009950311611008227,0.007106955237178774,0.02179761203126753,0.023657351338031807,-0.008549626731339055,-0.01950547358490895,-0.010778531530697704,-0.017115356867671874,1.8172859999999993,58.719464100176836,3.226304,0.6785299307488716,0.3929260000000028,140353508.66190943,2787599500.0,17.736269,18.822274,18.822274,1,0.06123074700772757
2022-10-13,18.522122,17.736269,17.687153,18.822274,90841000.0,0,1,0.02808667232648036,-0.0075472144028631595,-0.011363763009288175,-0.0008916117770051485,0.05942931667223832,0.04750075850954844,0.02465635301692718,0.026738746836505296,0.013289243518720472,0.007106955237178774,0.02179761203126753,-0.002773082254735707,-0.008549626731339055,-0.01950547358490895,-0.010778531530697704,2.548565,62.96286695218356,3.226304,0.7111435785525237,1.1351210000000016,183153625.21071786,2878440500.0,18.538494,19.406207,19.406207,1,0.04680601347660707
2022-10-14,18.238342,18.538494,18.172854,18.631269,61926100.0,0,1,-0.015439720096270738,0.02808667232648036,-0.0075472144028631595,-0.011363763009288175,0.004991971170811057,0.04922965914454976,0.0373011009818598,0.014456695489238551,0.05942931667223832,0.013289243518720472,0.007106955237178774,-0.019920384894516932,-0.002773082254735707,-0.008549626731339055,-0.01950547358490895,2.2429559999999995,59.32957510995857,3.226304,0.6930915372273434,0.4584149999999987,138920735.23569486,2816514400.0,18.14011,19.946481,18.636726,1,0.09957883386594668
2022-10-17,18.22197,18.14011,17.921818,18.636726,100617400.0,0,1,-0.000898072463032204,-0.015439720096270738,0.02808667232648036,-0.0075472144028631595,0.027008641437763267,0.005284822988516853,0.04952251096225556,0.03759395279956573,0.004991971170811057,0.05942931667223832,0.013289243518720472,-0.012106655321835557,-0.019920384894516932,-0.002773082254735707,-0.008549626731339055,1.9591759999999994,59.11762317356081,3.226304,0.6946498559968189,0.7149080000000012,122791168.20105547,2715897000.0,18.500293,20.950627,19.406207,1,0.13244838879038312
2022-10-18,18.66947,18.500293,18.096452,18.680384,81207100.0,0,1,0.024261560434024915,-0.000898072463032204,-0.015439720096270738,0.02808667232648036,0.009687419537891848,0.029348480718908415,0.00762466226966192,0.05186235024340075,0.027008641437763267,0.004991971170811057,0.05942931667223832,-0.022070672839210024,-0.012106655321835557,-0.019920384894516932,-0.002773082254735707,1.1078350000000015,63.0076618549586,3.226304,0.6867414377113319,0.5839320000000008,200962660.32411098,2797104100.0,18.625811,20.950627,19.406207,1,0.12481690059026174
2022-10-19,19.329805,18.625811,18.565781,19.406207,113197700.0,0,1,0.03475863586036279,0.024261560434024915,-0.000898072463032204,-0.015439720096270738,0.04104465640851073,0.04780639355359925,0.06746745473461571,0.04574363628536935,0.009687419537891848,0.027008641437763267,0.004991971170811057,-0.003228151789300129,-0.022070672839210024,-0.012106655321835557,-0.019920384894516932,2.210212000000002,67.8664936150475,3.226304,0.6977189064462366,0.8404259999999972,293579058.2810999,2910301800.0,19.700902,20.950627,20.950627,1,0.06343491277709012
2022-10-20,19.902823,19.700902,19.520811,19.946481,113783300.0,0,1,0.02921337574269248,0.03475863586036279,0.024261560434024915,-0.000898072463032204,0.012388315301920971,0.06850442985792256,0.075266167003011,0.09492722818402749,0.04104465640851073,0.009687419537891848,0.027008641437763267,-0.009183294244753885,-0.003228151789300129,-0.022070672839210024,-0.012106655321835557,2.1392670000000003,71.3795503445846,3.226304,0.6919301274143624,0.6166759999999982,384022440.9207049,3024085100.0,19.891908,20.950627,20.950627,1,0.05322360228088718
2022-10-21,20.584987,19.891908,19.859164,20.950627,138716100.0,0,1,0.03370044272800657,0.02921337574269248,0.03475863586036279,0.024261560434024915,0.05185555845432303,0.0615041528234661,0.11762026737946771,0.12438200452455615,0.012388315301920971,0.04104465640851073,0.009687419537891848,-0.0016474527985497348,-0.009183294244753885,-0.003228151789300129,-0.022070672839210024,2.215670000000003,74.8979235756002,3.226304,0.7204681897419081,1.091463000000001,429798780.610003,3162801200.0,19.919195,20.093829,17.987306,0,-0.09698629889410681
2022-10-24,18.691299,19.919195,18.680384,20.093829,141295900.0,0,1,-0.09650390223386143,0.03370044272800657,0.02921337574269248,0.03475863586036279,0.008728913307633132,0.01009973713399356,0.019748331503136735,0.07586444605913815,0.05185555845432303,0.012388315301920971,0.04104465640851073,-0.06420985035870153,-0.0016474527985497348,-0.009183294244753885,-0.003228151789300129,0.33835300000000146,54.76954127204977,3.226304,0.8050492476174862,1.9046030000000016,290685130.0056287,3021505300.0,18.576695,18.827732,17.77447,0,-0.04318448464595015
2022-10-25,18.298372,18.576695,18.123738,18.827732,111559100.0,0,1,-0.021246027318585412,-0.09650390223386143,0.03370044272800657,0.02921337574269248,0.013423051195183094,-0.05635295037509999,-0.0549821265487394,-0.04533353217959644,0.008728913307633132,0.05185555845432303,0.012388315301920971,-0.02468526739259152,-0.06420985035870153,-0.0016474527985497348,-0.009183294244753885,0.15280399999999972,51.666845660488484,3.226304,0.7978310156448087,0.7039940000000016,234473126.3428136,2909946200.0,17.790842,18.30383,18.298372,1,0.028834385691244968
2022-10-26,17.850873,17.790842,17.40883,18.298372,120939000.0,0,1,-0.024759679548672905,-0.021246027318585412,-0.09650390223386143,0.03370044272800657,0.028128263623041688,-0.015095743981599878,-0.08487174555188287,-0.08350092172552229,0.013423051195183094,0.008728913307633132,0.05185555845432303,-0.021706281753513745,-0.02468526739259152,-0.06420985035870153,-0.0016474527985497348,-0.15826200000000057,48.31021239018903,3.226304,0.8043818002416083,0.8895420000000023,233731347.7826109,2789007200.0,17.905446,18.30383,18.30383,1,0.02224932012305092
2022-10-27,17.987306,17.905446,17.829043,18.30383,110143700.0,0,1,0.007613872295040387,-0.024759679548672905,-0.021246027318585412,-0.09650390223386143,0.022005415183450863,0.02842649704847632,-0.014797510556165168,-0.08457351212644817,0.028128263623041688,0.013423051195183094,0.008728913307633132,-0.004276155532671005,-0.021706281753513745,-0.02468526739259152,-0.06420985035870153,-0.5348159999999993,49.38976142758597,3.226304,0.780839314510065,0.47478700000000273,197017090.4299457,2899150900.0,17.845415,18.074623,16.344654,0,-0.08409784810272003
2022-10-28,17.77447,17.845415,17.387001,18.074623,128499800.0,0,1,-0.011903128801944659,0.007613872295040387,-0.024759679548672905,-0.021246027318585412,0.012762297803606097,0.009403997905876751,0.015825079770902303,-0.027398927833739328,0.022005415183450863,0.028128263623041688,0.013423051195183094,-0.026023754425778912,-0.004276155532671005,-0.021706281753513745,-0.02468526739259152,-0.4638719999999985,47.71555893164816,3.226304,0.7741809349022031,0.6876219999999975,213334323.643543,2770651100.0,16.704837,17.245111,17.245111,1,0.032342368859989534
2022-10-31,16.268252,16.704837,15.913526,17.245111,261684400.0,0,1,-0.08854767962726938,-0.011903128801944659,0.007613872295040387,-0.024759679548672905,0.03183036481289591,-0.034217929469271845,-0.0375762293670012,-0.031155147501975664,0.012762297803606097,0.022005415183450863,0.028128263623041688,-0.04852887878662386,-0.026023754425778912,-0.004276155532671005,-0.021706281753513745,-1.9537179999999985,37.91932615503051,3.226304,0.8518068681234744,1.8609440000000017,91072131.7254907,2508966700.0,16.683008,16.863099,14.816606,0,-0.11187442935950165
2022-11-01,16.295538,16.683008,16.131819,16.737581,114888300.0,0,1,0.001675849548593452,-0.08854767962726938,-0.011903128801944659,0.007613872295040387,0.0032658340345108807,0.0019582322344958293,-0.06409006204767183,-0.0674483619454012,0.03183036481289591,0.012762297803606097,0.022005415183450863,-0.033597059390836286,-0.04852887878662386,-0.026023754425778912,-0.004276155532671005,-2.373932,38.166986355128195,3.226304,0.8342322346860832,0.6057619999999986,38285441.22790284,2623855000.0,16.262794,16.863099,16.584776,1,0.03691278386727381
2022-11-03,16.344654,16.262794,16.066331,16.584776,137787400.0,0,1,0.003009543391885084,0.001675849548593452,-0.08854767962726938,-0.011903128801944659,0.019605244051081966,-0.005905550275959121,-0.0072131520759740565,-0.07326144635814168,0.0032658340345108807,0.03183036481289591,0.012762297803606097,-0.012154082022421929,-0.033597059390836286,-0.04852887878662386,-0.026023754425778912,-2.985151000000002,38.64149308844145,3.226304,0.8116760036370773,0.5184449999999998,48438141.06568531,2761642400.0,16.808526,16.863099,14.680173,0,-0.12662341718720604
2022-11-04,15.444197,16.808526,15.37871,16.863099,193762100.0,0,1,-0.0566675373156508,0.003009543391885084,0.001675849548593452,-0.08854767962726938,0.0032414858376598817,0.03624782143586026,0.010737027108819288,0.009429425308804255,0.019605244051081966,0.0032658340345108807,0.03183036481289591,-0.08890217227741058,-0.012154082022421929,-0.033597059390836286,-0.04852887878662386,-4.458626000000001,33.55718195104835,3.226304,0.8597269319487145,1.4843889999999984,-128227498.85181583,2567880300.0,15.258649,15.444197,14.254503,0,-0.06580831631948547
2022-11-07,14.816606,15.258649,14.772948,15.444197,117206600.0,0,1,-0.04148475528815922,-0.0566675373156508,0.003009543391885084,0.001675849548593452,0.012086844256371035,-0.08465292359124993,-0.05164658799304941,-0.07715738232009055,0.0032414858376598817,0.019605244051081966,0.0032658340345108807,-0.032348819428761125,-0.08890217227741058,-0.012154082022421929,-0.033597059390836286,-5.7683810000000015,30.540985155128595,3.226304,0.8462642225238064,0.6712490000000013,-230187876.53252727,2450673700.0,14.767491,15.253191,15.023984,1,0.032889811817051307
2022-11-08,14.925753,14.767491,14.598314,15.023984,94745400.0,0,1,0.007339531472067244,-0.04148475528815922,-0.0566675373156508,0.003009543391885084,0.01721964674996566,-0.015498632324406876,-0.11223840017202784,-0.07923206457382743,0.012086844256371035,0.0032414858376598817,0.019605244051081966,-0.0115221681586773,-0.032348819428761125,-0.08890217227741058,-0.012154082022421929,-3.7655460000000005,31.690917847679334,3.226304,0.8162217780578203,0.4256700000000002,-179170882.98541337,2545419100.0,14.816606,15.37871,15.253191,1,0.03793743317464204
2022-11-09,14.680173,14.816606,14.538283,15.253191,103303500.0,0,1,-0.01659030240922538,0.007339531472067244,-0.04148475528815922,-0.0566675373156508,0.02904014827095717,0.032360516313541574,-0.00035776276083098623,-0.09709753060845198,0.01721964674996566,0.012086844256371035,0.0032414858376598817,-0.018963201695812264,-0.0115221681586773,-0.032348819428761125,-0.08890217227741058,-3.6181990000000006,30.468659466642013,3.226304,0.8089850796251188,0.7149079999999994,-241468453.22941673,2442115600.0,14.232674,15.37871,14.674716,1,0.08052148176793761
2022-11-10,14.254503,14.232674,13.97618,14.674716,145470100.0,0,1,-0.02942495106089926,-0.01659030240922538,0.007339531472067244,-0.04148475528815922,0.03058570557784476,-0.009622565908882202,-0.00630219786629779,-0.03902047694067044,0.02904014827095717,0.01721964674996566,0.012086844256371035,-0.018185855338164046,-0.018963201695812264,-0.0115221681586773,-0.032348819428761125,-3.5963700000000003,28.422430838598927,3.226304,0.8014856453661817,0.7039930000000005,-271017041.26067066,2296645500.0,14.079869,15.37871,14.93121,1,0.09224808838775411
2022-11-11,14.729289,14.079869,14.025296,14.93121,146364300.0,0,1,0.032765103673281844,-0.02942495106089926,-0.01659030240922538,0.007339531472067244,0.058707606433887595,0.04791334583472334,0.00770507434799639,0.01102544239058085,0.03058570557784476,0.02904014827095717,0.01721964674996566,-0.003883490353951746,-0.018185855338164046,-0.018963201695812264,-0.0115221681586773,-3.2580170000000006,33.765543492319026,3.226304,0.8089448135543115,0.9059139999999992,-189899609.77203068,2443009800.0,14.876637,15.37871,15.37871,1,0.033749092620865895
2022-11-14,15.116759,14.876637,14.783862,15.37871,66639500.0,0,1,0.025966035452436448,0.032765103673281844,-0.02942495106089926,-0.01659030240922538,0.03319208960047276,0.0882380386878896,0.07744377808872538,0.03723550660199855,0.058707606433887595,0.03058570557784476,0.02904014827095717,-0.006255815356580366,-0.003883490353951746,-0.018185855338164046,-0.018963201695812264,-2.657711000000001,37.843378481597206,3.226304,0.7975502554432892,0.6494210000000002,-181951686.9968006,2509649300.0,15.176789,15.340508,14.614686,0,-0.0370370175140472
2022-11-16,14.816606,15.176789,14.696545,15.340508,85549900.0,0,1,-0.020055417127660947,0.025966035452436448,0.032765103673281844,-0.02942495106089926,0.0107296901618259,0.030704915630533795,0.08575086471795076,0.07495660411878666,0.03319208960047276,0.058707606433887595,0.03058570557784476,-0.0321547891192034,-0.006255815356580366,-0.003883490353951746,-0.018185855338164046,-1.4516460000000002,35.994650878803654,3.226304,0.78657973719734,0.6439629999999994,-235601597.26478186,2424099400.0,14.734747,15.062185,15.062185,1,0.022222166420638123
2022-11-17,14.822064,14.734747,14.489168,14.898466,101525800.0,0,1,0.0003683026304282388,-0.020055417127660947,0.025966035452436448,0.032765103673281844,0.011049808592394765,-0.018508966634212864,0.0014662588344949265,0.056512207921911924,0.0107296901618259,0.03319208960047276,0.058707606433887595,-0.01680711026438914,-0.0321547891192034,-0.006255815356580366,-0.003883490353951746,-1.4734740000000013,36.05582384606715,3.226304,0.7596310416832444,0.4092980000000015,-171978617.07626462,2525625200.0,14.953039,15.062185,14.620235,0,-0.02225661285307967
2022-11-18,14.571027,14.953039,14.309076,15.062185,127175600.0,0,1,-0.017081776399983588,0.0003683026304282388,-0.020055417127660947,0.025966035452436448,0.007272741398547812,0.021978852130267568,-0.007579923096340022,0.012395302372367991,0.011049808592394765,0.0107296901618259,0.03319208960047276,-0.04402053551757402,-0.01680711026438914,-0.0321547891192034,-0.006255815356580366,-1.7736269999999976,34.42607860881082,3.226304,0.7591651815630127,0.7531090000000003,-210684219.78344196,2398449600.0,14.800234,15.362474,15.045814,1,0.037988588558802494
2022-11-21,14.614686,14.800234,14.216302,15.045814,164898100.0,0,1,0.002991808530815999,-0.017081776399983588,0.0003683026304282388,-0.020055417127660947,0.016456821516136054,0.006185256201448059,0.02089136693316797,-0.008667408293439587,0.007272741398547812,0.011049808592394765,0.0107296901618259,-0.04025365716007864,-0.04402053551757402,-0.01680711026438914,-0.0321547891192034,-0.8295110000000001,34.9765503568588,3.226304,0.7641899543085117,0.8295119999999994,-217193376.23494583,2563347700.0,14.345794,15.362474,14.613998,1,0.07086955242770121
2022-11-22,14.551625,14.345794,13.909183,14.613998,164261300.0,0,1,-0.004324242326371043,0.002991808530815999,-0.017081776399983588,0.0003683026304282388,0.018523038316118783,-0.012663154941944298,-0.022934720256632197,-0.0082286095249123,0.016456821516136054,0.007272741398547812,0.011049808592394765,-0.03090752871064802,-0.04025365716007864,-0.04402053551757402,-0.01680711026438914,-0.2649810000000006,34.525714647144525,3.226304,0.7599980290007607,0.7055030000000002,-82004868.57023992,2399086400.0,14.345794,15.362474,14.751219,1,0.07086955242770121
2022-11-23,14.620235,14.345794,14.221048,14.751219,77317300.0,0,1,0.004703856833736159,-0.004324242326371043,0.002991808530815999,-0.017081776399983588,0.027868925240965278,0.027868925240965278,-0.0033172680170979497,-0.013588833331785871,0.018523038316118783,0.016456821516136054,0.007272741398547812,-0.008733677522900506,-0.03090752871064802,-0.04025365716007864,-0.04402053551757402,-0.30551800000000107,35.499836749693436,3.226304,0.7435818126435636,0.5301710000000011,-42891579.061949566,2476403700.0,14.670134,16.142137,15.362474,1,0.10034011959263656
2022-11-24,15.125457,14.670134,14.501727,15.362474,94233800.0,0,1,0.033972690272619864,0.004703856833736159,-0.004324242326371043,0.002991808530815999,0.046114056057014026,0.06847098426002142,0.06847098426002142,0.03728479100195813,0.027868925240965278,0.018523038316118783,0.016456821516136054,-0.011545980618282794,-0.008733677522900506,-0.03090752871064802,-0.04025365716007864,0.4452840000000009,42.30670705996211,3.226304,0.7519507545975948,0.8607469999999999,-554590.9581280808,2570637500.0,15.131694,16.628647,16.142137,1,0.09892831562678972
2022-11-25,14.882202,15.131694,14.720032,15.175355,58635900.0,0,1,-0.016213216009097444,0.033972690272619864,0.004703856833736159,-0.004324242326371043,0.0028812458913169267,0.033859004010801254,0.05621593221380872,0.05621593221380872,0.046114056057014026,0.027868925240965278,0.018523038316118783,-0.02758219730890853,-0.011545980618282794,-0.008733677522900506,-0.03090752871064802,0.6276989999999998,40.11176701568026,3.226304,0.7307630578406237,0.4553229999999999,-17422410.26376393,2512001600.0,14.751219,16.709732,15.312576,1,0.1327695697555571
2022-11-28,15.194067,14.751219,14.682608,15.312576,56067400.0,0,1,0.02073902037930934,-0.016213216009097444,0.033972690272619864,0.004703856833736159,0.03734872811914234,0.01188296703761573,0.042860725157100064,0.06521765336010737,0.0028812458913169267,0.046114056057014026,0.027868925240965278,-0.004662059355752212,-0.02758219730890853,-0.011545980618282794,-0.008733677522900506,0.4647780000000008,44.11489138372299,3.226304,0.7235634108520077,0.6299679999999999,17550294.429172933,2568069000.0,15.343762,16.709732,16.142137,1,0.08902445176091756
2022-11-29,15.830272,15.343762,15.268915,16.142137,96151500.0,0,1,0.041019033603362884,0.02073902037930934,-0.016213216009097444,0.033972690272619864,0.05072405097059386,0.09010733460368238,0.06464157352215594,0.0956193316416403,0.03734872811914234,0.0028812458913169267,0.046114056057014026,-0.0048899447207648526,-0.004662059355752212,-0.02758219730890853,-0.011545980618282794,0.7135130000000007,51.270759816178646,3.226304,0.7395995957911501,0.9480700000000013,45022151.57203002,2664220500.0,15.967493,16.709732,16.628647,1,0.046484379232231365
2022-11-30,16.628647,15.967493,15.90512,16.628647,120774700.0,0,1,0.04920287459518399,0.041019033603362884,0.02073902037930934,-0.016213216009097444,0.04057196284220635,0.08041792383335551,0.11980120746644413,0.09433544638491743,0.05072405097059386,0.03734872811914234,0.0028812458913169267,-0.0039138980931511845,-0.0048899447207648526,-0.004662059355752212,-0.02758219730890853,1.8120410000000007,58.459213757963205,3.226304,0.7437978389489251,0.7983750000000001,165796851.57203,2784995200.0,16.578748,16.709732,15.992442,0,-0.035364914166015504
2022-12-01,15.961255,16.578748,15.942543,16.709732,71259400.0,0,1,-0.04096270788985867,0.04920287459518399,0.041019033603362884,0.02073902037930934,0.007869669988206844,0.045436336115238084,0.08528229710638723,0.12466558073947585,0.04057196284220635,0.05072405097059386,0.03734872811914234,-0.0391304377933718,-0.0039138980931511845,-0.0048899447207648526,-0.004662059355752212,1.1391910000000003,51.60585337679581,3.226304,0.7454686361668589,0.7671889999999983,98013533.45745832,2713735800.0,16.023628,16.578748,16.497663,1,0.03464383970970886
2022-12-02,16.160849,16.023628,15.786611,16.497663,66301000.0,0,1,0.012427365826257386,-0.04096270788985867,0.04920287459518399,0.041019033603362884,0.029154351594715074,-0.004902899678540034,0.03266376644849112,0.07250972743964018,0.007869669988206844,0.04057196284220635,0.05072405097059386,-0.014902207197815322,-0.0391304377933718,-0.0039138980931511845,-0.0048899447207648526,1.589821999999998,53.36660775389175,3.226304,0.7430103050120831,0.7110519999999987,101503079.40346488,2780036800.0,16.216985,16.578748,16.578748,1,0.022307660764316006
2022-12-05,15.979967,16.216985,15.936306,16.578748,56065400.0,0,1,-0.011255713586990904,0.012427365826257386,-0.04096270788985867,0.04920287459518399,0.022062484408545874,0.034057251273255124,0.0,0.03756666612703116,0.029154351594715074,0.007869669988206844,0.04057196284220635,-0.017459247316396826,-0.014902207197815322,-0.0391304377933718,-0.0039138980931511845,1.3652809999999995,51.536594598500486,3.226304,0.7358268546540773,0.6424420000000008,53058200.56926664,2723971400.0,16.104713,16.460239,16.460239,1,0.02207589790640796
2022-12-06,15.992442,16.104713,15.855221,16.460239,74991200.0,0,1,0.0007803603809188397,-0.011255713586990904,0.012427365826257386,-0.04096270788985867,0.0218357531203608,0.014888565410595873,0.026883332275305025,-0.00717391899794992,0.022062484408545874,0.029154351594715074,0.007869669988206844,-0.015613115358023247,-0.017459247316396826,-0.014902207197815322,-0.0391304377933718,1.440817000000001,51.659713213947576,3.226304,0.7264833650359289,0.6050180000000012,12083732.154773181,2798962600.0,15.805323,16.260646,16.260646,1,0.02880820594428868
2022-12-07,15.81156,15.805323,15.761662,16.260646,57008400.0,0,1,-0.011374917555162317,0.0007803603809188397,-0.011255713586990904,0.012427365826257386,0.028401050698304404,0.009635870656016184,0.002688682946251238,0.01468344981096052,0.0218357531203608,0.022062484408545874,0.029154351594715074,-0.0027662463071207164,-0.015613115358023247,-0.017459247316396826,-0.014902207197815322,1.1913250000000009,49.688624155135074,3.226304,0.7102334103905055,0.49898400000000187,-33523079.24438981,2741954200.0,15.936306,16.086001,14.545388,0,-0.08727982507363996
2022-12-08,15.456034,15.936306,15.368712,16.086001,55567700.0,0,1,-0.02274184081969793,-0.011374917555162317,0.0007803603809188397,-0.011255713586990904,0.009349488182614865,0.017602608618271193,-0.0011625714240170407,-0.008109759133781959,0.028401050698304404,0.0218357531203608,0.022062484408545874,-0.03626614803562712,-0.0027662463071207164,-0.015613115358023247,-0.017459247316396826,0.3305769999999999,45.975484611708175,3.226304,0.7107373810768979,0.7172889999999992,-75561273.84447423,2686386500.0,15.587017,15.624441,13.391487,0,-0.14085632934127168
2022-12-09,15.412373,15.587017,15.275152,15.624441,61586200.0,0,1,-0.002828848869072507,-0.02274184081969793,-0.011374917555162317,0.0007803603809188397,0.0023980948237029066,-0.01976348348263017,-0.011510363046973872,-0.030275543089262072,0.009349488182614865,0.028401050698304404,0.0218357531203608,-0.02021086825047312,-0.03626614803562712,-0.0027662463071207164,-0.015613115358023247,0.5301710000000011,45.52555298264434,3.226304,0.6849196395714051,0.34928899999999885,-88758203.35384874,2624800300.0,15.331288,15.381186,13.747013,0,-0.10333606674142448
2022-12-12,14.913389,15.331288,14.426879,15.381186,111293100.0,0,1,-0.03291122832703005,-0.002828848869072507,-0.02274184081969793,-0.011374917555162317,0.003249366619146863,-0.013293249920412734,-0.035454828226745755,-0.02720170779108943,0.0023980948237029066,0.009349488182614865,0.028401050698304404,-0.0608026437428177,-0.02021086825047312,-0.03626614803562712,-0.0027662463071207164,-0.280678,40.63158023571915,3.226304,0.7063892367448762,0.985494000000001,-86575857.65136495,2513507200.0,15.031897,15.09427,13.75325,0,-0.08506225129137068
2022-12-13,14.545388,15.031897,14.539151,15.09427,102533100.0,0,1,-0.02498543263960969,-0.03291122832703005,-0.002828848869072507,-0.02274184081969793,0.004140791566441232,-0.015580506014058438,-0.03212312255361811,-0.054284700859951185,0.003249366619146863,0.0023980948237029066,0.009349488182614865,-0.03332933028464593,-0.0608026437428177,-0.02021086825047312,-0.03626614803562712,-1.284884,37.43536884149684,3.226304,0.6955842198345278,0.5551189999999995,-186804950.96198827,2410974100.0,14.033929,14.096302,13.959081,0,-0.0053333603155610865
2022-12-14,13.391487,14.033929,12.954876,14.096302,319501600.0,0,1,-0.08265476086319533,-0.02498543263960969,-0.03291122832703005,-0.002828848869072507,0.0044345958066996025,-0.06426191655681107,-0.08398321413731066,-0.1005258306768703,0.004140791566441232,0.003249366619146863,0.0023980948237029066,-0.0800056553009298,-0.03332933028464593,-0.0608026437428177,-0.02021086825047312,-3.237160000000001,29.578461988102887,3.226304,0.7595076327034901,1.5905120000000004,-261879118.82429412,2091472500.0,13.098334,14.495489,13.952844,1,0.10666661882343198
2022-12-15,13.747013,13.098334,12.9923,13.952844,132385600.0,0,1,0.026202357587911625,-0.08265476086319533,-0.02498543263960969,-0.03291122832703005,0.06319831190916701,-0.005794539218961029,-0.07449105158247162,-0.09421234916297135,0.0044345958066996025,0.004140791566441232,0.003249366619146863,-0.008128172261356903,-0.0800056553009298,-0.03332933028464593,-0.0608026437428177,-2.2142419999999987,34.16331032690224,3.226304,0.7738673732246694,0.9605440000000005,-186230243.91674167,2223858100.0,13.697115,14.79488,14.040166,1,0.08014570951620104
2022-12-16,13.75325,13.697115,13.416436,13.790674,89835200.0,0,1,0.0004535956697530814,0.026202357587911625,-0.08265476086319533,-0.02498543263960969,0.006807339891355163,0.05150752006082911,-0.017485331067298864,-0.08618184343080958,0.06319831190916701,0.0044345958066996025,0.004140791566441232,-0.020704704214476566,-0.008128172261356903,-0.0800056553009298,-0.03332933028464593,-2.4075989999999994,34.24419060895655,3.226304,0.7453224179943359,0.37423800000000007,-114362179.9360661,2313693300.0,13.784437,15.318813,14.040166,1,0.11131219940284831
2022-12-19,13.959081,13.784437,13.497521,14.040166,63074100.0,0,1,0.014855104402255383,0.0004535956697530814,0.026202357587911625,-0.08265476086319533,0.018382019742247277,0.024736995173031098,0.06943717534250517,0.000444324214376922,0.006807339891355163,0.06319831190916701,0.0044345958066996025,-0.02103416319457617,-0.020704704214476566,-0.008128172261356903,-0.0800056553009298,-2.020886000000001,36.995054087254786,3.226304,0.7308454595661689,0.5426449999999985,-70137837.6911362,2376767400.0,13.965319,15.730475,14.495489,1,0.12639568061424167
2022-12-20,14.389455,13.965319,13.853047,14.495489,71875500.0,0,1,0.03036538243706065,0.014855104402255383,0.0004535956697530814,0.026202357587911625,0.03726045561795022,0.05029729542819036,0.05665227085897407,0.10135245102844798,0.018382019742247277,0.006807339891355163,0.06319831190916701,-0.008071833520689596,-0.02103416319457617,-0.020704704214476566,-0.008128172261356903,-1.6029870000000006,42.419213311591164,3.226304,0.724530926740014,0.6424419999999991,-21988204.826223757,2448642900.0,14.657659,15.780374,15.318813,1,0.0765957920019833
2022-12-21,14.70132,14.657659,14.252235,14.79488,74252800.0,0,1,0.021441639012869555,0.03036538243706065,0.014855104402255383,0.0004535956697530814,0.009318177484726322,0.05770413301343454,0.07074097282367459,0.07709594825445847,0.03726045561795022,0.018382019742247277,0.006807339891355163,-0.02804926096480824,-0.008071833520689596,-0.02103416319457617,-0.020704704214476566,-1.1102399999999992,46.04415933577516,3.226304,0.7115390748300128,0.5426449999999985,26660039.82727939,2522895700.0,14.907151,15.786611,15.318813,1,0.05899584702670557
2022-12-22,14.963287,14.907151,14.782405,15.318813,81894800.0,0,1,0.01766238199128265,0.021441639012869555,0.03036538243706065,0.014855104402255383,0.027240650186560647,0.0441186834066342,0.09250463893534225,0.10554147874558248,0.009318177484726322,0.03726045561795022,0.018382019742247277,-0.008403408532011637,-0.02804926096480824,-0.008071833520689596,-0.02103416319457617,-0.4927470000000014,48.9513457499112,3.226304,0.7048214980564405,0.6174929999999996,-3312.4180268127384,2604790500.0,15.050609,15.792848,15.730475,1,0.04931621039387846
2022-12-23,15.668102,15.050609,15.050609,15.730475,68387900.0,0,1,0.046027258203713874,0.01766238199128265,0.021441639012869555,0.03036538243706065,0.04418145819744249,0.05375888298354827,0.07063691620362177,0.11902287173232974,0.027240650186560647,0.009318177484726322,0.03726045561795022,0.0,-0.008403408532011637,-0.02804926096480824,-0.008071833520689596,0.25572899999999876,55.84469854706269,3.226304,0.7092762481952661,0.7671880000000009,55836354.586941645,2673178400.0,15.668102,15.792848,15.281389,0,-0.02468154726079763
2022-12-26,15.555831,15.668102,15.480983,15.780374,28765200.0,0,1,-0.00719137360747003,0.046027258203713874,0.01766238199128265,0.021441639012869555,0.007140090157423184,0.04734856053159244,0.056925985317698345,0.07380401853777167,0.04418145819744249,0.027240650186560647,0.009318177484726322,-0.012014558429193424,0.0,-0.008403408532011637,-0.02804926096480824,0.6424419999999991,54.58037035314739,3.226304,0.6799987304670329,0.29939099999999996,41453802.62646175,2644413200.0,15.749187,,,0,
2022-12-27,15.661865,15.749187,15.312576,15.786611,50803200.0,0,1,0.006793224443610904,-0.00719137360747003,0.046027258203713874,0.01766238199128265,0.0023734308272771024,0.007535249852348757,0.04774372022651804,0.05732114501262389,0.007140090157423184,0.04418145819744249,0.027240650186560647,-0.028114293333779183,-0.012014558429193424,0.0,-0.008403408532011637,1.1164769999999997,55.60271314656582,3.226304,0.6652870354336734,0.47403500000000065,65518487.591917925,2695216400.0,15.655628,,,0,
2022-12-28,15.468508,15.655628,15.437322,15.792848,57293500.0,0,1,-0.012422561500639742,0.006793224443610904,-0.00719137360747003,0.046027258203713874,0.008726710371385693,0.0027684344326963355,0.007930253457767867,0.04813872383193739,0.0023734308272771024,0.007140090157423184,0.04418145819744249,-0.014042384995676302,-0.028114293333779183,-0.012014558429193424,0.0,2.0770210000000002,53.24894647716523,3.226304,0.643161247188411,0.35552599999999934,18276320.495840557,2637922900.0,15.587017,,,0,
2022-12-29,15.281389,15.587017,15.237728,15.624441,57901800.0,0,1,-0.012170532453848096,-0.012422561500639742,0.006793224443610904,-0.00719137360747003,0.0023980948237029066,-0.001994049970535845,-0.00795232590922528,-0.0027905068841536304,0.008726710371385693,0.0023734308272771024,0.007140090157423184,-0.02266386637884628,-0.014042384995676302,-0.028114293333779183,-0.012014558429193424,1.534376,50.999002130918335,3.226304,0.6248435152463815,0.38671299999999853,-26550922.973605677,2580021100.0,,,,0,
