Exchange Date,Close,Open,Low,High,Volume,data_adicional,ibov_status,r1,r2,r3,r4,r5,r6,r7,r8,r9,r10,r11,r12,r13,r14,r15,Momentum,RSI,Parabolic_SAR,ATR,True_Range,Chaikin_AD,OBV,compra,maximo,venda,target,resultado_real
2022-01-21,62.884819,64.040164,62.462674,64.232722,32621000.0,0,1,-0.020977344955991042,-0.01715112774803832,0.021774875336849808,0.024156889302360113,0.003002320297712013,-0.023586796912712718,-0.01997668138905175,0.02510201268147256,0.0019125850532629542,0.005859833515025954,0.02683001116123718,-0.024941286686826544,-0.024625046673582795,-0.006804284985563796,-0.0011830191500665666,0.6739510000000024,66.58665230552468,56.952569,1.6716525714285702,1.7700479999999956,-36349540.673443146,96755800.0,61.988687,64.106819,64.106819,1,0.034169654214486034
2022-01-24,62.11459,61.988687,60.788906,62.181244,29040100.0,0,1,-0.012323878241329179,-0.020977344955991042,-0.01715112774803832,0.021774875336849808,0.003101510209526183,-0.029457038161254417,-0.056046155371679125,-0.052436039848018194,0.003002320297712013,0.0019125850532629542,0.005859833515025954,-0.019544595436181752,-0.024941286686826544,-0.024625046673582795,-0.006804284985563796,0.644326999999997,63.18906789356272,56.952569,1.701956887755101,2.095913000000003,-10089855.810284903,67715700.0,62.255305,64.106819,64.106819,1,0.029740662261633855
2022-01-25,62.255305,62.255305,61.507293,62.988504,22490500.0,0,1,0.0022628476134681223,-0.012323878241329179,-0.020977344955991042,-0.01715112774803832,0.011708480952992949,0.01600033289635846,-0.016558215474421968,-0.04314733268484667,0.003101510209526183,0.003002320297712013,0.0019125850532629542,-0.012087999449620817,-0.019544595436181752,-0.024941286686826544,-0.024625046673582795,-0.385114999999999,63.55493804442328,56.952569,1.6861893243440225,1.4812110000000018,-9864937.29664972,90206200.0,63.618019,64.106819,59.892773,0,-0.05855646023809702
2022-01-26,62.43305,63.618019,62.077559,64.106819,25806800.0,0,1,0.002851030000325445,0.0022628476134681223,-0.012323878241329179,-0.020977344955991042,0.007653991094545775,0.02930698632657208,0.0335988382699377,0.0010402898991572816,0.011708480952992949,0.003101510209526183,0.003002320297712013,-0.024512192959340172,-0.012087999449620817,-0.019544595436181752,-0.024941286686826544,-0.8887269999999958,64.0411190791722,56.952569,1.7106943726051635,2.0292600000000007,-26629933.743827496,116013000.0,62.951474,63.951291,63.181062,0,0.0036470631331047
2022-01-27,62.573765,62.951474,61.670226,63.292153,20994900.0,0,1,0.0022513182090706336,0.002851030000325445,0.0022628476134681223,-0.012323878241329179,0.0053971805956641045,-0.005135391608345454,0.016517603623680762,0.020809455567046546,0.007653991094545775,0.011708480952992949,0.003101510209526183,-0.0205629219618132,-0.024512192959340172,-0.012087999449620817,-0.019544595436181752,0.21477600000000052,64.44549164523407,56.952569,1.704353845990509,1.6219269999999995,-24233261.92697008,137007900.0,63.381025,63.951291,63.536552,0,0.0024538416663346663
2022-01-28,61.959062,63.381025,61.34436,63.951291,28453000.0,0,1,-0.00987222417180419,0.0022513182090706336,0.002851030000325445,0.0022628476134681223,0.008957189041579139,0.01575753984240831,0.0052249676383985715,0.02687796287042493,0.0053971805956641045,0.007653991094545775,0.011708480952992949,-0.0326612910354885,-0.0205629219618132,-0.024512192959340172,-0.012087999449620817,-0.7628239999999948,61.20740047415985,56.952569,1.7688236427054724,2.606930999999996,-39268096.270878635,108554900.0,61.425826,64.269752,63.195874,1,0.04629853898912151
2022-01-31,59.892773,61.425826,59.892773,61.425826,31397700.0,0,1,-0.03391802987751573,-0.00987222417180419,0.0022513182090706336,0.002851030000325445,0.0,-0.03133416081582757,-0.024533810014998464,-0.03506638221900811,0.008957189041579139,0.0053971805956641045,0.007653991094545775,-0.025274518852942022,-0.0326612910354885,-0.0205629219618132,-0.024512192959340172,-2.5032470000000018,51.787764674024785,56.952569,1.7900711682265105,2.0662890000000047,-70665796.27087864,77157200.0,60.359354,65.299194,63.195874,1,0.08184050478737714
2022-02-01,63.181062,60.359354,60.263076,63.195874,24131300.0,0,1,0.05344875759214242,-0.03391802987751573,-0.00987222417180419,0.0022513182090706336,0.04592308282111759,0.02840864860126316,-0.0029255122145644082,0.003874838586264608,0.0,0.008957189041579139,0.0053971805956641045,-0.001596353521410502,-0.025274518852942022,-0.0326612910354885,-0.0205629219618132,-0.7406050000000022,61.84988721546315,56.952569,1.898144727638903,3.303101000000005,-46778244.94746677,101288500.0,63.321777,66.832247,65.299194,1,0.05543858947609759
2022-02-02,63.536552,63.321777,62.744104,63.906855,17489000.0,0,1,0.0056107579895911175,0.05344875759214242,-0.03391802987751573,-0.00987222417180419,0.009197334203092782,0.057110701234607354,0.039596267014752905,0.008262106198925236,0.04592308282111759,0.0,0.008957189041579139,-0.009164684983937623,-0.001596353521410502,-0.025274518852942022,-0.0326612910354885,-1.792265999999998,62.754877330433835,56.952569,1.8456166042361242,1.162751,-40428739.417047955,118777500.0,63.914261,67.750598,65.299194,1,0.060023176987057614
2022-02-03,63.506928,63.914261,63.188468,64.269752,19179400.0,0,1,-0.0004663600294468551,0.0056107579895911175,0.05344875759214242,-0.03391802987751573,0.005546587332675473,0.014859802232793198,0.06277316926430751,0.045258735044453074,0.009197334203092782,0.04592308282111759,0.0,-0.011420697173048038,-0.009164684983937623,-0.001596353521410502,-0.025274518852942022,-0.7109810000000039,62.62156420361692,56.952569,1.7910214182192579,1.0812839999999966,-48310697.257541195,99598100.0,63.506928,67.987592,65.299194,1,0.07055394019373762
2022-02-04,65.158479,63.506928,63.358807,65.299194,24535400.0,0,1,0.025673438610345708,-0.0004663600294468551,0.0056107579895911175,0.05344875759214242,0.027830690864429332,0.0214371798519964,0.030750394752114264,0.07866376178362858,0.005546587332675473,0.009197334203092782,0.04592308282111759,-0.0023350838948581394,-0.011420697173048038,-0.009164684983937623,-0.001596353521410502,2.2736599999999996,66.84967357165861,56.952569,1.801690388346454,1.9403870000000012,-27333864.503147356,124133500.0,65.284382,69.972415,66.832247,1,0.0718094107102063
2022-02-07,66.750781,65.284382,65.284382,66.832247,24915800.0,0,1,0.02414355666647536,0.025673438610345708,-0.0004663600294468551,0.0056107579895911175,0.023432868953843302,0.05103670127269994,0.044643190260266995,0.05395640516038465,0.027830690864429332,0.005546587332675473,0.009197334203092782,0.0,-0.0023350838948581394,-0.011420697173048038,-0.009164684983937623,4.636191000000004,70.33388068621508,56.952569,1.7925530748931353,1.6737679999999955,-5040761.65412602,149049300.0,66.987774,69.972415,69.972415,1,0.04455501088900182
2022-02-08,67.683944,66.987774,66.284199,67.750598,26598600.0,0,1,0.013882990245327248,0.02414355666647536,0.025673438610345708,-0.0004663600294468551,0.011323161161161398,0.037080451660644505,0.06468428397950109,0.05829077296706817,0.023432868953843302,0.027830690864429332,0.005546587332675473,-0.010558582132103655,0.0,-0.0023350838948581394,-0.011420697173048038,5.428638999999997,72.17932350715863,56.952569,1.769256355257911,1.4663989999999956,19139801.939138845,175647900.0,66.654502,69.972415,69.972415,1,0.0497777779511428
2022-02-09,67.698756,66.654502,66.158296,67.987592,24815300.0,0,1,0.00021881673299618769,0.013882990245327248,0.02414355666647536,0.025673438610345708,0.019802626707837282,0.014815092810127495,0.04057238330961095,0.06817621562846737,0.011323161161161398,0.023432868953843302,0.027830690864429332,-0.007472296590151643,-0.010558582132103655,0.0,-0.0023350838948581394,5.2657060000000016,72.20887550526972,56.952569,1.7735449013109172,1.8292959999999994,36118697.12460901,200463200.0,68.468985,69.972415,69.972415,1,0.02195782513790734
2022-02-10,69.520645,68.468985,68.157931,69.972415,47888900.0,0,1,0.026555954254970343,0.00021881673299618769,0.013882990245327248,0.02414355666647536,0.021720223941658116,0.04857850172398629,0.043590967826276604,0.06934825832575986,0.019802626707837282,0.011323161161161398,0.023432868953843302,-0.004553341999191083,-0.007472296590151643,-0.010558582132103655,0.0,6.94688,75.63690476899961,56.952569,1.8092673369315657,2.273658999999995,60160852.426943004,248352100.0,69.142937,69.172561,66.284199,0,-0.04134533654536543
2022-02-11,68.113495,69.142937,67.839471,69.172561,34555300.0,0,1,-0.020448400832229437,0.026555954254970343,0.00021881673299618769,0.013882990245327248,0.00042835402946626855,0.010223397636216047,0.03708167541854439,0.032094141520834854,0.021720223941658116,0.019802626707837282,0.011323161161161398,-0.01903171892551811,-0.004553341999191083,-0.007472296590151643,-0.010558582132103655,6.154432999999997,68.59876535945784,56.952569,1.8001178128650253,1.6811739999999986,39811617.32458669,213796800.0,67.476574,68.261616,63.432868,0,-0.059927553523983046
2022-02-14,67.817253,67.476574,67.261798,68.261616,22804400.0,0,1,-0.004358726386358979,-0.020448400832229437,0.026555954254970343,0.00021881673299618769,0.011567131595062948,-0.012828295234064962,-0.003033251627315135,0.023825026155013085,0.00042835402946626855,0.021720223941658116,0.019802626707837282,-0.0031880477509249753,-0.01903171892551811,-0.004553341999191083,-0.007472296590151643,7.9244799999999955,67.18145666156154,56.952569,1.7429535405175238,0.9998180000000048,42345464.88964318,190992400.0,65.928708,67.113677,63.566177,0,-0.03583463216054528
2022-02-15,65.802805,65.928708,64.951109,66.610066,29624900.0,0,1,-0.030154164999142075,-0.004358726386358979,-0.020448400832229437,0.026555954254970343,0.010281730875406233,-0.012924778523388091,-0.0373202053525161,-0.027525161745766233,0.011567131595062948,0.00042835402946626855,0.021720223941658116,-0.014939158747743504,-0.0031880477509249753,-0.01903171892551811,-0.004553341999191083,2.6217430000000093,58.3526351024122,56.952569,1.8231814304805574,2.8661439999999914,43138964.9209883,161367500.0,66.239763,67.113677,63.618019,0,-0.03957961021086387
2022-02-16,66.284199,66.239763,65.987957,67.113677,20774700.0,0,1,0.007289076393851829,-0.030154164999142075,-0.004358726386358979,-0.020448400832229437,0.013106921139371957,0.017813876920017718,-0.005392632478776588,-0.029788059307904576,0.010281730875406233,0.011567131595062948,0.00042835402946626855,-0.003808676492217608,-0.014939158747743504,-0.0031880477509249753,-0.01903171892551811,2.7476470000000006,59.71509874444298,56.952569,1.7865878997319453,1.3108719999999892,33298313.66739083,182142200.0,65.802805,65.913896,64.721521,0,-0.016432187047345614
2022-02-17,63.432868,65.802805,63.225498,65.913896,36259300.0,0,1,-0.043969393174371645,0.007289076393851829,-0.030154164999142075,-0.004358726386358979,0.001686817624457283,-0.004931647945590208,-0.00022469216494422006,-0.023431201563738634,0.013106921139371957,0.010281730875406233,0.011567131595062948,-0.03995479744591743,-0.003808676492217608,-0.014939158747743504,-0.0031880477509249753,-0.0740600000000029,49.40544940399719,56.952569,1.8774531211796635,3.0587009999999992,2632747.2150276965,145882900.0,64.017946,65.425097,65.425097,1,0.02198057088554517
2022-02-18,63.566177,64.017946,63.269934,64.454903,22503500.0,0,1,0.0020993708883671604,-0.043969393174371645,0.007289076393851829,-0.030154164999142075,0.0068023506648314915,-0.020696665633986828,-0.027315131204034292,-0.02260817542338833,0.001686817624457283,0.013106921139371957,0.010281730875406233,-0.01175321029334965,-0.03995479744591743,-0.003808676492217608,-0.014939158747743504,-1.5923019999999966,49.84146408113877,56.952569,1.8279899696668305,1.1849690000000024,-8618974.298783926,168386400.0,64.136443,65.425097,65.425097,1,0.020092383358397248
2022-02-21,63.618019,64.136443,63.321777,65.165885,14561000.0,0,1,0.0008152271194316691,0.0020993708883671604,-0.043969393174371645,0.007289076393851829,0.015923359886459217,0.01777264549727415,-0.009726370801544124,-0.016344836371591683,0.0068023506648314915,0.001686817624457283,0.013106921139371957,-0.012783437492065801,-0.01175321029334965,-0.03995479744591743,-0.003808676492217608,-3.1327620000000067,50.02184249676227,56.952569,1.8291412575477715,1.8441080000000056,-18501745.299180888,182947400.0,64.203097,68.439361,68.439361,1,0.06598223758582877
2022-02-22,64.721521,64.203097,63.543958,64.728927,23591200.0,0,1,0.017197025880896267,0.0008152271194316691,0.0020993708883671604,-0.043969393174371645,0.008156746463485888,0.009195459957283615,0.011044745568098339,-0.01645427073071992,0.015923359886459217,0.0068023506648314915,0.001686817624457283,-0.010319531036522233,-0.012783437492065801,-0.01175321029334965,-0.03995479744591743,-2.962423000000001,53.828062407880594,56.952569,1.7831289534372161,1.1849689999999953,4794566.940548464,206538600.0,65.239945,73.838376,68.439361,1,0.13179703017836686
2022-02-23,64.040164,65.239945,63.358807,65.425097,24413800.0,0,1,-0.010583324685507604,0.017197025880896267,0.0008152271194316691,0.0020993708883671604,0.002833996317411488,0.018854481620990567,0.019893195114788313,0.02174248072560329,0.008156746463485888,0.015923359886459217,0.0068023506648314915,-0.029258016296615983,-0.010319531036522233,-0.012783437492065801,-0.01175321029334965,-3.6585919999999987,51.23355788280598,56.952569,1.8033547424774148,2.066289999999995,-3518382.2334782453,182124800.0,62.670044,74.993721,65.202915,1,0.1966438223659137
2022-02-24,64.832612,62.670044,62.010905,65.202915,37212500.0,0,1,0.012298299339814212,-0.010583324685507604,0.017197025880896267,0.0008152271194316691,0.039620610195513335,-0.0005677581892135776,0.0154527271143658,0.016491440608163318,0.002833996317411488,0.008156746463485888,0.015923359886459217,-0.010573309651108044,-0.029258016296615983,-0.010319531036522233,-0.012783437492065801,-4.688033000000004,54.01000727088,56.952569,1.9025444037290282,3.1920100000000033,25060122.016195007,219337300.0,64.077194,75.608423,68.439361,1,0.17995839518191126
2022-02-25,68.343083,64.077194,63.025535,68.439361,51028300.0,0,1,0.05273160997704715,0.012298299339814212,-0.010583324685507604,0.017197025880896267,0.06585959954756514,0.08806454600851732,0.047876177623790574,0.06389666292736991,0.039620610195513335,0.002833996317411488,0.008156746463485888,-0.016548551054687187,-0.010573309651108044,-0.029258016296615983,-0.010319531036522233,0.22958799999999258,63.83329620396536,56.952569,2.1533502320340983,5.413826000000007,74273475.37128967,270365600.0,73.297734,78.43013,74.993721,1,0.07002120965976921
2022-03-02,73.801346,73.297734,71.883177,73.838376,42191500.0,0,1,0.07683661158095842,0.05273160997704715,0.012298299339814212,-0.010583324685507604,0.007348902090362909,0.14179008366567356,0.16399503012662595,0.12380666174189912,0.06585959954756514,0.039620610195513335,0.002833996317411488,-0.019487434759848103,-0.016548551054687187,-0.010573309651108044,-0.029258016296615983,5.984093000000001,73.36095151631979,56.952569,2.392060429745949,5.495293000000004,114866824.75337297,312557100.0,74.208679,79.326263,78.43013,1,0.06896206843946096
2022-03-03,73.838376,74.208679,73.690255,74.993721,38621400.0,0,1,0.0005016265307853329,0.07683661158095842,0.05273160997704715,0.012298299339814212,0.010523279043456894,0.022874695668680483,0.1573158772439914,0.1795208237049436,0.007348902090362909,0.06585959954756514,0.039620610195513335,-0.007010545772824251,-0.019487434759848103,-0.016548551054687187,-0.010573309651108044,8.03557099999999,73.41212496362263,56.952569,2.3143036847640954,1.3034660000000002,85023007.58161724,351178500.0,73.082958,79.326263,75.608423,1,0.08542764511529466
2022-03-04,75.519551,73.082958,72.668219,75.608423,30533200.0,0,1,0.02251297992137813,0.0005016265307853329,0.07683661158095842,0.05273160997704715,0.03397248544203085,0.01868658133503574,0.031037997960259182,0.16547917953557,0.010523279043456894,0.007348902090362909,0.06585959954756514,-0.00569107060301553,-0.007010545772824251,-0.019487434759848103,-0.016548551054687187,9.235352000000006,75.6949199797825,56.952569,2.359010850138089,2.9402040000000085,113710385.62477353,381711700.0,77.348846,79.326263,79.326263,1,0.025564919223229232
2022-03-07,77.815428,77.348846,76.926701,78.43013,55305300.0,0,1,0.029948138492083522,0.02251297992137813,0.0005016265307853329,0.07683661158095842,0.013882507042874121,0.07061295787106485,0.055327053764069725,0.06767847038929319,0.03397248544203085,0.010523279043456894,0.007348902090362909,-0.005472624298516367,-0.00569107060301553,-0.007010545772824251,-0.019487434759848103,14.382559999999998,78.41986543089017,56.952569,2.3984085751282254,2.9105789999999985,123790698.58434767,437017000.0,79.237391,79.326263,74.439098,0,-0.060555918606658876
2022-03-08,74.401236,79.237391,73.853188,79.326263,53060200.0,0,1,-0.04486716026246022,0.029948138492083522,0.02251297992137813,0.0005016265307853329,0.0011209631849939726,0.025243601473703373,0.08197405230189413,0.06668814819489892,0.013882507042874121,0.03397248544203085,0.010523279043456894,-0.07036911936742163,-0.005472624298516367,-0.00569107060301553,-0.007010545772824251,10.835058999999994,66.48288175269231,56.952569,2.6180276054762084,5.473074999999994,81356896.53781979,383956800.0,73.67002,75.685005,75.685005,1,0.02735149250672131
2022-03-09,72.439494,73.67002,71.185896,73.67771,41051200.0,0,1,-0.026720906704572406,-0.04486716026246022,0.029948138492083522,0.02251297992137813,0.00010437894098536462,-0.07274798488144442,-0.048625346592735076,0.008105104235455681,0.0011209631849939726,0.013882507042874121,0.03397248544203085,-0.03430122326771735,-0.07036911936742163,-0.005472624298516367,-0.00569107060301553,8.821475,60.75987796351401,56.952569,2.660692776513622,3.2153399999999976,81610306.12553361,342905600.0,72.677908,75.685005,74.831328,1,0.04137566810536164
2022-03-10,74.831328,72.677908,72.354896,74.831328,33107000.0,0,1,0.03248497292804336,-0.026720906704572406,-0.04486716026246022,0.029948138492083522,0.029199161423449804,0.0156406886521365,-0.05721167517029326,-0.03308903688158383,0.00010437894098536462,0.0011209631849939726,0.013882507042874121,-0.004454337572851002,-0.03430122326771735,-0.07036911936742163,-0.005472624298516367,10.109807000000004,64.74472893403563,56.952569,2.6475312924769345,2.4764320000000026,114717306.12553361,376012600.0,74.931308,75.685005,70.086114,0,-0.06466180998735549
2022-03-11,74.439098,74.931308,74.416026,75.685005,24321500.0,0,1,-0.005255306268435273,0.03248497292804336,-0.026720906704572406,-0.04486716026246022,0.01000825576141528,0.04054259687351466,0.02698412410220124,-0.04586823972022852,0.029199161423449804,0.00010437894098536462,0.0011209631849939726,-0.006900478647490981,-0.004454337572851002,-0.03430122326771735,-0.07036911936742163,10.398933999999997,63.60405634762856,56.952569,2.5490632715857253,1.2689790000000016,91280211.06525283,351691100.0,73.047066,73.216263,72.524093,0,-0.0071593977504860185
2022-03-14,70.447581,73.047066,70.178404,73.216263,37013000.0,0,1,-0.055112413212934364,-0.005255306268435273,0.03248497292804336,-0.026720906704572406,0.002313595302785071,-0.02315423209455944,0.007380109017539902,-0.0061783637537734335,0.01000825576141528,0.029199161423449804,0.00010437894098536462,-0.04006334474437968,-0.006900478647490981,-0.004454337572851002,-0.03430122326771735,5.614969000000002,53.31078297340538,56.952569,2.6713226093296023,4.260694000000001,60826467.63443525,314678100.0,68.440286,73.900743,72.20108,1,0.07978425163214542
2022-03-15,68.424905,68.440286,67.125162,68.894043,46984100.0,0,1,-0.029132034802041327,-0.055112413212934364,-0.005255306268435273,0.03248497292804336,0.006608087788102189,-0.058534257472909704,-0.08400208487025415,-0.05346774375815475,0.002313595302785071,0.01000825576141528,0.029199161423449804,-0.019402661624105665,-0.04006334474437968,-0.006900478647490981,-0.004454337572851002,0.0818220000000025,48.984632975811756,56.952569,2.7178294943774874,3.3224189999999965,82888566.9958393,267694000.0,70.670614,76.469465,72.20108,1,0.08205462881644121
2022-03-16,70.086114,70.670614,68.686392,72.20108,37631000.0,0,1,0.02398781942901925,-0.029132034802041327,-0.055112413212934364,-0.005255306268435273,0.021425161301216248,0.053493376377614095,-0.011648968883397726,-0.03711679628074222,0.006608087788102189,0.002313595302785071,0.01000825576141528,-0.02847874192891523,-0.019402661624105665,-0.04006334474437968,-0.006900478647490981,-3.7152320000000003,52.4010180348074,56.952569,2.793425601921953,3.776175000000009,75230605.0475809,305325000.0,71.447383,76.469465,73.047066,1,0.07029063611749087
2022-03-17,72.524093,71.447383,71.185896,73.047066,40577800.0,0,1,0.03419413792350547,0.02398781942901925,-0.029132034802041327,-0.055112413212934364,0.02214269642586062,0.03307413018461397,0.06514234526101197,0.0,0.021425161301216248,0.006608087788102189,0.002313595302785071,-0.003666567785298119,-0.02847874192891523,-0.019402661624105665,-0.04006334474437968,-1.3142830000000032,56.95677900574271,56.952569,2.8053917732132425,2.960952000000006,93004369.09234813,345902800.0,73.37777,76.469465,76.469465,1,0.04213394601662057
2022-03-18,73.900743,73.37777,72.139554,73.900743,45353600.0,0,1,0.018804058133948795,0.03419413792350547,0.02398781942901925,-0.029132034802041327,0.007101853317430626,0.0337616053376181,0.04469303909637121,0.07676125417276922,0.02214269642586062,0.021425161301216248,0.006608087788102189,-0.01701853568016664,-0.003666567785298119,-0.02847874192891523,-0.019402661624105665,-1.6188080000000014,59.32421100419592,56.952569,2.730805860840868,1.7611890000000017,138357969.09234813,391256400.0,74.8544,76.469465,76.469465,1,0.021576086375683978
2022-03-21,75.992636,74.8544,74.715966,76.469465,25310100.0,0,1,0.027913558824078085,0.018804058133948795,0.03419413792350547,0.02398781942901925,0.021346617450948176,0.04127048211061496,0.06793023413080249,0.07886166788955556,0.007101853317430626,0.02214269642586062,0.021425161301216248,-0.0018510891325763522,-0.01701853568016664,-0.003666567785298119,-0.02847874192891523,-1.8227919999999926,62.68298128456298,56.952569,2.7192284422093773,2.568721999999994,149902917.61761123,416566500.0,75.761913,76.107998,73.239336,0,-0.033296110144420576
2022-03-22,74.292973,75.761913,73.977651,76.107998,29406700.0,0,1,-0.022620069646841864,0.027913558824078085,0.018804058133948795,0.03419413792350547,0.004557658548705846,0.016608464526658713,0.03653232918632533,0.06319208120651278,0.021346617450948176,0.007101853317430626,0.02214269642586062,-0.023832665275611186,-0.0018510891325763522,-0.01701853568016664,-0.003666567785298119,-0.10826299999999378,58.45916553882441,56.952569,2.6771654820515645,2.1303470000000004,129201446.81961472,387159800.0,74.985144,76.092617,73.323934,0,-0.022153854902245862
2022-03-23,74.131467,74.985144,74.054559,76.092617,26235000.0,0,1,-0.0021762731763482457,-0.022620069646841864,0.027913558824078085,0.018804058133948795,0.014661229162516443,0.004355543727391227,0.016406349705344058,0.03633021436501071,0.004557658548705846,0.021346617450948176,0.007101853317430626,-0.012487908588092888,-0.023832665275611186,-0.0018510891325763522,-0.01701853568016664,1.6919730000000044,58.05882086369135,56.952569,2.6315149476193107,2.0380580000000066,104946450.70566711,360924800.0,73.985342,75.600406,75.600406,1,0.02182951320276394
2022-03-24,74.531387,73.985342,73.300862,75.062051,23021400.0,0,1,0.005380240644461198,-0.0021762731763482457,-0.022620069646841864,0.027913558824078085,0.01444812563793977,0.0010251042245038192,-0.009280581210621494,0.002770224767331348,0.014661229162516443,0.004557658548705846,0.021346617450948176,-0.0092946237881221,-0.012487908588092888,-0.023832665275611186,-0.0018510891325763522,-0.299941000000004,58.81101795451155,56.952569,2.5693488085036456,1.7611890000000017,114094690.91463955,383946200.0,75.138959,75.600406,73.731546,0,-0.018730802485565468
2022-03-25,73.239336,75.138959,72.524093,75.600406,22409100.0,0,1,-0.017487684995056155,0.005380240644461198,-0.0021762731763482457,-0.022620069646841864,0.006122467630524625,0.021594661038997067,0.008171639625561151,-0.0021340458095642934,0.01444812563793977,0.014661229162516443,0.004557658548705846,-0.035420362014048794,-0.0092946237881221,-0.012487908588092888,-0.023832665275611186,-1.1997620000000069,55.35677402743815,56.952569,2.6055605364676717,3.076313000000013,102105825.72904234,361537100.0,73.600803,74.685203,73.523895,0,-0.001044934251600571
2022-03-28,73.323934,73.600803,71.993429,74.093013,16196200.0,0,1,0.001154423061047455,-0.017487684995056155,0.005380240644461198,-0.0021762731763482457,0.00666530035694241,-0.014017949552569995,0.0014542438559023052,-0.011968777557533608,0.006122467630524625,0.01444812563793977,0.014661229162516443,-0.022081085039035882,-0.035420362014048794,-0.0092946237881221,-0.012487908588092888,2.8763529999999946,55.540902128797754,56.952569,2.569419355291409,2.099583999999993,106436668.30604795,377733300.0,73.323934,74.985144,74.985144,1,0.022655767487871126
2022-03-29,72.69329,73.323934,71.831922,73.570039,38182500.0,0,1,-0.00863799357373656,0.001154423061047455,-0.017487684995056155,0.005380240644461198,0.0033507873092601327,-0.00041807194998713486,-0.021101321859499526,-0.005629128451027129,0.00666530035694241,0.006122467630524625,0.01444812563793977,-0.020558103391258152,-0.022081085039035882,-0.035420362014048794,-0.0092946237881221,4.268385000000009,53.76082315383708,56.952569,2.5100406156277364,1.7381169999999884,106098782.51786473,339550800.0,74.077631,75.561952,75.561952,1,0.020037371335484666
2022-03-30,73.731546,74.077631,73.270099,74.685203,21951600.0,0,1,0.01418165701151857,-0.00863799357373656,0.001154423061047455,-0.017487684995056155,0.00816837595627342,0.018394910099022308,0.014626050839775064,-0.006057199069737319,0.0033507873092601327,0.00666530035694241,0.006122467630524625,-0.010961011547025395,-0.020558103391258152,-0.022081085039035882,-0.035420362014048794,3.6454319999999996,56.24703805258962,56.952569,2.473031500225755,1.9919129999999967,98463444.73633043,361502400.0,74.154539,75.561952,73.147046,0,-0.01358639691631014
2022-03-31,73.523895,74.154539,73.339316,74.516006,17875800.0,0,1,-0.0028202847545455694,0.01418165701151857,-0.00863799357373656,0.001154423061047455,0.004862667480723095,0.0059003370621770355,0.01612687120492573,0.012358011945678595,0.00816837595627342,0.0033507873092601327,0.00666530035694241,-0.01105444429153772,-0.010961011547025395,-0.020558103391258152,-0.022081085039035882,0.9998020000000025,55.603103302941136,56.952569,2.3804356787810588,1.1766900000000078,86195744.21571748,343626600.0,74.431407,75.561952,74.254519,0,-0.0023765236629208486
2022-04-01,74.569841,74.431407,73.885362,74.985144,22407600.0,0,1,0.014125693903285353,-0.0028202847545455694,0.01418165701151857,-0.00863799357373656,0.0074120240548532935,0.011138733449520634,0.012176403030974352,0.022402937173723204,0.004862667480723095,0.00816837595627342,0.0033507873092601327,-0.007363260011439318,-0.01105444429153772,-0.010961011547025395,-0.020558103391258152,0.6690979999999911,58.19900782317562,56.952569,2.3147794874395555,1.4612490000000093,91680093.05721487,366034200.0,74.423716,75.561952,74.700585,0,0.0037201716721588785
2022-04-04,75.323538,74.423716,74.254519,75.561952,16849500.0,0,1,0.010056526272644167,0.014125693903285353,-0.0028202847545455694,0.01418165701151857,0.015178221588471905,0.015074886213083501,0.018801595607750757,0.019839265189204567,0.0074120240548532935,0.004862667480723095,0.00816837595627342,-0.0022760167019773006,-0.007363260011439318,-0.01105444429153772,-0.010961011547025395,-0.6690980000000053,60.013366512121905,56.952569,2.242826166908159,1.3074330000000032,102384487.81205112,382883700.0,74.877473,75.200486,73.177809,0,-0.02269927031324892
2022-04-05,73.147046,74.877473,72.924014,75.200486,25699300.0,0,1,-0.029320931725711544,0.010056526272644167,0.014125693903285353,-0.0028202847545455694,0.0043046094300452364,0.01038303921523319,0.010279703839844867,0.014006413234512152,0.015178221588471905,0.0074120240548532935,0.004862667480723095,-0.026435089348930477,-0.0022760167019773006,-0.007363260011439318,-0.01105444429153772,-1.1459270000000004,52.875969220188864,56.952569,2.2540188692718615,2.3995239999999995,81720844.98472892,357184400.0,73.316244,75.131269,75.131269,1,0.0247561099829392
2022-04-06,74.254519,73.316244,73.316244,74.385262,22553100.0,0,1,0.015026893908050044,-0.029320931725711544,0.010056526272644167,0.014125693903285353,0.014475636655081453,-0.006595253452318435,-0.0005168236671303741,-0.0006201590425186602,0.0043046094300452364,0.015178221588471905,0.0074120240548532935,0.0,-0.026435089348930477,-0.0022760167019773006,-0.007363260011439318,0.12305200000000127,55.75917633653242,56.952569,2.181461521466728,1.2382159999999942,98757368.1762937,379737500.0,73.446987,75.131269,75.131269,1,0.02293194137425969
2022-04-07,74.700585,73.446987,73.170119,75.131269,19909600.0,0,1,0.005989285649750767,0.015026893908050044,-0.029320931725711544,0.010056526272644167,0.022672956285463158,0.024454642797746975,0.003383752690346998,0.00946218247553509,0.014475636655081453,0.0043046094300452364,0.015178221588471905,-0.003776753431493861,0.0,-0.026435089348930477,-0.0022760167019773006,0.16919800000000862,56.90292824372798,56.952569,2.165724984219105,1.9611500000000035,109922357.95637174,399647100.0,74.323736,74.908236,71.831922,0,-0.03352649011077691
2022-04-08,73.177809,74.323736,72.770198,74.908236,26820000.0,0,1,-0.020595704164837136,0.005989285649750767,0.015026893908050044,-0.029320931725711544,0.007833482075917499,0.01969996374891073,0.021481650261194675,0.00041076015379477973,0.022672956285463158,0.014475636655081453,0.0043046094300452364,-0.02112385909193631,-0.003776753431493861,0.0,-0.026435089348930477,-0.06152699999999811,51.96399927325276,56.952569,2.1637473424891693,2.1380380000000088,93328674.81322838,372827100.0,72.147244,73.531585,70.82443,0,-0.018334920735156524
2022-04-11,72.293369,72.147244,71.462765,72.839415,16476200.0,0,1,-0.012159809386008837,-0.020595704164837136,0.005989285649750767,0.015026893908050044,0.00954813723356151,-0.020173138823026574,-0.00830665715003325,-0.006524970637749405,0.007833482075917499,0.022672956285463158,0.014475636655081453,-0.009532541470311054,-0.02112385909193631,-0.003776753431493861,0.0,-1.0305649999999957,49.288172960101626,56.952569,2.1316971037399424,1.7150439999999918,96734358.5524503,356350900.0,73.139355,73.531585,69.65543,0,-0.0476340678694801
2022-04-12,71.80885,73.139355,71.70887,73.531585,16757000.0,0,1,-0.006724682371231799,-0.012159809386008837,-0.020595704164837136,0.005989285649750767,0.005348447824866422,0.019005955511249003,-0.01071532054533915,0.0011511611276541617,0.00954813723356151,0.007833482075917499,0.022672956285463158,-0.019752144121987638,-0.009532541470311054,-0.02112385909193631,-0.003776753431493861,-0.8844399999999979,47.834964466725786,56.952569,2.109626953472804,1.8227150000000023,81815676.5121972,339593900.0,71.901139,72.585619,67.432794,0,-0.062145677553174794
2022-04-13,71.831922,71.901139,71.378166,72.585619,23641400.0,0,1,0.00032124583956448657,-0.006724682371231799,-0.012159809386008837,-0.020595704164837136,0.009474710761817367,-0.007599777168697161,0.006057730517685367,-0.023663545538902677,0.005348447824866422,0.00954813723356151,0.007833482075917499,-0.007300081787609358,-0.019752144121987638,-0.009532541470311054,-0.02112385909193631,-1.8996239999999887,47.91371757129564,56.952569,2.045185956796175,1.207453000000001,75942963.32385826,363235300.0,71.762705,72.293369,65.679295,0,-0.08477119138694678
2022-04-14,70.82443,71.762705,70.263002,72.293369,24666100.0,0,1,-0.014124975672347684,0.00032124583956448657,-0.006724682371231799,-0.012159809386008837,0.0073674977477035785,0.005440303834582207,-0.011634184095932133,0.0020233235904503397,0.009474710761817367,0.005348447824866422,0.00954813723356151,-0.021119539196002426,-0.007300081787609358,-0.019752144121987638,-0.009532541470311054,-2.6994649999999893,44.73756357556458,56.952569,2.0441274598821626,2.0303669999999983,64917982.580426335,338569200.0,70.455272,70.755212,61.872357,0,-0.12182076310769185
2022-04-18,69.65543,70.455272,69.224746,70.755212,14726000.0,0,1,-0.01664333925680652,-0.014124975672347684,0.00032124583956448657,-0.006724682371231799,0.004248132894657774,-0.014138710480331168,-0.01606590439345248,-0.033140392323966913,0.0073674977477035785,0.009474710761817367,0.005348447824866422,-0.017619668904231018,-0.021119539196002426,-0.007300081787609358,-0.019752144121987638,-4.914411000000001,41.31532382322182,56.952569,2.012381498462009,1.5996840000000105,58479984.51447776,323843200.0,68.978641,68.978641,60.81872,0,-0.11829634335648909
2022-04-19,67.432794,68.978641,66.786768,68.978641,34425200.0,0,1,-0.03242920097087347,-0.01664333925680652,-0.014124975672347684,0.00032124583956448657,0.0,-0.02118116280796333,-0.039568006182952156,-0.041495200096073444,0.004248132894657774,0.0073674977477035785,0.009474710761817367,-0.032291928862835405,-0.017619668904231018,-0.021119539196002426,-0.007300081787609358,-7.890743999999998,35.72041386317971,56.952569,2.0735443914290084,2.8686620000000005,44347542.58504134,289418000.0,66.60988,66.656025,59.988115,0,-0.09941115342048357
2022-04-20,65.679295,66.60988,64.910217,66.656025,29562400.0,0,1,-0.026347726225447714,-0.03242920097087347,-0.01664333925680652,-0.014124975672347684,0.0006925252463370367,-0.03425146581340576,-0.05543262862136913,-0.07381947199635801,0.0,0.004248132894657774,0.0073674977477035785,-0.025847876761941745,-0.032291928862835405,-0.017619668904231018,-0.021119539196002426,-7.467751000000007,32.03467832863536,56.952569,2.105618149184079,2.5225769999999983,40831295.96181569,259855600.0,64.025776,64.141138,63.195172,0,-0.012972962639296926
2022-04-22,61.872357,64.025776,61.587798,64.141138,38655700.0,0,1,-0.05971022640039832,-0.026347726225447714,-0.03242920097087347,-0.01664333925680652,0.0018001842683691908,-0.0377669783461342,-0.07271096940587693,-0.09389213221384034,0.0006925252463370367,0.0,0.004248132894657774,-0.03882198577507963,-0.025847876761941745,-0.032291928862835405,-0.017619668904231018,-12.382162000000001,25.808455407168392,56.952569,2.2474666385280733,4.091496999999997,10791626.209491337,221199900.0,59.94197,65.794657,61.226331,1,0.09763921672911313
2022-04-25,60.81872,59.94197,59.634339,61.226331,38809700.0,0,1,-0.01717586850591514,-0.05971022640039832,-0.026347726225447714,-0.03242920097087347,0.021200414539468287,-0.0447084101902237,-0.08427557280472721,-0.11921956386447001,0.0018001842683691908,0.0006925252463370367,0.0,-0.00514536167367569,-0.03882198577507963,-0.025847876761941745,-0.032291928862835405,-13.881865000000005,24.39523716237344,56.952569,2.2467917357760685,2.238018000000004,29727783.34407485,182390200.0,60.81872,67.063636,63.602783,1,0.10268081932668105
2022-04-26,59.988115,60.81872,59.872753,61.003298,36808500.0,0,1,-0.013751177051433344,-0.01717586850591514,-0.05971022640039832,-0.026347726225447714,0.0030302919664852205,0.017551000737623,-0.048357823992069025,-0.0879249866065724,0.021200414539468287,0.0018001842683691908,0.0006925252463370367,-0.015676109475942737,-0.00514536167367569,-0.03882198577507963,-0.025847876761941745,-13.189693999999996,23.31154366740075,56.952569,2.167059826077778,1.130544999999998,431239.39535970223,145581700.0,61.880048,67.063636,63.602783,1,0.08376832545443413
2022-04-27,63.195172,61.880048,61.641633,63.602783,49259100.0,0,1,0.052081446562027324,-0.013751177051433344,-0.01717586850591514,-0.05971022640039832,0.027459425850906546,0.04475959093125832,0.05928029970239619,-0.006628525027295931,0.0030302919664852205,0.021200414539468287,0.0018001842683691908,-0.0038602987611505964,-0.015676109475942737,-0.00514536167367569,-0.03882198577507963,-9.098196999999999,35.26834361784332,56.952569,2.2704604099293655,3.6146680000000018,29214036.19560435,194840800.0,65.387045,67.063636,67.063636,1,0.025641027209594824
2022-04-28,64.756401,65.387045,62.164607,65.794657,55847100.0,0,1,0.024404647006758786,0.052081446562027324,-0.013751177051433344,-0.01717586850591514,0.006214484270438084,0.06134083302696312,0.07864099810731492,0.09316170687845259,0.027459425850906546,0.0030302919664852205,0.021200414539468287,-0.0505383316563704,-0.0038602987611505964,-0.015676109475942737,-0.00514536167367569,-7.05244900000001,40.15963791659169,56.952569,2.3675739520772683,3.630050000000004,53114696.52805147,250687900.0,66.279176,67.063636,62.918304,0,-0.05070781205849639
2022-04-29,64.05654,66.279176,64.05654,67.063636,47251100.0,0,1,-0.010866421978017677,0.024404647006758786,0.052081446562027324,-0.013751177051433344,0.011766199294760726,0.025317809513644828,0.08044415827016987,0.0977443233505216,0.006214484270438084,0.027459425850906546,0.0030302919664852205,-0.03410962951642573,-0.0505383316563704,-0.0038602987611505964,-0.015676109475942737,-7.775382000000008,38.746233537668026,56.952569,2.4132540983574637,3.007096000000004,5863596.528051473,203436800.0,63.956559,64.764092,61.780068,0,-0.03403077079240613
2022-05-02,63.771981,63.956559,62.018482,63.987323,31393100.0,0,1,-0.0044522062497651315,-0.010866421978017677,0.024404647006758786,0.052081446562027324,0.0004808983456182901,-0.03519077476025772,-0.02163916454137369,0.03348718421515141,0.011766199294760726,0.006214484270438084,0.027459425850906546,-0.030771649871721454,-0.03410962951642573,-0.0505383316563704,-0.0038602987611505964,-7.05244900000001,38.15818980683408,56.952569,2.3864543770462165,2.0380579999999995,30389455.40477113,172043700.0,63.795053,64.764092,61.341693,0,-0.03845690041201166
2022-05-03,63.448968,63.795053,63.210553,64.764092,27315000.0,0,1,-0.005077995355966004,-0.0044522062497651315,-0.010866421978017677,0.024404647006758786,0.015075665806300473,0.012547226696782742,-0.023124446409093224,-0.009572836190209145,0.0004808983456182901,0.011766199294760726,0.006214484270438084,-0.00920438309780954,-0.030771649871721454,-0.03410962951642573,-0.0505383316563704,-6.206461999999995,37.463138838025515,56.952569,2.3269604215429163,1.5535390000000078,11458288.35006579,144728700.0,63.010593,63.987323,58.826807,0,-0.06639813721480126
2022-05-04,62.918304,63.010593,61.41091,63.202863,33876400.0,0,1,-0.008398806289240378,-0.005077995355966004,-0.0044522062497651315,-0.010866421978017677,0.0030467456454308386,-0.00932604739979275,-0.011854486509310489,-0.04752615961518645,0.015075665806300473,0.0004808983456182901,0.011766199294760726,-0.025715348449253918,-0.00920438309780954,-0.030771649871721454,-0.03410962951642573,-4.514490000000002,36.293525390027355,56.952569,2.3063245342898506,2.0380579999999995,34575662.29569934,110852300.0,62.718343,63.987323,63.987323,1,0.0202329962703256
2022-05-05,61.780068,62.718343,60.81872,63.987323,30840400.0,0,1,-0.018256334793808154,-0.008398806289240378,-0.005077995355966004,-0.0044522062497651315,0.020031028926546863,0.015382130500359368,0.0030093374551360217,0.0004808983456182901,0.0030467456454308386,0.015075665806300473,0.0004808983456182901,-0.030756320368956164,-0.025715348449253918,-0.00920438309780954,-0.030771649871721454,-3.8992269999999962,33.85221680004791,56.952569,2.367915853269147,3.1686030000000045,22449097.29440381,80011900.0,60.911009,62.218442,62.218442,1,0.021464641966446596
2022-05-06,61.341693,60.911009,60.180385,62.218442,25138900.0,0,1,-0.007121029603595096,-0.018256334793808154,-0.008398806289240378,-0.005077995355966004,0.021237520840389316,-0.008002505712088248,-0.012651404138275675,-0.02502419718349918,0.020031028926546863,0.0030467456454308386,0.015075665806300473,-0.012067461479905364,-0.030756320368956164,-0.025715348449253918,-0.00920438309780954,-0.5306640000000016,32.93340141996298,56.952569,2.3443545066070652,2.038057000000002,25959058.127246,54873000.0,59.626648,61.441673,61.441673,1,0.030439829520519046
2022-05-09,58.826807,59.626648,58.511484,59.972733,36952900.0,0,1,-0.04186210619239134,-0.007121029603595096,-0.018256334793808154,-0.008398806289240378,0.005787420688862002,-0.015523921207181145,-0.04476394775965863,-0.049412846185845995,0.021237520840389316,0.020031028926546863,0.0030467456454308386,-0.018879545575256913,-0.012067461479905364,-0.030756320368956164,-0.025715348449253918,-1.9919129999999967,28.203973150547863,56.952569,2.379058398992275,2.8302089999999964,4954294.668930563,17920100.0,58.657609,61.441673,61.441673,1,0.04746296426777308
2022-05-10,58.096182,58.657609,57.5809,59.172892,31822100.0,0,1,-0.012497704960802183,-0.04186210619239134,-0.007121029603595096,-0.018256334793808154,0.008746229208950365,-0.007639056625682477,-0.02895039852172555,-0.058190425074202946,0.005787420688862002,0.021237520840389316,0.020031028926546863,-0.018526386915801194,-0.018879545575256913,-0.012067461479905364,-0.030756320368956164,-1.8919330000000016,26.991265249718616,56.952569,2.3228393704928263,1.5919919999999976,-6268009.186113939,-13902000.0,59.503596,62.018482,61.441673,1,0.042264437261909205
2022-05-11,60.518779,59.503596,59.311326,61.441673,33877400.0,0,1,0.04085376615505005,-0.012497704960802183,-0.04186210619239134,-0.007121029603595096,0.03205157058626679,0.04637101588149157,0.029985730046858616,0.008674388150815567,0.008746229208950365,0.005787420688862002,0.021237520840389316,-0.003236464992687372,-0.018526386915801194,-0.018879545575256913,-0.012067461479905364,-2.6763929999999974,36.70888674501312,56.952569,2.395885915457625,3.3454910000000027,-1742868.8842757633,19975400.0,59.25749,63.002902,61.026371,1,0.06320571458561619
2022-05-12,59.911207,59.25749,58.349978,59.911207,27665000.0,0,1,-0.010090130788038087,0.04085376615505005,-0.012497704960802183,-0.04186210619239134,0.010971397252048163,0.006826835079751145,0.021146280374976012,0.004760994540343245,0.03205157058626679,0.008746229208950365,0.005787420688862002,-0.015433203830475677,-0.003236464992687372,-0.018526386915801194,-0.018879545575256913,-4.845193999999999,35.43503387829842,56.952569,2.379665564353509,2.168801000000002,25922131.115724236,-7689600.0,60.311128,63.002902,62.018482,1,0.04463146502582416
2022-05-13,59.84199,60.311128,59.834299,61.026371,25922500.0,0,1,-0.0011559943190162054,-0.010090130788038087,0.04085376615505005,-0.012497704960802183,0.011789451575106134,0.02941389670120163,0.025269334528904827,0.03958877982412964,0.010971397252048163,0.03205157058626679,0.008746229208950365,-0.007937572248179063,-0.015433203830475677,-0.003236464992687372,-0.018526386915801194,-4.214549999999996,35.28481118056494,56.952569,2.2948374526139723,1.192071999999996,334124.24617278576,-33612100.0,60.511088,63.002902,62.018482,1,0.041179461192302425
2022-05-16,61.633943,60.511088,60.388036,62.018482,23786500.0,0,1,0.029505153048600394,-0.0011559943190162054,-0.010090130788038087,0.04085376615505005,0.024605816425595513,0.02791580674333738,0.04554025186943266,0.04139568969713578,0.011789451575106134,0.010971397252048163,0.03205157058626679,-0.002035615121432616,-0.007937572248179063,-0.015433203830475677,-0.003236464992687372,-2.1380379999999946,42.125340085877234,56.952569,2.2863842059986887,2.176491999999996,12900581.480573772,-9825600.0,62.949067,63.418205,62.49531,0,-0.007208319703928212
2022-05-17,61.372456,62.949067,60.649522,63.002902,29202500.0,0,1,-0.004251606355696671,0.029505153048600394,-0.0011559943190162054,-0.010090130788038087,0.0008548497289218355,0.040354167851032144,0.0436641581687739,0.06128860329486937,0.024605816425595513,0.011789451575106134,0.010971397252048163,-0.03721418502085036,-0.002035615121432616,-0.007937572248179063,-0.015433203830475677,-2.076512000000001,41.43703605294013,56.952569,2.2911696198559253,2.3533800000000014,1639493.521978093,-39028100.0,60.534161,64.333408,61.818521,1,0.0627620328296945
2022-05-18,59.818918,60.534161,59.542049,60.949463,30529800.0,0,1,-0.025639169711674823,-0.004251606355696671,0.029505153048600394,-0.0011559943190162054,0.00683719507495895,-0.03228089370572665,0.007218424416383869,0.010528414734125462,0.0008548497289218355,0.024605816425595513,0.011789451575106134,-0.01652508147817546,-0.03721418502085036,-0.002035615121432616,-0.007937572248179063,-3.0993860000000026,37.51510853613519,56.952569,2.258258004151931,1.830407000000001,-16878552.727952752,-69557900.0,59.818918,64.671802,61.818521,1,0.08112624170166383
2022-05-19,61.41091,59.818918,59.580503,61.818521,29918400.0,0,1,0.026265541222898217,-0.025639169711674823,-0.004251606355696671,0.029505153048600394,0.03288104667933766,0.020995161808336514,-0.018122926972348817,0.021376391149761514,0.00683719507495895,0.0008548497289218355,0.024605816425595513,-0.00399357576225282,-0.01652508147817546,-0.03721418502085036,-0.002035615121432616,-0.36915799999999876,43.424502510601656,56.952569,2.2568122895696496,2.2380179999999967,2141749.989183668,-39639500.0,63.072119,65.217848,64.671802,1,0.03402024593465769
2022-05-20,62.49531,63.072119,61.972337,63.418205,38204400.0,0,1,0.01750400726171827,0.026265541222898217,-0.025639169711674823,-0.004251606355696671,0.0054721476341705435,0.058428999893225704,0.046543115022224475,0.00742502624153903,0.03288104667933766,0.00683719507495895,0.0008548497289218355,-0.017590709642178282,-0.00399357576225282,-0.01652508147817546,-0.03721418502085036,1.1536170000000041,47.09478680492465,56.952569,2.2389896260289603,2.007294999999999,-8425452.588644942,-1435100.0,63.295152,65.217848,64.671802,1,0.03037667087046425
2022-05-23,63.771981,63.295152,63.27208,64.333408,27571600.0,0,1,0.020222410681961855,0.01750400726171827,0.026265541222898217,-0.025639169711674823,0.016270322318444677,0.01980024315671121,0.07275709541576635,0.060871210544765325,0.0054721476341705435,0.03288104667933766,0.00683719507495895,-0.0003645809407534426,-0.017590709642178282,-0.00399357576225282,-0.01652508147817546,4.945173999999994,51.115616118510765,56.952569,2.2103545098840347,1.8380980000000022,-10023799.43486063,26136500.0,62.925994,66.048453,64.671802,1,0.049621131133820384
2022-05-24,64.633348,62.925994,62.29535,64.671802,35091000.0,0,1,0.01341657589288795,0.020222410681961855,0.01750400726171827,0.026265541222898217,0.02736594213350822,0.021516541073937676,0.025046461912204256,0.07800331417125946,0.016270322318444677,0.0054721476341705435,0.03288104667933766,-0.010072553316360422,-0.0003645809407534426,-0.017590709642178282,-0.00399357576225282,6.537165999999999,53.67383353578903,56.952569,2.2222186163208897,2.3764520000000005,23931567.01226302,61227500.0,64.602585,67.225143,66.048453,1,0.040595248626660974
2022-05-25,64.833309,64.602585,64.148829,65.217848,24564500.0,0,1,0.0030889985674200445,0.01341657589288795,0.020222410681961855,0.01750400726171827,0.00947874833546536,0.035773836323450894,0.02992443526388052,0.03345435610214694,0.02736594213350822,0.016270322318444677,0.0054721476341705435,-0.0070485886647687745,-0.010072553316360422,-0.0003645809407534426,-0.017590709642178282,4.314529999999998,54.27209409551271,56.952569,2.1398472151551116,1.0690189999999973,30823774.442158807,85792000.0,64.725638,67.240524,66.048453,1,0.03885455713854835
2022-05-26,64.794855,64.725638,63.910415,65.102486,27348800.0,0,1,-0.000593297011103088,0.0030889985674200445,0.01341657589288795,0.020222410681961855,0.0058053532126978325,0.007708310421562536,0.03400339840954814,0.028153997349977478,0.00947874833546536,0.02736594213350822,0.016270322318444677,-0.012675045529098046,-0.0070485886647687745,-0.010072553316360422,-0.0003645809407534426,4.883648000000001,54.12732978112111,56.952569,2.0721489140726037,1.1920709999999985,44057075.12575898,58443200.0,65.294756,68.27878,67.225143,1,0.04570082167088563
2022-05-27,65.9254,65.294756,65.14094,66.048453,19748100.0,0,1,0.017297597664010095,-0.000593297011103088,0.0030889985674200445,0.01341657589288795,0.011476882264828224,0.02023122636707887,0.022134183575943756,0.048429271563929295,0.0058053532126978325,0.00947874833546536,0.02736594213350822,-0.002358496577504395,-0.012675045529098046,-0.0070485886647687745,-0.010072553316360422,6.0834099999999935,57.6997223071374,56.952569,2.013680991638846,1.2535979999999967,58449741.21065255,78191300.0,66.356084,69.432398,68.27878,1,0.04636069241216845
2022-05-30,66.640643,66.356084,66.148433,67.225143,15828600.0,0,1,0.010790846949689804,0.017297597664010095,-0.000593297011103088,0.0030889985674200445,0.013011877209175939,0.02913560255854313,0.03788994666079383,0.0397929038696586,0.011476882264828224,0.0058053532126978325,0.00947874833546536,-0.0031342504344771677,-0.002358496577504395,-0.012675045529098046,-0.0070485886647687745,5.006699999999995,59.8310306543514,56.952569,1.9626854208075002,1.2997430000000065,57092995.66728426,94019900.0,67.079018,69.432398,69.432398,1,0.03508369785616128
2022-05-31,66.302249,67.079018,65.379354,67.240524,41186400.0,0,1,-0.005090828486460149,0.010790846949689804,0.017297597664010095,-0.000593297011103088,0.002404803879297195,0.013240649362101408,0.029364374711468577,0.03811871881371932,0.013011877209175939,0.011476882264828224,0.0058053532126978325,-0.025664777061331984,-0.0031342504344771677,-0.002358496577504395,-0.012675045529098046,4.929793000000004,58.33350301766108,56.952569,1.9554343193212491,1.8611699999999871,56752646.94470667,52833500.0,66.286867,69.432398,68.27878,1,0.047453306248430804
2022-06-01,67.863478,66.286867,66.140742,68.27878,25988800.0,0,1,0.02327419243643342,-0.005090828486460149,0.010790846949689804,0.017297597664010095,0.02960723705668565,0.017727732551507402,0.02856357803431171,0.04468730338367867,0.002404803879297195,0.013011877209175939,0.011476882264828224,-0.0022068669880701626,-0.025664777061331984,-0.0031342504344771677,-0.002358496577504395,8.044560000000004,62.94199689025106,56.952569,1.968477439369731,2.1380379999999946,72645086.99450938,78822300.0,69.217056,69.901535,69.693884,0,0.00688888010492672
2022-06-02,69.140148,69.217056,68.447977,69.432398,24981700.0,0,1,0.01863756445395478,0.02327419243643342,-0.005090828486460149,0.010790846949689804,0.003106282310389893,0.04636179544678659,0.03448229094160851,0.045318136424412674,0.02960723705668565,0.002404803879297195,0.013011877209175939,-0.011173309363906586,-0.0022068669880701626,-0.025664777061331984,-0.0031342504344771677,7.729237999999995,66.231156433316,56.952569,1.9399376222718936,1.5689200000000056,82793901.82647628,103804000.0,68.832516,69.901535,67.29436,0,-0.022346357352388546
2022-06-03,68.032675,68.832516,67.955767,69.078622,18345000.0,0,1,-0.016147470603741915,0.01863756445395478,0.02327419243643342,-0.005090828486460149,0.0035690556225372086,-0.002002001049332188,0.04125351208706451,0.0293740075818864,0.003106282310389893,0.02960723705668565,0.002404803879297195,-0.012819241345832065,-0.011173309363906586,-0.0022068669880701626,-0.025664777061331984,5.537364999999994,61.15997226087034,56.952569,1.8859692921096156,1.184381000000002,66961919.55360944,85459000.0,68.940187,69.901535,65.017888,0,-0.0568942320971656
2022-06-06,68.101892,68.940187,68.101892,69.055549,14793100.0,0,1,0.0010168909703086534,-0.016147470603741915,0.01863756445395478,0.02327419243643342,0.001671965094258054,0.0032349891124544942,-0.002336067559415021,0.040919445576981794,0.0035690556225372086,0.003106282310389893,0.02960723705668565,-0.01223427814659086,-0.012819241345832065,-0.011173309363906586,-0.0022068669880701626,4.32991100000001,61.3591122363785,56.952569,1.8243196283875005,1.0228740000000016,52168819.55360944,100252100.0,67.863478,69.901535,69.901535,1,0.03003172044910518
2022-06-07,69.693884,67.863478,67.763498,69.901535,26933500.0,0,1,0.023107570985126547,0.0010168909703086534,-0.016147470603741915,0.01863756445395478,0.02958959831986962,0.013848335352757065,0.015411359370953467,0.009840302699084062,0.001671965094258054,0.0035690556225372086,0.003106282310389893,-0.001474338233572697,-0.01223427814659086,-0.012819241345832065,-0.011173309363906586,5.060535999999999,65.71339113871414,56.952569,1.8467280120741074,2.138036999999997,73870634.40643942,127185600.0,69.047858,69.470852,62.972139,0,-0.08799286720813271
2022-06-08,67.29436,69.047858,66.794459,69.470852,26846000.0,0,1,-0.03503613715155889,0.023107570985126547,0.0010168909703086534,-0.016147470603741915,0.0061074105414620486,0.023409258294771924,0.0076679953276595,0.009231019345855735,0.02958959831986962,0.001671965094258054,0.0035690556225372086,-0.03317973037452746,-0.001474338233572697,-0.01223427814659086,-0.012819241345832065,2.4610509999999977,55.55230502792698,56.952569,1.9219206540688136,2.8994249999999937,57053312.74030137,100339600.0,66.90982,66.90982,62.849087,0,-0.06068964166993718
2022-06-09,65.017888,66.90982,64.948671,66.90982,36104100.0,0,1,-0.03441399724058035,-0.03503613715155889,0.023107570985126547,0.0010168909703086534,0.0,-0.03145411576459717,-0.014152268011287293,-0.029893530978399727,0.0061074105414620486,0.02958959831986962,0.001671965094258054,-0.02974846159677024,-0.03317973037452746,-0.001474338233572697,-0.01223427814659086,0.22303300000000092,47.97336707471313,56.952569,1.9521898216353264,2.345688999999993,23497736.57984627,64235500.0,64.118066,65.363973,62.810633,0,-0.020391023646907813
2022-06-10,65.033269,64.118066,63.356678,65.363973,28462800.0,0,1,0.00023653768911440073,-0.03441399724058035,-0.03503613715155889,0.023107570985126547,0.019245070027455666,-0.023374507492230114,-0.054828623256827205,-0.037526775503517316,0.0,0.0061074105414620486,0.02958959831986962,-0.011945849514495996,-0.02974846159677024,-0.03317973037452746,-0.001474338233572697,-0.892130999999992,48.024962123195095,56.952569,1.9561259058042315,2.007294999999999,42581983.042673185,92698300.0,63.141336,64.425697,64.425697,1,0.020341048849520593
2022-06-13,62.972139,63.141336,61.60318,63.733527,30894300.0,0,1,-0.03220657924398914,0.00023653768911440073,-0.03441399724058035,-0.03503613715155889,0.009335108413036624,-0.0060154144430780605,-0.04863499196276375,-0.0800891077273609,0.019245070027455666,0.0,0.0061074105414620486,-0.02466214965080976,-0.011945849514495996,-0.02974846159677024,-0.03317973037452746,-3.6685039999999987,42.01233077535476,56.952569,2.0614089839610723,3.4300890000000024,51392979.910929754,61804000.0,63.318224,64.425697,58.065419,0,-0.0829588176699334
2022-06-14,62.849087,63.318224,62.210751,63.679691,22581500.0,0,1,-0.001955982200200593,-0.03220657924398914,0.00023653768911440073,-0.03441399724058035,0.005692502528068826,0.008490046902953349,-0.006860475953161232,-0.049480053472847015,0.009335108413036624,0.019245070027455666,0.0,-0.017645356141143338,-0.02466214965080976,-0.011945849514495996,-0.02974846159677024,-3.453162000000006,41.67685554016683,56.952569,2.019089770820995,1.4689399999999964,48437311.30499613,39222500.0,63.141336,64.425697,64.425697,1,0.020341048849520593
2022-06-15,62.810633,63.141336,62.710652,64.425697,33550900.0,0,1,-0.0006120338514259324,-0.001955982200200593,-0.03220657924398914,0.00023653768911440073,0.020136933026968406,0.017339388652083735,0.020136933026968406,0.004786410170853731,0.005692502528068826,0.009335108413036624,0.019245070027455666,-0.0068443206677275175,-0.017645356141143338,-0.02466214965080976,-0.011945849514495996,-5.052844999999998,41.5651561929056,56.952569,1.9973722871909239,1.7150449999999964,18798206.660686504,5671600.0,61.026371,61.026371,57.950057,0,-0.05040958440737031
2022-06-17,59.534359,61.026371,58.534557,61.026371,56480100.0,0,1,-0.05357076635923174,-0.0006120338514259324,-0.001955982200200593,-0.03220657924398914,0.0,-0.03406956000542819,-0.03686710438031279,-0.03406956000542819,0.020136933026968406,0.005692502528068826,0.009335108413036624,-0.0416887844476777,-0.0068443206677275175,-0.017645356141143338,-0.02466214965080976,-9.605788999999994,33.36123944388368,56.952569,2.160136838105858,4.276076000000003,7641647.615348601,-50808500.0,58.142327,59.711247,59.711247,1,0.0269841281034382
2022-06-20,58.065419,58.142327,57.104071,58.588392,26651300.0,0,1,-0.02498331934666725,-0.05357076635923174,-0.0006120338514259324,-0.001955982200200593,0.007642669814005087,-0.04076949400543814,-0.07483905401086634,-0.07763659838575089,0.0,0.020136933026968406,0.005692502528068826,-0.018018508317088712,-0.0416887844476777,-0.0068443206677275175,-0.017645356141143338,-9.967255999999999,30.45849505605761,56.952569,2.1794333496697256,2.4302880000000044,15512764.198284507,-77459800.0,59.065221,59.711247,57.38863,0,-0.028385418214214475
2022-06-21,58.449958,59.065221,58.265379,59.711247,20870900.0,0,1,0.006600680632282132,-0.02498331934666725,-0.05357076635923174,-0.0006120338514259324,0.010878120580769752,0.026626476205223376,-0.021785687614219906,-0.05585524761964795,0.007642669814005087,0.0,0.020136933026968406,-0.01363419926725592,-0.018018508317088712,-0.0416887844476777,-0.0068443206677275175,-9.651934000000004,32.12346837438101,56.952569,2.141318681836174,1.6458280000000016,-29392.304937095956,-56588900.0,56.911801,60.734121,58.488412,1,0.06716216905523709
2022-06-22,57.950057,56.911801,56.434973,58.488412,32154000.0,0,1,-0.008589415963110724,0.006600680632282132,-0.02498331934666725,-0.05357076635923174,0.02732593057259171,-0.009813624887841533,0.005934730736612231,-0.04247743308283113,0.010878120580769752,0.007642669814005087,0.0,-0.008413663592648822,-0.01363419926725592,-0.018018508317088712,-0.0416887844476777,-11.743826999999996,31.081641777640478,79.326263,2.1350415617050182,2.0534389999999973,15264825.963051498,-88742900.0,58.788353,61.70316,60.734121,1,0.049581368608846654
2022-06-23,55.835092,58.788353,55.704348,59.457451,31545300.0,0,1,-0.0371789927834278,-0.008589415963110724,0.006600680632282132,-0.02498331934666725,0.01131719044210312,0.043758228921692566,0.006618673461259387,0.022367029085713,0.02732593057259171,0.010878120580769752,0.007642669814005087,-0.053885552125278485,-0.008413663592648822,-0.01363419926725592,-0.018018508317088712,-11.459267999999994,27.08010175594653,79.326263,2.250617378726088,3.753102999999996,-14082634.700697938,-120288200.0,55.973526,61.70316,57.58859,1,0.1023632851001739
2022-06-24,57.38863,55.973526,55.835092,57.58859,22329500.0,0,1,0.027443639472268643,-0.0371789927834278,-0.008589415963110724,0.006600680632282132,0.028445628847960647,-0.020619299251607607,0.011821739227981746,-0.025317816232451402,0.01131719044210312,0.02732593057259171,0.010878120580769752,-0.0024762683452301867,-0.053885552125278485,-0.008413663592648822,-0.01363419926725592,-7.629258,33.820000231233,79.326263,2.2151088516742243,1.7534980000000004,3154179.912720388,-97958700.0,58.834497,61.70316,60.734121,1,0.048758180086081016
2022-06-27,60.026569,58.834497,58.496103,60.734121,28716600.0,0,1,0.04494108079372585,0.027443639472268643,-0.0371789927834278,-0.008589415963110724,0.031777298791726284,0.08162683638455583,0.032561908284987506,0.06500294676457707,0.028445628847960647,0.01131719044210312,0.02732593057259171,-0.005768229912174306,-0.0024762683452301867,-0.053885552125278485,-0.008413663592648822,-5.006700000000002,43.38841827388844,79.326263,2.2958504336974945,3.3454910000000027,13713206.771485636,-69242100.0,61.526272,61.70316,57.757788,0,-0.06124999739948489
2022-06-28,61.103279,61.526272,60.587996,61.70316,25970700.0,0,1,0.017778249984286662,0.04494108079372585,0.027443639472268643,-0.0371789927834278,0.0028708745730709083,0.047606778612560866,0.09745631620539053,0.04839138810582236,0.031777298791726284,0.028445628847960647,0.01131719044210312,-0.015367482940853437,-0.005768229912174306,-0.0024762683452301867,-0.053885552125278485,-1.868859999999998,46.771234867951655,79.326263,2.251617617004816,1.6765909999999948,11743030.834493581,-43271400.0,61.226331,61.595489,57.427084,0,-0.06205250156178721
2022-06-29,60.595687,61.226331,60.018878,61.595489,18587000.0,0,1,-0.00834181193340047,0.017778249984286662,0.04494108079372585,0.027443639472268643,0.0060112952510716225,0.0011243667525517524,0.04586027079204177,0.09570980838487145,0.0028708745730709083,0.031777298791726284,0.028445628847960647,-0.019918196018689875,-0.015367482940853437,-0.005768229912174306,-0.0024762683452301867,-2.253399999999999,45.3941098354775,79.326263,2.2034028586473293,1.5766109999999998,6756277.037266429,-61858400.0,59.211346,60.026569,57.142525,0,-0.034939604311646666
2022-06-30,58.880642,59.211346,58.580701,60.026569,27325600.0,0,1,-0.02871134103150085,-0.00834181193340047,0.017778249984286662,0.04494108079372585,0.013674101942586763,-0.01979006121303542,-0.024676989711555297,0.020058914327934663,0.0060112952510716225,0.0028708745730709083,0.031777298791726284,-0.01070787106234384,-0.019918196018689875,-0.015367482940853437,-0.005768229912174306,-3.929991000000001,41.001343904089794,79.326263,2.1899445116010914,2.0149860000000004,-9232094.682420174,-89184000.0,58.0808,58.85757,57.68088,0,-0.0068855800884285445
2022-07-01,57.757788,58.0808,56.757986,58.85757,26640100.0,0,1,-0.01925418044143344,-0.02871134103150085,-0.00834181193340047,0.017778249984286662,0.01328531302307084,-0.005992721382381896,-0.039456884538004014,-0.04434381303652381,0.013674101942586763,0.0060112952510716225,0.0028708745730709083,-0.02303877559836689,-0.01070787106234384,-0.019918196018689875,-0.015367482940853437,-1.7765710000000041,38.3825301555901,79.326263,2.1851381893438706,2.122655999999999,-10500668.456082122,-115824100.0,56.911801,60.157312,60.157312,1,0.057027030299041215
2022-07-04,57.427084,56.911801,56.588788,57.688571,12381800.0,0,1,-0.0057421587215813275,-0.01925418044143344,-0.02871134103150085,-0.00834181193340047,0.013556359064246758,-0.006776066888499582,-0.026054101293952244,-0.059518264449574296,0.01328531302307084,0.013674101942586763,0.0060112952510716225,-0.005691844860056354,-0.02303877559836689,-0.01070787106234384,-0.019918196018689875,-0.6383349999999979,37.62039720630082,79.326263,2.1125568901050227,1.168999999999997,-4006720.3988745166,-128205900.0,57.173288,60.157312,60.157312,1,0.05219262533930169
2022-07-05,57.142525,57.173288,55.812019,57.234814,26415300.0,0,1,-0.004967453194995577,-0.0057421587215813275,-0.01925418044143344,-0.02871134103150085,0.0010755533018315287,0.0056596310317811056,-0.014672794920965041,-0.03395082932641767,0.013556359064246758,0.01328531302307084,0.013674101942586763,-0.02409755584508136,-0.005691844860056354,-0.02303877559836689,-0.01070787106234384,-1.3074330000000032,36.9406933374108,79.326263,2.077021755097521,1.6150650000000013,18981744.92473145,-154621200.0,57.411702,60.157312,60.157312,1,0.047823177233101255
2022-07-06,57.68088,57.411702,56.558025,58.026965,23073500.0,0,1,0.009377163912609237,-0.004967453194995577,-0.0057421587215813275,-0.01925418044143344,0.01065966615742464,0.014821019997024454,0.01940509772697412,-0.0009273282257719561,0.0010755533018315287,0.013556359064246758,0.01328531302307084,-0.014981047834957262,-0.02409755584508136,-0.005691844860056354,-0.02303877559836689,-0.2691769999999991,39.179554041945266,79.326263,2.0335873440191263,1.4689399999999964,31182925.77282612,-131547700.0,59.418997,60.157312,56.181177,0,-0.054491327075076645
2022-07-07,59.357471,59.418997,59.126747,60.157312,34157100.0,0,1,0.028652244055705198,0.009377163912609237,-0.004967453194995577,-0.0057421587215813275,0.01234900773874434,0.046714847649136304,0.050876201488736124,0.05546027921868603,0.01065966615742464,0.0010755533018315287,0.013556359064246758,-0.0049305961092706106,-0.014981047834957262,-0.02409755584508136,-0.005691844860056354,3.5223789999999937,45.651148793362076,79.326263,2.065219105160617,2.4764319999999955,12320082.302787578,-97390600.0,59.088293,59.880444,55.988907,0,-0.05245346992846789
2022-07-08,57.988511,59.088293,57.911603,59.880444,24012100.0,0,1,-0.023333088786231387,0.028652244055705198,0.009377163912609237,-0.004967453194995577,0.01331715755002484,0.007735984300039965,0.04210182421043197,0.04626317805003173,0.01234900773874434,0.01065966615742464,0.0010755533018315287,-0.020115055064852082,-0.0049305961092706106,-0.014981047834957262,-0.02409755584508136,0.5998810000000034,41.74528202842619,79.326263,2.0583349547920013,1.9688409999999976,-9816068.764007479,-121402700.0,57.027163,57.034854,52.258877,0,-0.08361429447226765
2022-07-11,56.01198,57.027163,55.804328,57.034854,21933700.0,0,1,-0.03467930829073493,-0.023333088786231387,0.028652244055705198,0.009377163912609237,0.000134856461667744,-0.0353702621586698,-0.04095143540865467,-0.006585595498262606,0.01331715755002484,0.01234900773874434,0.01065966615742464,-0.021676269079787733,-0.020115055064852082,-0.0049305961092706106,-0.014981047834957262,-4.014589000000001,36.84379730577445,79.326263,2.067324100878287,2.1841830000000044,-24347118.722642973,-143336400.0,55.373645,56.634933,56.634933,1,0.022777767293447937
2022-07-12,56.181177,55.373645,54.650711,56.273466,22277100.0,0,1,0.0030161755457125405,-0.03467930829073493,-0.023333088786231387,0.028652244055705198,0.01611936888530427,-0.013304570757973835,-0.04880968937831148,-0.054390862628296295,0.000134856461667744,0.01331715755002484,0.01234900773874434,-0.013141533937995368,-0.021676269079787733,-0.020115055064852082,-0.0049305961092706106,-4.922102000000002,37.520089483560106,79.326263,2.0355691651012666,1.622754999999998,-4603896.33435888,-121059300.0,56.104269,56.634933,52.858758,0,-0.057847843984920266
2022-07-13,55.988907,56.104269,55.612059,56.634933,22908800.0,0,1,-0.0034281901456755582,0.0030161755457125405,-0.03467930829073493,-0.023333088786231387,0.009414079747778,0.022522227097983225,-0.006901712545294976,-0.0424068311656326,0.01611936888530427,0.000134856461667744,0.01331715755002484,-0.008811839661324643,-0.013141533937995368,-0.021676269079787733,-0.020115055064852082,-4.6067800000000005,37.034765774539416,79.326263,1.9632337961654613,1.0228739999999945,-10632542.058465777,-143968100.0,54.220027,54.473823,52.97412,0,-0.022978723341469443
2022-07-14,52.258877,54.220027,51.958936,54.473823,57332400.0,0,1,-0.06894381067587493,-0.0034281901456755582,0.0030161755457125405,-0.03467930829073493,0.004669932314246408,-0.029491631534291563,-0.016383484184086364,-0.04580742382736442,0.009414079747778,0.01611936888530427,0.000134856461667744,-0.0425966277391108,-0.008811839661324643,-0.013141533937995368,-0.021676269079787733,-6.6217650000000035,29.155673274203203,79.326263,2.1108578821536423,4.029970999999996,-54289307.814541645,-201300500.0,51.912792,54.135428,54.135428,1,0.04281480371928348
2022-07-15,52.58189,51.912792,51.259075,52.674179,36281800.0,0,1,0.0061619927307568255,-0.06894381067587493,-0.0034281901456755582,0.0030161755457125405,0.014560139636795281,-0.028924968614269596,-0.06308653246280765,-0.04997838511260236,0.004669932314246408,0.009414079747778,0.01611936888530427,-0.012672558276913038,-0.0425966277391108,-0.008811839661324643,-0.013141533937995368,-5.175897999999997,30.533934872680256,79.326263,2.061161176285525,1.4151039999999995,-22739896.44491798,-165018700.0,54.135428,54.135428,52.735706,0,-0.025855933013035348
2022-07-18,52.858758,54.135428,52.835686,54.135428,21928900.0,0,1,0.005251648990822595,0.0061619927307568255,-0.06894381067587493,-0.0034281901456755582,0.0,0.04192359910157358,-0.0015615091494911887,-0.035723072998029265,0.014560139636795281,0.004669932314246408,0.009414079747778,-0.02430199926588235,-0.012672558276913038,-0.0425966277391108,-0.008811839661324643,-4.568325999999999,31.75941636476795,79.326263,2.0249023779794157,1.553537999999996,-43890267.19711345,-143089800.0,52.458837,54.412297,54.412297,1,0.0372379585921816
2022-07-19,52.97412,52.458837,52.28964,53.274061,21678900.0,0,1,0.002180079534273371,0.005251648990822595,0.0061619927307568255,-0.06894381067587493,0.015420747380268622,-0.016039280590704315,0.025884318510869246,-0.017600789740195556,0.0,0.014560139636795281,0.004669932314246408,-0.0032305414264033523,-0.02430199926588235,-0.012672558276913038,-0.0425966277391108,-4.168405,32.29536988016532,79.326263,1.950582279552315,0.9844210000000047,-35421956.86332344,-121410900.0,52.651107,54.781454,54.412297,1,0.04046158041843251
2022-07-20,51.828193,52.651107,50.897608,52.666489,40253800.0,0,1,-0.021869224791677157,0.002180079534273371,0.005251648990822595,0.0061619927307568255,0.0002921069354710305,0.003950566014285983,-0.027509461956686996,0.014414137144886626,0.015420747380268622,0.0,0.014560139636795281,-0.033871335653845425,-0.0032305414264033523,-0.02430199926588235,-0.012672558276913038,-5.852687000000003,29.792330260437172,79.326263,1.9595772595842926,2.076512000000001,-33321768.694531966,-161664700.0,51.766667,54.927579,54.412297,1,0.06106075942652445
2022-07-21,52.735706,51.766667,51.251384,52.77416,26875700.0,0,1,0.01735849171668447,-0.021869224791677157,0.002180079534273371,0.005251648990822595,0.019275229054840942,0.002334412980548024,0.0059928720593631175,-0.025467155911610084,0.0002921069354710305,0.015420747380268622,0.0,-0.010003825393740484,-0.033871335653845425,-0.0032305414264033523,-0.02430199926588235,-6.621764999999996,34.145386258020565,79.326263,1.928377169613986,1.5227760000000004,-7803429.4196813535,-134789000.0,53.681672,54.927579,54.781454,1,0.02320916904376613
2022-07-22,53.227916,53.681672,53.043337,54.412297,27757100.0,0,1,0.009290236231324175,0.01735849171668447,-0.021869224791677157,0.002180079534273371,0.01351853639172622,0.049843728185379965,0.03290291211108692,0.03656137118990204,0.019275229054840942,0.0002921069354710305,0.015420747380268622,-0.011962381039483008,-0.010003825393740484,-0.033871335653845425,-0.0032305414264033523,-4.760595000000002,36.44697734712603,79.326263,1.9103924432129873,1.676591000000002,-28075463.733467035,-107031900.0,54.343079,55.350572,54.366152,0,0.00042458028555936167
2022-07-25,54.212336,54.343079,53.866251,54.781454,19733500.0,0,1,0.01832548846085862,0.009290236231324175,0.01735849171668447,-0.021869224791677157,0.008034441864178376,0.02028006629712129,0.05660525809077498,0.03966444201648218,0.01351853639172622,0.019275229054840942,0.0002921069354710305,-0.008813123347324335,-0.011962381039483008,-0.010003825393740484,-0.033871335653845425,-1.7996440000000007,40.89608475772472,79.326263,1.8849028401263452,1.553537999999996,-32884475.182839345,-87298400.0,54.850671,55.350572,53.643218,0,-0.02201345905139429
2022-07-26,54.112356,54.850671,53.512475,54.927579,19726800.0,0,1,-0.0018459323824317473,0.01832548846085862,0.009290236231324175,0.01735849171668447,0.0014011520967463283,0.010698307954599733,0.02294393238754261,0.05926912418119619,0.008034441864178376,0.01351853639172622,0.019275229054840942,-0.024699615719741413,-0.008813123347324335,-0.011962381039483008,-0.010003825393740484,-2.068821,40.58532619234058,79.326263,1.8513457801173205,1.4151039999999995,-35886380.74285482,-107025200.0,53.812415,55.350572,55.350572,1,0.028583682780265462
2022-07-27,54.235409,53.812415,53.304824,54.312316,21561800.0,0,1,0.002271446077495349,-0.0018459323824317473,0.01832548846085862,0.009290236231324175,0.00924681258975149,-0.009863404792330563,-0.0005662489344773591,0.011679375498465618,0.0014011520967463283,0.008034441864178376,0.01351853639172622,-0.009477368985118497,-0.024699615719741413,-0.008813123347324335,-0.011962381039483008,-1.7534980000000004,41.17776926150987,79.326263,1.7910705101089406,1.0074919999999992,-17616424.9512458,-85463400.0,54.958342,55.350572,54.027757,0,-0.016932552295700676
2022-07-28,54.366152,54.958342,54.073902,55.350572,21603000.0,0,1,0.0024077566097405684,0.002271446077495349,-0.0018459323824317473,0.01832548846085862,0.007111513273343443,0.02818279070987438,0.00907257332779225,0.018369729185645556,0.00924681258975149,0.0014011520967463283,0.008034441864178376,-0.01622381356337122,-0.009477368985118497,-0.024699615719741413,-0.008813123347324335,2.1072750000000013,41.84132639508535,79.326263,1.7543276165297308,1.2766700000000029,-29328886.675888743,-63860400.0,53.581692,54.196955,51.928173,0,-0.03085977576072063
2022-07-29,53.643218,53.581692,52.320403,54.081593,76790600.0,0,1,-0.013386705172257282,0.0024077566097405684,0.002271446077495349,-0.0018459323824317473,0.009286445096598598,-0.01608159240275496,0.004989685033775819,-0.014120532348306201,0.007111513273343443,0.00924681258975149,0.0014011520967463283,-0.023821032846559793,-0.01622381356337122,-0.009477368985118497,-0.024699615719741413,1.061327999999996,39.20759248565576,79.326263,1.7751434296347501,2.0457490000000007,9234061.25363611,-140651000.0,53.020265,54.196955,54.196955,1,0.022193212350032576
2022-08-01,52.358857,53.020265,52.243495,53.720126,38710800.0,0,1,-0.02423393799439376,-0.013386705172257282,0.0024077566097405684,0.002271446077495349,0.013113518185137965,0.002580274582219757,-0.022787762917133934,-0.0017164854806031038,0.009286445096598598,0.007111513273343443,0.00924681258975149,-0.014758813475513775,-0.023821032846559793,-0.01622381356337122,-0.009477368985118497,-0.49990100000000126,34.99330155239676,79.326263,1.7538211132322679,1.4766309999999976,-23428165.596267607,-179361800.0,52.551127,54.196955,54.196955,1,0.03131860521278651
2022-08-02,54.027757,52.551127,51.512871,54.196955,32537600.0,0,1,0.031376821858045426,-0.02423393799439376,-0.013386705172257282,0.0024077566097405684,0.030838182720924225,0.02195052709328326,0.011417283490365065,-0.01395075400898868,0.013113518185137965,0.009286445096598598,0.007111513273343443,-0.019954844560262894,-0.014758813475513775,-0.023821032846559793,-0.01622381356337122,1.053637000000002,43.49267608121415,79.326263,1.8202684622871064,2.6840840000000057,5007255.153902627,-146824200.0,53.881632,53.95085,52.743396,0,-0.021124749896217043
2022-08-03,51.928173,53.881632,51.928173,53.95085,31639000.0,0,1,-0.039636457758936414,0.031376821858045426,-0.02423393799439376,-0.013386705172257282,0.0012838062932995866,0.026286903574370756,0.01739924794672981,0.006866004343811552,0.030838182720924225,0.013113518185137965,0.009286445096598598,-0.036928165354147856,-0.019954844560262894,-0.014758813475513775,-0.023821032846559793,0.09998000000000218,36.947753443614005,79.326263,1.8402195721237415,2.099584,-26631744.846097372,-178463200.0,52.043535,53.95854,53.17408,1,0.03679621301665992
2022-08-04,51.628233,52.043535,51.389818,52.335785,40252600.0,0,1,-0.0057928012439019015,-0.039636457758936414,0.031376821858045426,-0.02423393799439376,0.00559978286287066,-0.02910927789907498,-0.004106180618003725,-0.012993836245644663,0.0012838062932995866,0.030838182720924225,0.013113518185137965,-0.012640520400973791,-0.036928165354147856,-0.019954844560262894,-0.014758813475513775,-1.1074729999999988,36.11172239580816,79.326263,1.7763443884006176,0.9459670000000031,-46594369.34166624,-218715800.0,52.212732,54.458441,53.95854,1,0.04301075454163161
2022-08-05,52.297331,52.212732,51.912792,52.87414,36064700.0,0,1,0.012876663246205684,-0.0057928012439019015,-0.039636457758936414,0.031376821858045426,0.01258799926491684,0.01583379260496244,-0.018875268156983295,0.006127829124088081,0.00559978286287066,0.0012838062932995866,0.030838182720924225,-0.005761139403279641,-0.012640520400973791,-0.036928165354147856,-0.019954844560262894,-0.9305850000000007,39.405595895569135,79.326263,1.7384560035148588,1.2459069999999954,-53807324.34755387,-182651100.0,52.935666,56.642624,54.458441,1,0.07002760671793573
2022-08-08,52.743396,52.935666,52.112752,53.17408,35523400.0,0,1,0.008493232942022933,0.012876663246205684,-0.0057928012439019015,-0.039636457758936414,0.004493732389172849,0.018244686379369244,0.021490479719414705,-0.013218581042530767,0.01258799926491684,0.00559978286287066,0.0012838062932995866,-0.01566764829679911,-0.005761139403279641,-0.012640520400973791,-0.036928165354147856,-1.4689400000000035,41.56844528356846,79.326263,1.6900897175495115,1.061327999999996,-47114521.49678584,-147127700.0,52.751087,56.642624,53.95854,1,0.07377169308378417
2022-08-09,53.835488,52.751087,52.412693,53.95854,34944900.0,0,1,0.020494307755516118,0.008493232942022933,0.012876663246205684,-0.0057928012439019015,0.02263159511525466,0.019138646710152696,0.032889600700349256,0.0361353940403946,0.004493732389172849,0.01258799926491684,0.00559978286287066,-0.006435583961142934,-0.01566764829679911,-0.005761139403279641,-0.012640520400973791,-0.27686800000000034,46.59448194684159,79.326263,1.679786666295975,1.545847000000002,-17732966.16776562,-112182800.0,54.396915,56.642624,56.642624,1,0.041283756624801216
2022-08-10,53.873942,54.396915,53.158699,54.458441,29980900.0,0,1,0.0007140322186049447,0.020494307755516118,0.008493232942022933,0.012876663246205684,0.0011304176259681628,0.031853481542060545,0.02836053313695882,0.04211148712715513,0.02263159511525466,0.004493732389172849,0.01258799926491684,-0.023025682437643455,-0.006435583961142934,-0.01566764829679911,-0.005761139403279641,-0.36146699999999754,46.76810887640647,79.326263,1.6526406187034055,1.299742000000002,-14717119.338471813,-82201900.0,54.45075,56.90893,56.642624,1,0.04514501636800228
2022-08-11,55.750493,54.45075,54.258481,56.642624,50895200.0,0,1,0.03423934317041725,0.0007140322186049447,0.020494307755516118,0.008493232942022933,0.03946515260719555,0.040454333300960536,0.07117739721705292,0.0676844488119512,0.0011304176259681628,0.02263159511525466,0.004493732389172849,-0.0035373113895285583,-0.023025682437643455,-0.006435583961142934,-0.01566764829679911,1.3843409999999992,54.535984717536735,79.326263,1.7323578602245906,2.7686819999999983,-1911233.3361641148,-31306700.0,55.638894,56.90893,56.90893,1,0.022826406290534784
2022-08-12,56.464013,55.638894,55.250603,56.464013,35413800.0,0,1,0.012717243817625895,0.03423934317041725,0.0007140322186049447,0.020494307755516118,0.014721008096171186,0.03630687377929136,0.0372960544730563,0.06801911838914883,0.03946515260719555,0.0011304176259681628,0.02263159511525466,-0.007003234706456836,-0.0035373113895285583,-0.023025682437643455,-0.006435583961142934,2.820795000000004,57.09942918235706,79.326263,1.6952901559228342,1.2134100000000032,33502566.663835887,4107100.0,55.007921,56.90893,56.90893,1,0.03455882290115997
2022-08-15,55.250603,55.007921,54.231339,55.452838,26625100.0,0,1,-0.02172424280262797,0.012717243817625895,0.03423934317041725,0.0007140322186049447,0.008055700686358688,-0.0033495953408856196,0.018236270342234587,0.01922545103599951,0.014721008096171186,0.03946515260719555,0.0011304176259681628,-0.014218241366147437,-0.007003234706456836,-0.0035373113895285583,-0.023025682437643455,2.8917459999999977,51.755075707604945,79.326263,1.7336747162140607,2.232674000000003,51311405.4986609,-22518000.0,56.221331,56.90893,54.166623,0,-0.03654676905461374
2022-08-16,56.585354,56.221331,55.905845,56.90893,22258900.0,0,1,0.023870934107813407,-0.02172424280262797,0.012717243817625895,0.03423934317041725,0.012156030774742952,0.03397507777702594,0.02256978174978157,0.04415564743290176,0.008055700686358688,0.014721008096171186,0.03946515260719555,-0.005627303634738672,-0.014218241366147437,-0.007003234706456836,-0.0035373113895285583,2.5575970000000012,56.57041063426118,79.326263,1.728292736484485,1.6583269999999999,59209716.26365108,-259100.0,55.266782,55.655073,53.373862,0,-0.034250591974036015
2022-08-17,55.193977,55.266782,54.918938,55.655073,29005300.0,0,1,-0.024896353462240388,0.023870934107813407,-0.02172424280262797,0.012717243817625895,0.007001191713935697,-0.010123007450477695,0.011696039551805211,0.0002907435245609786,0.012156030774742952,0.008055700686358688,0.014721008096171186,-0.006313797387503326,-0.005627303634738672,-0.014218241366147437,-0.007003234706456836,3.2658039999999957,50.870475470572195,79.326263,1.7238729695927364,1.6664160000000052,51878670.86830903,-29264400.0,55.250603,56.868483,56.868483,1,0.029282576336768562
2022-08-18,54.781418,55.250603,54.773328,55.501374,27439400.0,0,1,-0.007502786151494591,-0.024896353462240388,0.023870934107813407,-0.02172424280262797,0.004528522837248136,0.00423573632016632,-0.012888462844247085,0.008930584158035618,0.007001191713935697,0.012156030774742952,0.008055700686358688,-0.008675894224303721,-0.006313797387503326,-0.005627303634738672,-0.014218241366147437,3.1531850000000006,49.284781591515134,79.326263,1.6527424717646837,0.7280459999999991,25049080.53967616,-56703800.0,54.198981,56.868483,56.868483,1,0.049253730434525966
2022-08-19,54.166623,54.198981,53.778332,54.554915,45538300.0,0,1,-0.011286141912020866,-0.007502786151494591,-0.024896353462240388,0.023870934107813407,0.00654570151431836,-0.01267144532027839,-0.012964231837360327,-0.030088431001773677,0.004528522837248136,0.007001191713935697,0.012156030774742952,-0.007791472418425106,-0.008675894224303721,-0.006313797387503326,-0.005627303634738672,1.8692920000000015,46.93679337244744,79.326263,1.6063384380672066,1.0030860000000033,25049021.900355075,-102242100.0,54.037193,56.868483,56.868483,1,0.052395208611224486
2022-08-22,53.373862,54.037193,53.252521,54.126176,19238000.0,0,1,-0.014743756469106459,-0.011286141912020866,-0.007502786151494591,-0.024896353462240388,0.0016453448315624554,-0.0013441939615625135,-0.020561340796159306,-0.020854127313241315,0.00654570151431836,0.004528522837248136,0.007001191713935697,-0.014627422545824265,-0.007791472418425106,-0.008675894224303721,-0.006313797387503326,0.6304660000000055,44.024254559045936,79.326263,1.5568929782052632,0.9141019999999997,11154912.01258478,-121480100.0,54.021014,57.596529,56.868483,1,0.06618748400391006
2022-08-23,56.795679,54.021014,53.915852,56.868483,37015900.0,0,1,0.06213909841126956,-0.014743756469106459,-0.011286141912020866,-0.007502786151494591,0.051368167076491396,0.05106871735267914,0.04807917855955415,0.028862031724957243,0.0016453448315624554,0.00654570151431836,0.004528522837248136,-0.001948584152421778,-0.014627422545824265,-0.007791472418425106,-0.008675894224303721,2.960191000000002,56.55545652402544,79.326263,1.6953021226191727,3.494620999999995,46345385.41264735,-84464200.0,56.447834,57.596529,57.596529,1,0.020349673647353628
2022-08-24,54.967474,56.447834,54.854222,56.828036,28544300.0,0,1,-0.0327186204105852,0.06213909841126956,-0.014743756469106459,-0.011286141912020866,0.006712875879797914,0.050656676486242946,0.05035722676243065,0.0473676879693057,0.051368167076491396,0.0016453448315624554,0.00654570151431836,-0.02863776229717223,-0.001948584152421778,-0.014627422545824265,-0.007791472418425106,1.0935320000000033,50.10189055598177,79.326263,1.7151958281463744,1.9738139999999973,21076671.72787268,-113008500.0,55.735967,57.596529,57.596529,1,0.03338171202806972
2022-08-25,56.035275,55.735967,55.210156,56.164705,24914100.0,0,1,0.01923977465986595,-0.0327186204105852,0.06213909841126956,-0.014743756469106459,0.007662869047654037,-0.0050283849220024955,0.03891541568444241,0.0386159659606303,0.006712875879797914,0.051368167076491396,0.0016453448315624554,-0.009478743783670151,-0.02863776229717223,-0.001948584152421778,-0.014627422545824265,0.28478199999999987,53.44349992546646,79.326263,1.678198340421633,1.197230999999995,39234425.090874515,-88094400.0,56.342672,57.596529,57.596529,1,0.02225412738678778
2022-08-26,55.193977,56.342672,55.193977,57.596529,28301300.0,0,1,-0.015127568127928261,0.01923977465986595,-0.0327186204105852,0.06213909841126956,0.022010117805735727,0.0328366398187386,0.02014538584908202,0.06408918645552715,0.007662869047654037,0.006712875879797914,0.051368167076491396,-0.020598352652684497,-0.009478743783670151,-0.02863776229717223,-0.001948584152421778,-1.2700360000000046,50.5700152212774,79.326263,1.7299378875343734,2.402552,10933125.090874515,-116395700.0,54.603451,54.927027,51.683178,0,-0.05348147317648477
2022-08-29,54.126176,54.603451,54.07764,54.927027,22007800.0,0,1,-0.019535921441732305,-0.015127568127928261,0.01923977465986595,-0.0327186204105852,0.005908436578279079,-0.02544666520372771,-0.014620143190724752,-0.027311397160381272,0.022010117805735727,0.007662869047654037,0.006712875879797914,-0.009676294152461408,-0.020598352652684497,-0.009478743783670151,-0.02863776229717223,-1.1244269999999972,47.107964046819305,79.326263,1.686109252710489,1.1163369999999944,-8559518.494440615,-138403500.0,53.341505,53.859226,50.898506,0,-0.0457992139516874
2022-08-30,52.556833,53.341505,52.095737,53.859226,34307200.0,0,1,-0.029422796155069375,-0.019535921441732305,-0.015127568127928261,0.01923977465986595,0.009658983110851902,-0.013723369191929199,-0.04507847097393605,-0.03425194896093306,0.005908436578279079,0.022010117805735727,0.007662869047654037,-0.023631611583827254,-0.009676294152461408,-0.020598352652684497,-0.009478743783670151,-4.028521000000005,42.502560149660425,79.326263,1.7107042346597399,2.030439000000001,-24926246.292799525,-172710700.0,52.920856,53.778332,52.759068,0,-0.003057168992126713
2022-08-31,52.176631,52.920856,52.176631,53.13118,32894800.0,0,1,-0.007260404757470594,-0.029422796155069375,-0.019535921441732305,-0.015127568127928261,0.003966435415636461,-0.003950783688319112,-0.027333135991100238,-0.05868823777310702,0.009658983110851902,0.005908436578279079,0.022010117805735727,-0.014162801818213028,-0.023631611583827254,-0.009676294152461408,-0.020598352652684497,-3.0173459999999963,41.44542338783898,79.326263,1.6566931464697583,0.9545490000000001,-57821046.292799525,-205605500.0,51.755982,53.778332,53.778332,1,0.0390747102431559
2022-09-01,51.683178,51.755982,50.073387,51.755982,40840600.0,0,1,-0.009502361265025447,-0.007260404757470594,-0.029422796155069375,-0.019535921441732305,0.0,-0.022257494807085734,-0.030174713911041384,-0.053557066213822516,0.003966435415636461,0.009658983110851902,0.005908436578279079,-0.0330503503172838,-0.014162801818213028,-0.023631611583827254,-0.009676294152461408,-3.098240000000004,40.05301268422989,79.326263,1.688589636007633,2.1032440000000037,-20514700.278339945,-246446100.0,52.168542,53.778332,53.778332,1,0.03085748495712215
2022-09-02,50.898506,52.168542,50.898506,52.435492,49687900.0,0,1,-0.015298779935961942,-0.009502361265025447,-0.007260404757470594,-0.029422796155069375,0.005104020740281727,0.0130436706201417,-0.009213824186944124,-0.017131043290899713,0.0,0.003966435415636461,0.009658983110851902,-0.024646098091974607,-0.0330503503172838,-0.014162801818213028,-0.023631611583827254,-3.2681170000000037,37.87400363219658,79.326263,1.677760804864231,1.536986000000006,-70202600.27833995,-296134000.0,52.136184,56.334583,53.778332,1,0.08052754685690089
2022-09-05,52.759068,52.136184,51.958217,53.778332,24179900.0,0,1,0.03590209133967065,-0.015298779935961942,-0.009502361265025447,-0.007260404757470594,0.031011416857339096,0.030390965564690172,0.038330615444549965,0.01607312063746423,0.005104020740281727,0.0,0.003966435415636461,-0.003419341899045052,-0.024646098091974607,-0.0330503503172838,-0.014162801818213028,-0.6147940000000034,45.45183085791785,79.326263,1.763622604516786,2.8798260000000013,-73104177.650484,-271954100.0,52.314151,57.111165,56.334583,1,0.09169629838779181
2022-09-06,51.505211,52.314151,51.440496,53.026018,24403700.0,0,1,-0.024052675778530774,0.03590209133967065,-0.015298779935961942,-0.009502361265025447,0.013515790671529849,0.016923480502642287,0.016303029209993405,0.0242426790898532,0.031011416857339096,0.005104020740281727,0.0,-0.01684118590161732,-0.003419341899045052,-0.024646098091974607,-0.0330503503172838,-5.290467999999997,41.755478667398435,79.326263,1.750901132765587,1.5855219999999974,-95515744.52902621,-296357800.0,51.909681,57.434741,56.334583,1,0.10643602298384391
2022-09-08,52.18472,51.909681,51.416227,52.338419,24067300.0,0,1,0.013106744714221153,-0.024052675778530774,0.03590209133967065,-0.015298779935961942,0.008225385733779287,0.0004637822164326749,0.003871472047545183,0.003251020754896132,0.013515790671529849,0.031011416857339096,0.005104020740281727,-0.009551481541516431,-0.01684118590161732,-0.003419341899045052,-0.024646098091974607,-2.782754000000004,44.39466649876231,79.326263,1.6917076232823312,0.9221920000000026,-79470895.26097806,-272290500.0,53.834958,57.434741,56.334583,1,0.06686701603816614
2022-09-09,56.261778,53.834958,53.584187,56.334583,48942500.0,0,1,0.07522567410173932,0.013106744714221153,-0.024052675778530774,0.03590209133967065,0.04538557633509666,0.08180330487200886,0.07404170135466254,0.07744939118577497,0.008225385733779287,0.013515790671529849,0.031011416857339096,-0.004669027212296057,-0.009551481541516431,-0.01684118590161732,-0.003419341899045052,0.226503000000001,56.98801148314513,79.326263,1.8672901501907364,4.149863000000003,-33119483.02615814,-223348000.0,56.698606,57.434741,55.29105,0,-0.024825231152949323
2022-09-12,56.747142,56.698606,56.027186,57.111165,24727300.0,0,1,0.008589888026994603,0.07522567410173932,0.013106744714221153,-0.024052675778530774,0.0072500068047088705,0.059076598592496116,0.09549432712940827,0.08773272361206176,0.04538557633509666,0.008225385733779287,0.013515790671529849,-0.011912587672357504,-0.004669027212296057,-0.009551481541516431,-0.01684118590161732,1.553165,58.2016494370419,79.326263,1.8113393537485407,1.0839789999999994,-25000080.27859584,-198620700.0,56.075722,57.434741,57.434741,1,0.024235425805128274
2022-09-13,55.210156,56.075722,55.080726,57.434741,29245700.0,0,1,-0.02745837199282406,0.008589888026994603,0.07522567410173932,0.013106744714221153,0.023946408205339546,0.012899739248181634,0.06472633103596882,0.10114405957288108,0.0072500068047088705,0.04538557633509666,0.008225385733779287,-0.017903101334925803,-0.011912587672357504,-0.004669027212296057,-0.009551481541516431,1.0839799999999968,53.09280871040111,79.326263,1.8501018999093595,2.354015000000004,-51029767.677996464,-227866400.0,54.805686,57.078808,57.078808,1,0.04147602495113367
2022-09-14,54.198981,54.805686,53.770243,55.800682,30894400.0,0,1,-0.018484814336181078,-0.02745837199282406,0.008589888026994603,0.07522567410173932,0.017992143839344863,-0.004916864401603468,-0.01596353335876145,0.035863058429025624,0.023946408205339546,0.0072500068047088705,0.04538557633509666,-0.019073737635425216,-0.017903101334925803,-0.011912587672357504,-0.004669027212296057,1.642148000000006,49.984234690784184,79.326263,1.8629831213444052,2.030439000000001,-68877133.74375851,-258760800.0,54.846133,57.078808,57.078808,1,0.04070797479924426
2022-09-15,55.29105,54.846133,54.34459,55.517553,36827100.0,0,1,0.019948943414570892,-0.018484814336181078,-0.02745837199282406,0.008589888026994603,0.012167558151224412,0.01290529332430786,-0.010003714916640483,-0.02105038387379841,0.017992143839344863,0.023946408205339546,0.0072500068047088705,-0.009186614274152806,-0.019073737635425216,-0.017903101334925803,-0.011912587672357504,3.114418999999998,53.17305313577126,79.326263,1.8240966126769476,1.318571999999996,-46272901.18510154,-221933700.0,54.425484,57.078808,55.69552,1,0.0487515003082013
2022-09-16,55.210156,54.425484,53.867316,55.69552,64875600.0,0,1,-0.001464129078389709,0.019948943414570892,-0.018484814336181078,-0.02745837199282406,0.02306721276574024,0.015368029950253386,0.01610576512333699,-0.006803243117611273,0.012167558151224412,0.017992143839344863,0.023946408205339546,-0.010308588251372127,-0.009186614274152806,-0.019073737635425216,-0.017903101334925803,3.5269779999999997,52.903985057551004,79.326263,1.824389997485737,1.8282039999999995,-15844529.960883975,-286809300.0,54.546825,57.192059,57.078808,1,0.04849473823636852
2022-09-19,56.997914,54.546825,54.465931,57.078808,33885900.0,0,1,0.031867748806615914,-0.001464129078389709,0.019948943414570892,-0.018484814336181078,0.04537340231716679,0.047600409366266395,0.03990122655077948,0.040638961723863096,0.02306721276574024,0.012167558151224412,0.017992143839344863,-0.0014841201675183423,-0.010308588251372127,-0.009186614274152806,-0.019073737635425216,6.099408000000004,57.966259861050396,79.326263,1.8807104976653275,2.6128770000000046,15943172.539118882,-252923400.0,56.464013,57.192059,55.469017,0,-0.01762177265013032
2022-09-20,56.180884,56.464013,55.331497,56.706695,35219400.0,0,1,-0.014438113984293092,0.031867748806615914,-0.001464129078389709,0.019948943414570892,0.004288784196424147,0.038832774262357844,0.04105978131145744,0.03336059849597066,0.04537340231716679,0.02306721276574024,0.012167558151224412,-0.02026118477732859,-0.0014841201675183423,-0.010308588251372127,-0.009186614274152806,3.4218159999999997,55.053781751343024,79.326263,1.8654038192606615,1.6664170000000027,24230090.186177567,-288142800.0,56.180884,57.192059,55.007921,0,-0.020878329361994297
2022-09-21,55.371944,56.180884,55.339586,56.617712,44372300.0,0,1,-0.0145035172058562,-0.014438113984293092,0.031867748806615914,-0.001464129078389709,0.007745312428691386,0.00271837194997058,0.03726236201590404,0.03948936906500363,0.004288784196424147,0.04537340231716679,0.02306721276574024,-0.015088063384946653,-0.02026118477732859,-0.0014841201675183423,-0.010308588251372127,3.8667329999999964,52.254331970560465,79.326263,1.8234554035991857,1.2781260000000003,-17895484.712541193,-332515100.0,56.763321,57.192059,54.765239,0,-0.035200230796926024
2022-09-22,56.64198,56.763321,56.043364,57.192059,34484000.0,0,1,0.0226773669180744,-0.0145035172058562,-0.014438113984293092,0.031867748806615914,0.007524699982862352,0.01783850338747041,0.012811562908749768,0.047355552974683295,0.007745312428691386,0.004288784196424147,0.04537340231716679,-0.01276461187576925,-0.015088063384946653,-0.02026118477732859,-0.0014841201675183423,4.457259999999998,56.03426629016579,79.326263,1.823216803342101,1.8201150000000013,-16438396.531605558,-298031100.0,55.582268,56.156616,55.282961,0,-0.005384936793151329
2022-09-23,55.469017,55.582268,54.870401,55.857308,43974700.0,0,1,-0.020925793782247855,0.0226773669180744,-0.0145035172058562,-0.014438113984293092,0.004936137920267568,-0.016089992646547948,-0.0057761892419399595,-0.01080312972066074,0.007524699982862352,0.007745312428691386,0.004288784196424147,-0.012890170299996347,-0.01276461187576925,-0.015088063384946653,-0.02026118477732859,-0.7927609999999987,51.94411305094712,79.326263,1.8195283888176648,1.7715789999999956,-7066714.318894668,-342005800.0,54.765239,56.156616,56.156616,1,0.02540620702851304
2022-09-26,55.007921,54.765239,54.716703,56.156616,34454000.0,0,1,-0.008347419574665067,-0.020925793782247855,0.0226773669180744,-0.0145035172058562,0.02508883362446207,0.010280271964655256,-0.010745858602160242,-0.0004320551975521749,0.004936137920267568,0.007524699982862352,0.007745312428691386,-0.0008866485612704138,-0.012890170299996347,-0.01276461187576925,-0.015088063384946653,-1.7392209999999935,50.387083566130144,79.326263,1.792413003902117,1.4399129999999971,-27584282.087225057,-376459800.0,55.477106,58.971727,58.971727,1,0.06299212868097337
2022-09-27,54.765239,55.477106,54.35268,55.655073,31559700.0,0,1,-0.004421525177319683,-0.008347419574665067,-0.020925793782247855,0.0226773669180744,0.003202801451974939,0.0161175647291249,0.001309003069317829,-0.019717127497497444,0.02508883362446207,0.004936137920267568,0.007524699982862352,-0.02047650876537879,-0.0008866485612704138,-0.012890170299996347,-0.01276461187576925,-0.4449169999999967,49.54531254983135,79.326263,1.757411575051966,1.3023930000000021,-39149651.23271336,-408019500.0,54.773328,59.999081,58.971727,1,0.0954068922012552
2022-09-28,55.282961,54.773328,54.554915,55.687431,24258000.0,0,1,0.00940907383341745,-0.004421525177319683,-0.008347419574665067,-0.020925793782247855,0.0165511060318712,0.0037840350285245827,0.016698798305674546,0.0018902366458677436,0.003202801451974939,0.02508883362446207,0.004936137920267568,-0.003995551095974601,-0.02047650876537879,-0.0008866485612704138,-0.012890170299996347,1.0839799999999968,51.410245363409636,79.326263,1.7127761768339682,1.1325159999999954,-32218794.089856125,-383761500.0,54.951295,61.681676,58.971727,1,0.12247902437968028
2022-09-29,55.355765,54.951295,54.48211,55.638894,34836400.0,0,1,0.001316067404974343,0.00940907383341745,-0.004421525177319683,-0.008347419574665067,0.012435241620994075,0.015679128930760587,0.002912057927413937,0.0158268212045639,0.0165511060318712,0.003202801451974939,0.02508883362446207,-0.008574856550535305,-0.003995551095974601,-0.02047650876537879,-0.0008866485612704138,0.06471499999999963,51.680719308047806,79.326263,1.6730624499172564,1.1567840000000018,-14435180.25494843,-348925100.0,55.404302,62.98407,58.971727,1,0.13680829333433353
2022-09-30,58.276039,55.404302,55.218245,58.971727,55356300.0,0,1,0.05141020491497219,0.001316067404974343,0.00940907383341745,-0.004421525177319683,0.062400881493281,0.07061087821033377,0.07385476552010041,0.06108769451675386,0.012435241620994075,0.0165511060318712,0.003202801451974939,-0.003363820134075323,-0.008574856550535305,-0.003995551095974601,-0.02047650876537879,3.0658829999999995,61.04713066161976,79.326263,1.821663846351738,3.753481999999998,20401125.971589893,-293568800.0,59.246767,62.98407,61.681676,1,0.06308028588294112
2022-10-03,59.861561,59.246767,57.539903,59.999081,42454200.0,0,1,0.026843565578029607,0.05141020491497219,0.001316067404974343,0.00940907383341745,0.012618032312481533,0.07967200127016316,0.08788199798721581,0.09112588529698235,0.062400881493281,0.012435241620994075,0.0165511060318712,-0.029232540787472592,-0.003363820134075323,-0.008574856550535305,-0.003995551095974601,2.8636470000000003,65.01262620074777,79.326263,1.8672005716123279,2.4591779999999943,58107152.73321528,-251114600.0,60.023349,64.262195,61.681676,1,0.07061995157917633
2022-10-04,61.309564,60.023349,59.910098,61.681676,41658700.0,0,1,0.023901270749493695,0.026843565578029607,0.05141020491497219,0.001316067404974343,0.027253264866273014,0.04027568826349981,0.1073296572211814,0.11553965393823414,0.012618032312481533,0.062400881493281,0.012435241620994075,-0.001888564641368287,-0.029232540787472592,-0.003363820134075323,-0.008574856550535305,5.128680000000003,68.19689290532548,79.326263,1.8638373164971616,1.8201150000000013,82265407.1706716,-209455900.0,61.714034,64.262195,62.98407,1,0.041289814242251754
2022-10-05,62.256024,61.714034,61.576514,62.98407,42095000.0,0,1,0.015319451398900997,0.023901270749493695,0.026843565578029607,0.05141020491497219,0.020370476798142915,0.048148200752040446,0.06117062414926721,0.12822459310694873,0.027253264866273014,0.012618032312481533,0.062400881493281,-0.0022308288715172926,-0.001888564641368287,-0.029232540787472592,-0.003363820134075323,6.884079999999997,70.11166586808162,79.326263,1.8503136510330787,1.674506000000001,80813867.82161511,-167360900.0,62.450169,64.262195,64.262195,1,0.02901554998193845
2022-10-06,61.115418,62.450169,60.605786,62.749477,76900500.0,0,1,-0.01849112697654367,0.015319451398900997,0.023901270749493695,0.026843565578029607,0.0047813005829482275,0.016638882839029766,0.04441660679292746,0.057439030190154144,0.020370476798142915,0.027253264866273014,0.012618032312481533,-0.029978575667519818,-0.0022308288715172926,-0.001888564641368287,-0.029232540787472592,4.473438000000002,65.03028809299178,79.326263,1.8712691759592872,2.143690999999997,40477364.79319336,-244261400.0,60.96172,64.262195,64.262195,1,0.05414012268682722
2022-10-07,61.083061,60.96172,60.799932,64.262195,83231800.0,0,1,-0.0005295810720561279,-0.01849112697654367,0.015319451398900997,0.023901270749493695,0.05272538500857915,0.028602568479168124,0.04046015073524982,0.06823787468914738,0.0047813005829482275,0.020370476798142915,0.027253264866273014,-0.002657455653002808,-0.029978575667519818,-0.0022308288715172926,-0.001888564641368287,5.614044,64.8866189097734,79.326263,1.9849115919621958,3.462263000000007,-29141756.850367427,-327493200.0,61.811107,62.30456,56.488281,0,-0.08611439364773066
2022-10-10,59.853472,61.811107,59.440912,62.30456,45409400.0,0,1,-0.020335151681260027,-0.0005295810720561279,-0.01849112697654367,0.015319451398900997,0.00795154410219958,0.021788491132903997,-0.0023343253965070004,0.009523256859574726,0.05272538500857915,0.0047813005829482275,0.020370476798142915,-0.03910032973912246,-0.002657455653002808,-0.029978575667519818,-0.0022308288715172926,4.845550999999993,59.506535433419806,79.326263,2.0476784782506106,2.863648000000005,-61467075.24257211,-372902600.0,59.214409,60.00717,57.167791,0,-0.034562837568808624
2022-10-11,59.449002,59.214409,58.267949,60.00717,33782400.0,0,1,-0.006780606237539296,-0.020335151681260027,-0.0005295810720561279,-0.01849112697654367,0.013299147538137449,-0.02961901815160602,-0.015782071120901475,-0.03990488765031246,0.00795154410219958,0.05272538500857915,0.0047813005829482275,-0.016112725224100892,-0.03910032973912246,-0.002657455653002808,-0.029978575667519818,4.683762999999999,57.808538550067034,79.326263,2.02564580123271,1.7392210000000006,-49368238.91067416,-406685000.0,58.445916,59.34384,58.211324,0,-0.00401383049587245
2022-10-13,58.38929,58.445916,57.475188,58.890833,32728500.0,0,1,-0.017986353174590988,-0.006780606237539296,-0.020335151681260027,-0.0005295810720561279,0.007583628080834842,-0.005479465671835587,-0.04839763136157917,-0.03456068433087469,0.013299147538137449,0.00795154410219958,0.05272538500857915,-0.016748472160454966,-0.016112725224100892,-0.03910032973912246,-0.002657455653002808,3.1063290000000023,53.50108104939112,79.326263,2.0219435297160877,1.9738139999999973,-39830228.158331536,-439413500.0,58.737135,59.34384,57.523725,0,-0.020658310964605353
2022-10-14,56.488281,58.737135,56.302225,59.34384,33833300.0,0,1,-0.03309928189561191,-0.017986353174590988,-0.006780606237539296,-0.020335151681260027,0.010276174277564297,0.015246510807350679,0.0021834170546799992,-0.04073474863506345,0.007583628080834842,0.013299147538137449,0.00795154410219958,-0.042338095530501836,-0.016748472160454966,-0.016112725224100892,-0.03910032973912246,1.1325160000000025,46.768745741423714,79.326263,2.0947772061649386,3.041615,-69524353.10507856,-473246800.0,56.795679,59.20632,58.915101,1,0.0424440915654869
2022-10-17,57.167791,56.795679,56.027186,57.628887,25797200.0,0,1,0.011957444673430392,-0.03309928189561191,-0.017986353174590988,-0.006780606237539296,0.014563703514518292,-0.019048197917330006,-0.014077861387543652,-0.02714095514021421,0.010276174277564297,0.007583628080834842,0.013299147538137449,-0.013623211668473773,-0.042338095530501836,-0.016748472160454966,-0.016112725224100892,-1.1082479999999961,49.22811008996192,79.326263,2.0595574771531573,1.6017009999999985,-58580094.73550765,-447449600.0,58.486363,60.41164,60.41164,1,0.03291839159155785
2022-10-18,58.211324,58.486363,57.224417,58.915101,27408200.0,0,1,0.01808926087478964,0.011957444673430392,-0.03309928189561191,-0.017986353174590988,0.007303825545963483,0.036637192608370305,0.003025291176522113,0.00799562770630834,0.014563703514518292,0.010276174277564297,0.007583628080834842,-0.021812938020306028,-0.013623211668473773,-0.042338095530501836,-0.016748472160454966,-1.6502370000000042,52.83220922021216,79.326263,2.037254085927932,1.7473099999999988,-53990186.94315863,-420041400.0,57.944373,60.41164,59.20632,1,0.04257992402471933
2022-10-19,57.523725,57.944373,57.094986,58.348843,22589600.0,0,1,-0.011882434858356248,0.01808926087478964,0.011957444673430392,-0.03309928189561191,0.00695606579351694,-0.0023540860365002525,0.026979281025906788,-0.006632620405941617,0.007303825545963483,0.014563703514518292,0.010276174277564297,-0.014767162173842508,-0.021812938020306028,-0.013623211668473773,-0.042338095530501836,-3.785839000000003,50.29858113469441,79.326263,1.981297151218794,1.2538570000000036,-61131386.50451215,-442631000.0,57.418562,60.41164,59.20632,1,0.052127359093388614
2022-10-20,58.25986,57.418562,56.884662,59.20632,37175600.0,0,1,0.012715877108063973,-0.011882434858356248,0.01808926087478964,0.011957444673430392,0.030660662108133143,0.021544828826555503,0.012234676996538272,0.04156804405894528,0.00695606579351694,0.007303825545963483,0.014563703514518292,-0.009341886678888012,-0.014767162173842508,-0.021812938020306028,-0.013623211668473773,-3.996163999999993,52.902621668227134,79.326263,2.0056086404174516,2.3216579999999993,-54266209.81061479,-405455400.0,58.081893,60.54916,60.41164,1,0.04247910790373166
2022-10-21,59.966723,58.081893,57.790675,60.41164,36610400.0,0,1,0.02887644319125956,0.012715877108063973,-0.011882434858356248,0.01808926087478964,0.03932783864475473,0.05081417076487584,0.04169833748329813,0.03238818565328106,0.030660662108133143,0.00695606579351694,0.007303825545963483,-0.005026532477642805,-0.009341886678888012,-0.014767162173842508,-0.021812938020306028,-1.1486949999999965,58.35146768592372,79.326263,2.0495626661019193,2.620964999999998,-30085269.446130626,-368845000.0,59.271035,60.54916,60.54916,1,0.021564074256506638
2022-10-24,58.187055,59.271035,57.58035,59.821114,31960300.0,0,1,-0.030126884381333336,0.02887644319125956,0.012715877108063973,-0.011882434858356248,0.009237937455465285,0.029504712602066396,0.04099104472218756,0.03187521144060996,0.03932783864475473,0.030660662108133143,0.00695606579351694,-0.028939374442174027,-0.005026532477642805,-0.009341886678888012,-0.014767162173842508,-2.896006,51.6427136742728,79.326263,2.0736205470946394,2.386372999999999,-44738549.33022378,-400805300.0,57.928195,60.54916,59.271035,1,0.04524506589580435
2022-10-25,58.187055,57.928195,57.370026,59.271035,28067800.0,0,1,0.0,-0.030126884381333336,0.02887644319125956,0.012715877108063973,0.022916511778599227,0.0,0.020266775146601163,0.03175310726672237,0.009237937455465285,0.03932783864475473,0.030660662108133143,-0.00968225451639689,-0.028939374442174027,-0.005026532477642805,-0.009341886678888012,-1.6664169999999956,51.6427136742728,79.326263,2.0612911508735934,1.9010089999999948,-48679996.88665301,-400805300.0,57.661244,60.54916,60.54916,1,0.05008417785783448
2022-10-26,59.481359,57.661244,57.531814,60.54916,40746300.0,0,1,0.02200006202969536,0.0,-0.030126884381333336,0.02887644319125956,0.048870330344452116,0.04425137074189308,0.0213348589632938,0.04160163410989485,0.022916511778599227,0.009237937455465285,0.03932783864475473,-0.0022471849730169996,-0.00968225451639689,-0.028939374442174027,-0.005026532477642805,0.03235699999999753,55.91757678331675,79.326263,2.129580782954051,3.0173460000000034,-36772908.489366174,-360059000.0,58.243681,58.340754,55.954381,0,-0.03930555144685999
2022-10-27,57.361937,58.243681,56.164705,58.340754,52359000.0,0,1,-0.036282004448756275,0.02200006202969536,0.0,-0.030126884381333336,0.0016652827186287259,0.011715621867237638,0.007096662264678294,-0.01581984951392078,0.048870330344452116,0.022916511778599227,0.009237937455465285,-0.03634707117629703,-0.0022471849730169996,-0.00968225451639689,-0.028939374442174027,-1.027353000000005,48.37609138074774,79.326263,2.214371727028762,3.3166539999999998,-31517516.26933803,-412418000.0,55.485196,57.272953,57.272953,1,0.03222043227530458
2022-10-28,54.563004,55.485196,53.915852,55.857308,52414500.0,0,1,-0.05002489422776484,-0.036282004448756275,0.02200006202969536,0.0,0.006684121014875773,-0.04183523842723831,-0.03178489927862931,-0.03640385888118857,0.0016652827186287259,0.048870330344452116,0.022916511778599227,-0.02869171157104722,-0.03634707117629703,-0.0022471849730169996,-0.00968225451639689,-1.9252770000000012,40.59048353731441,79.326263,2.3023512465267073,3.4460849999999965,-48989016.26933816,-464832500.0,53.390041,59.368108,56.140437,1,0.11196970236452897
2022-10-31,54.304143,53.390041,53.00175,56.140437,38918000.0,0,1,-0.004755548298700409,-0.05002489422776484,-0.036282004448756275,0.02200006202969536,0.050232124568721136,0.01174010858204568,-0.03677925086006841,-0.02672891171145942,0.006684121014875773,0.0016652827186287259,0.048870330344452116,-0.007299298570934461,-0.02869171157104722,-0.03634707117629703,-0.0022471849730169996,-2.8636479999999978,39.950102516296035,79.326263,2.3620895146319425,3.1386869999999973,-55609096.295795,-503750500.0,56.180884,59.368108,59.368108,1,0.05673146759314074
2022-11-01,55.954381,56.180884,55.776414,57.272953,42373300.0,0,1,0.029936211376034052,-0.004755548298700409,-0.05002489422776484,-0.036282004448756275,0.019251931159921264,0.07020425740341237,0.03171224141673699,-0.016807118025377116,0.050232124568721136,0.006684121014875773,0.0016652827186287259,-0.0072254648319654115,-0.007299298570934461,-0.02869171157104722,-0.03634707117629703,-2.2569429999999997,45.81862645049915,79.326263,2.4054266921582323,2.9688099999999977,-87904410.91606241,-461377200.0,54.716703,60.613875,59.368108,1,0.10777644990780955
2022-11-03,54.320322,54.716703,53.859226,54.959385,34279200.0,0,1,-0.02963832267997221,0.029936211376034052,-0.004755548298700409,-0.05002489422776484,0.00442543858907765,-0.021982098794207112,0.02897022744928405,-0.00952178853739143,0.019251931159921264,0.050232124568721136,0.006684121014875773,-0.015795302616301053,-0.0072254648319654115,-0.007299298570934461,-0.02869171157104722,-3.2034030000000016,41.49436840972694,79.326263,2.383264428432644,2.0951549999999983,-93449578.82942775,-495656400.0,57.556082,60.613875,59.368108,1,0.05312719166672952
2022-11-04,58.445916,57.556082,57.272953,59.368108,60976200.0,0,1,0.07320340272381388,-0.02963832267997221,0.029936211376034052,-0.004755548298700409,0.030997368228436267,0.08158816052193944,0.055180623138654676,0.10613294938214571,0.00442543858907765,0.019251931159921264,0.050232124568721136,-0.004931323750297147,-0.015795302616301053,-0.0072254648319654115,-0.007299298570934461,0.18605599999999356,53.441681822886785,79.326263,2.5735873978303125,5.047786000000002,-86151282.2116598,-434680200.0,58.243681,61.050703,60.613875,1,0.04819444705083109
2022-11-07,58.138519,58.243681,57.790675,59.076889,29445500.0,0,1,-0.005273391981664866,0.07320340272381388,-0.02963832267997221,0.029936211376034052,0.014204192988392985,0.026079987263472923,0.07667077955697602,0.050263242173691415,0.030997368228436267,0.00442543858907765,0.019251931159921264,-0.007808175391694443,-0.004931323750297147,-0.015795302616301053,-0.0072254648319654115,-1.8282039999999995,52.58010920163725,79.326263,2.481632155128147,1.286214000000001,-99670287.08409931,-464125700.0,57.960552,67.133932,60.613875,1,0.15826936913920364
2022-11-08,59.902008,57.960552,57.960552,60.613875,39756500.0,0,1,0.029881605287026998,-0.005273391981664866,0.07320340272381388,-0.02963832267997221,0.04476118604722287,0.03988822138921777,0.051764015664297724,0.10235480795780073,0.014204192988392985,0.030997368228436267,0.00442543858907765,0.0,-0.007808175391694443,-0.004931323750297147,-0.015795302616301053,1.7149530000000013,56.87541883867928,79.326263,2.4938957869047083,2.6533230000000003,-81246538.79619762,-424369200.0,59.942455,68.306895,67.133932,1,0.1395411649389402
2022-11-09,59.173962,59.942455,58.66433,60.492534,42208500.0,0,1,-0.012228413042280865,0.029881605287026998,-0.005273391981664866,0.07320340272381388,0.009134933789032136,0.04275731124644552,0.037884346588440136,0.04976014086352028,0.04476118604722287,0.014204192988392985,0.030997368228436267,-0.021553142642697472,0.0,-0.007808175391694443,-0.004931323750297147,0.9869070000000022,54.67359628044303,79.326263,2.446346373554372,1.8282039999999995,-99922870.31609349,-466577700.0,57.839211,68.573845,61.050703,1,0.18559440584346842
2022-11-10,60.306478,57.839211,57.742138,61.050703,47658100.0,0,1,0.01895791342725588,-0.012228413042280865,0.029881605287026998,-0.005273391981664866,0.054037778963299345,0.0183196969678625,0.05194207442527566,0.04706910976727054,0.009134933789032136,0.04476118604722287,0.014204192988392985,-0.0016797350725568673,-0.021553142642697472,0.0,-0.007808175391694443,0.8251190000000008,57.43410837090867,79.326263,2.5079334183004884,3.3085650000000015,-73705092.31218545,-418919600.0,63.089232,68.573845,67.133932,1,0.08693421723694472
2022-11-11,66.575763,63.089232,62.458259,67.133932,80174100.0,0,1,0.09890106491079127,0.01895791342725588,-0.012228413042280865,0.029881605287026998,0.062139503930994086,0.14902267247492149,0.11330459047948466,0.14692696793689802,0.054037778963299345,0.009134933789032136,0.04476118604722287,-0.010051627595365377,-0.0016797350725568673,-0.021553142642697472,0.0,9.213825999999997,68.77216491008747,79.326263,2.8164706027075965,6.827454000000003,-12672919.99741943,-338745500.0,66.648568,68.573845,68.306895,1,0.02888699724201138
2022-11-14,67.392793,66.648568,65.831539,68.306895,43822500.0,0,1,0.012197491024723704,0.09890106491079127,0.01895791342725588,-0.012228413042280865,0.024577152142653342,0.07946060794265618,0.1663437764865835,0.13062569449114672,0.062139503930994086,0.054037778963299345,0.009134933789032136,-0.012334521417139708,-0.010051627595365377,-0.0016797350725568673,-0.021553142642697472,12.829788999999998,69.8975056471595,79.326263,2.7921052739427674,2.475355999999991,-1216055.400973615,-294923000.0,67.400882,68.573845,64.650486,0,-0.04080652831813081
2022-11-16,66.689015,67.400882,65.960969,68.573845,32935300.0,0,1,-0.010497836713008102,0.012197491024723704,0.09890106491079127,0.01895791342725588,0.017253089923005113,0.028477632786496284,0.08336108858649921,0.17024425713042646,0.024577152142653342,0.062139503930994086,0.054037778963299345,-0.021594915580911988,-0.012334521417139708,-0.010051627595365377,-0.0016797350725568673,12.384871999999994,67.63647980413477,79.326263,2.7793031829468555,2.612876,-15797316.844379473,-327858300.0,65.418979,68.347342,67.376614,1,0.04476320243396037
2022-11-17,67.222915,65.418979,65.313817,67.376614,31790500.0,0,1,0.007973939722061375,-0.010497836713008102,0.012197491024723704,0.09890106491079127,0.029485569274940886,-0.00036011947072026973,0.010864423392771026,0.06574787919277383,0.017253089923005113,0.024577152142653342,0.062139503930994086,-0.0016088085912620202,-0.021594915580911988,-0.012334521417139708,-0.010051627595365377,11.268534000000002,68.46973940455082,79.326263,2.7281241698792233,2.0627970000000033,11255762.983397963,-296067800.0,68.23409,68.347342,65.467515,0,-0.04054534910628971
2022-11-18,65.386621,68.23409,65.281459,68.347342,44193900.0,0,1,-0.027696520756610422,0.007973939722061375,-0.010497836713008102,0.012197491024723704,0.0016583810009507725,0.04379025919732773,0.01394457045166655,0.025169113315157685,0.029485569274940886,0.017253089923005113,0.024577152142653342,-0.044236233053220025,-0.0016088085912620202,-0.021594915580911988,-0.012334521417139708,11.066299000000008,62.508574388464844,79.326263,2.752249800602136,3.0658829999999995,-29906371.674088765,-340261700.0,63.987155,66.648568,65.896254,1,0.04159292595521702
2022-11-21,64.650486,63.987155,63.323824,64.8689,27745900.0,0,1,-0.011322043079028371,-0.027696520756610422,0.007973939722061375,-0.010497836713008102,0.013685949999183234,-0.050575983246480084,-0.008444105050103234,-0.0382897937957644,0.0016583810009507725,0.029485569274940886,0.017253089923005113,-0.010420735240393551,-0.044236233053220025,-0.0016088085912620202,-0.021594915580911988,6.204570000000004,60.24420295533258,79.326263,2.703003171987698,2.0627970000000033,-10004866.38684063,-368007600.0,64.674754,67.044949,66.648568,1,0.036647916743525855
2022-11-22,64.828453,64.674754,64.221748,65.896254,27105100.0,0,1,0.002748973901810894,-0.011322043079028371,-0.027696520756610422,0.007973939722061375,0.01871067175891084,0.029399236099112987,-0.03486269714655041,0.007269181049826397,0.013685949999183234,0.0016583810009507725,0.029485569274940886,-0.007029017205455748,-0.010420735240393551,-0.044236233053220025,-0.0016088085912620202,6.689933999999994,60.61565130815183,79.326263,2.629539088274291,1.6745059999999938,-17468591.921177544,-340902500.0,65.467515,67.044949,67.044949,1,0.024094911804732444
2022-11-23,65.467515,65.467515,64.666665,65.81536,22415800.0,0,1,0.009809468923956918,0.002748973901810894,-0.011322043079028371,-0.027696520756610422,0.005299180323327754,0.017482321308792195,0.028170885648994306,-0.036091047596669014,0.01871067175891084,0.013685949999183234,0.0016583810009507725,-0.012308220794748902,-0.007029017205455748,-0.010420735240393551,-0.044236233053220025,5.565507000000004,61.989044703363604,79.326263,2.5237645105404134,1.1486950000000036,-8628586.977306116,-318486700.0,65.936701,69.309981,69.309981,1,0.05115936874063487
2022-11-24,65.888164,65.936701,65.208655,66.648568,12420900.0,0,1,0.006404754497875352,0.009809468923956918,0.002748973901810894,-0.011322043079028371,0.010738354961138188,0.017879495605789785,0.030062636591254292,0.04075120093145649,0.005299180323327754,0.01871067175891084,0.013685949999183234,-0.011103000539933327,-0.012308220794748902,-0.007029017205455748,-0.010420735240393551,6.714202,62.905975977217146,79.326263,2.446346545501813,1.4399130000000042,-9326399.071161646,-306065800.0,66.333081,70.070384,69.309981,1,0.056341465580348915
2022-11-25,65.443247,66.333081,65.26528,67.044949,20477000.0,0,1,-0.006775510880425564,0.006404754497875352,0.009809468923956918,0.002748973901810894,0.010674543019145806,0.01666806898677008,0.023809209631421822,0.03599235061688641,0.010738354961138188,0.005299180323327754,0.01871067175891084,-0.016228536996010498,-0.011103000539933327,-0.012308220794748902,-0.007029017205455748,5.136769000000001,61.22372204401072,79.326263,2.3987267208231122,1.7796689999999984,-25707996.76994731,-326542800.0,65.200565,70.175546,66.608121,1,0.07630272835825891
2022-11-28,65.766823,65.200565,64.32691,66.608121,16166300.0,0,1,0.004932192414138583,-0.006775510880425564,0.006404754497875352,0.009809468923956918,0.021358372510343716,0.00413777502052939,0.010131300988153591,0.017272441632805207,0.010674543019145806,0.010738354961138188,0.005299180323327754,-0.013490083846842041,-0.016228536996010498,-0.011103000539933327,-0.012308220794748902,-0.8089399999999927,62.01923156182043,79.326263,2.3903327407643187,2.281210999999999,-21465780.82652947,-310376500.0,67.02068,70.976397,69.309981,1,0.05902233459881345
2022-11-29,68.306895,67.02068,66.834624,69.309981,42574300.0,0,1,0.037895211716854615,0.004932192414138583,-0.006775510880425564,0.006404754497875352,0.03358769331643938,0.061120787259905995,0.043900189770091545,0.04989371573771583,0.021358372510343716,0.010674543019145806,0.010738354961138188,-0.0027799588699555632,-0.013490083846842041,-0.016228536996010498,-0.011103000539933327,0.9141019999999997,67.6327975589842,79.326263,2.472677402138295,3.543157999999991,-13396147.660283176,-267802200.0,68.759901,71.987572,70.175546,1,0.04694118160524985
2022-11-30,69.334249,68.759901,68.565756,70.070384,59932800.0,0,1,0.014928284511555178,0.037895211716854615,0.004932192414138583,-0.006775510880425564,0.01887948187844181,0.04449899411877869,0.07203208806224533,0.05481149057243081,0.03358769331643938,0.021358372510343716,0.010674543019145806,-0.00282751429831443,-0.0027799588699555632,-0.013490083846842041,-0.016228536996010498,2.645234000000002,69.59048498709683,79.326263,2.422021087699846,1.763489000000007,-12107253.965363162,-207869400.0,69.908596,71.987572,71.987572,1,0.029738488811876573
2022-12-01,69.714451,69.908596,68.541488,70.175546,34319300.0,0,1,0.005468630019893076,0.014928284511555178,0.037895211716854615,0.004932192414138583,0.0038112854078885226,0.02037916204327022,0.04599867428360703,0.07353176822707379,0.01887948187844181,0.03358769331643938,0.021358372510343716,-0.019749391197218625,-0.00282751429831443,-0.0027799588699555632,-0.013490083846842041,2.4915359999999964,70.30626888368884,79.326263,2.3657380100069996,1.634057999999996,2843752.3345355596,-173550100.0,70.183636,71.987572,71.987572,1,0.025703085545468074
2022-12-02,70.215993,70.183636,68.735633,70.976397,30213600.0,0,1,0.007168477900771084,0.005468630019893076,0.014928284511555178,0.037895211716854615,0.011232206706924451,0.015158767793877056,0.03172664442925863,0.05734615666959554,0.0038112854078885226,0.01887948187844181,0.03358769331643938,-0.020847438282366952,-0.019749391197218625,-0.00282751429831443,-0.0027799588699555632,4.829371999999992,71.26706237754765,79.326263,2.356811295006499,2.2407639999999986,12551362.150473103,-143336500.0,71.105827,71.987572,69.471769,0,-0.022980648266702652
2022-12-05,70.143189,71.105827,70.118921,71.987572,21896500.0,0,1,-0.0010373957085220839,0.007168477900771084,0.005468630019893076,0.014928284511555178,0.012324204561895985,0.02537831456056144,0.029304875647514078,0.045872752282895765,0.011232206706924451,0.0038112854078885226,0.01887948187844181,-0.013976616415843387,-0.020847438282366952,-0.019749391197218625,-0.00282751429831443,5.492703000000006,70.90839197876385,79.326263,2.321942702506035,1.8686509999999998,-8776402.155167555,-165233000.0,70.369692,72.432489,71.939036,1,0.029313713636831107
2022-12-06,71.162453,70.369692,70.280709,71.939036,21335700.0,0,1,0.014426623927856244,-0.0010373957085220839,0.007168477900771084,0.005468630019893076,0.022056379018356845,0.011649749678058475,0.024703859676723953,0.02863042076367656,0.012324204561895985,0.011232206706924451,0.0038112854078885226,-0.0012653076171726186,-0.013976616415843387,-0.020847438282366952,-0.019749391197218625,6.334000000000003,72.96015414506822,79.326263,2.284364438041318,1.7958469999999949,-7423421.9843689725,-143897300.0,69.496037,72.432489,72.432489,1,0.04225351727610027
2022-12-07,68.630471,69.496037,67.83771,69.908596,45441000.0,0,1,-0.036228714031824226,0.014426623927856244,-0.0010373957085220839,0.007168477900771084,0.005918887996197395,-0.006574041745319917,-0.016980671085618196,-0.003926561086952583,0.022056379018356845,0.012324204561895985,0.011232206706924451,-0.024151494344542276,-0.0012653076171726186,-0.013976616415843387,-0.020847438282366952,3.162955999999994,61.3793170208361,79.326263,2.358677192466938,3.324742999999998,-18073658.416504867,-189338300.0,69.164371,72.432489,70.580016,1,0.04725146708845229
2022-12-08,69.471769,69.164371,69.04303,70.580016,29827900.0,0,1,0.012183848824801582,-0.036228714031824226,0.014426623927856244,-0.0010373957085220839,0.020261184849827103,0.015477315577992092,0.0029843858364748967,-0.007422243503823382,0.005918887996197395,0.022056379018356845,0.012324204561895985,-0.0017559266768548533,-0.024151494344542276,-0.0012653076171726186,-0.013976616415843387,3.5836049999999915,63.45497774378561,79.326263,2.329453464433585,1.9495450000000005,-31260698.94465567,-159510400.0,71.235258,72.432489,70.527038,0,-0.009941986873971853
2022-12-09,71.785337,71.235258,70.80652,72.432489,37713000.0,0,1,0.03275976653296792,0.012183848824801582,-0.036228714031824226,0.014426623927856244,0.01666704935276713,0.046169081740136994,0.04138521246830188,0.028892282726784627,0.020261184849827103,0.005918887996197395,0.022056379018356845,-0.006036805622660851,-0.0017559266768548533,-0.024151494344542276,-0.0012653076171726186,6.342089999999999,68.47303565404384,79.326263,2.3745439312597583,2.960720000000009,-23568004.83732674,-121797400.0,71.308062,71.565991,70.754309,0,-0.007765643665929356
2022-12-12,69.641646,71.308062,69.067299,71.429403,34995000.0,0,1,-0.030317484680576524,0.03275976653296792,0.012183848824801582,-0.036228714031824226,0.0017001987422122485,0.00272169882135568,0.03222373120872553,0.02743986193689045,0.01666704935276713,0.020261184849827103,0.005918887996197395,-0.03192801547618527,-0.006036805622660851,-0.0017559266768548533,-0.024151494344542276,3.874822999999992,60.221686723780756,79.326263,2.399079221884061,2.718037999999993,-41544894.487401664,-156792400.0,70.007562,71.565991,71.565991,1,0.02226086661895188
2022-12-13,69.934511,70.007562,69.504319,70.940996,31559400.0,0,1,0.004196496537635792,-0.030317484680576524,0.03275976653296792,0.012183848824801582,0.013245224494625289,-0.005160903276151881,-0.004139403197008298,0.025362629190361568,0.0017001987422122485,0.01666704935276713,0.020261184849827103,-0.007214370261334262,-0.03192801547618527,-0.006036805622660851,-0.0017559266768548533,1.6276160000000033,60.91464863250147,79.326263,2.3303362060351995,1.436677000000003,-54204289.260339305,-125233000.0,69.601721,71.565991,71.565991,1,0.028221572279800267
2022-12-14,70.527038,69.601721,69.398801,70.884178,34564000.0,0,1,0.008436907024820296,0.004196496537635792,-0.030317484680576524,0.03275976653296792,0.018257955208754173,0.012443984468793265,-0.005962143301983748,-0.004940643222840231,0.013245224494625289,0.0017001987422122485,0.01666704935276713,-0.0029197033397054184,-0.007214370261334262,-0.03192801547618527,-0.006036805622660851,1.1927890000000048,62.3439478031847,79.326263,2.269981977032685,1.4853769999999997,-36261237.28902164,-90669000.0,70.932879,71.565991,69.601721,0,-0.018766445388463726
2022-12-15,70.754309,70.932879,70.527038,71.565991,24782100.0,0,1,0.0032172852377844946,0.008436907024820296,0.004196496537635792,-0.030317484680576524,0.008885911387801754,0.027830681045320004,0.022016710305359236,0.0036105825345821405,0.018257955208754173,0.013245224494625289,0.0017001987422122485,-0.005737909679086396,-0.0029197033397054184,-0.007214370261334262,-0.03192801547618527,1.0398580000000095,62.90429005325561,79.326263,2.182051335816064,1.0389529999999922,-50201167.04821174,-65886900.0,70.616323,70.940996,69.999445,0,-0.008735629013139068
2022-12-16,69.544903,70.616323,68.595235,70.876062,37686500.0,0,1,-0.01724080898461445,0.0032172852377844946,0.008436907024820296,0.004196496537635792,0.0036714243209553894,-0.0008013176410396512,0.018143452016478843,0.012329481276517925,0.008885911387801754,0.018257955208754173,0.013245224494625289,-0.02903825006374587,-0.005737909679086396,-0.0029197033397054184,-0.007214370261334262,-0.6710899999999924,57.96151243848454,79.326263,2.189106740400631,2.280827000000002,-56504608.98900772,-103573400.0,68.99296,70.940996,70.819244,1,0.028235286614750388
2022-12-19,69.293282,68.99296,68.376081,69.471852,27508500.0,0,1,-0.003624669617912645,-0.01724080898461445,0.0032172852377844946,0.008436907024820296,0.006917192932495715,-0.016339658402747176,-0.020812400364742203,-0.001867630707223884,0.0036714243209553894,0.008885911387801754,0.018257955208754173,-0.008981399917241298,-0.02903825006374587,-0.005737909679086396,-0.0029197033397054184,-0.8499070000000017,56.95872130464912,79.326263,2.1162292589434433,1.1688220000000058,-37961837.859364435,-131081900.0,69.293282,70.940996,70.819244,1,0.023778841937375672
2022-12-20,69.601721,69.293282,69.244581,70.819244,22657300.0,0,1,0.00444133338631053,-0.003624669617912645,-0.01724080898461445,0.0032172852377844946,0.021782811016350816,0.02612630126975995,0.0028694499345169066,-0.0016032920274780251,0.006917192932495715,0.0036714243209553894,0.008885911387801754,-0.0007030713618863627,-0.008981399917241298,-0.02903825006374587,-0.005737909679086396,-1.5607320000000016,57.919792875520116,79.326263,2.077545954733197,1.574663000000001,-50341601.49507567,-108424600.0,70.535155,71.054632,70.705608,0,0.0024165680220025187
2022-12-21,69.999445,70.535155,69.642305,70.940996,39183700.0,0,1,0.005698019400338479,0.00444133338631053,-0.003624669617912645,-0.01724080898461445,0.005737251266088032,0.023500528620896723,0.027844018874305824,0.004587167539062799,0.021782811016350816,0.006917192932495715,0.0036714243209553894,-0.012739024868626866,-0.0007030713618863627,-0.008981399917241298,-0.02903825006374587,1.3689739999999944,59.18535589224787,79.326263,2.0248123151093975,1.3392750000000007,-67974268.0036601,-69240900.0,70.031912,72.76728,72.76728,1,0.039058879329183505
2022-12-22,69.601721,70.031912,68.741338,70.332235,19429200.0,0,1,-0.005698019400338393,0.005698019400338479,0.00444133338631053,-0.003624669617912645,0.004279204692955749,-0.002881009442378812,0.01488226791242965,0.01922575816583888,0.005737251266088032,0.021782811016350816,0.006917192932495715,-0.01860028799766668,-0.012739024868626866,-0.0007030713618863627,-0.008981399917241298,0.12995200000000295,57.32857053508762,79.326263,1.9938183640301548,1.5908969999999982,-66388212.60547908,-88670100.0,69.220231,73.221822,71.054632,1,0.0578095585956655
2022-12-23,70.06438,69.220231,69.057894,70.226716,18656500.0,0,1,0.006625239610871061,-0.005698019400338393,0.005698019400338479,0.00444133338631053,0.014435633046602158,0.0027777845546922246,-0.004382429580642257,0.013380847774166222,0.004279204692955749,0.005737251266088032,0.021782811016350816,-0.0023479791121030864,-0.01860028799766668,-0.012739024868626866,-0.0007030713618863627,-1.7209569999999985,58.94221143327437,79.326263,1.9348900523137147,1.1688219999999916,-52914061.30185877,-70013600.0,70.145548,73.221822,72.76728,1,0.04385558439147119
2022-12-26,70.705608,70.145548,70.072496,71.054632,18407500.0,0,1,0.00911035717470977,0.006625239610871061,-0.005698019400338393,0.005698019400338479,0.012876705414947526,0.02615587055637601,0.014498022064465892,0.007337807929131539,0.014435633046602158,0.004279204692955749,0.005737251266088032,-0.0010419772594957267,-0.0023479791121030864,-0.01860028799766668,-0.012739024868626866,1.0639620000000036,61.1358019419458,79.326263,1.8674159057198778,0.9902519999999981,-47589595.17904079,-51606100.0,71.428005,,,0,
2022-12-27,72.393907,71.428005,70.997814,72.76728,26720300.0,0,1,0.023597247559927904,0.00911035717470977,0.006625239610871061,-0.005698019400338393,0.018576384284581547,0.03669406309117473,0.049973228232603306,0.03831537974069325,0.012876705414947526,0.014435633046602158,0.004279204692955749,-0.006040931500497438,-0.0010419772594957267,-0.0023479791121030864,-0.01860028799766668,2.459395999999998,66.24875055180705,79.326263,1.881291341025601,2.0616720000000015,-32145735.157994956,-24885800.0,72.393907,,,0,
2022-12-28,72.23157,72.393907,71.996183,73.221822,23314500.0,0,1,-0.0022449304444146423,0.023597247559927904,0.00911035717470977,0.006625239610871061,0.011371352902320823,0.024803471958554594,0.042921150765147596,0.056200315906576113,0.018576384284581547,0.012876705414947526,0.014435633046602158,-0.005509034669788902,-0.006040931500497438,-0.0010419772594957267,-0.0023479791121030864,1.7045320000000004,65.35836979714284,79.326263,1.8344590309523439,1.225639000000001,-46505020.430819884,-48200300.0,72.239687,,,0,
2022-12-29,72.142285,72.239687,72.101701,73.010785,40110800.0,0,1,-0.001236858451725795,-0.0022449304444146423,0.023597247559927904,0.00911035717470977,0.010617593642259851,0.008485031570310435,0.021917150626544202,0.04003482943313722,0.011371352902320823,0.018576384284581547,0.012876705414947526,-0.0019119400740991853,-0.005509034669788902,-0.006040931500497438,-0.0010419772594957267,1.3879759999999948,64.8421895111304,79.326263,1.7683608144557472,0.9090839999999929,-83034508.45700926,-88311100.0,,,,0,
