ativo|target|data|Close|Open|Low|High|ln_open|ln_high|log_return|log_return_binario|esmble_jan_tot|esmble_jan_par|in_precision|compra_esmble_jan_tot|rend_decisao_esmble_jan_tot|dias_esmble_jan_tot|venda_esmble_jan_tot|compra_esmble_jan_par|rend_decisao_esmble_jan_par|dias_esmble_jan_par|venda_esmble_jan_par|compra_in_precision|rend_decisao_in_precision|dias_in_precision|venda_in_precision
VALE3|1.01|2020-06-04|33.635192|32.462855|32.341996|33.659364|3.480096512624105|3.5162912937534907|0.0361947811293856|1|1|1|1.0|0.0|0.0|0.0|0.0|0.0|0.0|0.0|0.0|0.0|0.0|0.0|0.0
VALE3|1.01|2020-06-05|33.00068|34.076329|32.837519|34.263661|3.5286029790230575|3.5340853464980744|0.0054823674750168|0|1|1|1.0|34.076329|0.005497423152593633|1.0|0.0|34.076329|0.005497423152593633|1.0|0.0|34.076329|0.005497423152593633|1.0|0.0
VALE3|1.01|2020-06-08|33.10341|33.22427|32.619972|33.629149|3.5032806329508612|3.5153932206446146|0.0121125876937533|1|1|1|1.0|34.076329|-0.013122892433630483|2.0|0.0|34.076329|-0.013122892433630483|2.0|0.0|34.076329|-0.013122892433630483|2.0|0.0
VALE3|1.01|2020-06-09|33.230313|32.728746|32.704574|33.230313|3.488253774305232|3.503462501521661|0.0152087272164287|1|1|1|1.0|34.076329|-0.02482708744829875|3.0|0.0|34.076329|-0.02482708744829875|3.0|0.0|34.076329|-0.02482708744829875|3.0|0.0
VALE3|1.01|2020-06-10|32.752918|33.181969|32.487027|33.357215|3.5020066259792713|3.5072740907921993|0.005267464812928|0|0|1|1.0|34.076329|-0.02110303606940773|4.0|32.752918|34.076329|-0.02110303606940773|4.0|32.752918|34.076329|-0.02110303606940773|4.0|32.752918
VALE3|1.01|2020-06-12|32.26948|32.456812|31.411378|32.662273|3.4799103440777555|3.486220680956526|0.0063103368787706|0|1|1|1.0|0.0|0.0|0.0|0.0|32.456812|0.006330289000657232|1.0|0.0|32.456812|0.006330289000657232|1.0|0.0
VALE3|1.01|2020-06-15|32.559543|31.725612|31.502022|32.891906|3.4571243041945285|3.4932266092667934|0.0361023050722648|1|1|1|1.0|31.725612|0.036761907067387606|0.0|32.04286812|32.456812|0.013405321508470994|0.0|32.78138012|32.456812|0.013405321508470994|0.0|32.78138012
VALE3|1.01|2020-06-16|33.472032|33.532461|32.765004|33.538504|3.5125139547426603|3.512694151941742|0.0001801971990817|0|1|1|1.0|33.532461|0.00018021343557233542|1.0|0.0|33.532461|0.00018021343557233542|1.0|0.0|33.532461|0.00018021343557233542|1.0|0.0
VALE3|1.01|2020-06-17|33.961512|33.532461|33.327|34.106544|3.5125139547426603|3.5294892720361974|0.0169753172935371|1|1|1|1.0|33.532461|0.017120216735658077|0.0|33.86778561|33.532461|0.017120216735658077|0.0|33.86778561|33.532461|0.017120216735658077|0.0|33.86778561
VALE3|1.01|2020-06-18|33.943384|34.021942|33.604977|34.166974|3.5270056694066776|3.5312595049918487|0.0042538355851711|0|1|1|1.0|34.021942|0.004262895986360816|1.0|0.0|34.021942|0.004262895986360816|1.0|0.0|34.021942|0.004262895986360816|1.0|0.0
VALE3|1.01|2020-06-19|33.339086|34.040071|33.061109|34.203231|3.5275383894844317|3.5323201132904125|0.0047817238059808|0|0|1|0.0|34.021942|0.005328590590155012|2.0|0.0|34.021942|0.005328590590155012|2.0|0.0|34.021942|0.005328590590155012|2.0|0.0
VALE3|1.01|2020-06-22|33.236356|33.236356|32.891906|33.44786|3.503644337022298|3.5099878084439733|0.0063434714216752|0|1|1|1.0|34.021942|-0.016873875100957027|3.0|0.0|34.021942|-0.016873875100957027|3.0|0.0|34.021942|-0.016873875100957027|3.0|0.0
VALE3|1.01|2020-06-23|33.592891|33.556633|33.459946|34.17906|3.513234548794682|3.531613175846429|0.0183786270517472|1|0|1|1.0|34.021942|0.0046181373185574465|4.0|33.592891|34.021942|0.0046181373185574465|4.0|33.592891|34.021942|0.0046181373185574465|4.0|33.592891
VALE3|1.01|2020-06-24|33.472032|33.991727|33.127582|33.99777|3.5261171714787767|3.526294934229865|0.0001777627510883|0|1|1|1.0|0.0|0.0|0.0|0.0|33.991727|0.00017777855182248757|1.0|0.0|33.991727|0.00017777855182248757|1.0|0.0
VALE3|1.01|2020-06-25|33.840653|33.538504|33.157797|33.931298|3.512694151941742|3.524337833295785|0.0116436813540428|1|1|1|1.0|33.538504|0.01171173287872336|0.0|33.87388904|33.991727|-0.0017777560993002556|2.0|0.0|33.991727|-0.0017777560993002556|2.0|0.0
VALE3|1.01|2020-06-26|33.61102|33.780223|33.363258|34.414736|3.5198755128972365|3.538484844747245|0.0186093318500084|1|1|1|1.0|33.780223|0.01878356457267906|0.0|34.11802523|33.991727|0.012444469208640103|0.0|34.33164427|33.991727|0.012444469208640103|0.0|34.33164427
VALE3|1.01|2020-06-29|33.617063|33.502246|33.139668|33.786266|3.5116124813597396|3.5200543885530697|0.0084419071933301|0|1|1|1.0|33.502246|0.008477640573709542|1.0|0.0|33.502246|0.008477640573709542|1.0|0.0|33.502246|0.008477640573709542|1.0|0.0
VALE3|1.01|2020-06-30|33.792309|33.502246|33.242399|34.166974|3.5116124813597396|3.5312595049918487|0.0196470236321091|1|1|1|1.0|33.502246|0.019841296610382593|0.0|33.83726846|33.502246|0.019841296610382593|0.0|33.83726846|33.502246|0.019841296610382593|0.0|33.83726846
VALE3|1.01|2020-07-01|32.958379|33.888997|32.662273|33.888997|3.5230903894300383|3.5230903894300383|0.0|0|1|1|1.0|33.888997|0.0|1.0|0.0|33.888997|0.0|1.0|0.0|33.888997|0.0|1.0|0.0
VALE3|1.01|2020-07-02|33.532461|33.145711|33.085281|33.683536|3.500913326662557|3.517009171986774|0.0160958453242168|1|1|1|1.0|33.888997|-0.006062764265345674|2.0|0.0|33.888997|-0.006062764265345674|2.0|0.0|33.888997|-0.006062764265345674|2.0|0.0
VALE3|1.01|2020-07-03|33.393473|33.357215|33.194055|33.659364|3.5072740907921993|3.5162912937534907|0.0090172029612913|0|1|1|1.0|33.888997|-0.006776034121045448|3.0|0.0|33.888997|-0.006776034121045448|3.0|0.0|33.888997|-0.006776034121045448|3.0|0.0
VALE3|1.01|2020-07-06|34.185103|33.89504|33.592891|34.287833|3.523268690997294|3.5347905682107275|0.0115218772134335|1|1|1|1.0|33.888997|0.011768893602840938|0.0|34.22788697000001|33.888997|0.011768893602840938|0.0|34.22788697000001|33.888997|0.011768893602840938|0.0|34.22788697000001
VALE3|1.01|2020-07-07|34.064243|34.287833|33.901083|34.432864|3.5347905682107275|3.5390114571613|0.0042208889505723|0|0|1|0.0|34.287833|0.004229809448733696|1.0|0.0|34.287833|0.004229809448733696|1.0|0.0|34.287833|0.004229809448733696|1.0|0.0
VALE3|1.01|2020-07-08|34.638326|34.384521|33.713751|34.880045|3.5376064921818218|3.551914889177562|0.0143083969957396|1|1|1|1.0|34.287833|0.0172717826757965|0.0|34.63071133|34.287833|0.0172717826757965|0.0|34.63071133|34.287833|0.0172717826757965|0.0|34.63071133
VALE3|1.01|2020-07-09|34.094458|34.759185|33.876911|34.855873|3.5484438536320995|3.5512216452464194|0.0027777916143199|0|0|1|0.0|34.759185|0.002781653252226723|1.0|0.0|34.759185|0.002781653252226723|1.0|0.0|34.759185|0.002781653252226723|1.0|0.0
VALE3|1.01|2020-07-10|34.426821|34.154888|33.937341|34.62624|3.5309057090099394|3.5446117761406266|0.0137060671306872|1|1|1|1.0|34.759185|-0.0038247444524375186|2.0|0.0|34.759185|-0.0038247444524375186|2.0|0.0|34.759185|-0.0038247444524375186|2.0|0.0
VALE3|1.01|2020-07-13|34.837744|34.886087|34.837744|35.786491|3.552088096429903|3.577570475824883|0.0254823793949801|1|1|1|1.0|34.759185|0.02955495072741193|0.0|35.10677685|34.759185|0.02955495072741193|0.0|35.10677685|34.759185|0.02955495072741193|0.0|35.10677685
VALE3|1.01|2020-07-14|37.285148|35.000904|34.988818|37.448308|3.5553738897272904|3.62296152870225|0.0675876389749596|1|1|1|1.0|35.000904|0.06992402253381795|0.0|35.35091304|35.000904|0.06992402253381795|0.0|35.35091304|35.000904|0.06992402253381795|0.0|35.35091304
VALE3|1.01|2020-07-15|37.339535|37.647726|36.493518|38.028434|3.6282725540154703|3.638334143074976|0.010061589059505|1|0|0|0.0|37.647726|0.01011237703971811|0.0|38.02420326|37.647726|0.01011237703971811|0.0|38.02420326|37.647726|0.01011237703971811|0.0|38.02420326
VALE3|1.01|2020-07-16|36.330358|37.043429|36.167198|37.279105|3.6120909810870754|3.618432982018476|0.0063420009314003|0|0|1|0.0|0.0|0.0|0.0|0.0|0.0|0.0|0.0|0.0|0.0|0.0|0.0|0.0
VALE3|1.01|2020-07-17|36.886312|36.559991|36.451218|37.013214|3.5989545004152403|3.6112749840217866|0.0123204836065462|1|1|1|1.0|0.0|0.0|0.0|0.0|36.559991|0.012396693423693712|0.0|36.92559091|0.0|0.0|0.0|0.0
VALE3|1.01|2020-07-20|36.74128|36.934656|36.469347|37.158246|3.6091502972781977|3.61518571153991|0.0060354142617122|0|0|1|0.0|36.934656|0.006053664070947392|1.0|0.0|36.934656|0.006053664070947392|1.0|0.0|36.934656|0.006053664070947392|1.0|0.0
VALE3|1.01|2020-07-21|36.076553|36.523733|35.816705|36.547905|3.597962268465628|3.5986238658115557|0.0006615973459278|0|0|1|1.0|36.934656|-0.010471222474631867|2.0|0.0|36.934656|-0.010471222474631867|2.0|0.0|36.934656|-0.010471222474631867|2.0|0.0
VALE3|1.01|2020-07-22|35.798577|36.215542|35.532686|36.408917|3.5894883637095343|3.5948137171692975|0.0053253534597632|0|1|1|1.0|36.934656|-0.014234300706631583|3.0|0.0|36.934656|-0.014234300706631583|3.0|0.0|36.934656|-0.014234300706631583|3.0|0.0
VALE3|1.01|2020-07-23|35.562901|36.197413|35.435998|36.35453|3.588987652189648|3.593318817948035|0.0043311657583871|0|1|1|1.0|36.934656|-0.0157068201745266|4.0|35.562901|36.934656|-0.0157068201745266|4.0|35.562901|36.934656|-0.0157068201745266|4.0|35.562901
VALE3|1.01|2020-07-24|35.411826|35.393697|34.940474|35.562901|3.5665337534393373|3.571302987745648|0.0047692343063108|0|1|1|1.0|35.393697|0.004780625205668497|1.0|0.0|35.393697|0.004780625205668497|1.0|0.0|35.393697|0.004780625205668497|1.0|0.0
VALE3|1.01|2020-07-27|37.08573|35.713975|35.641459|37.242847|3.575542068769088|3.617459899540416|0.0419178307713279|1|1|1|1.0|35.393697|0.0522451780044338|0.0|35.74763397|35.393697|0.0522451780044338|0.0|35.74763397|35.393697|0.0522451780044338|0.0|35.74763397
VALE3|1.01|2020-07-28|36.463304|36.680851|36.378702|36.958827|3.6022548477734406|3.609804509256867|0.0075496614834262|0|1|1|1.0|36.680851|0.007578232031748731|1.0|0.0|36.680851|0.007578232031748731|1.0|0.0|36.680851|0.007578232031748731|1.0|0.0
VALE3|1.01|2020-07-29|38.04052|36.989042|36.771495|38.04052|3.610621706617388|3.638651907404999|0.0280302007876112|1|1|1|1.0|36.680851|0.03706754240789026|0.0|37.047659509999995|36.680851|0.03706754240789026|0.0|37.047659509999995|36.680851|0.03706754240789026|0.0|37.047659509999995
VALE3|1.01|2020-07-30|37.0253|37.647726|36.650636|37.690027|3.6282725540154703|3.6293955236491775|0.0011229696337067|0|1|1|1.0|37.647726|0.001123600400194209|1.0|0.0|37.647726|0.001123600400194209|1.0|0.0|37.647726|0.001123600400194209|1.0|0.0
VALE3|1.01|2020-07-31|36.686894|36.92257|36.559991|37.59334|3.6088230171794873|3.6268269070473176|0.0180038898678303|1|1|1|1.0|37.647726|-0.001444602523934671|2.0|0.0|37.647726|-0.001444602523934671|2.0|0.0|37.647726|-0.001444602523934671|2.0|0.0
VALE3|1.01|2020-08-03|36.41496|37.381836|36.41496|37.871317|3.621184917996167|3.634194018177235|0.0130091001810681|1|1|1|1.0|37.647726|0.005939030686740522|3.0|0.0|37.647726|0.005939030686740522|3.0|0.0|37.647726|0.005939030686740522|3.0|0.0
VALE3|1.01|2020-08-04|36.680851|36.41496|35.871092|36.765452|3.5949796792208337|3.604558599874257|0.0095789206534231|0|1|1|1.0|37.647726|-0.023434987813075226|4.0|36.680851|37.647726|-0.023434987813075226|4.0|36.680851|37.647726|-0.023434987813075226|4.0|36.680851
VALE3|1.01|2020-08-05|37.581254|37.406008|37.375793|38.010305|3.6218313332302183|3.6378573071731206|0.0160259739429022|1|0|1|1.0|37.406008|0.01615507861731737|0.0|37.78006808|37.406008|0.01615507861731737|0.0|37.78006808|37.406008|0.01615507861731737|0.0|37.78006808
VALE3|1.01|2020-08-06|37.363707|37.841102|37.031343|37.998219|3.6333958663811865|3.6375392902069743|0.0041434238257878|0|0|1|1.0|0.0|0.0|0.0|0.0|37.841102|0.004152019674268459|1.0|0.0|37.841102|0.004152019674268459|1.0|0.0
VALE3|1.01|2020-08-07|36.529776|37.097816|36.124897|37.097816|3.613558099956077|3.613558099956077|0.0|0|0|1|1.0|0.0|0.0|0.0|0.0|37.841102|-0.01964229265839028|2.0|0.0|37.841102|-0.01964229265839028|2.0|0.0
VALE3|1.01|2020-08-10|37.587297|36.680851|36.505604|37.587297|3.6022548477734406|3.626666147568437|0.0244112997949965|1|1|1|1.0|0.0|0.0|0.0|0.0|37.841102|-0.0067071249669208854|3.0|0.0|37.841102|-0.0067071249669208854|3.0|0.0
VALE3|1.01|2020-08-11|36.427046|37.943832|36.35453|37.961961|3.636106960987996|3.636584632049142|0.0004776710611458|0|1|1|1.0|37.943832|0.000477785164134235|1.0|0.0|37.841102|0.0031938551895238925|4.0|36.427046|37.841102|0.0031938551895238925|4.0|36.427046
VALE3|1.01|2020-08-12|37.164289|36.789624|36.608335|37.641684|3.605215848895933|3.6281120533550735|0.0228962044591405|1|0|1|1.0|37.943832|-0.007963033359414055|2.0|0.0|36.789624|0.023160334555199433|0.0|37.157520240000004|36.789624|0.023160334555199433|0.0|37.157520240000004
VALE3|1.01|2020-08-13|36.469347|37.103859|36.324315|37.563125|3.613720980376589|3.626022851092109|0.01230187071552|1|1|1|1.0|37.943832|-0.010033435737328823|3.0|0.0|37.103859|0.01237784996972955|0.0|37.47489759|37.103859|0.01237784996972955|0.0|37.47489759
VALE3|1.01|2020-08-14|37.073644|36.469347|36.439132|37.121988|3.596472099532788|3.6142094625184096|0.0177373629856214|1|1|1|1.0|37.943832|-0.021659488688438183|4.0|37.073644|36.469347|0.01789560421797524|0.0|36.83404047|36.469347|0.01789560421797524|0.0|36.83404047
VALE3|1.01|2020-08-17|37.605426|37.333492|36.952784|37.829016|3.6198908326179535|3.633076427204343|0.0131855945863899|1|1|1|1.0|37.333492|0.013272907875855899|0.0|37.70682692|37.333492|0.013272907875855899|0.0|37.70682692|37.333492|0.013272907875855899|0.0|37.70682692
VALE3|1.01|2020-08-18|38.106992|38.252024|37.98009|38.493743|3.6441964739052737|3.650495708605497|0.0062992347002235|0|1|1|1.0|38.252024|0.00631911660413063|1.0|0.0|38.252024|0.00631911660413063|1.0|0.0|38.252024|0.00631911660413063|1.0|0.0
VALE3|1.01|2020-08-19|37.702113|38.318497|37.665855|38.602516|3.645932729995239|3.653317455693723|0.0073847256984844|0|0|1|1.0|38.252024|0.00916270469766522|2.0|0.0|38.252024|0.00916270469766522|2.0|0.0|38.252024|0.00916270469766522|2.0|0.0
VALE3|1.01|2020-08-20|38.04052|37.357664|37.267019|38.372883|3.6205380846391666|3.647351038261876|0.0268129536227097|1|1|1|1.0|38.252024|0.0031595452308615865|3.0|0.0|38.252024|0.0031595452308615865|3.0|0.0|38.252024|0.0031595452308615865|3.0|0.0
VALE3|1.01|2020-08-21|37.587297|37.714199|37.170332|37.943832|3.6300366548459353|3.636106960987996|0.0060703061420608|0|1|1|1.0|38.252024|-0.008056880859428465|4.0|37.587297|38.252024|-0.008056880859428465|4.0|37.587297|38.252024|-0.008056880859428465|4.0|37.587297
VALE3|1.01|2020-08-24|38.046563|38.034477|37.611469|38.149293|3.6384930378617586|3.641507225448653|0.0030141875868938|0|1|1|1.0|38.034477|0.00301873481788635|1.0|0.0|38.034477|0.00301873481788635|1.0|0.0|38.034477|0.00301873481788635|1.0|0.0
VALE3|1.01|2020-08-25|37.236804|37.949875|36.892355|37.974047|3.6362662100285728|3.6369029527094026|0.0006367426808298|0|0|1|1.0|38.034477|-0.0015888216367482522|2.0|0.0|38.034477|-0.0015888216367482522|2.0|0.0|38.034477|-0.0015888216367482522|2.0|0.0
VALE3|1.01|2020-08-26|37.315363|37.260976|37.007171|37.677941|3.6179465591406297|3.629074803841431|0.0111282447008012|1|1|1|1.0|38.034477|-0.009374021364879172|3.0|0.0|38.034477|-0.009374021364879172|3.0|0.0|38.034477|-0.009374021364879172|3.0|0.0
VALE3|1.01|2020-08-27|36.735237|37.279105|36.457261|37.575211|3.618432982018476|3.626344551059067|0.007911569040591|0|1|1|1.0|38.034477|-0.012074991855415797|4.0|36.735237|38.034477|-0.012074991855415797|4.0|36.735237|38.034477|-0.012074991855415797|4.0|36.735237
VALE3|1.01|2020-08-28|36.92257|36.970913|36.63855|37.285148|3.6101314683428223|3.6185950704125815|0.0084636020697592|0|1|1|1.0|36.970913|0.008499519608834017|1.0|0.0|36.970913|0.008499519608834017|1.0|0.0|36.970913|0.008499519608834017|1.0|0.0
VALE3|1.01|2020-08-31|36.064467|36.92257|36.064467|36.952784|3.6088230171794873|3.6096409896168073|0.00081797243732|0|0|1|1.0|36.970913|-0.0004903584609880161|2.0|0.0|36.970913|-0.0004903584609880161|2.0|0.0|36.970913|-0.0004903584609880161|2.0|0.0
VALE3|1.01|2020-09-01|37.321406|36.433089|36.378702|37.339535|3.5954774001789955|3.6200526849026664|0.0245752847236708|1|1|1|1.0|36.970913|0.009970594991797872|3.0|0.0|36.970913|0.009970594991797872|3.0|0.0|36.970913|0.009970594991797872|3.0|0.0
VALE3|1.01|2020-09-02|37.055515|37.406008|36.451218|37.671898|3.6218313332302183|3.628914405356361|0.0070830721261421|0|1|1|1.0|36.970913|0.018960446013329336|0.0|37.34062213|36.970913|0.018960446013329336|0.0|37.34062213|36.970913|0.018960446013329336|0.0|37.34062213
VALE3|1.01|2020-09-03|35.84692|36.257843|35.562901|36.590206|3.5906557165192226|3.5997806089688065|0.0091248924495839|0|1|1|1.0|36.257843|0.009166651198748939|1.0|0.0|36.257843|0.009166651198748939|1.0|0.0|36.257843|0.009166651198748939|1.0|0.0
VALE3|1.01|2020-09-04|36.553948|36.082596|35.472256|36.559991|3.58581064382557|3.5989545004152403|0.0131438565896702|1|1|1|1.0|36.257843|0.008333314257000766|2.0|0.0|36.257843|0.008333314257000766|2.0|0.0|36.257843|0.008333314257000766|2.0|0.0
VALE3|1.01|2020-09-08|35.816705|36.010081|35.599158|36.112811|3.5837989270334276|3.586647677731733|0.0028487506983054|0|1|1|1.0|36.257843|-0.004000017320390529|3.0|0.0|36.257843|-0.004000017320390529|3.0|0.0|36.257843|-0.004000017320390529|3.0|0.0
VALE3|1.01|2020-09-09|36.257843|36.197413|35.877135|36.457261|3.588987652189648|3.596140643005682|0.0071529908160341|0|1|1|1.0|36.257843|0.005499996235297323|4.0|36.257843|36.257843|0.005499996235297323|4.0|36.257843|36.257843|0.005499996235297323|4.0|36.257843
VALE3|1.01|2020-09-10|35.369525|36.257843|35.242623|36.378702|3.5906557165192226|3.5939834935089925|0.0033277769897699|0|1|1|1.0|36.257843|0.003333320186752307|1.0|0.0|36.257843|0.003333320186752307|1.0|0.0|36.257843|0.003333320186752307|1.0|0.0
VALE3|1.01|2020-09-11|37.436222|36.288057|36.161155|37.647726|3.591488678871249|3.6282725540154703|0.0367838751442217|1|1|1|1.0|36.257843|0.03833330625873132|0.0|36.62042143|36.257843|0.03833330625873132|0.0|36.62042143|36.257843|0.03833330625873132|0.0|36.62042143
VALE3|1.01|2020-09-14|37.412051|37.949875|37.091773|38.282239|3.6362662100285728|3.644986054947421|0.0087198449188483|0|0|1|0.0|37.949875|0.008757973511111653|1.0|0.0|37.949875|0.008757973511111653|1.0|0.0|37.949875|0.008757973511111653|1.0|0.0
VALE3|1.01|2020-09-15|37.829016|37.895488|37.557082|38.463528|3.6348320548694257|3.649710467622808|0.0148784127533829|1|1|1|1.0|37.949875|0.013535037994196237|0.0|38.32937375|37.949875|0.013535037994196237|0.0|38.32937375|37.949875|0.013535037994196237|0.0|38.32937375
VALE3|1.01|2020-09-16|36.844011|37.659812|36.650636|37.768586|3.628593531182558|3.631477698904172|0.0028841677216142|0|0|1|1.0|37.659812|0.0028883309348436688|1.0|0.0|37.659812|0.0028883309348436688|1.0|0.0|37.659812|0.0028883309348436688|1.0|0.0
VALE3|1.01|2020-09-17|37.514781|36.499561|36.324315|37.720242|3.597300233118856|3.630196873439268|0.0328966403204118|1|1|1|1.0|37.659812|0.0016046282971353294|2.0|0.0|37.659812|0.0016046282971353294|2.0|0.0|37.659812|0.0016046282971353294|2.0|0.0
VALE3|1.01|2020-09-18|37.260976|37.7565|37.260976|38.131164|3.631157646303288|3.64103190054751|0.009874254244222|0|1|1|1.0|37.659812|0.012516047610646489|0.0|38.03641012|37.659812|0.012516047610646489|0.0|38.03641012|37.659812|0.012516047610646489|0.0|38.03641012
VALE3|1.01|2020-09-21|36.257843|36.892355|35.919436|37.097816|3.608004348009599|3.613558099956077|0.0055537519464778|0|0|1|1.0|36.892355|0.005569202616639671|1.0|0.0|36.892355|0.005569202616639671|1.0|0.0|36.892355|0.005569202616639671|1.0|0.0
VALE3|1.01|2020-09-22|36.394761|36.602516|35.979253|36.690654|3.600116981214016|3.6025220632287684|0.0024050820147523|0|1|1|1.0|36.892355|-0.005467284482110179|2.0|0.0|36.892355|-0.005467284482110179|2.0|0.0|36.892355|-0.005467284482110179|2.0|0.0
VALE3|1.01|2020-09-23|37.206892|36.306623|35.922593|37.527966|3.592000176419135|3.6250864150355526|0.0330862386164176|1|1|1|1.0|36.892355|0.01722879984213524|0.0|37.26127855|36.892355|0.01722879984213524|0.0|37.26127855|36.892355|0.01722879984213524|0.0|37.26127855
VALE3|1.01|2020-09-24|36.929886|37.578331|36.791383|37.634991|3.626427581077846|3.627934229347367|0.0015066482695216|0|1|1|1.0|37.578331|0.0015077838342527992|1.0|0.0|37.578331|0.0015077838342527992|1.0|0.0|37.578331|0.0015077838342527992|1.0|0.0
VALE3|1.01|2020-09-25|37.301325|36.734723|36.640289|37.427237|3.603722438551093|3.622398701398456|0.0186762628473631|1|1|1|1.0|37.578331|-0.0040207746320612405|2.0|0.0|37.578331|-0.0040207746320612405|2.0|0.0|37.578331|-0.0040207746320612405|2.0|0.0
VALE3|1.01|2020-09-28|37.005433|37.73572|36.955068|37.924588|3.630607125984112|3.6355996616291137|0.0049925356450013|0|1|1|1.0|37.578331|0.009214272980883622|3.0|0.0|37.578331|0.009214272980883622|3.0|0.0|37.578331|0.009214272980883622|3.0|0.0
VALE3|1.01|2020-09-29|36.734723|36.973955|36.734723|37.748312|3.6102137458580574|3.6309407594634897|0.0207270136054322|1|1|1|1.0|37.578331|0.004523378113839062|4.0|36.734723|37.578331|0.004523378113839062|4.0|36.734723|37.578331|0.004523378113839062|4.0|36.734723
VALE3|1.01|2020-09-30|37.213187|37.276143|36.986546|37.943475|3.6183535241645752|3.6360975522999266|0.0177440281353513|1|1|1|1.0|37.276143|0.017902388667196654|0.0|37.648904429999995|37.276143|0.017902388667196654|0.0|37.648904429999995|37.276143|0.017902388667196654|0.0|37.648904429999995
VALE3|1.01|2020-10-01|37.055798|37.477602|36.526969|37.67906|3.623743474533609|3.629104502475539|0.0053610279419298|0|1|1|1.0|37.477602|0.005375423966560143|1.0|0.0|37.477602|0.005375423966560143|1.0|0.0|37.477602|0.005375423966560143|1.0|0.0
VALE3|1.01|2020-10-02|36.715836|36.898408|36.583629|37.420941|3.608168406484332|3.622230467509988|0.0140620610256561|1|1|1|1.0|37.477602|-0.0015118630055359012|2.0|0.0|37.477602|-0.0015118630055359012|2.0|0.0|37.477602|-0.0015118630055359012|2.0|0.0
VALE3|1.01|2020-10-05|37.515375|37.08098|36.986546|37.672765|3.6131041696903687|3.6289374195942776|0.0158332499039088|1|1|1|1.0|37.477602|0.005207456976569656|3.0|0.0|37.477602|0.005207456976569656|3.0|0.0|37.477602|0.005207456976569656|3.0|0.0
VALE3|1.01|2020-10-06|36.904704|37.77979|36.646585|37.94977|3.631774303561356|3.6362634432172127|0.0044891396558566|0|1|1|1.0|37.477602|0.012598671601240749|0.0|37.852378019999996|37.477602|0.012598671601240749|0.0|37.852378019999996|37.477602|0.012598671601240749|0.0|37.852378019999996
VALE3|1.01|2020-10-07|37.880519|37.232074|37.118753|38.251958|3.6171705940955623|3.644194748504888|0.0270241544093257|1|1|1|1.0|37.232074|0.0273926185256294|0.0|37.60439474|37.232074|0.0273926185256294|0.0|37.60439474|37.232074|0.0273926185256294|0.0|37.60439474
VALE3|1.01|2020-10-08|38.585624|37.993839|37.811267|38.711536|3.637424015002693|3.656137643471676|0.0187136284689826|1|1|1|1.0|37.993839|0.01888982579517698|0.0|38.37377739|37.993839|0.01888982579517698|0.0|38.37377739|37.993839|0.01888982579517698|0.0|38.37377739
VALE3|1.01|2020-10-09|38.780787|38.837447|38.308618|38.994837|3.65938491005779|3.663429252750645|0.0040443426928549|0|1|1|1.0|38.837447|0.004052532083275182|1.0|0.0|38.837447|0.004052532083275182|1.0|0.0|38.837447|0.004052532083275182|1.0|0.0
VALE3|1.01|2020-10-13|39.120749|38.573033|38.421939|39.435528|3.652553405374256|3.674667135881659|0.0221137305074039|1|0|1|1.0|38.837447|0.015399596168100353|0.0|39.22582147|38.837447|0.015399596168100353|0.0|39.22582147|38.837447|0.015399596168100353|0.0|39.22582147
VALE3|1.01|2020-10-14|39.662169|39.082975|39.057793|39.844741|3.665686950172752|3.684990426640356|0.0193034764676043|1|0|1|1.0|0.0|0.0|0.0|0.0|39.082975|0.019490993201003802|0.0|39.47380475|39.082975|0.019490993201003802|0.0|39.47380475
VALE3|1.01|2020-10-15|39.328503|39.290729|39.020019|39.57403|3.6709885877377655|3.678173095043443|0.0071845073056779|0|0|1|1.0|0.0|0.0|0.0|0.0|39.290729|0.007210377796757133|1.0|0.0|39.290729|0.007210377796757133|1.0|0.0
VALE3|1.01|2020-10-16|39.183704|39.473301|39.183704|39.725124|3.6756245193167927|3.6819838338779456|0.0063593145611529|0|1|1|1.0|0.0|0.0|0.0|0.0|39.290729|0.011055916015200484|0.0|39.68363629|39.290729|0.011055916015200484|0.0|39.68363629
VALE3|1.01|2020-10-19|39.001132|39.492188|39.001132|39.775489|3.6761028801956863|3.6832508683028977|0.0071479881072114|0|1|1|1.0|39.492188|0.0071735959526983304|1.0|0.0|39.492188|0.0071735959526983304|1.0|0.0|39.492188|0.0071735959526983304|1.0|0.0
VALE3|1.01|2020-10-20|38.931881|38.894108|38.610806|39.215182|3.6608427738567446|3.6690639677350783|0.008221193878334|0|1|1|1.0|39.492188|-0.007014197339483953|2.0|0.0|39.492188|-0.007014197339483953|2.0|0.0|39.492188|-0.007014197339483953|2.0|0.0
VALE3|1.01|2020-10-21|39.567735|38.812265|38.780787|39.794376|3.6587363049249646|3.68372559577302|0.0249892908480555|1|1|1|1.0|39.492188|0.0076518424352684895|3.0|0.0|39.492188|0.0076518424352684895|3.0|0.0|39.492188|0.0076518424352684895|3.0|0.0
VALE3|1.01|2020-10-22|39.725124|39.73142|39.309616|39.970652|3.682142310441265|3.6881454848243647|0.0060031743830997|0|1|1|1.0|39.492188|0.012115408748687271|0.0|39.88710988|39.492188|0.012115408748687271|0.0|39.88710988|39.492188|0.012115408748687271|0.0|39.88710988
VALE3|1.01|2020-10-23|39.94547|39.422936|39.171113|40.222475|3.6743477789104912|3.694425919000191|0.0200781400896996|1|1|1|1.0|39.422936|0.020281061765668667|0.0|39.81716536|39.422936|0.020281061765668667|0.0|39.81716536|39.422936|0.020281061765668667|0.0|39.81716536
VALE3|1.01|2020-10-26|39.34739|39.599213|39.038906|39.94547|3.678809244325575|3.68751527404328|0.0087060297177044|0|1|1|1.0|39.599213|0.008744037413066804|1.0|0.0|39.599213|0.008744037413066804|1.0|0.0|39.599213|0.008744037413066804|1.0|0.0
VALE3|1.01|2020-10-27|39.366276|39.34739|39.070384|39.599213|3.672429644836433|3.678809244325575|0.0063795994891426|0|1|1|1.0|39.599213|0.0|2.0|0.0|39.599213|0.0|2.0|0.0|39.599213|0.0|2.0|0.0
VALE3|1.01|2020-10-28|37.937179|39.001132|37.930883|39.076679|3.663590671349436|3.6655258440344465|0.0019351726850103|0|0|0|0.0|39.599213|-0.01319556527550182|3.0|0.0|39.599213|-0.01319556527550182|3.0|0.0|39.599213|-0.01319556527550182|3.0|0.0
VALE3|1.01|2020-10-29|39.045202|38.384165|37.641287|39.183704|3.6476450047542106|3.668260946077564|0.0206159413233533|1|1|1|1.0|39.599213|-0.010492860047496402|4.0|39.045202|39.599213|-0.010492860047496402|4.0|39.045202|39.599213|-0.010492860047496402|4.0|39.045202
VALE3|1.01|2020-10-30|38.119751|38.906699|37.77979|39.290729|3.661166446594738|3.6709885877377655|0.0098221411430268|0|0|0|0.0|38.906699|0.009870536690866414|1.0|0.0|38.906699|0.009870536690866414|1.0|0.0|38.906699|0.009870536690866414|1.0|0.0
VALE3|1.01|2020-11-03|39.876218|38.969655|38.541555|39.876218|3.662783266347612|3.685780106093051|0.0229968397454389|1|1|1|1.0|38.906699|0.024919076275270697|0.0|39.29576599000001|38.906699|0.024919076275270697|0.0|39.29576599000001|38.906699|0.024919076275270697|0.0|39.29576599000001
VALE3|1.01|2020-11-04|38.768196|39.838445|38.686353|39.838445|3.684832400830165|3.684832400830165|0.0|0|0|1|1.0|39.838445|0.0|1.0|0.0|39.838445|0.0|1.0|0.0|39.838445|0.0|1.0|0.0
VALE3|1.01|2020-11-05|39.378867|39.221478|38.686353|39.699942|3.66922450491281|3.681349726734899|0.0121252218220888|1|1|1|1.0|39.838445|-0.0034766166199509054|2.0|0.0|39.838445|-0.0034766166199509054|2.0|0.0|39.838445|-0.0034766166199509054|2.0|0.0
VALE3|1.01|2020-11-06|39.781785|39.271843|39.24666|40.266545|3.670507798988542|3.6955209753048615|0.0250131763163188|1|0|1|1.0|39.838445|0.010745901352324384|0.0|40.23682945|39.838445|0.010745901352324384|0.0|40.23682945|39.838445|0.010745901352324384|0.0|40.23682945
VALE3|1.01|2020-11-09|39.781785|40.386161|39.580326|40.461708|3.6984871767786704|3.7003560453814632|0.0018688686027927|0|1|1|1.0|0.0|0.0|0.0|0.0|40.386161|0.001870616026118458|1.0|0.0|40.386161|0.001870616026118458|1.0|0.0
VALE3|1.01|2020-11-10|39.762898|39.813263|39.467006|40.033608|3.684200097983904|3.689719301343501|0.0055192033595972|0|0|1|1.0|39.813263|0.005534462221797842|1.0|0.0|40.386161|-0.008729549708871817|2.0|0.0|40.386161|-0.008729549708871817|2.0|0.0
VALE3|1.01|2020-11-11|40.039904|39.775489|39.662169|40.241362|3.6832508683028977|3.6948953721371782|0.0116445038342809|1|1|1|1.0|39.813263|0.01075267304767266|0.0|40.21139563|40.386161|-0.003585361827285317|3.0|0.0|40.386161|-0.003585361827285317|3.0|0.0
VALE3|1.01|2020-11-12|39.454414|40.021017|39.322207|40.146928|3.6894047411265536|3.692545924389531|0.0031411832629775|0|1|1|1.0|40.021017|0.003146121948875065|1.0|0.0|40.386161|-0.005923638050172649|4.0|39.454414|40.386161|-0.005923638050172649|4.0|39.454414
VALE3|1.01|2020-11-13|39.819558|39.492188|39.416641|40.008426|3.6761028801956863|3.689090081930341|0.0129872017346541|1|1|1|1.0|40.021017|-0.00031460969620038546|2.0|0.0|39.492188|0.013071901713827588|0.0|39.88710988|39.492188|0.013071901713827588|0.0|39.88710988
VALE3|1.01|2020-11-16|40.87092|39.976948|39.643282|41.135335|3.688302987989263|3.716867484504105|0.0285644965148419|1|1|1|1.0|40.021017|0.027843320423366482|0.0|40.42122717|39.976948|0.028976374084384773|0.0|40.37671748|39.976948|0.028976374084384773|0.0|40.37671748
VALE3|1.01|2020-11-17|42.161515|40.795373|40.795373|42.872916|3.7085686681163264|3.75824029789078|0.0496716297744534|1|0|0|0.0|40.795373|0.050925946920499995|0.0|41.20332673|40.795373|0.050925946920499995|0.0|41.20332673|40.795373|0.050925946920499995|0.0|41.20332673
VALE3|1.01|2020-11-18|41.834145|42.174106|41.594912|42.425929|3.741806430815545|3.7477597083466607|0.0059532775311161|0|0|1|1.0|0.0|0.0|0.0|0.0|0.0|0.0|0.0|0.0|0.0|0.0|0.0|0.0
VALE3|1.01|2020-11-19|42.633683|41.99783|41.846736|42.633683|3.7376179502819338|3.7526446216031473|0.0150266713212139|1|0|1|1.0|0.0|0.0|0.0|0.0|41.99783|0.015140139383391888|0.0|42.417808300000004|41.99783|0.015140139383391888|0.0|42.417808300000004
VALE3|1.01|2020-11-20|43.086965|42.765891|42.463703|43.086965|3.7557408456105126|3.7632205151717577|0.0074796695612446|0|1|1|1.0|0.0|0.0|0.0|0.0|42.765891|0.007507712162480044|1.0|0.0|42.765891|0.007507712162480044|1.0|0.0
VALE3|1.01|2020-11-23|44.881206|43.319902|43.124739|44.900093|3.768612159895697|3.804439866015551|0.0358277061198539|1|0|1|0.0|43.319902|0.036477252418530386|0.0|43.75310102|42.765891|0.049904303408527015|0.0|43.19354991|42.765891|0.049904303408527015|0.0|43.19354991
VALE3|1.01|2020-11-24|47.090956|44.730112|44.182397|47.147616|3.800646921353985|3.8532834457651086|0.0526365244111235|1|0|1|1.0|0.0|0.0|0.0|0.0|44.730112|0.05404645532745371|0.0|45.17741312|0.0|0.0|0.0|0.0
VALE3|1.01|2020-11-25|47.531647|46.461398|46.341781|47.78347|3.838621817289901|3.8666797637897217|0.0280579464998211|1|0|1|1.0|0.0|0.0|0.0|0.0|46.461398|0.02845527807837376|0.0|46.926011980000006|46.461398|0.02845527807837376|0.0|46.926011980000006
VALE3|1.01|2020-11-26|48.205274|47.481282|47.468691|48.224161|3.860335570219411|3.875860161025108|0.0155245908056969|1|1|1|1.0|0.0|0.0|0.0|0.0|47.481282|0.01564572329786719|0.0|47.956094820000004|47.481282|0.01564572329786719|0.0|47.956094820000004
VALE3|1.01|2020-11-27|49.382548|48.475984|48.331185|49.596598|3.8810685000459504|3.9039222426688913|0.0228537426229409|1|1|1|1.0|48.475984|0.023116890211037355|0.0|48.96074384|48.475984|0.023116890211037355|0.0|48.96074384|48.475984|0.023116890211037355|0.0|48.96074384
VALE3|1.01|2020-11-30|49.105542|49.640667|48.551531|49.961741|3.904810396990695|3.9112575325285066|0.0064471355378117|0|1|1|1.0|49.640667|0.006467963051342621|1.0|0.0|49.640667|0.006467963051342621|1.0|0.0|49.640667|0.006467963051342621|1.0|0.0
VALE3|1.01|2020-12-01|51.151606|50.257634|49.89249|51.308996|3.91716245579846|3.9378660974266286|0.0207036416281685|1|1|1|1.0|49.640667|0.03360811006024556|0.0|50.13707367|49.640667|0.03360811006024556|0.0|50.13707367|49.640667|0.03360811006024556|0.0|50.13707367
VALE3|1.01|2020-12-02|50.263929|50.931261|48.671147|51.151606|3.9304769000637902|3.934793889754195|0.0043169896904053|0|1|1|1.0|50.931261|0.004326321313740922|1.0|0.0|50.931261|0.004326321313740922|1.0|0.0|50.931261|0.004326321313740922|1.0|0.0
VALE3|1.01|2020-12-03|49.709918|50.994217|49.489573|51.025695|3.9317122341380863|3.9323293293772767|0.0006170952391904|0|1|1|1.0|50.931261|0.0018541461205918244|2.0|0.0|50.931261|0.0018541461205918244|2.0|0.0|50.931261|0.0018541461205918244|2.0|0.0
VALE3|1.01|2020-12-04|51.611184|50.427614|50.427614|52.051875|3.920538921862056|3.9522408174669184|0.0317018956048622|1|1|1|1.0|50.931261|0.022002478988297648|0.0|51.44057361|50.931261|0.022002478988297648|0.0|51.44057361|50.931261|0.022002478988297648|0.0|51.44057361
VALE3|1.01|2020-12-07|52.221855|51.888189|51.416021|52.247038|3.949091192019013|3.955983200242823|0.0068920082238106|0|1|1|1.0|51.888189|0.006915812768104249|1.0|0.0|51.888189|0.006915812768104249|1.0|0.0|51.888189|0.006915812768104249|1.0|0.0
VALE3|1.01|2020-12-08|52.190377|52.234447|51.409725|52.442201|3.955742181462109|3.959711629791978|0.0039694483298688|0|1|1|1.0|51.888189|0.01067703480651445|0.0|52.40707089|51.888189|0.01067703480651445|0.0|52.40707089|51.888189|0.01067703480651445|0.0|52.40707089
VALE3|1.01|2020-12-09|52.064466|52.316289|51.762278|52.775867|3.957307775734287|3.966054021832507|0.0087462460982199|0|1|1|1.0|52.316289|0.008784606262879245|1.0|0.0|52.316289|0.008784606262879245|1.0|0.0|52.316289|0.008784606262879245|1.0|0.0
VALE3|1.01|2020-12-10|53.51245|52.662546|52.379245|53.650953|3.96390450079158|3.982499232199464|0.0185947314078842|1|1|1|1.0|52.316289|0.02551144252605539|0.0|52.83945189|52.316289|0.02551144252605539|0.0|52.83945189|52.316289|0.02551144252605539|0.0|52.83945189
VALE3|1.01|2020-12-11|53.424312|53.273218|53.134715|53.688726|3.975433728340311|3.983203035339386|0.0077693069990751|0|1|1|1.0|53.273218|0.007799566378738424|1.0|0.0|53.273218|0.007799566378738424|1.0|0.0|53.273218|0.007799566378738424|1.0|0.0
VALE3|1.01|2020-12-14|52.59959|53.638361|52.221855|53.650953|3.982264502391091|3.982499232199464|0.0002347298083726|0|1|1|1.0|53.273218|0.0070905234221067944|2.0|0.0|53.273218|0.0070905234221067944|2.0|0.0|53.273218|0.0070905234221067944|2.0|0.0
VALE3|1.01|2020-12-15|53.197671|52.983621|52.889187|53.751682|3.9699828280542713|3.984374959541411|0.0143921314871402|1|1|1|1.0|53.273218|0.00898132341094924|3.0|0.0|53.273218|0.00898132341094924|3.0|0.0|53.273218|0.00898132341094924|3.0|0.0
VALE3|1.01|2020-12-16|54.280511|53.449494|53.109532|54.286806|3.97873717063485|3.99428121398922|0.01554404335437|1|1|1|1.0|53.273218|0.019026220642424842|0.0|53.80595018|53.273218|0.019026220642424842|0.0|53.80595018|53.273218|0.019026220642424842|0.0|53.80595018
VALE3|1.01|2020-12-17|54.897478|54.456787|54.249033|55.369647|3.9974074880758903|4.014031555521074|0.0166240674451829|1|1|1|1.0|54.456787|0.01676301615076927|0.0|55.00135487|54.456787|0.01676301615076927|0.0|55.00135487|54.456787|0.01676301615076927|0.0|55.00135487
VALE3|1.01|2020-12-18|55.275213|55.161892|55.042276|55.640357|4.010272352554411|4.0189087832819625|0.0086364307275514|0|1|1|1.0|55.161892|0.00867383228987142|1.0|0.0|55.161892|0.00867383228987142|1.0|0.0|55.161892|0.00867383228987142|1.0|0.0
VALE3|1.01|2020-12-21|54.683428|54.236442|53.373947|55.023389|3.9933530441354073|4.007758349382837|0.01440530524743|1|1|1|1.0|55.161892|-0.0025108457121086427|2.0|0.0|55.161892|-0.0025108457121086427|2.0|0.0|55.161892|-0.0025108457121086427|2.0|0.0
VALE3|1.01|2020-12-22|54.733793|54.683428|53.78316|54.765271|4.001560701917021|4.003056252179426|0.0014955502624047|0|1|1|1.0|55.161892|-0.007190126836113656|3.0|0.0|55.161892|-0.007190126836113656|3.0|0.0|55.161892|-0.007190126836113656|3.0|0.0
VALE3|1.01|2020-12-23|54.998207|54.475674|54.393831|55.105232|3.9977542534021464|4.009244666278913|0.0114904128767663|1|1|1|1.0|55.161892|-0.0010271583868080672|4.0|54.998207|55.161892|-0.0010271583868080672|4.0|54.998207|55.161892|-0.0010271583868080672|4.0|54.998207
VALE3|1.01|2020-12-28|54.966729|55.268917|54.821931|55.766268|4.012210670936348|4.021169170464686|0.0089584995283384|0|1|1|1.0|55.268917|0.008998746981056183|1.0|0.0|55.268917|0.008998746981056183|1.0|0.0|55.268917|0.008998746981056183|1.0|0.0
VALE3|1.01|2020-12-29|54.815635|55.382238|54.463083|55.527036|4.01425892862726|4.016870037275723|0.0026111086484625|0|1|1|1.0|55.268917|0.0046702380652763765|2.0|0.0|55.268917|0.0046702380652763765|2.0|0.0|55.268917|0.0046702380652763765|2.0|0.0
VALE3|1.01|2020-12-30|55.054867|54.891182|54.551221|55.143006|4.00535271630699|4.009929919887739|0.0045772035807489|0|1|1|1.0|55.268917|-0.0022781521121537827|3.0|0.0|55.268917|-0.0022781521121537827|3.0|0.0|55.268917|-0.0022781521121537827|3.0|0.0
VALE3|1.01|2021-01-04|57.579396|56.251028|55.936249|57.591987|4.029824316473089|4.053383443441181|0.0235591269680917|1|1|1|1.0|55.268917|0.042032124494134765|0.0|55.82160617|55.268917|0.042032124494134765|0.0|55.82160617|55.268917|0.042032124494134765|0.0|55.82160617
VALE3|1.01|2021-01-05|58.548916|57.579396|56.987611|58.548916|4.053164795375626|4.069862575781817|0.0166977804061918|1|1|1|1.0|57.579396|0.016837967525744724|0.0|58.15518996|57.579396|0.016837967525744724|0.0|58.15518996|57.579396|0.016837967525744724|0.0|58.15518996
VALE3|1.01|2021-01-06|60.192063|59.795441|59.430297|60.657936|4.090929420592169|4.105250475964436|0.0143210553722665|1|1|1|1.0|59.795441|0.01442409296722141|0.0|60.39339541|59.795441|0.01442409296722141|0.0|60.39339541|59.795441|0.01442409296722141|0.0|60.39339541
VALE3|1.01|2021-01-07|64.416398|60.821621|60.821621|64.548606|4.107945334311017|4.167418521397185|0.0594731870861675|1|1|1|1.0|60.821621|0.06127730466111724|0.0|61.42983721|60.821621|0.06127730466111724|0.0|61.42983721|60.821621|0.06127730466111724|0.0|61.42983721
VALE3|1.01|2021-01-08|64.21494|64.850793|61.822618|65.064843|4.172089138906656|4.175384357254166|0.0032952183475103|0|0|1|1.0|64.850793|0.0033006535479065046|1.0|0.0|64.850793|0.0033006535479065046|1.0|0.0|64.850793|0.0033006535479065046|1.0|0.0
VALE3|1.01|2021-01-11|64.202349|63.113213|62.766956|64.202349|4.144930145407812|4.162039798811609|0.0171096534037973|1|1|1|1.0|64.850793|-0.009999014198638988|2.0|0.0|64.850793|-0.009999014198638988|2.0|0.0|64.850793|-0.009999014198638988|2.0|0.0
VALE3|1.01|2021-01-12|62.445881|64.529719|62.439585|64.605266|4.167125877374499|4.168295924494087|0.0011700471195883|0|0|1|1.0|64.850793|-0.0037860292625873614|3.0|0.0|64.850793|-0.0037860292625873614|3.0|0.0|64.850793|-0.0037860292625873614|3.0|0.0
VALE3|1.01|2021-01-13|60.576093|62.244422|60.273905|62.2759|4.131068924904219|4.131574513071113|0.0005055881668942|0|0|1|1.0|64.850793|-0.039704880709785555|4.0|60.576093|64.850793|-0.039704880709785555|4.0|60.576093|64.850793|-0.039704880709785555|4.0|60.576093
VALE3|1.01|2021-01-14|61.570795|61.205651|60.878281|62.238127|4.114239521856826|4.130967786229666|0.0167282643728405|1|0|0|0.0|0.0|0.0|0.0|0.0|61.205651|0.016868965252897897|0.0|61.817707510000005|61.205651|0.016868965252897897|0.0|61.817707510000005
VALE3|1.01|2021-01-15|58.895173|60.802734|58.674827|61.19306|4.107634755066394|4.114033784395352|0.0063990293289579|0|1|1|1.0|0.0|0.0|0.0|0.0|0.0|0.0|0.0|0.0|0.0|0.0|0.0|0.0
VALE3|1.01|2021-01-18|59.373637|59.115518|58.895173|60.210949|4.079493461858094|4.097854212853557|0.0183607509954626|1|0|1|1.0|59.115518|0.018530345957553783|0.0|59.70667318|59.115518|0.018530345957553783|0.0|59.70667318|59.115518|0.018530345957553783|0.0|59.70667318
VALE3|1.01|2021-01-19|59.216247|59.493253|57.856402|59.537322|4.085862911163907|4.086603376410143|0.0007404652462366|0|1|1|1.0|0.0|0.0|0.0|0.0|59.493253|0.0007407394583046309|1.0|0.0|59.493253|0.0007407394583046309|1.0|0.0
VALE3|1.01|2021-01-20|58.120816|59.808032|57.182774|59.89617|4.091139966318488|4.092612563177328|0.0014725968588393|0|1|1|1.0|59.808032|0.0014736816620215948|1.0|0.0|59.493253|0.006772482251054503|2.0|0.0|59.493253|0.006772482251054503|2.0|0.0
VALE3|1.01|2021-01-21|58.775557|58.108225|58.007495|60.500546|4.062307220103368|4.102652389789461|0.040345169686093|1|1|1|1.0|59.808032|0.011578946453212217|0.0|60.40611232|59.493253|0.01693121403195077|0.0|60.088185530000004|59.493253|0.01693121403195077|0.0|60.088185530000004
VALE3|1.01|2021-01-22|58.65594|57.913062|57.283504|59.058858|4.058942954990953|4.078534539860627|0.0195915848696737|1|1|1|1.0|57.913062|0.019784759438207643|0.0|58.49219262|57.913062|0.019784759438207643|0.0|58.49219262|57.913062|0.019784759438207643|0.0|58.49219262
VALE3|1.01|2021-01-26|57.761968|58.54262|57.51644|59.279203|4.069755035984815|4.082258536228085|0.0125035002432705|1|1|1|1.0|58.54262|0.012581995817747875|0.0|59.1280462|58.54262|0.012581995817747875|0.0|59.1280462|58.54262|0.012581995817747875|0.0|59.1280462
VALE3|1.01|2021-01-27|56.156594|56.905769|55.527036|57.40312|4.041396724393532|4.050098657249016|0.0087019328554847|0|1|1|1.0|56.905769|0.008739904736196463|1.0|0.0|56.905769|0.008739904736196463|1.0|0.0|56.905769|0.008739904736196463|1.0|0.0
VALE3|1.01|2021-01-28|57.352755|55.527036|55.46408|57.510144|4.016870037275723|4.051961349634891|0.0350913123591682|1|1|1|1.0|56.905769|0.010620627936685953|0.0|57.47482669|56.905769|0.010620627936685953|0.0|57.47482669|56.905769|0.010620627936685953|0.0|57.47482669
VALE3|1.01|2021-01-29|55.369647|56.653945|55.268917|57.195365|4.036961623178255|4.046472863633994|0.0095112404557395|0|1|1|1.0|56.653945|0.009556616048538231|1.0|0.0|56.653945|0.009556616048538231|1.0|0.0|56.653945|0.009556616048538231|1.0|0.0
VALE3|1.01|2021-02-01|57.45978|56.666536|55.766268|57.45978|4.03718384249714|4.051085224793379|0.0139013822962388|1|1|1|1.0|56.653945|0.014223810892604246|0.0|57.22048445|56.653945|0.014223810892604246|0.0|57.22048445|56.653945|0.014223810892604246|0.0|57.22048445
VALE3|1.01|2021-02-02|55.187075|56.773561|55.092641|57.025385|4.039070742007712|4.043496519572475|0.0044257775647631|0|1|1|1.0|56.773561|0.004435585782614537|1.0|0.0|56.773561|0.004435585782614537|1.0|0.0|56.773561|0.004435585782614537|1.0|0.0
VALE3|1.01|2021-02-03|56.930951|55.936249|55.778859|57.554214|4.02421263153918|4.052727355771299|0.0285147242321182|1|1|1|1.0|56.773561|0.013750291266739476|0.0|57.34129661|56.773561|0.013750291266739476|0.0|57.34129661|56.773561|0.013750291266739476|0.0|57.34129661
VALE3|1.01|2021-02-04|56.213255|57.887879|56.087343|58.467073|4.058508018967472|4.068463741074785|0.0099557221073132|1|1|1|1.0|57.887879|0.010005445181365188|0.0|58.466757789999996|57.887879|0.010005445181365188|0.0|58.466757789999996|57.887879|0.010005445181365188|0.0|58.466757789999996
VALE3|1.01|2021-02-05|58.353753|56.786153|56.37694|58.404117|4.039292510795393|4.067386383924757|0.0280938731293636|1|1|1|1.0|56.786153|0.02849222767388382|0.0|57.35401453|56.786153|0.02849222767388382|0.0|57.35401453|56.786153|0.02849222767388382|0.0|57.35401453
VALE3|1.01|2021-02-08|59.184769|58.530029|58.202659|59.751372|4.069539938775414|4.090192152891086|0.0206522141156719|1|1|1|1.0|58.530029|0.020866946777012608|0.0|59.11532929|58.530029|0.020866946777012608|0.0|59.11532929|58.530029|0.020866946777012608|0.0|59.11532929
VALE3|1.01|2021-02-09|59.335863|59.556209|58.120816|59.946535|4.086920555689316|4.093453081638008|0.0065325259486916|0|1|1|1.0|59.556209|0.006553909433691365|1.0|0.0|59.556209|0.006553909433691365|1.0|0.0|59.556209|0.006553909433691365|1.0|0.0
VALE3|1.01|2021-02-10|59.619165|59.593982|59.417706|60.229836|4.087554595818809|4.098167844156356|0.0106132483375462|1|1|1|1.0|59.556209|0.011310777017388668|0.0|60.151771090000004|59.556209|0.011310777017388668|0.0|60.151771090000004|59.556209|0.011310777017388668|0.0|60.151771090000004
VALE3|1.01|2021-02-11|58.611871|60.103924|58.611871|60.103924|4.09607513059115|4.09607513059115|0.0|0|0|1|1.0|60.103924|0.0|1.0|0.0|60.103924|0.0|1.0|0.0|60.103924|0.0|1.0|0.0
VALE3|1.01|2021-02-12|59.109222|58.624463|58.045269|59.266612|4.071152066809779|4.082046112026568|0.0108940452167889|1|1|1|1.0|60.103924|-0.01393107045723|2.0|0.0|60.103924|-0.01393107045723|2.0|0.0|60.103924|-0.01393107045723|2.0|0.0
VALE3|1.01|2021-02-17|60.657936|60.443886|59.927648|60.890872|4.101715430506456|4.109083278424492|0.0073678479180365|0|1|1|1.0|60.103924|0.0130931218400982|0.0|60.70496324|60.103924|0.0130931218400982|0.0|60.70496324|60.103924|0.0130931218400982|0.0|60.70496324
VALE3|1.01|2021-02-18|61.318972|61.293789|60.450181|61.94853|4.115678516438499|4.1263038789800595|0.0106253625415604|1|1|1|1.0|61.293789|0.010682012169291759|0.0|61.906726889999995|61.293789|0.010682012169291759|0.0|61.906726889999995|61.293789|0.010682012169291759|0.0|61.906726889999995
VALE3|1.01|2021-02-19|61.551908|61.199356|60.645344|62.231831|4.114136666587098|4.130866621256101|0.0167299546690031|1|1|1|1.0|61.199356|0.016870684064061035|0.0|61.811349560000004|61.199356|0.016870684064061035|0.0|61.811349560000004|61.199356|0.016870684064061035|0.0|61.811349560000004
VALE3|1.01|2021-02-22|60.028377|60.752369|59.203656|62.024077|4.106806077345111|4.127522648370808|0.0207165710256962|1|1|1|1.0|60.752369|0.02093264873341806|0.0|61.35989269|60.752369|0.02093264873341806|0.0|61.35989269|60.752369|0.02093264873341806|0.0|61.35989269
VALE3|1.01|2021-02-23|61.035671|60.80903|58.744079|61.287494|4.107738297680999|4.115575809078101|0.0078375113971018|0|1|1|1.0|60.80903|0.007868305085609859|1.0|0.0|60.80903|0.007868305085609859|1.0|0.0|60.80903|0.007868305085609859|1.0|0.0
VALE3|1.01|2021-02-24|61.652638|61.148991|60.349452|61.828914|4.113313361588218|4.124371119127043|0.0110577575388255|1|1|1|1.0|60.80903|0.01677191693404742|0.0|61.4171203|60.80903|0.01677191693404742|0.0|61.4171203|60.80903|0.01677191693404742|0.0|61.4171203
VALE3|1.01|2021-02-25|60.255018|62.137397|59.820623|62.294787|4.129348013805255|4.131877746529955|0.0025297327247004|0|1|1|1.0|62.137397|0.0025329351984280813|1.0|0.0|62.137397|0.0025329351984280813|1.0|0.0|62.137397|0.0025329351984280813|1.0|0.0
VALE3|1.01|2021-02-26|59.505844|60.783847|59.191065|61.507839|4.1073240793323365|4.119164630104335|0.0118405507719989|1|1|1|1.0|62.137397|-0.010131708606976294|2.0|0.0|62.137397|-0.010131708606976294|2.0|0.0|62.137397|-0.010131708606976294|2.0|0.0
VALE3|1.01|2021-03-01|62.055555|60.43759|60.034673|62.534019|4.10161126235408|4.135710712662664|0.0340994503085845|1|1|1|1.0|62.137397|0.006382983825344353|3.0|0.0|62.137397|0.006382983825344353|3.0|0.0|62.137397|0.006382983825344353|3.0|0.0
VALE3|1.01|2021-03-02|63.963116|61.381928|59.770259|64.32826|4.117115459581303|4.163999037023528|0.0468835774422249|1|1|1|1.0|62.137397|0.035258364620584286|0.0|62.75877097|62.137397|0.035258364620584286|0.0|62.75877097|62.137397|0.035258364620584286|0.0|62.75877097
VALE3|1.01|2021-03-03|63.176169|64.21494|62.735478|65.474056|4.162235893903452|4.181653972573153|0.0194180786697018|1|1|1|1.0|64.21494|0.019607835808925556|0.0|64.85708939999999|64.21494|0.019607835808925556|0.0|64.85708939999999|64.21494|0.019607835808925556|0.0|64.85708939999999
VALE3|1.01|2021-03-04|62.238127|62.578088|61.394519|63.893865|4.136415184881689|4.157223347384622|0.0208081625029326|1|1|1|1.0|62.578088|0.021026161745306075|0.0|63.20386888|62.578088|0.021026161745306075|0.0|63.20386888|62.578088|0.021026161745306075|0.0|63.20386888
VALE3|1.01|2021-03-05|65.930184|62.318202|61.798445|66.186773|4.132253550055149|4.192480639354181|0.0602270892990315|1|1|1|1.0|62.318202|0.06207770564368983|0.0|62.94138402|62.318202|0.06207770564368983|0.0|62.94138402|62.318202|0.06207770564368983|0.0|62.94138402
VALE3|1.01|2021-03-08|65.574907|65.265685|65.068308|67.061807|4.178466400457167|4.205614686693536|0.0271482862363683|1|1|1|1.0|65.265685|0.027520158564182644|0.0|65.91834185|65.265685|0.027520158564182644|0.0|65.91834185|65.265685|0.027520158564182644|0.0|65.91834185
VALE3|1.01|2021-03-09|64.916987|64.14722|63.081389|65.338056|4.161180754191206|4.179574653664207|0.0183938994730006|1|1|1|1.0|64.14722|0.01856410924744658|0.0|64.7886922|64.14722|0.01856410924744658|0.0|64.7886922|64.14722|0.01856410924744658|0.0|64.7886922
VALE3|1.01|2021-03-10|63.916948|64.14722|62.976122|64.370913|4.161180754191206|4.1646618695898505|0.0034811153986442|0|1|1|1.0|64.14722|0.0034871815177648733|1.0|0.0|64.14722|0.0034871815177648733|1.0|0.0|64.14722|0.0034871815177648733|1.0|0.0
VALE3|1.01|2021-03-11|65.594645|65.127521|64.614344|65.857813|4.176347209497056|4.187498069594552|0.0111508600974961|1|1|1|1.0|64.14722|0.026666673941598537|0.0|64.7886922|64.14722|0.026666673941598537|0.0|64.7886922|64.14722|0.026666673941598537|0.0|64.7886922
VALE3|1.01|2021-03-12|64.081428|65.1341|63.627463|65.423585|4.1764482215980125|4.1808828203642125|0.0044345987662|0|1|1|1.0|65.1341|0.004444446150326773|1.0|0.0|65.1341|0.004444446150326773|1.0|0.0|65.1341|0.004444446150326773|1.0|0.0
VALE3|1.01|2021-03-15|63.699834|63.4893|63.002439|64.048532|4.150871387763255|4.159641108486018|0.0087697207227632|0|1|1|1.0|65.1341|-0.016666661549019777|2.0|0.0|65.1341|-0.016666661549019777|2.0|0.0|65.1341|-0.016666661549019777|2.0|0.0
VALE3|1.01|2021-03-16|63.495879|63.844577|63.173498|64.370913|4.156451645433755|4.1646618695898505|0.0082102241560955|0|1|1|1.0|65.1341|-0.01171716504872259|3.0|0.0|65.1341|-0.01171716504872259|3.0|0.0|65.1341|-0.01171716504872259|3.0|0.0
VALE3|1.01|2021-03-17|64.410388|63.423508|63.199815|64.555131|4.149834581361592|4.167519602901983|0.0176850215403909|1|1|1|1.0|65.1341|-0.0088888769477125|4.0|64.410388|65.1341|-0.0088888769477125|4.0|64.410388|65.1341|-0.0088888769477125|4.0|64.410388
VALE3|1.01|2021-03-18|63.265607|64.278804|62.851117|64.653819|4.163229934597896|4.169047175398943|0.005817240801047|0|1|1|1.0|64.278804|0.0058341938036060035|1.0|0.0|64.278804|0.0058341938036060035|1.0|0.0|64.278804|0.0058341938036060035|1.0|0.0
VALE3|1.01|2021-03-19|62.357677|63.226132|61.476064|63.265607|4.146717696705752|4.147341848157754|0.0006241514520013|0|1|1|1.0|64.278804|-0.015762536589821914|2.0|0.0|64.278804|-0.015762536589821914|2.0|0.0|64.278804|-0.015762536589821914|2.0|0.0
VALE3|1.01|2021-03-22|61.324742|61.528698|60.429971|61.739232|4.119503700118958|4.1229195797352265|0.0034158796162682|0|1|1|1.0|64.278804|-0.039508700255219326|3.0|0.0|64.278804|-0.039508700255219326|3.0|0.0|64.278804|-0.039508700255219326|3.0|0.0
VALE3|1.01|2021-03-23|59.910214|61.410272|59.910214|61.699757|4.11757711757755|4.122279992491917|0.0047028749143667|0|1|1|1.0|64.278804|-0.04012282182474951|4.0|59.910214|64.278804|-0.04012282182474951|4.0|59.910214|64.278804|-0.04012282182474951|4.0|59.910214
VALE3|1.01|2021-03-24|61.285267|60.528659|60.403654|62.265568|4.103116955354534|4.1314085924313515|0.0282916370768173|1|1|1|1.0|60.528659|0.028695646470542232|0.0|61.133945589999996|60.528659|0.028695646470542232|0.0|61.133945589999996|60.528659|0.028695646470542232|0.0|61.133945589999996
VALE3|1.01|2021-03-25|60.818144|61.212896|59.61415|61.377376|4.114357886274409|4.11704129819632|0.002683411921911|0|1|1|1.0|61.212896|0.002687015494251367|1.0|0.0|61.212896|0.002687015494251367|1.0|0.0|61.212896|0.002687015494251367|1.0|0.0
VALE3|1.01|2021-03-26|62.851117|61.67344|61.443168|62.982701|4.121853368216319|4.14286010138395|0.0210067331676304|1|1|1|1.0|61.212896|0.028912289985430488|0.0|61.82502496|61.212896|0.028912289985430488|0.0|61.82502496|61.212896|0.028912289985430488|0.0|61.82502496
VALE3|1.01|2021-03-29|64.463022|63.16034|63.07481|64.772244|4.145676572526847|4.17087717826397|0.0252006057371225|1|1|1|1.0|63.16034|0.025520825252049035|0.0|63.7919434|63.16034|0.025520825252049035|0.0|63.7919434|63.16034|0.025520825252049035|0.0|63.7919434
VALE3|1.01|2021-03-30|63.864314|64.416967|63.541934|64.80514|4.165377061143016|4.17138492120014|0.0060078600571236|0|1|1|1.0|64.416967|0.006025943444372269|1.0|0.0|64.416967|0.006025943444372269|1.0|0.0|64.416967|0.006025943444372269|1.0|0.0
VALE3|1.01|2021-03-31|64.456443|63.930106|63.620884|64.844616|4.157790392840768|4.171993884956615|0.0142034921158469|1|1|1|1.0|64.416967|0.006638763355623409|2.0|0.0|64.416967|0.006638763355623409|2.0|0.0|64.416967|0.006638763355623409|2.0|0.0
VALE3|1.01|2021-04-01|64.074849|64.80514|63.245869|65.041992|4.17138492120014|4.175033092076822|0.0036481708766817|0|1|1|1.0|64.416967|0.009702800816436976|3.0|0.0|64.416967|0.009702800816436976|3.0|0.0|64.416967|0.009702800816436976|3.0|0.0
VALE3|1.01|2021-04-05|68.02237|65.680174|65.660437|68.305276|4.184797114348946|4.223987011031089|0.0391898966821431|1|1|1|1.0|64.416967|0.06036156592097865|0.0|65.06113667|64.416967|0.06036156592097865|0.0|65.06113667|64.416967|0.06036156592097865|0.0|65.06113667
VALE3|1.01|2021-04-06|67.140757|68.292117|67.140757|68.792137|4.2237943426389375|4.231089450617253|0.0072951079783152|0|0|1|1.0|68.292117|0.007321782102610644|1.0|0.0|68.292117|0.007321782102610644|1.0|0.0|68.292117|0.007321782102610644|1.0|0.0
VALE3|1.01|2021-04-07|68.792137|67.351292|67.206549|69.292156|4.209922086042828|4.238331710756307|0.028409624713479|1|0|1|1.0|68.292117|0.014643549562243048|0.0|68.97503817|68.292117|0.014643549562243048|0.0|68.97503817|68.292117|0.014643549562243048|0.0|68.97503817
VALE3|1.01|2021-04-08|68.752662|69.042146|68.502652|69.278998|4.2347171297219885|4.23814180110109|0.0034246713791015|0|0|1|1.0|0.0|0.0|0.0|0.0|69.042146|0.003430542266168826|1.0|0.0|69.042146|0.003430542266168826|1.0|0.0
VALE3|1.01|2021-04-09|67.765781|68.423702|67.726306|68.857929|4.22571928507199|4.232045381942561|0.0063260968705716|0|0|1|0.0|0.0|0.0|0.0|0.0|69.042146|-0.002668181837800984|2.0|0.0|69.042146|-0.002668181837800984|2.0|0.0
VALE3|1.01|2021-04-12|68.028949|67.699989|67.246024|68.180271|4.21508601743668|4.2221552414745185|0.0070692240378384|0|1|1|1.0|0.0|0.0|0.0|0.0|69.042146|-0.012483317074182453|3.0|0.0|69.042146|-0.012483317074182453|3.0|0.0
VALE3|1.01|2021-04-13|68.147375|68.357909|67.667093|68.614498|4.224757269716371|4.228503853510325|0.003746583793954|0|1|1|1.0|68.357909|0.0037536110122969243|1.0|0.0|69.042146|-0.006194013726050823|4.0|68.147375|69.042146|-0.006194013726050823|4.0|68.147375
VALE3|1.01|2021-04-14|70.397462|68.403964|68.27238|70.91064|4.225430776165656|4.2614204928004895|0.035989716634833|1|1|1|1.0|68.357909|0.037343608623253734|0.0|69.04148809|68.403964|0.03664518623511349|0.0|69.08800364|68.403964|0.03664518623511349|0.0|69.08800364
VALE3|1.01|2021-04-15|71.193546|71.48961|70.759318|72.292272|4.269552124455445|4.280717235484988|0.0111651110295429|1|1|1|1.0|71.48961|0.011227673503883963|0.0|72.2045061|71.48961|0.011227673503883963|0.0|72.2045061|71.48961|0.011227673503883963|0.0|72.2045061
VALE3|1.01|2021-04-16|71.496189|71.476451|70.726422|71.785674|4.269368038806794|4.27368492968373|0.0043168908769359|0|0|1|0.0|71.476451|0.004326222072777549|1.0|0.0|71.476451|0.004326222072777549|1.0|0.0|71.476451|0.004326222072777549|1.0|0.0
VALE3|1.01|2021-04-19|70.877744|71.713303|70.818531|72.292272|4.272676267355275|4.280717235484988|0.0080409681297126|0|0|1|1.0|71.476451|0.01141384314114868|0.0|72.19121550999999|71.476451|0.01141384314114868|0.0|72.19121550999999|71.476451|0.01141384314114868|0.0|72.19121550999999
VALE3|1.01|2021-04-20|69.844809|71.022486|69.09478|71.285654|4.26299653112647|4.266695101004465|0.0036985698779945|0|1|1|1.0|0.0|0.0|0.0|0.0|71.022486|0.0037054180277495945|1.0|0.0|71.022486|0.0037054180277495945|1.0|0.0
VALE3|1.01|2021-04-22|69.890864|70.555363|68.647394|70.555363|4.25639769241889|4.25639769241889|0.0|0|1|1|1.0|70.555363|0.0|1.0|0.0|71.022486|-0.006577114183246146|2.0|0.0|71.022486|-0.006577114183246146|2.0|0.0
VALE3|1.01|2021-04-23|71.048803|70.49615|70.042185|71.121174|4.255558098397969|4.264385098380991|0.0088269999830226|0|1|1|1.0|70.555363|0.008019390389926793|2.0|0.0|71.022486|0.0013895317604060728|3.0|0.0|71.022486|0.0013895317604060728|3.0|0.0
VALE3|1.01|2021-04-26|71.430397|72.338327|71.15407|72.825188|4.281354099355775|4.288061884373234|0.0067077850174595|0|1|1|1.0|70.555363|0.03217083583001334|0.0|71.26091663|71.022486|0.025382130386142728|0.0|71.73271086|71.022486|0.025382130386142728|0.0|71.73271086
VALE3|1.01|2021-04-27|72.450173|71.634352|71.397501|72.765975|4.27157473544695|4.287248469574633|0.0156737341276835|1|1|1|1.0|71.634352|0.015797211371437973|0.0|72.35069552|71.634352|0.015797211371437973|0.0|72.35069552|71.634352|0.015797211371437973|0.0|72.35069552
VALE3|1.01|2021-04-28|73.63443|72.739658|71.930416|73.969969|4.286886737870583|4.303659186510869|0.0167724486402853|1|1|1|1.0|72.739658|0.016913895855820496|0.0|73.46705458000001|72.739658|0.016913895855820496|0.0|73.46705458000001|72.739658|0.016913895855820496|0.0|73.46705458000001
VALE3|1.01|2021-04-29|73.654167|73.812068|72.956772|74.312087|4.301522241273223|4.308273616824119|0.0067513755508956|0|1|1|1.0|73.812068|0.00677421746265135|1.0|0.0|73.812068|0.00677421746265135|1.0|0.0|73.812068|0.00677421746265135|1.0|0.0
VALE3|1.01|2021-04-30|71.726461|73.022564|71.726461|73.397578|4.290768489278509|4.295890937800843|0.005122448522334|0|0|1|0.0|73.812068|-0.005615477404047272|2.0|0.0|73.812068|-0.005615477404047272|2.0|0.0|73.812068|-0.005615477404047272|2.0|0.0
VALE3|1.01|2021-05-03|71.358026|72.173847|71.226442|72.601495|4.27907775036078|4.284985513905234|0.0059077635444539|0|1|1|1.0|73.812068|-0.016400746284469317|3.0|0.0|73.812068|-0.016400746284469317|3.0|0.0|73.812068|-0.016400746284469317|3.0|0.0
VALE3|1.01|2021-05-04|72.437015|71.680407|71.48961|73.075197|4.272217446663948|4.291489006854094|0.0192715601901456|1|1|1|1.0|73.812068|-0.009983069435203924|4.0|72.437015|73.812068|-0.009983069435203924|4.0|72.437015|73.812068|-0.009983069435203924|4.0|72.437015
VALE3|1.01|2021-05-05|72.838346|73.680484|72.627812|74.226558|4.299737960872273|4.307122010661933|0.0073840497896604|0|1|1|1.0|73.680484|0.0074113791109188445|1.0|0.0|73.680484|0.0074113791109188445|1.0|0.0|73.680484|0.0074113791109188445|1.0|0.0
VALE3|1.01|2021-05-06|75.69372|73.647588|73.344945|75.792408|4.2992913928815275|4.327998129320802|0.0287067364392745|1|1|1|1.0|73.680484|0.028663275338962044|0.0|74.41728884000001|73.680484|0.028663275338962044|0.0|74.41728884000001|73.680484|0.028663275338962044|0.0|74.41728884000001
VALE3|1.01|2021-05-07|75.956888|76.674021|75.127908|76.6806|4.33956294174143|4.339648742872965|8.580113153566771e-05|0|1|1|1.0|76.674021|8.580481255837765e-05|1.0|0.0|76.674021|8.580481255837765e-05|1.0|0.0|76.674021|8.580481255837765e-05|1.0|0.0
VALE3|1.01|2021-05-10|75.456869|78.818841|75.456869|79.246489|4.367152067268998|4.372563108936873|0.0054110416678749|0|1|1|1.0|76.674021|0.033550712046261415|0.0|77.44076120999999|76.674021|0.033550712046261415|0.0|77.44076120999999|76.674021|0.033550712046261415|0.0|77.44076120999999
VALE3|1.01|2021-05-11|78.108287|74.989745|74.555518|78.108287|4.317351370854123|4.358096158771049|0.0407447879169264|1|1|1|1.0|74.989745|0.04158624622606738|0.0|75.73964245|74.989745|0.04158624622606738|0.0|75.73964245|74.989745|0.04158624622606738|0.0|75.73964245
VALE3|1.01|2021-05-12|75.220017|77.634584|74.976587|77.937228|4.352012998010842|4.355903733458223|0.0038907354473805|0|1|1|1.0|77.634584|0.0038983141843073545|1.0|0.0|77.634584|0.0038983141843073545|1.0|0.0|77.634584|0.0038983141843073545|1.0|0.0
VALE3|1.01|2021-05-13|74.009444|73.687063|72.844925|75.147646|4.299827247830471|4.319454791689747|0.0196275438592756|1|1|1|1.0|77.634584|-0.03203389355445003|2.0|0.0|77.634584|-0.03203389355445003|2.0|0.0|77.634584|-0.03203389355445003|2.0|0.0
VALE3|1.01|2021-05-14|72.739658|73.160727|72.121213|73.5489|4.292658760597403|4.297950491123235|0.0052917305258315|0|1|1|1.0|77.634584|-0.0526271126795759|3.0|0.0|77.634584|-0.0526271126795759|3.0|0.0|77.634584|-0.0526271126795759|3.0|0.0
VALE3|1.01|2021-05-17|74.647627|73.358103|73.140989|74.884478|4.29535296883524|4.3159466327316744|0.0205936638964345|1|1|1|1.0|77.634584|-0.03542372301499036|4.0|74.647627|77.634584|-0.03542372301499036|4.0|74.647627|77.634584|-0.03542372301499036|4.0|74.647627
VALE3|1.01|2021-05-18|75.397656|75.371339|74.469988|75.923992|4.322427083386837|4.329732734584216|0.0073056511973783|0|1|1|1.0|75.371339|0.007332402572813417|1.0|0.0|75.371339|0.007332402572813417|1.0|0.0|75.371339|0.007332402572813417|1.0|0.0
VALE3|1.01|2021-05-19|73.851543|73.752855|72.265956|74.200241|4.300719706335051|4.306767398146497|0.006047691811446|0|0|1|0.0|75.371339|-0.015537709897922877|2.0|0.0|75.371339|-0.015537709897922877|2.0|0.0|75.371339|-0.015537709897922877|2.0|0.0
VALE3|1.01|2021-05-20|73.101514|73.489687|72.502807|73.752855|4.297145083448841|4.300719706335051|0.0035746228862096|0|1|1|1.0|75.371339|-0.021473467520591736|3.0|0.0|75.371339|-0.021473467520591736|3.0|0.0|75.371339|-0.021473467520591736|3.0|0.0
VALE3|1.01|2021-05-21|71.976471|73.101514|71.384342|73.193623|4.291849077895565|4.293108299685978|0.0012592217904137|0|0|1|0.0|75.371339|-0.028893157915106212|4.0|71.976471|75.371339|-0.028893157915106212|4.0|71.976471|75.371339|-0.028893157915106212|4.0|71.976471
VALE3|1.01|2021-05-24|72.22648|71.055382|70.733001|72.463332|4.263459601146466|4.283080668400867|0.019621067254401|1|0|0|0.0|0.0|0.0|0.0|0.0|71.055382|0.019814825568033673|0.0|71.76593582|0.0|0.0|0.0|0.0
VALE3|1.01|2021-05-25|70.430358|72.55544|70.25272|72.956772|4.2843509592896325|4.289867101366254|0.0055161420766216|0|1|1|1.0|0.0|0.0|0.0|0.0|0.0|0.0|0.0|0.0|0.0|0.0|0.0|0.0
VALE3|1.01|2021-05-26|72.502807|69.982972|69.75928|72.581757|4.248251955314684|4.284713609262656|0.0364616539479722|1|1|1|1.0|69.982972|0.0371345332404573|0.0|70.68280172|69.982972|0.0371345332404573|0.0|70.68280172|69.982972|0.0371345332404573|0.0|70.68280172
VALE3|1.01|2021-05-27|73.022564|72.897559|72.219901|73.746276|4.289055154229038|4.300630499029764|0.0115753448007263|1|0|1|1.0|72.897559|0.011642598348183285|0.0|73.62653459|72.897559|0.011642598348183285|0.0|73.62653459|72.897559|0.011642598348183285|0.0|73.62653459
VALE3|1.01|2021-05-28|73.417316|73.101514|71.989629|74.180503|4.291849077895565|4.306501352841907|0.014652274946342|1|0|0|0.0|0.0|0.0|0.0|0.0|73.101514|0.01476014573378066|0.0|73.83252913999999|73.101514|0.01476014573378066|0.0|73.83252913999999
VALE3|1.01|2021-05-31|75.516081|74.016023|74.016023|75.588453|4.304281596792603|4.325303533424599|0.0210219366319952|1|1|1|1.0|0.0|0.0|0.0|0.0|0.0|0.0|0.0|0.0|0.0|0.0|0.0|0.0
VALE3|1.01|2021-06-01|74.476567|76.976664|74.476567|77.634584|4.34350231098516|4.352012998010842|0.0085106870256819|0|0|1|0.0|76.976664|0.008547005882198328|1.0|0.0|76.976664|0.008547005882198328|1.0|0.0|76.976664|0.008547005882198328|1.0|0.0
VALE3|1.01|2021-06-02|75.52924|75.147646|74.673943|76.121368|4.319454791689747|4.332329013890213|0.012874222200466|1|1|1|1.0|76.976664|-0.011111107646857698|2.0|0.0|76.976664|-0.011111107646857698|2.0|0.0|76.976664|-0.011111107646857698|2.0|0.0
VALE3|1.01|2021-06-04|74.279191|75.331864|73.943652|75.516081|4.321903205989184|4.324345626952593|0.0024424209634092|0|0|1|0.0|76.976664|-0.018974360853050216|3.0|0.0|76.976664|-0.018974360853050216|3.0|0.0|76.976664|-0.018974360853050216|3.0|0.0
VALE3|1.01|2021-06-07|73.555479|73.818647|72.831767|74.114711|4.301611369067589|4.305614041612609|0.0040026725450195|0|0|0|0.0|76.976664|-0.03717948857851257|4.0|73.555479|76.976664|-0.03717948857851257|4.0|73.555479|76.976664|-0.03717948857851257|4.0|73.555479
VALE3|1.01|2021-06-08|72.318589|74.002865|72.173847|74.193662|4.3041038086709325|4.30667872873527|0.0025749200643376|0|0|1|0.0|0.0|0.0|0.0|0.0|0.0|0.0|0.0|0.0|0.0|0.0|0.0|0.0
VALE3|1.01|2021-06-09|73.818647|72.371223|71.844887|74.568676|4.281808748002898|4.311720526268671|0.0299117782657729|1|1|1|1.0|0.0|0.0|0.0|0.0|72.371223|0.030363629477423586|0.0|73.09493523|0.0|0.0|0.0|0.0
VALE3|1.01|2021-06-10|73.575217|73.831806|73.05546|74.588414|4.301789614372869|4.311985186837139|0.0101955724642692|1|0|1|1.0|73.831806|0.01024772440213639|0.0|74.57012406|73.831806|0.01024772440213639|0.0|74.57012406|73.831806|0.01024772440213639|0.0|74.57012406
VALE3|1.01|2021-06-11|75.226596|74.575255|74.358142|75.502923|4.311808749771433|4.324171370737352|0.0123626209659191|1|1|1|1.0|0.0|0.0|0.0|0.0|74.575255|0.01243935404578901|0.0|75.32100755|74.575255|0.01243935404578901|0.0|75.32100755
VALE3|1.01|2021-06-14|74.818686|75.601611|74.423934|75.845041|4.325477592482252|4.328692324619665|0.0032147321374127|0|1|1|1.0|75.601611|0.003219904930332627|1.0|0.0|75.601611|0.003219904930332627|1.0|0.0|75.601611|0.003219904930332627|1.0|0.0
VALE3|1.01|2021-06-15|73.358103|74.851582|73.193623|74.910795|4.315507246246826|4.316298005638759|0.0007907593919336|0|1|1|1.0|75.601611|-0.009137583060234156|2.0|0.0|75.601611|-0.009137583060234156|2.0|0.0|75.601611|-0.009137583060234156|2.0|0.0
VALE3|1.01|2021-06-16|71.15407|73.358103|71.07512|73.443633|4.29535296883524|4.296518214042935|0.0011652452076953|0|1|1|1.0|75.601611|-0.028544074279052065|3.0|0.0|75.601611|-0.028544074279052065|3.0|0.0|75.601611|-0.028544074279052065|3.0|0.0
VALE3|1.01|2021-06-17|69.67375|70.844848|69.01583|71.81857|4.260492246484917|4.27414307771138|0.0136508312264629|1|1|1|1.0|75.601611|-0.05003915855708434|4.0|69.67375|75.601611|-0.05003915855708434|4.0|69.67375|75.601611|-0.05003915855708434|4.0|69.67375
VALE3|1.01|2021-06-18|71.772515|70.404041|70.08166|71.772515|4.2542506620848295|4.273501603324871|0.0192509412400418|1|1|1|1.0|70.404041|0.019437435416526615|0.0|71.10808141000001|70.404041|0.019437435416526615|0.0|71.10808141000001|70.404041|0.019437435416526615|0.0|71.10808141000001
VALE3|1.01|2021-06-21|72.443594|70.890902|70.489571|72.825188|4.261142103724474|4.288061884373234|0.0269197806487602|1|1|1|1.0|70.890902|0.027285391290408467|0.0|71.59981102|70.890902|0.027285391290408467|0.0|71.59981102|70.890902|0.027285391290408467|0.0|71.59981102
VALE3|1.01|2021-06-22|73.292311|72.825188|72.489648|73.739697|4.288061884373234|4.300541283765823|0.0124793993925891|1|1|1|1.0|72.825188|0.01255759202434204|0.0|73.55343988|72.825188|0.01255759202434204|0.0|73.55343988|72.825188|0.01255759202434204|0.0|73.55343988
VALE3|1.01|2021-06-23|74.391038|73.95681|73.79233|75.167384|4.303481274166347|4.319717413466337|0.0162361392999903|1|0|1|1.0|73.95681|0.016368661655363367|0.0|74.6963781|73.95681|0.016368661655363367|0.0|74.6963781|73.95681|0.016368661655363367|0.0|74.6963781
VALE3|1.01|2021-06-24|74.491483|74.954413|73.981589|75.088595|4.316880102068127|4.3186686830564645|0.0017885809883377|0|1|1|1.0|0.0|0.0|0.0|0.0|74.954413|0.001790181453358798|1.0|0.0|74.954413|0.001790181453358798|1.0|0.0
VALE3|1.01|2021-06-25|75.410634|74.873903|74.73972|76.463967|4.315805405243143|4.336819610260066|0.0210142050169226|1|1|1|1.0|74.873903|0.021236558217086643|0.0|75.62264203|74.954413|0.02013962806966408|0.0|75.70395713|74.954413|0.02013962806966408|0.0|75.70395713
VALE3|1.01|2021-06-28|74.20299|75.974201|73.807151|76.282821|4.330393822130248|4.334447762219344|0.0040539400890953|0|0|0|0.0|75.974201|0.004062168419513945|1.0|0.0|75.974201|0.004062168419513945|1.0|0.0|75.974201|0.004062168419513945|1.0|0.0
VALE3|1.01|2021-06-29|75.484434|74.20299|74.20299|75.846727|4.306804445857409|4.328714553907678|0.0219101080502683|1|1|1|1.0|75.974201|-0.0016778590405971143|2.0|0.0|75.974201|-0.0016778590405971143|2.0|0.0|75.974201|-0.0016778590405971143|2.0|0.0
VALE3|1.01|2021-06-30|75.98091|75.028213|74.927576|76.67195|4.317864216134194|4.3395359309241694|0.0216717147899752|1|0|0|0.0|75.974201|0.009184025508869804|3.0|0.0|75.974201|0.009184025508869804|3.0|0.0|75.974201|0.009184025508869804|3.0|0.0
VALE3|1.01|2021-07-01|74.659211|76.088256|74.310336|76.725623|4.331893929699711|4.340235720381599|0.0083417906818876|0|0|0|0.0|75.974201|0.00989048900955214|4.0|74.659211|75.974201|0.00989048900955214|4.0|74.659211|75.974201|0.00989048900955214|4.0|74.659211
VALE3|1.01|2021-07-02|76.202311|75.142268|74.860485|76.229148|4.3193832233474785|4.333743909235637|0.0143606858881586|1|0|0|0.0|0.0|0.0|0.0|0.0|0.0|0.0|0.0|0.0|0.0|0.0|0.0|0.0
VALE3|1.01|2021-07-05|75.927237|76.417003|75.330124|76.457258|4.336205223767394|4.3367318657366445|0.0005266419692508|0|0|0|0.0|0.0|0.0|0.0|0.0|0.0|0.0|0.0|0.0|0.0|0.0|0.0|0.0
VALE3|1.01|2021-07-06|76.329785|76.148638|75.59178|76.718914|4.332687193429413|4.340148275104817|0.0074610816754043|0|1|1|1.0|0.0|0.0|0.0|0.0|0.0|0.0|0.0|0.0|0.0|0.0|0.0|0.0
VALE3|1.01|2021-07-07|76.551186|77.027534|76.484095|77.544137|4.344162942351198|4.35084728392763|0.0066843415764319|0|1|1|1.0|77.027534|0.006706731647413294|1.0|0.0|77.027534|0.006706731647413294|1.0|0.0|77.027534|0.006706731647413294|1.0|0.0
VALE3|1.01|2021-07-08|76.255984|75.155687|74.806812|76.82626|4.319561788651786|4.341546508793217|0.0219847201414307|1|1|1|1.0|77.027534|-0.0026130136789787135|2.0|0.0|77.027534|-0.0026130136789787135|2.0|0.0|77.027534|-0.0026130136789787135|2.0|0.0
VALE3|1.01|2021-07-12|77.201972|77.362991|77.155008|78.027195|4.348508513789563|4.3570574197701175|0.0085489059805548|0|1|1|1.0|77.027534|0.012977969669910544|0.0|77.79780934|77.027534|0.012977969669910544|0.0|77.79780934|77.027534|0.012977969669910544|0.0|77.79780934
VALE3|1.01|2021-07-13|77.658192|77.222099|77.054371|77.765539|4.346685672543846|4.35369838961119|0.0070127170673437|0|0|1|1.0|77.222099|0.007037363747390548|1.0|0.0|77.222099|0.007037363747390548|1.0|0.0|77.222099|0.007037363747390548|1.0|0.0
VALE3|1.01|2021-07-14|77.235517|78.000358|76.779296|78.114413|4.356713416422648|4.358174585273768|0.0014611688511196|0|1|1|1.0|77.222099|0.011555163762124608|0.0|77.99431999|77.222099|0.011555163762124608|0.0|77.99431999|77.222099|0.011555163762124608|0.0|77.99431999
VALE3|1.01|2021-07-15|77.477046|77.148299|76.819551|77.933267|4.345729530607588|4.355852909214663|0.0101233786070755|1|1|1|1.0|77.148299|0.010174793354808852|0.0|77.91978198999999|77.148299|0.010174793354808852|0.0|77.91978198999999|77.148299|0.010174793354808852|0.0|77.91978198999999
VALE3|1.01|2021-07-16|76.081547|77.383118|75.813181|77.738702|4.34876864311034|4.35335322860344|0.0045845854931005|0|1|1|1.0|77.383118|0.004595110783724267|1.0|0.0|77.383118|0.004595110783724267|1.0|0.0|77.383118|0.004595110783724267|1.0|0.0
VALE3|1.01|2021-07-19|75.249614|75.142268|73.941334|75.249614|4.3193832233474785|4.320810774047723|0.0014275507002441|0|1|1|1.0|77.383118|-0.027570664702345055|2.0|0.0|77.383118|-0.027570664702345055|2.0|0.0|77.383118|-0.027570664702345055|2.0|0.0
VALE3|1.01|2021-07-20|75.880273|75.249614|73.941334|75.893691|4.320810774047723|4.329333558417071|0.0085227843693482|0|1|1|1.0|77.383118|-0.019247441024539645|3.0|0.0|77.383118|-0.019247441024539645|3.0|0.0|77.383118|-0.019247441024539645|3.0|0.0
VALE3|1.01|2021-07-21|76.75246|75.652162|75.477725|77.067789|4.326146018808148|4.34468541117286|0.0185393923647119|1|0|1|1.0|77.383118|-0.0040749068808521175|4.0|76.75246|77.383118|-0.0040749068808521175|4.0|76.75246|77.383118|-0.0040749068808521175|4.0|76.75246
VALE3|1.01|2021-07-22|76.953734|76.269402|75.605198|76.953734|4.334271835579001|4.343204384123832|0.0089325485448314|0|0|1|1.0|0.0|0.0|0.0|0.0|76.269402|0.008972562810968384|1.0|0.0|76.269402|0.008972562810968384|1.0|0.0
VALE3|1.01|2021-07-23|76.564604|76.229148|75.678999|76.812842|4.333743909235637|4.341371839716667|0.0076279304810302|0|1|1|1.0|0.0|0.0|0.0|0.0|76.269402|0.007125268925014043|2.0|0.0|76.269402|0.007125268925014043|2.0|0.0
VALE3|1.01|2021-07-26|78.228469|76.779296|76.779296|78.396197|4.3409350204761745|4.361775418526767|0.0208403980505922|1|0|1|1.0|76.779296|0.021059075613300733|0.0|77.54708896|76.269402|0.027885297959986646|0.0|77.03209602|76.269402|0.027885297959986646|0.0|77.03209602
VALE3|1.01|2021-07-27|76.604859|77.624647|76.410294|77.859466|4.3518849927392775|4.354905483694881|0.0030204909556035|0|0|1|1.0|0.0|0.0|0.0|0.0|77.624647|0.003025057234720844|1.0|0.0|77.624647|0.003025057234720844|1.0|0.0
VALE3|1.01|2021-07-28|78.698108|77.490464|77.322736|78.899382|4.350154883627334|4.368173395121533|0.0180185114941995|1|1|1|1.0|0.0|0.0|0.0|0.0|77.624647|0.016421781602433655|0.0|78.40089347|77.624647|0.016421781602433655|0.0|78.40089347
VALE3|1.01|2021-07-29|77.537428|78.074159|76.987279|78.872545|4.357659131417243|4.36783319517888|0.0101740637616369|1|1|1|1.0|78.074159|0.010225995517928126|0.0|78.85490059|78.074159|0.010225995517928126|0.0|78.85490059|78.074159|0.010225995517928126|0.0|78.85490059
VALE3|1.01|2021-07-30|72.96851|76.155347|72.96851|76.155347|4.332775293553706|4.332775293553706|0.0|0|1|1|1.0|76.155347|0.0|1.0|0.0|76.155347|0.0|1.0|0.0|76.155347|0.0|1.0|0.0
VALE3|1.01|2021-08-02|73.082565|74.404264|73.082565|74.719593|4.309513252024743|4.313742346903611|0.0042290948788679|0|0|1|1.0|76.155347|-0.01885296379780139|2.0|0.0|76.155347|-0.01885296379780139|2.0|0.0|76.155347|-0.01885296379780139|2.0|0.0
VALE3|1.01|2021-08-03|75.571653|73.652841|73.424731|75.833309|4.299362716502754|4.328537628843723|0.0291749123409683|1|1|1|1.0|76.155347|-0.00422869847865057|3.0|0.0|76.155347|-0.00422869847865057|3.0|0.0|76.155347|-0.00422869847865057|3.0|0.0
VALE3|1.01|2021-08-04|75.491143|75.142268|74.887321|75.98091|4.3193832233474785|4.330482124523767|0.0110989011762887|1|1|1|1.0|76.155347|-0.0022905417265055824|4.0|75.491143|76.155347|-0.0022905417265055824|4.0|75.491143|76.155347|-0.0022905417265055824|4.0|75.491143
VALE3|1.01|2021-08-05|73.183202|73.558913|72.391525|73.793733|4.298086622574193|4.301273809301443|0.0031871867272501|0|1|1|1.0|73.558913|0.003192271207161519|1.0|0.0|73.558913|0.003192271207161519|1.0|0.0|73.558913|0.003192271207161519|1.0|0.0
VALE3|1.01|2021-08-06|73.599168|73.699805|73.464986|74.397555|4.300000153330189|4.309423078395823|0.0094229250656336|0|1|1|1.0|73.558913|0.01140095694453768|0.0|74.29450213|73.558913|0.01140095694453768|0.0|74.29450213|73.558913|0.01140095694453768|0.0|74.29450213
VALE3|1.01|2021-08-09|73.136238|72.592799|72.243924|73.43144|4.284865729583538|4.296352181784649|0.0114864522011108|1|1|1|1.0|72.592799|0.011552674804562854|0.0|73.31872699|72.592799|0.011552674804562854|0.0|73.31872699|72.592799|0.011552674804562854|0.0|73.31872699
VALE3|1.01|2021-08-10|73.840697|73.095983|73.022183|74.296918|4.291773413125426|4.308069470378852|0.0162960572534256|1|0|1|1.0|73.095983|0.016429562210005456|0.0|73.82694283000001|73.095983|0.016429562210005456|0.0|73.82694283000001|73.095983|0.016429562210005456|0.0|73.82694283000001
VALE3|1.01|2021-08-11|73.310676|73.927916|73.303966|74.135899|4.303090510344427|4.305899881922396|0.0028093715779684|0|1|1|1.0|0.0|0.0|0.0|0.0|73.927916|0.002813321560423788|1.0|0.0|73.927916|0.002813321560423788|1.0|0.0
VALE3|1.01|2021-08-12|73.263712|73.263712|73.015474|73.787024|4.294065424917714|4.30118288958886|0.007117464671146|0|1|1|1.0|73.263712|0.00714285402301216|1.0|0.0|73.927916|-0.0019058024035195826|2.0|0.0|73.927916|-0.0019058024035195826|2.0|0.0
VALE3|1.01|2021-08-13|72.65989|73.599168|72.431779|73.733351|4.29863372132311|4.3004552205822115|0.0018214992591012|0|0|1|0.0|73.263712|0.006410253960378104|2.0|0.0|73.927916|-0.0026318204343809344|3.0|0.0|73.927916|-0.0026318204343809344|3.0|0.0
VALE3|1.01|2021-08-16|72.995346|71.948722|71.063117|73.062438|4.27595367084067|4.2913143906433895|0.0153607198027199|1|1|1|1.0|73.263712|-0.0027472536472080197|3.0|0.0|73.927916|-0.011707052583492222|4.0|72.995346|73.927916|-0.011707052583492222|4.0|72.995346
VALE3|1.01|2021-08-17|71.787703|72.532416|70.888679|73.344221|4.28403357917488|4.29516371484576|0.0111301356708803|1|1|1|1.0|73.263712|0.0010988932692900734|4.0|71.787703|72.532416|0.011192306071812179|0.0|73.25774016|72.532416|0.011192306071812179|0.0|73.25774016
VALE3|1.01|2021-08-18|69.379125|70.942352|69.379125|70.942352|4.261867603574554|4.261867603574554|0.0|0|1|1|1.0|70.942352|0.0|1.0|0.0|70.942352|0.0|1.0|0.0|70.942352|0.0|1.0|0.0
VALE3|1.01|2021-08-19|65.420737|66.192287|65.279846|67.279167|4.19256394558106|4.208850634494111|0.0162866889130501|1|0|1|1.0|70.942352|-0.05163608051788301|2.0|0.0|70.942352|-0.05163608051788301|2.0|0.0|70.942352|-0.05163608051788301|2.0|0.0
VALE3|1.01|2021-08-20|65.447574|65.47441|65.373773|66.487489|4.181659379280247|4.19701379462379|0.0153544153435429|1|0|1|1.0|70.942352|-0.06279553573301323|3.0|0.0|70.942352|-0.06279553573301323|3.0|0.0|70.942352|-0.06279553573301323|3.0|0.0
VALE3|1.01|2021-08-23|64.541841|65.454283|64.515005|65.702521|4.181351929481469|4.1851372961394855|0.0037853666580165|0|1|1|1.0|70.942352|-0.07386040710914117|4.0|64.541841|70.942352|-0.07386040710914117|4.0|64.541841|70.942352|-0.07386040710914117|4.0|64.541841
VALE3|1.01|2021-08-24|66.896746|66.675345|66.487489|67.943371|4.199835244407897|4.218674578810931|0.0188393344030339|1|1|1|1.0|66.675345|0.019017914343000493|0.0|67.34209845|66.675345|0.019017914343000493|0.0|67.34209845|66.675345|0.019017914343000493|0.0|67.34209845
VALE3|1.01|2021-08-25|66.755854|67.151693|66.118487|67.399931|4.206954134862891|4.210643994178865|0.0036898593159735|0|1|1|1.0|67.151693|0.0036966752275329924|1.0|0.0|67.151693|0.0036966752275329924|1.0|0.0|67.151693|0.0036966752275329924|1.0|0.0
VALE3|1.01|2021-08-26|65.903795|66.749145|65.903795|66.957128|4.200941488209559|4.2040525339829875|0.0031110457734282|0|1|1|1.0|67.151693|-0.0028973953046872135|2.0|0.0|67.151693|-0.0028973953046872135|2.0|0.0|67.151693|-0.0028973953046872135|2.0|0.0
VALE3|1.01|2021-08-27|67.554241|66.427107|66.353307|67.762224|4.196105211127755|4.2160048715289085|0.0198996604011538|1|1|1|1.0|67.151693|0.009091818429656106|3.0|0.0|67.151693|0.009091818429656106|3.0|0.0|67.151693|0.009091818429656106|3.0|0.0
VALE3|1.01|2021-08-30|67.124857|67.64146|67.057765|68.191609|4.2142211086584584|4.22232152208935|0.0081004134308919|0|1|1|1.0|67.151693|0.015486072704079184|0.0|67.82320992999999|67.151693|0.015486072704079184|0.0|67.82320992999999|67.151693|0.015486072704079184|0.0|67.82320992999999
VALE3|1.01|2021-08-31|66.205706|66.420398|65.548211|66.594835|4.19600420810168|4.198627021986436|0.0026228138847557|0|1|1|1.0|66.420398|0.002626256470188533|1.0|0.0|66.420398|0.002626256470188533|1.0|0.0|66.420398|0.002626256470188533|1.0|0.0
VALE3|1.01|2021-09-01|66.319761|65.3201|64.219803|66.816237|4.179299799025771|4.201946119868426|0.0226463208426546|1|1|1|1.0|66.420398|0.005959599940969868|2.0|0.0|66.420398|0.005959599940969868|2.0|0.0|66.420398|0.005959599940969868|2.0|0.0
VALE3|1.01|2021-09-02|66.111778|66.266088|65.689103|67.091311|4.19367827312187|4.206054542299064|0.012376269177194|1|1|1|1.0|66.420398|0.01010100842816387|0.0|67.08460198|66.420398|0.01010100842816387|0.0|67.08460198|66.420398|0.01010100842816387|0.0|67.08460198
VALE3|1.01|2021-09-03|66.158742|67.198657|66.09165|67.681715|4.207653262210351|4.214816054811435|0.0071627926010844|0|1|1|1.0|67.198657|0.0071885067584014336|1.0|0.0|67.198657|0.0071885067584014336|1.0|0.0|67.198657|0.0071885067584014336|1.0|0.0
VALE3|1.01|2021-09-06|65.118826|65.004771|64.515005|65.447574|4.174460667201989|4.181249425205982|0.0067887580039931|0|0|1|1.0|67.198657|-0.026058303516393107|2.0|0.0|67.198657|-0.026058303516393107|2.0|0.0|67.198657|-0.026058303516393107|2.0|0.0
VALE3|1.01|2021-09-08|63.763582|64.722988|63.535472|64.897425|4.170116439793298|4.172807946497644|0.0026915067043464|0|0|0|0.0|67.198657|-0.03424520820408656|3.0|0.0|67.198657|-0.03424520820408656|3.0|0.0|67.198657|-0.03424520820408656|3.0|0.0
VALE3|1.01|2021-09-09|63.535472|63.844092|62.508974|64.219803|4.156444048831742|4.16231162107647|0.0058675722447283|0|0|0|0.0|67.198657|-0.04432907044555963|4.0|63.535472|67.198657|-0.04432907044555963|4.0|63.535472|67.198657|-0.04432907044555963|4.0|63.535472
VALE3|1.01|2021-09-10|63.609272|64.078911|63.609272|64.535132|4.160115308233675|4.167209757686779|0.0070944494531035|0|0|1|0.0|0.0|0.0|0.0|0.0|0.0|0.0|0.0|0.0|0.0|0.0|0.0|0.0
VALE3|1.01|2021-09-13|63.575726|63.535472|63.025578|63.736745|4.151598364105058|4.154761240851222|0.0031628767461642|0|0|1|0.0|0.0|0.0|0.0|0.0|63.535472|0.0031678839184511053|1.0|0.0|0.0|0.0|0.0|0.0
VALE3|1.01|2021-09-14|63.126215|63.837382|62.441883|64.125875|4.156338943528741|4.16084794862201|0.0045090050932685|0|0|0|0.0|0.0|0.0|0.0|0.0|63.535472|0.009292494120449675|2.0|0.0|0.0|0.0|0.0|0.0
VALE3|1.01|2021-09-15|61.549569|62.985323|61.549569|63.361034|4.142901730996245|4.148849066817454|0.0059473358212089|0|0|0|0.0|0.0|0.0|0.0|0.0|63.535472|-0.0027455214309260517|3.0|0.0|0.0|0.0|0.0|0.0
VALE3|1.01|2021-09-16|58.99339|60.670673|58.986681|60.670673|4.105460434689781|4.105460434689781|0.0|0|0|0|0.0|0.0|0.0|0.0|0.0|63.535472|-0.04508975710450373|4.0|58.99339|0.0|0.0|0.0|0.0
VALE3|1.01|2021-09-17|57.799164|59.234918|57.081287|59.570375|4.08151119908906|4.087158386735773|0.005647187646713|0|0|0|0.0|0.0|0.0|0.0|0.0|0.0|0.0|0.0|0.0|0.0|0.0|0.0|0.0
VALE3|1.01|2021-09-20|55.893771|55.551606|54.43789|56.316446|4.017312426558816|4.0309866061654835|0.0136741796066672|1|1|1|1.0|0.0|0.0|0.0|0.0|0.0|0.0|0.0|0.0|0.0|0.0|0.0|0.0
VALE3|1.01|2021-09-21|56.437211|56.82634|55.357041|56.82634|4.039999950630835|4.039999950630835|0.0|0|0|1|1.0|56.82634|0.0|1.0|0.0|56.82634|0.0|1.0|0.0|56.82634|0.0|1.0|0.0
VALE3|1.01|2021-09-22|58.443241|59.107445|58.040693|60.033305|4.079356889405371|4.094899491553667|0.0155426021482956|1|0|1|1.0|56.82634|0.056434480911492745|0.0|57.3946034|56.82634|0.056434480911492745|0.0|57.3946034|56.82634|0.056434480911492745|0.0|57.3946034
VALE3|1.01|2021-09-23|58.441186|58.655962|57.485805|59.500252|4.071689223812022|4.085980547836733|0.0142913240247102|1|0|1|1.0|0.0|0.0|0.0|0.0|58.655962|0.014393933220292266|0.0|59.242521620000005|58.655962|0.014393933220292266|0.0|59.242521620000005
VALE3|1.01|2021-09-24|57.537647|57.982011|57.026629|58.352313|4.060132807265942|4.066498998049744|0.0063661907838019|0|1|1|1.0|0.0|0.0|0.0|0.0|57.982011|0.006386498046782171|1.0|0.0|57.982011|0.006386498046782171|1.0|0.0
VALE3|1.01|2021-09-27|58.359719|58.211598|56.656327|58.75224|4.0640846132346145|4.073329279957002|0.0092446667223873|0|1|1|1.0|58.211598|0.009287530639512735|1.0|0.0|57.982011|0.013283930424558757|0.0|58.56183111|57.982011|0.013283930424558757|0.0|58.56183111
VALE3|1.01|2021-09-28|55.434327|57.38212|55.219552|57.619114|4.049732756542022|4.053854352932816|0.0041215963907941|0|1|1|1.0|58.211598|-0.01017810918023585|2.0|0.0|57.38212|0.004130101850541646|1.0|0.0|57.38212|0.004130101850541646|1.0|0.0
VALE3|1.01|2021-09-29|56.137903|56.115684|55.434327|56.878508|4.027415345648141|4.040917554489915|0.013502208841774|1|1|1|1.0|58.211598|-0.022900762834238045|3.0|0.0|57.38212|-0.008776462075643143|2.0|0.0|57.38212|-0.008776462075643143|2.0|0.0
VALE3|1.01|2021-09-30|56.463769|57.322872|56.08606|58.019041|4.04869970638028|4.060771249773478|0.0120715433931986|1|0|0|0.0|58.211598|-0.0033078803299644985|4.0|56.463769|57.38212|0.01109964218819383|0.0|57.9559412|57.38212|0.01109964218819383|0.0|57.9559412
VALE3|1.01|2021-10-01|56.434145|56.841478|56.04903|57.256217|4.040266305705751|4.047536230424923|0.0072699247191714|0|0|1|1.0|0.0|0.0|0.0|0.0|0.0|0.0|0.0|0.0|0.0|0.0|0.0|0.0
VALE3|1.01|2021-10-04|55.908315|56.722981|55.871285|57.026629|4.038179437260322|4.043518334180677|0.0053388969203549|0|0|0|0.0|0.0|0.0|0.0|0.0|56.722981|0.005353174227567529|1.0|0.0|56.722981|0.005353174227567529|1.0|0.0
VALE3|1.01|2021-10-05|55.508388|56.278618|55.508388|56.360084|4.030314676152224|4.0317611774481055|0.0014465012958817|0|0|1|1.0|0.0|0.0|0.0|0.0|56.722981|-0.006397706777787238|2.0|0.0|56.722981|-0.006397706777787238|2.0|0.0
VALE3|1.01|2021-10-06|57.071066|54.849249|54.745564|57.226593|4.00458849474054|4.047018702934793|0.0424302081942524|1|0|0|0.0|0.0|0.0|0.0|0.0|56.722981|0.008878447343943436|3.0|0.0|56.722981|0.008878447343943436|3.0|0.0
VALE3|1.01|2021-10-07|58.774459|58.019041|57.552459|59.52247|4.060771249773478|4.086353888319705|0.0255826385462265|1|1|1|1.0|0.0|0.0|0.0|0.0|56.722981|0.049353700222490096|0.0|57.29021081|56.722981|0.049353700222490096|0.0|57.29021081
VALE3|1.01|2021-10-08|59.137355|60.32973|58.944798|60.61116|4.099825017057276|4.1044790345360305|0.0046540174787548|0|1|1|1.0|60.32973|0.004664864238576906|1.0|0.0|60.32973|0.004664864238576906|1.0|0.0|60.32973|0.004664864238576906|1.0|0.0
VALE3|1.01|2021-10-11|60.448227|60.655597|59.796494|61.544323|4.105211914726584|4.119757614420516|0.0145456996939321|1|1|1|1.0|60.32973|0.020132578083807116|0.0|60.9330273|60.32973|0.020132578083807116|0.0|60.9330273|60.32973|0.020132578083807116|0.0|60.9330273
VALE3|1.01|2021-10-13|58.655962|59.840931|58.633743|59.840931|4.091689891700275|4.091689891700275|0.0|0|1|1|1.0|59.840931|0.0|1.0|0.0|59.840931|0.0|1.0|0.0|59.840931|0.0|1.0|0.0
VALE3|1.01|2021-10-14|58.655962|59.24104|58.604119|59.426191|4.081614544951103|4.084735055115254|0.0031205101641509|0|0|1|0.0|59.840931|-0.006930707678996418|2.0|0.0|59.840931|-0.006930707678996418|2.0|0.0|59.840931|-0.006930707678996418|2.0|0.0
VALE3|1.01|2021-10-15|59.752058|58.870737|58.730022|59.952021|4.075344142071709|4.093544592331495|0.0182004502597852|1|0|0|0.0|59.840931|0.001856421652263471|3.0|0.0|59.840931|0.001856421652263471|3.0|0.0|59.840931|0.001856421652263471|3.0|0.0
VALE3|1.01|2021-10-18|59.189198|59.181792|58.122726|59.544688|4.080613927013787|4.0867270894715775|0.0061131624577903|0|1|1|1.0|59.840931|-0.004950507872278875|4.0|59.189198|59.840931|-0.004950507872278875|4.0|59.189198|59.840931|-0.004950507872278875|4.0|59.189198
VALE3|1.01|2021-10-19|58.507841|59.041077|58.367125|59.426191|4.078233421995755|4.084735055115254|0.0065016331194991|0|0|0|0.0|59.041077|0.00652281461600034|1.0|0.0|59.041077|0.00652281461600034|1.0|0.0|59.041077|0.00652281461600034|1.0|0.0
VALE3|1.01|2021-10-20|56.589672|58.041259|56.493393|58.041259|4.061154119717316|4.061154119717316|0.0|0|0|0|0.0|59.041077|-0.016934277807974348|2.0|0.0|59.041077|-0.016934277807974348|2.0|0.0|59.041077|-0.016934277807974348|2.0|0.0
VALE3|1.01|2021-10-21|55.663915|55.175115|54.027177|55.663915|4.010512036417928|4.019332091389162|0.0088200549712347|0|0|0|0.0|59.041077|-0.05720020994874464|3.0|0.0|59.041077|-0.05720020994874464|3.0|0.0|59.041077|-0.05720020994874464|3.0|0.0
VALE3|1.01|2021-10-22|56.345272|55.301018|55.2788|57.10069|4.012791317038779|4.044816200652|0.0320248836132206|1|0|1|1.0|59.041077|-0.03286503394916054|4.0|56.345272|59.041077|-0.03286503394916054|4.0|56.345272|59.041077|-0.03286503394916054|4.0|56.345272
VALE3|1.01|2021-10-25|57.026629|57.17475|56.560048|57.448775|4.046112367358839|4.05089368117796|0.0047813138191203|0|0|1|0.0|0.0|0.0|0.0|0.0|57.17475|0.004792762539407599|1.0|0.0|57.17475|0.004792762539407599|1.0|0.0
VALE3|1.01|2021-10-26|56.419333|57.034035|56.337866|57.078472|4.043648194901292|4.044427022803936|0.0007788279026446|0|0|1|0.0|0.0|0.0|0.0|0.0|57.17475|-0.0016839251592705728|2.0|0.0|57.17475|-0.0016839251592705728|2.0|0.0
VALE3|1.01|2021-10-27|55.138085|56.271212|55.138085|56.826666|4.030183072221579|4.0400056873906705|0.0098226151690914|0|0|0|0.0|0.0|0.0|0.0|0.0|57.17475|-0.006088072094762111|3.0|0.0|57.17475|-0.006088072094762111|3.0|0.0
VALE3|1.01|2021-10-28|54.582631|55.138085|54.47154|55.308424|4.0098406752138125|4.012925229657397|0.0030845544435846|0|0|0|0.0|0.0|0.0|0.0|0.0|57.17475|-0.03264248641227117|4.0|54.582631|57.17475|-0.03264248641227117|4.0|54.582631
VALE3|1.01|2021-10-29|53.034765|54.079019|52.597808|54.182704|3.9904462917772814|3.992361743126625|0.0019154513493431|0|0|0|0.0|0.0|0.0|0.0|0.0|0.0|0.0|0.0|0.0|0.0|0.0|0.0|0.0
VALE3|1.01|2021-11-01|53.560595|53.323601|52.694087|53.960522|3.976379028663988|3.988252705125233|0.0118736764612443|1|0|0|0.0|0.0|0.0|0.0|0.0|0.0|0.0|0.0|0.0|0.0|0.0|0.0|0.0
VALE3|1.01|2021-11-03|49.494671|52.286754|49.331737|52.508935|3.956743069394246|3.960983345593013|0.0042402761987667|0|0|0|0.0|0.0|0.0|0.0|0.0|0.0|0.0|0.0|0.0|0.0|0.0|0.0|0.0
VALE3|1.01|2021-11-04|48.93181|49.539107|48.598538|50.079749|3.9027623980610393|3.913616714798452|0.0108543167374128|1|1|1|1.0|0.0|0.0|0.0|0.0|0.0|0.0|0.0|0.0|0.0|0.0|0.0|0.0
VALE3|1.01|2021-11-05|47.480223|49.198428|47.398757|49.368768|3.8958616717682992|3.89931799753364|0.0034563257653408|0|0|1|1.0|49.198428|0.003462305746842217|1.0|0.0|49.198428|0.003462305746842217|1.0|0.0|49.198428|0.003462305746842217|1.0|0.0
VALE3|1.01|2021-11-08|50.064937|47.694999|47.643157|50.47227|3.864826549630613|3.921424076554913|0.0565975269243002|1|0|1|1.0|49.198428|0.02589192483954979|0.0|49.69041228|49.198428|0.02589192483954979|0.0|49.69041228|49.198428|0.02589192483954979|0.0|49.69041228
VALE3|1.01|2021-11-09|48.835532|49.805725|48.309702|49.842755|3.9081299372625886|3.908873149837522|0.0007432125749335|0|0|1|1.0|0.0|0.0|0.0|0.0|49.805725|0.0007434888258326597|1.0|0.0|49.805725|0.0007434888258326597|1.0|0.0
VALE3|1.01|2021-11-10|48.65038|47.850526|47.694999|49.087338|3.868082110524019|3.893601119669499|0.02551900914548|1|1|1|1.0|0.0|0.0|0.0|0.0|49.805725|-0.014423783611221397|2.0|0.0|49.805725|-0.014423783611221397|2.0|0.0
VALE3|1.01|2021-11-11|50.368585|50.701858|50.064937|51.294342|3.925962556868455|3.9375804536964094|0.0116178968279538|1|0|1|1.0|50.701858|0.011685646707463835|0.0|51.20887658|49.805725|0.02988847165662176|0.0|50.303782250000005|49.805725|0.02988847165662176|0.0|50.303782250000005
VALE3|1.01|2021-11-12|50.583361|49.753883|49.62798|51.538742|3.907088510810096|3.9423337966997134|0.0352452858896175|1|1|1|1.0|0.0|0.0|0.0|0.0|49.753883|0.03587376285786573|0.0|50.251421830000005|49.753883|0.03587376285786573|0.0|50.251421830000005
VALE3|1.01|2021-11-16|49.124368|50.361179|49.020683|50.413022|3.919220620339752|3.920249514720637|0.0010288943808847|0|1|1|1.0|50.361179|0.001029423874290117|1.0|0.0|50.361179|0.001029423874290117|1.0|0.0|50.361179|0.001029423874290117|1.0|0.0
VALE3|1.01|2021-11-17|48.139362|49.613168|48.139362|50.146404|3.904256282367242|3.9149468069516824|0.0106905245844397|1|1|1|1.0|50.361179|-0.004264693644285076|2.0|0.0|50.361179|-0.004264693644285076|2.0|0.0|50.361179|-0.004264693644285076|2.0|0.0
VALE3|1.01|2021-11-18|46.161946|47.554284|45.806455|47.88015|3.8618718795703457|3.8687010135169455|0.0068291339466002|0|1|1|1.0|50.361179|-0.049264712408738476|3.0|0.0|50.361179|-0.049264712408738476|3.0|0.0|50.361179|-0.049264712408738476|3.0|0.0
VALE3|1.01|2021-11-19|47.420975|46.858115|46.517436|47.991241|3.847124206064835|3.871018515089875|0.0238943090250405|1|1|1|1.0|50.361179|-0.047058826799904696|4.0|47.420975|50.361179|-0.047058826799904696|4.0|47.420975|50.361179|-0.047058826799904696|4.0|47.420975
VALE3|1.01|2021-11-22|50.057531|48.546696|48.250453|51.116597|3.882526138868548|3.9341092389958847|0.051583100127337|1|1|1|1.0|48.546696|0.05293668182897558|0.0|49.03216296|48.546696|0.05293668182897558|0.0|49.03216296|48.546696|0.05293668182897558|0.0|49.03216296
VALE3|1.01|2021-11-23|51.375809|52.29416|51.257312|53.301383|3.956884701356123|3.975962278302336|0.0190775769462132|1|1|1|1.0|52.29416|0.01926071668423402|0.0|52.8171016|52.29416|0.01926071668423402|0.0|52.8171016|52.29416|0.01926071668423402|0.0|52.8171016
VALE3|1.01|2021-11-24|52.568184|51.923857|51.479494|52.568184|3.949778357001842|3.9621110698177167|0.0123327128158745|1|1|1|1.0|51.923857|0.012409074310485142|0.0|52.44309557|51.923857|0.012409074310485142|0.0|52.44309557|51.923857|0.012409074310485142|0.0|52.44309557
VALE3|1.01|2021-11-25|52.212693|52.797772|51.694269|52.797772|3.9664689928522017|3.9664689928522017|0.0|0|1|1|1.0|52.797772|0.0|1.0|0.0|52.797772|0.0|1.0|0.0|52.797772|0.0|1.0|0.0
VALE3|1.01|2021-11-26|50.835167|49.990876|49.990876|51.368403|3.911840508776645|3.939023255812164|0.027182747035519|1|0|0|0.0|52.797772|-0.027072524954272714|2.0|0.0|52.797772|-0.027072524954272714|2.0|0.0|52.797772|-0.027072524954272714|2.0|0.0
VALE3|1.01|2021-11-29|51.472088|52.04976|51.220282|52.286754|3.952200184099339|3.956743069394246|0.0045428852949069|0|1|1|1.0|52.797772|-0.009678779627291847|3.0|0.0|52.797772|-0.009678779627291847|3.0|0.0|52.797772|-0.009678779627291847|3.0|0.0
VALE3|1.01|2021-11-30|51.80536|51.101785|50.872197|52.931081|3.933819428106417|3.968990708861799|0.0351712807553816|1|0|1|1.0|52.797772|0.0025248982097198533|4.0|51.80536|52.797772|0.0025248982097198533|4.0|51.80536|52.797772|0.0025248982097198533|4.0|51.80536
VALE3|1.01|2021-12-01|52.01273|52.805178|51.820172|53.286571|3.966609254085664|3.975684348207246|0.0090750941215818|0|1|1|1.0|0.0|0.0|0.0|0.0|52.805178|0.009116397638125644|1.0|0.0|52.805178|0.009116397638125644|1.0|0.0
VALE3|1.01|2021-12-02|54.427104|52.560778|51.923857|54.478946|3.961970176197702|3.9978143151049177|0.035844138907215|1|1|1|1.0|52.560778|0.0364942847687681|0.0|53.08638578|52.805178|0.03169704304377125|0.0|53.333229779999996|52.805178|0.03169704304377125|0.0|53.333229779999996
VALE3|1.01|2021-12-03|53.227323|54.130862|52.582996|55.056619|3.991404485307992|4.008362092089858|0.0169576067818666|1|1|1|1.0|54.130862|0.01710220317570404|0.0|54.67217062|54.130862|0.01710220317570404|0.0|54.67217062|54.130862|0.01710220317570404|0.0|54.67217062
VALE3|1.01|2021-12-06|56.115684|53.967928|53.293977|56.278618|3.9883899441944792|4.030314676152224|0.0419247319577444|1|1|1|1.0|53.967928|0.042815985079138134|0.0|54.50760728|53.967928|0.042815985079138134|0.0|54.50760728|53.967928|0.042815985079138134|0.0|54.50760728
VALE3|1.01|2021-12-07|56.530424|57.974604|56.360084|59.107731|4.060005052587866|4.079361728039626|0.0193566754517604|1|1|1|1.0|57.974604|0.019545230528870913|0.0|58.55435004|57.974604|0.019545230528870913|0.0|58.55435004|57.974604|0.019545230528870913|0.0|58.55435004
VALE3|1.01|2021-12-08|56.108278|57.019223|55.530606|57.019223|4.043388456594065|4.043388456594065|0.0|0|1|1|1.0|57.019223|0.0|1.0|0.0|57.019223|0.0|1.0|0.0|57.019223|0.0|1.0|0.0
VALE3|1.01|2021-12-09|55.678727|55.463952|55.138085|56.248993|4.015733296213592|4.02978813870206|0.0140548424884681|1|1|1|1.0|57.019223|-0.013508251418999483|2.0|0.0|57.019223|-0.013508251418999483|2.0|0.0|57.019223|-0.013508251418999483|2.0|0.0
VALE3|1.01|2021-12-10|56.026812|55.915721|55.426921|56.434145|4.023845574969136|4.033074383120059|0.0092288081509233|0|0|1|1.0|57.019223|-0.010261065816347512|3.0|0.0|57.019223|-0.010261065816347512|3.0|0.0|57.019223|-0.010261065816347512|3.0|0.0
VALE3|1.01|2021-12-13|57.66355|57.396932|57.315466|58.307877|4.049990852419695|4.065737195721993|0.0157463433022977|1|1|1|1.0|57.019223|0.022600343045712866|0.0|57.58941523|57.019223|0.022600343045712866|0.0|57.58941523|57.019223|0.022600343045712866|0.0|57.58941523
VALE3|1.01|2021-12-14|57.656144|58.15235|57.196969|58.426374|4.06306629087381|4.0677673974783035|0.004701106604493|0|1|1|1.0|58.15235|0.004712174142575567|1.0|0.0|58.15235|0.004712174142575567|1.0|0.0|58.15235|0.004712174142575567|1.0|0.0
VALE3|1.01|2021-12-15|57.330278|57.826483|56.434145|57.900544|4.057446854135377|4.058726780044311|0.0012799259089337|0|1|1|1.0|58.15235|-0.004330108757427722|2.0|0.0|58.15235|-0.004330108757427722|2.0|0.0|58.15235|-0.004330108757427722|2.0|0.0
VALE3|1.01|2021-12-16|59.574313|58.507841|58.107913|59.589125|4.069160779444066|4.087473090979325|0.0183123115352588|1|1|1|1.0|58.15235|0.024707084064530573|0.0|58.7338735|58.15235|0.024707084064530573|0.0|58.7338735|58.15235|0.024707084064530573|0.0|58.7338735
VALE3|1.01|2021-12-17|58.633743|59.174386|58.559683|59.744652|4.080488779342836|4.090079680529544|0.0095909011867076|0|1|1|1.0|59.174386|0.009637041269849487|1.0|0.0|59.174386|0.009637041269849487|1.0|0.0|59.174386|0.009637041269849487|1.0|0.0
VALE3|1.01|2021-12-20|57.974604|57.767235|57.233999|58.43378|4.056421746435521|4.067894147268654|0.0114724008331332|1|0|1|1.0|59.174386|-0.012515651619942447|2.0|0.0|59.174386|-0.012515651619942447|2.0|0.0|59.174386|-0.012515651619942447|2.0|0.0
VALE3|1.01|2021-12-21|59.500252|59.100325|58.618931|59.537282|4.079236423550909|4.086602704562433|0.0073662810115244|0|0|1|1.0|59.174386|0.006132653408520356|3.0|0.0|59.174386|0.006132653408520356|3.0|0.0|59.174386|0.006132653408520356|3.0|0.0
VALE3|1.01|2021-12-22|59.189198|59.166979|58.196786|59.359537|4.080363599106667|4.083612798963477|0.0032491998568104|0|0|1|0.0|59.174386|0.003128904455383867|4.0|59.189198|59.174386|0.003128904455383867|4.0|59.189198|59.174386|0.003128904455383867|4.0|59.189198
VALE3|1.01|2021-12-23|58.618931|59.211416|58.359719|59.292882|4.081114361136972|4.082489265072242|0.0013749039352699|0|0|0|0.0|0.0|0.0|0.0|0.0|59.211416|0.001375849549012625|1.0|0.0|0.0|0.0|0.0|0.0
VALE3|1.01|2021-12-27|58.47081|58.411562|57.959792|58.841113|4.067513849690891|4.07484081125794|0.007326961567049|0|0|0|0.0|0.0|0.0|0.0|0.0|59.211416|-0.006253912252326474|2.0|0.0|0.0|0.0|0.0|0.0
VALE3|1.01|2021-12-28|56.878508|58.144944|56.708169|58.159756|4.062938927635075|4.063193637893217|0.000254710258142|0|0|0|0.0|0.0|0.0|0.0|0.0|59.211416|-0.017761102014516902|3.0|0.0|0.0|0.0|0.0|0.0
VALE3|1.01|2021-12-29|57.211781|56.567454|56.545236|57.752423|4.0354338021552305|4.056165305231701|0.0207315030764707|1|0|0|1.0|0.0|0.0|0.0|0.0|59.211416|-0.02464040042548551|4.0|57.211781|0.0|0.0|0.0|0.0
VALE3|1.01|2021-12-30|57.737611|57.759829|57.478399|58.493028|4.056293534053872|4.068907567648192|0.0126140335943194|1|0|1|0.0|0.0|0.0|0.0|0.0|0.0|0.0|0.0|0.0|57.759829|0.012693926084857332|0.0|58.33742729
VALE3|1.01|2022-01-03|57.767235|58.507841|57.767235|59.226228|4.069160779444066|4.081364484317018|0.0122037048729524|1|0|1|1.0|0.0|0.0|0.0|0.0|58.507841|0.01227847392283711|0.0|59.09291941|0.0|0.0|0.0|0.0
VALE3|1.01|2022-01-04|57.085878|58.144944|56.952569|58.559683|4.062938927635075|4.070046456387038|0.0071075287519626|0|0|1|1.0|0.0|0.0|0.0|0.0|58.144944|0.007132847182723184|1.0|0.0|58.144944|0.007132847182723184|1.0|0.0
VALE3|1.01|2022-01-05|57.62652|57.300653|57.122908|58.270847|4.048312019816317|4.065101916831045|0.0167898970147284|1|0|1|1.0|0.0|0.0|0.0|0.0|58.144944|0.0021653301446124184|2.0|0.0|58.144944|0.0021653301446124184|2.0|0.0
VALE3|1.01|2022-01-06|58.789271|58.241222|57.996823|59.507658|4.064593385811166|4.086105010152045|0.0215116243408797|1|0|1|1.0|0.0|0.0|0.0|0.0|58.144944|0.023436500343004832|0.0|58.72639344|58.144944|0.023436500343004832|0.0|58.72639344
VALE3|1.01|2022-01-07|62.210868|59.544688|59.092919|62.210868|4.0867270894715775|4.130529711170307|0.0438026216987292|1|1|1|1.0|0.0|0.0|0.0|0.0|59.544688|0.04477611840035163|0.0|60.14013488|59.544688|0.04477611840035163|0.0|60.14013488
VALE3|1.01|2022-01-10|61.470263|61.092554|60.951839|62.410832|4.11238999295753|4.133738850054016|0.0213488570964859|1|1|1|1.0|61.092554|0.021578374346569295|0.0|61.703479540000004|61.092554|0.021578374346569295|0.0|61.703479540000004|61.092554|0.021578374346569295|0.0|61.703479540000004
VALE3|1.01|2022-01-11|62.64042|61.825753|61.699851|63.062565|4.124319992872332|4.1441273288367855|0.0198073359644537|1|0|1|1.0|61.825753|0.020004802852947062|0.0|62.44401053|61.825753|0.020004802852947062|0.0|62.44401053|61.825753|0.020004802852947062|0.0|62.44401053
VALE3|1.01|2022-01-12|63.321777|64.054976|62.899632|64.121631|4.159741714630315|4.160781764099068|0.0010400494687523|0|1|1|1.0|0.0|0.0|0.0|0.0|64.054976|0.0010405905077537966|1.0|0.0|64.054976|0.0010405905077537966|1.0|0.0
VALE3|1.01|2022-01-13|62.358989|62.832977|61.988687|63.121813|4.140480047116342|4.145066399192293|0.0045863520759512|0|0|0|0.0|62.832977|0.004596885485785648|1.0|0.0|64.054976|-0.014568157827426138|2.0|0.0|64.054976|-0.014568157827426138|2.0|0.0
VALE3|1.01|2022-01-14|62.721886|62.003499|61.403608|62.899632|4.1271908189365405|4.141540313132841|0.0143494941963009|1|0|1|1.0|62.832977|0.0010608282972171962|2.0|0.0|64.054976|-0.01803675642622986|3.0|0.0|64.054976|-0.01803675642622986|3.0|0.0
VALE3|1.01|2022-01-17|62.39602|62.210868|62.210868|62.655232|4.130529711170307|4.1376471894274065|0.0071174782570997|0|1|1|1.0|62.832977|-0.002828848933896632|3.0|0.0|64.054976|-0.021852228935344515|4.0|62.39602|64.054976|-0.021852228935344515|4.0|62.39602
VALE3|1.01|2022-01-18|63.921667|62.64042|62.566359|64.343812|4.137410756640913|4.164240767802149|0.0268300111612367|1|1|1|1.0|62.832977|0.024045255726145208|0.0|63.46130677|62.64042|0.02719317654638971|0.0|63.2668242|62.64042|0.02719317654638971|0.0|63.2668242
VALE3|1.01|2022-01-19|65.328818|65.528781|65.084418|65.913896|4.1824894507114365|4.1883492842264625|0.0058598335150259|0|1|1|1.0|65.528781|0.005877035924107897|1.0|0.0|65.528781|0.005877035924107897|1.0|0.0|65.528781|0.005877035924107897|1.0|0.0
VALE3|1.01|2022-01-20|64.217909|65.765775|64.166067|65.891678|4.1860995662350975|4.18801215128836|0.0019125850532626|0|1|1|1.0|65.528781|0.005537978800490792|2.0|0.0|65.528781|0.005537978800490792|2.0|0.0|65.528781|0.005537978800490792|2.0|0.0
VALE3|1.01|2022-01-21|62.884819|64.040164|62.462674|64.232722|4.159510449024673|4.162512769322385|0.0030023202977123|0|1|1|1.0|65.528781|-0.019778469555232527|3.0|0.0|65.528781|-0.019778469555232527|3.0|0.0|65.528781|-0.019778469555232527|3.0|0.0
VALE3|1.01|2022-01-24|62.11459|61.988687|60.788906|62.181244|4.126951900653892|4.130053410863418|0.0031015102095262|0|0|1|1.0|65.528781|-0.05108498813673942|4.0|62.11459|65.528781|-0.05108498813673942|4.0|62.11459|65.528781|-0.05108498813673942|4.0|62.11459
VALE3|1.01|2022-01-25|62.255305|62.255305|61.507293|62.988504|4.131243752597258|4.14295223355025|0.0117084809529925|1|1|1|1.0|0.0|0.0|0.0|0.0|62.255305|0.011777293517395811|0.0|62.87785805|62.255305|0.011777293517395811|0.0|62.87785805
VALE3|1.01|2022-01-26|62.43305|63.618019|62.077559|64.106819|4.152896747829284|4.16055073892383|0.0076539910945463|0|1|1|1.0|63.618019|0.007683357760637042|1.0|0.0|63.618019|0.007683357760637042|1.0|0.0|63.618019|0.007683357760637042|1.0|0.0
VALE3|1.01|2022-01-27|62.573765|62.951474|61.670226|63.292153|4.142364175625275|4.147761356220939|0.005397180595664|0|1|1|1.0|63.618019|-0.005122228027879928|2.0|0.0|63.618019|-0.005122228027879928|2.0|0.0|63.618019|-0.005122228027879928|2.0|0.0
VALE3|1.01|2022-01-28|61.959062|63.381025|61.34436|63.951291|4.1491645264261034|4.158121715467683|0.0089571890415793|0|0|0|0.0|63.618019|0.005238641586749203|3.0|0.0|63.618019|0.005238641586749203|3.0|0.0|63.618019|0.005238641586749203|3.0|0.0
VALE3|1.01|2022-01-31|59.892773|61.425826|59.892773|61.425826|4.117830365610276|4.117830365610276|0.0|0|1|1|1.0|63.618019|-0.03445868064518004|4.0|59.892773|63.618019|-0.03445868064518004|4.0|59.892773|63.618019|-0.03445868064518004|4.0|59.892773
VALE3|1.01|2022-02-01|63.181062|60.359354|60.263076|63.195874|4.100315931390422|4.146239014211539|0.0459230828211172|1|1|1|1.0|60.359354|0.04699387604446529|0.0|60.96294754|60.359354|0.04699387604446529|0.0|60.96294754|60.359354|0.04699387604446529|0.0|60.96294754
VALE3|1.01|2022-02-02|63.536552|63.321777|62.744104|63.906855|4.148229298421936|4.157426632625029|0.0091973342030931|0|1|1|1.0|63.321777|0.009239759648564551|1.0|0.0|63.321777|0.009239759648564551|1.0|0.0|63.321777|0.009239759648564551|1.0|0.0
VALE3|1.01|2022-02-03|63.506928|63.914261|63.188468|64.269752|4.157542513322054|4.163089100654729|0.0055465873326756|0|0|1|1.0|63.321777|0.01497075800636485|0.0|63.95499477|63.321777|0.01497075800636485|0.0|63.95499477|63.321777|0.01497075800636485|0.0|63.95499477
VALE3|1.01|2022-02-04|65.158479|63.506928|63.358807|65.299194|4.151149002309621|4.178979693174051|0.0278306908644294|1|0|1|1.0|0.0|0.0|0.0|0.0|63.506928|0.02822158237602042|0.0|64.14199728|63.506928|0.02822158237602042|0.0|64.14199728
VALE3|1.01|2022-02-07|66.750781|65.284382|65.284382|66.832247|4.178752834628478|4.2021857035823205|0.0234328689538427|1|0|0|0.0|0.0|0.0|0.0|0.0|65.284382|0.02370957574508405|0.0|65.93722582|65.284382|0.02370957574508405|0.0|65.93722582
VALE3|1.01|2022-02-08|67.683944|66.987774|66.284199|67.750598|4.20451012512796|4.215833286289122|0.0113231611611617|1|0|0|0.0|0.0|0.0|0.0|0.0|0.0|0.0|0.0|0.0|0.0|0.0|0.0|0.0
VALE3|1.01|2022-02-09|67.698756|66.654502|66.158296|67.987592|4.199522591230251|4.2193252179380885|0.019802626707837|1|0|0|0.0|0.0|0.0|0.0|0.0|0.0|0.0|0.0|0.0|0.0|0.0|0.0|0.0
VALE3|1.01|2022-02-10|69.520645|68.468985|68.157931|69.972415|4.226380869012579|4.248101092954237|0.0217202239416582|1|0|0|0.0|0.0|0.0|0.0|0.0|0.0|0.0|0.0|0.0|0.0|0.0|0.0|0.0
VALE3|1.01|2022-02-11|68.113495|69.142937|67.839471|69.172561|4.236175912619329|4.236604266648795|0.0004283540294665|0|1|1|1.0|0.0|0.0|0.0|0.0|0.0|0.0|0.0|0.0|0.0|0.0|0.0|0.0
VALE3|1.01|2022-02-14|67.817253|67.476574|67.261798|68.261616|4.211780485790201|4.223347617385264|0.0115671315950631|1|0|1|1.0|67.476574|0.011634289553586467|0.0|68.15133974|67.476574|0.011634289553586467|0.0|68.15133974|67.476574|0.011634289553586467|0.0|68.15133974
VALE3|1.01|2022-02-15|65.802805|65.928708|64.951109|66.610066|4.188573976391407|4.198855707266813|0.0102817308754064|1|0|1|1.0|0.0|0.0|0.0|0.0|65.928708|0.010334769490705066|0.0|66.58799508|65.928708|0.010334769490705066|0.0|66.58799508
VALE3|1.01|2022-02-16|66.284199|66.239763|65.987957|67.113677|4.193280932172053|4.2063878533114245|0.0131069211393715|1|0|1|1.0|0.0|0.0|0.0|0.0|66.239763|0.013193193339173017|0.0|66.90216063|66.239763|0.013193193339173017|0.0|66.90216063
VALE3|1.01|2022-02-17|63.432868|65.802805|63.225498|65.913896|4.186662466602005|4.1883492842264625|0.0016868176244573|0|1|1|1.0|0.0|0.0|0.0|0.0|65.802805|0.0016882411015759526|1.0|0.0|65.802805|0.0016882411015759526|1.0|0.0
VALE3|1.01|2022-02-18|63.566177|64.017946|63.269934|64.454903|4.159163450303187|4.165965800968018|0.0068023506648309|0|1|1|1.0|64.017946|0.0068255392011484835|1.0|0.0|65.802805|-0.02048395961236006|2.0|0.0|65.802805|-0.02048395961236006|2.0|0.0
VALE3|1.01|2022-02-21|63.618019|64.136443|63.321777|65.165885|4.161012735914002|4.176936095800461|0.0159233598864592|1|1|1|1.0|64.017946|0.01793151876506641|0.0|64.65812546|65.802805|-0.009679222641040963|3.0|0.0|65.802805|-0.009679222641040963|3.0|0.0
VALE3|1.01|2022-02-22|64.721521|64.203097|63.543958|64.728927|4.1620514494078|4.170208195871285|0.0081567464634852|0|1|1|1.0|64.203097|0.008190103352802422|1.0|0.0|65.802805|-0.01631963865370188|4.0|64.721521|65.802805|-0.01631963865370188|4.0|64.721521
VALE3|1.01|2022-02-23|64.040164|65.239945|63.358807|65.425097|4.178071934711379|4.18090593102879|0.0028339963174115|0|1|1|1.0|64.203097|0.019033349746352488|0.0|64.84512797000001|65.239945|0.002838015881221052|1.0|0.0|65.239945|0.002838015881221052|1.0|0.0
VALE3|1.01|2022-02-24|64.832612|62.670044|62.010905|65.202915|4.137883566326652|4.177504176522166|0.0396206101955138|1|1|1|1.0|62.670044|0.04041597609218221|0.0|63.29674444|65.239945|-0.0005675970450312527|2.0|0.0|65.239945|-0.0005675970450312527|2.0|0.0
VALE3|1.01|2022-02-25|68.343083|64.077194|63.025535|68.439361|4.160088512787604|4.225948112335169|0.065859599547565|1|1|1|1.0|64.077194|0.06807674817970336|0.0|64.71796594000001|65.239945|0.04904075256347931|0.0|65.89234445000001|65.239945|0.04904075256347931|0.0|65.89234445000001
VALE3|1.01|2022-03-02|73.801346|73.297734|71.883177|73.838376|4.294529694362915|4.301878596453278|0.0073489020903627|0|1|1|1.0|73.297734|0.007375971540948198|1.0|0.0|73.297734|0.007375971540948198|1.0|0.0|73.297734|0.007375971540948198|1.0|0.0
VALE3|1.01|2022-03-03|73.838376|74.208679|73.690255|74.993721|4.306881110988138|4.317404390031595|0.0105232790434568|1|1|1|1.0|73.297734|0.02313832785062616|0.0|74.03071134000001|73.297734|0.02313832785062616|0.0|74.03071134000001|73.297734|0.02313832785062616|0.0|74.03071134000001
VALE3|1.01|2022-03-04|75.519551|73.082958|72.668219|75.608423|4.291595206881143|4.325567692323174|0.0339724854420309|1|1|1|1.0|73.082958|0.034556140981595145|0.0|73.81378758000001|73.082958|0.034556140981595145|0.0|73.81378758000001|73.082958|0.034556140981595145|0.0|73.81378758000001
VALE3|1.01|2022-03-07|77.815428|77.348846|76.926701|78.43013|4.348325657709334|4.362208164752208|0.013882507042874|1|1|1|1.0|77.348846|0.013979316511070003|0.0|78.12233445999999|77.348846|0.013979316511070003|0.0|78.12233445999999|77.348846|0.013979316511070003|0.0|78.12233445999999
VALE3|1.01|2022-03-08|74.401236|79.237391|73.853188|79.326263|4.372448295998043|4.3735692591830375|0.0011209631849942|0|1|1|1.0|79.237391|0.0011215916990501991|1.0|0.0|79.237391|0.0011215916990501991|1.0|0.0|79.237391|0.0011215916990501991|1.0|0.0
VALE3|1.01|2022-03-09|72.439494|73.67002|71.185896|73.67771|4.299595932175614|4.299700311116599|0.0001043789409846|0|1|1|1.0|79.237391|-0.07016486698811168|2.0|0.0|79.237391|-0.07016486698811168|2.0|0.0|79.237391|-0.07016486698811168|2.0|0.0
VALE3|1.01|2022-03-10|74.831328|72.677908|72.354896|74.831328|4.286037459404301|4.315236620827751|0.0291991614234499|1|0|1|1.0|79.237391|-0.055605856583541516|3.0|0.0|79.237391|-0.055605856583541516|3.0|0.0|79.237391|-0.055605856583541516|3.0|0.0
VALE3|1.01|2022-03-11|74.439098|74.931308|74.416026|75.685005|4.3165718005163995|4.326580056277815|0.0100082557614156|1|1|1|1.0|79.237391|-0.04483219292265691|4.0|74.439098|79.237391|-0.04483219292265691|4.0|74.439098|79.237391|-0.04483219292265691|4.0|74.439098
VALE3|1.01|2022-03-14|70.447581|73.047066|70.178404|73.216263|4.291103973119055|4.29341756842184|0.0023135953027848|0|1|1|1.0|73.047066|0.002316273729597804|1.0|0.0|73.047066|0.002316273729597804|1.0|0.0|73.047066|0.002316273729597804|1.0|0.0
VALE3|1.01|2022-03-15|68.424905|68.440286|67.125162|68.894043|4.225961627858044|4.232569715646146|0.006608087788102|0|1|1|1.0|73.047066|-0.05685406994991427|2.0|0.0|73.047066|-0.05685406994991427|2.0|0.0|73.047066|-0.05685406994991427|2.0|0.0
VALE3|1.01|2022-03-16|70.086114|70.670614|68.686392|72.20108|4.258029842934441|4.279455004235658|0.0214251613012166|1|1|1|1.0|73.047066|-0.011581382337792956|3.0|0.0|73.047066|-0.011581382337792956|3.0|0.0|73.047066|-0.011581382337792956|3.0|0.0
VALE3|1.01|2022-03-17|72.524093|71.447383|71.185896|73.047066|4.268961276693195|4.291103973119055|0.0221426964258606|1|1|1|1.0|73.047066|0.0|4.0|72.524093|73.047066|0.0|4.0|72.524093|73.047066|0.0|4.0|72.524093
VALE3|1.01|2022-03-18|73.900743|73.37777|72.139554|73.900743|4.2956210287133825|4.302722882030813|0.0071018533174305|0|0|1|1.0|73.37777|0.007127131282403478|1.0|0.0|73.37777|0.007127131282403478|1.0|0.0|73.37777|0.007127131282403478|1.0|0.0
VALE3|1.01|2022-03-21|75.992636|74.8544|74.715966|76.469465|4.3155448933730485|4.336891510823997|0.0213466174509484|1|0|1|1.0|73.37777|0.042133946016620585|0.0|74.1115477|73.37777|0.042133946016620585|0.0|74.1115477|73.37777|0.042133946016620585|0.0|74.1115477
VALE3|1.01|2022-03-22|74.292973|75.761913|73.977651|76.107998|4.327595699351002|4.332153357899707|0.0045576585487054|0|1|1|1.0|0.0|0.0|0.0|0.0|75.761913|0.004568060471228966|1.0|0.0|75.761913|0.004568060471228966|1.0|0.0
VALE3|1.01|2022-03-23|74.131467|74.985144|74.054559|76.092617|4.317290013915876|4.331951243078393|0.0146612291625167|1|1|1|1.0|74.985144|0.014769232156172145|0.0|75.73499544|75.761913|0.004365042894310195|2.0|0.0|75.761913|0.004365042894310195|2.0|0.0
VALE3|1.01|2022-03-24|74.531387|73.985342|73.300862|75.062051|4.30386699250244|4.31831511814038|0.0144481256379398|1|1|1|1.0|73.985342|0.014553004296445557|0.0|74.72519542|75.761913|-0.009237649529784314|3.0|0.0|75.761913|-0.009237649529784314|3.0|0.0
VALE3|1.01|2022-03-25|73.239336|75.138959|72.524093|75.600406|4.319339185910913|4.325461653541438|0.0061224676305249|0|1|1|1.0|75.138959|0.006141248243803948|1.0|0.0|75.761913|-0.002131770352736477|4.0|73.239336|75.761913|-0.002131770352736477|4.0|73.239336
VALE3|1.01|2022-03-28|73.323934|73.600803|71.993429|74.093013|4.2986559360014|4.305321236358343|0.0066653003569427|0|1|1|1.0|75.138959|-0.013920155587995312|2.0|0.0|73.600803|0.006687562906073185|1.0|0.0|73.600803|0.006687562906073185|1.0|0.0
VALE3|1.01|2022-03-29|72.69329|73.323934|71.831922|73.570039|4.294887076742153|4.298237864051413|0.0033507873092597|0|1|1|1.0|75.138959|-0.02088024669066823|3.0|0.0|73.600803|-0.0004179845700868902|2.0|0.0|73.600803|-0.0004179845700868902|2.0|0.0
VALE3|1.01|2022-03-30|73.731546|74.077631|73.270099|74.685203|4.305113610884902|4.313281986841176|0.0081683759562736|0|1|1|1.0|75.138959|-0.006038891222860813|4.0|73.731546|73.600803|0.014733534904503721|0.0|74.33681102999999|73.600803|0.014733534904503721|0.0|74.33681102999999
VALE3|1.01|2022-03-31|73.523895|74.154539|73.339316|74.516006|4.306151280466356|4.311013947947079|0.0048626674807232|0|1|1|1.0|74.154539|0.004874509434951846|1.0|0.0|74.154539|0.004874509434951846|1.0|0.0|74.154539|0.004874509434951846|1.0|0.0
VALE3|1.01|2022-04-01|74.569841|74.431407|73.885362|74.985144|4.309877989861023|4.317290013915876|0.0074120240548536|0|1|1|1.0|74.154539|0.011201000116796702|0.0|74.89608439|74.154539|0.011201000116796702|0.0|74.89608439|74.154539|0.011201000116796702|0.0|74.89608439
VALE3|1.01|2022-04-04|75.323538|74.423716|74.254519|75.561952|4.309774654485635|4.324952876074106|0.0151782215884717|1|1|1|1.0|74.423716|0.015293995801015986|0.0|75.16795316|74.423716|0.015293995801015986|0.0|75.16795316|74.423716|0.015293995801015986|0.0|75.16795316
VALE3|1.01|2022-04-05|73.147046|74.877473|72.924014|75.200486|4.315853084270823|4.320157693700868|0.0043046094300454|0|1|1|1.0|74.877473|0.00431388756936286|1.0|0.0|74.877473|0.00431388756936286|1.0|0.0|74.877473|0.00431388756936286|1.0|0.0
VALE3|1.01|2022-04-06|74.254519|73.316244|73.316244|74.385262|4.294782194163423|4.309257830818504|0.0144756366550815|1|1|1|1.0|74.877473|-0.006573552502232514|2.0|0.0|74.877473|-0.006573552502232514|2.0|0.0|74.877473|-0.006573552502232514|2.0|0.0
VALE3|1.01|2022-04-07|74.700585|73.446987|73.170119|75.131269|4.2965638806757065|4.31923683696117|0.0226729562854632|1|1|1|1.0|74.877473|0.003389484044153151|3.0|0.0|74.877473|0.003389484044153151|3.0|0.0|74.877473|0.003389484044153151|3.0|0.0
VALE3|1.01|2022-04-08|73.177809|74.323736|72.770198|74.908236|4.3084303623487|4.3162638444246175|0.0078334820759176|0|1|1|1.0|74.877473|0.00041084452729871673|4.0|73.177809|74.877473|0.00041084452729871673|4.0|73.177809|74.877473|0.00041084452729871673|4.0|73.177809
VALE3|1.01|2022-04-11|72.293369|72.147244|71.462765|72.839415|4.278709086292112|4.288257223525673|0.009548137233561|0|1|1|1.0|72.147244|0.00959386612189929|1.0|0.0|72.147244|0.00959386612189929|1.0|0.0|72.147244|0.00959386612189929|1.0|0.0
VALE3|1.01|2022-04-12|71.80885|73.139355|71.70887|73.531585|4.292366593978494|4.297715041803361|0.0053484478248666|0|1|1|1.0|72.147244|0.01918771838325531|0.0|72.86871644|72.147244|0.01918771838325531|0.0|72.86871644|72.147244|0.01918771838325531|0.0|72.86871644
VALE3|1.01|2022-04-13|71.831922|71.901139|71.378166|72.585619|4.27529210604798|4.284766816809797|0.0094747107618173|0|0|1|1.0|71.901139|0.009519737927934542|1.0|0.0|71.901139|0.009519737927934542|1.0|0.0|71.901139|0.009519737927934542|1.0|0.0
VALE3|1.01|2022-04-14|70.82443|71.762705|70.263002|72.293369|4.273364912134859|4.280732409882562|0.0073674977477029|0|1|1|1.0|71.901139|0.005455129160054027|2.0|0.0|71.901139|0.005455129160054027|2.0|0.0|71.901139|0.005455129160054027|2.0|0.0
VALE3|1.01|2022-04-18|69.65543|70.455272|69.224746|70.755212|4.25497806875987|4.259226201654528|0.0042481328946575|0|1|1|1.0|71.901139|-0.015937536121646143|3.0|0.0|71.901139|-0.015937536121646143|3.0|0.0|71.901139|-0.015937536121646143|3.0|0.0
VALE3|1.01|2022-04-19|67.432794|68.978641|66.786768|68.978641|4.233796905951906|4.233796905951906|0.0|0|0|0|0.0|71.901139|-0.04064605986283478|4.0|67.432794|71.901139|-0.04064605986283478|4.0|67.432794|71.901139|-0.04064605986283478|4.0|67.432794
VALE3|1.01|2022-04-20|65.679295|66.60988|64.910217|66.656025|4.198852914892163|4.1995454401385|0.000692525246337|0|0|1|1.0|0.0|0.0|0.0|0.0|0.0|0.0|0.0|0.0|0.0|0.0|0.0|0.0
VALE3|1.01|2022-04-22|61.872357|64.025776|61.587798|64.141138|4.15928575227766|4.16108593654603|0.0018001842683696|0|0|0|0.0|0.0|0.0|0.0|0.0|64.025776|0.001801805572805625|1.0|0.0|64.025776|0.001801805572805625|1.0|0.0
VALE3|1.01|2022-04-25|60.81872|59.94197|59.634339|61.226331|4.093376927547968|4.114577342087436|0.0212004145394679|1|0|1|1.0|0.0|0.0|0.0|0.0|64.025776|-0.04372371839741531|2.0|0.0|64.025776|-0.04372371839741531|2.0|0.0
VALE3|1.01|2022-04-26|59.988115|60.81872|59.872753|61.003298|4.107897636319106|4.110927928285592|0.0030302919664855|0|0|0|0.0|0.0|0.0|0.0|0.0|64.025776|-0.04720720604776415|3.0|0.0|64.025776|-0.04720720604776415|3.0|0.0
VALE3|1.01|2022-04-27|63.195172|61.880048|61.641633|63.602783|4.125197801399458|4.152657227250365|0.0274594258509068|1|0|1|1.0|0.0|0.0|0.0|0.0|64.025776|-0.006606604814910656|4.0|63.195172|64.025776|-0.006606604814910656|4.0|63.195172
VALE3|1.01|2022-04-28|64.756401|65.387045|62.164607|65.794657|4.1803241501559825|4.186538634426421|0.0062144842704388|0|0|1|1.0|0.0|0.0|0.0|0.0|65.387045|0.006233834240406495|1.0|0.0|65.387045|0.006233834240406495|1.0|0.0
VALE3|1.01|2022-04-29|64.05654|66.279176|64.05654|67.063636|4.193875760374867|4.205641959669627|0.0117661992947599|1|1|1|1.0|0.0|0.0|0.0|0.0|65.387045|0.025641027209594835|0.0|66.04091545|65.387045|0.025641027209594835|0.0|66.04091545
VALE3|1.01|2022-05-02|63.771981|63.956559|62.018482|63.987323|4.158204087268991|4.1586849856146095|0.0004808983456188|0|1|1|1.0|63.956559|0.0004810139957655461|1.0|0.0|63.956559|0.0004810139957655461|1.0|0.0|63.956559|0.0004810139957655461|1.0|0.0
VALE3|1.01|2022-05-03|63.448968|63.795053|63.210553|64.764092|4.155675648159473|4.1707513139657735|0.0150756658063002|1|1|1|1.0|63.956559|0.012626273405359512|0.0|64.59612459|63.956559|0.012626273405359512|0.0|64.59612459|63.956559|0.012626273405359512|0.0|64.59612459
VALE3|1.01|2022-05-04|62.918304|63.010593|61.41091|63.202863|4.14330285511425|4.14634960075968|0.0030467456454301|0|1|1|1.0|63.010593|0.003051391692187385|1.0|0.0|63.010593|0.003051391692187385|1.0|0.0|63.010593|0.003051391692187385|1.0|0.0
VALE3|1.01|2022-05-05|61.780068|62.718343|60.81872|63.987323|4.138653956688063|4.1586849856146095|0.0200310289265468|1|1|1|1.0|63.010593|0.015501044403756102|0.0|63.64069893|63.010593|0.015501044403756102|0.0|63.64069893|63.010593|0.015501044403756102|0.0|63.64069893
VALE3|1.01|2022-05-06|61.341693|60.911009|60.180385|62.218442|4.1094139301355845|4.130651450975974|0.0212375208403896|1|1|1|1.0|60.911009|0.021464641966446544|0.0|61.52011909|60.911009|0.021464641966446544|0.0|61.52011909|60.911009|0.021464641966446544|0.0|61.52011909
VALE3|1.01|2022-05-09|58.826807|59.626648|58.511484|59.972733|4.088102588239542|4.093890008928404|0.0057874206888621|0|1|1|1.0|59.626648|0.005804200162316605|1.0|0.0|59.626648|0.005804200162316605|1.0|0.0|59.626648|0.005804200162316605|1.0|0.0
VALE3|1.01|2022-05-10|58.096182|58.657609|57.5809|59.172892|4.071717302404909|4.0804635316138596|0.0087462292089508|0|1|1|1.0|59.626648|-0.007609953187373631|2.0|0.0|59.626648|-0.007609953187373631|2.0|0.0|59.626648|-0.007609953187373631|2.0|0.0
VALE3|1.01|2022-05-11|60.518779|59.503596|59.311326|61.441673|4.086036747700134|4.1180883182864|0.0320515705862662|1|1|1|1.0|59.626648|0.030439829520519057|0.0|60.22291448|59.626648|0.030439829520519057|0.0|60.22291448|59.626648|0.030439829520519057|0.0|60.22291448
VALE3|1.01|2022-05-12|59.911207|59.25749|58.349978|59.911207|4.0818921855278365|4.092863582779885|0.0109713972520486|1|0|1|1.0|59.25749|0.011031803743290517|0.0|59.8500649|59.25749|0.011031803743290517|0.0|59.8500649|59.25749|0.011031803743290517|0.0|59.8500649
VALE3|1.01|2022-05-13|59.84199|60.311128|59.834299|61.026371|4.099516630653932|4.111306082229039|0.0117894515751064|1|1|1|1.0|0.0|0.0|0.0|0.0|60.311128|0.011859221071109812|0.0|60.91423928|60.311128|0.011859221071109812|0.0|60.91423928
VALE3|1.01|2022-05-16|61.633943|60.511088|60.388036|62.018482|4.1028266209716735|4.127432437397269|0.0246058164255957|1|1|1|1.0|60.511088|0.024911037791949763|0.0|61.11619888|60.511088|0.024911037791949763|0.0|61.11619888|60.511088|0.024911037791949763|0.0|61.11619888
VALE3|1.01|2022-05-17|61.372456|62.949067|60.649522|63.002902|4.1423259390937845|4.143180788822706|0.0008548497289213|0|1|1|1.0|62.949067|0.0008552152170897055|1.0|0.0|62.949067|0.0008552152170897055|1.0|0.0|62.949067|0.0008552152170897055|1.0|0.0
VALE3|1.01|2022-05-18|59.818918|60.534161|59.542049|60.949463|4.103207850313098|4.110045045388057|0.0068371950749588|0|1|1|1.0|62.949067|-0.03176542711903892|2.0|0.0|62.949067|-0.03176542711903892|2.0|0.0|62.949067|-0.03176542711903892|2.0|0.0
VALE3|1.01|2022-05-19|61.41091|59.818918|59.580503|61.818521|4.091321965442098|4.124203012121435|0.0328810466793374|1|1|1|1.0|62.949067|-0.017959694303332604|3.0|0.0|62.949067|-0.017959694303332604|3.0|0.0|62.949067|-0.017959694303332604|3.0|0.0
VALE3|1.01|2022-05-20|62.49531|63.072119|61.972337|63.418205|4.144278817701153|4.149750965335324|0.0054721476341708|0|1|1|1.0|62.949067|0.007452660100585779|4.0|62.49531|62.949067|0.007452660100585779|4.0|62.49531|62.949067|0.007452660100585779|4.0|62.49531
VALE3|1.01|2022-05-23|63.771981|63.295152|63.27208|64.333408|4.147808738539419|4.164079060857864|0.0162703223184443|1|1|1|1.0|63.295152|0.01640340479789043|0.0|63.92810352|63.295152|0.01640340479789043|0.0|63.92810352|63.295152|0.01640340479789043|0.0|63.92810352
VALE3|1.01|2022-05-24|64.633348|62.925994|62.29535|64.671802|4.141959337479849|4.169325279613357|0.0273659421335077|1|1|1|1.0|62.925994|0.027743828726805597|0.0|63.55525394|62.925994|0.027743828726805597|0.0|63.55525394|62.925994|0.027743828726805597|0.0|63.55525394
VALE3|1.01|2022-05-25|64.833309|64.602585|64.148829|65.217848|4.168254425467834|4.1777331738033|0.0094787483354652|0|1|1|1.0|64.602585|0.00952381394645429|1.0|0.0|64.602585|0.00952381394645429|1.0|0.0|64.602585|0.00952381394645429|1.0|0.0
VALE3|1.01|2022-05-26|64.794855|64.725638|63.910415|65.102486|4.170157382676699|4.175962735889397|0.0058053532126978|0|1|1|1.0|64.602585|0.007738095929133395|2.0|0.0|64.602585|0.007738095929133395|2.0|0.0|64.602585|0.007738095929133395|2.0|0.0
VALE3|1.01|2022-05-27|65.9254|65.294756|65.14094|66.048453|4.17891172677895|4.1903886090437785|0.0114768822648283|1|0|1|0.0|64.602585|0.022380962000204636|0.0|65.24861085|64.602585|0.022380962000204636|0.0|65.24861085|64.602585|0.022380962000204636|0.0|65.24861085
VALE3|1.01|2022-05-30|66.640643|66.356084|66.148433|67.225143|4.195035452128317|4.208047329337493|0.013011877209176|1|0|1|1.0|0.0|0.0|0.0|0.0|66.356084|0.013096900052149058|0.0|67.01964484|0.0|0.0|0.0|0.0
VALE3|1.01|2022-05-31|66.302249|67.079018|65.379354|67.240524|4.205871297611122|4.208276101490418|0.0024048038792967|0|0|1|1.0|0.0|0.0|0.0|0.0|67.079018|0.0024076977394032304|1.0|0.0|67.079018|0.0024076977394032304|1.0|0.0
VALE3|1.01|2022-06-01|67.863478|66.286867|66.140742|68.27878|4.193991793105943|4.223599030162629|0.0296072370566857|1|1|1|1.0|0.0|0.0|0.0|0.0|67.079018|0.017885801488626334|0.0|67.74980818|67.079018|0.017885801488626334|0.0|67.74980818
VALE3|1.01|2022-06-02|69.140148|69.217056|68.447977|69.432398|4.23724730624234|4.24035358855273|0.00310628231039|0|1|1|1.0|69.217056|0.0031111118045819056|1.0|0.0|69.217056|0.0031111118045819056|1.0|0.0|69.217056|0.0031111118045819056|1.0|0.0
VALE3|1.01|2022-06-03|68.032675|68.832516|67.955767|69.078622|4.23167624957047|4.235245305193008|0.0035690556225373|0|0|1|1.0|69.217056|-0.001999998381901763|2.0|0.0|69.217056|-0.001999998381901763|2.0|0.0|69.217056|-0.001999998381901763|2.0|0.0
VALE3|1.01|2022-06-06|68.101892|68.940187|68.101892|69.055549|4.233239273588667|4.234911238682924|0.0016719650942578|0|1|1|1.0|69.217056|-0.002333341077089443|3.0|0.0|69.217056|-0.002333341077089443|3.0|0.0|69.217056|-0.002333341077089443|3.0|0.0
VALE3|1.01|2022-06-07|69.693884|67.863478|67.763498|69.901535|4.217498010621554|4.247087608941424|0.0295895983198697|1|0|1|1.0|69.217056|0.009888877677779247|4.0|69.693884|69.217056|0.009888877677779247|4.0|69.693884|69.217056|0.009888877677779247|4.0|69.693884
VALE3|1.01|2022-06-08|67.29436|69.047858|66.794459|69.470852|4.234799858374864|4.2409072689163265|0.0061074105414622|0|0|1|1.0|0.0|0.0|0.0|0.0|69.047858|0.006126098799473092|1.0|0.0|69.047858|0.006126098799473092|1.0|0.0
VALE3|1.01|2022-06-09|65.017888|66.90982|64.948671|66.90982|4.203345742610267|4.203345742610267|0.0|0|1|1|1.0|0.0|0.0|0.0|0.0|69.047858|-0.030964581117056644|2.0|0.0|69.047858|-0.030964581117056644|2.0|0.0
VALE3|1.01|2022-06-10|65.033269|64.118066|63.356678|65.363973|4.160726165090582|4.179971235118037|0.0192450700274555|1|0|1|0.0|64.118066|0.01943145010019489|0.0|64.75924666|69.047858|-0.053352632604475626|3.0|0.0|69.047858|-0.053352632604475626|3.0|0.0
VALE3|1.01|2022-06-13|62.972139|63.141336|61.60318|63.733527|4.145375642234467|4.154710750647503|0.0093351084130359|0|0|1|0.0|0.0|0.0|0.0|0.0|69.047858|-0.07696590674833102|4.0|62.972139|69.047858|-0.07696590674833102|4.0|62.972139
VALE3|1.01|2022-06-14|62.849087|63.318224|62.210751|63.679691|4.148173186609351|4.15386568913742|0.0056925025280687|0|0|1|0.0|0.0|0.0|0.0|0.0|63.318224|0.005708735608250755|1.0|0.0|0.0|0.0|0.0|0.0
VALE3|1.01|2022-06-15|62.810633|63.141336|62.710652|64.425697|4.145375642234467|4.1655125752614355|0.0201369330269685|1|1|1|1.0|0.0|0.0|0.0|0.0|63.318224|0.017490588491553376|0.0|63.951406240000004|0.0|0.0|0.0|0.0
VALE3|1.01|2022-06-17|59.534359|61.026371|58.534557|61.026371|4.111306082229039|4.111306082229039|0.0|0|1|1|1.0|61.026371|0.0|1.0|0.0|61.026371|0.0|1.0|0.0|61.026371|0.0|1.0|0.0
VALE3|1.01|2022-06-20|58.065419|58.142327|57.104071|58.588392|4.062893918409595|4.0705365882236|0.0076426698140048|0|1|1|1.0|61.026371|-0.03994959818272659|2.0|0.0|61.026371|-0.03994959818272659|2.0|0.0|61.026371|-0.03994959818272659|2.0|0.0
VALE3|1.01|2022-06-21|58.449958|59.065221|58.265379|59.711247|4.078642274034049|4.089520394614818|0.0108781205807693|1|1|1|1.0|61.026371|-0.02155009348335652|3.0|0.0|61.026371|-0.02155009348335652|3.0|0.0|61.026371|-0.02155009348335652|3.0|0.0
VALE3|1.01|2022-06-22|57.950057|56.911801|56.434973|58.488412|4.041502718573615|4.068828649146208|0.0273259305725925|1|1|1|1.0|61.026371|-0.041587906316762645|4.0|57.950057|61.026371|-0.041587906316762645|4.0|57.950057|61.026371|-0.041587906316762645|4.0|57.950057
VALE3|1.01|2022-06-23|55.835092|58.788353|55.704348|59.457451|4.073943757053205|4.085260947495308|0.0113171904421029|1|1|1|1.0|58.788353|0.011381472108939642|0.0|59.37623653|58.788353|0.011381472108939642|0.0|59.37623653|58.788353|0.011381472108939642|0.0|59.37623653
VALE3|1.01|2022-06-24|57.38863|55.973526|55.835092|57.58859|4.024878828953637|4.0533244578015974|0.0284456288479608|1|1|1|1.0|55.973526|0.028854069332705675|0.0|56.53326126|55.973526|0.028854069332705675|0.0|56.53326126|55.973526|0.028854069332705675|0.0|56.53326126
VALE3|1.01|2022-06-27|60.026569|58.834497|58.496103|60.734121|4.074728366546466|4.106505665338193|0.0317772987917264|1|1|1|1.0|58.834497|0.032287588011502895|0.0|59.42284197|58.834497|0.032287588011502895|0.0|59.42284197|58.834497|0.032287588011502895|0.0|59.42284197
VALE3|1.01|2022-06-28|61.103279|61.526272|60.587996|61.70316|4.119464270585956|4.1223351451590275|0.0028708745730714|0|1|1|1.0|61.526272|0.002874999479896948|1.0|0.0|61.526272|0.002874999479896948|1.0|0.0|61.526272|0.002874999479896948|1.0|0.0
VALE3|1.01|2022-06-29|60.595687|61.226331|60.018878|61.595489|4.114577342087436|4.120588637338508|0.0060112952510715|0|1|1|1.0|61.526272|0.0011249990898197417|2.0|0.0|61.526272|0.0011249990898197417|2.0|0.0|61.526272|0.0011249990898197417|2.0|0.0
VALE3|1.01|2022-06-30|58.880642|59.211346|58.580701|60.026569|4.0811131789318145|4.094787280874401|0.0136741019425867|1|1|1|1.0|61.526272|-0.02437500195038628|3.0|0.0|61.526272|-0.02437500195038628|3.0|0.0|61.526272|-0.02437500195038628|3.0|0.0
VALE3|1.01|2022-07-01|57.757788|58.0808|56.757986|58.85757|4.061835144526362|4.075120457549432|0.0132853130230703|1|1|1|1.0|61.526272|-0.0433749992198454|4.0|57.757788|61.526272|-0.0433749992198454|4.0|57.757788|61.526272|-0.0433749992198454|4.0|57.757788
VALE3|1.01|2022-07-04|57.427084|56.911801|56.588788|57.688571|4.041502718573615|4.055059077637862|0.0135563590642471|1|1|1|1.0|56.911801|0.013648663130516749|0.0|57.48091901|56.911801|0.013648663130516749|0.0|57.48091901|56.911801|0.013648663130516749|0.0|57.48091901
VALE3|1.01|2022-07-05|57.142525|57.173288|55.812019|57.234814|4.046086796303565|4.047162349605396|0.0010755533018311|0|1|1|1.0|57.173288|0.0010761319167090868|1.0|0.0|57.173288|0.0010761319167090868|1.0|0.0|57.173288|0.0010761319167090868|1.0|0.0
VALE3|1.01|2022-07-06|57.68088|57.411702|56.558025|58.026965|4.050248150143165|4.06090781630059|0.0106596661574247|1|0|1|0.0|57.173288|0.014931395934409047|0.0|57.74502088|57.173288|0.014931395934409047|0.0|57.74502088|57.173288|0.014931395934409047|0.0|57.74502088
VALE3|1.01|2022-07-07|59.357471|59.418997|59.126747|60.157312|4.084613990053557|4.096962997792302|0.0123490077387442|1|1|1|1.0|0.0|0.0|0.0|0.0|59.418997|0.012425571572673972|0.0|60.01318697|0.0|0.0|0.0|0.0
VALE3|1.01|2022-07-08|57.988511|59.088293|57.911603|59.880444|4.079032816803572|4.092349974353597|0.0133171575500252|1|1|1|1.0|59.088293|0.013406225832247294|0.0|59.67917593|59.088293|0.013406225832247294|0.0|59.67917593|59.088293|0.013406225832247294|0.0|59.67917593
VALE3|1.01|2022-07-11|56.01198|57.027163|55.804328|57.034854|4.043527698183235|4.043662554644903|0.0001348564616678|0|1|1|1.0|57.027163|0.00013486555520921187|1.0|0.0|57.027163|0.00013486555520921187|1.0|0.0|57.027163|0.00013486555520921187|1.0|0.0
VALE3|1.01|2022-07-12|56.181177|55.373645|54.650711|56.273466|4.014103758539957|4.030223127425261|0.0161193688853042|1|1|1|1.0|57.027163|-0.013216456164933235|2.0|0.0|57.027163|-0.013216456164933235|2.0|0.0|57.027163|-0.013216456164933235|2.0|0.0
VALE3|1.01|2022-07-13|55.988907|56.104269|55.612059|56.634933|4.027211905890162|4.03662598563794|0.0094140797477777|0|1|1|1.0|57.027163|-0.006877950425133457|3.0|0.0|57.027163|-0.006877950425133457|3.0|0.0|57.027163|-0.006877950425133457|3.0|0.0
VALE3|1.01|2022-07-14|52.258877|54.220027|51.958936|54.473823|3.993050342041624|3.99772027435587|0.0046699323142465|0|0|1|1.0|57.027163|-0.04477410177321987|4.0|52.258877|57.027163|-0.04477410177321987|4.0|52.258877|57.027163|-0.04477410177321987|4.0|52.258877
VALE3|1.01|2022-07-15|52.58189|51.912792|51.259075|52.674179|3.949565233790559|3.9641253734273545|0.0145601396367953|1|1|1|1.0|0.0|0.0|0.0|0.0|51.912792|0.014666654800612518|0.0|52.431919920000006|51.912792|0.014666654800612518|0.0|52.431919920000006
VALE3|1.01|2022-07-18|52.858758|54.135428|52.835686|54.135428|3.991488832892133|3.991488832892133|0.0|0|0|1|0.0|54.135428|0.0|1.0|0.0|54.135428|0.0|1.0|0.0|54.135428|0.0|1.0|0.0
VALE3|1.01|2022-07-19|52.97412|52.458837|52.28964|53.274061|3.9600288049211594|3.975449552301429|0.0154207473802689|1|0|0|0.0|54.135428|-0.015911336287947962|2.0|0.0|54.135428|-0.015911336287947962|2.0|0.0|54.135428|-0.015911336287947962|2.0|0.0
VALE3|1.01|2022-07-20|51.828193|52.651107|50.897608|52.666489|3.9636872639999745|3.9639793709354456|0.0002921069354711|0|0|1|1.0|54.135428|-0.02713452270110433|3.0|0.0|54.135428|-0.02713452270110433|3.0|0.0|54.135428|-0.02713452270110433|3.0|0.0
VALE3|1.01|2022-07-21|52.735706|51.766667|51.251384|52.77416|3.9467464479256815|3.966021676980523|0.0192752290548412|1|0|0|0.0|54.135428|-0.025145603356086805|4.0|52.735706|54.135428|-0.025145603356086805|4.0|52.735706|54.135428|-0.025145603356086805|4.0|52.735706
VALE3|1.01|2022-07-22|53.227916|53.681672|53.043337|54.412297|3.983071639719335|3.9965901761110616|0.013518536391726|1|0|1|1.0|0.0|0.0|0.0|0.0|0.0|0.0|0.0|0.0|0.0|0.0|0.0|0.0
VALE3|1.01|2022-07-25|54.212336|54.343079|53.866251|54.781454|3.9953172641522783|4.003351706016456|0.008034441864178|0|1|1|1.0|0.0|0.0|0.0|0.0|54.343079|0.008066804606341748|1.0|0.0|54.343079|0.008066804606341748|1.0|0.0
VALE3|1.01|2022-07-26|54.112356|54.850671|53.512475|54.927579|4.004614420010132|4.006015572106878|0.0014011520967462|0|1|1|1.0|54.850671|0.001402134168969475|1.0|0.0|54.343079|0.01075573947512246|0.0|54.886509790000005|54.343079|0.01075573947512246|0.0|54.886509790000005
VALE3|1.01|2022-07-27|54.235409|53.812415|53.304824|54.312316|3.985504202628049|3.9947510152178007|0.0092468125897515|0|0|1|0.0|54.850671|-0.009814920951468319|2.0|0.0|53.812415|0.009289696439009497|1.0|0.0|53.812415|0.009289696439009497|1.0|0.0
VALE3|1.01|2022-07-28|54.366152|54.958342|54.073902|55.350572|4.00657548006458|4.013686993337924|0.0071115132733439|0|1|1|1.0|54.850671|0.00911385386698371|3.0|0.0|53.812415|0.02858368278026545|0.0|54.35053915|53.812415|0.02858368278026545|0.0|54.35053915
VALE3|1.01|2022-07-29|53.643218|53.581692|52.320403|54.081593|3.981207442565226|3.9904938876618257|0.0092864450965985|0|0|1|1.0|54.850671|-0.014021305227059126|4.0|53.643218|53.581692|0.00932969791248849|1.0|0.0|53.581692|0.00932969791248849|1.0|0.0
VALE3|1.01|2022-08-01|52.358857|53.020265|52.243495|53.720126|3.970674198962308|3.9837877171474463|0.013113518185138|1|1|1|1.0|0.0|0.0|0.0|0.0|53.581692|0.0025836063556933537|2.0|0.0|53.581692|0.0025836063556933537|2.0|0.0
VALE3|1.01|2022-08-02|54.027757|52.551127|51.512871|54.196955|3.961786543334667|3.9926247260555914|0.0308381827209238|1|1|1|1.0|52.551127|0.03131860521278643|0.0|53.076638270000004|53.581692|0.011482709429930021|0.0|54.11750892|53.581692|0.011482709429930021|0.0|54.11750892
VALE3|1.01|2022-08-03|51.928173|53.881632|51.928173|53.95085|3.9867896406157386|3.988073446909038|0.0012838062932996|0|1|1|1.0|53.881632|0.001284630725364802|1.0|0.0|53.881632|0.001284630725364802|1.0|0.0|53.881632|0.001284630725364802|1.0|0.0
VALE3|1.01|2022-08-04|51.628233|52.043535|51.389818|52.335785|3.952080579853793|3.957680362716664|0.0055997828628706|0|1|1|1.0|53.881632|-0.028689684083808037|2.0|0.0|53.881632|-0.028689684083808037|2.0|0.0|53.881632|-0.028689684083808037|2.0|0.0
VALE3|1.01|2022-08-05|52.297331|52.212732|51.912792|52.87414|3.9553263731938384|3.9679143724587553|0.0125879992649169|1|1|1|1.0|53.881632|-0.018698245814083848|3.0|0.0|53.881632|-0.018698245814083848|3.0|0.0|53.881632|-0.018698245814083848|3.0|0.0
VALE3|1.01|2022-08-08|52.743396|52.935666|52.112752|53.17408|3.969077327184035|3.973571059573208|0.0044937323891729|0|0|1|1.0|53.881632|-0.01313159928043766|4.0|52.743396|53.881632|-0.01313159928043766|4.0|52.743396|53.881632|-0.01313159928043766|4.0|52.743396
VALE3|1.01|2022-08-09|53.835488|52.751087|52.412693|53.95854|3.9655843787789338|3.988215973894188|0.0226315951152544|1|1|1|1.0|0.0|0.0|0.0|0.0|52.751087|0.02288963258709723|0.0|53.27859787|52.751087|0.02288963258709723|0.0|53.27859787
VALE3|1.01|2022-08-10|53.873942|54.396915|53.158699|54.458441|3.996307442695026|3.9974378603209937|0.0011304176259678|0|0|1|1.0|54.396915|0.001131056788790332|1.0|0.0|54.396915|0.001131056788790332|1.0|0.0|54.396915|0.001131056788790332|1.0|0.0
VALE3|1.01|2022-08-11|55.750493|54.45075|54.258481|56.642624|3.9972966233887903|4.036761775995986|0.0394651526071951|1|1|1|1.0|54.396915|0.0412837566248012|0.0|54.94088415|54.396915|0.0412837566248012|0.0|54.94088415|54.396915|0.0412837566248012|0.0|54.94088415
VALE3|1.01|2022-08-12|56.464013|55.638894|55.250603|56.464013|4.018882489071911|4.033603497168082|0.0147210080961714|1|0|1|1.0|55.638894|0.014829895791961659|0.0|56.19528294|55.638894|0.014829895791961659|0.0|56.19528294|55.638894|0.014829895791961659|0.0|56.19528294
VALE3|1.01|2022-08-15|55.250603|55.007921|54.231339|55.452838|4.007477193044666|4.0155328937310255|0.0080557006863593|0|1|1|1.0|0.0|0.0|0.0|0.0|55.007921|0.00808823514707994|1.0|0.0|55.007921|0.00808823514707994|1.0|0.0
VALE3|1.01|2022-08-16|56.585354|56.221331|55.905845|56.90893|4.029296240046949|4.041452270821693|0.0121560307747436|1|0|1|1.0|56.221331|0.012230215609801176|0.0|56.783544309999996|55.007921|0.0345588229011599|0.0|55.55800021|55.007921|0.0345588229011599|0.0|55.55800021
VALE3|1.01|2022-08-17|55.193977|55.266782|54.918938|55.655073|4.012172040882536|4.019173232596471|0.0070011917139352|0|1|1|1.0|0.0|0.0|0.0|0.0|55.266782|0.007025757352762142|1.0|0.0|55.266782|0.007025757352762142|1.0|0.0
VALE3|1.01|2022-08-18|54.781418|55.250603|54.773328|55.501374|4.011879254365454|4.016407777202702|0.0045285228372486|0|1|1|1.0|55.250603|0.004538792092459159|1.0|0.0|55.266782|0.004244719730560741|2.0|0.0|55.266782|0.004244719730560741|2.0|0.0
VALE3|1.01|2022-08-19|54.166623|54.198981|53.778332|54.554915|3.9926621075308577|3.999207809045175|0.0065457015143182|0|1|1|1.0|55.250603|-0.012591500585070484|2.0|0.0|55.266782|-0.01288055816240573|3.0|0.0|55.266782|-0.01288055816240573|3.0|0.0
VALE3|1.01|2022-08-22|53.373862|54.037193|53.252521|54.126176|3.989672568737732|3.9913179135692944|0.0016453448315623|0|1|1|1.0|55.250603|-0.020351397793794163|3.0|0.0|55.266782|-0.020638183710424796|4.0|53.373862|55.266782|-0.020638183710424796|4.0|53.373862
VALE3|1.01|2022-08-23|56.795679|54.021014|53.915852|56.868483|3.98937311901392|4.0407412860904115|0.0513681670764913|1|0|1|1.0|55.250603|0.029282576336768663|0.0|55.80310903|54.021014|0.05271039525470582|0.0|54.56122414|54.021014|0.05271039525470582|0.0|54.56122414
VALE3|1.01|2022-08-24|54.967474|56.447834|54.854222|56.828036|4.033316919620365|4.040029795500163|0.0067128758797982|0|1|1|1.0|0.0|0.0|0.0|0.0|56.447834|0.006735457732532253|1.0|0.0|56.447834|0.006735457732532253|1.0|0.0
VALE3|1.01|2022-08-25|56.035275|55.735967|55.210156|56.164705|4.020625665650709|4.028288534698363|0.0076628690476541|0|1|1|1.0|55.735967|0.00769230396594708|1.0|0.0|56.447834|-0.00501576375809216|2.0|0.0|56.447834|-0.00501576375809216|2.0|0.0
VALE3|1.01|2022-08-26|55.193977|56.342672|55.193977|57.596529|4.031452187663711|4.053462305469447|0.0220101178057356|1|1|1|1.0|55.735967|0.03338171202806967|0.0|56.293326670000006|56.447834|0.020349673647353704|0.0|57.01231234|56.447834|0.020349673647353704|0.0|57.01231234
VALE3|1.01|2022-08-29|54.126176|54.603451|54.07764|54.927027|4.000097085881705|4.006005522459984|0.0059084365782791|0|1|1|1.0|54.603451|0.005925925817399394|1.0|0.0|54.603451|0.005925925817399394|1.0|0.0|54.603451|0.005925925817399394|1.0|0.0
VALE3|1.01|2022-08-30|52.556833|53.341505|52.095737|53.859226|3.9767147335789232|3.986373716689775|0.0096589831108522|0|1|1|1.0|54.603451|-0.01362963304279065|2.0|0.0|54.603451|-0.01362963304279065|2.0|0.0|54.603451|-0.01362963304279065|2.0|0.0
VALE3|1.01|2022-08-31|52.176631|52.920856|52.176631|53.13118|3.968797514474968|3.972763949890605|0.0039664354156365|0|1|1|1.0|54.603451|-0.026962966131939155|3.0|0.0|54.603451|-0.026962966131939155|3.0|0.0|54.603451|-0.026962966131939155|3.0|0.0
VALE3|1.01|2022-09-01|51.683178|51.755982|50.073387|51.755982|3.946540019667882|3.946540019667882|0.0|0|1|1|1.0|54.603451|-0.05214815085588632|4.0|51.683178|54.603451|-0.05214815085588632|4.0|51.683178|54.603451|-0.05214815085588632|4.0|51.683178
VALE3|1.01|2022-09-02|50.898506|52.168542|50.898506|52.435492|3.9544796695477418|3.959583690288023|0.0051040207402817|0|1|1|1.0|52.168542|0.0051170684432775854|1.0|0.0|52.168542|0.0051170684432775854|1.0|0.0|52.168542|0.0051170684432775854|1.0|0.0
VALE3|1.01|2022-09-05|52.759068|52.136184|51.958217|53.778332|3.9538592182550927|3.984870635112432|0.0310114168573392|1|1|1|1.0|52.168542|0.03085748495712218|0.0|52.69022742|52.168542|0.03085748495712218|0.0|52.69022742|52.168542|0.03085748495712218|0.0|52.69022742
VALE3|1.01|2022-09-06|51.505211|52.314151|51.440496|53.026018|3.9572669080862055|3.970782698757735|0.0135157906715295|1|1|1|1.0|52.314151|0.01360754186759139|0.0|52.837292510000005|52.314151|0.01360754186759139|0.0|52.837292510000005|52.314151|0.01360754186759139|0.0|52.837292510000005
VALE3|1.01|2022-09-08|52.18472|51.909681|51.416227|52.338419|3.949505304568859|3.957730690302638|0.008225385733779|0|0|1|1.0|51.909681|0.008259307160835812|1.0|0.0|51.909681|0.008259307160835812|1.0|0.0|51.909681|0.008259307160835812|1.0|0.0
VALE3|1.01|2022-09-09|56.261778|53.834958|53.584187|56.334583|3.985923033105771|4.031308609440868|0.0453855763350965|1|1|1|1.0|51.909681|0.08524232695631481|0.0|52.42877781|51.909681|0.08524232695631481|0.0|52.42877781|51.909681|0.08524232695631481|0.0|52.42877781
VALE3|1.01|2022-09-12|56.747142|56.698606|56.027186|57.111165|4.037749624893558|4.044999631698267|0.0072500068047087|0|1|1|1.0|56.698606|0.0072763517325276335|1.0|0.0|56.698606|0.0072763517325276335|1.0|0.0|56.698606|0.0072763517325276335|1.0|0.0
VALE3|1.01|2022-09-13|55.210156|56.075722|55.080726|57.434741|4.0267029559364005|4.05064936414174|0.0239464082053393|1|1|1|1.0|56.698606|0.012983299801056915|0.0|57.265592059999996|56.698606|0.012983299801056915|0.0|57.265592059999996|56.698606|0.012983299801056915|0.0|57.265592059999996
VALE3|1.01|2022-09-14|54.198981|54.805686|53.770243|55.800682|4.003793947695452|4.021786091534797|0.0179921438393453|1|1|1|1.0|54.805686|0.0181549775692982|0.0|55.353742860000004|54.805686|0.0181549775692982|0.0|55.353742860000004|54.805686|0.0181549775692982|0.0|55.353742860000004
VALE3|1.01|2022-09-15|55.29105|54.846133|54.34459|55.517553|4.004531682868535|4.01669924101976|0.0121675581512246|1|1|1|1.0|54.846133|0.012241884035835263|0.0|55.394594330000004|54.846133|0.012241884035835263|0.0|55.394594330000004|54.846133|0.012241884035835263|0.0|55.394594330000004
VALE3|1.01|2022-09-16|55.210156|54.425484|53.867316|55.69552|3.9968325000530487|4.0198997128187886|0.0230672127657398|1|1|1|1.0|54.425484|0.023335318432813654|0.0|54.96973884|54.425484|0.023335318432813654|0.0|54.96973884|54.425484|0.023335318432813654|0.0|54.96973884
VALE3|1.01|2022-09-19|56.997914|54.546825|54.465931|57.078808|3.999059507102148|4.044432909419315|0.0453734023171672|1|1|1|1.0|54.546825|0.04641852206796645|0.0|55.09229325|54.546825|0.04641852206796645|0.0|55.09229325|54.546825|0.04641852206796645|0.0|55.09229325
VALE3|1.01|2022-09-20|56.180884|56.464013|55.331497|56.706695|4.033603497168082|4.037892281364506|0.004288784196424|0|1|1|1.0|56.464013|0.004297994193221832|1.0|0.0|56.464013|0.004297994193221832|1.0|0.0|56.464013|0.004297994193221832|1.0|0.0
VALE3|1.01|2022-09-21|55.371944|56.180884|55.339586|56.617712|4.028576556689361|4.036321869118052|0.0077453124286908|0|1|1|1.0|56.464013|0.0027220700731985883|2.0|0.0|56.464013|0.0027220700731985883|2.0|0.0|56.464013|0.0027220700731985883|2.0|0.0
VALE3|1.01|2022-09-22|56.64198|56.763321|56.043364|57.192059|4.038890360093969|4.046415060076831|0.0075246999828619|0|1|1|1.0|56.464013|0.012893982579665371|0.0|57.02865313|56.464013|0.012893982579665371|0.0|57.02865313|56.464013|0.012893982579665371|0.0|57.02865313
VALE3|1.01|2022-09-23|55.469017|55.582268|54.870401|55.857308|4.017864229527154|4.022800367447421|0.004936137920267|0|1|1|1.0|55.582268|0.004948340719022192|1.0|0.0|55.582268|0.004948340719022192|1.0|0.0|55.582268|0.004948340719022192|1.0|0.0
VALE3|1.01|2022-09-26|55.007921|54.765239|54.716703|56.156616|4.003055667867347|4.028144501491809|0.0250888336244621|1|0|1|1.0|55.582268|0.010333295503522823|0.0|56.13809068|55.582268|0.010333295503522823|0.0|56.13809068|55.582268|0.010333295503522823|0.0|56.13809068
VALE3|1.01|2022-09-27|54.765239|55.477106|54.35268|55.655073|4.015970431144496|4.019173232596471|0.0032028014519749|0|1|1|1.0|0.0|0.0|0.0|0.0|55.477106|0.003207935900621825|1.0|0.0|55.477106|0.003207935900621825|1.0|0.0
VALE3|1.01|2022-09-28|55.282961|54.773328|54.554915|55.687431|4.00320336014115|4.019754466173021|0.016551106031871|1|1|1|1.0|54.773328|0.016688834390344097|0.0|55.32106128|55.477106|0.003791203528172458|2.0|0.0|55.477106|0.003791203528172458|2.0|0.0
VALE3|1.01|2022-09-29|55.355765|54.951295|54.48211|55.638894|4.006447247450917|4.018882489071911|0.0124352416209934|1|1|1|1.0|54.951295|0.01251288072464896|0.0|55.50080795|55.477106|0.002916302086846444|3.0|0.0|55.477106|0.002916302086846444|3.0|0.0
VALE3|1.01|2022-09-30|58.276039|55.404302|55.218245|58.971727|4.01465724416797|4.07705812566125|0.0624008814932803|1|1|1|1.0|55.404302|0.06438895304555953|0.0|55.95834502|55.477106|0.06299212868097341|0.0|56.03187706|55.477106|0.06299212868097341|0.0|56.03187706
VALE3|1.01|2022-10-03|59.861561|59.246767|57.539903|59.999081|4.081711213125651|4.094329245438133|0.0126180323124822|1|1|1||59.246767|0.012697975570548827|0.0|59.839234669999996|59.246767|0.012697975570548827|0.0|59.839234669999996|59.246767|0.012697975570548827|0.0|59.839234669999996
VALE3|1.01|2022-10-04|61.309564|60.023349|59.910098|61.681676|4.094733636522878|4.121986901389151|0.0272532648662728|1|1|1||60.023349|0.027628031884725388|0.0|60.623582490000004|60.023349|0.027628031884725388|0.0|60.623582490000004|0.0|0.0|0.0|0.0
VALE3|1.01|2022-10-05|62.256024|61.714034|61.576514|62.98407|4.122511360476775|4.142881837274918|0.0203704767981429|1|1|1||61.714034|0.020579370974193725|0.0|62.33117434|61.714034|0.020579370974193725|0.0|62.33117434|0.0|0.0|0.0|0.0
VALE3|1.01|2022-10-06|61.115418|62.450169|60.605786|62.749477|4.134368942732857|4.139150243315806|0.0047813005829482|0|1|1||62.450169|0.004792749239797835|1.0|0.0|62.450169|0.004792749239797835|1.0|0.0|0.0|0.0|0.0|0.0
VALE3|1.01|2022-10-07|61.083061|60.96172|60.799932|64.262195|4.110246126203446|4.162971511212025|0.0527253850085793|1|1|1||62.450169|0.029015549981938445|0.0|63.074670690000005|62.450169|0.029015549981938445|0.0|63.074670690000005|0.0|0.0|0.0|0.0
VALE3|1.01|2022-10-10|59.853472|61.811107|59.440912|62.30456|4.124083073234151|4.13203461733635|0.0079515441021991|0|1|1||61.811107|0.007983241587956066|1.0|0.0|61.811107|0.007983241587956066|1.0|0.0|0.0|0.0|0.0|0.0
VALE3|1.01|2022-10-11|59.449002|59.214409|58.267949|60.00717|4.081164907544407|4.094464055082544|0.0132991475381372|1|1|1||61.811107|-0.029184673880699105|2.0|0.0|61.811107|-0.029184673880699105|2.0|0.0|0.0|0.0|0.0|0.0
VALE3|1.01|2022-10-13|58.38929|58.445916|57.475188|58.890833|4.068101813791737|4.075685441872571|0.0075836280808347|0|1|1||61.811107|-0.04724513346767918|3.0|0.0|61.811107|-0.04724513346767918|3.0|0.0|0.0|0.0|0.0|0.0
VALE3|1.01|2022-10-14|56.488281|58.737135|56.302225|59.34384|4.073072150321523|4.083348324599087|0.0102761742775641|1|1|1||61.811107|-0.03991624029642439|4.0|56.488281|61.811107|-0.03991624029642439|4.0|56.488281|0.0|0.0|0.0|0.0
VALE3|1.01|2022-10-17|57.167791|56.795679|56.027186|57.628887|4.039460248889674|4.054023952404193|0.0145637035145185|1|1|1||56.795679|0.01467027095494358|0.0|57.363635790000004|56.795679|0.01467027095494358|0.0|57.363635790000004|0.0|0.0|0.0|0.0
VALE3|1.01|2022-10-18|58.211324|58.486363|57.224417|58.915101|4.068793615952082|4.076097441498045|0.0073038255459634|0|1|1||58.486363|0.007330563536665851|1.0|0.0|58.486363|0.007330563536665851|1.0|0.0|0.0|0.0|0.0|0.0
VALE3|1.01|2022-10-19|57.523725|57.944373|57.094986|58.348843|4.0594834641220645|4.0664395299155816|0.006956065793517|0|1|1||58.486363|-0.002351317348968938|2.0|0.0|58.486363|-0.002351317348968938|2.0|0.0|0.0|0.0|0.0|0.0
VALE3|1.01|2022-10-20|58.25986|57.418562|56.884662|59.20632|4.050367630840487|4.08102829294862|0.0306606621081328|1|1|1||58.486363|0.012309826822365427|0.0|59.07122663|58.486363|0.012309826822365427|0.0|59.07122663|0.0|0.0|0.0|0.0
VALE3|1.01|2022-10-21|59.966723|58.081893|57.790675|60.41164|4.061853962960607|4.101181801605362|0.0393278386447546|1|1|1||58.081893|0.04011141647879826|0.0|58.66271193|58.081893|0.04011141647879826|0.0|58.66271193|0.0|0.0|0.0|0.0
VALE3|1.01|2022-10-24|58.187055|59.271035|57.58035|59.821114|4.082120738107209|4.091358675562674|0.0092379374554649|0|1|1||59.271035|0.009280738897169651|1.0|0.0|59.271035|0.009280738897169651|1.0|0.0|0.0|0.0|0.0|0.0
VALE3|1.01|2022-10-25|58.187055|57.928195|57.370026|59.271035|4.059204226328609|4.082120738107209|0.0229165117785994|1|1|1||59.271035|0.0|2.0|0.0|59.271035|0.0|2.0|0.0|0.0|0.0|0.0|0.0
VALE3|1.01|2022-10-26|59.481359|57.661244|57.531814|60.54916|4.0545852667260505|4.103455597070503|0.0488703303444522|1|1|1||59.271035|0.02156407425650662|0.0|59.863745349999995|59.271035|0.02156407425650662|0.0|59.863745349999995|0.0|0.0|0.0|0.0
VALE3|1.01|2022-10-27|57.361937|58.243681|56.164705|58.340754|4.06463560587466|4.066300888593288|0.001665282718628|0|1|1||58.243681|0.0016666700719000682|1.0|0.0|58.243681|0.0016666700719000682|1.0|0.0|0.0|0.0|0.0|0.0
VALE3|1.01|2022-10-28|54.563004|55.485196|53.915852|55.857308|4.016116246432546|4.022800367447421|0.0066841210148753|0|1|1||58.243681|-0.0409722215187601|2.0|0.0|58.243681|-0.0409722215187601|2.0|0.0|0.0|0.0|0.0|0.0
VALE3|1.01|2022-10-31|54.304143|53.390041|53.00175|56.140437|3.97762423044587|4.027856355014591|0.0502321245687209|1|1|1||58.243681|-0.036111110491110675|3.0|0.0|58.243681|-0.036111110491110675|3.0|0.0|0.0|0.0|0.0|0.0
VALE3|1.01|2022-11-01|55.954381|56.180884|55.776414|57.272953|4.028576556689361|4.047828487849283|0.0192519311599213|1|1|1||58.243681|-0.01666666638051261|4.0|55.954381|58.243681|-0.01666666638051261|4.0|55.954381|0.0|0.0|0.0|0.0
VALE3|1.01|2022-11-03|54.320322|54.716703|53.859226|54.959385|4.002169019306076|4.006594457895154|0.0044254385890774|0|1|1||54.716703|0.004435245303431293|1.0|0.0|54.716703|0.004435245303431293|1.0|0.0|0.0|0.0|0.0|0.0
VALE3|1.01|2022-11-04|58.445916|57.556082|57.272953|59.368108|4.0527598115995795|4.083757179828016|0.0309973682284363|1|1|1||54.716703|0.08500886831576816|0.0|55.26387003|54.716703|0.08500886831576816|0.0|55.26387003|0.0|0.0|0.0|0.0
VALE3|1.01|2022-11-07|58.138519|58.243681|57.790675|59.076889|4.06463560587466|4.0788397988630525|0.0142041929883927|1|1|1||58.243681|0.014305551876091057|0.0|58.82611781|58.243681|0.014305551876091057|0.0|58.82611781|0.0|0.0|0.0|0.0
VALE3|1.01|2022-11-08|59.902008|57.960552|57.960552|60.613875|4.059762641216654|4.104523827263877|0.0447611860472232|1|1|1||57.960552|0.045778083686987665|0.0|58.54015752|57.960552|0.045778083686987665|0.0|58.54015752|0.0|0.0|0.0|0.0
VALE3|1.01|2022-11-09|59.173962|59.942455|58.66433|60.492534|4.093385018674067|4.1025199524630995|0.0091349337890322|0|1|1||59.942455|0.009176784634529844|1.0|0.0|59.942455|0.009176784634529844|1.0|0.0|0.0|0.0|0.0|0.0
VALE3|1.01|2022-11-10|60.306478|57.839211|57.742138|61.050703|4.057666936678631|4.11170471564193|0.0540377789632993|1|1|1||59.942455|0.01848853204294012|0.0|60.541879550000004|59.942455|0.01848853204294012|0.0|60.541879550000004|0.0|0.0|0.0|0.0
VALE3|1.01|2022-11-11|66.575763|63.089232|62.458259|67.133932|4.144550105222558|4.206689609153552|0.0621395039309939|1|1|1||63.089232|0.06411078201110451|0.0|63.720124320000004|63.089232|0.06411078201110451|0.0|63.720124320000004|0.0|0.0|0.0|0.0
VALE3|1.01|2022-11-14|67.392793|66.648568|65.831539|68.306895|4.199433561022561|4.224010713165214|0.0245771521426529|1|0|1||66.648568|0.02488165987302233|0.0|67.31505367999999|66.648568|0.02488165987302233|0.0|67.31505367999999|0.0|0.0|0.0|0.0
VALE3|1.01|2022-11-16|66.689015|67.400882|65.960969|68.573845|4.210658103886052|4.227911193809057|0.0172530899230052|1|1|1||0.0|0.0|0.0|0.0|67.400882|0.017402784135673626|0.0|68.07489082|0.0|0.0|0.0|0.0
VALE3|1.01|2022-11-17|67.222915|65.418979|65.313817|67.376614|4.180812415140391|4.210297984415332|0.0294855692749411|1|1|1||65.418979|0.0299245728063107|0.0|66.07316879|65.418979|0.0299245728063107|0.0|66.07316879|0.0|0.0|0.0|0.0
VALE3|1.01|2022-11-18|65.386621|68.23409|65.281459|68.347342|4.222944293336768|4.224602674337719|0.0016583810009507|0|1|1||68.23409|0.0016597568751924852|1.0|0.0|68.23409|0.0016597568751924852|1.0|0.0|0.0|0.0|0.0|0.0
VALE3|1.01|2022-11-21|64.650486|63.987155|63.323824|64.8689|4.158682360091104|4.172368310090287|0.013685949999183|1|0|1||68.23409|-0.04931830995327993|2.0|0.0|68.23409|-0.04931830995327993|2.0|0.0|0.0|0.0|0.0|0.0
VALE3|1.01|2022-11-22|64.828453|64.674754|64.221748|65.896254|4.169370924431306|4.188081596190218|0.0187106717589111|1|1|1||68.23409|-0.03426199426122626|3.0|0.0|68.23409|-0.03426199426122626|3.0|0.0|0.0|0.0|0.0|0.0
VALE3|1.01|2022-11-23|65.467515|65.467515|64.666665|65.81536|4.181554065416771|4.186853245740099|0.0052991803233277|0|1|1||68.23409|-0.03544753069909772|4.0|65.467515|68.23409|-0.03544753069909772|4.0|65.467515|0.0|0.0|0.0|0.0
VALE3|1.01|2022-11-24|65.888164|65.936701|65.208655|66.648568|4.188695206061423|4.199433561022561|0.0107383549611377|1|1|1||65.936701|0.010796218027347138|0.0|66.59606801|65.936701|0.010796218027347138|0.0|66.59606801|0.0|0.0|0.0|0.0
VALE3|1.01|2022-11-25|65.443247|66.333081|65.26528|67.044949|4.194688732029047|4.205363275048192|0.010674543019145|1|1|1||66.333081|0.01073171921563534|0.0|66.99641181000001|66.333081|0.01073171921563534|0.0|66.99641181000001|0.0|0.0|0.0|0.0
VALE3|1.01|2022-11-28|65.766823|65.200565|64.32691|66.608121|4.177468134539232|4.198826507049576|0.0213583725103436|1|0|1||65.200565|0.021588095133838175|0.0|65.85257065|65.200565|0.021588095133838175|0.0|65.85257065|0.0|0.0|0.0|0.0
VALE3|1.01|2022-11-29|68.306895|67.02068|66.834624|69.309981|4.205001228482699|4.238588921799138|0.0335876933164396|1|1|1||0.0|0.0|0.0|0.0|67.02068|0.03415812850600732|0.0|67.6908868|0.0|0.0|0.0|0.0
VALE3|1.01|2022-11-30|69.334249|68.759901|68.565756|70.070384|4.230620740723036|4.249500222601478|0.0188794818784421|1|1|1||68.759901|0.01905882616090452|0.0|69.44750001|68.759901|0.01905882616090452|0.0|69.44750001|0.0|0.0|0.0|0.0
VALE3|1.01|2022-12-01|69.714451|69.908596|68.541488|70.175546|4.247188617358418|4.250999902766306|0.0038112854078882|0|1|1||69.908596|0.0038185575919732996|1.0|0.0|69.908596|0.0038185575919732996|1.0|0.0|0.0|0.0|0.0|0.0
VALE3|1.01|2022-12-02|70.215993|70.183636|68.735633|70.976397|4.25111517844537|4.262347385152295|0.011232206706925|1|1|1||69.908596|0.015274244672286122|0.0|70.60768196000001|69.908596|0.015274244672286122|0.0|70.60768196000001|0.0|0.0|0.0|0.0
VALE3|1.01|2022-12-05|70.143189|71.105827|70.118921|71.987572|4.264169288444036|4.2764934930059315|0.0123242045618958|1|1|1||71.105827|0.012400460513594688|0.0|71.81688527|71.105827|0.012400460513594688|0.0|71.81688527|0.0|0.0|0.0|0.0
VALE3|1.01|2022-12-06|71.162453|70.369692|70.280709|71.939036|4.253762659103738|4.275819038122094|0.0220563790183563|1|1|1||70.369692|0.02230141919620738|0.0|71.07338892|70.369692|0.02230141919620738|0.0|71.07338892|0.0|0.0|0.0|0.0
VALE3|1.01|2022-12-07|68.630471|69.496037|67.83771|69.908596|4.24126972936222|4.247188617358418|0.0059188879961977|0|1|1||69.496037|0.005936439224584873|1.0|0.0|69.496037|0.005936439224584873|1.0|0.0|0.0|0.0|0.0|0.0
VALE3|1.01|2022-12-08|69.471769|69.164371|69.04303|70.580016|4.236485860090386|4.256747044940212|0.0202611848498266|1|1|1||69.496037|0.015597709549970444|0.0|70.19099737|69.496037|0.015597709549970444|0.0|70.19099737|0.0|0.0|0.0|0.0
VALE3|1.01|2022-12-09|71.785337|71.235258|70.80652|72.432489|4.265987892477755|4.282654941830522|0.0166670493527671|1|1|1||71.235258|0.01680671950398498|0.0|71.94761058|71.235258|0.01680671950398498|0.0|71.94761058|0.0|0.0|0.0|0.0
VALE3|1.01|2022-12-12|69.641646|71.308062|69.067299|71.429403|4.267009392556899|4.26870959129911|0.0017001987422116|0|1|1||71.308062|0.0017016448995625041|1.0|0.0|71.308062|0.0017016448995625041|1.0|0.0|0.0|0.0|0.0|0.0
VALE3|1.01|2022-12-13|69.934511|70.007562|69.504319|70.940996|4.248603264786121|4.261848489280747|0.0132452244946259|1|1|1||71.308062|-0.005147608695353525|2.0|0.0|71.308062|-0.005147608695353525|2.0|0.0|0.0|0.0|0.0|0.0
VALE3|1.01|2022-12-14|70.527038|69.601721|69.398801|70.884178|4.242789294046161|4.261047249254915|0.018257955208754|1|1|1||71.308062|-0.005944404995889539|3.0|0.0|71.308062|-0.005944404995889539|3.0|0.0|0.0|0.0|0.0|0.0
VALE3|1.01|2022-12-15|70.754309|70.932879|70.527038|71.565991|4.261734063703679|4.27061997509148|0.008885911387801|0|1|1||71.308062|0.0036171085395644335|4.0|70.754309|71.308062|0.0036171085395644335|4.0|70.754309|0.0|0.0|0.0|0.0
VALE3|1.01|2022-12-16|69.544903|70.616323|68.595235|70.876062|4.257261321741684|4.26093274606264|0.0036714243209559|0|0|1||70.616323|0.003678172254876686|1.0|0.0|70.616323|0.003678172254876686|1.0|0.0|0.0|0.0|0.0|0.0
VALE3|1.01|2022-12-19|69.293282|68.99296|68.376081|69.471852|4.2340044704064415|4.240921663338937|0.0069171929324953|0|0|1||70.616323|-0.016206890296454488|2.0|0.0|70.616323|-0.016206890296454488|2.0|0.0|0.0|0.0|0.0|0.0
VALE3|1.01|2022-12-20|69.601721|69.293282|69.244581|70.819244|4.23834796065985|4.260130771676201|0.0217828110163509|1|1|1||70.616323|0.002873570746525608|3.0|0.0|70.616323|0.002873570746525608|3.0|0.0|0.0|0.0|0.0|0.0
VALE3|1.01|2022-12-21|69.999445|70.535155|69.642305|70.940996|4.256111238014658|4.261848489280747|0.0057372512660887|0|1|1||70.616323|0.004597704697821837|4.0|69.999445|70.616323|0.004597704697821837|4.0|69.999445|0.0|0.0|0.0|0.0
VALE3|1.01|2022-12-22|69.601721|70.031912|68.741338|70.332235|4.248951023879324|4.25323022857228|0.0042792046929553|0|0|1||70.031912|0.004288373563183476|1.0|0.0|70.031912|0.004288373563183476|1.0|0.0|0.0|0.0|0.0|0.0
VALE3|1.01|2022-12-23|70.06438|69.220231|69.057894|70.226716|4.237293175387414|4.251728808434017|0.0144356330466024|1|1|1||70.031912|0.002781646172961701|2.0|0.0|70.031912|0.002781646172961701|2.0|0.0|0.0|0.0|0.0|0.0
VALE3|1.015|2020-06-04|33.635192|32.462855|32.341996|33.659364|3.480096512624105|3.5162912937534907|0.0361947811293856|1|1|1|1.0|0.0|0.0|0.0|0.0|0.0|0.0|0.0|0.0|0.0|0.0|0.0|0.0
VALE3|1.015|2020-06-05|33.00068|34.076329|32.837519|34.263661|3.5286029790230575|3.5340853464980744|0.0054823674750168|0|0|1|1.0|34.076329|0.005497423152593633|1.0|0.0|34.076329|0.005497423152593633|1.0|0.0|34.076329|0.005497423152593633|1.0|0.0
VALE3|1.015|2020-06-08|33.10341|33.22427|32.619972|33.629149|3.5032806329508612|3.5153932206446146|0.0121125876937533|0|1|1|1.0|34.076329|-0.013122892433630483|2.0|0.0|34.076329|-0.013122892433630483|2.0|0.0|34.076329|-0.013122892433630483|2.0|0.0
VALE3|1.015|2020-06-09|33.230313|32.728746|32.704574|33.230313|3.488253774305232|3.503462501521661|0.0152087272164287|1|0|0|0.0|34.076329|-0.02482708744829875|3.0|0.0|34.076329|-0.02482708744829875|3.0|0.0|34.076329|-0.02482708744829875|3.0|0.0
VALE3|1.015|2020-06-10|32.752918|33.181969|32.487027|33.357215|3.5020066259792713|3.5072740907921993|0.005267464812928|0|0|1|0.0|34.076329|-0.02110303606940773|4.0|32.752918|34.076329|-0.02110303606940773|4.0|32.752918|34.076329|-0.02110303606940773|4.0|32.752918
VALE3|1.015|2020-06-12|32.26948|32.456812|31.411378|32.662273|3.4799103440777555|3.486220680956526|0.0063103368787706|0|0|1|0.0|0.0|0.0|0.0|0.0|32.456812|0.006330289000657232|1.0|0.0|0.0|0.0|0.0|0.0
VALE3|1.015|2020-06-15|32.559543|31.725612|31.502022|32.891906|3.4571243041945285|3.4932266092667934|0.0361023050722648|1|1|1|1.0|0.0|0.0|0.0|0.0|32.456812|0.013405321508470994|2.0|0.0|0.0|0.0|0.0|0.0
VALE3|1.015|2020-06-16|33.472032|33.532461|32.765004|33.538504|3.5125139547426603|3.512694151941742|0.0001801971990817|0|1|1|1.0|33.532461|0.00018021343557233542|1.0|0.0|32.456812|0.03332711789438852|0.0|32.94366418|33.532461|0.00018021343557233542|1.0|0.0
VALE3|1.015|2020-06-17|33.961512|33.532461|33.327|34.106544|3.5125139547426603|3.5294892720361974|0.0169753172935371|1|0|1|0.0|33.532461|0.017120216735658077|0.0|34.03544791499999|33.532461|0.017120216735658077|0.0|34.03544791499999|33.532461|0.017120216735658077|0.0|34.03544791499999
VALE3|1.015|2020-06-18|33.943384|34.021942|33.604977|34.166974|3.5270056694066776|3.5312595049918487|0.0042538355851711|0|0|1|1.0|0.0|0.0|0.0|0.0|34.021942|0.004262895986360816|1.0|0.0|0.0|0.0|0.0|0.0
VALE3|1.015|2020-06-19|33.339086|34.040071|33.061109|34.203231|3.5275383894844317|3.5323201132904125|0.0047817238059808|0|0|0|0.0|0.0|0.0|0.0|0.0|34.021942|0.005328590590155012|2.0|0.0|34.040071|0.0047931744913224435|1.0|0.0
VALE3|1.015|2020-06-22|33.236356|33.236356|32.891906|33.44786|3.503644337022298|3.5099878084439733|0.0063434714216752|0|1|1|1.0|0.0|0.0|0.0|0.0|34.021942|-0.016873875100957027|3.0|0.0|34.040071|-0.017397466650407367|2.0|0.0
VALE3|1.015|2020-06-23|33.592891|33.556633|33.459946|34.17906|3.513234548794682|3.531613175846429|0.0183786270517472|1|0|1|1.0|33.556633|0.018548553426084254|0.0|34.05998249499999|34.021942|0.0046181373185574465|4.0|33.592891|34.040071|0.004083099591654855|3.0|0.0
VALE3|1.015|2020-06-24|33.472032|33.991727|33.127582|33.99777|3.5261171714787767|3.526294934229865|0.0001777627510883|0|1|1|1.0|0.0|0.0|0.0|0.0|33.991727|0.00017777855182248757|1.0|0.0|34.040071|-0.0012426824844165225|4.0|33.472032
VALE3|1.015|2020-06-25|33.840653|33.538504|33.157797|33.931298|3.512694151941742|3.524337833295785|0.0116436813540428|0|1|1|1.0|33.538504|0.01171173287872336|1.0|0.0|33.991727|-0.0017777560993002556|2.0|0.0|33.538504|0.01171173287872336|1.0|0.0
VALE3|1.015|2020-06-26|33.61102|33.780223|33.363258|34.414736|3.5198755128972365|3.538484844747245|0.0186093318500084|1|1|1|1.0|33.538504|0.02612615040909381|0.0|34.04158156|33.991727|0.012444469208640103|3.0|0.0|33.538504|0.02612615040909381|0.0|34.04158156
VALE3|1.015|2020-06-29|33.617063|33.502246|33.139668|33.786266|3.5116124813597396|3.5200543885530697|0.0084419071933301|0|0|1|1.0|33.502246|0.008477640573709542|1.0|0.0|33.991727|-0.006044441343036195|4.0|33.617063|33.502246|0.008477640573709542|1.0|0.0
VALE3|1.015|2020-06-30|33.792309|33.502246|33.242399|34.166974|3.5116124813597396|3.5312595049918487|0.0196470236321091|1|1|1|1.0|33.502246|0.019841296610382593|0.0|34.00477969|33.502246|0.019841296610382593|0.0|34.00477969|33.502246|0.019841296610382593|0.0|34.00477969
VALE3|1.015|2020-07-01|32.958379|33.888997|32.662273|33.888997|3.5230903894300383|3.5230903894300383|0.0|0|1|1|1.0|33.888997|0.0|1.0|0.0|33.888997|0.0|1.0|0.0|33.888997|0.0|1.0|0.0
VALE3|1.015|2020-07-02|33.532461|33.145711|33.085281|33.683536|3.500913326662557|3.517009171986774|0.0160958453242168|1|0|1|1.0|33.888997|-0.006062764265345674|2.0|0.0|33.888997|-0.006062764265345674|2.0|0.0|33.888997|-0.006062764265345674|2.0|0.0
VALE3|1.015|2020-07-03|33.393473|33.357215|33.194055|33.659364|3.5072740907921993|3.5162912937534907|0.0090172029612913|0|1|1|1.0|33.888997|-0.006776034121045448|3.0|0.0|33.888997|-0.006776034121045448|3.0|0.0|33.888997|-0.006776034121045448|3.0|0.0
VALE3|1.015|2020-07-06|34.185103|33.89504|33.592891|34.287833|3.523268690997294|3.5347905682107275|0.0115218772134335|0|0|1|1.0|33.888997|0.011768893602840938|4.0|34.185103|33.888997|0.011768893602840938|4.0|34.185103|33.888997|0.011768893602840938|4.0|34.185103
VALE3|1.015|2020-07-07|34.064243|34.287833|33.901083|34.432864|3.5347905682107275|3.5390114571613|0.0042208889505723|0|0|0|0.0|0.0|0.0|0.0|0.0|34.287833|0.004229809448733696|1.0|0.0|34.287833|0.004229809448733696|1.0|0.0
VALE3|1.015|2020-07-08|34.638326|34.384521|33.713751|34.880045|3.5376064921818218|3.551914889177562|0.0143083969957396|0|0|1|1.0|0.0|0.0|0.0|0.0|34.287833|0.0172717826757965|0.0|34.80215049499999|34.287833|0.0172717826757965|0.0|34.80215049499999
VALE3|1.015|2020-07-09|34.094458|34.759185|33.876911|34.855873|3.5484438536320995|3.5512216452464194|0.0027777916143199|0|0|1|1.0|0.0|0.0|0.0|0.0|34.759185|0.002781653252226723|1.0|0.0|34.759185|0.002781653252226723|1.0|0.0
VALE3|1.015|2020-07-10|34.426821|34.154888|33.937341|34.62624|3.5309057090099394|3.5446117761406266|0.0137060671306872|0|1|1|1.0|0.0|0.0|0.0|0.0|34.759185|-0.0038247444524375186|2.0|0.0|34.759185|-0.0038247444524375186|2.0|0.0
VALE3|1.015|2020-07-13|34.837744|34.886087|34.837744|35.786491|3.552088096429903|3.577570475824883|0.0254823793949801|1|1|1|1.0|34.886087|0.025809830721341565|0.0|35.409378305|34.759185|0.02955495072741193|0.0|35.280572774999996|34.759185|0.02955495072741193|0.0|35.280572774999996
VALE3|1.015|2020-07-14|37.285148|35.000904|34.988818|37.448308|3.5553738897272904|3.62296152870225|0.0675876389749596|1|1|1|1.0|35.000904|0.06992402253381795|0.0|35.525917559999996|35.000904|0.06992402253381795|0.0|35.525917559999996|35.000904|0.06992402253381795|0.0|35.525917559999996
VALE3|1.015|2020-07-15|37.339535|37.647726|36.493518|38.028434|3.6282725540154703|3.638334143074976|0.010061589059505|0|0|0|0.0|37.647726|0.01011237703971811|1.0|0.0|37.647726|0.01011237703971811|1.0|0.0|37.647726|0.01011237703971811|1.0|0.0
VALE3|1.015|2020-07-16|36.330358|37.043429|36.167198|37.279105|3.6120909810870754|3.618432982018476|0.0063420009314003|0|0|0|0.0|37.647726|-0.009791321791919052|2.0|0.0|37.647726|-0.009791321791919052|2.0|0.0|37.647726|-0.009791321791919052|2.0|0.0
VALE3|1.015|2020-07-17|36.886312|36.559991|36.451218|37.013214|3.5989545004152403|3.6112749840217866|0.0123204836065462|0|0|1|1.0|37.647726|-0.01685392631682458|3.0|0.0|37.647726|-0.01685392631682458|3.0|0.0|37.647726|-0.01685392631682458|3.0|0.0
VALE3|1.015|2020-07-20|36.74128|36.934656|36.469347|37.158246|3.6091502972781977|3.61518571153991|0.0060354142617122|0|0|0|0.0|37.647726|-0.013001582087587452|4.0|36.74128|37.647726|-0.013001582087587452|4.0|36.74128|37.647726|-0.013001582087587452|4.0|36.74128
VALE3|1.015|2020-07-21|36.076553|36.523733|35.816705|36.547905|3.597962268465628|3.5986238658115557|0.0006615973459278|0|0|0|0.0|0.0|0.0|0.0|0.0|0.0|0.0|0.0|0.0|0.0|0.0|0.0|0.0
VALE3|1.015|2020-07-22|35.798577|36.215542|35.532686|36.408917|3.5894883637095343|3.5948137171692975|0.0053253534597632|0|0|1|0.0|0.0|0.0|0.0|0.0|0.0|0.0|0.0|0.0|0.0|0.0|0.0|0.0
VALE3|1.015|2020-07-23|35.562901|36.197413|35.435998|36.35453|3.588987652189648|3.593318817948035|0.0043311657583871|0|1|1|1.0|0.0|0.0|0.0|0.0|36.197413|0.0043405588128632155|1.0|0.0|0.0|0.0|0.0|0.0
VALE3|1.015|2020-07-24|35.411826|35.393697|34.940474|35.562901|3.5665337534393373|3.571302987745648|0.0047692343063108|0|1|1|1.0|35.393697|0.004780625205668497|1.0|0.0|36.197413|-0.0175292085100115|2.0|0.0|35.393697|0.004780625205668497|1.0|0.0
VALE3|1.015|2020-07-27|37.08573|35.713975|35.641459|37.242847|3.575542068769088|3.617459899540416|0.0419178307713279|1|1|1|1.0|35.393697|0.0522451780044338|0.0|35.924602455|36.197413|0.028881456252136038|0.0|36.740374194999994|35.393697|0.0522451780044338|0.0|35.924602455
VALE3|1.015|2020-07-28|36.463304|36.680851|36.378702|36.958827|3.6022548477734406|3.609804509256867|0.0075496614834262|0|0|1|0.0|36.680851|0.007578232031748731|1.0|0.0|36.680851|0.007578232031748731|1.0|0.0|36.680851|0.007578232031748731|1.0|0.0
VALE3|1.015|2020-07-29|38.04052|36.989042|36.771495|38.04052|3.610621706617388|3.638651907404999|0.0280302007876112|1|1|1|1.0|36.680851|0.03706754240789026|0.0|37.231063764999995|36.680851|0.03706754240789026|0.0|37.231063764999995|36.680851|0.03706754240789026|0.0|37.231063764999995
VALE3|1.015|2020-07-30|37.0253|37.647726|36.650636|37.690027|3.6282725540154703|3.6293955236491775|0.0011229696337067|0|0|1|0.0|37.647726|0.001123600400194209|1.0|0.0|37.647726|0.001123600400194209|1.0|0.0|37.647726|0.001123600400194209|1.0|0.0
VALE3|1.015|2020-07-31|36.686894|36.92257|36.559991|37.59334|3.6088230171794873|3.6268269070473176|0.0180038898678303|1|1|1|1.0|37.647726|-0.001444602523934671|2.0|0.0|37.647726|-0.001444602523934671|2.0|0.0|37.647726|-0.001444602523934671|2.0|0.0
VALE3|1.015|2020-08-03|36.41496|37.381836|36.41496|37.871317|3.621184917996167|3.634194018177235|0.0130091001810681|0|1|1|1.0|37.647726|0.005939030686740522|3.0|0.0|37.647726|0.005939030686740522|3.0|0.0|37.647726|0.005939030686740522|3.0|0.0
VALE3|1.015|2020-08-04|36.680851|36.41496|35.871092|36.765452|3.5949796792208337|3.604558599874257|0.0095789206534231|0|1|1|1.0|37.647726|-0.023434987813075226|4.0|36.680851|37.647726|-0.023434987813075226|4.0|36.680851|37.647726|-0.023434987813075226|4.0|36.680851
VALE3|1.015|2020-08-05|37.581254|37.406008|37.375793|38.010305|3.6218313332302183|3.6378573071731206|0.0160259739429022|1|1|1|1.0|37.406008|0.01615507861731737|0.0|37.967098119999996|37.406008|0.01615507861731737|0.0|37.967098119999996|37.406008|0.01615507861731737|0.0|37.967098119999996
VALE3|1.015|2020-08-06|37.363707|37.841102|37.031343|37.998219|3.6333958663811865|3.6375392902069743|0.0041434238257878|0|1|1|1.0|37.841102|0.004152019674268459|1.0|0.0|37.841102|0.004152019674268459|1.0|0.0|37.841102|0.004152019674268459|1.0|0.0
VALE3|1.015|2020-08-07|36.529776|37.097816|36.124897|37.097816|3.613558099956077|3.613558099956077|0.0|0|0|1|1.0|37.841102|-0.01964229265839028|2.0|0.0|37.841102|-0.01964229265839028|2.0|0.0|37.841102|-0.01964229265839028|2.0|0.0
VALE3|1.015|2020-08-10|37.587297|36.680851|36.505604|37.587297|3.6022548477734406|3.626666147568437|0.0244112997949965|1|0|1|1.0|37.841102|-0.0067071249669208854|3.0|0.0|37.841102|-0.0067071249669208854|3.0|0.0|37.841102|-0.0067071249669208854|3.0|0.0
VALE3|1.015|2020-08-11|36.427046|37.943832|36.35453|37.961961|3.636106960987996|3.636584632049142|0.0004776710611458|0|1|1|1.0|37.841102|0.0031938551895238925|4.0|36.427046|37.841102|0.0031938551895238925|4.0|36.427046|37.841102|0.0031938551895238925|4.0|36.427046
VALE3|1.015|2020-08-12|37.164289|36.789624|36.608335|37.641684|3.605215848895933|3.6281120533550735|0.0228962044591405|1|1|1|1.0|36.789624|0.023160334555199433|0.0|37.34146836|36.789624|0.023160334555199433|0.0|37.34146836|36.789624|0.023160334555199433|0.0|37.34146836
VALE3|1.015|2020-08-13|36.469347|37.103859|36.324315|37.563125|3.613720980376589|3.626022851092109|0.01230187071552|0|1|1|1.0|37.103859|0.01237784996972955|1.0|0.0|37.103859|0.01237784996972955|1.0|0.0|37.103859|0.01237784996972955|1.0|0.0
VALE3|1.015|2020-08-14|37.073644|36.469347|36.439132|37.121988|3.596472099532788|3.6142094625184096|0.0177373629856214|1|1|1|1.0|37.103859|0.0004886014686505206|2.0|0.0|37.103859|0.0004886014686505206|2.0|0.0|37.103859|0.0004886014686505206|2.0|0.0
VALE3|1.015|2020-08-17|37.605426|37.333492|36.952784|37.829016|3.6198908326179535|3.633076427204343|0.0131855945863899|0|1|1|1.0|37.103859|0.019543977891895367|0.0|37.660416885|37.103859|0.019543977891895367|0.0|37.660416885|37.103859|0.019543977891895367|0.0|37.660416885
VALE3|1.015|2020-08-18|38.106992|38.252024|37.98009|38.493743|3.6441964739052737|3.650495708605497|0.0062992347002235|0|1|1|1.0|38.252024|0.00631911660413063|1.0|0.0|38.252024|0.00631911660413063|1.0|0.0|38.252024|0.00631911660413063|1.0|0.0
VALE3|1.015|2020-08-19|37.702113|38.318497|37.665855|38.602516|3.645932729995239|3.653317455693723|0.0073847256984844|0|0|1|1.0|38.252024|0.00916270469766522|2.0|0.0|38.252024|0.00916270469766522|2.0|0.0|38.252024|0.00916270469766522|2.0|0.0
VALE3|1.015|2020-08-20|38.04052|37.357664|37.267019|38.372883|3.6205380846391666|3.647351038261876|0.0268129536227097|1|1|1|1.0|38.252024|0.0031595452308615865|3.0|0.0|38.252024|0.0031595452308615865|3.0|0.0|38.252024|0.0031595452308615865|3.0|0.0
VALE3|1.015|2020-08-21|37.587297|37.714199|37.170332|37.943832|3.6300366548459353|3.636106960987996|0.0060703061420608|0|1|1|1.0|38.252024|-0.008056880859428465|4.0|37.587297|38.252024|-0.008056880859428465|4.0|37.587297|38.252024|-0.008056880859428465|4.0|37.587297
VALE3|1.015|2020-08-24|38.046563|38.034477|37.611469|38.149293|3.6384930378617586|3.641507225448653|0.0030141875868938|0|1|1|1.0|38.034477|0.00301873481788635|1.0|0.0|38.034477|0.00301873481788635|1.0|0.0|38.034477|0.00301873481788635|1.0|0.0
VALE3|1.015|2020-08-25|37.236804|37.949875|36.892355|37.974047|3.6362662100285728|3.6369029527094026|0.0006367426808298|0|0|1|1.0|38.034477|-0.0015888216367482522|2.0|0.0|38.034477|-0.0015888216367482522|2.0|0.0|38.034477|-0.0015888216367482522|2.0|0.0
VALE3|1.015|2020-08-26|37.315363|37.260976|37.007171|37.677941|3.6179465591406297|3.629074803841431|0.0111282447008012|0|1|1|1.0|38.034477|-0.009374021364879172|3.0|0.0|38.034477|-0.009374021364879172|3.0|0.0|38.034477|-0.009374021364879172|3.0|0.0
VALE3|1.015|2020-08-27|36.735237|37.279105|36.457261|37.575211|3.618432982018476|3.626344551059067|0.007911569040591|0|1|1|1.0|38.034477|-0.012074991855415797|4.0|36.735237|38.034477|-0.012074991855415797|4.0|36.735237|38.034477|-0.012074991855415797|4.0|36.735237
VALE3|1.015|2020-08-28|36.92257|36.970913|36.63855|37.285148|3.6101314683428223|3.6185950704125815|0.0084636020697592|0|1|1|1.0|36.970913|0.008499519608834017|1.0|0.0|36.970913|0.008499519608834017|1.0|0.0|36.970913|0.008499519608834017|1.0|0.0
VALE3|1.015|2020-08-31|36.064467|36.92257|36.064467|36.952784|3.6088230171794873|3.6096409896168073|0.00081797243732|0|0|1|1.0|36.970913|-0.0004903584609880161|2.0|0.0|36.970913|-0.0004903584609880161|2.0|0.0|36.970913|-0.0004903584609880161|2.0|0.0
VALE3|1.015|2020-09-01|37.321406|36.433089|36.378702|37.339535|3.5954774001789955|3.6200526849026664|0.0245752847236708|1|1|1|1.0|36.970913|0.009970594991797872|3.0|0.0|36.970913|0.009970594991797872|3.0|0.0|36.970913|0.009970594991797872|3.0|0.0
VALE3|1.015|2020-09-02|37.055515|37.406008|36.451218|37.671898|3.6218313332302183|3.628914405356361|0.0070830721261421|0|1|1|1.0|36.970913|0.018960446013329336|0.0|37.525476695|36.970913|0.018960446013329336|0.0|37.525476695|36.970913|0.018960446013329336|0.0|37.525476695
VALE3|1.015|2020-09-03|35.84692|36.257843|35.562901|36.590206|3.5906557165192226|3.5997806089688065|0.0091248924495839|0|1|1|1.0|36.257843|0.009166651198748939|1.0|0.0|36.257843|0.009166651198748939|1.0|0.0|36.257843|0.009166651198748939|1.0|0.0
VALE3|1.015|2020-09-04|36.553948|36.082596|35.472256|36.559991|3.58581064382557|3.5989545004152403|0.0131438565896702|0|0|1|1.0|36.257843|0.008333314257000766|2.0|0.0|36.257843|0.008333314257000766|2.0|0.0|36.257843|0.008333314257000766|2.0|0.0
VALE3|1.015|2020-09-08|35.816705|36.010081|35.599158|36.112811|3.5837989270334276|3.586647677731733|0.0028487506983054|0|1|1|1.0|36.257843|-0.004000017320390529|3.0|0.0|36.257843|-0.004000017320390529|3.0|0.0|36.257843|-0.004000017320390529|3.0|0.0
VALE3|1.015|2020-09-09|36.257843|36.197413|35.877135|36.457261|3.588987652189648|3.596140643005682|0.0071529908160341|0|0|1|1.0|36.257843|0.005499996235297323|4.0|36.257843|36.257843|0.005499996235297323|4.0|36.257843|36.257843|0.005499996235297323|4.0|36.257843
VALE3|1.015|2020-09-10|35.369525|36.257843|35.242623|36.378702|3.5906557165192226|3.5939834935089925|0.0033277769897699|0|1|1|1.0|0.0|0.0|0.0|0.0|36.257843|0.003333320186752307|1.0|0.0|36.257843|0.003333320186752307|1.0|0.0
VALE3|1.015|2020-09-11|37.436222|36.288057|36.161155|37.647726|3.591488678871249|3.6282725540154703|0.0367838751442217|1|0|1|1.0|36.288057|0.0374687738172368|0.0|36.832377855|36.257843|0.03833330625873132|0.0|36.801710645|36.257843|0.03833330625873132|0.0|36.801710645
VALE3|1.015|2020-09-14|37.412051|37.949875|37.091773|38.282239|3.6362662100285728|3.644986054947421|0.0087198449188483|0|0|0|1.0|0.0|0.0|0.0|0.0|37.949875|0.008757973511111653|1.0|0.0|37.949875|0.008757973511111653|1.0|0.0
VALE3|1.015|2020-09-15|37.829016|37.895488|37.557082|38.463528|3.6348320548694257|3.649710467622808|0.0148784127533829|0|0|1|1.0|0.0|0.0|0.0|0.0|37.949875|0.013535037994196237|2.0|0.0|37.949875|0.013535037994196237|2.0|0.0
VALE3|1.015|2020-09-16|36.844011|37.659812|36.650636|37.768586|3.628593531182558|3.631477698904172|0.0028841677216142|0|0|1|1.0|0.0|0.0|0.0|0.0|37.949875|-0.004777064483084585|3.0|0.0|37.949875|-0.004777064483084585|3.0|0.0
VALE3|1.015|2020-09-17|37.514781|36.499561|36.324315|37.720242|3.597300233118856|3.630196873439268|0.0328966403204118|1|1|1|1.0|0.0|0.0|0.0|0.0|37.949875|-0.006050955372053262|4.0|37.514781|37.949875|-0.006050955372053262|4.0|37.514781
VALE3|1.015|2020-09-18|37.260976|37.7565|37.260976|38.131164|3.631157646303288|3.64103190054751|0.009874254244222|0|0|0|1.0|37.7565|0.00992316554765393|1.0|0.0|37.7565|0.00992316554765393|1.0|0.0|37.7565|0.00992316554765393|1.0|0.0
VALE3|1.015|2020-09-21|36.257843|36.892355|35.919436|37.097816|3.608004348009599|3.613558099956077|0.0055537519464778|0|0|1|1.0|37.7565|-0.017445578906943197|2.0|0.0|37.7565|-0.017445578906943197|2.0|0.0|37.7565|-0.017445578906943197|2.0|0.0
VALE3|1.015|2020-09-22|36.394761|36.602516|35.979253|36.690654|3.600116981214016|3.6025220632287684|0.0024050820147523|0|1|1|1.0|37.7565|-0.0282294704223114|3.0|0.0|37.7565|-0.0282294704223114|3.0|0.0|37.7565|-0.0282294704223114|3.0|0.0
VALE3|1.015|2020-09-23|37.206892|36.306623|35.922593|37.527966|3.592000176419135|3.6250864150355526|0.0330862386164176|1|1|1|1.0|37.7565|-0.0060528385840849476|4.0|37.206892|37.7565|-0.0060528385840849476|4.0|37.206892|37.7565|-0.0060528385840849476|4.0|37.206892
VALE3|1.015|2020-09-24|36.929886|37.578331|36.791383|37.634991|3.626427581077846|3.627934229347367|0.0015066482695216|0|0|1|1.0|37.578331|0.0015077838342527992|1.0|0.0|37.578331|0.0015077838342527992|1.0|0.0|37.578331|0.0015077838342527992|1.0|0.0
VALE3|1.015|2020-09-25|37.301325|36.734723|36.640289|37.427237|3.603722438551093|3.622398701398456|0.0186762628473631|1|1|1|1.0|37.578331|-0.0040207746320612405|2.0|0.0|37.578331|-0.0040207746320612405|2.0|0.0|37.578331|-0.0040207746320612405|2.0|0.0
VALE3|1.015|2020-09-28|37.005433|37.73572|36.955068|37.924588|3.630607125984112|3.6355996616291137|0.0049925356450013|0|1|1|1.0|37.578331|0.009214272980883622|3.0|0.0|37.578331|0.009214272980883622|3.0|0.0|37.578331|0.009214272980883622|3.0|0.0
VALE3|1.015|2020-09-29|36.734723|36.973955|36.734723|37.748312|3.6102137458580574|3.6309407594634897|0.0207270136054322|1|1|1|1.0|37.578331|0.004523378113839062|4.0|36.734723|37.578331|0.004523378113839062|4.0|36.734723|37.578331|0.004523378113839062|4.0|36.734723
VALE3|1.015|2020-09-30|37.213187|37.276143|36.986546|37.943475|3.6183535241645752|3.6360975522999266|0.0177440281353513|1|1|1|1.0|37.276143|0.017902388667196654|0.0|37.83528514499999|37.276143|0.017902388667196654|0.0|37.83528514499999|37.276143|0.017902388667196654|0.0|37.83528514499999
VALE3|1.015|2020-10-01|37.055798|37.477602|36.526969|37.67906|3.623743474533609|3.629104502475539|0.0053610279419298|0|1|1|1.0|37.477602|0.005375423966560143|1.0|0.0|37.477602|0.005375423966560143|1.0|0.0|37.477602|0.005375423966560143|1.0|0.0
VALE3|1.015|2020-10-02|36.715836|36.898408|36.583629|37.420941|3.608168406484332|3.622230467509988|0.0140620610256561|0|0|1|1.0|37.477602|-0.0015118630055359012|2.0|0.0|37.477602|-0.0015118630055359012|2.0|0.0|37.477602|-0.0015118630055359012|2.0|0.0
VALE3|1.015|2020-10-05|37.515375|37.08098|36.986546|37.672765|3.6131041696903687|3.6289374195942776|0.0158332499039088|1|1|1|1.0|37.477602|0.005207456976569656|3.0|0.0|37.477602|0.005207456976569656|3.0|0.0|37.477602|0.005207456976569656|3.0|0.0
VALE3|1.015|2020-10-06|36.904704|37.77979|36.646585|37.94977|3.631774303561356|3.6362634432172127|0.0044891396558566|0|1|1|1.0|37.477602|0.012598671601240749|4.0|36.904704|37.477602|0.012598671601240749|4.0|36.904704|37.477602|0.012598671601240749|4.0|36.904704
VALE3|1.015|2020-10-07|37.880519|37.232074|37.118753|38.251958|3.6171705940955623|3.644194748504888|0.0270241544093257|1|1|1|1.0|37.232074|0.0273926185256294|0.0|37.79055510999999|37.232074|0.0273926185256294|0.0|37.79055510999999|37.232074|0.0273926185256294|0.0|37.79055510999999
VALE3|1.015|2020-10-08|38.585624|37.993839|37.811267|38.711536|3.637424015002693|3.656137643471676|0.0187136284689826|1|0|1|1.0|37.993839|0.01888982579517698|0.0|38.563746585|37.993839|0.01888982579517698|0.0|38.563746585|37.993839|0.01888982579517698|0.0|38.563746585
VALE3|1.015|2020-10-09|38.780787|38.837447|38.308618|38.994837|3.65938491005779|3.663429252750645|0.0040443426928549|0|0|1|1.0|0.0|0.0|0.0|0.0|38.837447|0.004052532083275182|1.0|0.0|38.837447|0.004052532083275182|1.0|0.0
VALE3|1.015|2020-10-13|39.120749|38.573033|38.421939|39.435528|3.652553405374256|3.674667135881659|0.0221137305074039|1|0|1|1.0|0.0|0.0|0.0|0.0|38.837447|0.015399596168100353|0.0|39.420008704999994|38.837447|0.015399596168100353|0.0|39.420008704999994
VALE3|1.015|2020-10-14|39.662169|39.082975|39.057793|39.844741|3.665686950172752|3.684990426640356|0.0193034764676043|1|0|1|1.0|0.0|0.0|0.0|0.0|39.082975|0.019490993201003802|0.0|39.669219625|39.082975|0.019490993201003802|0.0|39.669219625
VALE3|1.015|2020-10-15|39.328503|39.290729|39.020019|39.57403|3.6709885877377655|3.678173095043443|0.0071845073056779|0|0|1|1.0|0.0|0.0|0.0|0.0|39.290729|0.007210377796757133|1.0|0.0|39.290729|0.007210377796757133|1.0|0.0
VALE3|1.015|2020-10-16|39.183704|39.473301|39.183704|39.725124|3.6756245193167927|3.6819838338779456|0.0063593145611529|0|0|1|1.0|0.0|0.0|0.0|0.0|39.290729|0.011055916015200484|2.0|0.0|39.290729|0.011055916015200484|2.0|0.0
VALE3|1.015|2020-10-19|39.001132|39.492188|39.001132|39.775489|3.6761028801956863|3.6832508683028977|0.0071479881072114|0|0|1|1.0|0.0|0.0|0.0|0.0|39.290729|0.012337770571780468|3.0|0.0|39.290729|0.012337770571780468|3.0|0.0
VALE3|1.015|2020-10-20|38.931881|38.894108|38.610806|39.215182|3.6608427738567446|3.6690639677350783|0.008221193878334|0|1|1|1.0|0.0|0.0|0.0|0.0|39.290729|-0.0019227691092216755|4.0|38.931881|39.290729|-0.0019227691092216755|4.0|38.931881
VALE3|1.015|2020-10-21|39.567735|38.812265|38.780787|39.794376|3.6587363049249646|3.68372559577302|0.0249892908480555|1|1|1|1.0|38.812265|0.025304140327806257|0.0|39.394448974999996|38.812265|0.025304140327806257|0.0|39.394448974999996|38.812265|0.025304140327806257|0.0|39.394448974999996
VALE3|1.015|2020-10-22|39.725124|39.73142|39.309616|39.970652|3.682142310441265|3.6881454848243647|0.0060031743830997|0|0|1|1.0|39.73142|0.0060212295457852056|1.0|0.0|39.73142|0.0060212295457852056|1.0|0.0|39.73142|0.0060212295457852056|1.0|0.0
VALE3|1.015|2020-10-23|39.94547|39.422936|39.171113|40.222475|3.6743477789104912|3.694425919000191|0.0200781400896996|1|0|0|0.0|39.73142|0.012359361935717447|2.0|0.0|39.73142|0.012359361935717447|2.0|0.0|39.73142|0.012359361935717447|2.0|0.0
VALE3|1.015|2020-10-26|39.34739|39.599213|39.038906|39.94547|3.678809244325575|3.68751527404328|0.0087060297177044|0|0|0|0.0|39.73142|0.005387423857491132|3.0|0.0|39.73142|0.005387423857491132|3.0|0.0|39.73142|0.005387423857491132|3.0|0.0
VALE3|1.015|2020-10-27|39.366276|39.34739|39.070384|39.599213|3.672429644836433|3.678809244325575|0.0063795994891426|0|0|1|1.0|39.73142|-0.0033275176170396393|4.0|39.366276|39.73142|-0.0033275176170396393|4.0|39.366276|39.73142|-0.0033275176170396393|4.0|39.366276
VALE3|1.015|2020-10-28|37.937179|39.001132|37.930883|39.076679|3.663590671349436|3.6655258440344465|0.0019351726850103|0|0|0|0.0|0.0|0.0|0.0|0.0|39.001132|0.0019370463400908533|1.0|0.0|39.001132|0.0019370463400908533|1.0|0.0
VALE3|1.015|2020-10-29|39.045202|38.384165|37.641287|39.183704|3.6476450047542106|3.668260946077564|0.0206159413233533|1|1|1|1.0|0.0|0.0|0.0|0.0|39.001132|0.004681197458576341|2.0|0.0|39.001132|0.004681197458576341|2.0|0.0
VALE3|1.015|2020-10-30|38.119751|38.906699|37.77979|39.290729|3.661166446594738|3.6709885877377655|0.0098221411430268|0|0|0|0.0|38.906699|0.009870536690866414|1.0|0.0|39.001132|0.007425348577061829|3.0|0.0|39.001132|0.007425348577061829|3.0|0.0
VALE3|1.015|2020-11-03|39.876218|38.969655|38.541555|39.876218|3.662783266347612|3.685780106093051|0.0229968397454389|1|1|1|1.0|38.906699|0.024919076275270697|0.0|39.490299485|39.001132|0.022437451302695602|0.0|39.58614898|39.001132|0.022437451302695602|0.0|39.58614898
VALE3|1.015|2020-11-04|38.768196|39.838445|38.686353|39.838445|3.684832400830165|3.684832400830165|0.0|0|0|0|0.0|39.838445|0.0|1.0|0.0|39.838445|0.0|1.0|0.0|39.838445|0.0|1.0|0.0
VALE3|1.015|2020-11-05|39.378867|39.221478|38.686353|39.699942|3.66922450491281|3.681349726734899|0.0121252218220888|0|1|1|1.0|39.838445|-0.0034766166199509054|2.0|0.0|39.838445|-0.0034766166199509054|2.0|0.0|39.838445|-0.0034766166199509054|2.0|0.0
VALE3|1.015|2020-11-06|39.781785|39.271843|39.24666|40.266545|3.670507798988542|3.6955209753048615|0.0250131763163188|1|1|1|1.0|39.838445|0.010745901352324384|3.0|0.0|39.838445|0.010745901352324384|3.0|0.0|39.838445|0.010745901352324384|3.0|0.0
VALE3|1.015|2020-11-09|39.781785|40.386161|39.580326|40.461708|3.6984871767786704|3.7003560453814632|0.0018688686027927|0|0|1|1.0|39.838445|0.015644762239088436|0.0|40.436021675|39.838445|0.015644762239088436|0.0|40.436021675|39.838445|0.015644762239088436|0.0|40.436021675
VALE3|1.015|2020-11-10|39.762898|39.813263|39.467006|40.033608|3.684200097983904|3.689719301343501|0.0055192033595972|0|0|1|1.0|0.0|0.0|0.0|0.0|39.813263|0.005534462221797842|1.0|0.0|39.813263|0.005534462221797842|1.0|0.0
VALE3|1.015|2020-11-11|40.039904|39.775489|39.662169|40.241362|3.6832508683028977|3.6948953721371782|0.0116445038342809|0|0|0|0.0|0.0|0.0|0.0|0.0|39.813263|0.01075267304767266|2.0|0.0|39.813263|0.01075267304767266|2.0|0.0
VALE3|1.015|2020-11-12|39.454414|40.021017|39.322207|40.146928|3.6894047411265536|3.692545924389531|0.0031411832629775|0|0|1|0.0|0.0|0.0|0.0|0.0|39.813263|0.008380749902363024|3.0|0.0|39.813263|0.008380749902363024|3.0|0.0
VALE3|1.015|2020-11-13|39.819558|39.492188|39.416641|40.008426|3.6761028801956863|3.689090081930341|0.0129872017346541|0|0|1|1.0|0.0|0.0|0.0|0.0|39.813263|0.004901959429951795|4.0|39.819558|39.813263|0.004901959429951795|4.0|39.819558
VALE3|1.015|2020-11-16|40.87092|39.976948|39.643282|41.135335|3.688302987989263|3.716867484504105|0.0285644965148419|1|1|1|1.0|0.0|0.0|0.0|0.0|39.976948|0.028976374084384773|0.0|40.57660222|39.976948|0.028976374084384773|0.0|40.57660222
VALE3|1.015|2020-11-17|42.161515|40.795373|40.795373|42.872916|3.7085686681163264|3.75824029789078|0.0496716297744534|1|0|0|0.0|40.795373|0.050925946920499995|0.0|41.407303594999995|40.795373|0.050925946920499995|0.0|41.407303594999995|40.795373|0.050925946920499995|0.0|41.407303594999995
VALE3|1.015|2020-11-18|41.834145|42.174106|41.594912|42.425929|3.741806430815545|3.7477597083466607|0.0059532775311161|0|0|0|1.0|0.0|0.0|0.0|0.0|0.0|0.0|0.0|0.0|0.0|0.0|0.0|0.0
VALE3|1.015|2020-11-19|42.633683|41.99783|41.846736|42.633683|3.7376179502819338|3.7526446216031473|0.0150266713212139|1|0|0|0.0|0.0|0.0|0.0|0.0|0.0|0.0|0.0|0.0|41.99783|0.015140139383391888|0.0|42.627797449999996
VALE3|1.015|2020-11-20|43.086965|42.765891|42.463703|43.086965|3.7557408456105126|3.7632205151717577|0.0074796695612446|0|0|1|0.0|0.0|0.0|0.0|0.0|0.0|0.0|0.0|0.0|0.0|0.0|0.0|0.0
VALE3|1.015|2020-11-23|44.881206|43.319902|43.124739|44.900093|3.768612159895697|3.804439866015551|0.0358277061198539|1|0|0|0.0|0.0|0.0|0.0|0.0|43.319902|0.036477252418530386|0.0|43.96970053|0.0|0.0|0.0|0.0
VALE3|1.015|2020-11-24|47.090956|44.730112|44.182397|47.147616|3.800646921353985|3.8532834457651086|0.0526365244111235|1|1|1|1.0|0.0|0.0|0.0|0.0|0.0|0.0|0.0|0.0|0.0|0.0|0.0|0.0
VALE3|1.015|2020-11-25|47.531647|46.461398|46.341781|47.78347|3.838621817289901|3.8666797637897217|0.0280579464998211|1|0|1|1.0|46.461398|0.02845527807837376|0.0|47.158318969999996|46.461398|0.02845527807837376|0.0|47.158318969999996|46.461398|0.02845527807837376|0.0|47.158318969999996
VALE3|1.015|2020-11-26|48.205274|47.481282|47.468691|48.224161|3.860335570219411|3.875860161025108|0.0155245908056969|1|0|1|1.0|0.0|0.0|0.0|0.0|47.481282|0.01564572329786719|0.0|48.193501229999995|47.481282|0.01564572329786719|0.0|48.193501229999995
VALE3|1.015|2020-11-27|49.382548|48.475984|48.331185|49.596598|3.8810685000459504|3.9039222426688913|0.0228537426229409|1|0|1|1.0|0.0|0.0|0.0|0.0|48.475984|0.023116890211037355|0.0|49.20312375999999|48.475984|0.023116890211037355|0.0|49.20312375999999
VALE3|1.015|2020-11-30|49.105542|49.640667|48.551531|49.961741|3.904810396990695|3.9112575325285066|0.0064471355378117|0|0|1|1.0|0.0|0.0|0.0|0.0|49.640667|0.006467963051342621|1.0|0.0|49.640667|0.006467963051342621|1.0|0.0
VALE3|1.015|2020-12-01|51.151606|50.257634|49.89249|51.308996|3.91716245579846|3.9378660974266286|0.0207036416281685|1|1|1|1.0|0.0|0.0|0.0|0.0|49.640667|0.03360811006024556|0.0|50.385277005|49.640667|0.03360811006024556|0.0|50.385277005
VALE3|1.015|2020-12-02|50.263929|50.931261|48.671147|51.151606|3.9304769000637902|3.934793889754195|0.0043169896904053|0|0|1|1.0|50.931261|0.004326321313740922|1.0|0.0|50.931261|0.004326321313740922|1.0|0.0|50.931261|0.004326321313740922|1.0|0.0
VALE3|1.015|2020-12-03|49.709918|50.994217|49.489573|51.025695|3.9317122341380863|3.9323293293772767|0.0006170952391904|0|0|1|1.0|50.931261|0.0018541461205918244|2.0|0.0|50.931261|0.0018541461205918244|2.0|0.0|50.931261|0.0018541461205918244|2.0|0.0
VALE3|1.015|2020-12-04|51.611184|50.427614|50.427614|52.051875|3.920538921862056|3.9522408174669184|0.0317018956048622|1|1|1|1.0|50.931261|0.022002478988297648|0.0|51.69522991499999|50.931261|0.022002478988297648|0.0|51.69522991499999|50.931261|0.022002478988297648|0.0|51.69522991499999
VALE3|1.015|2020-12-07|52.221855|51.888189|51.416021|52.247038|3.949091192019013|3.955983200242823|0.0068920082238106|0|1|1|1.0|51.888189|0.006915812768104249|1.0|0.0|51.888189|0.006915812768104249|1.0|0.0|51.888189|0.006915812768104249|1.0|0.0
VALE3|1.015|2020-12-08|52.190377|52.234447|51.409725|52.442201|3.955742181462109|3.959711629791978|0.0039694483298688|0|1|1|1.0|51.888189|0.01067703480651445|2.0|0.0|51.888189|0.01067703480651445|2.0|0.0|51.888189|0.01067703480651445|2.0|0.0
VALE3|1.015|2020-12-09|52.064466|52.316289|51.762278|52.775867|3.957307775734287|3.966054021832507|0.0087462460982199|0|0|1|1.0|51.888189|0.0171075155465534|0.0|52.666511834999994|51.888189|0.0171075155465534|0.0|52.666511834999994|51.888189|0.0171075155465534|0.0|52.666511834999994
VALE3|1.015|2020-12-10|53.51245|52.662546|52.379245|53.650953|3.96390450079158|3.982499232199464|0.0185947314078842|1|1|1|1.0|0.0|0.0|0.0|0.0|52.662546|0.0187686899907954|0.0|53.45248418999999|52.662546|0.0187686899907954|0.0|53.45248418999999
VALE3|1.015|2020-12-11|53.424312|53.273218|53.134715|53.688726|3.975433728340311|3.983203035339386|0.0077693069990751|0|1|1|1.0|53.273218|0.007799566378738424|1.0|0.0|53.273218|0.007799566378738424|1.0|0.0|53.273218|0.007799566378738424|1.0|0.0
VALE3|1.015|2020-12-14|52.59959|53.638361|52.221855|53.650953|3.982264502391091|3.982499232199464|0.0002347298083726|0|1|1|1.0|53.273218|0.0070905234221067944|2.0|0.0|53.273218|0.0070905234221067944|2.0|0.0|53.273218|0.0070905234221067944|2.0|0.0
VALE3|1.015|2020-12-15|53.197671|52.983621|52.889187|53.751682|3.9699828280542713|3.984374959541411|0.0143921314871402|0|1|1|1.0|53.273218|0.00898132341094924|3.0|0.0|53.273218|0.00898132341094924|3.0|0.0|53.273218|0.00898132341094924|3.0|0.0
VALE3|1.015|2020-12-16|54.280511|53.449494|53.109532|54.286806|3.97873717063485|3.99428121398922|0.01554404335437|1|1|1|1.0|53.273218|0.019026220642424842|0.0|54.072316269999995|53.273218|0.019026220642424842|0.0|54.072316269999995|53.273218|0.019026220642424842|0.0|54.072316269999995
VALE3|1.015|2020-12-17|54.897478|54.456787|54.249033|55.369647|3.9974074880758903|4.014031555521074|0.0166240674451829|1|1|1|1.0|54.456787|0.01676301615076927|0.0|55.27363880499999|54.456787|0.01676301615076927|0.0|55.27363880499999|54.456787|0.01676301615076927|0.0|55.27363880499999
VALE3|1.015|2020-12-18|55.275213|55.161892|55.042276|55.640357|4.010272352554411|4.0189087832819625|0.0086364307275514|0|1|1|1.0|55.161892|0.00867383228987142|1.0|0.0|55.161892|0.00867383228987142|1.0|0.0|55.161892|0.00867383228987142|1.0|0.0
VALE3|1.015|2020-12-21|54.683428|54.236442|53.373947|55.023389|3.9933530441354073|4.007758349382837|0.01440530524743|0|1|1|1.0|55.161892|-0.0025108457121086427|2.0|0.0|55.161892|-0.0025108457121086427|2.0|0.0|55.161892|-0.0025108457121086427|2.0|0.0
VALE3|1.015|2020-12-22|54.733793|54.683428|53.78316|54.765271|4.001560701917021|4.003056252179426|0.0014955502624047|0|1|1|1.0|55.161892|-0.007190126836113656|3.0|0.0|55.161892|-0.007190126836113656|3.0|0.0|55.161892|-0.007190126836113656|3.0|0.0
VALE3|1.015|2020-12-23|54.998207|54.475674|54.393831|55.105232|3.9977542534021464|4.009244666278913|0.0114904128767663|0|1|1|1.0|55.161892|-0.0010271583868080672|4.0|54.998207|55.161892|-0.0010271583868080672|4.0|54.998207|55.161892|-0.0010271583868080672|4.0|54.998207
VALE3|1.015|2020-12-28|54.966729|55.268917|54.821931|55.766268|4.012210670936348|4.021169170464686|0.0089584995283384|0|0|1|1.0|55.268917|0.008998746981056183|1.0|0.0|55.268917|0.008998746981056183|1.0|0.0|55.268917|0.008998746981056183|1.0|0.0
VALE3|1.015|2020-12-29|54.815635|55.382238|54.463083|55.527036|4.01425892862726|4.016870037275723|0.0026111086484625|0|1|1|1.0|55.268917|0.0046702380652763765|2.0|0.0|55.268917|0.0046702380652763765|2.0|0.0|55.268917|0.0046702380652763765|2.0|0.0
VALE3|1.015|2020-12-30|55.054867|54.891182|54.551221|55.143006|4.00535271630699|4.009929919887739|0.0045772035807489|0|1|1|1.0|55.268917|-0.0022781521121537827|3.0|0.0|55.268917|-0.0022781521121537827|3.0|0.0|55.268917|-0.0022781521121537827|3.0|0.0
VALE3|1.015|2021-01-04|57.579396|56.251028|55.936249|57.591987|4.029824316473089|4.053383443441181|0.0235591269680917|1|1|1|1.0|55.268917|0.042032124494134765|0.0|56.097950755|55.268917|0.042032124494134765|0.0|56.097950755|55.268917|0.042032124494134765|0.0|56.097950755
VALE3|1.015|2021-01-05|58.548916|57.579396|56.987611|58.548916|4.053164795375626|4.069862575781817|0.0166977804061918|1|1|1|1.0|57.579396|0.016837967525744724|0.0|58.44308694|57.579396|0.016837967525744724|0.0|58.44308694|57.579396|0.016837967525744724|0.0|58.44308694
VALE3|1.015|2021-01-06|60.192063|59.795441|59.430297|60.657936|4.090929420592169|4.105250475964436|0.0143210553722665|0|1|1|1.0|59.795441|0.01442409296722141|1.0|0.0|59.795441|0.01442409296722141|1.0|0.0|59.795441|0.01442409296722141|1.0|0.0
VALE3|1.015|2021-01-07|64.416398|60.821621|60.821621|64.548606|4.107945334311017|4.167418521397185|0.0594731870861675|1|1|1|1.0|59.795441|0.07949042469642477|0.0|60.69237261499999|59.795441|0.07949042469642477|0.0|60.69237261499999|59.795441|0.07949042469642477|0.0|60.69237261499999
VALE3|1.015|2021-01-08|64.21494|64.850793|61.822618|65.064843|4.172089138906656|4.175384357254166|0.0032952183475103|0|1|1|1.0|64.850793|0.0033006535479065046|1.0|0.0|64.850793|0.0033006535479065046|1.0|0.0|64.850793|0.0033006535479065046|1.0|0.0
VALE3|1.015|2021-01-11|64.202349|63.113213|62.766956|64.202349|4.144930145407812|4.162039798811609|0.0171096534037973|1|0|1|1.0|64.850793|-0.009999014198638988|2.0|0.0|64.850793|-0.009999014198638988|2.0|0.0|64.850793|-0.009999014198638988|2.0|0.0
VALE3|1.015|2021-01-12|62.445881|64.529719|62.439585|64.605266|4.167125877374499|4.168295924494087|0.0011700471195883|0|1|1|1.0|64.850793|-0.0037860292625873614|3.0|0.0|64.850793|-0.0037860292625873614|3.0|0.0|64.850793|-0.0037860292625873614|3.0|0.0
VALE3|1.015|2021-01-13|60.576093|62.244422|60.273905|62.2759|4.131068924904219|4.131574513071113|0.0005055881668942|0|1|1|1.0|64.850793|-0.039704880709785555|4.0|60.576093|64.850793|-0.039704880709785555|4.0|60.576093|64.850793|-0.039704880709785555|4.0|60.576093
VALE3|1.015|2021-01-14|61.570795|61.205651|60.878281|62.238127|4.114239521856826|4.130967786229666|0.0167282643728405|1|0|0|0.0|61.205651|0.016868965252897897|0.0|62.123735765|61.205651|0.016868965252897897|0.0|62.123735765|61.205651|0.016868965252897897|0.0|62.123735765
VALE3|1.015|2021-01-15|58.895173|60.802734|58.674827|61.19306|4.107634755066394|4.114033784395352|0.0063990293289579|0|0|1|0.0|0.0|0.0|0.0|0.0|0.0|0.0|0.0|0.0|0.0|0.0|0.0|0.0
VALE3|1.015|2021-01-18|59.373637|59.115518|58.895173|60.210949|4.079493461858094|4.097854212853557|0.0183607509954626|1|1|1|1.0|0.0|0.0|0.0|0.0|59.115518|0.018530345957553783|0.0|60.002250769999996|0.0|0.0|0.0|0.0
VALE3|1.015|2021-01-19|59.216247|59.493253|57.856402|59.537322|4.085862911163907|4.086603376410143|0.0007404652462366|0|0|1|1.0|59.493253|0.0007407394583046309|1.0|0.0|59.493253|0.0007407394583046309|1.0|0.0|59.493253|0.0007407394583046309|1.0|0.0
VALE3|1.015|2021-01-20|58.120816|59.808032|57.182774|59.89617|4.091139966318488|4.092612563177328|0.0014725968588393|0|1|1|1.0|59.493253|0.006772482251054503|2.0|0.0|59.493253|0.006772482251054503|2.0|0.0|59.493253|0.006772482251054503|2.0|0.0
VALE3|1.015|2021-01-21|58.775557|58.108225|58.007495|60.500546|4.062307220103368|4.102652389789461|0.040345169686093|1|0|1|1.0|59.493253|0.01693121403195077|0.0|60.385651794999994|59.493253|0.01693121403195077|0.0|60.385651794999994|59.493253|0.01693121403195077|0.0|60.385651794999994
VALE3|1.015|2021-01-22|58.65594|57.913062|57.283504|59.058858|4.058942954990953|4.078534539860627|0.0195915848696737|1|1|1|1.0|0.0|0.0|0.0|0.0|57.913062|0.019784759438207643|0.0|58.78175792999999|57.913062|0.019784759438207643|0.0|58.78175792999999
VALE3|1.015|2021-01-26|57.761968|58.54262|57.51644|59.279203|4.069755035984815|4.082258536228085|0.0125035002432705|0|0|1|1.0|58.54262|0.012581995817747875|1.0|0.0|58.54262|0.012581995817747875|1.0|0.0|58.54262|0.012581995817747875|1.0|0.0
VALE3|1.015|2021-01-27|56.156594|56.905769|55.527036|57.40312|4.041396724393532|4.050098657249016|0.0087019328554847|0|0|1|0.0|58.54262|-0.019464451710565708|2.0|0.0|58.54262|-0.019464451710565708|2.0|0.0|58.54262|-0.019464451710565708|2.0|0.0
VALE3|1.015|2021-01-28|57.352755|55.527036|55.46408|57.510144|4.016870037275723|4.051961349634891|0.0350913123591682|1|0|1|1.0|58.54262|-0.01763631350971314|3.0|0.0|58.54262|-0.01763631350971314|3.0|0.0|58.54262|-0.01763631350971314|3.0|0.0
VALE3|1.015|2021-01-29|55.369647|56.653945|55.268917|57.195365|4.036961623178255|4.046472863633994|0.0095112404557395|0|1|1|1.0|58.54262|-0.02301323377737445|4.0|55.369647|58.54262|-0.02301323377737445|4.0|55.369647|58.54262|-0.02301323377737445|4.0|55.369647
VALE3|1.015|2021-02-01|57.45978|56.666536|55.766268|57.45978|4.03718384249714|4.051085224793379|0.0139013822962388|0|1|1|1.0|56.666536|0.013998455808204005|1.0|0.0|56.666536|0.013998455808204005|1.0|0.0|56.666536|0.013998455808204005|1.0|0.0
VALE3|1.015|2021-02-02|55.187075|56.773561|55.092641|57.025385|4.039070742007712|4.043496519572475|0.0044257775647631|0|1|1|1.0|56.666536|0.006332644014096773|2.0|0.0|56.666536|0.006332644014096773|2.0|0.0|56.666536|0.006332644014096773|2.0|0.0
VALE3|1.015|2021-02-03|56.930951|55.936249|55.778859|57.554214|4.02421263153918|4.052727355771299|0.0285147242321182|1|1|1|1.0|56.666536|0.015664942003866287|0.0|57.516534039999996|56.666536|0.015664942003866287|0.0|57.516534039999996|56.666536|0.015664942003866287|0.0|57.516534039999996
VALE3|1.015|2021-02-04|56.213255|57.887879|56.087343|58.467073|4.058508018967472|4.068463741074785|0.0099557221073132|0|0|1|1.0|57.887879|0.010005445181365188|1.0|0.0|57.887879|0.010005445181365188|1.0|0.0|57.887879|0.010005445181365188|1.0|0.0
VALE3|1.015|2021-02-05|58.353753|56.786153|56.37694|58.404117|4.039292510795393|4.067386383924757|0.0280938731293636|1|1|1|1.0|57.887879|0.00891789453885504|2.0|0.0|57.887879|0.00891789453885504|2.0|0.0|57.887879|0.00891789453885504|2.0|0.0
VALE3|1.015|2021-02-08|59.184769|58.530029|58.202659|59.751372|4.069539938775414|4.090192152891086|0.0206522141156719|1|1|1|1.0|57.887879|0.032191419554342376|0.0|58.75619718499999|57.887879|0.032191419554342376|0.0|58.75619718499999|57.887879|0.032191419554342376|0.0|58.75619718499999
VALE3|1.015|2021-02-09|59.335863|59.556209|58.120816|59.946535|4.086920555689316|4.093453081638008|0.0065325259486916|0|1|1|1.0|59.556209|0.006553909433691365|1.0|0.0|59.556209|0.006553909433691365|1.0|0.0|59.556209|0.006553909433691365|1.0|0.0
VALE3|1.015|2021-02-10|59.619165|59.593982|59.417706|60.229836|4.087554595818809|4.098167844156356|0.0106132483375462|0|0|1|0.0|59.556209|0.011310777017388668|2.0|0.0|59.556209|0.011310777017388668|2.0|0.0|59.556209|0.011310777017388668|2.0|0.0
VALE3|1.015|2021-02-11|58.611871|60.103924|58.611871|60.103924|4.09607513059115|4.09607513059115|0.0|0|0|0|0.0|59.556209|0.009196606184251865|3.0|0.0|59.556209|0.009196606184251865|3.0|0.0|59.556209|0.009196606184251865|3.0|0.0
VALE3|1.015|2021-02-12|59.109222|58.624463|58.045269|59.266612|4.071152066809779|4.082046112026568|0.0108940452167889|0|1|1|1.0|59.556209|-0.0048625828416983445|4.0|59.109222|59.556209|-0.0048625828416983445|4.0|59.109222|59.556209|-0.0048625828416983445|4.0|59.109222
VALE3|1.015|2021-02-17|60.657936|60.443886|59.927648|60.890872|4.101715430506456|4.109083278424492|0.0073678479180365|0|1|1|1.0|60.443886|0.0073950572933051085|1.0|0.0|60.443886|0.0073950572933051085|1.0|0.0|60.443886|0.0073950572933051085|1.0|0.0
VALE3|1.015|2021-02-18|61.318972|61.293789|60.450181|61.94853|4.115678516438499|4.1263038789800595|0.0106253625415604|0|1|1|1.0|60.443886|0.024893237340828798|0.0|61.350544289999995|60.443886|0.024893237340828798|0.0|61.350544289999995|60.443886|0.024893237340828798|0.0|61.350544289999995
VALE3|1.015|2021-02-19|61.551908|61.199356|60.645344|62.231831|4.114136666587098|4.130866621256101|0.0167299546690031|1|1|1|1.0|61.199356|0.016870684064061035|0.0|62.11734634|61.199356|0.016870684064061035|0.0|62.11734634|61.199356|0.016870684064061035|0.0|62.11734634
VALE3|1.015|2021-02-22|60.028377|60.752369|59.203656|62.024077|4.106806077345111|4.127522648370808|0.0207165710256962|1|1|1|1.0|60.752369|0.02093264873341806|0.0|61.663654535|60.752369|0.02093264873341806|0.0|61.663654535|60.752369|0.02093264873341806|0.0|61.663654535
VALE3|1.015|2021-02-23|61.035671|60.80903|58.744079|61.287494|4.107738297680999|4.115575809078101|0.0078375113971018|0|1|1|1.0|60.80903|0.007868305085609859|1.0|0.0|60.80903|0.007868305085609859|1.0|0.0|60.80903|0.007868305085609859|1.0|0.0
VALE3|1.015|2021-02-24|61.652638|61.148991|60.349452|61.828914|4.113313361588218|4.124371119127043|0.0110577575388255|0|1|1|1.0|60.80903|0.01677191693404742|0.0|61.721165449999994|60.80903|0.01677191693404742|0.0|61.721165449999994|60.80903|0.01677191693404742|0.0|61.721165449999994
VALE3|1.015|2021-02-25|60.255018|62.137397|59.820623|62.294787|4.129348013805255|4.131877746529955|0.0025297327247004|0|1|1|1.0|62.137397|0.0025329351984280813|1.0|0.0|62.137397|0.0025329351984280813|1.0|0.0|62.137397|0.0025329351984280813|1.0|0.0
VALE3|1.015|2021-02-26|59.505844|60.783847|59.191065|61.507839|4.1073240793323365|4.119164630104335|0.0118405507719989|0|1|1|1.0|62.137397|-0.010131708606976294|2.0|0.0|62.137397|-0.010131708606976294|2.0|0.0|62.137397|-0.010131708606976294|2.0|0.0
VALE3|1.015|2021-03-01|62.055555|60.43759|60.034673|62.534019|4.10161126235408|4.135710712662664|0.0340994503085845|1|1|1|1.0|62.137397|0.006382983825344353|3.0|0.0|62.137397|0.006382983825344353|3.0|0.0|62.137397|0.006382983825344353|3.0|0.0
VALE3|1.015|2021-03-02|63.963116|61.381928|59.770259|64.32826|4.117115459581303|4.163999037023528|0.0468835774422249|1|1|1|1.0|62.137397|0.035258364620584286|0.0|63.069457955|62.137397|0.035258364620584286|0.0|63.069457955|62.137397|0.035258364620584286|0.0|63.069457955
VALE3|1.015|2021-03-03|63.176169|64.21494|62.735478|65.474056|4.162235893903452|4.181653972573153|0.0194180786697018|1|1|1|1.0|64.21494|0.019607835808925556|0.0|65.17816409999999|64.21494|0.019607835808925556|0.0|65.17816409999999|64.21494|0.019607835808925556|0.0|65.17816409999999
VALE3|1.015|2021-03-04|62.238127|62.578088|61.394519|63.893865|4.136415184881689|4.157223347384622|0.0208081625029326|1|1|1|1.0|62.578088|0.021026161745306075|0.0|63.51675932|62.578088|0.021026161745306075|0.0|63.51675932|62.578088|0.021026161745306075|0.0|63.51675932
VALE3|1.015|2021-03-05|65.930184|62.318202|61.798445|66.186773|4.132253550055149|4.192480639354181|0.0602270892990315|1|1|1|1.0|62.318202|0.06207770564368983|0.0|63.252975029999995|62.318202|0.06207770564368983|0.0|63.252975029999995|62.318202|0.06207770564368983|0.0|63.252975029999995
VALE3|1.015|2021-03-08|65.574907|65.265685|65.068308|67.061807|4.178466400457167|4.205614686693536|0.0271482862363683|1|1|1|1.0|65.265685|0.027520158564182644|0.0|66.244670275|65.265685|0.027520158564182644|0.0|66.244670275|65.265685|0.027520158564182644|0.0|66.244670275
VALE3|1.015|2021-03-09|64.916987|64.14722|63.081389|65.338056|4.161180754191206|4.179574653664207|0.0183938994730006|1|0|1|1.0|64.14722|0.01856410924744658|0.0|65.1094283|64.14722|0.01856410924744658|0.0|65.1094283|64.14722|0.01856410924744658|0.0|65.1094283
VALE3|1.015|2021-03-10|63.916948|64.14722|62.976122|64.370913|4.161180754191206|4.1646618695898505|0.0034811153986442|0|1|1|1.0|0.0|0.0|0.0|0.0|64.14722|0.0034871815177648733|1.0|0.0|64.14722|0.0034871815177648733|1.0|0.0
VALE3|1.015|2021-03-11|65.594645|65.127521|64.614344|65.857813|4.176347209497056|4.187498069594552|0.0111508600974961|0|1|1|1.0|65.127521|0.011213262669709038|1.0|0.0|64.14722|0.026666673941598537|0.0|65.1094283|64.14722|0.026666673941598537|0.0|65.1094283
VALE3|1.015|2021-03-12|64.081428|65.1341|63.627463|65.423585|4.1764482215980125|4.1808828203642125|0.0044345987662|0|0|1|0.0|65.127521|0.0045459123186955205|2.0|0.0|65.1341|0.004444446150326773|1.0|0.0|65.1341|0.004444446150326773|1.0|0.0
VALE3|1.015|2021-03-15|63.699834|63.4893|63.002439|64.048532|4.150871387763255|4.159641108486018|0.0087697207227632|0|0|1|0.0|65.127521|-0.01656732796569989|3.0|0.0|65.1341|-0.016666661549019777|2.0|0.0|65.1341|-0.016666661549019777|2.0|0.0
VALE3|1.015|2021-03-16|63.495879|63.844577|63.173498|64.370913|4.156451645433755|4.1646618695898505|0.0082102241560955|0|0|1|1.0|65.127521|-0.011617331481110726|4.0|63.495879|65.1341|-0.01171716504872259|3.0|0.0|65.1341|-0.01171716504872259|3.0|0.0
VALE3|1.015|2021-03-17|64.410388|63.423508|63.199815|64.555131|4.149834581361592|4.167519602901983|0.0176850215403909|1|0|1|0.0|0.0|0.0|0.0|0.0|65.1341|-0.0088888769477125|4.0|64.410388|65.1341|-0.0088888769477125|4.0|64.410388
VALE3|1.015|2021-03-18|63.265607|64.278804|62.851117|64.653819|4.163229934597896|4.169047175398943|0.005817240801047|0|0|1|0.0|0.0|0.0|0.0|0.0|64.278804|0.0058341938036060035|1.0|0.0|0.0|0.0|0.0|0.0
VALE3|1.015|2021-03-19|62.357677|63.226132|61.476064|63.265607|4.146717696705752|4.147341848157754|0.0006241514520013|0|0|1|1.0|0.0|0.0|0.0|0.0|64.278804|-0.015762536589821914|2.0|0.0|0.0|0.0|0.0|0.0
VALE3|1.015|2021-03-22|61.324742|61.528698|60.429971|61.739232|4.119503700118958|4.1229195797352265|0.0034158796162682|0|0|1|1.0|0.0|0.0|0.0|0.0|64.278804|-0.039508700255219326|3.0|0.0|61.528698|0.0034217203816014874|1.0|0.0
VALE3|1.015|2021-03-23|59.910214|61.410272|59.910214|61.699757|4.11757711757755|4.122279992491917|0.0047028749143667|0|0|1|0.0|0.0|0.0|0.0|0.0|64.278804|-0.04012282182474951|4.0|59.910214|61.528698|0.0027801498416234914|2.0|0.0
VALE3|1.015|2021-03-24|61.285267|60.528659|60.403654|62.265568|4.103116955354534|4.1314085924313515|0.0282916370768173|1|0|1|1.0|0.0|0.0|0.0|0.0|60.528659|0.028695646470542232|0.0|61.43658888499999|61.528698|0.0119760375881837|3.0|0.0
VALE3|1.015|2021-03-25|60.818144|61.212896|59.61415|61.377376|4.114357886274409|4.11704129819632|0.002683411921911|0|1|1|1.0|0.0|0.0|0.0|0.0|61.212896|0.002687015494251367|1.0|0.0|61.528698|-0.0024593726979238273|4.0|60.818144
VALE3|1.015|2021-03-26|62.851117|61.67344|61.443168|62.982701|4.121853368216319|4.14286010138395|0.0210067331676304|1|1|1|1.0|61.67344|0.021228927719939075|0.0|62.59854159999999|61.212896|0.028912289985430488|0.0|62.13108944|61.67344|0.021228927719939075|0.0|62.59854159999999
VALE3|1.015|2021-03-29|64.463022|63.16034|63.07481|64.772244|4.145676572526847|4.17087717826397|0.0252006057371225|1|0|1|1.0|63.16034|0.025520825252049035|0.0|64.10774509999999|63.16034|0.025520825252049035|0.0|64.10774509999999|63.16034|0.025520825252049035|0.0|64.10774509999999
VALE3|1.015|2021-03-30|63.864314|64.416967|63.541934|64.80514|4.165377061143016|4.17138492120014|0.0060078600571236|0|0|1|1.0|0.0|0.0|0.0|0.0|64.416967|0.006025943444372269|1.0|0.0|64.416967|0.006025943444372269|1.0|0.0
VALE3|1.015|2021-03-31|64.456443|63.930106|63.620884|64.844616|4.157790392840768|4.171993884956615|0.0142034921158469|0|1|1|1.0|0.0|0.0|0.0|0.0|64.416967|0.006638763355623409|2.0|0.0|64.416967|0.006638763355623409|2.0|0.0
VALE3|1.015|2021-04-01|64.074849|64.80514|63.245869|65.041992|4.17138492120014|4.175033092076822|0.0036481708766817|0|1|1|1.0|64.80514|0.003654833551783068|1.0|0.0|64.416967|0.009702800816436976|3.0|0.0|64.416967|0.009702800816436976|3.0|0.0
VALE3|1.015|2021-04-05|68.02237|65.680174|65.660437|68.305276|4.184797114348946|4.223987011031089|0.0391898966821431|1|1|1|1.0|64.80514|0.05401016030518586|0.0|65.77721709999999|64.416967|0.06036156592097865|0.0|65.383221505|64.416967|0.06036156592097865|0.0|65.383221505
VALE3|1.015|2021-04-06|67.140757|68.292117|67.140757|68.792137|4.2237943426389375|4.231089450617253|0.0072951079783152|0|0|1|1.0|68.292117|0.007321782102610644|1.0|0.0|68.292117|0.007321782102610644|1.0|0.0|68.292117|0.007321782102610644|1.0|0.0
VALE3|1.015|2021-04-07|68.792137|67.351292|67.206549|69.292156|4.209922086042828|4.238331710756307|0.028409624713479|1|0|1|0.0|68.292117|0.014643549562243048|2.0|0.0|68.292117|0.014643549562243048|2.0|0.0|68.292117|0.014643549562243048|2.0|0.0
VALE3|1.015|2021-04-08|68.752662|69.042146|68.502652|69.278998|4.2347171297219885|4.23814180110109|0.0034246713791015|0|0|1|0.0|68.292117|0.014450877251323118|3.0|0.0|68.292117|0.014450877251323118|3.0|0.0|68.292117|0.014450877251323118|3.0|0.0
VALE3|1.015|2021-04-09|67.765781|68.423702|67.726306|68.857929|4.22571928507199|4.232045381942561|0.0063260968705716|0|0|1|0.0|68.292117|0.008285172943166982|4.0|67.765781|68.292117|0.008285172943166982|4.0|67.765781|68.292117|0.008285172943166982|4.0|67.765781
VALE3|1.015|2021-04-12|68.028949|67.699989|67.246024|68.180271|4.21508601743668|4.2221552414745185|0.0070692240378384|0|0|1|1.0|0.0|0.0|0.0|0.0|67.699989|0.007094269985775072|1.0|0.0|0.0|0.0|0.0|0.0
VALE3|1.015|2021-04-13|68.147375|68.357909|67.667093|68.614498|4.224757269716371|4.228503853510325|0.003746583793954|0|0|1|1.0|0.0|0.0|0.0|0.0|67.699989|0.013508259211090792|2.0|0.0|68.357909|0.0037536110122969243|1.0|0.0
VALE3|1.015|2021-04-14|70.397462|68.403964|68.27238|70.91064|4.225430776165656|4.2614204928004895|0.035989716634833|1|1|1|1.0|0.0|0.0|0.0|0.0|67.699989|0.047424690128088476|0.0|68.715488835|68.357909|0.037343608623253734|0.0|69.383277635
VALE3|1.015|2021-04-15|71.193546|71.48961|70.759318|72.292272|4.269552124455445|4.280717235484988|0.0111651110295429|0|0|1|1.0|71.48961|0.011227673503883963|1.0|0.0|71.48961|0.011227673503883963|1.0|0.0|71.48961|0.011227673503883963|1.0|0.0
VALE3|1.015|2021-04-16|71.496189|71.476451|70.726422|71.785674|4.269368038806794|4.27368492968373|0.0043168908769359|0|0|0|0.0|71.48961|0.0041413570447509955|2.0|0.0|71.48961|0.0041413570447509955|2.0|0.0|71.48961|0.0041413570447509955|2.0|0.0
VALE3|1.015|2021-04-19|70.877744|71.713303|70.818531|72.292272|4.272676267355275|4.280717235484988|0.0080409681297126|0|0|0|0.0|71.48961|0.011227673503883963|3.0|0.0|71.48961|0.011227673503883963|3.0|0.0|71.48961|0.011227673503883963|3.0|0.0
VALE3|1.015|2021-04-20|69.844809|71.022486|69.09478|71.285654|4.26299653112647|4.266695101004465|0.0036985698779945|0|0|1|0.0|71.48961|-0.00285294604348807|4.0|69.844809|71.48961|-0.00285294604348807|4.0|69.844809|71.48961|-0.00285294604348807|4.0|69.844809
VALE3|1.015|2021-04-22|69.890864|70.555363|68.647394|70.555363|4.25639769241889|4.25639769241889|0.0|0|0|1|1.0|0.0|0.0|0.0|0.0|70.555363|0.0|1.0|0.0|0.0|0.0|0.0|0.0
VALE3|1.015|2021-04-23|71.048803|70.49615|70.042185|71.121174|4.255558098397969|4.264385098380991|0.0088269999830226|0|1|1|1.0|0.0|0.0|0.0|0.0|70.555363|0.008019390389926793|2.0|0.0|70.49615|0.008866072828090559|1.0|0.0
VALE3|1.015|2021-04-26|71.430397|72.338327|71.15407|72.825188|4.281354099355775|4.288061884373234|0.0067077850174595|0|1|1|1.0|72.338327|0.006730332593951066|1.0|0.0|70.555363|0.03217083583001334|0.0|71.613693445|70.49615|0.033037804192143784|0.0|71.55359225
VALE3|1.015|2021-04-27|72.450173|71.634352|71.397501|72.765975|4.27157473544695|4.287248469574633|0.0156737341276835|1|1|1|1.0|72.338327|0.00591177620129355|2.0|0.0|71.634352|0.015797211371437973|0.0|72.70886728|71.634352|0.015797211371437973|0.0|72.70886728
VALE3|1.015|2021-04-28|73.63443|72.739658|71.930416|73.969969|4.286886737870583|4.303659186510869|0.0167724486402853|1|1|1|1.0|72.338327|0.02255570549758497|0.0|73.423401905|72.739658|0.016913895855820496|0.0|73.83075287|72.739658|0.016913895855820496|0.0|73.83075287
VALE3|1.015|2021-04-29|73.654167|73.812068|72.956772|74.312087|4.301522241273223|4.308273616824119|0.0067513755508956|0|0|0|0.0|73.812068|0.00677421746265135|1.0|0.0|73.812068|0.00677421746265135|1.0|0.0|73.812068|0.00677421746265135|1.0|0.0
VALE3|1.015|2021-04-30|71.726461|73.022564|71.726461|73.397578|4.290768489278509|4.295890937800843|0.005122448522334|0|0|1|0.0|73.812068|-0.005615477404047272|2.0|0.0|73.812068|-0.005615477404047272|2.0|0.0|73.812068|-0.005615477404047272|2.0|0.0
VALE3|1.015|2021-05-03|71.358026|72.173847|71.226442|72.601495|4.27907775036078|4.284985513905234|0.0059077635444539|0|1|1|1.0|73.812068|-0.016400746284469317|3.0|0.0|73.812068|-0.016400746284469317|3.0|0.0|73.812068|-0.016400746284469317|3.0|0.0
VALE3|1.015|2021-05-04|72.437015|71.680407|71.48961|73.075197|4.272217446663948|4.291489006854094|0.0192715601901456|1|1|1|1.0|73.812068|-0.009983069435203924|4.0|72.437015|73.812068|-0.009983069435203924|4.0|72.437015|73.812068|-0.009983069435203924|4.0|72.437015
VALE3|1.015|2021-05-05|72.838346|73.680484|72.627812|74.226558|4.299737960872273|4.307122010661933|0.0073840497896604|0|1|1|1.0|73.680484|0.0074113791109188445|1.0|0.0|73.680484|0.0074113791109188445|1.0|0.0|73.680484|0.0074113791109188445|1.0|0.0
VALE3|1.015|2021-05-06|75.69372|73.647588|73.344945|75.792408|4.2992913928815275|4.327998129320802|0.0287067364392745|1|1|1|1.0|73.680484|0.028663275338962044|0.0|74.78569126|73.680484|0.028663275338962044|0.0|74.78569126|73.680484|0.028663275338962044|0.0|74.78569126
VALE3|1.015|2021-05-07|75.956888|76.674021|75.127908|76.6806|4.33956294174143|4.339648742872965|8.580113153566771e-05|0|1|1|1.0|76.674021|8.580481255837765e-05|1.0|0.0|76.674021|8.580481255837765e-05|1.0|0.0|76.674021|8.580481255837765e-05|1.0|0.0
VALE3|1.015|2021-05-10|75.456869|78.818841|75.456869|79.246489|4.367152067268998|4.372563108936873|0.0054110416678749|0|1|1|1.0|76.674021|0.033550712046261415|0.0|77.82413131499999|76.674021|0.033550712046261415|0.0|77.82413131499999|76.674021|0.033550712046261415|0.0|77.82413131499999
VALE3|1.015|2021-05-11|78.108287|74.989745|74.555518|78.108287|4.317351370854123|4.358096158771049|0.0407447879169264|1|1|1|1.0|74.989745|0.04158624622606738|0.0|76.11459117499999|74.989745|0.04158624622606738|0.0|76.11459117499999|74.989745|0.04158624622606738|0.0|76.11459117499999
VALE3|1.015|2021-05-12|75.220017|77.634584|74.976587|77.937228|4.352012998010842|4.355903733458223|0.0038907354473805|0|1|1|1.0|77.634584|0.0038983141843073545|1.0|0.0|77.634584|0.0038983141843073545|1.0|0.0|77.634584|0.0038983141843073545|1.0|0.0
VALE3|1.015|2021-05-13|74.009444|73.687063|72.844925|75.147646|4.299827247830471|4.319454791689747|0.0196275438592756|1|1|1|1.0|77.634584|-0.03203389355445003|2.0|0.0|77.634584|-0.03203389355445003|2.0|0.0|77.634584|-0.03203389355445003|2.0|0.0
VALE3|1.015|2021-05-14|72.739658|73.160727|72.121213|73.5489|4.292658760597403|4.297950491123235|0.0052917305258315|0|1|1|1.0|77.634584|-0.0526271126795759|3.0|0.0|77.634584|-0.0526271126795759|3.0|0.0|77.634584|-0.0526271126795759|3.0|0.0
VALE3|1.015|2021-05-17|74.647627|73.358103|73.140989|74.884478|4.29535296883524|4.3159466327316744|0.0205936638964345|1|1|1|1.0|77.634584|-0.03542372301499036|4.0|74.647627|77.634584|-0.03542372301499036|4.0|74.647627|77.634584|-0.03542372301499036|4.0|74.647627
VALE3|1.015|2021-05-18|75.397656|75.371339|74.469988|75.923992|4.322427083386837|4.329732734584216|0.0073056511973783|0|1|1|1.0|75.371339|0.007332402572813417|1.0|0.0|75.371339|0.007332402572813417|1.0|0.0|75.371339|0.007332402572813417|1.0|0.0
VALE3|1.015|2021-05-19|73.851543|73.752855|72.265956|74.200241|4.300719706335051|4.306767398146497|0.006047691811446|0|0|0|0.0|75.371339|-0.015537709897922877|2.0|0.0|75.371339|-0.015537709897922877|2.0|0.0|75.371339|-0.015537709897922877|2.0|0.0
VALE3|1.015|2021-05-20|73.101514|73.489687|72.502807|73.752855|4.297145083448841|4.300719706335051|0.0035746228862096|0|0|1|1.0|75.371339|-0.021473467520591736|3.0|0.0|75.371339|-0.021473467520591736|3.0|0.0|75.371339|-0.021473467520591736|3.0|0.0
VALE3|1.015|2021-05-21|71.976471|73.101514|71.384342|73.193623|4.291849077895565|4.293108299685978|0.0012592217904137|0|0|0|0.0|75.371339|-0.028893157915106212|4.0|71.976471|75.371339|-0.028893157915106212|4.0|71.976471|75.371339|-0.028893157915106212|4.0|71.976471
VALE3|1.015|2021-05-24|72.22648|71.055382|70.733001|72.463332|4.263459601146466|4.283080668400867|0.019621067254401|1|0|0|0.0|0.0|0.0|0.0|0.0|0.0|0.0|0.0|0.0|0.0|0.0|0.0|0.0
VALE3|1.015|2021-05-25|70.430358|72.55544|70.25272|72.956772|4.2843509592896325|4.289867101366254|0.0055161420766216|0|0|0|0.0|0.0|0.0|0.0|0.0|0.0|0.0|0.0|0.0|0.0|0.0|0.0|0.0
VALE3|1.015|2021-05-26|72.502807|69.982972|69.75928|72.581757|4.248251955314684|4.284713609262656|0.0364616539479722|1|1|1|1.0|0.0|0.0|0.0|0.0|0.0|0.0|0.0|0.0|0.0|0.0|0.0|0.0
VALE3|1.015|2021-05-27|73.022564|72.897559|72.219901|73.746276|4.289055154229038|4.300630499029764|0.0115753448007263|0|0|0|0.0|72.897559|0.011642598348183285|1.0|0.0|72.897559|0.011642598348183285|1.0|0.0|72.897559|0.011642598348183285|1.0|0.0
VALE3|1.015|2021-05-28|73.417316|73.101514|71.989629|74.180503|4.291849077895565|4.306501352841907|0.014652274946342|0|0|0|0.0|72.897559|0.017599272425569155|0.0|73.991022385|72.897559|0.017599272425569155|0.0|73.991022385|72.897559|0.017599272425569155|0.0|73.991022385
VALE3|1.015|2021-05-31|75.516081|74.016023|74.016023|75.588453|4.304281596792603|4.325303533424599|0.0210219366319952|1|0|1|1.0|0.0|0.0|0.0|0.0|0.0|0.0|0.0|0.0|0.0|0.0|0.0|0.0
VALE3|1.015|2021-06-01|74.476567|76.976664|74.476567|77.634584|4.34350231098516|4.352012998010842|0.0085106870256819|0|1|1|1.0|0.0|0.0|0.0|0.0|76.976664|0.008547005882198328|1.0|0.0|76.976664|0.008547005882198328|1.0|0.0
VALE3|1.015|2021-06-02|75.52924|75.147646|74.673943|76.121368|4.319454791689747|4.332329013890213|0.012874222200466|0|1|1|1.0|75.147646|0.012957451787644944|1.0|0.0|76.976664|-0.011111107646857698|2.0|0.0|76.976664|-0.011111107646857698|2.0|0.0
VALE3|1.015|2021-06-04|74.279191|75.331864|73.943652|75.516081|4.321903205989184|4.324345626952593|0.0024424209634092|0|0|0|0.0|75.147646|0.004902814919844664|2.0|0.0|76.976664|-0.018974360853050216|3.0|0.0|76.976664|-0.018974360853050216|3.0|0.0
VALE3|1.015|2021-06-07|73.555479|73.818647|72.831767|74.114711|4.301611369067589|4.305614041612609|0.0040026725450195|0|0|0|0.0|75.147646|-0.013745407274633657|3.0|0.0|76.976664|-0.03717948857851257|4.0|73.555479|76.976664|-0.03717948857851257|4.0|73.555479
VALE3|1.015|2021-06-08|72.318589|74.002865|72.173847|74.193662|4.3041038086709325|4.30667872873527|0.0025749200643376|0|0|0|0.0|75.147646|-0.01269479552293616|4.0|72.318589|0.0|0.0|0.0|0.0|0.0|0.0|0.0|0.0
VALE3|1.015|2021-06-09|73.818647|72.371223|71.844887|74.568676|4.281808748002898|4.311720526268671|0.0299117782657729|1|1|1|1.0|0.0|0.0|0.0|0.0|0.0|0.0|0.0|0.0|0.0|0.0|0.0|0.0
VALE3|1.015|2021-06-10|73.575217|73.831806|73.05546|74.588414|4.301789614372869|4.311985186837139|0.0101955724642692|0|0|1|1.0|73.831806|0.01024772440213639|1.0|0.0|73.831806|0.01024772440213639|1.0|0.0|73.831806|0.01024772440213639|1.0|0.0
VALE3|1.015|2021-06-11|75.226596|74.575255|74.358142|75.502923|4.311808749771433|4.324171370737352|0.0123626209659191|0|0|1|1.0|73.831806|0.022634107040534743|0.0|74.93928308999999|73.831806|0.022634107040534743|0.0|74.93928308999999|73.831806|0.022634107040534743|0.0|74.93928308999999
VALE3|1.015|2021-06-14|74.818686|75.601611|74.423934|75.845041|4.325477592482252|4.328692324619665|0.0032147321374127|0|0|1|1.0|0.0|0.0|0.0|0.0|75.601611|0.003219904930332627|1.0|0.0|75.601611|0.003219904930332627|1.0|0.0
VALE3|1.015|2021-06-15|73.358103|74.851582|73.193623|74.910795|4.315507246246826|4.316298005638759|0.0007907593919336|0|1|1|1.0|0.0|0.0|0.0|0.0|75.601611|-0.009137583060234156|2.0|0.0|75.601611|-0.009137583060234156|2.0|0.0
VALE3|1.015|2021-06-16|71.15407|73.358103|71.07512|73.443633|4.29535296883524|4.296518214042935|0.0011652452076953|0|1|1|1.0|73.358103|0.00116592436966378|1.0|0.0|75.601611|-0.028544074279052065|3.0|0.0|75.601611|-0.028544074279052065|3.0|0.0
VALE3|1.015|2021-06-17|69.67375|70.844848|69.01583|71.81857|4.260492246484917|4.27414307771138|0.0136508312264629|0|0|1|1.0|73.358103|-0.0209865432316319|2.0|0.0|75.601611|-0.05003915855708434|4.0|69.67375|75.601611|-0.05003915855708434|4.0|69.67375
VALE3|1.015|2021-06-18|71.772515|70.404041|70.08166|71.772515|4.2542506620848295|4.273501603324871|0.0192509412400418|1|1|1|1.0|73.358103|-0.02161435390443509|3.0|0.0|70.404041|0.019437435416526615|0.0|71.460101615|70.404041|0.019437435416526615|0.0|71.460101615
VALE3|1.015|2021-06-21|72.443594|70.890902|70.489571|72.825188|4.261142103724474|4.288061884373234|0.0269197806487602|1|1|1|1.0|73.358103|-0.007264568987014328|4.0|72.443594|70.890902|0.027285391290408467|0.0|71.95426552999999|70.890902|0.027285391290408467|0.0|71.95426552999999
VALE3|1.015|2021-06-22|73.292311|72.825188|72.489648|73.739697|4.288061884373234|4.300541283765823|0.0124793993925891|0|0|1|1.0|72.825188|0.01255759202434204|1.0|0.0|72.825188|0.01255759202434204|1.0|0.0|72.825188|0.01255759202434204|1.0|0.0
VALE3|1.015|2021-06-23|74.391038|73.95681|73.79233|75.167384|4.303481274166347|4.319717413466337|0.0162361392999903|1|1|1|1.0|72.825188|0.032161894316016064|0.0|73.91756582|72.825188|0.032161894316016064|0.0|73.91756582|72.825188|0.032161894316016064|0.0|73.91756582
VALE3|1.015|2021-06-24|74.491483|74.954413|73.981589|75.088595|4.316880102068127|4.3186686830564645|0.0017885809883377|0|1|1|1.0|74.954413|0.001790181453358798|1.0|0.0|74.954413|0.001790181453358798|1.0|0.0|74.954413|0.001790181453358798|1.0|0.0
VALE3|1.015|2021-06-25|75.410634|74.873903|74.73972|76.463967|4.315805405243143|4.336819610260066|0.0210142050169226|1|1|1|1.0|74.954413|0.02013962806966408|0.0|76.078729195|74.954413|0.02013962806966408|0.0|76.078729195|74.954413|0.02013962806966408|0.0|76.078729195
VALE3|1.015|2021-06-28|74.20299|75.974201|73.807151|76.282821|4.330393822130248|4.334447762219344|0.0040539400890953|0|0|1|1.0|75.974201|0.004062168419513945|1.0|0.0|75.974201|0.004062168419513945|1.0|0.0|75.974201|0.004062168419513945|1.0|0.0
VALE3|1.015|2021-06-29|75.484434|74.20299|74.20299|75.846727|4.306804445857409|4.328714553907678|0.0219101080502683|1|1|1|1.0|75.974201|-0.0016778590405971143|2.0|0.0|75.974201|-0.0016778590405971143|2.0|0.0|75.974201|-0.0016778590405971143|2.0|0.0
VALE3|1.015|2021-06-30|75.98091|75.028213|74.927576|76.67195|4.317864216134194|4.3395359309241694|0.0216717147899752|1|0|0|0.0|75.974201|0.009184025508869804|3.0|0.0|75.974201|0.009184025508869804|3.0|0.0|75.974201|0.009184025508869804|3.0|0.0
VALE3|1.015|2021-07-01|74.659211|76.088256|74.310336|76.725623|4.331893929699711|4.340235720381599|0.0083417906818876|0|0|1|0.0|75.974201|0.00989048900955214|4.0|74.659211|75.974201|0.00989048900955214|4.0|74.659211|75.974201|0.00989048900955214|4.0|74.659211
VALE3|1.015|2021-07-02|76.202311|75.142268|74.860485|76.229148|4.3193832233474785|4.333743909235637|0.0143606858881586|0|0|0|0.0|0.0|0.0|0.0|0.0|75.142268|0.01446429591398537|1.0|0.0|0.0|0.0|0.0|0.0
VALE3|1.015|2021-07-05|75.927237|76.417003|75.330124|76.457258|4.336205223767394|4.3367318657366445|0.0005266419692508|0|0|0|0.0|0.0|0.0|0.0|0.0|75.142268|0.01750000412550756|0.0|76.26940202|0.0|0.0|0.0|0.0
VALE3|1.015|2021-07-06|76.329785|76.148638|75.59178|76.718914|4.332687193429413|4.340148275104817|0.0074610816754043|0|0|0|0.0|0.0|0.0|0.0|0.0|0.0|0.0|0.0|0.0|0.0|0.0|0.0|0.0
VALE3|1.015|2021-07-07|76.551186|77.027534|76.484095|77.544137|4.344162942351198|4.35084728392763|0.0066843415764319|0|0|0|0.0|0.0|0.0|0.0|0.0|0.0|0.0|0.0|0.0|0.0|0.0|0.0|0.0
VALE3|1.015|2021-07-08|76.255984|75.155687|74.806812|76.82626|4.319561788651786|4.341546508793217|0.0219847201414307|1|0|0|0.0|0.0|0.0|0.0|0.0|0.0|0.0|0.0|0.0|0.0|0.0|0.0|0.0
VALE3|1.015|2021-07-12|77.201972|77.362991|77.155008|78.027195|4.348508513789563|4.3570574197701175|0.0085489059805548|0|0|1|0.0|0.0|0.0|0.0|0.0|0.0|0.0|0.0|0.0|0.0|0.0|0.0|0.0
VALE3|1.015|2021-07-13|77.658192|77.222099|77.054371|77.765539|4.346685672543846|4.35369838961119|0.0070127170673437|0|0|1|0.0|0.0|0.0|0.0|0.0|77.222099|0.007037363747390548|1.0|0.0|0.0|0.0|0.0|0.0
VALE3|1.015|2021-07-14|77.235517|78.000358|76.779296|78.114413|4.356713416422648|4.358174585273768|0.0014611688511196|0|0|1|0.0|0.0|0.0|0.0|0.0|77.222099|0.011555163762124608|2.0|0.0|0.0|0.0|0.0|0.0
VALE3|1.015|2021-07-15|77.477046|77.148299|76.819551|77.933267|4.345729530607588|4.355852909214663|0.0101233786070755|0|0|1|0.0|0.0|0.0|0.0|0.0|77.222099|0.009209384479435099|3.0|0.0|0.0|0.0|0.0|0.0
VALE3|1.015|2021-07-16|76.081547|77.383118|75.813181|77.738702|4.34876864311034|4.35335322860344|0.0045845854931005|0|0|0|0.0|0.0|0.0|0.0|0.0|77.222099|0.006689833696439713|4.0|76.081547|0.0|0.0|0.0|0.0
VALE3|1.015|2021-07-19|75.249614|75.142268|73.941334|75.249614|4.3193832233474785|4.320810774047723|0.0014275507002441|0|0|1|0.0|0.0|0.0|0.0|0.0|0.0|0.0|0.0|0.0|0.0|0.0|0.0|0.0
VALE3|1.015|2021-07-20|75.880273|75.249614|73.941334|75.893691|4.320810774047723|4.329333558417071|0.0085227843693482|0|0|1|1.0|0.0|0.0|0.0|0.0|75.249614|0.00855920669573149|1.0|0.0|0.0|0.0|0.0|0.0
VALE3|1.015|2021-07-21|76.75246|75.652162|75.477725|77.067789|4.326146018808148|4.34468541117286|0.0185393923647119|1|0|1|1.0|0.0|0.0|0.0|0.0|75.249614|0.024161917960137454|0.0|76.37835820999999|75.652162|0.01871231386619196|0.0|76.78694442999999
VALE3|1.015|2021-07-22|76.953734|76.269402|75.605198|76.953734|4.334271835579001|4.343204384123832|0.0089325485448314|0|0|0|0.0|0.0|0.0|0.0|0.0|76.269402|0.008972562810968384|1.0|0.0|76.269402|0.008972562810968384|1.0|0.0
VALE3|1.015|2021-07-23|76.564604|76.229148|75.678999|76.812842|4.333743909235637|4.341371839716667|0.0076279304810302|0|0|1|1.0|0.0|0.0|0.0|0.0|76.269402|0.007125268925014043|2.0|0.0|76.269402|0.007125268925014043|2.0|0.0
VALE3|1.015|2021-07-26|78.228469|76.779296|76.779296|78.396197|4.3409350204761745|4.361775418526767|0.0208403980505922|1|0|1|1.0|0.0|0.0|0.0|0.0|76.269402|0.027885297959986646|0.0|77.41344303|76.269402|0.027885297959986646|0.0|77.41344303
VALE3|1.015|2021-07-27|76.604859|77.624647|76.410294|77.859466|4.3518849927392775|4.354905483694881|0.0030204909556035|0|1|1|1.0|0.0|0.0|0.0|0.0|77.624647|0.003025057234720844|1.0|0.0|77.624647|0.003025057234720844|1.0|0.0
VALE3|1.015|2021-07-28|78.698108|77.490464|77.322736|78.899382|4.350154883627334|4.368173395121533|0.0180185114941995|1|1|1|1.0|77.490464|0.018181824282275556|0.0|78.65282096|77.624647|0.016421781602433655|0.0|78.789016705|77.624647|0.016421781602433655|0.0|78.789016705
VALE3|1.015|2021-07-29|77.537428|78.074159|76.987279|78.872545|4.357659131417243|4.36783319517888|0.0101740637616369|0|0|1|1.0|78.074159|0.010225995517928126|1.0|0.0|78.074159|0.010225995517928126|1.0|0.0|78.074159|0.010225995517928126|1.0|0.0
VALE3|1.015|2021-07-30|72.96851|76.155347|72.96851|76.155347|4.332775293553706|4.332775293553706|0.0|0|1|1|1.0|78.074159|-0.024576787308077035|2.0|0.0|78.074159|-0.024576787308077035|2.0|0.0|78.074159|-0.024576787308077035|2.0|0.0
VALE3|1.015|2021-08-02|73.082565|74.404264|73.082565|74.719593|4.309513252024743|4.313742346903611|0.0042290948788679|0|0|1|1.0|78.074159|-0.04296640582449299|3.0|0.0|78.074159|-0.04296640582449299|3.0|0.0|78.074159|-0.04296640582449299|3.0|0.0
VALE3|1.015|2021-08-03|75.571653|73.652841|73.424731|75.833309|4.299362716502754|4.328537628843723|0.0291749123409683|1|0|1|1.0|78.074159|-0.028701557963627822|4.0|75.571653|78.074159|-0.028701557963627822|4.0|75.571653|78.074159|-0.028701557963627822|4.0|75.571653
VALE3|1.015|2021-08-04|75.491143|75.142268|74.887321|75.98091|4.3193832233474785|4.330482124523767|0.0110989011762887|0|0|1|1.0|0.0|0.0|0.0|0.0|75.142268|0.011160722484447674|1.0|0.0|75.142268|0.011160722484447674|1.0|0.0
VALE3|1.015|2021-08-05|73.183202|73.558913|72.391525|73.793733|4.298086622574193|4.301273809301443|0.0031871867272501|0|0|1|0.0|0.0|0.0|0.0|0.0|75.142268|-0.017946423975384908|2.0|0.0|75.142268|-0.017946423975384908|2.0|0.0
VALE3|1.015|2021-08-06|73.599168|73.699805|73.464986|74.397555|4.300000153330189|4.309423078395823|0.0094229250656336|0|1|1|1.0|0.0|0.0|0.0|0.0|75.142268|-0.00991070698052399|3.0|0.0|75.142268|-0.00991070698052399|3.0|0.0
VALE3|1.015|2021-08-09|73.136238|72.592799|72.243924|73.43144|4.284865729583538|4.296352181784649|0.0114864522011108|0|0|1|0.0|72.592799|0.011552674804562854|1.0|0.0|75.142268|-0.022767851510683793|4.0|73.136238|75.142268|-0.022767851510683793|4.0|73.136238
VALE3|1.015|2021-08-10|73.840697|73.095983|73.022183|74.296918|4.291773413125426|4.308069470378852|0.0162960572534256|1|1|1|1.0|72.592799|0.02347504192530179|0.0|73.68169098499999|73.095983|0.016429562210005456|0.0|74.192422745|0.0|0.0|0.0|0.0
VALE3|1.015|2021-08-11|73.310676|73.927916|73.303966|74.135899|4.303090510344427|4.305899881922396|0.0028093715779684|0|1|1|1.0|73.927916|0.002813321560423788|1.0|0.0|73.927916|0.002813321560423788|1.0|0.0|73.927916|0.002813321560423788|1.0|0.0
VALE3|1.015|2021-08-12|73.263712|73.263712|73.015474|73.787024|4.294065424917714|4.30118288958886|0.007117464671146|0|0|1|1.0|73.927916|-0.0019058024035195826|2.0|0.0|73.927916|-0.0019058024035195826|2.0|0.0|73.927916|-0.0019058024035195826|2.0|0.0
VALE3|1.015|2021-08-13|72.65989|73.599168|72.431779|73.733351|4.29863372132311|4.3004552205822115|0.0018214992591012|0|0|1|0.0|73.927916|-0.0026318204343809344|3.0|0.0|73.927916|-0.0026318204343809344|3.0|0.0|73.927916|-0.0026318204343809344|3.0|0.0
VALE3|1.015|2021-08-16|72.995346|71.948722|71.063117|73.062438|4.27595367084067|4.2913143906433895|0.0153607198027199|1|0|1|1.0|73.927916|-0.011707052583492222|4.0|72.995346|73.927916|-0.011707052583492222|4.0|72.995346|73.927916|-0.011707052583492222|4.0|72.995346
VALE3|1.015|2021-08-17|71.787703|72.532416|70.888679|73.344221|4.28403357917488|4.29516371484576|0.0111301356708803|0|1|1|1.0|0.0|0.0|0.0|0.0|72.532416|0.011192306071812179|1.0|0.0|72.532416|0.011192306071812179|1.0|0.0
VALE3|1.015|2021-08-18|69.379125|70.942352|69.379125|70.942352|4.261867603574554|4.261867603574554|0.0|0|1|1|1.0|70.942352|0.0|1.0|0.0|72.532416|-0.021922115485578174|2.0|0.0|72.532416|-0.021922115485578174|2.0|0.0
VALE3|1.015|2021-08-19|65.420737|66.192287|65.279846|67.279167|4.19256394558106|4.208850634494111|0.0162866889130501|1|1|1|1.0|70.942352|-0.05163608051788301|2.0|0.0|72.532416|-0.07242622388312554|3.0|0.0|72.532416|-0.07242622388312554|3.0|0.0
VALE3|1.015|2021-08-20|65.447574|65.47441|65.373773|66.487489|4.181659379280247|4.19701379462379|0.0153544153435429|1|1|1|1.0|70.942352|-0.06279553573301323|3.0|0.0|72.532416|-0.08334104023227355|4.0|65.447574|72.532416|-0.08334104023227355|4.0|65.447574
VALE3|1.015|2021-08-23|64.541841|65.454283|64.515005|65.702521|4.181351929481469|4.1851372961394855|0.0037853666580165|0|1|1|1.0|70.942352|-0.07386040710914117|4.0|64.541841|65.454283|0.003792540207032756|1.0|0.0|65.454283|0.003792540207032756|1.0|0.0
VALE3|1.015|2021-08-24|66.896746|66.675345|66.487489|67.943371|4.199835244407897|4.218674578810931|0.0188393344030339|1|1|1|1.0|66.675345|0.019017914343000493|0.0|67.67547517499999|65.454283|0.03802788581459207|0.0|66.436097245|65.454283|0.03802788581459207|0.0|66.436097245
VALE3|1.015|2021-08-25|66.755854|67.151693|66.118487|67.399931|4.206954134862891|4.210643994178865|0.0036898593159735|0|1|1|1.0|67.151693|0.0036966752275329924|1.0|0.0|67.151693|0.0036966752275329924|1.0|0.0|67.151693|0.0036966752275329924|1.0|0.0
VALE3|1.015|2021-08-26|65.903795|66.749145|65.903795|66.957128|4.200941488209559|4.2040525339829875|0.0031110457734282|0|0|1|1.0|67.151693|-0.0028973953046872135|2.0|0.0|67.151693|-0.0028973953046872135|2.0|0.0|67.151693|-0.0028973953046872135|2.0|0.0
VALE3|1.015|2021-08-27|67.554241|66.427107|66.353307|67.762224|4.196105211127755|4.2160048715289085|0.0198996604011538|1|1|1|1.0|67.151693|0.009091818429656106|3.0|0.0|67.151693|0.009091818429656106|3.0|0.0|67.151693|0.009091818429656106|3.0|0.0
VALE3|1.015|2021-08-30|67.124857|67.64146|67.057765|68.191609|4.2142211086584584|4.22232152208935|0.0081004134308919|0|1|1|1.0|67.151693|0.015486072704079184|0.0|68.15896839499999|67.151693|0.015486072704079184|0.0|68.15896839499999|67.151693|0.015486072704079184|0.0|68.15896839499999
VALE3|1.015|2021-08-31|66.205706|66.420398|65.548211|66.594835|4.19600420810168|4.198627021986436|0.0026228138847557|0|1|1|1.0|66.420398|0.002626256470188533|1.0|0.0|66.420398|0.002626256470188533|1.0|0.0|66.420398|0.002626256470188533|1.0|0.0
VALE3|1.015|2021-09-01|66.319761|65.3201|64.219803|66.816237|4.179299799025771|4.201946119868426|0.0226463208426546|1|0|1|1.0|66.420398|0.005959599940969868|2.0|0.0|66.420398|0.005959599940969868|2.0|0.0|66.420398|0.005959599940969868|2.0|0.0
VALE3|1.015|2021-09-02|66.111778|66.266088|65.689103|67.091311|4.19367827312187|4.206054542299064|0.012376269177194|0|1|1|1.0|66.420398|0.01010100842816387|3.0|0.0|66.420398|0.01010100842816387|3.0|0.0|66.420398|0.01010100842816387|3.0|0.0
VALE3|1.015|2021-09-03|66.158742|67.198657|66.09165|67.681715|4.207653262210351|4.214816054811435|0.0071627926010844|0|1|1|1.0|66.420398|0.01898990427609288|0.0|67.41670397|66.420398|0.01898990427609288|0.0|67.41670397|66.420398|0.01898990427609288|0.0|67.41670397
VALE3|1.015|2021-09-06|65.118826|65.004771|64.515005|65.447574|4.174460667201989|4.181249425205982|0.0067887580039931|0|0|1|0.0|65.004771|0.006811853856080776|1.0|0.0|65.004771|0.006811853856080776|1.0|0.0|65.004771|0.006811853856080776|1.0|0.0
VALE3|1.015|2021-09-08|63.763582|64.722988|63.535472|64.897425|4.170116439793298|4.172807946497644|0.0026915067043464|0|0|1|0.0|65.004771|-0.001651355713567652|2.0|0.0|65.004771|-0.001651355713567652|2.0|0.0|65.004771|-0.001651355713567652|2.0|0.0
VALE3|1.015|2021-09-09|63.535472|63.844092|62.508974|64.219803|4.156444048831742|4.16231162107647|0.0058675722447283|0|0|0|0.0|65.004771|-0.012075544424270125|3.0|0.0|65.004771|-0.012075544424270125|3.0|0.0|65.004771|-0.012075544424270125|3.0|0.0
VALE3|1.015|2021-09-10|63.609272|64.078911|63.609272|64.535132|4.160115308233675|4.167209757686779|0.0070944494531035|0|0|0|0.0|65.004771|-0.00722468509272959|4.0|63.609272|65.004771|-0.00722468509272959|4.0|63.609272|65.004771|-0.00722468509272959|4.0|63.609272
VALE3|1.015|2021-09-13|63.575726|63.535472|63.025578|63.736745|4.151598364105058|4.154761240851222|0.0031628767461642|0|0|0|0.0|0.0|0.0|0.0|0.0|0.0|0.0|0.0|0.0|0.0|0.0|0.0|0.0
VALE3|1.015|2021-09-14|63.126215|63.837382|62.441883|64.125875|4.156338943528741|4.16084794862201|0.0045090050932685|0|0|0|0.0|0.0|0.0|0.0|0.0|0.0|0.0|0.0|0.0|0.0|0.0|0.0|0.0
VALE3|1.015|2021-09-15|61.549569|62.985323|61.549569|63.361034|4.142901730996245|4.148849066817454|0.0059473358212089|0|0|0|0.0|0.0|0.0|0.0|0.0|0.0|0.0|0.0|0.0|0.0|0.0|0.0|0.0
VALE3|1.015|2021-09-16|58.99339|60.670673|58.986681|60.670673|4.105460434689781|4.105460434689781|0.0|0|0|0|0.0|0.0|0.0|0.0|0.0|0.0|0.0|0.0|0.0|0.0|0.0|0.0|0.0
VALE3|1.015|2021-09-17|57.799164|59.234918|57.081287|59.570375|4.08151119908906|4.087158386735773|0.005647187646713|0|0|0|0.0|0.0|0.0|0.0|0.0|0.0|0.0|0.0|0.0|0.0|0.0|0.0|0.0
VALE3|1.015|2021-09-20|55.893771|55.551606|54.43789|56.316446|4.017312426558816|4.0309866061654835|0.0136741796066672|0|0|0|0.0|0.0|0.0|0.0|0.0|0.0|0.0|0.0|0.0|0.0|0.0|0.0|0.0
VALE3|1.015|2021-09-21|56.437211|56.82634|55.357041|56.82634|4.039999950630835|4.039999950630835|0.0|0|1|1|1.0|0.0|0.0|0.0|0.0|0.0|0.0|0.0|0.0|0.0|0.0|0.0|0.0
VALE3|1.015|2021-09-22|58.443241|59.107445|58.040693|60.033305|4.079356889405371|4.094899491553667|0.0155426021482956|1|1|1|1.0|59.107445|0.015664016605691552|0.0|59.994056674999996|59.107445|0.015664016605691552|0.0|59.994056674999996|59.107445|0.015664016605691552|0.0|59.994056674999996
VALE3|1.015|2021-09-23|58.441186|58.655962|57.485805|59.500252|4.071689223812022|4.085980547836733|0.0142913240247102|0|0|1|1.0|58.655962|0.014393933220292266|1.0|0.0|58.655962|0.014393933220292266|1.0|0.0|58.655962|0.014393933220292266|1.0|0.0
VALE3|1.015|2021-09-24|57.537647|57.982011|57.026629|58.352313|4.060132807265942|4.066498998049744|0.0063661907838019|0|0|0|0.0|58.655962|-0.0051767798131074905|2.0|0.0|58.655962|-0.0051767798131074905|2.0|0.0|58.655962|-0.0051767798131074905|2.0|0.0
VALE3|1.015|2021-09-27|58.359719|58.211598|56.656327|58.75224|4.0640846132346145|4.073329279957002|0.0092446667223873|0|0|1|1.0|58.655962|0.0016414017725938598|3.0|0.0|58.655962|0.0016414017725938598|3.0|0.0|58.655962|0.0016414017725938598|3.0|0.0
VALE3|1.015|2021-09-28|55.434327|57.38212|55.219552|57.619114|4.049732756542022|4.053854352932816|0.0041215963907941|0|0|0|0.0|58.655962|-0.017676770862610675|4.0|55.434327|58.655962|-0.017676770862610675|4.0|55.434327|58.655962|-0.017676770862610675|4.0|55.434327
VALE3|1.015|2021-09-29|56.137903|56.115684|55.434327|56.878508|4.027415345648141|4.040917554489915|0.013502208841774|0|0|1|1.0|0.0|0.0|0.0|0.0|0.0|0.0|0.0|0.0|0.0|0.0|0.0|0.0
VALE3|1.015|2021-09-30|56.463769|57.322872|56.08606|58.019041|4.04869970638028|4.060771249773478|0.0120715433931986|0|0|0|0.0|0.0|0.0|0.0|0.0|57.322872|0.012144698541971253|1.0|0.0|57.322872|0.012144698541971253|1.0|0.0
VALE3|1.015|2021-10-01|56.434145|56.841478|56.04903|57.256217|4.040266305705751|4.047536230424923|0.0072699247191714|0|0|0|0.0|0.0|0.0|0.0|0.0|57.322872|-0.0011627993796262904|2.0|0.0|57.322872|-0.0011627993796262904|2.0|0.0
VALE3|1.015|2021-10-04|55.908315|56.722981|55.871285|57.026629|4.038179437260322|4.043518334180677|0.0053388969203549|0|0|0|0.0|0.0|0.0|0.0|0.0|57.322872|-0.005167972044387395|3.0|0.0|57.322872|-0.005167972044387395|3.0|0.0
VALE3|1.015|2021-10-05|55.508388|56.278618|55.508388|56.360084|4.030314676152224|4.0317611774481055|0.0014465012958817|0|0|0|1.0|0.0|0.0|0.0|0.0|57.322872|-0.016795878615432882|4.0|55.508388|57.322872|-0.016795878615432882|4.0|55.508388
VALE3|1.015|2021-10-06|57.071066|54.849249|54.745564|57.226593|4.00458849474054|4.047018702934793|0.0424302081942524|1|0|0|0.0|0.0|0.0|0.0|0.0|0.0|0.0|0.0|0.0|54.849249|0.04334323702408397|0.0|55.671987734999995
VALE3|1.015|2021-10-07|58.774459|58.019041|57.552459|59.52247|4.060771249773478|4.086353888319705|0.0255826385462265|1|0|0|0.0|0.0|0.0|0.0|0.0|0.0|0.0|0.0|0.0|0.0|0.0|0.0|0.0
VALE3|1.015|2021-10-08|59.137355|60.32973|58.944798|60.61116|4.099825017057276|4.1044790345360305|0.0046540174787548|0|0|1|1.0|0.0|0.0|0.0|0.0|0.0|0.0|0.0|0.0|0.0|0.0|0.0|0.0
VALE3|1.015|2021-10-11|60.448227|60.655597|59.796494|61.544323|4.105211914726584|4.119757614420516|0.0145456996939321|0|0|1|1.0|0.0|0.0|0.0|0.0|60.655597|0.014652003177876533|1.0|0.0|60.655597|0.014652003177876533|1.0|0.0
VALE3|1.015|2021-10-13|58.655962|59.840931|58.633743|59.840931|4.091689891700275|4.091689891700275|0.0|0|0|0|1.0|0.0|0.0|0.0|0.0|60.655597|-0.013431011156315922|2.0|0.0|60.655597|-0.013431011156315922|2.0|0.0
VALE3|1.015|2021-10-14|58.655962|59.24104|58.604119|59.426191|4.081614544951103|4.084735055115254|0.0031205101641509|0|0|0|0.0|0.0|0.0|0.0|0.0|60.655597|-0.020268632423154576|3.0|0.0|60.655597|-0.020268632423154576|3.0|0.0
VALE3|1.015|2021-10-15|59.752058|58.870737|58.730022|59.952021|4.075344142071709|4.093544592331495|0.0182004502597852|1|0|0|0.0|0.0|0.0|0.0|0.0|60.655597|-0.011599523123974827|4.0|59.752058|60.655597|-0.011599523123974827|4.0|59.752058
VALE3|1.015|2021-10-18|59.189198|59.181792|58.122726|59.544688|4.080613927013787|4.0867270894715775|0.0061131624577903|0|0|0|1.0|0.0|0.0|0.0|0.0|0.0|0.0|0.0|0.0|0.0|0.0|0.0|0.0
VALE3|1.015|2021-10-19|58.507841|59.041077|58.367125|59.426191|4.078233421995755|4.084735055115254|0.0065016331194991|0|0|0|0.0|0.0|0.0|0.0|0.0|0.0|0.0|0.0|0.0|59.041077|0.00652281461600034|1.0|0.0
VALE3|1.015|2021-10-20|56.589672|58.041259|56.493393|58.041259|4.061154119717316|4.061154119717316|0.0|0|0|0|0.0|0.0|0.0|0.0|0.0|0.0|0.0|0.0|0.0|59.041077|-0.016934277807974348|2.0|0.0
VALE3|1.015|2021-10-21|55.663915|55.175115|54.027177|55.663915|4.010512036417928|4.019332091389162|0.0088200549712347|0|0|0|0.0|0.0|0.0|0.0|0.0|0.0|0.0|0.0|0.0|59.041077|-0.05720020994874464|3.0|0.0
VALE3|1.015|2021-10-22|56.345272|55.301018|55.2788|57.10069|4.012791317038779|4.044816200652|0.0320248836132206|1|0|0|1.0|0.0|0.0|0.0|0.0|0.0|0.0|0.0|0.0|59.041077|-0.03286503394916054|4.0|56.345272
VALE3|1.015|2021-10-25|57.026629|57.17475|56.560048|57.448775|4.046112367358839|4.05089368117796|0.0047813138191203|0|0|1|1.0|0.0|0.0|0.0|0.0|0.0|0.0|0.0|0.0|57.17475|0.004792762539407599|1.0|0.0
VALE3|1.015|2021-10-26|56.419333|57.034035|56.337866|57.078472|4.043648194901292|4.044427022803936|0.0007788279026446|0|0|0|0.0|0.0|0.0|0.0|0.0|57.034035|0.0007791312678472591|1.0|0.0|57.17475|-0.0016839251592705728|2.0|0.0
VALE3|1.015|2021-10-27|55.138085|56.271212|55.138085|56.826666|4.030183072221579|4.0400056873906705|0.0098226151690914|0|0|0|0.0|0.0|0.0|0.0|0.0|57.034035|-0.0036358816275229326|2.0|0.0|57.17475|-0.006088072094762111|3.0|0.0
VALE3|1.015|2021-10-28|54.582631|55.138085|54.47154|55.308424|4.0098406752138125|4.012925229657397|0.0030845544435846|0|0|0|0.0|0.0|0.0|0.0|0.0|57.034035|-0.0302558112888208|3.0|0.0|57.17475|-0.03264248641227117|4.0|54.582631
VALE3|1.015|2021-10-29|53.034765|54.079019|52.597808|54.182704|3.9904462917772814|3.992361743126625|0.0019154513493431|0|0|0|0.0|0.0|0.0|0.0|0.0|57.034035|-0.04999349949552055|4.0|53.034765|0.0|0.0|0.0|0.0
VALE3|1.015|2021-11-01|53.560595|53.323601|52.694087|53.960522|3.976379028663988|3.988252705125233|0.0118736764612443|0|0|0|1.0|0.0|0.0|0.0|0.0|0.0|0.0|0.0|0.0|0.0|0.0|0.0|0.0
VALE3|1.015|2021-11-03|49.494671|52.286754|49.331737|52.508935|3.956743069394246|3.960983345593013|0.0042402761987667|0|0|0|0.0|0.0|0.0|0.0|0.0|0.0|0.0|0.0|0.0|52.286754|0.004249278890022491|1.0|0.0
VALE3|1.015|2021-11-04|48.93181|49.539107|48.598538|50.079749|3.9027623980610393|3.913616714798452|0.0108543167374128|0|0|0|1.0|0.0|0.0|0.0|0.0|0.0|0.0|0.0|0.0|52.286754|-0.042209638793029726|2.0|0.0
VALE3|1.015|2021-11-05|47.480223|49.198428|47.398757|49.368768|3.8958616717682992|3.89931799753364|0.0034563257653408|0|0|1|1.0|0.0|0.0|0.0|0.0|0.0|0.0|0.0|0.0|52.286754|-0.055807365666646645|3.0|0.0
VALE3|1.015|2021-11-08|50.064937|47.694999|47.643157|50.47227|3.864826549630613|3.921424076554913|0.0565975269243002|1|0|0|1.0|0.0|0.0|0.0|0.0|47.694999|0.0582298156668375|0.0|48.410423985|52.286754|-0.0347025558327832|4.0|50.064937
VALE3|1.015|2021-11-09|48.835532|49.805725|48.309702|49.842755|3.9081299372625886|3.908873149837522|0.0007432125749335|0|0|1|1.0|0.0|0.0|0.0|0.0|0.0|0.0|0.0|0.0|49.805725|0.0007434888258326597|1.0|0.0
VALE3|1.015|2021-11-10|48.65038|47.850526|47.694999|49.087338|3.868082110524019|3.893601119669499|0.02551900914548|1|0|1|1.0|0.0|0.0|0.0|0.0|47.850526|0.025847406567693746|0.0|48.56828389|49.805725|-0.014423783611221397|2.0|0.0
VALE3|1.015|2021-11-11|50.368585|50.701858|50.064937|51.294342|3.925962556868455|3.9375804536964094|0.0116178968279538|0|0|1|1.0|0.0|0.0|0.0|0.0|50.701858|0.011685646707463835|1.0|0.0|49.805725|0.02988847165662176|0.0|50.552810875
VALE3|1.015|2021-11-12|50.583361|49.753883|49.62798|51.538742|3.907088510810096|3.9423337966997134|0.0352452858896175|1|1|1|1.0|0.0|0.0|0.0|0.0|50.701858|0.016505982877392734|0.0|51.46238587|49.753883|0.03587376285786573|0.0|50.500191244999996
VALE3|1.015|2021-11-16|49.124368|50.361179|49.020683|50.413022|3.919220620339752|3.920249514720637|0.0010288943808847|0|0|1|1.0|50.361179|0.001029423874290117|1.0|0.0|50.361179|0.001029423874290117|1.0|0.0|50.361179|0.001029423874290117|1.0|0.0
VALE3|1.015|2021-11-17|48.139362|49.613168|48.139362|50.146404|3.904256282367242|3.9149468069516824|0.0106905245844397|0|0|0|0.0|50.361179|-0.004264693644285076|2.0|0.0|50.361179|-0.004264693644285076|2.0|0.0|50.361179|-0.004264693644285076|2.0|0.0
VALE3|1.015|2021-11-18|46.161946|47.554284|45.806455|47.88015|3.8618718795703457|3.8687010135169455|0.0068291339466002|0|1|1|1.0|50.361179|-0.049264712408738476|3.0|0.0|50.361179|-0.049264712408738476|3.0|0.0|50.361179|-0.049264712408738476|3.0|0.0
VALE3|1.015|2021-11-19|47.420975|46.858115|46.517436|47.991241|3.847124206064835|3.871018515089875|0.0238943090250405|1|0|1|1.0|50.361179|-0.047058826799904696|4.0|47.420975|50.361179|-0.047058826799904696|4.0|47.420975|50.361179|-0.047058826799904696|4.0|47.420975
VALE3|1.015|2021-11-22|50.057531|48.546696|48.250453|51.116597|3.882526138868548|3.9341092389958847|0.051583100127337|1|0|1|1.0|0.0|0.0|0.0|0.0|48.546696|0.05293668182897558|0.0|49.27489643999999|48.546696|0.05293668182897558|0.0|49.27489643999999
VALE3|1.015|2021-11-23|51.375809|52.29416|51.257312|53.301383|3.956884701356123|3.975962278302336|0.0190775769462132|1|0|1|1.0|0.0|0.0|0.0|0.0|52.29416|0.01926071668423402|0.0|53.07857239999999|52.29416|0.01926071668423402|0.0|53.07857239999999
VALE3|1.015|2021-11-24|52.568184|51.923857|51.479494|52.568184|3.949778357001842|3.9621110698177167|0.0123327128158745|0|1|1|1.0|0.0|0.0|0.0|0.0|51.923857|0.012409074310485142|1.0|0.0|51.923857|0.012409074310485142|1.0|0.0
VALE3|1.015|2021-11-25|52.212693|52.797772|51.694269|52.797772|3.9664689928522017|3.9664689928522017|0.0|0|0|1|1.0|52.797772|0.0|1.0|0.0|51.923857|0.016830702696065198|0.0|52.702714854999996|51.923857|0.016830702696065198|0.0|52.702714854999996
VALE3|1.015|2021-11-26|50.835167|49.990876|49.990876|51.368403|3.911840508776645|3.939023255812164|0.027182747035519|1|0|0|0.0|52.797772|-0.027072524954272714|2.0|0.0|49.990876|0.027555568340110716|0.0|50.740739139999995|49.990876|0.027555568340110716|0.0|50.740739139999995
VALE3|1.015|2021-11-29|51.472088|52.04976|51.220282|52.286754|3.952200184099339|3.956743069394246|0.0045428852949069|0|0|1|1.0|52.797772|-0.009678779627291847|3.0|0.0|0.0|0.0|0.0|0.0|0.0|0.0|0.0|0.0
VALE3|1.015|2021-11-30|51.80536|51.101785|50.872197|52.931081|3.933819428106417|3.968990708861799|0.0351712807553816|1|0|1|1.0|52.797772|0.0025248982097198533|4.0|51.80536|51.101785|0.03579710571753999|0.0|51.868311774999995|51.101785|0.03579710571753999|0.0|51.868311774999995
VALE3|1.015|2021-12-01|52.01273|52.805178|51.820172|53.286571|3.966609254085664|3.975684348207246|0.0090750941215818|0|0|1|1.0|0.0|0.0|0.0|0.0|52.805178|0.009116397638125644|1.0|0.0|52.805178|0.009116397638125644|1.0|0.0
VALE3|1.015|2021-12-02|54.427104|52.560778|51.923857|54.478946|3.961970176197702|3.9978143151049177|0.035844138907215|1|0|1|1.0|0.0|0.0|0.0|0.0|52.805178|0.03169704304377125|0.0|53.597255669999996|52.805178|0.03169704304377125|0.0|53.597255669999996
VALE3|1.015|2021-12-03|53.227323|54.130862|52.582996|55.056619|3.991404485307992|4.008362092089858|0.0169576067818666|1|0|1|1.0|0.0|0.0|0.0|0.0|54.130862|0.01710220317570404|0.0|54.94282492999999|54.130862|0.01710220317570404|0.0|54.94282492999999
VALE3|1.015|2021-12-06|56.115684|53.967928|53.293977|56.278618|3.9883899441944792|4.030314676152224|0.0419247319577444|1|1|1|1.0|0.0|0.0|0.0|0.0|53.967928|0.042815985079138134|0.0|54.777446919999996|53.967928|0.042815985079138134|0.0|54.777446919999996
VALE3|1.015|2021-12-07|56.530424|57.974604|56.360084|59.107731|4.060005052587866|4.079361728039626|0.0193566754517604|1|0|1|1.0|57.974604|0.019545230528870913|0.0|58.84422305999999|57.974604|0.019545230528870913|0.0|58.84422305999999|57.974604|0.019545230528870913|0.0|58.84422305999999
VALE3|1.015|2021-12-08|56.108278|57.019223|55.530606|57.019223|4.043388456594065|4.043388456594065|0.0|0|0|1|1.0|0.0|0.0|0.0|0.0|57.019223|0.0|1.0|0.0|57.019223|0.0|1.0|0.0
VALE3|1.015|2021-12-09|55.678727|55.463952|55.138085|56.248993|4.015733296213592|4.02978813870206|0.0140548424884681|0|0|1|1.0|0.0|0.0|0.0|0.0|57.019223|-0.013508251418999483|2.0|0.0|57.019223|-0.013508251418999483|2.0|0.0
VALE3|1.015|2021-12-10|56.026812|55.915721|55.426921|56.434145|4.023845574969136|4.033074383120059|0.0092288081509233|0|0|1|1.0|0.0|0.0|0.0|0.0|57.019223|-0.010261065816347512|3.0|0.0|57.019223|-0.010261065816347512|3.0|0.0
VALE3|1.015|2021-12-13|57.66355|57.396932|57.315466|58.307877|4.049990852419695|4.065737195721993|0.0157463433022977|1|1|1|1.0|0.0|0.0|0.0|0.0|57.019223|0.022600343045712866|0.0|57.87451134499999|57.019223|0.022600343045712866|0.0|57.87451134499999
VALE3|1.015|2021-12-14|57.656144|58.15235|57.196969|58.426374|4.06306629087381|4.0677673974783035|0.004701106604493|0|1|1|1.0|58.15235|0.004712174142575567|1.0|0.0|58.15235|0.004712174142575567|1.0|0.0|58.15235|0.004712174142575567|1.0|0.0
VALE3|1.015|2021-12-15|57.330278|57.826483|56.434145|57.900544|4.057446854135377|4.058726780044311|0.0012799259089337|0|0|1|1.0|58.15235|-0.004330108757427722|2.0|0.0|58.15235|-0.004330108757427722|2.0|0.0|58.15235|-0.004330108757427722|2.0|0.0
VALE3|1.015|2021-12-16|59.574313|58.507841|58.107913|59.589125|4.069160779444066|4.087473090979325|0.0183123115352588|1|1|1|1.0|58.15235|0.024707084064530573|0.0|59.024635249999996|58.15235|0.024707084064530573|0.0|59.024635249999996|58.15235|0.024707084064530573|0.0|59.024635249999996
VALE3|1.015|2021-12-17|58.633743|59.174386|58.559683|59.744652|4.080488779342836|4.090079680529544|0.0095909011867076|0|1|1|1.0|59.174386|0.009637041269849487|1.0|0.0|59.174386|0.009637041269849487|1.0|0.0|59.174386|0.009637041269849487|1.0|0.0
VALE3|1.015|2021-12-20|57.974604|57.767235|57.233999|58.43378|4.056421746435521|4.067894147268654|0.0114724008331332|0|1|1|1.0|59.174386|-0.012515651619942447|2.0|0.0|59.174386|-0.012515651619942447|2.0|0.0|59.174386|-0.012515651619942447|2.0|0.0
VALE3|1.015|2021-12-21|59.500252|59.100325|58.618931|59.537282|4.079236423550909|4.086602704562433|0.0073662810115244|0|0|1|1.0|59.174386|0.006132653408520356|3.0|0.0|59.174386|0.006132653408520356|3.0|0.0|59.174386|0.006132653408520356|3.0|0.0
VALE3|1.015|2021-12-22|59.189198|59.166979|58.196786|59.359537|4.080363599106667|4.083612798963477|0.0032491998568104|0|0|1|1.0|59.174386|0.003128904455383867|4.0|59.189198|59.174386|0.003128904455383867|4.0|59.189198|59.174386|0.003128904455383867|4.0|59.189198
VALE3|1.015|2021-12-23|58.618931|59.211416|58.359719|59.292882|4.081114361136972|4.082489265072242|0.0013749039352699|0|0|1|0.0|0.0|0.0|0.0|0.0|59.211416|0.001375849549012625|1.0|0.0|59.211416|0.001375849549012625|1.0|0.0
VALE3|1.015|2021-12-27|58.47081|58.411562|57.959792|58.841113|4.067513849690891|4.07484081125794|0.007326961567049|0|0|0|0.0|0.0|0.0|0.0|0.0|59.211416|-0.006253912252326474|2.0|0.0|59.211416|-0.006253912252326474|2.0|0.0
VALE3|1.015|2021-12-28|56.878508|58.144944|56.708169|58.159756|4.062938927635075|4.063193637893217|0.000254710258142|0|0|0|0.0|0.0|0.0|0.0|0.0|59.211416|-0.017761102014516902|3.0|0.0|59.211416|-0.017761102014516902|3.0|0.0
VALE3|1.015|2021-12-29|57.211781|56.567454|56.545236|57.752423|4.0354338021552305|4.056165305231701|0.0207315030764707|1|0|1|0.0|0.0|0.0|0.0|0.0|59.211416|-0.02464040042548551|4.0|57.211781|59.211416|-0.02464040042548551|4.0|57.211781
VALE3|1.015|2021-12-30|57.737611|57.759829|57.478399|58.493028|4.056293534053872|4.068907567648192|0.0126140335943194|0|0|1|1.0|0.0|0.0|0.0|0.0|57.759829|0.012693926084857332|1.0|0.0|0.0|0.0|0.0|0.0
VALE3|1.015|2022-01-03|57.767235|58.507841|57.767235|59.226228|4.069160779444066|4.081364484317018|0.0122037048729524|0|0|1|0.0|0.0|0.0|0.0|0.0|57.759829|0.025387869482785267|0.0|58.626226435|58.507841|0.01227847392283711|1.0|0.0
VALE3|1.015|2022-01-04|57.085878|58.144944|56.952569|58.559683|4.062938927635075|4.070046456387038|0.0071075287519626|0|0|1|1.0|0.0|0.0|0.0|0.0|58.144944|0.007132847182723184|1.0|0.0|58.507841|0.000886069270612816|2.0|0.0
VALE3|1.015|2022-01-05|57.62652|57.300653|57.122908|58.270847|4.048312019816317|4.065101916831045|0.0167898970147284|1|0|1|1.0|0.0|0.0|0.0|0.0|58.144944|0.0021653301446124184|2.0|0.0|58.507841|-0.004050636563396617|3.0|0.0
VALE3|1.015|2022-01-06|58.789271|58.241222|57.996823|59.507658|4.064593385811166|4.086105010152045|0.0215116243408797|1|1|1|1.0|0.0|0.0|0.0|0.0|58.144944|0.023436500343004832|0.0|59.017118159999995|58.507841|0.017088598432473352|0.0|59.38545861499999
VALE3|1.015|2022-01-07|62.210868|59.544688|59.092919|62.210868|4.0867270894715775|4.130529711170307|0.0438026216987292|1|1|1|1.0|59.544688|0.04477611840035163|0.0|60.43785832|59.544688|0.04477611840035163|0.0|60.43785832|59.544688|0.04477611840035163|0.0|60.43785832
VALE3|1.015|2022-01-10|61.470263|61.092554|60.951839|62.410832|4.11238999295753|4.133738850054016|0.0213488570964859|1|0|1|1.0|61.092554|0.021578374346569295|0.0|62.008942309999995|61.092554|0.021578374346569295|0.0|62.008942309999995|61.092554|0.021578374346569295|0.0|62.008942309999995
VALE3|1.015|2022-01-11|62.64042|61.825753|61.699851|63.062565|4.124319992872332|4.1441273288367855|0.0198073359644537|1|1|1|1.0|0.0|0.0|0.0|0.0|61.825753|0.020004802852947062|0.0|62.75313929499999|61.825753|0.020004802852947062|0.0|62.75313929499999
VALE3|1.015|2022-01-12|63.321777|64.054976|62.899632|64.121631|4.159741714630315|4.160781764099068|0.0010400494687523|0|1|1|1.0|64.054976|0.0010405905077537966|1.0|0.0|64.054976|0.0010405905077537966|1.0|0.0|64.054976|0.0010405905077537966|1.0|0.0
VALE3|1.015|2022-01-13|62.358989|62.832977|61.988687|63.121813|4.140480047116342|4.145066399192293|0.0045863520759512|0|0|0|0.0|64.054976|-0.014568157827426138|2.0|0.0|64.054976|-0.014568157827426138|2.0|0.0|64.054976|-0.014568157827426138|2.0|0.0
VALE3|1.015|2022-01-14|62.721886|62.003499|61.403608|62.899632|4.1271908189365405|4.141540313132841|0.0143494941963009|0|1|1|1.0|64.054976|-0.01803675642622986|3.0|0.0|64.054976|-0.01803675642622986|3.0|0.0|64.054976|-0.01803675642622986|3.0|0.0
VALE3|1.015|2022-01-17|62.39602|62.210868|62.210868|62.655232|4.130529711170307|4.1376471894274065|0.0071174782570997|0|1|1|1.0|64.054976|-0.021852228935344515|4.0|62.39602|64.054976|-0.021852228935344515|4.0|62.39602|64.054976|-0.021852228935344515|4.0|62.39602
VALE3|1.015|2022-01-18|63.921667|62.64042|62.566359|64.343812|4.137410756640913|4.164240767802149|0.0268300111612367|1|1|1|1.0|62.64042|0.02719317654638971|0.0|63.58002629999999|62.64042|0.02719317654638971|0.0|63.58002629999999|62.64042|0.02719317654638971|0.0|63.58002629999999
VALE3|1.015|2022-01-19|65.328818|65.528781|65.084418|65.913896|4.1824894507114365|4.1883492842264625|0.0058598335150259|0|1|1|1.0|65.528781|0.005877035924107897|1.0|0.0|65.528781|0.005877035924107897|1.0|0.0|65.528781|0.005877035924107897|1.0|0.0
VALE3|1.015|2022-01-20|64.217909|65.765775|64.166067|65.891678|4.1860995662350975|4.18801215128836|0.0019125850532626|0|0|1|1.0|65.528781|0.005537978800490792|2.0|0.0|65.528781|0.005537978800490792|2.0|0.0|65.528781|0.005537978800490792|2.0|0.0
VALE3|1.015|2022-01-21|62.884819|64.040164|62.462674|64.232722|4.159510449024673|4.162512769322385|0.0030023202977123|0|1|1|1.0|65.528781|-0.019778469555232527|3.0|0.0|65.528781|-0.019778469555232527|3.0|0.0|65.528781|-0.019778469555232527|3.0|0.0
VALE3|1.015|2022-01-24|62.11459|61.988687|60.788906|62.181244|4.126951900653892|4.130053410863418|0.0031015102095262|0|1|1|1.0|65.528781|-0.05108498813673942|4.0|62.11459|65.528781|-0.05108498813673942|4.0|62.11459|65.528781|-0.05108498813673942|4.0|62.11459
VALE3|1.015|2022-01-25|62.255305|62.255305|61.507293|62.988504|4.131243752597258|4.14295223355025|0.0117084809529925|0|0|1|1.0|62.255305|0.011777293517395811|1.0|0.0|62.255305|0.011777293517395811|1.0|0.0|62.255305|0.011777293517395811|1.0|0.0
VALE3|1.015|2022-01-26|62.43305|63.618019|62.077559|64.106819|4.152896747829284|4.16055073892383|0.0076539910945463|0|0|1|1.0|62.255305|0.029740662261633796|0.0|63.189134575|62.255305|0.029740662261633796|0.0|63.189134575|62.255305|0.029740662261633796|0.0|63.189134575
VALE3|1.015|2022-01-27|62.573765|62.951474|61.670226|63.292153|4.142364175625275|4.147761356220939|0.005397180595664|0|0|1|1.0|0.0|0.0|0.0|0.0|62.951474|0.005411771613163522|1.0|0.0|62.951474|0.005411771613163522|1.0|0.0
VALE3|1.015|2022-01-28|61.959062|63.381025|61.34436|63.951291|4.1491645264261034|4.158121715467683|0.0089571890415793|0|0|0|0.0|0.0|0.0|0.0|0.0|62.951474|0.015882344550025948|0.0|63.89574610999999|62.951474|0.015882344550025948|0.0|63.89574610999999
VALE3|1.015|2022-01-31|59.892773|61.425826|59.892773|61.425826|4.117830365610276|4.117830365610276|0.0|0|1|1|1.0|0.0|0.0|0.0|0.0|0.0|0.0|0.0|0.0|0.0|0.0|0.0|0.0
VALE3|1.015|2022-02-01|63.181062|60.359354|60.263076|63.195874|4.100315931390422|4.146239014211539|0.0459230828211172|1|1|1|1.0|60.359354|0.04699387604446529|0.0|61.26474431|60.359354|0.04699387604446529|0.0|61.26474431|60.359354|0.04699387604446529|0.0|61.26474431
VALE3|1.015|2022-02-02|63.536552|63.321777|62.744104|63.906855|4.148229298421936|4.157426632625029|0.0091973342030931|0|1|1|1.0|63.321777|0.009239759648564551|1.0|0.0|63.321777|0.009239759648564551|1.0|0.0|63.321777|0.009239759648564551|1.0|0.0
VALE3|1.015|2022-02-03|63.506928|63.914261|63.188468|64.269752|4.157542513322054|4.163089100654729|0.0055465873326756|0|0|1|0.0|63.321777|0.01497075800636485|2.0|0.0|63.321777|0.01497075800636485|2.0|0.0|63.321777|0.01497075800636485|2.0|0.0
VALE3|1.015|2022-02-04|65.158479|63.506928|63.358807|65.299194|4.151149002309621|4.178979693174051|0.0278306908644294|1|1|1|1.0|63.321777|0.031228071821168296|0.0|64.27160365499999|63.321777|0.031228071821168296|0.0|64.27160365499999|63.321777|0.031228071821168296|0.0|64.27160365499999
VALE3|1.015|2022-02-07|66.750781|65.284382|65.284382|66.832247|4.178752834628478|4.2021857035823205|0.0234328689538427|1|0|0|0.0|65.284382|0.02370957574508405|0.0|66.26364772999999|65.284382|0.02370957574508405|0.0|66.26364772999999|65.284382|0.02370957574508405|0.0|66.26364772999999
VALE3|1.015|2022-02-08|67.683944|66.987774|66.284199|67.750598|4.20451012512796|4.215833286289122|0.0113231611611617|0|0|0|0.0|0.0|0.0|0.0|0.0|0.0|0.0|0.0|0.0|0.0|0.0|0.0|0.0
VALE3|1.015|2022-02-09|67.698756|66.654502|66.158296|67.987592|4.199522591230251|4.2193252179380885|0.019802626707837|1|0|0|0.0|0.0|0.0|0.0|0.0|0.0|0.0|0.0|0.0|0.0|0.0|0.0|0.0
VALE3|1.015|2022-02-10|69.520645|68.468985|68.157931|69.972415|4.226380869012579|4.248101092954237|0.0217202239416582|1|0|1|1.0|0.0|0.0|0.0|0.0|0.0|0.0|0.0|0.0|0.0|0.0|0.0|0.0
VALE3|1.015|2022-02-11|68.113495|69.142937|67.839471|69.172561|4.236175912619329|4.236604266648795|0.0004283540294665|0|0|1|1.0|0.0|0.0|0.0|0.0|69.142937|0.00042844578615453254|1.0|0.0|69.142937|0.00042844578615453254|1.0|0.0
VALE3|1.015|2022-02-14|67.817253|67.476574|67.261798|68.261616|4.211780485790201|4.223347617385264|0.0115671315950631|0|0|1|1.0|0.0|0.0|0.0|0.0|69.142937|-0.012746363377650559|2.0|0.0|69.142937|-0.012746363377650559|2.0|0.0
VALE3|1.015|2022-02-15|65.802805|65.928708|64.951109|66.610066|4.188573976391407|4.198855707266813|0.0102817308754064|0|0|0|0.0|0.0|0.0|0.0|0.0|69.142937|-0.03663238950928567|3.0|0.0|69.142937|-0.03663238950928567|3.0|0.0
VALE3|1.015|2022-02-16|66.284199|66.239763|65.987957|67.113677|4.193280932172053|4.2063878533114245|0.0131069211393715|0|1|1|1.0|0.0|0.0|0.0|0.0|69.142937|-0.029348767756278673|4.0|66.284199|69.142937|-0.029348767756278673|4.0|66.284199
VALE3|1.015|2022-02-17|63.432868|65.802805|63.225498|65.913896|4.186662466602005|4.1883492842264625|0.0016868176244573|0|0|1|1.0|65.802805|0.0016882411015759526|1.0|0.0|65.802805|0.0016882411015759526|1.0|0.0|65.802805|0.0016882411015759526|1.0|0.0
VALE3|1.015|2022-02-18|63.566177|64.017946|63.269934|64.454903|4.159163450303187|4.165965800968018|0.0068023506648309|0|0|1|1.0|65.802805|-0.02048395961236006|2.0|0.0|65.802805|-0.02048395961236006|2.0|0.0|65.802805|-0.02048395961236006|2.0|0.0
VALE3|1.015|2022-02-21|63.618019|64.136443|63.321777|65.165885|4.161012735914002|4.176936095800461|0.0159233598864592|1|1|1|1.0|65.802805|-0.009679222641040963|3.0|0.0|65.802805|-0.009679222641040963|3.0|0.0|65.802805|-0.009679222641040963|3.0|0.0
VALE3|1.015|2022-02-22|64.721521|64.203097|63.543958|64.728927|4.1620514494078|4.170208195871285|0.0081567464634852|0|1|1|1.0|65.802805|-0.01631963865370188|4.0|64.721521|65.802805|-0.01631963865370188|4.0|64.721521|65.802805|-0.01631963865370188|4.0|64.721521
VALE3|1.015|2022-02-23|64.040164|65.239945|63.358807|65.425097|4.178071934711379|4.18090593102879|0.0028339963174115|0|1|1|1.0|65.239945|0.002838015881221052|1.0|0.0|65.239945|0.002838015881221052|1.0|0.0|65.239945|0.002838015881221052|1.0|0.0
VALE3|1.015|2022-02-24|64.832612|62.670044|62.010905|65.202915|4.137883566326652|4.177504176522166|0.0396206101955138|1|1|1|1.0|65.239945|-0.0005675970450312527|2.0|0.0|65.239945|-0.0005675970450312527|2.0|0.0|65.239945|-0.0005675970450312527|2.0|0.0
VALE3|1.015|2022-02-25|68.343083|64.077194|63.025535|68.439361|4.160088512787604|4.225948112335169|0.065859599547565|1|1|1|1.0|65.239945|0.04904075256347931|0.0|66.218544175|65.239945|0.04904075256347931|0.0|66.218544175|65.239945|0.04904075256347931|0.0|66.218544175
VALE3|1.015|2022-03-02|73.801346|73.297734|71.883177|73.838376|4.294529694362915|4.301878596453278|0.0073489020903627|0|0|1|1.0|73.297734|0.007375971540948198|1.0|0.0|73.297734|0.007375971540948198|1.0|0.0|73.297734|0.007375971540948198|1.0|0.0
VALE3|1.015|2022-03-03|73.838376|74.208679|73.690255|74.993721|4.306881110988138|4.317404390031595|0.0105232790434568|0|0|1|0.0|73.297734|0.02313832785062616|0.0|74.39720000999999|73.297734|0.02313832785062616|0.0|74.39720000999999|73.297734|0.02313832785062616|0.0|74.39720000999999
VALE3|1.015|2022-03-04|75.519551|73.082958|72.668219|75.608423|4.291595206881143|4.325567692323174|0.0339724854420309|1|1|1|1.0|0.0|0.0|0.0|0.0|73.082958|0.034556140981595145|0.0|74.17920237|0.0|0.0|0.0|0.0
VALE3|1.015|2022-03-07|77.815428|77.348846|76.926701|78.43013|4.348325657709334|4.362208164752208|0.013882507042874|0|1|1|1.0|77.348846|0.013979316511070003|1.0|0.0|77.348846|0.013979316511070003|1.0|0.0|77.348846|0.013979316511070003|1.0|0.0
VALE3|1.015|2022-03-08|74.401236|79.237391|73.853188|79.326263|4.372448295998043|4.3735692591830375|0.0011209631849942|0|0|1|1.0|77.348846|0.0255649192232293|0.0|78.50907868999998|77.348846|0.0255649192232293|0.0|78.50907868999998|77.348846|0.0255649192232293|0.0|78.50907868999998
VALE3|1.015|2022-03-09|72.439494|73.67002|71.185896|73.67771|4.299595932175614|4.299700311116599|0.0001043789409846|0|1|1|1.0|0.0|0.0|0.0|0.0|73.67002|0.00010438438865648272|1.0|0.0|73.67002|0.00010438438865648272|1.0|0.0
VALE3|1.015|2022-03-10|74.831328|72.677908|72.354896|74.831328|4.286037459404301|4.315236620827751|0.0291991614234499|1|1|1|1.0|72.677908|0.029629636560259784|0.0|73.76807662|73.67002|0.015763644424149816|0.0|74.77507029999998|73.67002|0.015763644424149816|0.0|74.77507029999998
VALE3|1.015|2022-03-11|74.439098|74.931308|74.416026|75.685005|4.3165718005163995|4.326580056277815|0.0100082557614156|0|1|1|1.0|74.931308|0.010058505851786312|1.0|0.0|74.931308|0.010058505851786312|1.0|0.0|74.931308|0.010058505851786312|1.0|0.0
VALE3|1.015|2022-03-14|70.447581|73.047066|70.178404|73.216263|4.291103973119055|4.29341756842184|0.0023135953027848|0|0|1|1.0|74.931308|-0.02288822984379244|2.0|0.0|74.931308|-0.02288822984379244|2.0|0.0|74.931308|-0.02288822984379244|2.0|0.0
VALE3|1.015|2022-03-15|68.424905|68.440286|67.125162|68.894043|4.225961627858044|4.232569715646146|0.006608087788102|0|0|1|1.0|74.931308|-0.08057066079775366|3.0|0.0|74.931308|-0.08057066079775366|3.0|0.0|74.931308|-0.08057066079775366|3.0|0.0
VALE3|1.015|2022-03-16|70.086114|70.670614|68.686392|72.20108|4.258029842934441|4.279455004235658|0.0214251613012166|1|1|1|1.0|74.931308|-0.036436411866719275|4.0|70.086114|74.931308|-0.036436411866719275|4.0|70.086114|74.931308|-0.036436411866719275|4.0|70.086114
VALE3|1.015|2022-03-17|72.524093|71.447383|71.185896|73.047066|4.268961276693195|4.291103973119055|0.0221426964258606|1|0|1|1.0|71.447383|0.0223896654129375|0.0|72.51909374499999|71.447383|0.0223896654129375|0.0|72.51909374499999|71.447383|0.0223896654129375|0.0|72.51909374499999
VALE3|1.015|2022-03-18|73.900743|73.37777|72.139554|73.900743|4.2956210287133825|4.302722882030813|0.0071018533174305|0|1|1|1.0|0.0|0.0|0.0|0.0|73.37777|0.007127131282403478|1.0|0.0|73.37777|0.007127131282403478|1.0|0.0
VALE3|1.015|2022-03-21|75.992636|74.8544|74.715966|76.469465|4.3155448933730485|4.336891510823997|0.0213466174509484|1|1|1|1.0|74.8544|0.021576086375684013|0.0|75.97721599999998|73.37777|0.042133946016620585|0.0|74.47843655|73.37777|0.042133946016620585|0.0|74.47843655
VALE3|1.015|2022-03-22|74.292973|75.761913|73.977651|76.107998|4.327595699351002|4.332153357899707|0.0045576585487054|0|1|1|1.0|75.761913|0.004568060471228966|1.0|0.0|75.761913|0.004568060471228966|1.0|0.0|75.761913|0.004568060471228966|1.0|0.0
VALE3|1.015|2022-03-23|74.131467|74.985144|74.054559|76.092617|4.317290013915876|4.331951243078393|0.0146612291625167|0|1|1|1.0|75.761913|0.004365042894310195|2.0|0.0|75.761913|0.004365042894310195|2.0|0.0|75.761913|0.004365042894310195|2.0|0.0
VALE3|1.015|2022-03-24|74.531387|73.985342|73.300862|75.062051|4.30386699250244|4.31831511814038|0.0144481256379398|0|0|1|1.0|75.761913|-0.009237649529784314|3.0|0.0|75.761913|-0.009237649529784314|3.0|0.0|75.761913|-0.009237649529784314|3.0|0.0
VALE3|1.015|2022-03-25|73.239336|75.138959|72.524093|75.600406|4.319339185910913|4.325461653541438|0.0061224676305249|0|0|1|1.0|75.761913|-0.002131770352736477|4.0|73.239336|75.761913|-0.002131770352736477|4.0|73.239336|75.761913|-0.002131770352736477|4.0|73.239336
VALE3|1.015|2022-03-28|73.323934|73.600803|71.993429|74.093013|4.2986559360014|4.305321236358343|0.0066653003569427|0|1|1|1.0|0.0|0.0|0.0|0.0|73.600803|0.006687562906073185|1.0|0.0|73.600803|0.006687562906073185|1.0|0.0
VALE3|1.015|2022-03-29|72.69329|73.323934|71.831922|73.570039|4.294887076742153|4.298237864051413|0.0033507873092597|0|0|0|0.0|73.323934|0.0033564074726268782|1.0|0.0|73.600803|-0.0004179845700868902|2.0|0.0|73.600803|-0.0004179845700868902|2.0|0.0
VALE3|1.015|2022-03-30|73.731546|74.077631|73.270099|74.685203|4.305113610884902|4.313281986841176|0.0081683759562736|0|0|1|1.0|73.323934|0.01856513863536028|0.0|74.42379300999998|73.600803|0.014733534904503721|3.0|0.0|73.600803|0.014733534904503721|3.0|0.0
VALE3|1.015|2022-03-31|73.523895|74.154539|73.339316|74.516006|4.306151280466356|4.311013947947079|0.0048626674807232|0|1|1|1.0|0.0|0.0|0.0|0.0|73.600803|0.01243468770306766|4.0|73.523895|73.600803|0.01243468770306766|4.0|73.523895
VALE3|1.015|2022-04-01|74.569841|74.431407|73.885362|74.985144|4.309877989861023|4.317290013915876|0.0074120240548536|0|0|1|1.0|74.431407|0.007439561098180132|1.0|0.0|74.431407|0.007439561098180132|1.0|0.0|74.431407|0.007439561098180132|1.0|0.0
VALE3|1.015|2022-04-04|75.323538|74.423716|74.254519|75.561952|4.309774654485635|4.324952876074106|0.0151782215884717|1|1|1|1.0|74.431407|0.015189085435399766|0.0|75.54787810499998|74.431407|0.015189085435399766|0.0|75.54787810499998|74.431407|0.015189085435399766|0.0|75.54787810499998
VALE3|1.015|2022-04-05|73.147046|74.877473|72.924014|75.200486|4.315853084270823|4.320157693700868|0.0043046094300454|0|1|1|1.0|74.877473|0.00431388756936286|1.0|0.0|74.877473|0.00431388756936286|1.0|0.0|74.877473|0.00431388756936286|1.0|0.0
VALE3|1.015|2022-04-06|74.254519|73.316244|73.316244|74.385262|4.294782194163423|4.309257830818504|0.0144756366550815|0|1|1|1.0|74.877473|-0.006573552502232514|2.0|0.0|74.877473|-0.006573552502232514|2.0|0.0|74.877473|-0.006573552502232514|2.0|0.0
VALE3|1.015|2022-04-07|74.700585|73.446987|73.170119|75.131269|4.2965638806757065|4.31923683696117|0.0226729562854632|1|1|1|1.0|74.877473|0.003389484044153151|3.0|0.0|74.877473|0.003389484044153151|3.0|0.0|74.877473|0.003389484044153151|3.0|0.0
VALE3|1.015|2022-04-08|73.177809|74.323736|72.770198|74.908236|4.3084303623487|4.3162638444246175|0.0078334820759176|0|1|1|1.0|74.877473|0.00041084452729871673|4.0|73.177809|74.877473|0.00041084452729871673|4.0|73.177809|74.877473|0.00041084452729871673|4.0|73.177809
VALE3|1.015|2022-04-11|72.293369|72.147244|71.462765|72.839415|4.278709086292112|4.288257223525673|0.009548137233561|0|1|1|1.0|72.147244|0.00959386612189929|1.0|0.0|72.147244|0.00959386612189929|1.0|0.0|72.147244|0.00959386612189929|1.0|0.0
VALE3|1.015|2022-04-12|71.80885|73.139355|71.70887|73.531585|4.292366593978494|4.297715041803361|0.0053484478248666|0|1|1|1.0|72.147244|0.01918771838325531|0.0|73.22945265999999|72.147244|0.01918771838325531|0.0|73.22945265999999|72.147244|0.01918771838325531|0.0|73.22945265999999
VALE3|1.015|2022-04-13|71.831922|71.901139|71.378166|72.585619|4.27529210604798|4.284766816809797|0.0094747107618173|0|0|1|1.0|71.901139|0.009519737927934542|1.0|0.0|71.901139|0.009519737927934542|1.0|0.0|71.901139|0.009519737927934542|1.0|0.0
VALE3|1.015|2022-04-14|70.82443|71.762705|70.263002|72.293369|4.273364912134859|4.280732409882562|0.0073674977477029|0|1|1|1.0|71.901139|0.005455129160054027|2.0|0.0|71.901139|0.005455129160054027|2.0|0.0|71.901139|0.005455129160054027|2.0|0.0
VALE3|1.015|2022-04-18|69.65543|70.455272|69.224746|70.755212|4.25497806875987|4.259226201654528|0.0042481328946575|0|1|1|1.0|71.901139|-0.015937536121646143|3.0|0.0|71.901139|-0.015937536121646143|3.0|0.0|71.901139|-0.015937536121646143|3.0|0.0
VALE3|1.015|2022-04-19|67.432794|68.978641|66.786768|68.978641|4.233796905951906|4.233796905951906|0.0|0|0|0|0.0|71.901139|-0.04064605986283478|4.0|67.432794|71.901139|-0.04064605986283478|4.0|67.432794|71.901139|-0.04064605986283478|4.0|67.432794
VALE3|1.015|2022-04-20|65.679295|66.60988|64.910217|66.656025|4.198852914892163|4.1995454401385|0.000692525246337|0|0|0|0.0|0.0|0.0|0.0|0.0|0.0|0.0|0.0|0.0|0.0|0.0|0.0|0.0
VALE3|1.015|2022-04-22|61.872357|64.025776|61.587798|64.141138|4.15928575227766|4.16108593654603|0.0018001842683696|0|0|0|0.0|0.0|0.0|0.0|0.0|0.0|0.0|0.0|0.0|0.0|0.0|0.0|0.0
VALE3|1.015|2022-04-25|60.81872|59.94197|59.634339|61.226331|4.093376927547968|4.114577342087436|0.0212004145394679|1|0|1|1.0|0.0|0.0|0.0|0.0|0.0|0.0|0.0|0.0|0.0|0.0|0.0|0.0
VALE3|1.015|2022-04-26|59.988115|60.81872|59.872753|61.003298|4.107897636319106|4.110927928285592|0.0030302919664855|0|0|1|0.0|0.0|0.0|0.0|0.0|60.81872|0.0030348879423967145|1.0|0.0|60.81872|0.0030348879423967145|1.0|0.0
VALE3|1.015|2022-04-27|63.195172|61.880048|61.641633|63.602783|4.125197801399458|4.152657227250365|0.0274594258509068|1|0|1|1.0|0.0|0.0|0.0|0.0|60.81872|0.045776415551001454|0.0|61.73100079999999|60.81872|0.045776415551001454|0.0|61.73100079999999
VALE3|1.015|2022-04-28|64.756401|65.387045|62.164607|65.794657|4.1803241501559825|4.186538634426421|0.0062144842704388|0|0|1|1.0|0.0|0.0|0.0|0.0|65.387045|0.006233834240406495|1.0|0.0|65.387045|0.006233834240406495|1.0|0.0
VALE3|1.015|2022-04-29|64.05654|66.279176|64.05654|67.063636|4.193875760374867|4.205641959669627|0.0117661992947599|0|1|1|1.0|0.0|0.0|0.0|0.0|65.387045|0.025641027209594835|0.0|66.367850675|65.387045|0.025641027209594835|0.0|66.367850675
VALE3|1.015|2022-05-02|63.771981|63.956559|62.018482|63.987323|4.158204087268991|4.1586849856146095|0.0004808983456188|0|0|1|0.0|63.956559|0.0004810139957655461|1.0|0.0|63.956559|0.0004810139957655461|1.0|0.0|63.956559|0.0004810139957655461|1.0|0.0
VALE3|1.015|2022-05-03|63.448968|63.795053|63.210553|64.764092|4.155675648159473|4.1707513139657735|0.0150756658063002|1|0|1|0.0|63.956559|0.012626273405359512|2.0|0.0|63.956559|0.012626273405359512|2.0|0.0|63.956559|0.012626273405359512|2.0|0.0
VALE3|1.015|2022-05-04|62.918304|63.010593|61.41091|63.202863|4.14330285511425|4.14634960075968|0.0030467456454301|0|0|1|1.0|63.956559|-0.011784498912769805|3.0|0.0|63.956559|-0.011784498912769805|3.0|0.0|63.956559|-0.011784498912769805|3.0|0.0
VALE3|1.015|2022-05-05|61.780068|62.718343|60.81872|63.987323|4.138653956688063|4.1586849856146095|0.0200310289265468|1|1|1|1.0|63.956559|0.0004810139957655461|4.0|61.780068|63.956559|0.0004810139957655461|4.0|61.780068|63.956559|0.0004810139957655461|4.0|61.780068
VALE3|1.015|2022-05-06|61.341693|60.911009|60.180385|62.218442|4.1094139301355845|4.130651450975974|0.0212375208403896|1|0|1|1.0|60.911009|0.021464641966446544|0.0|61.824674134999995|60.911009|0.021464641966446544|0.0|61.824674134999995|60.911009|0.021464641966446544|0.0|61.824674134999995
VALE3|1.015|2022-05-09|58.826807|59.626648|58.511484|59.972733|4.088102588239542|4.093890008928404|0.0057874206888621|0|0|1|1.0|0.0|0.0|0.0|0.0|59.626648|0.005804200162316605|1.0|0.0|59.626648|0.005804200162316605|1.0|0.0
VALE3|1.015|2022-05-10|58.096182|58.657609|57.5809|59.172892|4.071717302404909|4.0804635316138596|0.0087462292089508|0|0|1|1.0|0.0|0.0|0.0|0.0|59.626648|-0.007609953187373631|2.0|0.0|59.626648|-0.007609953187373631|2.0|0.0
VALE3|1.015|2022-05-11|60.518779|59.503596|59.311326|61.441673|4.086036747700134|4.1180883182864|0.0320515705862662|1|0|1|1.0|0.0|0.0|0.0|0.0|59.626648|0.030439829520519057|0.0|60.52104772|59.626648|0.030439829520519057|0.0|60.52104772
VALE3|1.015|2022-05-12|59.911207|59.25749|58.349978|59.911207|4.0818921855278365|4.092863582779885|0.0109713972520486|0|0|1|1.0|0.0|0.0|0.0|0.0|59.25749|0.011031803743290517|1.0|0.0|59.25749|0.011031803743290517|1.0|0.0
VALE3|1.015|2022-05-13|59.84199|60.311128|59.834299|61.026371|4.099516630653932|4.111306082229039|0.0117894515751064|0|1|1|1.0|0.0|0.0|0.0|0.0|59.25749|0.02985075810669673|0.0|60.146352349999994|59.25749|0.02985075810669673|0.0|60.146352349999994
VALE3|1.015|2022-05-16|61.633943|60.511088|60.388036|62.018482|4.1028266209716735|4.127432437397269|0.0246058164255957|1|1|1|1.0|60.511088|0.024911037791949763|0.0|61.41875432|60.511088|0.024911037791949763|0.0|61.41875432|60.511088|0.024911037791949763|0.0|61.41875432
VALE3|1.015|2022-05-17|61.372456|62.949067|60.649522|63.002902|4.1423259390937845|4.143180788822706|0.0008548497289213|0|1|1|1.0|62.949067|0.0008552152170897055|1.0|0.0|62.949067|0.0008552152170897055|1.0|0.0|62.949067|0.0008552152170897055|1.0|0.0
VALE3|1.015|2022-05-18|59.818918|60.534161|59.542049|60.949463|4.103207850313098|4.110045045388057|0.0068371950749588|0|1|1|1.0|62.949067|-0.03176542711903892|2.0|0.0|62.949067|-0.03176542711903892|2.0|0.0|62.949067|-0.03176542711903892|2.0|0.0
VALE3|1.015|2022-05-19|61.41091|59.818918|59.580503|61.818521|4.091321965442098|4.124203012121435|0.0328810466793374|1|0|1|1.0|62.949067|-0.017959694303332604|3.0|0.0|62.949067|-0.017959694303332604|3.0|0.0|62.949067|-0.017959694303332604|3.0|0.0
VALE3|1.015|2022-05-20|62.49531|63.072119|61.972337|63.418205|4.144278817701153|4.149750965335324|0.0054721476341708|0|1|1|1.0|62.949067|0.007452660100585779|4.0|62.49531|62.949067|0.007452660100585779|4.0|62.49531|62.949067|0.007452660100585779|4.0|62.49531
VALE3|1.015|2022-05-23|63.771981|63.295152|63.27208|64.333408|4.147808738539419|4.164079060857864|0.0162703223184443|1|1|1|1.0|63.295152|0.01640340479789043|0.0|64.24457928|63.295152|0.01640340479789043|0.0|64.24457928|63.295152|0.01640340479789043|0.0|64.24457928
VALE3|1.015|2022-05-24|64.633348|62.925994|62.29535|64.671802|4.141959337479849|4.169325279613357|0.0273659421335077|1|1|1|1.0|62.925994|0.027743828726805597|0.0|63.86988391|62.925994|0.027743828726805597|0.0|63.86988391|62.925994|0.027743828726805597|0.0|63.86988391
VALE3|1.015|2022-05-25|64.833309|64.602585|64.148829|65.217848|4.168254425467834|4.1777331738033|0.0094787483354652|0|1|1|1.0|64.602585|0.00952381394645429|1.0|0.0|64.602585|0.00952381394645429|1.0|0.0|64.602585|0.00952381394645429|1.0|0.0
VALE3|1.015|2022-05-26|64.794855|64.725638|63.910415|65.102486|4.170157382676699|4.175962735889397|0.0058053532126978|0|1|1|1.0|64.602585|0.007738095929133395|2.0|0.0|64.602585|0.007738095929133395|2.0|0.0|64.602585|0.007738095929133395|2.0|0.0
VALE3|1.015|2022-05-27|65.9254|65.294756|65.14094|66.048453|4.17891172677895|4.1903886090437785|0.0114768822648283|0|0|0|0.0|64.602585|0.022380962000204636|0.0|65.57162377499999|64.602585|0.022380962000204636|0.0|65.57162377499999|64.602585|0.022380962000204636|0.0|65.57162377499999
VALE3|1.015|2022-05-30|66.640643|66.356084|66.148433|67.225143|4.195035452128317|4.208047329337493|0.013011877209176|0|0|1|0.0|0.0|0.0|0.0|0.0|0.0|0.0|0.0|0.0|0.0|0.0|0.0|0.0
VALE3|1.015|2022-05-31|66.302249|67.079018|65.379354|67.240524|4.205871297611122|4.208276101490418|0.0024048038792967|0|1|1|1.0|0.0|0.0|0.0|0.0|67.079018|0.0024076977394032304|1.0|0.0|0.0|0.0|0.0|0.0
VALE3|1.015|2022-06-01|67.863478|66.286867|66.140742|68.27878|4.193991793105943|4.223599030162629|0.0296072370566857|1|1|1|1.0|66.286867|0.03004988906776959|0.0|67.28117000499999|67.079018|0.017885801488626334|0.0|68.08520327|66.286867|0.03004988906776959|0.0|67.28117000499999
VALE3|1.015|2022-06-02|69.140148|69.217056|68.447977|69.432398|4.23724730624234|4.24035358855273|0.00310628231039|0|0|1|1.0|69.217056|0.0031111118045819056|1.0|0.0|69.217056|0.0031111118045819056|1.0|0.0|69.217056|0.0031111118045819056|1.0|0.0
VALE3|1.015|2022-06-03|68.032675|68.832516|67.955767|69.078622|4.23167624957047|4.235245305193008|0.0035690556225373|0|0|0|0.0|69.217056|-0.001999998381901763|2.0|0.0|69.217056|-0.001999998381901763|2.0|0.0|69.217056|-0.001999998381901763|2.0|0.0
VALE3|1.015|2022-06-06|68.101892|68.940187|68.101892|69.055549|4.233239273588667|4.234911238682924|0.0016719650942578|0|1|1|1.0|69.217056|-0.002333341077089443|3.0|0.0|69.217056|-0.002333341077089443|3.0|0.0|69.217056|-0.002333341077089443|3.0|0.0
VALE3|1.015|2022-06-07|69.693884|67.863478|67.763498|69.901535|4.217498010621554|4.247087608941424|0.0295895983198697|1|1|1|1.0|69.217056|0.009888877677779247|4.0|69.693884|69.217056|0.009888877677779247|4.0|69.693884|69.217056|0.009888877677779247|4.0|69.693884
VALE3|1.015|2022-06-08|67.29436|69.047858|66.794459|69.470852|4.234799858374864|4.2409072689163265|0.0061074105414622|0|0|1|0.0|69.047858|0.006126098799473092|1.0|0.0|69.047858|0.006126098799473092|1.0|0.0|69.047858|0.006126098799473092|1.0|0.0
VALE3|1.015|2022-06-09|65.017888|66.90982|64.948671|66.90982|4.203345742610267|4.203345742610267|0.0|0|0|1|1.0|69.047858|-0.030964581117056644|2.0|0.0|69.047858|-0.030964581117056644|2.0|0.0|69.047858|-0.030964581117056644|2.0|0.0
VALE3|1.015|2022-06-10|65.033269|64.118066|63.356678|65.363973|4.160726165090582|4.179971235118037|0.0192450700274555|1|1|1|1.0|69.047858|-0.053352632604475626|3.0|0.0|69.047858|-0.053352632604475626|3.0|0.0|69.047858|-0.053352632604475626|3.0|0.0
VALE3|1.015|2022-06-13|62.972139|63.141336|61.60318|63.733527|4.145375642234467|4.154710750647503|0.0093351084130359|0|0|1|0.0|69.047858|-0.07696590674833102|4.0|62.972139|69.047858|-0.07696590674833102|4.0|62.972139|69.047858|-0.07696590674833102|4.0|62.972139
VALE3|1.015|2022-06-14|62.849087|63.318224|62.210751|63.679691|4.148173186609351|4.15386568913742|0.0056925025280687|0|0|1|0.0|0.0|0.0|0.0|0.0|63.318224|0.005708735608250755|1.0|0.0|0.0|0.0|0.0|0.0
VALE3|1.015|2022-06-15|62.810633|63.141336|62.710652|64.425697|4.145375642234467|4.1655125752614355|0.0201369330269685|1|1|1|1.0|0.0|0.0|0.0|0.0|63.318224|0.017490588491553376|0.0|64.26799736|0.0|0.0|0.0|0.0
VALE3|1.015|2022-06-17|59.534359|61.026371|58.534557|61.026371|4.111306082229039|4.111306082229039|0.0|0|1|1|1.0|61.026371|0.0|1.0|0.0|61.026371|0.0|1.0|0.0|61.026371|0.0|1.0|0.0
VALE3|1.015|2022-06-20|58.065419|58.142327|57.104071|58.588392|4.062893918409595|4.0705365882236|0.0076426698140048|0|0|1|1.0|61.026371|-0.03994959818272659|2.0|0.0|61.026371|-0.03994959818272659|2.0|0.0|61.026371|-0.03994959818272659|2.0|0.0
VALE3|1.015|2022-06-21|58.449958|59.065221|58.265379|59.711247|4.078642274034049|4.089520394614818|0.0108781205807693|0|0|1|1.0|61.026371|-0.02155009348335652|3.0|0.0|61.026371|-0.02155009348335652|3.0|0.0|61.026371|-0.02155009348335652|3.0|0.0
VALE3|1.015|2022-06-22|57.950057|56.911801|56.434973|58.488412|4.041502718573615|4.068828649146208|0.0273259305725925|1|1|1|1.0|61.026371|-0.041587906316762645|4.0|57.950057|61.026371|-0.041587906316762645|4.0|57.950057|61.026371|-0.041587906316762645|4.0|57.950057
VALE3|1.015|2022-06-23|55.835092|58.788353|55.704348|59.457451|4.073943757053205|4.085260947495308|0.0113171904421029|0|0|1|0.0|58.788353|0.011381472108939642|1.0|0.0|58.788353|0.011381472108939642|1.0|0.0|58.788353|0.011381472108939642|1.0|0.0
VALE3|1.015|2022-06-24|57.38863|55.973526|55.835092|57.58859|4.024878828953637|4.0533244578015974|0.0284456288479608|1|1|1|1.0|58.788353|-0.02040817506828261|2.0|0.0|58.788353|-0.02040817506828261|2.0|0.0|58.788353|-0.02040817506828261|2.0|0.0
VALE3|1.015|2022-06-27|60.026569|58.834497|58.496103|60.734121|4.074728366546466|4.106505665338193|0.0317772987917264|1|1|1|1.0|58.788353|0.03309784848029339|0.0|59.67017829499999|58.788353|0.03309784848029339|0.0|59.67017829499999|58.788353|0.03309784848029339|0.0|59.67017829499999
VALE3|1.015|2022-06-28|61.103279|61.526272|60.587996|61.70316|4.119464270585956|4.1223351451590275|0.0028708745730714|0|1|1|1.0|61.526272|0.002874999479896948|1.0|0.0|61.526272|0.002874999479896948|1.0|0.0|61.526272|0.002874999479896948|1.0|0.0
VALE3|1.015|2022-06-29|60.595687|61.226331|60.018878|61.595489|4.114577342087436|4.120588637338508|0.0060112952510715|0|0|1|1.0|61.526272|0.0011249990898197417|2.0|0.0|61.526272|0.0011249990898197417|2.0|0.0|61.526272|0.0011249990898197417|2.0|0.0
VALE3|1.015|2022-06-30|58.880642|59.211346|58.580701|60.026569|4.0811131789318145|4.094787280874401|0.0136741019425867|0|1|1|1.0|61.526272|-0.02437500195038628|3.0|0.0|61.526272|-0.02437500195038628|3.0|0.0|61.526272|-0.02437500195038628|3.0|0.0
VALE3|1.015|2022-07-01|57.757788|58.0808|56.757986|58.85757|4.061835144526362|4.075120457549432|0.0132853130230703|0|0|1|1.0|61.526272|-0.0433749992198454|4.0|57.757788|61.526272|-0.0433749992198454|4.0|57.757788|61.526272|-0.0433749992198454|4.0|57.757788
VALE3|1.015|2022-07-04|57.427084|56.911801|56.588788|57.688571|4.041502718573615|4.055059077637862|0.0135563590642471|0|0|1|1.0|0.0|0.0|0.0|0.0|56.911801|0.013648663130516749|1.0|0.0|56.911801|0.013648663130516749|1.0|0.0
VALE3|1.015|2022-07-05|57.142525|57.173288|55.812019|57.234814|4.046086796303565|4.047162349605396|0.0010755533018311|0|1|1|1.0|0.0|0.0|0.0|0.0|56.911801|0.005675677000627746|2.0|0.0|56.911801|0.005675677000627746|2.0|0.0
VALE3|1.015|2022-07-06|57.68088|57.411702|56.558025|58.026965|4.050248150143165|4.06090781630059|0.0106596661574247|0|0|1|0.0|57.411702|0.010716682811458869|1.0|0.0|56.911801|0.019594600423908568|0.0|57.76547801499999|56.911801|0.019594600423908568|0.0|57.76547801499999
VALE3|1.015|2022-07-07|59.357471|59.418997|59.126747|60.157312|4.084613990053557|4.096962997792302|0.0123490077387442|0|1|1|1.0|57.411702|0.04782317723310135|0.0|58.272877529999995|59.418997|0.012425571572673972|1.0|0.0|0.0|0.0|0.0|0.0
VALE3|1.015|2022-07-08|57.988511|59.088293|57.911603|59.880444|4.079032816803572|4.092349974353597|0.0133171575500252|0|1|1|1.0|59.088293|0.013406225832247294|1.0|0.0|59.418997|0.0077659843366255366|2.0|0.0|59.088293|0.013406225832247294|1.0|0.0
VALE3|1.015|2022-07-11|56.01198|57.027163|55.804328|57.034854|4.043527698183235|4.043662554644903|0.0001348564616678|0|0|1|1.0|59.088293|-0.034752044707062314|2.0|0.0|59.418997|-0.040124255210837616|3.0|0.0|59.088293|-0.034752044707062314|2.0|0.0
VALE3|1.015|2022-07-12|56.181177|55.373645|54.650711|56.273466|4.014103758539957|4.030223127425261|0.0161193688853042|1|0|0|0.0|59.088293|-0.047637642874536944|3.0|0.0|59.418997|-0.052938136939605335|4.0|56.181177|59.088293|-0.047637642874536944|3.0|0.0
VALE3|1.015|2022-07-13|55.988907|56.104269|55.612059|56.634933|4.027211905890162|4.03662598563794|0.0094140797477777|0|0|1|1.0|59.088293|-0.04152023819676096|4.0|55.988907|0.0|0.0|0.0|0.0|59.088293|-0.04152023819676096|4.0|55.988907
VALE3|1.015|2022-07-14|52.258877|54.220027|51.958936|54.473823|3.993050342041624|3.99772027435587|0.0046699323142465|0|0|1|0.0|0.0|0.0|0.0|0.0|54.220027|0.004680853441847257|1.0|0.0|54.220027|0.004680853441847257|1.0|0.0
VALE3|1.015|2022-07-15|52.58189|51.912792|51.259075|52.674179|3.949565233790559|3.9641253734273545|0.0145601396367953|0|0|1|1.0|0.0|0.0|0.0|0.0|54.220027|-0.02851064607548055|2.0|0.0|54.220027|-0.02851064607548055|2.0|0.0
VALE3|1.015|2022-07-18|52.858758|54.135428|52.835686|54.135428|3.991488832892133|3.991488832892133|0.0|0|0|1|0.0|0.0|0.0|0.0|0.0|54.220027|-0.0015602906284057053|3.0|0.0|54.220027|-0.0015602906284057053|3.0|0.0
VALE3|1.015|2022-07-19|52.97412|52.458837|52.28964|53.274061|3.9600288049211594|3.975449552301429|0.0154207473802689|1|0|0|0.0|0.0|0.0|0.0|0.0|54.220027|-0.017446800607458172|4.0|52.97412|54.220027|-0.017446800607458172|4.0|52.97412
VALE3|1.015|2022-07-20|51.828193|52.651107|50.897608|52.666489|3.9636872639999745|3.9639793709354456|0.0002921069354711|0|0|1|1.0|0.0|0.0|0.0|0.0|0.0|0.0|0.0|0.0|0.0|0.0|0.0|0.0
VALE3|1.015|2022-07-21|52.735706|51.766667|51.251384|52.77416|3.9467464479256815|3.966021676980523|0.0192752290548412|1|1|1|1.0|0.0|0.0|0.0|0.0|51.766667|0.019462195624841055|0.0|52.543167004999994|51.766667|0.019462195624841055|0.0|52.543167004999994
VALE3|1.015|2022-07-22|53.227916|53.681672|53.043337|54.412297|3.983071639719335|3.9965901761110616|0.013518536391726|0|0|1|0.0|53.681672|0.013610324954111032|1.0|0.0|53.681672|0.013610324954111032|1.0|0.0|53.681672|0.013610324954111032|1.0|0.0
VALE3|1.015|2022-07-25|54.212336|54.343079|53.866251|54.781454|3.9953172641522783|4.003351706016456|0.008034441864178|0|0|1|1.0|53.681672|0.02048710405294376|0.0|54.48689707999999|53.681672|0.02048710405294376|0.0|54.48689707999999|53.681672|0.02048710405294376|0.0|54.48689707999999
VALE3|1.015|2022-07-26|54.112356|54.850671|53.512475|54.927579|4.004614420010132|4.006015572106878|0.0014011520967462|0|1|1|1.0|0.0|0.0|0.0|0.0|54.850671|0.001402134168969475|1.0|0.0|54.850671|0.001402134168969475|1.0|0.0
VALE3|1.015|2022-07-27|54.235409|53.812415|53.304824|54.312316|3.985504202628049|3.9947510152178007|0.0092468125897515|0|0|1|0.0|53.812415|0.009289696439009497|1.0|0.0|54.850671|-0.009814920951468319|2.0|0.0|54.850671|-0.009814920951468319|2.0|0.0
VALE3|1.015|2022-07-28|54.366152|54.958342|54.073902|55.350572|4.00657548006458|4.013686993337924|0.0071115132733439|0|0|1|1.0|53.812415|0.02858368278026545|0.0|54.619601225|54.850671|0.00911385386698371|3.0|0.0|54.850671|0.00911385386698371|3.0|0.0
VALE3|1.015|2022-07-29|53.643218|53.581692|52.320403|54.081593|3.981207442565226|3.9904938876618257|0.0092864450965985|0|0|1|0.0|0.0|0.0|0.0|0.0|54.850671|-0.014021305227059126|4.0|53.643218|54.850671|-0.014021305227059126|4.0|53.643218
VALE3|1.015|2022-08-01|52.358857|53.020265|52.243495|53.720126|3.970674198962308|3.9837877171474463|0.013113518185138|0|0|0|0.0|0.0|0.0|0.0|0.0|53.020265|0.013199877443087062|1.0|0.0|0.0|0.0|0.0|0.0
VALE3|1.015|2022-08-02|54.027757|52.551127|51.512871|54.196955|3.961786543334667|3.9926247260555914|0.0308381827209238|1|0|0|0.0|0.0|0.0|0.0|0.0|53.020265|0.02219321235003259|0.0|53.815568975|0.0|0.0|0.0|0.0
VALE3|1.015|2022-08-03|51.928173|53.881632|51.928173|53.95085|3.9867896406157386|3.988073446909038|0.0012838062932996|0|0|1|0.0|0.0|0.0|0.0|0.0|0.0|0.0|0.0|0.0|0.0|0.0|0.0|0.0
VALE3|1.015|2022-08-04|51.628233|52.043535|51.389818|52.335785|3.952080579853793|3.957680362716664|0.0055997828628706|0|1|1|1.0|0.0|0.0|0.0|0.0|52.043535|0.005615490953871653|1.0|0.0|0.0|0.0|0.0|0.0
VALE3|1.015|2022-08-05|52.297331|52.212732|51.912792|52.87414|3.9553263731938384|3.9679143724587553|0.0125879992649169|0|0|1|1.0|52.212732|0.01266756162079384|1.0|0.0|52.043535|0.015959811338718603|0.0|52.82418802499999|52.212732|0.01266756162079384|1.0|0.0
VALE3|1.015|2022-08-08|52.743396|52.935666|52.112752|53.17408|3.969077327184035|3.973571059573208|0.0044937323891729|0|0|1|1.0|52.212732|0.018412137484014317|0.0|52.995922979999996|52.935666|0.0045038443457006624|1.0|0.0|52.212732|0.018412137484014317|0.0|52.995922979999996
VALE3|1.015|2022-08-09|53.835488|52.751087|52.412693|53.95854|3.9655843787789338|3.988215973894188|0.0226315951152544|1|1|1|1.0|0.0|0.0|0.0|0.0|52.935666|0.019322964596308313|0.0|53.72970098999999|52.751087|0.02288963258709723|0.0|53.54235330499999
VALE3|1.015|2022-08-10|53.873942|54.396915|53.158699|54.458441|3.996307442695026|3.9974378603209937|0.0011304176259678|0|1|1|1.0|54.396915|0.001131056788790332|1.0|0.0|54.396915|0.001131056788790332|1.0|0.0|54.396915|0.001131056788790332|1.0|0.0
VALE3|1.015|2022-08-11|55.750493|54.45075|54.258481|56.642624|3.9972966233887903|4.036761775995986|0.0394651526071951|1|0|1|1.0|54.396915|0.0412837566248012|0.0|55.21286872499999|54.396915|0.0412837566248012|0.0|55.21286872499999|54.396915|0.0412837566248012|0.0|55.21286872499999
VALE3|1.015|2022-08-12|56.464013|55.638894|55.250603|56.464013|4.018882489071911|4.033603497168082|0.0147210080961714|0|0|1|0.0|0.0|0.0|0.0|0.0|55.638894|0.014829895791961659|1.0|0.0|55.638894|0.014829895791961659|1.0|0.0
VALE3|1.015|2022-08-15|55.250603|55.007921|54.231339|55.452838|4.007477193044666|4.0155328937310255|0.0080557006863593|0|0|1|1.0|0.0|0.0|0.0|0.0|55.638894|-0.003343991704795582|2.0|0.0|55.638894|-0.003343991704795582|2.0|0.0
VALE3|1.015|2022-08-16|56.585354|56.221331|55.905845|56.90893|4.029296240046949|4.041452270821693|0.0121560307747436|0|1|1|1.0|0.0|0.0|0.0|0.0|55.638894|0.022826406290534774|0.0|56.473477409999994|55.638894|0.022826406290534774|0.0|56.473477409999994
VALE3|1.015|2022-08-17|55.193977|55.266782|54.918938|55.655073|4.012172040882536|4.019173232596471|0.0070011917139352|0|0|1|1.0|55.266782|0.007025757352762142|1.0|0.0|55.266782|0.007025757352762142|1.0|0.0|55.266782|0.007025757352762142|1.0|0.0
VALE3|1.015|2022-08-18|54.781418|55.250603|54.773328|55.501374|4.011879254365454|4.016407777202702|0.0045285228372486|0|0|0|0.0|55.266782|0.004244719730560741|2.0|0.0|55.266782|0.004244719730560741|2.0|0.0|55.266782|0.004244719730560741|2.0|0.0
VALE3|1.015|2022-08-19|54.166623|54.198981|53.778332|54.554915|3.9926621075308577|3.999207809045175|0.0065457015143182|0|0|1|1.0|55.266782|-0.01288055816240573|3.0|0.0|55.266782|-0.01288055816240573|3.0|0.0|55.266782|-0.01288055816240573|3.0|0.0
VALE3|1.015|2022-08-22|53.373862|54.037193|53.252521|54.126176|3.989672568737732|3.9913179135692944|0.0016453448315623|0|1|1|1.0|55.266782|-0.020638183710424796|4.0|53.373862|55.266782|-0.020638183710424796|4.0|53.373862|55.266782|-0.020638183710424796|4.0|53.373862
VALE3|1.015|2022-08-23|56.795679|54.021014|53.915852|56.868483|3.98937311901392|4.0407412860904115|0.0513681670764913|1|0|1|1.0|54.021014|0.05271039525470582|0.0|54.83132920999999|54.021014|0.05271039525470582|0.0|54.83132920999999|54.021014|0.05271039525470582|0.0|54.83132920999999
VALE3|1.015|2022-08-24|54.967474|56.447834|54.854222|56.828036|4.033316919620365|4.040029795500163|0.0067128758797982|0|0|1|1.0|0.0|0.0|0.0|0.0|56.447834|0.006735457732532253|1.0|0.0|56.447834|0.006735457732532253|1.0|0.0
VALE3|1.015|2022-08-25|56.035275|55.735967|55.210156|56.164705|4.020625665650709|4.028288534698363|0.0076628690476541|0|1|1|1.0|0.0|0.0|0.0|0.0|56.447834|-0.00501576375809216|2.0|0.0|56.447834|-0.00501576375809216|2.0|0.0
VALE3|1.015|2022-08-26|55.193977|56.342672|55.193977|57.596529|4.031452187663711|4.053462305469447|0.0220101178057356|1|1|1|1.0|56.342672|0.022254127386787698|0.0|57.18781207999999|56.447834|0.020349673647353704|0.0|57.29455151|56.447834|0.020349673647353704|0.0|57.29455151
VALE3|1.015|2022-08-29|54.126176|54.603451|54.07764|54.927027|4.000097085881705|4.006005522459984|0.0059084365782791|0|1|1|1.0|54.603451|0.005925925817399394|1.0|0.0|54.603451|0.005925925817399394|1.0|0.0|54.603451|0.005925925817399394|1.0|0.0
VALE3|1.015|2022-08-30|52.556833|53.341505|52.095737|53.859226|3.9767147335789232|3.986373716689775|0.0096589831108522|0|1|1|1.0|54.603451|-0.01362963304279065|2.0|0.0|54.603451|-0.01362963304279065|2.0|0.0|54.603451|-0.01362963304279065|2.0|0.0
VALE3|1.015|2022-08-31|52.176631|52.920856|52.176631|53.13118|3.968797514474968|3.972763949890605|0.0039664354156365|0|0|1|1.0|54.603451|-0.026962966131939155|3.0|0.0|54.603451|-0.026962966131939155|3.0|0.0|54.603451|-0.026962966131939155|3.0|0.0
VALE3|1.015|2022-09-01|51.683178|51.755982|50.073387|51.755982|3.946540019667882|3.946540019667882|0.0|0|1|1|1.0|54.603451|-0.05214815085588632|4.0|51.683178|54.603451|-0.05214815085588632|4.0|51.683178|54.603451|-0.05214815085588632|4.0|51.683178
VALE3|1.015|2022-09-02|50.898506|52.168542|50.898506|52.435492|3.9544796695477418|3.959583690288023|0.0051040207402817|0|1|1|1.0|52.168542|0.0051170684432775854|1.0|0.0|52.168542|0.0051170684432775854|1.0|0.0|52.168542|0.0051170684432775854|1.0|0.0
VALE3|1.015|2022-09-05|52.759068|52.136184|51.958217|53.778332|3.9538592182550927|3.984870635112432|0.0310114168573392|1|1|1|1.0|52.168542|0.03085748495712218|0.0|52.95107013|52.168542|0.03085748495712218|0.0|52.95107013|52.168542|0.03085748495712218|0.0|52.95107013
VALE3|1.015|2022-09-06|51.505211|52.314151|51.440496|53.026018|3.9572669080862055|3.970782698757735|0.0135157906715295|0|1|1|1.0|52.314151|0.01360754186759139|1.0|0.0|52.314151|0.01360754186759139|1.0|0.0|52.314151|0.01360754186759139|1.0|0.0
VALE3|1.015|2022-09-08|52.18472|51.909681|51.416227|52.338419|3.949505304568859|3.957730690302638|0.008225385733779|0|1|1|1.0|52.314151|0.00046388978003292626|2.0|0.0|52.314151|0.00046388978003292626|2.0|0.0|52.314151|0.00046388978003292626|2.0|0.0
VALE3|1.015|2022-09-09|56.261778|53.834958|53.584187|56.334583|3.985923033105771|4.031308609440868|0.0453855763350965|1|1|1|1.0|52.314151|0.07685171073501698|0.0|53.098863265|52.314151|0.07685171073501698|0.0|53.098863265|52.314151|0.07685171073501698|0.0|53.098863265
VALE3|1.015|2022-09-12|56.747142|56.698606|56.027186|57.111165|4.037749624893558|4.044999631698267|0.0072500068047087|0|0|1|1.0|56.698606|0.0072763517325276335|1.0|0.0|56.698606|0.0072763517325276335|1.0|0.0|56.698606|0.0072763517325276335|1.0|0.0
VALE3|1.015|2022-09-13|55.210156|56.075722|55.080726|57.434741|4.0267029559364005|4.05064936414174|0.0239464082053393|1|0|1|1.0|56.698606|0.012983299801056915|2.0|0.0|56.698606|0.012983299801056915|2.0|0.0|56.698606|0.012983299801056915|2.0|0.0
VALE3|1.015|2022-09-14|54.198981|54.805686|53.770243|55.800682|4.003793947695452|4.021786091534797|0.0179921438393453|1|0|1|1.0|56.698606|-0.01583679147243931|3.0|0.0|56.698606|-0.01583679147243931|3.0|0.0|56.698606|-0.01583679147243931|3.0|0.0
VALE3|1.015|2022-09-15|55.29105|54.846133|54.34459|55.517553|4.004531682868535|4.01669924101976|0.0121675581512246|0|1|1|1.0|56.698606|-0.020830371032402432|4.0|55.29105|56.698606|-0.020830371032402432|4.0|55.29105|56.698606|-0.020830371032402432|4.0|55.29105
VALE3|1.015|2022-09-16|55.210156|54.425484|53.867316|55.69552|3.9968325000530487|4.0198997128187886|0.0230672127657398|1|1|1|1.0|54.425484|0.023335318432813654|0.0|55.241866259999995|54.425484|0.023335318432813654|0.0|55.241866259999995|54.425484|0.023335318432813654|0.0|55.241866259999995
VALE3|1.015|2022-09-19|56.997914|54.546825|54.465931|57.078808|3.999059507102148|4.044432909419315|0.0453734023171672|1|0|1|1.0|54.546825|0.04641852206796645|0.0|55.36502737499999|54.546825|0.04641852206796645|0.0|55.36502737499999|54.546825|0.04641852206796645|0.0|55.36502737499999
VALE3|1.015|2022-09-20|56.180884|56.464013|55.331497|56.706695|4.033603497168082|4.037892281364506|0.004288784196424|0|0|0|0.0|0.0|0.0|0.0|0.0|56.464013|0.004297994193221832|1.0|0.0|56.464013|0.004297994193221832|1.0|0.0
VALE3|1.015|2022-09-21|55.371944|56.180884|55.339586|56.617712|4.028576556689361|4.036321869118052|0.0077453124286908|0|1|1|1.0|0.0|0.0|0.0|0.0|56.464013|0.0027220700731985883|2.0|0.0|56.464013|0.0027220700731985883|2.0|0.0
VALE3|1.015|2022-09-22|56.64198|56.763321|56.043364|57.192059|4.038890360093969|4.046415060076831|0.0075246999828619|0|0|1|1.0|56.763321|0.007553081681038408|1.0|0.0|56.464013|0.012893982579665371|3.0|0.0|56.464013|0.012893982579665371|3.0|0.0
VALE3|1.015|2022-09-23|55.469017|55.582268|54.870401|55.857308|4.017864229527154|4.022800367447421|0.004936137920267|0|0|1|1.0|56.763321|-0.015961240181841977|2.0|0.0|56.464013|-0.010744985483054454|4.0|55.469017|56.464013|-0.010744985483054454|4.0|55.469017
VALE3|1.015|2022-09-26|55.007921|54.765239|54.716703|56.156616|4.003055667867347|4.028144501491809|0.0250888336244621|1|0|1|0.0|56.763321|-0.010688328119491072|3.0|0.0|54.765239|0.025406207028513077|0.0|55.586717584999995|54.765239|0.025406207028513077|0.0|55.586717584999995
VALE3|1.015|2022-09-27|54.765239|55.477106|54.35268|55.655073|4.015970431144496|4.019173232596471|0.0032028014519749|0|1|1|1.0|56.763321|-0.019524016221672377|4.0|54.765239|55.477106|0.003207935900621825|1.0|0.0|0.0|0.0|0.0|0.0
VALE3|1.015|2022-09-28|55.282961|54.773328|54.554915|55.687431|4.00320336014115|4.019754466173021|0.016551106031871|1|1|1|1.0|54.773328|0.016688834390344097|0.0|55.594927919999996|55.477106|0.003791203528172458|2.0|0.0|54.773328|0.016688834390344097|0.0|55.594927919999996
VALE3|1.015|2022-09-29|55.355765|54.951295|54.48211|55.638894|4.006447247450917|4.018882489071911|0.0124352416209934|0|0|1|1.0|54.951295|0.01251288072464896|1.0|0.0|55.477106|0.002916302086846444|3.0|0.0|54.951295|0.01251288072464896|1.0|0.0
VALE3|1.015|2022-09-30|58.276039|55.404302|55.218245|58.971727|4.01465724416797|4.07705812566125|0.0624008814932803|1|1|1|1.0|54.951295|0.07316355328841657|0.0|55.775564425|55.477106|0.06299212868097341|0.0|56.309262589999996|54.951295|0.07316355328841657|0.0|55.775564425
VALE3|1.015|2022-10-03|59.861561|59.246767|57.539903|59.999081|4.081711213125651|4.094329245438133|0.0126180323124822|0|0|1||59.246767|0.012697975570548827|1.0|0.0|59.246767|0.012697975570548827|1.0|0.0|59.246767|0.012697975570548827|1.0|0.0
VALE3|1.015|2022-10-04|61.309564|60.023349|59.910098|61.681676|4.094733636522878|4.121986901389151|0.0272532648662728|1|0|1||59.246767|0.041097753063893|0.0|60.13546850499999|59.246767|0.041097753063893|0.0|60.13546850499999|59.246767|0.041097753063893|0.0|60.13546850499999
VALE3|1.015|2022-10-05|62.256024|61.714034|61.576514|62.98407|4.122511360476775|4.142881837274918|0.0203704767981429|1|0|0||0.0|0.0|0.0|0.0|61.714034|0.020579370974193725|0.0|62.63974450999999|0.0|0.0|0.0|0.0
VALE3|1.015|2022-10-06|61.115418|62.450169|60.605786|62.749477|4.134368942732857|4.139150243315806|0.0047813005829482|0|0|1||0.0|0.0|0.0|0.0|0.0|0.0|0.0|0.0|0.0|0.0|0.0|0.0
VALE3|1.015|2022-10-07|61.083061|60.96172|60.799932|64.262195|4.110246126203446|4.162971511212025|0.0527253850085793|1|1|1||0.0|0.0|0.0|0.0|60.96172|0.05414012268682717|0.0|61.876145799999996|0.0|0.0|0.0|0.0
VALE3|1.015|2022-10-10|59.853472|61.811107|59.440912|62.30456|4.124083073234151|4.13203461733635|0.0079515441021991|0|0|0||61.811107|0.007983241587956066|1.0|0.0|61.811107|0.007983241587956066|1.0|0.0|0.0|0.0|0.0|0.0
VALE3|1.015|2022-10-11|59.449002|59.214409|58.267949|60.00717|4.081164907544407|4.094464055082544|0.0132991475381372|0|0|1||61.811107|-0.029184673880699105|2.0|0.0|61.811107|-0.029184673880699105|2.0|0.0|0.0|0.0|0.0|0.0
VALE3|1.015|2022-10-13|58.38929|58.445916|57.475188|58.890833|4.068101813791737|4.075685441872571|0.0075836280808347|0|0|1||61.811107|-0.04724513346767918|3.0|0.0|61.811107|-0.04724513346767918|3.0|0.0|0.0|0.0|0.0|0.0
VALE3|1.015|2022-10-14|56.488281|58.737135|56.302225|59.34384|4.073072150321523|4.083348324599087|0.0102761742775641|0|0|1||61.811107|-0.03991624029642439|4.0|56.488281|61.811107|-0.03991624029642439|4.0|56.488281|0.0|0.0|0.0|0.0
VALE3|1.015|2022-10-17|57.167791|56.795679|56.027186|57.628887|4.039460248889674|4.054023952404193|0.0145637035145185|0|0|1||0.0|0.0|0.0|0.0|56.795679|0.01467027095494358|1.0|0.0|0.0|0.0|0.0|0.0
VALE3|1.015|2022-10-18|58.211324|58.486363|57.224417|58.915101|4.068793615952082|4.076097441498045|0.0073038255459634|0|1|1||0.0|0.0|0.0|0.0|56.795679|0.037316606427048794|0.0|57.647614184999995|0.0|0.0|0.0|0.0
VALE3|1.015|2022-10-19|57.523725|57.944373|57.094986|58.348843|4.0594834641220645|4.0664395299155816|0.006956065793517|0|1|1||57.944373|0.00698031541388848|1.0|0.0|57.944373|0.00698031541388848|1.0|0.0|0.0|0.0|0.0|0.0
VALE3|1.015|2022-10-20|58.25986|57.418562|56.884662|59.20632|4.050367630840487|4.08102829294862|0.0306606621081328|1|1|1||57.944373|0.02177859444609055|0.0|58.81353859499999|57.944373|0.02177859444609055|0.0|58.81353859499999|0.0|0.0|0.0|0.0
VALE3|1.015|2022-10-21|59.966723|58.081893|57.790675|60.41164|4.061853962960607|4.101181801605362|0.0393278386447546|1|0|1||58.081893|0.04011141647879826|0.0|58.953121395|58.081893|0.04011141647879826|0.0|58.953121395|0.0|0.0|0.0|0.0
VALE3|1.015|2022-10-24|58.187055|59.271035|57.58035|59.821114|4.082120738107209|4.091358675562674|0.0092379374554649|0|0|1||0.0|0.0|0.0|0.0|59.271035|0.009280738897169651|1.0|0.0|0.0|0.0|0.0|0.0
VALE3|1.015|2022-10-25|58.187055|57.928195|57.370026|59.271035|4.059204226328609|4.082120738107209|0.0229165117785994|1|1|1||0.0|0.0|0.0|0.0|59.271035|0.0|2.0|0.0|0.0|0.0|0.0|0.0
VALE3|1.015|2022-10-26|59.481359|57.661244|57.531814|60.54916|4.0545852667260505|4.103455597070503|0.0488703303444522|1|1|1||57.661244|0.050084177857834575|0.0|58.52616266|59.271035|0.02156407425650662|0.0|60.16010052499999|0.0|0.0|0.0|0.0
VALE3|1.015|2022-10-27|57.361937|58.243681|56.164705|58.340754|4.06463560587466|4.066300888593288|0.001665282718628|0|0|1||58.243681|0.0016666700719000682|1.0|0.0|58.243681|0.0016666700719000682|1.0|0.0|0.0|0.0|0.0|0.0
VALE3|1.015|2022-10-28|54.563004|55.485196|53.915852|55.857308|4.016116246432546|4.022800367447421|0.0066841210148753|0|0|1||58.243681|-0.0409722215187601|2.0|0.0|58.243681|-0.0409722215187601|2.0|0.0|0.0|0.0|0.0|0.0
VALE3|1.015|2022-10-31|54.304143|53.390041|53.00175|56.140437|3.97762423044587|4.027856355014591|0.0502321245687209|1|1|1||58.243681|-0.036111110491110675|3.0|0.0|58.243681|-0.036111110491110675|3.0|0.0|0.0|0.0|0.0|0.0
VALE3|1.015|2022-11-01|55.954381|56.180884|55.776414|57.272953|4.028576556689361|4.047828487849283|0.0192519311599213|1|0|1||58.243681|-0.01666666638051261|4.0|55.954381|58.243681|-0.01666666638051261|4.0|55.954381|0.0|0.0|0.0|0.0
VALE3|1.015|2022-11-03|54.320322|54.716703|53.859226|54.959385|4.002169019306076|4.006594457895154|0.0044254385890774|0|0|1||0.0|0.0|0.0|0.0|54.716703|0.004435245303431293|1.0|0.0|0.0|0.0|0.0|0.0
VALE3|1.015|2022-11-04|58.445916|57.556082|57.272953|59.368108|4.0527598115995795|4.083757179828016|0.0309973682284363|1|1|1||0.0|0.0|0.0|0.0|54.716703|0.08500886831576816|0.0|55.537453545|0.0|0.0|0.0|0.0
VALE3|1.015|2022-11-07|58.138519|58.243681|57.790675|59.076889|4.06463560587466|4.0788397988630525|0.0142041929883927|0|1|1||58.243681|0.014305551876091057|1.0|0.0|58.243681|0.014305551876091057|1.0|0.0|0.0|0.0|0.0|0.0
VALE3|1.015|2022-11-08|59.902008|57.960552|57.960552|60.613875|4.059762641216654|4.104523827263877|0.0447611860472232|1|1|1||58.243681|0.04069444031190264|0.0|59.117336214999995|58.243681|0.04069444031190264|0.0|59.117336214999995|0.0|0.0|0.0|0.0
VALE3|1.015|2022-11-09|59.173962|59.942455|58.66433|60.492534|4.093385018674067|4.1025199524630995|0.0091349337890322|0|0|1||59.942455|0.009176784634529844|1.0|0.0|59.942455|0.009176784634529844|1.0|0.0|0.0|0.0|0.0|0.0
VALE3|1.015|2022-11-10|60.306478|57.839211|57.742138|61.050703|4.057666936678631|4.11170471564193|0.0540377789632993|1|1|1||59.942455|0.01848853204294012|0.0|60.841591824999995|59.942455|0.01848853204294012|0.0|60.841591824999995|0.0|0.0|0.0|0.0
VALE3|1.015|2022-11-11|66.575763|63.089232|62.458259|67.133932|4.144550105222558|4.206689609153552|0.0621395039309939|1|1|1||63.089232|0.06411078201110451|0.0|64.03557047999999|63.089232|0.06411078201110451|0.0|64.03557047999999|0.0|0.0|0.0|0.0
VALE3|1.015|2022-11-14|67.392793|66.648568|65.831539|68.306895|4.199433561022561|4.224010713165214|0.0245771521426529|1|0|0||66.648568|0.02488165987302233|0.0|67.64829651999999|66.648568|0.02488165987302233|0.0|67.64829651999999|0.0|0.0|0.0|0.0
VALE3|1.015|2022-11-16|66.689015|67.400882|65.960969|68.573845|4.210658103886052|4.227911193809057|0.0172530899230052|1|0|1||0.0|0.0|0.0|0.0|0.0|0.0|0.0|0.0|0.0|0.0|0.0|0.0
VALE3|1.015|2022-11-17|67.222915|65.418979|65.313817|67.376614|4.180812415140391|4.210297984415332|0.0294855692749411|1|0|1||0.0|0.0|0.0|0.0|65.418979|0.0299245728063107|0.0|66.40026368499998|0.0|0.0|0.0|0.0
VALE3|1.015|2022-11-18|65.386621|68.23409|65.281459|68.347342|4.222944293336768|4.224602674337719|0.0016583810009507|0|0|1||0.0|0.0|0.0|0.0|68.23409|0.0016597568751924852|1.0|0.0|0.0|0.0|0.0|0.0
VALE3|1.015|2022-11-21|64.650486|63.987155|63.323824|64.8689|4.158682360091104|4.172368310090287|0.013685949999183|0|0|0||0.0|0.0|0.0|0.0|68.23409|-0.04931830995327993|2.0|0.0|0.0|0.0|0.0|0.0
VALE3|1.015|2022-11-22|64.828453|64.674754|64.221748|65.896254|4.169370924431306|4.188081596190218|0.0187106717589111|1|0|1||0.0|0.0|0.0|0.0|68.23409|-0.03426199426122626|3.0|0.0|0.0|0.0|0.0|0.0
VALE3|1.015|2022-11-23|65.467515|65.467515|64.666665|65.81536|4.181554065416771|4.186853245740099|0.0052991803233277|0|0|1||0.0|0.0|0.0|0.0|68.23409|-0.03544753069909772|4.0|65.467515|0.0|0.0|0.0|0.0
VALE3|1.015|2022-11-24|65.888164|65.936701|65.208655|66.648568|4.188695206061423|4.199433561022561|0.0107383549611377|0|1|1||0.0|0.0|0.0|0.0|65.936701|0.010796218027347138|1.0|0.0|0.0|0.0|0.0|0.0
VALE3|1.015|2022-11-25|65.443247|66.333081|65.26528|67.044949|4.194688732029047|4.205363275048192|0.010674543019145|0|1|1||66.333081|0.01073171921563534|1.0|0.0|65.936701|0.01680775627521922|0.0|66.92575151499999|0.0|0.0|0.0|0.0
VALE3|1.015|2022-11-28|65.766823|65.200565|64.32691|66.608121|4.177468134539232|4.198826507049576|0.0213583725103436|1|1|1||66.333081|0.004146347431080277|2.0|0.0|65.200565|0.021588095133838175|0.0|66.178573475|0.0|0.0|0.0|0.0
VALE3|1.015|2022-11-29|68.306895|67.02068|66.834624|69.309981|4.205001228482699|4.238588921799138|0.0335876933164396|1|1|1||66.333081|0.04487806016427891|0.0|67.32807721500001|67.02068|0.03415812850600732|0.0|68.0259902|0.0|0.0|0.0|0.0
VALE3|1.015|2022-11-30|69.334249|68.759901|68.565756|70.070384|4.230620740723036|4.249500222601478|0.0188794818784421|1|0|1||68.759901|0.01905882616090452|0.0|69.79129951499999|68.759901|0.01905882616090452|0.0|69.79129951499999|0.0|0.0|0.0|0.0
VALE3|1.015|2022-12-01|69.714451|69.908596|68.541488|70.175546|4.247188617358418|4.250999902766306|0.0038112854078882|0|1|1||0.0|0.0|0.0|0.0|69.908596|0.0038185575919732996|1.0|0.0|0.0|0.0|0.0|0.0
VALE3|1.015|2022-12-02|70.215993|70.183636|68.735633|70.976397|4.25111517844537|4.262347385152295|0.011232206706925|0|1|1||70.183636|0.01129552478586317|1.0|0.0|69.908596|0.015274244672286122|0.0|70.95722493999999|0.0|0.0|0.0|0.0
VALE3|1.015|2022-12-05|70.143189|71.105827|70.118921|71.987572|4.264169288444036|4.2764934930059315|0.0123242045618958|0|0|1||70.183636|0.025703085545468077|0.0|71.23639054|71.105827|0.012400460513594688|1.0|0.0|0.0|0.0|0.0|0.0
VALE3|1.015|2022-12-06|71.162453|70.369692|70.280709|71.939036|4.253762659103738|4.275819038122094|0.0220563790183563|1|1|1||0.0|0.0|0.0|0.0|71.105827|0.01171787229195712|2.0|0.0|0.0|0.0|0.0|0.0
VALE3|1.015|2022-12-07|68.630471|69.496037|67.83771|69.908596|4.24126972936222|4.247188617358418|0.0059188879961977|0|1|1||69.496037|0.005936439224584873|1.0|0.0|71.105827|-0.016837312081329173|3.0|0.0|0.0|0.0|0.0|0.0
VALE3|1.015|2022-12-08|69.471769|69.164371|69.04303|70.580016|4.236485860090386|4.256747044940212|0.0202611848498266|1|0|1||69.496037|0.015597709549970444|0.0|70.538477555|71.105827|-0.007394766676435736|4.0|69.471769|0.0|0.0|0.0|0.0
VALE3|1.015|2022-12-09|71.785337|71.235258|70.80652|72.432489|4.265987892477755|4.282654941830522|0.0166670493527671|1|1|1||0.0|0.0|0.0|0.0|71.235258|0.01680671950398498|0.0|72.30378687|0.0|0.0|0.0|0.0
VALE3|1.015|2022-12-12|69.641646|71.308062|69.067299|71.429403|4.267009392556899|4.26870959129911|0.0017001987422116|0|1|1||71.308062|0.0017016448995625041|1.0|0.0|71.308062|0.0017016448995625041|1.0|0.0|0.0|0.0|0.0|0.0
VALE3|1.015|2022-12-13|69.934511|70.007562|69.504319|70.940996|4.248603264786121|4.261848489280747|0.0132452244946259|0|1|1||71.308062|-0.005147608695353525|2.0|0.0|71.308062|-0.005147608695353525|2.0|0.0|0.0|0.0|0.0|0.0
VALE3|1.015|2022-12-14|70.527038|69.601721|69.398801|70.884178|4.242789294046161|4.261047249254915|0.018257955208754|1|1|1||71.308062|-0.005944404995889539|3.0|0.0|71.308062|-0.005944404995889539|3.0|0.0|0.0|0.0|0.0|0.0
VALE3|1.015|2022-12-15|70.754309|70.932879|70.527038|71.565991|4.261734063703679|4.27061997509148|0.008885911387801|0|1|1||71.308062|0.0036171085395644335|4.0|70.754309|71.308062|0.0036171085395644335|4.0|70.754309|0.0|0.0|0.0|0.0
VALE3|1.015|2022-12-16|69.544903|70.616323|68.595235|70.876062|4.257261321741684|4.26093274606264|0.0036714243209559|0|0|1||70.616323|0.003678172254876686|1.0|0.0|70.616323|0.003678172254876686|1.0|0.0|0.0|0.0|0.0|0.0
VALE3|1.015|2022-12-19|69.293282|68.99296|68.376081|69.471852|4.2340044704064415|4.240921663338937|0.0069171929324953|0|0|1||70.616323|-0.016206890296454488|2.0|0.0|70.616323|-0.016206890296454488|2.0|0.0|0.0|0.0|0.0|0.0
VALE3|1.015|2022-12-20|69.601721|69.293282|69.244581|70.819244|4.23834796065985|4.260130771676201|0.0217828110163509|1|1|1||70.616323|0.002873570746525608|3.0|0.0|70.616323|0.002873570746525608|3.0|0.0|0.0|0.0|0.0|0.0
VALE3|1.015|2022-12-21|69.999445|70.535155|69.642305|70.940996|4.256111238014658|4.261848489280747|0.0057372512660887|0|1|1||70.616323|0.004597704697821837|4.0|69.999445|70.616323|0.004597704697821837|4.0|69.999445|0.0|0.0|0.0|0.0
VALE3|1.015|2022-12-22|69.601721|70.031912|68.741338|70.332235|4.248951023879324|4.25323022857228|0.0042792046929553|0|0|1||70.031912|0.004288373563183476|1.0|0.0|70.031912|0.004288373563183476|1.0|0.0|0.0|0.0|0.0|0.0
VALE3|1.015|2022-12-23|70.06438|69.220231|69.057894|70.226716|4.237293175387414|4.251728808434017|0.0144356330466024|0|1|1||70.031912|0.002781646172961701|2.0|0.0|70.031912|0.002781646172961701|2.0|0.0|0.0|0.0|0.0|0.0
VALE3|1.02|2020-06-04|33.635192|32.462855|32.341996|33.659364|3.480096512624105|3.5162912937534907|0.0361947811293856|1|1|1|1.0|0.0|0.0|0.0|0.0|0.0|0.0|0.0|0.0|0.0|0.0|0.0|0.0
VALE3|1.02|2020-06-05|33.00068|34.076329|32.837519|34.263661|3.5286029790230575|3.5340853464980744|0.0054823674750168|0|0|0|0.0|34.076329|0.005497423152593633|1.0|0.0|34.076329|0.005497423152593633|1.0|0.0|34.076329|0.005497423152593633|1.0|0.0
VALE3|1.02|2020-06-08|33.10341|33.22427|32.619972|33.629149|3.5032806329508612|3.5153932206446146|0.0121125876937533|0|0|1|1.0|34.076329|-0.013122892433630483|2.0|0.0|34.076329|-0.013122892433630483|2.0|0.0|34.076329|-0.013122892433630483|2.0|0.0
VALE3|1.02|2020-06-09|33.230313|32.728746|32.704574|33.230313|3.488253774305232|3.503462501521661|0.0152087272164287|0|0|0|0.0|34.076329|-0.02482708744829875|3.0|0.0|34.076329|-0.02482708744829875|3.0|0.0|34.076329|-0.02482708744829875|3.0|0.0
VALE3|1.02|2020-06-10|32.752918|33.181969|32.487027|33.357215|3.5020066259792713|3.5072740907921993|0.005267464812928|0|0|0|0.0|34.076329|-0.02110303606940773|4.0|32.752918|34.076329|-0.02110303606940773|4.0|32.752918|34.076329|-0.02110303606940773|4.0|32.752918
VALE3|1.02|2020-06-12|32.26948|32.456812|31.411378|32.662273|3.4799103440777555|3.486220680956526|0.0063103368787706|0|0|1|0.0|0.0|0.0|0.0|0.0|0.0|0.0|0.0|0.0|0.0|0.0|0.0|0.0
VALE3|1.02|2020-06-15|32.559543|31.725612|31.502022|32.891906|3.4571243041945285|3.4932266092667934|0.0361023050722648|1|0|1|0.0|0.0|0.0|0.0|0.0|31.725612|0.036761907067387606|0.0|32.360124240000005|0.0|0.0|0.0|0.0
VALE3|1.02|2020-06-16|33.472032|33.532461|32.765004|33.538504|3.5125139547426603|3.512694151941742|0.0001801971990817|0|0|1|1.0|0.0|0.0|0.0|0.0|33.532461|0.00018021343557233542|1.0|0.0|0.0|0.0|0.0|0.0
VALE3|1.02|2020-06-17|33.961512|33.532461|33.327|34.106544|3.5125139547426603|3.5294892720361974|0.0169753172935371|0|0|1|1.0|0.0|0.0|0.0|0.0|33.532461|0.017120216735658077|2.0|0.0|33.532461|0.017120216735658077|1.0|0.0
VALE3|1.02|2020-06-18|33.943384|34.021942|33.604977|34.166974|3.5270056694066776|3.5312595049918487|0.0042538355851711|0|1|1|1.0|0.0|0.0|0.0|0.0|33.532461|0.018922351091379946|3.0|0.0|33.532461|0.018922351091379946|2.0|0.0
VALE3|1.02|2020-06-19|33.339086|34.040071|33.061109|34.203231|3.5275383894844317|3.5323201132904125|0.0047817238059808|0|0|0|0.0|34.040071|0.0047931744913224435|1.0|0.0|33.532461|0.020003601882963632|0.0|34.20311022|33.532461|0.020003601882963632|0.0|34.20311022
VALE3|1.02|2020-06-22|33.236356|33.236356|32.891906|33.44786|3.503644337022298|3.5099878084439733|0.0063434714216752|0|1|1|1.0|34.040071|-0.017397466650407367|2.0|0.0|0.0|0.0|0.0|0.0|0.0|0.0|0.0|0.0
VALE3|1.02|2020-06-23|33.592891|33.556633|33.459946|34.17906|3.513234548794682|3.531613175846429|0.0183786270517472|0|0|1|1.0|34.040071|0.004083099591654855|3.0|0.0|33.556633|0.018548553426084254|1.0|0.0|33.556633|0.018548553426084254|1.0|0.0
VALE3|1.02|2020-06-24|33.472032|33.991727|33.127582|33.99777|3.5261171714787767|3.526294934229865|0.0001777627510883|0|1|1|1.0|34.040071|-0.0012426824844165225|4.0|33.472032|33.556633|0.013146044777496145|2.0|0.0|33.556633|0.013146044777496145|2.0|0.0
VALE3|1.02|2020-06-25|33.840653|33.538504|33.157797|33.931298|3.512694151941742|3.524337833295785|0.0116436813540428|0|0|1|0.0|33.538504|0.01171173287872336|1.0|0.0|33.556633|0.011165154740047974|3.0|0.0|33.556633|0.011165154740047974|3.0|0.0
VALE3|1.02|2020-06-26|33.61102|33.780223|33.363258|34.414736|3.5198755128972365|3.538484844747245|0.0186093318500084|0|0|1|1.0|33.538504|0.02612615040909381|0.0|34.20927408000001|33.556633|0.02557178486888121|0.0|34.227765659999996|33.556633|0.02557178486888121|0.0|34.227765659999996
VALE3|1.02|2020-06-29|33.617063|33.502246|33.139668|33.786266|3.5116124813597396|3.5200543885530697|0.0084419071933301|0|0|1|0.0|0.0|0.0|0.0|0.0|33.502246|0.008477640573709542|1.0|0.0|33.502246|0.008477640573709542|1.0|0.0
VALE3|1.02|2020-06-30|33.792309|33.502246|33.242399|34.166974|3.5116124813597396|3.5312595049918487|0.0196470236321091|0|0|0|0.0|0.0|0.0|0.0|0.0|33.502246|0.019841296610382593|2.0|0.0|33.502246|0.019841296610382593|2.0|0.0
VALE3|1.02|2020-07-01|32.958379|33.888997|32.662273|33.888997|3.5230903894300383|3.5230903894300383|0.0|0|0|0|0.0|0.0|0.0|0.0|0.0|33.502246|0.011544032003108206|3.0|0.0|33.502246|0.011544032003108206|3.0|0.0
VALE3|1.02|2020-07-02|33.532461|33.145711|33.085281|33.683536|3.500913326662557|3.517009171986774|0.0160958453242168|0|0|0|0.0|0.0|0.0|0.0|0.0|33.502246|0.0054112789930560795|4.0|33.532461|33.502246|0.0054112789930560795|4.0|33.532461
VALE3|1.02|2020-07-03|33.393473|33.357215|33.194055|33.659364|3.5072740907921993|3.5162912937534907|0.0090172029612913|0|0|0|0.0|0.0|0.0|0.0|0.0|0.0|0.0|0.0|0.0|0.0|0.0|0.0|0.0
VALE3|1.02|2020-07-06|34.185103|33.89504|33.592891|34.287833|3.523268690997294|3.5347905682107275|0.0115218772134335|0|0|1|0.0|0.0|0.0|0.0|0.0|0.0|0.0|0.0|0.0|0.0|0.0|0.0|0.0
VALE3|1.02|2020-07-07|34.064243|34.287833|33.901083|34.432864|3.5347905682107275|3.5390114571613|0.0042208889505723|0|0|0|0.0|0.0|0.0|0.0|0.0|34.287833|0.004229809448733696|1.0|0.0|0.0|0.0|0.0|0.0
VALE3|1.02|2020-07-08|34.638326|34.384521|33.713751|34.880045|3.5376064921818218|3.551914889177562|0.0143083969957396|0|0|0|0.0|0.0|0.0|0.0|0.0|34.287833|0.0172717826757965|2.0|0.0|0.0|0.0|0.0|0.0
VALE3|1.02|2020-07-09|34.094458|34.759185|33.876911|34.855873|3.5484438536320995|3.5512216452464194|0.0027777916143199|0|0|0|0.0|0.0|0.0|0.0|0.0|34.287833|0.016566809573530163|3.0|0.0|0.0|0.0|0.0|0.0
VALE3|1.02|2020-07-10|34.426821|34.154888|33.937341|34.62624|3.5309057090099394|3.5446117761406266|0.0137060671306872|0|1|1|1.0|0.0|0.0|0.0|0.0|34.287833|0.00986959426686439|4.0|34.426821|0.0|0.0|0.0|0.0
VALE3|1.02|2020-07-13|34.837744|34.886087|34.837744|35.786491|3.552088096429903|3.577570475824883|0.0254823793949801|1|1|1|1.0|34.886087|0.025809830721341565|0.0|35.58380874|34.886087|0.025809830721341565|0.0|35.58380874|34.886087|0.025809830721341565|0.0|35.58380874
VALE3|1.02|2020-07-14|37.285148|35.000904|34.988818|37.448308|3.5553738897272904|3.62296152870225|0.0675876389749596|1|0|1|1.0|35.000904|0.06992402253381795|0.0|35.70092208|35.000904|0.06992402253381795|0.0|35.70092208|35.000904|0.06992402253381795|0.0|35.70092208
VALE3|1.02|2020-07-15|37.339535|37.647726|36.493518|38.028434|3.6282725540154703|3.638334143074976|0.010061589059505|0|0|1|0.0|0.0|0.0|0.0|0.0|37.647726|0.01011237703971811|1.0|0.0|37.647726|0.01011237703971811|1.0|0.0
VALE3|1.02|2020-07-16|36.330358|37.043429|36.167198|37.279105|3.6120909810870754|3.618432982018476|0.0063420009314003|0|0|0|0.0|0.0|0.0|0.0|0.0|37.647726|-0.009791321791919052|2.0|0.0|37.647726|-0.009791321791919052|2.0|0.0
VALE3|1.02|2020-07-17|36.886312|36.559991|36.451218|37.013214|3.5989545004152403|3.6112749840217866|0.0123204836065462|0|0|0|0.0|0.0|0.0|0.0|0.0|37.647726|-0.01685392631682458|3.0|0.0|37.647726|-0.01685392631682458|3.0|0.0
VALE3|1.02|2020-07-20|36.74128|36.934656|36.469347|37.158246|3.6091502972781977|3.61518571153991|0.0060354142617122|0|0|0|0.0|0.0|0.0|0.0|0.0|37.647726|-0.013001582087587452|4.0|36.74128|37.647726|-0.013001582087587452|4.0|36.74128
VALE3|1.02|2020-07-21|36.076553|36.523733|35.816705|36.547905|3.597962268465628|3.5986238658115557|0.0006615973459278|0|0|0|0.0|0.0|0.0|0.0|0.0|0.0|0.0|0.0|0.0|0.0|0.0|0.0|0.0
VALE3|1.02|2020-07-22|35.798577|36.215542|35.532686|36.408917|3.5894883637095343|3.5948137171692975|0.0053253534597632|0|0|0|0.0|0.0|0.0|0.0|0.0|0.0|0.0|0.0|0.0|0.0|0.0|0.0|0.0
VALE3|1.02|2020-07-23|35.562901|36.197413|35.435998|36.35453|3.588987652189648|3.593318817948035|0.0043311657583871|0|0|1|1.0|0.0|0.0|0.0|0.0|0.0|0.0|0.0|0.0|0.0|0.0|0.0|0.0
VALE3|1.02|2020-07-24|35.411826|35.393697|34.940474|35.562901|3.5665337534393373|3.571302987745648|0.0047692343063108|0|0|1|1.0|0.0|0.0|0.0|0.0|35.393697|0.004780625205668497|1.0|0.0|35.393697|0.004780625205668497|1.0|0.0
VALE3|1.02|2020-07-27|37.08573|35.713975|35.641459|37.242847|3.575542068769088|3.617459899540416|0.0419178307713279|1|0|1|1.0|0.0|0.0|0.0|0.0|35.393697|0.0522451780044338|0.0|36.10157094|35.393697|0.0522451780044338|0.0|36.10157094
VALE3|1.02|2020-07-28|36.463304|36.680851|36.378702|36.958827|3.6022548477734406|3.609804509256867|0.0075496614834262|0|0|1|0.0|0.0|0.0|0.0|0.0|36.680851|0.007578232031748731|1.0|0.0|36.680851|0.007578232031748731|1.0|0.0
VALE3|1.02|2020-07-29|38.04052|36.989042|36.771495|38.04052|3.610621706617388|3.638651907404999|0.0280302007876112|1|1|1|1.0|0.0|0.0|0.0|0.0|36.680851|0.03706754240789026|0.0|37.41446802|36.680851|0.03706754240789026|0.0|37.41446802
VALE3|1.02|2020-07-30|37.0253|37.647726|36.650636|37.690027|3.6282725540154703|3.6293955236491775|0.0011229696337067|0|0|1|1.0|37.647726|0.001123600400194209|1.0|0.0|37.647726|0.001123600400194209|1.0|0.0|37.647726|0.001123600400194209|1.0|0.0
VALE3|1.02|2020-07-31|36.686894|36.92257|36.559991|37.59334|3.6088230171794873|3.6268269070473176|0.0180038898678303|0|1|1|1.0|37.647726|-0.001444602523934671|2.0|0.0|37.647726|-0.001444602523934671|2.0|0.0|37.647726|-0.001444602523934671|2.0|0.0
VALE3|1.02|2020-08-03|36.41496|37.381836|36.41496|37.871317|3.621184917996167|3.634194018177235|0.0130091001810681|0|0|1|1.0|37.647726|0.005939030686740522|3.0|0.0|37.647726|0.005939030686740522|3.0|0.0|37.647726|0.005939030686740522|3.0|0.0
VALE3|1.02|2020-08-04|36.680851|36.41496|35.871092|36.765452|3.5949796792208337|3.604558599874257|0.0095789206534231|0|1|1|1.0|37.647726|-0.023434987813075226|4.0|36.680851|37.647726|-0.023434987813075226|4.0|36.680851|37.647726|-0.023434987813075226|4.0|36.680851
VALE3|1.02|2020-08-05|37.581254|37.406008|37.375793|38.010305|3.6218313332302183|3.6378573071731206|0.0160259739429022|0|0|1|1.0|37.406008|0.01615507861731737|1.0|0.0|37.406008|0.01615507861731737|1.0|0.0|37.406008|0.01615507861731737|1.0|0.0
VALE3|1.02|2020-08-06|37.363707|37.841102|37.031343|37.998219|3.6333958663811865|3.6375392902069743|0.0041434238257878|0|0|0|0.0|37.406008|0.015831975440950528|2.0|0.0|37.406008|0.015831975440950528|2.0|0.0|37.406008|0.015831975440950528|2.0|0.0
VALE3|1.02|2020-08-07|36.529776|37.097816|36.124897|37.097816|3.613558099956077|3.613558099956077|0.0|0|0|0|0.0|37.406008|-0.008239104263678665|3.0|0.0|37.406008|-0.008239104263678665|3.0|0.0|37.406008|-0.008239104263678665|3.0|0.0
VALE3|1.02|2020-08-10|37.587297|36.680851|36.505604|37.587297|3.6022548477734406|3.626666147568437|0.0244112997949965|1|0|1|1.0|37.406008|0.004846520911827843|4.0|37.587297|37.406008|0.004846520911827843|4.0|37.587297|37.406008|0.004846520911827843|4.0|37.587297
VALE3|1.02|2020-08-11|36.427046|37.943832|36.35453|37.961961|3.636106960987996|3.636584632049142|0.0004776710611458|0|0|1|1.0|0.0|0.0|0.0|0.0|37.943832|0.000477785164134235|1.0|0.0|37.943832|0.000477785164134235|1.0|0.0
VALE3|1.02|2020-08-12|37.164289|36.789624|36.608335|37.641684|3.605215848895933|3.6281120533550735|0.0228962044591405|1|1|1|1.0|0.0|0.0|0.0|0.0|37.943832|-0.007963033359414055|2.0|0.0|37.943832|-0.007963033359414055|2.0|0.0
VALE3|1.02|2020-08-13|36.469347|37.103859|36.324315|37.563125|3.613720980376589|3.626022851092109|0.01230187071552|0|0|1|1.0|37.103859|0.01237784996972955|1.0|0.0|37.943832|-0.010033435737328823|3.0|0.0|37.943832|-0.010033435737328823|3.0|0.0
VALE3|1.02|2020-08-14|37.073644|36.469347|36.439132|37.121988|3.596472099532788|3.6142094625184096|0.0177373629856214|0|1|1|1.0|37.103859|0.0004886014686505206|2.0|0.0|37.943832|-0.021659488688438183|4.0|37.073644|37.943832|-0.021659488688438183|4.0|37.073644
VALE3|1.02|2020-08-17|37.605426|37.333492|36.952784|37.829016|3.6198908326179535|3.633076427204343|0.0131855945863899|0|1|1|1.0|37.103859|0.019543977891895367|3.0|0.0|37.333492|0.013272907875855899|1.0|0.0|37.333492|0.013272907875855899|1.0|0.0
VALE3|1.02|2020-08-18|38.106992|38.252024|37.98009|38.493743|3.6441964739052737|3.650495708605497|0.0062992347002235|0|0|0|0.0|37.103859|0.037459284221622396|0.0|37.84593618|37.333492|0.031078019704130606|0.0|38.08016184|37.333492|0.031078019704130606|0.0|38.08016184
VALE3|1.02|2020-08-19|37.702113|38.318497|37.665855|38.602516|3.645932729995239|3.653317455693723|0.0073847256984844|0|0|0|0.0|0.0|0.0|0.0|0.0|0.0|0.0|0.0|0.0|0.0|0.0|0.0|0.0
VALE3|1.02|2020-08-20|38.04052|37.357664|37.267019|38.372883|3.6205380846391666|3.647351038261876|0.0268129536227097|1|1|1|1.0|0.0|0.0|0.0|0.0|0.0|0.0|0.0|0.0|0.0|0.0|0.0|0.0
VALE3|1.02|2020-08-21|37.587297|37.714199|37.170332|37.943832|3.6300366548459353|3.636106960987996|0.0060703061420608|0|0|1|1.0|37.714199|0.0060887677874319895|1.0|0.0|37.714199|0.0060887677874319895|1.0|0.0|37.714199|0.0060887677874319895|1.0|0.0
VALE3|1.02|2020-08-24|38.046563|38.034477|37.611469|38.149293|3.6384930378617586|3.641507225448653|0.0030141875868938|0|0|1|1.0|37.714199|0.011536609858796136|2.0|0.0|37.714199|0.011536609858796136|2.0|0.0|37.714199|0.011536609858796136|2.0|0.0
VALE3|1.02|2020-08-25|37.236804|37.949875|36.892355|37.974047|3.6362662100285728|3.6369029527094026|0.0006367426808298|0|0|0|0.0|37.714199|0.006889924932516745|3.0|0.0|37.714199|0.006889924932516745|3.0|0.0|37.714199|0.006889924932516745|3.0|0.0
VALE3|1.02|2020-08-26|37.315363|37.260976|37.007171|37.677941|3.6179465591406297|3.629074803841431|0.0111282447008012|0|1|1|1.0|37.714199|-0.0009613885741018569|4.0|37.315363|37.714199|-0.0009613885741018569|4.0|37.315363|37.714199|-0.0009613885741018569|4.0|37.315363
VALE3|1.02|2020-08-27|36.735237|37.279105|36.457261|37.575211|3.618432982018476|3.626344551059067|0.007911569040591|0|1|1|1.0|37.279105|0.007942948201143824|1.0|0.0|37.279105|0.007942948201143824|1.0|0.0|37.279105|0.007942948201143824|1.0|0.0
VALE3|1.02|2020-08-28|36.92257|36.970913|36.63855|37.285148|3.6101314683428223|3.6185950704125815|0.0084636020697592|0|0|1|1.0|37.279105|0.00016210153113917954|2.0|0.0|37.279105|0.00016210153113917954|2.0|0.0|37.279105|0.00016210153113917954|2.0|0.0
VALE3|1.02|2020-08-31|36.064467|36.92257|36.064467|36.952784|3.6088230171794873|3.6096409896168073|0.00081797243732|0|0|1|1.0|37.279105|-0.008753455856839914|3.0|0.0|37.279105|-0.008753455856839914|3.0|0.0|37.279105|-0.008753455856839914|3.0|0.0
VALE3|1.02|2020-09-01|37.321406|36.433089|36.378702|37.339535|3.5954774001789955|3.6200526849026664|0.0245752847236708|1|1|1|1.0|37.279105|0.0016210153113921768|4.0|37.321406|37.279105|0.0016210153113921768|4.0|37.321406|37.279105|0.0016210153113921768|4.0|37.321406
VALE3|1.02|2020-09-02|37.055515|37.406008|36.451218|37.671898|3.6218313332302183|3.628914405356361|0.0070830721261421|0|1|1|1.0|37.406008|0.007108216412721691|1.0|0.0|37.406008|0.007108216412721691|1.0|0.0|37.406008|0.007108216412721691|1.0|0.0
VALE3|1.02|2020-09-03|35.84692|36.257843|35.562901|36.590206|3.5906557165192226|3.5997806089688065|0.0091248924495839|0|0|1|1.0|37.406008|-0.021809384203735346|2.0|0.0|37.406008|-0.021809384203735346|2.0|0.0|37.406008|-0.021809384203735346|2.0|0.0
VALE3|1.02|2020-09-04|36.553948|36.082596|35.472256|36.559991|3.58581064382557|3.5989545004152403|0.0131438565896702|0|1|1|1.0|37.406008|-0.02261714214465236|3.0|0.0|37.406008|-0.02261714214465236|3.0|0.0|37.406008|-0.02261714214465236|3.0|0.0
VALE3|1.02|2020-09-08|35.816705|36.010081|35.599158|36.112811|3.5837989270334276|3.586647677731733|0.0028487506983054|0|0|0|0.0|37.406008|-0.034571906202875195|4.0|35.816705|37.406008|-0.034571906202875195|4.0|35.816705|37.406008|-0.034571906202875195|4.0|35.816705
VALE3|1.02|2020-09-09|36.257843|36.197413|35.877135|36.457261|3.588987652189648|3.596140643005682|0.0071529908160341|0|1|1|1.0|0.0|0.0|0.0|0.0|0.0|0.0|0.0|0.0|0.0|0.0|0.0|0.0
VALE3|1.02|2020-09-10|35.369525|36.257843|35.242623|36.378702|3.5906557165192226|3.5939834935089925|0.0033277769897699|0|1|1|1.0|36.257843|0.003333320186752307|1.0|0.0|36.257843|0.003333320186752307|1.0|0.0|36.257843|0.003333320186752307|1.0|0.0
VALE3|1.02|2020-09-11|37.436222|36.288057|36.161155|37.647726|3.591488678871249|3.6282725540154703|0.0367838751442217|1|0|1|0.0|36.257843|0.03833330625873132|0.0|36.98299986|36.257843|0.03833330625873132|0.0|36.98299986|36.257843|0.03833330625873132|0.0|36.98299986
VALE3|1.02|2020-09-14|37.412051|37.949875|37.091773|38.282239|3.6362662100285728|3.644986054947421|0.0087198449188483|0|0|0|0.0|0.0|0.0|0.0|0.0|37.949875|0.008757973511111653|1.0|0.0|0.0|0.0|0.0|0.0
VALE3|1.02|2020-09-15|37.829016|37.895488|37.557082|38.463528|3.6348320548694257|3.649710467622808|0.0148784127533829|0|0|0|0.0|0.0|0.0|0.0|0.0|37.949875|0.013535037994196237|2.0|0.0|0.0|0.0|0.0|0.0
VALE3|1.02|2020-09-16|36.844011|37.659812|36.650636|37.768586|3.628593531182558|3.631477698904172|0.0028841677216142|0|0|0|0.0|0.0|0.0|0.0|0.0|37.949875|-0.004777064483084585|3.0|0.0|0.0|0.0|0.0|0.0
VALE3|1.02|2020-09-17|37.514781|36.499561|36.324315|37.720242|3.597300233118856|3.630196873439268|0.0328966403204118|1|1|1|1.0|0.0|0.0|0.0|0.0|37.949875|-0.006050955372053262|4.0|37.514781|0.0|0.0|0.0|0.0
VALE3|1.02|2020-09-18|37.260976|37.7565|37.260976|38.131164|3.631157646303288|3.64103190054751|0.009874254244222|0|0|0|0.0|37.7565|0.00992316554765393|1.0|0.0|37.7565|0.00992316554765393|1.0|0.0|37.7565|0.00992316554765393|1.0|0.0
VALE3|1.02|2020-09-21|36.257843|36.892355|35.919436|37.097816|3.608004348009599|3.613558099956077|0.0055537519464778|0|0|0|1.0|37.7565|-0.017445578906943197|2.0|0.0|37.7565|-0.017445578906943197|2.0|0.0|37.7565|-0.017445578906943197|2.0|0.0
VALE3|1.02|2020-09-22|36.394761|36.602516|35.979253|36.690654|3.600116981214016|3.6025220632287684|0.0024050820147523|0|1|1|1.0|37.7565|-0.0282294704223114|3.0|0.0|37.7565|-0.0282294704223114|3.0|0.0|37.7565|-0.0282294704223114|3.0|0.0
VALE3|1.02|2020-09-23|37.206892|36.306623|35.922593|37.527966|3.592000176419135|3.6250864150355526|0.0330862386164176|1|0|1|1.0|37.7565|-0.0060528385840849476|4.0|37.206892|37.7565|-0.0060528385840849476|4.0|37.206892|37.7565|-0.0060528385840849476|4.0|37.206892
VALE3|1.02|2020-09-24|36.929886|37.578331|36.791383|37.634991|3.626427581077846|3.627934229347367|0.0015066482695216|0|0|1|1.0|0.0|0.0|0.0|0.0|37.578331|0.0015077838342527992|1.0|0.0|37.578331|0.0015077838342527992|1.0|0.0
VALE3|1.02|2020-09-25|37.301325|36.734723|36.640289|37.427237|3.603722438551093|3.622398701398456|0.0186762628473631|0|0|1|1.0|0.0|0.0|0.0|0.0|37.578331|-0.0040207746320612405|2.0|0.0|37.578331|-0.0040207746320612405|2.0|0.0
VALE3|1.02|2020-09-28|37.005433|37.73572|36.955068|37.924588|3.630607125984112|3.6355996616291137|0.0049925356450013|0|1|1|1.0|0.0|0.0|0.0|0.0|37.578331|0.009214272980883622|3.0|0.0|37.578331|0.009214272980883622|3.0|0.0
VALE3|1.02|2020-09-29|36.734723|36.973955|36.734723|37.748312|3.6102137458580574|3.6309407594634897|0.0207270136054322|1|0|1|1.0|36.973955|0.02094330995967302|0.0|37.7134341|37.578331|0.004523378113839062|4.0|36.734723|37.578331|0.004523378113839062|4.0|36.734723
VALE3|1.02|2020-09-30|37.213187|37.276143|36.986546|37.943475|3.6183535241645752|3.6360975522999266|0.0177440281353513|0|0|1|1.0|0.0|0.0|0.0|0.0|37.276143|0.017902388667196654|1.0|0.0|37.276143|0.017902388667196654|1.0|0.0
VALE3|1.02|2020-10-01|37.055798|37.477602|36.526969|37.67906|3.623743474533609|3.629104502475539|0.0053610279419298|0|1|1|1.0|0.0|0.0|0.0|0.0|37.276143|0.01080897774214468|2.0|0.0|37.276143|0.01080897774214468|2.0|0.0
VALE3|1.02|2020-10-02|36.715836|36.898408|36.583629|37.420941|3.608168406484332|3.622230467509988|0.0140620610256561|0|0|1|1.0|36.898408|0.01416139688194666|1.0|0.0|37.276143|0.003884468411874092|3.0|0.0|37.276143|0.003884468411874092|3.0|0.0
VALE3|1.02|2020-10-05|37.515375|37.08098|36.986546|37.672765|3.6131041696903687|3.6289374195942776|0.0158332499039088|0|1|1|1.0|36.898408|0.020986189973290846|0.0|37.636376160000005|37.276143|0.010640102974173072|4.0|37.515375|37.276143|0.010640102974173072|4.0|37.515375
VALE3|1.02|2020-10-06|36.904704|37.77979|36.646585|37.94977|3.631774303561356|3.6362634432172127|0.0044891396558566|0|0|1|1.0|37.77979|0.004499230938022749|1.0|0.0|37.77979|0.004499230938022749|1.0|0.0|37.77979|0.004499230938022749|1.0|0.0
VALE3|1.02|2020-10-07|37.880519|37.232074|37.118753|38.251958|3.6171705940955623|3.644194748504888|0.0270241544093257|1|0|1|1.0|37.77979|0.012497899008967585|2.0|0.0|37.77979|0.012497899008967585|2.0|0.0|37.77979|0.012497899008967585|2.0|0.0
VALE3|1.02|2020-10-08|38.585624|37.993839|37.811267|38.711536|3.637424015002693|3.656137643471676|0.0187136284689826|0|1|1|1.0|37.77979|0.024662551062353814|0.0|38.5353858|37.77979|0.024662551062353814|0.0|38.5353858|37.77979|0.024662551062353814|0.0|38.5353858
VALE3|1.02|2020-10-09|38.780787|38.837447|38.308618|38.994837|3.65938491005779|3.663429252750645|0.0040443426928549|0|0|1|1.0|38.837447|0.004052532083275182|1.0|0.0|38.837447|0.004052532083275182|1.0|0.0|38.837447|0.004052532083275182|1.0|0.0
VALE3|1.02|2020-10-13|39.120749|38.573033|38.421939|39.435528|3.652553405374256|3.674667135881659|0.0221137305074039|1|0|1|1.0|38.837447|0.015399596168100353|2.0|0.0|38.837447|0.015399596168100353|2.0|0.0|38.837447|0.015399596168100353|2.0|0.0
VALE3|1.02|2020-10-14|39.662169|39.082975|39.057793|39.844741|3.665686950172752|3.684990426640356|0.0193034764676043|0|0|0|0.0|38.837447|0.025936153836270487|0.0|39.614195939999995|38.837447|0.025936153836270487|0.0|39.614195939999995|38.837447|0.025936153836270487|0.0|39.614195939999995
VALE3|1.02|2020-10-15|39.328503|39.290729|39.020019|39.57403|3.6709885877377655|3.678173095043443|0.0071845073056779|0|0|0|0.0|0.0|0.0|0.0|0.0|0.0|0.0|0.0|0.0|0.0|0.0|0.0|0.0
VALE3|1.02|2020-10-16|39.183704|39.473301|39.183704|39.725124|3.6756245193167927|3.6819838338779456|0.0063593145611529|0|0|0|0.0|0.0|0.0|0.0|0.0|0.0|0.0|0.0|0.0|0.0|0.0|0.0|0.0
VALE3|1.02|2020-10-19|39.001132|39.492188|39.001132|39.775489|3.6761028801956863|3.6832508683028977|0.0071479881072114|0|0|0|0.0|0.0|0.0|0.0|0.0|0.0|0.0|0.0|0.0|0.0|0.0|0.0|0.0
VALE3|1.02|2020-10-20|38.931881|38.894108|38.610806|39.215182|3.6608427738567446|3.6690639677350783|0.008221193878334|0|0|1|1.0|0.0|0.0|0.0|0.0|0.0|0.0|0.0|0.0|0.0|0.0|0.0|0.0
VALE3|1.02|2020-10-21|39.567735|38.812265|38.780787|39.794376|3.6587363049249646|3.68372559577302|0.0249892908480555|1|1|1|1.0|0.0|0.0|0.0|0.0|38.812265|0.025304140327806257|0.0|39.588510299999996|38.812265|0.025304140327806257|0.0|39.588510299999996
VALE3|1.02|2020-10-22|39.725124|39.73142|39.309616|39.970652|3.682142310441265|3.6881454848243647|0.0060031743830997|0|0|0|0.0|39.73142|0.0060212295457852056|1.0|0.0|39.73142|0.0060212295457852056|1.0|0.0|39.73142|0.0060212295457852056|1.0|0.0
VALE3|1.02|2020-10-23|39.94547|39.422936|39.171113|40.222475|3.6743477789104912|3.694425919000191|0.0200781400896996|1|0|0|0.0|39.73142|0.012359361935717447|2.0|0.0|39.73142|0.012359361935717447|2.0|0.0|39.73142|0.012359361935717447|2.0|0.0
VALE3|1.02|2020-10-26|39.34739|39.599213|39.038906|39.94547|3.678809244325575|3.68751527404328|0.0087060297177044|0|0|0|0.0|39.73142|0.005387423857491132|3.0|0.0|39.73142|0.005387423857491132|3.0|0.0|39.73142|0.005387423857491132|3.0|0.0
VALE3|1.02|2020-10-27|39.366276|39.34739|39.070384|39.599213|3.672429644836433|3.678809244325575|0.0063795994891426|0|0|0|0.0|39.73142|-0.0033275176170396393|4.0|39.366276|39.73142|-0.0033275176170396393|4.0|39.366276|39.73142|-0.0033275176170396393|4.0|39.366276
VALE3|1.02|2020-10-28|37.937179|39.001132|37.930883|39.076679|3.663590671349436|3.6655258440344465|0.0019351726850103|0|0|0|0.0|0.0|0.0|0.0|0.0|0.0|0.0|0.0|0.0|0.0|0.0|0.0|0.0
VALE3|1.02|2020-10-29|39.045202|38.384165|37.641287|39.183704|3.6476450047542106|3.668260946077564|0.0206159413233533|1|1|1|1.0|0.0|0.0|0.0|0.0|0.0|0.0|0.0|0.0|0.0|0.0|0.0|0.0
VALE3|1.02|2020-10-30|38.119751|38.906699|37.77979|39.290729|3.661166446594738|3.6709885877377655|0.0098221411430268|0|0|0|0.0|38.906699|0.009870536690866414|1.0|0.0|38.906699|0.009870536690866414|1.0|0.0|38.906699|0.009870536690866414|1.0|0.0
VALE3|1.02|2020-11-03|39.876218|38.969655|38.541555|39.876218|3.662783266347612|3.685780106093051|0.0229968397454389|1|0|1|0.0|38.906699|0.024919076275270697|0.0|39.68483298|38.906699|0.024919076275270697|0.0|39.68483298|38.906699|0.024919076275270697|0.0|39.68483298
VALE3|1.02|2020-11-04|38.768196|39.838445|38.686353|39.838445|3.684832400830165|3.684832400830165|0.0|0|0|0|0.0|0.0|0.0|0.0|0.0|39.838445|0.0|1.0|0.0|0.0|0.0|0.0|0.0
VALE3|1.02|2020-11-05|39.378867|39.221478|38.686353|39.699942|3.66922450491281|3.681349726734899|0.0121252218220888|0|0|1|0.0|0.0|0.0|0.0|0.0|39.838445|-0.0034766166199509054|2.0|0.0|0.0|0.0|0.0|0.0
VALE3|1.02|2020-11-06|39.781785|39.271843|39.24666|40.266545|3.670507798988542|3.6955209753048615|0.0250131763163188|1|0|1|0.0|0.0|0.0|0.0|0.0|39.838445|0.010745901352324384|3.0|0.0|0.0|0.0|0.0|0.0
VALE3|1.02|2020-11-09|39.781785|40.386161|39.580326|40.461708|3.6984871767786704|3.7003560453814632|0.0018688686027927|0|0|1|0.0|0.0|0.0|0.0|0.0|39.838445|0.015644762239088436|4.0|39.781785|0.0|0.0|0.0|0.0
VALE3|1.02|2020-11-10|39.762898|39.813263|39.467006|40.033608|3.684200097983904|3.689719301343501|0.0055192033595972|0|0|1|1.0|0.0|0.0|0.0|0.0|39.813263|0.005534462221797842|1.0|0.0|0.0|0.0|0.0|0.0
VALE3|1.02|2020-11-11|40.039904|39.775489|39.662169|40.241362|3.6832508683028977|3.6948953721371782|0.0116445038342809|0|0|1|0.0|0.0|0.0|0.0|0.0|39.813263|0.01075267304767266|2.0|0.0|39.775489|0.01171256499197287|1.0|0.0
VALE3|1.02|2020-11-12|39.454414|40.021017|39.322207|40.146928|3.6894047411265536|3.692545924389531|0.0031411832629775|0|0|0|0.0|0.0|0.0|0.0|0.0|39.813263|0.008380749902363024|3.0|0.0|39.775489|0.009338389277879207|2.0|0.0
VALE3|1.02|2020-11-13|39.819558|39.492188|39.416641|40.008426|3.6761028801956863|3.689090081930341|0.0129872017346541|0|0|1|1.0|0.0|0.0|0.0|0.0|39.813263|0.004901959429951795|4.0|39.819558|39.775489|0.005856295066542104|3.0|0.0
VALE3|1.02|2020-11-16|40.87092|39.976948|39.643282|41.135335|3.688302987989263|3.716867484504105|0.0285644965148419|1|1|1|1.0|0.0|0.0|0.0|0.0|39.976948|0.028976374084384773|0.0|40.77648696|39.775489|0.03418803977494777|0.0|40.570998780000004
VALE3|1.02|2020-11-17|42.161515|40.795373|40.795373|42.872916|3.7085686681163264|3.75824029789078|0.0496716297744534|1|0|0|0.0|40.795373|0.050925946920499995|0.0|41.611280459999996|40.795373|0.050925946920499995|0.0|41.611280459999996|40.795373|0.050925946920499995|0.0|41.611280459999996
VALE3|1.02|2020-11-18|41.834145|42.174106|41.594912|42.425929|3.741806430815545|3.7477597083466607|0.0059532775311161|0|0|0|0.0|0.0|0.0|0.0|0.0|0.0|0.0|0.0|0.0|0.0|0.0|0.0|0.0
VALE3|1.02|2020-11-19|42.633683|41.99783|41.846736|42.633683|3.7376179502819338|3.7526446216031473|0.0150266713212139|0|0|0|0.0|0.0|0.0|0.0|0.0|0.0|0.0|0.0|0.0|0.0|0.0|0.0|0.0
VALE3|1.02|2020-11-20|43.086965|42.765891|42.463703|43.086965|3.7557408456105126|3.7632205151717577|0.0074796695612446|0|0|0|0.0|0.0|0.0|0.0|0.0|0.0|0.0|0.0|0.0|0.0|0.0|0.0|0.0
VALE3|1.02|2020-11-23|44.881206|43.319902|43.124739|44.900093|3.768612159895697|3.804439866015551|0.0358277061198539|1|0|1|1.0|0.0|0.0|0.0|0.0|0.0|0.0|0.0|0.0|0.0|0.0|0.0|0.0
VALE3|1.02|2020-11-24|47.090956|44.730112|44.182397|47.147616|3.800646921353985|3.8532834457651086|0.0526365244111235|1|0|1|1.0|0.0|0.0|0.0|0.0|44.730112|0.05404645532745371|0.0|45.624714239999996|44.730112|0.05404645532745371|0.0|45.624714239999996
VALE3|1.02|2020-11-25|47.531647|46.461398|46.341781|47.78347|3.838621817289901|3.8666797637897217|0.0280579464998211|1|0|1|1.0|0.0|0.0|0.0|0.0|46.461398|0.02845527807837376|0.0|47.39062596|46.461398|0.02845527807837376|0.0|47.39062596
VALE3|1.02|2020-11-26|48.205274|47.481282|47.468691|48.224161|3.860335570219411|3.875860161025108|0.0155245908056969|0|0|1|1.0|0.0|0.0|0.0|0.0|47.481282|0.01564572329786719|1.0|0.0|47.481282|0.01564572329786719|1.0|0.0
VALE3|1.02|2020-11-27|49.382548|48.475984|48.331185|49.596598|3.8810685000459504|3.9039222426688913|0.0228537426229409|1|1|1|1.0|0.0|0.0|0.0|0.0|47.481282|0.04455052414128161|0.0|48.43090764|47.481282|0.04455052414128161|0.0|48.43090764
VALE3|1.02|2020-11-30|49.105542|49.640667|48.551531|49.961741|3.904810396990695|3.9112575325285066|0.0064471355378117|0|0|1|1.0|49.640667|0.006467963051342621|1.0|0.0|49.640667|0.006467963051342621|1.0|0.0|49.640667|0.006467963051342621|1.0|0.0
VALE3|1.02|2020-12-01|51.151606|50.257634|49.89249|51.308996|3.91716245579846|3.9378660974266286|0.0207036416281685|1|1|1|1.0|49.640667|0.03360811006024556|0.0|50.63348034|49.640667|0.03360811006024556|0.0|50.63348034|49.640667|0.03360811006024556|0.0|50.63348034
VALE3|1.02|2020-12-02|50.263929|50.931261|48.671147|51.151606|3.9304769000637902|3.934793889754195|0.0043169896904053|0|0|1|1.0|50.931261|0.004326321313740922|1.0|0.0|50.931261|0.004326321313740922|1.0|0.0|50.931261|0.004326321313740922|1.0|0.0
VALE3|1.02|2020-12-03|49.709918|50.994217|49.489573|51.025695|3.9317122341380863|3.9323293293772767|0.0006170952391904|0|0|1|1.0|50.931261|0.0018541461205918244|2.0|0.0|50.931261|0.0018541461205918244|2.0|0.0|50.931261|0.0018541461205918244|2.0|0.0
VALE3|1.02|2020-12-04|51.611184|50.427614|50.427614|52.051875|3.920538921862056|3.9522408174669184|0.0317018956048622|1|1|1|1.0|50.931261|0.022002478988297648|0.0|51.94988622|50.931261|0.022002478988297648|0.0|51.94988622|50.931261|0.022002478988297648|0.0|51.94988622
VALE3|1.02|2020-12-07|52.221855|51.888189|51.416021|52.247038|3.949091192019013|3.955983200242823|0.0068920082238106|0|1|1|1.0|51.888189|0.006915812768104249|1.0|0.0|51.888189|0.006915812768104249|1.0|0.0|51.888189|0.006915812768104249|1.0|0.0
VALE3|1.02|2020-12-08|52.190377|52.234447|51.409725|52.442201|3.955742181462109|3.959711629791978|0.0039694483298688|0|1|1|1.0|51.888189|0.01067703480651445|2.0|0.0|51.888189|0.01067703480651445|2.0|0.0|51.888189|0.01067703480651445|2.0|0.0
VALE3|1.02|2020-12-09|52.064466|52.316289|51.762278|52.775867|3.957307775734287|3.966054021832507|0.0087462460982199|0|0|1|1.0|51.888189|0.0171075155465534|3.0|0.0|51.888189|0.0171075155465534|3.0|0.0|51.888189|0.0171075155465534|3.0|0.0
VALE3|1.02|2020-12-10|53.51245|52.662546|52.379245|53.650953|3.96390450079158|3.982499232199464|0.0185947314078842|0|0|1|1.0|51.888189|0.03397235544296997|0.0|52.925952779999996|51.888189|0.03397235544296997|0.0|52.925952779999996|51.888189|0.03397235544296997|0.0|52.925952779999996
VALE3|1.02|2020-12-11|53.424312|53.273218|53.134715|53.688726|3.975433728340311|3.983203035339386|0.0077693069990751|0|1|1|1.0|0.0|0.0|0.0|0.0|53.273218|0.007799566378738424|1.0|0.0|53.273218|0.007799566378738424|1.0|0.0
VALE3|1.02|2020-12-14|52.59959|53.638361|52.221855|53.650953|3.982264502391091|3.982499232199464|0.0002347298083726|0|1|1|1.0|53.638361|0.00023475735956954272|1.0|0.0|53.273218|0.0070905234221067944|2.0|0.0|53.273218|0.0070905234221067944|2.0|0.0
VALE3|1.02|2020-12-15|53.197671|52.983621|52.889187|53.751682|3.9699828280542713|3.984374959541411|0.0143921314871402|0|1|1|1.0|53.638361|0.0021126857325114595|2.0|0.0|53.273218|0.00898132341094924|3.0|0.0|53.273218|0.00898132341094924|3.0|0.0
VALE3|1.02|2020-12-16|54.280511|53.449494|53.109532|54.286806|3.97873717063485|3.99428121398922|0.01554404335437|0|1|1|1.0|53.638361|0.01208920235277128|3.0|0.0|53.273218|0.019026220642424842|4.0|54.280511|53.273218|0.019026220642424842|4.0|54.280511
VALE3|1.02|2020-12-17|54.897478|54.456787|54.249033|55.369647|3.9974074880758903|4.014031555521074|0.0166240674451829|0|0|1|1.0|53.638361|0.032277011596234216|0.0|54.711128220000006|54.456787|0.01676301615076927|1.0|0.0|54.456787|0.01676301615076927|1.0|0.0
VALE3|1.02|2020-12-18|55.275213|55.161892|55.042276|55.640357|4.010272352554411|4.0189087832819625|0.0086364307275514|0|0|1|1.0|0.0|0.0|0.0|0.0|54.456787|0.02173411369275244|0.0|55.54592274|54.456787|0.02173411369275244|0.0|55.54592274
VALE3|1.02|2020-12-21|54.683428|54.236442|53.373947|55.023389|3.9933530441354073|4.007758349382837|0.01440530524743|0|1|1|1.0|0.0|0.0|0.0|0.0|54.236442|0.014509561670730631|1.0|0.0|54.236442|0.014509561670730631|1.0|0.0
VALE3|1.02|2020-12-22|54.733793|54.683428|53.78316|54.765271|4.001560701917021|4.003056252179426|0.0014955502624047|0|1|1|1.0|54.683428|0.0014966691554157729|1.0|0.0|54.236442|0.009750436800408142|2.0|0.0|54.236442|0.009750436800408142|2.0|0.0
VALE3|1.02|2020-12-23|54.998207|54.475674|54.393831|55.105232|3.9977542534021464|4.009244666278913|0.0114904128767663|0|0|1|1.0|54.683428|0.007713561775973547|2.0|0.0|54.236442|0.016018565524633866|3.0|0.0|54.236442|0.016018565524633866|3.0|0.0
VALE3|1.02|2020-12-28|54.966729|55.268917|54.821931|55.766268|4.012210670936348|4.021169170464686|0.0089584995283384|0|0|1|1.0|54.683428|0.01980197730105723|3.0|0.0|54.236442|0.028206606915697013|0.0|55.32117084|54.236442|0.028206606915697013|0.0|55.32117084
VALE3|1.02|2020-12-29|54.815635|55.382238|54.463083|55.527036|4.01425892862726|4.016870037275723|0.0026111086484625|0|1|1|1.0|54.683428|0.015427123551947095|4.0|54.815635|55.382238|0.002614520561628469|1.0|0.0|55.382238|0.002614520561628469|1.0|0.0
VALE3|1.02|2020-12-30|55.054867|54.891182|54.551221|55.143006|4.00535271630699|4.009929919887739|0.0045772035807489|0|1|1|1.0|54.891182|0.004587694978038534|1.0|0.0|55.382238|-0.004319652087732555|2.0|0.0|55.382238|-0.004319652087732555|2.0|0.0
VALE3|1.02|2021-01-04|57.579396|56.251028|55.936249|57.591987|4.029824316473089|4.053383443441181|0.0235591269680917|1|1|1|1.0|54.891182|0.04920289382728181|0.0|55.98900564|55.382238|0.03989995853905366|0.0|56.48988276|55.382238|0.03989995853905366|0.0|56.48988276
VALE3|1.02|2021-01-05|58.548916|57.579396|56.987611|58.548916|4.053164795375626|4.069862575781817|0.0166977804061918|0|0|1|1.0|57.579396|0.016837967525744724|1.0|0.0|57.579396|0.016837967525744724|1.0|0.0|57.579396|0.016837967525744724|1.0|0.0
VALE3|1.02|2021-01-06|60.192063|59.795441|59.430297|60.657936|4.090929420592169|4.105250475964436|0.0143210553722665|0|1|1|1.0|57.579396|0.053466000233833584|0.0|58.73098392000001|57.579396|0.053466000233833584|0.0|58.73098392000001|57.579396|0.053466000233833584|0.0|58.73098392000001
VALE3|1.02|2021-01-07|64.416398|60.821621|60.821621|64.548606|4.107945334311017|4.167418521397185|0.0594731870861675|1|1|1|1.0|60.821621|0.06127730466111724|0.0|62.038053420000004|60.821621|0.06127730466111724|0.0|62.038053420000004|60.821621|0.06127730466111724|0.0|62.038053420000004
VALE3|1.02|2021-01-08|64.21494|64.850793|61.822618|65.064843|4.172089138906656|4.175384357254166|0.0032952183475103|0|1|1|1.0|64.850793|0.0033006535479065046|1.0|0.0|64.850793|0.0033006535479065046|1.0|0.0|64.850793|0.0033006535479065046|1.0|0.0
VALE3|1.02|2021-01-11|64.202349|63.113213|62.766956|64.202349|4.144930145407812|4.162039798811609|0.0171096534037973|0|1|1|1.0|64.850793|-0.009999014198638988|2.0|0.0|64.850793|-0.009999014198638988|2.0|0.0|64.850793|-0.009999014198638988|2.0|0.0
VALE3|1.02|2021-01-12|62.445881|64.529719|62.439585|64.605266|4.167125877374499|4.168295924494087|0.0011700471195883|0|1|1|1.0|64.850793|-0.0037860292625873614|3.0|0.0|64.850793|-0.0037860292625873614|3.0|0.0|64.850793|-0.0037860292625873614|3.0|0.0
VALE3|1.02|2021-01-13|60.576093|62.244422|60.273905|62.2759|4.131068924904219|4.131574513071113|0.0005055881668942|0|0|1|1.0|64.850793|-0.039704880709785555|4.0|60.576093|64.850793|-0.039704880709785555|4.0|60.576093|64.850793|-0.039704880709785555|4.0|60.576093
VALE3|1.02|2021-01-14|61.570795|61.205651|60.878281|62.238127|4.114239521856826|4.130967786229666|0.0167282643728405|0|0|0|0.0|0.0|0.0|0.0|0.0|61.205651|0.016868965252897897|1.0|0.0|61.205651|0.016868965252897897|1.0|0.0
VALE3|1.02|2021-01-15|58.895173|60.802734|58.674827|61.19306|4.107634755066394|4.114033784395352|0.0063990293289579|0|0|0|0.0|0.0|0.0|0.0|0.0|61.205651|-0.00020571629897377387|2.0|0.0|61.205651|-0.00020571629897377387|2.0|0.0
VALE3|1.02|2021-01-18|59.373637|59.115518|58.895173|60.210949|4.079493461858094|4.097854212853557|0.0183607509954626|0|0|0|0.0|0.0|0.0|0.0|0.0|61.205651|-0.016251800017616082|3.0|0.0|61.205651|-0.016251800017616082|3.0|0.0
VALE3|1.02|2021-01-19|59.216247|59.493253|57.856402|59.537322|4.085862911163907|4.086603376410143|0.0007404652462366|0|0|1|1.0|0.0|0.0|0.0|0.0|61.205651|-0.02725776088877806|4.0|59.216247|61.205651|-0.02725776088877806|4.0|59.216247
VALE3|1.02|2021-01-20|58.120816|59.808032|57.182774|59.89617|4.091139966318488|4.092612563177328|0.0014725968588393|0|0|0|0.0|0.0|0.0|0.0|0.0|59.808032|0.0014736816620215948|1.0|0.0|59.808032|0.0014736816620215948|1.0|0.0
VALE3|1.02|2021-01-21|58.775557|58.108225|58.007495|60.500546|4.062307220103368|4.102652389789461|0.040345169686093|1|0|1|0.0|0.0|0.0|0.0|0.0|59.808032|0.011578946453212217|2.0|0.0|59.808032|0.011578946453212217|2.0|0.0
VALE3|1.02|2021-01-22|58.65594|57.913062|57.283504|59.058858|4.058942954990953|4.078534539860627|0.0195915848696737|0|0|1|1.0|0.0|0.0|0.0|0.0|59.808032|-0.012526310847345663|3.0|0.0|59.808032|-0.012526310847345663|3.0|0.0
VALE3|1.02|2021-01-26|57.761968|58.54262|57.51644|59.279203|4.069755035984815|4.082258536228085|0.0125035002432705|0|0|1|1.0|0.0|0.0|0.0|0.0|59.808032|-0.008842106692291676|4.0|57.761968|59.808032|-0.008842106692291676|4.0|57.761968
VALE3|1.02|2021-01-27|56.156594|56.905769|55.527036|57.40312|4.041396724393532|4.050098657249016|0.0087019328554847|0|0|0|0.0|0.0|0.0|0.0|0.0|56.905769|0.008739904736196463|1.0|0.0|56.905769|0.008739904736196463|1.0|0.0
VALE3|1.02|2021-01-28|57.352755|55.527036|55.46408|57.510144|4.016870037275723|4.051961349634891|0.0350913123591682|1|0|0|0.0|0.0|0.0|0.0|0.0|56.905769|0.010620627936685953|2.0|0.0|56.905769|0.010620627936685953|2.0|0.0
VALE3|1.02|2021-01-29|55.369647|56.653945|55.268917|57.195365|4.036961623178255|4.046472863633994|0.0095112404557395|0|0|0|0.0|0.0|0.0|0.0|0.0|56.905769|0.005089044662589536|3.0|0.0|56.905769|0.005089044662589536|3.0|0.0
VALE3|1.02|2021-02-01|57.45978|56.666536|55.766268|57.45978|4.03718384249714|4.051085224793379|0.0139013822962388|0|0|0|0.0|0.0|0.0|0.0|0.0|56.905769|0.009735585859493485|4.0|57.45978|56.905769|0.009735585859493485|4.0|57.45978
VALE3|1.02|2021-02-02|55.187075|56.773561|55.092641|57.025385|4.039070742007712|4.043496519572475|0.0044257775647631|0|0|0|0.0|0.0|0.0|0.0|0.0|0.0|0.0|0.0|0.0|0.0|0.0|0.0|0.0
VALE3|1.02|2021-02-03|56.930951|55.936249|55.778859|57.554214|4.02421263153918|4.052727355771299|0.0285147242321182|1|0|0|1.0|0.0|0.0|0.0|0.0|0.0|0.0|0.0|0.0|0.0|0.0|0.0|0.0
VALE3|1.02|2021-02-04|56.213255|57.887879|56.087343|58.467073|4.058508018967472|4.068463741074785|0.0099557221073132|0|1|1|1.0|0.0|0.0|0.0|0.0|0.0|0.0|0.0|0.0|57.887879|0.010005445181365188|1.0|0.0
VALE3|1.02|2021-02-05|58.353753|56.786153|56.37694|58.404117|4.039292510795393|4.067386383924757|0.0280938731293636|1|0|1|1.0|56.786153|0.02849222767388382|0.0|57.92187606|56.786153|0.02849222767388382|0.0|57.92187606|57.887879|0.00891789453885504|2.0|0.0
VALE3|1.02|2021-02-08|59.184769|58.530029|58.202659|59.751372|4.069539938775414|4.090192152891086|0.0206522141156719|1|1|1|1.0|0.0|0.0|0.0|0.0|58.530029|0.020866946777012608|0.0|59.70062958|57.887879|0.032191419554342376|0.0|59.04563658
VALE3|1.02|2021-02-09|59.335863|59.556209|58.120816|59.946535|4.086920555689316|4.093453081638008|0.0065325259486916|0|0|1|0.0|59.556209|0.006553909433691365|1.0|0.0|59.556209|0.006553909433691365|1.0|0.0|59.556209|0.006553909433691365|1.0|0.0
VALE3|1.02|2021-02-10|59.619165|59.593982|59.417706|60.229836|4.087554595818809|4.098167844156356|0.0106132483375462|0|0|0|0.0|59.556209|0.011310777017388668|2.0|0.0|59.556209|0.011310777017388668|2.0|0.0|59.556209|0.011310777017388668|2.0|0.0
VALE3|1.02|2021-02-11|58.611871|60.103924|58.611871|60.103924|4.09607513059115|4.09607513059115|0.0|0|0|0|0.0|59.556209|0.009196606184251865|3.0|0.0|59.556209|0.009196606184251865|3.0|0.0|59.556209|0.009196606184251865|3.0|0.0
VALE3|1.02|2021-02-12|59.109222|58.624463|58.045269|59.266612|4.071152066809779|4.082046112026568|0.0108940452167889|0|0|0|0.0|59.556209|-0.0048625828416983445|4.0|59.109222|59.556209|-0.0048625828416983445|4.0|59.109222|59.556209|-0.0048625828416983445|4.0|59.109222
VALE3|1.02|2021-02-17|60.657936|60.443886|59.927648|60.890872|4.101715430506456|4.109083278424492|0.0073678479180365|0|0|1|0.0|0.0|0.0|0.0|0.0|0.0|0.0|0.0|0.0|0.0|0.0|0.0|0.0
VALE3|1.02|2021-02-18|61.318972|61.293789|60.450181|61.94853|4.115678516438499|4.1263038789800595|0.0106253625415604|0|0|1|1.0|0.0|0.0|0.0|0.0|61.293789|0.010682012169291759|1.0|0.0|0.0|0.0|0.0|0.0
VALE3|1.02|2021-02-19|61.551908|61.199356|60.645344|62.231831|4.114136666587098|4.130866621256101|0.0167299546690031|0|0|0|0.0|0.0|0.0|0.0|0.0|61.293789|0.015304030233797472|2.0|0.0|61.199356|0.016870684064061035|1.0|0.0
VALE3|1.02|2021-02-22|60.028377|60.752369|59.203656|62.024077|4.106806077345111|4.127522648370808|0.0207165710256962|1|0|0|0.0|0.0|0.0|0.0|0.0|61.293789|0.011914551407484398|3.0|0.0|61.199356|0.013475975139346183|2.0|0.0
VALE3|1.02|2021-02-23|61.035671|60.80903|58.744079|61.287494|4.107738297680999|4.115575809078101|0.0078375113971018|0|1|1|1.0|0.0|0.0|0.0|0.0|61.293789|-0.00010270208617702502|4.0|61.035671|61.199356|0.001440178553512895|3.0|0.0
VALE3|1.02|2021-02-24|61.652638|61.148991|60.349452|61.828914|4.113313361588218|4.124371119127043|0.0110577575388255|0|1|1|1.0|61.148991|0.011119120510099589|1.0|0.0|61.148991|0.011119120510099589|1.0|0.0|61.199356|0.010287003673698721|4.0|61.652638
VALE3|1.02|2021-02-25|60.255018|62.137397|59.820623|62.294787|4.129348013805255|4.131877746529955|0.0025297327247004|0|1|1|1.0|61.148991|0.018737774430325385|2.0|0.0|61.148991|0.018737774430325385|2.0|0.0|62.137397|0.0025329351984280813|1.0|0.0
VALE3|1.02|2021-02-26|59.505844|60.783847|59.191065|61.507839|4.1073240793323365|4.119164630104335|0.0118405507719989|0|0|1|1.0|61.148991|0.005868420625288726|3.0|0.0|61.148991|0.005868420625288726|3.0|0.0|62.137397|-0.010131708606976294|2.0|0.0
VALE3|1.02|2021-03-01|62.055555|60.43759|60.034673|62.534019|4.10161126235408|4.135710712662664|0.0340994503085845|1|1|1|1.0|61.148991|0.022650054847184613|0.0|62.37197082|61.148991|0.022650054847184613|0.0|62.37197082|62.137397|0.006382983825344353|3.0|0.0
VALE3|1.02|2021-03-02|63.963116|61.381928|59.770259|64.32826|4.117115459581303|4.163999037023528|0.0468835774422249|1|1|1|1.0|61.381928|0.04799999113745658|0.0|62.609566560000005|61.381928|0.04799999113745658|0.0|62.609566560000005|62.137397|0.035258364620584286|0.0|63.38014494
VALE3|1.02|2021-03-03|63.176169|64.21494|62.735478|65.474056|4.162235893903452|4.181653972573153|0.0194180786697018|0|0|1|1.0|64.21494|0.019607835808925556|1.0|0.0|64.21494|0.019607835808925556|1.0|0.0|64.21494|0.019607835808925556|1.0|0.0
VALE3|1.02|2021-03-04|62.238127|62.578088|61.394519|63.893865|4.136415184881689|4.157223347384622|0.0208081625029326|1|1|1|1.0|64.21494|-0.005000004671810025|2.0|0.0|64.21494|-0.005000004671810025|2.0|0.0|64.21494|-0.005000004671810025|2.0|0.0
VALE3|1.02|2021-03-05|65.930184|62.318202|61.798445|66.186773|4.132253550055149|4.192480639354181|0.0602270892990315|1|1|1|1.0|64.21494|0.030706763877689582|0.0|65.4992388|64.21494|0.030706763877689582|0.0|65.4992388|64.21494|0.030706763877689582|0.0|65.4992388
VALE3|1.02|2021-03-08|65.574907|65.265685|65.068308|67.061807|4.178466400457167|4.205614686693536|0.0271482862363683|1|1|1|1.0|65.265685|0.027520158564182644|0.0|66.5709987|65.265685|0.027520158564182644|0.0|66.5709987|65.265685|0.027520158564182644|0.0|66.5709987
VALE3|1.02|2021-03-09|64.916987|64.14722|63.081389|65.338056|4.161180754191206|4.179574653664207|0.0183938994730006|0|0|1|0.0|64.14722|0.01856410924744658|1.0|0.0|64.14722|0.01856410924744658|1.0|0.0|64.14722|0.01856410924744658|1.0|0.0
VALE3|1.02|2021-03-10|63.916948|64.14722|62.976122|64.370913|4.161180754191206|4.1646618695898505|0.0034811153986442|0|1|1|1.0|64.14722|0.0034871815177648733|2.0|0.0|64.14722|0.0034871815177648733|2.0|0.0|64.14722|0.0034871815177648733|2.0|0.0
VALE3|1.02|2021-03-11|65.594645|65.127521|64.614344|65.857813|4.176347209497056|4.187498069594552|0.0111508600974961|0|1|1|1.0|64.14722|0.026666673941598537|0.0|65.43016440000001|64.14722|0.026666673941598537|0.0|65.43016440000001|64.14722|0.026666673941598537|0.0|65.43016440000001
VALE3|1.02|2021-03-12|64.081428|65.1341|63.627463|65.423585|4.1764482215980125|4.1808828203642125|0.0044345987662|0|0|1|0.0|65.1341|0.004444446150326773|1.0|0.0|65.1341|0.004444446150326773|1.0|0.0|65.1341|0.004444446150326773|1.0|0.0
VALE3|1.02|2021-03-15|63.699834|63.4893|63.002439|64.048532|4.150871387763255|4.159641108486018|0.0087697207227632|0|0|0|0.0|65.1341|-0.016666661549019777|2.0|0.0|65.1341|-0.016666661549019777|2.0|0.0|65.1341|-0.016666661549019777|2.0|0.0
VALE3|1.02|2021-03-16|63.495879|63.844577|63.173498|64.370913|4.156451645433755|4.1646618695898505|0.0082102241560955|0|0|1|1.0|65.1341|-0.01171716504872259|3.0|0.0|65.1341|-0.01171716504872259|3.0|0.0|65.1341|-0.01171716504872259|3.0|0.0
VALE3|1.02|2021-03-17|64.410388|63.423508|63.199815|64.555131|4.149834581361592|4.167519602901983|0.0176850215403909|0|0|0|0.0|65.1341|-0.0088888769477125|4.0|64.410388|65.1341|-0.0088888769477125|4.0|64.410388|65.1341|-0.0088888769477125|4.0|64.410388
VALE3|1.02|2021-03-18|63.265607|64.278804|62.851117|64.653819|4.163229934597896|4.169047175398943|0.005817240801047|0|0|0|0.0|0.0|0.0|0.0|0.0|0.0|0.0|0.0|0.0|0.0|0.0|0.0|0.0
VALE3|1.02|2021-03-19|62.357677|63.226132|61.476064|63.265607|4.146717696705752|4.147341848157754|0.0006241514520013|0|0|0|0.0|0.0|0.0|0.0|0.0|0.0|0.0|0.0|0.0|0.0|0.0|0.0|0.0
VALE3|1.02|2021-03-22|61.324742|61.528698|60.429971|61.739232|4.119503700118958|4.1229195797352265|0.0034158796162682|0|0|0|0.0|0.0|0.0|0.0|0.0|0.0|0.0|0.0|0.0|0.0|0.0|0.0|0.0
VALE3|1.02|2021-03-23|59.910214|61.410272|59.910214|61.699757|4.11757711757755|4.122279992491917|0.0047028749143667|0|0|0|0.0|0.0|0.0|0.0|0.0|0.0|0.0|0.0|0.0|0.0|0.0|0.0|0.0
VALE3|1.02|2021-03-24|61.285267|60.528659|60.403654|62.265568|4.103116955354534|4.1314085924313515|0.0282916370768173|1|0|1|1.0|0.0|0.0|0.0|0.0|0.0|0.0|0.0|0.0|0.0|0.0|0.0|0.0
VALE3|1.02|2021-03-25|60.818144|61.212896|59.61415|61.377376|4.114357886274409|4.11704129819632|0.002683411921911|0|0|1|1.0|0.0|0.0|0.0|0.0|61.212896|0.002687015494251367|1.0|0.0|61.212896|0.002687015494251367|1.0|0.0
VALE3|1.02|2021-03-26|62.851117|61.67344|61.443168|62.982701|4.121853368216319|4.14286010138395|0.0210067331676304|1|0|1|1.0|0.0|0.0|0.0|0.0|61.212896|0.028912289985430488|0.0|62.43715392|61.212896|0.028912289985430488|0.0|62.43715392
VALE3|1.02|2021-03-29|64.463022|63.16034|63.07481|64.772244|4.145676572526847|4.17087717826397|0.0252006057371225|1|0|1|1.0|0.0|0.0|0.0|0.0|63.16034|0.025520825252049035|0.0|64.4235468|63.16034|0.025520825252049035|0.0|64.4235468
VALE3|1.02|2021-03-30|63.864314|64.416967|63.541934|64.80514|4.165377061143016|4.17138492120014|0.0060078600571236|0|0|0|0.0|0.0|0.0|0.0|0.0|64.416967|0.006025943444372269|1.0|0.0|64.416967|0.006025943444372269|1.0|0.0
VALE3|1.02|2021-03-31|64.456443|63.930106|63.620884|64.844616|4.157790392840768|4.171993884956615|0.0142034921158469|0|0|1|1.0|0.0|0.0|0.0|0.0|64.416967|0.006638763355623409|2.0|0.0|64.416967|0.006638763355623409|2.0|0.0
VALE3|1.02|2021-04-01|64.074849|64.80514|63.245869|65.041992|4.17138492120014|4.175033092076822|0.0036481708766817|0|0|1|1.0|0.0|0.0|0.0|0.0|64.416967|0.009702800816436976|3.0|0.0|64.416967|0.009702800816436976|3.0|0.0
VALE3|1.02|2021-04-05|68.02237|65.680174|65.660437|68.305276|4.184797114348946|4.223987011031089|0.0391898966821431|1|0|1|1.0|0.0|0.0|0.0|0.0|64.416967|0.06036156592097865|0.0|65.70530634|64.416967|0.06036156592097865|0.0|65.70530634
VALE3|1.02|2021-04-06|67.140757|68.292117|67.140757|68.792137|4.2237943426389375|4.231089450617253|0.0072951079783152|0|0|1|1.0|0.0|0.0|0.0|0.0|68.292117|0.007321782102610644|1.0|0.0|68.292117|0.007321782102610644|1.0|0.0
VALE3|1.02|2021-04-07|68.792137|67.351292|67.206549|69.292156|4.209922086042828|4.238331710756307|0.028409624713479|1|0|0|0.0|0.0|0.0|0.0|0.0|68.292117|0.014643549562243048|2.0|0.0|68.292117|0.014643549562243048|2.0|0.0
VALE3|1.02|2021-04-08|68.752662|69.042146|68.502652|69.278998|4.2347171297219885|4.23814180110109|0.0034246713791015|0|0|0|0.0|0.0|0.0|0.0|0.0|68.292117|0.014450877251323118|3.0|0.0|68.292117|0.014450877251323118|3.0|0.0
VALE3|1.02|2021-04-09|67.765781|68.423702|67.726306|68.857929|4.22571928507199|4.232045381942561|0.0063260968705716|0|0|0|1.0|0.0|0.0|0.0|0.0|68.292117|0.008285172943166982|4.0|67.765781|68.292117|0.008285172943166982|4.0|67.765781
VALE3|1.02|2021-04-12|68.028949|67.699989|67.246024|68.180271|4.21508601743668|4.2221552414745185|0.0070692240378384|0|1|1|1.0|0.0|0.0|0.0|0.0|0.0|0.0|0.0|0.0|67.699989|0.007094269985775072|1.0|0.0
VALE3|1.02|2021-04-13|68.147375|68.357909|67.667093|68.614498|4.224757269716371|4.228503853510325|0.003746583793954|0|0|0|1.0|68.357909|0.0037536110122969243|1.0|0.0|68.357909|0.0037536110122969243|1.0|0.0|67.699989|0.013508259211090792|2.0|0.0
VALE3|1.02|2021-04-14|70.397462|68.403964|68.27238|70.91064|4.225430776165656|4.2614204928004895|0.035989716634833|1|0|1|1.0|68.357909|0.037343608623253734|0.0|69.72506718000001|68.357909|0.037343608623253734|0.0|69.72506718000001|67.699989|0.047424690128088476|0.0|69.05398878
VALE3|1.02|2021-04-15|71.193546|71.48961|70.759318|72.292272|4.269552124455445|4.280717235484988|0.0111651110295429|0|0|1|0.0|0.0|0.0|0.0|0.0|71.48961|0.011227673503883963|1.0|0.0|71.48961|0.011227673503883963|1.0|0.0
VALE3|1.02|2021-04-16|71.496189|71.476451|70.726422|71.785674|4.269368038806794|4.27368492968373|0.0043168908769359|0|0|0|0.0|0.0|0.0|0.0|0.0|71.48961|0.0041413570447509955|2.0|0.0|71.48961|0.0041413570447509955|2.0|0.0
VALE3|1.02|2021-04-19|70.877744|71.713303|70.818531|72.292272|4.272676267355275|4.280717235484988|0.0080409681297126|0|0|0|0.0|0.0|0.0|0.0|0.0|71.48961|0.011227673503883963|3.0|0.0|71.48961|0.011227673503883963|3.0|0.0
VALE3|1.02|2021-04-20|69.844809|71.022486|69.09478|71.285654|4.26299653112647|4.266695101004465|0.0036985698779945|0|0|1|0.0|0.0|0.0|0.0|0.0|71.48961|-0.00285294604348807|4.0|69.844809|71.48961|-0.00285294604348807|4.0|69.844809
VALE3|1.02|2021-04-22|69.890864|70.555363|68.647394|70.555363|4.25639769241889|4.25639769241889|0.0|0|1|1|1.0|0.0|0.0|0.0|0.0|70.555363|0.0|1.0|0.0|0.0|0.0|0.0|0.0
VALE3|1.02|2021-04-23|71.048803|70.49615|70.042185|71.121174|4.255558098397969|4.264385098380991|0.0088269999830226|0|0|1|1.0|70.49615|0.008866072828090559|1.0|0.0|70.555363|0.008019390389926793|2.0|0.0|70.49615|0.008866072828090559|1.0|0.0
VALE3|1.02|2021-04-26|71.430397|72.338327|71.15407|72.825188|4.281354099355775|4.288061884373234|0.0067077850174595|0|0|1|1.0|70.49615|0.033037804192143784|0.0|71.906073|70.555363|0.03217083583001334|0.0|71.96647026|70.49615|0.033037804192143784|0.0|71.906073
VALE3|1.02|2021-04-27|72.450173|71.634352|71.397501|72.765975|4.27157473544695|4.287248469574633|0.0156737341276835|0|0|1|1.0|0.0|0.0|0.0|0.0|71.634352|0.015797211371437973|1.0|0.0|71.634352|0.015797211371437973|1.0|0.0
VALE3|1.02|2021-04-28|73.63443|72.739658|71.930416|73.969969|4.286886737870583|4.303659186510869|0.0167724486402853|0|1|1|1.0|0.0|0.0|0.0|0.0|71.634352|0.0326047061890083|0.0|73.06703904000001|71.634352|0.0326047061890083|0.0|73.06703904000001
VALE3|1.02|2021-04-29|73.654167|73.812068|72.956772|74.312087|4.301522241273223|4.308273616824119|0.0067513755508956|0|0|0|0.0|73.812068|0.00677421746265135|1.0|0.0|73.812068|0.00677421746265135|1.0|0.0|73.812068|0.00677421746265135|1.0|0.0
VALE3|1.02|2021-04-30|71.726461|73.022564|71.726461|73.397578|4.290768489278509|4.295890937800843|0.005122448522334|0|0|1|1.0|73.812068|-0.005615477404047272|2.0|0.0|73.812068|-0.005615477404047272|2.0|0.0|73.812068|-0.005615477404047272|2.0|0.0
VALE3|1.02|2021-05-03|71.358026|72.173847|71.226442|72.601495|4.27907775036078|4.284985513905234|0.0059077635444539|0|0|1|1.0|73.812068|-0.016400746284469317|3.0|0.0|73.812068|-0.016400746284469317|3.0|0.0|73.812068|-0.016400746284469317|3.0|0.0
VALE3|1.02|2021-05-04|72.437015|71.680407|71.48961|73.075197|4.272217446663948|4.291489006854094|0.0192715601901456|0|0|1|0.0|73.812068|-0.009983069435203924|4.0|72.437015|73.812068|-0.009983069435203924|4.0|72.437015|73.812068|-0.009983069435203924|4.0|72.437015
VALE3|1.02|2021-05-05|72.838346|73.680484|72.627812|74.226558|4.299737960872273|4.307122010661933|0.0073840497896604|0|1|1|1.0|0.0|0.0|0.0|0.0|73.680484|0.0074113791109188445|1.0|0.0|0.0|0.0|0.0|0.0
VALE3|1.02|2021-05-06|75.69372|73.647588|73.344945|75.792408|4.2992913928815275|4.327998129320802|0.0287067364392745|1|1|1|1.0|73.647588|0.029122746015796144|0.0|75.12053976|73.680484|0.028663275338962044|0.0|75.15409368|73.647588|0.029122746015796144|0.0|75.12053976
VALE3|1.02|2021-05-07|75.956888|76.674021|75.127908|76.6806|4.33956294174143|4.339648742872965|8.580113153566771e-05|0|0|1|0.0|76.674021|8.580481255837765e-05|1.0|0.0|76.674021|8.580481255837765e-05|1.0|0.0|76.674021|8.580481255837765e-05|1.0|0.0
VALE3|1.02|2021-05-10|75.456869|78.818841|75.456869|79.246489|4.367152067268998|4.372563108936873|0.0054110416678749|0|0|1|1.0|76.674021|0.033550712046261415|0.0|78.20750142|76.674021|0.033550712046261415|0.0|78.20750142|76.674021|0.033550712046261415|0.0|78.20750142
VALE3|1.02|2021-05-11|78.108287|74.989745|74.555518|78.108287|4.317351370854123|4.358096158771049|0.0407447879169264|1|1|1|1.0|0.0|0.0|0.0|0.0|74.989745|0.04158624622606738|0.0|76.4895399|74.989745|0.04158624622606738|0.0|76.4895399
VALE3|1.02|2021-05-12|75.220017|77.634584|74.976587|77.937228|4.352012998010842|4.355903733458223|0.0038907354473805|0|1|1|1.0|77.634584|0.0038983141843073545|1.0|0.0|77.634584|0.0038983141843073545|1.0|0.0|77.634584|0.0038983141843073545|1.0|0.0
VALE3|1.02|2021-05-13|74.009444|73.687063|72.844925|75.147646|4.299827247830471|4.319454791689747|0.0196275438592756|0|0|1|1.0|77.634584|-0.03203389355445003|2.0|0.0|77.634584|-0.03203389355445003|2.0|0.0|77.634584|-0.03203389355445003|2.0|0.0
VALE3|1.02|2021-05-14|72.739658|73.160727|72.121213|73.5489|4.292658760597403|4.297950491123235|0.0052917305258315|0|1|1|1.0|77.634584|-0.0526271126795759|3.0|0.0|77.634584|-0.0526271126795759|3.0|0.0|77.634584|-0.0526271126795759|3.0|0.0
VALE3|1.02|2021-05-17|74.647627|73.358103|73.140989|74.884478|4.29535296883524|4.3159466327316744|0.0205936638964345|1|0|1|1.0|77.634584|-0.03542372301499036|4.0|74.647627|77.634584|-0.03542372301499036|4.0|74.647627|77.634584|-0.03542372301499036|4.0|74.647627
VALE3|1.02|2021-05-18|75.397656|75.371339|74.469988|75.923992|4.322427083386837|4.329732734584216|0.0073056511973783|0|0|1|1.0|0.0|0.0|0.0|0.0|75.371339|0.007332402572813417|1.0|0.0|75.371339|0.007332402572813417|1.0|0.0
VALE3|1.02|2021-05-19|73.851543|73.752855|72.265956|74.200241|4.300719706335051|4.306767398146497|0.006047691811446|0|0|0|0.0|0.0|0.0|0.0|0.0|75.371339|-0.015537709897922877|2.0|0.0|75.371339|-0.015537709897922877|2.0|0.0
VALE3|1.02|2021-05-20|73.101514|73.489687|72.502807|73.752855|4.297145083448841|4.300719706335051|0.0035746228862096|0|0|1|1.0|0.0|0.0|0.0|0.0|75.371339|-0.021473467520591736|3.0|0.0|75.371339|-0.021473467520591736|3.0|0.0
VALE3|1.02|2021-05-21|71.976471|73.101514|71.384342|73.193623|4.291849077895565|4.293108299685978|0.0012592217904137|0|0|0|0.0|0.0|0.0|0.0|0.0|75.371339|-0.028893157915106212|4.0|71.976471|75.371339|-0.028893157915106212|4.0|71.976471
VALE3|1.02|2021-05-24|72.22648|71.055382|70.733001|72.463332|4.263459601146466|4.283080668400867|0.019621067254401|0|0|0|0.0|0.0|0.0|0.0|0.0|0.0|0.0|0.0|0.0|0.0|0.0|0.0|0.0
VALE3|1.02|2021-05-25|70.430358|72.55544|70.25272|72.956772|4.2843509592896325|4.289867101366254|0.0055161420766216|0|0|0|0.0|0.0|0.0|0.0|0.0|0.0|0.0|0.0|0.0|0.0|0.0|0.0|0.0
VALE3|1.02|2021-05-26|72.502807|69.982972|69.75928|72.581757|4.248251955314684|4.284713609262656|0.0364616539479722|1|1|1|1.0|0.0|0.0|0.0|0.0|0.0|0.0|0.0|0.0|0.0|0.0|0.0|0.0
VALE3|1.02|2021-05-27|73.022564|72.897559|72.219901|73.746276|4.289055154229038|4.300630499029764|0.0115753448007263|0|0|0|0.0|72.897559|0.011642598348183285|1.0|0.0|72.897559|0.011642598348183285|1.0|0.0|72.897559|0.011642598348183285|1.0|0.0
VALE3|1.02|2021-05-28|73.417316|73.101514|71.989629|74.180503|4.291849077895565|4.306501352841907|0.014652274946342|0|0|0|0.0|72.897559|0.017599272425569155|2.0|0.0|72.897559|0.017599272425569155|2.0|0.0|72.897559|0.017599272425569155|2.0|0.0
VALE3|1.02|2021-05-31|75.516081|74.016023|74.016023|75.588453|4.304281596792603|4.325303533424599|0.0210219366319952|1|0|1|1.0|72.897559|0.036913362215599016|0.0|74.35551018|72.897559|0.036913362215599016|0.0|74.35551018|72.897559|0.036913362215599016|0.0|74.35551018
VALE3|1.02|2021-06-01|74.476567|76.976664|74.476567|77.634584|4.34350231098516|4.352012998010842|0.0085106870256819|0|0|1|1.0|0.0|0.0|0.0|0.0|76.976664|0.008547005882198328|1.0|0.0|76.976664|0.008547005882198328|1.0|0.0
VALE3|1.02|2021-06-02|75.52924|75.147646|74.673943|76.121368|4.319454791689747|4.332329013890213|0.012874222200466|0|0|1|1.0|0.0|0.0|0.0|0.0|76.976664|-0.011111107646857698|2.0|0.0|76.976664|-0.011111107646857698|2.0|0.0
VALE3|1.02|2021-06-04|74.279191|75.331864|73.943652|75.516081|4.321903205989184|4.324345626952593|0.0024424209634092|0|0|0|0.0|0.0|0.0|0.0|0.0|76.976664|-0.018974360853050216|3.0|0.0|76.976664|-0.018974360853050216|3.0|0.0
VALE3|1.02|2021-06-07|73.555479|73.818647|72.831767|74.114711|4.301611369067589|4.305614041612609|0.0040026725450195|0|0|0|0.0|0.0|0.0|0.0|0.0|76.976664|-0.03717948857851257|4.0|73.555479|76.976664|-0.03717948857851257|4.0|73.555479
VALE3|1.02|2021-06-08|72.318589|74.002865|72.173847|74.193662|4.3041038086709325|4.30667872873527|0.0025749200643376|0|0|0|0.0|0.0|0.0|0.0|0.0|0.0|0.0|0.0|0.0|0.0|0.0|0.0|0.0
VALE3|1.02|2021-06-09|73.818647|72.371223|71.844887|74.568676|4.281808748002898|4.311720526268671|0.0299117782657729|1|1|1|1.0|0.0|0.0|0.0|0.0|0.0|0.0|0.0|0.0|0.0|0.0|0.0|0.0
VALE3|1.02|2021-06-10|73.575217|73.831806|73.05546|74.588414|4.301789614372869|4.311985186837139|0.0101955724642692|0|0|1|1.0|73.831806|0.01024772440213639|1.0|0.0|73.831806|0.01024772440213639|1.0|0.0|73.831806|0.01024772440213639|1.0|0.0
VALE3|1.02|2021-06-11|75.226596|74.575255|74.358142|75.502923|4.311808749771433|4.324171370737352|0.0123626209659191|0|1|1|1.0|73.831806|0.022634107040534743|0.0|75.30844212|73.831806|0.022634107040534743|0.0|75.30844212|73.831806|0.022634107040534743|0.0|75.30844212
VALE3|1.02|2021-06-14|74.818686|75.601611|74.423934|75.845041|4.325477592482252|4.328692324619665|0.0032147321374127|0|0|1|1.0|75.601611|0.003219904930332627|1.0|0.0|75.601611|0.003219904930332627|1.0|0.0|75.601611|0.003219904930332627|1.0|0.0
VALE3|1.02|2021-06-15|73.358103|74.851582|73.193623|74.910795|4.315507246246826|4.316298005638759|0.0007907593919336|0|1|1|1.0|75.601611|-0.009137583060234156|2.0|0.0|75.601611|-0.009137583060234156|2.0|0.0|75.601611|-0.009137583060234156|2.0|0.0
VALE3|1.02|2021-06-16|71.15407|73.358103|71.07512|73.443633|4.29535296883524|4.296518214042935|0.0011652452076953|0|1|1|1.0|75.601611|-0.028544074279052065|3.0|0.0|75.601611|-0.028544074279052065|3.0|0.0|75.601611|-0.028544074279052065|3.0|0.0
VALE3|1.02|2021-06-17|69.67375|70.844848|69.01583|71.81857|4.260492246484917|4.27414307771138|0.0136508312264629|0|1|1|1.0|75.601611|-0.05003915855708434|4.0|69.67375|75.601611|-0.05003915855708434|4.0|69.67375|75.601611|-0.05003915855708434|4.0|69.67375
VALE3|1.02|2021-06-18|71.772515|70.404041|70.08166|71.772515|4.2542506620848295|4.273501603324871|0.0192509412400418|0|1|1|1.0|70.404041|0.019437435416526615|1.0|0.0|70.404041|0.019437435416526615|1.0|0.0|70.404041|0.019437435416526615|1.0|0.0
VALE3|1.02|2021-06-21|72.443594|70.890902|70.489571|72.825188|4.261142103724474|4.288061884373234|0.0269197806487602|1|0|1|1.0|70.404041|0.03438931864720649|0.0|71.81212182|70.404041|0.03438931864720649|0.0|71.81212182|70.404041|0.03438931864720649|0.0|71.81212182
VALE3|1.02|2021-06-22|73.292311|72.825188|72.489648|73.739697|4.288061884373234|4.300541283765823|0.0124793993925891|0|1|1|1.0|0.0|0.0|0.0|0.0|72.825188|0.01255759202434204|1.0|0.0|72.825188|0.01255759202434204|1.0|0.0
VALE3|1.02|2021-06-23|74.391038|73.95681|73.79233|75.167384|4.303481274166347|4.319717413466337|0.0162361392999903|0|0|0|0.0|73.95681|0.016368661655363367|1.0|0.0|72.825188|0.032161894316016064|0.0|74.28169176|72.825188|0.032161894316016064|0.0|74.28169176
VALE3|1.02|2021-06-24|74.491483|74.954413|73.981589|75.088595|4.316880102068127|4.3186686830564645|0.0017885809883377|0|0|1|1.0|73.95681|0.0153033236560635|2.0|0.0|0.0|0.0|0.0|0.0|0.0|0.0|0.0|0.0
VALE3|1.02|2021-06-25|75.410634|74.873903|74.73972|76.463967|4.315805405243143|4.336819610260066|0.0210142050169226|1|0|1|1.0|73.95681|0.03390028585602857|0.0|75.4359462|74.873903|0.021236558217086643|0.0|76.37138106|74.873903|0.021236558217086643|0.0|76.37138106
VALE3|1.02|2021-06-28|74.20299|75.974201|73.807151|76.282821|4.330393822130248|4.334447762219344|0.0040539400890953|0|0|1|1.0|0.0|0.0|0.0|0.0|75.974201|0.004062168419513945|1.0|0.0|75.974201|0.004062168419513945|1.0|0.0
VALE3|1.02|2021-06-29|75.484434|74.20299|74.20299|75.846727|4.306804445857409|4.328714553907678|0.0219101080502683|1|1|1|1.0|0.0|0.0|0.0|0.0|75.974201|-0.0016778590405971143|2.0|0.0|75.974201|-0.0016778590405971143|2.0|0.0
VALE3|1.02|2021-06-30|75.98091|75.028213|74.927576|76.67195|4.317864216134194|4.3395359309241694|0.0216717147899752|1|0|0|0.0|75.028213|0.021908252033138544|0.0|76.52877726|75.974201|0.009184025508869804|3.0|0.0|75.974201|0.009184025508869804|3.0|0.0
VALE3|1.02|2021-07-01|74.659211|76.088256|74.310336|76.725623|4.331893929699711|4.340235720381599|0.0083417906818876|0|0|0|1.0|0.0|0.0|0.0|0.0|75.974201|0.00989048900955214|4.0|74.659211|75.974201|0.00989048900955214|4.0|74.659211
VALE3|1.02|2021-07-02|76.202311|75.142268|74.860485|76.229148|4.3193832233474785|4.333743909235637|0.0143606858881586|0|0|0|0.0|0.0|0.0|0.0|0.0|0.0|0.0|0.0|0.0|75.142268|0.01446429591398537|1.0|0.0
VALE3|1.02|2021-07-05|75.927237|76.417003|75.330124|76.457258|4.336205223767394|4.3367318657366445|0.0005266419692508|0|0|0|0.0|0.0|0.0|0.0|0.0|0.0|0.0|0.0|0.0|75.142268|0.01750000412550756|2.0|0.0
VALE3|1.02|2021-07-06|76.329785|76.148638|75.59178|76.718914|4.332687193429413|4.340148275104817|0.0074610816754043|0|0|0|0.0|0.0|0.0|0.0|0.0|0.0|0.0|0.0|0.0|75.142268|0.020982145494996194|0.0|76.64511336
VALE3|1.02|2021-07-07|76.551186|77.027534|76.484095|77.544137|4.344162942351198|4.35084728392763|0.0066843415764319|0|0|1|1.0|0.0|0.0|0.0|0.0|0.0|0.0|0.0|0.0|0.0|0.0|0.0|0.0
VALE3|1.02|2021-07-08|76.255984|75.155687|74.806812|76.82626|4.319561788651786|4.341546508793217|0.0219847201414307|1|0|0|0.0|0.0|0.0|0.0|0.0|75.155687|0.02222816484932144|0.0|76.65880074|75.155687|0.02222816484932144|0.0|76.65880074
VALE3|1.02|2021-07-12|77.201972|77.362991|77.155008|78.027195|4.348508513789563|4.3570574197701175|0.0085489059805548|0|0|1|1.0|0.0|0.0|0.0|0.0|0.0|0.0|0.0|0.0|0.0|0.0|0.0|0.0
VALE3|1.02|2021-07-13|77.658192|77.222099|77.054371|77.765539|4.346685672543846|4.35369838961119|0.0070127170673437|0|0|1|0.0|0.0|0.0|0.0|0.0|77.222099|0.007037363747390548|1.0|0.0|77.222099|0.007037363747390548|1.0|0.0
VALE3|1.02|2021-07-14|77.235517|78.000358|76.779296|78.114413|4.356713416422648|4.358174585273768|0.0014611688511196|0|0|1|1.0|0.0|0.0|0.0|0.0|77.222099|0.011555163762124608|2.0|0.0|77.222099|0.011555163762124608|2.0|0.0
VALE3|1.02|2021-07-15|77.477046|77.148299|76.819551|77.933267|4.345729530607588|4.355852909214663|0.0101233786070755|0|0|1|0.0|0.0|0.0|0.0|0.0|77.222099|0.009209384479435099|3.0|0.0|77.222099|0.009209384479435099|3.0|0.0
VALE3|1.02|2021-07-16|76.081547|77.383118|75.813181|77.738702|4.34876864311034|4.35335322860344|0.0045845854931005|0|0|0|0.0|0.0|0.0|0.0|0.0|77.222099|0.006689833696439713|4.0|76.081547|77.222099|0.006689833696439713|4.0|76.081547
VALE3|1.02|2021-07-19|75.249614|75.142268|73.941334|75.249614|4.3193832233474785|4.320810774047723|0.0014275507002441|0|0|1|0.0|0.0|0.0|0.0|0.0|0.0|0.0|0.0|0.0|0.0|0.0|0.0|0.0
VALE3|1.02|2021-07-20|75.880273|75.249614|73.941334|75.893691|4.320810774047723|4.329333558417071|0.0085227843693482|0|0|1|1.0|0.0|0.0|0.0|0.0|75.249614|0.00855920669573149|1.0|0.0|0.0|0.0|0.0|0.0
VALE3|1.02|2021-07-21|76.75246|75.652162|75.477725|77.067789|4.326146018808148|4.34468541117286|0.0185393923647119|0|0|1|1.0|0.0|0.0|0.0|0.0|75.249614|0.024161917960137454|0.0|76.75460627999999|75.652162|0.01871231386619196|1.0|0.0
VALE3|1.02|2021-07-22|76.953734|76.269402|75.605198|76.953734|4.334271835579001|4.343204384123832|0.0089325485448314|0|0|0|1.0|0.0|0.0|0.0|0.0|76.269402|0.008972562810968384|1.0|0.0|75.652162|0.017204690065566044|2.0|0.0
VALE3|1.02|2021-07-23|76.564604|76.229148|75.678999|76.812842|4.333743909235637|4.341371839716667|0.0076279304810302|0|0|1|1.0|0.0|0.0|0.0|0.0|76.269402|0.007125268925014043|2.0|0.0|75.652162|0.015342324255055648|3.0|0.0
VALE3|1.02|2021-07-26|78.228469|76.779296|76.779296|78.396197|4.3409350204761745|4.361775418526767|0.0208403980505922|1|0|1|1.0|0.0|0.0|0.0|0.0|76.269402|0.027885297959986646|0.0|77.79479004|75.652162|0.03627173272324982|0.0|77.16520524
VALE3|1.02|2021-07-27|76.604859|77.624647|76.410294|77.859466|4.3518849927392775|4.354905483694881|0.0030204909556035|0|0|0|0.0|0.0|0.0|0.0|0.0|77.624647|0.003025057234720844|1.0|0.0|77.624647|0.003025057234720844|1.0|0.0
VALE3|1.02|2021-07-28|78.698108|77.490464|77.322736|78.899382|4.350154883627334|4.368173395121533|0.0180185114941995|0|1|1|1.0|0.0|0.0|0.0|0.0|77.624647|0.016421781602433655|2.0|0.0|77.624647|0.016421781602433655|2.0|0.0
VALE3|1.02|2021-07-29|77.537428|78.074159|76.987279|78.872545|4.357659131417243|4.36783319517888|0.0101740637616369|0|0|0|0.0|78.074159|0.010225995517928126|1.0|0.0|77.624647|0.016076053782247877|3.0|0.0|77.624647|0.016076053782247877|3.0|0.0
VALE3|1.02|2021-07-30|72.96851|76.155347|72.96851|76.155347|4.332775293553706|4.332775293553706|0.0|0|0|0|0.0|78.074159|-0.024576787308077035|2.0|0.0|77.624647|-0.018928266430634975|4.0|72.96851|77.624647|-0.018928266430634975|4.0|72.96851
VALE3|1.02|2021-08-02|73.082565|74.404264|73.082565|74.719593|4.309513252024743|4.313742346903611|0.0042290948788679|0|0|1|1.0|78.074159|-0.04296640582449299|3.0|0.0|0.0|0.0|0.0|0.0|0.0|0.0|0.0|0.0
VALE3|1.02|2021-08-03|75.571653|73.652841|73.424731|75.833309|4.299362716502754|4.328537628843723|0.0291749123409683|1|1|1|1.0|78.074159|-0.028701557963627822|4.0|75.571653|73.652841|0.029604669288995994|0.0|75.12589781999999|73.652841|0.029604669288995994|0.0|75.12589781999999
VALE3|1.02|2021-08-04|75.491143|75.142268|74.887321|75.98091|4.3193832233474785|4.330482124523767|0.0110989011762887|0|0|1|1.0|75.142268|0.011160722484447674|1.0|0.0|75.142268|0.011160722484447674|1.0|0.0|75.142268|0.011160722484447674|1.0|0.0
VALE3|1.02|2021-08-05|73.183202|73.558913|72.391525|73.793733|4.298086622574193|4.301273809301443|0.0031871867272501|0|0|1|1.0|75.142268|-0.017946423975384908|2.0|0.0|75.142268|-0.017946423975384908|2.0|0.0|75.142268|-0.017946423975384908|2.0|0.0
VALE3|1.02|2021-08-06|73.599168|73.699805|73.464986|74.397555|4.300000153330189|4.309423078395823|0.0094229250656336|0|1|1|1.0|75.142268|-0.00991070698052399|3.0|0.0|75.142268|-0.00991070698052399|3.0|0.0|75.142268|-0.00991070698052399|3.0|0.0
VALE3|1.02|2021-08-09|73.136238|72.592799|72.243924|73.43144|4.284865729583538|4.296352181784649|0.0114864522011108|0|0|1|1.0|75.142268|-0.022767851510683793|4.0|73.136238|75.142268|-0.022767851510683793|4.0|73.136238|75.142268|-0.022767851510683793|4.0|73.136238
VALE3|1.02|2021-08-10|73.840697|73.095983|73.022183|74.296918|4.291773413125426|4.308069470378852|0.0162960572534256|0|1|1|1.0|0.0|0.0|0.0|0.0|73.095983|0.016429562210005456|1.0|0.0|73.095983|0.016429562210005456|1.0|0.0
VALE3|1.02|2021-08-11|73.310676|73.927916|73.303966|74.135899|4.303090510344427|4.305899881922396|0.0028093715779684|0|0|1|0.0|73.927916|0.002813321560423788|1.0|0.0|73.095983|0.014226718860870794|2.0|0.0|73.095983|0.014226718860870794|2.0|0.0
VALE3|1.02|2021-08-12|73.263712|73.263712|73.015474|73.787024|4.294065424917714|4.30118288958886|0.007117464671146|0|0|1|1.0|73.927916|-0.0019058024035195826|2.0|0.0|73.095983|0.009453884764091598|3.0|0.0|73.095983|0.009453884764091598|3.0|0.0
VALE3|1.02|2021-08-13|72.65989|73.599168|72.431779|73.733351|4.29863372132311|4.3004552205822115|0.0018214992591012|0|0|1|0.0|73.927916|-0.0026318204343809344|3.0|0.0|73.095983|0.008719603647713377|4.0|72.65989|73.095983|0.008719603647713377|4.0|72.65989
VALE3|1.02|2021-08-16|72.995346|71.948722|71.063117|73.062438|4.27595367084067|4.2913143906433895|0.0153607198027199|0|0|1|1.0|73.927916|-0.011707052583492222|4.0|72.995346|71.948722|0.015479302050702116|1.0|0.0|0.0|0.0|0.0|0.0
VALE3|1.02|2021-08-17|71.787703|72.532416|70.888679|73.344221|4.28403357917488|4.29516371484576|0.0111301356708803|0|1|1|1.0|0.0|0.0|0.0|0.0|71.948722|0.019395744096747138|2.0|0.0|72.532416|0.011192306071812179|1.0|0.0
VALE3|1.02|2021-08-18|69.379125|70.942352|69.379125|70.942352|4.261867603574554|4.261867603574554|0.0|0|1|1|1.0|70.942352|0.0|1.0|0.0|71.948722|-0.013987322804705328|3.0|0.0|72.532416|-0.021922115485578174|2.0|0.0
VALE3|1.02|2021-08-19|65.420737|66.192287|65.279846|67.279167|4.19256394558106|4.208850634494111|0.0162866889130501|0|0|1|1.0|70.942352|-0.05163608051788301|2.0|0.0|71.948722|-0.06490115279601495|4.0|65.420737|72.532416|-0.07242622388312554|3.0|0.0
VALE3|1.02|2021-08-20|65.447574|65.47441|65.373773|66.487489|4.181659379280247|4.19701379462379|0.0153544153435429|0|1|1|1.0|70.942352|-0.06279553573301323|3.0|0.0|65.47441|0.015472900023077572|1.0|0.0|72.532416|-0.08334104023227355|4.0|65.447574
VALE3|1.02|2021-08-23|64.541841|65.454283|64.515005|65.702521|4.181351929481469|4.1851372961394855|0.0037853666580165|0|0|1|1.0|70.942352|-0.07386040710914117|4.0|64.541841|65.47441|0.0034839718296048546|2.0|0.0|65.454283|0.003792540207032756|1.0|0.0
VALE3|1.02|2021-08-24|66.896746|66.675345|66.487489|67.943371|4.199835244407897|4.218674578810931|0.0188393344030339|0|1|1|1.0|0.0|0.0|0.0|0.0|65.47441|0.037708793404934736|0.0|66.78389820000001|65.454283|0.03802788581459207|0.0|66.76336866000001
VALE3|1.02|2021-08-25|66.755854|67.151693|66.118487|67.399931|4.206954134862891|4.210643994178865|0.0036898593159735|0|1|1|1.0|67.151693|0.0036966752275329924|1.0|0.0|67.151693|0.0036966752275329924|1.0|0.0|67.151693|0.0036966752275329924|1.0|0.0
VALE3|1.02|2021-08-26|65.903795|66.749145|65.903795|66.957128|4.200941488209559|4.2040525339829875|0.0031110457734282|0|0|1|0.0|67.151693|-0.0028973953046872135|2.0|0.0|67.151693|-0.0028973953046872135|2.0|0.0|67.151693|-0.0028973953046872135|2.0|0.0
VALE3|1.02|2021-08-27|67.554241|66.427107|66.353307|67.762224|4.196105211127755|4.2160048715289085|0.0198996604011538|1|0|1|0.0|67.151693|0.009091818429656106|3.0|0.0|67.151693|0.009091818429656106|3.0|0.0|67.151693|0.009091818429656106|3.0|0.0
VALE3|1.02|2021-08-30|67.124857|67.64146|67.057765|68.191609|4.2142211086584584|4.22232152208935|0.0081004134308919|0|1|1|1.0|67.151693|0.015486072704079184|4.0|67.124857|67.151693|0.015486072704079184|4.0|67.124857|67.151693|0.015486072704079184|4.0|67.124857
VALE3|1.02|2021-08-31|66.205706|66.420398|65.548211|66.594835|4.19600420810168|4.198627021986436|0.0026228138847557|0|1|1|1.0|66.420398|0.002626256470188533|1.0|0.0|66.420398|0.002626256470188533|1.0|0.0|66.420398|0.002626256470188533|1.0|0.0
VALE3|1.02|2021-09-01|66.319761|65.3201|64.219803|66.816237|4.179299799025771|4.201946119868426|0.0226463208426546|1|0|1|0.0|66.420398|0.005959599940969868|2.0|0.0|66.420398|0.005959599940969868|2.0|0.0|66.420398|0.005959599940969868|2.0|0.0
VALE3|1.02|2021-09-02|66.111778|66.266088|65.689103|67.091311|4.19367827312187|4.206054542299064|0.012376269177194|0|0|1|1.0|66.420398|0.01010100842816387|3.0|0.0|66.420398|0.01010100842816387|3.0|0.0|66.420398|0.01010100842816387|3.0|0.0
VALE3|1.02|2021-09-03|66.158742|67.198657|66.09165|67.681715|4.207653262210351|4.214816054811435|0.0071627926010844|0|0|1|1.0|66.420398|0.01898990427609288|4.0|66.158742|66.420398|0.01898990427609288|4.0|66.158742|66.420398|0.01898990427609288|4.0|66.158742
VALE3|1.02|2021-09-06|65.118826|65.004771|64.515005|65.447574|4.174460667201989|4.181249425205982|0.0067887580039931|0|0|0|0.0|0.0|0.0|0.0|0.0|65.004771|0.006811853856080776|1.0|0.0|65.004771|0.006811853856080776|1.0|0.0
VALE3|1.02|2021-09-08|63.763582|64.722988|63.535472|64.897425|4.170116439793298|4.172807946497644|0.0026915067043464|0|0|0|0.0|0.0|0.0|0.0|0.0|65.004771|-0.001651355713567652|2.0|0.0|65.004771|-0.001651355713567652|2.0|0.0
VALE3|1.02|2021-09-09|63.535472|63.844092|62.508974|64.219803|4.156444048831742|4.16231162107647|0.0058675722447283|0|0|0|0.0|0.0|0.0|0.0|0.0|65.004771|-0.012075544424270125|3.0|0.0|65.004771|-0.012075544424270125|3.0|0.0
VALE3|1.02|2021-09-10|63.609272|64.078911|63.609272|64.535132|4.160115308233675|4.167209757686779|0.0070944494531035|0|0|0|0.0|0.0|0.0|0.0|0.0|65.004771|-0.00722468509272959|4.0|63.609272|65.004771|-0.00722468509272959|4.0|63.609272
VALE3|1.02|2021-09-13|63.575726|63.535472|63.025578|63.736745|4.151598364105058|4.154761240851222|0.0031628767461642|0|0|0|0.0|0.0|0.0|0.0|0.0|0.0|0.0|0.0|0.0|0.0|0.0|0.0|0.0
VALE3|1.02|2021-09-14|63.126215|63.837382|62.441883|64.125875|4.156338943528741|4.16084794862201|0.0045090050932685|0|0|0|0.0|0.0|0.0|0.0|0.0|0.0|0.0|0.0|0.0|0.0|0.0|0.0|0.0
VALE3|1.02|2021-09-15|61.549569|62.985323|61.549569|63.361034|4.142901730996245|4.148849066817454|0.0059473358212089|0|0|0|0.0|0.0|0.0|0.0|0.0|0.0|0.0|0.0|0.0|0.0|0.0|0.0|0.0
VALE3|1.02|2021-09-16|58.99339|60.670673|58.986681|60.670673|4.105460434689781|4.105460434689781|0.0|0|0|0|0.0|0.0|0.0|0.0|0.0|0.0|0.0|0.0|0.0|0.0|0.0|0.0|0.0
VALE3|1.02|2021-09-17|57.799164|59.234918|57.081287|59.570375|4.08151119908906|4.087158386735773|0.005647187646713|0|0|0|0.0|0.0|0.0|0.0|0.0|0.0|0.0|0.0|0.0|0.0|0.0|0.0|0.0
VALE3|1.02|2021-09-20|55.893771|55.551606|54.43789|56.316446|4.017312426558816|4.0309866061654835|0.0136741796066672|0|0|0|0.0|0.0|0.0|0.0|0.0|0.0|0.0|0.0|0.0|0.0|0.0|0.0|0.0
VALE3|1.02|2021-09-21|56.437211|56.82634|55.357041|56.82634|4.039999950630835|4.039999950630835|0.0|0|0|0|1.0|0.0|0.0|0.0|0.0|0.0|0.0|0.0|0.0|0.0|0.0|0.0|0.0
VALE3|1.02|2021-09-22|58.443241|59.107445|58.040693|60.033305|4.079356889405371|4.094899491553667|0.0155426021482956|0|0|0|1.0|0.0|0.0|0.0|0.0|0.0|0.0|0.0|0.0|59.107445|0.015664016605691552|1.0|0.0
VALE3|1.02|2021-09-23|58.441186|58.655962|57.485805|59.500252|4.071689223812022|4.085980547836733|0.0142913240247102|0|0|0|1.0|0.0|0.0|0.0|0.0|0.0|0.0|0.0|0.0|59.107445|0.006645643370306479|2.0|0.0
VALE3|1.02|2021-09-24|57.537647|57.982011|57.026629|58.352313|4.060132807265942|4.066498998049744|0.0063661907838019|0|0|0|0.0|0.0|0.0|0.0|0.0|0.0|0.0|0.0|0.0|59.107445|-0.012775581823913995|3.0|0.0
VALE3|1.02|2021-09-27|58.359719|58.211598|56.656327|58.75224|4.0640846132346145|4.073329279957002|0.0092446667223873|0|0|0|0.0|0.0|0.0|0.0|0.0|0.0|0.0|0.0|0.0|59.107445|-0.006009479854864273|4.0|58.359719
VALE3|1.02|2021-09-28|55.434327|57.38212|55.219552|57.619114|4.049732756542022|4.053854352932816|0.0041215963907941|0|0|0|0.0|0.0|0.0|0.0|0.0|0.0|0.0|0.0|0.0|0.0|0.0|0.0|0.0
VALE3|1.02|2021-09-29|56.137903|56.115684|55.434327|56.878508|4.027415345648141|4.040917554489915|0.013502208841774|0|0|0|0.0|0.0|0.0|0.0|0.0|0.0|0.0|0.0|0.0|0.0|0.0|0.0|0.0
VALE3|1.02|2021-09-30|56.463769|57.322872|56.08606|58.019041|4.04869970638028|4.060771249773478|0.0120715433931986|0|0|0|0.0|0.0|0.0|0.0|0.0|0.0|0.0|0.0|0.0|0.0|0.0|0.0|0.0
VALE3|1.02|2021-10-01|56.434145|56.841478|56.04903|57.256217|4.040266305705751|4.047536230424923|0.0072699247191714|0|0|0|0.0|0.0|0.0|0.0|0.0|0.0|0.0|0.0|0.0|0.0|0.0|0.0|0.0
VALE3|1.02|2021-10-04|55.908315|56.722981|55.871285|57.026629|4.038179437260322|4.043518334180677|0.0053388969203549|0|0|0|0.0|0.0|0.0|0.0|0.0|0.0|0.0|0.0|0.0|0.0|0.0|0.0|0.0
VALE3|1.02|2021-10-05|55.508388|56.278618|55.508388|56.360084|4.030314676152224|4.0317611774481055|0.0014465012958817|0|0|0|0.0|0.0|0.0|0.0|0.0|0.0|0.0|0.0|0.0|0.0|0.0|0.0|0.0
VALE3|1.02|2021-10-06|57.071066|54.849249|54.745564|57.226593|4.00458849474054|4.047018702934793|0.0424302081942524|1|0|0|0.0|0.0|0.0|0.0|0.0|0.0|0.0|0.0|0.0|0.0|0.0|0.0|0.0
VALE3|1.02|2021-10-07|58.774459|58.019041|57.552459|59.52247|4.060771249773478|4.086353888319705|0.0255826385462265|1|0|0|1.0|0.0|0.0|0.0|0.0|0.0|0.0|0.0|0.0|0.0|0.0|0.0|0.0
VALE3|1.02|2021-10-08|59.137355|60.32973|58.944798|60.61116|4.099825017057276|4.1044790345360305|0.0046540174787548|0|0|0|1.0|0.0|0.0|0.0|0.0|0.0|0.0|0.0|0.0|60.32973|0.004664864238576906|1.0|0.0
VALE3|1.02|2021-10-11|60.448227|60.655597|59.796494|61.544323|4.105211914726584|4.119757614420516|0.0145456996939321|0|0|0|1.0|0.0|0.0|0.0|0.0|0.0|0.0|0.0|0.0|60.32973|0.020132578083807116|0.0|61.5363246
VALE3|1.02|2021-10-13|58.655962|59.840931|58.633743|59.840931|4.091689891700275|4.091689891700275|0.0|0|0|0|1.0|0.0|0.0|0.0|0.0|0.0|0.0|0.0|0.0|59.840931|0.0|1.0|0.0
VALE3|1.02|2021-10-14|58.655962|59.24104|58.604119|59.426191|4.081614544951103|4.084735055115254|0.0031205101641509|0|0|0|0.0|0.0|0.0|0.0|0.0|0.0|0.0|0.0|0.0|59.840931|-0.006930707678996418|2.0|0.0
VALE3|1.02|2021-10-15|59.752058|58.870737|58.730022|59.952021|4.075344142071709|4.093544592331495|0.0182004502597852|0|0|0|0.0|0.0|0.0|0.0|0.0|0.0|0.0|0.0|0.0|59.840931|0.001856421652263471|3.0|0.0
VALE3|1.02|2021-10-18|59.189198|59.181792|58.122726|59.544688|4.080613927013787|4.0867270894715775|0.0061131624577903|0|0|0|0.0|0.0|0.0|0.0|0.0|0.0|0.0|0.0|0.0|59.840931|-0.004950507872278875|4.0|59.189198
VALE3|1.02|2021-10-19|58.507841|59.041077|58.367125|59.426191|4.078233421995755|4.084735055115254|0.0065016331194991|0|0|0|0.0|0.0|0.0|0.0|0.0|0.0|0.0|0.0|0.0|0.0|0.0|0.0|0.0
VALE3|1.02|2021-10-20|56.589672|58.041259|56.493393|58.041259|4.061154119717316|4.061154119717316|0.0|0|0|0|0.0|0.0|0.0|0.0|0.0|0.0|0.0|0.0|0.0|0.0|0.0|0.0|0.0
VALE3|1.02|2021-10-21|55.663915|55.175115|54.027177|55.663915|4.010512036417928|4.019332091389162|0.0088200549712347|0|0|0|0.0|0.0|0.0|0.0|0.0|0.0|0.0|0.0|0.0|0.0|0.0|0.0|0.0
VALE3|1.02|2021-10-22|56.345272|55.301018|55.2788|57.10069|4.012791317038779|4.044816200652|0.0320248836132206|1|0|0|1.0|0.0|0.0|0.0|0.0|0.0|0.0|0.0|0.0|0.0|0.0|0.0|0.0
VALE3|1.02|2021-10-25|57.026629|57.17475|56.560048|57.448775|4.046112367358839|4.05089368117796|0.0047813138191203|0|0|0|0.0|0.0|0.0|0.0|0.0|0.0|0.0|0.0|0.0|57.17475|0.004792762539407599|1.0|0.0
VALE3|1.02|2021-10-26|56.419333|57.034035|56.337866|57.078472|4.043648194901292|4.044427022803936|0.0007788279026446|0|0|0|0.0|0.0|0.0|0.0|0.0|0.0|0.0|0.0|0.0|57.17475|-0.0016839251592705728|2.0|0.0
VALE3|1.02|2021-10-27|55.138085|56.271212|55.138085|56.826666|4.030183072221579|4.0400056873906705|0.0098226151690914|0|0|0|0.0|0.0|0.0|0.0|0.0|0.0|0.0|0.0|0.0|57.17475|-0.006088072094762111|3.0|0.0
VALE3|1.02|2021-10-28|54.582631|55.138085|54.47154|55.308424|4.0098406752138125|4.012925229657397|0.0030845544435846|0|0|0|0.0|0.0|0.0|0.0|0.0|0.0|0.0|0.0|0.0|57.17475|-0.03264248641227117|4.0|54.582631
VALE3|1.02|2021-10-29|53.034765|54.079019|52.597808|54.182704|3.9904462917772814|3.992361743126625|0.0019154513493431|0|0|0|0.0|0.0|0.0|0.0|0.0|0.0|0.0|0.0|0.0|0.0|0.0|0.0|0.0
VALE3|1.02|2021-11-01|53.560595|53.323601|52.694087|53.960522|3.976379028663988|3.988252705125233|0.0118736764612443|0|0|0|0.0|0.0|0.0|0.0|0.0|0.0|0.0|0.0|0.0|0.0|0.0|0.0|0.0
VALE3|1.02|2021-11-03|49.494671|52.286754|49.331737|52.508935|3.956743069394246|3.960983345593013|0.0042402761987667|0|0|0|0.0|0.0|0.0|0.0|0.0|0.0|0.0|0.0|0.0|0.0|0.0|0.0|0.0
VALE3|1.02|2021-11-04|48.93181|49.539107|48.598538|50.079749|3.9027623980610393|3.913616714798452|0.0108543167374128|0|0|0|1.0|0.0|0.0|0.0|0.0|0.0|0.0|0.0|0.0|0.0|0.0|0.0|0.0
VALE3|1.02|2021-11-05|47.480223|49.198428|47.398757|49.368768|3.8958616717682992|3.89931799753364|0.0034563257653408|0|0|0|0.0|0.0|0.0|0.0|0.0|0.0|0.0|0.0|0.0|49.198428|0.003462305746842217|1.0|0.0
VALE3|1.02|2021-11-08|50.064937|47.694999|47.643157|50.47227|3.864826549630613|3.921424076554913|0.0565975269243002|1|0|0|1.0|0.0|0.0|0.0|0.0|0.0|0.0|0.0|0.0|49.198428|0.02589192483954979|0.0|50.18239656
VALE3|1.02|2021-11-09|48.835532|49.805725|48.309702|49.842755|3.9081299372625886|3.908873149837522|0.0007432125749335|0|0|0|1.0|0.0|0.0|0.0|0.0|0.0|0.0|0.0|0.0|49.805725|0.0007434888258326597|1.0|0.0
VALE3|1.02|2021-11-10|48.65038|47.850526|47.694999|49.087338|3.868082110524019|3.893601119669499|0.02551900914548|1|0|0|1.0|0.0|0.0|0.0|0.0|0.0|0.0|0.0|0.0|49.805725|-0.014423783611221397|2.0|0.0
VALE3|1.02|2021-11-11|50.368585|50.701858|50.064937|51.294342|3.925962556868455|3.9375804536964094|0.0116178968279538|0|0|0|1.0|0.0|0.0|0.0|0.0|0.0|0.0|0.0|0.0|49.805725|0.02988847165662176|0.0|50.80183950000001
VALE3|1.02|2021-11-12|50.583361|49.753883|49.62798|51.538742|3.907088510810096|3.9423337966997134|0.0352452858896175|1|0|0|1.0|0.0|0.0|0.0|0.0|0.0|0.0|0.0|0.0|49.753883|0.03587376285786573|0.0|50.74896066
VALE3|1.02|2021-11-16|49.124368|50.361179|49.020683|50.413022|3.919220620339752|3.920249514720637|0.0010288943808847|0|0|0|1.0|0.0|0.0|0.0|0.0|0.0|0.0|0.0|0.0|50.361179|0.001029423874290117|1.0|0.0
VALE3|1.02|2021-11-17|48.139362|49.613168|48.139362|50.146404|3.904256282367242|3.9149468069516824|0.0106905245844397|0|0|0|1.0|0.0|0.0|0.0|0.0|0.0|0.0|0.0|0.0|50.361179|-0.004264693644285076|2.0|0.0
VALE3|1.02|2021-11-18|46.161946|47.554284|45.806455|47.88015|3.8618718795703457|3.8687010135169455|0.0068291339466002|0|0|0|1.0|0.0|0.0|0.0|0.0|0.0|0.0|0.0|0.0|50.361179|-0.049264712408738476|3.0|0.0
VALE3|1.02|2021-11-19|47.420975|46.858115|46.517436|47.991241|3.847124206064835|3.871018515089875|0.0238943090250405|1|0|1|1.0|0.0|0.0|0.0|0.0|0.0|0.0|0.0|0.0|50.361179|-0.047058826799904696|4.0|47.420975
VALE3|1.02|2021-11-22|50.057531|48.546696|48.250453|51.116597|3.882526138868548|3.9341092389958847|0.051583100127337|1|0|1|1.0|0.0|0.0|0.0|0.0|48.546696|0.05293668182897558|0.0|49.51762992|48.546696|0.05293668182897558|0.0|49.51762992
VALE3|1.02|2021-11-23|51.375809|52.29416|51.257312|53.301383|3.956884701356123|3.975962278302336|0.0190775769462132|0|0|1|1.0|0.0|0.0|0.0|0.0|52.29416|0.01926071668423402|1.0|0.0|52.29416|0.01926071668423402|1.0|0.0
VALE3|1.02|2021-11-24|52.568184|51.923857|51.479494|52.568184|3.949778357001842|3.9621110698177167|0.0123327128158745|0|0|0|0.0|0.0|0.0|0.0|0.0|52.29416|0.005240049749341117|2.0|0.0|52.29416|0.005240049749341117|2.0|0.0
VALE3|1.02|2021-11-25|52.212693|52.797772|51.694269|52.797772|3.9664689928522017|3.9664689928522017|0.0|0|0|0|0.0|0.0|0.0|0.0|0.0|52.29416|0.009630367903414148|3.0|0.0|52.29416|0.009630367903414148|3.0|0.0
VALE3|1.02|2021-11-26|50.835167|49.990876|49.990876|51.368403|3.911840508776645|3.939023255812164|0.027182747035519|1|0|0|0.0|0.0|0.0|0.0|0.0|52.29416|-0.017702875426242572|4.0|50.835167|52.29416|-0.017702875426242572|4.0|50.835167
VALE3|1.02|2021-11-29|51.472088|52.04976|51.220282|52.286754|3.952200184099339|3.956743069394246|0.0045428852949069|0|0|0|0.0|0.0|0.0|0.0|0.0|0.0|0.0|0.0|0.0|0.0|0.0|0.0|0.0
VALE3|1.02|2021-11-30|51.80536|51.101785|50.872197|52.931081|3.933819428106417|3.968990708861799|0.0351712807553816|1|0|0|1.0|0.0|0.0|0.0|0.0|0.0|0.0|0.0|0.0|0.0|0.0|0.0|0.0
VALE3|1.02|2021-12-01|52.01273|52.805178|51.820172|53.286571|3.966609254085664|3.975684348207246|0.0090750941215818|0|0|0|0.0|0.0|0.0|0.0|0.0|0.0|0.0|0.0|0.0|52.805178|0.009116397638125644|1.0|0.0
VALE3|1.02|2021-12-02|54.427104|52.560778|51.923857|54.478946|3.961970176197702|3.9978143151049177|0.035844138907215|1|0|1|1.0|0.0|0.0|0.0|0.0|0.0|0.0|0.0|0.0|52.805178|0.03169704304377125|0.0|53.86128156
VALE3|1.02|2021-12-03|53.227323|54.130862|52.582996|55.056619|3.991404485307992|4.008362092089858|0.0169576067818666|0|0|0|1.0|0.0|0.0|0.0|0.0|54.130862|0.01710220317570404|1.0|0.0|54.130862|0.01710220317570404|1.0|0.0
VALE3|1.02|2021-12-06|56.115684|53.967928|53.293977|56.278618|3.9883899441944792|4.030314676152224|0.0419247319577444|1|0|1|1.0|0.0|0.0|0.0|0.0|54.130862|0.039677106933933566|0.0|55.21347924|54.130862|0.039677106933933566|0.0|55.21347924
VALE3|1.02|2021-12-07|56.530424|57.974604|56.360084|59.107731|4.060005052587866|4.079361728039626|0.0193566754517604|0|0|0|0.0|0.0|0.0|0.0|0.0|57.974604|0.019545230528870913|1.0|0.0|57.974604|0.019545230528870913|1.0|0.0
VALE3|1.02|2021-12-08|56.108278|57.019223|55.530606|57.019223|4.043388456594065|4.043388456594065|0.0|0|0|0|0.0|0.0|0.0|0.0|0.0|57.974604|-0.016479301868107674|2.0|0.0|57.974604|-0.016479301868107674|2.0|0.0
VALE3|1.02|2021-12-09|55.678727|55.463952|55.138085|56.248993|4.015733296213592|4.02978813870206|0.0140548424884681|0|0|1|1.0|0.0|0.0|0.0|0.0|57.974604|-0.02976494673426317|3.0|0.0|57.974604|-0.02976494673426317|3.0|0.0
VALE3|1.02|2021-12-10|56.026812|55.915721|55.426921|56.434145|4.023845574969136|4.033074383120059|0.0092288081509233|0|0|1|1.0|0.0|0.0|0.0|0.0|57.974604|-0.026571272483379076|4.0|56.026812|57.974604|-0.026571272483379076|4.0|56.026812
VALE3|1.02|2021-12-13|57.66355|57.396932|57.315466|58.307877|4.049990852419695|4.065737195721993|0.0157463433022977|0|0|1|1.0|0.0|0.0|0.0|0.0|57.396932|0.01587097024628421|1.0|0.0|57.396932|0.01587097024628421|1.0|0.0
VALE3|1.02|2021-12-14|57.656144|58.15235|57.196969|58.426374|4.06306629087381|4.0677673974783035|0.004701106604493|0|0|1|1.0|0.0|0.0|0.0|0.0|57.396932|0.017935488259198298|2.0|0.0|57.396932|0.017935488259198298|2.0|0.0
VALE3|1.02|2021-12-15|57.330278|57.826483|56.434145|57.900544|4.057446854135377|4.058726780044311|0.0012799259089337|0|0|1|1.0|0.0|0.0|0.0|0.0|57.396932|0.008774197199250943|3.0|0.0|57.396932|0.008774197199250943|3.0|0.0
VALE3|1.02|2021-12-16|59.574313|58.507841|58.107913|59.589125|4.069160779444066|4.087473090979325|0.0183123115352588|0|0|1|1.0|0.0|0.0|0.0|0.0|57.396932|0.03819355710510804|0.0|58.54487064|57.396932|0.03819355710510804|0.0|58.54487064
VALE3|1.02|2021-12-17|58.633743|59.174386|58.559683|59.744652|4.080488779342836|4.090079680529544|0.0095909011867076|0|0|1|1.0|0.0|0.0|0.0|0.0|59.174386|0.009637041269849487|1.0|0.0|59.174386|0.009637041269849487|1.0|0.0
VALE3|1.02|2021-12-20|57.974604|57.767235|57.233999|58.43378|4.056421746435521|4.067894147268654|0.0114724008331332|0|0|1|1.0|0.0|0.0|0.0|0.0|59.174386|-0.012515651619942447|2.0|0.0|59.174386|-0.012515651619942447|2.0|0.0
VALE3|1.02|2021-12-21|59.500252|59.100325|58.618931|59.537282|4.079236423550909|4.086602704562433|0.0073662810115244|0|1|1|1.0|0.0|0.0|0.0|0.0|59.174386|0.006132653408520356|3.0|0.0|59.174386|0.006132653408520356|3.0|0.0
VALE3|1.02|2021-12-22|59.189198|59.166979|58.196786|59.359537|4.080363599106667|4.083612798963477|0.0032491998568104|0|0|1|1.0|59.166979|0.003254484228441093|1.0|0.0|59.174386|0.003128904455383867|4.0|59.189198|59.174386|0.003128904455383867|4.0|59.189198
VALE3|1.02|2021-12-23|58.618931|59.211416|58.359719|59.292882|4.081114361136972|4.082489265072242|0.0013749039352699|0|0|0|0.0|59.166979|0.0021279267951132166|2.0|0.0|59.211416|0.001375849549012625|1.0|0.0|59.211416|0.001375849549012625|1.0|0.0
VALE3|1.02|2021-12-27|58.47081|58.411562|57.959792|58.841113|4.067513849690891|4.07484081125794|0.007326961567049|0|0|0|0.0|59.166979|-0.005507565292458109|3.0|0.0|59.211416|-0.006253912252326474|2.0|0.0|59.211416|-0.006253912252326474|2.0|0.0
VALE3|1.02|2021-12-28|56.878508|58.144944|56.708169|58.159756|4.062938927635075|4.063193637893217|0.000254710258142|0|0|0|0.0|59.166979|-0.017023397459586306|4.0|56.878508|59.211416|-0.017761102014516902|3.0|0.0|59.211416|-0.017761102014516902|3.0|0.0
VALE3|1.02|2021-12-29|57.211781|56.567454|56.545236|57.752423|4.0354338021552305|4.056165305231701|0.0207315030764707|1|0|0|0.0|0.0|0.0|0.0|0.0|59.211416|-0.02464040042548551|4.0|57.211781|59.211416|-0.02464040042548551|4.0|57.211781
VALE3|1.02|2021-12-30|57.737611|57.759829|57.478399|58.493028|4.056293534053872|4.068907567648192|0.0126140335943194|0|0|0|0.0|0.0|0.0|0.0|0.0|0.0|0.0|0.0|0.0|0.0|0.0|0.0|0.0
VALE3|1.02|2022-01-03|57.767235|58.507841|57.767235|59.226228|4.069160779444066|4.081364484317018|0.0122037048729524|0|0|0|0.0|0.0|0.0|0.0|0.0|0.0|0.0|0.0|0.0|0.0|0.0|0.0|0.0
VALE3|1.02|2022-01-04|57.085878|58.144944|56.952569|58.559683|4.062938927635075|4.070046456387038|0.0071075287519626|0|0|0|0.0|0.0|0.0|0.0|0.0|0.0|0.0|0.0|0.0|0.0|0.0|0.0|0.0
VALE3|1.02|2022-01-05|57.62652|57.300653|57.122908|58.270847|4.048312019816317|4.065101916831045|0.0167898970147284|0|0|1|1.0|0.0|0.0|0.0|0.0|0.0|0.0|0.0|0.0|0.0|0.0|0.0|0.0
VALE3|1.02|2022-01-06|58.789271|58.241222|57.996823|59.507658|4.064593385811166|4.086105010152045|0.0215116243408797|1|0|1|1.0|0.0|0.0|0.0|0.0|58.241222|0.021744667376656326|0.0|59.406046440000004|58.241222|0.021744667376656326|0.0|59.406046440000004
VALE3|1.02|2022-01-07|62.210868|59.544688|59.092919|62.210868|4.0867270894715775|4.130529711170307|0.0438026216987292|1|0|1|1.0|0.0|0.0|0.0|0.0|59.544688|0.04477611840035163|0.0|60.73558176|59.544688|0.04477611840035163|0.0|60.73558176
VALE3|1.02|2022-01-10|61.470263|61.092554|60.951839|62.410832|4.11238999295753|4.133738850054016|0.0213488570964859|1|0|1|1.0|0.0|0.0|0.0|0.0|61.092554|0.021578374346569295|0.0|62.31440508|61.092554|0.021578374346569295|0.0|62.31440508
VALE3|1.02|2022-01-11|62.64042|61.825753|61.699851|63.062565|4.124319992872332|4.1441273288367855|0.0198073359644537|1|1|1|1.0|0.0|0.0|0.0|0.0|61.825753|0.020004802852947062|0.0|63.06226806|61.825753|0.020004802852947062|0.0|63.06226806
VALE3|1.02|2022-01-12|63.321777|64.054976|62.899632|64.121631|4.159741714630315|4.160781764099068|0.0010400494687523|0|0|1|1.0|64.054976|0.0010405905077537966|1.0|0.0|64.054976|0.0010405905077537966|1.0|0.0|64.054976|0.0010405905077537966|1.0|0.0
VALE3|1.02|2022-01-13|62.358989|62.832977|61.988687|63.121813|4.140480047116342|4.145066399192293|0.0045863520759512|0|0|0|0.0|64.054976|-0.014568157827426138|2.0|0.0|64.054976|-0.014568157827426138|2.0|0.0|64.054976|-0.014568157827426138|2.0|0.0
VALE3|1.02|2022-01-14|62.721886|62.003499|61.403608|62.899632|4.1271908189365405|4.141540313132841|0.0143494941963009|0|0|1|1.0|64.054976|-0.01803675642622986|3.0|0.0|64.054976|-0.01803675642622986|3.0|0.0|64.054976|-0.01803675642622986|3.0|0.0
VALE3|1.02|2022-01-17|62.39602|62.210868|62.210868|62.655232|4.130529711170307|4.1376471894274065|0.0071174782570997|0|1|1|1.0|64.054976|-0.021852228935344515|4.0|62.39602|64.054976|-0.021852228935344515|4.0|62.39602|64.054976|-0.021852228935344515|4.0|62.39602
VALE3|1.02|2022-01-18|63.921667|62.64042|62.566359|64.343812|4.137410756640913|4.164240767802149|0.0268300111612367|1|1|1|1.0|62.64042|0.02719317654638971|0.0|63.8932284|62.64042|0.02719317654638971|0.0|63.8932284|62.64042|0.02719317654638971|0.0|63.8932284
VALE3|1.02|2022-01-19|65.328818|65.528781|65.084418|65.913896|4.1824894507114365|4.1883492842264625|0.0058598335150259|0|0|1|1.0|65.528781|0.005877035924107897|1.0|0.0|65.528781|0.005877035924107897|1.0|0.0|65.528781|0.005877035924107897|1.0|0.0
VALE3|1.02|2022-01-20|64.217909|65.765775|64.166067|65.891678|4.1860995662350975|4.18801215128836|0.0019125850532626|0|0|1|0.0|65.528781|0.005537978800490792|2.0|0.0|65.528781|0.005537978800490792|2.0|0.0|65.528781|0.005537978800490792|2.0|0.0
VALE3|1.02|2022-01-21|62.884819|64.040164|62.462674|64.232722|4.159510449024673|4.162512769322385|0.0030023202977123|0|0|1|0.0|65.528781|-0.019778469555232527|3.0|0.0|65.528781|-0.019778469555232527|3.0|0.0|65.528781|-0.019778469555232527|3.0|0.0
VALE3|1.02|2022-01-24|62.11459|61.988687|60.788906|62.181244|4.126951900653892|4.130053410863418|0.0031015102095262|0|0|1|1.0|65.528781|-0.05108498813673942|4.0|62.11459|65.528781|-0.05108498813673942|4.0|62.11459|65.528781|-0.05108498813673942|4.0|62.11459
VALE3|1.02|2022-01-25|62.255305|62.255305|61.507293|62.988504|4.131243752597258|4.14295223355025|0.0117084809529925|0|1|1|1.0|0.0|0.0|0.0|0.0|62.255305|0.011777293517395811|1.0|0.0|62.255305|0.011777293517395811|1.0|0.0
VALE3|1.02|2022-01-26|62.43305|63.618019|62.077559|64.106819|4.152896747829284|4.16055073892383|0.0076539910945463|0|0|1|1.0|63.618019|0.007683357760637042|1.0|0.0|62.255305|0.029740662261633796|0.0|63.5004111|62.255305|0.029740662261633796|0.0|63.5004111
VALE3|1.02|2022-01-27|62.573765|62.951474|61.670226|63.292153|4.142364175625275|4.147761356220939|0.005397180595664|0|0|1|1.0|63.618019|-0.005122228027879928|2.0|0.0|62.951474|0.005411771613163522|1.0|0.0|62.951474|0.005411771613163522|1.0|0.0
VALE3|1.02|2022-01-28|61.959062|63.381025|61.34436|63.951291|4.1491645264261034|4.158121715467683|0.0089571890415793|0|0|0|0.0|63.618019|0.005238641586749203|3.0|0.0|62.951474|0.015882344550025948|2.0|0.0|62.951474|0.015882344550025948|2.0|0.0
VALE3|1.02|2022-01-31|59.892773|61.425826|59.892773|61.425826|4.117830365610276|4.117830365610276|0.0|0|0|0|1.0|63.618019|-0.03445868064518004|4.0|59.892773|62.951474|-0.024235302258371217|3.0|0.0|62.951474|-0.024235302258371217|3.0|0.0
VALE3|1.02|2022-02-01|63.181062|60.359354|60.263076|63.195874|4.100315931390422|4.146239014211539|0.0459230828211172|1|1|1|1.0|0.0|0.0|0.0|0.0|62.951474|0.003882355479079107|4.0|63.181062|62.951474|0.003882355479079107|4.0|63.181062
VALE3|1.02|2022-02-02|63.536552|63.321777|62.744104|63.906855|4.148229298421936|4.157426632625029|0.0091973342030931|0|0|1|1.0|63.321777|0.009239759648564551|1.0|0.0|63.321777|0.009239759648564551|1.0|0.0|63.321777|0.009239759648564551|1.0|0.0
VALE3|1.02|2022-02-03|63.506928|63.914261|63.188468|64.269752|4.157542513322054|4.163089100654729|0.0055465873326756|0|0|0|0.0|63.321777|0.01497075800636485|2.0|0.0|63.321777|0.01497075800636485|2.0|0.0|63.321777|0.01497075800636485|2.0|0.0
VALE3|1.02|2022-02-04|65.158479|63.506928|63.358807|65.299194|4.151149002309621|4.178979693174051|0.0278306908644294|1|0|1|1.0|63.321777|0.031228071821168296|0.0|64.58821254|63.321777|0.031228071821168296|0.0|64.58821254|63.321777|0.031228071821168296|0.0|64.58821254
VALE3|1.02|2022-02-07|66.750781|65.284382|65.284382|66.832247|4.178752834628478|4.2021857035823205|0.0234328689538427|1|0|0|0.0|0.0|0.0|0.0|0.0|65.284382|0.02370957574508405|0.0|66.59006964|65.284382|0.02370957574508405|0.0|66.59006964
VALE3|1.02|2022-02-08|67.683944|66.987774|66.284199|67.750598|4.20451012512796|4.215833286289122|0.0113231611611617|0|0|0|0.0|0.0|0.0|0.0|0.0|0.0|0.0|0.0|0.0|0.0|0.0|0.0|0.0
VALE3|1.02|2022-02-09|67.698756|66.654502|66.158296|67.987592|4.199522591230251|4.2193252179380885|0.019802626707837|0|0|0|0.0|0.0|0.0|0.0|0.0|0.0|0.0|0.0|0.0|0.0|0.0|0.0|0.0
VALE3|1.02|2022-02-10|69.520645|68.468985|68.157931|69.972415|4.226380869012579|4.248101092954237|0.0217202239416582|1|0|0|0.0|0.0|0.0|0.0|0.0|0.0|0.0|0.0|0.0|0.0|0.0|0.0|0.0
VALE3|1.02|2022-02-11|68.113495|69.142937|67.839471|69.172561|4.236175912619329|4.236604266648795|0.0004283540294665|0|0|1|1.0|0.0|0.0|0.0|0.0|0.0|0.0|0.0|0.0|0.0|0.0|0.0|0.0
VALE3|1.02|2022-02-14|67.817253|67.476574|67.261798|68.261616|4.211780485790201|4.223347617385264|0.0115671315950631|0|0|1|1.0|0.0|0.0|0.0|0.0|67.476574|0.011634289553586467|1.0|0.0|67.476574|0.011634289553586467|1.0|0.0
VALE3|1.02|2022-02-15|65.802805|65.928708|64.951109|66.610066|4.188573976391407|4.198855707266813|0.0102817308754064|0|0|0|0.0|0.0|0.0|0.0|0.0|67.476574|-0.012841612260871396|2.0|0.0|67.476574|-0.012841612260871396|2.0|0.0
VALE3|1.02|2022-02-16|66.284199|66.239763|65.987957|67.113677|4.193280932172053|4.2063878533114245|0.0131069211393715|0|0|0|0.0|0.0|0.0|0.0|0.0|67.476574|-0.005378118337780513|3.0|0.0|67.476574|-0.005378118337780513|3.0|0.0
VALE3|1.02|2022-02-17|63.432868|65.802805|63.225498|65.913896|4.186662466602005|4.1883492842264625|0.0016868176244573|0|0|0|0.0|0.0|0.0|0.0|0.0|67.476574|-0.0231588224974197|4.0|63.432868|67.476574|-0.0231588224974197|4.0|63.432868
VALE3|1.02|2022-02-18|63.566177|64.017946|63.269934|64.454903|4.159163450303187|4.165965800968018|0.0068023506648309|0|0|1|0.0|0.0|0.0|0.0|0.0|0.0|0.0|0.0|0.0|0.0|0.0|0.0|0.0
VALE3|1.02|2022-02-21|63.618019|64.136443|63.321777|65.165885|4.161012735914002|4.176936095800461|0.0159233598864592|0|0|1|1.0|0.0|0.0|0.0|0.0|64.136443|0.016050812172418154|1.0|0.0|0.0|0.0|0.0|0.0
VALE3|1.02|2022-02-22|64.721521|64.203097|63.543958|64.728927|4.1620514494078|4.170208195871285|0.0081567464634852|0|0|1|1.0|0.0|0.0|0.0|0.0|64.136443|0.009237868086947055|2.0|0.0|64.203097|0.008190103352802422|1.0|0.0
VALE3|1.02|2022-02-23|64.040164|65.239945|63.358807|65.425097|4.178071934711379|4.18090593102879|0.0028339963174115|0|0|1|1.0|0.0|0.0|0.0|0.0|64.136443|0.02009238335839725|0.0|65.41917186|64.203097|0.019033349746352488|2.0|0.0
VALE3|1.02|2022-02-24|64.832612|62.670044|62.010905|65.202915|4.137883566326652|4.177504176522166|0.0396206101955138|1|1|1|1.0|0.0|0.0|0.0|0.0|62.670044|0.04041597609218221|0.0|63.92344488|64.203097|0.01557273786963898|3.0|0.0
VALE3|1.02|2022-02-25|68.343083|64.077194|63.025535|68.439361|4.160088512787604|4.225948112335169|0.065859599547565|1|0|1|1.0|64.077194|0.06807674817970336|0.0|65.35873788|64.077194|0.06807674817970336|0.0|65.35873788|64.203097|0.06598223758582869|0.0|65.48715894
VALE3|1.02|2022-03-02|73.801346|73.297734|71.883177|73.838376|4.294529694362915|4.301878596453278|0.0073489020903627|0|0|0|0.0|0.0|0.0|0.0|0.0|73.297734|0.007375971540948198|1.0|0.0|73.297734|0.007375971540948198|1.0|0.0
VALE3|1.02|2022-03-03|73.838376|74.208679|73.690255|74.993721|4.306881110988138|4.317404390031595|0.0105232790434568|0|0|0|0.0|0.0|0.0|0.0|0.0|73.297734|0.02313832785062616|0.0|74.76368868|73.297734|0.02313832785062616|0.0|74.76368868
VALE3|1.02|2022-03-04|75.519551|73.082958|72.668219|75.608423|4.291595206881143|4.325567692323174|0.0339724854420309|1|0|0|0.0|0.0|0.0|0.0|0.0|0.0|0.0|0.0|0.0|0.0|0.0|0.0|0.0
VALE3|1.02|2022-03-07|77.815428|77.348846|76.926701|78.43013|4.348325657709334|4.362208164752208|0.013882507042874|0|1|1|1.0|0.0|0.0|0.0|0.0|0.0|0.0|0.0|0.0|0.0|0.0|0.0|0.0
VALE3|1.02|2022-03-08|74.401236|79.237391|73.853188|79.326263|4.372448295998043|4.3735692591830375|0.0011209631849942|0|0|1|1.0|79.237391|0.0011215916990501991|1.0|0.0|79.237391|0.0011215916990501991|1.0|0.0|79.237391|0.0011215916990501991|1.0|0.0
VALE3|1.02|2022-03-09|72.439494|73.67002|71.185896|73.67771|4.299595932175614|4.299700311116599|0.0001043789409846|0|1|1|1.0|79.237391|-0.07016486698811168|2.0|0.0|79.237391|-0.07016486698811168|2.0|0.0|79.237391|-0.07016486698811168|2.0|0.0
VALE3|1.02|2022-03-10|74.831328|72.677908|72.354896|74.831328|4.286037459404301|4.315236620827751|0.0291991614234499|1|1|1|1.0|79.237391|-0.055605856583541516|3.0|0.0|79.237391|-0.055605856583541516|3.0|0.0|79.237391|-0.055605856583541516|3.0|0.0
VALE3|1.02|2022-03-11|74.439098|74.931308|74.416026|75.685005|4.3165718005163995|4.326580056277815|0.0100082557614156|0|0|1|1.0|79.237391|-0.04483219292265691|4.0|74.439098|79.237391|-0.04483219292265691|4.0|74.439098|79.237391|-0.04483219292265691|4.0|74.439098
VALE3|1.02|2022-03-14|70.447581|73.047066|70.178404|73.216263|4.291103973119055|4.29341756842184|0.0023135953027848|0|1|1|1.0|0.0|0.0|0.0|0.0|73.047066|0.002316273729597804|1.0|0.0|73.047066|0.002316273729597804|1.0|0.0
VALE3|1.02|2022-03-15|68.424905|68.440286|67.125162|68.894043|4.225961627858044|4.232569715646146|0.006608087788102|0|0|1|1.0|68.440286|0.006629969372132605|1.0|0.0|73.047066|-0.05685406994991427|2.0|0.0|73.047066|-0.05685406994991427|2.0|0.0
VALE3|1.02|2022-03-16|70.086114|70.670614|68.686392|72.20108|4.258029842934441|4.279455004235658|0.0214251613012166|1|1|1|1.0|68.440286|0.05495000415398621|0.0|69.80909172|73.047066|-0.011581382337792956|3.0|0.0|73.047066|-0.011581382337792956|3.0|0.0
VALE3|1.02|2022-03-17|72.524093|71.447383|71.185896|73.047066|4.268961276693195|4.291103973119055|0.0221426964258606|1|1|1|1.0|71.447383|0.0223896654129375|0.0|72.87633066000001|73.047066|0.0|4.0|72.524093|73.047066|0.0|4.0|72.524093
VALE3|1.02|2022-03-18|73.900743|73.37777|72.139554|73.900743|4.2956210287133825|4.302722882030813|0.0071018533174305|0|1|1|1.0|73.37777|0.007127131282403478|1.0|0.0|73.37777|0.007127131282403478|1.0|0.0|73.37777|0.007127131282403478|1.0|0.0
VALE3|1.02|2022-03-21|75.992636|74.8544|74.715966|76.469465|4.3155448933730485|4.336891510823997|0.0213466174509484|1|1|1|1.0|73.37777|0.042133946016620585|0.0|74.8453254|73.37777|0.042133946016620585|0.0|74.8453254|73.37777|0.042133946016620585|0.0|74.8453254
VALE3|1.02|2022-03-22|74.292973|75.761913|73.977651|76.107998|4.327595699351002|4.332153357899707|0.0045576585487054|0|1|1|1.0|75.761913|0.004568060471228966|1.0|0.0|75.761913|0.004568060471228966|1.0|0.0|75.761913|0.004568060471228966|1.0|0.0
VALE3|1.02|2022-03-23|74.131467|74.985144|74.054559|76.092617|4.317290013915876|4.331951243078393|0.0146612291625167|0|1|1|1.0|75.761913|0.004365042894310195|2.0|0.0|75.761913|0.004365042894310195|2.0|0.0|75.761913|0.004365042894310195|2.0|0.0
VALE3|1.02|2022-03-24|74.531387|73.985342|73.300862|75.062051|4.30386699250244|4.31831511814038|0.0144481256379398|0|0|0|0.0|75.761913|-0.009237649529784314|3.0|0.0|75.761913|-0.009237649529784314|3.0|0.0|75.761913|-0.009237649529784314|3.0|0.0
VALE3|1.02|2022-03-25|73.239336|75.138959|72.524093|75.600406|4.319339185910913|4.325461653541438|0.0061224676305249|0|0|1|1.0|75.761913|-0.002131770352736477|4.0|73.239336|75.761913|-0.002131770352736477|4.0|73.239336|75.761913|-0.002131770352736477|4.0|73.239336
VALE3|1.02|2022-03-28|73.323934|73.600803|71.993429|74.093013|4.2986559360014|4.305321236358343|0.0066653003569427|0|1|1|1.0|0.0|0.0|0.0|0.0|73.600803|0.006687562906073185|1.0|0.0|73.600803|0.006687562906073185|1.0|0.0
VALE3|1.02|2022-03-29|72.69329|73.323934|71.831922|73.570039|4.294887076742153|4.298237864051413|0.0033507873092597|0|0|1|0.0|73.323934|0.0033564074726268782|1.0|0.0|73.600803|-0.0004179845700868902|2.0|0.0|73.600803|-0.0004179845700868902|2.0|0.0
VALE3|1.02|2022-03-30|73.731546|74.077631|73.270099|74.685203|4.305113610884902|4.313281986841176|0.0081683759562736|0|1|1|1.0|73.323934|0.01856513863536028|2.0|0.0|73.600803|0.014733534904503721|3.0|0.0|73.600803|0.014733534904503721|3.0|0.0
VALE3|1.02|2022-03-31|73.523895|74.154539|73.339316|74.516006|4.306151280466356|4.311013947947079|0.0048626674807232|0|1|1|1.0|73.323934|0.016257611055075283|3.0|0.0|73.600803|0.01243468770306766|4.0|73.523895|73.600803|0.01243468770306766|4.0|73.523895
VALE3|1.02|2022-04-01|74.569841|74.431407|73.885362|74.985144|4.309877989861023|4.317290013915876|0.0074120240548536|0|1|1|1.0|73.323934|0.022655767487871167|0.0|74.79041267999999|74.431407|0.007439561098180132|1.0|0.0|74.431407|0.007439561098180132|1.0|0.0
VALE3|1.02|2022-04-04|75.323538|74.423716|74.254519|75.561952|4.309774654485635|4.324952876074106|0.0151782215884717|0|0|0|0.0|74.423716|0.015293995801015986|1.0|0.0|74.431407|0.015189085435399766|2.0|0.0|74.431407|0.015189085435399766|2.0|0.0
VALE3|1.02|2022-04-05|73.147046|74.877473|72.924014|75.200486|4.315853084270823|4.320157693700868|0.0043046094300454|0|0|1|1.0|74.423716|0.010437130013771403|2.0|0.0|74.431407|0.010332721508274122|3.0|0.0|74.431407|0.010332721508274122|3.0|0.0
VALE3|1.02|2022-04-06|74.254519|73.316244|73.316244|74.385262|4.294782194163423|4.309257830818504|0.0144756366550815|0|1|1|1.0|74.423716|-0.0005166901367838384|3.0|0.0|74.431407|-0.0006199667836454531|4.0|74.254519|74.431407|-0.0006199667836454531|4.0|74.254519
VALE3|1.02|2022-04-07|74.700585|73.446987|73.170119|75.131269|4.2965638806757065|4.31923683696117|0.0226729562854632|1|0|0|0.0|74.423716|0.009507090454876028|4.0|74.700585|73.446987|0.02293194137425965|0.0|74.91592673999999|73.446987|0.02293194137425965|0.0|74.91592673999999
VALE3|1.02|2022-04-08|73.177809|74.323736|72.770198|74.908236|4.3084303623487|4.3162638444246175|0.0078334820759176|0|0|0|0.0|0.0|0.0|0.0|0.0|0.0|0.0|0.0|0.0|0.0|0.0|0.0|0.0
VALE3|1.02|2022-04-11|72.293369|72.147244|71.462765|72.839415|4.278709086292112|4.288257223525673|0.009548137233561|0|0|1|1.0|0.0|0.0|0.0|0.0|0.0|0.0|0.0|0.0|0.0|0.0|0.0|0.0
VALE3|1.02|2022-04-12|71.80885|73.139355|71.70887|73.531585|4.292366593978494|4.297715041803361|0.0053484478248666|0|0|1|1.0|0.0|0.0|0.0|0.0|73.139355|0.005362776305588313|1.0|0.0|73.139355|0.005362776305588313|1.0|0.0
VALE3|1.02|2022-04-13|71.831922|71.901139|71.378166|72.585619|4.27529210604798|4.284766816809797|0.0094747107618173|0|0|1|0.0|0.0|0.0|0.0|0.0|73.139355|-0.0075709718796399105|2.0|0.0|73.139355|-0.0075709718796399105|2.0|0.0
VALE3|1.02|2022-04-14|70.82443|71.762705|70.263002|72.293369|4.273364912134859|4.280732409882562|0.0073674977477029|0|0|1|1.0|0.0|0.0|0.0|0.0|73.139355|-0.01156676867057409|3.0|0.0|73.139355|-0.01156676867057409|3.0|0.0
VALE3|1.02|2022-04-18|69.65543|70.455272|69.224746|70.755212|4.25497806875987|4.259226201654528|0.0042481328946575|0|0|1|0.0|0.0|0.0|0.0|0.0|73.139355|-0.03259726586322773|4.0|69.65543|73.139355|-0.03259726586322773|4.0|69.65543
VALE3|1.02|2022-04-19|67.432794|68.978641|66.786768|68.978641|4.233796905951906|4.233796905951906|0.0|0|0|0|0.0|0.0|0.0|0.0|0.0|68.978641|0.0|1.0|0.0|0.0|0.0|0.0|0.0
VALE3|1.02|2022-04-20|65.679295|66.60988|64.910217|66.656025|4.198852914892163|4.1995454401385|0.000692525246337|0|0|0|0.0|0.0|0.0|0.0|0.0|68.978641|-0.03367152449408211|2.0|0.0|0.0|0.0|0.0|0.0
VALE3|1.02|2022-04-22|61.872357|64.025776|61.587798|64.141138|4.15928575227766|4.16108593654603|0.0018001842683696|0|0|0|0.0|0.0|0.0|0.0|0.0|68.978641|-0.07013044806145134|3.0|0.0|0.0|0.0|0.0|0.0
VALE3|1.02|2022-04-25|60.81872|59.94197|59.634339|61.226331|4.093376927547968|4.114577342087436|0.0212004145394679|1|0|1|1.0|0.0|0.0|0.0|0.0|68.978641|-0.11238710835140975|4.0|60.81872|0.0|0.0|0.0|0.0
VALE3|1.02|2022-04-26|59.988115|60.81872|59.872753|61.003298|4.107897636319106|4.110927928285592|0.0030302919664855|0|0|0|0.0|0.0|0.0|0.0|0.0|60.81872|0.0030348879423967145|1.0|0.0|60.81872|0.0030348879423967145|1.0|0.0
VALE3|1.02|2022-04-27|63.195172|61.880048|61.641633|63.602783|4.125197801399458|4.152657227250365|0.0274594258509068|1|0|1|0.0|0.0|0.0|0.0|0.0|60.81872|0.045776415551001454|0.0|62.0350944|60.81872|0.045776415551001454|0.0|62.0350944
VALE3|1.02|2022-04-28|64.756401|65.387045|62.164607|65.794657|4.1803241501559825|4.186538634426421|0.0062144842704388|0|0|0|1.0|0.0|0.0|0.0|0.0|65.387045|0.006233834240406495|1.0|0.0|0.0|0.0|0.0|0.0
VALE3|1.02|2022-04-29|64.05654|66.279176|64.05654|67.063636|4.193875760374867|4.205641959669627|0.0117661992947599|0|0|1|1.0|0.0|0.0|0.0|0.0|65.387045|0.025641027209594835|0.0|66.6947859|66.279176|0.011835693310369393|1.0|0.0
VALE3|1.02|2022-05-02|63.771981|63.956559|62.018482|63.987323|4.158204087268991|4.1586849856146095|0.0004808983456188|0|0|1|0.0|0.0|0.0|0.0|0.0|63.956559|0.0004810139957655461|1.0|0.0|66.279176|-0.03457877931373201|2.0|0.0
VALE3|1.02|2022-05-03|63.448968|63.795053|63.210553|64.764092|4.155675648159473|4.1707513139657735|0.0150756658063002|0|0|0|0.0|0.0|0.0|0.0|0.0|63.956559|0.012626273405359512|2.0|0.0|66.279176|-0.022859125466496467|3.0|0.0
VALE3|1.02|2022-05-04|62.918304|63.010593|61.41091|63.202863|4.14330285511425|4.14634960075968|0.0030467456454301|0|0|1|0.0|0.0|0.0|0.0|0.0|63.956559|-0.011784498912769805|3.0|0.0|66.279176|-0.04641447262410151|4.0|62.918304
VALE3|1.02|2022-05-05|61.780068|62.718343|60.81872|63.987323|4.138653956688063|4.1586849856146095|0.0200310289265468|1|0|0|0.0|0.0|0.0|0.0|0.0|63.956559|0.0004810139957655461|4.0|61.780068|0.0|0.0|0.0|0.0
VALE3|1.02|2022-05-06|61.341693|60.911009|60.180385|62.218442|4.1094139301355845|4.130651450975974|0.0212375208403896|1|0|1|1.0|0.0|0.0|0.0|0.0|0.0|0.0|0.0|0.0|0.0|0.0|0.0|0.0
VALE3|1.02|2022-05-09|58.826807|59.626648|58.511484|59.972733|4.088102588239542|4.093890008928404|0.0057874206888621|0|0|1|1.0|0.0|0.0|0.0|0.0|59.626648|0.005804200162316605|1.0|0.0|59.626648|0.005804200162316605|1.0|0.0
VALE3|1.02|2022-05-10|58.096182|58.657609|57.5809|59.172892|4.071717302404909|4.0804635316138596|0.0087462292089508|0|0|1|1.0|0.0|0.0|0.0|0.0|59.626648|-0.007609953187373631|2.0|0.0|59.626648|-0.007609953187373631|2.0|0.0
VALE3|1.02|2022-05-11|60.518779|59.503596|59.311326|61.441673|4.086036747700134|4.1180883182864|0.0320515705862662|1|0|1|1.0|0.0|0.0|0.0|0.0|59.626648|0.030439829520519057|0.0|60.819180960000004|59.626648|0.030439829520519057|0.0|60.819180960000004
VALE3|1.02|2022-05-12|59.911207|59.25749|58.349978|59.911207|4.0818921855278365|4.092863582779885|0.0109713972520486|0|1|1|1.0|0.0|0.0|0.0|0.0|59.25749|0.011031803743290517|1.0|0.0|59.25749|0.011031803743290517|1.0|0.0
VALE3|1.02|2022-05-13|59.84199|60.311128|59.834299|61.026371|4.099516630653932|4.111306082229039|0.0117894515751064|0|1|1|1.0|60.311128|0.011859221071109812|1.0|0.0|59.25749|0.02985075810669673|0.0|60.442639799999995|59.25749|0.02985075810669673|0.0|60.442639799999995
VALE3|1.02|2022-05-16|61.633943|60.511088|60.388036|62.018482|4.1028266209716735|4.127432437397269|0.0246058164255957|1|0|1|1.0|60.311128|0.02830910408440715|0.0|61.51735056|60.511088|0.024911037791949763|0.0|61.721309760000004|60.511088|0.024911037791949763|0.0|61.721309760000004
VALE3|1.02|2022-05-17|61.372456|62.949067|60.649522|63.002902|4.1423259390937845|4.143180788822706|0.0008548497289213|0|1|1|1.0|0.0|0.0|0.0|0.0|62.949067|0.0008552152170897055|1.0|0.0|62.949067|0.0008552152170897055|1.0|0.0
VALE3|1.02|2022-05-18|59.818918|60.534161|59.542049|60.949463|4.103207850313098|4.110045045388057|0.0068371950749588|0|1|1|1.0|60.534161|0.0068606220543802375|1.0|0.0|62.949067|-0.03176542711903892|2.0|0.0|62.949067|-0.03176542711903892|2.0|0.0
VALE3|1.02|2022-05-19|61.41091|59.818918|59.580503|61.818521|4.091321965442098|4.124203012121435|0.0328810466793374|1|0|1|1.0|60.534161|0.021217110781464363|0.0|61.74484422|62.949067|-0.017959694303332604|3.0|0.0|62.949067|-0.017959694303332604|3.0|0.0
VALE3|1.02|2022-05-20|62.49531|63.072119|61.972337|63.418205|4.144278817701153|4.149750965335324|0.0054721476341708|0|1|1|1.0|0.0|0.0|0.0|0.0|62.949067|0.007452660100585779|4.0|62.49531|62.949067|0.007452660100585779|4.0|62.49531
VALE3|1.02|2022-05-23|63.771981|63.295152|63.27208|64.333408|4.147808738539419|4.164079060857864|0.0162703223184443|0|1|1|1.0|63.295152|0.01640340479789043|1.0|0.0|63.295152|0.01640340479789043|1.0|0.0|63.295152|0.01640340479789043|1.0|0.0
VALE3|1.02|2022-05-24|64.633348|62.925994|62.29535|64.671802|4.141959337479849|4.169325279613357|0.0273659421335077|1|0|1|1.0|63.295152|0.021749691034788854|0.0|64.56105504|63.295152|0.021749691034788854|0.0|64.56105504|63.295152|0.021749691034788854|0.0|64.56105504
VALE3|1.02|2022-05-25|64.833309|64.602585|64.148829|65.217848|4.168254425467834|4.1777331738033|0.0094787483354652|0|0|1|1.0|0.0|0.0|0.0|0.0|64.602585|0.00952381394645429|1.0|0.0|64.602585|0.00952381394645429|1.0|0.0
VALE3|1.02|2022-05-26|64.794855|64.725638|63.910415|65.102486|4.170157382676699|4.175962735889397|0.0058053532126978|0|0|1|1.0|0.0|0.0|0.0|0.0|64.602585|0.007738095929133395|2.0|0.0|64.602585|0.007738095929133395|2.0|0.0
VALE3|1.02|2022-05-27|65.9254|65.294756|65.14094|66.048453|4.17891172677895|4.1903886090437785|0.0114768822648283|0|0|0|0.0|0.0|0.0|0.0|0.0|64.602585|0.022380962000204636|0.0|65.8946367|64.602585|0.022380962000204636|0.0|65.8946367
VALE3|1.02|2022-05-30|66.640643|66.356084|66.148433|67.225143|4.195035452128317|4.208047329337493|0.013011877209176|0|0|0|0.0|0.0|0.0|0.0|0.0|0.0|0.0|0.0|0.0|0.0|0.0|0.0|0.0
VALE3|1.02|2022-05-31|66.302249|67.079018|65.379354|67.240524|4.205871297611122|4.208276101490418|0.0024048038792967|0|0|1|1.0|0.0|0.0|0.0|0.0|0.0|0.0|0.0|0.0|0.0|0.0|0.0|0.0
VALE3|1.02|2022-06-01|67.863478|66.286867|66.140742|68.27878|4.193991793105943|4.223599030162629|0.0296072370566857|1|0|1|0.0|0.0|0.0|0.0|0.0|66.286867|0.03004988906776959|0.0|67.61260434|66.286867|0.03004988906776959|0.0|67.61260434
VALE3|1.02|2022-06-02|69.140148|69.217056|68.447977|69.432398|4.23724730624234|4.24035358855273|0.00310628231039|0|0|1|0.0|0.0|0.0|0.0|0.0|69.217056|0.0031111118045819056|1.0|0.0|0.0|0.0|0.0|0.0
VALE3|1.02|2022-06-03|68.032675|68.832516|67.955767|69.078622|4.23167624957047|4.235245305193008|0.0035690556225373|0|0|0|0.0|0.0|0.0|0.0|0.0|69.217056|-0.001999998381901763|2.0|0.0|0.0|0.0|0.0|0.0
VALE3|1.02|2022-06-06|68.101892|68.940187|68.101892|69.055549|4.233239273588667|4.234911238682924|0.0016719650942578|0|0|1|1.0|0.0|0.0|0.0|0.0|69.217056|-0.002333341077089443|3.0|0.0|0.0|0.0|0.0|0.0
VALE3|1.02|2022-06-07|69.693884|67.863478|67.763498|69.901535|4.217498010621554|4.247087608941424|0.0295895983198697|1|0|1|1.0|0.0|0.0|0.0|0.0|69.217056|0.009888877677779247|4.0|69.693884|67.863478|0.030031720449105112|0.0|69.22074756
VALE3|1.02|2022-06-08|67.29436|69.047858|66.794459|69.470852|4.234799858374864|4.2409072689163265|0.0061074105414622|0|0|0|0.0|0.0|0.0|0.0|0.0|69.047858|0.006126098799473092|1.0|0.0|69.047858|0.006126098799473092|1.0|0.0
VALE3|1.02|2022-06-09|65.017888|66.90982|64.948671|66.90982|4.203345742610267|4.203345742610267|0.0|0|0|1|1.0|0.0|0.0|0.0|0.0|69.047858|-0.030964581117056644|2.0|0.0|69.047858|-0.030964581117056644|2.0|0.0
VALE3|1.02|2022-06-10|65.033269|64.118066|63.356678|65.363973|4.160726165090582|4.179971235118037|0.0192450700274555|0|1|1|1.0|0.0|0.0|0.0|0.0|69.047858|-0.053352632604475626|3.0|0.0|69.047858|-0.053352632604475626|3.0|0.0
VALE3|1.02|2022-06-13|62.972139|63.141336|61.60318|63.733527|4.145375642234467|4.154710750647503|0.0093351084130359|0|0|0|0.0|63.141336|0.009378816438093735|1.0|0.0|69.047858|-0.07696590674833102|4.0|62.972139|69.047858|-0.07696590674833102|4.0|62.972139
VALE3|1.02|2022-06-14|62.849087|63.318224|62.210751|63.679691|4.148173186609351|4.15386568913742|0.0056925025280687|0|0|1|1.0|63.141336|0.008526189563046238|2.0|0.0|0.0|0.0|0.0|0.0|0.0|0.0|0.0|0.0
VALE3|1.02|2022-06-15|62.810633|63.141336|62.710652|64.425697|4.145375642234467|4.1655125752614355|0.0201369330269685|1|0|0|0.0|63.141336|0.020341048849520652|0.0|64.40416272|63.141336|0.020341048849520652|0.0|64.40416272|63.141336|0.020341048849520652|0.0|64.40416272
VALE3|1.02|2022-06-17|59.534359|61.026371|58.534557|61.026371|4.111306082229039|4.111306082229039|0.0|0|1|1|1.0|0.0|0.0|0.0|0.0|0.0|0.0|0.0|0.0|0.0|0.0|0.0|0.0
VALE3|1.02|2022-06-20|58.065419|58.142327|57.104071|58.588392|4.062893918409595|4.0705365882236|0.0076426698140048|0|0|1|0.0|58.142327|0.007671949559225541|1.0|0.0|58.142327|0.007671949559225541|1.0|0.0|58.142327|0.007671949559225541|1.0|0.0
VALE3|1.02|2022-06-21|58.449958|59.065221|58.265379|59.711247|4.078642274034049|4.089520394614818|0.0108781205807693|0|0|1|1.0|58.142327|0.026984128103438282|0.0|59.305173540000006|58.142327|0.026984128103438282|0.0|59.305173540000006|58.142327|0.026984128103438282|0.0|59.305173540000006
VALE3|1.02|2022-06-22|57.950057|56.911801|56.434973|58.488412|4.041502718573615|4.068828649146208|0.0273259305725925|1|0|1|1.0|0.0|0.0|0.0|0.0|56.911801|0.027702707914655518|0.0|58.05003702|56.911801|0.027702707914655518|0.0|58.05003702
VALE3|1.02|2022-06-23|55.835092|58.788353|55.704348|59.457451|4.073943757053205|4.085260947495308|0.0113171904421029|0|0|1|0.0|0.0|0.0|0.0|0.0|58.788353|0.011381472108939642|1.0|0.0|58.788353|0.011381472108939642|1.0|0.0
VALE3|1.02|2022-06-24|57.38863|55.973526|55.835092|57.58859|4.024878828953637|4.0533244578015974|0.0284456288479608|1|1|1|1.0|0.0|0.0|0.0|0.0|58.788353|-0.02040817506828261|2.0|0.0|58.788353|-0.02040817506828261|2.0|0.0
VALE3|1.02|2022-06-27|60.026569|58.834497|58.496103|60.734121|4.074728366546466|4.106505665338193|0.0317772987917264|1|1|1|1.0|58.834497|0.032287588011502895|0.0|60.01118694|58.788353|0.03309784848029339|0.0|59.96412006|58.788353|0.03309784848029339|0.0|59.96412006
VALE3|1.02|2022-06-28|61.103279|61.526272|60.587996|61.70316|4.119464270585956|4.1223351451590275|0.0028708745730714|0|0|1|1.0|61.526272|0.002874999479896948|1.0|0.0|61.526272|0.002874999479896948|1.0|0.0|61.526272|0.002874999479896948|1.0|0.0
VALE3|1.02|2022-06-29|60.595687|61.226331|60.018878|61.595489|4.114577342087436|4.120588637338508|0.0060112952510715|0|1|1|1.0|61.526272|0.0011249990898197417|2.0|0.0|61.526272|0.0011249990898197417|2.0|0.0|61.526272|0.0011249990898197417|2.0|0.0
VALE3|1.02|2022-06-30|58.880642|59.211346|58.580701|60.026569|4.0811131789318145|4.094787280874401|0.0136741019425867|0|1|1|1.0|61.526272|-0.02437500195038628|3.0|0.0|61.526272|-0.02437500195038628|3.0|0.0|61.526272|-0.02437500195038628|3.0|0.0
VALE3|1.02|2022-07-01|57.757788|58.0808|56.757986|58.85757|4.061835144526362|4.075120457549432|0.0132853130230703|0|1|1|1.0|61.526272|-0.0433749992198454|4.0|57.757788|61.526272|-0.0433749992198454|4.0|57.757788|61.526272|-0.0433749992198454|4.0|57.757788
VALE3|1.02|2022-07-04|57.427084|56.911801|56.588788|57.688571|4.041502718573615|4.055059077637862|0.0135563590642471|0|0|1|0.0|56.911801|0.013648663130516749|1.0|0.0|56.911801|0.013648663130516749|1.0|0.0|56.911801|0.013648663130516749|1.0|0.0
VALE3|1.02|2022-07-05|57.142525|57.173288|55.812019|57.234814|4.046086796303565|4.047162349605396|0.0010755533018311|0|1|1|1.0|56.911801|0.005675677000627746|2.0|0.0|56.911801|0.005675677000627746|2.0|0.0|56.911801|0.005675677000627746|2.0|0.0
VALE3|1.02|2022-07-06|57.68088|57.411702|56.558025|58.026965|4.050248150143165|4.06090781630059|0.0106596661574247|0|0|1|0.0|56.911801|0.019594600423908568|3.0|0.0|56.911801|0.019594600423908568|3.0|0.0|56.911801|0.019594600423908568|3.0|0.0
VALE3|1.02|2022-07-07|59.357471|59.418997|59.126747|60.157312|4.084613990053557|4.096962997792302|0.0123490077387442|0|1|1|1.0|56.911801|0.05702703029904115|0.0|58.05003702|56.911801|0.05702703029904115|0.0|58.05003702|56.911801|0.05702703029904115|0.0|58.05003702
VALE3|1.02|2022-07-08|57.988511|59.088293|57.911603|59.880444|4.079032816803572|4.092349974353597|0.0133171575500252|0|0|0|0.0|59.088293|0.013406225832247294|1.0|0.0|59.088293|0.013406225832247294|1.0|0.0|59.088293|0.013406225832247294|1.0|0.0
VALE3|1.02|2022-07-11|56.01198|57.027163|55.804328|57.034854|4.043527698183235|4.043662554644903|0.0001348564616678|0|1|1|1.0|59.088293|-0.034752044707062314|2.0|0.0|59.088293|-0.034752044707062314|2.0|0.0|59.088293|-0.034752044707062314|2.0|0.0
VALE3|1.02|2022-07-12|56.181177|55.373645|54.650711|56.273466|4.014103758539957|4.030223127425261|0.0161193688853042|0|0|0|0.0|59.088293|-0.047637642874536944|3.0|0.0|59.088293|-0.047637642874536944|3.0|0.0|59.088293|-0.047637642874536944|3.0|0.0
VALE3|1.02|2022-07-13|55.988907|56.104269|55.612059|56.634933|4.027211905890162|4.03662598563794|0.0094140797477777|0|0|1|0.0|59.088293|-0.04152023819676096|4.0|55.988907|59.088293|-0.04152023819676096|4.0|55.988907|59.088293|-0.04152023819676096|4.0|55.988907
VALE3|1.02|2022-07-14|52.258877|54.220027|51.958936|54.473823|3.993050342041624|3.99772027435587|0.0046699323142465|0|0|1|0.0|0.0|0.0|0.0|0.0|54.220027|0.004680853441847257|1.0|0.0|0.0|0.0|0.0|0.0
VALE3|1.02|2022-07-15|52.58189|51.912792|51.259075|52.674179|3.949565233790559|3.9641253734273545|0.0145601396367953|0|0|1|1.0|0.0|0.0|0.0|0.0|54.220027|-0.02851064607548055|2.0|0.0|0.0|0.0|0.0|0.0
VALE3|1.02|2022-07-18|52.858758|54.135428|52.835686|54.135428|3.991488832892133|3.991488832892133|0.0|0|0|0|0.0|0.0|0.0|0.0|0.0|54.220027|-0.0015602906284057053|3.0|0.0|54.135428|0.0|1.0|0.0
VALE3|1.02|2022-07-19|52.97412|52.458837|52.28964|53.274061|3.9600288049211594|3.975449552301429|0.0154207473802689|0|0|0|0.0|0.0|0.0|0.0|0.0|54.220027|-0.017446800607458172|4.0|52.97412|54.135428|-0.015911336287947962|2.0|0.0
VALE3|1.02|2022-07-20|51.828193|52.651107|50.897608|52.666489|3.9636872639999745|3.9639793709354456|0.0002921069354711|0|0|1|1.0|0.0|0.0|0.0|0.0|0.0|0.0|0.0|0.0|54.135428|-0.02713452270110433|3.0|0.0
VALE3|1.02|2022-07-21|52.735706|51.766667|51.251384|52.77416|3.9467464479256815|3.966021676980523|0.0192752290548412|0|0|1|1.0|0.0|0.0|0.0|0.0|51.766667|0.019462195624841055|1.0|0.0|54.135428|-0.025145603356086805|4.0|52.735706
VALE3|1.02|2022-07-22|53.227916|53.681672|53.043337|54.412297|3.983071639719335|3.9965901761110616|0.013518536391726|0|0|0|0.0|0.0|0.0|0.0|0.0|51.766667|0.051106825169949695|0.0|52.80200034|53.681672|0.013610324954111032|1.0|0.0
VALE3|1.02|2022-07-25|54.212336|54.343079|53.866251|54.781454|3.9953172641522783|4.003351706016456|0.008034441864178|0|0|1|1.0|0.0|0.0|0.0|0.0|0.0|0.0|0.0|0.0|53.681672|0.02048710405294376|0.0|54.75530544
VALE3|1.02|2022-07-26|54.112356|54.850671|53.512475|54.927579|4.004614420010132|4.006015572106878|0.0014011520967462|0|1|1|1.0|0.0|0.0|0.0|0.0|54.850671|0.001402134168969475|1.0|0.0|54.850671|0.001402134168969475|1.0|0.0
VALE3|1.02|2022-07-27|54.235409|53.812415|53.304824|54.312316|3.985504202628049|3.9947510152178007|0.0092468125897515|0|0|0|1.0|53.812415|0.009289696439009497|1.0|0.0|54.850671|-0.009814920951468319|2.0|0.0|54.850671|-0.009814920951468319|2.0|0.0
VALE3|1.02|2022-07-28|54.366152|54.958342|54.073902|55.350572|4.00657548006458|4.013686993337924|0.0071115132733439|0|0|1|1.0|53.812415|0.02858368278026545|0.0|54.888663300000005|54.850671|0.00911385386698371|3.0|0.0|54.850671|0.00911385386698371|3.0|0.0
VALE3|1.02|2022-07-29|53.643218|53.581692|52.320403|54.081593|3.981207442565226|3.9904938876618257|0.0092864450965985|0|0|0|0.0|0.0|0.0|0.0|0.0|54.850671|-0.014021305227059126|4.0|53.643218|54.850671|-0.014021305227059126|4.0|53.643218
VALE3|1.02|2022-08-01|52.358857|53.020265|52.243495|53.720126|3.970674198962308|3.9837877171474463|0.013113518185138|0|0|0|0.0|0.0|0.0|0.0|0.0|0.0|0.0|0.0|0.0|0.0|0.0|0.0|0.0
VALE3|1.02|2022-08-02|54.027757|52.551127|51.512871|54.196955|3.961786543334667|3.9926247260555914|0.0308381827209238|1|0|0|0.0|0.0|0.0|0.0|0.0|0.0|0.0|0.0|0.0|0.0|0.0|0.0|0.0
VALE3|1.02|2022-08-03|51.928173|53.881632|51.928173|53.95085|3.9867896406157386|3.988073446909038|0.0012838062932996|0|0|1|0.0|0.0|0.0|0.0|0.0|0.0|0.0|0.0|0.0|0.0|0.0|0.0|0.0
VALE3|1.02|2022-08-04|51.628233|52.043535|51.389818|52.335785|3.952080579853793|3.957680362716664|0.0055997828628706|0|0|1|0.0|0.0|0.0|0.0|0.0|52.043535|0.005615490953871653|1.0|0.0|0.0|0.0|0.0|0.0
VALE3|1.02|2022-08-05|52.297331|52.212732|51.912792|52.87414|3.9553263731938384|3.9679143724587553|0.0125879992649169|0|1|1|1.0|0.0|0.0|0.0|0.0|52.043535|0.015959811338718603|2.0|0.0|0.0|0.0|0.0|0.0
VALE3|1.02|2022-08-08|52.743396|52.935666|52.112752|53.17408|3.969077327184035|3.973571059573208|0.0044937323891729|0|0|1|1.0|52.935666|0.0045038443457006624|1.0|0.0|52.043535|0.02172306320083749|0.0|53.0844057|52.935666|0.0045038443457006624|1.0|0.0
VALE3|1.02|2022-08-09|53.835488|52.751087|52.412693|53.95854|3.9655843787789338|3.988215973894188|0.0226315951152544|1|1|1|1.0|52.935666|0.019322964596308313|2.0|0.0|52.751087|0.02288963258709723|0.0|53.80610874|52.935666|0.019322964596308313|2.0|0.0
VALE3|1.02|2022-08-10|53.873942|54.396915|53.158699|54.458441|3.996307442695026|3.9974378603209937|0.0011304176259678|0|0|1|1.0|52.935666|0.02876652198916328|0.0|53.99437932|54.396915|0.001131056788790332|1.0|0.0|52.935666|0.02876652198916328|0.0|53.99437932
VALE3|1.02|2022-08-11|55.750493|54.45075|54.258481|56.642624|3.9972966233887903|4.036761775995986|0.0394651526071951|1|0|1|1.0|0.0|0.0|0.0|0.0|54.396915|0.0412837566248012|0.0|55.4848533|54.45075|0.04025424810493884|0.0|55.539765
VALE3|1.02|2022-08-12|56.464013|55.638894|55.250603|56.464013|4.018882489071911|4.033603497168082|0.0147210080961714|0|0|0|0.0|0.0|0.0|0.0|0.0|55.638894|0.014829895791961659|1.0|0.0|55.638894|0.014829895791961659|1.0|0.0
VALE3|1.02|2022-08-15|55.250603|55.007921|54.231339|55.452838|4.007477193044666|4.0155328937310255|0.0080557006863593|0|0|1|1.0|0.0|0.0|0.0|0.0|55.638894|-0.003343991704795582|2.0|0.0|55.638894|-0.003343991704795582|2.0|0.0
VALE3|1.02|2022-08-16|56.585354|56.221331|55.905845|56.90893|4.029296240046949|4.041452270821693|0.0121560307747436|0|0|1|1.0|0.0|0.0|0.0|0.0|55.638894|0.022826406290534774|0.0|56.75167188|55.638894|0.022826406290534774|0.0|56.75167188
VALE3|1.02|2022-08-17|55.193977|55.266782|54.918938|55.655073|4.012172040882536|4.019173232596471|0.0070011917139352|0|0|1|1.0|0.0|0.0|0.0|0.0|55.266782|0.007025757352762142|1.0|0.0|55.266782|0.007025757352762142|1.0|0.0
VALE3|1.02|2022-08-18|54.781418|55.250603|54.773328|55.501374|4.011879254365454|4.016407777202702|0.0045285228372486|0|0|0|0.0|0.0|0.0|0.0|0.0|55.266782|0.004244719730560741|2.0|0.0|55.266782|0.004244719730560741|2.0|0.0
VALE3|1.02|2022-08-19|54.166623|54.198981|53.778332|54.554915|3.9926621075308577|3.999207809045175|0.0065457015143182|0|0|1|1.0|0.0|0.0|0.0|0.0|55.266782|-0.01288055816240573|3.0|0.0|55.266782|-0.01288055816240573|3.0|0.0
VALE3|1.02|2022-08-22|53.373862|54.037193|53.252521|54.126176|3.989672568737732|3.9913179135692944|0.0016453448315623|0|0|1|1.0|0.0|0.0|0.0|0.0|55.266782|-0.020638183710424796|4.0|53.373862|55.266782|-0.020638183710424796|4.0|53.373862
VALE3|1.02|2022-08-23|56.795679|54.021014|53.915852|56.868483|3.98937311901392|4.0407412860904115|0.0513681670764913|1|0|1|1.0|0.0|0.0|0.0|0.0|54.021014|0.05271039525470582|0.0|55.10143428|54.021014|0.05271039525470582|0.0|55.10143428
VALE3|1.02|2022-08-24|54.967474|56.447834|54.854222|56.828036|4.033316919620365|4.040029795500163|0.0067128758797982|0|0|1|1.0|0.0|0.0|0.0|0.0|56.447834|0.006735457732532253|1.0|0.0|56.447834|0.006735457732532253|1.0|0.0
VALE3|1.02|2022-08-25|56.035275|55.735967|55.210156|56.164705|4.020625665650709|4.028288534698363|0.0076628690476541|0|0|1|1.0|0.0|0.0|0.0|0.0|56.447834|-0.00501576375809216|2.0|0.0|56.447834|-0.00501576375809216|2.0|0.0
VALE3|1.02|2022-08-26|55.193977|56.342672|55.193977|57.596529|4.031452187663711|4.053462305469447|0.0220101178057356|1|1|1|1.0|0.0|0.0|0.0|0.0|56.447834|0.020349673647353704|0.0|57.57679068|56.447834|0.020349673647353704|0.0|57.57679068
VALE3|1.02|2022-08-29|54.126176|54.603451|54.07764|54.927027|4.000097085881705|4.006005522459984|0.0059084365782791|0|1|1|1.0|54.603451|0.005925925817399394|1.0|0.0|54.603451|0.005925925817399394|1.0|0.0|54.603451|0.005925925817399394|1.0|0.0
VALE3|1.02|2022-08-30|52.556833|53.341505|52.095737|53.859226|3.9767147335789232|3.986373716689775|0.0096589831108522|0|1|1|1.0|54.603451|-0.01362963304279065|2.0|0.0|54.603451|-0.01362963304279065|2.0|0.0|54.603451|-0.01362963304279065|2.0|0.0
VALE3|1.02|2022-08-31|52.176631|52.920856|52.176631|53.13118|3.968797514474968|3.972763949890605|0.0039664354156365|0|0|0|1.0|54.603451|-0.026962966131939155|3.0|0.0|54.603451|-0.026962966131939155|3.0|0.0|54.603451|-0.026962966131939155|3.0|0.0
VALE3|1.02|2022-09-01|51.683178|51.755982|50.073387|51.755982|3.946540019667882|3.946540019667882|0.0|0|1|1|1.0|54.603451|-0.05214815085588632|4.0|51.683178|54.603451|-0.05214815085588632|4.0|51.683178|54.603451|-0.05214815085588632|4.0|51.683178
VALE3|1.02|2022-09-02|50.898506|52.168542|50.898506|52.435492|3.9544796695477418|3.959583690288023|0.0051040207402817|0|0|1|0.0|52.168542|0.0051170684432775854|1.0|0.0|52.168542|0.0051170684432775854|1.0|0.0|52.168542|0.0051170684432775854|1.0|0.0
VALE3|1.02|2022-09-05|52.759068|52.136184|51.958217|53.778332|3.9538592182550927|3.984870635112432|0.0310114168573392|1|0|1|1.0|52.168542|0.03085748495712218|0.0|53.211912840000004|52.168542|0.03085748495712218|0.0|53.211912840000004|52.168542|0.03085748495712218|0.0|53.211912840000004
VALE3|1.02|2022-09-06|51.505211|52.314151|51.440496|53.026018|3.9572669080862055|3.970782698757735|0.0135157906715295|0|1|1|1.0|0.0|0.0|0.0|0.0|52.314151|0.01360754186759139|1.0|0.0|52.314151|0.01360754186759139|1.0|0.0
VALE3|1.02|2022-09-08|52.18472|51.909681|51.416227|52.338419|3.949505304568859|3.957730690302638|0.008225385733779|0|0|1|1.0|51.909681|0.008259307160835812|1.0|0.0|52.314151|0.00046388978003292626|2.0|0.0|52.314151|0.00046388978003292626|2.0|0.0
VALE3|1.02|2022-09-09|56.261778|53.834958|53.584187|56.334583|3.985923033105771|4.031308609440868|0.0453855763350965|1|1|1|1.0|51.909681|0.08524232695631481|0.0|52.94787462|52.314151|0.07685171073501698|0.0|53.36043402000001|52.314151|0.07685171073501698|0.0|53.36043402000001
VALE3|1.02|2022-09-12|56.747142|56.698606|56.027186|57.111165|4.037749624893558|4.044999631698267|0.0072500068047087|0|1|1|1.0|56.698606|0.0072763517325276335|1.0|0.0|56.698606|0.0072763517325276335|1.0|0.0|56.698606|0.0072763517325276335|1.0|0.0
VALE3|1.02|2022-09-13|55.210156|56.075722|55.080726|57.434741|4.0267029559364005|4.05064936414174|0.0239464082053393|1|0|1|1.0|56.698606|0.012983299801056915|2.0|0.0|56.698606|0.012983299801056915|2.0|0.0|56.698606|0.012983299801056915|2.0|0.0
VALE3|1.02|2022-09-14|54.198981|54.805686|53.770243|55.800682|4.003793947695452|4.021786091534797|0.0179921438393453|0|0|1|1.0|56.698606|-0.01583679147243931|3.0|0.0|56.698606|-0.01583679147243931|3.0|0.0|56.698606|-0.01583679147243931|3.0|0.0
VALE3|1.02|2022-09-15|55.29105|54.846133|54.34459|55.517553|4.004531682868535|4.01669924101976|0.0121675581512246|0|0|1|1.0|56.698606|-0.020830371032402432|4.0|55.29105|56.698606|-0.020830371032402432|4.0|55.29105|56.698606|-0.020830371032402432|4.0|55.29105
VALE3|1.02|2022-09-16|55.210156|54.425484|53.867316|55.69552|3.9968325000530487|4.0198997128187886|0.0230672127657398|1|1|1|1.0|0.0|0.0|0.0|0.0|54.425484|0.023335318432813654|0.0|55.51399368|54.425484|0.023335318432813654|0.0|55.51399368
VALE3|1.02|2022-09-19|56.997914|54.546825|54.465931|57.078808|3.999059507102148|4.044432909419315|0.0453734023171672|1|0|1|1.0|54.546825|0.04641852206796645|0.0|55.637761499999996|54.546825|0.04641852206796645|0.0|55.637761499999996|54.546825|0.04641852206796645|0.0|55.637761499999996
VALE3|1.02|2022-09-20|56.180884|56.464013|55.331497|56.706695|4.033603497168082|4.037892281364506|0.004288784196424|0|0|1|1.0|0.0|0.0|0.0|0.0|56.464013|0.004297994193221832|1.0|0.0|56.464013|0.004297994193221832|1.0|0.0
VALE3|1.02|2022-09-21|55.371944|56.180884|55.339586|56.617712|4.028576556689361|4.036321869118052|0.0077453124286908|0|0|1|0.0|0.0|0.0|0.0|0.0|56.464013|0.0027220700731985883|2.0|0.0|56.464013|0.0027220700731985883|2.0|0.0
VALE3|1.02|2022-09-22|56.64198|56.763321|56.043364|57.192059|4.038890360093969|4.046415060076831|0.0075246999828619|0|1|1|1.0|0.0|0.0|0.0|0.0|56.464013|0.012893982579665371|3.0|0.0|56.464013|0.012893982579665371|3.0|0.0
VALE3|1.02|2022-09-23|55.469017|55.582268|54.870401|55.857308|4.017864229527154|4.022800367447421|0.004936137920267|0|0|1|0.0|55.582268|0.004948340719022192|1.0|0.0|56.464013|-0.010744985483054454|4.0|55.469017|56.464013|-0.010744985483054454|4.0|55.469017
VALE3|1.02|2022-09-26|55.007921|54.765239|54.716703|56.156616|4.003055667867347|4.028144501491809|0.0250888336244621|1|0|0|0.0|55.582268|0.010333295503522823|2.0|0.0|54.765239|0.025406207028513077|0.0|55.86054378|0.0|0.0|0.0|0.0
VALE3|1.02|2022-09-27|54.765239|55.477106|54.35268|55.655073|4.015970431144496|4.019173232596471|0.0032028014519749|0|0|1|1.0|55.582268|0.0013098601877851125|3.0|0.0|0.0|0.0|0.0|0.0|0.0|0.0|0.0|0.0
VALE3|1.02|2022-09-28|55.282961|54.773328|54.554915|55.687431|4.00320336014115|4.019754466173021|0.016551106031871|0|0|1|1.0|55.582268|0.0018920242693226813|4.0|55.282961|54.773328|0.016688834390344097|1.0|0.0|54.773328|0.016688834390344097|1.0|0.0
VALE3|1.02|2022-09-29|55.355765|54.951295|54.48211|55.638894|4.006447247450917|4.018882489071911|0.0124352416209934|0|1|1|1.0|0.0|0.0|0.0|0.0|54.773328|0.015802691412141346|2.0|0.0|54.773328|0.015802691412141346|2.0|0.0
VALE3|1.02|2022-09-30|58.276039|55.404302|55.218245|58.971727|4.01465724416797|4.07705812566125|0.0624008814932803|1|1|1|1.0|55.404302|0.06438895304555953|0.0|56.512388040000005|54.773328|0.07665042737589364|0.0|55.86879456|54.773328|0.07665042737589364|0.0|55.86879456
VALE3|1.02|2022-10-03|59.861561|59.246767|57.539903|59.999081|4.081711213125651|4.094329245438133|0.0126180323124822|0|0|0||59.246767|0.012697975570548827|1.0|0.0|59.246767|0.012697975570548827|1.0|0.0|59.246767|0.012697975570548827|1.0|0.0
VALE3|1.02|2022-10-04|61.309564|60.023349|59.910098|61.681676|4.094733636522878|4.121986901389151|0.0272532648662728|1|0|0||59.246767|0.041097753063893|0.0|60.43170234|59.246767|0.041097753063893|0.0|60.43170234|59.246767|0.041097753063893|0.0|60.43170234
VALE3|1.02|2022-10-05|62.256024|61.714034|61.576514|62.98407|4.122511360476775|4.142881837274918|0.0203704767981429|1|0|0||0.0|0.0|0.0|0.0|0.0|0.0|0.0|0.0|0.0|0.0|0.0|0.0
VALE3|1.02|2022-10-06|61.115418|62.450169|60.605786|62.749477|4.134368942732857|4.139150243315806|0.0047813005829482|0|0|1||0.0|0.0|0.0|0.0|0.0|0.0|0.0|0.0|0.0|0.0|0.0|0.0
VALE3|1.02|2022-10-07|61.083061|60.96172|60.799932|64.262195|4.110246126203446|4.162971511212025|0.0527253850085793|1|0|0||0.0|0.0|0.0|0.0|60.96172|0.05414012268682717|0.0|62.1809544|0.0|0.0|0.0|0.0
VALE3|1.02|2022-10-10|59.853472|61.811107|59.440912|62.30456|4.124083073234151|4.13203461733635|0.0079515441021991|0|0|0||0.0|0.0|0.0|0.0|0.0|0.0|0.0|0.0|0.0|0.0|0.0|0.0
VALE3|1.02|2022-10-11|59.449002|59.214409|58.267949|60.00717|4.081164907544407|4.094464055082544|0.0132991475381372|0|0|0||0.0|0.0|0.0|0.0|0.0|0.0|0.0|0.0|0.0|0.0|0.0|0.0
VALE3|1.02|2022-10-13|58.38929|58.445916|57.475188|58.890833|4.068101813791737|4.075685441872571|0.0075836280808347|0|0|1||0.0|0.0|0.0|0.0|0.0|0.0|0.0|0.0|0.0|0.0|0.0|0.0
VALE3|1.02|2022-10-14|56.488281|58.737135|56.302225|59.34384|4.073072150321523|4.083348324599087|0.0102761742775641|0|0|1||0.0|0.0|0.0|0.0|58.737135|0.010329155482302602|1.0|0.0|0.0|0.0|0.0|0.0
VALE3|1.02|2022-10-17|57.167791|56.795679|56.027186|57.628887|4.039460248889674|4.054023952404193|0.0145637035145185|0|0|0||0.0|0.0|0.0|0.0|58.737135|-0.018867927419340475|2.0|0.0|0.0|0.0|0.0|0.0
VALE3|1.02|2022-10-18|58.211324|58.486363|57.224417|58.915101|4.068793615952082|4.076097441498045|0.0073038255459634|0|0|1||0.0|0.0|0.0|0.0|58.737135|0.003029871988138302|3.0|0.0|0.0|0.0|0.0|0.0
VALE3|1.02|2022-10-19|57.523725|57.944373|57.094986|58.348843|4.0594834641220645|4.0664395299155816|0.006956065793517|0|1|1||0.0|0.0|0.0|0.0|58.737135|-0.006610673128677452|4.0|57.523725|0.0|0.0|0.0|0.0
VALE3|1.02|2022-10-20|58.25986|57.418562|56.884662|59.20632|4.050367630840487|4.08102829294862|0.0306606621081328|1|1|1||57.418562|0.031135541151309162|0.0|58.566933240000004|57.418562|0.031135541151309162|0.0|58.566933240000004|0.0|0.0|0.0|0.0
VALE3|1.02|2022-10-21|59.966723|58.081893|57.790675|60.41164|4.061853962960607|4.101181801605362|0.0393278386447546|1|1|1||58.081893|0.04011141647879826|0.0|59.24353086|58.081893|0.04011141647879826|0.0|59.24353086|0.0|0.0|0.0|0.0
VALE3|1.02|2022-10-24|58.187055|59.271035|57.58035|59.821114|4.082120738107209|4.091358675562674|0.0092379374554649|0|0|1||59.271035|0.009280738897169651|1.0|0.0|59.271035|0.009280738897169651|1.0|0.0|0.0|0.0|0.0|0.0
VALE3|1.02|2022-10-25|58.187055|57.928195|57.370026|59.271035|4.059204226328609|4.082120738107209|0.0229165117785994|1|1|1||59.271035|0.0|2.0|0.0|59.271035|0.0|2.0|0.0|0.0|0.0|0.0|0.0
VALE3|1.02|2022-10-26|59.481359|57.661244|57.531814|60.54916|4.0545852667260505|4.103455597070503|0.0488703303444522|1|1|1||59.271035|0.02156407425650662|0.0|60.4564557|59.271035|0.02156407425650662|0.0|60.4564557|0.0|0.0|0.0|0.0
VALE3|1.02|2022-10-27|57.361937|58.243681|56.164705|58.340754|4.06463560587466|4.066300888593288|0.001665282718628|0|1|1||58.243681|0.0016666700719000682|1.0|0.0|58.243681|0.0016666700719000682|1.0|0.0|0.0|0.0|0.0|0.0
VALE3|1.02|2022-10-28|54.563004|55.485196|53.915852|55.857308|4.016116246432546|4.022800367447421|0.0066841210148753|0|0|1||58.243681|-0.0409722215187601|2.0|0.0|58.243681|-0.0409722215187601|2.0|0.0|0.0|0.0|0.0|0.0
VALE3|1.02|2022-10-31|54.304143|53.390041|53.00175|56.140437|3.97762423044587|4.027856355014591|0.0502321245687209|1|1|1||58.243681|-0.036111110491110675|3.0|0.0|58.243681|-0.036111110491110675|3.0|0.0|0.0|0.0|0.0|0.0
VALE3|1.02|2022-11-01|55.954381|56.180884|55.776414|57.272953|4.028576556689361|4.047828487849283|0.0192519311599213|0|0|1||58.243681|-0.01666666638051261|4.0|55.954381|58.243681|-0.01666666638051261|4.0|55.954381|0.0|0.0|0.0|0.0
VALE3|1.02|2022-11-03|54.320322|54.716703|53.859226|54.959385|4.002169019306076|4.006594457895154|0.0044254385890774|0|1|1||0.0|0.0|0.0|0.0|54.716703|0.004435245303431293|1.0|0.0|0.0|0.0|0.0|0.0
VALE3|1.02|2022-11-04|58.445916|57.556082|57.272953|59.368108|4.0527598115995795|4.083757179828016|0.0309973682284363|1|1|1||57.556082|0.03148278925587735|0.0|58.70720364|54.716703|0.08500886831576816|0.0|55.811037060000004|0.0|0.0|0.0|0.0
VALE3|1.02|2022-11-07|58.138519|58.243681|57.790675|59.076889|4.06463560587466|4.0788397988630525|0.0142041929883927|0|0|1||58.243681|0.014305551876091057|1.0|0.0|58.243681|0.014305551876091057|1.0|0.0|0.0|0.0|0.0|0.0
VALE3|1.02|2022-11-08|59.902008|57.960552|57.960552|60.613875|4.059762641216654|4.104523827263877|0.0447611860472232|1|1|1||58.243681|0.04069444031190264|0.0|59.408554620000004|58.243681|0.04069444031190264|0.0|59.408554620000004|0.0|0.0|0.0|0.0
VALE3|1.02|2022-11-09|59.173962|59.942455|58.66433|60.492534|4.093385018674067|4.1025199524630995|0.0091349337890322|0|0|1||59.942455|0.009176784634529844|1.0|0.0|59.942455|0.009176784634529844|1.0|0.0|0.0|0.0|0.0|0.0
VALE3|1.02|2022-11-10|60.306478|57.839211|57.742138|61.050703|4.057666936678631|4.11170471564193|0.0540377789632993|1|0|1||59.942455|0.01848853204294012|2.0|0.0|59.942455|0.01848853204294012|2.0|0.0|0.0|0.0|0.0|0.0
VALE3|1.02|2022-11-11|66.575763|63.089232|62.458259|67.133932|4.144550105222558|4.206689609153552|0.0621395039309939|1|1|1||59.942455|0.1199730141182906|0.0|61.141304100000006|59.942455|0.1199730141182906|0.0|61.141304100000006|0.0|0.0|0.0|0.0
VALE3|1.02|2022-11-14|67.392793|66.648568|65.831539|68.306895|4.199433561022561|4.224010713165214|0.0245771521426529|1|0|0||66.648568|0.02488165987302233|0.0|67.98153936|66.648568|0.02488165987302233|0.0|67.98153936|0.0|0.0|0.0|0.0
VALE3|1.02|2022-11-16|66.689015|67.400882|65.960969|68.573845|4.210658103886052|4.227911193809057|0.0172530899230052|0|0|1||0.0|0.0|0.0|0.0|0.0|0.0|0.0|0.0|0.0|0.0|0.0|0.0
VALE3|1.02|2022-11-17|67.222915|65.418979|65.313817|67.376614|4.180812415140391|4.210297984415332|0.0294855692749411|1|0|0||0.0|0.0|0.0|0.0|65.418979|0.0299245728063107|0.0|66.72735858|0.0|0.0|0.0|0.0
VALE3|1.02|2022-11-18|65.386621|68.23409|65.281459|68.347342|4.222944293336768|4.224602674337719|0.0016583810009507|0|0|0||0.0|0.0|0.0|0.0|0.0|0.0|0.0|0.0|0.0|0.0|0.0|0.0
VALE3|1.02|2022-11-21|64.650486|63.987155|63.323824|64.8689|4.158682360091104|4.172368310090287|0.013685949999183|0|0|0||0.0|0.0|0.0|0.0|0.0|0.0|0.0|0.0|0.0|0.0|0.0|0.0
VALE3|1.02|2022-11-22|64.828453|64.674754|64.221748|65.896254|4.169370924431306|4.188081596190218|0.0187106717589111|0|0|0||0.0|0.0|0.0|0.0|0.0|0.0|0.0|0.0|0.0|0.0|0.0|0.0
VALE3|1.02|2022-11-23|65.467515|65.467515|64.666665|65.81536|4.181554065416771|4.186853245740099|0.0052991803233277|0|0|1||0.0|0.0|0.0|0.0|0.0|0.0|0.0|0.0|0.0|0.0|0.0|0.0
VALE3|1.02|2022-11-24|65.888164|65.936701|65.208655|66.648568|4.188695206061423|4.199433561022561|0.0107383549611377|0|0|1||0.0|0.0|0.0|0.0|65.936701|0.010796218027347138|1.0|0.0|0.0|0.0|0.0|0.0
VALE3|1.02|2022-11-25|65.443247|66.333081|65.26528|67.044949|4.194688732029047|4.205363275048192|0.010674543019145|0|0|1||0.0|0.0|0.0|0.0|65.936701|0.01680775627521922|2.0|0.0|0.0|0.0|0.0|0.0
VALE3|1.02|2022-11-28|65.766823|65.200565|64.32691|66.608121|4.177468134539232|4.198826507049576|0.0213583725103436|1|0|1||0.0|0.0|0.0|0.0|65.936701|0.010182796376178992|3.0|0.0|0.0|0.0|0.0|0.0
VALE3|1.02|2022-11-29|68.306895|67.02068|66.834624|69.309981|4.205001228482699|4.238588921799138|0.0335876933164396|1|0|1||0.0|0.0|0.0|0.0|65.936701|0.05115936874063496|0.0|67.25543502000001|0.0|0.0|0.0|0.0
VALE3|1.02|2022-11-30|69.334249|68.759901|68.565756|70.070384|4.230620740723036|4.249500222601478|0.0188794818784421|0|1|1||0.0|0.0|0.0|0.0|68.759901|0.01905882616090452|1.0|0.0|0.0|0.0|0.0|0.0
VALE3|1.02|2022-12-01|69.714451|69.908596|68.541488|70.175546|4.247188617358418|4.250999902766306|0.0038112854078882|0|1|1||69.908596|0.0038185575919732996|1.0|0.0|68.759901|0.020588234994695497|0.0|70.13509902|0.0|0.0|0.0|0.0
VALE3|1.02|2022-12-02|70.215993|70.183636|68.735633|70.976397|4.25111517844537|4.262347385152295|0.011232206706925|0|1|1||69.908596|0.015274244672286122|2.0|0.0|70.183636|0.01129552478586317|1.0|0.0|0.0|0.0|0.0|0.0
VALE3|1.02|2022-12-05|70.143189|71.105827|70.118921|71.987572|4.264169288444036|4.2764934930059315|0.0123242045618958|0|1|1||69.908596|0.029738488811876542|0.0|71.30676792|70.183636|0.025703085545468077|0.0|71.58730872000001|0.0|0.0|0.0|0.0
VALE3|1.02|2022-12-06|71.162453|70.369692|70.280709|71.939036|4.253762659103738|4.275819038122094|0.0220563790183563|1|0|1||70.369692|0.02230141919620738|0.0|71.77708584|70.369692|0.02230141919620738|0.0|71.77708584|0.0|0.0|0.0|0.0
VALE3|1.02|2022-12-07|68.630471|69.496037|67.83771|69.908596|4.24126972936222|4.247188617358418|0.0059188879961977|0|1|1||0.0|0.0|0.0|0.0|69.496037|0.005936439224584873|1.0|0.0|0.0|0.0|0.0|0.0
VALE3|1.02|2022-12-08|69.471769|69.164371|69.04303|70.580016|4.236485860090386|4.256747044940212|0.0202611848498266|1|1|1||69.164371|0.020467835961379563|0.0|70.54765842|69.496037|0.015597709549970444|2.0|0.0|0.0|0.0|0.0|0.0
VALE3|1.02|2022-12-09|71.785337|71.235258|70.80652|72.432489|4.265987892477755|4.282654941830522|0.0166670493527671|0|1|1||71.235258|0.01680671950398498|1.0|0.0|69.496037|0.04225351727610026|0.0|70.88595774000001|0.0|0.0|0.0|0.0
VALE3|1.02|2022-12-12|69.641646|71.308062|69.067299|71.429403|4.267009392556899|4.26870959129911|0.0017001987422116|0|1|1||71.235258|0.002725406006109949|2.0|0.0|71.308062|0.0017016448995625041|1.0|0.0|0.0|0.0|0.0|0.0
VALE3|1.02|2022-12-13|69.934511|70.007562|69.504319|70.940996|4.248603264786121|4.261848489280747|0.0132452244946259|0|0|1||71.235258|-0.004130847676581776|3.0|0.0|71.308062|-0.005147608695353525|2.0|0.0|0.0|0.0|0.0|0.0
VALE3|1.02|2022-12-14|70.527038|69.601721|69.398801|70.884178|4.242789294046161|4.261047249254915|0.018257955208754|0|0|1||71.235258|-0.004928458320456929|4.0|70.527038|71.308062|-0.005944404995889539|3.0|0.0|0.0|0.0|0.0|0.0
VALE3|1.02|2022-12-15|70.754309|70.932879|70.527038|71.565991|4.261734063703679|4.27061997509148|0.008885911387801|0|0|1||0.0|0.0|0.0|0.0|71.308062|0.0036171085395644335|4.0|70.754309|0.0|0.0|0.0|0.0
VALE3|1.02|2022-12-16|69.544903|70.616323|68.595235|70.876062|4.257261321741684|4.26093274606264|0.0036714243209559|0|0|1||0.0|0.0|0.0|0.0|70.616323|0.003678172254876686|1.0|0.0|0.0|0.0|0.0|0.0
VALE3|1.02|2022-12-19|69.293282|68.99296|68.376081|69.471852|4.2340044704064415|4.240921663338937|0.0069171929324953|0|1|1||0.0|0.0|0.0|0.0|70.616323|-0.016206890296454488|2.0|0.0|0.0|0.0|0.0|0.0
VALE3|1.02|2022-12-20|69.601721|69.293282|69.244581|70.819244|4.23834796065985|4.260130771676201|0.0217828110163509|1|1|1||69.293282|0.022021788490260753|0.0|70.67914764000001|70.616323|0.002873570746525608|3.0|0.0|0.0|0.0|0.0|0.0
VALE3|1.02|2022-12-21|69.999445|70.535155|69.642305|70.940996|4.256111238014658|4.261848489280747|0.0057372512660887|0|1|1||70.535155|0.005753740811939737|1.0|0.0|70.616323|0.004597704697821837|4.0|69.999445|0.0|0.0|0.0|0.0
VALE3|1.02|2022-12-22|69.601721|70.031912|68.741338|70.332235|4.248951023879324|4.25323022857228|0.0042792046929553|0|0|1||70.535155|-0.0028768633173061856|2.0|0.0|70.031912|0.004288373563183476|1.0|0.0|0.0|0.0|0.0|0.0
VALE3|1.02|2022-12-23|70.06438|69.220231|69.057894|70.226716|4.237293175387414|4.251728808434017|0.0144356330466024|0|1|1||70.535155|-0.004372840748701935|3.0|0.0|70.031912|0.002781646172961701|2.0|0.0|0.0|0.0|0.0|0.0
