ativo,target,data,target_real,resultado_real,esmble_jan_tot,esmble_jan_par,in_precision,capital_tot,inicio_tot,fim_tot
ITUB4,1.01,2020-06-04,1,0.0191761487670174,1,1,1.0,101000.0,2020-06-04,2020-06-04
ITUB4,1.01,2020-06-05,1,0.0315103223026373,1,1,1.0,102010.0,2020-06-05,2020-06-05
ITUB4,1.01,2020-06-08,1,0.0243017999946182,1,1,1.0,103030.1,2020-06-08,2020-06-08
ITUB4,1.01,2020-06-09,0,-0.0686588308598515,1,1,1.0,103030.1,2020-06-09,2020-06-10
ITUB4,1.01,2020-06-10,1,0.0397529584979643,1,1,1.0,104060.40100000001,2020-06-09,2020-06-10
ITUB4,1.01,2020-06-12,1,0.1119522350129791,1,1,1.0,105101.00501000001,2020-06-12,2020-06-12
ITUB4,1.01,2020-06-15,1,0.0656603762514884,1,1,1.0,106152.0150601,2020-06-15,2020-06-15
ITUB4,1.01,2020-06-16,1,0.0786860193200329,1,1,1.0,107213.53521070101,2020-06-16,2020-06-16
ITUB4,1.01,2020-06-17,1,0.0656603762514884,1,1,1.0,108285.67056280802,2020-06-17,2020-06-17
ITUB4,1.01,2020-06-18,0,-0.0804270834185341,1,1,1.0,108285.67056280802,2020-06-18,2020-06-23
ITUB4,1.01,2020-06-19,0,-0.0674036938550665,1,1,1.0,108285.67056280802,2020-06-18,2020-06-23
ITUB4,1.01,2020-06-22,0,-0.0718411269320794,0,1,1.0,108285.67056280802,2020-06-18,2020-06-23
ITUB4,1.01,2020-06-23,0,-0.0115714964483225,1,1,1.0,107032.64331048628,2020-06-18,2020-06-23
ITUB4,1.01,2020-06-24,1,0.0188243871782018,1,1,1.0,108102.96974359115,2020-06-24,2020-06-24
ITUB4,1.01,2020-06-25,1,0.0315052044712051,1,1,1.0,109183.99944102706,2020-06-25,2020-06-25
ITUB4,1.01,2020-06-26,1,0.052743593136606,1,1,1.0,110275.83943543733,2020-06-26,2020-06-26
ITUB4,1.01,2020-06-29,1,0.0398954633876609,1,1,1.0,111378.5978297917,2020-06-29,2020-06-29
ITUB4,1.01,2020-06-30,1,0.0878905710078512,1,1,1.0,112492.38380808962,2020-06-30,2020-06-30
ITUB4,1.01,2020-07-01,1,0.0509433793906513,1,1,1.0,113617.30764617052,2020-07-01,2020-07-01
ITUB4,1.01,2020-07-02,1,0.0553239855096487,1,1,1.0,114753.48072263223,2020-07-02,2020-07-02
ITUB4,1.01,2020-07-03,1,0.0269173717505821,0,1,0.0,115901.01552985856,2020-07-03,2020-07-03
ITUB4,1.01,2020-07-06,1,0.0102078163129992,1,1,1.0,117060.02568515715,2020-07-06,2020-07-06
ITUB4,1.01,2020-07-07,1,0.0337710737671925,0,1,1.0,118230.62594200872,2020-07-07,2020-07-07
ITUB4,1.01,2020-07-08,1,0.0196150745476848,1,1,1.0,119412.9322014288,2020-07-08,2020-07-08
ITUB4,1.01,2020-07-09,1,0.0315398893803837,1,1,1.0,120607.06152344309,2020-07-09,2020-07-09
ITUB4,1.01,2020-07-10,1,0.0127504739779884,1,1,1.0,121813.13213867752,2020-07-10,2020-07-10
ITUB4,1.01,2020-07-13,1,0.0392523296035429,1,1,1.0,123031.2634600643,2020-07-13,2020-07-13
ITUB4,1.01,2020-07-14,0,-0.0087146005574519,1,1,1.0,123031.2634600643,2020-07-14,2020-07-15
ITUB4,1.01,2020-07-15,1,0.0320206492912065,1,1,1.0,124261.57609466495,2020-07-14,2020-07-15
ITUB4,1.01,2020-07-16,1,0.0343047079898222,0,1,0.0,125504.1918556116,2020-07-16,2020-07-16
ITUB4,1.01,2020-07-17,1,0.0289908412231794,1,1,1.0,126759.23377416772,2020-07-17,2020-07-17
ITUB4,1.01,2020-07-20,1,0.0159420256153361,1,1,1.0,128026.8261119094,2020-07-20,2020-07-20
ITUB4,1.01,2020-07-21,0,-0.0017953001258705,1,1,1.0,128026.8261119094,2020-07-21,2020-07-22
ITUB4,1.01,2020-07-22,1,0.0428043728953482,1,1,1.0,129307.09437302849,2020-07-21,2020-07-22
ITUB4,1.01,2020-07-23,1,0.0812144174818889,0,1,1.0,130600.16531675878,2020-07-23,2020-07-23
ITUB4,1.01,2020-07-24,1,0.0698460864603234,1,1,1.0,131906.16696992636,2020-07-24,2020-07-24
ITUB4,1.01,2020-07-27,1,0.0277778183979766,1,1,1.0,133225.22863962562,2020-07-27,2020-07-27
ITUB4,1.01,2020-07-28,1,0.0120781527957367,1,1,1.0,134557.48092602188,2020-07-28,2020-07-28
ITUB4,1.01,2020-07-29,1,0.0129170904539339,1,1,1.0,135903.0557352821,2020-07-29,2020-07-29
ITUB4,1.01,2020-07-30,0,-0.0807325903076521,1,1,1.0,135903.0557352821,2020-07-30,2020-07-31
ITUB4,1.01,2020-07-31,1,0.0225091816275135,1,1,1.0,137262.08629263492,2020-07-30,2020-07-31
ITUB4,1.01,2020-08-03,1,0.0167618724249269,1,1,1.0,138634.70715556128,2020-08-03,2020-08-03
ITUB4,1.01,2020-08-04,1,0.0114722531177198,1,1,1.0,140021.0542271169,2020-08-04,2020-08-04
ITUB4,1.01,2020-08-05,1,0.0291828894726329,1,1,1.0,141421.26476938807,2020-08-05,2020-08-05
ITUB4,1.01,2020-08-06,1,0.0319937620696397,1,1,1.0,142835.47741708194,2020-08-06,2020-08-06
ITUB4,1.01,2020-08-07,1,0.0301724220613508,1,1,1.0,144263.83219125276,2020-08-07,2020-08-07
ITUB4,1.01,2020-08-10,0,-0.0532159525713544,1,1,1.0,144263.83219125276,2020-08-10,2020-08-13
ITUB4,1.01,2020-08-11,0,-0.0603347770534901,1,1,1.0,144263.83219125276,2020-08-10,2020-08-13
ITUB4,1.01,2020-08-12,0,-0.0458277134218768,0,1,1.0,144263.83219125276,2020-08-10,2020-08-13
ITUB4,1.01,2020-08-13,1,0.0260480446429944,0,0,0.0,145706.4705131653,2020-08-10,2020-08-13
ITUB4,1.01,2020-08-14,0,-0.0221293053693227,0,0,0.0,145706.4705131653,2020-08-14,2020-08-18
ITUB4,1.01,2020-08-17,0,-0.0219333838774211,0,0,0.0,145706.4705131653,2020-08-14,2020-08-18
ITUB4,1.01,2020-08-18,1,0.0209703957335603,0,0,0.0,147163.53521829695,2020-08-14,2020-08-18
ITUB4,1.01,2020-08-19,1,0.0476793111604112,0,1,0.0,148635.1705704799,2020-08-19,2020-08-19
ITUB4,1.01,2020-08-20,1,0.038477640629406,0,1,1.0,150121.5222761847,2020-08-20,2020-08-20
ITUB4,1.01,2020-08-21,1,0.0239175171518604,0,1,1.0,151622.73749894655,2020-08-21,2020-08-21
ITUB4,1.01,2020-08-24,0,-0.0085227676662281,1,1,1.0,151622.73749894655,2020-08-24,2020-08-25
ITUB4,1.01,2020-08-25,1,0.0106995536203511,1,1,1.0,153138.96487393603,2020-08-24,2020-08-25
ITUB4,1.01,2020-08-26,1,0.0280451867478208,0,1,1.0,154670.3545226754,2020-08-26,2020-08-26
ITUB4,1.01,2020-08-27,1,0.0106995536203511,0,1,1.0,156217.05806790214,2020-08-27,2020-08-27
ITUB4,1.01,2020-08-28,1,0.0556993363520099,1,1,1.0,157779.22864858116,2020-08-28,2020-08-28
ITUB4,1.01,2020-08-31,1,0.0682865540187092,1,1,1.0,159357.02093506698,2020-08-31,2020-08-31
ITUB4,1.01,2020-09-01,1,0.0472278966949555,0,1,1.0,160950.59114441765,2020-09-01,2020-09-01
ITUB4,1.01,2020-09-02,1,0.0537189746357746,1,1,1.0,162560.0970558618,2020-09-02,2020-09-02
ITUB4,1.01,2020-09-03,0,-0.049682071299363,1,1,1.0,162560.0970558618,2020-09-03,2020-09-04
ITUB4,1.01,2020-09-04,1,0.0101791466760754,1,1,1.0,164185.69802642043,2020-09-03,2020-09-04
ITUB4,1.01,2020-09-08,0,-0.0223577098086357,0,1,0.0,164185.69802642043,2020-09-08,2020-09-09
ITUB4,1.01,2020-09-09,1,0.0106557448863138,1,1,1.0,165827.55500668465,2020-09-08,2020-09-09
ITUB4,1.01,2020-09-10,1,0.0116909874562709,1,1,1.0,167485.8305567515,2020-09-10,2020-09-10
ITUB4,1.01,2020-09-11,1,0.0184951403690551,1,1,1.0,169160.68886231902,2020-09-11,2020-09-11
ITUB4,1.01,2020-09-14,0,-0.0442697578550813,1,1,1.0,169160.68886231902,2020-09-14,2020-09-15
ITUB4,1.01,2020-09-15,1,0.0193602722823218,1,1,1.0,170852.2957509422,2020-09-14,2020-09-15
ITUB4,1.01,2020-09-16,1,0.0140425154873733,1,1,1.0,172560.8187084516,2020-09-16,2020-09-16
ITUB4,1.01,2020-09-17,0,-0.0434042559897153,1,1,1.0,172560.8187084516,2020-09-17,2020-09-18
ITUB4,1.01,2020-09-18,1,0.0259341097752121,1,1,1.0,174286.42689553613,2020-09-17,2020-09-18
ITUB4,1.01,2020-09-21,1,0.0214442476082039,0,1,1.0,176029.2911644915,2020-09-21,2020-09-21
ITUB4,1.01,2020-09-22,1,0.0427574347903934,0,0,0.0,177789.5840761364,2020-09-22,2020-09-22
ITUB4,1.01,2020-09-23,1,0.0622222597945596,1,1,1.0,179567.47991689778,2020-09-23,2020-09-23
ITUB4,1.01,2020-09-24,1,0.0477860888660908,1,1,1.0,181363.15471606675,2020-09-24,2020-09-24
ITUB4,1.01,2020-09-25,1,0.0279570454537556,1,1,1.0,183176.78626322743,2020-09-25,2020-09-25
ITUB4,1.01,2020-09-28,1,0.0190203345378421,1,1,1.0,185008.55412585972,2020-09-28,2020-09-28
ITUB4,1.01,2020-09-29,1,0.0334616661951561,1,1,1.0,186858.63966711832,2020-09-29,2020-09-29
ITUB4,1.01,2020-09-30,1,0.0368070339132116,1,1,1.0,188727.2260637895,2020-09-30,2020-09-30
ITUB4,1.01,2020-10-01,1,0.0456171422342353,1,1,1.0,190614.4983244274,2020-10-01,2020-10-01
ITUB4,1.01,2020-10-02,1,0.0686619753504143,1,1,1.0,192520.64330767168,2020-10-02,2020-10-02
ITUB4,1.01,2020-10-05,1,0.0658293744983689,1,1,1.0,194445.8497407484,2020-10-05,2020-10-05
ITUB4,1.01,2020-10-06,1,0.073266450767367,1,1,1.0,196390.3082381559,2020-10-06,2020-10-06
ITUB4,1.01,2020-10-07,1,0.0831865955059465,1,1,1.0,198354.21132053746,2020-10-07,2020-10-07
ITUB4,1.01,2020-10-08,1,0.0297071430969475,1,1,1.0,200337.75343374285,2020-10-08,2020-10-08
ITUB4,1.01,2020-10-09,0,-0.0362802404900939,1,1,1.0,200337.75343374285,2020-10-09,2020-10-14
ITUB4,1.01,2020-10-13,0,-0.0221850319809396,0,1,1.0,200337.75343374285,2020-10-09,2020-10-14
ITUB4,1.01,2020-10-14,1,0.0400681808990803,1,1,1.0,202341.13096808028,2020-10-09,2020-10-14
ITUB4,1.01,2020-10-15,1,0.0653566390432678,0,1,1.0,204364.5422777611,2020-10-15,2020-10-15
ITUB4,1.01,2020-10-16,1,0.11483876634427,0,1,1.0,206408.18770053872,2020-10-16,2020-10-16
ITUB4,1.01,2020-10-19,1,0.118197300318922,1,1,1.0,208472.26957754412,2020-10-19,2020-10-19
ITUB4,1.01,2020-10-20,1,0.0840890475106483,1,1,1.0,210556.99227331957,2020-10-20,2020-10-20
ITUB4,1.01,2020-10-21,1,0.0704110699652349,0,1,1.0,212662.56219605278,2020-10-21,2020-10-21
ITUB4,1.01,2020-10-22,1,0.0154440317436874,1,1,1.0,214789.1878180133,2020-10-22,2020-10-22
ITUB4,1.01,2020-10-23,1,0.0343873595312316,0,1,0.0,216937.07969619345,2020-10-23,2020-10-23
ITUB4,1.01,2020-10-26,0,-0.1003831759877499,1,1,1.0,216937.07969619345,2020-10-26,2020-10-28
ITUB4,1.01,2020-10-27,0,-0.0080259077651153,0,1,1.0,216937.07969619345,2020-10-26,2020-10-28
ITUB4,1.01,2020-10-28,1,0.0923010194563827,1,1,1.0,219106.4504931554,2020-10-26,2020-10-28
ITUB4,1.01,2020-10-29,1,0.09753006142946,1,1,1.0,221297.51499808696,2020-10-29,2020-10-29
ITUB4,1.01,2020-10-30,1,0.0853556306420686,1,1,1.0,223510.49014806782,2020-10-30,2020-10-30
ITUB4,1.01,2020-11-03,1,0.098823556402056,1,1,1.0,225745.59504954852,2020-11-03,2020-11-03
ITUB4,1.01,2020-11-04,1,0.1426891105399597,0,1,1.0,228003.051000044,2020-11-04,2020-11-04
ITUB4,1.01,2020-11-05,1,0.1499013403847908,0,1,1.0,230283.08151004446,2020-11-05,2020-11-05
ITUB4,1.01,2020-11-06,1,0.0901271280955002,1,1,1.0,232585.91232514492,2020-11-06,2020-11-06
ITUB4,1.01,2020-11-09,1,0.0542495176861386,1,1,1.0,234911.77144839638,2020-11-09,2020-11-09
ITUB4,1.01,2020-11-10,1,0.0288595095407218,1,1,1.0,237260.88916288034,2020-11-10,2020-11-10
ITUB4,1.01,2020-11-11,1,0.0418719310893587,1,1,1.0,239633.49805450914,2020-11-11,2020-11-11
ITUB4,1.01,2020-11-12,1,0.0511182678695223,1,1,1.0,242029.83303505424,2020-11-12,2020-11-12
ITUB4,1.01,2020-11-13,1,0.0203308279387699,1,1,1.0,244450.13136540478,2020-11-13,2020-11-13
ITUB4,1.01,2020-11-16,0,-0.027919660922846,1,1,1.0,244450.13136540478,2020-11-16,2020-11-18
ITUB4,1.01,2020-11-17,0,-0.0180088230517778,1,1,1.0,244450.13136540478,2020-11-16,2020-11-18
ITUB4,1.01,2020-11-18,1,0.0442906605390951,0,1,1.0,246894.63267905882,2020-11-16,2020-11-18
ITUB4,1.01,2020-11-19,1,0.0508356418377982,0,1,0.0,249363.5790058494,2020-11-19,2020-11-19
ITUB4,1.01,2020-11-20,1,0.0461005322107046,1,1,1.0,251857.2147959079,2020-11-20,2020-11-20
ITUB4,1.01,2020-11-23,1,0.0371134289809937,1,1,1.0,254375.786943867,2020-11-23,2020-11-23
ITUB4,1.01,2020-11-24,0,-0.03578660750852,1,1,1.0,254375.786943867,2020-11-24,2020-11-25
ITUB4,1.01,2020-11-25,1,0.0408332238538822,1,1,1.0,256919.54481330566,2020-11-24,2020-11-25
ITUB4,1.01,2020-11-26,1,0.0494321492152238,1,1,1.0,259488.7402614387,2020-11-26,2020-11-26
ITUB4,1.01,2020-11-27,1,0.0664901952398673,1,1,1.0,262083.62766405309,2020-11-27,2020-11-27
ITUB4,1.01,2020-11-30,1,0.062994829341191,1,1,1.0,264704.4639406936,2020-11-30,2020-11-30
ITUB4,1.01,2020-12-01,1,0.038101594443231,1,1,1.0,267351.50858010055,2020-12-01,2020-12-01
ITUB4,1.01,2020-12-02,1,0.0328467293667715,1,1,1.0,270025.02366590156,2020-12-02,2020-12-02
ITUB4,1.01,2020-12-03,1,0.0301124968107175,1,1,1.0,272725.2739025606,2020-12-03,2020-12-03
ITUB4,1.01,2020-12-04,1,0.0485950358689428,0,1,1.0,275452.5266415862,2020-12-04,2020-12-04
ITUB4,1.01,2020-12-07,1,0.0420499401720753,0,1,1.0,278207.05190800206,2020-12-07,2020-12-07
ITUB4,1.01,2020-12-08,1,0.043764374806493,1,1,1.0,280989.1224270821,2020-12-08,2020-12-08
ITUB4,1.01,2020-12-09,1,0.0312093812058198,1,1,1.0,283799.0136513529,2020-12-09,2020-12-09
ITUB4,1.01,2020-12-10,1,0.0324029464129325,1,1,1.0,286637.00378786644,2020-12-10,2020-12-10
ITUB4,1.01,2020-12-11,1,0.0225611366906675,1,1,1.0,289503.37382574513,2020-12-11,2020-12-11
ITUB4,1.01,2020-12-14,1,0.0390700816184832,1,1,1.0,292398.4075640026,2020-12-14,2020-12-14
ITUB4,1.01,2020-12-15,1,0.0300895949027364,1,1,1.0,295322.39163964265,2020-12-15,2020-12-15
ITUB4,1.01,2020-12-16,0,-0.0200689812405855,1,1,1.0,295322.39163964265,2020-12-16,2020-12-17
ITUB4,1.01,2020-12-17,1,0.0126103233473171,1,1,1.0,298275.6155560391,2020-12-16,2020-12-17
ITUB4,1.01,2020-12-18,1,0.0444444396441925,1,1,1.0,301258.37171159947,2020-12-18,2020-12-18
ITUB4,1.01,2020-12-21,1,0.0404235016713008,1,1,1.0,304270.95542871545,2020-12-21,2020-12-21
ITUB4,1.01,2020-12-22,1,0.0354406164626421,1,1,1.0,307313.6649830026,2020-12-22,2020-12-22
ITUB4,1.01,2020-12-23,0,-0.0405135301232991,1,1,1.0,307313.6649830026,2020-12-23,2020-12-30
ITUB4,1.01,2020-12-28,0,-0.0482008225666257,1,1,1.0,307313.6649830026,2020-12-23,2020-12-30
ITUB4,1.01,2020-12-29,0,-0.0197216823578263,1,1,1.0,307313.6649830026,2020-12-23,2020-12-30
ITUB4,1.01,2020-12-30,1,0.0337711057619314,0,1,1.0,310386.8016328326,2020-12-23,2020-12-30
ITUB4,1.01,2021-01-04,1,0.0881874005782368,1,1,1.0,313490.66964916093,2021-01-04,2021-01-04
ITUB4,1.01,2021-01-05,1,0.0794060470569981,1,1,1.0,316625.5763456525,2021-01-05,2021-01-05
ITUB4,1.01,2021-01-06,1,0.0565560590595639,1,1,1.0,319791.83210910903,2021-01-06,2021-01-06
ITUB4,1.01,2021-01-07,1,0.015487388545561,1,1,1.0,322989.75043020013,2021-01-07,2021-01-07
ITUB4,1.01,2021-01-08,1,0.0144749137059647,0,0,0.0,326219.64793450217,2021-01-08,2021-01-08
ITUB4,1.01,2021-01-11,1,0.023617181899169,1,1,1.0,329481.8444138472,2021-01-11,2021-01-11
ITUB4,1.01,2021-01-12,1,0.023617181899169,1,1,1.0,332776.66285798565,2021-01-12,2021-01-12
ITUB4,1.01,2021-01-13,1,0.0287320828497581,1,1,1.0,336104.4294865655,2021-01-13,2021-01-13
ITUB4,1.01,2021-01-14,1,0.0106084357419229,1,1,1.0,339465.4737814312,2021-01-14,2021-01-14
ITUB4,1.01,2021-01-15,0,-0.0552747969843345,1,1,1.0,339465.4737814312,2021-01-15,2021-01-20
ITUB4,1.01,2021-01-18,0,-0.0704985864229434,1,1,1.0,339465.4737814312,2021-01-15,2021-01-20
ITUB4,1.01,2021-01-19,0,-0.0886150239810069,1,1,1.0,339465.4737814312,2021-01-15,2021-01-20
ITUB4,1.01,2021-01-20,0,-0.0673328039288109,0,0,0.0,316608.3115947052,2021-01-15,2021-01-20
ITUB4,1.01,2021-01-21,1,0.0222649824911711,0,0,0.0,319774.3947106523,2021-01-21,2021-01-21
ITUB4,1.01,2021-01-22,1,0.0296653672424476,0,0,0.0,322972.1386577588,2021-01-22,2021-01-22
ITUB4,1.01,2021-01-26,1,0.0540732807763564,0,1,0.0,326201.8600443364,2021-01-26,2021-01-26
ITUB4,1.01,2021-01-27,1,0.0473665207343632,0,1,0.0,329463.8786447798,2021-01-27,2021-01-27
ITUB4,1.01,2021-01-28,1,0.011293621093275,1,1,1.0,332758.5174312276,2021-01-28,2021-01-28
ITUB4,1.01,2021-01-29,1,0.0144827703521874,1,1,1.0,336086.1026055399,2021-01-29,2021-01-29
ITUB4,1.01,2021-02-01,0,-0.0343878997321204,1,1,1.0,336086.1026055399,2021-02-01,2021-02-04
ITUB4,1.01,2021-02-02,0,-0.0417246003802067,0,1,1.0,336086.1026055399,2021-02-01,2021-02-04
ITUB4,1.01,2021-02-03,0,-0.0224325147761027,1,1,1.0,336086.1026055399,2021-02-01,2021-02-04
ITUB4,1.01,2021-02-04,0,-0.0219003777680932,0,1,0.0,328725.68999587244,2021-02-01,2021-02-04
ITUB4,1.01,2021-02-05,1,0.0146428705164751,0,0,0.0,332012.94689583115,2021-02-05,2021-02-05
ITUB4,1.01,2021-02-08,1,0.0334667309687555,0,0,0.0,335333.07636478945,2021-02-08,2021-02-08
ITUB4,1.01,2021-02-09,1,0.0136200883551695,0,0,0.0,338686.40712843736,2021-02-09,2021-02-09
ITUB4,1.01,2021-02-10,1,0.0182207951895061,1,1,1.0,342073.2711997217,2021-02-10,2021-02-10
ITUB4,1.01,2021-02-11,1,0.0352342371766787,1,1,1.0,345494.00391171896,2021-02-11,2021-02-11
ITUB4,1.01,2021-02-12,1,0.0251798359921979,0,1,1.0,348948.94395083614,2021-02-12,2021-02-12
ITUB4,1.01,2021-02-17,1,0.0207736329190337,0,1,1.0,352438.4333903445,2021-02-17,2021-02-17
ITUB4,1.01,2021-02-18,1,0.0111151196529759,0,1,1.0,355962.8177242479,2021-02-18,2021-02-18
ITUB4,1.01,2021-02-19,1,0.0365348485360947,1,1,1.0,359522.4459014904,2021-02-19,2021-02-19
ITUB4,1.01,2021-02-22,1,0.0621382322411783,1,1,1.0,363117.6703605053,2021-02-22,2021-02-22
ITUB4,1.01,2021-02-23,0,-0.0913225913590477,1,1,1.0,363117.6703605053,2021-02-23,2021-02-26
ITUB4,1.01,2021-02-24,0,-0.0360118712557699,1,1,1.0,363117.6703605053,2021-02-23,2021-02-26
ITUB4,1.01,2021-02-25,0,-0.0135430252372836,1,1,1.0,363117.6703605053,2021-02-23,2021-02-26
ITUB4,1.01,2021-02-26,1,0.0463320223016965,0,1,1.0,366748.84706411033,2021-02-23,2021-02-26
ITUB4,1.01,2021-03-01,1,0.1434442933181736,0,0,0.0,370416.3355347514,2021-03-01,2021-03-01
ITUB4,1.01,2021-03-02,1,0.0857586160532484,0,1,1.0,374120.49889009894,2021-03-02,2021-03-02
ITUB4,1.01,2021-03-03,1,0.0753266620217889,1,1,1.0,377861.7038789999,2021-03-03,2021-03-03
ITUB4,1.01,2021-03-04,1,0.046763898205927,1,1,1.0,381640.32091778994,2021-03-04,2021-03-04
ITUB4,1.01,2021-03-05,1,0.0401486977823954,1,1,1.0,385456.72412696783,2021-03-05,2021-03-05
ITUB4,1.01,2021-03-08,1,0.0473328298302244,0,1,1.0,389311.2913682375,2021-03-08,2021-03-08
ITUB4,1.01,2021-03-09,1,0.0284028508776768,1,1,1.0,393204.4042819199,2021-03-09,2021-03-09
ITUB4,1.01,2021-03-10,1,0.0101449607834034,1,1,1.0,397136.44832473906,2021-03-10,2021-03-10
ITUB4,1.01,2021-03-11,1,0.0331491705943713,1,1,1.0,401107.81280798645,2021-03-11,2021-03-11
ITUB4,1.01,2021-03-12,1,0.0578269000833795,0,1,1.0,405118.89093606634,2021-03-12,2021-03-12
ITUB4,1.01,2021-03-15,1,0.0439840183544875,0,1,1.0,409170.079845427,2021-03-15,2021-03-15
ITUB4,1.01,2021-03-16,1,0.0692479720168266,1,1,1.0,413261.7806438813,2021-03-16,2021-03-16
ITUB4,1.01,2021-03-17,1,0.0282849904767277,1,1,1.0,417394.3984503201,2021-03-17,2021-03-17
ITUB4,1.01,2021-03-18,1,0.0120396528883444,1,1,1.0,421568.34243482334,2021-03-18,2021-03-18
ITUB4,1.01,2021-03-19,1,0.0189352999389413,1,1,1.0,425784.0258591716,2021-03-19,2021-03-19
ITUB4,1.01,2021-03-22,1,0.0185714213644911,1,1,1.0,430041.8661177633,2021-03-22,2021-03-22
ITUB4,1.01,2021-03-23,1,0.0224944756312401,1,1,1.0,434342.2847789409,2021-03-23,2021-03-23
ITUB4,1.01,2021-03-24,1,0.0593470182772912,1,1,1.0,438685.7076267303,2021-03-24,2021-03-24
ITUB4,1.01,2021-03-25,1,0.0374272809220519,1,1,1.0,443072.5647029976,2021-03-25,2021-03-25
ITUB4,1.01,2021-03-26,1,0.0152915622105445,1,1,1.0,447503.2903500276,2021-03-26,2021-03-26
ITUB4,1.01,2021-03-29,1,0.0255028571265143,0,1,1.0,451978.3232535279,2021-03-29,2021-03-29
ITUB4,1.01,2021-03-30,0,-0.0411674591974341,1,1,1.0,451978.3232535279,2021-03-30,2021-04-05
ITUB4,1.01,2021-03-31,0,-0.0440810652683939,1,1,1.0,451978.3232535279,2021-03-30,2021-04-05
ITUB4,1.01,2021-04-01,0,-0.0248537609495226,1,1,1.0,451978.3232535279,2021-03-30,2021-04-05
ITUB4,1.01,2021-04-05,0,-0.0312726944325443,0,1,1.0,437843.7432602866,2021-03-30,2021-04-05
ITUB4,1.01,2021-04-06,1,0.0122131987245313,1,1,1.0,442222.18069288944,2021-04-06,2021-04-06
ITUB4,1.01,2021-04-07,1,0.0159200435265542,0,1,1.0,446644.40249981836,2021-04-07,2021-04-07
ITUB4,1.01,2021-04-08,1,0.0588013779655249,1,1,1.0,451110.84652481653,2021-04-08,2021-04-08
ITUB4,1.01,2021-04-09,1,0.048134370322842,1,1,1.0,455621.9549900647,2021-04-09,2021-04-09
ITUB4,1.01,2021-04-12,1,0.0342288938632082,1,1,1.0,460178.1745399654,2021-04-12,2021-04-12
ITUB4,1.01,2021-04-13,1,0.0270467861948544,1,1,1.0,464779.95628536504,2021-04-13,2021-04-13
ITUB4,1.01,2021-04-14,1,0.0159074178034333,1,1,1.0,469427.7558482187,2021-04-14,2021-04-14
ITUB4,1.01,2021-04-15,1,0.0221898468426899,1,1,1.0,474122.0334067009,2021-04-15,2021-04-15
ITUB4,1.01,2021-04-16,0,-0.0125537985959441,1,1,1.0,474122.0334067009,2021-04-16,2021-04-19
ITUB4,1.01,2021-04-19,1,0.0178766828608087,1,1,1.0,478863.2537407679,2021-04-16,2021-04-19
ITUB4,1.01,2021-04-20,1,0.0134398542538851,1,1,1.0,483651.8862781756,2021-04-20,2021-04-20
ITUB4,1.01,2021-04-22,1,0.0331194064646742,1,1,1.0,488488.40514095733,2021-04-22,2021-04-22
ITUB4,1.01,2021-04-23,1,0.0267160254810165,1,1,1.0,493373.2891923669,2021-04-23,2021-04-23
ITUB4,1.01,2021-04-26,1,0.0341912483841178,1,1,1.0,498307.02208429057,2021-04-26,2021-04-26
ITUB4,1.01,2021-04-27,1,0.0301598584678914,1,1,1.0,503290.09230513347,2021-04-27,2021-04-27
ITUB4,1.01,2021-04-28,0,-0.0516478443557051,1,1,1.0,503290.09230513347,2021-04-28,2021-04-29
ITUB4,1.01,2021-04-29,1,0.0436151124843919,1,1,1.0,508322.9932281848,2021-04-28,2021-04-29
ITUB4,1.01,2021-04-30,1,0.0234657090354752,1,1,1.0,513406.22316046664,2021-04-30,2021-04-30
ITUB4,1.01,2021-05-03,0,-0.0167259863540787,1,1,1.0,513406.22316046664,2021-05-03,2021-05-04
ITUB4,1.01,2021-05-04,1,0.0498141083872087,1,1,1.0,518540.2853920713,2021-05-03,2021-05-04
ITUB4,1.01,2021-05-05,1,0.032163740569477,0,1,1.0,523725.688245992,2021-05-05,2021-05-05
ITUB4,1.01,2021-05-06,1,0.0302809216173971,1,1,1.0,528962.9451284519,2021-05-06,2021-05-06
ITUB4,1.01,2021-05-07,1,0.0325262457639496,1,1,1.0,534252.5745797365,2021-05-07,2021-05-07
ITUB4,1.01,2021-05-10,1,0.0519105712525724,1,1,1.0,539595.1003255338,2021-05-10,2021-05-10
ITUB4,1.01,2021-05-11,1,0.0534296098273321,0,1,1.0,544991.0513287891,2021-05-11,2021-05-11
ITUB4,1.01,2021-05-12,1,0.059398724225351,1,1,1.0,550440.961842077,2021-05-12,2021-05-12
ITUB4,1.01,2021-05-13,1,0.0205861694662883,1,1,1.0,555945.3714604977,2021-05-13,2021-05-13
ITUB4,1.01,2021-05-14,1,0.0294423161492605,1,1,1.0,561504.8251751027,2021-05-14,2021-05-14
ITUB4,1.01,2021-05-17,1,0.0319444151788737,1,1,1.0,567119.8734268537,2021-05-17,2021-05-17
ITUB4,1.01,2021-05-18,1,0.0417104757473452,0,1,0.0,572791.0721611222,2021-05-18,2021-05-18
ITUB4,1.01,2021-05-19,1,0.0181568715910158,1,1,1.0,578518.9828827335,2021-05-19,2021-05-19
ITUB4,1.01,2021-05-20,0,0.004054369766641,0,1,0.0,578518.9828827335,2021-05-20,2021-05-24
ITUB4,1.01,2021-05-21,0,-0.0108909888930758,1,1,1.0,578518.9828827335,2021-05-20,2021-05-24
ITUB4,1.01,2021-05-24,1,0.0143246709974029,0,1,0.0,584304.1727115609,2021-05-20,2021-05-24
ITUB4,1.01,2021-05-25,1,0.0292296847100561,0,1,0.0,590147.2144386765,2021-05-25,2021-05-25
ITUB4,1.01,2021-05-26,1,0.0413453622988138,1,1,1.0,596048.6865830632,2021-05-26,2021-05-26
ITUB4,1.01,2021-05-27,1,0.0944996155901241,0,1,1.0,602009.1734488938,2021-05-27,2021-05-27
ITUB4,1.01,2021-05-28,1,0.0918927009076051,1,1,1.0,608029.2651833828,2021-05-28,2021-05-28
ITUB4,1.01,2021-05-31,1,0.1119302912001642,1,1,1.0,614109.5578352166,2021-05-31,2021-05-31
ITUB4,1.01,2021-06-01,1,0.0825448653070464,1,1,1.0,620250.6534135689,2021-06-01,2021-06-01
ITUB4,1.01,2021-06-02,1,0.0829901928017131,1,1,1.0,626453.1599477045,2021-06-02,2021-06-02
ITUB4,1.01,2021-06-04,1,0.0591697545051483,0,0,0.0,632717.6915471816,2021-06-04,2021-06-04
ITUB4,1.01,2021-06-07,1,0.0417428700457789,1,1,1.0,639044.8684626534,2021-06-07,2021-06-07
ITUB4,1.01,2021-06-08,1,0.0465258782031916,1,1,1.0,645435.3171472799,2021-06-08,2021-06-08
ITUB4,1.01,2021-06-09,0,-0.0285714061229996,1,1,1.0,645435.3171472799,2021-06-09,2021-06-10
ITUB4,1.01,2021-06-10,1,0.0172518146807842,0,1,1.0,651889.6703187526,2021-06-09,2021-06-10
ITUB4,1.01,2021-06-11,1,0.0425015350033355,1,1,1.0,658408.5670219401,2021-06-11,2021-06-11
ITUB4,1.01,2021-06-14,1,0.0482295345467318,1,1,1.0,664992.6526921595,2021-06-14,2021-06-14
ITUB4,1.01,2021-06-15,1,0.0507955778460527,1,1,1.0,671642.5792190811,2021-06-15,2021-06-15
ITUB4,1.01,2021-06-16,1,0.0202020038625523,0,1,1.0,678359.0050112719,2021-06-16,2021-06-16
ITUB4,1.01,2021-06-17,0,-0.0290076483557939,1,1,1.0,678359.0050112719,2021-06-17,2021-06-18
ITUB4,1.01,2021-06-18,1,0.0161390312617653,1,1,1.0,685142.5950613846,2021-06-17,2021-06-18
ITUB4,1.01,2021-06-21,1,0.0121005049039837,1,1,1.0,691994.0210119984,2021-06-21,2021-06-21
ITUB4,1.01,2021-06-22,1,0.0177847102961952,0,1,1.0,698913.9612221183,2021-06-22,2021-06-22
ITUB4,1.01,2021-06-23,0,-0.0627913971100218,1,1,1.0,698913.9612221183,2021-06-23,2021-06-28
ITUB4,1.01,2021-06-24,0,-0.0681676276296294,1,1,1.0,698913.9612221183,2021-06-23,2021-06-28
ITUB4,1.01,2021-06-25,0,-0.036804743237627,0,0,0.0,698913.9612221183,2021-06-23,2021-06-28
ITUB4,1.01,2021-06-28,0,-0.0077626069229377,0,0,0.0,693488.5668681978,2021-06-23,2021-06-28
ITUB4,1.01,2021-06-29,0,-0.0128367402431293,0,0,0.0,693488.5668681978,2021-06-29,2021-06-30
ITUB4,1.01,2021-06-30,1,0.0104061791151774,0,0,0.0,700423.4525368797,2021-06-29,2021-06-30
ITUB4,1.01,2021-07-01,0,-0.0066934350348086,0,0,0.0,700423.4525368797,2021-07-01,2021-07-05
ITUB4,1.01,2021-07-02,0,-0.0144683377106663,0,1,0.0,700423.4525368797,2021-07-01,2021-07-05
ITUB4,1.01,2021-07-05,1,0.0176390853104007,0,0,0.0,707427.6870622485,2021-07-01,2021-07-05
ITUB4,1.01,2021-07-06,1,0.0152129693614808,0,0,0.0,714501.963932871,2021-07-06,2021-07-06
ITUB4,1.01,2021-07-07,1,0.0583190498343204,0,1,0.0,721646.9835721997,2021-07-07,2021-07-07
ITUB4,1.01,2021-07-08,1,0.0493197452532272,0,0,0.0,728863.4534079217,2021-07-08,2021-07-08
ITUB4,1.01,2021-07-12,1,0.0457627319514781,0,1,0.0,736152.087942001,2021-07-12,2021-07-12
ITUB4,1.01,2021-07-13,1,0.0215231611782233,1,1,1.0,743513.6088214209,2021-07-13,2021-07-13
ITUB4,1.01,2021-07-14,0,-0.0194239412419426,1,1,1.0,743513.6088214209,2021-07-14,2021-07-16
ITUB4,1.01,2021-07-15,0,-0.0124286316595101,1,1,1.0,743513.6088214209,2021-07-14,2021-07-16
ITUB4,1.01,2021-07-16,1,0.0334494619355607,1,1,1.0,750948.7449096352,2021-07-14,2021-07-16
ITUB4,1.01,2021-07-19,1,0.0309349647391798,0,1,1.0,758458.2323587316,2021-07-19,2021-07-19
ITUB4,1.01,2021-07-20,1,0.0164046686712102,1,1,1.0,766042.8146823188,2021-07-20,2021-07-20
ITUB4,1.01,2021-07-21,1,0.0203942731368897,1,1,1.0,773703.242829142,2021-07-21,2021-07-21
ITUB4,1.01,2021-07-22,1,0.0688120632502451,0,1,1.0,781440.2752574334,2021-07-22,2021-07-22
ITUB4,1.01,2021-07-23,1,0.0735900807239835,1,1,1.0,789254.6780100077,2021-07-23,2021-07-23
ITUB4,1.01,2021-07-26,1,0.0583051173777786,1,1,1.0,797147.2247901078,2021-07-26,2021-07-26
ITUB4,1.01,2021-07-27,1,0.0456253707122906,1,1,1.0,805118.697038009,2021-07-27,2021-07-27
ITUB4,1.01,2021-07-28,1,0.0209068823921776,1,1,1.0,813169.8840083891,2021-07-28,2021-07-28
ITUB4,1.01,2021-07-29,1,0.0370264848580883,0,0,0.0,821301.582848473,2021-07-29,2021-07-29
ITUB4,1.01,2021-07-30,1,0.0230519279136973,1,1,1.0,829514.5986769578,2021-07-30,2021-07-30
ITUB4,1.01,2021-08-02,0,-0.0178343819982774,1,1,1.0,829514.5986769578,2021-08-02,2021-08-03
ITUB4,1.01,2021-08-03,1,0.027795908205231,1,1,1.0,837809.7446637274,2021-08-02,2021-08-03
ITUB4,1.01,2021-08-04,1,0.0407284562181797,0,0,0.0,846187.8421103646,2021-08-04,2021-08-04
ITUB4,1.01,2021-08-05,1,0.0434926487528801,1,1,1.0,854649.7205314683,2021-08-05,2021-08-05
ITUB4,1.01,2021-08-06,1,0.0214494464410146,1,1,1.0,863196.217736783,2021-08-06,2021-08-06
ITUB4,1.01,2021-08-09,0,-0.0121951374336694,0,1,1.0,863196.217736783,2021-08-09,2021-08-10
ITUB4,1.01,2021-08-10,1,0.0292763210688704,0,1,1.0,871828.1799141509,2021-08-09,2021-08-10
ITUB4,1.01,2021-08-11,1,0.0137966597178114,0,1,1.0,880546.4617132924,2021-08-11,2021-08-11
ITUB4,1.01,2021-08-12,1,0.0277938557254502,1,1,1.0,889351.9263304253,2021-08-12,2021-08-12
ITUB4,1.01,2021-08-13,1,0.0163078750554883,1,1,1.0,898245.4455937296,2021-08-13,2021-08-13
ITUB4,1.01,2021-08-16,1,0.0267238488108989,1,1,1.0,907227.9000496669,2021-08-16,2021-08-16
ITUB4,1.01,2021-08-17,1,0.0332005496782998,1,1,1.0,916300.1790501636,2021-08-17,2021-08-17
ITUB4,1.01,2021-08-18,1,0.0371237184956325,1,1,1.0,925463.1808406652,2021-08-18,2021-08-18
ITUB4,1.01,2021-08-19,1,0.0489864720494095,1,1,1.0,934717.8126490719,2021-08-19,2021-08-19
ITUB4,1.01,2021-08-20,1,0.0398526320642387,1,1,1.0,944064.9907755626,2021-08-20,2021-08-20
ITUB4,1.01,2021-08-23,1,0.0264462406887198,1,1,1.0,953505.6406833183,2021-08-23,2021-08-23
ITUB4,1.01,2021-08-24,0,-0.006829253334292,1,1,1.0,953505.6406833183,2021-08-24,2021-08-25
ITUB4,1.01,2021-08-25,1,0.0119741193746845,1,1,1.0,963040.6970901515,2021-08-24,2021-08-25
ITUB4,1.01,2021-08-26,1,0.0402809548416598,1,1,1.0,972671.104061053,2021-08-26,2021-08-26
ITUB4,1.01,2021-08-27,1,0.0311289430660963,1,1,1.0,982397.8151016636,2021-08-27,2021-08-27
ITUB4,1.01,2021-08-30,1,0.033148779845135,1,1,1.0,992221.7932526802,2021-08-30,2021-08-30
ITUB4,1.01,2021-08-31,1,0.0183515711411952,1,1,1.0,1002144.011185207,2021-08-31,2021-08-31
ITUB4,1.01,2021-09-01,0,-0.0702492614391222,1,1,1.0,1002144.011185207,2021-09-01,2021-09-03
ITUB4,1.01,2021-09-02,0,-0.0341852008779255,1,1,1.0,1002144.011185207,2021-09-01,2021-09-03
ITUB4,1.01,2021-09-03,1,0.0202224447897452,0,1,1.0,1012165.4512970592,2021-09-01,2021-09-03
ITUB4,1.01,2021-09-06,0,-0.0289614311639029,0,1,1.0,1012165.4512970592,2021-09-06,2021-09-08
ITUB4,1.01,2021-09-08,1,0.0241712690736959,1,1,1.0,1022287.1058100298,2021-09-06,2021-09-08
ITUB4,1.01,2021-09-09,0,-0.0332203148702248,0,0,0.0,1022287.1058100298,2021-09-09,2021-09-14
ITUB4,1.01,2021-09-10,0,-0.0282986741590129,1,1,1.0,1022287.1058100298,2021-09-09,2021-09-14
ITUB4,1.01,2021-09-13,0,-0.0439862292437968,0,1,1.0,1022287.1058100298,2021-09-09,2021-09-14
ITUB4,1.01,2021-09-14,0,-0.0640275446022548,0,0,0.0,956832.5725464681,2021-09-09,2021-09-14
ITUB4,1.01,2021-09-15,1,0.012005637147286,0,0,0.0,966400.8982719328,2021-09-15,2021-09-15
ITUB4,1.01,2021-09-16,0,-0.0252897427978466,0,0,0.0,966400.8982719328,2021-09-16,2021-09-17
ITUB4,1.01,2021-09-17,1,0.060439586876869,1,1,1.0,976064.9072546522,2021-09-16,2021-09-17
ITUB4,1.01,2021-09-20,1,0.05966325135598,0,1,0.0,985825.5563271987,2021-09-20,2021-09-20
ITUB4,1.01,2021-09-21,1,0.0731796512194113,1,1,1.0,995683.8118904708,2021-09-21,2021-09-21
ITUB4,1.01,2021-09-22,1,0.0601504073230376,0,1,1.0,1005640.6500093755,2021-09-22,2021-09-22
ITUB4,1.01,2021-09-23,1,0.0389474065059218,0,1,1.0,1015697.0565094693,2021-09-23,2021-09-23
ITUB4,1.01,2021-09-24,1,0.0415054840030948,0,1,1.0,1025854.027074564,2021-09-24,2021-09-24
ITUB4,1.01,2021-09-27,1,0.0333845469654519,1,1,1.0,1036112.5673453097,2021-09-27,2021-09-27
ITUB4,1.01,2021-09-28,1,0.0431232427426875,1,1,1.0,1046473.6930187627,2021-09-28,2021-09-28
ITUB4,1.01,2021-09-29,1,0.0464421558797345,1,1,1.0,1056938.4299489504,2021-09-29,2021-09-29
ITUB4,1.01,2021-09-30,1,0.0448226136101448,1,1,1.0,1067507.8142484399,2021-09-30,2021-09-30
ITUB4,1.01,2021-10-01,1,0.0254545464602167,1,1,1.0,1078182.8923909243,2021-10-01,2021-10-01
ITUB4,1.01,2021-10-04,1,0.0317072937276574,1,1,1.0,1088964.7213148335,2021-10-04,2021-10-04
ITUB4,1.01,2021-10-05,1,0.0325865615654548,1,1,1.0,1099854.368527982,2021-10-05,2021-10-05
ITUB4,1.01,2021-10-06,0,-0.0346199618170117,1,1,1.0,1099854.368527982,2021-10-06,2021-10-07
ITUB4,1.01,2021-10-07,1,0.0279805604028346,0,1,1.0,1110852.9122132617,2021-10-06,2021-10-07
ITUB4,1.01,2021-10-08,1,0.0117982051231784,1,1,1.0,1121961.4413353943,2021-10-08,2021-10-08
ITUB4,1.01,2021-10-11,1,0.0308641902280213,1,1,1.0,1133181.0557487481,2021-10-11,2021-10-11
ITUB4,1.01,2021-10-13,1,0.0253786199605245,1,1,1.0,1144512.8663062355,2021-10-13,2021-10-13
ITUB4,1.01,2021-10-14,1,0.0342691861970516,1,1,1.0,1155957.994969298,2021-10-14,2021-10-14
ITUB4,1.01,2021-10-15,1,0.023189617837914,0,1,1.0,1167517.574918991,2021-10-15,2021-10-15
ITUB4,1.01,2021-10-18,1,0.0182186639838548,1,1,1.0,1179192.7506681809,2021-10-18,2021-10-18
ITUB4,1.01,2021-10-19,1,0.024439935114723,1,1,1.0,1190984.6781748626,2021-10-19,2021-10-19
ITUB4,1.01,2021-10-20,1,0.0315832846173529,1,1,1.0,1202894.5249566112,2021-10-20,2021-10-20
ITUB4,1.01,2021-10-21,1,0.0132670340145359,1,1,1.0,1214923.4702061773,2021-10-21,2021-10-21
ITUB4,1.01,2021-10-22,1,0.0325306495736845,1,1,1.0,1227072.7049082392,2021-10-22,2021-10-22
ITUB4,1.01,2021-10-25,1,0.0316589790915677,1,1,1.0,1239343.4319573217,2021-10-25,2021-10-25
ITUB4,1.01,2021-10-26,1,0.0234506059498256,1,1,1.0,1251736.866276895,2021-10-26,2021-10-26
ITUB4,1.01,2021-10-27,1,0.0514930535614301,1,1,1.0,1264254.234939664,2021-10-27,2021-10-27
ITUB4,1.01,2021-10-28,1,0.0396341430290116,1,1,1.0,1276896.7772890606,2021-10-28,2021-10-28
ITUB4,1.01,2021-10-29,1,0.0489244873464975,1,1,1.0,1289665.7450619512,2021-10-29,2021-10-29
ITUB4,1.01,2021-11-01,1,0.035818384436663,0,1,1.0,1302562.4025125708,2021-11-01,2021-11-01
ITUB4,1.01,2021-11-03,1,0.0102123962957607,1,1,1.0,1315588.0265376966,2021-11-03,2021-11-03
ITUB4,1.01,2021-11-04,0,-0.0170212865038204,1,1,1.0,1315588.0265376966,2021-11-04,2021-11-05
ITUB4,1.01,2021-11-05,1,0.0320175690689543,1,1,1.0,1328743.9068030736,2021-11-04,2021-11-05
ITUB4,1.01,2021-11-08,1,0.0293088475990188,1,1,1.0,1342031.3458711044,2021-11-08,2021-11-08
ITUB4,1.01,2021-11-09,1,0.0443852907718325,0,1,1.0,1355451.6593298155,2021-11-09,2021-11-09
ITUB4,1.01,2021-11-10,0,-0.0247546374733381,1,1,1.0,1355451.6593298155,2021-11-10,2021-11-11
ITUB4,1.01,2021-11-11,1,0.0165002030517336,0,1,1.0,1369006.1759231137,2021-11-10,2021-11-11
ITUB4,1.01,2021-11-12,1,0.0142981083277886,1,1,1.0,1382696.2376823449,2021-11-12,2021-11-12
ITUB4,1.01,2021-11-16,1,0.0109027241030994,1,1,1.0,1396523.2000591683,2021-11-16,2021-11-16
ITUB4,1.01,2021-11-17,0,-0.0043991574343631,1,1,1.0,1396523.2000591683,2021-11-17,2021-11-18
ITUB4,1.01,2021-11-18,1,0.0468047693498809,1,1,1.0,1410488.43205976,2021-11-17,2021-11-18
ITUB4,1.01,2021-11-19,1,0.0672421066258708,1,1,1.0,1424593.3163803576,2021-11-19,2021-11-19
ITUB4,1.01,2021-11-22,1,0.0557303067445305,1,1,1.0,1438839.2495441611,2021-11-22,2021-11-22
ITUB4,1.01,2021-11-23,1,0.0576316950770274,1,1,1.0,1453227.6420396029,2021-11-23,2021-11-23
ITUB4,1.01,2021-11-24,1,0.0168830873977587,1,1,1.0,1467759.918459999,2021-11-24,2021-11-24
ITUB4,1.01,2021-11-25,1,0.018892790540349,1,1,1.0,1482437.5176445988,2021-11-25,2021-11-25
ITUB4,1.01,2021-11-26,0,0.0003557636285826,1,1,1.0,1482437.5176445988,2021-11-26,2021-11-29
ITUB4,1.01,2021-11-29,1,0.041386057701706,1,1,1.0,1497261.892821045,2021-11-26,2021-11-29
ITUB4,1.01,2021-11-30,1,0.0536347572662667,1,1,1.0,1512234.5117492555,2021-11-30,2021-11-30
ITUB4,1.01,2021-12-01,1,0.0592691172032591,1,1,1.0,1527356.856866748,2021-12-01,2021-12-01
ITUB4,1.01,2021-12-02,1,0.0348279988374164,1,1,1.0,1542630.4254354155,2021-12-02,2021-12-02
ITUB4,1.01,2021-12-03,1,0.0290043383694278,1,1,1.0,1558056.7296897697,2021-12-03,2021-12-03
ITUB4,1.01,2021-12-06,0,-0.0618120507258376,1,1,1.0,1558056.7296897697,2021-12-06,2021-12-09
ITUB4,1.01,2021-12-07,0,-0.0658293419037054,1,1,1.0,1558056.7296897697,2021-12-06,2021-12-09
ITUB4,1.01,2021-12-08,0,-0.0438981392036046,1,1,1.0,1558056.7296897697,2021-12-06,2021-12-09
ITUB4,1.01,2021-12-09,0,-0.0255834812574191,1,1,1.0,1518196.214547756,2021-12-06,2021-12-09
ITUB4,1.01,2021-12-10,0,-0.0121621902796168,0,1,0.0,1518196.214547756,2021-12-10,2021-12-13
ITUB4,1.01,2021-12-13,1,0.0183823330881811,0,1,0.0,1533378.1766932334,2021-12-10,2021-12-13
ITUB4,1.01,2021-12-14,0,-0.0360565563354642,0,0,0.0,1533378.1766932334,2021-12-14,2021-12-16
ITUB4,1.01,2021-12-15,0,-0.0342465322563038,0,1,1.0,1533378.1766932334,2021-12-14,2021-12-16
ITUB4,1.01,2021-12-16,1,0.0101710822135629,0,0,0.0,1548711.958460166,2021-12-14,2021-12-16
ITUB4,1.01,2021-12-17,0,-0.0065177060386053,0,0,0.0,1548711.958460166,2021-12-17,2021-12-20
ITUB4,1.01,2021-12-20,1,0.024067948070755,0,1,0.0,1564199.0780447675,2021-12-17,2021-12-20
ITUB4,1.01,2021-12-21,1,0.0221384703628604,0,0,0.0,1579841.068825215,2021-12-21,2021-12-21
ITUB4,1.01,2021-12-22,1,0.0173465010246824,0,1,1.0,1595639.4795134673,2021-12-22,2021-12-22
ITUB4,1.01,2021-12-23,1,0.0102421094892368,0,1,1.0,1611595.874308602,2021-12-23,2021-12-23
ITUB4,1.01,2021-12-27,0,-0.0047098264950297,1,1,1.0,1611595.874308602,2021-12-27,2021-12-28
ITUB4,1.01,2021-12-28,1,0.0310585903132063,1,1,1.0,1627711.833051688,2021-12-27,2021-12-28
ITUB4,1.01,2021-12-29,1,0.0372539890194989,1,1,1.0,1643988.951382205,2021-12-29,2021-12-29
ITUB4,1.01,2021-12-30,1,0.0505431701703291,0,1,1.0,1660428.840896027,2021-12-30,2021-12-30
ITUB4,1.01,2022-01-03,1,0.0476410159453579,0,1,1.0,1677033.1293049871,2022-01-03,2022-01-03
ITUB4,1.01,2022-01-04,1,0.0357628155006652,1,1,1.0,1693803.460598037,2022-01-04,2022-01-04
ITUB4,1.01,2022-01-05,1,0.0790203321696605,0,1,0.0,1710741.4952040175,2022-01-05,2022-01-05
ITUB4,1.01,2022-01-06,1,0.0638297664373066,1,1,1.0,1727848.9101560577,2022-01-06,2022-01-06
ITUB4,1.01,2022-01-07,1,0.0553832041285577,1,1,1.0,1745127.3992576182,2022-01-07,2022-01-07
ITUB4,1.01,2022-01-10,1,0.0465115934802304,0,1,0.0,1762578.6732501944,2022-01-10,2022-01-10
ITUB4,1.01,2022-01-11,1,0.025365427611935,1,1,1.0,1780204.4599826965,2022-01-11,2022-01-11
ITUB4,1.01,2022-01-12,1,0.0376786879734858,1,1,1.0,1798006.5045825234,2022-01-12,2022-01-12
ITUB4,1.01,2022-01-13,1,0.0216376556504924,0,1,1.0,1815986.5696283486,2022-01-13,2022-01-13
ITUB4,1.01,2022-01-14,1,0.0264279757789476,1,1,1.0,1834146.435324632,2022-01-14,2022-01-14
ITUB4,1.01,2022-01-17,1,0.0294997666235299,1,1,1.0,1852487.8996778785,2022-01-17,2022-01-17
ITUB4,1.01,2022-01-18,1,0.0109152101089848,1,1,1.0,1871012.7786746572,2022-01-18,2022-01-18
ITUB4,1.01,2022-01-19,1,0.0259133646413598,1,1,1.0,1889722.9064614037,2022-01-19,2022-01-19
ITUB4,1.01,2022-01-20,1,0.0569456819757006,1,1,1.0,1908620.1355260178,2022-01-20,2022-01-20
ITUB4,1.01,2022-01-21,1,0.0672376933559397,0,1,1.0,1927706.3368812778,2022-01-21,2022-01-21
ITUB4,1.01,2022-01-24,1,0.0806591279141182,1,1,1.0,1946983.4002500908,2022-01-24,2022-01-24
ITUB4,1.01,2022-01-25,1,0.0484997812699279,1,1,1.0,1966453.2342525916,2022-01-25,2022-01-25
ITUB4,1.01,2022-01-26,1,0.049731276264443,1,1,1.0,1986117.7665951175,2022-01-26,2022-01-26
ITUB4,1.01,2022-01-27,1,0.064069473566501,1,1,1.0,2005978.9442610687,2022-01-27,2022-01-27
ITUB4,1.01,2022-01-28,1,0.0420721099886232,1,1,1.0,2026038.7337036794,2022-01-28,2022-01-28
ITUB4,1.01,2022-01-31,1,0.0185844547715112,1,1,1.0,2046299.1210407163,2022-01-31,2022-01-31
ITUB4,1.01,2022-02-01,1,0.0113859797744479,0,1,1.0,2066762.1122511234,2022-02-01,2022-02-01
ITUB4,1.01,2022-02-02,1,0.0222222281681947,1,1,1.0,2087429.7333736348,2022-02-02,2022-02-02
ITUB4,1.01,2022-02-03,1,0.0206022553640792,1,1,1.0,2108304.030707371,2022-02-03,2022-02-03
ITUB4,1.01,2022-02-04,1,0.0106090078671399,1,1,1.0,2129387.071014445,2022-02-04,2022-02-04
ITUB4,1.01,2022-02-07,1,0.0680379628667453,1,1,1.0,2150680.941724589,2022-02-07,2022-02-07
ITUB4,1.01,2022-02-08,1,0.0821643226999038,1,1,1.0,2172187.751141835,2022-02-08,2022-02-08
ITUB4,1.01,2022-02-09,1,0.0997963502340921,1,1,1.0,2193909.6286532534,2022-02-09,2022-02-09
ITUB4,1.01,2022-02-10,1,0.024667910809637,1,1,1.0,2215848.724939786,2022-02-10,2022-02-10
ITUB4,1.01,2022-02-11,1,0.0112782097830568,1,1,1.0,2238007.2121891836,2022-02-11,2022-02-11
ITUB4,1.01,2022-02-14,0,-0.0235074318756265,1,1,1.0,2238007.2121891836,2022-02-14,2022-02-17
ITUB4,1.01,2022-02-15,0,-0.0466766308714334,1,1,1.0,2238007.2121891836,2022-02-14,2022-02-17
ITUB4,1.01,2022-02-16,0,-0.0240991402402619,1,1,1.0,2238007.2121891836,2022-02-14,2022-02-17
ITUB4,1.01,2022-02-17,1,0.0125858174766388,1,1,1.0,2260387.284311075,2022-02-14,2022-02-17
ITUB4,1.01,2022-02-18,0,-0.0479084674639354,1,1,1.0,2260387.284311075,2022-02-18,2022-02-21
ITUB4,1.01,2022-02-21,1,0.0151456289742522,1,1,1.0,2282991.157154186,2022-02-18,2022-02-21
ITUB4,1.01,2022-02-22,1,0.0120294831124625,0,1,1.0,2305821.068725728,2022-02-22,2022-02-22
ITUB4,1.01,2022-02-23,1,0.0451687520653039,0,1,0.0,2328879.2794129853,2022-02-23,2022-02-23
ITUB4,1.01,2022-02-24,1,0.0401256799484976,1,1,1.0,2352168.072207115,2022-02-24,2022-02-24
ITUB4,1.01,2022-02-25,1,0.0270162697164091,1,1,1.0,2375689.7529291864,2022-02-25,2022-02-25
ITUB4,1.01,2022-03-02,1,0.0323482470863125,0,1,1.0,2399446.6504584784,2022-03-02,2022-03-02
ITUB4,1.01,2022-03-03,0,0.0011966216512069,1,1,1.0,2399446.6504584784,2022-03-03,2022-03-04
ITUB4,1.01,2022-03-04,1,0.0428512824656532,1,1,1.0,2423441.1169630634,2022-03-03,2022-03-04
ITUB4,1.01,2022-03-07,1,0.0561287825794227,0,1,1.0,2447675.528132694,2022-03-07,2022-03-07
ITUB4,1.01,2022-03-08,1,0.0570012551511909,1,1,1.0,2472152.2834140207,2022-03-08,2022-03-08
ITUB4,1.01,2022-03-09,1,0.0343573189920463,1,1,1.0,2496873.806248161,2022-03-09,2022-03-09
ITUB4,1.01,2022-03-10,1,0.0170432169460359,0,1,1.0,2521842.544310643,2022-03-10,2022-03-10
ITUB4,1.01,2022-03-11,1,0.0467625841187866,1,1,1.0,2547060.969753749,2022-03-11,2022-03-11
ITUB4,1.01,2022-03-14,1,0.0593388926517088,1,1,1.0,2572531.5794512867,2022-03-14,2022-03-14
ITUB4,1.01,2022-03-15,1,0.0686390571528654,0,1,1.0,2598256.8952458,2022-03-15,2022-03-15
ITUB4,1.01,2022-03-16,1,0.0737129205725104,1,1,1.0,2624239.464198258,2022-03-16,2022-03-16
ITUB4,1.01,2022-03-17,1,0.0594097715633445,1,1,1.0,2650481.85884024,2022-03-17,2022-03-17
ITUB4,1.01,2022-03-18,1,0.0487897032316011,1,1,1.0,2676986.6774286428,2022-03-18,2022-03-18
ITUB4,1.01,2022-03-21,1,0.0194853053684405,0,1,0.0,2703756.5442029294,2022-03-21,2022-03-21
ITUB4,1.01,2022-03-22,1,0.0124132806706622,1,1,1.0,2730794.1096449587,2022-03-22,2022-03-22
ITUB4,1.01,2022-03-23,1,0.027442376051892,1,1,1.0,2758102.0507414085,2022-03-23,2022-03-23
ITUB4,1.01,2022-03-24,1,0.0203488222705303,1,1,1.0,2785683.0712488224,2022-03-24,2022-03-24
ITUB4,1.01,2022-03-25,1,0.0196078287529255,1,1,1.0,2813539.9019613108,2022-03-25,2022-03-25
ITUB4,1.01,2022-03-28,1,0.0133525951884052,1,1,1.0,2841675.3009809237,2022-03-28,2022-03-28
ITUB4,1.01,2022-03-29,0,-0.0191260467010287,1,1,1.0,2841675.3009809237,2022-03-29,2022-04-01
ITUB4,1.01,2022-03-30,0,-0.0402733956983835,1,1,1.0,2841675.3009809237,2022-03-29,2022-04-01
ITUB4,1.01,2022-03-31,0,-0.035018065908836,0,1,1.0,2841675.3009809237,2022-03-29,2022-04-01
ITUB4,1.01,2022-04-01,0,-0.0269581373545115,1,1,1.0,2765069.027900157,2022-03-29,2022-04-01
ITUB4,1.01,2022-04-04,0,-0.020932810595951,0,0,0.0,2765069.027900157,2022-04-04,2022-04-05
ITUB4,1.01,2022-04-05,1,0.0127964202688577,0,0,0.0,2792719.7181791584,2022-04-04,2022-04-05
ITUB4,1.01,2022-04-06,1,0.014711443630792,1,1,1.0,2820646.91536095,2022-04-06,2022-04-06
ITUB4,1.01,2022-04-07,1,0.0128012380199342,1,1,1.0,2848853.3845145595,2022-04-07,2022-04-07
ITUB4,1.01,2022-04-08,1,0.0112782337259462,0,1,0.0,2877341.9183597052,2022-04-08,2022-04-08
ITUB4,1.01,2022-04-11,0,-0.0119403085524354,1,1,1.0,2877341.9183597052,2022-04-11,2022-04-12
ITUB4,1.01,2022-04-12,1,0.0125571254530418,1,1,1.0,2906115.337543302,2022-04-11,2022-04-12
ITUB4,1.01,2022-04-13,1,0.0207134714159142,1,1,1.0,2935176.490918735,2022-04-13,2022-04-13
ITUB4,1.01,2022-04-14,1,0.0141006525098954,1,1,1.0,2964528.2558279224,2022-04-14,2022-04-14
ITUB4,1.01,2022-04-18,0,-0.0358220153171914,1,1,1.0,2964528.2558279224,2022-04-18,2022-04-22
ITUB4,1.01,2022-04-19,0,-0.0507301934568943,1,1,1.0,2964528.2558279224,2022-04-18,2022-04-22
ITUB4,1.01,2022-04-20,0,-0.0540540287712879,1,1,1.0,2964528.2558279224,2022-04-18,2022-04-22
ITUB4,1.01,2022-04-22,0,-0.0470588241504158,0,1,0.0,2825021.041947977,2022-04-18,2022-04-22
ITUB4,1.01,2022-04-25,0,-0.0550277017137272,1,1,1.0,2825021.041947977,2022-04-25,2022-04-27
ITUB4,1.01,2022-04-26,0,-0.0489169900846493,1,1,1.0,2825021.041947977,2022-04-25,2022-04-27
ITUB4,1.01,2022-04-27,1,0.017951850918052,1,1,1.0,2853271.252367457,2022-04-25,2022-04-27
ITUB4,1.01,2022-04-28,1,0.0200327360666732,1,1,1.0,2881803.9648911315,2022-04-28,2022-04-28
ITUB4,1.01,2022-04-29,1,0.01214912394881,1,1,1.0,2910622.004540043,2022-04-29,2022-04-29
ITUB4,1.01,2022-05-02,1,0.0176470412044791,1,1,1.0,2939728.2245854433,2022-05-02,2022-05-02
ITUB4,1.01,2022-05-03,1,0.0193602472503271,1,1,1.0,2969125.5068312977,2022-05-03,2022-05-03
ITUB4,1.01,2022-05-04,1,0.0267062045527981,0,1,1.0,2998816.7618996105,2022-05-04,2022-05-04
ITUB4,1.01,2022-05-05,1,0.0403779885571777,1,1,1.0,3028804.9295186065,2022-05-05,2022-05-05
ITUB4,1.01,2022-05-06,1,0.0391744157072504,1,1,1.0,3059092.9788137926,2022-05-06,2022-05-06
ITUB4,1.01,2022-05-09,1,0.0563798031783684,1,1,1.0,3089683.9086019304,2022-05-09,2022-05-09
ITUB4,1.01,2022-05-10,1,0.0825492205086841,1,1,1.0,3120580.74768795,2022-05-10,2022-05-10
ITUB4,1.01,2022-05-11,1,0.0706226484780316,1,1,1.0,3151786.5551648294,2022-05-11,2022-05-11
ITUB4,1.01,2022-05-12,1,0.0376670973056056,1,1,1.0,3183304.4207164776,2022-05-12,2022-05-12
ITUB4,1.01,2022-05-13,1,0.0309859022282708,1,1,1.0,3215137.4649236426,2022-05-13,2022-05-13
ITUB4,1.01,2022-05-16,1,0.0102523658051161,0,1,1.0,3247288.839572879,2022-05-16,2022-05-16
ITUB4,1.01,2022-05-17,1,0.0325655239541964,1,1,1.0,3279761.727968608,2022-05-17,2022-05-17
ITUB4,1.01,2022-05-18,1,0.055377198528993,0,1,1.0,3312559.345248294,2022-05-18,2022-05-18
ITUB4,1.01,2022-05-19,1,0.0482263808902363,1,1,1.0,3345684.938700777,2022-05-19,2022-05-19
ITUB4,1.01,2022-05-20,1,0.0399367510682473,1,1,1.0,3379141.788087785,2022-05-20,2022-05-20
ITUB4,1.01,2022-05-23,1,0.0288162039864163,1,1,1.0,3412933.2059686626,2022-05-23,2022-05-23
ITUB4,1.01,2022-05-24,1,0.014971209094128,1,1,1.0,3447062.538028349,2022-05-24,2022-05-24
ITUB4,1.01,2022-05-25,1,0.0275942683981698,1,1,1.0,3481533.163408633,2022-05-25,2022-05-25
ITUB4,1.01,2022-05-26,1,0.0145817222588129,1,1,1.0,3516348.4950427194,2022-05-26,2022-05-26
ITUB4,1.01,2022-05-27,0,-0.0137995024253322,1,1,1.0,3516348.4950427194,2022-05-27,2022-06-01
ITUB4,1.01,2022-05-30,0,-0.0203310780095277,1,1,1.0,3516348.4950427194,2022-05-27,2022-06-01
ITUB4,1.01,2022-05-31,0,-0.0277672243527614,1,1,1.0,3516348.4950427194,2022-05-27,2022-06-01
ITUB4,1.01,2022-06-01,0,-0.0176786889121048,0,1,1.0,3454184.0638923114,2022-05-27,2022-06-01
ITUB4,1.01,2022-06-02,0,-0.026407777815245,1,1,1.0,3454184.0638923114,2022-06-02,2022-06-07
ITUB4,1.01,2022-06-03,0,-0.0468085250204608,0,1,0.0,3454184.0638923114,2022-06-02,2022-06-07
ITUB4,1.01,2022-06-06,0,-0.0537888035915916,0,0,0.0,3454184.0638923114,2022-06-02,2022-06-07
ITUB4,1.01,2022-06-07,0,-0.0644400406712316,0,0,0.0,3231596.302329171,2022-06-02,2022-06-07
ITUB4,1.01,2022-06-08,0,-0.0562649363477463,0,0,0.0,3231596.302329171,2022-06-08,2022-06-13
ITUB4,1.01,2022-06-09,0,-0.032192312455432,1,1,1.0,3231596.302329171,2022-06-08,2022-06-13
ITUB4,1.01,2022-06-10,0,-0.0229166936191477,0,1,1.0,3231596.302329171,2022-06-08,2022-06-13
ITUB4,1.01,2022-06-13,1,0.0289672784292056,1,1,1.0,3263912.265352463,2022-06-08,2022-06-13
ITUB4,1.01,2022-06-14,1,0.0305184092137662,0,1,1.0,3296551.3880059877,2022-06-14,2022-06-14
ITUB4,1.01,2022-06-15,1,0.0561268433615489,0,1,1.0,3329516.901886048,2022-06-15,2022-06-15
ITUB4,1.01,2022-06-17,1,0.045377459659613,0,1,1.0,3362812.0709049082,2022-06-17,2022-06-17
ITUB4,1.01,2022-06-20,0,-0.0456026274335767,0,1,1.0,3362812.0709049082,2022-06-20,2022-06-23
ITUB4,1.01,2022-06-21,0,-0.0284301836254713,1,1,1.0,3362812.0709049082,2022-06-20,2022-06-23
ITUB4,1.01,2022-06-22,0,-0.0307564126464507,1,1,1.0,3362812.0709049082,2022-06-20,2022-06-23
ITUB4,1.01,2022-06-23,0,-0.0257492468736639,1,1,1.0,3276222.192701441,2022-06-20,2022-06-23
ITUB4,1.01,2022-06-24,1,0.0131746981633773,0,1,1.0,3308984.4146284554,2022-06-24,2022-06-24
ITUB4,1.01,2022-06-27,0,-0.0363331442232922,0,0,0.0,3308984.4146284554,2022-06-27,2022-06-30
ITUB4,1.01,2022-06-28,0,-0.0350386772035582,0,1,0.0,3308984.4146284554,2022-06-27,2022-06-30
ITUB4,1.01,2022-06-29,0,-0.0005360591833839,0,1,1.0,3308984.4146284554,2022-06-27,2022-06-30
ITUB4,1.01,2022-06-30,1,0.0291218372710995,0,0,1.0,3342074.25877474,2022-06-27,2022-06-30
ITUB4,1.01,2022-07-01,1,0.0167622727559524,0,0,0.0,3375495.0013624877,2022-07-01,2022-07-01
ITUB4,1.01,2022-07-04,1,0.0337777822878626,0,0,0.0,3409249.9513761126,2022-07-04,2022-07-04
ITUB4,1.01,2022-07-05,1,0.0287483155109851,0,1,1.0,3443342.450889874,2022-07-05,2022-07-05
ITUB4,1.01,2022-07-06,1,0.0206230933054667,0,1,0.0,3477775.875398773,2022-07-06,2022-07-06
ITUB4,1.01,2022-07-07,0,-0.0357296566372041,1,1,1.0,3477775.875398773,2022-07-07,2022-07-12
ITUB4,1.01,2022-07-08,0,-0.0194777031141839,0,1,0.0,3477775.875398773,2022-07-07,2022-07-12
ITUB4,1.01,2022-07-11,0,0.0008876944070723,0,0,0.0,3477775.875398773,2022-07-07,2022-07-12
ITUB4,1.01,2022-07-12,1,0.027703327439519,0,0,0.0,3512553.6341527607,2022-07-07,2022-07-12
ITUB4,1.01,2022-07-13,1,0.0697569357639433,0,0,0.0,3547679.170494288,2022-07-13,2022-07-13
ITUB4,1.01,2022-07-14,1,0.0707207336925679,1,1,1.0,3583155.962199231,2022-07-14,2022-07-14
ITUB4,1.01,2022-07-15,1,0.0480599381722823,1,1,1.0,3618987.5218212237,2022-07-15,2022-07-15
ITUB4,1.01,2022-07-18,1,0.0411738595981889,1,1,1.0,3655177.397039436,2022-07-18,2022-07-18
ITUB4,1.01,2022-07-19,1,0.0110638659268809,0,1,1.0,3691729.17100983,2022-07-19,2022-07-19
ITUB4,1.01,2022-07-20,1,0.0266323228257965,0,1,1.0,3728646.4627199285,2022-07-20,2022-07-20
ITUB4,1.01,2022-07-21,1,0.0127118795988641,1,1,1.0,3765932.927347128,2022-07-21,2022-07-21
ITUB4,1.01,2022-07-22,1,0.0213675471223346,1,1,1.0,3803592.256620599,2022-07-22,2022-07-22
ITUB4,1.01,2022-07-25,1,0.0148116975784604,1,1,1.0,3841628.179186805,2022-07-25,2022-07-25
ITUB4,1.01,2022-07-26,1,0.0152413620321876,1,1,1.0,3880044.4609786733,2022-07-26,2022-07-26
ITUB4,1.01,2022-07-27,1,0.0182590566286195,1,1,1.0,3918844.90558846,2022-07-27,2022-07-27
ITUB4,1.01,2022-07-28,1,0.010109565981982,1,1,1.0,3958033.3546443447,2022-07-28,2022-07-28
ITUB4,1.01,2022-07-29,1,0.0301886611959589,1,1,1.0,3997613.688190788,2022-07-29,2022-07-29
ITUB4,1.01,2022-08-01,1,0.0634786543870638,0,1,1.0,4037589.825072696,2022-08-01,2022-08-01
ITUB4,1.01,2022-08-02,1,0.0670886062330078,1,1,1.0,4077965.723323423,2022-08-02,2022-08-02
ITUB4,1.01,2022-08-03,1,0.0927234899623232,0,1,1.0,4118745.3805566574,2022-08-03,2022-08-03
ITUB4,1.01,2022-08-04,1,0.0820743380437973,1,1,1.0,4159932.834362224,2022-08-04,2022-08-04
ITUB4,1.01,2022-08-05,1,0.0677831098024766,1,1,1.0,4201532.162705846,2022-08-05,2022-08-05
ITUB4,1.01,2022-08-08,1,0.0288018546589094,1,1,1.0,4243547.484332904,2022-08-08,2022-08-08
ITUB4,1.01,2022-08-09,1,0.0363149885336344,1,1,1.0,4285982.959176233,2022-08-09,2022-08-09
ITUB4,1.01,2022-08-10,1,0.0270371595578606,0,1,0.0,4328842.788767995,2022-08-10,2022-08-10
ITUB4,1.01,2022-08-11,1,0.0334712302411992,0,0,0.0,4372131.216655675,2022-08-11,2022-08-11
ITUB4,1.01,2022-08-12,1,0.0447988082143453,0,1,0.0,4415852.528822232,2022-08-12,2022-08-12
ITUB4,1.01,2022-08-15,1,0.0215293180264566,0,1,1.0,4460011.054110454,2022-08-15,2022-08-15
ITUB4,1.01,2022-08-16,1,0.0162481574987558,1,1,1.0,4504611.164651559,2022-08-16,2022-08-16
ITUB4,1.01,2022-08-17,0,-0.0244632343440613,0,1,1.0,4504611.164651559,2022-08-17,2022-08-19
ITUB4,1.01,2022-08-18,0,-0.010447767475726,1,1,1.0,4504611.164651559,2022-08-17,2022-08-19
ITUB4,1.01,2022-08-19,1,0.0178030265522124,1,1,1.0,4549657.276298074,2022-08-17,2022-08-19
ITUB4,1.01,2022-08-22,1,0.0299810061675065,0,1,1.0,4595153.849061055,2022-08-22,2022-08-22
ITUB4,1.01,2022-08-23,1,0.0299810061675065,1,1,1.0,4641105.387551665,2022-08-23,2022-08-23
ITUB4,1.01,2022-08-24,1,0.0199173147191049,0,0,0.0,4687516.441427182,2022-08-24,2022-08-24
ITUB4,1.01,2022-08-25,0,-0.040520448370624,0,1,0.0,4687516.441427182,2022-08-25,2022-08-26
ITUB4,1.01,2022-08-26,1,0.0135644462319861,1,1,1.0,4734391.605841454,2022-08-25,2022-08-26
ITUB4,1.01,2022-08-29,0,-0.0053098970989149,1,1,1.0,4734391.605841454,2022-08-29,2022-08-30
ITUB4,1.01,2022-08-30,1,0.0220794488641768,0,1,1.0,4781735.521899869,2022-08-29,2022-08-30
ITUB4,1.01,2022-08-31,1,0.0448963798566997,0,1,0.0,4829552.877118868,2022-08-31,2022-08-31
ITUB4,1.01,2022-09-01,1,0.0333965877061461,0,1,1.0,4877848.405890057,2022-09-01,2022-09-01
ITUB4,1.01,2022-09-02,1,0.0221471151764578,1,1,1.0,4926626.889948958,2022-09-02,2022-09-02
ITUB4,1.01,2022-09-05,1,0.0232209403372787,0,1,1.0,4975893.158848447,2022-09-05,2022-09-05
ITUB4,1.01,2022-09-06,1,0.0156133605786528,1,1,1.0,5025652.090436932,2022-09-06,2022-09-06
ITUB4,1.01,2022-09-08,1,0.0232209403372787,1,1,1.0,5075908.611341301,2022-09-08,2022-09-08
ITUB4,1.01,2022-09-09,1,0.0118518349711349,1,1,1.0,5126667.697454714,2022-09-09,2022-09-09
ITUB4,1.01,2022-09-12,1,0.0107886750411452,1,1,1.0,5177934.374429261,2022-09-12,2022-09-12
ITUB4,1.01,2022-09-13,1,0.039640979866611,0,1,1.0,5229713.718173554,2022-09-13,2022-09-13
ITUB4,1.01,2022-09-14,1,0.0762298055066221,1,1,1.0,5282010.85535529,2022-09-14,2022-09-14
ITUB4,1.01,2022-09-15,1,0.0781955291287419,1,1,1.0,5334830.963908843,2022-09-15,2022-09-15
ITUB4,1.01,2022-09-16,1,0.0898158828769895,0,1,1.0,5388179.273547932,2022-09-16,2022-09-16
ITUB4,1.01,2022-09-19,1,0.0424155154093417,1,1,1.0,5442061.066283411,2022-09-19,2022-09-19
ITUB4,1.01,2022-09-20,1,0.0139859938830517,0,1,1.0,5496481.676946245,2022-09-20,2022-09-20
ITUB4,1.01,2022-09-21,1,0.0143406579389835,1,1,1.0,5551446.493715707,2022-09-21,2022-09-21
ITUB4,1.01,2022-09-22,0,-0.0309859187811997,1,1,1.0,5551446.493715707,2022-09-22,2022-09-27
ITUB4,1.01,2022-09-23,0,-0.0071098370832829,1,1,1.0,5551446.493715707,2022-09-22,2022-09-27
ITUB4,1.01,2022-09-26,0,0.0028591810669964,0,1,0.0,5551446.493715707,2022-09-22,2022-09-27
ITUB4,1.01,2022-09-27,1,0.0804475099369617,1,1,1.0,5606960.958652864,2022-09-22,2022-09-27
ITUB4,1.01,2022-09-28,1,0.100838121628203,1,1,1.0,5663030.568239393,2022-09-28,2022-09-28
ITUB4,1.01,2022-09-29,1,0.0869835998300745,0,1,1.0,5719660.873921786,2022-09-29,2022-09-29
ITUB4,1.01,2022-09-30,1,0.0493227056935587,1,1,1.0,5776857.482661004,2022-09-30,2022-09-30
ITUB4,1.015,2020-06-04,1,0.0191761487670174,0,1,1.0,101499.99999999999,2020-06-04,2020-06-04
ITUB4,1.015,2020-06-05,1,0.0315103223026373,1,1,1.0,103022.49999999997,2020-06-05,2020-06-05
ITUB4,1.015,2020-06-08,1,0.0243017999946182,1,1,1.0,104567.83749999997,2020-06-08,2020-06-08
ITUB4,1.015,2020-06-09,0,-0.0686588308598515,0,1,1.0,104567.83749999997,2020-06-09,2020-06-10
ITUB4,1.015,2020-06-10,1,0.0397529584979643,1,1,1.0,106136.35506249995,2020-06-09,2020-06-10
ITUB4,1.015,2020-06-12,1,0.1119522350129791,1,1,1.0,107728.40038843744,2020-06-12,2020-06-12
ITUB4,1.015,2020-06-15,1,0.0656603762514884,1,1,1.0,109344.32639426399,2020-06-15,2020-06-15
ITUB4,1.015,2020-06-16,1,0.0786860193200329,1,1,1.0,110984.49129017793,2020-06-16,2020-06-16
ITUB4,1.015,2020-06-17,1,0.0656603762514884,1,1,1.0,112649.25865953059,2020-06-17,2020-06-17
ITUB4,1.015,2020-06-18,0,-0.0804270834185341,1,1,1.0,112649.25865953059,2020-06-18,2020-06-23
ITUB4,1.015,2020-06-19,0,-0.0674036938550665,0,1,1.0,112649.25865953059,2020-06-18,2020-06-23
ITUB4,1.015,2020-06-22,0,-0.0718411269320794,0,1,1.0,112649.25865953059,2020-06-18,2020-06-23
ITUB4,1.015,2020-06-23,0,-0.0115714964483225,0,1,0.0,111345.73816304568,2020-06-18,2020-06-23
ITUB4,1.015,2020-06-24,1,0.0188243871782018,1,1,1.0,113015.92423549136,2020-06-24,2020-06-24
ITUB4,1.015,2020-06-25,1,0.0315052044712051,1,1,1.0,114711.16309902372,2020-06-25,2020-06-25
ITUB4,1.015,2020-06-26,1,0.052743593136606,0,1,1.0,116431.83054550906,2020-06-26,2020-06-26
ITUB4,1.015,2020-06-29,1,0.0398954633876609,1,1,1.0,118178.30800369168,2020-06-29,2020-06-29
ITUB4,1.015,2020-06-30,1,0.0878905710078512,1,1,1.0,119950.98262374704,2020-06-30,2020-06-30
ITUB4,1.015,2020-07-01,1,0.0509433793906513,1,1,1.0,121750.24736310323,2020-07-01,2020-07-01
ITUB4,1.015,2020-07-02,1,0.0553239855096487,1,1,1.0,123576.50107354976,2020-07-02,2020-07-02
ITUB4,1.015,2020-07-03,1,0.0269173717505821,0,1,0.0,125430.14858965299,2020-07-03,2020-07-03
ITUB4,1.015,2020-07-06,0,-0.0083849655823319,1,1,1.0,125430.14858965299,2020-07-06,2020-07-07
ITUB4,1.015,2020-07-07,1,0.0337710737671925,0,1,0.0,127311.60081849777,2020-07-06,2020-07-07
ITUB4,1.015,2020-07-08,1,0.0196150745476848,1,1,1.0,129221.27483077522,2020-07-08,2020-07-08
ITUB4,1.015,2020-07-09,1,0.0315398893803837,1,1,1.0,131159.59395323682,2020-07-09,2020-07-09
ITUB4,1.015,2020-07-10,0,-0.0171220298963773,0,1,0.0,131159.59395323682,2020-07-10,2020-07-13
ITUB4,1.015,2020-07-13,1,0.0392523296035429,0,1,1.0,133126.98786253537,2020-07-10,2020-07-13
ITUB4,1.015,2020-07-14,0,-0.0087146005574519,0,1,1.0,133126.98786253537,2020-07-14,2020-07-15
ITUB4,1.015,2020-07-15,1,0.0320206492912065,0,1,0.0,135123.8926804734,2020-07-14,2020-07-15
ITUB4,1.015,2020-07-16,1,0.0343047079898222,0,1,0.0,137150.75107068048,2020-07-16,2020-07-16
ITUB4,1.015,2020-07-17,1,0.0289908412231794,1,1,1.0,139208.01233674068,2020-07-17,2020-07-17
ITUB4,1.015,2020-07-20,1,0.0159420256153361,1,1,1.0,141296.13252179176,2020-07-20,2020-07-20
ITUB4,1.015,2020-07-21,0,-0.0017953001258705,1,1,1.0,141296.13252179176,2020-07-21,2020-07-22
ITUB4,1.015,2020-07-22,1,0.0428043728953482,0,1,1.0,143415.57450961863,2020-07-21,2020-07-22
ITUB4,1.015,2020-07-23,1,0.0812144174818889,1,1,1.0,145566.8081272629,2020-07-23,2020-07-23
ITUB4,1.015,2020-07-24,1,0.0698460864603234,1,1,1.0,147750.31024917183,2020-07-24,2020-07-24
ITUB4,1.015,2020-07-27,1,0.0277778183979766,1,1,1.0,149966.5649029094,2020-07-27,2020-07-27
ITUB4,1.015,2020-07-28,0,-0.0303648207659938,0,1,0.0,149966.5649029094,2020-07-28,2020-07-31
ITUB4,1.015,2020-07-29,0,-0.0777056818411143,1,1,1.0,149966.5649029094,2020-07-28,2020-07-31
ITUB4,1.015,2020-07-30,0,-0.0807325903076521,0,0,0.0,149966.5649029094,2020-07-28,2020-07-31
ITUB4,1.015,2020-07-31,1,0.0225091816275135,0,0,0.0,152216.063376453,2020-07-28,2020-07-31
ITUB4,1.015,2020-08-03,1,0.0167618724249269,1,1,1.0,154499.3043270998,2020-08-03,2020-08-03
ITUB4,1.015,2020-08-04,0,-0.0130019514191522,1,1,1.0,154499.3043270998,2020-08-04,2020-08-05
ITUB4,1.015,2020-08-05,1,0.0291828894726329,1,1,1.0,156816.79389200627,2020-08-04,2020-08-05
ITUB4,1.015,2020-08-06,1,0.0319937620696397,1,1,1.0,159169.04580038635,2020-08-06,2020-08-06
ITUB4,1.015,2020-08-07,1,0.0301724220613508,1,1,1.0,161556.58148739213,2020-08-07,2020-08-07
ITUB4,1.015,2020-08-10,0,-0.0532159525713544,1,1,1.0,161556.58148739213,2020-08-10,2020-08-13
ITUB4,1.015,2020-08-11,0,-0.0603347770534901,1,1,1.0,161556.58148739213,2020-08-10,2020-08-13
ITUB4,1.015,2020-08-12,0,-0.0458277134218768,0,1,1.0,161556.58148739213,2020-08-10,2020-08-13
ITUB4,1.015,2020-08-13,1,0.0260480446429944,0,0,0.0,163979.930209703,2020-08-10,2020-08-13
ITUB4,1.015,2020-08-14,0,-0.0221293053693227,0,0,0.0,163979.930209703,2020-08-14,2020-08-18
ITUB4,1.015,2020-08-17,0,-0.0219333838774211,0,0,0.0,163979.930209703,2020-08-14,2020-08-18
ITUB4,1.015,2020-08-18,1,0.0209703957335603,0,0,0.0,166439.62916284852,2020-08-14,2020-08-18
ITUB4,1.015,2020-08-19,1,0.0476793111604112,1,1,1.0,168936.22360029124,2020-08-19,2020-08-19
ITUB4,1.015,2020-08-20,1,0.038477640629406,0,1,1.0,171470.2669542956,2020-08-20,2020-08-20
ITUB4,1.015,2020-08-21,1,0.0239175171518604,0,1,1.0,174042.32095861,2020-08-21,2020-08-21
ITUB4,1.015,2020-08-24,0,-0.0085227676662281,1,1,1.0,174042.32095861,2020-08-24,2020-08-26
ITUB4,1.015,2020-08-25,0,-0.0308641662964684,1,1,1.0,174042.32095861,2020-08-24,2020-08-26
ITUB4,1.015,2020-08-26,1,0.0280451867478208,0,1,1.0,176652.95577298914,2020-08-24,2020-08-26
ITUB4,1.015,2020-08-27,0,0.0002256193041956,0,1,0.0,176652.95577298914,2020-08-27,2020-08-28
ITUB4,1.015,2020-08-28,1,0.0556993363520099,0,1,0.0,179302.75010958395,2020-08-27,2020-08-28
ITUB4,1.015,2020-08-31,1,0.0682865540187092,0,1,0.0,181992.2913612277,2020-08-31,2020-08-31
ITUB4,1.015,2020-09-01,1,0.0472278966949555,0,1,0.0,184722.1757316461,2020-09-01,2020-09-01
ITUB4,1.015,2020-09-02,1,0.0537189746357746,1,1,1.0,187493.0083676208,2020-09-02,2020-09-02
ITUB4,1.015,2020-09-03,0,-0.049682071299363,1,1,1.0,187493.0083676208,2020-09-03,2020-09-09
ITUB4,1.015,2020-09-04,0,-0.0378664667573277,0,1,1.0,187493.0083676208,2020-09-03,2020-09-09
ITUB4,1.015,2020-09-08,0,-0.0223577098086357,0,1,0.0,187493.0083676208,2020-09-03,2020-09-09
ITUB4,1.015,2020-09-09,0,-0.0274590269393506,0,1,1.0,182344.6327999144,2020-09-03,2020-09-09
ITUB4,1.015,2020-09-10,0,-0.0121086080660095,0,1,0.0,182344.6327999144,2020-09-10,2020-09-11
ITUB4,1.015,2020-09-11,1,0.0184951403690551,0,1,1.0,185079.8022919131,2020-09-10,2020-09-11
ITUB4,1.015,2020-09-14,0,-0.0442697578550813,0,1,1.0,185079.8022919131,2020-09-14,2020-09-15
ITUB4,1.015,2020-09-15,1,0.0193602722823218,0,1,0.0,187855.99932629179,2020-09-14,2020-09-15
ITUB4,1.015,2020-09-16,0,-0.0170213372515174,0,1,0.0,187855.99932629179,2020-09-16,2020-09-18
ITUB4,1.015,2020-09-17,0,-0.0434042559897153,0,1,1.0,187855.99932629179,2020-09-16,2020-09-18
ITUB4,1.015,2020-09-18,1,0.0259341097752121,0,1,1.0,190673.83931618615,2020-09-16,2020-09-18
ITUB4,1.015,2020-09-21,1,0.0214442476082039,0,0,0.0,193533.94690592893,2020-09-21,2020-09-21
ITUB4,1.015,2020-09-22,1,0.0427574347903934,0,0,0.0,196436.95610951784,2020-09-22,2020-09-22
ITUB4,1.015,2020-09-23,1,0.0622222597945596,0,1,1.0,199383.51045116058,2020-09-23,2020-09-23
ITUB4,1.015,2020-09-24,1,0.0477860888660908,1,1,1.0,202374.26310792795,2020-09-24,2020-09-24
ITUB4,1.015,2020-09-25,1,0.0279570454537556,0,1,1.0,205409.87705454684,2020-09-25,2020-09-25
ITUB4,1.015,2020-09-28,1,0.0190203345378421,0,1,1.0,208491.025210365,2020-09-28,2020-09-28
ITUB4,1.015,2020-09-29,1,0.0334616661951561,0,1,1.0,211618.39058852047,2020-09-29,2020-09-29
ITUB4,1.015,2020-09-30,1,0.0368070339132116,0,1,1.0,214792.66644734825,2020-09-30,2020-09-30
ITUB4,1.015,2020-10-01,1,0.0456171422342353,1,1,1.0,218014.55644405846,2020-10-01,2020-10-01
ITUB4,1.015,2020-10-02,1,0.0686619753504143,0,1,1.0,221284.77479071933,2020-10-02,2020-10-02
ITUB4,1.015,2020-10-05,1,0.0658293744983689,0,1,1.0,224604.0464125801,2020-10-05,2020-10-05
ITUB4,1.015,2020-10-06,1,0.073266450767367,0,1,1.0,227973.10710876877,2020-10-06,2020-10-06
ITUB4,1.015,2020-10-07,1,0.0831865955059465,0,1,1.0,231392.70371540028,2020-10-07,2020-10-07
ITUB4,1.015,2020-10-08,1,0.0297071430969475,1,1,1.0,234863.59427113127,2020-10-08,2020-10-08
ITUB4,1.015,2020-10-09,0,-0.0362802404900939,0,0,1.0,234863.59427113127,2020-10-09,2020-10-14
ITUB4,1.015,2020-10-13,0,-0.0221850319809396,0,1,1.0,234863.59427113127,2020-10-09,2020-10-14
ITUB4,1.015,2020-10-14,1,0.0400681808990803,1,1,1.0,238386.54818519822,2020-10-09,2020-10-14
ITUB4,1.015,2020-10-15,1,0.0653566390432678,0,1,1.0,241962.34640797618,2020-10-15,2020-10-15
ITUB4,1.015,2020-10-16,1,0.11483876634427,1,1,1.0,245591.7816040958,2020-10-16,2020-10-16
ITUB4,1.015,2020-10-19,1,0.118197300318922,1,1,1.0,249275.6583281572,2020-10-19,2020-10-19
ITUB4,1.015,2020-10-20,1,0.0840890475106483,0,1,1.0,253014.79320307955,2020-10-20,2020-10-20
ITUB4,1.015,2020-10-21,1,0.0704110699652349,0,1,0.0,256810.01510112573,2020-10-21,2020-10-21
ITUB4,1.015,2020-10-22,1,0.0154440317436874,0,1,1.0,260662.16532764258,2020-10-22,2020-10-22
ITUB4,1.015,2020-10-23,1,0.0343873595312316,0,1,1.0,264572.0978075572,2020-10-23,2020-10-23
ITUB4,1.015,2020-10-26,0,-0.1003831759877499,0,1,1.0,264572.0978075572,2020-10-26,2020-10-28
ITUB4,1.015,2020-10-27,0,-0.0080259077651153,0,1,1.0,264572.0978075572,2020-10-26,2020-10-28
ITUB4,1.015,2020-10-28,1,0.0923010194563827,0,1,1.0,268540.67927467055,2020-10-26,2020-10-28
ITUB4,1.015,2020-10-29,1,0.09753006142946,0,1,1.0,272568.7894637906,2020-10-29,2020-10-29
ITUB4,1.015,2020-10-30,1,0.0853556306420686,0,1,1.0,276657.32130574743,2020-10-30,2020-10-30
ITUB4,1.015,2020-11-03,1,0.098823556402056,0,1,1.0,280807.1811253336,2020-11-03,2020-11-03
ITUB4,1.015,2020-11-04,1,0.1426891105399597,1,1,1.0,285019.2888422136,2020-11-04,2020-11-04
ITUB4,1.015,2020-11-05,1,0.1499013403847908,0,1,1.0,289294.57817484677,2020-11-05,2020-11-05
ITUB4,1.015,2020-11-06,1,0.0901271280955002,0,1,1.0,293633.9968474694,2020-11-06,2020-11-06
ITUB4,1.015,2020-11-09,1,0.0542495176861386,1,1,1.0,298038.5068001814,2020-11-09,2020-11-09
ITUB4,1.015,2020-11-10,1,0.0288595095407218,1,1,1.0,302509.0844021841,2020-11-10,2020-11-10
ITUB4,1.015,2020-11-11,1,0.0418719310893587,1,1,1.0,307046.7206682169,2020-11-11,2020-11-11
ITUB4,1.015,2020-11-12,1,0.0511182678695223,1,1,1.0,311652.4214782401,2020-11-12,2020-11-12
ITUB4,1.015,2020-11-13,1,0.0203308279387699,1,1,1.0,316327.20780041366,2020-11-13,2020-11-13
ITUB4,1.015,2020-11-16,0,-0.027919660922846,1,1,1.0,316327.20780041366,2020-11-16,2020-11-18
ITUB4,1.015,2020-11-17,0,-0.0180088230517778,1,1,1.0,316327.20780041366,2020-11-16,2020-11-18
ITUB4,1.015,2020-11-18,1,0.0442906605390951,0,0,0.0,321072.11591741984,2020-11-16,2020-11-18
ITUB4,1.015,2020-11-19,1,0.0508356418377982,0,1,0.0,325888.1976561811,2020-11-19,2020-11-19
ITUB4,1.015,2020-11-20,1,0.0461005322107046,0,1,1.0,330776.5206210238,2020-11-20,2020-11-20
ITUB4,1.015,2020-11-23,1,0.0371134289809937,1,1,1.0,335738.1684303391,2020-11-23,2020-11-23
ITUB4,1.015,2020-11-24,0,-0.03578660750852,0,1,1.0,335738.1684303391,2020-11-24,2020-11-25
ITUB4,1.015,2020-11-25,1,0.0408332238538822,1,1,1.0,340774.2409567941,2020-11-24,2020-11-25
ITUB4,1.015,2020-11-26,1,0.0494321492152238,0,1,1.0,345885.854571146,2020-11-26,2020-11-26
ITUB4,1.015,2020-11-27,1,0.0664901952398673,1,1,1.0,351074.14238971315,2020-11-27,2020-11-27
ITUB4,1.015,2020-11-30,1,0.062994829341191,1,1,1.0,356340.2545255588,2020-11-30,2020-11-30
ITUB4,1.015,2020-12-01,1,0.038101594443231,1,1,1.0,361685.35834344215,2020-12-01,2020-12-01
ITUB4,1.015,2020-12-02,1,0.0328467293667715,1,1,1.0,367110.63871859375,2020-12-02,2020-12-02
ITUB4,1.015,2020-12-03,1,0.0301124968107175,1,1,1.0,372617.2982993726,2020-12-03,2020-12-03
ITUB4,1.015,2020-12-04,1,0.0485950358689428,1,1,1.0,378206.55777386314,2020-12-04,2020-12-04
ITUB4,1.015,2020-12-07,1,0.0420499401720753,1,1,1.0,383879.65614047105,2020-12-07,2020-12-07
ITUB4,1.015,2020-12-08,1,0.043764374806493,1,1,1.0,389637.85098257806,2020-12-08,2020-12-08
ITUB4,1.015,2020-12-09,1,0.0312093812058198,1,1,1.0,395482.4187473167,2020-12-09,2020-12-09
ITUB4,1.015,2020-12-10,1,0.0324029464129325,1,1,1.0,401414.6550285264,2020-12-10,2020-12-10
ITUB4,1.015,2020-12-11,1,0.0225611366906675,1,1,1.0,407435.87485395424,2020-12-11,2020-12-11
ITUB4,1.015,2020-12-14,1,0.0390700816184832,1,1,1.0,413547.4129767635,2020-12-14,2020-12-14
ITUB4,1.015,2020-12-15,1,0.0300895949027364,1,1,1.0,419750.62417141494,2020-12-15,2020-12-15
ITUB4,1.015,2020-12-16,0,-0.0200689812405855,1,1,1.0,419750.62417141494,2020-12-16,2020-12-18
ITUB4,1.015,2020-12-17,0,0.0069356751979159,1,1,1.0,419750.62417141494,2020-12-16,2020-12-18
ITUB4,1.015,2020-12-18,1,0.0444444396441925,1,1,1.0,426046.8835339861,2020-12-16,2020-12-18
ITUB4,1.015,2020-12-21,1,0.0404235016713008,1,1,1.0,432437.5867869959,2020-12-21,2020-12-21
ITUB4,1.015,2020-12-22,1,0.0354406164626421,1,1,1.0,438924.1505888008,2020-12-22,2020-12-22
ITUB4,1.015,2020-12-23,0,-0.0405135301232991,1,1,1.0,438924.1505888008,2020-12-23,2020-12-30
ITUB4,1.015,2020-12-28,0,-0.0482008225666257,1,1,1.0,438924.1505888008,2020-12-23,2020-12-30
ITUB4,1.015,2020-12-29,0,-0.0197216823578263,0,0,0.0,438924.1505888008,2020-12-23,2020-12-30
ITUB4,1.015,2020-12-30,1,0.0337711057619314,0,0,0.0,445508.01284763275,2020-12-23,2020-12-30
ITUB4,1.015,2021-01-04,1,0.0881874005782368,0,1,1.0,452190.6330403472,2021-01-04,2021-01-04
ITUB4,1.015,2021-01-05,1,0.0794060470569981,1,1,1.0,458973.49253595236,2021-01-05,2021-01-05
ITUB4,1.015,2021-01-06,1,0.0565560590595639,1,1,1.0,465858.0949239916,2021-01-06,2021-01-06
ITUB4,1.015,2021-01-07,1,0.015487388545561,1,1,1.0,472845.96634785144,2021-01-07,2021-01-07
ITUB4,1.015,2021-01-08,0,0.0036957017820189,0,0,0.0,472845.96634785144,2021-01-08,2021-01-11
ITUB4,1.015,2021-01-11,1,0.023617181899169,1,1,1.0,479938.6558430692,2021-01-08,2021-01-11
ITUB4,1.015,2021-01-12,1,0.023617181899169,1,1,1.0,487137.7356807152,2021-01-12,2021-01-12
ITUB4,1.015,2021-01-13,1,0.0287320828497581,1,1,1.0,494444.80171592586,2021-01-13,2021-01-13
ITUB4,1.015,2021-01-14,0,-0.0539781202614298,1,1,1.0,494444.80171592586,2021-01-14,2021-01-19
ITUB4,1.015,2021-01-15,0,-0.0552747969843345,1,1,1.0,494444.80171592586,2021-01-14,2021-01-19
ITUB4,1.015,2021-01-18,0,-0.0704985864229434,1,1,1.0,494444.80171592586,2021-01-14,2021-01-19
ITUB4,1.015,2021-01-19,0,-0.0886150239810069,0,1,1.0,450629.56375458493,2021-01-14,2021-01-19
ITUB4,1.015,2021-01-20,0,-0.0673328039288109,0,0,0.0,450629.56375458493,2021-01-20,2021-01-21
ITUB4,1.015,2021-01-21,1,0.0222649824911711,0,0,0.0,457389.0072109037,2021-01-20,2021-01-21
ITUB4,1.015,2021-01-22,1,0.0296653672424476,0,0,0.0,464249.8423190672,2021-01-22,2021-01-22
ITUB4,1.015,2021-01-26,1,0.0540732807763564,0,0,0.0,471213.58995385317,2021-01-26,2021-01-26
ITUB4,1.015,2021-01-27,1,0.0473665207343632,1,1,1.0,478281.7938031609,2021-01-27,2021-01-27
ITUB4,1.015,2021-01-28,0,-0.0302878339971227,1,1,1.0,478281.7938031609,2021-01-28,2021-02-02
ITUB4,1.015,2021-01-29,0,-0.0275861770707103,1,1,1.0,478281.7938031609,2021-01-28,2021-02-02
ITUB4,1.015,2021-02-01,0,-0.0343878997321204,0,1,1.0,478281.7938031609,2021-01-28,2021-02-02
ITUB4,1.015,2021-02-02,0,-0.0417246003802067,0,0,0.0,458325.67708759557,2021-01-28,2021-02-02
ITUB4,1.015,2021-02-03,0,-0.0224325147761027,0,0,0.0,458325.67708759557,2021-02-03,2021-02-08
ITUB4,1.015,2021-02-04,0,-0.0219003777680932,0,1,0.0,458325.67708759557,2021-02-03,2021-02-08
ITUB4,1.015,2021-02-05,0,-0.0110713935270033,0,0,0.0,458325.67708759557,2021-02-03,2021-02-08
ITUB4,1.015,2021-02-08,1,0.0334667309687555,0,0,0.0,465200.56224390946,2021-02-03,2021-02-08
ITUB4,1.015,2021-02-09,0,0.0075269177469319,0,0,0.0,465200.56224390946,2021-02-09,2021-02-10
ITUB4,1.015,2021-02-10,1,0.0182207951895061,0,0,0.0,472178.57067756803,2021-02-09,2021-02-10
ITUB4,1.015,2021-02-11,1,0.0352342371766787,0,0,1.0,479261.2492377315,2021-02-11,2021-02-11
ITUB4,1.015,2021-02-12,1,0.0251798359921979,0,0,1.0,486450.16797629744,2021-02-12,2021-02-12
ITUB4,1.015,2021-02-17,1,0.0207736329190337,0,1,1.0,493746.9204959418,2021-02-17,2021-02-17
ITUB4,1.015,2021-02-18,0,-0.0372893524407473,1,1,1.0,493746.9204959418,2021-02-18,2021-02-19
ITUB4,1.015,2021-02-19,1,0.0365348485360947,1,1,1.0,501153.1243033809,2021-02-18,2021-02-19
ITUB4,1.015,2021-02-22,1,0.0621382322411783,1,1,1.0,508670.4211679316,2021-02-22,2021-02-22
ITUB4,1.015,2021-02-23,0,-0.0913225913590477,0,1,0.0,508670.4211679316,2021-02-23,2021-02-26
ITUB4,1.015,2021-02-24,0,-0.0360118712557699,0,1,1.0,508670.4211679316,2021-02-23,2021-02-26
ITUB4,1.015,2021-02-25,0,-0.0135430252372836,1,1,1.0,508670.4211679316,2021-02-23,2021-02-26
ITUB4,1.015,2021-02-26,1,0.0463320223016965,0,0,0.0,516300.4774854505,2021-02-23,2021-02-26
ITUB4,1.015,2021-03-01,1,0.1434442933181736,0,0,0.0,524044.9846477322,2021-03-01,2021-03-01
ITUB4,1.015,2021-03-02,1,0.0857586160532484,0,0,0.0,531905.6594174482,2021-03-02,2021-03-02
ITUB4,1.015,2021-03-03,1,0.0753266620217889,0,1,1.0,539884.2443087099,2021-03-03,2021-03-03
ITUB4,1.015,2021-03-04,1,0.046763898205927,0,1,1.0,547982.5079733405,2021-03-04,2021-03-04
ITUB4,1.015,2021-03-05,1,0.0401486977823954,0,1,0.0,556202.2455929405,2021-03-05,2021-03-05
ITUB4,1.015,2021-03-08,1,0.0473328298302244,0,0,0.0,564545.2792768346,2021-03-08,2021-03-08
ITUB4,1.015,2021-03-09,1,0.0284028508776768,0,1,1.0,573013.458465987,2021-03-09,2021-03-09
ITUB4,1.015,2021-03-10,0,-0.0239130229278435,0,1,0.0,573013.458465987,2021-03-10,2021-03-11
ITUB4,1.015,2021-03-11,1,0.0331491705943713,0,1,1.0,581608.6603429768,2021-03-10,2021-03-11
ITUB4,1.015,2021-03-12,1,0.0578269000833795,0,0,0.0,590332.7902481214,2021-03-12,2021-03-12
ITUB4,1.015,2021-03-15,1,0.0439840183544875,0,1,1.0,599187.7821018432,2021-03-15,2021-03-15
ITUB4,1.015,2021-03-16,1,0.0692479720168266,1,1,1.0,608175.5988333707,2021-03-16,2021-03-16
ITUB4,1.015,2021-03-17,1,0.0282849904767277,0,1,1.0,617298.2328158712,2021-03-17,2021-03-17
ITUB4,1.015,2021-03-18,0,-0.0378895425858152,0,1,1.0,617298.2328158712,2021-03-18,2021-03-19
ITUB4,1.015,2021-03-19,1,0.0189352999389413,1,1,1.0,626557.7063081092,2021-03-18,2021-03-19
ITUB4,1.015,2021-03-22,1,0.0185714213644911,0,1,1.0,635956.0719027309,2021-03-22,2021-03-22
ITUB4,1.015,2021-03-23,1,0.0224944756312401,0,1,0.0,645495.4129812717,2021-03-23,2021-03-23
ITUB4,1.015,2021-03-24,1,0.0593470182772912,0,1,0.0,655177.8441759908,2021-03-24,2021-03-24
ITUB4,1.015,2021-03-25,1,0.0374272809220519,1,1,1.0,665005.5118386305,2021-03-25,2021-03-25
ITUB4,1.015,2021-03-26,1,0.0152915622105445,1,1,1.0,674980.5945162099,2021-03-26,2021-03-26
ITUB4,1.015,2021-03-29,1,0.0255028571265143,0,1,1.0,685105.303433953,2021-03-29,2021-03-29
ITUB4,1.015,2021-03-30,0,-0.0411674591974341,0,1,1.0,685105.303433953,2021-03-30,2021-04-05
ITUB4,1.015,2021-03-31,0,-0.0440810652683939,1,1,1.0,685105.303433953,2021-03-30,2021-04-05
ITUB4,1.015,2021-04-01,0,-0.0248537609495226,1,1,1.0,685105.303433953,2021-03-30,2021-04-05
ITUB4,1.015,2021-04-05,0,-0.0312726944325443,0,1,0.0,663680.2146255474,2021-03-30,2021-04-05
ITUB4,1.015,2021-04-06,0,0.0103626917571664,0,1,1.0,663680.2146255474,2021-04-06,2021-04-07
ITUB4,1.015,2021-04-07,1,0.0159200435265542,0,1,1.0,673635.4178449305,2021-04-06,2021-04-07
ITUB4,1.015,2021-04-08,1,0.0588013779655249,0,1,1.0,683739.9491126045,2021-04-08,2021-04-08
ITUB4,1.015,2021-04-09,1,0.048134370322842,1,1,1.0,693996.0483492935,2021-04-09,2021-04-09
ITUB4,1.015,2021-04-12,1,0.0342288938632082,0,1,1.0,704405.9890745329,2021-04-12,2021-04-12
ITUB4,1.015,2021-04-13,1,0.0270467861948544,0,1,1.0,714972.0789106508,2021-04-13,2021-04-13
ITUB4,1.015,2021-04-14,1,0.0159074178034333,1,1,1.0,725696.6600943105,2021-04-14,2021-04-14
ITUB4,1.015,2021-04-15,1,0.0221898468426899,0,1,0.0,736582.1099957251,2021-04-15,2021-04-15
ITUB4,1.015,2021-04-16,0,-0.0125537985959441,1,1,1.0,736582.1099957251,2021-04-16,2021-04-19
ITUB4,1.015,2021-04-19,1,0.0178766828608087,1,1,1.0,747630.8416456609,2021-04-16,2021-04-19
ITUB4,1.015,2021-04-20,0,-0.0159825944875235,0,1,1.0,747630.8416456609,2021-04-20,2021-04-22
ITUB4,1.015,2021-04-22,1,0.0331194064646742,1,1,1.0,758845.3042703457,2021-04-20,2021-04-22
ITUB4,1.015,2021-04-23,1,0.0267160254810165,0,1,1.0,770227.9838344008,2021-04-23,2021-04-23
ITUB4,1.015,2021-04-26,1,0.0341912483841178,0,1,1.0,781781.4035919167,2021-04-26,2021-04-26
ITUB4,1.015,2021-04-27,1,0.0301598584678914,0,1,1.0,793508.1246457953,2021-04-27,2021-04-27
ITUB4,1.015,2021-04-28,0,-0.0516478443557051,1,1,1.0,793508.1246457953,2021-04-28,2021-04-29
ITUB4,1.015,2021-04-29,1,0.0436151124843919,0,1,1.0,805410.7465154822,2021-04-28,2021-04-29
ITUB4,1.015,2021-04-30,1,0.0234657090354752,1,1,1.0,817491.9077132144,2021-04-30,2021-04-30
ITUB4,1.015,2021-05-03,0,-0.0167259863540787,1,1,1.0,817491.9077132144,2021-05-03,2021-05-04
ITUB4,1.015,2021-05-04,1,0.0498141083872087,1,1,1.0,829754.2863289125,2021-05-03,2021-05-04
ITUB4,1.015,2021-05-05,1,0.032163740569477,1,1,1.0,842200.600623846,2021-05-05,2021-05-05
ITUB4,1.015,2021-05-06,1,0.0302809216173971,1,1,1.0,854833.6096332037,2021-05-06,2021-05-06
ITUB4,1.015,2021-05-07,1,0.0325262457639496,0,1,1.0,867656.1137777016,2021-05-07,2021-05-07
ITUB4,1.015,2021-05-10,1,0.0519105712525724,1,1,1.0,880670.9554843671,2021-05-10,2021-05-10
ITUB4,1.015,2021-05-11,1,0.0534296098273321,0,1,1.0,893881.0198166325,2021-05-11,2021-05-11
ITUB4,1.015,2021-05-12,1,0.059398724225351,1,1,1.0,907289.2351138819,2021-05-12,2021-05-12
ITUB4,1.015,2021-05-13,1,0.0205861694662883,1,1,1.0,920898.5736405901,2021-05-13,2021-05-13
ITUB4,1.015,2021-05-14,1,0.0294423161492605,0,1,0.0,934712.0522451989,2021-05-14,2021-05-14
ITUB4,1.015,2021-05-17,1,0.0319444151788737,1,1,1.0,948732.7330288767,2021-05-17,2021-05-17
ITUB4,1.015,2021-05-18,1,0.0417104757473452,0,0,0.0,962963.7240243098,2021-05-18,2021-05-18
ITUB4,1.015,2021-05-19,1,0.0181568715910158,1,1,1.0,977408.1798846744,2021-05-19,2021-05-19
ITUB4,1.015,2021-05-20,0,0.004054369766641,0,1,0.0,977408.1798846744,2021-05-20,2021-05-25
ITUB4,1.015,2021-05-21,0,-0.0108909888930758,1,1,1.0,977408.1798846744,2021-05-20,2021-05-25
ITUB4,1.015,2021-05-24,0,0.010572990218064,0,0,0.0,977408.1798846744,2021-05-20,2021-05-25
ITUB4,1.015,2021-05-25,1,0.0292296847100561,0,1,1.0,992069.3025829444,2021-05-20,2021-05-25
ITUB4,1.015,2021-05-26,1,0.0413453622988138,0,1,0.0,1006950.3421216884,2021-05-26,2021-05-26
ITUB4,1.015,2021-05-27,1,0.0944996155901241,0,0,0.0,1022054.5972535136,2021-05-27,2021-05-27
ITUB4,1.015,2021-05-28,1,0.0918927009076051,1,1,1.0,1037385.4162123163,2021-05-28,2021-05-28
ITUB4,1.015,2021-05-31,1,0.1119302912001642,0,1,0.0,1052946.197455501,2021-05-31,2021-05-31
ITUB4,1.015,2021-06-01,1,0.0825448653070464,1,1,1.0,1068740.3904173335,2021-06-01,2021-06-01
ITUB4,1.015,2021-06-02,1,0.0829901928017131,1,1,1.0,1084771.4962735933,2021-06-02,2021-06-02
ITUB4,1.015,2021-06-04,1,0.0591697545051483,0,0,0.0,1101043.0687176972,2021-06-04,2021-06-04
ITUB4,1.015,2021-06-07,1,0.0417428700457789,0,1,0.0,1117558.7147484624,2021-06-07,2021-06-07
ITUB4,1.015,2021-06-08,1,0.0465258782031916,0,1,1.0,1134322.0954696892,2021-06-08,2021-06-08
ITUB4,1.015,2021-06-09,0,-0.0285714061229996,1,1,1.0,1134322.0954696892,2021-06-09,2021-06-10
ITUB4,1.015,2021-06-10,1,0.0172518146807842,1,1,1.0,1151336.9269017344,2021-06-09,2021-06-10
ITUB4,1.015,2021-06-11,1,0.0425015350033355,1,1,1.0,1168606.9808052604,2021-06-11,2021-06-11
ITUB4,1.015,2021-06-14,1,0.0482295345467318,1,1,1.0,1186136.0855173392,2021-06-14,2021-06-14
ITUB4,1.015,2021-06-15,1,0.0507955778460527,1,1,1.0,1203928.1268000992,2021-06-15,2021-06-15
ITUB4,1.015,2021-06-16,1,0.0202020038625523,1,1,1.0,1221987.0487021005,2021-06-16,2021-06-16
ITUB4,1.015,2021-06-17,0,-0.0290076483557939,1,1,1.0,1221987.0487021005,2021-06-17,2021-06-18
ITUB4,1.015,2021-06-18,1,0.0161390312617653,1,1,1.0,1240316.854432632,2021-06-17,2021-06-18
ITUB4,1.015,2021-06-21,0,-0.0443686033034103,0,1,1.0,1240316.854432632,2021-06-21,2021-06-22
ITUB4,1.015,2021-06-22,1,0.0177847102961952,1,1,1.0,1258921.6072491214,2021-06-21,2021-06-22
ITUB4,1.015,2021-06-23,0,-0.0627913971100218,0,1,0.0,1258921.6072491214,2021-06-23,2021-06-28
ITUB4,1.015,2021-06-24,0,-0.0681676276296294,0,1,0.0,1258921.6072491214,2021-06-23,2021-06-28
ITUB4,1.015,2021-06-25,0,-0.036804743237627,0,0,0.0,1258921.6072491214,2021-06-23,2021-06-28
ITUB4,1.015,2021-06-28,0,-0.0077626069229377,0,0,0.0,1249149.0936652536,2021-06-23,2021-06-28
ITUB4,1.015,2021-06-29,0,-0.0128367402431293,0,0,0.0,1249149.0936652536,2021-06-29,2021-07-02
ITUB4,1.015,2021-06-30,0,-0.0174555298292327,0,0,0.0,1249149.0936652536,2021-06-29,2021-07-02
ITUB4,1.015,2021-07-01,0,-0.0066934350348086,0,0,0.0,1249149.0936652536,2021-06-29,2021-07-02
ITUB4,1.015,2021-07-02,0,-0.0144683377106663,0,0,0.0,1231075.982727132,2021-06-29,2021-07-02
ITUB4,1.015,2021-07-05,1,0.0176390853104007,0,0,0.0,1249542.122468039,2021-07-05,2021-07-05
ITUB4,1.015,2021-07-06,1,0.0152129693614808,0,0,0.0,1268285.2543050593,2021-07-06,2021-07-06
ITUB4,1.015,2021-07-07,1,0.0583190498343204,0,0,0.0,1287309.5331196352,2021-07-07,2021-07-07
ITUB4,1.015,2021-07-08,1,0.0493197452532272,0,0,0.0,1306619.1761164295,2021-07-08,2021-07-08
ITUB4,1.015,2021-07-12,1,0.0457627319514781,0,1,1.0,1326218.4637581757,2021-07-12,2021-07-12
ITUB4,1.015,2021-07-13,1,0.0215231611782233,1,1,1.0,1346111.7407145482,2021-07-13,2021-07-13
ITUB4,1.015,2021-07-14,0,-0.0194239412419426,1,1,1.0,1346111.7407145482,2021-07-14,2021-07-16
ITUB4,1.015,2021-07-15,0,-0.0124286316595101,1,1,1.0,1346111.7407145482,2021-07-14,2021-07-16
ITUB4,1.015,2021-07-16,1,0.0334494619355607,1,1,1.0,1366303.4168252663,2021-07-14,2021-07-16
ITUB4,1.015,2021-07-19,1,0.0309349647391798,0,1,1.0,1386797.9680776452,2021-07-19,2021-07-19
ITUB4,1.015,2021-07-20,1,0.0164046686712102,1,1,1.0,1407599.9375988096,2021-07-20,2021-07-20
ITUB4,1.015,2021-07-21,1,0.0203942731368897,1,1,1.0,1428713.9366627915,2021-07-21,2021-07-21
ITUB4,1.015,2021-07-22,1,0.0688120632502451,1,1,1.0,1450144.6457127333,2021-07-22,2021-07-22
ITUB4,1.015,2021-07-23,1,0.0735900807239835,1,1,1.0,1471896.8153984242,2021-07-23,2021-07-23
ITUB4,1.015,2021-07-26,1,0.0583051173777786,1,1,1.0,1493975.2676294004,2021-07-26,2021-07-26
ITUB4,1.015,2021-07-27,1,0.0456253707122906,0,1,1.0,1516384.8966438412,2021-07-27,2021-07-27
ITUB4,1.015,2021-07-28,1,0.0209068823921776,0,1,0.0,1539130.6700934987,2021-07-28,2021-07-28
ITUB4,1.015,2021-07-29,1,0.0370264848580883,0,0,0.0,1562217.6301449009,2021-07-29,2021-07-29
ITUB4,1.015,2021-07-30,1,0.0230519279136973,1,1,1.0,1585650.8945970742,2021-07-30,2021-07-30
ITUB4,1.015,2021-08-02,0,-0.0178343819982774,1,1,1.0,1585650.8945970742,2021-08-02,2021-08-03
ITUB4,1.015,2021-08-03,1,0.027795908205231,0,1,1.0,1609435.6580160302,2021-08-02,2021-08-03
ITUB4,1.015,2021-08-04,1,0.0407284562181797,0,1,1.0,1633577.1928862706,2021-08-04,2021-08-04
ITUB4,1.015,2021-08-05,1,0.0434926487528801,0,1,1.0,1658080.8507795646,2021-08-05,2021-08-05
ITUB4,1.015,2021-08-06,1,0.0214494464410146,1,1,1.0,1682952.063541258,2021-08-06,2021-08-06
ITUB4,1.015,2021-08-09,0,-0.0121951374336694,1,1,1.0,1682952.063541258,2021-08-09,2021-08-10
ITUB4,1.015,2021-08-10,1,0.0292763210688704,0,1,1.0,1708196.3444943768,2021-08-09,2021-08-10
ITUB4,1.015,2021-08-11,0,-0.0164610586532274,0,0,1.0,1708196.3444943768,2021-08-11,2021-08-12
ITUB4,1.015,2021-08-12,1,0.0277938557254502,0,1,1.0,1733819.2896617923,2021-08-11,2021-08-12
ITUB4,1.015,2021-08-13,1,0.0163078750554883,1,1,1.0,1759826.5790067192,2021-08-13,2021-08-13
ITUB4,1.015,2021-08-16,1,0.0267238488108989,0,1,1.0,1786223.97769182,2021-08-16,2021-08-16
ITUB4,1.015,2021-08-17,1,0.0332005496782998,1,1,1.0,1813017.337357197,2021-08-17,2021-08-17
ITUB4,1.015,2021-08-18,1,0.0371237184956325,1,1,1.0,1840212.5974175548,2021-08-18,2021-08-18
ITUB4,1.015,2021-08-19,1,0.0489864720494095,1,1,1.0,1867815.7863788179,2021-08-19,2021-08-19
ITUB4,1.015,2021-08-20,1,0.0398526320642387,0,1,1.0,1895833.0231744999,2021-08-20,2021-08-20
ITUB4,1.015,2021-08-23,1,0.0264462406887198,1,1,1.0,1924270.5185221173,2021-08-23,2021-08-23
ITUB4,1.015,2021-08-24,0,-0.006829253334292,1,1,1.0,1924270.5185221173,2021-08-24,2021-08-26
ITUB4,1.015,2021-08-25,0,0.001294531002582,1,1,1.0,1924270.5185221173,2021-08-24,2021-08-26
ITUB4,1.015,2021-08-26,1,0.0402809548416598,1,1,1.0,1953134.5762999489,2021-08-24,2021-08-26
ITUB4,1.015,2021-08-27,1,0.0311289430660963,1,1,1.0,1982431.594944448,2021-08-27,2021-08-27
ITUB4,1.015,2021-08-30,1,0.033148779845135,1,1,1.0,2012168.0688686145,2021-08-30,2021-08-30
ITUB4,1.015,2021-08-31,1,0.0183515711411952,1,1,1.0,2042350.5899016436,2021-08-31,2021-08-31
ITUB4,1.015,2021-09-01,0,-0.0702492614391222,0,1,1.0,2042350.5899016436,2021-09-01,2021-09-03
ITUB4,1.015,2021-09-02,0,-0.0341852008779255,0,1,1.0,2042350.5899016436,2021-09-01,2021-09-03
ITUB4,1.015,2021-09-03,1,0.0202224447897452,1,1,1.0,2072985.848750168,2021-09-01,2021-09-03
ITUB4,1.015,2021-09-06,0,-0.0289614311639029,0,1,1.0,2072985.848750168,2021-09-06,2021-09-08
ITUB4,1.015,2021-09-08,1,0.0241712690736959,1,1,1.0,2104080.63648142,2021-09-06,2021-09-08
ITUB4,1.015,2021-09-09,0,-0.0332203148702248,0,0,0.0,2104080.63648142,2021-09-09,2021-09-14
ITUB4,1.015,2021-09-10,0,-0.0282986741590129,1,1,1.0,2104080.63648142,2021-09-09,2021-09-14
ITUB4,1.015,2021-09-13,0,-0.0439862292437968,1,1,1.0,2104080.63648142,2021-09-09,2021-09-14
ITUB4,1.015,2021-09-14,0,-0.0640275446022548,0,0,0.0,1969361.5196823655,2021-09-09,2021-09-14
ITUB4,1.015,2021-09-15,0,-0.0423728779165213,0,0,0.0,1969361.5196823655,2021-09-15,2021-09-17
ITUB4,1.015,2021-09-16,0,-0.0252897427978466,0,0,0.0,1969361.5196823655,2021-09-15,2021-09-17
ITUB4,1.015,2021-09-17,1,0.060439586876869,0,0,0.0,1998901.9424776006,2021-09-15,2021-09-17
ITUB4,1.015,2021-09-20,1,0.05966325135598,0,0,0.0,2028885.4716147645,2021-09-20,2021-09-20
ITUB4,1.015,2021-09-21,1,0.0731796512194113,0,1,0.0,2059318.7536889857,2021-09-21,2021-09-21
ITUB4,1.015,2021-09-22,1,0.0601504073230376,0,1,1.0,2090208.5349943202,2021-09-22,2021-09-22
ITUB4,1.015,2021-09-23,1,0.0389474065059218,0,1,1.0,2121561.663019235,2021-09-23,2021-09-23
ITUB4,1.015,2021-09-24,1,0.0415054840030948,1,1,1.0,2153385.087964523,2021-09-24,2021-09-24
ITUB4,1.015,2021-09-27,1,0.0333845469654519,1,1,1.0,2185685.8642839906,2021-09-27,2021-09-27
ITUB4,1.015,2021-09-28,1,0.0431232427426875,1,1,1.0,2218471.1522482503,2021-09-28,2021-09-28
ITUB4,1.015,2021-09-29,1,0.0464421558797345,1,1,1.0,2251748.219531974,2021-09-29,2021-09-29
ITUB4,1.015,2021-09-30,1,0.0448226136101448,1,1,1.0,2285524.4428249532,2021-09-30,2021-09-30
ITUB4,1.015,2021-10-01,1,0.0254545464602167,1,1,1.0,2319807.3094673273,2021-10-01,2021-10-01
ITUB4,1.015,2021-10-04,1,0.0317072937276574,0,1,1.0,2354604.419109337,2021-10-04,2021-10-04
ITUB4,1.015,2021-10-05,1,0.0325865615654548,1,1,1.0,2389923.485395977,2021-10-05,2021-10-05
ITUB4,1.015,2021-10-06,0,-0.0346199618170117,1,1,1.0,2389923.485395977,2021-10-06,2021-10-07
ITUB4,1.015,2021-10-07,1,0.0279805604028346,1,1,1.0,2425772.3376769163,2021-10-06,2021-10-07
ITUB4,1.015,2021-10-08,0,0.0073230430745487,1,1,1.0,2425772.3376769163,2021-10-08,2021-10-11
ITUB4,1.015,2021-10-11,1,0.0308641902280213,1,1,1.0,2462158.9227420697,2021-10-08,2021-10-11
ITUB4,1.015,2021-10-13,1,0.0253786199605245,1,1,1.0,2499091.3065832006,2021-10-13,2021-10-13
ITUB4,1.015,2021-10-14,1,0.0342691861970516,1,1,1.0,2536577.6761819483,2021-10-14,2021-10-14
ITUB4,1.015,2021-10-15,1,0.023189617837914,1,1,1.0,2574626.341324677,2021-10-15,2021-10-15
ITUB4,1.015,2021-10-18,1,0.0182186639838548,0,1,1.0,2613245.7364445473,2021-10-18,2021-10-18
ITUB4,1.015,2021-10-19,1,0.024439935114723,0,1,1.0,2652444.422491215,2021-10-19,2021-10-19
ITUB4,1.015,2021-10-20,1,0.0315832846173529,1,1,1.0,2692231.0888285832,2021-10-20,2021-10-20
ITUB4,1.015,2021-10-21,0,-0.0082918607861871,1,1,1.0,2692231.0888285832,2021-10-21,2021-10-22
ITUB4,1.015,2021-10-22,1,0.0325306495736845,1,1,1.0,2732614.555161012,2021-10-21,2021-10-22
ITUB4,1.015,2021-10-25,1,0.0316589790915677,0,1,1.0,2773603.7734884266,2021-10-25,2021-10-25
ITUB4,1.015,2021-10-26,1,0.0234506059498256,1,1,1.0,2815207.830090753,2021-10-26,2021-10-26
ITUB4,1.015,2021-10-27,1,0.0514930535614301,0,1,1.0,2857435.9475421137,2021-10-27,2021-10-27
ITUB4,1.015,2021-10-28,1,0.0396341430290116,1,1,1.0,2900297.4867552454,2021-10-28,2021-10-28
ITUB4,1.015,2021-10-29,1,0.0489244873464975,1,1,1.0,2943801.9490565737,2021-10-29,2021-10-29
ITUB4,1.015,2021-11-01,1,0.035818384436663,1,1,1.0,2987958.978292422,2021-11-01,2021-11-01
ITUB4,1.015,2021-11-03,0,-0.0796568810977264,1,1,1.0,2987958.978292422,2021-11-03,2021-11-05
ITUB4,1.015,2021-11-04,0,-0.0170212865038204,1,1,1.0,2987958.978292422,2021-11-03,2021-11-05
ITUB4,1.015,2021-11-05,1,0.0320175690689543,1,1,1.0,3032778.362966808,2021-11-03,2021-11-05
ITUB4,1.015,2021-11-08,1,0.0293088475990188,1,1,1.0,3078270.03841131,2021-11-08,2021-11-08
ITUB4,1.015,2021-11-09,1,0.0443852907718325,1,1,1.0,3124444.0889874795,2021-11-09,2021-11-09
ITUB4,1.015,2021-11-10,0,-0.0247546374733381,0,1,1.0,3124444.0889874795,2021-11-10,2021-11-11
ITUB4,1.015,2021-11-11,1,0.0165002030517336,0,1,1.0,3171310.750322291,2021-11-10,2021-11-11
ITUB4,1.015,2021-11-12,0,-0.0346620071571147,1,1,1.0,3171310.750322291,2021-11-12,2021-11-18
ITUB4,1.015,2021-11-16,0,-0.0259394954502034,0,1,1.0,3171310.750322291,2021-11-12,2021-11-18
ITUB4,1.015,2021-11-17,0,-0.0043991574343631,0,1,1.0,3171310.750322291,2021-11-12,2021-11-18
ITUB4,1.015,2021-11-18,1,0.0468047693498809,0,0,0.0,3218880.411577125,2021-11-12,2021-11-18
ITUB4,1.015,2021-11-19,1,0.0672421066258708,0,0,0.0,3267163.6177507816,2021-11-19,2021-11-19
ITUB4,1.015,2021-11-22,1,0.0557303067445305,0,0,0.0,3316171.072017043,2021-11-22,2021-11-22
ITUB4,1.015,2021-11-23,1,0.0576316950770274,0,1,1.0,3365913.6380972983,2021-11-23,2021-11-23
ITUB4,1.015,2021-11-24,1,0.0168830873977587,0,1,1.0,3416402.3426687573,2021-11-24,2021-11-24
ITUB4,1.015,2021-11-25,1,0.018892790540349,0,1,0.0,3467648.3778087883,2021-11-25,2021-11-25
ITUB4,1.015,2021-11-26,0,0.0003557636285826,1,1,1.0,3467648.3778087883,2021-11-26,2021-11-29
ITUB4,1.015,2021-11-29,1,0.041386057701706,1,1,1.0,3519663.10347592,2021-11-26,2021-11-29
ITUB4,1.015,2021-11-30,1,0.0536347572662667,1,1,1.0,3572458.0500280582,2021-11-30,2021-11-30
ITUB4,1.015,2021-12-01,1,0.0592691172032591,0,1,1.0,3626044.920778479,2021-12-01,2021-12-01
ITUB4,1.015,2021-12-02,1,0.0348279988374164,1,1,1.0,3680435.594590156,2021-12-02,2021-12-02
ITUB4,1.015,2021-12-03,1,0.0290043383694278,1,1,1.0,3735642.128509008,2021-12-03,2021-12-03
ITUB4,1.015,2021-12-06,0,-0.0618120507258376,1,1,1.0,3735642.128509008,2021-12-06,2021-12-09
ITUB4,1.015,2021-12-07,0,-0.0658293419037054,1,1,1.0,3735642.128509008,2021-12-06,2021-12-09
ITUB4,1.015,2021-12-08,0,-0.0438981392036046,1,1,1.0,3735642.128509008,2021-12-06,2021-12-09
ITUB4,1.015,2021-12-09,0,-0.0255834812574191,1,1,1.0,3640071.3981298725,2021-12-06,2021-12-09
ITUB4,1.015,2021-12-10,0,-0.0121621902796168,0,0,0.0,3640071.3981298725,2021-12-10,2021-12-13
ITUB4,1.015,2021-12-13,1,0.0183823330881811,0,0,0.0,3694672.46910182,2021-12-10,2021-12-13
ITUB4,1.015,2021-12-14,0,-0.0360565563354642,0,0,0.0,3694672.46910182,2021-12-14,2021-12-17
ITUB4,1.015,2021-12-15,0,-0.0342465322563038,0,0,0.0,3694672.46910182,2021-12-14,2021-12-17
ITUB4,1.015,2021-12-16,0,-0.01849281430975,0,0,0.0,3694672.46910182,2021-12-14,2021-12-17
ITUB4,1.015,2021-12-17,0,-0.0065177060386053,0,0,0.0,3670591.680039286,2021-12-14,2021-12-17
ITUB4,1.015,2021-12-20,1,0.024067948070755,0,0,0.0,3725650.555239875,2021-12-20,2021-12-20
ITUB4,1.015,2021-12-21,1,0.0221384703628604,0,0,0.0,3781535.3135684724,2021-12-21,2021-12-21
ITUB4,1.015,2021-12-22,1,0.0173465010246824,0,1,0.0,3838258.343271999,2021-12-22,2021-12-22
ITUB4,1.015,2021-12-23,0,-0.0246741099822024,0,0,0.0,3838258.343271999,2021-12-23,2021-12-28
ITUB4,1.015,2021-12-27,0,-0.0047098264950297,0,1,0.0,3838258.343271999,2021-12-23,2021-12-28
ITUB4,1.015,2021-12-28,1,0.0310585903132063,0,0,0.0,3895832.2184210788,2021-12-23,2021-12-28
ITUB4,1.015,2021-12-29,1,0.0372539890194989,1,1,1.0,3954269.7016973947,2021-12-29,2021-12-29
ITUB4,1.015,2021-12-30,1,0.0505431701703291,0,1,1.0,4013583.747222855,2021-12-30,2021-12-30
ITUB4,1.015,2022-01-03,1,0.0476410159453579,0,0,0.0,4073787.5034311977,2022-01-03,2022-01-03
ITUB4,1.015,2022-01-04,1,0.0357628155006652,0,1,0.0,4134894.3159826654,2022-01-04,2022-01-04
ITUB4,1.015,2022-01-05,1,0.0790203321696605,0,1,1.0,4196917.730722405,2022-01-05,2022-01-05
ITUB4,1.015,2022-01-06,1,0.0638297664373066,0,0,1.0,4259871.496683241,2022-01-06,2022-01-06
ITUB4,1.015,2022-01-07,1,0.0553832041285577,1,1,1.0,4323769.569133489,2022-01-07,2022-01-07
ITUB4,1.015,2022-01-10,1,0.0465115934802304,0,1,0.0,4388626.112670491,2022-01-10,2022-01-10
ITUB4,1.015,2022-01-11,1,0.025365427611935,0,1,1.0,4454455.504360548,2022-01-11,2022-01-11
ITUB4,1.015,2022-01-12,1,0.0376786879734858,1,1,1.0,4521272.336925956,2022-01-12,2022-01-12
ITUB4,1.015,2022-01-13,1,0.0216376556504924,1,1,1.0,4589091.4219798455,2022-01-13,2022-01-13
ITUB4,1.015,2022-01-14,1,0.0264279757789476,1,1,1.0,4657927.793309542,2022-01-14,2022-01-14
ITUB4,1.015,2022-01-17,1,0.0294997666235299,1,1,1.0,4727796.710209185,2022-01-17,2022-01-17
ITUB4,1.015,2022-01-18,0,-0.0230898283165588,1,1,1.0,4727796.710209185,2022-01-18,2022-01-19
ITUB4,1.015,2022-01-19,1,0.0259133646413598,0,1,1.0,4798713.660862323,2022-01-18,2022-01-19
ITUB4,1.015,2022-01-20,1,0.0569456819757006,1,1,1.0,4870694.365775257,2022-01-20,2022-01-20
ITUB4,1.015,2022-01-21,1,0.0672376933559397,1,1,1.0,4943754.781261886,2022-01-21,2022-01-21
ITUB4,1.015,2022-01-24,1,0.0806591279141182,1,1,1.0,5017911.102980813,2022-01-24,2022-01-24
ITUB4,1.015,2022-01-25,1,0.0484997812699279,1,1,1.0,5093179.769525525,2022-01-25,2022-01-25
ITUB4,1.015,2022-01-26,1,0.049731276264443,0,1,1.0,5169577.4660684075,2022-01-26,2022-01-26
ITUB4,1.015,2022-01-27,1,0.064069473566501,0,1,1.0,5247121.128059433,2022-01-27,2022-01-27
ITUB4,1.015,2022-01-28,1,0.0420721099886232,1,1,1.0,5325827.944980324,2022-01-28,2022-01-28
ITUB4,1.015,2022-01-31,1,0.0185844547715112,1,1,1.0,5405715.364155029,2022-01-31,2022-01-31
ITUB4,1.015,2022-02-01,0,-0.0058892889288928,1,1,1.0,5405715.364155029,2022-02-01,2022-02-02
ITUB4,1.015,2022-02-02,1,0.0222222281681947,1,1,1.0,5486801.094617354,2022-02-01,2022-02-02
ITUB4,1.015,2022-02-03,1,0.0206022553640792,1,1,1.0,5569103.111036614,2022-02-03,2022-02-03
ITUB4,1.015,2022-02-04,0,-0.015717111492743,1,1,1.0,5569103.111036614,2022-02-04,2022-02-07
ITUB4,1.015,2022-02-07,1,0.0680379628667453,0,1,1.0,5652639.657702162,2022-02-04,2022-02-07
ITUB4,1.015,2022-02-08,1,0.0821643226999038,1,1,1.0,5737429.252567694,2022-02-08,2022-02-08
ITUB4,1.015,2022-02-09,1,0.0997963502340921,1,1,1.0,5823490.691356208,2022-02-09,2022-02-09
ITUB4,1.015,2022-02-10,1,0.024667910809637,1,1,1.0,5910843.051726551,2022-02-10,2022-02-10
ITUB4,1.015,2022-02-11,0,-0.0199247764467103,1,1,1.0,5910843.051726551,2022-02-11,2022-02-16
ITUB4,1.015,2022-02-14,0,-0.0235074318756265,0,1,1.0,5910843.051726551,2022-02-11,2022-02-16
ITUB4,1.015,2022-02-15,0,-0.0466766308714334,0,1,1.0,5910843.051726551,2022-02-11,2022-02-16
ITUB4,1.015,2022-02-16,0,-0.0240991402402619,0,1,0.0,5768396.816084815,2022-02-11,2022-02-16
ITUB4,1.015,2022-02-17,0,-0.0311369219655965,1,1,1.0,5768396.816084815,2022-02-17,2022-02-21
ITUB4,1.015,2022-02-18,0,-0.0479084674639354,1,1,1.0,5768396.816084815,2022-02-17,2022-02-21
ITUB4,1.015,2022-02-21,1,0.0151456289742522,1,1,1.0,5854922.768326087,2022-02-17,2022-02-21
ITUB4,1.015,2022-02-22,0,-0.0280419803855617,0,1,0.0,5854922.768326087,2022-02-22,2022-02-23
ITUB4,1.015,2022-02-23,1,0.0451687520653039,0,1,0.0,5942746.609850978,2022-02-22,2022-02-23
ITUB4,1.015,2022-02-24,1,0.0401256799484976,0,1,0.0,6031887.808998741,2022-02-24,2022-02-24
ITUB4,1.015,2022-02-25,1,0.0270162697164091,1,1,1.0,6122366.126133721,2022-02-25,2022-02-25
ITUB4,1.015,2022-03-02,1,0.0323482470863125,0,1,0.0,6214201.618025727,2022-03-02,2022-03-02
ITUB4,1.015,2022-03-03,0,0.0011966216512069,0,1,0.0,6214201.618025727,2022-03-03,2022-03-04
ITUB4,1.015,2022-03-04,1,0.0428512824656532,0,1,0.0,6307414.642296112,2022-03-03,2022-03-04
ITUB4,1.015,2022-03-07,1,0.0561287825794227,0,1,1.0,6402025.861930553,2022-03-07,2022-03-07
ITUB4,1.015,2022-03-08,1,0.0570012551511909,1,1,1.0,6498056.249859511,2022-03-08,2022-03-08
ITUB4,1.015,2022-03-09,1,0.0343573189920463,1,1,1.0,6595527.093607403,2022-03-09,2022-03-09
ITUB4,1.015,2022-03-10,1,0.0170432169460359,0,0,1.0,6694460.000011514,2022-03-10,2022-03-10
ITUB4,1.015,2022-03-11,1,0.0467625841187866,1,1,1.0,6794876.900011686,2022-03-11,2022-03-11
ITUB4,1.015,2022-03-14,1,0.0593388926517088,0,1,1.0,6896800.05351186,2022-03-14,2022-03-14
ITUB4,1.015,2022-03-15,1,0.0686390571528654,0,1,1.0,7000252.054314537,2022-03-15,2022-03-15
ITUB4,1.015,2022-03-16,1,0.0737129205725104,1,1,1.0,7105255.8351292545,2022-03-16,2022-03-16
ITUB4,1.015,2022-03-17,1,0.0594097715633445,0,1,1.0,7211834.672656192,2022-03-17,2022-03-17
ITUB4,1.015,2022-03-18,1,0.0487897032316011,1,1,1.0,7320012.192746035,2022-03-18,2022-03-18
ITUB4,1.015,2022-03-21,1,0.0194853053684405,0,0,0.0,7429812.375637225,2022-03-21,2022-03-21
ITUB4,1.015,2022-03-22,0,0.0021905789418816,0,0,0.0,7429812.375637225,2022-03-22,2022-03-23
ITUB4,1.015,2022-03-23,1,0.027442376051892,0,1,0.0,7541259.561271783,2022-03-22,2022-03-23
ITUB4,1.015,2022-03-24,1,0.0203488222705303,0,0,0.0,7654378.454690859,2022-03-24,2022-03-24
ITUB4,1.015,2022-03-25,1,0.0196078287529255,0,1,0.0,7769194.131511221,2022-03-25,2022-03-25
ITUB4,1.015,2022-03-28,0,-0.0054964919587053,0,1,0.0,7769194.131511221,2022-03-28,2022-03-31
ITUB4,1.015,2022-03-29,0,-0.0191260467010287,0,1,1.0,7769194.131511221,2022-03-28,2022-03-31
ITUB4,1.015,2022-03-30,0,-0.0402733956983835,0,1,0.0,7769194.131511221,2022-03-28,2022-03-31
ITUB4,1.015,2022-03-31,0,-0.035018065908836,0,0,0.0,7497131.979355418,2022-03-28,2022-03-31
ITUB4,1.015,2022-04-01,0,-0.0269581373545115,0,0,0.0,7497131.979355418,2022-04-01,2022-04-06
ITUB4,1.015,2022-04-04,0,-0.020932810595951,0,0,0.0,7497131.979355418,2022-04-01,2022-04-06
ITUB4,1.015,2022-04-05,0,-0.0003763504021335,0,0,0.0,7497131.979355418,2022-04-01,2022-04-06
ITUB4,1.015,2022-04-06,0,-0.0158431009522819,0,0,0.0,7378354.160553909,2022-04-01,2022-04-06
ITUB4,1.015,2022-04-07,0,-0.0150602412691489,0,0,0.0,7378354.160553909,2022-04-07,2022-04-12
ITUB4,1.015,2022-04-08,0,-0.0101503546906058,0,0,0.0,7378354.160553909,2022-04-07,2022-04-12
ITUB4,1.015,2022-04-11,0,-0.0119403085524354,0,0,0.0,7378354.160553909,2022-04-07,2022-04-12
ITUB4,1.015,2022-04-12,0,-0.0102739512031623,0,0,0.0,7302549.309948728,2022-04-07,2022-04-12
ITUB4,1.015,2022-04-13,1,0.0207134714159142,0,0,0.0,7412087.549597959,2022-04-13,2022-04-13
ITUB4,1.015,2022-04-14,0,-0.0217225270188895,0,0,0.0,7412087.549597959,2022-04-14,2022-04-20
ITUB4,1.015,2022-04-18,0,-0.0358220153171914,0,0,0.0,7412087.549597959,2022-04-14,2022-04-20
ITUB4,1.015,2022-04-19,0,-0.0507301934568943,0,0,0.0,7412087.549597959,2022-04-14,2022-04-20
ITUB4,1.015,2022-04-20,0,-0.0540540287712879,0,0,0.0,7011434.3559366865,2022-04-14,2022-04-20
ITUB4,1.015,2022-04-22,0,-0.0470588241504158,0,0,0.0,7011434.3559366865,2022-04-22,2022-04-27
ITUB4,1.015,2022-04-25,0,-0.0550277017137272,0,0,0.0,7011434.3559366865,2022-04-22,2022-04-27
ITUB4,1.015,2022-04-26,0,-0.0489169900846493,0,0,0.0,7011434.3559366865,2022-04-22,2022-04-27
ITUB4,1.015,2022-04-27,1,0.017951850918052,0,1,1.0,7116605.871275736,2022-04-22,2022-04-27
ITUB4,1.015,2022-04-28,1,0.0200327360666732,0,1,1.0,7223354.959344871,2022-04-28,2022-04-28
ITUB4,1.015,2022-04-29,0,-0.0242982478976204,0,1,1.0,7223354.959344871,2022-04-29,2022-05-02
ITUB4,1.015,2022-05-02,1,0.0176470412044791,1,1,1.0,7331705.283735043,2022-04-29,2022-05-02
ITUB4,1.015,2022-05-03,1,0.0193602472503271,0,1,0.0,7441680.8629910685,2022-05-03,2022-05-03
ITUB4,1.015,2022-05-04,1,0.0267062045527981,1,1,1.0,7553306.075935934,2022-05-04,2022-05-04
ITUB4,1.015,2022-05-05,1,0.0403779885571777,1,1,1.0,7666605.667074972,2022-05-05,2022-05-05
ITUB4,1.015,2022-05-06,1,0.0391744157072504,1,1,1.0,7781604.752081095,2022-05-06,2022-05-06
ITUB4,1.015,2022-05-09,1,0.0563798031783684,1,1,1.0,7898328.823362311,2022-05-09,2022-05-09
ITUB4,1.015,2022-05-10,1,0.0825492205086841,1,1,1.0,8016803.755712746,2022-05-10,2022-05-10
ITUB4,1.015,2022-05-11,1,0.0706226484780316,1,1,1.0,8137055.812048436,2022-05-11,2022-05-11
ITUB4,1.015,2022-05-12,1,0.0376670973056056,1,1,1.0,8259111.649229161,2022-05-12,2022-05-12
ITUB4,1.015,2022-05-13,1,0.0309859022282708,1,1,1.0,8382998.323967598,2022-05-13,2022-05-13
ITUB4,1.015,2022-05-16,0,-0.009069416839149,0,1,1.0,8382998.323967598,2022-05-16,2022-05-17
ITUB4,1.015,2022-05-17,1,0.0325655239541964,0,1,1.0,8508743.298827112,2022-05-16,2022-05-17
ITUB4,1.015,2022-05-18,1,0.055377198528993,0,1,0.0,8636374.448309518,2022-05-18,2022-05-18
ITUB4,1.015,2022-05-19,1,0.0482263808902363,1,1,1.0,8765920.06503416,2022-05-19,2022-05-19
ITUB4,1.015,2022-05-20,1,0.0399367510682473,1,1,1.0,8897408.866009671,2022-05-20,2022-05-20
ITUB4,1.015,2022-05-23,1,0.0288162039864163,1,1,1.0,9030869.998999815,2022-05-23,2022-05-23
ITUB4,1.015,2022-05-24,0,-0.0049904030313762,1,1,1.0,9030869.998999815,2022-05-24,2022-05-25
ITUB4,1.015,2022-05-25,1,0.0275942683981698,1,1,1.0,9166333.048984813,2022-05-24,2022-05-25
ITUB4,1.015,2022-05-26,0,-0.0100762791903735,1,1,1.0,9166333.048984813,2022-05-26,2022-05-31
ITUB4,1.015,2022-05-27,0,-0.0137995024253322,0,1,0.0,9166333.048984813,2022-05-26,2022-05-31
ITUB4,1.015,2022-05-30,0,-0.0203310780095277,0,0,0.0,9166333.048984813,2022-05-26,2022-05-31
ITUB4,1.015,2022-05-31,0,-0.0277672243527614,0,0,0.0,8911809.42272152,2022-05-26,2022-05-31
ITUB4,1.015,2022-06-01,0,-0.0176786889121048,0,0,0.0,8911809.42272152,2022-06-01,2022-06-06
ITUB4,1.015,2022-06-02,0,-0.026407777815245,0,1,0.0,8911809.42272152,2022-06-01,2022-06-06
ITUB4,1.015,2022-06-03,0,-0.0468085250204608,0,0,0.0,8911809.42272152,2022-06-01,2022-06-06
ITUB4,1.015,2022-06-06,0,-0.0537888035915916,0,0,0.0,8432453.856037058,2022-06-01,2022-06-06
ITUB4,1.015,2022-06-07,0,-0.0644400406712316,0,0,0.0,8432453.856037058,2022-06-07,2022-06-10
ITUB4,1.015,2022-06-08,0,-0.0562649363477463,0,0,0.0,8432453.856037058,2022-06-07,2022-06-10
ITUB4,1.015,2022-06-09,0,-0.032192312455432,0,1,0.0,8432453.856037058,2022-06-07,2022-06-10
ITUB4,1.015,2022-06-10,0,-0.0229166936191477,1,1,1.0,8239209.894560656,2022-06-07,2022-06-10
ITUB4,1.015,2022-06-13,1,0.0289672784292056,0,1,1.0,8362798.042979064,2022-06-13,2022-06-13
ITUB4,1.015,2022-06-14,1,0.0305184092137662,0,1,0.0,8488240.01362375,2022-06-14,2022-06-14
ITUB4,1.015,2022-06-15,1,0.0561268433615489,0,1,1.0,8615563.613828106,2022-06-15,2022-06-15
ITUB4,1.015,2022-06-17,1,0.045377459659613,1,1,1.0,8744797.068035526,2022-06-17,2022-06-17
ITUB4,1.015,2022-06-20,0,-0.0456026274335767,0,1,1.0,8744797.068035526,2022-06-20,2022-06-23
ITUB4,1.015,2022-06-21,0,-0.0284301836254713,0,1,1.0,8744797.068035526,2022-06-20,2022-06-23
ITUB4,1.015,2022-06-22,0,-0.0307564126464507,0,1,1.0,8744797.068035526,2022-06-20,2022-06-23
ITUB4,1.015,2022-06-23,0,-0.0257492468736639,0,1,1.0,8519625.129470587,2022-06-20,2022-06-23
ITUB4,1.015,2022-06-24,0,-0.0365490852532083,1,1,1.0,8519625.129470587,2022-06-24,2022-06-29
ITUB4,1.015,2022-06-27,0,-0.0363331442232922,0,0,0.0,8519625.129470587,2022-06-24,2022-06-29
ITUB4,1.015,2022-06-28,0,-0.0350386772035582,0,0,0.0,8519625.129470587,2022-06-24,2022-06-29
ITUB4,1.015,2022-06-29,0,-0.0005360591833839,0,0,0.0,8515058.106180945,2022-06-24,2022-06-29
ITUB4,1.015,2022-06-30,1,0.0291218372710995,0,0,0.0,8642783.977773659,2022-06-30,2022-06-30
ITUB4,1.015,2022-07-01,1,0.0167622727559524,0,0,0.0,8772425.737440264,2022-07-01,2022-07-01
ITUB4,1.015,2022-07-04,1,0.0337777822878626,0,0,0.0,8904012.123501867,2022-07-04,2022-07-04
ITUB4,1.015,2022-07-05,1,0.0287483155109851,0,1,1.0,9037572.305354394,2022-07-05,2022-07-05
ITUB4,1.015,2022-07-06,1,0.0206230933054667,0,0,0.0,9173135.88993471,2022-07-06,2022-07-06
ITUB4,1.015,2022-07-07,0,-0.0357296566372041,1,1,1.0,9173135.88993471,2022-07-07,2022-07-12
ITUB4,1.015,2022-07-08,0,-0.0194777031141839,0,0,0.0,9173135.88993471,2022-07-07,2022-07-12
ITUB4,1.015,2022-07-11,0,0.0008876944070723,0,0,0.0,9173135.88993471,2022-07-07,2022-07-12
ITUB4,1.015,2022-07-12,1,0.027703327439519,0,0,0.0,9310732.928283729,2022-07-07,2022-07-12
ITUB4,1.015,2022-07-13,1,0.0697569357639433,0,0,0.0,9450393.922207983,2022-07-13,2022-07-13
ITUB4,1.015,2022-07-14,1,0.0707207336925679,0,0,1.0,9592149.831041101,2022-07-14,2022-07-14
ITUB4,1.015,2022-07-15,1,0.0480599381722823,1,1,1.0,9736032.078506717,2022-07-15,2022-07-15
ITUB4,1.015,2022-07-18,1,0.0411738595981889,0,1,1.0,9882072.559684318,2022-07-18,2022-07-18
ITUB4,1.015,2022-07-19,0,0.004255324256154,1,1,1.0,9882072.559684318,2022-07-19,2022-07-20
ITUB4,1.015,2022-07-20,1,0.0266323228257965,0,1,1.0,10030303.648079582,2022-07-19,2022-07-20
ITUB4,1.015,2022-07-21,0,-0.0021186465998106,0,1,1.0,10030303.648079582,2022-07-21,2022-07-22
ITUB4,1.015,2022-07-22,1,0.0213675471223346,1,1,1.0,10180758.202800775,2022-07-21,2022-07-22
ITUB4,1.015,2022-07-25,0,-0.0004232140944956,0,1,1.0,10180758.202800775,2022-07-25,2022-07-26
ITUB4,1.015,2022-07-26,1,0.0152413620321876,0,1,0.0,10333469.575842785,2022-07-25,2022-07-26
ITUB4,1.015,2022-07-27,1,0.0182590566286195,0,1,1.0,10488471.619480425,2022-07-27,2022-07-27
ITUB4,1.015,2022-07-28,0,0.0070707841604975,0,0,0.0,10488471.619480425,2022-07-28,2022-07-29
ITUB4,1.015,2022-07-29,1,0.0301886611959589,1,1,1.0,10645798.69377263,2022-07-28,2022-07-29
ITUB4,1.015,2022-08-01,1,0.0634786543870638,0,1,1.0,10805485.674179219,2022-08-01,2022-08-01
ITUB4,1.015,2022-08-02,1,0.0670886062330078,1,1,1.0,10967567.959291905,2022-08-02,2022-08-02
ITUB4,1.015,2022-08-03,1,0.0927234899623232,0,1,0.0,11132081.478681283,2022-08-03,2022-08-03
ITUB4,1.015,2022-08-04,1,0.0820743380437973,0,1,1.0,11299062.7008615,2022-08-04,2022-08-04
ITUB4,1.015,2022-08-05,1,0.0677831098024766,0,1,0.0,11468548.641374422,2022-08-05,2022-08-05
ITUB4,1.015,2022-08-08,1,0.0288018546589094,0,1,1.0,11640576.870995037,2022-08-08,2022-08-08
ITUB4,1.015,2022-08-09,1,0.0363149885336344,0,1,1.0,11815185.524059962,2022-08-09,2022-08-09
ITUB4,1.015,2022-08-10,1,0.0270371595578606,0,0,0.0,11992413.30692086,2022-08-10,2022-08-10
ITUB4,1.015,2022-08-11,1,0.0334712302411992,0,0,0.0,12172299.50652467,2022-08-11,2022-08-11
ITUB4,1.015,2022-08-12,1,0.0447988082143453,0,0,1.0,12354883.99912254,2022-08-12,2022-08-12
ITUB4,1.015,2022-08-15,1,0.0215293180264566,0,1,1.0,12540207.259109376,2022-08-15,2022-08-15
ITUB4,1.015,2022-08-16,1,0.0162481574987558,0,1,1.0,12728310.367996015,2022-08-16,2022-08-16
ITUB4,1.015,2022-08-17,0,-0.0244632343440613,0,1,1.0,12728310.367996015,2022-08-17,2022-08-19
ITUB4,1.015,2022-08-18,0,-0.010447767475726,0,1,1.0,12728310.367996015,2022-08-17,2022-08-19
ITUB4,1.015,2022-08-19,1,0.0178030265522124,0,1,1.0,12919235.023515953,2022-08-17,2022-08-19
ITUB4,1.015,2022-08-22,1,0.0299810061675065,0,1,1.0,13113023.548868692,2022-08-22,2022-08-22
ITUB4,1.015,2022-08-23,1,0.0299810061675065,0,1,1.0,13309718.90210172,2022-08-23,2022-08-23
ITUB4,1.015,2022-08-24,1,0.0199173147191049,0,1,1.0,13509364.685633244,2022-08-24,2022-08-24
ITUB4,1.015,2022-08-25,0,-0.040520448370624,0,1,1.0,13509364.685633244,2022-08-25,2022-08-30
ITUB4,1.015,2022-08-26,0,-0.0125122042816372,1,1,1.0,13509364.685633244,2022-08-25,2022-08-30
ITUB4,1.015,2022-08-29,0,-0.0053098970989149,0,1,1.0,13509364.685633244,2022-08-25,2022-08-30
ITUB4,1.015,2022-08-30,1,0.0220794488641768,0,0,0.0,13712005.155917741,2022-08-25,2022-08-30
ITUB4,1.015,2022-08-31,1,0.0448963798566997,0,0,0.0,13917685.233256506,2022-08-31,2022-08-31
ITUB4,1.015,2022-09-01,1,0.0333965877061461,0,1,0.0,14126450.511755353,2022-09-01,2022-09-01
ITUB4,1.015,2022-09-02,1,0.0221471151764578,0,1,1.0,14338347.269431682,2022-09-02,2022-09-02
ITUB4,1.015,2022-09-05,1,0.0232209403372787,1,1,1.0,14553422.478473157,2022-09-05,2022-09-05
ITUB4,1.015,2022-09-06,1,0.0156133605786528,1,1,1.0,14771723.815650253,2022-09-06,2022-09-06
ITUB4,1.015,2022-09-08,1,0.0232209403372787,1,1,1.0,14993299.672885004,2022-09-08,2022-09-08
ITUB4,1.015,2022-09-09,0,-0.0085185063855031,0,1,1.0,14993299.672885004,2022-09-09,2022-09-13
ITUB4,1.015,2022-09-12,0,-0.0074404655456176,0,1,1.0,14993299.672885004,2022-09-09,2022-09-13
ITUB4,1.015,2022-09-13,1,0.039640979866611,0,1,1.0,15218199.167978277,2022-09-09,2022-09-13
ITUB4,1.015,2022-09-14,1,0.0762298055066221,0,1,1.0,15446472.15549795,2022-09-14,2022-09-14
ITUB4,1.015,2022-09-15,1,0.0781955291287419,0,1,1.0,15678169.237830417,2022-09-15,2022-09-15
ITUB4,1.015,2022-09-16,1,0.0898158828769895,0,1,1.0,15913341.776397873,2022-09-16,2022-09-16
ITUB4,1.015,2022-09-19,1,0.0424155154093417,0,1,1.0,16152041.90304384,2022-09-19,2022-09-19
ITUB4,1.015,2022-09-20,0,-0.0283216839796895,0,1,1.0,16152041.90304384,2022-09-20,2022-09-23
ITUB4,1.015,2022-09-21,0,-0.0370759401198994,1,1,1.0,16152041.90304384,2022-09-20,2022-09-23
ITUB4,1.015,2022-09-22,0,-0.0309859187811997,0,1,1.0,16152041.90304384,2022-09-20,2022-09-23
ITUB4,1.015,2022-09-23,0,-0.0071098370832829,0,0,0.0,16037203.516550839,2022-09-20,2022-09-23
ITUB4,1.015,2022-09-26,0,0.0028591810669964,0,0,0.0,16037203.516550839,2022-09-26,2022-09-27
ITUB4,1.015,2022-09-27,1,0.0804475099369617,0,0,0.0,16277761.5692991,2022-09-26,2022-09-27
ITUB4,1.015,2022-09-28,1,0.100838121628203,0,1,1.0,16521927.992838586,2022-09-28,2022-09-28
ITUB4,1.015,2022-09-29,1,0.0869835998300745,0,1,1.0,16769756.912731163,2022-09-29,2022-09-29
ITUB4,1.015,2022-09-30,1,0.0493227056935587,1,1,1.0,17021303.26642213,2022-09-30,2022-09-30
ITUB4,1.02,2020-06-04,0,-0.0557528236253418,1,1,1.0,100000.0,2020-06-04,2020-06-05
ITUB4,1.02,2020-06-05,1,0.0315103223026373,1,1,1.0,102000.0,2020-06-04,2020-06-05
ITUB4,1.02,2020-06-08,1,0.0243017999946182,0,0,0.0,104040.0,2020-06-08,2020-06-08
ITUB4,1.02,2020-06-09,0,-0.0686588308598515,0,1,0.0,104040.0,2020-06-09,2020-06-10
ITUB4,1.02,2020-06-10,1,0.0397529584979643,0,1,1.0,106120.8,2020-06-09,2020-06-10
ITUB4,1.02,2020-06-12,1,0.1119522350129791,1,1,1.0,108243.216,2020-06-12,2020-06-12
ITUB4,1.02,2020-06-15,1,0.0656603762514884,1,1,1.0,110408.08032000001,2020-06-15,2020-06-15
ITUB4,1.02,2020-06-16,1,0.0786860193200329,0,1,1.0,112616.2419264,2020-06-16,2020-06-16
ITUB4,1.02,2020-06-17,1,0.0656603762514884,0,1,1.0,114868.56676492801,2020-06-17,2020-06-17
ITUB4,1.02,2020-06-18,0,-0.0804270834185341,0,1,1.0,114868.56676492801,2020-06-18,2020-06-23
ITUB4,1.02,2020-06-19,0,-0.0674036938550665,0,1,1.0,114868.56676492801,2020-06-18,2020-06-23
ITUB4,1.02,2020-06-22,0,-0.0718411269320794,0,1,0.0,114868.56676492801,2020-06-18,2020-06-23
ITUB4,1.02,2020-06-23,0,-0.0115714964483225,0,1,0.0,113539.36555258375,2020-06-18,2020-06-23
ITUB4,1.02,2020-06-24,0,-0.0222820032046704,0,1,1.0,113539.36555258375,2020-06-24,2020-06-25
ITUB4,1.02,2020-06-25,1,0.0315052044712051,0,1,1.0,115810.15286363543,2020-06-24,2020-06-25
ITUB4,1.02,2020-06-26,1,0.052743593136606,0,1,1.0,118126.35592090814,2020-06-26,2020-06-26
ITUB4,1.02,2020-06-29,1,0.0398954633876609,1,1,1.0,120488.8830393263,2020-06-29,2020-06-29
ITUB4,1.02,2020-06-30,1,0.0878905710078512,0,1,1.0,122898.66070011283,2020-06-30,2020-06-30
ITUB4,1.02,2020-07-01,1,0.0509433793906513,0,1,1.0,125356.63391411508,2020-07-01,2020-07-01
ITUB4,1.02,2020-07-02,1,0.0553239855096487,1,1,1.0,127863.76659239738,2020-07-02,2020-07-02
ITUB4,1.02,2020-07-03,1,0.0269173717505821,0,1,0.0,130421.04192424534,2020-07-03,2020-07-03
ITUB4,1.02,2020-07-06,0,-0.0083849655823319,1,1,1.0,130421.04192424534,2020-07-06,2020-07-07
ITUB4,1.02,2020-07-07,1,0.0337710737671925,0,1,0.0,133029.46276273025,2020-07-06,2020-07-07
ITUB4,1.02,2020-07-08,0,0.0085121986239686,1,1,1.0,133029.46276273025,2020-07-08,2020-07-09
ITUB4,1.02,2020-07-09,1,0.0315398893803837,0,1,1.0,135690.05201798485,2020-07-08,2020-07-09
ITUB4,1.02,2020-07-10,0,-0.0171220298963773,0,0,0.0,135690.05201798485,2020-07-10,2020-07-13
ITUB4,1.02,2020-07-13,1,0.0392523296035429,0,1,0.0,138403.85305834454,2020-07-10,2020-07-13
ITUB4,1.02,2020-07-14,0,-0.0087146005574519,1,1,1.0,138403.85305834454,2020-07-14,2020-07-15
ITUB4,1.02,2020-07-15,1,0.0320206492912065,0,0,0.0,141171.93011951144,2020-07-14,2020-07-15
ITUB4,1.02,2020-07-16,1,0.0343047079898222,0,0,0.0,143995.36872190167,2020-07-16,2020-07-16
ITUB4,1.02,2020-07-17,1,0.0289908412231794,1,1,1.0,146875.27609633972,2020-07-17,2020-07-17
ITUB4,1.02,2020-07-20,0,-0.0409420439738995,1,1,1.0,146875.27609633972,2020-07-20,2020-07-22
ITUB4,1.02,2020-07-21,0,-0.0017953001258705,1,1,1.0,146875.27609633972,2020-07-20,2020-07-22
ITUB4,1.02,2020-07-22,1,0.0428043728953482,0,1,1.0,149812.7816182665,2020-07-20,2020-07-22
ITUB4,1.02,2020-07-23,1,0.0812144174818889,0,1,0.0,152809.03725063184,2020-07-23,2020-07-23
ITUB4,1.02,2020-07-24,1,0.0698460864603234,0,1,1.0,155865.2179956445,2020-07-24,2020-07-24
ITUB4,1.02,2020-07-27,1,0.0277778183979766,1,1,1.0,158982.5223555574,2020-07-27,2020-07-27
ITUB4,1.02,2020-07-28,0,-0.0303648207659938,0,0,0.0,158982.5223555574,2020-07-28,2020-07-31
ITUB4,1.02,2020-07-29,0,-0.0777056818411143,1,1,1.0,158982.5223555574,2020-07-28,2020-07-31
ITUB4,1.02,2020-07-30,0,-0.0807325903076521,0,1,0.0,158982.5223555574,2020-07-28,2020-07-31
ITUB4,1.02,2020-07-31,1,0.0225091816275135,0,0,0.0,162162.17280266853,2020-07-28,2020-07-31
ITUB4,1.02,2020-08-03,0,-0.029333341050112,1,1,1.0,162162.17280266853,2020-08-03,2020-08-05
ITUB4,1.02,2020-08-04,0,-0.0130019514191522,1,1,1.0,162162.17280266853,2020-08-03,2020-08-05
ITUB4,1.02,2020-08-05,1,0.0291828894726329,0,1,1.0,165405.4162587219,2020-08-03,2020-08-05
ITUB4,1.02,2020-08-06,1,0.0319937620696397,0,1,1.0,168713.52458389633,2020-08-06,2020-08-06
ITUB4,1.02,2020-08-07,1,0.0301724220613508,0,1,1.0,172087.79507557425,2020-08-07,2020-08-07
ITUB4,1.02,2020-08-10,0,-0.0532159525713544,1,1,1.0,172087.79507557425,2020-08-10,2020-08-13
ITUB4,1.02,2020-08-11,0,-0.0603347770534901,0,1,1.0,172087.79507557425,2020-08-10,2020-08-13
ITUB4,1.02,2020-08-12,0,-0.0458277134218768,0,0,0.0,172087.79507557425,2020-08-10,2020-08-13
ITUB4,1.02,2020-08-13,1,0.0260480446429944,0,0,0.0,175529.55097708575,2020-08-10,2020-08-13
ITUB4,1.02,2020-08-14,0,-0.0221293053693227,0,0,0.0,175529.55097708575,2020-08-14,2020-08-18
ITUB4,1.02,2020-08-17,0,-0.0219333838774211,0,0,0.0,175529.55097708575,2020-08-14,2020-08-18
ITUB4,1.02,2020-08-18,1,0.0209703957335603,0,0,0.0,179040.14199662747,2020-08-14,2020-08-18
ITUB4,1.02,2020-08-19,1,0.0476793111604112,0,1,0.0,182620.94483656003,2020-08-19,2020-08-19
ITUB4,1.02,2020-08-20,1,0.038477640629406,0,1,1.0,186273.36373329122,2020-08-20,2020-08-20
ITUB4,1.02,2020-08-21,1,0.0239175171518604,0,1,0.0,189998.83100795705,2020-08-21,2020-08-21
ITUB4,1.02,2020-08-24,0,-0.0085227676662281,0,1,1.0,189998.83100795705,2020-08-24,2020-08-26
ITUB4,1.02,2020-08-25,0,-0.0308641662964684,1,1,1.0,189998.83100795705,2020-08-24,2020-08-26
ITUB4,1.02,2020-08-26,1,0.0280451867478208,1,1,1.0,193798.8076281162,2020-08-24,2020-08-26
ITUB4,1.02,2020-08-27,0,0.0002256193041956,0,0,0.0,193798.8076281162,2020-08-27,2020-08-28
ITUB4,1.02,2020-08-28,1,0.0556993363520099,0,1,0.0,197674.78378067852,2020-08-27,2020-08-28
ITUB4,1.02,2020-08-31,1,0.0682865540187092,0,1,0.0,201628.2794562921,2020-08-31,2020-08-31
ITUB4,1.02,2020-09-01,1,0.0472278966949555,0,1,0.0,205660.84504541795,2020-09-01,2020-09-01
ITUB4,1.02,2020-09-02,1,0.0537189746357746,0,1,1.0,209774.0619463263,2020-09-02,2020-09-02
ITUB4,1.02,2020-09-03,0,-0.049682071299363,0,1,1.0,209774.0619463263,2020-09-03,2020-09-09
ITUB4,1.02,2020-09-04,0,-0.0378664667573277,1,1,1.0,209774.0619463263,2020-09-03,2020-09-09
ITUB4,1.02,2020-09-08,0,-0.0223577098086357,0,1,0.0,209774.0619463263,2020-09-03,2020-09-09
ITUB4,1.02,2020-09-09,0,-0.0274590269393506,0,1,1.0,204013.87032816513,2020-09-03,2020-09-09
ITUB4,1.02,2020-09-10,0,-0.0121086080660095,0,1,0.0,204013.87032816513,2020-09-10,2020-09-15
ITUB4,1.02,2020-09-11,0,-0.0042034442091272,0,1,0.0,204013.87032816513,2020-09-10,2020-09-15
ITUB4,1.02,2020-09-14,0,-0.0442697578550813,0,1,1.0,204013.87032816513,2020-09-10,2020-09-15
ITUB4,1.02,2020-09-15,0,-0.0361952793374078,0,0,0.0,196629.5313029315,2020-09-10,2020-09-15
ITUB4,1.02,2020-09-16,0,-0.0170213372515174,0,0,0.0,196629.5313029315,2020-09-16,2020-09-18
ITUB4,1.02,2020-09-17,0,-0.0434042559897153,0,1,1.0,196629.5313029315,2020-09-16,2020-09-18
ITUB4,1.02,2020-09-18,1,0.0259341097752121,0,0,0.0,200562.12192899012,2020-09-16,2020-09-18
ITUB4,1.02,2020-09-21,1,0.0214442476082039,0,1,0.0,204573.3643675699,2020-09-21,2020-09-21
ITUB4,1.02,2020-09-22,1,0.0427574347903934,0,0,0.0,208664.83165492132,2020-09-22,2020-09-22
ITUB4,1.02,2020-09-23,1,0.0622222597945596,0,1,1.0,212838.12828801974,2020-09-23,2020-09-23
ITUB4,1.02,2020-09-24,1,0.0477860888660908,0,1,1.0,217094.89085378015,2020-09-24,2020-09-24
ITUB4,1.02,2020-09-25,1,0.0279570454537556,0,1,1.0,221436.78867085575,2020-09-25,2020-09-25
ITUB4,1.02,2020-09-28,0,-0.0128786631423271,1,1,1.0,221436.78867085575,2020-09-28,2020-09-29
ITUB4,1.02,2020-09-29,1,0.0334616661951561,1,1,1.0,225865.52444427286,2020-09-28,2020-09-29
ITUB4,1.02,2020-09-30,1,0.0368070339132116,0,1,1.0,230382.83493315833,2020-09-30,2020-09-30
ITUB4,1.02,2020-10-01,1,0.0456171422342353,1,1,1.0,234990.4916318215,2020-10-01,2020-10-01
ITUB4,1.02,2020-10-02,1,0.0686619753504143,0,1,1.0,239690.30146445794,2020-10-02,2020-10-02
ITUB4,1.02,2020-10-05,1,0.0658293744983689,0,1,1.0,244484.1074937471,2020-10-05,2020-10-05
ITUB4,1.02,2020-10-06,1,0.073266450767367,0,1,1.0,249373.78964362206,2020-10-06,2020-10-06
ITUB4,1.02,2020-10-07,1,0.0831865955059465,0,1,1.0,254361.26543649452,2020-10-07,2020-10-07
ITUB4,1.02,2020-10-08,1,0.0297071430969475,1,1,1.0,259448.4907452244,2020-10-08,2020-10-08
ITUB4,1.02,2020-10-09,0,-0.0362802404900939,0,1,0.0,259448.4907452244,2020-10-09,2020-10-14
ITUB4,1.02,2020-10-13,0,-0.0221850319809396,0,1,1.0,259448.4907452244,2020-10-09,2020-10-14
ITUB4,1.02,2020-10-14,1,0.0400681808990803,0,1,1.0,264637.4605601289,2020-10-09,2020-10-14
ITUB4,1.02,2020-10-15,1,0.0653566390432678,0,1,1.0,269930.2097713315,2020-10-15,2020-10-15
ITUB4,1.02,2020-10-16,1,0.11483876634427,0,1,1.0,275328.81396675814,2020-10-16,2020-10-16
ITUB4,1.02,2020-10-19,1,0.118197300318922,1,1,1.0,280835.39024609333,2020-10-19,2020-10-19
ITUB4,1.02,2020-10-20,1,0.0840890475106483,0,1,1.0,286452.09805101523,2020-10-20,2020-10-20
ITUB4,1.02,2020-10-21,1,0.0704110699652349,0,1,1.0,292181.14001203555,2020-10-21,2020-10-21
ITUB4,1.02,2020-10-22,0,-0.0818532838092425,0,1,1.0,292181.14001203555,2020-10-22,2020-10-23
ITUB4,1.02,2020-10-23,1,0.0343873595312316,0,0,0.0,298024.76281227625,2020-10-22,2020-10-23
ITUB4,1.02,2020-10-26,0,-0.1003831759877499,0,1,1.0,298024.76281227625,2020-10-26,2020-10-28
ITUB4,1.02,2020-10-27,0,-0.0080259077651153,0,0,0.0,298024.76281227625,2020-10-26,2020-10-28
ITUB4,1.02,2020-10-28,1,0.0923010194563827,0,0,1.0,303985.2580685218,2020-10-26,2020-10-28
ITUB4,1.02,2020-10-29,1,0.09753006142946,0,1,1.0,310064.96322989225,2020-10-29,2020-10-29
ITUB4,1.02,2020-10-30,1,0.0853556306420686,0,1,1.0,316266.2624944901,2020-10-30,2020-10-30
ITUB4,1.02,2020-11-03,1,0.098823556402056,1,1,1.0,322591.5877443799,2020-11-03,2020-11-03
ITUB4,1.02,2020-11-04,1,0.1426891105399597,0,1,1.0,329043.4194992675,2020-11-04,2020-11-04
ITUB4,1.02,2020-11-05,1,0.1499013403847908,0,1,1.0,335624.2878892528,2020-11-05,2020-11-05
ITUB4,1.02,2020-11-06,1,0.0901271280955002,1,1,1.0,342336.77364703786,2020-11-06,2020-11-06
ITUB4,1.02,2020-11-09,1,0.0542495176861386,0,1,1.0,349183.50911997864,2020-11-09,2020-11-09
ITUB4,1.02,2020-11-10,1,0.0288595095407218,0,1,1.0,356167.1793023782,2020-11-10,2020-11-10
ITUB4,1.02,2020-11-11,1,0.0418719310893587,0,1,1.0,363290.5228884258,2020-11-11,2020-11-11
ITUB4,1.02,2020-11-12,1,0.0511182678695223,1,1,1.0,370556.3333461943,2020-11-12,2020-11-12
ITUB4,1.02,2020-11-13,1,0.0203308279387699,0,1,1.0,377967.46001311817,2020-11-13,2020-11-13
ITUB4,1.02,2020-11-16,0,-0.027919660922846,0,1,1.0,377967.46001311817,2020-11-16,2020-11-18
ITUB4,1.02,2020-11-17,0,-0.0180088230517778,0,1,1.0,377967.46001311817,2020-11-16,2020-11-18
ITUB4,1.02,2020-11-18,1,0.0442906605390951,0,0,0.0,385526.80921338056,2020-11-16,2020-11-18
ITUB4,1.02,2020-11-19,1,0.0508356418377982,0,1,0.0,393237.34539764817,2020-11-19,2020-11-19
ITUB4,1.02,2020-11-20,1,0.0461005322107046,0,1,1.0,401102.09230560117,2020-11-20,2020-11-20
ITUB4,1.02,2020-11-23,1,0.0371134289809937,0,1,1.0,409124.1341517132,2020-11-23,2020-11-23
ITUB4,1.02,2020-11-24,0,-0.03578660750852,1,1,1.0,409124.1341517132,2020-11-24,2020-11-25
ITUB4,1.02,2020-11-25,1,0.0408332238538822,1,1,1.0,417306.6168347475,2020-11-24,2020-11-25
ITUB4,1.02,2020-11-26,1,0.0494321492152238,0,1,1.0,425652.74917144247,2020-11-26,2020-11-26
ITUB4,1.02,2020-11-27,1,0.0664901952398673,0,1,1.0,434165.8041548713,2020-11-27,2020-11-27
ITUB4,1.02,2020-11-30,1,0.062994829341191,0,1,1.0,442849.12023796875,2020-11-30,2020-11-30
ITUB4,1.02,2020-12-01,1,0.038101594443231,0,1,1.0,451706.10264272813,2020-12-01,2020-12-01
ITUB4,1.02,2020-12-02,1,0.0328467293667715,1,1,1.0,460740.2246955827,2020-12-02,2020-12-02
ITUB4,1.02,2020-12-03,1,0.0301124968107175,0,1,1.0,469955.0291894944,2020-12-03,2020-12-03
ITUB4,1.02,2020-12-04,1,0.0485950358689428,0,1,1.0,479354.12977328425,2020-12-04,2020-12-04
ITUB4,1.02,2020-12-07,1,0.0420499401720753,1,1,1.0,488941.21236874996,2020-12-07,2020-12-07
ITUB4,1.02,2020-12-08,1,0.043764374806493,1,1,1.0,498720.03661612497,2020-12-08,2020-12-08
ITUB4,1.02,2020-12-09,1,0.0312093812058198,1,1,1.0,508694.43734844745,2020-12-09,2020-12-09
ITUB4,1.02,2020-12-10,1,0.0324029464129325,1,1,1.0,518868.3260954164,2020-12-10,2020-12-10
ITUB4,1.02,2020-12-11,1,0.0225611366906675,0,1,1.0,529245.6926173248,2020-12-11,2020-12-11
ITUB4,1.02,2020-12-14,1,0.0390700816184832,1,1,1.0,539830.6064696712,2020-12-14,2020-12-14
ITUB4,1.02,2020-12-15,1,0.0300895949027364,1,1,1.0,550627.2185990646,2020-12-15,2020-12-15
ITUB4,1.02,2020-12-16,0,-0.0200689812405855,1,1,1.0,550627.2185990646,2020-12-16,2020-12-18
ITUB4,1.02,2020-12-17,0,0.0069356751979159,1,1,1.0,550627.2185990646,2020-12-16,2020-12-18
ITUB4,1.02,2020-12-18,1,0.0444444396441925,1,1,1.0,561639.7629710459,2020-12-16,2020-12-18
ITUB4,1.02,2020-12-21,1,0.0404235016713008,1,1,1.0,572872.5582304668,2020-12-21,2020-12-21
ITUB4,1.02,2020-12-22,1,0.0354406164626421,1,1,1.0,584330.0093950762,2020-12-22,2020-12-22
ITUB4,1.02,2020-12-23,0,-0.0405135301232991,1,1,1.0,584330.0093950762,2020-12-23,2020-12-30
ITUB4,1.02,2020-12-28,0,-0.0482008225666257,1,1,1.0,584330.0093950762,2020-12-23,2020-12-30
ITUB4,1.02,2020-12-29,0,-0.0197216823578263,0,0,0.0,584330.0093950762,2020-12-23,2020-12-30
ITUB4,1.02,2020-12-30,1,0.0337711057619314,0,0,0.0,596016.6095829777,2020-12-23,2020-12-30
ITUB4,1.02,2021-01-04,1,0.0881874005782368,1,1,1.0,607936.9417746373,2021-01-04,2021-01-04
ITUB4,1.02,2021-01-05,1,0.0794060470569981,1,1,1.0,620095.6806101301,2021-01-05,2021-01-05
ITUB4,1.02,2021-01-06,1,0.0565560590595639,1,1,1.0,632497.5942223327,2021-01-06,2021-01-06
ITUB4,1.02,2021-01-07,0,-0.0388703184860421,1,1,1.0,632497.5942223327,2021-01-07,2021-01-11
ITUB4,1.02,2021-01-08,0,0.0036957017820189,0,0,0.0,632497.5942223327,2021-01-07,2021-01-11
ITUB4,1.02,2021-01-11,1,0.023617181899169,0,1,1.0,645147.5461067794,2021-01-07,2021-01-11
ITUB4,1.02,2021-01-12,1,0.023617181899169,1,1,1.0,658050.497028915,2021-01-12,2021-01-12
ITUB4,1.02,2021-01-13,1,0.0287320828497581,1,1,1.0,671211.5069694933,2021-01-13,2021-01-13
ITUB4,1.02,2021-01-14,0,-0.0539781202614298,1,1,1.0,671211.5069694933,2021-01-14,2021-01-19
ITUB4,1.02,2021-01-15,0,-0.0552747969843345,1,1,1.0,671211.5069694933,2021-01-14,2021-01-19
ITUB4,1.02,2021-01-18,0,-0.0704985864229434,1,1,1.0,671211.5069694933,2021-01-14,2021-01-19
ITUB4,1.02,2021-01-19,0,-0.0886150239810069,1,1,1.0,611732.083183064,2021-01-14,2021-01-19
ITUB4,1.02,2021-01-20,0,-0.0673328039288109,0,0,0.0,611732.083183064,2021-01-20,2021-01-21
ITUB4,1.02,2021-01-21,1,0.0222649824911711,0,0,0.0,623966.7248467254,2021-01-20,2021-01-21
ITUB4,1.02,2021-01-22,1,0.0296653672424476,0,0,0.0,636446.0593436599,2021-01-22,2021-01-22
ITUB4,1.02,2021-01-26,1,0.0540732807763564,0,1,0.0,649174.9805305331,2021-01-26,2021-01-26
ITUB4,1.02,2021-01-27,1,0.0473665207343632,0,1,1.0,662158.4801411438,2021-01-27,2021-01-27
ITUB4,1.02,2021-01-28,0,-0.0302878339971227,1,1,1.0,662158.4801411438,2021-01-28,2021-02-02
ITUB4,1.02,2021-01-29,0,-0.0275861770707103,0,1,1.0,662158.4801411438,2021-01-28,2021-02-02
ITUB4,1.02,2021-02-01,0,-0.0343878997321204,1,1,1.0,662158.4801411438,2021-01-28,2021-02-02
ITUB4,1.02,2021-02-02,0,-0.0417246003802067,0,0,0.0,634530.1821688894,2021-01-28,2021-02-02
ITUB4,1.02,2021-02-03,0,-0.0224325147761027,0,0,0.0,634530.1821688894,2021-02-03,2021-02-08
ITUB4,1.02,2021-02-04,0,-0.0219003777680932,0,0,0.0,634530.1821688894,2021-02-03,2021-02-08
ITUB4,1.02,2021-02-05,0,-0.0110713935270033,0,0,0.0,634530.1821688894,2021-02-03,2021-02-08
ITUB4,1.02,2021-02-08,1,0.0334667309687555,0,0,0.0,647220.7858122672,2021-02-03,2021-02-08
ITUB4,1.02,2021-02-09,0,0.0075269177469319,0,0,0.0,647220.7858122672,2021-02-09,2021-02-11
ITUB4,1.02,2021-02-10,0,-0.0028581545796819,0,0,0.0,647220.7858122672,2021-02-09,2021-02-11
ITUB4,1.02,2021-02-11,1,0.0352342371766787,0,1,1.0,660165.2015285125,2021-02-09,2021-02-11
ITUB4,1.02,2021-02-12,1,0.0251798359921979,0,0,0.0,673368.5055590828,2021-02-12,2021-02-12
ITUB4,1.02,2021-02-17,1,0.0207736329190337,0,0,0.0,686835.8756702645,2021-02-17,2021-02-17
ITUB4,1.02,2021-02-18,0,-0.0372893524407473,0,1,0.0,686835.8756702645,2021-02-18,2021-02-19
ITUB4,1.02,2021-02-19,1,0.0365348485360947,0,1,1.0,700572.5931836697,2021-02-18,2021-02-19
ITUB4,1.02,2021-02-22,1,0.0621382322411783,0,0,1.0,714584.0450473431,2021-02-22,2021-02-22
ITUB4,1.02,2021-02-23,0,-0.0913225913590477,0,1,1.0,714584.0450473431,2021-02-23,2021-02-26
ITUB4,1.02,2021-02-24,0,-0.0360118712557699,0,0,1.0,714584.0450473431,2021-02-23,2021-02-26
ITUB4,1.02,2021-02-25,0,-0.0135430252372836,0,1,1.0,714584.0450473431,2021-02-23,2021-02-26
ITUB4,1.02,2021-02-26,1,0.0463320223016965,0,0,0.0,728875.72594829,2021-02-23,2021-02-26
ITUB4,1.02,2021-03-01,1,0.1434442933181736,0,0,0.0,743453.2404672558,2021-03-01,2021-03-01
ITUB4,1.02,2021-03-02,1,0.0857586160532484,0,0,0.0,758322.305276601,2021-03-02,2021-03-02
ITUB4,1.02,2021-03-03,1,0.0753266620217889,0,1,1.0,773488.751382133,2021-03-03,2021-03-03
ITUB4,1.02,2021-03-04,1,0.046763898205927,0,1,1.0,788958.5264097757,2021-03-04,2021-03-04
ITUB4,1.02,2021-03-05,1,0.0401486977823954,0,1,0.0,804737.6969379713,2021-03-05,2021-03-05
ITUB4,1.02,2021-03-08,1,0.0473328298302244,0,0,0.0,820832.4508767307,2021-03-08,2021-03-08
ITUB4,1.02,2021-03-09,1,0.0284028508776768,0,1,1.0,837249.0998942654,2021-03-09,2021-03-09
ITUB4,1.02,2021-03-10,0,-0.0239130229278435,0,1,1.0,837249.0998942654,2021-03-10,2021-03-11
ITUB4,1.02,2021-03-11,1,0.0331491705943713,0,1,1.0,853994.0818921507,2021-03-10,2021-03-11
ITUB4,1.02,2021-03-12,1,0.0578269000833795,0,0,0.0,871073.9635299937,2021-03-12,2021-03-12
ITUB4,1.02,2021-03-15,1,0.0439840183544875,0,1,1.0,888495.4428005936,2021-03-15,2021-03-15
ITUB4,1.02,2021-03-16,1,0.0692479720168266,0,1,1.0,906265.3516566055,2021-03-16,2021-03-16
ITUB4,1.02,2021-03-17,1,0.0282849904767277,1,1,1.0,924390.6586897377,2021-03-17,2021-03-17
ITUB4,1.02,2021-03-18,0,-0.0378895425858152,1,1,1.0,924390.6586897377,2021-03-18,2021-03-23
ITUB4,1.02,2021-03-19,0,-0.0121472474812425,1,1,1.0,924390.6586897377,2021-03-18,2021-03-23
ITUB4,1.02,2021-03-22,0,0.0043389324312734,0,0,0.0,924390.6586897377,2021-03-18,2021-03-23
ITUB4,1.02,2021-03-23,1,0.0224944756312401,0,0,0.0,942878.4718635324,2021-03-18,2021-03-23
ITUB4,1.02,2021-03-24,1,0.0593470182772912,0,0,0.0,961736.0413008031,2021-03-24,2021-03-24
ITUB4,1.02,2021-03-25,1,0.0374272809220519,0,1,1.0,980970.7621268191,2021-03-25,2021-03-25
ITUB4,1.02,2021-03-26,0,-0.0357562906387848,0,1,0.0,980970.7621268191,2021-03-26,2021-03-29
ITUB4,1.02,2021-03-29,1,0.0255028571265143,1,1,1.0,1000590.1773693555,2021-03-26,2021-03-29
ITUB4,1.02,2021-03-30,0,-0.0411674591974341,0,0,0.0,1000590.1773693555,2021-03-30,2021-04-05
ITUB4,1.02,2021-03-31,0,-0.0440810652683939,0,1,0.0,1000590.1773693555,2021-03-30,2021-04-05
ITUB4,1.02,2021-04-01,0,-0.0248537609495226,0,0,0.0,1000590.1773693555,2021-03-30,2021-04-05
ITUB4,1.02,2021-04-05,0,-0.0312726944325443,0,0,0.0,969299.0265002783,2021-03-30,2021-04-05
ITUB4,1.02,2021-04-06,0,0.0103626917571664,1,1,1.0,969299.0265002783,2021-04-06,2021-04-08
ITUB4,1.02,2021-04-07,0,0.010366528551043,0,1,0.0,969299.0265002783,2021-04-06,2021-04-08
ITUB4,1.02,2021-04-08,1,0.0588013779655249,0,0,0.0,988685.0070302838,2021-04-06,2021-04-08
ITUB4,1.02,2021-04-09,1,0.048134370322842,0,1,0.0,1008458.7071708895,2021-04-09,2021-04-09
ITUB4,1.02,2021-04-12,1,0.0342288938632082,1,1,1.0,1028627.8813143073,2021-04-12,2021-04-12
ITUB4,1.02,2021-04-13,1,0.0270467861948544,0,1,0.0,1049200.4389405935,2021-04-13,2021-04-13
ITUB4,1.02,2021-04-14,0,-0.009761368653501,0,0,0.0,1049200.4389405935,2021-04-14,2021-04-15
ITUB4,1.02,2021-04-15,1,0.0221898468426899,0,0,0.0,1070184.4477194054,2021-04-14,2021-04-15
ITUB4,1.02,2021-04-16,0,-0.0125537985959441,0,0,0.0,1070184.4477194054,2021-04-16,2021-04-22
ITUB4,1.02,2021-04-19,0,0.0036482939838926,0,1,1.0,1070184.4477194054,2021-04-16,2021-04-22
ITUB4,1.02,2021-04-20,0,-0.0159825944875235,1,1,1.0,1070184.4477194054,2021-04-16,2021-04-22
ITUB4,1.02,2021-04-22,1,0.0331194064646742,1,1,1.0,1091588.1366737934,2021-04-16,2021-04-22
ITUB4,1.02,2021-04-23,1,0.0267160254810165,0,1,0.0,1113419.8994072694,2021-04-23,2021-04-23
ITUB4,1.02,2021-04-26,1,0.0341912483841178,0,1,1.0,1135688.297395415,2021-04-26,2021-04-26
ITUB4,1.02,2021-04-27,1,0.0301598584678914,0,1,1.0,1158402.0633433233,2021-04-27,2021-04-27
ITUB4,1.02,2021-04-28,0,-0.0516478443557051,0,1,1.0,1158402.0633433233,2021-04-28,2021-04-29
ITUB4,1.02,2021-04-29,1,0.0436151124843919,0,1,0.0,1181570.1046101898,2021-04-28,2021-04-29
ITUB4,1.02,2021-04-30,1,0.0234657090354752,1,1,1.0,1205201.5067023935,2021-04-30,2021-04-30
ITUB4,1.02,2021-05-03,0,-0.0167259863540787,0,1,1.0,1205201.5067023935,2021-05-03,2021-05-04
ITUB4,1.02,2021-05-04,1,0.0498141083872087,0,1,1.0,1229305.5368364414,2021-05-03,2021-05-04
ITUB4,1.02,2021-05-05,1,0.032163740569477,0,1,1.0,1253891.6475731703,2021-05-05,2021-05-05
ITUB4,1.02,2021-05-06,1,0.0302809216173971,0,1,1.0,1278969.4805246338,2021-05-06,2021-05-06
ITUB4,1.02,2021-05-07,1,0.0325262457639496,1,1,1.0,1304548.8701351264,2021-05-07,2021-05-07
ITUB4,1.02,2021-05-10,1,0.0519105712525724,1,1,1.0,1330639.8475378288,2021-05-10,2021-05-10
ITUB4,1.02,2021-05-11,1,0.0534296098273321,0,1,0.0,1357252.6444885854,2021-05-11,2021-05-11
ITUB4,1.02,2021-05-12,1,0.059398724225351,1,1,1.0,1384397.6973783572,2021-05-12,2021-05-12
ITUB4,1.02,2021-05-13,1,0.0205861694662883,1,1,1.0,1412085.6513259243,2021-05-13,2021-05-13
ITUB4,1.02,2021-05-14,1,0.0294423161492605,0,0,0.0,1440327.3643524428,2021-05-14,2021-05-14
ITUB4,1.02,2021-05-17,1,0.0319444151788737,0,0,0.0,1469133.9116394916,2021-05-17,2021-05-17
ITUB4,1.02,2021-05-18,1,0.0417104757473452,0,0,0.0,1498516.5898722815,2021-05-18,2021-05-18
ITUB4,1.02,2021-05-19,0,-0.0048561756067782,0,1,1.0,1498516.5898722815,2021-05-19,2021-05-24
ITUB4,1.02,2021-05-20,0,0.004054369766641,0,1,1.0,1498516.5898722815,2021-05-19,2021-05-24
ITUB4,1.02,2021-05-21,0,-0.0108909888930758,0,0,0.0,1498516.5898722815,2021-05-19,2021-05-24
ITUB4,1.02,2021-05-24,0,0.010572990218064,0,0,0.0,1514360.3911186077,2021-05-19,2021-05-24
ITUB4,1.02,2021-05-25,1,0.0292296847100561,0,0,1.0,1544647.59894098,2021-05-25,2021-05-25
ITUB4,1.02,2021-05-26,1,0.0413453622988138,0,0,0.0,1575540.5509197996,2021-05-26,2021-05-26
ITUB4,1.02,2021-05-27,1,0.0944996155901241,0,0,0.0,1607051.3619381955,2021-05-27,2021-05-27
ITUB4,1.02,2021-05-28,1,0.0918927009076051,0,0,0.0,1639192.3891769594,2021-05-28,2021-05-28
ITUB4,1.02,2021-05-31,1,0.1119302912001642,0,0,0.0,1671976.2369604986,2021-05-31,2021-05-31
ITUB4,1.02,2021-06-01,1,0.0825448653070464,0,1,1.0,1705415.7616997086,2021-06-01,2021-06-01
ITUB4,1.02,2021-06-02,1,0.0829901928017131,0,0,0.0,1739524.076933703,2021-06-02,2021-06-02
ITUB4,1.02,2021-06-04,1,0.0591697545051483,0,0,0.0,1774314.558472377,2021-06-04,2021-06-04
ITUB4,1.02,2021-06-07,1,0.0417428700457789,0,1,1.0,1809800.8496418246,2021-06-07,2021-06-07
ITUB4,1.02,2021-06-08,1,0.0465258782031916,0,1,1.0,1845996.866634661,2021-06-08,2021-06-08
ITUB4,1.02,2021-06-09,0,-0.0285714061229996,0,1,1.0,1845996.866634661,2021-06-09,2021-06-11
ITUB4,1.02,2021-06-10,0,0.0075665923951848,1,1,1.0,1845996.866634661,2021-06-09,2021-06-11
ITUB4,1.02,2021-06-11,1,0.0425015350033355,1,1,1.0,1882916.8039673544,2021-06-09,2021-06-11
ITUB4,1.02,2021-06-14,1,0.0482295345467318,0,1,1.0,1920575.1400467015,2021-06-14,2021-06-14
ITUB4,1.02,2021-06-15,1,0.0507955778460527,1,1,1.0,1958986.6428476356,2021-06-15,2021-06-15
ITUB4,1.02,2021-06-16,1,0.0202020038625523,0,1,1.0,1998166.3757045884,2021-06-16,2021-06-16
ITUB4,1.02,2021-06-17,0,-0.0290076483557939,1,1,1.0,1998166.3757045884,2021-06-17,2021-06-22
ITUB4,1.02,2021-06-18,0,-0.012725018220223,0,1,1.0,1998166.3757045884,2021-06-17,2021-06-22
ITUB4,1.02,2021-06-21,0,-0.0443686033034103,0,0,0.0,1998166.3757045884,2021-06-17,2021-06-22
ITUB4,1.02,2021-06-22,0,-0.049922009167803,0,1,0.0,1898413.8955778682,2021-06-17,2021-06-22
ITUB4,1.02,2021-06-23,0,-0.0627913971100218,0,0,0.0,1898413.8955778682,2021-06-23,2021-06-28
ITUB4,1.02,2021-06-24,0,-0.0681676276296294,0,0,0.0,1898413.8955778682,2021-06-23,2021-06-28
ITUB4,1.02,2021-06-25,0,-0.036804743237627,0,0,0.0,1898413.8955778682,2021-06-23,2021-06-28
ITUB4,1.02,2021-06-28,0,-0.0077626069229377,0,0,0.0,1883677.2547294542,2021-06-23,2021-06-28
ITUB4,1.02,2021-06-29,0,-0.0128367402431293,0,0,0.0,1883677.2547294542,2021-06-29,2021-07-02
ITUB4,1.02,2021-06-30,0,-0.0174555298292327,0,0,0.0,1883677.2547294542,2021-06-29,2021-07-02
ITUB4,1.02,2021-07-01,0,-0.0066934350348086,0,0,0.0,1883677.2547294542,2021-06-29,2021-07-02
ITUB4,1.02,2021-07-02,0,-0.0144683377106663,0,0,0.0,1856423.5760701278,2021-06-29,2021-07-02
ITUB4,1.02,2021-07-05,0,0.0071234789115319,0,0,0.0,1856423.5760701278,2021-07-05,2021-07-07
ITUB4,1.02,2021-07-06,0,0.0098039024382086,0,0,0.0,1856423.5760701278,2021-07-05,2021-07-07
ITUB4,1.02,2021-07-07,1,0.0583190498343204,0,0,0.0,1893552.0475915303,2021-07-05,2021-07-07
ITUB4,1.02,2021-07-08,1,0.0493197452532272,0,0,0.0,1931423.0885433608,2021-07-08,2021-07-08
ITUB4,1.02,2021-07-12,1,0.0457627319514781,0,0,0.0,1970051.550314228,2021-07-12,2021-07-12
ITUB4,1.02,2021-07-13,1,0.0215231611782233,0,1,0.0,2009452.5813205126,2021-07-13,2021-07-13
ITUB4,1.02,2021-07-14,0,-0.0194239412419426,0,0,0.0,2009452.5813205126,2021-07-14,2021-07-16
ITUB4,1.02,2021-07-15,0,-0.0124286316595101,0,1,0.0,2009452.5813205126,2021-07-14,2021-07-16
ITUB4,1.02,2021-07-16,1,0.0334494619355607,0,1,1.0,2049641.632946923,2021-07-14,2021-07-16
ITUB4,1.02,2021-07-19,1,0.0309349647391798,0,1,1.0,2090634.4656058615,2021-07-19,2021-07-19
ITUB4,1.02,2021-07-20,0,0.0092276296501325,0,1,0.0,2090634.4656058615,2021-07-20,2021-07-21
ITUB4,1.02,2021-07-21,1,0.0203942731368897,0,1,1.0,2132447.1549179787,2021-07-20,2021-07-21
ITUB4,1.02,2021-07-22,1,0.0688120632502451,0,1,0.0,2175096.0980163384,2021-07-22,2021-07-22
ITUB4,1.02,2021-07-23,1,0.0735900807239835,0,1,1.0,2218598.0199766653,2021-07-23,2021-07-23
ITUB4,1.02,2021-07-26,1,0.0583051173777786,1,1,1.0,2262969.9803761984,2021-07-26,2021-07-26
ITUB4,1.02,2021-07-27,1,0.0456253707122906,0,1,1.0,2308229.379983722,2021-07-27,2021-07-27
ITUB4,1.02,2021-07-28,1,0.0209068823921776,0,0,0.0,2354393.967583397,2021-07-28,2021-07-28
ITUB4,1.02,2021-07-29,1,0.0370264848580883,0,0,0.0,2401481.846935065,2021-07-29,2021-07-29
ITUB4,1.02,2021-07-30,1,0.0230519279136973,1,1,1.0,2449511.4838737664,2021-07-30,2021-07-30
ITUB4,1.02,2021-08-02,0,-0.0178343819982774,1,1,1.0,2449511.4838737664,2021-08-02,2021-08-03
ITUB4,1.02,2021-08-03,1,0.027795908205231,0,1,1.0,2498501.713551242,2021-08-02,2021-08-03
ITUB4,1.02,2021-08-04,1,0.0407284562181797,0,0,0.0,2548471.747822267,2021-08-04,2021-08-04
ITUB4,1.02,2021-08-05,1,0.0434926487528801,1,1,1.0,2599441.1827787124,2021-08-05,2021-08-05
ITUB4,1.02,2021-08-06,1,0.0214494464410146,0,1,1.0,2651430.0064342865,2021-08-06,2021-08-06
ITUB4,1.02,2021-08-09,0,-0.0121951374336694,1,1,1.0,2651430.0064342865,2021-08-09,2021-08-10
ITUB4,1.02,2021-08-10,1,0.0292763210688704,0,1,1.0,2704458.606562972,2021-08-09,2021-08-10
ITUB4,1.02,2021-08-11,0,-0.0164610586532274,0,1,1.0,2704458.606562972,2021-08-11,2021-08-12
ITUB4,1.02,2021-08-12,1,0.0277938557254502,0,1,1.0,2758547.7786942315,2021-08-11,2021-08-12
ITUB4,1.02,2021-08-13,0,-0.0247879786570851,0,1,1.0,2758547.7786942315,2021-08-13,2021-08-16
ITUB4,1.02,2021-08-16,1,0.0267238488108989,0,1,1.0,2813718.7342681163,2021-08-13,2021-08-16
ITUB4,1.02,2021-08-17,1,0.0332005496782998,0,1,1.0,2869993.1089534787,2021-08-17,2021-08-17
ITUB4,1.02,2021-08-18,1,0.0371237184956325,0,1,1.0,2927392.9711325485,2021-08-18,2021-08-18
ITUB4,1.02,2021-08-19,1,0.0489864720494095,1,1,1.0,2985940.8305551996,2021-08-19,2021-08-19
ITUB4,1.02,2021-08-20,1,0.0398526320642387,0,1,1.0,3045659.647166304,2021-08-20,2021-08-20
ITUB4,1.02,2021-08-23,1,0.0264462406887198,1,1,1.0,3106572.84010963,2021-08-23,2021-08-23
ITUB4,1.02,2021-08-24,0,-0.006829253334292,0,1,1.0,3106572.84010963,2021-08-24,2021-08-26
ITUB4,1.02,2021-08-25,0,0.001294531002582,1,1,1.0,3106572.84010963,2021-08-24,2021-08-26
ITUB4,1.02,2021-08-26,1,0.0402809548416598,0,1,1.0,3168704.2969118226,2021-08-24,2021-08-26
ITUB4,1.02,2021-08-27,1,0.0311289430660963,0,1,1.0,3232078.3828500593,2021-08-27,2021-08-27
ITUB4,1.02,2021-08-30,1,0.033148779845135,0,1,1.0,3296719.9505070606,2021-08-30,2021-08-30
ITUB4,1.02,2021-08-31,0,-0.0292981149287185,1,1,1.0,3296719.9505070606,2021-08-31,2021-09-03
ITUB4,1.02,2021-09-01,0,-0.0702492614391222,0,1,1.0,3296719.9505070606,2021-08-31,2021-09-03
ITUB4,1.02,2021-09-02,0,-0.0341852008779255,0,1,0.0,3296719.9505070606,2021-08-31,2021-09-03
ITUB4,1.02,2021-09-03,1,0.0202224447897452,1,1,1.0,3362654.349517202,2021-08-31,2021-09-03
ITUB4,1.02,2021-09-06,0,-0.0289614311639029,0,1,1.0,3362654.349517202,2021-09-06,2021-09-08
ITUB4,1.02,2021-09-08,1,0.0241712690736959,1,1,1.0,3429907.436507546,2021-09-06,2021-09-08
ITUB4,1.02,2021-09-09,0,-0.0332203148702248,0,0,0.0,3429907.436507546,2021-09-09,2021-09-14
ITUB4,1.02,2021-09-10,0,-0.0282986741590129,0,0,1.0,3429907.436507546,2021-09-09,2021-09-14
ITUB4,1.02,2021-09-13,0,-0.0439862292437968,0,1,1.0,3429907.436507546,2021-09-09,2021-09-14
ITUB4,1.02,2021-09-14,0,-0.0640275446022548,0,0,0.0,3210298.8851349535,2021-09-09,2021-09-14
ITUB4,1.02,2021-09-15,0,-0.0423728779165213,0,0,0.0,3210298.8851349535,2021-09-15,2021-09-17
ITUB4,1.02,2021-09-16,0,-0.0252897427978466,0,0,0.0,3210298.8851349535,2021-09-15,2021-09-17
ITUB4,1.02,2021-09-17,1,0.060439586876869,0,0,0.0,3274504.8628376527,2021-09-15,2021-09-17
ITUB4,1.02,2021-09-20,1,0.05966325135598,0,0,0.0,3339994.960094406,2021-09-20,2021-09-20
ITUB4,1.02,2021-09-21,1,0.0731796512194113,0,1,0.0,3406794.859296294,2021-09-21,2021-09-21
ITUB4,1.02,2021-09-22,1,0.0601504073230376,0,1,0.0,3474930.75648222,2021-09-22,2021-09-22
ITUB4,1.02,2021-09-23,1,0.0389474065059218,1,1,1.0,3544429.3716118643,2021-09-23,2021-09-23
ITUB4,1.02,2021-09-24,1,0.0415054840030948,1,1,1.0,3615317.9590441016,2021-09-24,2021-09-24
ITUB4,1.02,2021-09-27,1,0.0333845469654519,1,1,1.0,3687624.3182249838,2021-09-27,2021-09-27
ITUB4,1.02,2021-09-28,1,0.0431232427426875,1,1,1.0,3761376.8045894834,2021-09-28,2021-09-28
ITUB4,1.02,2021-09-29,1,0.0464421558797345,1,1,1.0,3836604.340681273,2021-09-29,2021-09-29
ITUB4,1.02,2021-09-30,1,0.0448226136101448,1,1,1.0,3913336.4274948984,2021-09-30,2021-09-30
ITUB4,1.02,2021-10-01,1,0.0254545464602167,1,1,1.0,3991603.1560447966,2021-10-01,2021-10-01
ITUB4,1.02,2021-10-04,1,0.0317072937276574,1,1,1.0,4071435.2191656926,2021-10-04,2021-10-04
ITUB4,1.02,2021-10-05,1,0.0325865615654548,1,1,1.0,4152863.9235490067,2021-10-05,2021-10-05
ITUB4,1.02,2021-10-06,0,-0.0346199618170117,1,1,1.0,4152863.9235490067,2021-10-06,2021-10-07
ITUB4,1.02,2021-10-07,1,0.0279805604028346,1,1,1.0,4235921.202019987,2021-10-06,2021-10-07
ITUB4,1.02,2021-10-08,0,0.0073230430745487,1,1,1.0,4235921.202019987,2021-10-08,2021-10-11
ITUB4,1.02,2021-10-11,1,0.0308641902280213,1,1,1.0,4320639.626060386,2021-10-08,2021-10-11
ITUB4,1.02,2021-10-13,1,0.0253786199605245,0,1,1.0,4407052.418581594,2021-10-13,2021-10-13
ITUB4,1.02,2021-10-14,1,0.0342691861970516,0,1,1.0,4495193.466953225,2021-10-14,2021-10-14
ITUB4,1.02,2021-10-15,1,0.023189617837914,0,1,1.0,4585097.33629229,2021-10-15,2021-10-15
ITUB4,1.02,2021-10-18,0,-0.0469635439941812,0,0,0.0,4585097.33629229,2021-10-18,2021-10-19
ITUB4,1.02,2021-10-19,1,0.024439935114723,0,0,1.0,4676799.283018136,2021-10-18,2021-10-19
ITUB4,1.02,2021-10-20,1,0.0315832846173529,1,1,1.0,4770335.268678499,2021-10-20,2021-10-20
ITUB4,1.02,2021-10-21,0,-0.0082918607861871,0,0,0.0,4770335.268678499,2021-10-21,2021-10-22
ITUB4,1.02,2021-10-22,1,0.0325306495736845,1,1,1.0,4865741.97405207,2021-10-21,2021-10-22
ITUB4,1.02,2021-10-25,1,0.0316589790915677,1,1,1.0,4963056.8135331115,2021-10-25,2021-10-25
ITUB4,1.02,2021-10-26,1,0.0234506059498256,1,1,1.0,5062317.949803774,2021-10-26,2021-10-26
ITUB4,1.02,2021-10-27,1,0.0514930535614301,1,1,1.0,5163564.30879985,2021-10-27,2021-10-27
ITUB4,1.02,2021-10-28,1,0.0396341430290116,1,1,1.0,5266835.594975847,2021-10-28,2021-10-28
ITUB4,1.02,2021-10-29,1,0.0489244873464975,1,1,1.0,5372172.306875364,2021-10-29,2021-10-29
ITUB4,1.02,2021-11-01,1,0.035818384436663,1,1,1.0,5479615.753012871,2021-11-01,2021-11-01
ITUB4,1.02,2021-11-03,0,-0.0796568810977264,1,1,1.0,5479615.753012871,2021-11-03,2021-11-05
ITUB4,1.02,2021-11-04,0,-0.0170212865038204,1,1,1.0,5479615.753012871,2021-11-03,2021-11-05
ITUB4,1.02,2021-11-05,1,0.0320175690689543,1,1,1.0,5589208.068073129,2021-11-03,2021-11-05
ITUB4,1.02,2021-11-08,1,0.0293088475990188,1,1,1.0,5700992.229434592,2021-11-08,2021-11-08
ITUB4,1.02,2021-11-09,1,0.0443852907718325,1,1,1.0,5815012.074023284,2021-11-09,2021-11-09
ITUB4,1.02,2021-11-10,0,-0.0247546374733381,1,1,1.0,5815012.074023284,2021-11-10,2021-11-16
ITUB4,1.02,2021-11-11,0,-0.0243161356008997,1,1,1.0,5815012.074023284,2021-11-10,2021-11-16
ITUB4,1.02,2021-11-12,0,-0.0346620071571147,1,1,1.0,5815012.074023284,2021-11-10,2021-11-16
ITUB4,1.02,2021-11-16,0,-0.0259394954502034,0,0,0.0,5664173.59478628,2021-11-10,2021-11-16
ITUB4,1.02,2021-11-17,0,-0.0043991574343631,0,0,0.0,5664173.59478628,2021-11-17,2021-11-18
ITUB4,1.02,2021-11-18,1,0.0468047693498809,0,0,0.0,5777457.066682005,2021-11-17,2021-11-18
ITUB4,1.02,2021-11-19,1,0.0672421066258708,0,0,0.0,5893006.208015646,2021-11-19,2021-11-19
ITUB4,1.02,2021-11-22,1,0.0557303067445305,0,0,0.0,6010866.332175959,2021-11-22,2021-11-22
ITUB4,1.02,2021-11-23,1,0.0576316950770274,0,1,0.0,6131083.658819478,2021-11-23,2021-11-23
ITUB4,1.02,2021-11-24,0,-0.0311688217456753,1,1,1.0,6131083.658819478,2021-11-24,2021-11-29
ITUB4,1.02,2021-11-25,0,-0.0229549305509405,0,1,1.0,6131083.658819478,2021-11-24,2021-11-29
ITUB4,1.02,2021-11-26,0,0.0003557636285826,1,1,1.0,6131083.658819478,2021-11-24,2021-11-29
ITUB4,1.02,2021-11-29,1,0.041386057701706,0,1,1.0,6253705.331995868,2021-11-24,2021-11-29
ITUB4,1.02,2021-11-30,1,0.0536347572662667,0,1,1.0,6378779.438635785,2021-11-30,2021-11-30
ITUB4,1.02,2021-12-01,1,0.0592691172032591,0,1,1.0,6506355.027408501,2021-12-01,2021-12-01
ITUB4,1.02,2021-12-02,1,0.0348279988374164,0,1,1.0,6636482.127956672,2021-12-02,2021-12-02
ITUB4,1.02,2021-12-03,1,0.0290043383694278,0,0,0.0,6769211.770515805,2021-12-03,2021-12-03
ITUB4,1.02,2021-12-06,0,-0.0618120507258376,1,1,1.0,6769211.770515805,2021-12-06,2021-12-09
ITUB4,1.02,2021-12-07,0,-0.0658293419037054,1,1,1.0,6769211.770515805,2021-12-06,2021-12-09
ITUB4,1.02,2021-12-08,0,-0.0438981392036046,0,0,0.0,6769211.770515805,2021-12-06,2021-12-09
ITUB4,1.02,2021-12-09,0,-0.0255834812574191,0,1,1.0,6596031.768057314,2021-12-06,2021-12-09
ITUB4,1.02,2021-12-10,0,-0.0121621902796168,0,0,0.0,6596031.768057314,2021-12-10,2021-12-15
ITUB4,1.02,2021-12-13,0,-0.01424635624692,0,1,0.0,6596031.768057314,2021-12-10,2021-12-15
ITUB4,1.02,2021-12-14,0,-0.0360565563354642,0,0,0.0,6596031.768057314,2021-12-10,2021-12-15
ITUB4,1.02,2021-12-15,0,-0.0342465322563038,0,0,0.0,6370140.553348934,2021-12-10,2021-12-15
ITUB4,1.02,2021-12-16,0,-0.01849281430975,0,0,0.0,6370140.553348934,2021-12-16,2021-12-20
ITUB4,1.02,2021-12-17,0,-0.0065177060386053,0,0,0.0,6370140.553348934,2021-12-16,2021-12-20
ITUB4,1.02,2021-12-20,1,0.024067948070755,0,0,0.0,6497543.364415913,2021-12-16,2021-12-20
ITUB4,1.02,2021-12-21,1,0.0221384703628604,0,0,0.0,6627494.231704231,2021-12-21,2021-12-21
ITUB4,1.02,2021-12-22,0,-0.0014064730560553,0,1,1.0,6627494.231704231,2021-12-22,2021-12-28
ITUB4,1.02,2021-12-23,0,-0.0246741099822024,0,0,0.0,6627494.231704231,2021-12-22,2021-12-28
ITUB4,1.02,2021-12-27,0,-0.0047098264950297,0,0,0.0,6627494.231704231,2021-12-22,2021-12-28
ITUB4,1.02,2021-12-28,1,0.0310585903132063,0,0,0.0,6760044.116338316,2021-12-22,2021-12-28
ITUB4,1.02,2021-12-29,1,0.0372539890194989,0,0,0.0,6895244.998665083,2021-12-29,2021-12-29
ITUB4,1.02,2021-12-30,1,0.0505431701703291,0,1,0.0,7033149.898638385,2021-12-30,2021-12-30
ITUB4,1.02,2022-01-03,1,0.0476410159453579,0,0,0.0,7173812.896611153,2022-01-03,2022-01-03
ITUB4,1.02,2022-01-04,1,0.0357628155006652,0,0,0.0,7317289.1545433765,2022-01-04,2022-01-04
ITUB4,1.02,2022-01-05,1,0.0790203321696605,0,0,1.0,7463634.937634245,2022-01-05,2022-01-05
ITUB4,1.02,2022-01-06,1,0.0638297664373066,0,1,1.0,7612907.63638693,2022-01-06,2022-01-06
ITUB4,1.02,2022-01-07,1,0.0553832041285577,0,1,1.0,7765165.789114669,2022-01-07,2022-01-07
ITUB4,1.02,2022-01-10,1,0.0465115934802304,0,1,1.0,7920469.104896963,2022-01-10,2022-01-10
ITUB4,1.02,2022-01-11,1,0.025365427611935,0,1,1.0,8078878.486994902,2022-01-11,2022-01-11
ITUB4,1.02,2022-01-12,1,0.0376786879734858,0,1,1.0,8240456.056734799,2022-01-12,2022-01-12
ITUB4,1.02,2022-01-13,1,0.0216376556504924,0,1,1.0,8405265.177869495,2022-01-13,2022-01-13
ITUB4,1.02,2022-01-14,1,0.0264279757789476,1,1,1.0,8573370.481426885,2022-01-14,2022-01-14
ITUB4,1.02,2022-01-17,1,0.0294997666235299,0,1,1.0,8744837.891055424,2022-01-17,2022-01-17
ITUB4,1.02,2022-01-18,0,-0.0230898283165588,0,1,1.0,8744837.891055424,2022-01-18,2022-01-19
ITUB4,1.02,2022-01-19,1,0.0259133646413598,1,1,1.0,8919734.648876533,2022-01-18,2022-01-19
ITUB4,1.02,2022-01-20,1,0.0569456819757006,1,1,1.0,9098129.341854064,2022-01-20,2022-01-20
ITUB4,1.02,2022-01-21,1,0.0672376933559397,0,1,1.0,9280091.928691145,2022-01-21,2022-01-21
ITUB4,1.02,2022-01-24,1,0.0806591279141182,0,1,1.0,9465693.767264968,2022-01-24,2022-01-24
ITUB4,1.02,2022-01-25,1,0.0484997812699279,1,1,1.0,9655007.642610267,2022-01-25,2022-01-25
ITUB4,1.02,2022-01-26,1,0.049731276264443,0,0,0.0,9848107.795462472,2022-01-26,2022-01-26
ITUB4,1.02,2022-01-27,1,0.064069473566501,0,1,0.0,10045069.951371722,2022-01-27,2022-01-27
ITUB4,1.02,2022-01-28,1,0.0420721099886232,1,1,1.0,10245971.350399157,2022-01-28,2022-01-28
ITUB4,1.02,2022-01-31,0,0.0067220436394803,1,1,1.0,10245971.350399157,2022-01-31,2022-02-02
ITUB4,1.02,2022-02-01,0,-0.0058892889288928,1,1,1.0,10245971.350399157,2022-01-31,2022-02-02
ITUB4,1.02,2022-02-02,1,0.0222222281681947,1,1,1.0,10450890.77740714,2022-01-31,2022-02-02
ITUB4,1.02,2022-02-03,1,0.0206022553640792,0,1,0.0,10659908.592955282,2022-02-03,2022-02-03
ITUB4,1.02,2022-02-04,0,-0.015717111492743,0,1,0.0,10659908.592955282,2022-02-04,2022-02-07
ITUB4,1.02,2022-02-07,1,0.0680379628667453,1,1,1.0,10873106.764814388,2022-02-04,2022-02-07
ITUB4,1.02,2022-02-08,1,0.0821643226999038,0,0,0.0,11090568.900110677,2022-02-08,2022-02-08
ITUB4,1.02,2022-02-09,1,0.0997963502340921,1,1,1.0,11312380.27811289,2022-02-09,2022-02-09
ITUB4,1.02,2022-02-10,1,0.024667910809637,0,0,0.0,11538627.883675149,2022-02-10,2022-02-10
ITUB4,1.02,2022-02-11,0,-0.0199247764467103,0,1,1.0,11538627.883675149,2022-02-11,2022-02-16
ITUB4,1.02,2022-02-14,0,-0.0235074318756265,0,1,1.0,11538627.883675149,2022-02-11,2022-02-16
ITUB4,1.02,2022-02-15,0,-0.0466766308714334,1,1,1.0,11538627.883675149,2022-02-11,2022-02-16
ITUB4,1.02,2022-02-16,0,-0.0240991402402619,0,1,0.0,11260556.872126264,2022-02-11,2022-02-16
ITUB4,1.02,2022-02-17,0,-0.0311369219655965,0,1,1.0,11260556.872126264,2022-02-17,2022-02-22
ITUB4,1.02,2022-02-18,0,-0.0479084674639354,1,1,1.0,11260556.872126264,2022-02-17,2022-02-22
ITUB4,1.02,2022-02-21,0,-0.010873782220349,0,1,0.0,11260556.872126264,2022-02-17,2022-02-22
ITUB4,1.02,2022-02-22,0,-0.0280419803855617,0,1,0.0,10944788.557187598,2022-02-17,2022-02-22
ITUB4,1.02,2022-02-23,1,0.0451687520653039,0,0,0.0,11163684.328331351,2022-02-23,2022-02-23
ITUB4,1.02,2022-02-24,1,0.0401256799484976,0,1,0.0,11386958.014897978,2022-02-24,2022-02-24
ITUB4,1.02,2022-02-25,1,0.0270162697164091,0,0,0.0,11614697.175195938,2022-02-25,2022-02-25
ITUB4,1.02,2022-03-02,1,0.0323482470863125,0,0,0.0,11846991.118699856,2022-03-02,2022-03-02
ITUB4,1.02,2022-03-03,0,0.0011966216512069,0,0,0.0,11846991.118699856,2022-03-03,2022-03-04
ITUB4,1.02,2022-03-04,1,0.0428512824656532,0,1,0.0,12083930.941073854,2022-03-03,2022-03-04
ITUB4,1.02,2022-03-07,1,0.0561287825794227,0,0,0.0,12325609.559895331,2022-03-07,2022-03-07
ITUB4,1.02,2022-03-08,1,0.0570012551511909,0,1,1.0,12572121.751093239,2022-03-08,2022-03-08
ITUB4,1.02,2022-03-09,1,0.0343573189920463,0,1,1.0,12823564.186115103,2022-03-09,2022-03-09
ITUB4,1.02,2022-03-10,0,0.0142687174217719,0,1,1.0,12823564.186115103,2022-03-10,2022-03-11
ITUB4,1.02,2022-03-11,1,0.0467625841187866,1,1,1.0,13080035.469837405,2022-03-10,2022-03-11
ITUB4,1.02,2022-03-14,1,0.0593388926517088,0,1,1.0,13341636.179234153,2022-03-14,2022-03-14
ITUB4,1.02,2022-03-15,1,0.0686390571528654,0,1,1.0,13608468.902818836,2022-03-15,2022-03-15
ITUB4,1.02,2022-03-16,1,0.0737129205725104,0,1,1.0,13880638.280875213,2022-03-16,2022-03-16
ITUB4,1.02,2022-03-17,1,0.0594097715633445,0,1,1.0,14158251.046492718,2022-03-17,2022-03-17
ITUB4,1.02,2022-03-18,1,0.0487897032316011,1,1,1.0,14441416.067422573,2022-03-18,2022-03-18
ITUB4,1.02,2022-03-21,0,0.0099264884657097,0,0,0.0,14441416.067422573,2022-03-21,2022-03-23
ITUB4,1.02,2022-03-22,0,0.0021905789418816,0,0,0.0,14441416.067422573,2022-03-21,2022-03-23
ITUB4,1.02,2022-03-23,1,0.027442376051892,0,0,0.0,14730244.388771024,2022-03-21,2022-03-23
ITUB4,1.02,2022-03-24,1,0.0203488222705303,0,0,0.0,15024849.276546445,2022-03-24,2022-03-24
ITUB4,1.02,2022-03-25,0,-0.002178647639214,0,1,1.0,15024849.276546445,2022-03-25,2022-03-30
ITUB4,1.02,2022-03-28,0,-0.0054964919587053,0,0,0.0,15024849.276546445,2022-03-25,2022-03-30
ITUB4,1.02,2022-03-29,0,-0.0191260467010287,0,0,0.0,15024849.276546445,2022-03-25,2022-03-30
ITUB4,1.02,2022-03-30,0,-0.0402733956983835,0,0,0.0,14419747.576323519,2022-03-25,2022-03-30
ITUB4,1.02,2022-03-31,0,-0.035018065908836,0,0,0.0,14419747.576323519,2022-03-31,2022-04-05
ITUB4,1.02,2022-04-01,0,-0.0269581373545115,0,0,0.0,14419747.576323519,2022-03-31,2022-04-05
ITUB4,1.02,2022-04-04,0,-0.020932810595951,0,0,0.0,14419747.576323519,2022-03-31,2022-04-05
ITUB4,1.02,2022-04-05,0,-0.0003763504021335,0,0,0.0,14414320.698524507,2022-03-31,2022-04-05
ITUB4,1.02,2022-04-06,0,-0.0158431009522819,0,0,0.0,14414320.698524507,2022-04-06,2022-04-11
ITUB4,1.02,2022-04-07,0,-0.0150602412691489,0,0,0.0,14414320.698524507,2022-04-06,2022-04-11
ITUB4,1.02,2022-04-08,0,-0.0101503546906058,0,0,0.0,14414320.698524507,2022-04-06,2022-04-11
ITUB4,1.02,2022-04-11,0,-0.0119403085524354,0,0,0.0,14242209.261810368,2022-04-06,2022-04-11
ITUB4,1.02,2022-04-12,0,-0.0102739512031623,0,0,0.0,14242209.261810368,2022-04-12,2022-04-13
ITUB4,1.02,2022-04-13,1,0.0207134714159142,0,0,0.0,14527053.447046576,2022-04-12,2022-04-13
ITUB4,1.02,2022-04-14,0,-0.0217225270188895,0,0,0.0,14527053.447046576,2022-04-14,2022-04-20
ITUB4,1.02,2022-04-18,0,-0.0358220153171914,0,0,0.0,14527053.447046576,2022-04-14,2022-04-20
ITUB4,1.02,2022-04-19,0,-0.0507301934568943,0,0,0.0,14527053.447046576,2022-04-14,2022-04-20
ITUB4,1.02,2022-04-20,0,-0.0540540287712879,0,0,0.0,13741807.682057884,2022-04-14,2022-04-20
ITUB4,1.02,2022-04-22,0,-0.0470588241504158,0,0,0.0,13741807.682057884,2022-04-22,2022-04-27
ITUB4,1.02,2022-04-25,0,-0.0550277017137272,0,0,0.0,13741807.682057884,2022-04-22,2022-04-27
ITUB4,1.02,2022-04-26,0,-0.0489169900846493,0,0,0.0,13741807.682057884,2022-04-22,2022-04-27
ITUB4,1.02,2022-04-27,0,-0.0253915709313881,0,0,1.0,13392881.597573416,2022-04-22,2022-04-27
ITUB4,1.02,2022-04-28,1,0.0200327360666732,0,1,1.0,13660739.229524884,2022-04-28,2022-04-28
ITUB4,1.02,2022-04-29,0,-0.0242982478976204,0,0,1.0,13660739.229524884,2022-04-29,2022-05-04
ITUB4,1.02,2022-05-02,0,-0.0004201811034244,0,1,1.0,13660739.229524884,2022-04-29,2022-05-04
ITUB4,1.02,2022-05-03,0,-0.0130471465289693,0,1,1.0,13660739.229524884,2022-04-29,2022-05-04
ITUB4,1.02,2022-05-04,1,0.0267062045527981,0,0,0.0,13933954.014115382,2022-04-29,2022-05-04
ITUB4,1.02,2022-05-05,1,0.0403779885571777,0,0,0.0,14212633.09439769,2022-05-05,2022-05-05
ITUB4,1.02,2022-05-06,1,0.0391744157072504,0,0,0.0,14496885.756285645,2022-05-06,2022-05-06
ITUB4,1.02,2022-05-09,1,0.0563798031783684,0,1,1.0,14786823.471411359,2022-05-09,2022-05-09
ITUB4,1.02,2022-05-10,1,0.0825492205086841,0,1,1.0,15082559.940839587,2022-05-10,2022-05-10
ITUB4,1.02,2022-05-11,1,0.0706226484780316,0,1,1.0,15384211.139656378,2022-05-11,2022-05-11
ITUB4,1.02,2022-05-12,1,0.0376670973056056,0,1,1.0,15691895.362449506,2022-05-12,2022-05-12
ITUB4,1.02,2022-05-13,1,0.0309859022282708,0,1,1.0,16005733.269698497,2022-05-13,2022-05-13
ITUB4,1.02,2022-05-16,0,-0.009069416839149,0,1,0.0,16005733.269698497,2022-05-16,2022-05-17
ITUB4,1.02,2022-05-17,1,0.0325655239541964,0,1,1.0,16325847.935092468,2022-05-16,2022-05-17
ITUB4,1.02,2022-05-18,1,0.055377198528993,0,0,0.0,16652364.893794317,2022-05-18,2022-05-18
ITUB4,1.02,2022-05-19,1,0.0482263808902363,0,1,1.0,16985412.1916702,2022-05-19,2022-05-19
ITUB4,1.02,2022-05-20,1,0.0399367510682473,1,1,1.0,17325120.435503606,2022-05-20,2022-05-20
ITUB4,1.02,2022-05-23,1,0.0288162039864163,0,1,1.0,17671622.84421368,2022-05-23,2022-05-23
ITUB4,1.02,2022-05-24,0,-0.0049904030313762,0,1,1.0,17671622.84421368,2022-05-24,2022-05-25
ITUB4,1.02,2022-05-25,1,0.0275942683981698,0,0,0.0,18025055.30109795,2022-05-24,2022-05-25
ITUB4,1.02,2022-05-26,0,-0.0100762791903735,0,1,1.0,18025055.30109795,2022-05-26,2022-05-31
ITUB4,1.02,2022-05-27,0,-0.0137995024253322,0,0,0.0,18025055.30109795,2022-05-26,2022-05-31
ITUB4,1.02,2022-05-30,0,-0.0203310780095277,0,0,0.0,18025055.30109795,2022-05-26,2022-05-31
ITUB4,1.02,2022-05-31,0,-0.0277672243527614,0,0,0.0,17524549.546581436,2022-05-26,2022-05-31
ITUB4,1.02,2022-06-01,0,-0.0176786889121048,0,0,0.0,17524549.546581436,2022-06-01,2022-06-06
ITUB4,1.02,2022-06-02,0,-0.026407777815245,0,0,0.0,17524549.546581436,2022-06-01,2022-06-06
ITUB4,1.02,2022-06-03,0,-0.0468085250204608,0,0,0.0,17524549.546581436,2022-06-01,2022-06-06
ITUB4,1.02,2022-06-06,0,-0.0537888035915916,0,0,0.0,16581924.992989253,2022-06-01,2022-06-06
ITUB4,1.02,2022-06-07,0,-0.0644400406712316,0,0,0.0,16581924.992989253,2022-06-07,2022-06-10
ITUB4,1.02,2022-06-08,0,-0.0562649363477463,0,0,0.0,16581924.992989253,2022-06-07,2022-06-10
ITUB4,1.02,2022-06-09,0,-0.032192312455432,0,0,0.0,16581924.992989253,2022-06-07,2022-06-10
ITUB4,1.02,2022-06-10,0,-0.0229166936191477,0,0,0.0,16201922.09830923,2022-06-07,2022-06-10
ITUB4,1.02,2022-06-13,1,0.0289672784292056,0,1,0.0,16525960.540275415,2022-06-13,2022-06-13
ITUB4,1.02,2022-06-14,1,0.0305184092137662,0,0,0.0,16856479.751080923,2022-06-14,2022-06-14
ITUB4,1.02,2022-06-15,1,0.0561268433615489,0,0,0.0,17193609.346102543,2022-06-15,2022-06-15
ITUB4,1.02,2022-06-17,1,0.045377459659613,0,1,1.0,17537481.533024594,2022-06-17,2022-06-17
ITUB4,1.02,2022-06-20,0,-0.0456026274335767,0,1,0.0,17537481.533024594,2022-06-20,2022-06-23
ITUB4,1.02,2022-06-21,0,-0.0284301836254713,0,1,1.0,17537481.533024594,2022-06-20,2022-06-23
ITUB4,1.02,2022-06-22,0,-0.0307564126464507,1,1,1.0,17537481.533024594,2022-06-20,2022-06-23
ITUB4,1.02,2022-06-23,0,-0.0257492468736639,0,1,1.0,17085904.591488425,2022-06-20,2022-06-23
ITUB4,1.02,2022-06-24,0,-0.0365490852532083,0,1,0.0,17085904.591488425,2022-06-24,2022-06-29
ITUB4,1.02,2022-06-27,0,-0.0363331442232922,0,1,0.0,17085904.591488425,2022-06-24,2022-06-29
ITUB4,1.02,2022-06-28,0,-0.0350386772035582,0,0,0.0,17085904.591488425,2022-06-24,2022-06-29
ITUB4,1.02,2022-06-29,0,-0.0005360591833839,0,0,0.0,17076745.535425734,2022-06-24,2022-06-29
ITUB4,1.02,2022-06-30,1,0.0291218372710995,0,0,0.0,17418280.44613425,2022-06-30,2022-06-30
ITUB4,1.02,2022-07-01,0,0.0101455908189715,0,0,0.0,17418280.44613425,2022-07-01,2022-07-04
ITUB4,1.02,2022-07-04,1,0.0337777822878626,0,0,0.0,17766646.055056937,2022-07-01,2022-07-04
ITUB4,1.02,2022-07-05,1,0.0287483155109851,0,0,0.0,18121978.976158075,2022-07-05,2022-07-05
ITUB4,1.02,2022-07-06,1,0.0206230933054667,0,0,0.0,18484418.555681236,2022-07-06,2022-07-06
ITUB4,1.02,2022-07-07,0,-0.0357296566372041,0,1,1.0,18484418.555681236,2022-07-07,2022-07-12
ITUB4,1.02,2022-07-08,0,-0.0194777031141839,0,0,0.0,18484418.555681236,2022-07-07,2022-07-12
ITUB4,1.02,2022-07-11,0,0.0008876944070723,0,0,0.0,18484418.555681236,2022-07-07,2022-07-12
ITUB4,1.02,2022-07-12,1,0.027703327439519,0,0,0.0,18854106.92679486,2022-07-07,2022-07-12
ITUB4,1.02,2022-07-13,1,0.0697569357639433,0,0,0.0,19231189.06533076,2022-07-13,2022-07-13
ITUB4,1.02,2022-07-14,1,0.0707207336925679,0,0,0.0,19615812.846637376,2022-07-14,2022-07-14
ITUB4,1.02,2022-07-15,1,0.0480599381722823,0,0,0.0,20008129.103570122,2022-07-15,2022-07-15
ITUB4,1.02,2022-07-18,1,0.0411738595981889,0,1,1.0,20408291.685641523,2022-07-18,2022-07-18
ITUB4,1.02,2022-07-19,0,0.004255324256154,1,1,1.0,20408291.685641523,2022-07-19,2022-07-20
ITUB4,1.02,2022-07-20,1,0.0266323228257965,0,1,1.0,20816457.519354355,2022-07-19,2022-07-20
ITUB4,1.02,2022-07-21,0,-0.0021186465998106,0,1,1.0,20816457.519354355,2022-07-21,2022-07-22
ITUB4,1.02,2022-07-22,1,0.0213675471223346,0,1,1.0,21232786.66974144,2022-07-21,2022-07-22
ITUB4,1.02,2022-07-25,0,-0.0004232140944956,0,0,1.0,21232786.66974144,2022-07-25,2022-07-28
ITUB4,1.02,2022-07-26,0,-0.0056077149238341,0,1,0.0,21232786.66974144,2022-07-25,2022-07-28
ITUB4,1.02,2022-07-27,0,0.0079716593133929,0,1,0.0,21232786.66974144,2022-07-25,2022-07-28
ITUB4,1.02,2022-07-28,0,0.0070707841604975,0,0,0.0,21382919.121409073,2022-07-25,2022-07-28
ITUB4,1.02,2022-07-29,1,0.0301886611959589,0,1,0.0,21810577.503837254,2022-07-29,2022-07-29
ITUB4,1.02,2022-08-01,1,0.0634786543870638,0,0,0.0,22246789.053914,2022-08-01,2022-08-01
ITUB4,1.02,2022-08-02,1,0.0670886062330078,0,1,1.0,22691724.83499228,2022-08-02,2022-08-02
ITUB4,1.02,2022-08-03,1,0.0927234899623232,0,0,0.0,23145559.331692126,2022-08-03,2022-08-03
ITUB4,1.02,2022-08-04,1,0.0820743380437973,0,0,0.0,23608470.51832597,2022-08-04,2022-08-04
ITUB4,1.02,2022-08-05,1,0.0677831098024766,0,1,1.0,24080639.92869249,2022-08-05,2022-08-05
ITUB4,1.02,2022-08-08,1,0.0288018546589094,0,1,1.0,24562252.72726634,2022-08-08,2022-08-08
ITUB4,1.02,2022-08-09,1,0.0363149885336344,0,0,1.0,25053497.78181167,2022-08-09,2022-08-09
ITUB4,1.02,2022-08-10,1,0.0270371595578606,0,0,0.0,25554567.737447903,2022-08-10,2022-08-10
ITUB4,1.02,2022-08-11,1,0.0334712302411992,0,0,0.0,26065659.09219686,2022-08-11,2022-08-11
ITUB4,1.02,2022-08-12,1,0.0447988082143453,0,0,0.0,26586972.274040796,2022-08-12,2022-08-12
ITUB4,1.02,2022-08-15,1,0.0215293180264566,0,1,1.0,27118711.719521612,2022-08-15,2022-08-15
ITUB4,1.02,2022-08-16,0,-0.0162703106305197,0,1,1.0,27118711.719521612,2022-08-16,2022-08-19
ITUB4,1.02,2022-08-17,0,-0.0244632343440613,0,1,1.0,27118711.719521612,2022-08-16,2022-08-19
ITUB4,1.02,2022-08-18,0,-0.010447767475726,0,1,0.0,27118711.719521612,2022-08-16,2022-08-19
ITUB4,1.02,2022-08-19,0,0.0170454359817622,0,0,0.0,27580961.98404458,2022-08-16,2022-08-19
ITUB4,1.02,2022-08-22,1,0.0299810061675065,0,1,0.0,28132581.223725475,2022-08-22,2022-08-22
ITUB4,1.02,2022-08-23,1,0.0299810061675065,0,0,0.0,28695232.848199986,2022-08-23,2022-08-23
ITUB4,1.02,2022-08-24,0,-0.00488537720023,0,0,0.0,28695232.848199986,2022-08-24,2022-08-29
ITUB4,1.02,2022-08-25,0,-0.040520448370624,1,1,1.0,28695232.848199986,2022-08-24,2022-08-29
ITUB4,1.02,2022-08-26,0,-0.0125122042816372,0,0,0.0,28695232.848199986,2022-08-24,2022-08-29
ITUB4,1.02,2022-08-29,0,-0.0053098970989149,0,0,1.0,28542864.11454664,2022-08-24,2022-08-29
ITUB4,1.02,2022-08-30,1,0.0220794488641768,0,0,0.0,29113721.396837573,2022-08-30,2022-08-30
ITUB4,1.02,2022-08-31,1,0.0448963798566997,0,0,0.0,29695995.824774325,2022-08-31,2022-08-31
ITUB4,1.02,2022-09-01,1,0.0333965877061461,0,1,1.0,30289915.741269812,2022-09-01,2022-09-01
ITUB4,1.02,2022-09-02,1,0.0221471151764578,0,0,0.0,30895714.05609521,2022-09-02,2022-09-02
ITUB4,1.02,2022-09-05,1,0.0232209403372787,0,1,0.0,31513628.337217115,2022-09-05,2022-09-05
ITUB4,1.02,2022-09-06,0,-0.0037174668044412,0,1,1.0,31513628.337217115,2022-09-06,2022-09-08
ITUB4,1.02,2022-09-08,1,0.0232209403372787,0,1,0.0,32143900.903961457,2022-09-06,2022-09-08
ITUB4,1.02,2022-09-09,0,-0.0085185063855031,0,1,1.0,32143900.903961457,2022-09-09,2022-09-13
ITUB4,1.02,2022-09-12,0,-0.0074404655456176,0,1,1.0,32143900.903961457,2022-09-09,2022-09-13
ITUB4,1.02,2022-09-13,1,0.039640979866611,0,1,1.0,32786778.922040686,2022-09-09,2022-09-13
ITUB4,1.02,2022-09-14,1,0.0762298055066221,0,0,0.0,33442514.5004815,2022-09-14,2022-09-14
ITUB4,1.02,2022-09-15,1,0.0781955291287419,0,1,1.0,34111364.790491134,2022-09-15,2022-09-15
ITUB4,1.02,2022-09-16,1,0.0898158828769895,0,1,1.0,34793592.086300954,2022-09-16,2022-09-16
ITUB4,1.02,2022-09-19,1,0.0424155154093417,0,1,1.0,35489463.928026974,2022-09-19,2022-09-19
ITUB4,1.02,2022-09-20,0,-0.0283216839796895,0,1,1.0,35489463.928026974,2022-09-20,2022-09-23
ITUB4,1.02,2022-09-21,0,-0.0370759401198994,0,0,0.0,35489463.928026974,2022-09-20,2022-09-23
ITUB4,1.02,2022-09-22,0,-0.0309859187811997,0,1,0.0,35489463.928026974,2022-09-20,2022-09-23
ITUB4,1.02,2022-09-23,0,-0.0071098370832829,0,0,1.0,35237139.62132566,2022-09-20,2022-09-23
ITUB4,1.02,2022-09-26,0,0.0028591810669964,0,0,0.0,35237139.62132566,2022-09-26,2022-09-27
ITUB4,1.02,2022-09-27,1,0.0804475099369617,0,0,0.0,35941882.41375217,2022-09-26,2022-09-27
ITUB4,1.02,2022-09-28,1,0.100838121628203,0,1,1.0,36660720.062027216,2022-09-28,2022-09-28
ITUB4,1.02,2022-09-29,1,0.0869835998300745,0,1,1.0,37393934.46326776,2022-09-29,2022-09-29
ITUB4,1.02,2022-09-30,1,0.0493227056935587,0,0,0.0,38141813.152533114,2022-09-30,2022-09-30
