ativo,target,janela,data,target_real,resultado_real,RNA,Random Forest,SVC,ensemble_tecnicas
PETR4,1.01,60,2020-04-22,1,0.0133721536123996,1,1,1,1
PETR4,1.01,60,2020-04-23,1,0.1072496936241176,1,1,1,1
PETR4,1.01,60,2020-04-24,1,0.144981405668146,1,1,1,1
PETR4,1.01,60,2020-04-27,1,0.0845069560830893,1,1,1,1
PETR4,1.01,60,2020-04-28,1,0.0382021499655578,1,1,1,1
PETR4,1.01,60,2020-04-29,1,0.0278085666627887,1,1,1,1
PETR4,1.01,60,2020-04-30,1,0.0602407802116999,1,1,1,1
PETR4,1.01,60,2020-05-04,1,0.0379889216983171,1,1,1,1
PETR4,1.01,60,2020-05-05,1,0.0593171999291648,1,1,1,1
PETR4,1.01,60,2020-05-06,1,0.0664788575486343,1,1,1,1
PETR4,1.01,60,2020-05-07,1,0.0670799178249585,1,1,1,1
PETR4,1.01,60,2020-05-08,1,0.0344260879153188,1,1,1,1
PETR4,1.01,60,2020-05-11,1,0.0161900445935392,1,1,1,1
PETR4,1.01,60,2020-05-12,1,0.0153341664049888,1,1,1,1
PETR4,1.01,60,2020-05-13,1,0.0879309545069753,1,1,1,1
PETR4,1.01,60,2020-05-14,1,0.0806003418315148,1,1,1,1
PETR4,1.01,60,2020-05-15,1,0.0922651612400966,1,1,1,1
PETR4,1.01,60,2020-05-18,1,0.0680714034989544,1,1,1,1
PETR4,1.01,60,2020-05-19,1,0.035620830404597,1,1,1,1
PETR4,1.01,60,2020-05-20,1,0.0302563143860075,1,1,1,1
PETR4,1.01,60,2020-05-21,1,0.0686169933976437,1,1,1,1
PETR4,1.01,60,2020-05-22,1,0.0313140539654954,1,1,1,1
PETR4,1.01,60,2020-05-25,1,0.0180180422799871,1,1,1,1
PETR4,1.01,60,2020-05-26,1,0.0383838527951476,1,1,1,1
PETR4,1.01,60,2020-05-27,1,0.0868462317950209,1,1,1,1
PETR4,1.01,60,2020-05-28,1,0.120716069065146,1,1,1,1
PETR4,1.01,60,2020-05-29,1,0.0873448918647057,1,1,1,1
PETR4,1.01,60,2020-06-01,1,0.1098793864624998,1,1,1,1
PETR4,1.01,60,2020-06-02,1,0.0535223310601669,1,1,1,1
PETR4,1.01,60,2020-06-03,1,0.0766712675108134,1,1,1,1
PETR4,1.01,60,2020-06-04,1,0.0331986179337593,1,1,1,1
PETR4,1.01,60,2020-06-05,0,-0.0864745645982563,1,1,1,1
PETR4,1.01,60,2020-06-08,0,-0.0603721659282762,1,1,1,1
PETR4,1.01,60,2020-06-09,0,-0.0237551860048348,1,1,1,1
PETR4,1.01,60,2020-06-10,1,0.0625605891186835,1,1,1,1
PETR4,1.01,60,2020-06-12,1,0.1060070899326826,1,1,1,1
PETR4,1.01,60,2020-06-15,1,0.0306123388057701,1,1,1,1
PETR4,1.01,60,2020-06-16,1,0.0344506793207464,1,1,1,1
PETR4,1.01,60,2020-06-17,1,0.0491030301452115,1,1,1,1
PETR4,1.01,60,2020-06-18,0,-0.0454545176613091,1,1,1,1
PETR4,1.01,60,2020-06-19,1,0.021759269062189,1,1,1,1
PETR4,1.01,60,2020-06-22,1,0.0400565652864548,1,1,1,1
PETR4,1.01,60,2020-06-23,0,0.0079105963337711,1,1,1,1
PETR4,1.01,60,2020-06-24,1,0.0425633478118987,1,1,1,1
PETR4,1.01,60,2020-06-25,1,0.0490334162424885,1,1,1,1
PETR4,1.01,60,2020-06-26,1,0.0545022994188575,1,1,1,1
PETR4,1.01,60,2020-06-29,1,0.0426428940302974,1,1,1,1
PETR4,1.01,60,2020-06-30,1,0.0510344454365885,1,1,1,1
PETR4,1.01,60,2020-07-01,1,0.0343891523900985,1,1,1,1
PETR4,1.01,60,2020-07-02,1,0.0414578272901293,1,1,1,1
PETR4,1.01,60,2020-07-03,1,0.0209915254059085,1,1,1,1
PETR4,1.01,60,2020-07-06,1,0.0210385081005113,1,1,1,1
PETR4,1.01,60,2020-07-07,1,0.0160355046958906,1,1,0,0
PETR4,1.01,60,2020-07-08,0,0.0052676869876084,1,1,1,1
PETR4,1.01,60,2020-07-09,1,0.0558811186680954,1,1,1,1
PETR4,1.01,60,2020-07-10,1,0.0362672536887196,1,1,1,1
PETR4,1.01,60,2020-07-13,1,0.0587438283283716,1,0,1,0
PETR4,1.01,60,2020-07-14,0,-0.0198276761796528,1,1,1,1
PETR4,1.01,60,2020-07-15,1,0.0189982322565693,1,1,1,1
PETR4,1.01,60,2020-07-16,1,0.0337276305722313,1,0,1,0
PETR4,1.01,60,2020-07-17,1,0.0396476306088833,1,1,1,1
PETR4,1.01,60,2020-07-20,1,0.0194384706524273,1,1,1,1
PETR4,1.01,60,2020-07-21,0,-0.0042728634059212,1,1,1,1
PETR4,1.01,60,2020-07-22,0,-0.0155440557454417,1,1,1,1
PETR4,1.01,60,2020-07-23,1,0.0346050802139437,1,1,1,1
PETR4,1.01,60,2020-07-24,1,0.0196763776125841,1,1,1,1
PETR4,1.01,60,2020-07-27,1,0.0121527739767364,1,1,1,1
PETR4,1.01,60,2020-07-28,0,-0.0534086229706406,1,0,1,0
PETR4,1.01,60,2020-07-29,0,-0.0497381707311704,1,1,1,1
PETR4,1.01,60,2020-07-30,1,0.0157068216465092,1,0,1,0
PETR4,1.01,60,2020-07-31,1,0.0439218842246185,1,1,1,1
PETR4,1.01,60,2020-08-03,1,0.0964585465518885,1,1,1,1
PETR4,1.01,60,2020-08-04,1,0.0584795224323864,1,1,1,1
PETR4,1.01,60,2020-08-05,1,0.0257731243932881,1,1,1,1
PETR4,1.01,60,2020-08-06,1,0.0446194194832698,1,1,1,1
PETR4,1.01,60,2020-08-07,1,0.0427946697901173,1,1,1,1
PETR4,1.01,60,2020-08-10,0,-0.043863313204523,1,1,1,1
PETR4,1.01,60,2020-08-11,1,0.0136985630868819,1,1,1,1
PETR4,1.01,60,2020-08-12,0,-0.0183368657117317,1,1,1,1
PETR4,1.01,60,2020-08-13,1,0.0241545223046959,1,1,1,1
PETR4,1.01,60,2020-08-14,1,0.0282187076994067,1,1,1,1
PETR4,1.01,60,2020-08-17,1,0.0170081795308165,1,1,1,1
PETR4,1.01,60,2020-08-18,1,0.0161219301653134,1,1,1,1
PETR4,1.01,60,2020-08-19,1,0.0279750845433317,1,1,1,1
PETR4,1.01,60,2020-08-20,1,0.0270629836898488,1,1,1,1
PETR4,1.01,60,2020-08-21,1,0.0126859681879138,1,1,1,1
PETR4,1.01,60,2020-08-24,0,-0.0238197708992099,1,1,1,1
PETR4,1.01,60,2020-08-25,0,-0.0390693426912408,1,1,1,1
PETR4,1.01,60,2020-08-26,1,0.0255376864539942,1,1,1,1
PETR4,1.01,60,2020-08-27,1,0.038202294401777,1,1,1,1
PETR4,1.01,60,2020-08-28,1,0.0358423484498409,1,1,1,1
PETR4,1.01,60,2020-08-31,1,0.0414414496297004,1,1,1,1
PETR4,1.01,60,2020-09-01,0,-0.0292193983295993,1,1,1,1
PETR4,1.01,60,2020-09-02,1,0.022556388740814,1,1,1,1
PETR4,1.01,60,2020-09-03,0,-0.0382609387307091,1,1,1,1
PETR4,1.01,60,2020-09-04,1,0.0120000872864061,1,1,1,1
PETR4,1.01,60,2020-09-08,1,0.0124499730473133,1,1,1,1
PETR4,1.01,60,2020-09-09,0,-0.0403011017949909,1,1,1,1
PETR4,1.01,60,2020-09-10,0,-0.017630994549549,1,1,1,1
PETR4,1.01,60,2020-09-11,1,0.0104831382002961,1,1,1,1
PETR4,1.01,60,2020-09-14,0,-0.0150136375646784,1,1,1,1
PETR4,1.01,60,2020-09-15,1,0.0146452375697476,1,1,1,1
PETR4,1.01,60,2020-09-16,1,0.0306833821355105,1,0,1,0
PETR4,1.01,60,2020-09-17,0,-0.0800363788514509,1,1,1,1
PETR4,1.01,60,2020-09-18,0,-0.0418036422499988,1,1,1,1
PETR4,1.01,60,2020-09-21,1,0.0186067541057357,1,1,1,1
PETR4,1.01,60,2020-09-22,0,-0.0562499747376964,1,1,1,1
PETR4,1.01,60,2020-09-23,1,0.023221412747818,0,1,1,0
PETR4,1.01,60,2020-09-24,1,0.0203474069648286,1,0,1,0
PETR4,1.01,60,2020-09-25,1,0.0113133328205419,1,1,1,1
PETR4,1.01,60,2020-09-28,1,0.021905220540078,1,1,1,1
PETR4,1.01,60,2020-09-29,1,0.0338461294368095,1,1,1,1
PETR4,1.01,60,2020-09-30,1,0.0539715823146123,1,1,1,1
PETR4,1.01,60,2020-10-01,1,0.0491637106908913,0,1,1,0
PETR4,1.01,60,2020-10-02,1,0.069214968807024,1,1,1,1
PETR4,1.01,60,2020-10-05,1,0.0112359569020807,1,1,1,1
PETR4,1.01,60,2020-10-06,1,0.0295000215226755,1,1,1,1
PETR4,1.01,60,2020-10-07,1,0.0274450333279576,1,1,1,1
PETR4,1.01,60,2020-10-08,0,-0.0290069025790472,1,1,1,1
PETR4,1.01,60,2020-10-09,1,0.023103971418408,0,1,1,0
PETR4,1.01,60,2020-10-13,1,0.0139372769807193,1,1,1,1
PETR4,1.01,60,2020-10-14,1,0.033129541417626,1,1,1,1
PETR4,1.01,60,2020-10-15,1,0.0335536127262254,1,1,1,1
PETR4,1.01,60,2020-10-16,1,0.0736733755814722,1,1,1,1
PETR4,1.01,60,2020-10-19,1,0.0747332019510054,1,1,1,1
PETR4,1.01,60,2020-10-20,1,0.0486111782990374,1,1,1,1
PETR4,1.01,60,2020-10-21,1,0.0517414227184693,1,1,1,1
PETR4,1.01,60,2020-10-22,0,-0.108405109836036,1,1,1,1
PETR4,1.01,60,2020-10-23,0,-0.0511558893661155,1,1,1,1
PETR4,1.01,60,2020-10-26,0,-0.0651529662894865,1,1,1,1
PETR4,1.01,60,2020-10-27,1,0.0284236935716306,1,1,1,1
PETR4,1.01,60,2020-10-28,1,0.0889853951200285,1,1,1,1
PETR4,1.01,60,2020-10-29,1,0.0485894193537503,1,1,1,1
PETR4,1.01,60,2020-10-30,1,0.0287032169211118,1,1,1,1
PETR4,1.01,60,2020-11-03,1,0.1339330340711808,1,1,1,1
PETR4,1.01,60,2020-11-04,1,0.1604010755943514,1,1,1,1
PETR4,1.01,60,2020-11-05,1,0.1948849589672419,1,1,1,1
PETR4,1.01,60,2020-11-06,1,0.1065845802493974,1,1,1,1
PETR4,1.01,60,2020-11-09,1,0.0671540465320925,1,1,1,1
PETR4,1.01,60,2020-11-10,1,0.0119914306803248,1,1,1,1
PETR4,1.01,60,2020-11-11,1,0.0615655018459815,0,1,1,0
PETR4,1.01,60,2020-11-12,1,0.0962761258024538,1,1,1,1
PETR4,1.01,60,2020-11-13,1,0.0405172167622318,1,1,1,1
PETR4,1.01,60,2020-11-16,1,0.0472884597063361,1,1,1,1
PETR4,1.01,60,2020-11-17,1,0.0462693479920479,1,1,1,1
PETR4,1.01,60,2020-11-18,1,0.1324841168170603,1,1,1,1
PETR4,1.01,60,2020-11-19,1,0.1187080358218455,1,1,1,1
PETR4,1.01,60,2020-11-20,1,0.1089396559728215,1,1,1,1
PETR4,1.01,60,2020-11-23,1,0.0401716557164164,1,1,1,1
PETR4,1.01,60,2020-11-24,1,0.0114504791708942,1,1,1,1
PETR4,1.01,60,2020-11-25,0,-0.013107211474887,1,1,1,1
PETR4,1.01,60,2020-11-26,1,0.0223766385143375,1,1,1,1
PETR4,1.01,60,2020-11-27,1,0.0645288839505737,1,0,1,0
PETR4,1.01,60,2020-11-30,1,0.0854330716480216,1,1,1,1
PETR4,1.01,60,2020-12-01,1,0.085546849189031,1,1,1,1
PETR4,1.01,60,2020-12-02,1,0.062715141554414,1,1,1,1
PETR4,1.01,60,2020-12-03,1,0.0220668746917995,1,1,1,1
PETR4,1.01,60,2020-12-04,1,0.034103466641937,1,1,1,1
PETR4,1.01,60,2020-12-07,1,0.0518462555837477,1,1,1,1
PETR4,1.01,60,2020-12-08,1,0.0615845820517182,1,1,1,1
PETR4,1.01,60,2020-12-09,1,0.0397203991816694,1,1,1,1
PETR4,1.01,60,2020-12-10,1,0.0283739001858107,1,1,1,1
PETR4,1.01,60,2020-12-11,1,0.0128433943321577,1,1,1,1
PETR4,1.01,60,2020-12-14,1,0.0212230351155142,1,1,1,1
PETR4,1.01,60,2020-12-15,1,0.0193896056740452,1,1,1,1
PETR4,1.01,60,2020-12-16,0,-0.0360423993836949,1,1,1,1
PETR4,1.01,60,2020-12-17,0,-0.005338063598401,1,1,1,1
PETR4,1.01,60,2020-12-18,1,0.0489149303032525,1,0,1,0
PETR4,1.01,60,2020-12-21,1,0.0485293786737095,1,0,1,0
PETR4,1.01,60,2020-12-22,1,0.0397374790767779,1,1,1,1
PETR4,1.01,60,2020-12-23,1,0.0289139779629279,1,1,1,1
PETR4,1.01,60,2020-12-28,1,0.0634248912798758,1,1,1,1
PETR4,1.01,60,2020-12-29,1,0.089947081787943,1,1,1,1
PETR4,1.01,60,2020-12-30,1,0.0872600340846119,1,1,1,1
PETR4,1.01,60,2021-01-04,1,0.098961940615295,0,1,1,0
PETR4,1.01,60,2021-01-05,1,0.053050476550895,1,1,1,1
PETR4,1.01,60,2021-01-06,1,0.0468029723583443,1,0,1,0
PETR4,1.01,60,2021-01-07,0,-0.0734265237166422,1,1,1,1
PETR4,1.01,60,2021-01-08,1,0.0310355226722287,1,1,1,1
PETR4,1.01,60,2021-01-11,1,0.0141387348362074,1,1,1,1
PETR4,1.01,60,2021-01-12,0,-0.0850717360350672,1,1,1,1
PETR4,1.01,60,2021-01-13,1,0.0171408511513986,1,1,1,1
PETR4,1.01,60,2021-01-14,0,-0.0289156517716615,1,1,1,1
PETR4,1.01,60,2021-01-15,1,0.0286117659356985,1,1,1,1
PETR4,1.01,60,2021-01-18,1,0.0224719193995492,1,1,1,1
PETR4,1.01,60,2021-01-19,0,-0.0673575574925343,1,1,1,1
PETR4,1.01,60,2021-01-20,1,0.0135617285061899,0,1,1,0
PETR4,1.01,60,2021-01-21,1,0.0564425724660078,1,1,1,1
PETR4,1.01,60,2021-01-22,1,0.0440367010971873,1,1,1,1
PETR4,1.01,60,2021-01-26,1,0.0611711081597603,1,1,1,1
PETR4,1.01,60,2021-01-27,1,0.0666177738814544,1,1,1,1
PETR4,1.01,60,2021-01-28,1,0.058866212819413,1,1,1,1
PETR4,1.01,60,2021-01-29,1,0.068965474701877,1,1,1,1
PETR4,1.01,60,2021-02-01,1,0.0595070696468591,1,1,1,1
PETR4,1.01,60,2021-02-02,1,0.0383023367754697,1,1,1,1
PETR4,1.01,60,2021-02-03,1,0.0437045195378187,1,1,1,1
PETR4,1.01,60,2021-02-04,1,0.0383023367754697,1,1,1,1
PETR4,1.01,60,2021-02-05,1,0.0277095698779759,1,1,1,1
PETR4,1.01,60,2021-02-08,1,0.0160427365111328,1,1,1,1
PETR4,1.01,60,2021-02-09,1,0.0670511756331748,1,1,1,1
PETR4,1.01,60,2021-02-10,1,0.0987917516010608,1,1,1,1
PETR4,1.01,60,2021-02-11,1,0.1118302641819366,1,1,1,1
PETR4,1.01,60,2021-02-12,1,0.0841514822426843,1,1,1,1
PETR4,1.01,60,2021-02-17,1,0.0177747580149352,1,1,1,1
PETR4,1.01,60,2021-02-18,1,0.0164109905382394,1,1,1,1
PETR4,1.01,60,2021-02-19,1,0.1074561342051942,1,1,1,1
PETR4,1.01,60,2021-02-22,1,0.0954447126835398,1,1,1,1
PETR4,1.01,60,2021-02-23,1,0.0285132971553687,0,1,1,0
PETR4,1.01,60,2021-02-24,1,0.0100001076133773,1,1,1,1
PETR4,1.01,60,2021-02-25,0,-0.0866378953584631,1,1,1,1
PETR4,1.01,60,2021-02-26,1,0.0105262272916404,1,1,1,1
PETR4,1.01,60,2021-03-01,1,0.0631868267234954,0,1,1,0
PETR4,1.01,60,2021-03-02,1,0.065137557219737,1,1,1,1
PETR4,1.01,60,2021-03-03,1,0.0901408873209306,1,1,1,1
PETR4,1.01,60,2021-03-04,1,0.0347592913714933,1,1,1,1
PETR4,1.01,60,2021-03-05,1,0.0706473356615231,1,1,1,1
PETR4,1.01,60,2021-03-08,1,0.0997191743154943,1,1,1,1
PETR4,1.01,60,2021-03-09,1,0.0788515374390566,1,1,1,1
PETR4,1.01,60,2021-03-10,1,0.0468611132833465,1,1,1,1
PETR4,1.01,60,2021-03-11,1,0.0423326708699991,1,1,1,1
PETR4,1.01,60,2021-03-12,1,0.0441368810979265,1,1,1,1
PETR4,1.01,60,2021-03-15,1,0.0211596274518846,0,1,1,0
PETR4,1.01,60,2021-03-16,1,0.0427831765158455,1,1,1,1
PETR4,1.01,60,2021-03-17,0,-0.0452260365335694,1,1,1,1
PETR4,1.01,60,2021-03-18,1,0.033089840924009,1,1,1,1
PETR4,1.01,60,2021-03-19,0,-0.0206838604648917,1,1,1,1
PETR4,1.01,60,2021-03-22,1,0.0306430473812928,1,1,1,1
PETR4,1.01,60,2021-03-23,1,0.0297542111520974,1,0,1,0
PETR4,1.01,60,2021-03-24,1,0.056828122761604,1,1,1,1
PETR4,1.01,60,2021-03-25,1,0.0319421337513206,1,1,1,1
PETR4,1.01,60,2021-03-26,1,0.0449871700496844,1,1,1,1
PETR4,1.01,60,2021-03-29,1,0.0317257998665645,1,1,1,1
PETR4,1.01,60,2021-03-30,1,0.0247899341927801,1,1,1,1
PETR4,1.01,60,2021-03-31,0,-0.0119389817987084,1,1,1,1
PETR4,1.01,60,2021-04-01,0,-0.0178202579760587,1,1,1,1
PETR4,1.01,60,2021-04-05,0,-0.0219190465892045,1,1,1,1
PETR4,1.01,60,2021-04-06,1,0.0179615492347184,1,0,1,0
PETR4,1.01,60,2021-04-07,1,0.0162635933129819,1,0,1,0
PETR4,1.01,60,2021-04-08,1,0.0459574935757534,1,1,1,1
PETR4,1.01,60,2021-04-09,1,0.0278127068050666,1,1,1,1
PETR4,1.01,60,2021-04-12,1,0.0269555129978606,1,1,1,1
PETR4,1.01,60,2021-04-13,1,0.0628850332373001,1,1,1,1
PETR4,1.01,60,2021-04-14,1,0.0502109302570816,1,1,1,1
PETR4,1.01,60,2021-04-15,1,0.0760917384597092,1,1,1,1
PETR4,1.01,60,2021-04-16,1,0.0845315605724039,1,1,1,1
PETR4,1.01,60,2021-04-19,1,0.0106863116716293,1,1,1,1
PETR4,1.01,60,2021-04-20,0,-0.0430820900039322,1,1,1,1
PETR4,1.01,60,2021-04-22,1,0.0121441115224545,1,1,1,1
PETR4,1.01,60,2021-04-23,1,0.0184487254180953,1,1,1,1
PETR4,1.01,60,2021-04-26,1,0.0197314125656382,1,1,1,1
PETR4,1.01,60,2021-04-27,1,0.0380342288033601,1,1,1,1
PETR4,1.01,60,2021-04-28,0,-0.050994995845274,1,1,1,1
PETR4,1.01,60,2021-04-29,1,0.0235042455720417,1,1,1,1
PETR4,1.01,60,2021-04-30,0,-0.0126049656090858,1,1,1,1
PETR4,1.01,60,2021-05-03,1,0.0386575092952425,1,1,1,1
PETR4,1.01,60,2021-05-04,1,0.0781183485023468,1,1,1,1
PETR4,1.01,60,2021-05-05,1,0.0615774148070393,1,1,1,1
PETR4,1.01,60,2021-05-06,1,0.0799491997977022,1,1,1,1
PETR4,1.01,60,2021-05-07,1,0.0294354917016181,1,1,1,1
PETR4,1.01,60,2021-05-10,1,0.0793781829298561,1,0,1,0
PETR4,1.01,60,2021-05-11,1,0.0685370046741278,1,1,1,1
PETR4,1.01,60,2021-05-12,1,0.0823909486914475,1,1,1,1
PETR4,1.01,60,2021-05-13,1,0.0387597495655438,1,1,1,1
PETR4,1.01,60,2021-05-14,1,0.019011372500109,1,1,1,1
PETR4,1.01,60,2021-05-17,0,-0.0280898992805616,1,1,1,1
PETR4,1.01,60,2021-05-18,1,0.025918760189721,1,0,1,0
PETR4,1.01,60,2021-05-19,1,0.0179731919072227,1,0,1,0
PETR4,1.01,60,2021-05-20,1,0.0207054948713221,1,0,1,0
PETR4,1.01,60,2021-05-21,1,0.0129375321794504,1,1,1,1
PETR4,1.01,60,2021-05-24,1,0.0203928469823706,1,1,1,1
PETR4,1.01,60,2021-05-25,1,0.0497877131738404,1,1,1,1
PETR4,1.01,60,2021-05-26,1,0.062116609390211,1,1,1,1
PETR4,1.01,60,2021-05-27,1,0.0713740100571069,1,1,1,1
PETR4,1.01,60,2021-05-28,1,0.061572628035857,1,1,1,1
PETR4,1.01,60,2021-05-31,1,0.0445255214382931,1,0,1,0
PETR4,1.01,60,2021-06-01,1,0.0530164677382605,1,1,1,1
PETR4,1.01,60,2021-06-02,1,0.0363507339903745,1,1,1,1
PETR4,1.01,60,2021-06-04,1,0.0203508582829727,1,1,1,1
PETR4,1.01,60,2021-06-07,1,0.0323039068456438,1,1,1,1
PETR4,1.01,60,2021-06-08,1,0.0219359242314471,1,1,1,1
PETR4,1.01,60,2021-06-09,1,0.0180367398893177,1,1,1,1
PETR4,1.01,60,2021-06-10,1,0.0190971998592572,1,1,1,1
PETR4,1.01,60,2021-06-11,1,0.0155708952938249,1,1,1,1
PETR4,1.01,60,2021-06-14,1,0.0113949690348726,1,1,1,1
PETR4,1.01,60,2021-06-15,0,-0.004470447420739,1,1,1,1
PETR4,1.01,60,2021-06-16,0,0.0031023931064211,1,1,1,1
PETR4,1.01,60,2021-06-17,1,0.054285740518265,1,0,1,0
PETR4,1.01,60,2021-06-18,1,0.044014062114893,1,1,1,1
PETR4,1.01,60,2021-06-21,1,0.0272413954844319,1,0,1,0
PETR4,1.01,60,2021-06-22,1,0.0184616267796944,1,1,1,1
PETR4,1.01,60,2021-06-23,1,0.0101729882499173,1,1,1,1
PETR4,1.01,60,2021-06-24,0,-0.0087571985645288,1,1,1,1
PETR4,1.01,60,2021-06-25,1,0.0239890344254447,1,1,1,1
PETR4,1.01,60,2021-06-28,1,0.0271571143873998,1,1,1,1
PETR4,1.01,60,2021-06-29,1,0.0292800808709725,1,1,1,1
PETR4,1.01,60,2021-06-30,0,-0.0696032272031508,1,1,1,1
PETR4,1.01,60,2021-07-01,0,-0.0426620976567017,1,1,1,1
PETR4,1.01,60,2021-07-02,0,-0.0523957481162358,1,1,1,1
PETR4,1.01,60,2021-07-05,0,-0.0337978435887517,1,0,1,0
PETR4,1.01,60,2021-07-06,0,-0.0088810367640819,1,0,1,0
PETR4,1.01,60,2021-07-07,1,0.0291971002306419,0,1,1,0
PETR4,1.01,60,2021-07-08,1,0.0224800461199341,1,1,1,1
PETR4,1.01,60,2021-07-12,1,0.023222052560659,1,0,1,0
PETR4,1.01,60,2021-07-13,0,-0.0661921376838154,1,0,1,0
PETR4,1.01,60,2021-07-14,0,-0.0327392145282757,1,1,1,1
PETR4,1.01,60,2021-07-15,0,-0.0099154622294026,1,0,1,0
PETR4,1.01,60,2021-07-16,1,0.0489025621439545,0,1,1,0
PETR4,1.01,60,2021-07-19,1,0.040091578821416,1,0,1,0
PETR4,1.01,60,2021-07-20,1,0.0253826042255791,0,1,1,0
PETR4,1.01,60,2021-07-21,1,0.0174073687056175,0,1,1,0
PETR4,1.01,60,2021-07-22,1,0.0295201932901534,1,1,1,1
PETR4,1.01,60,2021-07-23,1,0.0441286122716564,1,1,1,1
PETR4,1.01,60,2021-07-26,1,0.0208409308457317,1,1,1,1
PETR4,1.01,60,2021-07-27,1,0.0178636190698546,1,0,1,0
PETR4,1.01,60,2021-07-28,0,-0.0341727048192065,1,1,1,1
PETR4,1.01,60,2021-07-29,0,-0.0478260767039558,1,0,1,0
PETR4,1.01,60,2021-07-30,1,0.0654412503648971,1,0,1,0
PETR4,1.01,60,2021-08-02,1,0.0993929921892649,1,1,1,1
PETR4,1.01,60,2021-08-03,1,0.0915254935299119,1,1,1,1
PETR4,1.01,60,2021-08-04,0,-0.0163477906147179,1,1,1,1
PETR4,1.01,60,2021-08-05,1,0.0171929487626698,1,1,1,1
PETR4,1.01,60,2021-08-06,1,0.0443650327384093,1,1,1,1
PETR4,1.01,60,2021-08-09,1,0.0462897409075715,1,1,1,1
PETR4,1.01,60,2021-08-10,1,0.0514914901172665,1,1,1,1
PETR4,1.01,60,2021-08-11,1,0.0331472880750878,1,1,1,1
PETR4,1.01,60,2021-08-12,1,0.0189263362902256,1,1,1,1
PETR4,1.01,60,2021-08-13,0,-0.0333330064309864,1,0,0,0
PETR4,1.01,60,2021-08-16,1,0.0294336843557894,1,1,1,1
PETR4,1.01,60,2021-08-17,1,0.0103588205070286,1,1,1,1
PETR4,1.01,60,2021-08-18,1,0.0521705172772521,1,1,1,1
PETR4,1.01,60,2021-08-19,1,0.0541666913878324,1,1,1,1
PETR4,1.01,60,2021-08-20,1,0.0348924501154108,0,1,1,0
PETR4,1.01,60,2021-08-23,1,0.0439720952573237,1,0,1,0
PETR4,1.01,60,2021-08-24,1,0.0390880224695273,1,0,1,0
PETR4,1.01,60,2021-08-25,1,0.0409717862264511,1,1,1,1
PETR4,1.01,60,2021-08-26,1,0.0364621781599472,1,1,1,1
PETR4,1.01,60,2021-08-27,1,0.0109155597851211,1,0,1,0
PETR4,1.01,60,2021-08-30,0,-0.0663120217862099,1,1,1,1
PETR4,1.01,60,2021-08-31,0,-0.031478762231286,1,1,1,1
PETR4,1.01,60,2021-09-01,1,0.0129629128288475,1,1,1,1
PETR4,1.01,60,2021-09-02,0,-0.0431519211162307,1,1,1,1
PETR4,1.01,60,2021-09-03,1,0.0190766145196239,1,0,1,0
PETR4,1.01,60,2021-09-06,0,-0.0022822277935766,1,1,1,1
PETR4,1.01,60,2021-09-08,1,0.0522329014940954,0,1,1,0
PETR4,1.01,60,2021-09-09,1,0.0169101233406796,1,0,1,0
PETR4,1.01,60,2021-09-10,1,0.0255814169422052,1,0,1,0
PETR4,1.01,60,2021-09-13,1,0.0196532231110742,1,1,1,1
PETR4,1.01,60,2021-09-14,1,0.0176923589402422,1,1,1,1
PETR4,1.01,60,2021-09-15,0,-0.0333588877583707,0,1,1,0
PETR4,1.01,60,2021-09-16,0,-0.0046206987245774,1,1,1,1
PETR4,1.01,60,2021-09-17,1,0.1191859731001094,0,0,1,0
PETR4,1.01,60,2021-09-20,1,0.0789474360950952,1,1,1,1
PETR4,1.01,60,2021-09-21,1,0.0755972860476867,1,1,1,1
PETR4,1.01,60,2021-09-22,1,0.0747592241393186,0,1,1,0
PETR4,1.01,60,2021-09-23,1,0.0504708484827662,1,1,1,1
PETR4,1.01,60,2021-09-24,1,0.027634494678967,1,1,1,1
PETR4,1.01,60,2021-09-27,1,0.0297903626504529,1,1,1,1
PETR4,1.01,60,2021-09-28,1,0.058801911145073,1,1,1,1
PETR4,1.01,60,2021-09-29,1,0.0704686471209425,1,1,1,1
PETR4,1.01,60,2021-09-30,1,0.0866519235007257,1,1,1,1
PETR4,1.01,60,2021-10-01,1,0.0615995238248019,1,1,1,1
PETR4,1.01,60,2021-10-04,1,0.0210345084679417,1,1,1,1
PETR4,1.01,60,2021-10-05,1,0.0310880702589686,1,1,1,1
PETR4,1.01,60,2021-10-06,1,0.0400696390574562,1,1,1,1
PETR4,1.01,60,2021-10-07,1,0.0420690169358839,1,1,1,1
PETR4,1.01,60,2021-10-08,1,0.0244067897543807,1,1,1,1
PETR4,1.01,60,2021-10-11,1,0.0359959603225508,1,1,1,1
PETR4,1.01,60,2021-10-13,1,0.0120563195317067,1,1,1,1
PETR4,1.01,60,2021-10-14,0,-0.0466443235575446,1,1,1,1
PETR4,1.01,60,2021-10-15,0,-0.0663265876410538,1,1,1,1
PETR4,1.01,60,2021-10-18,0,-0.0704513800629793,1,1,1,1
PETR4,1.01,60,2021-10-19,1,0.0367880833661153,1,1,1,1
PETR4,1.01,60,2021-10-20,1,0.052045853433005,1,1,1,1
PETR4,1.01,60,2021-10-21,1,0.0815497279288253,1,1,1,1
PETR4,1.01,60,2021-10-22,1,0.0558357461092258,1,1,1,1
PETR4,1.01,60,2021-10-25,1,0.0156249400148185,1,1,1,1
PETR4,1.01,60,2021-10-26,1,0.0145681022988608,1,1,1,1
PETR4,1.01,60,2021-10-27,1,0.0252366056247101,1,1,1,1
PETR4,1.01,60,2021-10-28,0,-0.1074493788142753,1,1,1,1
PETR4,1.01,60,2021-10-29,1,0.0220137413396197,1,1,1,1
PETR4,1.01,60,2021-11-01,0,-0.057380012657372,1,1,1,1
PETR4,1.01,60,2021-11-03,0,-0.0140637158654046,1,1,1,1
PETR4,1.01,60,2021-11-04,1,0.0251045057293426,1,1,1,1
PETR4,1.01,60,2021-11-05,1,0.0441688775796762,1,1,1,1
PETR4,1.01,60,2021-11-08,1,0.0366411968556585,1,1,1,1
PETR4,1.01,60,2021-11-09,1,0.0360902035136156,1,1,1,1
PETR4,1.01,60,2021-11-10,1,0.0252976379205092,1,1,1,1
PETR4,1.01,60,2021-11-11,1,0.0475103860133503,1,1,1,1
PETR4,1.01,60,2021-11-12,1,0.0110050935737149,1,1,1,1
PETR4,1.01,60,2021-11-16,0,-0.03760493407988,1,1,1,1
PETR4,1.01,60,2021-11-17,1,0.0509554506595115,1,1,1,1
PETR4,1.01,60,2021-11-18,1,0.0896551878328943,1,1,1,1
PETR4,1.01,60,2021-11-19,1,0.1326995755030793,1,1,1,1
PETR4,1.01,60,2021-11-22,1,0.1195039523910266,1,1,1,1
PETR4,1.01,60,2021-11-23,1,0.0734341809060759,1,1,1,1
PETR4,1.01,60,2021-11-24,1,0.0265060289366969,1,1,1,1
PETR4,1.01,60,2021-11-25,1,0.0803099887611387,1,1,1,1
PETR4,1.01,60,2021-11-26,1,0.0900733625031537,0,1,1,0
PETR4,1.01,60,2021-11-29,1,0.1095585210913578,1,1,1,1
PETR4,1.01,60,2021-11-30,1,0.1019026360905237,1,1,1,1
PETR4,1.01,60,2021-12-01,1,0.0955909956067977,0,1,1,0
PETR4,1.01,60,2021-12-02,1,0.0558286864705832,1,1,1,1
PETR4,1.01,60,2021-12-03,1,0.0448227594438763,1,1,1,1
PETR4,1.01,60,2021-12-06,1,0.0280055105298218,1,0,1,0
PETR4,1.01,60,2021-12-07,1,0.0252043497775387,1,1,1,1
PETR4,1.01,60,2021-12-08,1,0.0343642895797005,1,1,1,1
PETR4,1.01,60,2021-12-09,1,0.0203390185509058,1,1,1,1
PETR4,1.01,60,2021-12-10,1,0.0128075745591176,1,1,1,1
PETR4,1.01,60,2021-12-13,1,0.0124957734639461,1,1,1,1
PETR4,1.01,60,2021-12-14,1,0.0302405898623052,1,1,1,1
PETR4,1.01,60,2021-12-15,1,0.0121540083065974,1,1,1,1
PETR4,1.01,60,2021-12-16,1,0.0109140831357992,1,1,1,1
PETR4,1.01,60,2021-12-17,0,-0.0038678447755591,1,1,1,1
PETR4,1.01,60,2021-12-20,0,0.0070052978798138,1,1,1,1
PETR4,1.01,60,2021-12-21,1,0.0309858590887794,1,1,1,1
PETR4,1.01,60,2021-12-22,1,0.0335333262756292,1,1,1,1
PETR4,1.01,60,2021-12-23,1,0.0338983067209948,1,1,1,1
PETR4,1.01,60,2021-12-27,0,0.0027577248007031,1,0,1,0
PETR4,1.01,60,2021-12-28,1,0.0243903019880957,1,1,1,1
PETR4,1.01,60,2021-12-29,1,0.0297723723477565,1,1,1,1
PETR4,1.01,60,2021-12-30,1,0.0301332214453287,1,1,1,1
PETR4,1.01,60,2022-01-03,0,-0.0336076497315809,1,1,1,1
PETR4,1.01,60,2022-01-04,0,-0.0404248143092862,1,1,1,1
PETR4,1.01,60,2022-01-05,1,0.0275715994328327,1,1,1,1
PETR4,1.01,60,2022-01-06,1,0.0640341654565914,1,1,1,1
PETR4,1.01,60,2022-01-07,1,0.0943194256443595,1,1,0,0
PETR4,1.01,60,2022-01-10,1,0.1245551573723986,1,1,1,1
PETR4,1.01,60,2022-01-11,1,0.0987910539027621,1,1,1,1
PETR4,1.01,60,2022-01-12,1,0.0829664886604353,1,0,1,0
PETR4,1.01,60,2022-01-13,1,0.0637384715703548,1,1,1,1
PETR4,1.01,60,2022-01-14,1,0.0257961920421108,1,1,1,1
PETR4,1.01,60,2022-01-17,1,0.0205956896223882,1,1,1,1
PETR4,1.01,60,2022-01-18,1,0.0109718126258249,1,1,1,1
PETR4,1.01,60,2022-01-19,1,0.0549206222736731,1,1,1,1
PETR4,1.01,60,2022-01-20,1,0.0855242521922468,1,1,1,1
PETR4,1.01,60,2022-01-21,1,0.0930892362200599,1,1,1,1
PETR4,1.01,60,2022-01-24,1,0.0927444769378367,1,1,1,1
PETR4,1.01,60,2022-01-25,1,0.0402401793422284,1,1,1,1
PETR4,1.01,60,2022-01-26,1,0.0113868288947935,1,1,1,1
PETR4,1.01,60,2022-01-27,1,0.0162722515697713,1,1,1,1
PETR4,1.01,60,2022-01-28,1,0.0304615371673488,1,1,1,1
PETR4,1.01,60,2022-01-31,1,0.035239552473107,1,1,1,1
PETR4,1.01,60,2022-02-01,0,-0.0377132343488486,1,1,1,1
PETR4,1.01,60,2022-02-02,1,0.0272025090037384,1,1,1,1
PETR4,1.01,60,2022-02-03,1,0.0253008744082747,1,1,1,1
PETR4,1.01,60,2022-02-04,1,0.01075271346029,1,1,1,1
PETR4,1.01,60,2022-02-07,1,0.0630093957913917,1,1,1,1
PETR4,1.01,60,2022-02-08,1,0.0693131734643803,1,1,1,1
PETR4,1.01,60,2022-02-09,1,0.0507739901917143,1,1,1,1
PETR4,1.01,60,2022-02-10,1,0.0357033684047531,1,1,1,1
PETR4,1.01,60,2022-02-11,0,-0.0313053925770061,1,1,1,1
PETR4,1.01,60,2022-02-14,1,0.0318432830879493,1,1,1,1
PETR4,1.01,60,2022-02-15,1,0.0356381172326738,1,1,1,1
PETR4,1.01,60,2022-02-16,1,0.0557077713737184,1,1,1,1
PETR4,1.01,60,2022-02-17,1,0.0647835559210929,1,1,1,1
PETR4,1.01,60,2022-02-18,1,0.0677760403314753,1,1,1,1
PETR4,1.01,60,2022-02-21,1,0.0312682283350607,1,1,1,1
PETR4,1.01,60,2022-02-22,1,0.0324751198613975,1,1,1,1
PETR4,1.01,60,2022-02-23,1,0.0140804461345511,1,1,1,1
PETR4,1.01,60,2022-02-24,1,0.0550074254613635,1,1,1,1
PETR4,1.01,60,2022-02-25,0,-0.0981281725962123,1,1,1,1
PETR4,1.01,60,2022-03-02,0,-0.0677771538262466,1,1,1,1
PETR4,1.01,60,2022-03-03,1,0.017605664592359,1,1,1,1
PETR4,1.01,60,2022-03-04,0,-0.0231883924746409,1,1,1,1
PETR4,1.01,60,2022-03-07,1,0.0812499941262243,1,1,1,1
PETR4,1.01,60,2022-03-08,1,0.0613497436730057,1,1,1,1
PETR4,1.01,60,2022-03-09,1,0.0613497436730057,1,1,1,1
PETR4,1.01,60,2022-03-10,1,0.0138602324903212,1,1,1,1
PETR4,1.01,60,2022-03-11,1,0.01418438460722,1,1,1,1
PETR4,1.01,60,2022-03-14,1,0.0128452083343941,1,1,1,1
PETR4,1.01,60,2022-03-15,1,0.0187301629458127,1,1,1,1
PETR4,1.01,60,2022-03-16,1,0.0271999514270957,1,1,1,1
PETR4,1.01,60,2022-03-17,1,0.0790960344177467,0,1,1,0
PETR4,1.01,60,2022-03-18,1,0.0546748240738448,0,1,1,0
PETR4,1.01,60,2022-03-21,1,0.0190684330593462,1,1,1,1
PETR4,1.01,60,2022-03-22,1,0.0209833698419972,1,1,1,1
PETR4,1.01,60,2022-03-23,1,0.0221528799938239,1,1,1,1
PETR4,1.01,60,2022-03-24,1,0.0261275374524891,1,1,1,1
PETR4,1.01,60,2022-03-25,1,0.0470991675018821,1,1,1,1
PETR4,1.01,60,2022-03-28,1,0.0516651639585588,1,1,1,1
PETR4,1.01,60,2022-03-29,1,0.0396923646366547,1,1,1,1
PETR4,1.01,60,2022-03-30,1,0.0374578172817818,1,1,1,1
PETR4,1.01,60,2022-03-31,0,-0.0354694822730411,1,1,1,1
PETR4,1.01,60,2022-04-01,1,0.0352583124905785,1,1,1,1
PETR4,1.01,60,2022-04-04,1,0.05358240806337,1,1,1,1
PETR4,1.01,60,2022-04-05,1,0.0555215113149274,1,1,1,1
PETR4,1.01,60,2022-04-06,1,0.0624999895298115,1,1,1,1
PETR4,1.01,60,2022-04-07,1,0.0214264403284751,1,1,1,1
PETR4,1.01,60,2022-04-08,1,0.0313765245039627,1,1,1,1
PETR4,1.01,60,2022-04-11,1,0.0163855744953131,1,1,1,1
PETR4,1.01,60,2022-04-12,1,0.0172727284297513,1,1,1,1
PETR4,1.01,60,2022-04-13,1,0.014873476687377,1,1,1,1
PETR4,1.01,60,2022-04-14,1,0.0269576829372226,1,1,1,1
PETR4,1.01,60,2022-04-18,1,0.0269576829372226,1,1,1,1
PETR4,1.01,60,2022-04-19,0,-0.050237004000049,1,1,1,1
PETR4,1.01,60,2022-04-20,0,-0.0318840539913639,1,1,1,1
PETR4,1.01,60,2022-04-22,1,0.0216883549379307,1,1,1,1
PETR4,1.01,60,2022-04-25,1,0.0491531264960036,1,1,1,1
PETR4,1.01,60,2022-04-26,1,0.0401712770922295,1,1,1,1
PETR4,1.01,60,2022-04-27,1,0.0374384500151121,1,1,1,1
PETR4,1.01,60,2022-04-28,1,0.0461789037710276,1,1,1,1
PETR4,1.01,60,2022-04-29,1,0.0772290451082937,1,1,1,1
PETR4,1.01,60,2022-05-02,1,0.0996015644357295,1,1,1,1
PETR4,1.01,60,2022-05-03,1,0.0823529103242595,1,1,1,1
PETR4,1.01,60,2022-05-04,1,0.0411820418264301,1,1,1,1
PETR4,1.01,60,2022-05-05,1,0.0373202538820542,1,1,1,1
PETR4,1.01,60,2022-05-06,1,0.0422018613163204,1,1,1,1
PETR4,1.01,60,2022-05-09,1,0.0642768700042513,1,1,1,1
PETR4,1.01,60,2022-05-10,1,0.0640634818439154,1,1,1,1
PETR4,1.01,60,2022-05-11,1,0.056524349180087,1,1,1,1
PETR4,1.01,60,2022-05-12,1,0.0304985636578332,1,0,1,0
PETR4,1.01,60,2022-05-13,1,0.0259854022935739,1,1,1,1
PETR4,1.01,60,2022-05-16,0,-0.0048571406257958,1,1,1,1
PETR4,1.01,60,2022-05-17,1,0.0623171632250512,1,1,1,1
PETR4,1.01,60,2022-05-18,1,0.0832339327988547,1,1,1,1
PETR4,1.01,60,2022-05-19,1,0.0497253738922032,1,1,1,1
PETR4,1.01,60,2022-05-20,1,0.0321205244427944,1,1,1,1
PETR4,1.01,60,2022-05-23,1,0.0435897979611328,1,1,1,1
PETR4,1.01,60,2022-05-24,1,0.0271293644117427,1,1,1,1
PETR4,1.01,60,2022-05-25,1,0.0168644612929524,1,1,1,1
PETR4,1.01,60,2022-05-26,0,-0.0662519844195982,1,1,1,1
PETR4,1.01,60,2022-05-27,0,-0.0350193873962222,1,1,1,1
PETR4,1.01,60,2022-05-30,0,-0.0042749222714496,1,1,1,1
PETR4,1.01,60,2022-05-31,1,0.0210702743872608,1,1,1,1
PETR4,1.01,60,2022-06-01,1,0.0443777285567901,1,1,1,1
PETR4,1.01,60,2022-06-02,1,0.0535173795336338,1,1,1,1
PETR4,1.01,60,2022-06-03,1,0.0262295360156534,1,1,1,1
PETR4,1.01,60,2022-06-06,1,0.0367671837310432,1,1,1,1
PETR4,1.01,60,2022-06-07,1,0.0239973860307252,0,1,1,0
PETR4,1.01,60,2022-06-08,0,-0.0298263020560204,1,1,1,1
PETR4,1.01,60,2022-06-09,0,-0.0309896368775448,1,1,1,1
PETR4,1.01,60,2022-06-10,1,0.0423845279812666,1,1,1,1
PETR4,1.01,60,2022-06-13,1,0.0198921004569812,1,1,1,1
PETR4,1.01,60,2022-06-14,0,-0.0976667365012742,1,1,1,1
PETR4,1.01,60,2022-06-15,0,-0.0418885122928658,1,1,1,1
PETR4,1.01,60,2022-06-17,1,0.0857033294464608,0,1,1,0
PETR4,1.01,60,2022-06-20,1,0.0129496420348143,0,0,1,0
PETR4,1.01,60,2022-06-21,1,0.0560571764896322,0,1,1,0
PETR4,1.01,60,2022-06-22,1,0.0685693043248565,1,1,1,1
PETR4,1.01,60,2022-06-23,1,0.0773542245484391,1,1,1,1
PETR4,1.01,60,2022-06-24,1,0.0749440359244058,1,1,1,1
PETR4,1.01,60,2022-06-27,0,-0.0017494622641642,1,1,1,1
PETR4,1.01,60,2022-06-28,1,0.0280899169376571,1,1,1,1
PETR4,1.01,60,2022-06-29,1,0.0589511945685257,1,1,1,1
PETR4,1.01,60,2022-06-30,1,0.0427350461597961,1,1,1,1
PETR4,1.01,60,2022-07-01,1,0.0259285503819022,1,1,1,1
PETR4,1.01,60,2022-07-04,0,-0.0034601820165686,1,1,1,1
PETR4,1.01,60,2022-07-05,1,0.0287642483322256,1,1,1,1
PETR4,1.01,60,2022-07-06,1,0.034642874249803,1,1,1,1
PETR4,1.01,60,2022-07-07,1,0.0154223905419161,1,1,1,1
PETR4,1.01,60,2022-07-08,1,0.0165960332731158,1,1,1,1
PETR4,1.01,60,2022-07-11,0,-0.0120141090439628,1,1,1,1
PETR4,1.01,60,2022-07-12,1,0.0199075205139762,1,1,1,1
PETR4,1.01,60,2022-07-13,1,0.0442856922418646,1,1,1,1
PETR4,1.01,60,2022-07-14,1,0.0555956468125176,1,1,1,1
PETR4,1.01,60,2022-07-15,1,0.0299401373220014,1,1,1,1
PETR4,1.01,60,2022-07-18,1,0.0322241185426852,1,1,1,1
PETR4,1.01,60,2022-07-19,1,0.057791544378166,1,1,1,1
PETR4,1.01,60,2022-07-20,1,0.0910972379119239,1,1,1,1
PETR4,1.01,60,2022-07-21,1,0.0888429046010539,1,1,1,1
PETR4,1.01,60,2022-07-22,1,0.1019926070373362,1,1,1,1
PETR4,1.01,60,2022-07-25,1,0.1108974999780016,1,1,1,1
PETR4,1.01,60,2022-07-26,1,0.1073482531018863,1,1,1,1
PETR4,1.01,60,2022-07-27,1,0.0971826749948781,1,1,1,1
PETR4,1.01,60,2022-07-28,1,0.0315476679223305,1,1,1,1
PETR4,1.01,60,2022-07-29,1,0.0147058395269796,1,1,1,1
PETR4,1.01,60,2022-08-01,1,0.038199624264243,1,1,1,1
PETR4,1.01,60,2022-08-02,1,0.0811526138098617,1,1,1,1
PETR4,1.01,60,2022-08-03,1,0.0991784388634826,1,1,1,1
PETR4,1.01,60,2022-08-04,1,0.1024890533800475,1,1,1,1
PETR4,1.01,60,2022-08-05,1,0.0774046309629923,1,1,1,1
PETR4,1.01,60,2022-08-08,1,0.0561819826256146,1,1,1,1
PETR4,1.01,60,2022-08-09,1,0.051275441423783,1,1,1,1
PETR4,1.01,60,2022-08-10,1,0.0568897511704313,1,1,1,1
PETR4,1.01,60,2022-08-11,1,0.127835077642902,1,1,1,1
PETR4,1.01,60,2022-08-12,1,0.0900258981269133,1,1,1,1
PETR4,1.01,60,2022-08-15,1,0.061160101969897,1,1,1,1
PETR4,1.01,60,2022-08-16,1,0.0635071090596166,1,1,1,1
PETR4,1.01,60,2022-08-17,1,0.0169183979280445,1,1,1,1
PETR4,1.01,60,2022-08-18,1,0.0364520260971654,1,1,1,1
PETR4,1.01,60,2022-08-19,1,0.0825456760041689,1,1,1,1
PETR4,1.01,60,2022-08-22,1,0.0530186810806003,1,1,1,1
PETR4,1.01,60,2022-08-23,1,0.0459153084354475,1,1,1,1
PETR4,1.01,60,2022-08-24,1,0.0287390178715221,1,1,1,1
PETR4,1.01,60,2022-08-25,1,0.054086512784427,1,1,1,1
PETR4,1.01,60,2022-08-26,1,0.0456035781185797,1,1,1,1
PETR4,1.01,60,2022-08-29,1,0.0167647128251962,1,1,1,1
PETR4,1.01,60,2022-08-30,1,0.0779544504632572,1,1,1,1
PETR4,1.01,60,2022-08-31,1,0.0362709865394148,1,1,1,1
PETR4,1.01,60,2022-09-01,0,-0.0766550635733313,1,1,1,1
PETR4,1.01,60,2022-09-02,0,-0.0608566900265176,1,1,1,1
PETR4,1.01,60,2022-09-05,1,0.0158041528155159,1,1,1,1
PETR4,1.01,60,2022-09-06,1,0.0145465949963079,1,1,1,1
PETR4,1.01,60,2022-09-08,0,-0.0421668223654956,1,1,1,1
PETR4,1.01,60,2022-09-09,1,0.0180404249283696,1,1,1,1
PETR4,1.01,60,2022-09-12,1,0.0161603294962229,1,1,1,1
PETR4,1.01,60,2022-09-13,1,0.022113861795306,1,1,1,1
PETR4,1.01,60,2022-09-14,1,0.0219922183305052,1,1,1,1
PETR4,1.01,60,2022-09-15,1,0.02397924859586,1,1,1,1
PETR4,1.01,60,2022-09-16,1,0.0518033072899739,1,1,1,1
PETR4,1.01,60,2022-09-19,1,0.021005746876735,1,1,1,1
PETR4,1.01,60,2022-09-20,1,0.0232854928943078,1,1,1,1
PETR4,1.01,60,2022-09-21,1,0.0190597314038847,1,1,1,1
PETR4,1.01,60,2022-09-22,0,-0.0654533683167152,1,1,1,1
PETR4,1.01,60,2022-09-23,1,0.0161507370059663,1,1,1,1
PETR4,1.01,60,2022-09-26,1,0.019732410275971,1,1,1,1
PETR4,1.01,60,2022-09-27,1,0.1001011064270671,1,1,1,1
PETR4,1.01,60,2022-09-28,1,0.1376336598917673,1,1,1,1
PETR4,1.01,60,2022-09-29,1,0.12867899515059,1,1,1,1
PETR4,1.01,60,2022-09-30,1,0.0589157018650434,1,1,1,1
PETR4,1.01,60,2022-10-03,1,0.0431610640237285,1,1,1,1
PETR4,1.01,60,2022-10-04,1,0.0926456393174384,1,1,1,1
PETR4,1.01,60,2022-10-05,1,0.0399999777890498,1,1,1,1
PETR4,1.01,60,2022-10-06,1,0.0270994347324697,1,1,1,1
PETR4,1.01,60,2022-10-07,1,0.0249628346110242,1,0,1,0
PETR4,1.01,60,2022-10-10,1,0.0486469965297433,1,1,1,1
PETR4,1.01,60,2022-10-11,1,0.0612307470077275,1,1,1,1
PETR4,1.01,60,2022-10-13,1,0.046806013476607,1,1,1,1
PETR4,1.01,60,2022-10-14,1,0.0995788338659466,1,1,1,1
PETR4,1.01,60,2022-10-17,1,0.1324483887903831,1,1,1,1
PETR4,1.01,60,2022-10-18,1,0.1248169005902617,1,1,1,1
PETR4,1.01,60,2022-10-19,1,0.0634349127770901,1,1,1,1
PETR4,1.01,60,2022-10-20,1,0.0532236022808871,1,1,1,1
PETR4,1.01,60,2022-10-21,0,-0.0969862988941068,1,1,1,1
PETR4,1.01,60,2022-10-24,1,0.0135135447936245,1,1,1,1
PETR4,1.01,60,2022-10-25,1,0.0288343856912449,1,1,1,1
PETR4,1.01,60,2022-10-26,1,0.0222493201230509,1,0,1,0
PETR4,1.01,60,2022-10-27,1,0.0128440834802665,1,1,1,1
PETR4,1.01,60,2022-10-28,1,0.0323423688599895,1,1,1,1
PETR4,1.01,60,2022-10-31,1,0.0107948758401361,1,0,1,0
PETR4,1.01,60,2022-11-01,1,0.0369127838672738,1,1,1,1
PETR4,1.01,60,2022-11-03,0,-0.126623417187206,1,1,1,1
PETR4,1.01,60,2022-11-04,1,0.0121601853479951,1,1,1,1
PETR4,1.01,60,2022-11-07,1,0.0328898118170513,1,0,1,0
PETR4,1.01,60,2022-11-08,1,0.037937433174642,1,1,1,1
PETR4,1.01,60,2022-11-09,1,0.0805214817679376,1,1,1,1
PETR4,1.01,60,2022-11-10,1,0.0922480883877541,1,1,1,1
PETR4,1.01,60,2022-11-11,1,0.0337490926208658,1,1,1,1
PETR4,1.01,60,2022-11-14,1,0.0107874597189168,1,1,1,1
PETR4,1.01,60,2022-11-16,1,0.0222221664206381,1,1,1,1
PETR4,1.01,60,2022-11-17,0,-0.0222566128530796,1,1,1,1
PETR4,1.01,60,2022-11-18,1,0.0379885885588024,1,1,1,1
PETR4,1.01,60,2022-11-21,1,0.0708695524277012,1,1,1,1
PETR4,1.01,60,2022-11-22,1,0.0708695524277012,1,1,1,1
PETR4,1.01,60,2022-11-23,1,0.1003401195926365,1,1,1,1
PETR4,1.01,60,2022-11-24,1,0.0989283156267897,1,1,1,1
PETR4,1.01,60,2022-11-25,1,0.1327695697555571,1,1,1,1
PETR4,1.01,60,2022-11-28,1,0.0890244517609175,1,1,1,1
PETR4,1.01,60,2022-11-29,1,0.0464843792322313,1,1,1,1
PETR4,1.01,60,2022-11-30,0,-0.0353649141660155,1,1,1,1
PETR4,1.01,60,2022-12-01,1,0.0346438397097088,1,1,1,1
PETR4,1.01,60,2022-12-02,1,0.022307660764316,1,1,1,1
PETR4,1.01,60,2022-12-05,1,0.0220758979064079,1,1,1,1
PETR4,1.01,60,2022-12-06,1,0.0288082059442886,1,1,1,1
PETR4,1.01,60,2022-12-07,0,-0.0872798250736399,1,1,1,1
PETR4,1.01,60,2022-12-08,0,-0.1408563293412716,1,1,1,1
PETR4,1.01,60,2022-12-09,0,-0.1033360667414244,1,1,1,1
PETR4,1.01,60,2022-12-12,0,-0.0850622512913706,1,1,1,1
PETR4,1.01,60,2022-12-13,0,-0.005333360315561,1,1,1,1
PETR4,1.01,60,2022-12-14,1,0.1066666188234319,1,1,1,1
PETR4,1.01,60,2022-12-15,1,0.080145709516201,1,1,1,1
PETR4,1.01,60,2022-12-16,1,0.1113121994028483,1,1,1,1
PETR4,1.01,60,2022-12-19,1,0.1263956806142416,1,0,1,0
PETR4,1.01,60,2022-12-20,1,0.0765957920019833,1,1,1,1
PETR4,1.01,60,2022-12-21,1,0.0589958470267055,1,1,1,1
PETR4,1.01,60,2022-12-22,1,0.0493162103938784,1,1,1,1
PETR4,1.01,60,2022-12-23,0,-0.0246815472607976,1,1,1,1
PETR4,1.01,75,2020-05-14,1,0.0806003418315148,1,1,1,1
PETR4,1.01,75,2020-05-15,1,0.0922651612400966,1,1,1,1
PETR4,1.01,75,2020-05-18,1,0.0680714034989544,1,1,1,1
PETR4,1.01,75,2020-05-19,1,0.035620830404597,1,1,1,1
PETR4,1.01,75,2020-05-20,1,0.0302563143860075,1,1,1,1
PETR4,1.01,75,2020-05-21,1,0.0686169933976437,1,1,1,1
PETR4,1.01,75,2020-05-22,1,0.0313140539654954,1,1,1,1
PETR4,1.01,75,2020-05-25,1,0.0180180422799871,1,1,1,1
PETR4,1.01,75,2020-05-26,1,0.0383838527951476,1,1,1,1
PETR4,1.01,75,2020-05-27,1,0.0868462317950209,1,1,1,1
PETR4,1.01,75,2020-05-28,1,0.120716069065146,1,1,1,1
PETR4,1.01,75,2020-05-29,1,0.0873448918647057,1,1,1,1
PETR4,1.01,75,2020-06-01,1,0.1098793864624998,1,1,1,1
PETR4,1.01,75,2020-06-02,1,0.0535223310601669,1,1,1,1
PETR4,1.01,75,2020-06-03,1,0.0766712675108134,1,1,1,1
PETR4,1.01,75,2020-06-04,1,0.0331986179337593,1,1,1,1
PETR4,1.01,75,2020-06-05,0,-0.0864745645982563,1,1,1,1
PETR4,1.01,75,2020-06-08,0,-0.0603721659282762,1,1,1,1
PETR4,1.01,75,2020-06-09,0,-0.0237551860048348,1,1,1,1
PETR4,1.01,75,2020-06-10,1,0.0625605891186835,1,1,1,1
PETR4,1.01,75,2020-06-12,1,0.1060070899326826,1,1,1,1
PETR4,1.01,75,2020-06-15,1,0.0306123388057701,1,1,1,1
PETR4,1.01,75,2020-06-16,1,0.0344506793207464,1,1,1,1
PETR4,1.01,75,2020-06-17,1,0.0491030301452115,1,1,1,1
PETR4,1.01,75,2020-06-18,0,-0.0454545176613091,1,1,1,1
PETR4,1.01,75,2020-06-19,1,0.021759269062189,1,1,1,1
PETR4,1.01,75,2020-06-22,1,0.0400565652864548,1,1,1,1
PETR4,1.01,75,2020-06-23,0,0.0079105963337711,1,1,1,1
PETR4,1.01,75,2020-06-24,1,0.0425633478118987,1,1,1,1
PETR4,1.01,75,2020-06-25,1,0.0490334162424885,1,1,1,1
PETR4,1.01,75,2020-06-26,1,0.0545022994188575,1,1,1,1
PETR4,1.01,75,2020-06-29,1,0.0426428940302974,1,1,1,1
PETR4,1.01,75,2020-06-30,1,0.0510344454365885,1,1,1,1
PETR4,1.01,75,2020-07-01,1,0.0343891523900985,1,1,1,1
PETR4,1.01,75,2020-07-02,1,0.0414578272901293,1,1,1,1
PETR4,1.01,75,2020-07-03,1,0.0209915254059085,1,0,1,0
PETR4,1.01,75,2020-07-06,1,0.0210385081005113,1,1,1,1
PETR4,1.01,75,2020-07-07,1,0.0160355046958906,1,1,1,1
PETR4,1.01,75,2020-07-08,0,0.0052676869876084,1,1,1,1
PETR4,1.01,75,2020-07-09,1,0.0558811186680954,1,1,1,1
PETR4,1.01,75,2020-07-10,1,0.0362672536887196,1,1,1,1
PETR4,1.01,75,2020-07-13,1,0.0587438283283716,1,0,1,0
PETR4,1.01,75,2020-07-14,0,-0.0198276761796528,1,1,1,1
PETR4,1.01,75,2020-07-15,1,0.0189982322565693,1,1,1,1
PETR4,1.01,75,2020-07-16,1,0.0337276305722313,0,0,1,0
PETR4,1.01,75,2020-07-17,1,0.0396476306088833,1,1,1,1
PETR4,1.01,75,2020-07-20,1,0.0194384706524273,1,1,1,1
PETR4,1.01,75,2020-07-21,0,-0.0042728634059212,1,1,1,1
PETR4,1.01,75,2020-07-22,0,-0.0155440557454417,1,1,1,1
PETR4,1.01,75,2020-07-23,1,0.0346050802139437,1,1,1,1
PETR4,1.01,75,2020-07-24,1,0.0196763776125841,1,1,1,1
PETR4,1.01,75,2020-07-27,1,0.0121527739767364,1,1,1,1
PETR4,1.01,75,2020-07-28,0,-0.0534086229706406,1,0,1,0
PETR4,1.01,75,2020-07-29,0,-0.0497381707311704,1,1,1,1
PETR4,1.01,75,2020-07-30,1,0.0157068216465092,1,0,1,0
PETR4,1.01,75,2020-07-31,1,0.0439218842246185,1,1,1,1
PETR4,1.01,75,2020-08-03,1,0.0964585465518885,1,1,1,1
PETR4,1.01,75,2020-08-04,1,0.0584795224323864,1,1,1,1
PETR4,1.01,75,2020-08-05,1,0.0257731243932881,1,1,1,1
PETR4,1.01,75,2020-08-06,1,0.0446194194832698,1,1,1,1
PETR4,1.01,75,2020-08-07,1,0.0427946697901173,1,1,1,1
PETR4,1.01,75,2020-08-10,0,-0.043863313204523,1,1,1,1
PETR4,1.01,75,2020-08-11,1,0.0136985630868819,1,1,1,1
PETR4,1.01,75,2020-08-12,0,-0.0183368657117317,1,1,1,1
PETR4,1.01,75,2020-08-13,1,0.0241545223046959,1,1,1,1
PETR4,1.01,75,2020-08-14,1,0.0282187076994067,1,1,1,1
PETR4,1.01,75,2020-08-17,1,0.0170081795308165,1,1,1,1
PETR4,1.01,75,2020-08-18,1,0.0161219301653134,1,1,1,1
PETR4,1.01,75,2020-08-19,1,0.0279750845433317,1,1,1,1
PETR4,1.01,75,2020-08-20,1,0.0270629836898488,1,1,1,1
PETR4,1.01,75,2020-08-21,1,0.0126859681879138,1,1,1,1
PETR4,1.01,75,2020-08-24,0,-0.0238197708992099,1,1,1,1
PETR4,1.01,75,2020-08-25,0,-0.0390693426912408,1,1,1,1
PETR4,1.01,75,2020-08-26,1,0.0255376864539942,1,1,1,1
PETR4,1.01,75,2020-08-27,1,0.038202294401777,1,1,1,1
PETR4,1.01,75,2020-08-28,1,0.0358423484498409,1,1,1,1
PETR4,1.01,75,2020-08-31,1,0.0414414496297004,1,1,1,1
PETR4,1.01,75,2020-09-01,0,-0.0292193983295993,1,1,1,1
PETR4,1.01,75,2020-09-02,1,0.022556388740814,1,1,1,1
PETR4,1.01,75,2020-09-03,0,-0.0382609387307091,1,1,1,1
PETR4,1.01,75,2020-09-04,1,0.0120000872864061,1,1,1,1
PETR4,1.01,75,2020-09-08,1,0.0124499730473133,1,1,1,1
PETR4,1.01,75,2020-09-09,0,-0.0403011017949909,1,1,1,1
PETR4,1.01,75,2020-09-10,0,-0.017630994549549,1,1,1,1
PETR4,1.01,75,2020-09-11,1,0.0104831382002961,1,1,1,1
PETR4,1.01,75,2020-09-14,0,-0.0150136375646784,1,1,1,1
PETR4,1.01,75,2020-09-15,1,0.0146452375697476,1,1,1,1
PETR4,1.01,75,2020-09-16,1,0.0306833821355105,0,1,1,0
PETR4,1.01,75,2020-09-17,0,-0.0800363788514509,1,1,1,1
PETR4,1.01,75,2020-09-18,0,-0.0418036422499988,1,1,1,1
PETR4,1.01,75,2020-09-21,1,0.0186067541057357,0,1,1,0
PETR4,1.01,75,2020-09-22,0,-0.0562499747376964,1,1,1,1
PETR4,1.01,75,2020-09-23,1,0.023221412747818,1,1,1,1
PETR4,1.01,75,2020-09-24,1,0.0203474069648286,1,0,1,0
PETR4,1.01,75,2020-09-25,1,0.0113133328205419,1,1,1,1
PETR4,1.01,75,2020-09-28,1,0.021905220540078,1,1,1,1
PETR4,1.01,75,2020-09-29,1,0.0338461294368095,0,1,1,0
PETR4,1.01,75,2020-09-30,1,0.0539715823146123,1,1,1,1
PETR4,1.01,75,2020-10-01,1,0.0491637106908913,0,1,1,0
PETR4,1.01,75,2020-10-02,1,0.069214968807024,1,1,1,1
PETR4,1.01,75,2020-10-05,1,0.0112359569020807,1,1,1,1
PETR4,1.01,75,2020-10-06,1,0.0295000215226755,1,1,1,1
PETR4,1.01,75,2020-10-07,1,0.0274450333279576,1,1,1,1
PETR4,1.01,75,2020-10-08,0,-0.0290069025790472,1,1,1,1
PETR4,1.01,75,2020-10-09,1,0.023103971418408,1,1,1,1
PETR4,1.01,75,2020-10-13,1,0.0139372769807193,1,1,1,1
PETR4,1.01,75,2020-10-14,1,0.033129541417626,1,1,1,1
PETR4,1.01,75,2020-10-15,1,0.0335536127262254,1,1,1,1
PETR4,1.01,75,2020-10-16,1,0.0736733755814722,1,1,1,1
PETR4,1.01,75,2020-10-19,1,0.0747332019510054,1,1,1,1
PETR4,1.01,75,2020-10-20,1,0.0486111782990374,1,1,1,1
PETR4,1.01,75,2020-10-21,1,0.0517414227184693,1,1,1,1
PETR4,1.01,75,2020-10-22,0,-0.108405109836036,0,1,1,0
PETR4,1.01,75,2020-10-23,0,-0.0511558893661155,1,1,1,1
PETR4,1.01,75,2020-10-26,0,-0.0651529662894865,1,1,1,1
PETR4,1.01,75,2020-10-27,1,0.0284236935716306,1,1,1,1
PETR4,1.01,75,2020-10-28,1,0.0889853951200285,1,1,1,1
PETR4,1.01,75,2020-10-29,1,0.0485894193537503,1,1,1,1
PETR4,1.01,75,2020-10-30,1,0.0287032169211118,1,1,1,1
PETR4,1.01,75,2020-11-03,1,0.1339330340711808,1,1,1,1
PETR4,1.01,75,2020-11-04,1,0.1604010755943514,1,1,1,1
PETR4,1.01,75,2020-11-05,1,0.1948849589672419,1,1,1,1
PETR4,1.01,75,2020-11-06,1,0.1065845802493974,1,1,1,1
PETR4,1.01,75,2020-11-09,1,0.0671540465320925,1,1,1,1
PETR4,1.01,75,2020-11-10,1,0.0119914306803248,1,1,1,1
PETR4,1.01,75,2020-11-11,1,0.0615655018459815,0,1,1,0
PETR4,1.01,75,2020-11-12,1,0.0962761258024538,1,1,1,1
PETR4,1.01,75,2020-11-13,1,0.0405172167622318,1,1,1,1
PETR4,1.01,75,2020-11-16,1,0.0472884597063361,1,1,1,1
PETR4,1.01,75,2020-11-17,1,0.0462693479920479,1,1,1,1
PETR4,1.01,75,2020-11-18,1,0.1324841168170603,1,1,1,1
PETR4,1.01,75,2020-11-19,1,0.1187080358218455,1,1,1,1
PETR4,1.01,75,2020-11-20,1,0.1089396559728215,1,1,1,1
PETR4,1.01,75,2020-11-23,1,0.0401716557164164,1,1,1,1
PETR4,1.01,75,2020-11-24,1,0.0114504791708942,1,1,1,1
PETR4,1.01,75,2020-11-25,0,-0.013107211474887,1,1,1,1
PETR4,1.01,75,2020-11-26,1,0.0223766385143375,0,1,1,0
PETR4,1.01,75,2020-11-27,1,0.0645288839505737,1,1,1,1
PETR4,1.01,75,2020-11-30,1,0.0854330716480216,1,1,1,1
PETR4,1.01,75,2020-12-01,1,0.085546849189031,1,1,1,1
PETR4,1.01,75,2020-12-02,1,0.062715141554414,1,1,1,1
PETR4,1.01,75,2020-12-03,1,0.0220668746917995,1,1,1,1
PETR4,1.01,75,2020-12-04,1,0.034103466641937,1,1,1,1
PETR4,1.01,75,2020-12-07,1,0.0518462555837477,1,1,1,1
PETR4,1.01,75,2020-12-08,1,0.0615845820517182,1,1,1,1
PETR4,1.01,75,2020-12-09,1,0.0397203991816694,1,1,1,1
PETR4,1.01,75,2020-12-10,1,0.0283739001858107,1,1,1,1
PETR4,1.01,75,2020-12-11,1,0.0128433943321577,1,1,1,1
PETR4,1.01,75,2020-12-14,1,0.0212230351155142,1,1,1,1
PETR4,1.01,75,2020-12-15,1,0.0193896056740452,1,1,1,1
PETR4,1.01,75,2020-12-16,0,-0.0360423993836949,1,1,1,1
PETR4,1.01,75,2020-12-17,0,-0.005338063598401,1,1,1,1
PETR4,1.01,75,2020-12-18,1,0.0489149303032525,1,1,1,1
PETR4,1.01,75,2020-12-21,1,0.0485293786737095,1,0,1,0
PETR4,1.01,75,2020-12-22,1,0.0397374790767779,1,1,1,1
PETR4,1.01,75,2020-12-23,1,0.0289139779629279,1,1,1,1
PETR4,1.01,75,2020-12-28,1,0.0634248912798758,1,1,1,1
PETR4,1.01,75,2020-12-29,1,0.089947081787943,1,1,1,1
PETR4,1.01,75,2020-12-30,1,0.0872600340846119,1,1,1,1
PETR4,1.01,75,2021-01-04,1,0.098961940615295,1,1,1,1
PETR4,1.01,75,2021-01-05,1,0.053050476550895,1,1,1,1
PETR4,1.01,75,2021-01-06,1,0.0468029723583443,1,1,1,1
PETR4,1.01,75,2021-01-07,0,-0.0734265237166422,1,1,1,1
PETR4,1.01,75,2021-01-08,1,0.0310355226722287,1,1,1,1
PETR4,1.01,75,2021-01-11,1,0.0141387348362074,1,0,1,0
PETR4,1.01,75,2021-01-12,0,-0.0850717360350672,1,0,1,0
PETR4,1.01,75,2021-01-13,1,0.0171408511513986,1,1,1,1
PETR4,1.01,75,2021-01-14,0,-0.0289156517716615,1,1,1,1
PETR4,1.01,75,2021-01-15,1,0.0286117659356985,1,1,1,1
PETR4,1.01,75,2021-01-18,1,0.0224719193995492,1,1,1,1
PETR4,1.01,75,2021-01-19,0,-0.0673575574925343,1,1,1,1
PETR4,1.01,75,2021-01-20,1,0.0135617285061899,1,1,1,1
PETR4,1.01,75,2021-01-21,1,0.0564425724660078,1,1,1,1
PETR4,1.01,75,2021-01-22,1,0.0440367010971873,1,1,1,1
PETR4,1.01,75,2021-01-26,1,0.0611711081597603,1,1,1,1
PETR4,1.01,75,2021-01-27,1,0.0666177738814544,1,1,1,1
PETR4,1.01,75,2021-01-28,1,0.058866212819413,1,1,1,1
PETR4,1.01,75,2021-01-29,1,0.068965474701877,1,1,1,1
PETR4,1.01,75,2021-02-01,1,0.0595070696468591,1,1,1,1
PETR4,1.01,75,2021-02-02,1,0.0383023367754697,1,1,1,1
PETR4,1.01,75,2021-02-03,1,0.0437045195378187,1,1,1,1
PETR4,1.01,75,2021-02-04,1,0.0383023367754697,1,1,1,1
PETR4,1.01,75,2021-02-05,1,0.0277095698779759,1,1,1,1
PETR4,1.01,75,2021-02-08,1,0.0160427365111328,1,1,1,1
PETR4,1.01,75,2021-02-09,1,0.0670511756331748,1,1,1,1
PETR4,1.01,75,2021-02-10,1,0.0987917516010608,1,1,1,1
PETR4,1.01,75,2021-02-11,1,0.1118302641819366,1,1,1,1
PETR4,1.01,75,2021-02-12,1,0.0841514822426843,1,1,1,1
PETR4,1.01,75,2021-02-17,1,0.0177747580149352,1,1,1,1
PETR4,1.01,75,2021-02-18,1,0.0164109905382394,1,1,1,1
PETR4,1.01,75,2021-02-19,1,0.1074561342051942,1,1,1,1
PETR4,1.01,75,2021-02-22,1,0.0954447126835398,1,1,1,1
PETR4,1.01,75,2021-02-23,1,0.0285132971553687,1,1,1,1
PETR4,1.01,75,2021-02-24,1,0.0100001076133773,1,1,1,1
PETR4,1.01,75,2021-02-25,0,-0.0866378953584631,1,1,1,1
PETR4,1.01,75,2021-02-26,1,0.0105262272916404,1,1,1,1
PETR4,1.01,75,2021-03-01,1,0.0631868267234954,1,1,1,1
PETR4,1.01,75,2021-03-02,1,0.065137557219737,1,1,1,1
PETR4,1.01,75,2021-03-03,1,0.0901408873209306,1,1,1,1
PETR4,1.01,75,2021-03-04,1,0.0347592913714933,1,1,1,1
PETR4,1.01,75,2021-03-05,1,0.0706473356615231,1,1,1,1
PETR4,1.01,75,2021-03-08,1,0.0997191743154943,1,1,1,1
PETR4,1.01,75,2021-03-09,1,0.0788515374390566,1,1,1,1
PETR4,1.01,75,2021-03-10,1,0.0468611132833465,1,1,1,1
PETR4,1.01,75,2021-03-11,1,0.0423326708699991,1,1,1,1
PETR4,1.01,75,2021-03-12,1,0.0441368810979265,1,1,1,1
PETR4,1.01,75,2021-03-15,1,0.0211596274518846,1,1,1,1
PETR4,1.01,75,2021-03-16,1,0.0427831765158455,1,1,1,1
PETR4,1.01,75,2021-03-17,0,-0.0452260365335694,1,1,1,1
PETR4,1.01,75,2021-03-18,1,0.033089840924009,1,1,1,1
PETR4,1.01,75,2021-03-19,0,-0.0206838604648917,1,1,1,1
PETR4,1.01,75,2021-03-22,1,0.0306430473812928,1,1,1,1
PETR4,1.01,75,2021-03-23,1,0.0297542111520974,1,1,1,1
PETR4,1.01,75,2021-03-24,1,0.056828122761604,1,1,1,1
PETR4,1.01,75,2021-03-25,1,0.0319421337513206,1,1,1,1
PETR4,1.01,75,2021-03-26,1,0.0449871700496844,1,1,1,1
PETR4,1.01,75,2021-03-29,1,0.0317257998665645,1,1,1,1
PETR4,1.01,75,2021-03-30,1,0.0247899341927801,1,1,1,1
PETR4,1.01,75,2021-03-31,0,-0.0119389817987084,1,1,1,1
PETR4,1.01,75,2021-04-01,0,-0.0178202579760587,1,1,1,1
PETR4,1.01,75,2021-04-05,0,-0.0219190465892045,1,1,1,1
PETR4,1.01,75,2021-04-06,1,0.0179615492347184,1,1,1,1
PETR4,1.01,75,2021-04-07,1,0.0162635933129819,1,1,1,1
PETR4,1.01,75,2021-04-08,1,0.0459574935757534,1,1,1,1
PETR4,1.01,75,2021-04-09,1,0.0278127068050666,1,1,1,1
PETR4,1.01,75,2021-04-12,1,0.0269555129978606,1,1,1,1
PETR4,1.01,75,2021-04-13,1,0.0628850332373001,1,1,1,1
PETR4,1.01,75,2021-04-14,1,0.0502109302570816,1,1,1,1
PETR4,1.01,75,2021-04-15,1,0.0760917384597092,1,1,1,1
PETR4,1.01,75,2021-04-16,1,0.0845315605724039,1,1,1,1
PETR4,1.01,75,2021-04-19,1,0.0106863116716293,1,1,1,1
PETR4,1.01,75,2021-04-20,0,-0.0430820900039322,1,1,1,1
PETR4,1.01,75,2021-04-22,1,0.0121441115224545,1,1,1,1
PETR4,1.01,75,2021-04-23,1,0.0184487254180953,1,1,1,1
PETR4,1.01,75,2021-04-26,1,0.0197314125656382,1,1,1,1
PETR4,1.01,75,2021-04-27,1,0.0380342288033601,1,1,1,1
PETR4,1.01,75,2021-04-28,0,-0.050994995845274,1,1,1,1
PETR4,1.01,75,2021-04-29,1,0.0235042455720417,1,1,1,1
PETR4,1.01,75,2021-04-30,0,-0.0126049656090858,1,0,1,0
PETR4,1.01,75,2021-05-03,1,0.0386575092952425,1,1,1,1
PETR4,1.01,75,2021-05-04,1,0.0781183485023468,1,1,1,1
PETR4,1.01,75,2021-05-05,1,0.0615774148070393,1,1,1,1
PETR4,1.01,75,2021-05-06,1,0.0799491997977022,1,1,1,1
PETR4,1.01,75,2021-05-07,1,0.0294354917016181,1,1,1,1
PETR4,1.01,75,2021-05-10,1,0.0793781829298561,1,0,1,0
PETR4,1.01,75,2021-05-11,1,0.0685370046741278,1,1,1,1
PETR4,1.01,75,2021-05-12,1,0.0823909486914475,1,1,1,1
PETR4,1.01,75,2021-05-13,1,0.0387597495655438,1,1,1,1
PETR4,1.01,75,2021-05-14,1,0.019011372500109,1,1,1,1
PETR4,1.01,75,2021-05-17,0,-0.0280898992805616,1,1,1,1
PETR4,1.01,75,2021-05-18,1,0.025918760189721,1,0,1,0
PETR4,1.01,75,2021-05-19,1,0.0179731919072227,1,0,1,0
PETR4,1.01,75,2021-05-20,1,0.0207054948713221,1,1,1,1
PETR4,1.01,75,2021-05-21,1,0.0129375321794504,1,1,1,1
PETR4,1.01,75,2021-05-24,1,0.0203928469823706,1,1,1,1
PETR4,1.01,75,2021-05-25,1,0.0497877131738404,1,1,1,1
PETR4,1.01,75,2021-05-26,1,0.062116609390211,1,1,1,1
PETR4,1.01,75,2021-05-27,1,0.0713740100571069,1,1,1,1
PETR4,1.01,75,2021-05-28,1,0.061572628035857,1,1,1,1
PETR4,1.01,75,2021-05-31,1,0.0445255214382931,1,1,1,1
PETR4,1.01,75,2021-06-01,1,0.0530164677382605,1,1,1,1
PETR4,1.01,75,2021-06-02,1,0.0363507339903745,1,1,1,1
PETR4,1.01,75,2021-06-04,1,0.0203508582829727,1,1,1,1
PETR4,1.01,75,2021-06-07,1,0.0323039068456438,1,1,1,1
PETR4,1.01,75,2021-06-08,1,0.0219359242314471,1,1,1,1
PETR4,1.01,75,2021-06-09,1,0.0180367398893177,1,1,1,1
PETR4,1.01,75,2021-06-10,1,0.0190971998592572,1,1,1,1
PETR4,1.01,75,2021-06-11,1,0.0155708952938249,1,1,1,1
PETR4,1.01,75,2021-06-14,1,0.0113949690348726,1,1,1,1
PETR4,1.01,75,2021-06-15,0,-0.004470447420739,1,1,1,1
PETR4,1.01,75,2021-06-16,0,0.0031023931064211,1,1,1,1
PETR4,1.01,75,2021-06-17,1,0.054285740518265,1,1,1,1
PETR4,1.01,75,2021-06-18,1,0.044014062114893,1,1,1,1
PETR4,1.01,75,2021-06-21,1,0.0272413954844319,1,1,1,1
PETR4,1.01,75,2021-06-22,1,0.0184616267796944,1,1,1,1
PETR4,1.01,75,2021-06-23,1,0.0101729882499173,1,1,1,1
PETR4,1.01,75,2021-06-24,0,-0.0087571985645288,0,1,1,0
PETR4,1.01,75,2021-06-25,1,0.0239890344254447,1,1,1,1
PETR4,1.01,75,2021-06-28,1,0.0271571143873998,1,1,1,1
PETR4,1.01,75,2021-06-29,1,0.0292800808709725,1,1,1,1
PETR4,1.01,75,2021-06-30,0,-0.0696032272031508,1,1,1,1
PETR4,1.01,75,2021-07-01,0,-0.0426620976567017,1,1,1,1
PETR4,1.01,75,2021-07-02,0,-0.0523957481162358,1,1,1,1
PETR4,1.01,75,2021-07-05,0,-0.0337978435887517,1,0,1,0
PETR4,1.01,75,2021-07-06,0,-0.0088810367640819,0,0,1,0
PETR4,1.01,75,2021-07-07,1,0.0291971002306419,1,1,1,1
PETR4,1.01,75,2021-07-08,1,0.0224800461199341,1,0,1,0
PETR4,1.01,75,2021-07-12,1,0.023222052560659,1,0,1,0
PETR4,1.01,75,2021-07-13,0,-0.0661921376838154,1,0,1,0
PETR4,1.01,75,2021-07-14,0,-0.0327392145282757,1,0,1,0
PETR4,1.01,75,2021-07-15,0,-0.0099154622294026,1,1,1,1
PETR4,1.01,75,2021-07-16,1,0.0489025621439545,1,0,1,0
PETR4,1.01,75,2021-07-19,1,0.040091578821416,0,0,1,0
PETR4,1.01,75,2021-07-20,1,0.0253826042255791,1,1,1,1
PETR4,1.01,75,2021-07-21,1,0.0174073687056175,1,1,1,1
PETR4,1.01,75,2021-07-22,1,0.0295201932901534,1,0,1,0
PETR4,1.01,75,2021-07-23,1,0.0441286122716564,1,1,1,1
PETR4,1.01,75,2021-07-26,1,0.0208409308457317,1,1,1,1
PETR4,1.01,75,2021-07-27,1,0.0178636190698546,1,1,1,1
PETR4,1.01,75,2021-07-28,0,-0.0341727048192065,1,1,1,1
PETR4,1.01,75,2021-07-29,0,-0.0478260767039558,0,0,1,0
PETR4,1.01,75,2021-07-30,1,0.0654412503648971,1,0,1,0
PETR4,1.01,75,2021-08-02,1,0.0993929921892649,1,1,1,1
PETR4,1.01,75,2021-08-03,1,0.0915254935299119,1,1,1,1
PETR4,1.01,75,2021-08-04,0,-0.0163477906147179,1,1,1,1
PETR4,1.01,75,2021-08-05,1,0.0171929487626698,1,1,1,1
PETR4,1.01,75,2021-08-06,1,0.0443650327384093,1,1,1,1
PETR4,1.01,75,2021-08-09,1,0.0462897409075715,1,1,1,1
PETR4,1.01,75,2021-08-10,1,0.0514914901172665,1,1,1,1
PETR4,1.01,75,2021-08-11,1,0.0331472880750878,1,1,1,1
PETR4,1.01,75,2021-08-12,1,0.0189263362902256,1,1,1,1
PETR4,1.01,75,2021-08-13,0,-0.0333330064309864,1,0,1,0
PETR4,1.01,75,2021-08-16,1,0.0294336843557894,1,0,1,0
PETR4,1.01,75,2021-08-17,1,0.0103588205070286,1,0,1,0
PETR4,1.01,75,2021-08-18,1,0.0521705172772521,1,1,1,1
PETR4,1.01,75,2021-08-19,1,0.0541666913878324,1,1,1,1
PETR4,1.01,75,2021-08-20,1,0.0348924501154108,1,1,1,1
PETR4,1.01,75,2021-08-23,1,0.0439720952573237,1,0,1,0
PETR4,1.01,75,2021-08-24,1,0.0390880224695273,1,0,1,0
PETR4,1.01,75,2021-08-25,1,0.0409717862264511,1,0,1,0
PETR4,1.01,75,2021-08-26,1,0.0364621781599472,1,1,1,1
PETR4,1.01,75,2021-08-27,1,0.0109155597851211,1,1,1,1
PETR4,1.01,75,2021-08-30,0,-0.0663120217862099,1,1,1,1
PETR4,1.01,75,2021-08-31,0,-0.031478762231286,1,1,1,1
PETR4,1.01,75,2021-09-01,1,0.0129629128288475,0,0,1,0
PETR4,1.01,75,2021-09-02,0,-0.0431519211162307,1,1,1,1
PETR4,1.01,75,2021-09-03,1,0.0190766145196239,1,0,1,0
PETR4,1.01,75,2021-09-06,0,-0.0022822277935766,1,1,1,1
PETR4,1.01,75,2021-09-08,1,0.0522329014940954,1,1,1,1
PETR4,1.01,75,2021-09-09,1,0.0169101233406796,1,1,1,1
PETR4,1.01,75,2021-09-10,1,0.0255814169422052,1,0,1,0
PETR4,1.01,75,2021-09-13,1,0.0196532231110742,1,1,1,1
PETR4,1.01,75,2021-09-14,1,0.0176923589402422,1,1,1,1
PETR4,1.01,75,2021-09-15,0,-0.0333588877583707,1,1,1,1
PETR4,1.01,75,2021-09-16,0,-0.0046206987245774,1,1,1,1
PETR4,1.01,75,2021-09-17,1,0.1191859731001094,1,0,1,0
PETR4,1.01,75,2021-09-20,1,0.0789474360950952,1,1,1,1
PETR4,1.01,75,2021-09-21,1,0.0755972860476867,1,0,1,0
PETR4,1.01,75,2021-09-22,1,0.0747592241393186,0,1,1,0
PETR4,1.01,75,2021-09-23,1,0.0504708484827662,1,1,1,1
PETR4,1.01,75,2021-09-24,1,0.027634494678967,0,1,1,0
PETR4,1.01,75,2021-09-27,1,0.0297903626504529,1,1,1,1
PETR4,1.01,75,2021-09-28,1,0.058801911145073,1,1,1,1
PETR4,1.01,75,2021-09-29,1,0.0704686471209425,1,1,1,1
PETR4,1.01,75,2021-09-30,1,0.0866519235007257,0,1,1,0
PETR4,1.01,75,2021-10-01,1,0.0615995238248019,1,1,1,1
PETR4,1.01,75,2021-10-04,1,0.0210345084679417,0,1,1,0
PETR4,1.01,75,2021-10-05,1,0.0310880702589686,1,1,1,1
PETR4,1.01,75,2021-10-06,1,0.0400696390574562,1,1,1,1
PETR4,1.01,75,2021-10-07,1,0.0420690169358839,1,1,1,1
PETR4,1.01,75,2021-10-08,1,0.0244067897543807,1,1,1,1
PETR4,1.01,75,2021-10-11,1,0.0359959603225508,1,1,1,1
PETR4,1.01,75,2021-10-13,1,0.0120563195317067,1,1,1,1
PETR4,1.01,75,2021-10-14,0,-0.0466443235575446,1,1,1,1
PETR4,1.01,75,2021-10-15,0,-0.0663265876410538,1,1,1,1
PETR4,1.01,75,2021-10-18,0,-0.0704513800629793,1,1,1,1
PETR4,1.01,75,2021-10-19,1,0.0367880833661153,1,1,1,1
PETR4,1.01,75,2021-10-20,1,0.052045853433005,1,1,1,1
PETR4,1.01,75,2021-10-21,1,0.0815497279288253,1,1,1,1
PETR4,1.01,75,2021-10-22,1,0.0558357461092258,1,1,1,1
PETR4,1.01,75,2021-10-25,1,0.0156249400148185,1,1,1,1
PETR4,1.01,75,2021-10-26,1,0.0145681022988608,1,1,1,1
PETR4,1.01,75,2021-10-27,1,0.0252366056247101,1,1,1,1
PETR4,1.01,75,2021-10-28,0,-0.1074493788142753,1,1,1,1
PETR4,1.01,75,2021-10-29,1,0.0220137413396197,1,1,1,1
PETR4,1.01,75,2021-11-01,0,-0.057380012657372,1,1,1,1
PETR4,1.01,75,2021-11-03,0,-0.0140637158654046,1,1,1,1
PETR4,1.01,75,2021-11-04,1,0.0251045057293426,1,1,1,1
PETR4,1.01,75,2021-11-05,1,0.0441688775796762,1,1,1,1
PETR4,1.01,75,2021-11-08,1,0.0366411968556585,1,1,1,1
PETR4,1.01,75,2021-11-09,1,0.0360902035136156,1,1,1,1
PETR4,1.01,75,2021-11-10,1,0.0252976379205092,1,1,1,1
PETR4,1.01,75,2021-11-11,1,0.0475103860133503,1,1,1,1
PETR4,1.01,75,2021-11-12,1,0.0110050935737149,1,1,1,1
PETR4,1.01,75,2021-11-16,0,-0.03760493407988,1,1,1,1
PETR4,1.01,75,2021-11-17,1,0.0509554506595115,1,1,1,1
PETR4,1.01,75,2021-11-18,1,0.0896551878328943,1,1,1,1
PETR4,1.01,75,2021-11-19,1,0.1326995755030793,1,1,1,1
PETR4,1.01,75,2021-11-22,1,0.1195039523910266,1,1,1,1
PETR4,1.01,75,2021-11-23,1,0.0734341809060759,1,1,1,1
PETR4,1.01,75,2021-11-24,1,0.0265060289366969,1,1,1,1
PETR4,1.01,75,2021-11-25,1,0.0803099887611387,1,1,1,1
PETR4,1.01,75,2021-11-26,1,0.0900733625031537,1,1,1,1
PETR4,1.01,75,2021-11-29,1,0.1095585210913578,1,1,1,1
PETR4,1.01,75,2021-11-30,1,0.1019026360905237,1,1,1,1
PETR4,1.01,75,2021-12-01,1,0.0955909956067977,1,1,1,1
PETR4,1.01,75,2021-12-02,1,0.0558286864705832,1,1,1,1
PETR4,1.01,75,2021-12-03,1,0.0448227594438763,1,1,1,1
PETR4,1.01,75,2021-12-06,1,0.0280055105298218,0,1,1,0
PETR4,1.01,75,2021-12-07,1,0.0252043497775387,1,1,1,1
PETR4,1.01,75,2021-12-08,1,0.0343642895797005,1,1,1,1
PETR4,1.01,75,2021-12-09,1,0.0203390185509058,0,1,1,0
PETR4,1.01,75,2021-12-10,1,0.0128075745591176,1,1,1,1
PETR4,1.01,75,2021-12-13,1,0.0124957734639461,1,1,1,1
PETR4,1.01,75,2021-12-14,1,0.0302405898623052,1,1,1,1
PETR4,1.01,75,2021-12-15,1,0.0121540083065974,1,1,1,1
PETR4,1.01,75,2021-12-16,1,0.0109140831357992,1,1,1,1
PETR4,1.01,75,2021-12-17,0,-0.0038678447755591,1,1,0,0
PETR4,1.01,75,2021-12-20,0,0.0070052978798138,1,1,1,1
PETR4,1.01,75,2021-12-21,1,0.0309858590887794,1,1,1,1
PETR4,1.01,75,2021-12-22,1,0.0335333262756292,0,1,1,0
PETR4,1.01,75,2021-12-23,1,0.0338983067209948,1,1,1,1
PETR4,1.01,75,2021-12-27,0,0.0027577248007031,1,0,1,0
PETR4,1.01,75,2021-12-28,1,0.0243903019880957,1,1,1,1
PETR4,1.01,75,2021-12-29,1,0.0297723723477565,1,1,1,1
PETR4,1.01,75,2021-12-30,1,0.0301332214453287,1,1,1,1
PETR4,1.01,75,2022-01-03,0,-0.0336076497315809,1,1,1,1
PETR4,1.01,75,2022-01-04,0,-0.0404248143092862,1,1,1,1
PETR4,1.01,75,2022-01-05,1,0.0275715994328327,1,1,1,1
PETR4,1.01,75,2022-01-06,1,0.0640341654565914,1,1,1,1
PETR4,1.01,75,2022-01-07,1,0.0943194256443595,1,1,1,1
PETR4,1.01,75,2022-01-10,1,0.1245551573723986,1,1,1,1
PETR4,1.01,75,2022-01-11,1,0.0987910539027621,1,1,1,1
PETR4,1.01,75,2022-01-12,1,0.0829664886604353,1,1,0,0
PETR4,1.01,75,2022-01-13,1,0.0637384715703548,1,1,1,1
PETR4,1.01,75,2022-01-14,1,0.0257961920421108,1,1,1,1
PETR4,1.01,75,2022-01-17,1,0.0205956896223882,1,1,1,1
PETR4,1.01,75,2022-01-18,1,0.0109718126258249,1,1,1,1
PETR4,1.01,75,2022-01-19,1,0.0549206222736731,1,1,1,1
PETR4,1.01,75,2022-01-20,1,0.0855242521922468,1,1,1,1
PETR4,1.01,75,2022-01-21,1,0.0930892362200599,1,1,1,1
PETR4,1.01,75,2022-01-24,1,0.0927444769378367,1,1,1,1
PETR4,1.01,75,2022-01-25,1,0.0402401793422284,1,1,1,1
PETR4,1.01,75,2022-01-26,1,0.0113868288947935,1,1,1,1
PETR4,1.01,75,2022-01-27,1,0.0162722515697713,1,1,1,1
PETR4,1.01,75,2022-01-28,1,0.0304615371673488,1,1,1,1
PETR4,1.01,75,2022-01-31,1,0.035239552473107,1,1,1,1
PETR4,1.01,75,2022-02-01,0,-0.0377132343488486,1,1,1,1
PETR4,1.01,75,2022-02-02,1,0.0272025090037384,1,1,1,1
PETR4,1.01,75,2022-02-03,1,0.0253008744082747,1,1,1,1
PETR4,1.01,75,2022-02-04,1,0.01075271346029,1,1,1,1
PETR4,1.01,75,2022-02-07,1,0.0630093957913917,1,1,1,1
PETR4,1.01,75,2022-02-08,1,0.0693131734643803,1,1,1,1
PETR4,1.01,75,2022-02-09,1,0.0507739901917143,1,1,1,1
PETR4,1.01,75,2022-02-10,1,0.0357033684047531,1,1,1,1
PETR4,1.01,75,2022-02-11,0,-0.0313053925770061,1,1,1,1
PETR4,1.01,75,2022-02-14,1,0.0318432830879493,1,1,1,1
PETR4,1.01,75,2022-02-15,1,0.0356381172326738,1,1,1,1
PETR4,1.01,75,2022-02-16,1,0.0557077713737184,1,1,1,1
PETR4,1.01,75,2022-02-17,1,0.0647835559210929,1,1,1,1
PETR4,1.01,75,2022-02-18,1,0.0677760403314753,1,1,1,1
PETR4,1.01,75,2022-02-21,1,0.0312682283350607,1,1,1,1
PETR4,1.01,75,2022-02-22,1,0.0324751198613975,1,1,1,1
PETR4,1.01,75,2022-02-23,1,0.0140804461345511,1,1,1,1
PETR4,1.01,75,2022-02-24,1,0.0550074254613635,1,1,1,1
PETR4,1.01,75,2022-02-25,0,-0.0981281725962123,1,1,1,1
PETR4,1.01,75,2022-03-02,0,-0.0677771538262466,1,1,1,1
PETR4,1.01,75,2022-03-03,1,0.017605664592359,1,1,1,1
PETR4,1.01,75,2022-03-04,0,-0.0231883924746409,1,1,1,1
PETR4,1.01,75,2022-03-07,1,0.0812499941262243,1,1,1,1
PETR4,1.01,75,2022-03-08,1,0.0613497436730057,1,1,1,1
PETR4,1.01,75,2022-03-09,1,0.0613497436730057,1,1,1,1
PETR4,1.01,75,2022-03-10,1,0.0138602324903212,1,1,1,1
PETR4,1.01,75,2022-03-11,1,0.01418438460722,1,1,1,1
PETR4,1.01,75,2022-03-14,1,0.0128452083343941,1,1,1,1
PETR4,1.01,75,2022-03-15,1,0.0187301629458127,1,1,1,1
PETR4,1.01,75,2022-03-16,1,0.0271999514270957,1,1,1,1
PETR4,1.01,75,2022-03-17,1,0.0790960344177467,0,1,1,0
PETR4,1.01,75,2022-03-18,1,0.0546748240738448,1,1,1,1
PETR4,1.01,75,2022-03-21,1,0.0190684330593462,1,1,1,1
PETR4,1.01,75,2022-03-22,1,0.0209833698419972,1,1,1,1
PETR4,1.01,75,2022-03-23,1,0.0221528799938239,1,1,1,1
PETR4,1.01,75,2022-03-24,1,0.0261275374524891,1,1,1,1
PETR4,1.01,75,2022-03-25,1,0.0470991675018821,1,1,1,1
PETR4,1.01,75,2022-03-28,1,0.0516651639585588,1,1,1,1
PETR4,1.01,75,2022-03-29,1,0.0396923646366547,1,1,1,1
PETR4,1.01,75,2022-03-30,1,0.0374578172817818,1,1,1,1
PETR4,1.01,75,2022-03-31,0,-0.0354694822730411,1,1,1,1
PETR4,1.01,75,2022-04-01,1,0.0352583124905785,1,1,1,1
PETR4,1.01,75,2022-04-04,1,0.05358240806337,1,1,1,1
PETR4,1.01,75,2022-04-05,1,0.0555215113149274,1,1,1,1
PETR4,1.01,75,2022-04-06,1,0.0624999895298115,1,1,1,1
PETR4,1.01,75,2022-04-07,1,0.0214264403284751,1,1,1,1
PETR4,1.01,75,2022-04-08,1,0.0313765245039627,1,1,1,1
PETR4,1.01,75,2022-04-11,1,0.0163855744953131,1,1,1,1
PETR4,1.01,75,2022-04-12,1,0.0172727284297513,1,1,1,1
PETR4,1.01,75,2022-04-13,1,0.014873476687377,1,1,1,1
PETR4,1.01,75,2022-04-14,1,0.0269576829372226,1,1,1,1
PETR4,1.01,75,2022-04-18,1,0.0269576829372226,1,1,1,1
PETR4,1.01,75,2022-04-19,0,-0.050237004000049,1,1,1,1
PETR4,1.01,75,2022-04-20,0,-0.0318840539913639,1,1,1,1
PETR4,1.01,75,2022-04-22,1,0.0216883549379307,1,1,1,1
PETR4,1.01,75,2022-04-25,1,0.0491531264960036,1,1,1,1
PETR4,1.01,75,2022-04-26,1,0.0401712770922295,1,1,1,1
PETR4,1.01,75,2022-04-27,1,0.0374384500151121,1,1,1,1
PETR4,1.01,75,2022-04-28,1,0.0461789037710276,1,1,1,1
PETR4,1.01,75,2022-04-29,1,0.0772290451082937,1,1,1,1
PETR4,1.01,75,2022-05-02,1,0.0996015644357295,1,1,1,1
PETR4,1.01,75,2022-05-03,1,0.0823529103242595,1,1,1,1
PETR4,1.01,75,2022-05-04,1,0.0411820418264301,1,1,1,1
PETR4,1.01,75,2022-05-05,1,0.0373202538820542,1,1,1,1
PETR4,1.01,75,2022-05-06,1,0.0422018613163204,1,1,1,1
PETR4,1.01,75,2022-05-09,1,0.0642768700042513,0,1,1,0
PETR4,1.01,75,2022-05-10,1,0.0640634818439154,1,1,1,1
PETR4,1.01,75,2022-05-11,1,0.056524349180087,1,1,1,1
PETR4,1.01,75,2022-05-12,1,0.0304985636578332,0,1,1,0
PETR4,1.01,75,2022-05-13,1,0.0259854022935739,1,1,1,1
PETR4,1.01,75,2022-05-16,0,-0.0048571406257958,1,1,1,1
PETR4,1.01,75,2022-05-17,1,0.0623171632250512,0,1,1,0
PETR4,1.01,75,2022-05-18,1,0.0832339327988547,1,1,1,1
PETR4,1.01,75,2022-05-19,1,0.0497253738922032,1,1,1,1
PETR4,1.01,75,2022-05-20,1,0.0321205244427944,1,1,1,1
PETR4,1.01,75,2022-05-23,1,0.0435897979611328,1,1,1,1
PETR4,1.01,75,2022-05-24,1,0.0271293644117427,1,0,1,0
PETR4,1.01,75,2022-05-25,1,0.0168644612929524,1,1,1,1
PETR4,1.01,75,2022-05-26,0,-0.0662519844195982,1,1,1,1
PETR4,1.01,75,2022-05-27,0,-0.0350193873962222,1,1,1,1
PETR4,1.01,75,2022-05-30,0,-0.0042749222714496,0,1,1,0
PETR4,1.01,75,2022-05-31,1,0.0210702743872608,1,1,1,1
PETR4,1.01,75,2022-06-01,1,0.0443777285567901,1,1,1,1
PETR4,1.01,75,2022-06-02,1,0.0535173795336338,1,1,1,1
PETR4,1.01,75,2022-06-03,1,0.0262295360156534,1,1,1,1
PETR4,1.01,75,2022-06-06,1,0.0367671837310432,1,1,1,1
PETR4,1.01,75,2022-06-07,1,0.0239973860307252,1,1,1,1
PETR4,1.01,75,2022-06-08,0,-0.0298263020560204,1,1,1,1
PETR4,1.01,75,2022-06-09,0,-0.0309896368775448,1,1,1,1
PETR4,1.01,75,2022-06-10,1,0.0423845279812666,1,1,1,1
PETR4,1.01,75,2022-06-13,1,0.0198921004569812,1,1,1,1
PETR4,1.01,75,2022-06-14,0,-0.0976667365012742,1,1,1,1
PETR4,1.01,75,2022-06-15,0,-0.0418885122928658,1,1,1,1
PETR4,1.01,75,2022-06-17,1,0.0857033294464608,1,1,1,1
PETR4,1.01,75,2022-06-20,1,0.0129496420348143,0,0,1,0
PETR4,1.01,75,2022-06-21,1,0.0560571764896322,1,1,1,1
PETR4,1.01,75,2022-06-22,1,0.0685693043248565,1,1,1,1
PETR4,1.01,75,2022-06-23,1,0.0773542245484391,1,1,1,1
PETR4,1.01,75,2022-06-24,1,0.0749440359244058,1,1,1,1
PETR4,1.01,75,2022-06-27,0,-0.0017494622641642,1,1,1,1
PETR4,1.01,75,2022-06-28,1,0.0280899169376571,1,1,1,1
PETR4,1.01,75,2022-06-29,1,0.0589511945685257,1,1,1,1
PETR4,1.01,75,2022-06-30,1,0.0427350461597961,1,1,1,1
PETR4,1.01,75,2022-07-01,1,0.0259285503819022,1,1,1,1
PETR4,1.01,75,2022-07-04,0,-0.0034601820165686,1,1,1,1
PETR4,1.01,75,2022-07-05,1,0.0287642483322256,1,1,1,1
PETR4,1.01,75,2022-07-06,1,0.034642874249803,1,1,1,1
PETR4,1.01,75,2022-07-07,1,0.0154223905419161,1,1,1,1
PETR4,1.01,75,2022-07-08,1,0.0165960332731158,1,1,1,1
PETR4,1.01,75,2022-07-11,0,-0.0120141090439628,1,1,1,1
PETR4,1.01,75,2022-07-12,1,0.0199075205139762,1,1,1,1
PETR4,1.01,75,2022-07-13,1,0.0442856922418646,1,1,1,1
PETR4,1.01,75,2022-07-14,1,0.0555956468125176,1,1,1,1
PETR4,1.01,75,2022-07-15,1,0.0299401373220014,1,1,1,1
PETR4,1.01,75,2022-07-18,1,0.0322241185426852,1,1,1,1
PETR4,1.01,75,2022-07-19,1,0.057791544378166,1,1,1,1
PETR4,1.01,75,2022-07-20,1,0.0910972379119239,1,1,1,1
PETR4,1.01,75,2022-07-21,1,0.0888429046010539,1,1,1,1
PETR4,1.01,75,2022-07-22,1,0.1019926070373362,1,1,1,1
PETR4,1.01,75,2022-07-25,1,0.1108974999780016,1,1,1,1
PETR4,1.01,75,2022-07-26,1,0.1073482531018863,1,1,1,1
PETR4,1.01,75,2022-07-27,1,0.0971826749948781,1,1,1,1
PETR4,1.01,75,2022-07-28,1,0.0315476679223305,1,1,1,1
PETR4,1.01,75,2022-07-29,1,0.0147058395269796,1,1,1,1
PETR4,1.01,75,2022-08-01,1,0.038199624264243,1,0,1,0
PETR4,1.01,75,2022-08-02,1,0.0811526138098617,1,1,1,1
PETR4,1.01,75,2022-08-03,1,0.0991784388634826,1,1,1,1
PETR4,1.01,75,2022-08-04,1,0.1024890533800475,1,1,1,1
PETR4,1.01,75,2022-08-05,1,0.0774046309629923,1,1,1,1
PETR4,1.01,75,2022-08-08,1,0.0561819826256146,1,1,1,1
PETR4,1.01,75,2022-08-09,1,0.051275441423783,1,1,1,1
PETR4,1.01,75,2022-08-10,1,0.0568897511704313,1,1,1,1
PETR4,1.01,75,2022-08-11,1,0.127835077642902,1,1,1,1
PETR4,1.01,75,2022-08-12,1,0.0900258981269133,1,1,1,1
PETR4,1.01,75,2022-08-15,1,0.061160101969897,1,1,1,1
PETR4,1.01,75,2022-08-16,1,0.0635071090596166,1,1,1,1
PETR4,1.01,75,2022-08-17,1,0.0169183979280445,1,1,1,1
PETR4,1.01,75,2022-08-18,1,0.0364520260971654,1,1,1,1
PETR4,1.01,75,2022-08-19,1,0.0825456760041689,1,1,1,1
PETR4,1.01,75,2022-08-22,1,0.0530186810806003,1,1,1,1
PETR4,1.01,75,2022-08-23,1,0.0459153084354475,1,1,1,1
PETR4,1.01,75,2022-08-24,1,0.0287390178715221,1,1,1,1
PETR4,1.01,75,2022-08-25,1,0.054086512784427,1,1,1,1
PETR4,1.01,75,2022-08-26,1,0.0456035781185797,1,1,1,1
PETR4,1.01,75,2022-08-29,1,0.0167647128251962,1,1,1,1
PETR4,1.01,75,2022-08-30,1,0.0779544504632572,1,1,1,1
PETR4,1.01,75,2022-08-31,1,0.0362709865394148,1,1,1,1
PETR4,1.01,75,2022-09-01,0,-0.0766550635733313,1,1,1,1
PETR4,1.01,75,2022-09-02,0,-0.0608566900265176,1,1,1,1
PETR4,1.01,75,2022-09-05,1,0.0158041528155159,1,1,1,1
PETR4,1.01,75,2022-09-06,1,0.0145465949963079,1,1,1,1
PETR4,1.01,75,2022-09-08,0,-0.0421668223654956,1,1,1,1
PETR4,1.01,75,2022-09-09,1,0.0180404249283696,1,1,1,1
PETR4,1.01,75,2022-09-12,1,0.0161603294962229,1,1,1,1
PETR4,1.01,75,2022-09-13,1,0.022113861795306,1,1,1,1
PETR4,1.01,75,2022-09-14,1,0.0219922183305052,1,1,1,1
PETR4,1.01,75,2022-09-15,1,0.02397924859586,1,1,1,1
PETR4,1.01,75,2022-09-16,1,0.0518033072899739,1,1,1,1
PETR4,1.01,75,2022-09-19,1,0.021005746876735,1,1,1,1
PETR4,1.01,75,2022-09-20,1,0.0232854928943078,1,1,1,1
PETR4,1.01,75,2022-09-21,1,0.0190597314038847,1,1,1,1
PETR4,1.01,75,2022-09-22,0,-0.0654533683167152,1,1,1,1
PETR4,1.01,75,2022-09-23,1,0.0161507370059663,1,1,1,1
PETR4,1.01,75,2022-09-26,1,0.019732410275971,1,1,1,1
PETR4,1.01,75,2022-09-27,1,0.1001011064270671,1,1,1,1
PETR4,1.01,75,2022-09-28,1,0.1376336598917673,1,1,1,1
PETR4,1.01,75,2022-09-29,1,0.12867899515059,1,1,1,1
PETR4,1.01,75,2022-09-30,1,0.0589157018650434,1,1,1,1
PETR4,1.01,75,2022-10-03,1,0.0431610640237285,1,1,1,1
PETR4,1.01,75,2022-10-04,1,0.0926456393174384,1,1,1,1
PETR4,1.01,75,2022-10-05,1,0.0399999777890498,1,1,1,1
PETR4,1.01,75,2022-10-06,1,0.0270994347324697,1,1,1,1
PETR4,1.01,75,2022-10-07,1,0.0249628346110242,1,1,1,1
PETR4,1.01,75,2022-10-10,1,0.0486469965297433,1,1,1,1
PETR4,1.01,75,2022-10-11,1,0.0612307470077275,1,1,1,1
PETR4,1.01,75,2022-10-13,1,0.046806013476607,1,1,1,1
PETR4,1.01,75,2022-10-14,1,0.0995788338659466,1,1,1,1
PETR4,1.01,75,2022-10-17,1,0.1324483887903831,1,1,1,1
PETR4,1.01,75,2022-10-18,1,0.1248169005902617,1,1,1,1
PETR4,1.01,75,2022-10-19,1,0.0634349127770901,1,1,1,1
PETR4,1.01,75,2022-10-20,1,0.0532236022808871,1,1,1,1
PETR4,1.01,75,2022-10-21,0,-0.0969862988941068,1,1,1,1
PETR4,1.01,75,2022-10-24,1,0.0135135447936245,1,1,1,1
PETR4,1.01,75,2022-10-25,1,0.0288343856912449,1,1,1,1
PETR4,1.01,75,2022-10-26,1,0.0222493201230509,1,1,1,1
PETR4,1.01,75,2022-10-27,1,0.0128440834802665,1,1,1,1
PETR4,1.01,75,2022-10-28,1,0.0323423688599895,1,1,1,1
PETR4,1.01,75,2022-10-31,1,0.0107948758401361,1,1,1,1
PETR4,1.01,75,2022-11-01,1,0.0369127838672738,1,1,1,1
PETR4,1.01,75,2022-11-03,0,-0.126623417187206,1,1,1,1
PETR4,1.01,75,2022-11-04,1,0.0121601853479951,1,1,1,1
PETR4,1.01,75,2022-11-07,1,0.0328898118170513,1,1,1,1
PETR4,1.01,75,2022-11-08,1,0.037937433174642,1,1,1,1
PETR4,1.01,75,2022-11-09,1,0.0805214817679376,1,1,1,1
PETR4,1.01,75,2022-11-10,1,0.0922480883877541,1,1,1,1
PETR4,1.01,75,2022-11-11,1,0.0337490926208658,1,1,1,1
PETR4,1.01,75,2022-11-14,1,0.0107874597189168,1,1,1,1
PETR4,1.01,75,2022-11-16,1,0.0222221664206381,1,1,1,1
PETR4,1.01,75,2022-11-17,0,-0.0222566128530796,1,1,1,1
PETR4,1.01,75,2022-11-18,1,0.0379885885588024,1,1,1,1
PETR4,1.01,75,2022-11-21,1,0.0708695524277012,1,1,1,1
PETR4,1.01,75,2022-11-22,1,0.0708695524277012,1,1,1,1
PETR4,1.01,75,2022-11-23,1,0.1003401195926365,1,1,1,1
PETR4,1.01,75,2022-11-24,1,0.0989283156267897,1,1,1,1
PETR4,1.01,75,2022-11-25,1,0.1327695697555571,1,1,1,1
PETR4,1.01,75,2022-11-28,1,0.0890244517609175,1,1,1,1
PETR4,1.01,75,2022-11-29,1,0.0464843792322313,1,1,1,1
PETR4,1.01,75,2022-11-30,0,-0.0353649141660155,1,1,1,1
PETR4,1.01,75,2022-12-01,1,0.0346438397097088,1,1,1,1
PETR4,1.01,75,2022-12-02,1,0.022307660764316,1,1,1,1
PETR4,1.01,75,2022-12-05,1,0.0220758979064079,1,1,1,1
PETR4,1.01,75,2022-12-06,1,0.0288082059442886,1,1,1,1
PETR4,1.01,75,2022-12-07,0,-0.0872798250736399,1,1,1,1
PETR4,1.01,75,2022-12-08,0,-0.1408563293412716,1,1,1,1
PETR4,1.01,75,2022-12-09,0,-0.1033360667414244,1,1,1,1
PETR4,1.01,75,2022-12-12,0,-0.0850622512913706,1,1,1,1
PETR4,1.01,75,2022-12-13,0,-0.005333360315561,1,1,1,1
PETR4,1.01,75,2022-12-14,1,0.1066666188234319,1,1,1,1
PETR4,1.01,75,2022-12-15,1,0.080145709516201,1,1,1,1
PETR4,1.01,75,2022-12-16,1,0.1113121994028483,1,1,1,1
PETR4,1.01,75,2022-12-19,1,0.1263956806142416,1,1,1,1
PETR4,1.01,75,2022-12-20,1,0.0765957920019833,1,1,1,1
PETR4,1.01,75,2022-12-21,1,0.0589958470267055,1,1,1,1
PETR4,1.01,75,2022-12-22,1,0.0493162103938784,1,1,1,1
PETR4,1.01,75,2022-12-23,0,-0.0246815472607976,1,1,1,1
PETR4,1.01,90,2020-06-04,1,0.0331986179337593,1,1,1,1
PETR4,1.01,90,2020-06-05,0,-0.0864745645982563,1,1,1,1
PETR4,1.01,90,2020-06-08,0,-0.0603721659282762,1,1,1,1
PETR4,1.01,90,2020-06-09,0,-0.0237551860048348,1,1,1,1
PETR4,1.01,90,2020-06-10,1,0.0625605891186835,1,1,1,1
PETR4,1.01,90,2020-06-12,1,0.1060070899326826,1,1,1,1
PETR4,1.01,90,2020-06-15,1,0.0306123388057701,1,1,1,1
PETR4,1.01,90,2020-06-16,1,0.0344506793207464,1,1,1,1
PETR4,1.01,90,2020-06-17,1,0.0491030301452115,1,1,1,1
PETR4,1.01,90,2020-06-18,0,-0.0454545176613091,1,1,1,1
PETR4,1.01,90,2020-06-19,1,0.021759269062189,1,1,1,1
PETR4,1.01,90,2020-06-22,1,0.0400565652864548,1,1,1,1
PETR4,1.01,90,2020-06-23,0,0.0079105963337711,1,1,1,1
PETR4,1.01,90,2020-06-24,1,0.0425633478118987,1,1,1,1
PETR4,1.01,90,2020-06-25,1,0.0490334162424885,1,1,1,1
PETR4,1.01,90,2020-06-26,1,0.0545022994188575,1,1,1,1
PETR4,1.01,90,2020-06-29,1,0.0426428940302974,1,1,1,1
PETR4,1.01,90,2020-06-30,1,0.0510344454365885,1,1,1,1
PETR4,1.01,90,2020-07-01,1,0.0343891523900985,1,1,1,1
PETR4,1.01,90,2020-07-02,1,0.0414578272901293,1,1,1,1
PETR4,1.01,90,2020-07-03,1,0.0209915254059085,1,1,1,1
PETR4,1.01,90,2020-07-06,1,0.0210385081005113,1,1,1,1
PETR4,1.01,90,2020-07-07,1,0.0160355046958906,1,1,1,1
PETR4,1.01,90,2020-07-08,0,0.0052676869876084,1,1,1,1
PETR4,1.01,90,2020-07-09,1,0.0558811186680954,1,1,1,1
PETR4,1.01,90,2020-07-10,1,0.0362672536887196,1,1,1,1
PETR4,1.01,90,2020-07-13,1,0.0587438283283716,1,1,1,1
PETR4,1.01,90,2020-07-14,0,-0.0198276761796528,1,1,1,1
PETR4,1.01,90,2020-07-15,1,0.0189982322565693,1,1,1,1
PETR4,1.01,90,2020-07-16,1,0.0337276305722313,1,1,1,1
PETR4,1.01,90,2020-07-17,1,0.0396476306088833,1,1,1,1
PETR4,1.01,90,2020-07-20,1,0.0194384706524273,1,1,1,1
PETR4,1.01,90,2020-07-21,0,-0.0042728634059212,1,1,1,1
PETR4,1.01,90,2020-07-22,0,-0.0155440557454417,1,1,1,1
PETR4,1.01,90,2020-07-23,1,0.0346050802139437,1,1,1,1
PETR4,1.01,90,2020-07-24,1,0.0196763776125841,1,0,1,0
PETR4,1.01,90,2020-07-27,1,0.0121527739767364,1,1,1,1
PETR4,1.01,90,2020-07-28,0,-0.0534086229706406,1,1,1,1
PETR4,1.01,90,2020-07-29,0,-0.0497381707311704,1,1,1,1
PETR4,1.01,90,2020-07-30,1,0.0157068216465092,1,0,1,0
PETR4,1.01,90,2020-07-31,1,0.0439218842246185,1,0,1,0
PETR4,1.01,90,2020-08-03,1,0.0964585465518885,1,1,1,1
PETR4,1.01,90,2020-08-04,1,0.0584795224323864,0,1,1,0
PETR4,1.01,90,2020-08-05,1,0.0257731243932881,1,1,1,1
PETR4,1.01,90,2020-08-06,1,0.0446194194832698,1,1,1,1
PETR4,1.01,90,2020-08-07,1,0.0427946697901173,1,1,1,1
PETR4,1.01,90,2020-08-10,0,-0.043863313204523,1,1,1,1
PETR4,1.01,90,2020-08-11,1,0.0136985630868819,1,1,1,1
PETR4,1.01,90,2020-08-12,0,-0.0183368657117317,1,1,1,1
PETR4,1.01,90,2020-08-13,1,0.0241545223046959,1,1,1,1
PETR4,1.01,90,2020-08-14,1,0.0282187076994067,1,1,1,1
PETR4,1.01,90,2020-08-17,1,0.0170081795308165,1,1,1,1
PETR4,1.01,90,2020-08-18,1,0.0161219301653134,1,1,1,1
PETR4,1.01,90,2020-08-19,1,0.0279750845433317,1,1,1,1
PETR4,1.01,90,2020-08-20,1,0.0270629836898488,1,1,1,1
PETR4,1.01,90,2020-08-21,1,0.0126859681879138,1,1,1,1
PETR4,1.01,90,2020-08-24,0,-0.0238197708992099,1,1,1,1
PETR4,1.01,90,2020-08-25,0,-0.0390693426912408,1,1,1,1
PETR4,1.01,90,2020-08-26,1,0.0255376864539942,1,1,1,1
PETR4,1.01,90,2020-08-27,1,0.038202294401777,1,1,1,1
PETR4,1.01,90,2020-08-28,1,0.0358423484498409,1,1,1,1
PETR4,1.01,90,2020-08-31,1,0.0414414496297004,1,1,1,1
PETR4,1.01,90,2020-09-01,0,-0.0292193983295993,1,1,1,1
PETR4,1.01,90,2020-09-02,1,0.022556388740814,1,1,1,1
PETR4,1.01,90,2020-09-03,0,-0.0382609387307091,1,1,1,1
PETR4,1.01,90,2020-09-04,1,0.0120000872864061,1,1,1,1
PETR4,1.01,90,2020-09-08,1,0.0124499730473133,1,1,1,1
PETR4,1.01,90,2020-09-09,0,-0.0403011017949909,1,1,1,1
PETR4,1.01,90,2020-09-10,0,-0.017630994549549,1,1,1,1
PETR4,1.01,90,2020-09-11,1,0.0104831382002961,1,1,1,1
PETR4,1.01,90,2020-09-14,0,-0.0150136375646784,1,1,1,1
PETR4,1.01,90,2020-09-15,1,0.0146452375697476,1,1,1,1
PETR4,1.01,90,2020-09-16,1,0.0306833821355105,1,1,1,1
PETR4,1.01,90,2020-09-17,0,-0.0800363788514509,1,1,1,1
PETR4,1.01,90,2020-09-18,0,-0.0418036422499988,1,1,1,1
PETR4,1.01,90,2020-09-21,1,0.0186067541057357,1,1,1,1
PETR4,1.01,90,2020-09-22,0,-0.0562499747376964,1,1,1,1
PETR4,1.01,90,2020-09-23,1,0.023221412747818,1,1,1,1
PETR4,1.01,90,2020-09-24,1,0.0203474069648286,0,0,1,0
PETR4,1.01,90,2020-09-25,1,0.0113133328205419,1,1,1,1
PETR4,1.01,90,2020-09-28,1,0.021905220540078,1,1,1,1
PETR4,1.01,90,2020-09-29,1,0.0338461294368095,1,1,1,1
PETR4,1.01,90,2020-09-30,1,0.0539715823146123,1,1,1,1
PETR4,1.01,90,2020-10-01,1,0.0491637106908913,1,1,1,1
PETR4,1.01,90,2020-10-02,1,0.069214968807024,1,1,1,1
PETR4,1.01,90,2020-10-05,1,0.0112359569020807,1,1,1,1
PETR4,1.01,90,2020-10-06,1,0.0295000215226755,1,1,1,1
PETR4,1.01,90,2020-10-07,1,0.0274450333279576,1,1,1,1
PETR4,1.01,90,2020-10-08,0,-0.0290069025790472,1,1,1,1
PETR4,1.01,90,2020-10-09,1,0.023103971418408,0,1,1,0
PETR4,1.01,90,2020-10-13,1,0.0139372769807193,1,1,1,1
PETR4,1.01,90,2020-10-14,1,0.033129541417626,1,1,1,1
PETR4,1.01,90,2020-10-15,1,0.0335536127262254,1,1,1,1
PETR4,1.01,90,2020-10-16,1,0.0736733755814722,1,1,1,1
PETR4,1.01,90,2020-10-19,1,0.0747332019510054,1,1,1,1
PETR4,1.01,90,2020-10-20,1,0.0486111782990374,1,1,1,1
PETR4,1.01,90,2020-10-21,1,0.0517414227184693,1,1,1,1
PETR4,1.01,90,2020-10-22,0,-0.108405109836036,1,1,1,1
PETR4,1.01,90,2020-10-23,0,-0.0511558893661155,1,1,1,1
PETR4,1.01,90,2020-10-26,0,-0.0651529662894865,1,1,1,1
PETR4,1.01,90,2020-10-27,1,0.0284236935716306,1,1,1,1
PETR4,1.01,90,2020-10-28,1,0.0889853951200285,1,1,1,1
PETR4,1.01,90,2020-10-29,1,0.0485894193537503,1,1,1,1
PETR4,1.01,90,2020-10-30,1,0.0287032169211118,1,1,1,1
PETR4,1.01,90,2020-11-03,1,0.1339330340711808,1,1,1,1
PETR4,1.01,90,2020-11-04,1,0.1604010755943514,0,1,1,0
PETR4,1.01,90,2020-11-05,1,0.1948849589672419,1,1,1,1
PETR4,1.01,90,2020-11-06,1,0.1065845802493974,0,1,1,0
PETR4,1.01,90,2020-11-09,1,0.0671540465320925,1,1,1,1
PETR4,1.01,90,2020-11-10,1,0.0119914306803248,0,1,1,0
PETR4,1.01,90,2020-11-11,1,0.0615655018459815,1,0,1,0
PETR4,1.01,90,2020-11-12,1,0.0962761258024538,1,1,1,1
PETR4,1.01,90,2020-11-13,1,0.0405172167622318,1,1,1,1
PETR4,1.01,90,2020-11-16,1,0.0472884597063361,1,1,1,1
PETR4,1.01,90,2020-11-17,1,0.0462693479920479,1,1,1,1
PETR4,1.01,90,2020-11-18,1,0.1324841168170603,1,1,1,1
PETR4,1.01,90,2020-11-19,1,0.1187080358218455,1,1,1,1
PETR4,1.01,90,2020-11-20,1,0.1089396559728215,1,1,1,1
PETR4,1.01,90,2020-11-23,1,0.0401716557164164,1,1,1,1
PETR4,1.01,90,2020-11-24,1,0.0114504791708942,1,1,1,1
PETR4,1.01,90,2020-11-25,0,-0.013107211474887,1,1,1,1
PETR4,1.01,90,2020-11-26,1,0.0223766385143375,1,1,1,1
PETR4,1.01,90,2020-11-27,1,0.0645288839505737,1,0,1,0
PETR4,1.01,90,2020-11-30,1,0.0854330716480216,0,1,1,0
PETR4,1.01,90,2020-12-01,1,0.085546849189031,1,1,1,1
PETR4,1.01,90,2020-12-02,1,0.062715141554414,0,1,1,0
PETR4,1.01,90,2020-12-03,1,0.0220668746917995,1,1,1,1
PETR4,1.01,90,2020-12-04,1,0.034103466641937,1,1,1,1
PETR4,1.01,90,2020-12-07,1,0.0518462555837477,1,1,1,1
PETR4,1.01,90,2020-12-08,1,0.0615845820517182,1,1,1,1
PETR4,1.01,90,2020-12-09,1,0.0397203991816694,1,1,1,1
PETR4,1.01,90,2020-12-10,1,0.0283739001858107,1,1,1,1
PETR4,1.01,90,2020-12-11,1,0.0128433943321577,1,1,1,1
PETR4,1.01,90,2020-12-14,1,0.0212230351155142,1,1,1,1
PETR4,1.01,90,2020-12-15,1,0.0193896056740452,1,1,1,1
PETR4,1.01,90,2020-12-16,0,-0.0360423993836949,1,1,1,1
PETR4,1.01,90,2020-12-17,0,-0.005338063598401,1,1,1,1
PETR4,1.01,90,2020-12-18,1,0.0489149303032525,1,1,1,1
PETR4,1.01,90,2020-12-21,1,0.0485293786737095,1,0,1,0
PETR4,1.01,90,2020-12-22,1,0.0397374790767779,1,1,1,1
PETR4,1.01,90,2020-12-23,1,0.0289139779629279,1,1,1,1
PETR4,1.01,90,2020-12-28,1,0.0634248912798758,1,1,1,1
PETR4,1.01,90,2020-12-29,1,0.089947081787943,1,0,1,0
PETR4,1.01,90,2020-12-30,1,0.0872600340846119,1,1,1,1
PETR4,1.01,90,2021-01-04,1,0.098961940615295,1,1,1,1
PETR4,1.01,90,2021-01-05,1,0.053050476550895,1,1,1,1
PETR4,1.01,90,2021-01-06,1,0.0468029723583443,1,1,1,1
PETR4,1.01,90,2021-01-07,0,-0.0734265237166422,1,1,1,1
PETR4,1.01,90,2021-01-08,1,0.0310355226722287,1,1,1,1
PETR4,1.01,90,2021-01-11,1,0.0141387348362074,1,0,1,0
PETR4,1.01,90,2021-01-12,0,-0.0850717360350672,0,1,1,0
PETR4,1.01,90,2021-01-13,1,0.0171408511513986,1,1,1,1
PETR4,1.01,90,2021-01-14,0,-0.0289156517716615,1,1,1,1
PETR4,1.01,90,2021-01-15,1,0.0286117659356985,0,1,1,0
PETR4,1.01,90,2021-01-18,1,0.0224719193995492,1,1,1,1
PETR4,1.01,90,2021-01-19,0,-0.0673575574925343,1,1,1,1
PETR4,1.01,90,2021-01-20,1,0.0135617285061899,1,1,1,1
PETR4,1.01,90,2021-01-21,1,0.0564425724660078,1,1,1,1
PETR4,1.01,90,2021-01-22,1,0.0440367010971873,1,1,1,1
PETR4,1.01,90,2021-01-26,1,0.0611711081597603,1,1,1,1
PETR4,1.01,90,2021-01-27,1,0.0666177738814544,1,1,1,1
PETR4,1.01,90,2021-01-28,1,0.058866212819413,1,1,1,1
PETR4,1.01,90,2021-01-29,1,0.068965474701877,1,1,1,1
PETR4,1.01,90,2021-02-01,1,0.0595070696468591,1,1,1,1
PETR4,1.01,90,2021-02-02,1,0.0383023367754697,0,1,1,0
PETR4,1.01,90,2021-02-03,1,0.0437045195378187,1,1,1,1
PETR4,1.01,90,2021-02-04,1,0.0383023367754697,1,1,1,1
PETR4,1.01,90,2021-02-05,1,0.0277095698779759,1,1,1,1
PETR4,1.01,90,2021-02-08,1,0.0160427365111328,1,1,1,1
PETR4,1.01,90,2021-02-09,1,0.0670511756331748,1,1,1,1
PETR4,1.01,90,2021-02-10,1,0.0987917516010608,1,1,1,1
PETR4,1.01,90,2021-02-11,1,0.1118302641819366,1,1,1,1
PETR4,1.01,90,2021-02-12,1,0.0841514822426843,1,1,1,1
PETR4,1.01,90,2021-02-17,1,0.0177747580149352,1,1,1,1
PETR4,1.01,90,2021-02-18,1,0.0164109905382394,1,1,1,1
PETR4,1.01,90,2021-02-19,1,0.1074561342051942,1,1,1,1
PETR4,1.01,90,2021-02-22,1,0.0954447126835398,1,1,1,1
PETR4,1.01,90,2021-02-23,1,0.0285132971553687,1,1,1,1
PETR4,1.01,90,2021-02-24,1,0.0100001076133773,1,1,1,1
PETR4,1.01,90,2021-02-25,0,-0.0866378953584631,1,1,1,1
PETR4,1.01,90,2021-02-26,1,0.0105262272916404,1,1,1,1
PETR4,1.01,90,2021-03-01,1,0.0631868267234954,0,1,1,0
PETR4,1.01,90,2021-03-02,1,0.065137557219737,1,1,1,1
PETR4,1.01,90,2021-03-03,1,0.0901408873209306,1,1,1,1
PETR4,1.01,90,2021-03-04,1,0.0347592913714933,1,1,1,1
PETR4,1.01,90,2021-03-05,1,0.0706473356615231,1,1,1,1
PETR4,1.01,90,2021-03-08,1,0.0997191743154943,1,1,1,1
PETR4,1.01,90,2021-03-09,1,0.0788515374390566,1,1,1,1
PETR4,1.01,90,2021-03-10,1,0.0468611132833465,1,1,1,1
PETR4,1.01,90,2021-03-11,1,0.0423326708699991,1,1,1,1
PETR4,1.01,90,2021-03-12,1,0.0441368810979265,1,1,1,1
PETR4,1.01,90,2021-03-15,1,0.0211596274518846,1,1,1,1
PETR4,1.01,90,2021-03-16,1,0.0427831765158455,1,1,1,1
PETR4,1.01,90,2021-03-17,0,-0.0452260365335694,1,1,1,1
PETR4,1.01,90,2021-03-18,1,0.033089840924009,1,1,1,1
PETR4,1.01,90,2021-03-19,0,-0.0206838604648917,1,1,1,1
PETR4,1.01,90,2021-03-22,1,0.0306430473812928,1,1,1,1
PETR4,1.01,90,2021-03-23,1,0.0297542111520974,1,1,1,1
PETR4,1.01,90,2021-03-24,1,0.056828122761604,1,1,1,1
PETR4,1.01,90,2021-03-25,1,0.0319421337513206,1,1,1,1
PETR4,1.01,90,2021-03-26,1,0.0449871700496844,1,1,1,1
PETR4,1.01,90,2021-03-29,1,0.0317257998665645,1,1,1,1
PETR4,1.01,90,2021-03-30,1,0.0247899341927801,1,1,1,1
PETR4,1.01,90,2021-03-31,0,-0.0119389817987084,1,1,1,1
PETR4,1.01,90,2021-04-01,0,-0.0178202579760587,1,1,1,1
PETR4,1.01,90,2021-04-05,0,-0.0219190465892045,1,1,1,1
PETR4,1.01,90,2021-04-06,1,0.0179615492347184,1,1,1,1
PETR4,1.01,90,2021-04-07,1,0.0162635933129819,1,1,1,1
PETR4,1.01,90,2021-04-08,1,0.0459574935757534,1,1,1,1
PETR4,1.01,90,2021-04-09,1,0.0278127068050666,1,1,1,1
PETR4,1.01,90,2021-04-12,1,0.0269555129978606,1,1,1,1
PETR4,1.01,90,2021-04-13,1,0.0628850332373001,1,1,1,1
PETR4,1.01,90,2021-04-14,1,0.0502109302570816,1,1,1,1
PETR4,1.01,90,2021-04-15,1,0.0760917384597092,1,1,1,1
PETR4,1.01,90,2021-04-16,1,0.0845315605724039,1,1,1,1
PETR4,1.01,90,2021-04-19,1,0.0106863116716293,1,1,1,1
PETR4,1.01,90,2021-04-20,0,-0.0430820900039322,1,1,1,1
PETR4,1.01,90,2021-04-22,1,0.0121441115224545,1,1,1,1
PETR4,1.01,90,2021-04-23,1,0.0184487254180953,1,1,1,1
PETR4,1.01,90,2021-04-26,1,0.0197314125656382,1,1,1,1
PETR4,1.01,90,2021-04-27,1,0.0380342288033601,1,1,1,1
PETR4,1.01,90,2021-04-28,0,-0.050994995845274,1,1,1,1
PETR4,1.01,90,2021-04-29,1,0.0235042455720417,1,1,1,1
PETR4,1.01,90,2021-04-30,0,-0.0126049656090858,1,1,1,1
PETR4,1.01,90,2021-05-03,1,0.0386575092952425,1,1,1,1
PETR4,1.01,90,2021-05-04,1,0.0781183485023468,1,1,1,1
PETR4,1.01,90,2021-05-05,1,0.0615774148070393,1,1,1,1
PETR4,1.01,90,2021-05-06,1,0.0799491997977022,1,1,1,1
PETR4,1.01,90,2021-05-07,1,0.0294354917016181,1,1,1,1
PETR4,1.01,90,2021-05-10,1,0.0793781829298561,1,1,1,1
PETR4,1.01,90,2021-05-11,1,0.0685370046741278,1,1,1,1
PETR4,1.01,90,2021-05-12,1,0.0823909486914475,1,1,1,1
PETR4,1.01,90,2021-05-13,1,0.0387597495655438,1,1,1,1
PETR4,1.01,90,2021-05-14,1,0.019011372500109,1,1,1,1
PETR4,1.01,90,2021-05-17,0,-0.0280898992805616,1,1,1,1
PETR4,1.01,90,2021-05-18,1,0.025918760189721,1,1,1,1
PETR4,1.01,90,2021-05-19,1,0.0179731919072227,1,0,1,0
PETR4,1.01,90,2021-05-20,1,0.0207054948713221,1,1,1,1
PETR4,1.01,90,2021-05-21,1,0.0129375321794504,1,1,1,1
PETR4,1.01,90,2021-05-24,1,0.0203928469823706,1,1,1,1
PETR4,1.01,90,2021-05-25,1,0.0497877131738404,1,1,1,1
PETR4,1.01,90,2021-05-26,1,0.062116609390211,1,1,1,1
PETR4,1.01,90,2021-05-27,1,0.0713740100571069,1,1,1,1
PETR4,1.01,90,2021-05-28,1,0.061572628035857,1,1,1,1
PETR4,1.01,90,2021-05-31,1,0.0445255214382931,1,1,1,1
PETR4,1.01,90,2021-06-01,1,0.0530164677382605,1,1,1,1
PETR4,1.01,90,2021-06-02,1,0.0363507339903745,1,1,1,1
PETR4,1.01,90,2021-06-04,1,0.0203508582829727,1,1,1,1
PETR4,1.01,90,2021-06-07,1,0.0323039068456438,1,1,1,1
PETR4,1.01,90,2021-06-08,1,0.0219359242314471,1,1,1,1
PETR4,1.01,90,2021-06-09,1,0.0180367398893177,1,1,1,1
PETR4,1.01,90,2021-06-10,1,0.0190971998592572,1,1,1,1
PETR4,1.01,90,2021-06-11,1,0.0155708952938249,1,1,1,1
PETR4,1.01,90,2021-06-14,1,0.0113949690348726,1,1,1,1
PETR4,1.01,90,2021-06-15,0,-0.004470447420739,1,1,1,1
PETR4,1.01,90,2021-06-16,0,0.0031023931064211,1,1,1,1
PETR4,1.01,90,2021-06-17,1,0.054285740518265,1,1,1,1
PETR4,1.01,90,2021-06-18,1,0.044014062114893,1,1,1,1
PETR4,1.01,90,2021-06-21,1,0.0272413954844319,1,0,1,0
PETR4,1.01,90,2021-06-22,1,0.0184616267796944,1,1,1,1
PETR4,1.01,90,2021-06-23,1,0.0101729882499173,1,1,1,1
PETR4,1.01,90,2021-06-24,0,-0.0087571985645288,1,1,1,1
PETR4,1.01,90,2021-06-25,1,0.0239890344254447,1,1,1,1
PETR4,1.01,90,2021-06-28,1,0.0271571143873998,1,1,1,1
PETR4,1.01,90,2021-06-29,1,0.0292800808709725,1,1,1,1
PETR4,1.01,90,2021-06-30,0,-0.0696032272031508,1,1,1,1
PETR4,1.01,90,2021-07-01,0,-0.0426620976567017,1,1,1,1
PETR4,1.01,90,2021-07-02,0,-0.0523957481162358,1,1,1,1
PETR4,1.01,90,2021-07-05,0,-0.0337978435887517,1,0,1,0
PETR4,1.01,90,2021-07-06,0,-0.0088810367640819,1,0,1,0
PETR4,1.01,90,2021-07-07,1,0.0291971002306419,1,1,1,1
PETR4,1.01,90,2021-07-08,1,0.0224800461199341,1,0,1,0
PETR4,1.01,90,2021-07-12,1,0.023222052560659,1,1,1,1
PETR4,1.01,90,2021-07-13,0,-0.0661921376838154,1,0,1,0
PETR4,1.01,90,2021-07-14,0,-0.0327392145282757,1,1,1,1
PETR4,1.01,90,2021-07-15,0,-0.0099154622294026,0,1,1,0
PETR4,1.01,90,2021-07-16,1,0.0489025621439545,0,1,1,0
PETR4,1.01,90,2021-07-19,1,0.040091578821416,1,1,1,1
PETR4,1.01,90,2021-07-20,1,0.0253826042255791,0,1,1,0
PETR4,1.01,90,2021-07-21,1,0.0174073687056175,1,1,1,1
PETR4,1.01,90,2021-07-22,1,0.0295201932901534,0,1,1,0
PETR4,1.01,90,2021-07-23,1,0.0441286122716564,1,1,1,1
PETR4,1.01,90,2021-07-26,1,0.0208409308457317,1,1,1,1
PETR4,1.01,90,2021-07-27,1,0.0178636190698546,1,0,1,0
PETR4,1.01,90,2021-07-28,0,-0.0341727048192065,0,1,1,0
PETR4,1.01,90,2021-07-29,0,-0.0478260767039558,1,0,1,0
PETR4,1.01,90,2021-07-30,1,0.0654412503648971,0,0,1,0
PETR4,1.01,90,2021-08-02,1,0.0993929921892649,1,1,1,1
PETR4,1.01,90,2021-08-03,1,0.0915254935299119,1,1,1,1
PETR4,1.01,90,2021-08-04,0,-0.0163477906147179,1,1,1,1
PETR4,1.01,90,2021-08-05,1,0.0171929487626698,1,1,1,1
PETR4,1.01,90,2021-08-06,1,0.0443650327384093,1,1,1,1
PETR4,1.01,90,2021-08-09,1,0.0462897409075715,1,1,1,1
PETR4,1.01,90,2021-08-10,1,0.0514914901172665,1,1,1,1
PETR4,1.01,90,2021-08-11,1,0.0331472880750878,1,1,1,1
PETR4,1.01,90,2021-08-12,1,0.0189263362902256,1,1,1,1
PETR4,1.01,90,2021-08-13,0,-0.0333330064309864,1,0,1,0
PETR4,1.01,90,2021-08-16,1,0.0294336843557894,1,0,1,0
PETR4,1.01,90,2021-08-17,1,0.0103588205070286,1,1,1,1
PETR4,1.01,90,2021-08-18,1,0.0521705172772521,1,1,1,1
PETR4,1.01,90,2021-08-19,1,0.0541666913878324,1,1,1,1
PETR4,1.01,90,2021-08-20,1,0.0348924501154108,0,1,1,0
PETR4,1.01,90,2021-08-23,1,0.0439720952573237,1,0,1,0
PETR4,1.01,90,2021-08-24,1,0.0390880224695273,1,0,1,0
PETR4,1.01,90,2021-08-25,1,0.0409717862264511,1,0,1,0
PETR4,1.01,90,2021-08-26,1,0.0364621781599472,1,1,1,1
PETR4,1.01,90,2021-08-27,1,0.0109155597851211,1,1,1,1
PETR4,1.01,90,2021-08-30,0,-0.0663120217862099,1,1,1,1
PETR4,1.01,90,2021-08-31,0,-0.031478762231286,1,1,1,1
PETR4,1.01,90,2021-09-01,1,0.0129629128288475,1,0,1,0
PETR4,1.01,90,2021-09-02,0,-0.0431519211162307,1,0,1,0
PETR4,1.01,90,2021-09-03,1,0.0190766145196239,1,0,1,0
PETR4,1.01,90,2021-09-06,0,-0.0022822277935766,1,1,1,1
PETR4,1.01,90,2021-09-08,1,0.0522329014940954,1,1,1,1
PETR4,1.01,90,2021-09-09,1,0.0169101233406796,1,1,1,1
PETR4,1.01,90,2021-09-10,1,0.0255814169422052,1,0,1,0
PETR4,1.01,90,2021-09-13,1,0.0196532231110742,1,1,1,1
PETR4,1.01,90,2021-09-14,1,0.0176923589402422,1,1,1,1
PETR4,1.01,90,2021-09-15,0,-0.0333588877583707,1,1,1,1
PETR4,1.01,90,2021-09-16,0,-0.0046206987245774,1,1,1,1
PETR4,1.01,90,2021-09-17,1,0.1191859731001094,1,0,1,0
PETR4,1.01,90,2021-09-20,1,0.0789474360950952,1,1,1,1
PETR4,1.01,90,2021-09-21,1,0.0755972860476867,1,1,1,1
PETR4,1.01,90,2021-09-22,1,0.0747592241393186,1,1,1,1
PETR4,1.01,90,2021-09-23,1,0.0504708484827662,1,1,1,1
PETR4,1.01,90,2021-09-24,1,0.027634494678967,1,1,1,1
PETR4,1.01,90,2021-09-27,1,0.0297903626504529,1,1,1,1
PETR4,1.01,90,2021-09-28,1,0.058801911145073,1,1,1,1
PETR4,1.01,90,2021-09-29,1,0.0704686471209425,1,1,1,1
PETR4,1.01,90,2021-09-30,1,0.0866519235007257,1,1,1,1
PETR4,1.01,90,2021-10-01,1,0.0615995238248019,1,1,1,1
PETR4,1.01,90,2021-10-04,1,0.0210345084679417,1,1,1,1
PETR4,1.01,90,2021-10-05,1,0.0310880702589686,1,1,1,1
PETR4,1.01,90,2021-10-06,1,0.0400696390574562,1,1,1,1
PETR4,1.01,90,2021-10-07,1,0.0420690169358839,1,1,1,1
PETR4,1.01,90,2021-10-08,1,0.0244067897543807,1,1,1,1
PETR4,1.01,90,2021-10-11,1,0.0359959603225508,1,1,1,1
PETR4,1.01,90,2021-10-13,1,0.0120563195317067,1,1,1,1
PETR4,1.01,90,2021-10-14,0,-0.0466443235575446,1,1,1,1
PETR4,1.01,90,2021-10-15,0,-0.0663265876410538,1,1,1,1
PETR4,1.01,90,2021-10-18,0,-0.0704513800629793,1,0,1,0
PETR4,1.01,90,2021-10-19,1,0.0367880833661153,1,1,1,1
PETR4,1.01,90,2021-10-20,1,0.052045853433005,1,1,1,1
PETR4,1.01,90,2021-10-21,1,0.0815497279288253,1,1,1,1
PETR4,1.01,90,2021-10-22,1,0.0558357461092258,1,1,1,1
PETR4,1.01,90,2021-10-25,1,0.0156249400148185,1,1,1,1
PETR4,1.01,90,2021-10-26,1,0.0145681022988608,1,1,1,1
PETR4,1.01,90,2021-10-27,1,0.0252366056247101,1,1,1,1
PETR4,1.01,90,2021-10-28,0,-0.1074493788142753,1,1,1,1
PETR4,1.01,90,2021-10-29,1,0.0220137413396197,1,1,1,1
PETR4,1.01,90,2021-11-01,0,-0.057380012657372,1,1,1,1
PETR4,1.01,90,2021-11-03,0,-0.0140637158654046,1,1,1,1
PETR4,1.01,90,2021-11-04,1,0.0251045057293426,1,1,1,1
PETR4,1.01,90,2021-11-05,1,0.0441688775796762,1,1,1,1
PETR4,1.01,90,2021-11-08,1,0.0366411968556585,1,1,1,1
PETR4,1.01,90,2021-11-09,1,0.0360902035136156,1,1,1,1
PETR4,1.01,90,2021-11-10,1,0.0252976379205092,1,1,1,1
PETR4,1.01,90,2021-11-11,1,0.0475103860133503,1,1,1,1
PETR4,1.01,90,2021-11-12,1,0.0110050935737149,1,1,1,1
PETR4,1.01,90,2021-11-16,0,-0.03760493407988,1,1,1,1
PETR4,1.01,90,2021-11-17,1,0.0509554506595115,1,1,1,1
PETR4,1.01,90,2021-11-18,1,0.0896551878328943,1,1,1,1
PETR4,1.01,90,2021-11-19,1,0.1326995755030793,1,1,1,1
PETR4,1.01,90,2021-11-22,1,0.1195039523910266,1,1,1,1
PETR4,1.01,90,2021-11-23,1,0.0734341809060759,1,1,1,1
PETR4,1.01,90,2021-11-24,1,0.0265060289366969,1,1,1,1
PETR4,1.01,90,2021-11-25,1,0.0803099887611387,1,1,1,1
PETR4,1.01,90,2021-11-26,1,0.0900733625031537,1,1,1,1
PETR4,1.01,90,2021-11-29,1,0.1095585210913578,1,1,1,1
PETR4,1.01,90,2021-11-30,1,0.1019026360905237,1,1,1,1
PETR4,1.01,90,2021-12-01,1,0.0955909956067977,1,1,1,1
PETR4,1.01,90,2021-12-02,1,0.0558286864705832,1,1,1,1
PETR4,1.01,90,2021-12-03,1,0.0448227594438763,1,1,1,1
PETR4,1.01,90,2021-12-06,1,0.0280055105298218,1,1,1,1
PETR4,1.01,90,2021-12-07,1,0.0252043497775387,1,1,1,1
PETR4,1.01,90,2021-12-08,1,0.0343642895797005,1,1,1,1
PETR4,1.01,90,2021-12-09,1,0.0203390185509058,1,1,1,1
PETR4,1.01,90,2021-12-10,1,0.0128075745591176,1,1,1,1
PETR4,1.01,90,2021-12-13,1,0.0124957734639461,1,1,1,1
PETR4,1.01,90,2021-12-14,1,0.0302405898623052,1,1,1,1
PETR4,1.01,90,2021-12-15,1,0.0121540083065974,1,1,1,1
PETR4,1.01,90,2021-12-16,1,0.0109140831357992,1,1,1,1
PETR4,1.01,90,2021-12-17,0,-0.0038678447755591,1,1,1,1
PETR4,1.01,90,2021-12-20,0,0.0070052978798138,1,1,1,1
PETR4,1.01,90,2021-12-21,1,0.0309858590887794,1,1,1,1
PETR4,1.01,90,2021-12-22,1,0.0335333262756292,1,1,1,1
PETR4,1.01,90,2021-12-23,1,0.0338983067209948,1,1,1,1
PETR4,1.01,90,2021-12-27,0,0.0027577248007031,1,0,1,0
PETR4,1.01,90,2021-12-28,1,0.0243903019880957,1,1,1,1
PETR4,1.01,90,2021-12-29,1,0.0297723723477565,1,0,0,0
PETR4,1.01,90,2021-12-30,1,0.0301332214453287,1,1,1,1
PETR4,1.01,90,2022-01-03,0,-0.0336076497315809,1,1,1,1
PETR4,1.01,90,2022-01-04,0,-0.0404248143092862,1,1,1,1
PETR4,1.01,90,2022-01-05,1,0.0275715994328327,1,1,1,1
PETR4,1.01,90,2022-01-06,1,0.0640341654565914,1,1,1,1
PETR4,1.01,90,2022-01-07,1,0.0943194256443595,1,1,1,1
PETR4,1.01,90,2022-01-10,1,0.1245551573723986,1,1,1,1
PETR4,1.01,90,2022-01-11,1,0.0987910539027621,1,1,1,1
PETR4,1.01,90,2022-01-12,1,0.0829664886604353,1,1,0,0
PETR4,1.01,90,2022-01-13,1,0.0637384715703548,1,1,1,1
PETR4,1.01,90,2022-01-14,1,0.0257961920421108,1,1,1,1
PETR4,1.01,90,2022-01-17,1,0.0205956896223882,1,1,1,1
PETR4,1.01,90,2022-01-18,1,0.0109718126258249,1,1,1,1
PETR4,1.01,90,2022-01-19,1,0.0549206222736731,1,1,1,1
PETR4,1.01,90,2022-01-20,1,0.0855242521922468,1,1,1,1
PETR4,1.01,90,2022-01-21,1,0.0930892362200599,1,1,1,1
PETR4,1.01,90,2022-01-24,1,0.0927444769378367,1,1,1,1
PETR4,1.01,90,2022-01-25,1,0.0402401793422284,1,1,1,1
PETR4,1.01,90,2022-01-26,1,0.0113868288947935,1,1,1,1
PETR4,1.01,90,2022-01-27,1,0.0162722515697713,1,1,1,1
PETR4,1.01,90,2022-01-28,1,0.0304615371673488,1,1,1,1
PETR4,1.01,90,2022-01-31,1,0.035239552473107,1,1,1,1
PETR4,1.01,90,2022-02-01,0,-0.0377132343488486,1,1,1,1
PETR4,1.01,90,2022-02-02,1,0.0272025090037384,1,1,1,1
PETR4,1.01,90,2022-02-03,1,0.0253008744082747,1,1,1,1
PETR4,1.01,90,2022-02-04,1,0.01075271346029,1,1,0,0
PETR4,1.01,90,2022-02-07,1,0.0630093957913917,1,1,1,1
PETR4,1.01,90,2022-02-08,1,0.0693131734643803,1,1,1,1
PETR4,1.01,90,2022-02-09,1,0.0507739901917143,1,1,1,1
PETR4,1.01,90,2022-02-10,1,0.0357033684047531,1,1,1,1
PETR4,1.01,90,2022-02-11,0,-0.0313053925770061,1,1,1,1
PETR4,1.01,90,2022-02-14,1,0.0318432830879493,1,1,1,1
PETR4,1.01,90,2022-02-15,1,0.0356381172326738,1,1,1,1
PETR4,1.01,90,2022-02-16,1,0.0557077713737184,1,1,1,1
PETR4,1.01,90,2022-02-17,1,0.0647835559210929,1,1,1,1
PETR4,1.01,90,2022-02-18,1,0.0677760403314753,1,1,1,1
PETR4,1.01,90,2022-02-21,1,0.0312682283350607,0,1,1,0
PETR4,1.01,90,2022-02-22,1,0.0324751198613975,1,1,1,1
PETR4,1.01,90,2022-02-23,1,0.0140804461345511,1,1,1,1
PETR4,1.01,90,2022-02-24,1,0.0550074254613635,1,1,1,1
PETR4,1.01,90,2022-02-25,0,-0.0981281725962123,1,1,1,1
PETR4,1.01,90,2022-03-02,0,-0.0677771538262466,1,1,1,1
PETR4,1.01,90,2022-03-03,1,0.017605664592359,1,1,1,1
PETR4,1.01,90,2022-03-04,0,-0.0231883924746409,1,1,1,1
PETR4,1.01,90,2022-03-07,1,0.0812499941262243,1,1,1,1
PETR4,1.01,90,2022-03-08,1,0.0613497436730057,1,1,1,1
PETR4,1.01,90,2022-03-09,1,0.0613497436730057,1,1,1,1
PETR4,1.01,90,2022-03-10,1,0.0138602324903212,1,1,1,1
PETR4,1.01,90,2022-03-11,1,0.01418438460722,1,1,1,1
PETR4,1.01,90,2022-03-14,1,0.0128452083343941,1,1,1,1
PETR4,1.01,90,2022-03-15,1,0.0187301629458127,1,1,1,1
PETR4,1.01,90,2022-03-16,1,0.0271999514270957,1,1,1,1
PETR4,1.01,90,2022-03-17,1,0.0790960344177467,1,1,1,1
PETR4,1.01,90,2022-03-18,1,0.0546748240738448,1,1,1,1
PETR4,1.01,90,2022-03-21,1,0.0190684330593462,1,1,1,1
PETR4,1.01,90,2022-03-22,1,0.0209833698419972,1,1,1,1
PETR4,1.01,90,2022-03-23,1,0.0221528799938239,1,1,1,1
PETR4,1.01,90,2022-03-24,1,0.0261275374524891,1,1,1,1
PETR4,1.01,90,2022-03-25,1,0.0470991675018821,1,1,1,1
PETR4,1.01,90,2022-03-28,1,0.0516651639585588,1,1,1,1
PETR4,1.01,90,2022-03-29,1,0.0396923646366547,1,1,1,1
PETR4,1.01,90,2022-03-30,1,0.0374578172817818,1,1,1,1
PETR4,1.01,90,2022-03-31,0,-0.0354694822730411,1,1,1,1
PETR4,1.01,90,2022-04-01,1,0.0352583124905785,1,1,1,1
PETR4,1.01,90,2022-04-04,1,0.05358240806337,1,1,1,1
PETR4,1.01,90,2022-04-05,1,0.0555215113149274,1,1,1,1
PETR4,1.01,90,2022-04-06,1,0.0624999895298115,1,1,1,1
PETR4,1.01,90,2022-04-07,1,0.0214264403284751,1,1,1,1
PETR4,1.01,90,2022-04-08,1,0.0313765245039627,1,1,1,1
PETR4,1.01,90,2022-04-11,1,0.0163855744953131,1,1,1,1
PETR4,1.01,90,2022-04-12,1,0.0172727284297513,0,1,1,0
PETR4,1.01,90,2022-04-13,1,0.014873476687377,1,1,1,1
PETR4,1.01,90,2022-04-14,1,0.0269576829372226,1,1,1,1
PETR4,1.01,90,2022-04-18,1,0.0269576829372226,1,1,1,1
PETR4,1.01,90,2022-04-19,0,-0.050237004000049,1,1,1,1
PETR4,1.01,90,2022-04-20,0,-0.0318840539913639,1,1,1,1
PETR4,1.01,90,2022-04-22,1,0.0216883549379307,1,1,1,1
PETR4,1.01,90,2022-04-25,1,0.0491531264960036,1,1,1,1
PETR4,1.01,90,2022-04-26,1,0.0401712770922295,1,1,1,1
PETR4,1.01,90,2022-04-27,1,0.0374384500151121,1,1,1,1
PETR4,1.01,90,2022-04-28,1,0.0461789037710276,1,1,1,1
PETR4,1.01,90,2022-04-29,1,0.0772290451082937,1,1,1,1
PETR4,1.01,90,2022-05-02,1,0.0996015644357295,1,1,1,1
PETR4,1.01,90,2022-05-03,1,0.0823529103242595,1,1,1,1
PETR4,1.01,90,2022-05-04,1,0.0411820418264301,1,1,1,1
PETR4,1.01,90,2022-05-05,1,0.0373202538820542,1,1,1,1
PETR4,1.01,90,2022-05-06,1,0.0422018613163204,1,1,1,1
PETR4,1.01,90,2022-05-09,1,0.0642768700042513,1,1,1,1
PETR4,1.01,90,2022-05-10,1,0.0640634818439154,1,1,1,1
PETR4,1.01,90,2022-05-11,1,0.056524349180087,1,1,1,1
PETR4,1.01,90,2022-05-12,1,0.0304985636578332,1,1,1,1
PETR4,1.01,90,2022-05-13,1,0.0259854022935739,1,1,1,1
PETR4,1.01,90,2022-05-16,0,-0.0048571406257958,1,1,1,1
PETR4,1.01,90,2022-05-17,1,0.0623171632250512,1,1,1,1
PETR4,1.01,90,2022-05-18,1,0.0832339327988547,1,1,1,1
PETR4,1.01,90,2022-05-19,1,0.0497253738922032,1,1,1,1
PETR4,1.01,90,2022-05-20,1,0.0321205244427944,1,1,1,1
PETR4,1.01,90,2022-05-23,1,0.0435897979611328,1,1,1,1
PETR4,1.01,90,2022-05-24,1,0.0271293644117427,1,1,1,1
PETR4,1.01,90,2022-05-25,1,0.0168644612929524,1,1,1,1
PETR4,1.01,90,2022-05-26,0,-0.0662519844195982,1,1,1,1
PETR4,1.01,90,2022-05-27,0,-0.0350193873962222,1,1,1,1
PETR4,1.01,90,2022-05-30,0,-0.0042749222714496,1,1,1,1
PETR4,1.01,90,2022-05-31,1,0.0210702743872608,1,1,1,1
PETR4,1.01,90,2022-06-01,1,0.0443777285567901,1,1,1,1
PETR4,1.01,90,2022-06-02,1,0.0535173795336338,1,1,1,1
PETR4,1.01,90,2022-06-03,1,0.0262295360156534,0,1,1,0
PETR4,1.01,90,2022-06-06,1,0.0367671837310432,1,1,1,1
PETR4,1.01,90,2022-06-07,1,0.0239973860307252,1,1,1,1
PETR4,1.01,90,2022-06-08,0,-0.0298263020560204,1,1,1,1
PETR4,1.01,90,2022-06-09,0,-0.0309896368775448,1,1,1,1
PETR4,1.01,90,2022-06-10,1,0.0423845279812666,1,1,1,1
PETR4,1.01,90,2022-06-13,1,0.0198921004569812,1,1,1,1
PETR4,1.01,90,2022-06-14,0,-0.0976667365012742,1,1,1,1
PETR4,1.01,90,2022-06-15,0,-0.0418885122928658,1,1,1,1
PETR4,1.01,90,2022-06-17,1,0.0857033294464608,1,1,1,1
PETR4,1.01,90,2022-06-20,1,0.0129496420348143,1,1,1,1
PETR4,1.01,90,2022-06-21,1,0.0560571764896322,1,1,1,1
PETR4,1.01,90,2022-06-22,1,0.0685693043248565,1,1,1,1
PETR4,1.01,90,2022-06-23,1,0.0773542245484391,1,1,1,1
PETR4,1.01,90,2022-06-24,1,0.0749440359244058,1,1,1,1
PETR4,1.01,90,2022-06-27,0,-0.0017494622641642,1,1,1,1
PETR4,1.01,90,2022-06-28,1,0.0280899169376571,1,1,1,1
PETR4,1.01,90,2022-06-29,1,0.0589511945685257,1,1,1,1
PETR4,1.01,90,2022-06-30,1,0.0427350461597961,1,1,1,1
PETR4,1.01,90,2022-07-01,1,0.0259285503819022,1,1,1,1
PETR4,1.01,90,2022-07-04,0,-0.0034601820165686,1,1,1,1
PETR4,1.01,90,2022-07-05,1,0.0287642483322256,1,1,1,1
PETR4,1.01,90,2022-07-06,1,0.034642874249803,1,1,1,1
PETR4,1.01,90,2022-07-07,1,0.0154223905419161,1,1,1,1
PETR4,1.01,90,2022-07-08,1,0.0165960332731158,1,1,1,1
PETR4,1.01,90,2022-07-11,0,-0.0120141090439628,1,1,1,1
PETR4,1.01,90,2022-07-12,1,0.0199075205139762,1,1,1,1
PETR4,1.01,90,2022-07-13,1,0.0442856922418646,1,1,1,1
PETR4,1.01,90,2022-07-14,1,0.0555956468125176,1,1,1,1
PETR4,1.01,90,2022-07-15,1,0.0299401373220014,1,1,1,1
PETR4,1.01,90,2022-07-18,1,0.0322241185426852,1,1,1,1
PETR4,1.01,90,2022-07-19,1,0.057791544378166,1,1,1,1
PETR4,1.01,90,2022-07-20,1,0.0910972379119239,1,1,1,1
PETR4,1.01,90,2022-07-21,1,0.0888429046010539,1,1,1,1
PETR4,1.01,90,2022-07-22,1,0.1019926070373362,1,1,1,1
PETR4,1.01,90,2022-07-25,1,0.1108974999780016,1,1,1,1
PETR4,1.01,90,2022-07-26,1,0.1073482531018863,1,1,1,1
PETR4,1.01,90,2022-07-27,1,0.0971826749948781,1,1,1,1
PETR4,1.01,90,2022-07-28,1,0.0315476679223305,1,1,1,1
PETR4,1.01,90,2022-07-29,1,0.0147058395269796,1,1,1,1
PETR4,1.01,90,2022-08-01,1,0.038199624264243,1,1,1,1
PETR4,1.01,90,2022-08-02,1,0.0811526138098617,1,1,1,1
PETR4,1.01,90,2022-08-03,1,0.0991784388634826,1,1,1,1
PETR4,1.01,90,2022-08-04,1,0.1024890533800475,1,1,1,1
PETR4,1.01,90,2022-08-05,1,0.0774046309629923,1,1,1,1
PETR4,1.01,90,2022-08-08,1,0.0561819826256146,1,1,1,1
PETR4,1.01,90,2022-08-09,1,0.051275441423783,1,1,1,1
PETR4,1.01,90,2022-08-10,1,0.0568897511704313,1,1,1,1
PETR4,1.01,90,2022-08-11,1,0.127835077642902,1,1,1,1
PETR4,1.01,90,2022-08-12,1,0.0900258981269133,1,1,1,1
PETR4,1.01,90,2022-08-15,1,0.061160101969897,0,1,1,0
PETR4,1.01,90,2022-08-16,1,0.0635071090596166,1,1,1,1
PETR4,1.01,90,2022-08-17,1,0.0169183979280445,1,1,1,1
PETR4,1.01,90,2022-08-18,1,0.0364520260971654,1,1,1,1
PETR4,1.01,90,2022-08-19,1,0.0825456760041689,1,1,1,1
PETR4,1.01,90,2022-08-22,1,0.0530186810806003,1,1,1,1
PETR4,1.01,90,2022-08-23,1,0.0459153084354475,1,1,1,1
PETR4,1.01,90,2022-08-24,1,0.0287390178715221,1,1,1,1
PETR4,1.01,90,2022-08-25,1,0.054086512784427,1,1,1,1
PETR4,1.01,90,2022-08-26,1,0.0456035781185797,1,1,1,1
PETR4,1.01,90,2022-08-29,1,0.0167647128251962,1,1,1,1
PETR4,1.01,90,2022-08-30,1,0.0779544504632572,1,1,1,1
PETR4,1.01,90,2022-08-31,1,0.0362709865394148,1,1,1,1
PETR4,1.01,90,2022-09-01,0,-0.0766550635733313,1,1,1,1
PETR4,1.01,90,2022-09-02,0,-0.0608566900265176,1,1,1,1
PETR4,1.01,90,2022-09-05,1,0.0158041528155159,1,1,1,1
PETR4,1.01,90,2022-09-06,1,0.0145465949963079,1,1,1,1
PETR4,1.01,90,2022-09-08,0,-0.0421668223654956,1,1,1,1
PETR4,1.01,90,2022-09-09,1,0.0180404249283696,1,1,1,1
PETR4,1.01,90,2022-09-12,1,0.0161603294962229,1,1,1,1
PETR4,1.01,90,2022-09-13,1,0.022113861795306,1,1,1,1
PETR4,1.01,90,2022-09-14,1,0.0219922183305052,0,1,1,0
PETR4,1.01,90,2022-09-15,1,0.02397924859586,1,1,1,1
PETR4,1.01,90,2022-09-16,1,0.0518033072899739,1,1,1,1
PETR4,1.01,90,2022-09-19,1,0.021005746876735,1,1,1,1
PETR4,1.01,90,2022-09-20,1,0.0232854928943078,1,1,1,1
PETR4,1.01,90,2022-09-21,1,0.0190597314038847,0,1,1,0
PETR4,1.01,90,2022-09-22,0,-0.0654533683167152,1,1,1,1
PETR4,1.01,90,2022-09-23,1,0.0161507370059663,1,1,1,1
PETR4,1.01,90,2022-09-26,1,0.019732410275971,1,1,1,1
PETR4,1.01,90,2022-09-27,1,0.1001011064270671,1,1,1,1
PETR4,1.01,90,2022-09-28,1,0.1376336598917673,1,1,1,1
PETR4,1.01,90,2022-09-29,1,0.12867899515059,1,1,1,1
PETR4,1.01,90,2022-09-30,1,0.0589157018650434,1,1,1,1
PETR4,1.01,90,2022-10-03,1,0.0431610640237285,1,1,1,1
PETR4,1.01,90,2022-10-04,1,0.0926456393174384,1,1,1,1
PETR4,1.01,90,2022-10-05,1,0.0399999777890498,1,1,1,1
PETR4,1.01,90,2022-10-06,1,0.0270994347324697,1,1,1,1
PETR4,1.01,90,2022-10-07,1,0.0249628346110242,1,1,1,1
PETR4,1.01,90,2022-10-10,1,0.0486469965297433,1,1,1,1
PETR4,1.01,90,2022-10-11,1,0.0612307470077275,1,1,1,1
PETR4,1.01,90,2022-10-13,1,0.046806013476607,1,1,1,1
PETR4,1.01,90,2022-10-14,1,0.0995788338659466,1,1,1,1
PETR4,1.01,90,2022-10-17,1,0.1324483887903831,1,1,1,1
PETR4,1.01,90,2022-10-18,1,0.1248169005902617,1,1,1,1
PETR4,1.01,90,2022-10-19,1,0.0634349127770901,1,1,1,1
PETR4,1.01,90,2022-10-20,1,0.0532236022808871,1,1,1,1
PETR4,1.01,90,2022-10-21,0,-0.0969862988941068,1,1,1,1
PETR4,1.01,90,2022-10-24,1,0.0135135447936245,1,1,1,1
PETR4,1.01,90,2022-10-25,1,0.0288343856912449,1,1,1,1
PETR4,1.01,90,2022-10-26,1,0.0222493201230509,1,1,1,1
PETR4,1.01,90,2022-10-27,1,0.0128440834802665,1,1,1,1
PETR4,1.01,90,2022-10-28,1,0.0323423688599895,1,1,1,1
PETR4,1.01,90,2022-10-31,1,0.0107948758401361,1,1,1,1
PETR4,1.01,90,2022-11-01,1,0.0369127838672738,0,1,1,0
PETR4,1.01,90,2022-11-03,0,-0.126623417187206,1,1,1,1
PETR4,1.01,90,2022-11-04,1,0.0121601853479951,0,1,1,0
PETR4,1.01,90,2022-11-07,1,0.0328898118170513,1,0,1,0
PETR4,1.01,90,2022-11-08,1,0.037937433174642,1,1,1,1
PETR4,1.01,90,2022-11-09,1,0.0805214817679376,1,1,1,1
PETR4,1.01,90,2022-11-10,1,0.0922480883877541,1,1,1,1
PETR4,1.01,90,2022-11-11,1,0.0337490926208658,1,1,1,1
PETR4,1.01,90,2022-11-14,1,0.0107874597189168,1,1,1,1
PETR4,1.01,90,2022-11-16,1,0.0222221664206381,1,1,1,1
PETR4,1.01,90,2022-11-17,0,-0.0222566128530796,1,1,1,1
PETR4,1.01,90,2022-11-18,1,0.0379885885588024,1,1,1,1
PETR4,1.01,90,2022-11-21,1,0.0708695524277012,1,1,1,1
PETR4,1.01,90,2022-11-22,1,0.0708695524277012,1,1,1,1
PETR4,1.01,90,2022-11-23,1,0.1003401195926365,1,1,1,1
PETR4,1.01,90,2022-11-24,1,0.0989283156267897,1,1,1,1
PETR4,1.01,90,2022-11-25,1,0.1327695697555571,1,1,1,1
PETR4,1.01,90,2022-11-28,1,0.0890244517609175,1,1,1,1
PETR4,1.01,90,2022-11-29,1,0.0464843792322313,1,1,1,1
PETR4,1.01,90,2022-11-30,0,-0.0353649141660155,1,1,1,1
PETR4,1.01,90,2022-12-01,1,0.0346438397097088,1,1,1,1
PETR4,1.01,90,2022-12-02,1,0.022307660764316,1,1,1,1
PETR4,1.01,90,2022-12-05,1,0.0220758979064079,1,1,1,1
PETR4,1.01,90,2022-12-06,1,0.0288082059442886,1,1,1,1
PETR4,1.01,90,2022-12-07,0,-0.0872798250736399,1,1,1,1
PETR4,1.01,90,2022-12-08,0,-0.1408563293412716,1,1,1,1
PETR4,1.01,90,2022-12-09,0,-0.1033360667414244,1,1,1,1
PETR4,1.01,90,2022-12-12,0,-0.0850622512913706,1,1,1,1
PETR4,1.01,90,2022-12-13,0,-0.005333360315561,1,1,1,1
PETR4,1.01,90,2022-12-14,1,0.1066666188234319,1,1,1,1
PETR4,1.01,90,2022-12-15,1,0.080145709516201,1,1,1,1
PETR4,1.01,90,2022-12-16,1,0.1113121994028483,1,1,1,1
PETR4,1.01,90,2022-12-19,1,0.1263956806142416,1,1,1,1
PETR4,1.01,90,2022-12-20,1,0.0765957920019833,1,1,1,1
PETR4,1.01,90,2022-12-21,1,0.0589958470267055,1,1,1,1
PETR4,1.01,90,2022-12-22,1,0.0493162103938784,1,1,1,1
PETR4,1.01,90,2022-12-23,0,-0.0246815472607976,1,1,1,1
PETR4,1.015,60,2020-04-22,0,0.002907023919598,1,1,1,1
PETR4,1.015,60,2020-04-23,1,0.1072496936241176,1,1,1,1
PETR4,1.015,60,2020-04-24,1,0.144981405668146,1,1,1,1
PETR4,1.015,60,2020-04-27,1,0.0845069560830893,1,1,1,1
PETR4,1.015,60,2020-04-28,1,0.0382021499655578,1,1,1,1
PETR4,1.015,60,2020-04-29,1,0.0278085666627887,1,1,1,1
PETR4,1.015,60,2020-04-30,1,0.0602407802116999,1,1,1,1
PETR4,1.015,60,2020-05-04,1,0.0379889216983171,1,1,1,1
PETR4,1.015,60,2020-05-05,1,0.0593171999291648,1,1,1,1
PETR4,1.015,60,2020-05-06,1,0.0664788575486343,1,1,1,1
PETR4,1.015,60,2020-05-07,1,0.0670799178249585,1,1,1,1
PETR4,1.015,60,2020-05-08,1,0.0344260879153188,1,1,1,1
PETR4,1.015,60,2020-05-11,1,0.0161900445935392,1,1,1,1
PETR4,1.015,60,2020-05-12,1,0.0153341664049888,1,1,1,1
PETR4,1.015,60,2020-05-13,1,0.0879309545069753,1,1,1,1
PETR4,1.015,60,2020-05-14,1,0.0806003418315148,1,1,1,1
PETR4,1.015,60,2020-05-15,1,0.0922651612400966,1,1,1,1
PETR4,1.015,60,2020-05-18,1,0.0680714034989544,1,1,1,1
PETR4,1.015,60,2020-05-19,1,0.035620830404597,1,1,1,1
PETR4,1.015,60,2020-05-20,1,0.0302563143860075,1,1,1,1
PETR4,1.015,60,2020-05-21,1,0.0686169933976437,1,1,1,1
PETR4,1.015,60,2020-05-22,1,0.0313140539654954,1,1,1,1
PETR4,1.015,60,2020-05-25,1,0.0180180422799871,1,1,1,1
PETR4,1.015,60,2020-05-26,1,0.0383838527951476,1,1,1,1
PETR4,1.015,60,2020-05-27,1,0.0868462317950209,1,1,1,1
PETR4,1.015,60,2020-05-28,1,0.120716069065146,1,1,1,1
PETR4,1.015,60,2020-05-29,1,0.0873448918647057,1,1,1,1
PETR4,1.015,60,2020-06-01,1,0.1098793864624998,1,1,1,1
PETR4,1.015,60,2020-06-02,1,0.0535223310601669,1,1,1,1
PETR4,1.015,60,2020-06-03,1,0.0766712675108134,1,1,1,1
PETR4,1.015,60,2020-06-04,1,0.0331986179337593,1,1,1,1
PETR4,1.015,60,2020-06-05,0,-0.0864745645982563,1,1,1,1
PETR4,1.015,60,2020-06-08,0,-0.0603721659282762,1,1,1,1
PETR4,1.015,60,2020-06-09,0,-0.0237551860048348,1,1,1,1
PETR4,1.015,60,2020-06-10,1,0.0625605891186835,1,1,1,1
PETR4,1.015,60,2020-06-12,1,0.1060070899326826,1,1,1,1
PETR4,1.015,60,2020-06-15,1,0.0306123388057701,1,1,1,1
PETR4,1.015,60,2020-06-16,1,0.0344506793207464,1,1,1,1
PETR4,1.015,60,2020-06-17,1,0.0491030301452115,1,1,1,1
PETR4,1.015,60,2020-06-18,0,-0.0454545176613091,1,1,1,1
PETR4,1.015,60,2020-06-19,1,0.021759269062189,1,1,1,1
PETR4,1.015,60,2020-06-22,1,0.0400565652864548,1,1,1,1
PETR4,1.015,60,2020-06-23,0,0.0079105963337711,1,1,1,1
PETR4,1.015,60,2020-06-24,1,0.0425633478118987,1,1,1,1
PETR4,1.015,60,2020-06-25,1,0.0490334162424885,1,1,1,1
PETR4,1.015,60,2020-06-26,1,0.0545022994188575,1,1,1,1
PETR4,1.015,60,2020-06-29,1,0.0426428940302974,1,1,1,1
PETR4,1.015,60,2020-06-30,1,0.0510344454365885,1,1,1,1
PETR4,1.015,60,2020-07-01,1,0.0343891523900985,1,1,1,1
PETR4,1.015,60,2020-07-02,1,0.0414578272901293,1,1,1,1
PETR4,1.015,60,2020-07-03,1,0.0209915254059085,1,1,1,1
PETR4,1.015,60,2020-07-06,1,0.0210385081005113,1,1,1,1
PETR4,1.015,60,2020-07-07,1,0.0160355046958906,1,0,1,0
PETR4,1.015,60,2020-07-08,0,0.0052676869876084,1,1,1,1
PETR4,1.015,60,2020-07-09,1,0.0558811186680954,1,1,1,1
PETR4,1.015,60,2020-07-10,1,0.0362672536887196,1,1,1,1
PETR4,1.015,60,2020-07-13,1,0.0587438283283716,1,1,1,1
PETR4,1.015,60,2020-07-14,0,-0.0198276761796528,1,1,1,1
PETR4,1.015,60,2020-07-15,1,0.0189982322565693,1,1,1,1
PETR4,1.015,60,2020-07-16,1,0.0337276305722313,1,0,1,0
PETR4,1.015,60,2020-07-17,1,0.0396476306088833,1,1,1,1
PETR4,1.015,60,2020-07-20,1,0.0194384706524273,1,1,1,1
PETR4,1.015,60,2020-07-21,0,-0.0042728634059212,1,1,1,1
PETR4,1.015,60,2020-07-22,0,-0.0155440557454417,1,1,1,1
PETR4,1.015,60,2020-07-23,1,0.0346050802139437,1,1,1,1
PETR4,1.015,60,2020-07-24,1,0.0196763776125841,1,1,1,1
PETR4,1.015,60,2020-07-27,0,-0.0364583219302099,1,1,1,1
PETR4,1.015,60,2020-07-28,0,-0.0534086229706406,1,0,1,0
PETR4,1.015,60,2020-07-29,0,-0.0497381707311704,1,1,1,1
PETR4,1.015,60,2020-07-30,1,0.0157068216465092,1,0,1,0
PETR4,1.015,60,2020-07-31,1,0.0439218842246185,1,1,1,1
PETR4,1.015,60,2020-08-03,1,0.0964585465518885,1,1,1,1
PETR4,1.015,60,2020-08-04,1,0.0584795224323864,1,1,1,1
PETR4,1.015,60,2020-08-05,1,0.0257731243932881,1,1,1,1
PETR4,1.015,60,2020-08-06,1,0.0446194194832698,1,1,1,1
PETR4,1.015,60,2020-08-07,1,0.0427946697901173,1,1,1,1
PETR4,1.015,60,2020-08-10,0,-0.043863313204523,1,1,1,1
PETR4,1.015,60,2020-08-11,0,-0.0325343572573159,1,1,1,1
PETR4,1.015,60,2020-08-12,0,-0.0183368657117317,1,1,1,1
PETR4,1.015,60,2020-08-13,1,0.0241545223046959,1,0,1,0
PETR4,1.015,60,2020-08-14,1,0.0282187076994067,1,1,1,1
PETR4,1.015,60,2020-08-17,1,0.0170081795308165,1,1,1,1
PETR4,1.015,60,2020-08-18,1,0.0161219301653134,0,1,1,0
PETR4,1.015,60,2020-08-19,1,0.0279750845433317,1,1,1,1
PETR4,1.015,60,2020-08-20,1,0.0270629836898488,1,1,1,1
PETR4,1.015,60,2020-08-21,0,-0.0310585924467038,1,1,1,1
PETR4,1.015,60,2020-08-24,0,-0.0238197708992099,1,1,1,1
PETR4,1.015,60,2020-08-25,0,-0.0390693426912408,1,1,1,1
PETR4,1.015,60,2020-08-26,1,0.0255376864539942,1,1,1,1
PETR4,1.015,60,2020-08-27,1,0.038202294401777,1,1,1,1
PETR4,1.015,60,2020-08-28,1,0.0358423484498409,1,1,1,1
PETR4,1.015,60,2020-08-31,1,0.0414414496297004,1,1,1,1
PETR4,1.015,60,2020-09-01,0,-0.0292193983295993,1,1,1,1
PETR4,1.015,60,2020-09-02,1,0.022556388740814,0,1,1,0
PETR4,1.015,60,2020-09-03,0,-0.0382609387307091,1,1,1,1
PETR4,1.015,60,2020-09-04,0,-0.0275554515292906,1,1,1,1
PETR4,1.015,60,2020-09-08,0,-0.0360159667566086,1,1,1,1
PETR4,1.015,60,2020-09-09,0,-0.0403011017949909,0,1,1,0
PETR4,1.015,60,2020-09-10,0,-0.017630994549549,0,0,1,0
PETR4,1.015,60,2020-09-11,0,0.0095715942867793,1,0,1,0
PETR4,1.015,60,2020-09-14,0,-0.0150136375646784,1,1,1,1
PETR4,1.015,60,2020-09-15,0,-0.0434782943281044,1,1,1,1
PETR4,1.015,60,2020-09-16,1,0.0306833821355105,0,0,1,0
PETR4,1.015,60,2020-09-17,0,-0.0800363788514509,1,1,1,1
PETR4,1.015,60,2020-09-18,0,-0.0418036422499988,1,1,1,1
PETR4,1.015,60,2020-09-21,1,0.0186067541057357,0,1,1,0
PETR4,1.015,60,2020-09-22,0,-0.0562499747376964,1,1,1,1
PETR4,1.015,60,2020-09-23,1,0.023221412747818,1,1,1,1
PETR4,1.015,60,2020-09-24,1,0.0203474069648286,1,1,1,1
PETR4,1.015,60,2020-09-25,0,-0.0236103977523201,1,0,1,0
PETR4,1.015,60,2020-09-28,1,0.021905220540078,1,1,1,1
PETR4,1.015,60,2020-09-29,1,0.0338461294368095,1,1,1,1
PETR4,1.015,60,2020-09-30,1,0.0539715823146123,1,1,1,1
PETR4,1.015,60,2020-10-01,1,0.0491637106908913,1,1,1,1
PETR4,1.015,60,2020-10-02,1,0.069214968807024,1,1,1,1
PETR4,1.015,60,2020-10-05,0,-0.032730866689798,1,1,1,1
PETR4,1.015,60,2020-10-06,1,0.0295000215226755,1,1,1,1
PETR4,1.015,60,2020-10-07,1,0.0274450333279576,1,1,1,1
PETR4,1.015,60,2020-10-08,0,-0.0290069025790472,1,1,1,1
PETR4,1.015,60,2020-10-09,1,0.023103971418408,1,1,1,1
PETR4,1.015,60,2020-10-13,0,-0.0283723796149936,1,1,1,1
PETR4,1.015,60,2020-10-14,1,0.033129541417626,0,1,1,0
PETR4,1.015,60,2020-10-15,1,0.0335536127262254,1,1,0,0
PETR4,1.015,60,2020-10-16,1,0.0736733755814722,1,1,1,1
PETR4,1.015,60,2020-10-19,1,0.0747332019510054,1,1,1,1
PETR4,1.015,60,2020-10-20,1,0.0486111782990374,1,1,1,1
PETR4,1.015,60,2020-10-21,1,0.0517414227184693,1,1,1,1
PETR4,1.015,60,2020-10-22,0,-0.108405109836036,1,1,1,1
PETR4,1.015,60,2020-10-23,0,-0.0511558893661155,1,1,1,1
PETR4,1.015,60,2020-10-26,0,-0.0651529662894865,1,1,1,1
PETR4,1.015,60,2020-10-27,1,0.0284236935716306,1,0,1,0
PETR4,1.015,60,2020-10-28,1,0.0889853951200285,1,1,1,1
PETR4,1.015,60,2020-10-29,1,0.0485894193537503,1,1,1,1
PETR4,1.015,60,2020-10-30,1,0.0287032169211118,1,1,1,1
PETR4,1.015,60,2020-11-03,1,0.1339330340711808,0,1,1,0
PETR4,1.015,60,2020-11-04,1,0.1604010755943514,0,1,1,0
PETR4,1.015,60,2020-11-05,1,0.1948849589672419,1,1,1,1
PETR4,1.015,60,2020-11-06,1,0.1065845802493974,1,1,1,1
PETR4,1.015,60,2020-11-09,1,0.0671540465320925,1,1,1,1
PETR4,1.015,60,2020-11-10,0,-0.0025696437251336,1,1,1,1
PETR4,1.015,60,2020-11-11,1,0.0615655018459815,1,0,1,0
PETR4,1.015,60,2020-11-12,1,0.0962761258024538,0,0,1,0
PETR4,1.015,60,2020-11-13,1,0.0405172167622318,1,0,1,0
PETR4,1.015,60,2020-11-16,1,0.0472884597063361,1,1,1,1
PETR4,1.015,60,2020-11-17,1,0.0462693479920479,1,1,1,1
PETR4,1.015,60,2020-11-18,1,0.1324841168170603,1,1,1,1
PETR4,1.015,60,2020-11-19,1,0.1187080358218455,1,1,1,1
PETR4,1.015,60,2020-11-20,1,0.1089396559728215,0,1,1,0
PETR4,1.015,60,2020-11-23,1,0.0401716557164164,1,1,1,1
PETR4,1.015,60,2020-11-24,0,-0.0496183152217094,1,1,1,1
PETR4,1.015,60,2020-11-25,0,-0.013107211474887,1,1,1,1
PETR4,1.015,60,2020-11-26,1,0.0223766385143375,0,1,1,0
PETR4,1.015,60,2020-11-27,1,0.0645288839505737,1,0,0,0
PETR4,1.015,60,2020-11-30,1,0.0854330716480216,1,0,1,0
PETR4,1.015,60,2020-12-01,1,0.085546849189031,0,1,1,0
PETR4,1.015,60,2020-12-02,1,0.062715141554414,1,1,1,1
PETR4,1.015,60,2020-12-03,1,0.0220668746917995,1,1,1,1
PETR4,1.015,60,2020-12-04,1,0.034103466641937,1,1,1,1
PETR4,1.015,60,2020-12-07,1,0.0518462555837477,1,1,1,1
PETR4,1.015,60,2020-12-08,1,0.0615845820517182,1,1,1,1
PETR4,1.015,60,2020-12-09,1,0.0397203991816694,1,1,1,1
PETR4,1.015,60,2020-12-10,1,0.0283739001858107,1,1,1,1
PETR4,1.015,60,2020-12-11,0,0.0074918800473757,1,1,1,1
PETR4,1.015,60,2020-12-14,1,0.0212230351155142,1,1,1,1
PETR4,1.015,60,2020-12-15,1,0.0193896056740452,1,1,1,1
PETR4,1.015,60,2020-12-16,0,-0.0360423993836949,1,1,1,1
PETR4,1.015,60,2020-12-17,0,-0.005338063598401,1,1,1,1
PETR4,1.015,60,2020-12-18,1,0.0489149303032525,1,0,1,0
PETR4,1.015,60,2020-12-21,1,0.0485293786737095,1,0,1,0
PETR4,1.015,60,2020-12-22,1,0.0397374790767779,0,0,1,0
PETR4,1.015,60,2020-12-23,1,0.0289139779629279,0,1,1,0
PETR4,1.015,60,2020-12-28,1,0.0634248912798758,1,0,1,0
PETR4,1.015,60,2020-12-29,1,0.089947081787943,1,1,1,1
PETR4,1.015,60,2020-12-30,1,0.0872600340846119,1,1,1,1
PETR4,1.015,60,2021-01-04,1,0.098961940615295,1,1,1,1
PETR4,1.015,60,2021-01-05,1,0.053050476550895,1,1,1,1
PETR4,1.015,60,2021-01-06,1,0.0468029723583443,1,0,1,0
PETR4,1.015,60,2021-01-07,0,-0.0734265237166422,1,1,1,1
PETR4,1.015,60,2021-01-08,1,0.0310355226722287,1,1,1,1
PETR4,1.015,60,2021-01-11,0,-0.0964010836980726,1,1,1,1
PETR4,1.015,60,2021-01-12,0,-0.0850717360350672,1,0,1,0
PETR4,1.015,60,2021-01-13,1,0.0171408511513986,1,1,1,1
PETR4,1.015,60,2021-01-14,0,-0.0289156517716615,1,1,0,0
PETR4,1.015,60,2021-01-15,1,0.0286117659356985,1,1,1,1
PETR4,1.015,60,2021-01-18,1,0.0224719193995492,0,1,0,0
PETR4,1.015,60,2021-01-19,0,-0.0673575574925343,1,1,1,1
PETR4,1.015,60,2021-01-20,0,-0.0228408374889734,1,1,1,1
PETR4,1.015,60,2021-01-21,1,0.0564425724660078,1,1,1,1
PETR4,1.015,60,2021-01-22,1,0.0440367010971873,1,0,1,0
PETR4,1.015,60,2021-01-26,1,0.0611711081597603,1,1,1,1
PETR4,1.015,60,2021-01-27,1,0.0666177738814544,1,1,1,1
PETR4,1.015,60,2021-01-28,1,0.058866212819413,1,1,1,1
PETR4,1.015,60,2021-01-29,1,0.068965474701877,1,1,1,1
PETR4,1.015,60,2021-02-01,1,0.0595070696468591,1,1,1,1
PETR4,1.015,60,2021-02-02,1,0.0383023367754697,1,1,1,1
PETR4,1.015,60,2021-02-03,1,0.0437045195378187,1,1,1,1
PETR4,1.015,60,2021-02-04,1,0.0383023367754697,1,1,1,1
PETR4,1.015,60,2021-02-05,1,0.0277095698779759,1,1,1,1
PETR4,1.015,60,2021-02-08,1,0.0160427365111328,1,1,1,1
PETR4,1.015,60,2021-02-09,1,0.0670511756331748,1,1,1,1
PETR4,1.015,60,2021-02-10,1,0.0987917516010608,1,1,1,1
PETR4,1.015,60,2021-02-11,1,0.1118302641819366,1,1,1,1
PETR4,1.015,60,2021-02-12,1,0.0841514822426843,1,1,1,1
PETR4,1.015,60,2021-02-17,1,0.0177747580149352,1,1,1,1
PETR4,1.015,60,2021-02-18,1,0.0164109905382394,1,1,1,1
PETR4,1.015,60,2021-02-19,1,0.1074561342051942,1,1,1,1
PETR4,1.015,60,2021-02-22,1,0.0954447126835398,1,1,1,1
PETR4,1.015,60,2021-02-23,1,0.0285132971553687,1,1,1,1
PETR4,1.015,60,2021-02-24,0,-0.1203999989238662,1,1,1,1
PETR4,1.015,60,2021-02-25,0,-0.0866378953584631,1,1,1,1
PETR4,1.015,60,2021-02-26,0,-0.0254387021969734,1,1,1,1
PETR4,1.015,60,2021-03-01,1,0.0631868267234954,0,1,1,0
PETR4,1.015,60,2021-03-02,1,0.065137557219737,1,0,1,0
PETR4,1.015,60,2021-03-03,1,0.0901408873209306,1,0,1,0
PETR4,1.015,60,2021-03-04,1,0.0347592913714933,1,1,1,1
PETR4,1.015,60,2021-03-05,1,0.0706473356615231,0,1,1,0
PETR4,1.015,60,2021-03-08,1,0.0997191743154943,1,1,1,1
PETR4,1.015,60,2021-03-09,1,0.0788515374390566,1,1,1,1
PETR4,1.015,60,2021-03-10,1,0.0468611132833465,1,1,1,1
PETR4,1.015,60,2021-03-11,1,0.0423326708699991,1,1,1,1
PETR4,1.015,60,2021-03-12,1,0.0441368810979265,1,1,1,1
PETR4,1.015,60,2021-03-15,1,0.0211596274518846,1,1,1,1
PETR4,1.015,60,2021-03-16,1,0.0427831765158455,1,1,1,1
PETR4,1.015,60,2021-03-17,0,-0.0452260365335694,1,1,1,1
PETR4,1.015,60,2021-03-18,1,0.033089840924009,1,1,1,1
PETR4,1.015,60,2021-03-19,0,-0.0206838604648917,1,1,1,1
PETR4,1.015,60,2021-03-22,1,0.0306430473812928,1,1,1,1
PETR4,1.015,60,2021-03-23,1,0.0297542111520974,1,0,1,0
PETR4,1.015,60,2021-03-24,1,0.056828122761604,1,1,1,1
PETR4,1.015,60,2021-03-25,1,0.0319421337513206,1,1,1,1
PETR4,1.015,60,2021-03-26,1,0.0449871700496844,1,1,1,1
PETR4,1.015,60,2021-03-29,1,0.0317257998665645,1,1,1,1
PETR4,1.015,60,2021-03-30,1,0.0247899341927801,1,1,1,1
PETR4,1.015,60,2021-03-31,0,-0.0119389817987084,1,1,1,1
PETR4,1.015,60,2021-04-01,0,-0.0178202579760587,1,1,1,1
PETR4,1.015,60,2021-04-05,0,-0.0219190465892045,1,1,1,1
PETR4,1.015,60,2021-04-06,1,0.0179615492347184,1,1,1,1
PETR4,1.015,60,2021-04-07,1,0.0162635933129819,1,1,1,1
PETR4,1.015,60,2021-04-08,1,0.0459574935757534,1,1,1,1
PETR4,1.015,60,2021-04-09,1,0.0278127068050666,1,1,1,1
PETR4,1.015,60,2021-04-12,1,0.0269555129978606,1,1,1,1
PETR4,1.015,60,2021-04-13,1,0.0628850332373001,1,1,1,1
PETR4,1.015,60,2021-04-14,1,0.0502109302570816,1,1,1,1
PETR4,1.015,60,2021-04-15,1,0.0760917384597092,1,1,1,1
PETR4,1.015,60,2021-04-16,1,0.0845315605724039,1,1,1,1
PETR4,1.015,60,2021-04-19,0,-0.0226059422403898,1,1,1,1
PETR4,1.015,60,2021-04-20,0,-0.0430820900039322,1,1,1,1
PETR4,1.015,60,2021-04-22,0,0.0025125747977492,1,1,1,1
PETR4,1.015,60,2021-04-23,1,0.0184487254180953,1,1,1,1
PETR4,1.015,60,2021-04-26,1,0.0197314125656382,1,1,1,1
PETR4,1.015,60,2021-04-27,1,0.0380342288033601,1,1,1,1
PETR4,1.015,60,2021-04-28,0,-0.050994995845274,1,1,1,1
PETR4,1.015,60,2021-04-29,1,0.0235042455720417,1,1,1,1
PETR4,1.015,60,2021-04-30,0,-0.0126049656090858,1,1,1,1
PETR4,1.015,60,2021-05-03,1,0.0386575092952425,1,1,1,1
PETR4,1.015,60,2021-05-04,1,0.0781183485023468,0,1,1,0
PETR4,1.015,60,2021-05-05,1,0.0615774148070393,1,1,1,1
PETR4,1.015,60,2021-05-06,1,0.0799491997977022,1,1,1,1
PETR4,1.015,60,2021-05-07,1,0.0294354917016181,1,1,1,1
PETR4,1.015,60,2021-05-10,1,0.0793781829298561,1,0,1,0
PETR4,1.015,60,2021-05-11,1,0.0685370046741278,1,1,1,1
PETR4,1.015,60,2021-05-12,1,0.0823909486914475,1,1,1,1
PETR4,1.015,60,2021-05-13,1,0.0387597495655438,1,1,1,1
PETR4,1.015,60,2021-05-14,1,0.019011372500109,1,1,1,1
PETR4,1.015,60,2021-05-17,0,-0.0280898992805616,1,0,1,0
PETR4,1.015,60,2021-05-18,1,0.025918760189721,1,0,1,0
PETR4,1.015,60,2021-05-19,1,0.0179731919072227,1,0,1,0
PETR4,1.015,60,2021-05-20,1,0.0207054948713221,0,0,1,0
PETR4,1.015,60,2021-05-21,0,-0.0140792138889913,1,1,1,1
PETR4,1.015,60,2021-05-24,1,0.0203928469823706,1,1,1,1
PETR4,1.015,60,2021-05-25,1,0.0497877131738404,1,1,1,1
PETR4,1.015,60,2021-05-26,1,0.062116609390211,1,0,1,0
PETR4,1.015,60,2021-05-27,1,0.0713740100571069,1,1,1,1
PETR4,1.015,60,2021-05-28,1,0.061572628035857,1,1,1,1
PETR4,1.015,60,2021-05-31,1,0.0445255214382931,1,0,1,0
PETR4,1.015,60,2021-06-01,1,0.0530164677382605,1,1,1,1
PETR4,1.015,60,2021-06-02,1,0.0363507339903745,1,0,1,0
PETR4,1.015,60,2021-06-04,1,0.0203508582829727,1,1,1,1
PETR4,1.015,60,2021-06-07,1,0.0323039068456438,1,1,1,1
PETR4,1.015,60,2021-06-08,1,0.0219359242314471,1,1,1,1
PETR4,1.015,60,2021-06-09,1,0.0180367398893177,1,1,1,1
PETR4,1.015,60,2021-06-10,1,0.0190971998592572,0,1,1,0
PETR4,1.015,60,2021-06-11,1,0.0155708952938249,1,1,1,1
PETR4,1.015,60,2021-06-14,0,-0.0220994394432143,1,1,1,1
PETR4,1.015,60,2021-06-15,0,-0.004470447420739,1,1,1,1
PETR4,1.015,60,2021-06-16,0,0.0031023931064211,1,1,1,1
PETR4,1.015,60,2021-06-17,1,0.054285740518265,1,0,1,0
PETR4,1.015,60,2021-06-18,1,0.044014062114893,1,0,1,0
PETR4,1.015,60,2021-06-21,1,0.0272413954844319,1,1,1,1
PETR4,1.015,60,2021-06-22,1,0.0184616267796944,1,1,1,1
PETR4,1.015,60,2021-06-23,0,-0.0105119775101812,1,1,1,1
PETR4,1.015,60,2021-06-24,0,-0.0087571985645288,1,1,1,1
PETR4,1.015,60,2021-06-25,1,0.0239890344254447,0,0,1,0
PETR4,1.015,60,2021-06-28,1,0.0271571143873998,1,0,1,0
PETR4,1.015,60,2021-06-29,1,0.0292800808709725,1,1,1,1
PETR4,1.015,60,2021-06-30,0,-0.0696032272031508,1,1,1,1
PETR4,1.015,60,2021-07-01,0,-0.0426620976567017,1,1,1,1
PETR4,1.015,60,2021-07-02,0,-0.0523957481162358,1,1,1,1
PETR4,1.015,60,2021-07-05,0,-0.0337978435887517,1,0,1,0
PETR4,1.015,60,2021-07-06,0,-0.0088810367640819,1,0,1,0
PETR4,1.015,60,2021-07-07,1,0.0291971002306419,1,1,1,1
PETR4,1.015,60,2021-07-08,1,0.0224800461199341,1,1,1,1
PETR4,1.015,60,2021-07-12,1,0.023222052560659,1,0,1,0
PETR4,1.015,60,2021-07-13,0,-0.0661921376838154,1,0,1,0
PETR4,1.015,60,2021-07-14,0,-0.0327392145282757,1,0,1,0
PETR4,1.015,60,2021-07-15,0,-0.0099154622294026,1,0,1,0
PETR4,1.015,60,2021-07-16,1,0.0489025621439545,0,1,1,0
PETR4,1.015,60,2021-07-19,1,0.040091578821416,1,1,1,1
PETR4,1.015,60,2021-07-20,1,0.0253826042255791,1,1,1,1
PETR4,1.015,60,2021-07-21,1,0.0174073687056175,0,1,1,0
PETR4,1.015,60,2021-07-22,1,0.0295201932901534,1,1,1,1
PETR4,1.015,60,2021-07-23,1,0.0441286122716564,1,1,1,1
PETR4,1.015,60,2021-07-26,1,0.0208409308457317,1,1,1,1
PETR4,1.015,60,2021-07-27,1,0.0178636190698546,1,0,1,0
PETR4,1.015,60,2021-07-28,0,-0.0341727048192065,0,1,1,0
PETR4,1.015,60,2021-07-29,0,-0.0478260767039558,1,0,1,0
PETR4,1.015,60,2021-07-30,1,0.0654412503648971,1,0,1,0
PETR4,1.015,60,2021-08-02,1,0.0993929921892649,1,1,1,1
PETR4,1.015,60,2021-08-03,1,0.0915254935299119,1,1,1,1
PETR4,1.015,60,2021-08-04,0,-0.0163477906147179,1,1,1,1
PETR4,1.015,60,2021-08-05,1,0.0171929487626698,1,1,1,1
PETR4,1.015,60,2021-08-06,1,0.0443650327384093,1,0,1,0
PETR4,1.015,60,2021-08-09,1,0.0462897409075715,1,0,1,0
PETR4,1.015,60,2021-08-10,1,0.0514914901172665,1,1,1,1
PETR4,1.015,60,2021-08-11,1,0.0331472880750878,1,1,1,1
PETR4,1.015,60,2021-08-12,1,0.0189263362902256,1,1,1,1
PETR4,1.015,60,2021-08-13,0,-0.0333330064309864,1,0,1,0
PETR4,1.015,60,2021-08-16,1,0.0294336843557894,1,1,1,1
PETR4,1.015,60,2021-08-17,0,-0.000369957875251,0,1,1,0
PETR4,1.015,60,2021-08-18,1,0.0521705172772521,1,1,1,1
PETR4,1.015,60,2021-08-19,1,0.0541666913878324,1,1,1,1
PETR4,1.015,60,2021-08-20,1,0.0348924501154108,1,1,1,1
PETR4,1.015,60,2021-08-23,1,0.0439720952573237,1,0,1,0
PETR4,1.015,60,2021-08-24,1,0.0390880224695273,1,0,1,0
PETR4,1.015,60,2021-08-25,1,0.0409717862264511,1,0,1,0
PETR4,1.015,60,2021-08-26,1,0.0364621781599472,0,1,1,0
PETR4,1.015,60,2021-08-27,0,-0.0633802580816097,1,0,1,0
PETR4,1.015,60,2021-08-30,0,-0.0663120217862099,1,0,1,0
PETR4,1.015,60,2021-08-31,0,-0.031478762231286,1,1,1,1
PETR4,1.015,60,2021-09-01,0,-0.0751852356563367,1,0,1,0
PETR4,1.015,60,2021-09-02,0,-0.0431519211162307,0,0,1,0
PETR4,1.015,60,2021-09-03,1,0.0190766145196239,1,0,1,0
PETR4,1.015,60,2021-09-06,0,-0.0022822277935766,1,1,1,1
PETR4,1.015,60,2021-09-08,1,0.0522329014940954,1,1,1,1
PETR4,1.015,60,2021-09-09,1,0.0169101233406796,1,0,1,0
PETR4,1.015,60,2021-09-10,1,0.0255814169422052,1,0,1,0
PETR4,1.015,60,2021-09-13,1,0.0196532231110742,1,1,1,1
PETR4,1.015,60,2021-09-14,1,0.0176923589402422,1,1,1,1
PETR4,1.015,60,2021-09-15,0,-0.0333588877583707,1,1,1,1
PETR4,1.015,60,2021-09-16,0,-0.0046206987245774,1,1,1,1
PETR4,1.015,60,2021-09-17,1,0.1191859731001094,0,0,1,0
PETR4,1.015,60,2021-09-20,1,0.0789474360950952,1,1,1,1
PETR4,1.015,60,2021-09-21,1,0.0755972860476867,1,1,1,1
PETR4,1.015,60,2021-09-22,1,0.0747592241393186,1,1,1,1
PETR4,1.015,60,2021-09-23,1,0.0504708484827662,0,1,1,0
PETR4,1.015,60,2021-09-24,1,0.027634494678967,0,0,1,0
PETR4,1.015,60,2021-09-27,1,0.0297903626504529,0,1,1,0
PETR4,1.015,60,2021-09-28,1,0.058801911145073,0,1,1,0
PETR4,1.015,60,2021-09-29,1,0.0704686471209425,0,1,1,0
PETR4,1.015,60,2021-09-30,1,0.0866519235007257,1,1,1,1
PETR4,1.015,60,2021-10-01,1,0.0615995238248019,0,1,1,0
PETR4,1.015,60,2021-10-04,1,0.0210345084679417,1,1,1,1
PETR4,1.015,60,2021-10-05,1,0.0310880702589686,1,1,1,1
PETR4,1.015,60,2021-10-06,1,0.0400696390574562,1,1,1,1
PETR4,1.015,60,2021-10-07,1,0.0420690169358839,1,1,1,1
PETR4,1.015,60,2021-10-08,1,0.0244067897543807,1,1,1,1
PETR4,1.015,60,2021-10-11,1,0.0359959603225508,1,1,1,1
PETR4,1.015,60,2021-10-13,0,-0.061955763632902,1,1,1,1
PETR4,1.015,60,2021-10-14,0,-0.0466443235575446,1,1,1,1
PETR4,1.015,60,2021-10-15,0,-0.0663265876410538,1,1,1,1
PETR4,1.015,60,2021-10-18,0,-0.0704513800629793,1,0,1,0
PETR4,1.015,60,2021-10-19,1,0.0367880833661153,1,1,1,1
PETR4,1.015,60,2021-10-20,1,0.052045853433005,1,1,1,1
PETR4,1.015,60,2021-10-21,1,0.0815497279288253,1,1,1,1
PETR4,1.015,60,2021-10-22,1,0.0558357461092258,1,1,1,1
PETR4,1.015,60,2021-10-25,1,0.0156249400148185,1,1,1,1
PETR4,1.015,60,2021-10-26,0,-0.0287894515485319,0,1,1,0
PETR4,1.015,60,2021-10-27,1,0.0252366056247101,1,1,1,1
PETR4,1.015,60,2021-10-28,0,-0.1074493788142753,0,0,1,0
PETR4,1.015,60,2021-10-29,1,0.0220137413396197,1,1,1,1
PETR4,1.015,60,2021-11-01,0,-0.057380012657372,1,1,1,1
PETR4,1.015,60,2021-11-03,0,-0.0140637158654046,1,1,1,1
PETR4,1.015,60,2021-11-04,1,0.0251045057293426,1,1,1,1
PETR4,1.015,60,2021-11-05,1,0.0441688775796762,1,1,1,1
PETR4,1.015,60,2021-11-08,1,0.0366411968556585,0,1,1,0
PETR4,1.015,60,2021-11-09,1,0.0360902035136156,1,1,1,1
PETR4,1.015,60,2021-11-10,1,0.0252976379205092,1,1,1,1
PETR4,1.015,60,2021-11-11,1,0.0475103860133503,1,1,1,1
PETR4,1.015,60,2021-11-12,0,-0.0425532538145471,1,1,1,1
PETR4,1.015,60,2021-11-16,0,-0.03760493407988,1,1,1,1
PETR4,1.015,60,2021-11-17,1,0.0509554506595115,1,0,1,0
PETR4,1.015,60,2021-11-18,1,0.0896551878328943,1,1,1,1
PETR4,1.015,60,2021-11-19,1,0.1326995755030793,1,1,1,1
PETR4,1.015,60,2021-11-22,1,0.1195039523910266,1,1,1,1
PETR4,1.015,60,2021-11-23,1,0.0734341809060759,1,1,1,1
PETR4,1.015,60,2021-11-24,1,0.0265060289366969,1,1,1,1
PETR4,1.015,60,2021-11-25,1,0.0803099887611387,1,1,1,1
PETR4,1.015,60,2021-11-26,1,0.0900733625031537,1,1,1,1
PETR4,1.015,60,2021-11-29,1,0.1095585210913578,1,1,1,1
PETR4,1.015,60,2021-11-30,1,0.1019026360905237,1,1,1,1
PETR4,1.015,60,2021-12-01,1,0.0955909956067977,1,1,1,1
PETR4,1.015,60,2021-12-02,1,0.0558286864705832,1,1,1,1
PETR4,1.015,60,2021-12-03,1,0.0448227594438763,1,0,1,0
PETR4,1.015,60,2021-12-06,1,0.0280055105298218,1,0,1,0
PETR4,1.015,60,2021-12-07,1,0.0252043497775387,1,0,1,0
PETR4,1.015,60,2021-12-08,1,0.0343642895797005,1,1,1,1
PETR4,1.015,60,2021-12-09,1,0.0203390185509058,1,1,1,1
PETR4,1.015,60,2021-12-10,0,0.0006740489229593,1,1,1,1
PETR4,1.015,60,2021-12-13,0,-0.0209388736242176,1,1,1,1
PETR4,1.015,60,2021-12-14,1,0.0302405898623052,1,1,1,1
PETR4,1.015,60,2021-12-15,0,-0.0479405695327478,1,1,1,1
PETR4,1.015,60,2021-12-16,0,-0.0395633881865954,1,1,1,1
PETR4,1.015,60,2021-12-17,0,-0.0038678447755591,1,1,1,1
PETR4,1.015,60,2021-12-20,0,0.0070052978798138,1,1,0,0
PETR4,1.015,60,2021-12-21,1,0.0309858590887794,1,1,0,0
PETR4,1.015,60,2021-12-22,1,0.0335333262756292,1,0,0,0
PETR4,1.015,60,2021-12-23,1,0.0338983067209948,0,1,0,0
PETR4,1.015,60,2021-12-27,0,0.0027577248007031,0,1,1,0
PETR4,1.015,60,2021-12-28,1,0.0243903019880957,1,1,1,1
PETR4,1.015,60,2021-12-29,1,0.0297723723477565,1,0,1,0
PETR4,1.015,60,2021-12-30,1,0.0301332214453287,1,1,1,1
PETR4,1.015,60,2022-01-03,0,-0.0336076497315809,1,1,1,1
PETR4,1.015,60,2022-01-04,0,-0.0404248143092862,1,1,1,1
PETR4,1.015,60,2022-01-05,1,0.0275715994328327,1,1,1,1
PETR4,1.015,60,2022-01-06,1,0.0640341654565914,1,1,1,1
PETR4,1.015,60,2022-01-07,1,0.0943194256443595,1,1,1,1
PETR4,1.015,60,2022-01-10,1,0.1245551573723986,1,1,1,1
PETR4,1.015,60,2022-01-11,1,0.0987910539027621,0,1,1,0
PETR4,1.015,60,2022-01-12,1,0.0829664886604353,1,1,1,1
PETR4,1.015,60,2022-01-13,1,0.0637384715703548,1,0,1,0
PETR4,1.015,60,2022-01-14,1,0.0257961920421108,0,1,1,0
PETR4,1.015,60,2022-01-17,1,0.0205956896223882,1,1,1,1
PETR4,1.015,60,2022-01-18,0,0.0015673650731617,1,1,1,1
PETR4,1.015,60,2022-01-19,1,0.0549206222736731,1,1,1,1
PETR4,1.015,60,2022-01-20,1,0.0855242521922468,1,1,1,1
PETR4,1.015,60,2022-01-21,1,0.0930892362200599,1,1,1,1
PETR4,1.015,60,2022-01-24,1,0.0927444769378367,1,1,1,1
PETR4,1.015,60,2022-01-25,1,0.0402401793422284,1,1,1,1
PETR4,1.015,60,2022-01-26,0,-0.0364963794978488,1,1,1,1
PETR4,1.015,60,2022-01-27,1,0.0162722515697713,1,1,1,1
PETR4,1.015,60,2022-01-28,1,0.0304615371673488,1,1,1,1
PETR4,1.015,60,2022-01-31,1,0.035239552473107,1,1,1,1
PETR4,1.015,60,2022-02-01,0,-0.0377132343488486,1,1,1,1
PETR4,1.015,60,2022-02-02,1,0.0272025090037384,1,1,1,1
PETR4,1.015,60,2022-02-03,1,0.0253008744082747,1,1,1,1
PETR4,1.015,60,2022-02-04,0,-0.0033794626272254,1,1,1,1
PETR4,1.015,60,2022-02-07,1,0.0630093957913917,1,1,1,1
PETR4,1.015,60,2022-02-08,1,0.0693131734643803,1,1,1,1
PETR4,1.015,60,2022-02-09,1,0.0507739901917143,1,1,1,1
PETR4,1.015,60,2022-02-10,1,0.0357033684047531,1,1,1,1
PETR4,1.015,60,2022-02-11,0,-0.0313053925770061,1,1,1,1
PETR4,1.015,60,2022-02-14,1,0.0318432830879493,1,1,1,1
PETR4,1.015,60,2022-02-15,1,0.0356381172326738,1,1,1,1
PETR4,1.015,60,2022-02-16,1,0.0557077713737184,1,1,1,1
PETR4,1.015,60,2022-02-17,1,0.0647835559210929,1,1,1,1
PETR4,1.015,60,2022-02-18,1,0.0677760403314753,1,1,1,1
PETR4,1.015,60,2022-02-21,1,0.0312682283350607,1,1,1,1
PETR4,1.015,60,2022-02-22,1,0.0324751198613975,1,1,1,1
PETR4,1.015,60,2022-02-23,0,-0.0160919608859213,1,1,1,1
PETR4,1.015,60,2022-02-24,1,0.0550074254613635,1,1,1,1
PETR4,1.015,60,2022-02-25,0,-0.0981281725962123,1,1,1,1
PETR4,1.015,60,2022-03-02,0,-0.0677771538262466,1,1,1,1
PETR4,1.015,60,2022-03-03,1,0.017605664592359,1,0,1,0
PETR4,1.015,60,2022-03-04,0,-0.0231883924746409,1,1,1,1
PETR4,1.015,60,2022-03-07,1,0.0812499941262243,1,1,1,1
PETR4,1.015,60,2022-03-08,1,0.0613497436730057,1,1,1,1
PETR4,1.015,60,2022-03-09,1,0.0613497436730057,0,1,1,0
PETR4,1.015,60,2022-03-10,0,-0.0908287009874805,1,1,1,1
PETR4,1.015,60,2022-03-11,0,-0.0746222742545911,1,1,1,1
PETR4,1.015,60,2022-03-14,0,-0.0170199207972322,1,1,1,1
PETR4,1.015,60,2022-03-15,1,0.0187301629458127,1,1,1,1
PETR4,1.015,60,2022-03-16,1,0.0271999514270957,1,0,1,0
PETR4,1.015,60,2022-03-17,1,0.0790960344177467,1,1,1,1
PETR4,1.015,60,2022-03-18,1,0.0546748240738448,1,1,1,1
PETR4,1.015,60,2022-03-21,1,0.0190684330593462,1,1,1,1
PETR4,1.015,60,2022-03-22,1,0.0209833698419972,1,1,1,1
PETR4,1.015,60,2022-03-23,1,0.0221528799938239,1,1,1,1
PETR4,1.015,60,2022-03-24,1,0.0261275374524891,1,1,1,1
PETR4,1.015,60,2022-03-25,1,0.0470991675018821,1,1,1,1
PETR4,1.015,60,2022-03-28,1,0.0516651639585588,1,1,1,1
PETR4,1.015,60,2022-03-29,1,0.0396923646366547,1,1,1,1
PETR4,1.015,60,2022-03-30,1,0.0374578172817818,1,1,1,1
PETR4,1.015,60,2022-03-31,0,-0.0354694822730411,1,1,1,1
PETR4,1.015,60,2022-04-01,1,0.0352583124905785,1,0,1,0
PETR4,1.015,60,2022-04-04,1,0.05358240806337,1,1,1,1
PETR4,1.015,60,2022-04-05,1,0.0555215113149274,1,1,1,1
PETR4,1.015,60,2022-04-06,1,0.0624999895298115,1,1,1,1
PETR4,1.015,60,2022-04-07,1,0.0214264403284751,1,1,1,1
PETR4,1.015,60,2022-04-08,1,0.0313765245039627,1,1,0,0
PETR4,1.015,60,2022-04-11,1,0.0163855744953131,1,1,0,0
PETR4,1.015,60,2022-04-12,1,0.0172727284297513,1,1,1,1
PETR4,1.015,60,2022-04-13,0,0.0063291812275001,1,1,1,1
PETR4,1.015,60,2022-04-14,1,0.0269576829372226,1,1,1,1
PETR4,1.015,60,2022-04-18,1,0.0269576829372226,1,1,1,1
PETR4,1.015,60,2022-04-19,0,-0.050237004000049,1,1,1,1
PETR4,1.015,60,2022-04-20,0,-0.0318840539913639,1,1,1,1
PETR4,1.015,60,2022-04-22,1,0.0216883549379307,1,1,1,1
PETR4,1.015,60,2022-04-25,1,0.0491531264960036,1,1,1,1
PETR4,1.015,60,2022-04-26,1,0.0401712770922295,1,1,1,1
PETR4,1.015,60,2022-04-27,1,0.0374384500151121,1,1,1,1
PETR4,1.015,60,2022-04-28,1,0.0461789037710276,1,1,1,1
PETR4,1.015,60,2022-04-29,1,0.0772290451082937,1,1,1,1
PETR4,1.015,60,2022-05-02,1,0.0996015644357295,1,1,1,1
PETR4,1.015,60,2022-05-03,1,0.0823529103242595,1,1,1,1
PETR4,1.015,60,2022-05-04,1,0.0411820418264301,1,1,1,1
PETR4,1.015,60,2022-05-05,1,0.0373202538820542,1,1,1,1
PETR4,1.015,60,2022-05-06,1,0.0422018613163204,1,1,1,1
PETR4,1.015,60,2022-05-09,1,0.0642768700042513,1,1,1,1
PETR4,1.015,60,2022-05-10,1,0.0640634818439154,1,1,1,1
PETR4,1.015,60,2022-05-11,1,0.056524349180087,1,1,1,1
PETR4,1.015,60,2022-05-12,1,0.0304985636578332,0,0,0,1
PETR4,1.015,60,2022-05-13,1,0.0259854022935739,0,0,1,0
PETR4,1.015,60,2022-05-16,0,-0.0048571406257958,1,0,1,0
PETR4,1.015,60,2022-05-17,1,0.0623171632250512,1,1,1,1
PETR4,1.015,60,2022-05-18,1,0.0832339327988547,1,0,1,0
PETR4,1.015,60,2022-05-19,1,0.0497253738922032,1,0,1,0
PETR4,1.015,60,2022-05-20,1,0.0321205244427944,1,0,1,0
PETR4,1.015,60,2022-05-23,1,0.0435897979611328,1,1,1,1
PETR4,1.015,60,2022-05-24,1,0.0271293644117427,1,1,1,1
PETR4,1.015,60,2022-05-25,1,0.0168644612929524,1,1,1,1
PETR4,1.015,60,2022-05-26,0,-0.0662519844195982,1,1,1,1
PETR4,1.015,60,2022-05-27,0,-0.0350193873962222,1,1,1,1
PETR4,1.015,60,2022-05-30,0,-0.0042749222714496,1,1,1,1
PETR4,1.015,60,2022-05-31,1,0.0210702743872608,1,1,1,1
PETR4,1.015,60,2022-06-01,1,0.0443777285567901,1,1,1,1
PETR4,1.015,60,2022-06-02,1,0.0535173795336338,1,1,1,1
PETR4,1.015,60,2022-06-03,1,0.0262295360156534,0,1,1,0
PETR4,1.015,60,2022-06-06,1,0.0367671837310432,1,1,1,1
PETR4,1.015,60,2022-06-07,1,0.0239973860307252,1,1,1,1
PETR4,1.015,60,2022-06-08,0,-0.0298263020560204,1,1,1,1
PETR4,1.015,60,2022-06-09,0,-0.0309896368775448,1,1,1,1
PETR4,1.015,60,2022-06-10,1,0.0423845279812666,1,1,1,1
PETR4,1.015,60,2022-06-13,1,0.0198921004569812,1,1,1,1
PETR4,1.015,60,2022-06-14,0,-0.0976667365012742,1,1,1,1
PETR4,1.015,60,2022-06-15,0,-0.0418885122928658,1,1,1,1
PETR4,1.015,60,2022-06-17,1,0.0857033294464608,1,1,1,1
PETR4,1.015,60,2022-06-20,0,-0.0543164866351434,0,0,1,0
PETR4,1.015,60,2022-06-21,1,0.0560571764896322,1,1,1,1
PETR4,1.015,60,2022-06-22,1,0.0685693043248565,1,0,1,0
PETR4,1.015,60,2022-06-23,1,0.0773542245484391,1,1,1,1
PETR4,1.015,60,2022-06-24,1,0.0749440359244058,1,1,1,1
PETR4,1.015,60,2022-06-27,0,-0.0017494622641642,1,1,1,1
PETR4,1.015,60,2022-06-28,1,0.0280899169376571,1,1,1,1
PETR4,1.015,60,2022-06-29,1,0.0589511945685257,1,1,1,1
PETR4,1.015,60,2022-06-30,1,0.0427350461597961,1,1,1,1
PETR4,1.015,60,2022-07-01,1,0.0259285503819022,1,1,1,1
PETR4,1.015,60,2022-07-04,0,-0.0034601820165686,1,1,1,1
PETR4,1.015,60,2022-07-05,1,0.0287642483322256,1,1,1,1
PETR4,1.015,60,2022-07-06,1,0.034642874249803,1,1,1,1
PETR4,1.015,60,2022-07-07,1,0.0154223905419161,1,1,1,1
PETR4,1.015,60,2022-07-08,1,0.0165960332731158,1,1,1,1
PETR4,1.015,60,2022-07-11,0,-0.0120141090439628,1,1,1,1
PETR4,1.015,60,2022-07-12,1,0.0199075205139762,1,1,1,1
PETR4,1.015,60,2022-07-13,1,0.0442856922418646,1,1,1,1
PETR4,1.015,60,2022-07-14,1,0.0555956468125176,1,1,1,1
PETR4,1.015,60,2022-07-15,1,0.0299401373220014,1,1,1,1
PETR4,1.015,60,2022-07-18,1,0.0322241185426852,1,1,1,1
PETR4,1.015,60,2022-07-19,1,0.057791544378166,1,1,1,1
PETR4,1.015,60,2022-07-20,1,0.0910972379119239,1,1,1,1
PETR4,1.015,60,2022-07-21,1,0.0888429046010539,1,1,1,1
PETR4,1.015,60,2022-07-22,1,0.1019926070373362,1,1,1,1
PETR4,1.015,60,2022-07-25,1,0.1108974999780016,1,1,1,1
PETR4,1.015,60,2022-07-26,1,0.1073482531018863,1,1,1,1
PETR4,1.015,60,2022-07-27,1,0.0971826749948781,1,1,1,1
PETR4,1.015,60,2022-07-28,1,0.0315476679223305,1,1,1,1
PETR4,1.015,60,2022-07-29,0,0.0061764380405044,1,1,1,1
PETR4,1.015,60,2022-08-01,1,0.038199624264243,1,0,1,0
PETR4,1.015,60,2022-08-02,1,0.0811526138098617,1,1,1,1
PETR4,1.015,60,2022-08-03,1,0.0991784388634826,1,1,1,1
PETR4,1.015,60,2022-08-04,1,0.1024890533800475,0,1,1,0
PETR4,1.015,60,2022-08-05,1,0.0774046309629923,1,1,1,1
PETR4,1.015,60,2022-08-08,1,0.0561819826256146,1,1,1,1
PETR4,1.015,60,2022-08-09,1,0.051275441423783,1,1,1,1
PETR4,1.015,60,2022-08-10,1,0.0568897511704313,1,1,1,1
PETR4,1.015,60,2022-08-11,1,0.127835077642902,1,1,1,1
PETR4,1.015,60,2022-08-12,1,0.0900258981269133,1,1,1,1
PETR4,1.015,60,2022-08-15,1,0.061160101969897,1,1,1,1
PETR4,1.015,60,2022-08-16,1,0.0635071090596166,1,1,1,1
PETR4,1.015,60,2022-08-17,1,0.0169183979280445,1,1,1,1
PETR4,1.015,60,2022-08-18,1,0.0364520260971654,1,1,1,1
PETR4,1.015,60,2022-08-19,1,0.0825456760041689,1,1,1,1
PETR4,1.015,60,2022-08-22,1,0.0530186810806003,0,1,1,0
PETR4,1.015,60,2022-08-23,1,0.0459153084354475,1,1,1,1
PETR4,1.015,60,2022-08-24,1,0.0287390178715221,1,1,1,1
PETR4,1.015,60,2022-08-25,1,0.054086512784427,1,1,1,1
PETR4,1.015,60,2022-08-26,1,0.0456035781185797,1,1,1,1
PETR4,1.015,60,2022-08-29,1,0.0167647128251962,1,1,1,1
PETR4,1.015,60,2022-08-30,1,0.0779544504632572,1,1,1,1
PETR4,1.015,60,2022-08-31,1,0.0362709865394148,1,1,1,1
PETR4,1.015,60,2022-09-01,0,-0.0766550635733313,1,1,1,1
PETR4,1.015,60,2022-09-02,0,-0.0608566900265176,1,1,1,1
PETR4,1.015,60,2022-09-05,1,0.0158041528155159,1,1,1,1
PETR4,1.015,60,2022-09-06,0,-0.0513772800123407,1,1,1,1
PETR4,1.015,60,2022-09-08,0,-0.0421668223654956,1,1,1,1
PETR4,1.015,60,2022-09-09,1,0.0180404249283696,1,1,1,1
PETR4,1.015,60,2022-09-12,1,0.0161603294962229,1,1,1,1
PETR4,1.015,60,2022-09-13,1,0.022113861795306,1,1,1,1
PETR4,1.015,60,2022-09-14,1,0.0219922183305052,1,1,1,1
PETR4,1.015,60,2022-09-15,1,0.02397924859586,1,1,1,1
PETR4,1.015,60,2022-09-16,1,0.0518033072899739,1,1,1,1
PETR4,1.015,60,2022-09-19,1,0.021005746876735,1,1,1,1
PETR4,1.015,60,2022-09-20,1,0.0232854928943078,1,1,1,1
PETR4,1.015,60,2022-09-21,1,0.0190597314038847,1,1,1,1
PETR4,1.015,60,2022-09-22,0,-0.0654533683167152,1,1,1,1
PETR4,1.015,60,2022-09-23,1,0.0161507370059663,1,1,1,1
PETR4,1.015,60,2022-09-26,1,0.019732410275971,1,1,1,1
PETR4,1.015,60,2022-09-27,1,0.1001011064270671,1,1,1,1
PETR4,1.015,60,2022-09-28,1,0.1376336598917673,1,1,1,1
PETR4,1.015,60,2022-09-29,1,0.12867899515059,1,1,1,1
PETR4,1.015,60,2022-09-30,1,0.0589157018650434,1,1,1,1
PETR4,1.015,60,2022-10-03,1,0.0431610640237285,1,1,1,1
PETR4,1.015,60,2022-10-04,1,0.0926456393174384,1,1,1,1
PETR4,1.015,60,2022-10-05,1,0.0399999777890498,1,0,1,0
PETR4,1.015,60,2022-10-06,1,0.0270994347324697,1,0,1,0
PETR4,1.015,60,2022-10-07,1,0.0249628346110242,1,1,1,1
PETR4,1.015,60,2022-10-10,1,0.0486469965297433,1,1,1,1
PETR4,1.015,60,2022-10-11,1,0.0612307470077275,1,1,1,1
PETR4,1.015,60,2022-10-13,1,0.046806013476607,1,1,1,1
PETR4,1.015,60,2022-10-14,1,0.0995788338659466,1,1,1,1
PETR4,1.015,60,2022-10-17,1,0.1324483887903831,1,1,1,1
PETR4,1.015,60,2022-10-18,1,0.1248169005902617,1,1,1,1
PETR4,1.015,60,2022-10-19,1,0.0634349127770901,1,1,1,1
PETR4,1.015,60,2022-10-20,1,0.0532236022808871,1,1,1,1
PETR4,1.015,60,2022-10-21,0,-0.0969862988941068,1,1,1,1
PETR4,1.015,60,2022-10-24,0,-0.0431844846459501,1,1,1,1
PETR4,1.015,60,2022-10-25,1,0.0288343856912449,1,1,1,1
PETR4,1.015,60,2022-10-26,1,0.0222493201230509,1,1,1,1
PETR4,1.015,60,2022-10-27,0,-0.08409784810272,1,1,1,1
PETR4,1.015,60,2022-10-28,1,0.0323423688599895,1,1,1,1
PETR4,1.015,60,2022-10-31,0,-0.1118744293595016,1,1,1,1
PETR4,1.015,60,2022-11-01,1,0.0369127838672738,1,1,1,1
PETR4,1.015,60,2022-11-03,0,-0.126623417187206,1,1,1,1
PETR4,1.015,60,2022-11-04,0,-0.0658083163194854,1,1,1,1
PETR4,1.015,60,2022-11-07,1,0.0328898118170513,0,0,0,1
PETR4,1.015,60,2022-11-08,1,0.037937433174642,1,0,1,0
PETR4,1.015,60,2022-11-09,1,0.0805214817679376,1,0,1,0
PETR4,1.015,60,2022-11-10,1,0.0922480883877541,1,1,1,1
PETR4,1.015,60,2022-11-11,1,0.0337490926208658,1,1,1,1
PETR4,1.015,60,2022-11-14,0,-0.0370370175140472,1,1,1,1
PETR4,1.015,60,2022-11-16,1,0.0222221664206381,1,1,1,1
PETR4,1.015,60,2022-11-17,0,-0.0222566128530796,1,1,1,1
PETR4,1.015,60,2022-11-18,1,0.0379885885588024,1,1,1,1
PETR4,1.015,60,2022-11-21,1,0.0708695524277012,1,1,1,1
PETR4,1.015,60,2022-11-22,1,0.0708695524277012,1,1,1,1
PETR4,1.015,60,2022-11-23,1,0.1003401195926365,1,1,1,1
PETR4,1.015,60,2022-11-24,1,0.0989283156267897,1,1,1,1
PETR4,1.015,60,2022-11-25,1,0.1327695697555571,1,1,1,1
PETR4,1.015,60,2022-11-28,1,0.0890244517609175,1,1,1,1
PETR4,1.015,60,2022-11-29,1,0.0464843792322313,1,1,1,1
PETR4,1.015,60,2022-11-30,0,-0.0353649141660155,1,1,1,1
PETR4,1.015,60,2022-12-01,1,0.0346438397097088,1,1,1,1
PETR4,1.015,60,2022-12-02,1,0.022307660764316,1,1,1,1
PETR4,1.015,60,2022-12-05,1,0.0220758979064079,1,1,1,1
PETR4,1.015,60,2022-12-06,1,0.0288082059442886,1,1,1,1
PETR4,1.015,60,2022-12-07,0,-0.0872798250736399,1,1,1,1
PETR4,1.015,60,2022-12-08,0,-0.1408563293412716,1,1,1,1
PETR4,1.015,60,2022-12-09,0,-0.1033360667414244,1,1,1,1
PETR4,1.015,60,2022-12-12,0,-0.0850622512913706,1,1,1,1
PETR4,1.015,60,2022-12-13,0,-0.005333360315561,1,1,1,1
PETR4,1.015,60,2022-12-14,1,0.1066666188234319,1,1,1,1
PETR4,1.015,60,2022-12-15,1,0.080145709516201,0,1,1,0
PETR4,1.015,60,2022-12-16,1,0.1113121994028483,0,1,1,0
PETR4,1.015,60,2022-12-19,1,0.1263956806142416,1,0,1,0
PETR4,1.015,60,2022-12-20,1,0.0765957920019833,1,0,1,0
PETR4,1.015,60,2022-12-21,1,0.0589958470267055,1,1,1,1
PETR4,1.015,60,2022-12-22,1,0.0493162103938784,1,1,1,1
PETR4,1.015,60,2022-12-23,0,-0.0246815472607976,1,1,1,1
PETR4,1.015,75,2020-05-14,1,0.0806003418315148,1,1,1,1
PETR4,1.015,75,2020-05-15,1,0.0922651612400966,1,1,1,1
PETR4,1.015,75,2020-05-18,1,0.0680714034989544,1,1,1,1
PETR4,1.015,75,2020-05-19,1,0.035620830404597,1,1,1,1
PETR4,1.015,75,2020-05-20,1,0.0302563143860075,1,1,1,1
PETR4,1.015,75,2020-05-21,1,0.0686169933976437,1,1,1,1
PETR4,1.015,75,2020-05-22,1,0.0313140539654954,1,1,1,1
PETR4,1.015,75,2020-05-25,1,0.0180180422799871,1,1,1,1
PETR4,1.015,75,2020-05-26,1,0.0383838527951476,1,1,1,1
PETR4,1.015,75,2020-05-27,1,0.0868462317950209,1,1,1,1
PETR4,1.015,75,2020-05-28,1,0.120716069065146,1,1,1,1
PETR4,1.015,75,2020-05-29,1,0.0873448918647057,1,1,1,1
PETR4,1.015,75,2020-06-01,1,0.1098793864624998,1,1,1,1
PETR4,1.015,75,2020-06-02,1,0.0535223310601669,1,1,1,1
PETR4,1.015,75,2020-06-03,1,0.0766712675108134,1,1,1,1
PETR4,1.015,75,2020-06-04,1,0.0331986179337593,1,1,1,1
PETR4,1.015,75,2020-06-05,0,-0.0864745645982563,1,1,1,1
PETR4,1.015,75,2020-06-08,0,-0.0603721659282762,1,1,1,1
PETR4,1.015,75,2020-06-09,0,-0.0237551860048348,1,1,1,1
PETR4,1.015,75,2020-06-10,1,0.0625605891186835,1,1,1,1
PETR4,1.015,75,2020-06-12,1,0.1060070899326826,1,1,1,1
PETR4,1.015,75,2020-06-15,1,0.0306123388057701,1,1,1,1
PETR4,1.015,75,2020-06-16,1,0.0344506793207464,1,1,1,1
PETR4,1.015,75,2020-06-17,1,0.0491030301452115,1,1,1,1
PETR4,1.015,75,2020-06-18,0,-0.0454545176613091,1,1,1,1
PETR4,1.015,75,2020-06-19,1,0.021759269062189,1,1,1,1
PETR4,1.015,75,2020-06-22,1,0.0400565652864548,1,1,1,1
PETR4,1.015,75,2020-06-23,0,0.0079105963337711,1,1,1,1
PETR4,1.015,75,2020-06-24,1,0.0425633478118987,1,1,1,1
PETR4,1.015,75,2020-06-25,1,0.0490334162424885,1,1,1,1
PETR4,1.015,75,2020-06-26,1,0.0545022994188575,1,1,1,1
PETR4,1.015,75,2020-06-29,1,0.0426428940302974,1,1,1,1
PETR4,1.015,75,2020-06-30,1,0.0510344454365885,1,1,1,1
PETR4,1.015,75,2020-07-01,1,0.0343891523900985,1,1,1,1
PETR4,1.015,75,2020-07-02,1,0.0414578272901293,1,1,1,1
PETR4,1.015,75,2020-07-03,1,0.0209915254059085,1,0,1,0
PETR4,1.015,75,2020-07-06,1,0.0210385081005113,1,1,1,1
PETR4,1.015,75,2020-07-07,1,0.0160355046958906,1,1,1,1
PETR4,1.015,75,2020-07-08,0,0.0052676869876084,1,1,1,1
PETR4,1.015,75,2020-07-09,1,0.0558811186680954,1,1,1,1
PETR4,1.015,75,2020-07-10,1,0.0362672536887196,1,1,1,1
PETR4,1.015,75,2020-07-13,1,0.0587438283283716,1,0,1,0
PETR4,1.015,75,2020-07-14,0,-0.0198276761796528,1,1,1,1
PETR4,1.015,75,2020-07-15,1,0.0189982322565693,1,1,1,1
PETR4,1.015,75,2020-07-16,1,0.0337276305722313,0,0,1,0
PETR4,1.015,75,2020-07-17,1,0.0396476306088833,1,1,1,1
PETR4,1.015,75,2020-07-20,1,0.0194384706524273,1,1,1,1
PETR4,1.015,75,2020-07-21,0,-0.0042728634059212,1,1,1,1
PETR4,1.015,75,2020-07-22,0,-0.0155440557454417,1,1,1,1
PETR4,1.015,75,2020-07-23,1,0.0346050802139437,1,1,1,1
PETR4,1.015,75,2020-07-24,1,0.0196763776125841,1,1,1,1
PETR4,1.015,75,2020-07-27,0,-0.0364583219302099,1,1,1,1
PETR4,1.015,75,2020-07-28,0,-0.0534086229706406,1,0,1,0
PETR4,1.015,75,2020-07-29,0,-0.0497381707311704,1,1,1,1
PETR4,1.015,75,2020-07-30,1,0.0157068216465092,1,0,1,0
PETR4,1.015,75,2020-07-31,1,0.0439218842246185,1,1,1,1
PETR4,1.015,75,2020-08-03,1,0.0964585465518885,1,1,1,1
PETR4,1.015,75,2020-08-04,1,0.0584795224323864,1,1,1,1
PETR4,1.015,75,2020-08-05,1,0.0257731243932881,1,1,1,1
PETR4,1.015,75,2020-08-06,1,0.0446194194832698,1,1,1,1
PETR4,1.015,75,2020-08-07,1,0.0427946697901173,1,1,1,1
PETR4,1.015,75,2020-08-10,0,-0.043863313204523,1,1,1,1
PETR4,1.015,75,2020-08-11,0,-0.0325343572573159,1,1,1,1
PETR4,1.015,75,2020-08-12,0,-0.0183368657117317,1,1,1,1
PETR4,1.015,75,2020-08-13,1,0.0241545223046959,1,1,1,1
PETR4,1.015,75,2020-08-14,1,0.0282187076994067,1,1,1,1
PETR4,1.015,75,2020-08-17,1,0.0170081795308165,1,1,1,1
PETR4,1.015,75,2020-08-18,1,0.0161219301653134,1,1,1,1
PETR4,1.015,75,2020-08-19,1,0.0279750845433317,1,1,1,1
PETR4,1.015,75,2020-08-20,1,0.0270629836898488,1,1,1,1
PETR4,1.015,75,2020-08-21,0,-0.0310585924467038,1,1,1,1
PETR4,1.015,75,2020-08-24,0,-0.0238197708992099,1,1,1,1
PETR4,1.015,75,2020-08-25,0,-0.0390693426912408,1,1,1,1
PETR4,1.015,75,2020-08-26,1,0.0255376864539942,1,1,1,1
PETR4,1.015,75,2020-08-27,1,0.038202294401777,1,1,1,1
PETR4,1.015,75,2020-08-28,1,0.0358423484498409,1,1,1,1
PETR4,1.015,75,2020-08-31,1,0.0414414496297004,1,1,1,1
PETR4,1.015,75,2020-09-01,0,-0.0292193983295993,1,1,1,1
PETR4,1.015,75,2020-09-02,1,0.022556388740814,1,1,1,1
PETR4,1.015,75,2020-09-03,0,-0.0382609387307091,1,1,1,1
PETR4,1.015,75,2020-09-04,0,-0.0275554515292906,1,1,1,1
PETR4,1.015,75,2020-09-08,0,-0.0360159667566086,1,1,1,1
PETR4,1.015,75,2020-09-09,0,-0.0403011017949909,0,1,1,0
PETR4,1.015,75,2020-09-10,0,-0.017630994549549,1,0,1,0
PETR4,1.015,75,2020-09-11,0,0.0095715942867793,1,0,1,0
PETR4,1.015,75,2020-09-14,0,-0.0150136375646784,1,1,1,1
PETR4,1.015,75,2020-09-15,0,-0.0434782943281044,0,1,1,0
PETR4,1.015,75,2020-09-16,1,0.0306833821355105,1,1,1,1
PETR4,1.015,75,2020-09-17,0,-0.0800363788514509,1,1,1,1
PETR4,1.015,75,2020-09-18,0,-0.0418036422499988,1,1,1,1
PETR4,1.015,75,2020-09-21,1,0.0186067541057357,1,1,1,1
PETR4,1.015,75,2020-09-22,0,-0.0562499747376964,0,0,1,0
PETR4,1.015,75,2020-09-23,1,0.023221412747818,1,1,1,1
PETR4,1.015,75,2020-09-24,1,0.0203474069648286,1,0,1,0
PETR4,1.015,75,2020-09-25,0,-0.0236103977523201,1,0,1,0
PETR4,1.015,75,2020-09-28,1,0.021905220540078,1,1,1,1
PETR4,1.015,75,2020-09-29,1,0.0338461294368095,0,1,1,0
PETR4,1.015,75,2020-09-30,1,0.0539715823146123,1,1,1,1
PETR4,1.015,75,2020-10-01,1,0.0491637106908913,1,1,1,1
PETR4,1.015,75,2020-10-02,1,0.069214968807024,0,1,1,0
PETR4,1.015,75,2020-10-05,0,-0.032730866689798,1,1,1,1
PETR4,1.015,75,2020-10-06,1,0.0295000215226755,0,1,1,0
PETR4,1.015,75,2020-10-07,1,0.0274450333279576,1,0,1,0
PETR4,1.015,75,2020-10-08,0,-0.0290069025790472,1,1,1,1
PETR4,1.015,75,2020-10-09,1,0.023103971418408,1,1,1,1
PETR4,1.015,75,2020-10-13,0,-0.0283723796149936,0,1,1,0
PETR4,1.015,75,2020-10-14,1,0.033129541417626,0,1,1,0
PETR4,1.015,75,2020-10-15,1,0.0335536127262254,1,1,1,1
PETR4,1.015,75,2020-10-16,1,0.0736733755814722,1,1,1,1
PETR4,1.015,75,2020-10-19,1,0.0747332019510054,1,1,1,1
PETR4,1.015,75,2020-10-20,1,0.0486111782990374,1,1,1,1
PETR4,1.015,75,2020-10-21,1,0.0517414227184693,1,1,1,1
PETR4,1.015,75,2020-10-22,0,-0.108405109836036,1,1,1,1
PETR4,1.015,75,2020-10-23,0,-0.0511558893661155,1,0,1,0
PETR4,1.015,75,2020-10-26,0,-0.0651529662894865,1,1,1,1
PETR4,1.015,75,2020-10-27,1,0.0284236935716306,1,0,1,0
PETR4,1.015,75,2020-10-28,1,0.0889853951200285,1,1,1,1
PETR4,1.015,75,2020-10-29,1,0.0485894193537503,0,1,1,0
PETR4,1.015,75,2020-10-30,1,0.0287032169211118,1,1,1,1
PETR4,1.015,75,2020-11-03,1,0.1339330340711808,1,1,1,1
PETR4,1.015,75,2020-11-04,1,0.1604010755943514,1,1,1,1
PETR4,1.015,75,2020-11-05,1,0.1948849589672419,0,1,1,0
PETR4,1.015,75,2020-11-06,1,0.1065845802493974,1,1,1,1
PETR4,1.015,75,2020-11-09,1,0.0671540465320925,1,1,1,1
PETR4,1.015,75,2020-11-10,0,-0.0025696437251336,1,1,1,1
PETR4,1.015,75,2020-11-11,1,0.0615655018459815,1,0,1,0
PETR4,1.015,75,2020-11-12,1,0.0962761258024538,0,0,1,0
PETR4,1.015,75,2020-11-13,1,0.0405172167622318,1,0,1,0
PETR4,1.015,75,2020-11-16,1,0.0472884597063361,1,1,1,1
PETR4,1.015,75,2020-11-17,1,0.0462693479920479,1,1,1,1
PETR4,1.015,75,2020-11-18,1,0.1324841168170603,0,1,1,0
PETR4,1.015,75,2020-11-19,1,0.1187080358218455,1,1,1,1
PETR4,1.015,75,2020-11-20,1,0.1089396559728215,1,1,1,1
PETR4,1.015,75,2020-11-23,1,0.0401716557164164,1,1,1,1
PETR4,1.015,75,2020-11-24,0,-0.0496183152217094,1,1,1,1
PETR4,1.015,75,2020-11-25,0,-0.013107211474887,1,1,1,1
PETR4,1.015,75,2020-11-26,1,0.0223766385143375,0,1,1,0
PETR4,1.015,75,2020-11-27,1,0.0645288839505737,1,1,1,1
PETR4,1.015,75,2020-11-30,1,0.0854330716480216,1,1,1,1
PETR4,1.015,75,2020-12-01,1,0.085546849189031,0,1,1,0
PETR4,1.015,75,2020-12-02,1,0.062715141554414,1,1,1,1
PETR4,1.015,75,2020-12-03,1,0.0220668746917995,1,1,1,1
PETR4,1.015,75,2020-12-04,1,0.034103466641937,0,1,1,0
PETR4,1.015,75,2020-12-07,1,0.0518462555837477,1,1,1,1
PETR4,1.015,75,2020-12-08,1,0.0615845820517182,1,1,1,1
PETR4,1.015,75,2020-12-09,1,0.0397203991816694,1,1,1,1
PETR4,1.015,75,2020-12-10,1,0.0283739001858107,1,1,1,1
PETR4,1.015,75,2020-12-11,0,0.0074918800473757,1,1,1,1
PETR4,1.015,75,2020-12-14,1,0.0212230351155142,1,1,1,1
PETR4,1.015,75,2020-12-15,1,0.0193896056740452,1,1,1,1
PETR4,1.015,75,2020-12-16,0,-0.0360423993836949,1,1,1,1
PETR4,1.015,75,2020-12-17,0,-0.005338063598401,1,1,1,1
PETR4,1.015,75,2020-12-18,1,0.0489149303032525,1,0,1,0
PETR4,1.015,75,2020-12-21,1,0.0485293786737095,1,0,1,0
PETR4,1.015,75,2020-12-22,1,0.0397374790767779,1,1,1,1
PETR4,1.015,75,2020-12-23,1,0.0289139779629279,1,1,1,1
PETR4,1.015,75,2020-12-28,1,0.0634248912798758,1,0,1,0
PETR4,1.015,75,2020-12-29,1,0.089947081787943,1,1,1,1
PETR4,1.015,75,2020-12-30,1,0.0872600340846119,1,1,1,1
PETR4,1.015,75,2021-01-04,1,0.098961940615295,1,1,1,1
PETR4,1.015,75,2021-01-05,1,0.053050476550895,1,1,1,1
PETR4,1.015,75,2021-01-06,1,0.0468029723583443,1,0,1,0
PETR4,1.015,75,2021-01-07,0,-0.0734265237166422,1,1,1,1
PETR4,1.015,75,2021-01-08,1,0.0310355226722287,1,1,1,1
PETR4,1.015,75,2021-01-11,0,-0.0964010836980726,1,0,1,0
PETR4,1.015,75,2021-01-12,0,-0.0850717360350672,1,0,1,0
PETR4,1.015,75,2021-01-13,1,0.0171408511513986,1,1,1,1
PETR4,1.015,75,2021-01-14,0,-0.0289156517716615,0,1,0,0
PETR4,1.015,75,2021-01-15,1,0.0286117659356985,1,1,1,1
PETR4,1.015,75,2021-01-18,1,0.0224719193995492,1,1,0,0
PETR4,1.015,75,2021-01-19,0,-0.0673575574925343,1,1,1,1
PETR4,1.015,75,2021-01-20,0,-0.0228408374889734,1,1,1,1
PETR4,1.015,75,2021-01-21,1,0.0564425724660078,1,1,1,1
PETR4,1.015,75,2021-01-22,1,0.0440367010971873,1,1,1,1
PETR4,1.015,75,2021-01-26,1,0.0611711081597603,1,1,1,1
PETR4,1.015,75,2021-01-27,1,0.0666177738814544,1,1,1,1
PETR4,1.015,75,2021-01-28,1,0.058866212819413,1,1,1,1
PETR4,1.015,75,2021-01-29,1,0.068965474701877,1,1,1,1
PETR4,1.015,75,2021-02-01,1,0.0595070696468591,1,1,1,1
PETR4,1.015,75,2021-02-02,1,0.0383023367754697,1,1,1,1
PETR4,1.015,75,2021-02-03,1,0.0437045195378187,1,1,1,1
PETR4,1.015,75,2021-02-04,1,0.0383023367754697,1,1,1,1
PETR4,1.015,75,2021-02-05,1,0.0277095698779759,1,1,1,1
PETR4,1.015,75,2021-02-08,1,0.0160427365111328,1,1,1,1
PETR4,1.015,75,2021-02-09,1,0.0670511756331748,1,1,1,1
PETR4,1.015,75,2021-02-10,1,0.0987917516010608,1,1,1,1
PETR4,1.015,75,2021-02-11,1,0.1118302641819366,1,1,1,1
PETR4,1.015,75,2021-02-12,1,0.0841514822426843,1,1,1,1
PETR4,1.015,75,2021-02-17,1,0.0177747580149352,1,1,1,1
PETR4,1.015,75,2021-02-18,1,0.0164109905382394,1,1,1,1
PETR4,1.015,75,2021-02-19,1,0.1074561342051942,1,1,1,1
PETR4,1.015,75,2021-02-22,1,0.0954447126835398,1,1,1,1
PETR4,1.015,75,2021-02-23,1,0.0285132971553687,1,1,1,1
PETR4,1.015,75,2021-02-24,0,-0.1203999989238662,1,1,1,1
PETR4,1.015,75,2021-02-25,0,-0.0866378953584631,1,1,1,1
PETR4,1.015,75,2021-02-26,0,-0.0254387021969734,1,1,1,1
PETR4,1.015,75,2021-03-01,1,0.0631868267234954,1,1,1,1
PETR4,1.015,75,2021-03-02,1,0.065137557219737,1,0,1,0
PETR4,1.015,75,2021-03-03,1,0.0901408873209306,1,0,1,0
PETR4,1.015,75,2021-03-04,1,0.0347592913714933,1,1,1,1
PETR4,1.015,75,2021-03-05,1,0.0706473356615231,1,1,1,1
PETR4,1.015,75,2021-03-08,1,0.0997191743154943,1,1,1,1
PETR4,1.015,75,2021-03-09,1,0.0788515374390566,1,1,1,1
PETR4,1.015,75,2021-03-10,1,0.0468611132833465,1,1,1,1
PETR4,1.015,75,2021-03-11,1,0.0423326708699991,1,1,1,1
PETR4,1.015,75,2021-03-12,1,0.0441368810979265,1,1,1,1
PETR4,1.015,75,2021-03-15,1,0.0211596274518846,1,1,1,1
PETR4,1.015,75,2021-03-16,1,0.0427831765158455,1,1,1,1
PETR4,1.015,75,2021-03-17,0,-0.0452260365335694,1,1,1,1
PETR4,1.015,75,2021-03-18,1,0.033089840924009,1,1,1,1
PETR4,1.015,75,2021-03-19,0,-0.0206838604648917,1,1,1,1
PETR4,1.015,75,2021-03-22,1,0.0306430473812928,1,1,1,1
PETR4,1.015,75,2021-03-23,1,0.0297542111520974,1,1,1,1
PETR4,1.015,75,2021-03-24,1,0.056828122761604,0,1,1,0
PETR4,1.015,75,2021-03-25,1,0.0319421337513206,1,1,1,1
PETR4,1.015,75,2021-03-26,1,0.0449871700496844,1,1,1,1
PETR4,1.015,75,2021-03-29,1,0.0317257998665645,1,1,1,1
PETR4,1.015,75,2021-03-30,1,0.0247899341927801,1,1,1,1
PETR4,1.015,75,2021-03-31,0,-0.0119389817987084,1,1,1,1
PETR4,1.015,75,2021-04-01,0,-0.0178202579760587,1,1,1,1
PETR4,1.015,75,2021-04-05,0,-0.0219190465892045,1,1,1,1
PETR4,1.015,75,2021-04-06,1,0.0179615492347184,1,1,1,1
PETR4,1.015,75,2021-04-07,1,0.0162635933129819,1,1,1,1
PETR4,1.015,75,2021-04-08,1,0.0459574935757534,1,1,1,1
PETR4,1.015,75,2021-04-09,1,0.0278127068050666,1,1,1,1
PETR4,1.015,75,2021-04-12,1,0.0269555129978606,1,1,1,1
PETR4,1.015,75,2021-04-13,1,0.0628850332373001,1,1,1,1
PETR4,1.015,75,2021-04-14,1,0.0502109302570816,1,1,1,1
PETR4,1.015,75,2021-04-15,1,0.0760917384597092,1,1,1,1
PETR4,1.015,75,2021-04-16,1,0.0845315605724039,1,1,1,1
PETR4,1.015,75,2021-04-19,0,-0.0226059422403898,1,1,1,1
PETR4,1.015,75,2021-04-20,0,-0.0430820900039322,1,1,1,1
PETR4,1.015,75,2021-04-22,0,0.0025125747977492,1,1,1,1
PETR4,1.015,75,2021-04-23,1,0.0184487254180953,1,1,1,1
PETR4,1.015,75,2021-04-26,1,0.0197314125656382,1,1,1,1
PETR4,1.015,75,2021-04-27,1,0.0380342288033601,1,1,1,1
PETR4,1.015,75,2021-04-28,0,-0.050994995845274,1,1,1,1
PETR4,1.015,75,2021-04-29,1,0.0235042455720417,1,1,1,1
PETR4,1.015,75,2021-04-30,0,-0.0126049656090858,1,1,1,1
PETR4,1.015,75,2021-05-03,1,0.0386575092952425,1,1,1,1
PETR4,1.015,75,2021-05-04,1,0.0781183485023468,1,1,1,1
PETR4,1.015,75,2021-05-05,1,0.0615774148070393,1,1,1,1
PETR4,1.015,75,2021-05-06,1,0.0799491997977022,1,1,1,1
PETR4,1.015,75,2021-05-07,1,0.0294354917016181,1,1,1,1
PETR4,1.015,75,2021-05-10,1,0.0793781829298561,0,0,1,0
PETR4,1.015,75,2021-05-11,1,0.0685370046741278,1,1,1,1
PETR4,1.015,75,2021-05-12,1,0.0823909486914475,1,1,1,1
PETR4,1.015,75,2021-05-13,1,0.0387597495655438,1,1,1,1
PETR4,1.015,75,2021-05-14,1,0.019011372500109,1,1,1,1
PETR4,1.015,75,2021-05-17,0,-0.0280898992805616,1,0,1,0
PETR4,1.015,75,2021-05-18,1,0.025918760189721,1,0,1,0
PETR4,1.015,75,2021-05-19,1,0.0179731919072227,1,0,1,0
PETR4,1.015,75,2021-05-20,1,0.0207054948713221,1,1,1,1
PETR4,1.015,75,2021-05-21,0,-0.0140792138889913,1,1,1,1
PETR4,1.015,75,2021-05-24,1,0.0203928469823706,1,1,1,1
PETR4,1.015,75,2021-05-25,1,0.0497877131738404,1,1,1,1
PETR4,1.015,75,2021-05-26,1,0.062116609390211,1,1,1,1
PETR4,1.015,75,2021-05-27,1,0.0713740100571069,1,1,1,1
PETR4,1.015,75,2021-05-28,1,0.061572628035857,1,1,1,1
PETR4,1.015,75,2021-05-31,1,0.0445255214382931,1,1,1,1
PETR4,1.015,75,2021-06-01,1,0.0530164677382605,1,1,1,1
PETR4,1.015,75,2021-06-02,1,0.0363507339903745,1,1,1,1
PETR4,1.015,75,2021-06-04,1,0.0203508582829727,1,1,1,1
PETR4,1.015,75,2021-06-07,1,0.0323039068456438,1,1,1,1
PETR4,1.015,75,2021-06-08,1,0.0219359242314471,1,1,1,1
PETR4,1.015,75,2021-06-09,1,0.0180367398893177,1,1,1,1
PETR4,1.015,75,2021-06-10,1,0.0190971998592572,1,1,1,1
PETR4,1.015,75,2021-06-11,1,0.0155708952938249,1,1,1,1
PETR4,1.015,75,2021-06-14,0,-0.0220994394432143,1,1,1,1
PETR4,1.015,75,2021-06-15,0,-0.004470447420739,1,1,1,1
PETR4,1.015,75,2021-06-16,0,0.0031023931064211,1,1,1,1
PETR4,1.015,75,2021-06-17,1,0.054285740518265,1,1,1,1
PETR4,1.015,75,2021-06-18,1,0.044014062114893,1,1,1,1
PETR4,1.015,75,2021-06-21,1,0.0272413954844319,1,1,1,1
PETR4,1.015,75,2021-06-22,1,0.0184616267796944,0,1,1,0
PETR4,1.015,75,2021-06-23,0,-0.0105119775101812,1,1,1,1
PETR4,1.015,75,2021-06-24,0,-0.0087571985645288,1,1,1,1
PETR4,1.015,75,2021-06-25,1,0.0239890344254447,1,0,1,0
PETR4,1.015,75,2021-06-28,1,0.0271571143873998,1,1,1,1
PETR4,1.015,75,2021-06-29,1,0.0292800808709725,1,1,1,1
PETR4,1.015,75,2021-06-30,0,-0.0696032272031508,1,1,1,1
PETR4,1.015,75,2021-07-01,0,-0.0426620976567017,1,1,1,1
PETR4,1.015,75,2021-07-02,0,-0.0523957481162358,1,1,1,1
PETR4,1.015,75,2021-07-05,0,-0.0337978435887517,0,0,1,0
PETR4,1.015,75,2021-07-06,0,-0.0088810367640819,1,0,1,0
PETR4,1.015,75,2021-07-07,1,0.0291971002306419,1,1,1,1
PETR4,1.015,75,2021-07-08,1,0.0224800461199341,1,1,1,1
PETR4,1.015,75,2021-07-12,1,0.023222052560659,1,0,1,0
PETR4,1.015,75,2021-07-13,0,-0.0661921376838154,1,0,1,0
PETR4,1.015,75,2021-07-14,0,-0.0327392145282757,1,1,1,1
PETR4,1.015,75,2021-07-15,0,-0.0099154622294026,1,0,1,0
PETR4,1.015,75,2021-07-16,1,0.0489025621439545,1,1,1,1
PETR4,1.015,75,2021-07-19,1,0.040091578821416,0,0,1,0
PETR4,1.015,75,2021-07-20,1,0.0253826042255791,1,1,1,1
PETR4,1.015,75,2021-07-21,1,0.0174073687056175,0,1,1,0
PETR4,1.015,75,2021-07-22,1,0.0295201932901534,0,0,1,0
PETR4,1.015,75,2021-07-23,1,0.0441286122716564,1,1,1,1
PETR4,1.015,75,2021-07-26,1,0.0208409308457317,1,1,1,1
PETR4,1.015,75,2021-07-27,1,0.0178636190698546,1,1,1,1
PETR4,1.015,75,2021-07-28,0,-0.0341727048192065,1,1,1,1
PETR4,1.015,75,2021-07-29,0,-0.0478260767039558,1,0,1,0
PETR4,1.015,75,2021-07-30,1,0.0654412503648971,1,0,1,0
PETR4,1.015,75,2021-08-02,1,0.0993929921892649,1,1,1,1
PETR4,1.015,75,2021-08-03,1,0.0915254935299119,1,1,1,1
PETR4,1.015,75,2021-08-04,0,-0.0163477906147179,1,1,1,1
PETR4,1.015,75,2021-08-05,1,0.0171929487626698,1,1,1,1
PETR4,1.015,75,2021-08-06,1,0.0443650327384093,1,0,1,0
PETR4,1.015,75,2021-08-09,1,0.0462897409075715,1,1,1,1
PETR4,1.015,75,2021-08-10,1,0.0514914901172665,1,1,1,1
PETR4,1.015,75,2021-08-11,1,0.0331472880750878,1,1,1,1
PETR4,1.015,75,2021-08-12,1,0.0189263362902256,1,1,1,1
PETR4,1.015,75,2021-08-13,0,-0.0333330064309864,1,0,1,0
PETR4,1.015,75,2021-08-16,1,0.0294336843557894,1,0,1,0
PETR4,1.015,75,2021-08-17,0,-0.000369957875251,1,0,1,0
PETR4,1.015,75,2021-08-18,1,0.0521705172772521,1,1,1,1
PETR4,1.015,75,2021-08-19,1,0.0541666913878324,1,1,1,1
PETR4,1.015,75,2021-08-20,1,0.0348924501154108,1,1,1,1
PETR4,1.015,75,2021-08-23,1,0.0439720952573237,1,0,1,0
PETR4,1.015,75,2021-08-24,1,0.0390880224695273,1,0,1,0
PETR4,1.015,75,2021-08-25,1,0.0409717862264511,0,0,1,0
PETR4,1.015,75,2021-08-26,1,0.0364621781599472,1,1,1,1
PETR4,1.015,75,2021-08-27,0,-0.0633802580816097,1,1,1,1
PETR4,1.015,75,2021-08-30,0,-0.0663120217862099,1,1,1,1
PETR4,1.015,75,2021-08-31,0,-0.031478762231286,1,1,1,1
PETR4,1.015,75,2021-09-01,0,-0.0751852356563367,0,0,1,0
PETR4,1.015,75,2021-09-02,0,-0.0431519211162307,1,1,1,1
PETR4,1.015,75,2021-09-03,1,0.0190766145196239,1,0,1,0
PETR4,1.015,75,2021-09-06,0,-0.0022822277935766,1,1,1,1
PETR4,1.015,75,2021-09-08,1,0.0522329014940954,1,1,1,1
PETR4,1.015,75,2021-09-09,1,0.0169101233406796,0,1,1,0
PETR4,1.015,75,2021-09-10,1,0.0255814169422052,1,0,1,0
PETR4,1.015,75,2021-09-13,1,0.0196532231110742,1,1,1,1
PETR4,1.015,75,2021-09-14,1,0.0176923589402422,1,1,1,1
PETR4,1.015,75,2021-09-15,0,-0.0333588877583707,1,1,1,1
PETR4,1.015,75,2021-09-16,0,-0.0046206987245774,1,1,1,1
PETR4,1.015,75,2021-09-17,1,0.1191859731001094,0,0,1,0
PETR4,1.015,75,2021-09-20,1,0.0789474360950952,1,1,1,1
PETR4,1.015,75,2021-09-21,1,0.0755972860476867,0,0,1,0
PETR4,1.015,75,2021-09-22,1,0.0747592241393186,1,1,1,1
PETR4,1.015,75,2021-09-23,1,0.0504708484827662,0,1,1,0
PETR4,1.015,75,2021-09-24,1,0.027634494678967,1,0,1,0
PETR4,1.015,75,2021-09-27,1,0.0297903626504529,0,1,1,0
PETR4,1.015,75,2021-09-28,1,0.058801911145073,1,1,1,1
PETR4,1.015,75,2021-09-29,1,0.0704686471209425,1,1,1,1
PETR4,1.015,75,2021-09-30,1,0.0866519235007257,1,1,1,1
PETR4,1.015,75,2021-10-01,1,0.0615995238248019,1,1,1,1
PETR4,1.015,75,2021-10-04,1,0.0210345084679417,1,1,1,1
PETR4,1.015,75,2021-10-05,1,0.0310880702589686,1,1,1,1
PETR4,1.015,75,2021-10-06,1,0.0400696390574562,1,1,1,1
PETR4,1.015,75,2021-10-07,1,0.0420690169358839,1,1,1,1
PETR4,1.015,75,2021-10-08,1,0.0244067897543807,1,1,1,1
PETR4,1.015,75,2021-10-11,1,0.0359959603225508,1,1,1,1
PETR4,1.015,75,2021-10-13,0,-0.061955763632902,1,1,1,1
PETR4,1.015,75,2021-10-14,0,-0.0466443235575446,0,1,1,0
PETR4,1.015,75,2021-10-15,0,-0.0663265876410538,1,0,1,0
PETR4,1.015,75,2021-10-18,0,-0.0704513800629793,1,0,1,0
PETR4,1.015,75,2021-10-19,1,0.0367880833661153,1,1,1,1
PETR4,1.015,75,2021-10-20,1,0.052045853433005,1,1,1,1
PETR4,1.015,75,2021-10-21,1,0.0815497279288253,0,1,1,0
PETR4,1.015,75,2021-10-22,1,0.0558357461092258,1,1,1,1
PETR4,1.015,75,2021-10-25,1,0.0156249400148185,1,1,1,1
PETR4,1.015,75,2021-10-26,0,-0.0287894515485319,1,1,1,1
PETR4,1.015,75,2021-10-27,1,0.0252366056247101,1,1,1,1
PETR4,1.015,75,2021-10-28,0,-0.1074493788142753,1,1,1,1
PETR4,1.015,75,2021-10-29,1,0.0220137413396197,1,1,1,1
PETR4,1.015,75,2021-11-01,0,-0.057380012657372,1,1,1,1
PETR4,1.015,75,2021-11-03,0,-0.0140637158654046,1,1,1,1
PETR4,1.015,75,2021-11-04,1,0.0251045057293426,1,1,1,1
PETR4,1.015,75,2021-11-05,1,0.0441688775796762,1,1,1,1
PETR4,1.015,75,2021-11-08,1,0.0366411968556585,1,1,1,1
PETR4,1.015,75,2021-11-09,1,0.0360902035136156,1,1,1,1
PETR4,1.015,75,2021-11-10,1,0.0252976379205092,1,1,1,1
PETR4,1.015,75,2021-11-11,1,0.0475103860133503,1,1,1,1
PETR4,1.015,75,2021-11-12,0,-0.0425532538145471,1,1,1,1
PETR4,1.015,75,2021-11-16,0,-0.03760493407988,1,1,1,1
PETR4,1.015,75,2021-11-17,1,0.0509554506595115,1,0,1,0
PETR4,1.015,75,2021-11-18,1,0.0896551878328943,1,1,1,1
PETR4,1.015,75,2021-11-19,1,0.1326995755030793,1,1,1,1
PETR4,1.015,75,2021-11-22,1,0.1195039523910266,1,1,1,1
PETR4,1.015,75,2021-11-23,1,0.0734341809060759,1,1,1,1
PETR4,1.015,75,2021-11-24,1,0.0265060289366969,1,1,1,1
PETR4,1.015,75,2021-11-25,1,0.0803099887611387,1,1,1,1
PETR4,1.015,75,2021-11-26,1,0.0900733625031537,1,1,1,1
PETR4,1.015,75,2021-11-29,1,0.1095585210913578,1,1,1,1
PETR4,1.015,75,2021-11-30,1,0.1019026360905237,1,1,1,1
PETR4,1.015,75,2021-12-01,1,0.0955909956067977,1,1,1,1
PETR4,1.015,75,2021-12-02,1,0.0558286864705832,1,1,1,1
PETR4,1.015,75,2021-12-03,1,0.0448227594438763,1,0,1,0
PETR4,1.015,75,2021-12-06,1,0.0280055105298218,1,0,1,0
PETR4,1.015,75,2021-12-07,1,0.0252043497775387,0,0,1,0
PETR4,1.015,75,2021-12-08,1,0.0343642895797005,1,1,1,1
PETR4,1.015,75,2021-12-09,1,0.0203390185509058,1,1,1,1
PETR4,1.015,75,2021-12-10,0,0.0006740489229593,1,1,1,1
PETR4,1.015,75,2021-12-13,0,-0.0209388736242176,1,1,1,1
PETR4,1.015,75,2021-12-14,1,0.0302405898623052,1,1,1,1
PETR4,1.015,75,2021-12-15,0,-0.0479405695327478,1,0,1,0
PETR4,1.015,75,2021-12-16,0,-0.0395633881865954,1,1,1,1
PETR4,1.015,75,2021-12-17,0,-0.0038678447755591,0,0,1,0
PETR4,1.015,75,2021-12-20,0,0.0070052978798138,1,1,1,1
PETR4,1.015,75,2021-12-21,1,0.0309858590887794,1,1,1,1
PETR4,1.015,75,2021-12-22,1,0.0335333262756292,0,1,0,0
PETR4,1.015,75,2021-12-23,1,0.0338983067209948,1,1,1,1
PETR4,1.015,75,2021-12-27,0,0.0027577248007031,1,0,1,0
PETR4,1.015,75,2021-12-28,1,0.0243903019880957,1,1,1,1
PETR4,1.015,75,2021-12-29,1,0.0297723723477565,1,0,0,0
PETR4,1.015,75,2021-12-30,1,0.0301332214453287,1,1,1,1
PETR4,1.015,75,2022-01-03,0,-0.0336076497315809,1,1,1,1
PETR4,1.015,75,2022-01-04,0,-0.0404248143092862,1,1,1,1
PETR4,1.015,75,2022-01-05,1,0.0275715994328327,1,1,1,1
PETR4,1.015,75,2022-01-06,1,0.0640341654565914,1,1,1,1
PETR4,1.015,75,2022-01-07,1,0.0943194256443595,1,1,1,1
PETR4,1.015,75,2022-01-10,1,0.1245551573723986,1,1,1,1
PETR4,1.015,75,2022-01-11,1,0.0987910539027621,1,1,1,1
PETR4,1.015,75,2022-01-12,1,0.0829664886604353,1,1,1,1
PETR4,1.015,75,2022-01-13,1,0.0637384715703548,0,1,1,0
PETR4,1.015,75,2022-01-14,1,0.0257961920421108,1,1,1,1
PETR4,1.015,75,2022-01-17,1,0.0205956896223882,1,1,1,1
PETR4,1.015,75,2022-01-18,0,0.0015673650731617,0,0,1,0
PETR4,1.015,75,2022-01-19,1,0.0549206222736731,1,1,1,1
PETR4,1.015,75,2022-01-20,1,0.0855242521922468,1,1,1,1
PETR4,1.015,75,2022-01-21,1,0.0930892362200599,1,1,1,1
PETR4,1.015,75,2022-01-24,1,0.0927444769378367,1,1,1,1
PETR4,1.015,75,2022-01-25,1,0.0402401793422284,1,1,1,1
PETR4,1.015,75,2022-01-26,0,-0.0364963794978488,1,1,1,1
PETR4,1.015,75,2022-01-27,1,0.0162722515697713,1,1,1,1
PETR4,1.015,75,2022-01-28,1,0.0304615371673488,1,1,1,1
PETR4,1.015,75,2022-01-31,1,0.035239552473107,1,1,1,1
PETR4,1.015,75,2022-02-01,0,-0.0377132343488486,1,0,1,0
PETR4,1.015,75,2022-02-02,1,0.0272025090037384,1,1,1,1
PETR4,1.015,75,2022-02-03,1,0.0253008744082747,1,1,1,1
PETR4,1.015,75,2022-02-04,0,-0.0033794626272254,1,1,1,1
PETR4,1.015,75,2022-02-07,1,0.0630093957913917,1,1,1,1
PETR4,1.015,75,2022-02-08,1,0.0693131734643803,1,1,1,1
PETR4,1.015,75,2022-02-09,1,0.0507739901917143,1,1,1,1
PETR4,1.015,75,2022-02-10,1,0.0357033684047531,1,1,1,1
PETR4,1.015,75,2022-02-11,0,-0.0313053925770061,1,1,1,1
PETR4,1.015,75,2022-02-14,1,0.0318432830879493,1,1,1,1
PETR4,1.015,75,2022-02-15,1,0.0356381172326738,1,1,1,1
PETR4,1.015,75,2022-02-16,1,0.0557077713737184,1,1,1,1
PETR4,1.015,75,2022-02-17,1,0.0647835559210929,1,1,1,1
PETR4,1.015,75,2022-02-18,1,0.0677760403314753,1,1,1,1
PETR4,1.015,75,2022-02-21,1,0.0312682283350607,1,1,1,1
PETR4,1.015,75,2022-02-22,1,0.0324751198613975,1,1,1,1
PETR4,1.015,75,2022-02-23,0,-0.0160919608859213,0,1,1,0
PETR4,1.015,75,2022-02-24,1,0.0550074254613635,1,1,1,1
PETR4,1.015,75,2022-02-25,0,-0.0981281725962123,1,1,1,1
PETR4,1.015,75,2022-03-02,0,-0.0677771538262466,1,1,1,1
PETR4,1.015,75,2022-03-03,1,0.017605664592359,1,1,1,1
PETR4,1.015,75,2022-03-04,0,-0.0231883924746409,1,1,1,1
PETR4,1.015,75,2022-03-07,1,0.0812499941262243,1,1,1,1
PETR4,1.015,75,2022-03-08,1,0.0613497436730057,1,1,1,1
PETR4,1.015,75,2022-03-09,1,0.0613497436730057,1,1,1,1
PETR4,1.015,75,2022-03-10,0,-0.0908287009874805,1,1,1,1
PETR4,1.015,75,2022-03-11,0,-0.0746222742545911,1,1,1,1
PETR4,1.015,75,2022-03-14,0,-0.0170199207972322,1,1,1,1
PETR4,1.015,75,2022-03-15,1,0.0187301629458127,1,1,1,1
PETR4,1.015,75,2022-03-16,1,0.0271999514270957,1,0,1,0
PETR4,1.015,75,2022-03-17,1,0.0790960344177467,1,1,1,1
PETR4,1.015,75,2022-03-18,1,0.0546748240738448,1,1,1,1
PETR4,1.015,75,2022-03-21,1,0.0190684330593462,1,1,1,1
PETR4,1.015,75,2022-03-22,1,0.0209833698419972,1,1,1,1
PETR4,1.015,75,2022-03-23,1,0.0221528799938239,1,1,1,1
PETR4,1.015,75,2022-03-24,1,0.0261275374524891,1,1,1,1
PETR4,1.015,75,2022-03-25,1,0.0470991675018821,1,1,1,1
PETR4,1.015,75,2022-03-28,1,0.0516651639585588,1,1,1,1
PETR4,1.015,75,2022-03-29,1,0.0396923646366547,0,1,1,0
PETR4,1.015,75,2022-03-30,1,0.0374578172817818,1,1,1,1
PETR4,1.015,75,2022-03-31,0,-0.0354694822730411,1,1,1,1
PETR4,1.015,75,2022-04-01,1,0.0352583124905785,1,1,1,1
PETR4,1.015,75,2022-04-04,1,0.05358240806337,1,1,1,1
PETR4,1.015,75,2022-04-05,1,0.0555215113149274,1,1,1,1
PETR4,1.015,75,2022-04-06,1,0.0624999895298115,1,1,1,1
PETR4,1.015,75,2022-04-07,1,0.0214264403284751,1,1,1,1
PETR4,1.015,75,2022-04-08,1,0.0313765245039627,1,1,1,1
PETR4,1.015,75,2022-04-11,1,0.0163855744953131,1,1,1,1
PETR4,1.015,75,2022-04-12,1,0.0172727284297513,1,1,1,1
PETR4,1.015,75,2022-04-13,0,0.0063291812275001,1,1,1,1
PETR4,1.015,75,2022-04-14,1,0.0269576829372226,1,1,1,1
PETR4,1.015,75,2022-04-18,1,0.0269576829372226,1,1,1,1
PETR4,1.015,75,2022-04-19,0,-0.050237004000049,1,1,1,1
PETR4,1.015,75,2022-04-20,0,-0.0318840539913639,1,1,1,1
PETR4,1.015,75,2022-04-22,1,0.0216883549379307,1,1,1,1
PETR4,1.015,75,2022-04-25,1,0.0491531264960036,1,1,1,1
PETR4,1.015,75,2022-04-26,1,0.0401712770922295,1,1,1,1
PETR4,1.015,75,2022-04-27,1,0.0374384500151121,1,1,1,1
PETR4,1.015,75,2022-04-28,1,0.0461789037710276,1,1,1,1
PETR4,1.015,75,2022-04-29,1,0.0772290451082937,1,1,1,1
PETR4,1.015,75,2022-05-02,1,0.0996015644357295,1,1,1,1
PETR4,1.015,75,2022-05-03,1,0.0823529103242595,1,1,1,1
PETR4,1.015,75,2022-05-04,1,0.0411820418264301,1,1,1,1
PETR4,1.015,75,2022-05-05,1,0.0373202538820542,1,1,1,1
PETR4,1.015,75,2022-05-06,1,0.0422018613163204,1,1,1,1
PETR4,1.015,75,2022-05-09,1,0.0642768700042513,1,1,1,1
PETR4,1.015,75,2022-05-10,1,0.0640634818439154,1,1,1,1
PETR4,1.015,75,2022-05-11,1,0.056524349180087,1,1,1,1
PETR4,1.015,75,2022-05-12,1,0.0304985636578332,1,0,1,0
PETR4,1.015,75,2022-05-13,1,0.0259854022935739,1,0,0,0
PETR4,1.015,75,2022-05-16,0,-0.0048571406257958,0,1,1,0
PETR4,1.015,75,2022-05-17,1,0.0623171632250512,0,1,1,0
PETR4,1.015,75,2022-05-18,1,0.0832339327988547,1,0,1,0
PETR4,1.015,75,2022-05-19,1,0.0497253738922032,1,1,1,1
PETR4,1.015,75,2022-05-20,1,0.0321205244427944,0,1,1,0
PETR4,1.015,75,2022-05-23,1,0.0435897979611328,1,1,1,1
PETR4,1.015,75,2022-05-24,1,0.0271293644117427,1,0,1,0
PETR4,1.015,75,2022-05-25,1,0.0168644612929524,1,1,1,1
PETR4,1.015,75,2022-05-26,0,-0.0662519844195982,1,1,1,1
PETR4,1.015,75,2022-05-27,0,-0.0350193873962222,1,1,1,1
PETR4,1.015,75,2022-05-30,0,-0.0042749222714496,1,1,1,1
PETR4,1.015,75,2022-05-31,1,0.0210702743872608,1,0,1,0
PETR4,1.015,75,2022-06-01,1,0.0443777285567901,0,1,1,0
PETR4,1.015,75,2022-06-02,1,0.0535173795336338,1,1,1,1
PETR4,1.015,75,2022-06-03,1,0.0262295360156534,1,1,1,1
PETR4,1.015,75,2022-06-06,1,0.0367671837310432,1,1,1,1
PETR4,1.015,75,2022-06-07,1,0.0239973860307252,1,1,1,1
PETR4,1.015,75,2022-06-08,0,-0.0298263020560204,0,1,1,0
PETR4,1.015,75,2022-06-09,0,-0.0309896368775448,1,1,1,1
PETR4,1.015,75,2022-06-10,1,0.0423845279812666,1,1,1,1
PETR4,1.015,75,2022-06-13,1,0.0198921004569812,1,1,1,1
PETR4,1.015,75,2022-06-14,0,-0.0976667365012742,1,1,1,1
PETR4,1.015,75,2022-06-15,0,-0.0418885122928658,1,1,1,1
PETR4,1.015,75,2022-06-17,1,0.0857033294464608,1,1,1,1
PETR4,1.015,75,2022-06-20,0,-0.0543164866351434,1,0,1,0
PETR4,1.015,75,2022-06-21,1,0.0560571764896322,1,1,1,1
PETR4,1.015,75,2022-06-22,1,0.0685693043248565,1,1,1,1
PETR4,1.015,75,2022-06-23,1,0.0773542245484391,1,1,1,1
PETR4,1.015,75,2022-06-24,1,0.0749440359244058,1,1,1,1
PETR4,1.015,75,2022-06-27,0,-0.0017494622641642,1,1,1,1
PETR4,1.015,75,2022-06-28,1,0.0280899169376571,1,1,1,1
PETR4,1.015,75,2022-06-29,1,0.0589511945685257,1,1,1,1
PETR4,1.015,75,2022-06-30,1,0.0427350461597961,1,1,1,1
PETR4,1.015,75,2022-07-01,1,0.0259285503819022,1,1,1,1
PETR4,1.015,75,2022-07-04,0,-0.0034601820165686,0,1,1,0
PETR4,1.015,75,2022-07-05,1,0.0287642483322256,1,1,1,1
PETR4,1.015,75,2022-07-06,1,0.034642874249803,1,1,1,1
PETR4,1.015,75,2022-07-07,1,0.0154223905419161,1,1,1,1
PETR4,1.015,75,2022-07-08,1,0.0165960332731158,1,1,1,1
PETR4,1.015,75,2022-07-11,0,-0.0120141090439628,1,1,1,1
PETR4,1.015,75,2022-07-12,1,0.0199075205139762,1,1,1,1
PETR4,1.015,75,2022-07-13,1,0.0442856922418646,1,1,1,1
PETR4,1.015,75,2022-07-14,1,0.0555956468125176,1,1,1,1
PETR4,1.015,75,2022-07-15,1,0.0299401373220014,1,1,1,1
PETR4,1.015,75,2022-07-18,1,0.0322241185426852,1,1,1,1
PETR4,1.015,75,2022-07-19,1,0.057791544378166,1,1,1,1
PETR4,1.015,75,2022-07-20,1,0.0910972379119239,1,1,1,1
PETR4,1.015,75,2022-07-21,1,0.0888429046010539,1,1,1,1
PETR4,1.015,75,2022-07-22,1,0.1019926070373362,1,1,1,1
PETR4,1.015,75,2022-07-25,1,0.1108974999780016,1,1,1,1
PETR4,1.015,75,2022-07-26,1,0.1073482531018863,0,1,1,0
PETR4,1.015,75,2022-07-27,1,0.0971826749948781,1,1,1,1
PETR4,1.015,75,2022-07-28,1,0.0315476679223305,1,1,1,1
PETR4,1.015,75,2022-07-29,0,0.0061764380405044,1,1,1,1
PETR4,1.015,75,2022-08-01,1,0.038199624264243,1,0,1,0
PETR4,1.015,75,2022-08-02,1,0.0811526138098617,1,1,1,1
PETR4,1.015,75,2022-08-03,1,0.0991784388634826,1,1,1,1
PETR4,1.015,75,2022-08-04,1,0.1024890533800475,1,0,1,0
PETR4,1.015,75,2022-08-05,1,0.0774046309629923,1,1,1,1
PETR4,1.015,75,2022-08-08,1,0.0561819826256146,1,1,1,1
PETR4,1.015,75,2022-08-09,1,0.051275441423783,1,0,1,0
PETR4,1.015,75,2022-08-10,1,0.0568897511704313,1,1,1,1
PETR4,1.015,75,2022-08-11,1,0.127835077642902,1,1,1,1
PETR4,1.015,75,2022-08-12,1,0.0900258981269133,1,1,1,1
PETR4,1.015,75,2022-08-15,1,0.061160101969897,1,1,1,1
PETR4,1.015,75,2022-08-16,1,0.0635071090596166,1,1,1,1
PETR4,1.015,75,2022-08-17,1,0.0169183979280445,1,1,1,1
PETR4,1.015,75,2022-08-18,1,0.0364520260971654,0,1,1,0
PETR4,1.015,75,2022-08-19,1,0.0825456760041689,1,1,1,1
PETR4,1.015,75,2022-08-22,1,0.0530186810806003,1,1,1,1
PETR4,1.015,75,2022-08-23,1,0.0459153084354475,1,1,1,1
PETR4,1.015,75,2022-08-24,1,0.0287390178715221,1,1,1,1
PETR4,1.015,75,2022-08-25,1,0.054086512784427,1,1,1,1
PETR4,1.015,75,2022-08-26,1,0.0456035781185797,1,1,1,1
PETR4,1.015,75,2022-08-29,1,0.0167647128251962,1,1,1,1
PETR4,1.015,75,2022-08-30,1,0.0779544504632572,1,1,1,1
PETR4,1.015,75,2022-08-31,1,0.0362709865394148,1,1,1,1
PETR4,1.015,75,2022-09-01,0,-0.0766550635733313,1,1,1,1
PETR4,1.015,75,2022-09-02,0,-0.0608566900265176,1,1,1,1
PETR4,1.015,75,2022-09-05,1,0.0158041528155159,1,1,1,1
PETR4,1.015,75,2022-09-06,0,-0.0513772800123407,1,1,1,1
PETR4,1.015,75,2022-09-08,0,-0.0421668223654956,1,1,1,1
PETR4,1.015,75,2022-09-09,1,0.0180404249283696,1,0,1,0
PETR4,1.015,75,2022-09-12,1,0.0161603294962229,1,1,1,1
PETR4,1.015,75,2022-09-13,1,0.022113861795306,1,1,1,1
PETR4,1.015,75,2022-09-14,1,0.0219922183305052,1,1,1,1
PETR4,1.015,75,2022-09-15,1,0.02397924859586,1,1,1,1
PETR4,1.015,75,2022-09-16,1,0.0518033072899739,1,1,1,1
PETR4,1.015,75,2022-09-19,1,0.021005746876735,1,1,1,1
PETR4,1.015,75,2022-09-20,1,0.0232854928943078,1,1,1,1
PETR4,1.015,75,2022-09-21,1,0.0190597314038847,1,1,1,1
PETR4,1.015,75,2022-09-22,0,-0.0654533683167152,1,1,1,1
PETR4,1.015,75,2022-09-23,1,0.0161507370059663,1,1,1,1
PETR4,1.015,75,2022-09-26,1,0.019732410275971,1,1,1,1
PETR4,1.015,75,2022-09-27,1,0.1001011064270671,1,1,1,1
PETR4,1.015,75,2022-09-28,1,0.1376336598917673,1,1,1,1
PETR4,1.015,75,2022-09-29,1,0.12867899515059,1,1,1,1
PETR4,1.015,75,2022-09-30,1,0.0589157018650434,1,1,1,1
PETR4,1.015,75,2022-10-03,1,0.0431610640237285,1,1,1,1
PETR4,1.015,75,2022-10-04,1,0.0926456393174384,1,1,1,1
PETR4,1.015,75,2022-10-05,1,0.0399999777890498,1,1,1,1
PETR4,1.015,75,2022-10-06,1,0.0270994347324697,1,1,1,1
PETR4,1.015,75,2022-10-07,1,0.0249628346110242,1,1,1,1
PETR4,1.015,75,2022-10-10,1,0.0486469965297433,1,1,1,1
PETR4,1.015,75,2022-10-11,1,0.0612307470077275,1,1,1,1
PETR4,1.015,75,2022-10-13,1,0.046806013476607,1,1,1,1
PETR4,1.015,75,2022-10-14,1,0.0995788338659466,1,1,1,1
PETR4,1.015,75,2022-10-17,1,0.1324483887903831,1,1,1,1
PETR4,1.015,75,2022-10-18,1,0.1248169005902617,1,1,1,1
PETR4,1.015,75,2022-10-19,1,0.0634349127770901,1,1,1,1
PETR4,1.015,75,2022-10-20,1,0.0532236022808871,1,1,1,1
PETR4,1.015,75,2022-10-21,0,-0.0969862988941068,1,1,1,1
PETR4,1.015,75,2022-10-24,0,-0.0431844846459501,1,1,1,1
PETR4,1.015,75,2022-10-25,1,0.0288343856912449,1,1,1,1
PETR4,1.015,75,2022-10-26,1,0.0222493201230509,1,0,1,0
PETR4,1.015,75,2022-10-27,0,-0.08409784810272,1,1,1,1
PETR4,1.015,75,2022-10-28,1,0.0323423688599895,1,1,1,1
PETR4,1.015,75,2022-10-31,0,-0.1118744293595016,1,1,1,1
PETR4,1.015,75,2022-11-01,1,0.0369127838672738,1,0,1,0
PETR4,1.015,75,2022-11-03,0,-0.126623417187206,1,1,1,1
PETR4,1.015,75,2022-11-04,0,-0.0658083163194854,1,1,1,1
PETR4,1.015,75,2022-11-07,1,0.0328898118170513,0,0,1,0
PETR4,1.015,75,2022-11-08,1,0.037937433174642,1,0,1,0
PETR4,1.015,75,2022-11-09,1,0.0805214817679376,1,0,1,0
PETR4,1.015,75,2022-11-10,1,0.0922480883877541,1,1,1,1
PETR4,1.015,75,2022-11-11,1,0.0337490926208658,1,1,1,1
PETR4,1.015,75,2022-11-14,0,-0.0370370175140472,1,1,1,1
PETR4,1.015,75,2022-11-16,1,0.0222221664206381,1,1,1,1
PETR4,1.015,75,2022-11-17,0,-0.0222566128530796,1,1,1,1
PETR4,1.015,75,2022-11-18,1,0.0379885885588024,1,1,1,1
PETR4,1.015,75,2022-11-21,1,0.0708695524277012,1,1,1,1
PETR4,1.015,75,2022-11-22,1,0.0708695524277012,1,1,1,1
PETR4,1.015,75,2022-11-23,1,0.1003401195926365,1,1,1,1
PETR4,1.015,75,2022-11-24,1,0.0989283156267897,1,1,1,1
PETR4,1.015,75,2022-11-25,1,0.1327695697555571,1,1,1,1
PETR4,1.015,75,2022-11-28,1,0.0890244517609175,1,1,1,1
PETR4,1.015,75,2022-11-29,1,0.0464843792322313,1,1,1,1
PETR4,1.015,75,2022-11-30,0,-0.0353649141660155,1,1,1,1
PETR4,1.015,75,2022-12-01,1,0.0346438397097088,1,1,1,1
PETR4,1.015,75,2022-12-02,1,0.022307660764316,1,1,1,1
PETR4,1.015,75,2022-12-05,1,0.0220758979064079,1,1,1,1
PETR4,1.015,75,2022-12-06,1,0.0288082059442886,1,1,1,1
PETR4,1.015,75,2022-12-07,0,-0.0872798250736399,1,1,1,1
PETR4,1.015,75,2022-12-08,0,-0.1408563293412716,1,1,1,1
PETR4,1.015,75,2022-12-09,0,-0.1033360667414244,1,1,1,1
PETR4,1.015,75,2022-12-12,0,-0.0850622512913706,1,1,1,1
PETR4,1.015,75,2022-12-13,0,-0.005333360315561,1,1,1,1
PETR4,1.015,75,2022-12-14,1,0.1066666188234319,1,1,1,1
PETR4,1.015,75,2022-12-15,1,0.080145709516201,1,0,1,0
PETR4,1.015,75,2022-12-16,1,0.1113121994028483,1,1,1,1
PETR4,1.015,75,2022-12-19,1,0.1263956806142416,1,1,1,1
PETR4,1.015,75,2022-12-20,1,0.0765957920019833,1,1,1,1
PETR4,1.015,75,2022-12-21,1,0.0589958470267055,1,1,1,1
PETR4,1.015,75,2022-12-22,1,0.0493162103938784,1,1,1,1
PETR4,1.015,75,2022-12-23,0,-0.0246815472607976,1,1,1,1
PETR4,1.015,90,2020-06-04,1,0.0331986179337593,1,1,1,1
PETR4,1.015,90,2020-06-05,0,-0.0864745645982563,1,1,1,1
PETR4,1.015,90,2020-06-08,0,-0.0603721659282762,1,1,1,1
PETR4,1.015,90,2020-06-09,0,-0.0237551860048348,1,1,1,1
PETR4,1.015,90,2020-06-10,1,0.0625605891186835,1,1,1,1
PETR4,1.015,90,2020-06-12,1,0.1060070899326826,1,1,1,1
PETR4,1.015,90,2020-06-15,1,0.0306123388057701,1,1,1,1
PETR4,1.015,90,2020-06-16,1,0.0344506793207464,1,1,1,1
PETR4,1.015,90,2020-06-17,1,0.0491030301452115,1,1,1,1
PETR4,1.015,90,2020-06-18,0,-0.0454545176613091,1,1,1,1
PETR4,1.015,90,2020-06-19,1,0.021759269062189,1,1,1,1
PETR4,1.015,90,2020-06-22,1,0.0400565652864548,1,1,1,1
PETR4,1.015,90,2020-06-23,0,0.0079105963337711,1,1,1,1
PETR4,1.015,90,2020-06-24,1,0.0425633478118987,1,1,1,1
PETR4,1.015,90,2020-06-25,1,0.0490334162424885,1,1,1,1
PETR4,1.015,90,2020-06-26,1,0.0545022994188575,1,1,1,1
PETR4,1.015,90,2020-06-29,1,0.0426428940302974,1,1,1,1
PETR4,1.015,90,2020-06-30,1,0.0510344454365885,1,1,1,1
PETR4,1.015,90,2020-07-01,1,0.0343891523900985,1,1,1,1
PETR4,1.015,90,2020-07-02,1,0.0414578272901293,1,0,1,0
PETR4,1.015,90,2020-07-03,1,0.0209915254059085,0,1,1,0
PETR4,1.015,90,2020-07-06,1,0.0210385081005113,1,1,1,1
PETR4,1.015,90,2020-07-07,1,0.0160355046958906,1,1,1,1
PETR4,1.015,90,2020-07-08,0,0.0052676869876084,1,1,1,1
PETR4,1.015,90,2020-07-09,1,0.0558811186680954,1,1,1,1
PETR4,1.015,90,2020-07-10,1,0.0362672536887196,1,1,1,1
PETR4,1.015,90,2020-07-13,1,0.0587438283283716,1,1,1,1
PETR4,1.015,90,2020-07-14,0,-0.0198276761796528,1,1,1,1
PETR4,1.015,90,2020-07-15,1,0.0189982322565693,1,1,1,1
PETR4,1.015,90,2020-07-16,1,0.0337276305722313,1,1,1,1
PETR4,1.015,90,2020-07-17,1,0.0396476306088833,1,1,1,1
PETR4,1.015,90,2020-07-20,1,0.0194384706524273,1,1,1,1
PETR4,1.015,90,2020-07-21,0,-0.0042728634059212,1,1,1,1
PETR4,1.015,90,2020-07-22,0,-0.0155440557454417,1,1,1,1
PETR4,1.015,90,2020-07-23,1,0.0346050802139437,1,1,1,1
PETR4,1.015,90,2020-07-24,1,0.0196763776125841,1,0,1,0
PETR4,1.015,90,2020-07-27,0,-0.0364583219302099,1,1,1,1
PETR4,1.015,90,2020-07-28,0,-0.0534086229706406,1,1,1,1
PETR4,1.015,90,2020-07-29,0,-0.0497381707311704,1,1,1,1
PETR4,1.015,90,2020-07-30,1,0.0157068216465092,1,0,1,0
PETR4,1.015,90,2020-07-31,1,0.0439218842246185,1,0,1,0
PETR4,1.015,90,2020-08-03,1,0.0964585465518885,1,1,1,1
PETR4,1.015,90,2020-08-04,1,0.0584795224323864,1,1,1,1
PETR4,1.015,90,2020-08-05,1,0.0257731243932881,1,1,1,1
PETR4,1.015,90,2020-08-06,1,0.0446194194832698,1,1,1,1
PETR4,1.015,90,2020-08-07,1,0.0427946697901173,1,1,1,1
PETR4,1.015,90,2020-08-10,0,-0.043863313204523,1,1,1,1
PETR4,1.015,90,2020-08-11,0,-0.0325343572573159,1,1,1,1
PETR4,1.015,90,2020-08-12,0,-0.0183368657117317,1,1,1,1
PETR4,1.015,90,2020-08-13,1,0.0241545223046959,1,1,1,1
PETR4,1.015,90,2020-08-14,1,0.0282187076994067,1,1,1,1
PETR4,1.015,90,2020-08-17,1,0.0170081795308165,1,1,1,1
PETR4,1.015,90,2020-08-18,1,0.0161219301653134,1,1,1,1
PETR4,1.015,90,2020-08-19,1,0.0279750845433317,1,1,1,1
PETR4,1.015,90,2020-08-20,1,0.0270629836898488,1,1,1,1
PETR4,1.015,90,2020-08-21,0,-0.0310585924467038,1,1,1,1
PETR4,1.015,90,2020-08-24,0,-0.0238197708992099,1,1,1,1
PETR4,1.015,90,2020-08-25,0,-0.0390693426912408,1,1,1,1
PETR4,1.015,90,2020-08-26,1,0.0255376864539942,1,1,1,1
PETR4,1.015,90,2020-08-27,1,0.038202294401777,1,1,1,1
PETR4,1.015,90,2020-08-28,1,0.0358423484498409,1,1,1,1
PETR4,1.015,90,2020-08-31,1,0.0414414496297004,1,1,1,1
PETR4,1.015,90,2020-09-01,0,-0.0292193983295993,1,1,1,1
PETR4,1.015,90,2020-09-02,1,0.022556388740814,1,1,1,1
PETR4,1.015,90,2020-09-03,0,-0.0382609387307091,1,1,1,1
PETR4,1.015,90,2020-09-04,0,-0.0275554515292906,1,1,1,1
PETR4,1.015,90,2020-09-08,0,-0.0360159667566086,1,1,1,1
PETR4,1.015,90,2020-09-09,0,-0.0403011017949909,1,1,1,1
PETR4,1.015,90,2020-09-10,0,-0.017630994549549,1,0,1,0
PETR4,1.015,90,2020-09-11,0,0.0095715942867793,1,0,1,0
PETR4,1.015,90,2020-09-14,0,-0.0150136375646784,1,1,1,1
PETR4,1.015,90,2020-09-15,0,-0.0434782943281044,1,1,1,1
PETR4,1.015,90,2020-09-16,1,0.0306833821355105,1,1,1,1
PETR4,1.015,90,2020-09-17,0,-0.0800363788514509,0,1,1,0
PETR4,1.015,90,2020-09-18,0,-0.0418036422499988,1,1,1,1
PETR4,1.015,90,2020-09-21,1,0.0186067541057357,1,1,1,1
PETR4,1.015,90,2020-09-22,0,-0.0562499747376964,1,1,1,1
PETR4,1.015,90,2020-09-23,1,0.023221412747818,1,1,1,1
PETR4,1.015,90,2020-09-24,1,0.0203474069648286,0,1,1,0
PETR4,1.015,90,2020-09-25,0,-0.0236103977523201,1,1,1,1
PETR4,1.015,90,2020-09-28,1,0.021905220540078,0,1,1,0
PETR4,1.015,90,2020-09-29,1,0.0338461294368095,1,1,1,1
PETR4,1.015,90,2020-09-30,1,0.0539715823146123,0,1,1,0
PETR4,1.015,90,2020-10-01,1,0.0491637106908913,1,1,1,1
PETR4,1.015,90,2020-10-02,1,0.069214968807024,0,1,1,0
PETR4,1.015,90,2020-10-05,0,-0.032730866689798,1,1,1,1
PETR4,1.015,90,2020-10-06,1,0.0295000215226755,1,1,1,1
PETR4,1.015,90,2020-10-07,1,0.0274450333279576,1,1,1,1
PETR4,1.015,90,2020-10-08,0,-0.0290069025790472,1,1,1,1
PETR4,1.015,90,2020-10-09,1,0.023103971418408,1,1,1,1
PETR4,1.015,90,2020-10-13,0,-0.0283723796149936,1,1,1,1
PETR4,1.015,90,2020-10-14,1,0.033129541417626,0,1,1,0
PETR4,1.015,90,2020-10-15,1,0.0335536127262254,0,1,1,0
PETR4,1.015,90,2020-10-16,1,0.0736733755814722,1,1,1,1
PETR4,1.015,90,2020-10-19,1,0.0747332019510054,1,1,1,1
PETR4,1.015,90,2020-10-20,1,0.0486111782990374,1,1,1,1
PETR4,1.015,90,2020-10-21,1,0.0517414227184693,1,0,1,0
PETR4,1.015,90,2020-10-22,0,-0.108405109836036,0,1,1,0
PETR4,1.015,90,2020-10-23,0,-0.0511558893661155,1,0,1,0
PETR4,1.015,90,2020-10-26,0,-0.0651529662894865,1,1,1,1
PETR4,1.015,90,2020-10-27,1,0.0284236935716306,1,1,1,1
PETR4,1.015,90,2020-10-28,1,0.0889853951200285,1,1,1,1
PETR4,1.015,90,2020-10-29,1,0.0485894193537503,1,1,1,1
PETR4,1.015,90,2020-10-30,1,0.0287032169211118,1,1,1,1
PETR4,1.015,90,2020-11-03,1,0.1339330340711808,0,1,1,0
PETR4,1.015,90,2020-11-04,1,0.1604010755943514,1,1,1,1
PETR4,1.015,90,2020-11-05,1,0.1948849589672419,1,1,1,1
PETR4,1.015,90,2020-11-06,1,0.1065845802493974,1,1,1,1
PETR4,1.015,90,2020-11-09,1,0.0671540465320925,1,1,1,1
PETR4,1.015,90,2020-11-10,0,-0.0025696437251336,0,1,1,0
PETR4,1.015,90,2020-11-11,1,0.0615655018459815,1,0,1,0
PETR4,1.015,90,2020-11-12,1,0.0962761258024538,1,0,1,0
PETR4,1.015,90,2020-11-13,1,0.0405172167622318,0,0,1,0
PETR4,1.015,90,2020-11-16,1,0.0472884597063361,0,1,1,0
PETR4,1.015,90,2020-11-17,1,0.0462693479920479,1,1,1,1
PETR4,1.015,90,2020-11-18,1,0.1324841168170603,1,1,1,1
PETR4,1.015,90,2020-11-19,1,0.1187080358218455,1,1,1,1
PETR4,1.015,90,2020-11-20,1,0.1089396559728215,1,1,1,1
PETR4,1.015,90,2020-11-23,1,0.0401716557164164,1,1,1,1
PETR4,1.015,90,2020-11-24,0,-0.0496183152217094,1,1,1,1
PETR4,1.015,90,2020-11-25,0,-0.013107211474887,1,0,1,0
PETR4,1.015,90,2020-11-26,1,0.0223766385143375,1,0,1,0
PETR4,1.015,90,2020-11-27,1,0.0645288839505737,0,0,1,0
PETR4,1.015,90,2020-11-30,1,0.0854330716480216,0,0,1,0
PETR4,1.015,90,2020-12-01,1,0.085546849189031,1,1,1,1
PETR4,1.015,90,2020-12-02,1,0.062715141554414,1,1,1,1
PETR4,1.015,90,2020-12-03,1,0.0220668746917995,1,0,1,0
PETR4,1.015,90,2020-12-04,1,0.034103466641937,1,0,1,0
PETR4,1.015,90,2020-12-07,1,0.0518462555837477,1,1,1,1
PETR4,1.015,90,2020-12-08,1,0.0615845820517182,1,1,1,1
PETR4,1.015,90,2020-12-09,1,0.0397203991816694,1,1,1,1
PETR4,1.015,90,2020-12-10,1,0.0283739001858107,1,1,1,1
PETR4,1.015,90,2020-12-11,0,0.0074918800473757,1,1,1,1
PETR4,1.015,90,2020-12-14,1,0.0212230351155142,1,1,1,1
PETR4,1.015,90,2020-12-15,1,0.0193896056740452,1,1,1,1
PETR4,1.015,90,2020-12-16,0,-0.0360423993836949,0,1,1,0
PETR4,1.015,90,2020-12-17,0,-0.005338063598401,1,1,1,1
PETR4,1.015,90,2020-12-18,1,0.0489149303032525,1,0,1,0
PETR4,1.015,90,2020-12-21,1,0.0485293786737095,0,0,1,0
PETR4,1.015,90,2020-12-22,1,0.0397374790767779,0,1,1,0
PETR4,1.015,90,2020-12-23,1,0.0289139779629279,1,1,1,1
PETR4,1.015,90,2020-12-28,1,0.0634248912798758,1,1,1,1
PETR4,1.015,90,2020-12-29,1,0.089947081787943,1,1,1,1
PETR4,1.015,90,2020-12-30,1,0.0872600340846119,1,1,1,1
PETR4,1.015,90,2021-01-04,1,0.098961940615295,1,1,1,1
PETR4,1.015,90,2021-01-05,1,0.053050476550895,1,1,1,1
PETR4,1.015,90,2021-01-06,1,0.0468029723583443,0,0,1,0
PETR4,1.015,90,2021-01-07,0,-0.0734265237166422,1,1,1,1
PETR4,1.015,90,2021-01-08,1,0.0310355226722287,1,1,1,1
PETR4,1.015,90,2021-01-11,0,-0.0964010836980726,1,0,1,0
PETR4,1.015,90,2021-01-12,0,-0.0850717360350672,0,0,1,0
PETR4,1.015,90,2021-01-13,1,0.0171408511513986,1,1,1,1
PETR4,1.015,90,2021-01-14,0,-0.0289156517716615,1,1,1,1
PETR4,1.015,90,2021-01-15,1,0.0286117659356985,1,1,1,1
PETR4,1.015,90,2021-01-18,1,0.0224719193995492,1,1,1,1
PETR4,1.015,90,2021-01-19,0,-0.0673575574925343,1,1,1,1
PETR4,1.015,90,2021-01-20,0,-0.0228408374889734,1,1,1,1
PETR4,1.015,90,2021-01-21,1,0.0564425724660078,1,1,1,1
PETR4,1.015,90,2021-01-22,1,0.0440367010971873,1,1,1,1
PETR4,1.015,90,2021-01-26,1,0.0611711081597603,1,1,1,1
PETR4,1.015,90,2021-01-27,1,0.0666177738814544,1,1,1,1
PETR4,1.015,90,2021-01-28,1,0.058866212819413,1,1,1,1
PETR4,1.015,90,2021-01-29,1,0.068965474701877,1,1,1,1
PETR4,1.015,90,2021-02-01,1,0.0595070696468591,1,1,1,1
PETR4,1.015,90,2021-02-02,1,0.0383023367754697,1,1,1,1
PETR4,1.015,90,2021-02-03,1,0.0437045195378187,1,1,1,1
PETR4,1.015,90,2021-02-04,1,0.0383023367754697,1,1,1,1
PETR4,1.015,90,2021-02-05,1,0.0277095698779759,0,1,1,0
PETR4,1.015,90,2021-02-08,1,0.0160427365111328,1,1,1,1
PETR4,1.015,90,2021-02-09,1,0.0670511756331748,1,1,1,1
PETR4,1.015,90,2021-02-10,1,0.0987917516010608,1,1,1,1
PETR4,1.015,90,2021-02-11,1,0.1118302641819366,1,1,1,1
PETR4,1.015,90,2021-02-12,1,0.0841514822426843,1,1,1,1
PETR4,1.015,90,2021-02-17,1,0.0177747580149352,1,1,1,1
PETR4,1.015,90,2021-02-18,1,0.0164109905382394,1,1,1,1
PETR4,1.015,90,2021-02-19,1,0.1074561342051942,1,1,1,1
PETR4,1.015,90,2021-02-22,1,0.0954447126835398,1,1,1,1
PETR4,1.015,90,2021-02-23,1,0.0285132971553687,1,1,1,1
PETR4,1.015,90,2021-02-24,0,-0.1203999989238662,1,1,1,1
PETR4,1.015,90,2021-02-25,0,-0.0866378953584631,1,1,1,1
PETR4,1.015,90,2021-02-26,0,-0.0254387021969734,1,1,1,1
PETR4,1.015,90,2021-03-01,1,0.0631868267234954,1,1,1,1
PETR4,1.015,90,2021-03-02,1,0.065137557219737,0,0,0,1
PETR4,1.015,90,2021-03-03,1,0.0901408873209306,1,1,1,1
PETR4,1.015,90,2021-03-04,1,0.0347592913714933,1,1,1,1
PETR4,1.015,90,2021-03-05,1,0.0706473356615231,1,1,1,1
PETR4,1.015,90,2021-03-08,1,0.0997191743154943,1,1,1,1
PETR4,1.015,90,2021-03-09,1,0.0788515374390566,1,1,1,1
PETR4,1.015,90,2021-03-10,1,0.0468611132833465,1,1,1,1
PETR4,1.015,90,2021-03-11,1,0.0423326708699991,1,1,1,1
PETR4,1.015,90,2021-03-12,1,0.0441368810979265,1,1,1,1
PETR4,1.015,90,2021-03-15,1,0.0211596274518846,1,1,1,1
PETR4,1.015,90,2021-03-16,1,0.0427831765158455,1,1,1,1
PETR4,1.015,90,2021-03-17,0,-0.0452260365335694,1,1,1,1
PETR4,1.015,90,2021-03-18,1,0.033089840924009,1,1,1,1
PETR4,1.015,90,2021-03-19,0,-0.0206838604648917,1,1,1,1
PETR4,1.015,90,2021-03-22,1,0.0306430473812928,1,1,1,1
PETR4,1.015,90,2021-03-23,1,0.0297542111520974,1,1,1,1
PETR4,1.015,90,2021-03-24,1,0.056828122761604,1,1,1,1
PETR4,1.015,90,2021-03-25,1,0.0319421337513206,1,1,1,1
PETR4,1.015,90,2021-03-26,1,0.0449871700496844,1,1,1,1
PETR4,1.015,90,2021-03-29,1,0.0317257998665645,1,1,1,1
PETR4,1.015,90,2021-03-30,1,0.0247899341927801,1,1,1,1
PETR4,1.015,90,2021-03-31,0,-0.0119389817987084,0,1,1,0
PETR4,1.015,90,2021-04-01,0,-0.0178202579760587,1,1,1,1
PETR4,1.015,90,2021-04-05,0,-0.0219190465892045,1,1,1,1
PETR4,1.015,90,2021-04-06,1,0.0179615492347184,1,1,1,1
PETR4,1.015,90,2021-04-07,1,0.0162635933129819,1,1,1,1
PETR4,1.015,90,2021-04-08,1,0.0459574935757534,1,1,1,1
PETR4,1.015,90,2021-04-09,1,0.0278127068050666,1,1,1,1
PETR4,1.015,90,2021-04-12,1,0.0269555129978606,1,1,1,1
PETR4,1.015,90,2021-04-13,1,0.0628850332373001,1,1,1,1
PETR4,1.015,90,2021-04-14,1,0.0502109302570816,1,1,1,1
PETR4,1.015,90,2021-04-15,1,0.0760917384597092,1,1,1,1
PETR4,1.015,90,2021-04-16,1,0.0845315605724039,1,1,1,1
PETR4,1.015,90,2021-04-19,0,-0.0226059422403898,1,1,1,1
PETR4,1.015,90,2021-04-20,0,-0.0430820900039322,1,1,1,1
PETR4,1.015,90,2021-04-22,0,0.0025125747977492,1,1,1,1
PETR4,1.015,90,2021-04-23,1,0.0184487254180953,1,1,1,1
PETR4,1.015,90,2021-04-26,1,0.0197314125656382,1,1,1,1
PETR4,1.015,90,2021-04-27,1,0.0380342288033601,1,1,1,1
PETR4,1.015,90,2021-04-28,0,-0.050994995845274,1,1,1,1
PETR4,1.015,90,2021-04-29,1,0.0235042455720417,1,1,1,1
PETR4,1.015,90,2021-04-30,0,-0.0126049656090858,1,0,1,0
PETR4,1.015,90,2021-05-03,1,0.0386575092952425,1,1,1,1
PETR4,1.015,90,2021-05-04,1,0.0781183485023468,1,1,1,1
PETR4,1.015,90,2021-05-05,1,0.0615774148070393,1,1,1,1
PETR4,1.015,90,2021-05-06,1,0.0799491997977022,1,1,1,1
PETR4,1.015,90,2021-05-07,1,0.0294354917016181,1,1,1,1
PETR4,1.015,90,2021-05-10,1,0.0793781829298561,1,0,1,0
PETR4,1.015,90,2021-05-11,1,0.0685370046741278,0,1,1,0
PETR4,1.015,90,2021-05-12,1,0.0823909486914475,1,1,1,1
PETR4,1.015,90,2021-05-13,1,0.0387597495655438,1,1,1,1
PETR4,1.015,90,2021-05-14,1,0.019011372500109,1,1,1,1
PETR4,1.015,90,2021-05-17,0,-0.0280898992805616,1,1,1,1
PETR4,1.015,90,2021-05-18,1,0.025918760189721,1,0,1,0
PETR4,1.015,90,2021-05-19,1,0.0179731919072227,1,0,1,0
PETR4,1.015,90,2021-05-20,1,0.0207054948713221,1,1,1,1
PETR4,1.015,90,2021-05-21,0,-0.0140792138889913,1,1,1,1
PETR4,1.015,90,2021-05-24,1,0.0203928469823706,1,1,1,1
PETR4,1.015,90,2021-05-25,1,0.0497877131738404,1,1,1,1
PETR4,1.015,90,2021-05-26,1,0.062116609390211,1,1,1,1
PETR4,1.015,90,2021-05-27,1,0.0713740100571069,1,1,1,1
PETR4,1.015,90,2021-05-28,1,0.061572628035857,1,1,1,1
PETR4,1.015,90,2021-05-31,1,0.0445255214382931,1,1,1,1
PETR4,1.015,90,2021-06-01,1,0.0530164677382605,1,1,1,1
PETR4,1.015,90,2021-06-02,1,0.0363507339903745,1,1,1,1
PETR4,1.015,90,2021-06-04,1,0.0203508582829727,1,1,1,1
PETR4,1.015,90,2021-06-07,1,0.0323039068456438,1,1,1,1
PETR4,1.015,90,2021-06-08,1,0.0219359242314471,1,1,1,1
PETR4,1.015,90,2021-06-09,1,0.0180367398893177,1,1,1,1
PETR4,1.015,90,2021-06-10,1,0.0190971998592572,1,1,1,1
PETR4,1.015,90,2021-06-11,1,0.0155708952938249,1,1,1,1
PETR4,1.015,90,2021-06-14,0,-0.0220994394432143,1,1,1,1
PETR4,1.015,90,2021-06-15,0,-0.004470447420739,1,1,1,1
PETR4,1.015,90,2021-06-16,0,0.0031023931064211,1,1,1,1
PETR4,1.015,90,2021-06-17,1,0.054285740518265,1,0,1,0
PETR4,1.015,90,2021-06-18,1,0.044014062114893,1,0,1,0
PETR4,1.015,90,2021-06-21,1,0.0272413954844319,1,0,1,0
PETR4,1.015,90,2021-06-22,1,0.0184616267796944,1,1,1,1
PETR4,1.015,90,2021-06-23,0,-0.0105119775101812,1,1,1,1
PETR4,1.015,90,2021-06-24,0,-0.0087571985645288,1,1,1,1
PETR4,1.015,90,2021-06-25,1,0.0239890344254447,1,1,1,1
PETR4,1.015,90,2021-06-28,1,0.0271571143873998,1,1,1,1
PETR4,1.015,90,2021-06-29,1,0.0292800808709725,1,1,1,1
PETR4,1.015,90,2021-06-30,0,-0.0696032272031508,1,1,1,1
PETR4,1.015,90,2021-07-01,0,-0.0426620976567017,1,1,1,1
PETR4,1.015,90,2021-07-02,0,-0.0523957481162358,1,1,1,1
PETR4,1.015,90,2021-07-05,0,-0.0337978435887517,1,0,1,0
PETR4,1.015,90,2021-07-06,0,-0.0088810367640819,1,0,1,0
PETR4,1.015,90,2021-07-07,1,0.0291971002306419,1,1,1,1
PETR4,1.015,90,2021-07-08,1,0.0224800461199341,1,1,1,1
PETR4,1.015,90,2021-07-12,1,0.023222052560659,0,1,1,0
PETR4,1.015,90,2021-07-13,0,-0.0661921376838154,1,0,1,0
PETR4,1.015,90,2021-07-14,0,-0.0327392145282757,1,1,1,1
PETR4,1.015,90,2021-07-15,0,-0.0099154622294026,1,1,1,1
PETR4,1.015,90,2021-07-16,1,0.0489025621439545,1,1,1,1
PETR4,1.015,90,2021-07-19,1,0.040091578821416,1,0,1,0
PETR4,1.015,90,2021-07-20,1,0.0253826042255791,1,1,1,1
PETR4,1.015,90,2021-07-21,1,0.0174073687056175,1,1,1,1
PETR4,1.015,90,2021-07-22,1,0.0295201932901534,1,1,1,1
PETR4,1.015,90,2021-07-23,1,0.0441286122716564,1,1,1,1
PETR4,1.015,90,2021-07-26,1,0.0208409308457317,1,1,1,1
PETR4,1.015,90,2021-07-27,1,0.0178636190698546,1,0,1,0
PETR4,1.015,90,2021-07-28,0,-0.0341727048192065,1,1,1,1
PETR4,1.015,90,2021-07-29,0,-0.0478260767039558,1,0,1,0
PETR4,1.015,90,2021-07-30,1,0.0654412503648971,1,0,1,0
PETR4,1.015,90,2021-08-02,1,0.0993929921892649,1,1,1,1
PETR4,1.015,90,2021-08-03,1,0.0915254935299119,1,1,1,1
PETR4,1.015,90,2021-08-04,0,-0.0163477906147179,1,1,1,1
PETR4,1.015,90,2021-08-05,1,0.0171929487626698,1,1,1,1
PETR4,1.015,90,2021-08-06,1,0.0443650327384093,0,0,1,0
PETR4,1.015,90,2021-08-09,1,0.0462897409075715,1,1,1,1
PETR4,1.015,90,2021-08-10,1,0.0514914901172665,1,1,1,1
PETR4,1.015,90,2021-08-11,1,0.0331472880750878,1,1,1,1
PETR4,1.015,90,2021-08-12,1,0.0189263362902256,1,1,1,1
PETR4,1.015,90,2021-08-13,0,-0.0333330064309864,1,0,1,0
PETR4,1.015,90,2021-08-16,1,0.0294336843557894,1,1,1,1
PETR4,1.015,90,2021-08-17,0,-0.000369957875251,0,1,1,0
PETR4,1.015,90,2021-08-18,1,0.0521705172772521,1,1,1,1
PETR4,1.015,90,2021-08-19,1,0.0541666913878324,1,1,1,1
PETR4,1.015,90,2021-08-20,1,0.0348924501154108,1,1,1,1
PETR4,1.015,90,2021-08-23,1,0.0439720952573237,1,0,1,0
PETR4,1.015,90,2021-08-24,1,0.0390880224695273,1,0,1,0
PETR4,1.015,90,2021-08-25,1,0.0409717862264511,1,0,1,0
PETR4,1.015,90,2021-08-26,1,0.0364621781599472,0,1,1,0
PETR4,1.015,90,2021-08-27,0,-0.0633802580816097,1,1,1,1
PETR4,1.015,90,2021-08-30,0,-0.0663120217862099,1,1,1,1
PETR4,1.015,90,2021-08-31,0,-0.031478762231286,1,1,1,1
PETR4,1.015,90,2021-09-01,0,-0.0751852356563367,1,1,1,1
PETR4,1.015,90,2021-09-02,0,-0.0431519211162307,1,1,1,1
PETR4,1.015,90,2021-09-03,1,0.0190766145196239,1,0,1,0
PETR4,1.015,90,2021-09-06,0,-0.0022822277935766,1,1,1,1
PETR4,1.015,90,2021-09-08,1,0.0522329014940954,1,1,1,1
PETR4,1.015,90,2021-09-09,1,0.0169101233406796,1,1,1,1
PETR4,1.015,90,2021-09-10,1,0.0255814169422052,1,0,1,0
PETR4,1.015,90,2021-09-13,1,0.0196532231110742,1,1,1,1
PETR4,1.015,90,2021-09-14,1,0.0176923589402422,1,1,1,1
PETR4,1.015,90,2021-09-15,0,-0.0333588877583707,1,1,1,1
PETR4,1.015,90,2021-09-16,0,-0.0046206987245774,1,1,1,1
PETR4,1.015,90,2021-09-17,1,0.1191859731001094,1,0,1,0
PETR4,1.015,90,2021-09-20,1,0.0789474360950952,1,1,1,1
PETR4,1.015,90,2021-09-21,1,0.0755972860476867,1,0,1,0
PETR4,1.015,90,2021-09-22,1,0.0747592241393186,1,1,1,1
PETR4,1.015,90,2021-09-23,1,0.0504708484827662,1,1,1,1
PETR4,1.015,90,2021-09-24,1,0.027634494678967,1,1,1,1
PETR4,1.015,90,2021-09-27,1,0.0297903626504529,1,1,1,1
PETR4,1.015,90,2021-09-28,1,0.058801911145073,1,1,1,1
PETR4,1.015,90,2021-09-29,1,0.0704686471209425,1,1,1,1
PETR4,1.015,90,2021-09-30,1,0.0866519235007257,1,1,1,1
PETR4,1.015,90,2021-10-01,1,0.0615995238248019,1,1,1,1
PETR4,1.015,90,2021-10-04,1,0.0210345084679417,1,1,1,1
PETR4,1.015,90,2021-10-05,1,0.0310880702589686,0,1,1,0
PETR4,1.015,90,2021-10-06,1,0.0400696390574562,1,1,1,1
PETR4,1.015,90,2021-10-07,1,0.0420690169358839,1,1,1,1
PETR4,1.015,90,2021-10-08,1,0.0244067897543807,1,1,1,1
PETR4,1.015,90,2021-10-11,1,0.0359959603225508,1,1,1,1
PETR4,1.015,90,2021-10-13,0,-0.061955763632902,1,1,1,1
PETR4,1.015,90,2021-10-14,0,-0.0466443235575446,1,0,1,0
PETR4,1.015,90,2021-10-15,0,-0.0663265876410538,1,0,1,0
PETR4,1.015,90,2021-10-18,0,-0.0704513800629793,1,0,1,0
PETR4,1.015,90,2021-10-19,1,0.0367880833661153,1,1,1,1
PETR4,1.015,90,2021-10-20,1,0.052045853433005,1,1,1,1
PETR4,1.015,90,2021-10-21,1,0.0815497279288253,0,1,1,0
PETR4,1.015,90,2021-10-22,1,0.0558357461092258,1,1,1,1
PETR4,1.015,90,2021-10-25,1,0.0156249400148185,0,1,1,0
PETR4,1.015,90,2021-10-26,0,-0.0287894515485319,1,1,1,1
PETR4,1.015,90,2021-10-27,1,0.0252366056247101,1,1,1,1
PETR4,1.015,90,2021-10-28,0,-0.1074493788142753,1,1,1,1
PETR4,1.015,90,2021-10-29,1,0.0220137413396197,1,1,1,1
PETR4,1.015,90,2021-11-01,0,-0.057380012657372,1,1,1,1
PETR4,1.015,90,2021-11-03,0,-0.0140637158654046,1,1,1,1
PETR4,1.015,90,2021-11-04,1,0.0251045057293426,1,1,1,1
PETR4,1.015,90,2021-11-05,1,0.0441688775796762,1,1,1,1
PETR4,1.015,90,2021-11-08,1,0.0366411968556585,1,1,1,1
PETR4,1.015,90,2021-11-09,1,0.0360902035136156,1,1,1,1
PETR4,1.015,90,2021-11-10,1,0.0252976379205092,1,1,1,1
PETR4,1.015,90,2021-11-11,1,0.0475103860133503,1,1,1,1
PETR4,1.015,90,2021-11-12,0,-0.0425532538145471,1,1,1,1
PETR4,1.015,90,2021-11-16,0,-0.03760493407988,1,1,1,1
PETR4,1.015,90,2021-11-17,1,0.0509554506595115,1,0,1,0
PETR4,1.015,90,2021-11-18,1,0.0896551878328943,1,1,1,1
PETR4,1.015,90,2021-11-19,1,0.1326995755030793,1,1,1,1
PETR4,1.015,90,2021-11-22,1,0.1195039523910266,1,1,1,1
PETR4,1.015,90,2021-11-23,1,0.0734341809060759,1,1,1,1
PETR4,1.015,90,2021-11-24,1,0.0265060289366969,1,1,1,1
PETR4,1.015,90,2021-11-25,1,0.0803099887611387,1,1,1,1
PETR4,1.015,90,2021-11-26,1,0.0900733625031537,1,1,1,1
PETR4,1.015,90,2021-11-29,1,0.1095585210913578,1,1,1,1
PETR4,1.015,90,2021-11-30,1,0.1019026360905237,1,1,1,1
PETR4,1.015,90,2021-12-01,1,0.0955909956067977,1,1,1,1
PETR4,1.015,90,2021-12-02,1,0.0558286864705832,1,1,1,1
PETR4,1.015,90,2021-12-03,1,0.0448227594438763,1,0,1,0
PETR4,1.015,90,2021-12-06,1,0.0280055105298218,1,0,1,0
PETR4,1.015,90,2021-12-07,1,0.0252043497775387,1,1,1,1
PETR4,1.015,90,2021-12-08,1,0.0343642895797005,1,1,1,1
PETR4,1.015,90,2021-12-09,1,0.0203390185509058,0,1,1,0
PETR4,1.015,90,2021-12-10,0,0.0006740489229593,1,1,1,1
PETR4,1.015,90,2021-12-13,0,-0.0209388736242176,1,1,1,1
PETR4,1.015,90,2021-12-14,1,0.0302405898623052,1,1,1,1
PETR4,1.015,90,2021-12-15,0,-0.0479405695327478,1,1,1,1
PETR4,1.015,90,2021-12-16,0,-0.0395633881865954,1,1,1,1
PETR4,1.015,90,2021-12-17,0,-0.0038678447755591,1,0,1,0
PETR4,1.015,90,2021-12-20,0,0.0070052978798138,1,0,1,0
PETR4,1.015,90,2021-12-21,1,0.0309858590887794,1,1,1,1
PETR4,1.015,90,2021-12-22,1,0.0335333262756292,0,0,0,1
PETR4,1.015,90,2021-12-23,1,0.0338983067209948,0,1,1,0
PETR4,1.015,90,2021-12-27,0,0.0027577248007031,1,1,1,1
PETR4,1.015,90,2021-12-28,1,0.0243903019880957,1,0,1,0
PETR4,1.015,90,2021-12-29,1,0.0297723723477565,0,0,0,1
PETR4,1.015,90,2021-12-30,1,0.0301332214453287,1,1,1,1
PETR4,1.015,90,2022-01-03,0,-0.0336076497315809,1,1,1,1
PETR4,1.015,90,2022-01-04,0,-0.0404248143092862,1,1,1,1
PETR4,1.015,90,2022-01-05,1,0.0275715994328327,1,1,0,0
PETR4,1.015,90,2022-01-06,1,0.0640341654565914,1,1,0,0
PETR4,1.015,90,2022-01-07,1,0.0943194256443595,1,1,1,1
PETR4,1.015,90,2022-01-10,1,0.1245551573723986,0,1,1,0
PETR4,1.015,90,2022-01-11,1,0.0987910539027621,1,1,1,1
PETR4,1.015,90,2022-01-12,1,0.0829664886604353,1,1,0,0
PETR4,1.015,90,2022-01-13,1,0.0637384715703548,0,1,1,0
PETR4,1.015,90,2022-01-14,1,0.0257961920421108,1,1,1,1
PETR4,1.015,90,2022-01-17,1,0.0205956896223882,1,1,1,1
PETR4,1.015,90,2022-01-18,0,0.0015673650731617,1,0,1,0
PETR4,1.015,90,2022-01-19,1,0.0549206222736731,1,1,1,1
PETR4,1.015,90,2022-01-20,1,0.0855242521922468,1,1,1,1
PETR4,1.015,90,2022-01-21,1,0.0930892362200599,1,1,1,1
PETR4,1.015,90,2022-01-24,1,0.0927444769378367,1,1,1,1
PETR4,1.015,90,2022-01-25,1,0.0402401793422284,1,1,1,1
PETR4,1.015,90,2022-01-26,0,-0.0364963794978488,1,1,1,1
PETR4,1.015,90,2022-01-27,1,0.0162722515697713,1,1,1,1
PETR4,1.015,90,2022-01-28,1,0.0304615371673488,1,1,1,1
PETR4,1.015,90,2022-01-31,1,0.035239552473107,1,1,1,1
PETR4,1.015,90,2022-02-01,0,-0.0377132343488486,1,1,0,0
PETR4,1.015,90,2022-02-02,1,0.0272025090037384,1,1,1,1
PETR4,1.015,90,2022-02-03,1,0.0253008744082747,0,1,1,0
PETR4,1.015,90,2022-02-04,0,-0.0033794626272254,1,1,1,1
PETR4,1.015,90,2022-02-07,1,0.0630093957913917,1,1,1,1
PETR4,1.015,90,2022-02-08,1,0.0693131734643803,0,1,0,0
PETR4,1.015,90,2022-02-09,1,0.0507739901917143,1,1,1,1
PETR4,1.015,90,2022-02-10,1,0.0357033684047531,1,1,1,1
PETR4,1.015,90,2022-02-11,0,-0.0313053925770061,1,1,1,1
PETR4,1.015,90,2022-02-14,1,0.0318432830879493,1,1,1,1
PETR4,1.015,90,2022-02-15,1,0.0356381172326738,1,1,1,1
PETR4,1.015,90,2022-02-16,1,0.0557077713737184,1,1,1,1
PETR4,1.015,90,2022-02-17,1,0.0647835559210929,1,1,1,1
PETR4,1.015,90,2022-02-18,1,0.0677760403314753,1,1,1,1
PETR4,1.015,90,2022-02-21,1,0.0312682283350607,1,1,1,1
PETR4,1.015,90,2022-02-22,1,0.0324751198613975,1,1,1,1
PETR4,1.015,90,2022-02-23,0,-0.0160919608859213,1,0,1,0
PETR4,1.015,90,2022-02-24,1,0.0550074254613635,1,1,1,1
PETR4,1.015,90,2022-02-25,0,-0.0981281725962123,1,1,1,1
PETR4,1.015,90,2022-03-02,0,-0.0677771538262466,1,1,1,1
PETR4,1.015,90,2022-03-03,1,0.017605664592359,1,1,1,1
PETR4,1.015,90,2022-03-04,0,-0.0231883924746409,1,1,1,1
PETR4,1.015,90,2022-03-07,1,0.0812499941262243,1,1,1,1
PETR4,1.015,90,2022-03-08,1,0.0613497436730057,0,1,1,0
PETR4,1.015,90,2022-03-09,1,0.0613497436730057,1,1,1,1
PETR4,1.015,90,2022-03-10,0,-0.0908287009874805,1,1,1,1
PETR4,1.015,90,2022-03-11,0,-0.0746222742545911,1,1,1,1
PETR4,1.015,90,2022-03-14,0,-0.0170199207972322,1,1,1,1
PETR4,1.015,90,2022-03-15,1,0.0187301629458127,1,1,1,1
PETR4,1.015,90,2022-03-16,1,0.0271999514270957,1,1,1,1
PETR4,1.015,90,2022-03-17,1,0.0790960344177467,1,1,1,1
PETR4,1.015,90,2022-03-18,1,0.0546748240738448,0,1,1,0
PETR4,1.015,90,2022-03-21,1,0.0190684330593462,1,1,1,1
PETR4,1.015,90,2022-03-22,1,0.0209833698419972,1,1,1,1
PETR4,1.015,90,2022-03-23,1,0.0221528799938239,1,1,1,1
PETR4,1.015,90,2022-03-24,1,0.0261275374524891,1,1,1,1
PETR4,1.015,90,2022-03-25,1,0.0470991675018821,1,1,1,1
PETR4,1.015,90,2022-03-28,1,0.0516651639585588,1,1,1,1
PETR4,1.015,90,2022-03-29,1,0.0396923646366547,1,1,1,1
PETR4,1.015,90,2022-03-30,1,0.0374578172817818,0,1,1,0
PETR4,1.015,90,2022-03-31,0,-0.0354694822730411,1,1,1,1
PETR4,1.015,90,2022-04-01,1,0.0352583124905785,1,1,1,1
PETR4,1.015,90,2022-04-04,1,0.05358240806337,0,1,1,0
PETR4,1.015,90,2022-04-05,1,0.0555215113149274,1,1,1,1
PETR4,1.015,90,2022-04-06,1,0.0624999895298115,1,1,1,1
PETR4,1.015,90,2022-04-07,1,0.0214264403284751,1,1,1,1
PETR4,1.015,90,2022-04-08,1,0.0313765245039627,1,0,1,0
PETR4,1.015,90,2022-04-11,1,0.0163855744953131,1,1,1,1
PETR4,1.015,90,2022-04-12,1,0.0172727284297513,1,1,1,1
PETR4,1.015,90,2022-04-13,0,0.0063291812275001,1,1,1,1
PETR4,1.015,90,2022-04-14,1,0.0269576829372226,1,1,1,1
PETR4,1.015,90,2022-04-18,1,0.0269576829372226,1,1,1,1
PETR4,1.015,90,2022-04-19,0,-0.050237004000049,1,1,1,1
PETR4,1.015,90,2022-04-20,0,-0.0318840539913639,1,1,1,1
PETR4,1.015,90,2022-04-22,1,0.0216883549379307,1,1,1,1
PETR4,1.015,90,2022-04-25,1,0.0491531264960036,1,1,1,1
PETR4,1.015,90,2022-04-26,1,0.0401712770922295,1,1,1,1
PETR4,1.015,90,2022-04-27,1,0.0374384500151121,1,1,1,1
PETR4,1.015,90,2022-04-28,1,0.0461789037710276,1,1,1,1
PETR4,1.015,90,2022-04-29,1,0.0772290451082937,1,1,1,1
PETR4,1.015,90,2022-05-02,1,0.0996015644357295,1,1,1,1
PETR4,1.015,90,2022-05-03,1,0.0823529103242595,1,1,1,1
PETR4,1.015,90,2022-05-04,1,0.0411820418264301,1,1,1,1
PETR4,1.015,90,2022-05-05,1,0.0373202538820542,1,1,1,1
PETR4,1.015,90,2022-05-06,1,0.0422018613163204,1,1,1,1
PETR4,1.015,90,2022-05-09,1,0.0642768700042513,1,1,1,1
PETR4,1.015,90,2022-05-10,1,0.0640634818439154,1,1,1,1
PETR4,1.015,90,2022-05-11,1,0.056524349180087,1,1,1,1
PETR4,1.015,90,2022-05-12,1,0.0304985636578332,1,0,1,0
PETR4,1.015,90,2022-05-13,1,0.0259854022935739,1,0,1,0
PETR4,1.015,90,2022-05-16,0,-0.0048571406257958,1,1,1,1
PETR4,1.015,90,2022-05-17,1,0.0623171632250512,0,1,1,0
PETR4,1.015,90,2022-05-18,1,0.0832339327988547,1,0,1,0
PETR4,1.015,90,2022-05-19,1,0.0497253738922032,1,0,1,0
PETR4,1.015,90,2022-05-20,1,0.0321205244427944,1,1,1,1
PETR4,1.015,90,2022-05-23,1,0.0435897979611328,1,1,1,1
PETR4,1.015,90,2022-05-24,1,0.0271293644117427,1,1,1,1
PETR4,1.015,90,2022-05-25,1,0.0168644612929524,1,1,1,1
PETR4,1.015,90,2022-05-26,0,-0.0662519844195982,1,1,1,1
PETR4,1.015,90,2022-05-27,0,-0.0350193873962222,0,1,1,0
PETR4,1.015,90,2022-05-30,0,-0.0042749222714496,1,0,1,0
PETR4,1.015,90,2022-05-31,1,0.0210702743872608,0,0,1,0
PETR4,1.015,90,2022-06-01,1,0.0443777285567901,1,0,1,0
PETR4,1.015,90,2022-06-02,1,0.0535173795336338,1,1,1,1
PETR4,1.015,90,2022-06-03,1,0.0262295360156534,1,1,1,1
PETR4,1.015,90,2022-06-06,1,0.0367671837310432,1,1,1,1
PETR4,1.015,90,2022-06-07,1,0.0239973860307252,1,1,1,1
PETR4,1.015,90,2022-06-08,0,-0.0298263020560204,1,1,1,1
PETR4,1.015,90,2022-06-09,0,-0.0309896368775448,1,1,1,1
PETR4,1.015,90,2022-06-10,1,0.0423845279812666,1,1,1,1
PETR4,1.015,90,2022-06-13,1,0.0198921004569812,1,1,1,1
PETR4,1.015,90,2022-06-14,0,-0.0976667365012742,1,1,1,1
PETR4,1.015,90,2022-06-15,0,-0.0418885122928658,1,1,1,1
PETR4,1.015,90,2022-06-17,1,0.0857033294464608,1,1,1,1
PETR4,1.015,90,2022-06-20,0,-0.0543164866351434,1,0,1,0
PETR4,1.015,90,2022-06-21,1,0.0560571764896322,1,1,1,1
PETR4,1.015,90,2022-06-22,1,0.0685693043248565,1,1,1,1
PETR4,1.015,90,2022-06-23,1,0.0773542245484391,1,1,1,1
PETR4,1.015,90,2022-06-24,1,0.0749440359244058,1,1,1,1
PETR4,1.015,90,2022-06-27,0,-0.0017494622641642,1,1,1,1
PETR4,1.015,90,2022-06-28,1,0.0280899169376571,1,1,1,1
PETR4,1.015,90,2022-06-29,1,0.0589511945685257,1,1,1,1
PETR4,1.015,90,2022-06-30,1,0.0427350461597961,1,1,1,1
PETR4,1.015,90,2022-07-01,1,0.0259285503819022,1,1,1,1
PETR4,1.015,90,2022-07-04,0,-0.0034601820165686,0,1,1,0
PETR4,1.015,90,2022-07-05,1,0.0287642483322256,1,1,1,1
PETR4,1.015,90,2022-07-06,1,0.034642874249803,1,1,1,1
PETR4,1.015,90,2022-07-07,1,0.0154223905419161,1,1,1,1
PETR4,1.015,90,2022-07-08,1,0.0165960332731158,1,1,1,1
PETR4,1.015,90,2022-07-11,0,-0.0120141090439628,1,1,1,1
PETR4,1.015,90,2022-07-12,1,0.0199075205139762,1,1,1,1
PETR4,1.015,90,2022-07-13,1,0.0442856922418646,1,1,1,1
PETR4,1.015,90,2022-07-14,1,0.0555956468125176,1,1,1,1
PETR4,1.015,90,2022-07-15,1,0.0299401373220014,1,1,1,1
PETR4,1.015,90,2022-07-18,1,0.0322241185426852,1,1,1,1
PETR4,1.015,90,2022-07-19,1,0.057791544378166,1,1,1,1
PETR4,1.015,90,2022-07-20,1,0.0910972379119239,1,1,1,1
PETR4,1.015,90,2022-07-21,1,0.0888429046010539,1,1,1,1
PETR4,1.015,90,2022-07-22,1,0.1019926070373362,1,1,1,1
PETR4,1.015,90,2022-07-25,1,0.1108974999780016,1,1,1,1
PETR4,1.015,90,2022-07-26,1,0.1073482531018863,1,1,1,1
PETR4,1.015,90,2022-07-27,1,0.0971826749948781,1,1,1,1
PETR4,1.015,90,2022-07-28,1,0.0315476679223305,1,1,1,1
PETR4,1.015,90,2022-07-29,0,0.0061764380405044,1,1,1,1
PETR4,1.015,90,2022-08-01,1,0.038199624264243,1,1,1,1
PETR4,1.015,90,2022-08-02,1,0.0811526138098617,1,1,1,1
PETR4,1.015,90,2022-08-03,1,0.0991784388634826,1,1,1,1
PETR4,1.015,90,2022-08-04,1,0.1024890533800475,1,0,1,0
PETR4,1.015,90,2022-08-05,1,0.0774046309629923,1,1,1,1
PETR4,1.015,90,2022-08-08,1,0.0561819826256146,1,1,1,1
PETR4,1.015,90,2022-08-09,1,0.051275441423783,1,0,1,0
PETR4,1.015,90,2022-08-10,1,0.0568897511704313,1,1,1,1
PETR4,1.015,90,2022-08-11,1,0.127835077642902,1,1,1,1
PETR4,1.015,90,2022-08-12,1,0.0900258981269133,1,1,1,1
PETR4,1.015,90,2022-08-15,1,0.061160101969897,1,1,1,1
PETR4,1.015,90,2022-08-16,1,0.0635071090596166,1,1,1,1
PETR4,1.015,90,2022-08-17,1,0.0169183979280445,1,1,1,1
PETR4,1.015,90,2022-08-18,1,0.0364520260971654,1,1,1,1
PETR4,1.015,90,2022-08-19,1,0.0825456760041689,1,1,1,1
PETR4,1.015,90,2022-08-22,1,0.0530186810806003,1,1,1,1
PETR4,1.015,90,2022-08-23,1,0.0459153084354475,1,1,1,1
PETR4,1.015,90,2022-08-24,1,0.0287390178715221,1,1,1,1
PETR4,1.015,90,2022-08-25,1,0.054086512784427,1,1,1,1
PETR4,1.015,90,2022-08-26,1,0.0456035781185797,1,1,1,1
PETR4,1.015,90,2022-08-29,1,0.0167647128251962,1,1,1,1
PETR4,1.015,90,2022-08-30,1,0.0779544504632572,1,1,1,1
PETR4,1.015,90,2022-08-31,1,0.0362709865394148,1,1,1,1
PETR4,1.015,90,2022-09-01,0,-0.0766550635733313,1,1,1,1
PETR4,1.015,90,2022-09-02,0,-0.0608566900265176,1,1,1,1
PETR4,1.015,90,2022-09-05,1,0.0158041528155159,1,1,1,1
PETR4,1.015,90,2022-09-06,0,-0.0513772800123407,1,1,0,0
PETR4,1.015,90,2022-09-08,0,-0.0421668223654956,1,0,1,0
PETR4,1.015,90,2022-09-09,1,0.0180404249283696,1,0,1,0
PETR4,1.015,90,2022-09-12,1,0.0161603294962229,1,1,1,1
PETR4,1.015,90,2022-09-13,1,0.022113861795306,1,1,0,0
PETR4,1.015,90,2022-09-14,1,0.0219922183305052,0,1,1,0
PETR4,1.015,90,2022-09-15,1,0.02397924859586,1,1,1,1
PETR4,1.015,90,2022-09-16,1,0.0518033072899739,1,1,1,1
PETR4,1.015,90,2022-09-19,1,0.021005746876735,0,1,1,0
PETR4,1.015,90,2022-09-20,1,0.0232854928943078,1,1,1,1
PETR4,1.015,90,2022-09-21,1,0.0190597314038847,1,1,1,1
PETR4,1.015,90,2022-09-22,0,-0.0654533683167152,1,1,1,1
PETR4,1.015,90,2022-09-23,1,0.0161507370059663,1,1,1,1
PETR4,1.015,90,2022-09-26,1,0.019732410275971,1,1,1,1
PETR4,1.015,90,2022-09-27,1,0.1001011064270671,1,1,1,1
PETR4,1.015,90,2022-09-28,1,0.1376336598917673,1,1,1,1
PETR4,1.015,90,2022-09-29,1,0.12867899515059,1,1,1,1
PETR4,1.015,90,2022-09-30,1,0.0589157018650434,1,1,1,1
PETR4,1.015,90,2022-10-03,1,0.0431610640237285,1,1,1,1
PETR4,1.015,90,2022-10-04,1,0.0926456393174384,1,1,1,1
PETR4,1.015,90,2022-10-05,1,0.0399999777890498,1,1,1,1
PETR4,1.015,90,2022-10-06,1,0.0270994347324697,0,1,1,0
PETR4,1.015,90,2022-10-07,1,0.0249628346110242,1,1,1,1
PETR4,1.015,90,2022-10-10,1,0.0486469965297433,1,1,1,1
PETR4,1.015,90,2022-10-11,1,0.0612307470077275,1,1,1,1
PETR4,1.015,90,2022-10-13,1,0.046806013476607,1,1,1,1
PETR4,1.015,90,2022-10-14,1,0.0995788338659466,1,1,1,1
PETR4,1.015,90,2022-10-17,1,0.1324483887903831,1,1,1,1
PETR4,1.015,90,2022-10-18,1,0.1248169005902617,1,1,1,1
PETR4,1.015,90,2022-10-19,1,0.0634349127770901,1,1,1,1
PETR4,1.015,90,2022-10-20,1,0.0532236022808871,1,1,1,1
PETR4,1.015,90,2022-10-21,0,-0.0969862988941068,1,1,1,1
PETR4,1.015,90,2022-10-24,0,-0.0431844846459501,1,1,1,1
PETR4,1.015,90,2022-10-25,1,0.0288343856912449,1,0,1,0
PETR4,1.015,90,2022-10-26,1,0.0222493201230509,0,0,1,0
PETR4,1.015,90,2022-10-27,0,-0.08409784810272,1,1,1,1
PETR4,1.015,90,2022-10-28,1,0.0323423688599895,1,1,1,1
PETR4,1.015,90,2022-10-31,0,-0.1118744293595016,1,0,1,0
PETR4,1.015,90,2022-11-01,1,0.0369127838672738,0,1,1,0
PETR4,1.015,90,2022-11-03,0,-0.126623417187206,1,0,1,0
PETR4,1.015,90,2022-11-04,0,-0.0658083163194854,1,1,1,1
PETR4,1.015,90,2022-11-07,1,0.0328898118170513,0,0,1,0
PETR4,1.015,90,2022-11-08,1,0.037937433174642,0,0,1,0
PETR4,1.015,90,2022-11-09,1,0.0805214817679376,1,0,1,0
PETR4,1.015,90,2022-11-10,1,0.0922480883877541,1,1,1,1
PETR4,1.015,90,2022-11-11,1,0.0337490926208658,1,1,1,1
PETR4,1.015,90,2022-11-14,0,-0.0370370175140472,1,1,1,1
PETR4,1.015,90,2022-11-16,1,0.0222221664206381,1,1,1,1
PETR4,1.015,90,2022-11-17,0,-0.0222566128530796,1,1,1,1
PETR4,1.015,90,2022-11-18,1,0.0379885885588024,1,1,1,1
PETR4,1.015,90,2022-11-21,1,0.0708695524277012,1,1,1,1
PETR4,1.015,90,2022-11-22,1,0.0708695524277012,1,1,1,1
PETR4,1.015,90,2022-11-23,1,0.1003401195926365,1,1,1,1
PETR4,1.015,90,2022-11-24,1,0.0989283156267897,1,1,1,1
PETR4,1.015,90,2022-11-25,1,0.1327695697555571,1,1,1,1
PETR4,1.015,90,2022-11-28,1,0.0890244517609175,1,1,1,1
PETR4,1.015,90,2022-11-29,1,0.0464843792322313,1,1,1,1
PETR4,1.015,90,2022-11-30,0,-0.0353649141660155,1,1,1,1
PETR4,1.015,90,2022-12-01,1,0.0346438397097088,1,1,1,1
PETR4,1.015,90,2022-12-02,1,0.022307660764316,1,1,1,1
PETR4,1.015,90,2022-12-05,1,0.0220758979064079,1,1,1,1
PETR4,1.015,90,2022-12-06,1,0.0288082059442886,1,1,1,1
PETR4,1.015,90,2022-12-07,0,-0.0872798250736399,1,1,1,1
PETR4,1.015,90,2022-12-08,0,-0.1408563293412716,1,1,1,1
PETR4,1.015,90,2022-12-09,0,-0.1033360667414244,1,1,1,1
PETR4,1.015,90,2022-12-12,0,-0.0850622512913706,1,1,1,1
PETR4,1.015,90,2022-12-13,0,-0.005333360315561,1,1,1,1
PETR4,1.015,90,2022-12-14,1,0.1066666188234319,1,1,1,1
PETR4,1.015,90,2022-12-15,1,0.080145709516201,0,1,1,0
PETR4,1.015,90,2022-12-16,1,0.1113121994028483,1,1,1,1
PETR4,1.015,90,2022-12-19,1,0.1263956806142416,1,0,1,0
PETR4,1.015,90,2022-12-20,1,0.0765957920019833,1,1,1,1
PETR4,1.015,90,2022-12-21,1,0.0589958470267055,1,1,1,1
PETR4,1.015,90,2022-12-22,1,0.0493162103938784,1,1,1,1
PETR4,1.015,90,2022-12-23,0,-0.0246815472607976,1,1,1,1
PETR4,1.02,60,2020-04-22,0,0.002907023919598,1,1,1,1
PETR4,1.02,60,2020-04-23,1,0.1072496936241176,1,1,1,1
PETR4,1.02,60,2020-04-24,1,0.144981405668146,1,0,1,0
PETR4,1.02,60,2020-04-27,1,0.0845069560830893,1,1,1,1
PETR4,1.02,60,2020-04-28,1,0.0382021499655578,1,1,1,1
PETR4,1.02,60,2020-04-29,1,0.0278085666627887,1,1,1,1
PETR4,1.02,60,2020-04-30,1,0.0602407802116999,1,1,1,1
PETR4,1.02,60,2020-05-04,1,0.0379889216983171,1,1,1,1
PETR4,1.02,60,2020-05-05,1,0.0593171999291648,1,1,1,1
PETR4,1.02,60,2020-05-06,1,0.0664788575486343,1,1,1,1
PETR4,1.02,60,2020-05-07,1,0.0670799178249585,1,1,1,1
PETR4,1.02,60,2020-05-08,1,0.0344260879153188,1,1,1,1
PETR4,1.02,60,2020-05-11,0,-0.0744738058555812,1,1,1,1
PETR4,1.02,60,2020-05-12,0,0.0153341664049888,1,1,1,1
PETR4,1.02,60,2020-05-13,1,0.0879309545069753,1,1,1,1
PETR4,1.02,60,2020-05-14,1,0.0806003418315148,1,0,1,0
PETR4,1.02,60,2020-05-15,1,0.0922651612400966,1,1,1,1
PETR4,1.02,60,2020-05-18,1,0.0680714034989544,1,1,1,1
PETR4,1.02,60,2020-05-19,1,0.035620830404597,1,1,1,1
PETR4,1.02,60,2020-05-20,1,0.0302563143860075,1,1,1,1
PETR4,1.02,60,2020-05-21,1,0.0686169933976437,1,0,1,0
PETR4,1.02,60,2020-05-22,1,0.0313140539654954,1,1,1,1
PETR4,1.02,60,2020-05-25,0,0.0180180422799871,1,1,1,1
PETR4,1.02,60,2020-05-26,1,0.0383838527951476,1,1,1,1
PETR4,1.02,60,2020-05-27,1,0.0868462317950209,1,1,1,1
PETR4,1.02,60,2020-05-28,1,0.120716069065146,1,1,1,1
PETR4,1.02,60,2020-05-29,1,0.0873448918647057,1,1,1,1
PETR4,1.02,60,2020-06-01,1,0.1098793864624998,1,1,1,1
PETR4,1.02,60,2020-06-02,1,0.0535223310601669,1,1,1,1
PETR4,1.02,60,2020-06-03,1,0.0766712675108134,1,1,1,1
PETR4,1.02,60,2020-06-04,1,0.0331986179337593,1,1,1,1
PETR4,1.02,60,2020-06-05,0,-0.0864745645982563,1,1,1,1
PETR4,1.02,60,2020-06-08,0,-0.0603721659282762,1,1,1,1
PETR4,1.02,60,2020-06-09,0,-0.0237551860048348,1,1,1,1
PETR4,1.02,60,2020-06-10,1,0.0625605891186835,1,1,1,1
PETR4,1.02,60,2020-06-12,1,0.1060070899326826,1,1,1,1
PETR4,1.02,60,2020-06-15,1,0.0306123388057701,1,1,1,1
PETR4,1.02,60,2020-06-16,1,0.0344506793207464,1,1,1,1
PETR4,1.02,60,2020-06-17,1,0.0491030301452115,1,1,1,1
PETR4,1.02,60,2020-06-18,0,-0.0454545176613091,1,1,1,1
PETR4,1.02,60,2020-06-19,1,0.021759269062189,1,1,1,1
PETR4,1.02,60,2020-06-22,1,0.0400565652864548,1,1,1,1
PETR4,1.02,60,2020-06-23,0,0.0079105963337711,1,1,1,1
PETR4,1.02,60,2020-06-24,1,0.0425633478118987,1,1,1,1
PETR4,1.02,60,2020-06-25,1,0.0490334162424885,1,1,1,1
PETR4,1.02,60,2020-06-26,1,0.0545022994188575,1,1,1,1
PETR4,1.02,60,2020-06-29,1,0.0426428940302974,1,1,1,1
PETR4,1.02,60,2020-06-30,1,0.0510344454365885,1,1,1,1
PETR4,1.02,60,2020-07-01,1,0.0343891523900985,1,1,1,1
PETR4,1.02,60,2020-07-02,1,0.0414578272901293,1,1,1,1
PETR4,1.02,60,2020-07-03,1,0.0209915254059085,1,1,1,1
PETR4,1.02,60,2020-07-06,1,0.0210385081005113,1,1,1,1
PETR4,1.02,60,2020-07-07,0,-0.012917593920808,1,0,1,0
PETR4,1.02,60,2020-07-08,0,0.0052676869876084,1,1,1,1
PETR4,1.02,60,2020-07-09,1,0.0558811186680954,1,1,1,1
PETR4,1.02,60,2020-07-10,1,0.0362672536887196,1,1,1,1
PETR4,1.02,60,2020-07-13,1,0.0587438283283716,0,0,1,0
PETR4,1.02,60,2020-07-14,0,-0.0198276761796528,1,1,1,1
PETR4,1.02,60,2020-07-15,0,0.0090672721195177,1,1,1,1
PETR4,1.02,60,2020-07-16,1,0.0337276305722313,1,0,1,0
PETR4,1.02,60,2020-07-17,1,0.0396476306088833,1,1,1,1
PETR4,1.02,60,2020-07-20,0,-0.0181239297292239,1,1,1,1
PETR4,1.02,60,2020-07-21,0,-0.0042728634059212,1,1,1,1
PETR4,1.02,60,2020-07-22,0,-0.0155440557454417,1,0,1,0
PETR4,1.02,60,2020-07-23,1,0.0346050802139437,1,0,1,0
PETR4,1.02,60,2020-07-24,0,-0.002186264179176,1,1,1,1
PETR4,1.02,60,2020-07-27,0,-0.0364583219302099,1,1,1,1
PETR4,1.02,60,2020-07-28,0,-0.0534086229706406,0,0,1,0
PETR4,1.02,60,2020-07-29,0,-0.0497381707311704,1,0,1,0
PETR4,1.02,60,2020-07-30,0,0.0113438319362748,1,0,0,0
PETR4,1.02,60,2020-07-31,1,0.0439218842246185,0,0,0,1
PETR4,1.02,60,2020-08-03,1,0.0964585465518885,1,1,1,1
PETR4,1.02,60,2020-08-04,1,0.0584795224323864,1,1,1,1
PETR4,1.02,60,2020-08-05,1,0.0257731243932881,1,1,1,1
PETR4,1.02,60,2020-08-06,1,0.0446194194832698,0,0,0,1
PETR4,1.02,60,2020-08-07,1,0.0427946697901173,0,0,0,1
PETR4,1.02,60,2020-08-10,0,-0.043863313204523,0,1,1,0
PETR4,1.02,60,2020-08-11,0,-0.0325343572573159,0,0,1,0
PETR4,1.02,60,2020-08-12,0,-0.0183368657117317,0,1,1,0
PETR4,1.02,60,2020-08-13,1,0.0241545223046959,0,0,1,0
PETR4,1.02,60,2020-08-14,1,0.0282187076994067,1,1,1,1
PETR4,1.02,60,2020-08-17,0,-0.0161361381796891,1,1,1,1
PETR4,1.02,60,2020-08-18,0,0.0008714279622725,1,1,1,1
PETR4,1.02,60,2020-08-19,1,0.0279750845433317,1,1,1,1
PETR4,1.02,60,2020-08-20,1,0.0270629836898488,1,1,1,1
PETR4,1.02,60,2020-08-21,0,-0.0310585924467038,1,1,1,1
PETR4,1.02,60,2020-08-24,0,-0.0238197708992099,1,1,1,1
PETR4,1.02,60,2020-08-25,0,-0.0390693426912408,1,0,1,0
PETR4,1.02,60,2020-08-26,1,0.0255376864539942,1,0,1,0
PETR4,1.02,60,2020-08-27,1,0.038202294401777,1,1,1,1
PETR4,1.02,60,2020-08-28,1,0.0358423484498409,1,1,1,1
PETR4,1.02,60,2020-08-31,1,0.0414414496297004,1,1,1,1
PETR4,1.02,60,2020-09-01,0,-0.0292193983295993,1,1,1,1
PETR4,1.02,60,2020-09-02,1,0.022556388740814,1,1,1,1
PETR4,1.02,60,2020-09-03,0,-0.0382609387307091,1,1,1,1
PETR4,1.02,60,2020-09-04,0,-0.0275554515292906,1,1,1,1
PETR4,1.02,60,2020-09-08,0,-0.0360159667566086,1,1,1,1
PETR4,1.02,60,2020-09-09,0,-0.0403011017949909,1,1,1,1
PETR4,1.02,60,2020-09-10,0,-0.017630994549549,1,0,1,0
PETR4,1.02,60,2020-09-11,0,0.0095715942867793,0,0,1,0
PETR4,1.02,60,2020-09-14,0,-0.0150136375646784,1,1,1,1
PETR4,1.02,60,2020-09-15,0,-0.0434782943281044,1,1,1,1
PETR4,1.02,60,2020-09-16,1,0.0306833821355105,0,0,1,0
PETR4,1.02,60,2020-09-17,0,-0.0800363788514509,1,1,1,1
PETR4,1.02,60,2020-09-18,0,-0.0418036422499988,1,1,1,1
PETR4,1.02,60,2020-09-21,0,-0.0395993186240981,1,1,1,1
PETR4,1.02,60,2020-09-22,0,-0.0562499747376964,1,1,0,0
PETR4,1.02,60,2020-09-23,1,0.023221412747818,1,0,0,0
PETR4,1.02,60,2020-09-24,1,0.0203474069648286,0,0,0,1
PETR4,1.02,60,2020-09-25,0,-0.0236103977523201,1,0,0,0
PETR4,1.02,60,2020-09-28,1,0.021905220540078,1,1,0,0
PETR4,1.02,60,2020-09-29,1,0.0338461294368095,1,1,0,0
PETR4,1.02,60,2020-09-30,1,0.0539715823146123,0,1,1,0
PETR4,1.02,60,2020-10-01,1,0.0491637106908913,1,1,1,1
PETR4,1.02,60,2020-10-02,1,0.069214968807024,1,1,1,1
PETR4,1.02,60,2020-10-05,0,-0.032730866689798,1,1,1,1
PETR4,1.02,60,2020-10-06,1,0.0295000215226755,1,1,1,1
PETR4,1.02,60,2020-10-07,1,0.0274450333279576,1,1,1,1
PETR4,1.02,60,2020-10-08,0,-0.0290069025790472,0,1,1,0
PETR4,1.02,60,2020-10-09,1,0.023103971418408,0,1,1,0
PETR4,1.02,60,2020-10-13,0,-0.0283723796149936,1,1,1,1
PETR4,1.02,60,2020-10-14,1,0.033129541417626,0,1,1,0
PETR4,1.02,60,2020-10-15,1,0.0335536127262254,0,1,0,0
PETR4,1.02,60,2020-10-16,1,0.0736733755814722,0,1,1,0
PETR4,1.02,60,2020-10-19,1,0.0747332019510054,1,1,1,1
PETR4,1.02,60,2020-10-20,1,0.0486111782990374,1,1,1,1
PETR4,1.02,60,2020-10-21,1,0.0517414227184693,1,1,1,1
PETR4,1.02,60,2020-10-22,0,-0.108405109836036,1,1,1,1
PETR4,1.02,60,2020-10-23,0,-0.0511558893661155,0,0,0,1
PETR4,1.02,60,2020-10-26,0,-0.0651529662894865,0,1,1,0
PETR4,1.02,60,2020-10-27,1,0.0284236935716306,1,0,1,0
PETR4,1.02,60,2020-10-28,1,0.0889853951200285,1,1,1,1
PETR4,1.02,60,2020-10-29,1,0.0485894193537503,1,1,1,1
PETR4,1.02,60,2020-10-30,1,0.0287032169211118,1,1,1,1
PETR4,1.02,60,2020-11-03,1,0.1339330340711808,1,1,1,1
PETR4,1.02,60,2020-11-04,1,0.1604010755943514,1,1,1,1
PETR4,1.02,60,2020-11-05,1,0.1948849589672419,0,1,1,0
PETR4,1.02,60,2020-11-06,1,0.1065845802493974,1,1,1,1
PETR4,1.02,60,2020-11-09,1,0.0671540465320925,0,1,1,0
PETR4,1.02,60,2020-11-10,0,-0.0025696437251336,1,1,1,1
PETR4,1.02,60,2020-11-11,1,0.0615655018459815,0,0,0,1
PETR4,1.02,60,2020-11-12,1,0.0962761258024538,1,0,0,0
PETR4,1.02,60,2020-11-13,1,0.0405172167622318,0,1,0,0
PETR4,1.02,60,2020-11-16,1,0.0472884597063361,1,1,0,0
PETR4,1.02,60,2020-11-17,1,0.0462693479920479,1,1,1,1
PETR4,1.02,60,2020-11-18,1,0.1324841168170603,1,1,1,1
PETR4,1.02,60,2020-11-19,1,0.1187080358218455,1,1,1,1
PETR4,1.02,60,2020-11-20,1,0.1089396559728215,1,1,1,1
PETR4,1.02,60,2020-11-23,1,0.0401716557164164,1,1,1,1
PETR4,1.02,60,2020-11-24,0,-0.0496183152217094,1,1,1,1
PETR4,1.02,60,2020-11-25,0,-0.013107211474887,1,1,1,1
PETR4,1.02,60,2020-11-26,1,0.0223766385143375,1,1,0,0
PETR4,1.02,60,2020-11-27,1,0.0645288839505737,0,0,0,1
PETR4,1.02,60,2020-11-30,1,0.0854330716480216,1,0,1,0
PETR4,1.02,60,2020-12-01,1,0.085546849189031,1,1,1,1
PETR4,1.02,60,2020-12-02,1,0.062715141554414,1,1,1,1
PETR4,1.02,60,2020-12-03,1,0.0220668746917995,0,1,1,0
PETR4,1.02,60,2020-12-04,1,0.034103466641937,1,1,1,1
PETR4,1.02,60,2020-12-07,1,0.0518462555837477,1,1,1,1
PETR4,1.02,60,2020-12-08,1,0.0615845820517182,1,1,1,1
PETR4,1.02,60,2020-12-09,1,0.0397203991816694,1,1,1,1
PETR4,1.02,60,2020-12-10,1,0.0283739001858107,1,1,1,1
PETR4,1.02,60,2020-12-11,0,0.0074918800473757,1,1,1,1
PETR4,1.02,60,2020-12-14,1,0.0212230351155142,1,1,1,1
PETR4,1.02,60,2020-12-15,0,-0.0298025755965194,1,1,1,1
PETR4,1.02,60,2020-12-16,0,-0.0360423993836949,1,1,1,1
PETR4,1.02,60,2020-12-17,0,-0.005338063598401,1,0,1,0
PETR4,1.02,60,2020-12-18,1,0.0489149303032525,0,0,1,0
PETR4,1.02,60,2020-12-21,1,0.0485293786737095,1,0,1,0
PETR4,1.02,60,2020-12-22,1,0.0397374790767779,1,0,1,0
PETR4,1.02,60,2020-12-23,1,0.0289139779629279,1,1,1,1
PETR4,1.02,60,2020-12-28,1,0.0634248912798758,1,0,1,0
PETR4,1.02,60,2020-12-29,1,0.089947081787943,1,1,1,1
PETR4,1.02,60,2020-12-30,1,0.0872600340846119,1,1,1,1
PETR4,1.02,60,2021-01-04,1,0.098961940615295,1,1,1,1
PETR4,1.02,60,2021-01-05,1,0.053050476550895,0,1,1,0
PETR4,1.02,60,2021-01-06,1,0.0468029723583443,1,0,1,0
PETR4,1.02,60,2021-01-07,0,-0.0734265237166422,1,1,1,1
PETR4,1.02,60,2021-01-08,1,0.0310355226722287,1,1,1,1
PETR4,1.02,60,2021-01-11,0,-0.0964010836980726,1,0,1,0
PETR4,1.02,60,2021-01-12,0,-0.0850717360350672,1,1,1,1
PETR4,1.02,60,2021-01-13,0,-0.016455240162716,1,1,1,1
PETR4,1.02,60,2021-01-14,0,-0.0289156517716615,1,1,0,0
PETR4,1.02,60,2021-01-15,1,0.0286117659356985,1,0,0,0
PETR4,1.02,60,2021-01-18,1,0.0224719193995492,0,0,0,1
PETR4,1.02,60,2021-01-19,0,-0.0673575574925343,1,1,0,0
PETR4,1.02,60,2021-01-20,0,-0.0228408374889734,1,1,1,1
PETR4,1.02,60,2021-01-21,1,0.0564425724660078,0,1,0,0
PETR4,1.02,60,2021-01-22,1,0.0440367010971873,0,1,1,0
PETR4,1.02,60,2021-01-26,1,0.0611711081597603,1,1,0,0
PETR4,1.02,60,2021-01-27,1,0.0666177738814544,1,1,1,1
PETR4,1.02,60,2021-01-28,1,0.058866212819413,1,1,1,1
PETR4,1.02,60,2021-01-29,1,0.068965474701877,1,1,1,1
PETR4,1.02,60,2021-02-01,1,0.0595070696468591,0,1,1,0
PETR4,1.02,60,2021-02-02,1,0.0383023367754697,1,1,1,1
PETR4,1.02,60,2021-02-03,1,0.0437045195378187,1,1,1,1
PETR4,1.02,60,2021-02-04,1,0.0383023367754697,1,1,1,1
PETR4,1.02,60,2021-02-05,1,0.0277095698779759,1,1,1,1
PETR4,1.02,60,2021-02-08,0,0.013903776910386,0,1,1,0
PETR4,1.02,60,2021-02-09,1,0.0670511756331748,1,1,1,1
PETR4,1.02,60,2021-02-10,1,0.0987917516010608,1,1,1,1
PETR4,1.02,60,2021-02-11,1,0.1118302641819366,1,1,1,1
PETR4,1.02,60,2021-02-12,1,0.0841514822426843,0,1,1,0
PETR4,1.02,60,2021-02-17,0,-0.2080316614606753,1,1,1,1
PETR4,1.02,60,2021-02-18,0,-0.129504126202876,1,0,1,0
PETR4,1.02,60,2021-02-19,1,0.1074561342051942,1,1,1,1
PETR4,1.02,60,2021-02-22,1,0.0954447126835398,0,1,1,0
PETR4,1.02,60,2021-02-23,1,0.0285132971553687,1,1,1,1
PETR4,1.02,60,2021-02-24,0,-0.1203999989238662,1,1,1,1
PETR4,1.02,60,2021-02-25,0,-0.0866378953584631,1,1,1,1
PETR4,1.02,60,2021-02-26,0,-0.0254387021969734,0,1,1,0
PETR4,1.02,60,2021-03-01,1,0.0631868267234954,1,1,1,1
PETR4,1.02,60,2021-03-02,1,0.065137557219737,0,0,1,0
PETR4,1.02,60,2021-03-03,1,0.0901408873209306,1,0,1,0
PETR4,1.02,60,2021-03-04,1,0.0347592913714933,1,1,1,1
PETR4,1.02,60,2021-03-05,1,0.0706473356615231,1,1,1,1
PETR4,1.02,60,2021-03-08,1,0.0997191743154943,1,1,1,1
PETR4,1.02,60,2021-03-09,1,0.0788515374390566,1,1,1,1
PETR4,1.02,60,2021-03-10,1,0.0468611132833465,1,1,1,1
PETR4,1.02,60,2021-03-11,1,0.0423326708699991,1,1,1,1
PETR4,1.02,60,2021-03-12,1,0.0441368810979265,1,1,1,1
PETR4,1.02,60,2021-03-15,1,0.0211596274518846,1,1,1,1
PETR4,1.02,60,2021-03-16,1,0.0427831765158455,1,1,1,1
PETR4,1.02,60,2021-03-17,0,-0.0452260365335694,1,1,1,1
PETR4,1.02,60,2021-03-18,1,0.033089840924009,1,1,1,1
PETR4,1.02,60,2021-03-19,0,-0.0206838604648917,1,1,1,1
PETR4,1.02,60,2021-03-22,1,0.0306430473812928,1,1,1,1
PETR4,1.02,60,2021-03-23,1,0.0297542111520974,1,0,1,0
PETR4,1.02,60,2021-03-24,1,0.056828122761604,1,1,1,1
PETR4,1.02,60,2021-03-25,1,0.0319421337513206,0,1,1,0
PETR4,1.02,60,2021-03-26,1,0.0449871700496844,1,1,1,1
PETR4,1.02,60,2021-03-29,1,0.0317257998665645,1,1,1,1
PETR4,1.02,60,2021-03-30,1,0.0247899341927801,1,1,1,1
PETR4,1.02,60,2021-03-31,0,-0.0119389817987084,1,1,1,1
PETR4,1.02,60,2021-04-01,0,-0.0178202579760587,1,1,1,1
PETR4,1.02,60,2021-04-05,0,-0.0219190465892045,1,1,1,1
PETR4,1.02,60,2021-04-06,0,-0.0020885489697868,1,1,1,1
PETR4,1.02,60,2021-04-07,0,-0.0004169289125686,1,1,1,1
PETR4,1.02,60,2021-04-08,1,0.0459574935757534,1,0,1,0
PETR4,1.02,60,2021-04-09,1,0.0278127068050666,1,1,1,1
PETR4,1.02,60,2021-04-12,1,0.0269555129978606,1,1,1,1
PETR4,1.02,60,2021-04-13,1,0.0628850332373001,0,1,1,0
PETR4,1.02,60,2021-04-14,1,0.0502109302570816,1,1,1,1
PETR4,1.02,60,2021-04-15,1,0.0760917384597092,0,1,1,0
PETR4,1.02,60,2021-04-16,1,0.0845315605724039,1,1,1,1
PETR4,1.02,60,2021-04-19,0,-0.0226059422403898,1,1,1,1
PETR4,1.02,60,2021-04-20,0,-0.0430820900039322,1,0,1,0
PETR4,1.02,60,2021-04-22,0,0.0025125747977492,1,1,1,1
PETR4,1.02,60,2021-04-23,0,-0.0096435154801359,1,1,1,1
PETR4,1.02,60,2021-04-26,0,-0.0083962091578093,1,1,1,1
PETR4,1.02,60,2021-04-27,1,0.0380342288033601,1,1,1,1
PETR4,1.02,60,2021-04-28,0,-0.050994995845274,1,1,1,1
PETR4,1.02,60,2021-04-29,1,0.0235042455720417,1,1,1,1
PETR4,1.02,60,2021-04-30,0,-0.0126049656090858,1,1,1,1
PETR4,1.02,60,2021-05-03,1,0.0386575092952425,1,1,1,1
PETR4,1.02,60,2021-05-04,1,0.0781183485023468,0,1,1,0
PETR4,1.02,60,2021-05-05,1,0.0615774148070393,1,1,1,1
PETR4,1.02,60,2021-05-06,1,0.0799491997977022,1,1,1,1
PETR4,1.02,60,2021-05-07,1,0.0294354917016181,1,1,1,1
PETR4,1.02,60,2021-05-10,1,0.0793781829298561,1,0,1,0
PETR4,1.02,60,2021-05-11,1,0.0685370046741278,1,1,1,1
PETR4,1.02,60,2021-05-12,1,0.0823909486914475,1,1,1,1
PETR4,1.02,60,2021-05-13,1,0.0387597495655438,1,1,1,1
PETR4,1.02,60,2021-05-14,0,-0.0140685072121189,1,1,1,1
PETR4,1.02,60,2021-05-17,0,-0.0280898992805616,0,0,0,1
PETR4,1.02,60,2021-05-18,1,0.025918760189721,0,0,0,1
PETR4,1.02,60,2021-05-19,0,-0.0118547405709186,0,0,1,0
PETR4,1.02,60,2021-05-20,1,0.0207054948713221,1,0,1,0
PETR4,1.02,60,2021-05-21,0,-0.0140792138889913,1,0,1,0
PETR4,1.02,60,2021-05-24,1,0.0203928469823706,1,0,1,0
PETR4,1.02,60,2021-05-25,1,0.0497877131738404,1,0,1,0
PETR4,1.02,60,2021-05-26,1,0.062116609390211,1,0,1,0
PETR4,1.02,60,2021-05-27,1,0.0713740100571069,1,1,1,1
PETR4,1.02,60,2021-05-28,1,0.061572628035857,1,0,1,0
PETR4,1.02,60,2021-05-31,1,0.0445255214382931,1,0,1,0
PETR4,1.02,60,2021-06-01,1,0.0530164677382605,1,1,1,1
PETR4,1.02,60,2021-06-02,1,0.0363507339903745,1,1,1,1
PETR4,1.02,60,2021-06-04,1,0.0203508582829727,0,1,1,0
PETR4,1.02,60,2021-06-07,1,0.0323039068456438,1,1,1,1
PETR4,1.02,60,2021-06-08,1,0.0219359242314471,1,1,1,1
PETR4,1.02,60,2021-06-09,0,0.0069372510629086,1,1,1,1
PETR4,1.02,60,2021-06-10,0,0.0118056115806672,1,1,1,1
PETR4,1.02,60,2021-06-11,0,-0.0266436120189241,0,1,1,0
PETR4,1.02,60,2021-06-14,0,-0.0220994394432143,1,0,1,0
PETR4,1.02,60,2021-06-15,0,-0.004470447420739,0,1,1,0
PETR4,1.02,60,2021-06-16,0,0.0031023931064211,1,1,1,1
PETR4,1.02,60,2021-06-17,1,0.054285740518265,1,0,1,0
PETR4,1.02,60,2021-06-18,1,0.044014062114893,1,0,1,0
PETR4,1.02,60,2021-06-21,1,0.0272413954844319,1,1,1,1
PETR4,1.02,60,2021-06-22,0,-0.0068375282945439,1,1,1,1
PETR4,1.02,60,2021-06-23,0,-0.0105119775101812,1,1,1,1
PETR4,1.02,60,2021-06-24,0,-0.0087571985645288,1,0,1,0
PETR4,1.02,60,2021-06-25,1,0.0239890344254447,0,0,1,0
PETR4,1.02,60,2021-06-28,1,0.0271571143873998,1,0,0,0
PETR4,1.02,60,2021-06-29,1,0.0292800808709725,1,1,1,1
PETR4,1.02,60,2021-06-30,0,-0.0696032272031508,1,1,1,1
PETR4,1.02,60,2021-07-01,0,-0.0426620976567017,1,1,1,1
PETR4,1.02,60,2021-07-02,0,-0.0523957481162358,1,1,1,1
PETR4,1.02,60,2021-07-05,0,-0.0337978435887517,0,0,1,0
PETR4,1.02,60,2021-07-06,0,-0.0088810367640819,1,1,1,1
PETR4,1.02,60,2021-07-07,1,0.0291971002306419,1,1,1,1
PETR4,1.02,60,2021-07-08,1,0.0224800461199341,0,1,0,0
PETR4,1.02,60,2021-07-12,1,0.023222052560659,1,1,1,1
PETR4,1.02,60,2021-07-13,0,-0.0661921376838154,1,0,1,0
PETR4,1.02,60,2021-07-14,0,-0.0327392145282757,1,1,1,1
PETR4,1.02,60,2021-07-15,0,-0.0099154622294026,1,1,1,1
PETR4,1.02,60,2021-07-16,1,0.0489025621439545,0,1,1,0
PETR4,1.02,60,2021-07-19,1,0.040091578821416,1,0,1,0
PETR4,1.02,60,2021-07-20,1,0.0253826042255791,1,1,1,1
PETR4,1.02,60,2021-07-21,0,0.0055554611446149,0,1,1,0
PETR4,1.02,60,2021-07-22,1,0.0295201932901534,0,0,1,0
PETR4,1.02,60,2021-07-23,1,0.0441286122716564,1,1,1,1
PETR4,1.02,60,2021-07-26,1,0.0208409308457317,1,1,1,1
PETR4,1.02,60,2021-07-27,0,-0.0371855024421656,0,0,0,1
PETR4,1.02,60,2021-07-28,0,-0.0341727048192065,1,1,1,1
PETR4,1.02,60,2021-07-29,0,-0.0478260767039558,1,0,0,0
PETR4,1.02,60,2021-07-30,1,0.0654412503648971,0,0,0,1
PETR4,1.02,60,2021-08-02,1,0.0993929921892649,1,1,0,0
PETR4,1.02,60,2021-08-03,1,0.0915254935299119,1,1,1,1
PETR4,1.02,60,2021-08-04,0,-0.0163477906147179,1,1,0,0
PETR4,1.02,60,2021-08-05,0,0.0059648260238145,1,1,1,1
PETR4,1.02,60,2021-08-06,1,0.0443650327384093,1,1,0,0
PETR4,1.02,60,2021-08-09,1,0.0462897409075715,1,0,0,0
PETR4,1.02,60,2021-08-10,1,0.0514914901172665,1,1,0,0
PETR4,1.02,60,2021-08-11,1,0.0331472880750878,1,0,0,0
PETR4,1.02,60,2021-08-12,0,-0.0232068053915659,1,1,0,0
PETR4,1.02,60,2021-08-13,0,-0.0333330064309864,1,0,1,0
PETR4,1.02,60,2021-08-16,1,0.0294336843557894,1,0,1,0
PETR4,1.02,60,2021-08-17,0,-0.000369957875251,0,0,0,1
PETR4,1.02,60,2021-08-18,1,0.0521705172772521,0,0,0,1
PETR4,1.02,60,2021-08-19,1,0.0541666913878324,1,1,0,0
PETR4,1.02,60,2021-08-20,1,0.0348924501154108,1,1,1,1
PETR4,1.02,60,2021-08-23,1,0.0439720952573237,1,0,1,0
PETR4,1.02,60,2021-08-24,1,0.0390880224695273,0,0,0,1
PETR4,1.02,60,2021-08-25,1,0.0409717862264511,0,0,1,0
PETR4,1.02,60,2021-08-26,1,0.0364621781599472,0,1,1,0
PETR4,1.02,60,2021-08-27,0,-0.0633802580816097,1,1,1,1
PETR4,1.02,60,2021-08-30,0,-0.0663120217862099,1,1,1,1
PETR4,1.02,60,2021-08-31,0,-0.031478762231286,1,1,1,1
PETR4,1.02,60,2021-09-01,0,-0.0751852356563367,1,0,1,0
PETR4,1.02,60,2021-09-02,0,-0.0431519211162307,1,0,1,0
PETR4,1.02,60,2021-09-03,0,-0.0331935436205889,0,0,0,1
PETR4,1.02,60,2021-09-06,0,-0.0022822277935766,1,0,0,0
PETR4,1.02,60,2021-09-08,1,0.0522329014940954,1,0,0,0
PETR4,1.02,60,2021-09-09,0,0.0119139854091243,0,0,0,1
PETR4,1.02,60,2021-09-10,1,0.0255814169422052,1,0,1,0
PETR4,1.02,60,2021-09-13,0,-0.0393063278698768,1,1,1,1
PETR4,1.02,60,2021-09-14,0,-0.0519229987790633,1,0,1,0
PETR4,1.02,60,2021-09-15,0,-0.0333588877583707,0,1,1,0
PETR4,1.02,60,2021-09-16,0,-0.0046206987245774,0,0,1,0
PETR4,1.02,60,2021-09-17,1,0.1191859731001094,0,0,0,1
PETR4,1.02,60,2021-09-20,1,0.0789474360950952,1,1,1,1
PETR4,1.02,60,2021-09-21,1,0.0755972860476867,0,0,0,1
PETR4,1.02,60,2021-09-22,1,0.0747592241393186,0,1,0,0
PETR4,1.02,60,2021-09-23,1,0.0504708484827662,1,0,0,0
PETR4,1.02,60,2021-09-24,1,0.027634494678967,0,0,0,1
PETR4,1.02,60,2021-09-27,1,0.0297903626504529,1,1,1,1
PETR4,1.02,60,2021-09-28,1,0.058801911145073,0,1,1,0
PETR4,1.02,60,2021-09-29,1,0.0704686471209425,1,1,1,1
PETR4,1.02,60,2021-09-30,1,0.0866519235007257,1,1,1,1
PETR4,1.02,60,2021-10-01,1,0.0615995238248019,1,1,1,1
PETR4,1.02,60,2021-10-04,1,0.0210345084679417,0,1,1,0
PETR4,1.02,60,2021-10-05,1,0.0310880702589686,1,1,1,1
PETR4,1.02,60,2021-10-06,1,0.0400696390574562,0,1,1,0
PETR4,1.02,60,2021-10-07,1,0.0420690169358839,1,1,1,1
PETR4,1.02,60,2021-10-08,1,0.0244067897543807,1,1,1,1
PETR4,1.02,60,2021-10-11,1,0.0359959603225508,0,1,1,0
PETR4,1.02,60,2021-10-13,0,-0.061955763632902,0,1,1,0
PETR4,1.02,60,2021-10-14,0,-0.0466443235575446,1,1,1,1
PETR4,1.02,60,2021-10-15,0,-0.0663265876410538,1,0,1,0
PETR4,1.02,60,2021-10-18,0,-0.0704513800629793,1,0,1,0
PETR4,1.02,60,2021-10-19,1,0.0367880833661153,1,1,1,1
PETR4,1.02,60,2021-10-20,1,0.052045853433005,1,1,1,1
PETR4,1.02,60,2021-10-21,1,0.0815497279288253,1,1,1,1
PETR4,1.02,60,2021-10-22,1,0.0558357461092258,0,1,1,0
PETR4,1.02,60,2021-10-25,0,-0.0538194511094646,1,1,1,1
PETR4,1.02,60,2021-10-26,0,-0.0287894515485319,1,1,1,1
PETR4,1.02,60,2021-10-27,1,0.0252366056247101,1,1,1,1
PETR4,1.02,60,2021-10-28,0,-0.1074493788142753,0,0,1,0
PETR4,1.02,60,2021-10-29,1,0.0220137413396197,1,1,1,1
PETR4,1.02,60,2021-11-01,0,-0.057380012657372,0,1,1,0
PETR4,1.02,60,2021-11-03,0,-0.0140637158654046,0,1,1,0
PETR4,1.02,60,2021-11-04,1,0.0251045057293426,1,1,1,1
PETR4,1.02,60,2021-11-05,1,0.0441688775796762,1,1,1,1
PETR4,1.02,60,2021-11-08,1,0.0366411968556585,0,1,1,0
PETR4,1.02,60,2021-11-09,1,0.0360902035136156,1,1,1,1
PETR4,1.02,60,2021-11-10,1,0.0252976379205092,0,1,1,0
PETR4,1.02,60,2021-11-11,1,0.0475103860133503,1,1,1,1
PETR4,1.02,60,2021-11-12,0,-0.0425532538145471,1,1,1,1
PETR4,1.02,60,2021-11-16,0,-0.03760493407988,0,0,1,0
PETR4,1.02,60,2021-11-17,1,0.0509554506595115,1,0,1,0
PETR4,1.02,60,2021-11-18,1,0.0896551878328943,0,0,1,0
PETR4,1.02,60,2021-11-19,1,0.1326995755030793,1,1,1,1
PETR4,1.02,60,2021-11-22,1,0.1195039523910266,1,1,1,1
PETR4,1.02,60,2021-11-23,1,0.0734341809060759,1,1,1,1
PETR4,1.02,60,2021-11-24,1,0.0265060289366969,1,1,1,1
PETR4,1.02,60,2021-11-25,1,0.0803099887611387,1,1,1,1
PETR4,1.02,60,2021-11-26,1,0.0900733625031537,1,1,1,1
PETR4,1.02,60,2021-11-29,1,0.1095585210913578,1,1,1,1
PETR4,1.02,60,2021-11-30,1,0.1019026360905237,1,1,1,1
PETR4,1.02,60,2021-12-01,1,0.0955909956067977,1,1,1,1
PETR4,1.02,60,2021-12-02,1,0.0558286864705832,0,1,1,0
PETR4,1.02,60,2021-12-03,1,0.0448227594438763,1,0,1,0
PETR4,1.02,60,2021-12-06,1,0.0280055105298218,1,1,1,1
PETR4,1.02,60,2021-12-07,1,0.0252043497775387,1,0,1,0
PETR4,1.02,60,2021-12-08,1,0.0343642895797005,1,1,1,1
PETR4,1.02,60,2021-12-09,1,0.0203390185509058,1,1,1,1
PETR4,1.02,60,2021-12-10,0,0.0006740489229593,1,1,1,1
PETR4,1.02,60,2021-12-13,0,-0.0209388736242176,1,1,1,1
PETR4,1.02,60,2021-12-14,1,0.0302405898623052,1,1,1,1
PETR4,1.02,60,2021-12-15,0,-0.0479405695327478,1,1,1,1
PETR4,1.02,60,2021-12-16,0,-0.0395633881865954,1,1,1,1
PETR4,1.02,60,2021-12-17,0,-0.0038678447755591,1,1,1,1
PETR4,1.02,60,2021-12-20,0,0.0070052978798138,1,1,1,1
PETR4,1.02,60,2021-12-21,1,0.0309858590887794,1,0,0,0
PETR4,1.02,60,2021-12-22,1,0.0335333262756292,0,1,0,0
PETR4,1.02,60,2021-12-23,1,0.0338983067209948,0,1,1,0
PETR4,1.02,60,2021-12-27,0,0.0027577248007031,1,1,1,1
PETR4,1.02,60,2021-12-28,1,0.0243903019880957,1,1,1,1
PETR4,1.02,60,2021-12-29,1,0.0297723723477565,0,0,1,0
PETR4,1.02,60,2021-12-30,1,0.0301332214453287,1,1,1,1
PETR4,1.02,60,2022-01-03,0,-0.0336076497315809,1,1,1,1
PETR4,1.02,60,2022-01-04,0,-0.0404248143092862,1,1,1,1
PETR4,1.02,60,2022-01-05,1,0.0275715994328327,1,0,1,0
PETR4,1.02,60,2022-01-06,1,0.0640341654565914,1,1,1,1
PETR4,1.02,60,2022-01-07,1,0.0943194256443595,0,1,1,0
PETR4,1.02,60,2022-01-10,1,0.1245551573723986,1,1,1,1
PETR4,1.02,60,2022-01-11,1,0.0987910539027621,1,1,1,1
PETR4,1.02,60,2022-01-12,1,0.0829664886604353,1,1,1,1
PETR4,1.02,60,2022-01-13,1,0.0637384715703548,1,0,1,0
PETR4,1.02,60,2022-01-14,1,0.0257961920421108,1,1,1,1
PETR4,1.02,60,2022-01-17,1,0.0205956896223882,1,1,1,1
PETR4,1.02,60,2022-01-18,0,0.0015673650731617,0,1,1,0
PETR4,1.02,60,2022-01-19,1,0.0549206222736731,1,1,1,1
PETR4,1.02,60,2022-01-20,1,0.0855242521922468,1,1,1,1
PETR4,1.02,60,2022-01-21,1,0.0930892362200599,1,1,1,1
PETR4,1.02,60,2022-01-24,1,0.0927444769378367,1,1,1,1
PETR4,1.02,60,2022-01-25,1,0.0402401793422284,1,1,1,1
PETR4,1.02,60,2022-01-26,0,-0.0364963794978488,1,1,1,1
PETR4,1.02,60,2022-01-27,0,-0.0378697702198536,1,1,1,1
PETR4,1.02,60,2022-01-28,1,0.0304615371673488,0,1,1,0
PETR4,1.02,60,2022-01-31,1,0.035239552473107,1,1,1,1
PETR4,1.02,60,2022-02-01,0,-0.0377132343488486,1,1,1,1
PETR4,1.02,60,2022-02-02,1,0.0272025090037384,1,1,1,1
PETR4,1.02,60,2022-02-03,1,0.0253008744082747,1,1,1,1
PETR4,1.02,60,2022-02-04,0,-0.0033794626272254,1,1,1,1
PETR4,1.02,60,2022-02-07,1,0.0630093957913917,1,1,1,1
PETR4,1.02,60,2022-02-08,1,0.0693131734643803,1,1,1,1
PETR4,1.02,60,2022-02-09,1,0.0507739901917143,0,1,1,0
PETR4,1.02,60,2022-02-10,1,0.0357033684047531,1,1,1,1
PETR4,1.02,60,2022-02-11,0,-0.0313053925770061,1,1,1,1
PETR4,1.02,60,2022-02-14,1,0.0318432830879493,1,0,1,0
PETR4,1.02,60,2022-02-15,1,0.0356381172326738,1,1,1,1
PETR4,1.02,60,2022-02-16,1,0.0557077713737184,1,1,1,1
PETR4,1.02,60,2022-02-17,1,0.0647835559210929,1,1,1,1
PETR4,1.02,60,2022-02-18,1,0.0677760403314753,1,1,1,1
PETR4,1.02,60,2022-02-21,1,0.0312682283350607,0,1,1,0
PETR4,1.02,60,2022-02-22,1,0.0324751198613975,1,1,1,1
PETR4,1.02,60,2022-02-23,0,-0.0160919608859213,1,0,1,0
PETR4,1.02,60,2022-02-24,1,0.0550074254613635,1,1,1,1
PETR4,1.02,60,2022-02-25,0,-0.0981281725962123,1,1,1,1
PETR4,1.02,60,2022-03-02,0,-0.0677771538262466,1,1,1,1
PETR4,1.02,60,2022-03-03,0,-0.0446008672190292,1,0,1,0
PETR4,1.02,60,2022-03-04,0,-0.0231883924746409,1,1,1,1
PETR4,1.02,60,2022-03-07,1,0.0812499941262243,1,1,1,1
PETR4,1.02,60,2022-03-08,1,0.0613497436730057,0,1,1,0
PETR4,1.02,60,2022-03-09,1,0.0613497436730057,1,1,1,1
PETR4,1.02,60,2022-03-10,0,-0.0908287009874805,1,1,1,1
PETR4,1.02,60,2022-03-11,0,-0.0746222742545911,0,1,1,0
PETR4,1.02,60,2022-03-14,0,-0.0170199207972322,1,1,1,1
PETR4,1.02,60,2022-03-15,0,0.0082539156822836,1,1,1,1
PETR4,1.02,60,2022-03-16,1,0.0271999514270957,1,0,1,0
PETR4,1.02,60,2022-03-17,1,0.0790960344177467,1,1,1,1
PETR4,1.02,60,2022-03-18,1,0.0546748240738448,1,0,1,0
PETR4,1.02,60,2022-03-21,0,0.0096905291717079,1,1,1,1
PETR4,1.02,60,2022-03-22,1,0.0209833698419972,1,1,1,1
PETR4,1.02,60,2022-03-23,1,0.0221528799938239,1,1,1,1
PETR4,1.02,60,2022-03-24,1,0.0261275374524891,1,1,1,1
PETR4,1.02,60,2022-03-25,1,0.0470991675018821,1,1,1,1
PETR4,1.02,60,2022-03-28,1,0.0516651639585588,1,1,1,1
PETR4,1.02,60,2022-03-29,1,0.0396923646366547,1,1,1,1
PETR4,1.02,60,2022-03-30,1,0.0374578172817818,0,1,1,0
PETR4,1.02,60,2022-03-31,0,-0.0354694822730411,1,1,1,1
PETR4,1.02,60,2022-04-01,1,0.0352583124905785,0,0,1,0
PETR4,1.02,60,2022-04-04,1,0.05358240806337,1,1,1,1
PETR4,1.02,60,2022-04-05,1,0.0555215113149274,1,1,1,1
PETR4,1.02,60,2022-04-06,1,0.0624999895298115,1,1,1,1
PETR4,1.02,60,2022-04-07,1,0.0214264403284751,1,1,1,1
PETR4,1.02,60,2022-04-08,1,0.0313765245039627,1,1,1,1
PETR4,1.02,60,2022-04-11,0,-0.0263996346009735,0,0,1,0
PETR4,1.02,60,2022-04-12,0,0.0039501453930959,1,1,1,1
PETR4,1.02,60,2022-04-13,0,0.0063291812275001,1,1,1,1
PETR4,1.02,60,2022-04-14,1,0.0269576829372226,0,0,0,1
PETR4,1.02,60,2022-04-18,1,0.0269576829372226,1,1,1,1
PETR4,1.02,60,2022-04-19,0,-0.050237004000049,1,1,1,1
PETR4,1.02,60,2022-04-20,0,-0.0318840539913639,1,1,1,1
PETR4,1.02,60,2022-04-22,1,0.0216883549379307,1,1,1,1
PETR4,1.02,60,2022-04-25,1,0.0491531264960036,1,1,1,1
PETR4,1.02,60,2022-04-26,1,0.0401712770922295,1,1,1,1
PETR4,1.02,60,2022-04-27,1,0.0374384500151121,1,1,1,1
PETR4,1.02,60,2022-04-28,1,0.0461789037710276,1,1,1,1
PETR4,1.02,60,2022-04-29,1,0.0772290451082937,1,1,1,1
PETR4,1.02,60,2022-05-02,1,0.0996015644357295,1,1,1,1
PETR4,1.02,60,2022-05-03,1,0.0823529103242595,1,1,1,1
PETR4,1.02,60,2022-05-04,1,0.0411820418264301,1,1,1,1
PETR4,1.02,60,2022-05-05,1,0.0373202538820542,1,1,1,1
PETR4,1.02,60,2022-05-06,1,0.0422018613163204,1,1,1,1
PETR4,1.02,60,2022-05-09,1,0.0642768700042513,0,0,1,0
PETR4,1.02,60,2022-05-10,1,0.0640634818439154,1,0,1,0
PETR4,1.02,60,2022-05-11,1,0.056524349180087,1,1,1,1
PETR4,1.02,60,2022-05-12,1,0.0304985636578332,0,0,1,0
PETR4,1.02,60,2022-05-13,1,0.0259854022935739,0,0,1,0
PETR4,1.02,60,2022-05-16,0,-0.0048571406257958,1,1,1,1
PETR4,1.02,60,2022-05-17,1,0.0623171632250512,1,1,1,1
PETR4,1.02,60,2022-05-18,1,0.0832339327988547,1,0,1,0
PETR4,1.02,60,2022-05-19,1,0.0497253738922032,1,0,1,0
PETR4,1.02,60,2022-05-20,1,0.0321205244427944,1,1,1,1
PETR4,1.02,60,2022-05-23,1,0.0435897979611328,1,1,1,1
PETR4,1.02,60,2022-05-24,1,0.0271293644117427,1,1,1,1
PETR4,1.02,60,2022-05-25,0,-0.0612117249705587,1,1,1,1
PETR4,1.02,60,2022-05-26,0,-0.0662519844195982,1,1,1,1
PETR4,1.02,60,2022-05-27,0,-0.0350193873962222,1,1,1,1
PETR4,1.02,60,2022-05-30,0,-0.0042749222714496,1,1,1,1
PETR4,1.02,60,2022-05-31,1,0.0210702743872608,1,0,1,0
PETR4,1.02,60,2022-06-01,1,0.0443777285567901,1,1,1,1
PETR4,1.02,60,2022-06-02,1,0.0535173795336338,1,1,1,1
PETR4,1.02,60,2022-06-03,1,0.0262295360156534,1,1,1,1
PETR4,1.02,60,2022-06-06,1,0.0367671837310432,1,1,1,1
PETR4,1.02,60,2022-06-07,1,0.0239973860307252,1,0,1,0
PETR4,1.02,60,2022-06-08,0,-0.0298263020560204,1,1,1,1
PETR4,1.02,60,2022-06-09,0,-0.0309896368775448,1,1,1,1
PETR4,1.02,60,2022-06-10,1,0.0423845279812666,1,1,1,1
PETR4,1.02,60,2022-06-13,0,-0.0687795097086524,1,1,1,1
PETR4,1.02,60,2022-06-14,0,-0.0976667365012742,1,1,1,1
PETR4,1.02,60,2022-06-15,0,-0.0418885122928658,1,1,1,1
PETR4,1.02,60,2022-06-17,1,0.0857033294464608,1,1,1,1
PETR4,1.02,60,2022-06-20,0,-0.0543164866351434,1,0,1,0
PETR4,1.02,60,2022-06-21,1,0.0560571764896322,0,1,1,0
PETR4,1.02,60,2022-06-22,1,0.0685693043248565,1,1,1,1
PETR4,1.02,60,2022-06-23,1,0.0773542245484391,1,1,1,1
PETR4,1.02,60,2022-06-24,1,0.0749440359244058,1,1,1,1
PETR4,1.02,60,2022-06-27,0,-0.0017494622641642,0,1,1,0
PETR4,1.02,60,2022-06-28,1,0.0280899169376571,1,1,1,1
PETR4,1.02,60,2022-06-29,1,0.0589511945685257,1,1,1,1
PETR4,1.02,60,2022-06-30,1,0.0427350461597961,1,1,1,1
PETR4,1.02,60,2022-07-01,1,0.0259285503819022,1,1,1,1
PETR4,1.02,60,2022-07-04,0,-0.0034601820165686,1,1,1,1
PETR4,1.02,60,2022-07-05,1,0.0287642483322256,1,1,1,1
PETR4,1.02,60,2022-07-06,1,0.034642874249803,1,1,1,1
PETR4,1.02,60,2022-07-07,0,-0.0098142055038331,0,1,1,0
PETR4,1.02,60,2022-07-08,0,-0.0293079781500659,1,1,1,1
PETR4,1.02,60,2022-07-11,0,-0.0120141090439628,0,1,1,0
PETR4,1.02,60,2022-07-12,0,0.0167081290015393,1,1,1,1
PETR4,1.02,60,2022-07-13,1,0.0442856922418646,0,0,1,0
PETR4,1.02,60,2022-07-14,1,0.0555956468125176,1,0,1,0
PETR4,1.02,60,2022-07-15,1,0.0299401373220014,1,0,1,0
PETR4,1.02,60,2022-07-18,1,0.0322241185426852,1,1,1,1
PETR4,1.02,60,2022-07-19,1,0.057791544378166,1,0,1,0
PETR4,1.02,60,2022-07-20,1,0.0910972379119239,1,1,1,1
PETR4,1.02,60,2022-07-21,1,0.0888429046010539,0,1,1,0
PETR4,1.02,60,2022-07-22,1,0.1019926070373362,1,1,1,1
PETR4,1.02,60,2022-07-25,1,0.1108974999780016,1,1,1,1
PETR4,1.02,60,2022-07-26,1,0.1073482531018863,1,1,1,1
PETR4,1.02,60,2022-07-27,1,0.0971826749948781,1,1,1,1
PETR4,1.02,60,2022-07-28,1,0.0315476679223305,1,1,1,1
PETR4,1.02,60,2022-07-29,0,0.0061764380405044,0,1,1,0
PETR4,1.02,60,2022-08-01,1,0.038199624264243,1,0,1,0
PETR4,1.02,60,2022-08-02,1,0.0811526138098617,0,1,1,0
PETR4,1.02,60,2022-08-03,1,0.0991784388634826,1,0,1,0
PETR4,1.02,60,2022-08-04,1,0.1024890533800475,1,1,1,1
PETR4,1.02,60,2022-08-05,1,0.0774046309629923,1,1,1,1
PETR4,1.02,60,2022-08-08,1,0.0561819826256146,1,1,1,1
PETR4,1.02,60,2022-08-09,1,0.051275441423783,1,1,1,1
PETR4,1.02,60,2022-08-10,1,0.0568897511704313,0,1,1,0
PETR4,1.02,60,2022-08-11,1,0.127835077642902,1,1,1,1
PETR4,1.02,60,2022-08-12,1,0.0900258981269133,1,1,1,1
PETR4,1.02,60,2022-08-15,1,0.061160101969897,0,1,1,0
PETR4,1.02,60,2022-08-16,1,0.0635071090596166,1,1,1,1
PETR4,1.02,60,2022-08-17,0,0.0102719220217688,1,1,1,1
PETR4,1.02,60,2022-08-18,1,0.0364520260971654,1,1,1,1
PETR4,1.02,60,2022-08-19,1,0.0825456760041689,1,1,1,1
PETR4,1.02,60,2022-08-22,1,0.0530186810806003,1,1,1,1
PETR4,1.02,60,2022-08-23,1,0.0459153084354475,1,1,1,1
PETR4,1.02,60,2022-08-24,1,0.0287390178715221,1,1,1,1
PETR4,1.02,60,2022-08-25,1,0.054086512784427,1,1,1,1
PETR4,1.02,60,2022-08-26,1,0.0456035781185797,0,1,1,0
PETR4,1.02,60,2022-08-29,0,-0.0170588135748326,1,1,1,1
PETR4,1.02,60,2022-08-30,1,0.0779544504632572,1,1,1,1
PETR4,1.02,60,2022-08-31,1,0.0362709865394148,0,1,1,0
PETR4,1.02,60,2022-09-01,0,-0.0766550635733313,1,1,1,1
PETR4,1.02,60,2022-09-02,0,-0.0608566900265176,1,1,1,1
PETR4,1.02,60,2022-09-05,0,-0.0213821091445787,1,1,1,1
PETR4,1.02,60,2022-09-06,0,-0.0513772800123407,1,1,1,1
PETR4,1.02,60,2022-09-08,0,-0.0421668223654956,1,1,1,1
PETR4,1.02,60,2022-09-09,0,-0.0339035670197703,1,0,1,0
PETR4,1.02,60,2022-09-12,0,-0.0051712983318613,1,0,1,0
PETR4,1.02,60,2022-09-13,1,0.022113861795306,1,0,1,0
PETR4,1.02,60,2022-09-14,1,0.0219922183305052,1,1,1,1
PETR4,1.02,60,2022-09-15,1,0.02397924859586,1,1,1,1
PETR4,1.02,60,2022-09-16,1,0.0518033072899739,1,1,1,1
PETR4,1.02,60,2022-09-19,1,0.021005746876735,1,1,1,1
PETR4,1.02,60,2022-09-20,1,0.0232854928943078,1,1,1,1
PETR4,1.02,60,2022-09-21,0,-0.0574968379690287,1,1,1,1
PETR4,1.02,60,2022-09-22,0,-0.0654533683167152,1,1,1,1
PETR4,1.02,60,2022-09-23,0,-0.0137954327530146,1,1,1,1
PETR4,1.02,60,2022-09-26,0,-0.0033445344861989,0,1,1,0
PETR4,1.02,60,2022-09-27,1,0.1001011064270671,1,1,1,1
PETR4,1.02,60,2022-09-28,1,0.1376336598917673,0,0,1,0
PETR4,1.02,60,2022-09-29,1,0.12867899515059,1,0,1,0
PETR4,1.02,60,2022-09-30,1,0.0589157018650434,0,1,1,0
PETR4,1.02,60,2022-10-03,1,0.0431610640237285,1,1,1,1
PETR4,1.02,60,2022-10-04,1,0.0926456393174384,0,1,1,0
PETR4,1.02,60,2022-10-05,1,0.0399999777890498,1,0,1,0
PETR4,1.02,60,2022-10-06,1,0.0270994347324697,1,0,1,0
PETR4,1.02,60,2022-10-07,1,0.0249628346110242,1,0,1,0
PETR4,1.02,60,2022-10-10,1,0.0486469965297433,1,1,1,1
PETR4,1.02,60,2022-10-11,1,0.0612307470077275,1,1,1,1
PETR4,1.02,60,2022-10-13,1,0.046806013476607,1,1,1,1
PETR4,1.02,60,2022-10-14,1,0.0995788338659466,1,1,1,1
PETR4,1.02,60,2022-10-17,1,0.1324483887903831,1,1,1,1
PETR4,1.02,60,2022-10-18,1,0.1248169005902617,1,1,1,1
PETR4,1.02,60,2022-10-19,1,0.0634349127770901,1,1,1,1
PETR4,1.02,60,2022-10-20,1,0.0532236022808871,1,1,1,1
PETR4,1.02,60,2022-10-21,0,-0.0969862988941068,1,1,1,1
PETR4,1.02,60,2022-10-24,0,-0.0431844846459501,1,1,1,1
PETR4,1.02,60,2022-10-25,1,0.0288343856912449,1,0,1,0
PETR4,1.02,60,2022-10-26,1,0.0222493201230509,1,0,1,0
PETR4,1.02,60,2022-10-27,0,-0.08409784810272,1,0,1,0
PETR4,1.02,60,2022-10-28,1,0.0323423688599895,1,1,1,1
PETR4,1.02,60,2022-10-31,0,-0.1118744293595016,1,1,1,1
PETR4,1.02,60,2022-11-01,1,0.0369127838672738,1,0,1,0
PETR4,1.02,60,2022-11-03,0,-0.126623417187206,1,1,1,1
PETR4,1.02,60,2022-11-04,0,-0.0658083163194854,1,1,1,1
PETR4,1.02,60,2022-11-07,1,0.0328898118170513,0,0,0,1
PETR4,1.02,60,2022-11-08,1,0.037937433174642,1,0,0,0
PETR4,1.02,60,2022-11-09,1,0.0805214817679376,1,1,1,1
PETR4,1.02,60,2022-11-10,1,0.0922480883877541,1,1,1,1
PETR4,1.02,60,2022-11-11,1,0.0337490926208658,1,1,1,1
PETR4,1.02,60,2022-11-14,0,-0.0370370175140472,0,1,1,0
PETR4,1.02,60,2022-11-16,1,0.0222221664206381,0,1,1,0
PETR4,1.02,60,2022-11-17,0,-0.0222566128530796,1,1,1,1
PETR4,1.02,60,2022-11-18,1,0.0379885885588024,1,1,1,1
PETR4,1.02,60,2022-11-21,1,0.0708695524277012,1,1,1,1
PETR4,1.02,60,2022-11-22,1,0.0708695524277012,1,1,1,1
PETR4,1.02,60,2022-11-23,1,0.1003401195926365,1,1,1,1
PETR4,1.02,60,2022-11-24,1,0.0989283156267897,1,1,1,1
PETR4,1.02,60,2022-11-25,1,0.1327695697555571,1,1,1,1
PETR4,1.02,60,2022-11-28,1,0.0890244517609175,1,1,1,1
PETR4,1.02,60,2022-11-29,1,0.0464843792322313,1,1,1,1
PETR4,1.02,60,2022-11-30,0,-0.0353649141660155,1,1,1,1
PETR4,1.02,60,2022-12-01,1,0.0346438397097088,1,1,1,1
PETR4,1.02,60,2022-12-02,1,0.022307660764316,1,1,1,1
PETR4,1.02,60,2022-12-05,1,0.0220758979064079,1,1,1,1
PETR4,1.02,60,2022-12-06,1,0.0288082059442886,1,1,1,1
PETR4,1.02,60,2022-12-07,0,-0.0872798250736399,1,1,1,1
PETR4,1.02,60,2022-12-08,0,-0.1408563293412716,0,1,1,0
PETR4,1.02,60,2022-12-09,0,-0.1033360667414244,1,1,1,1
PETR4,1.02,60,2022-12-12,0,-0.0850622512913706,1,1,1,1
PETR4,1.02,60,2022-12-13,0,-0.005333360315561,1,1,1,1
PETR4,1.02,60,2022-12-14,1,0.1066666188234319,1,1,1,1
PETR4,1.02,60,2022-12-15,1,0.080145709516201,1,1,1,1
PETR4,1.02,60,2022-12-16,1,0.1113121994028483,1,1,1,1
PETR4,1.02,60,2022-12-19,1,0.1263956806142416,1,0,1,0
PETR4,1.02,60,2022-12-20,1,0.0765957920019833,1,0,1,0
PETR4,1.02,60,2022-12-21,1,0.0589958470267055,1,1,1,1
PETR4,1.02,60,2022-12-22,1,0.0493162103938784,1,1,1,1
PETR4,1.02,60,2022-12-23,0,-0.0246815472607976,1,1,1,1
PETR4,1.02,75,2020-05-14,1,0.0806003418315148,1,1,1,1
PETR4,1.02,75,2020-05-15,1,0.0922651612400966,1,1,1,1
PETR4,1.02,75,2020-05-18,1,0.0680714034989544,1,1,1,1
PETR4,1.02,75,2020-05-19,1,0.035620830404597,1,1,1,1
PETR4,1.02,75,2020-05-20,1,0.0302563143860075,1,1,1,1
PETR4,1.02,75,2020-05-21,1,0.0686169933976437,1,1,1,1
PETR4,1.02,75,2020-05-22,1,0.0313140539654954,1,1,1,1
PETR4,1.02,75,2020-05-25,0,0.0180180422799871,1,1,1,1
PETR4,1.02,75,2020-05-26,1,0.0383838527951476,1,1,1,1
PETR4,1.02,75,2020-05-27,1,0.0868462317950209,1,0,1,0
PETR4,1.02,75,2020-05-28,1,0.120716069065146,1,0,1,0
PETR4,1.02,75,2020-05-29,1,0.0873448918647057,1,1,1,1
PETR4,1.02,75,2020-06-01,1,0.1098793864624998,1,1,1,1
PETR4,1.02,75,2020-06-02,1,0.0535223310601669,1,1,1,1
PETR4,1.02,75,2020-06-03,1,0.0766712675108134,1,1,1,1
PETR4,1.02,75,2020-06-04,1,0.0331986179337593,1,1,1,1
PETR4,1.02,75,2020-06-05,0,-0.0864745645982563,1,1,1,1
PETR4,1.02,75,2020-06-08,0,-0.0603721659282762,1,1,1,1
PETR4,1.02,75,2020-06-09,0,-0.0237551860048348,1,1,1,1
PETR4,1.02,75,2020-06-10,1,0.0625605891186835,1,1,1,1
PETR4,1.02,75,2020-06-12,1,0.1060070899326826,1,1,1,1
PETR4,1.02,75,2020-06-15,1,0.0306123388057701,0,1,1,0
PETR4,1.02,75,2020-06-16,1,0.0344506793207464,1,1,1,1
PETR4,1.02,75,2020-06-17,1,0.0491030301452115,1,1,1,1
PETR4,1.02,75,2020-06-18,0,-0.0454545176613091,1,0,1,0
PETR4,1.02,75,2020-06-19,1,0.021759269062189,1,1,1,1
PETR4,1.02,75,2020-06-22,1,0.0400565652864548,1,1,1,1
PETR4,1.02,75,2020-06-23,0,0.0079105963337711,1,1,1,1
PETR4,1.02,75,2020-06-24,1,0.0425633478118987,1,1,1,1
PETR4,1.02,75,2020-06-25,1,0.0490334162424885,1,1,1,1
PETR4,1.02,75,2020-06-26,1,0.0545022994188575,1,1,1,1
PETR4,1.02,75,2020-06-29,1,0.0426428940302974,1,1,1,1
PETR4,1.02,75,2020-06-30,1,0.0510344454365885,1,1,1,1
PETR4,1.02,75,2020-07-01,1,0.0343891523900985,1,1,1,1
PETR4,1.02,75,2020-07-02,1,0.0414578272901293,1,1,1,1
PETR4,1.02,75,2020-07-03,1,0.0209915254059085,1,0,1,0
PETR4,1.02,75,2020-07-06,1,0.0210385081005113,1,1,1,1
PETR4,1.02,75,2020-07-07,0,-0.012917593920808,1,0,1,0
PETR4,1.02,75,2020-07-08,0,0.0052676869876084,1,1,1,1
PETR4,1.02,75,2020-07-09,1,0.0558811186680954,1,1,1,1
PETR4,1.02,75,2020-07-10,1,0.0362672536887196,1,0,1,0
PETR4,1.02,75,2020-07-13,1,0.0587438283283716,1,0,1,0
PETR4,1.02,75,2020-07-14,0,-0.0198276761796528,1,1,1,1
PETR4,1.02,75,2020-07-15,0,0.0090672721195177,1,0,1,0
PETR4,1.02,75,2020-07-16,1,0.0337276305722313,0,0,1,0
PETR4,1.02,75,2020-07-17,1,0.0396476306088833,1,1,1,1
PETR4,1.02,75,2020-07-20,0,-0.0181239297292239,1,1,1,1
PETR4,1.02,75,2020-07-21,0,-0.0042728634059212,1,1,1,1
PETR4,1.02,75,2020-07-22,0,-0.0155440557454417,1,0,1,0
PETR4,1.02,75,2020-07-23,1,0.0346050802139437,0,0,1,0
PETR4,1.02,75,2020-07-24,0,-0.002186264179176,1,1,1,1
PETR4,1.02,75,2020-07-27,0,-0.0364583219302099,1,1,1,1
PETR4,1.02,75,2020-07-28,0,-0.0534086229706406,0,0,1,0
PETR4,1.02,75,2020-07-29,0,-0.0497381707311704,1,0,1,0
PETR4,1.02,75,2020-07-30,0,0.0113438319362748,1,0,0,0
PETR4,1.02,75,2020-07-31,1,0.0439218842246185,1,0,1,0
PETR4,1.02,75,2020-08-03,1,0.0964585465518885,1,1,1,1
PETR4,1.02,75,2020-08-04,1,0.0584795224323864,1,1,1,1
PETR4,1.02,75,2020-08-05,1,0.0257731243932881,1,1,1,1
PETR4,1.02,75,2020-08-06,1,0.0446194194832698,1,1,1,1
PETR4,1.02,75,2020-08-07,1,0.0427946697901173,1,0,1,0
PETR4,1.02,75,2020-08-10,0,-0.043863313204523,1,1,1,1
PETR4,1.02,75,2020-08-11,0,-0.0325343572573159,1,0,1,0
PETR4,1.02,75,2020-08-12,0,-0.0183368657117317,1,1,1,1
PETR4,1.02,75,2020-08-13,1,0.0241545223046959,1,0,1,0
PETR4,1.02,75,2020-08-14,1,0.0282187076994067,1,1,1,1
PETR4,1.02,75,2020-08-17,0,-0.0161361381796891,1,1,1,1
PETR4,1.02,75,2020-08-18,0,0.0008714279622725,1,1,1,1
PETR4,1.02,75,2020-08-19,1,0.0279750845433317,0,1,1,0
PETR4,1.02,75,2020-08-20,1,0.0270629836898488,1,1,1,1
PETR4,1.02,75,2020-08-21,0,-0.0310585924467038,1,1,1,1
PETR4,1.02,75,2020-08-24,0,-0.0238197708992099,1,1,1,1
PETR4,1.02,75,2020-08-25,0,-0.0390693426912408,1,1,1,1
PETR4,1.02,75,2020-08-26,1,0.0255376864539942,0,1,1,0
PETR4,1.02,75,2020-08-27,1,0.038202294401777,1,1,1,1
PETR4,1.02,75,2020-08-28,1,0.0358423484498409,1,1,1,1
PETR4,1.02,75,2020-08-31,1,0.0414414496297004,1,1,1,1
PETR4,1.02,75,2020-09-01,0,-0.0292193983295993,1,1,1,1
PETR4,1.02,75,2020-09-02,1,0.022556388740814,1,1,1,1
PETR4,1.02,75,2020-09-03,0,-0.0382609387307091,1,1,1,1
PETR4,1.02,75,2020-09-04,0,-0.0275554515292906,1,1,1,1
PETR4,1.02,75,2020-09-08,0,-0.0360159667566086,1,1,1,1
PETR4,1.02,75,2020-09-09,0,-0.0403011017949909,1,1,1,1
PETR4,1.02,75,2020-09-10,0,-0.017630994549549,1,0,1,0
PETR4,1.02,75,2020-09-11,0,0.0095715942867793,1,0,1,0
PETR4,1.02,75,2020-09-14,0,-0.0150136375646784,1,1,1,1
PETR4,1.02,75,2020-09-15,0,-0.0434782943281044,1,1,1,1
PETR4,1.02,75,2020-09-16,1,0.0306833821355105,1,1,1,1
PETR4,1.02,75,2020-09-17,0,-0.0800363788514509,0,1,1,0
PETR4,1.02,75,2020-09-18,0,-0.0418036422499988,1,1,1,1
PETR4,1.02,75,2020-09-21,0,-0.0395993186240981,0,1,1,0
PETR4,1.02,75,2020-09-22,0,-0.0562499747376964,0,1,1,0
PETR4,1.02,75,2020-09-23,1,0.023221412747818,1,0,1,0
PETR4,1.02,75,2020-09-24,1,0.0203474069648286,1,0,1,0
PETR4,1.02,75,2020-09-25,0,-0.0236103977523201,1,0,1,0
PETR4,1.02,75,2020-09-28,1,0.021905220540078,1,1,1,1
PETR4,1.02,75,2020-09-29,1,0.0338461294368095,1,0,1,0
PETR4,1.02,75,2020-09-30,1,0.0539715823146123,0,1,1,0
PETR4,1.02,75,2020-10-01,1,0.0491637106908913,1,1,1,1
PETR4,1.02,75,2020-10-02,1,0.069214968807024,0,1,1,0
PETR4,1.02,75,2020-10-05,0,-0.032730866689798,0,1,1,0
PETR4,1.02,75,2020-10-06,1,0.0295000215226755,1,1,1,1
PETR4,1.02,75,2020-10-07,1,0.0274450333279576,1,0,1,0
PETR4,1.02,75,2020-10-08,0,-0.0290069025790472,0,1,1,0
PETR4,1.02,75,2020-10-09,1,0.023103971418408,1,1,1,1
PETR4,1.02,75,2020-10-13,0,-0.0283723796149936,1,1,1,1
PETR4,1.02,75,2020-10-14,1,0.033129541417626,0,1,1,0
PETR4,1.02,75,2020-10-15,1,0.0335536127262254,1,1,1,1
PETR4,1.02,75,2020-10-16,1,0.0736733755814722,0,1,1,0
PETR4,1.02,75,2020-10-19,1,0.0747332019510054,1,1,1,1
PETR4,1.02,75,2020-10-20,1,0.0486111782990374,0,1,1,0
PETR4,1.02,75,2020-10-21,1,0.0517414227184693,1,1,1,1
PETR4,1.02,75,2020-10-22,0,-0.108405109836036,1,1,1,1
PETR4,1.02,75,2020-10-23,0,-0.0511558893661155,0,0,1,0
PETR4,1.02,75,2020-10-26,0,-0.0651529662894865,1,1,1,1
PETR4,1.02,75,2020-10-27,1,0.0284236935716306,1,1,1,1
PETR4,1.02,75,2020-10-28,1,0.0889853951200285,1,1,1,1
PETR4,1.02,75,2020-10-29,1,0.0485894193537503,1,1,1,1
PETR4,1.02,75,2020-10-30,1,0.0287032169211118,1,1,1,1
PETR4,1.02,75,2020-11-03,1,0.1339330340711808,1,1,1,1
PETR4,1.02,75,2020-11-04,1,0.1604010755943514,1,1,1,1
PETR4,1.02,75,2020-11-05,1,0.1948849589672419,1,1,1,1
PETR4,1.02,75,2020-11-06,1,0.1065845802493974,1,1,1,1
PETR4,1.02,75,2020-11-09,1,0.0671540465320925,1,1,1,1
PETR4,1.02,75,2020-11-10,0,-0.0025696437251336,1,1,1,1
PETR4,1.02,75,2020-11-11,1,0.0615655018459815,0,0,0,1
PETR4,1.02,75,2020-11-12,1,0.0962761258024538,1,0,0,0
PETR4,1.02,75,2020-11-13,1,0.0405172167622318,0,1,0,0
PETR4,1.02,75,2020-11-16,1,0.0472884597063361,0,1,1,0
PETR4,1.02,75,2020-11-17,1,0.0462693479920479,1,1,1,1
PETR4,1.02,75,2020-11-18,1,0.1324841168170603,1,1,1,1
PETR4,1.02,75,2020-11-19,1,0.1187080358218455,1,1,1,1
PETR4,1.02,75,2020-11-20,1,0.1089396559728215,1,1,1,1
PETR4,1.02,75,2020-11-23,1,0.0401716557164164,1,1,1,1
PETR4,1.02,75,2020-11-24,0,-0.0496183152217094,1,1,1,1
PETR4,1.02,75,2020-11-25,0,-0.013107211474887,1,1,1,1
PETR4,1.02,75,2020-11-26,1,0.0223766385143375,1,1,1,1
PETR4,1.02,75,2020-11-27,1,0.0645288839505737,1,0,1,0
PETR4,1.02,75,2020-11-30,1,0.0854330716480216,0,0,1,0
PETR4,1.02,75,2020-12-01,1,0.085546849189031,1,1,1,1
PETR4,1.02,75,2020-12-02,1,0.062715141554414,0,1,1,0
PETR4,1.02,75,2020-12-03,1,0.0220668746917995,1,1,1,1
PETR4,1.02,75,2020-12-04,1,0.034103466641937,0,1,1,0
PETR4,1.02,75,2020-12-07,1,0.0518462555837477,0,1,1,0
PETR4,1.02,75,2020-12-08,1,0.0615845820517182,1,1,1,1
PETR4,1.02,75,2020-12-09,1,0.0397203991816694,1,1,1,1
PETR4,1.02,75,2020-12-10,1,0.0283739001858107,0,1,1,0
PETR4,1.02,75,2020-12-11,0,0.0074918800473757,1,1,1,1
PETR4,1.02,75,2020-12-14,1,0.0212230351155142,1,1,1,1
PETR4,1.02,75,2020-12-15,0,-0.0298025755965194,1,1,1,1
PETR4,1.02,75,2020-12-16,0,-0.0360423993836949,1,1,1,1
PETR4,1.02,75,2020-12-17,0,-0.005338063598401,0,0,1,0
PETR4,1.02,75,2020-12-18,1,0.0489149303032525,0,0,1,0
PETR4,1.02,75,2020-12-21,1,0.0485293786737095,0,0,1,0
PETR4,1.02,75,2020-12-22,1,0.0397374790767779,1,1,1,1
PETR4,1.02,75,2020-12-23,1,0.0289139779629279,1,0,1,0
PETR4,1.02,75,2020-12-28,1,0.0634248912798758,1,0,1,0
PETR4,1.02,75,2020-12-29,1,0.089947081787943,1,1,1,1
PETR4,1.02,75,2020-12-30,1,0.0872600340846119,1,1,1,1
PETR4,1.02,75,2021-01-04,1,0.098961940615295,1,1,1,1
PETR4,1.02,75,2021-01-05,1,0.053050476550895,0,1,1,0
PETR4,1.02,75,2021-01-06,1,0.0468029723583443,1,0,1,0
PETR4,1.02,75,2021-01-07,0,-0.0734265237166422,1,1,1,1
PETR4,1.02,75,2021-01-08,1,0.0310355226722287,1,1,1,1
PETR4,1.02,75,2021-01-11,0,-0.0964010836980726,1,0,1,0
PETR4,1.02,75,2021-01-12,0,-0.0850717360350672,1,0,1,0
PETR4,1.02,75,2021-01-13,0,-0.016455240162716,1,1,1,1
PETR4,1.02,75,2021-01-14,0,-0.0289156517716615,0,1,0,0
PETR4,1.02,75,2021-01-15,1,0.0286117659356985,0,0,0,1
PETR4,1.02,75,2021-01-18,1,0.0224719193995492,0,0,0,1
PETR4,1.02,75,2021-01-19,0,-0.0673575574925343,1,1,0,0
PETR4,1.02,75,2021-01-20,0,-0.0228408374889734,1,1,0,0
PETR4,1.02,75,2021-01-21,1,0.0564425724660078,1,1,0,0
PETR4,1.02,75,2021-01-22,1,0.0440367010971873,0,1,0,0
PETR4,1.02,75,2021-01-26,1,0.0611711081597603,1,1,0,0
PETR4,1.02,75,2021-01-27,1,0.0666177738814544,0,1,1,0
PETR4,1.02,75,2021-01-28,1,0.058866212819413,0,1,1,0
PETR4,1.02,75,2021-01-29,1,0.068965474701877,1,1,1,1
PETR4,1.02,75,2021-02-01,1,0.0595070696468591,1,1,1,1
PETR4,1.02,75,2021-02-02,1,0.0383023367754697,1,1,1,1
PETR4,1.02,75,2021-02-03,1,0.0437045195378187,1,1,1,1
PETR4,1.02,75,2021-02-04,1,0.0383023367754697,1,0,1,0
PETR4,1.02,75,2021-02-05,1,0.0277095698779759,1,1,1,1
PETR4,1.02,75,2021-02-08,0,0.013903776910386,1,1,1,1
PETR4,1.02,75,2021-02-09,1,0.0670511756331748,1,1,1,1
PETR4,1.02,75,2021-02-10,1,0.0987917516010608,1,1,1,1
PETR4,1.02,75,2021-02-11,1,0.1118302641819366,1,1,1,1
PETR4,1.02,75,2021-02-12,1,0.0841514822426843,1,1,1,1
PETR4,1.02,75,2021-02-17,0,-0.2080316614606753,1,1,1,1
PETR4,1.02,75,2021-02-18,0,-0.129504126202876,1,1,1,1
PETR4,1.02,75,2021-02-19,1,0.1074561342051942,1,1,1,1
PETR4,1.02,75,2021-02-22,1,0.0954447126835398,1,1,1,1
PETR4,1.02,75,2021-02-23,1,0.0285132971553687,0,1,1,0
PETR4,1.02,75,2021-02-24,0,-0.1203999989238662,1,1,1,1
PETR4,1.02,75,2021-02-25,0,-0.0866378953584631,1,1,1,1
PETR4,1.02,75,2021-02-26,0,-0.0254387021969734,1,1,1,1
PETR4,1.02,75,2021-03-01,1,0.0631868267234954,1,1,1,1
PETR4,1.02,75,2021-03-02,1,0.065137557219737,1,0,1,0
PETR4,1.02,75,2021-03-03,1,0.0901408873209306,1,1,1,1
PETR4,1.02,75,2021-03-04,1,0.0347592913714933,1,1,1,1
PETR4,1.02,75,2021-03-05,1,0.0706473356615231,1,1,1,1
PETR4,1.02,75,2021-03-08,1,0.0997191743154943,1,1,1,1
PETR4,1.02,75,2021-03-09,1,0.0788515374390566,1,1,1,1
PETR4,1.02,75,2021-03-10,1,0.0468611132833465,1,1,1,1
PETR4,1.02,75,2021-03-11,1,0.0423326708699991,1,1,1,1
PETR4,1.02,75,2021-03-12,1,0.0441368810979265,1,1,1,1
PETR4,1.02,75,2021-03-15,1,0.0211596274518846,1,1,1,1
PETR4,1.02,75,2021-03-16,1,0.0427831765158455,1,1,1,1
PETR4,1.02,75,2021-03-17,0,-0.0452260365335694,1,1,1,1
PETR4,1.02,75,2021-03-18,1,0.033089840924009,1,1,1,1
PETR4,1.02,75,2021-03-19,0,-0.0206838604648917,1,1,1,1
PETR4,1.02,75,2021-03-22,1,0.0306430473812928,1,1,1,1
PETR4,1.02,75,2021-03-23,1,0.0297542111520974,1,1,1,1
PETR4,1.02,75,2021-03-24,1,0.056828122761604,1,1,1,1
PETR4,1.02,75,2021-03-25,1,0.0319421337513206,1,1,1,1
PETR4,1.02,75,2021-03-26,1,0.0449871700496844,1,1,1,1
PETR4,1.02,75,2021-03-29,1,0.0317257998665645,1,1,1,1
PETR4,1.02,75,2021-03-30,1,0.0247899341927801,0,1,1,0
PETR4,1.02,75,2021-03-31,0,-0.0119389817987084,1,1,1,1
PETR4,1.02,75,2021-04-01,0,-0.0178202579760587,1,1,1,1
PETR4,1.02,75,2021-04-05,0,-0.0219190465892045,1,1,1,1
PETR4,1.02,75,2021-04-06,0,-0.0020885489697868,1,1,1,1
PETR4,1.02,75,2021-04-07,0,-0.0004169289125686,1,1,1,1
PETR4,1.02,75,2021-04-08,1,0.0459574935757534,1,1,1,1
PETR4,1.02,75,2021-04-09,1,0.0278127068050666,1,1,1,1
PETR4,1.02,75,2021-04-12,1,0.0269555129978606,0,1,1,0
PETR4,1.02,75,2021-04-13,1,0.0628850332373001,1,1,1,1
PETR4,1.02,75,2021-04-14,1,0.0502109302570816,1,0,1,0
PETR4,1.02,75,2021-04-15,1,0.0760917384597092,1,1,1,1
PETR4,1.02,75,2021-04-16,1,0.0845315605724039,1,1,1,1
PETR4,1.02,75,2021-04-19,0,-0.0226059422403898,1,1,1,1
PETR4,1.02,75,2021-04-20,0,-0.0430820900039322,1,0,0,0
PETR4,1.02,75,2021-04-22,0,0.0025125747977492,1,1,1,1
PETR4,1.02,75,2021-04-23,0,-0.0096435154801359,1,1,1,1
PETR4,1.02,75,2021-04-26,0,-0.0083962091578093,1,0,1,0
PETR4,1.02,75,2021-04-27,1,0.0380342288033601,1,0,1,0
PETR4,1.02,75,2021-04-28,0,-0.050994995845274,1,1,1,1
PETR4,1.02,75,2021-04-29,1,0.0235042455720417,0,0,0,1
PETR4,1.02,75,2021-04-30,0,-0.0126049656090858,1,0,0,0
PETR4,1.02,75,2021-05-03,1,0.0386575092952425,1,1,1,1
PETR4,1.02,75,2021-05-04,1,0.0781183485023468,0,1,1,0
PETR4,1.02,75,2021-05-05,1,0.0615774148070393,1,1,1,1
PETR4,1.02,75,2021-05-06,1,0.0799491997977022,1,1,1,1
PETR4,1.02,75,2021-05-07,1,0.0294354917016181,1,1,1,1
PETR4,1.02,75,2021-05-10,1,0.0793781829298561,1,0,1,0
PETR4,1.02,75,2021-05-11,1,0.0685370046741278,1,0,1,0
PETR4,1.02,75,2021-05-12,1,0.0823909486914475,1,0,1,0
PETR4,1.02,75,2021-05-13,1,0.0387597495655438,1,1,1,1
PETR4,1.02,75,2021-05-14,0,-0.0140685072121189,1,1,1,1
PETR4,1.02,75,2021-05-17,0,-0.0280898992805616,1,0,1,0
PETR4,1.02,75,2021-05-18,1,0.025918760189721,1,0,1,0
PETR4,1.02,75,2021-05-19,0,-0.0118547405709186,1,0,1,0
PETR4,1.02,75,2021-05-20,1,0.0207054948713221,1,1,1,1
PETR4,1.02,75,2021-05-21,0,-0.0140792138889913,1,0,1,0
PETR4,1.02,75,2021-05-24,1,0.0203928469823706,1,1,1,1
PETR4,1.02,75,2021-05-25,1,0.0497877131738404,1,1,1,1
PETR4,1.02,75,2021-05-26,1,0.062116609390211,1,1,1,1
PETR4,1.02,75,2021-05-27,1,0.0713740100571069,0,1,1,0
PETR4,1.02,75,2021-05-28,1,0.061572628035857,0,0,1,0
PETR4,1.02,75,2021-05-31,1,0.0445255214382931,0,0,1,0
PETR4,1.02,75,2021-06-01,1,0.0530164677382605,1,1,1,1
PETR4,1.02,75,2021-06-02,1,0.0363507339903745,0,1,1,0
PETR4,1.02,75,2021-06-04,1,0.0203508582829727,0,1,1,0
PETR4,1.02,75,2021-06-07,1,0.0323039068456438,1,1,1,1
PETR4,1.02,75,2021-06-08,1,0.0219359242314471,0,1,1,0
PETR4,1.02,75,2021-06-09,0,0.0069372510629086,1,1,1,1
PETR4,1.02,75,2021-06-10,0,0.0118056115806672,1,1,1,1
PETR4,1.02,75,2021-06-11,0,-0.0266436120189241,1,1,1,1
PETR4,1.02,75,2021-06-14,0,-0.0220994394432143,0,0,1,0
PETR4,1.02,75,2021-06-15,0,-0.004470447420739,0,1,1,0
PETR4,1.02,75,2021-06-16,0,0.0031023931064211,0,0,1,0
PETR4,1.02,75,2021-06-17,1,0.054285740518265,0,0,1,0
PETR4,1.02,75,2021-06-18,1,0.044014062114893,1,1,1,1
PETR4,1.02,75,2021-06-21,1,0.0272413954844319,0,1,1,0
PETR4,1.02,75,2021-06-22,0,-0.0068375282945439,1,1,1,1
PETR4,1.02,75,2021-06-23,0,-0.0105119775101812,1,1,1,1
PETR4,1.02,75,2021-06-24,0,-0.0087571985645288,0,1,1,0
PETR4,1.02,75,2021-06-25,1,0.0239890344254447,0,0,1,0
PETR4,1.02,75,2021-06-28,1,0.0271571143873998,0,0,1,0
PETR4,1.02,75,2021-06-29,1,0.0292800808709725,0,1,1,0
PETR4,1.02,75,2021-06-30,0,-0.0696032272031508,1,1,1,1
PETR4,1.02,75,2021-07-01,0,-0.0426620976567017,1,1,1,1
PETR4,1.02,75,2021-07-02,0,-0.0523957481162358,0,1,1,0
PETR4,1.02,75,2021-07-05,0,-0.0337978435887517,0,0,0,1
PETR4,1.02,75,2021-07-06,0,-0.0088810367640819,0,1,1,0
PETR4,1.02,75,2021-07-07,1,0.0291971002306419,0,1,1,0
PETR4,1.02,75,2021-07-08,1,0.0224800461199341,0,1,1,0
PETR4,1.02,75,2021-07-12,1,0.023222052560659,1,0,1,0
PETR4,1.02,75,2021-07-13,0,-0.0661921376838154,1,1,1,1
PETR4,1.02,75,2021-07-14,0,-0.0327392145282757,1,1,1,1
PETR4,1.02,75,2021-07-15,0,-0.0099154622294026,1,1,1,1
PETR4,1.02,75,2021-07-16,1,0.0489025621439545,1,1,1,1
PETR4,1.02,75,2021-07-19,1,0.040091578821416,0,0,1,0
PETR4,1.02,75,2021-07-20,1,0.0253826042255791,1,1,1,1
PETR4,1.02,75,2021-07-21,0,0.0055554611446149,1,1,1,1
PETR4,1.02,75,2021-07-22,1,0.0295201932901534,1,1,1,1
PETR4,1.02,75,2021-07-23,1,0.0441286122716564,0,1,1,0
PETR4,1.02,75,2021-07-26,1,0.0208409308457317,1,1,1,1
PETR4,1.02,75,2021-07-27,0,-0.0371855024421656,1,0,1,0
PETR4,1.02,75,2021-07-28,0,-0.0341727048192065,1,1,1,1
PETR4,1.02,75,2021-07-29,0,-0.0478260767039558,1,0,1,0
PETR4,1.02,75,2021-07-30,1,0.0654412503648971,0,0,0,1
PETR4,1.02,75,2021-08-02,1,0.0993929921892649,0,1,0,0
PETR4,1.02,75,2021-08-03,1,0.0915254935299119,1,1,0,0
PETR4,1.02,75,2021-08-04,0,-0.0163477906147179,0,1,0,0
PETR4,1.02,75,2021-08-05,0,0.0059648260238145,1,1,1,1
PETR4,1.02,75,2021-08-06,1,0.0443650327384093,0,1,0,0
PETR4,1.02,75,2021-08-09,1,0.0462897409075715,1,0,0,0
PETR4,1.02,75,2021-08-10,1,0.0514914901172665,0,1,0,0
PETR4,1.02,75,2021-08-11,1,0.0331472880750878,0,1,0,0
PETR4,1.02,75,2021-08-12,0,-0.0232068053915659,1,1,0,0
PETR4,1.02,75,2021-08-13,0,-0.0333330064309864,0,0,1,0
PETR4,1.02,75,2021-08-16,1,0.0294336843557894,1,0,1,0
PETR4,1.02,75,2021-08-17,0,-0.000369957875251,0,0,1,0
PETR4,1.02,75,2021-08-18,1,0.0521705172772521,0,0,1,0
PETR4,1.02,75,2021-08-19,1,0.0541666913878324,0,1,1,0
PETR4,1.02,75,2021-08-20,1,0.0348924501154108,1,1,1,1
PETR4,1.02,75,2021-08-23,1,0.0439720952573237,0,0,1,0
PETR4,1.02,75,2021-08-24,1,0.0390880224695273,1,0,1,0
PETR4,1.02,75,2021-08-25,1,0.0409717862264511,0,0,1,0
PETR4,1.02,75,2021-08-26,1,0.0364621781599472,1,1,1,1
PETR4,1.02,75,2021-08-27,0,-0.0633802580816097,0,1,1,0
PETR4,1.02,75,2021-08-30,0,-0.0663120217862099,1,1,1,1
PETR4,1.02,75,2021-08-31,0,-0.031478762231286,1,1,1,1
PETR4,1.02,75,2021-09-01,0,-0.0751852356563367,1,0,1,0
PETR4,1.02,75,2021-09-02,0,-0.0431519211162307,1,1,1,1
PETR4,1.02,75,2021-09-03,0,-0.0331935436205889,1,0,1,0
PETR4,1.02,75,2021-09-06,0,-0.0022822277935766,1,0,1,0
PETR4,1.02,75,2021-09-08,1,0.0522329014940954,1,0,1,0
PETR4,1.02,75,2021-09-09,0,0.0119139854091243,1,1,1,1
PETR4,1.02,75,2021-09-10,1,0.0255814169422052,1,0,1,0
PETR4,1.02,75,2021-09-13,0,-0.0393063278698768,1,1,1,1
PETR4,1.02,75,2021-09-14,0,-0.0519229987790633,0,0,1,0
PETR4,1.02,75,2021-09-15,0,-0.0333588877583707,0,1,1,0
PETR4,1.02,75,2021-09-16,0,-0.0046206987245774,1,0,1,0
PETR4,1.02,75,2021-09-17,1,0.1191859731001094,0,0,0,1
PETR4,1.02,75,2021-09-20,1,0.0789474360950952,1,1,1,1
PETR4,1.02,75,2021-09-21,1,0.0755972860476867,0,0,1,0
PETR4,1.02,75,2021-09-22,1,0.0747592241393186,1,1,0,0
PETR4,1.02,75,2021-09-23,1,0.0504708484827662,0,1,0,0
PETR4,1.02,75,2021-09-24,1,0.027634494678967,0,0,0,1
PETR4,1.02,75,2021-09-27,1,0.0297903626504529,0,0,1,0
PETR4,1.02,75,2021-09-28,1,0.058801911145073,0,1,1,0
PETR4,1.02,75,2021-09-29,1,0.0704686471209425,0,1,1,0
PETR4,1.02,75,2021-09-30,1,0.0866519235007257,0,1,1,0
PETR4,1.02,75,2021-10-01,1,0.0615995238248019,0,1,1,0
PETR4,1.02,75,2021-10-04,1,0.0210345084679417,0,1,1,0
PETR4,1.02,75,2021-10-05,1,0.0310880702589686,1,1,1,1
PETR4,1.02,75,2021-10-06,1,0.0400696390574562,1,1,1,1
PETR4,1.02,75,2021-10-07,1,0.0420690169358839,1,1,1,1
PETR4,1.02,75,2021-10-08,1,0.0244067897543807,1,1,1,1
PETR4,1.02,75,2021-10-11,1,0.0359959603225508,1,1,1,1
PETR4,1.02,75,2021-10-13,0,-0.061955763632902,1,1,1,1
PETR4,1.02,75,2021-10-14,0,-0.0466443235575446,1,1,1,1
PETR4,1.02,75,2021-10-15,0,-0.0663265876410538,1,0,1,0
PETR4,1.02,75,2021-10-18,0,-0.0704513800629793,1,0,1,0
PETR4,1.02,75,2021-10-19,1,0.0367880833661153,0,1,1,0
PETR4,1.02,75,2021-10-20,1,0.052045853433005,1,1,1,1
PETR4,1.02,75,2021-10-21,1,0.0815497279288253,1,1,1,1
PETR4,1.02,75,2021-10-22,1,0.0558357461092258,1,1,1,1
PETR4,1.02,75,2021-10-25,0,-0.0538194511094646,1,1,1,1
PETR4,1.02,75,2021-10-26,0,-0.0287894515485319,0,1,1,0
PETR4,1.02,75,2021-10-27,1,0.0252366056247101,1,1,1,1
PETR4,1.02,75,2021-10-28,0,-0.1074493788142753,1,0,1,0
PETR4,1.02,75,2021-10-29,1,0.0220137413396197,0,1,1,0
PETR4,1.02,75,2021-11-01,0,-0.057380012657372,0,1,1,0
PETR4,1.02,75,2021-11-03,0,-0.0140637158654046,1,1,1,1
PETR4,1.02,75,2021-11-04,1,0.0251045057293426,1,1,1,1
PETR4,1.02,75,2021-11-05,1,0.0441688775796762,1,1,1,1
PETR4,1.02,75,2021-11-08,1,0.0366411968556585,1,1,1,1
PETR4,1.02,75,2021-11-09,1,0.0360902035136156,0,1,1,0
PETR4,1.02,75,2021-11-10,1,0.0252976379205092,0,1,1,0
PETR4,1.02,75,2021-11-11,1,0.0475103860133503,1,1,1,1
PETR4,1.02,75,2021-11-12,0,-0.0425532538145471,1,1,1,1
PETR4,1.02,75,2021-11-16,0,-0.03760493407988,0,0,1,0
PETR4,1.02,75,2021-11-17,1,0.0509554506595115,1,0,1,0
PETR4,1.02,75,2021-11-18,1,0.0896551878328943,1,1,1,1
PETR4,1.02,75,2021-11-19,1,0.1326995755030793,1,1,1,1
PETR4,1.02,75,2021-11-22,1,0.1195039523910266,1,1,1,1
PETR4,1.02,75,2021-11-23,1,0.0734341809060759,1,1,1,1
PETR4,1.02,75,2021-11-24,1,0.0265060289366969,0,1,1,0
PETR4,1.02,75,2021-11-25,1,0.0803099887611387,0,1,1,0
PETR4,1.02,75,2021-11-26,1,0.0900733625031537,1,1,1,1
PETR4,1.02,75,2021-11-29,1,0.1095585210913578,1,1,1,1
PETR4,1.02,75,2021-11-30,1,0.1019026360905237,1,1,1,1
PETR4,1.02,75,2021-12-01,1,0.0955909956067977,1,1,1,1
PETR4,1.02,75,2021-12-02,1,0.0558286864705832,1,1,1,1
PETR4,1.02,75,2021-12-03,1,0.0448227594438763,1,0,1,0
PETR4,1.02,75,2021-12-06,1,0.0280055105298218,0,0,1,0
PETR4,1.02,75,2021-12-07,1,0.0252043497775387,1,0,1,0
PETR4,1.02,75,2021-12-08,1,0.0343642895797005,0,1,1,0
PETR4,1.02,75,2021-12-09,1,0.0203390185509058,1,1,1,1
PETR4,1.02,75,2021-12-10,0,0.0006740489229593,0,1,1,0
PETR4,1.02,75,2021-12-13,0,-0.0209388736242176,1,1,1,1
PETR4,1.02,75,2021-12-14,1,0.0302405898623052,1,1,1,1
PETR4,1.02,75,2021-12-15,0,-0.0479405695327478,1,1,1,1
PETR4,1.02,75,2021-12-16,0,-0.0395633881865954,1,1,1,1
PETR4,1.02,75,2021-12-17,0,-0.0038678447755591,0,0,0,1
PETR4,1.02,75,2021-12-20,0,0.0070052978798138,0,0,1,0
PETR4,1.02,75,2021-12-21,1,0.0309858590887794,1,0,1,0
PETR4,1.02,75,2021-12-22,1,0.0335333262756292,1,1,1,1
PETR4,1.02,75,2021-12-23,1,0.0338983067209948,1,1,1,1
PETR4,1.02,75,2021-12-27,0,0.0027577248007031,1,1,1,1
PETR4,1.02,75,2021-12-28,1,0.0243903019880957,0,0,1,0
PETR4,1.02,75,2021-12-29,1,0.0297723723477565,0,0,1,0
PETR4,1.02,75,2021-12-30,1,0.0301332214453287,0,1,1,0
PETR4,1.02,75,2022-01-03,0,-0.0336076497315809,1,1,1,1
PETR4,1.02,75,2022-01-04,0,-0.0404248143092862,1,1,1,1
PETR4,1.02,75,2022-01-05,1,0.0275715994328327,1,1,1,1
PETR4,1.02,75,2022-01-06,1,0.0640341654565914,1,1,1,1
PETR4,1.02,75,2022-01-07,1,0.0943194256443595,1,1,1,1
PETR4,1.02,75,2022-01-10,1,0.1245551573723986,1,1,1,1
PETR4,1.02,75,2022-01-11,1,0.0987910539027621,1,1,1,1
PETR4,1.02,75,2022-01-12,1,0.0829664886604353,1,0,1,0
PETR4,1.02,75,2022-01-13,1,0.0637384715703548,0,0,1,0
PETR4,1.02,75,2022-01-14,1,0.0257961920421108,1,1,1,1
PETR4,1.02,75,2022-01-17,1,0.0205956896223882,1,1,1,1
PETR4,1.02,75,2022-01-18,0,0.0015673650731617,1,1,1,1
PETR4,1.02,75,2022-01-19,1,0.0549206222736731,1,1,1,1
PETR4,1.02,75,2022-01-20,1,0.0855242521922468,1,1,1,1
PETR4,1.02,75,2022-01-21,1,0.0930892362200599,1,1,1,1
PETR4,1.02,75,2022-01-24,1,0.0927444769378367,1,1,1,1
PETR4,1.02,75,2022-01-25,1,0.0402401793422284,1,1,1,1
PETR4,1.02,75,2022-01-26,0,-0.0364963794978488,1,1,1,1
PETR4,1.02,75,2022-01-27,0,-0.0378697702198536,1,1,1,1
PETR4,1.02,75,2022-01-28,1,0.0304615371673488,1,1,1,1
PETR4,1.02,75,2022-01-31,1,0.035239552473107,1,1,1,1
PETR4,1.02,75,2022-02-01,0,-0.0377132343488486,1,1,1,1
PETR4,1.02,75,2022-02-02,1,0.0272025090037384,1,1,1,1
PETR4,1.02,75,2022-02-03,1,0.0253008744082747,1,1,1,1
PETR4,1.02,75,2022-02-04,0,-0.0033794626272254,1,1,1,1
PETR4,1.02,75,2022-02-07,1,0.0630093957913917,1,1,1,1
PETR4,1.02,75,2022-02-08,1,0.0693131734643803,1,1,1,1
PETR4,1.02,75,2022-02-09,1,0.0507739901917143,1,1,1,1
PETR4,1.02,75,2022-02-10,1,0.0357033684047531,1,1,1,1
PETR4,1.02,75,2022-02-11,0,-0.0313053925770061,1,1,1,1
PETR4,1.02,75,2022-02-14,1,0.0318432830879493,1,0,1,0
PETR4,1.02,75,2022-02-15,1,0.0356381172326738,1,1,1,1
PETR4,1.02,75,2022-02-16,1,0.0557077713737184,1,0,1,0
PETR4,1.02,75,2022-02-17,1,0.0647835559210929,1,1,1,1
PETR4,1.02,75,2022-02-18,1,0.0677760403314753,1,1,1,1
PETR4,1.02,75,2022-02-21,1,0.0312682283350607,1,1,1,1
PETR4,1.02,75,2022-02-22,1,0.0324751198613975,1,0,1,0
PETR4,1.02,75,2022-02-23,0,-0.0160919608859213,1,0,1,0
PETR4,1.02,75,2022-02-24,1,0.0550074254613635,1,1,1,1
PETR4,1.02,75,2022-02-25,0,-0.0981281725962123,1,1,1,1
PETR4,1.02,75,2022-03-02,0,-0.0677771538262466,1,1,1,1
PETR4,1.02,75,2022-03-03,0,-0.0446008672190292,1,0,1,0
PETR4,1.02,75,2022-03-04,0,-0.0231883924746409,1,1,1,1
PETR4,1.02,75,2022-03-07,1,0.0812499941262243,1,1,1,1
PETR4,1.02,75,2022-03-08,1,0.0613497436730057,0,1,1,0
PETR4,1.02,75,2022-03-09,1,0.0613497436730057,1,1,1,1
PETR4,1.02,75,2022-03-10,0,-0.0908287009874805,1,1,1,1
PETR4,1.02,75,2022-03-11,0,-0.0746222742545911,1,1,1,1
PETR4,1.02,75,2022-03-14,0,-0.0170199207972322,1,1,1,1
PETR4,1.02,75,2022-03-15,0,0.0082539156822836,1,1,1,1
PETR4,1.02,75,2022-03-16,1,0.0271999514270957,1,0,1,0
PETR4,1.02,75,2022-03-17,1,0.0790960344177467,1,1,1,1
PETR4,1.02,75,2022-03-18,1,0.0546748240738448,0,1,1,0
PETR4,1.02,75,2022-03-21,0,0.0096905291717079,1,1,1,1
PETR4,1.02,75,2022-03-22,1,0.0209833698419972,1,1,1,1
PETR4,1.02,75,2022-03-23,1,0.0221528799938239,1,0,1,0
PETR4,1.02,75,2022-03-24,1,0.0261275374524891,1,1,1,1
PETR4,1.02,75,2022-03-25,1,0.0470991675018821,1,1,1,1
PETR4,1.02,75,2022-03-28,1,0.0516651639585588,1,1,1,1
PETR4,1.02,75,2022-03-29,1,0.0396923646366547,1,1,1,1
PETR4,1.02,75,2022-03-30,1,0.0374578172817818,1,1,1,1
PETR4,1.02,75,2022-03-31,0,-0.0354694822730411,1,1,1,1
PETR4,1.02,75,2022-04-01,1,0.0352583124905785,1,0,1,0
PETR4,1.02,75,2022-04-04,1,0.05358240806337,1,1,1,1
PETR4,1.02,75,2022-04-05,1,0.0555215113149274,1,1,1,1
PETR4,1.02,75,2022-04-06,1,0.0624999895298115,1,1,1,1
PETR4,1.02,75,2022-04-07,1,0.0214264403284751,1,1,1,1
PETR4,1.02,75,2022-04-08,1,0.0313765245039627,1,0,1,0
PETR4,1.02,75,2022-04-11,0,-0.0263996346009735,1,0,1,0
PETR4,1.02,75,2022-04-12,0,0.0039501453930959,1,1,1,1
PETR4,1.02,75,2022-04-13,0,0.0063291812275001,1,1,1,1
PETR4,1.02,75,2022-04-14,1,0.0269576829372226,1,1,1,1
PETR4,1.02,75,2022-04-18,1,0.0269576829372226,1,1,1,1
PETR4,1.02,75,2022-04-19,0,-0.050237004000049,1,1,1,1
PETR4,1.02,75,2022-04-20,0,-0.0318840539913639,1,1,1,1
PETR4,1.02,75,2022-04-22,1,0.0216883549379307,1,1,1,1
PETR4,1.02,75,2022-04-25,1,0.0491531264960036,1,1,1,1
PETR4,1.02,75,2022-04-26,1,0.0401712770922295,1,1,1,1
PETR4,1.02,75,2022-04-27,1,0.0374384500151121,1,1,1,1
PETR4,1.02,75,2022-04-28,1,0.0461789037710276,1,1,1,1
PETR4,1.02,75,2022-04-29,1,0.0772290451082937,1,1,1,1
PETR4,1.02,75,2022-05-02,1,0.0996015644357295,1,1,1,1
PETR4,1.02,75,2022-05-03,1,0.0823529103242595,1,1,1,1
PETR4,1.02,75,2022-05-04,1,0.0411820418264301,1,1,1,1
PETR4,1.02,75,2022-05-05,1,0.0373202538820542,1,1,1,1
PETR4,1.02,75,2022-05-06,1,0.0422018613163204,1,1,1,1
PETR4,1.02,75,2022-05-09,1,0.0642768700042513,1,0,1,0
PETR4,1.02,75,2022-05-10,1,0.0640634818439154,1,1,1,1
PETR4,1.02,75,2022-05-11,1,0.056524349180087,1,1,1,1
PETR4,1.02,75,2022-05-12,1,0.0304985636578332,0,0,0,1
PETR4,1.02,75,2022-05-13,1,0.0259854022935739,0,0,0,1
PETR4,1.02,75,2022-05-16,0,-0.0048571406257958,0,1,1,0
PETR4,1.02,75,2022-05-17,1,0.0623171632250512,0,1,1,0
PETR4,1.02,75,2022-05-18,1,0.0832339327988547,0,0,1,0
PETR4,1.02,75,2022-05-19,1,0.0497253738922032,1,0,1,0
PETR4,1.02,75,2022-05-20,1,0.0321205244427944,1,1,1,1
PETR4,1.02,75,2022-05-23,1,0.0435897979611328,1,1,1,1
PETR4,1.02,75,2022-05-24,1,0.0271293644117427,0,0,1,0
PETR4,1.02,75,2022-05-25,0,-0.0612117249705587,0,1,1,0
PETR4,1.02,75,2022-05-26,0,-0.0662519844195982,1,1,1,1
PETR4,1.02,75,2022-05-27,0,-0.0350193873962222,1,1,1,1
PETR4,1.02,75,2022-05-30,0,-0.0042749222714496,1,0,1,0
PETR4,1.02,75,2022-05-31,1,0.0210702743872608,0,0,1,0
PETR4,1.02,75,2022-06-01,1,0.0443777285567901,1,1,1,1
PETR4,1.02,75,2022-06-02,1,0.0535173795336338,1,1,1,1
PETR4,1.02,75,2022-06-03,1,0.0262295360156534,1,1,1,1
PETR4,1.02,75,2022-06-06,1,0.0367671837310432,1,1,1,1
PETR4,1.02,75,2022-06-07,1,0.0239973860307252,1,0,1,0
PETR4,1.02,75,2022-06-08,0,-0.0298263020560204,1,1,1,1
PETR4,1.02,75,2022-06-09,0,-0.0309896368775448,0,1,1,0
PETR4,1.02,75,2022-06-10,1,0.0423845279812666,1,1,1,1
PETR4,1.02,75,2022-06-13,0,-0.0687795097086524,1,1,1,1
PETR4,1.02,75,2022-06-14,0,-0.0976667365012742,1,1,1,1
PETR4,1.02,75,2022-06-15,0,-0.0418885122928658,0,1,1,0
PETR4,1.02,75,2022-06-17,1,0.0857033294464608,0,1,1,0
PETR4,1.02,75,2022-06-20,0,-0.0543164866351434,0,0,1,0
PETR4,1.02,75,2022-06-21,1,0.0560571764896322,0,1,1,0
PETR4,1.02,75,2022-06-22,1,0.0685693043248565,1,1,1,1
PETR4,1.02,75,2022-06-23,1,0.0773542245484391,1,1,1,1
PETR4,1.02,75,2022-06-24,1,0.0749440359244058,1,1,1,1
PETR4,1.02,75,2022-06-27,0,-0.0017494622641642,1,1,1,1
PETR4,1.02,75,2022-06-28,1,0.0280899169376571,1,1,1,1
PETR4,1.02,75,2022-06-29,1,0.0589511945685257,1,1,1,1
PETR4,1.02,75,2022-06-30,1,0.0427350461597961,1,1,1,1
PETR4,1.02,75,2022-07-01,1,0.0259285503819022,1,1,1,1
PETR4,1.02,75,2022-07-04,0,-0.0034601820165686,1,1,1,1
PETR4,1.02,75,2022-07-05,1,0.0287642483322256,1,1,1,1
PETR4,1.02,75,2022-07-06,1,0.034642874249803,1,1,1,1
PETR4,1.02,75,2022-07-07,0,-0.0098142055038331,0,1,1,0
PETR4,1.02,75,2022-07-08,0,-0.0293079781500659,1,1,1,1
PETR4,1.02,75,2022-07-11,0,-0.0120141090439628,0,1,1,0
PETR4,1.02,75,2022-07-12,0,0.0167081290015393,1,1,1,1
PETR4,1.02,75,2022-07-13,1,0.0442856922418646,1,1,1,1
PETR4,1.02,75,2022-07-14,1,0.0555956468125176,1,0,1,0
PETR4,1.02,75,2022-07-15,1,0.0299401373220014,1,0,1,0
PETR4,1.02,75,2022-07-18,1,0.0322241185426852,1,1,1,1
PETR4,1.02,75,2022-07-19,1,0.057791544378166,1,0,1,0
PETR4,1.02,75,2022-07-20,1,0.0910972379119239,0,1,1,0
PETR4,1.02,75,2022-07-21,1,0.0888429046010539,0,1,1,0
PETR4,1.02,75,2022-07-22,1,0.1019926070373362,1,1,1,1
PETR4,1.02,75,2022-07-25,1,0.1108974999780016,1,1,1,1
PETR4,1.02,75,2022-07-26,1,0.1073482531018863,1,1,1,1
PETR4,1.02,75,2022-07-27,1,0.0971826749948781,1,1,1,1
PETR4,1.02,75,2022-07-28,1,0.0315476679223305,1,1,1,1
PETR4,1.02,75,2022-07-29,0,0.0061764380405044,0,1,1,0
PETR4,1.02,75,2022-08-01,1,0.038199624264243,1,1,1,1
PETR4,1.02,75,2022-08-02,1,0.0811526138098617,1,1,1,1
PETR4,1.02,75,2022-08-03,1,0.0991784388634826,1,0,1,0
PETR4,1.02,75,2022-08-04,1,0.1024890533800475,1,0,1,0
PETR4,1.02,75,2022-08-05,1,0.0774046309629923,1,1,1,1
PETR4,1.02,75,2022-08-08,1,0.0561819826256146,1,1,1,1
PETR4,1.02,75,2022-08-09,1,0.051275441423783,1,0,1,0
PETR4,1.02,75,2022-08-10,1,0.0568897511704313,1,1,1,1
PETR4,1.02,75,2022-08-11,1,0.127835077642902,1,1,1,1
PETR4,1.02,75,2022-08-12,1,0.0900258981269133,1,1,1,1
PETR4,1.02,75,2022-08-15,1,0.061160101969897,1,1,1,1
PETR4,1.02,75,2022-08-16,1,0.0635071090596166,1,1,1,1
PETR4,1.02,75,2022-08-17,0,0.0102719220217688,1,1,1,1
PETR4,1.02,75,2022-08-18,1,0.0364520260971654,1,1,1,1
PETR4,1.02,75,2022-08-19,1,0.0825456760041689,1,0,1,0
PETR4,1.02,75,2022-08-22,1,0.0530186810806003,1,1,1,1
PETR4,1.02,75,2022-08-23,1,0.0459153084354475,1,1,1,1
PETR4,1.02,75,2022-08-24,1,0.0287390178715221,1,1,1,1
PETR4,1.02,75,2022-08-25,1,0.054086512784427,1,1,1,1
PETR4,1.02,75,2022-08-26,1,0.0456035781185797,1,1,1,1
PETR4,1.02,75,2022-08-29,0,-0.0170588135748326,1,1,1,1
PETR4,1.02,75,2022-08-30,1,0.0779544504632572,1,1,1,1
PETR4,1.02,75,2022-08-31,1,0.0362709865394148,1,1,1,1
PETR4,1.02,75,2022-09-01,0,-0.0766550635733313,1,1,1,1
PETR4,1.02,75,2022-09-02,0,-0.0608566900265176,1,1,1,1
PETR4,1.02,75,2022-09-05,0,-0.0213821091445787,1,1,1,1
PETR4,1.02,75,2022-09-06,0,-0.0513772800123407,1,1,1,1
PETR4,1.02,75,2022-09-08,0,-0.0421668223654956,0,0,1,0
PETR4,1.02,75,2022-09-09,0,-0.0339035670197703,1,0,1,0
PETR4,1.02,75,2022-09-12,0,-0.0051712983318613,1,1,1,1
PETR4,1.02,75,2022-09-13,1,0.022113861795306,0,0,1,0
PETR4,1.02,75,2022-09-14,1,0.0219922183305052,1,0,1,0
PETR4,1.02,75,2022-09-15,1,0.02397924859586,1,1,1,1
PETR4,1.02,75,2022-09-16,1,0.0518033072899739,1,1,1,1
PETR4,1.02,75,2022-09-19,1,0.021005746876735,1,1,1,1
PETR4,1.02,75,2022-09-20,1,0.0232854928943078,1,1,1,1
PETR4,1.02,75,2022-09-21,0,-0.0574968379690287,1,1,1,1
PETR4,1.02,75,2022-09-22,0,-0.0654533683167152,1,1,1,1
PETR4,1.02,75,2022-09-23,0,-0.0137954327530146,1,1,1,1
PETR4,1.02,75,2022-09-26,0,-0.0033445344861989,1,1,1,1
PETR4,1.02,75,2022-09-27,1,0.1001011064270671,0,1,1,0
PETR4,1.02,75,2022-09-28,1,0.1376336598917673,1,1,1,1
PETR4,1.02,75,2022-09-29,1,0.12867899515059,1,0,1,0
PETR4,1.02,75,2022-09-30,1,0.0589157018650434,0,1,1,0
PETR4,1.02,75,2022-10-03,1,0.0431610640237285,1,0,1,0
PETR4,1.02,75,2022-10-04,1,0.0926456393174384,1,1,1,1
PETR4,1.02,75,2022-10-05,1,0.0399999777890498,1,1,1,1
PETR4,1.02,75,2022-10-06,1,0.0270994347324697,1,1,1,1
PETR4,1.02,75,2022-10-07,1,0.0249628346110242,1,1,1,1
PETR4,1.02,75,2022-10-10,1,0.0486469965297433,1,1,1,1
PETR4,1.02,75,2022-10-11,1,0.0612307470077275,1,1,1,1
PETR4,1.02,75,2022-10-13,1,0.046806013476607,1,1,1,1
PETR4,1.02,75,2022-10-14,1,0.0995788338659466,0,1,1,0
PETR4,1.02,75,2022-10-17,1,0.1324483887903831,1,1,1,1
PETR4,1.02,75,2022-10-18,1,0.1248169005902617,1,1,1,1
PETR4,1.02,75,2022-10-19,1,0.0634349127770901,1,1,1,1
PETR4,1.02,75,2022-10-20,1,0.0532236022808871,1,1,1,1
PETR4,1.02,75,2022-10-21,0,-0.0969862988941068,1,1,1,1
PETR4,1.02,75,2022-10-24,0,-0.0431844846459501,1,1,1,1
PETR4,1.02,75,2022-10-25,1,0.0288343856912449,1,1,1,1
PETR4,1.02,75,2022-10-26,1,0.0222493201230509,0,0,1,0
PETR4,1.02,75,2022-10-27,0,-0.08409784810272,1,1,1,1
PETR4,1.02,75,2022-10-28,1,0.0323423688599895,0,1,1,0
PETR4,1.02,75,2022-10-31,0,-0.1118744293595016,1,0,1,0
PETR4,1.02,75,2022-11-01,1,0.0369127838672738,1,0,1,0
PETR4,1.02,75,2022-11-03,0,-0.126623417187206,1,0,1,0
PETR4,1.02,75,2022-11-04,0,-0.0658083163194854,1,1,1,1
PETR4,1.02,75,2022-11-07,1,0.0328898118170513,0,0,1,0
PETR4,1.02,75,2022-11-08,1,0.037937433174642,0,0,1,0
PETR4,1.02,75,2022-11-09,1,0.0805214817679376,1,1,1,1
PETR4,1.02,75,2022-11-10,1,0.0922480883877541,1,1,1,1
PETR4,1.02,75,2022-11-11,1,0.0337490926208658,1,1,1,1
PETR4,1.02,75,2022-11-14,0,-0.0370370175140472,1,1,1,1
PETR4,1.02,75,2022-11-16,1,0.0222221664206381,1,1,1,1
PETR4,1.02,75,2022-11-17,0,-0.0222566128530796,0,1,1,0
PETR4,1.02,75,2022-11-18,1,0.0379885885588024,1,1,1,1
PETR4,1.02,75,2022-11-21,1,0.0708695524277012,1,1,1,1
PETR4,1.02,75,2022-11-22,1,0.0708695524277012,1,1,1,1
PETR4,1.02,75,2022-11-23,1,0.1003401195926365,1,1,1,1
PETR4,1.02,75,2022-11-24,1,0.0989283156267897,1,1,1,1
PETR4,1.02,75,2022-11-25,1,0.1327695697555571,1,1,1,1
PETR4,1.02,75,2022-11-28,1,0.0890244517609175,1,1,1,1
PETR4,1.02,75,2022-11-29,1,0.0464843792322313,1,1,1,1
PETR4,1.02,75,2022-11-30,0,-0.0353649141660155,1,1,1,1
PETR4,1.02,75,2022-12-01,1,0.0346438397097088,1,1,1,1
PETR4,1.02,75,2022-12-02,1,0.022307660764316,1,1,1,1
PETR4,1.02,75,2022-12-05,1,0.0220758979064079,1,1,1,1
PETR4,1.02,75,2022-12-06,1,0.0288082059442886,1,1,1,1
PETR4,1.02,75,2022-12-07,0,-0.0872798250736399,1,1,1,1
PETR4,1.02,75,2022-12-08,0,-0.1408563293412716,1,1,1,1
PETR4,1.02,75,2022-12-09,0,-0.1033360667414244,1,1,1,1
PETR4,1.02,75,2022-12-12,0,-0.0850622512913706,1,1,1,1
PETR4,1.02,75,2022-12-13,0,-0.005333360315561,1,1,1,1
PETR4,1.02,75,2022-12-14,1,0.1066666188234319,1,1,1,1
PETR4,1.02,75,2022-12-15,1,0.080145709516201,1,1,1,1
PETR4,1.02,75,2022-12-16,1,0.1113121994028483,1,1,1,1
PETR4,1.02,75,2022-12-19,1,0.1263956806142416,1,0,1,0
PETR4,1.02,75,2022-12-20,1,0.0765957920019833,1,1,1,1
PETR4,1.02,75,2022-12-21,1,0.0589958470267055,1,1,1,1
PETR4,1.02,75,2022-12-22,1,0.0493162103938784,1,1,1,1
PETR4,1.02,75,2022-12-23,0,-0.0246815472607976,1,1,1,1
PETR4,1.02,90,2020-06-04,1,0.0331986179337593,1,1,1,1
PETR4,1.02,90,2020-06-05,0,-0.0864745645982563,1,1,1,1
PETR4,1.02,90,2020-06-08,0,-0.0603721659282762,1,1,1,1
PETR4,1.02,90,2020-06-09,0,-0.0237551860048348,1,1,1,1
PETR4,1.02,90,2020-06-10,1,0.0625605891186835,1,1,1,1
PETR4,1.02,90,2020-06-12,1,0.1060070899326826,1,1,1,1
PETR4,1.02,90,2020-06-15,1,0.0306123388057701,1,1,1,1
PETR4,1.02,90,2020-06-16,1,0.0344506793207464,1,1,1,1
PETR4,1.02,90,2020-06-17,1,0.0491030301452115,1,1,1,1
PETR4,1.02,90,2020-06-18,0,-0.0454545176613091,1,1,1,1
PETR4,1.02,90,2020-06-19,1,0.021759269062189,1,1,1,1
PETR4,1.02,90,2020-06-22,1,0.0400565652864548,1,1,1,1
PETR4,1.02,90,2020-06-23,0,0.0079105963337711,0,1,1,0
PETR4,1.02,90,2020-06-24,1,0.0425633478118987,1,1,1,1
PETR4,1.02,90,2020-06-25,1,0.0490334162424885,1,1,1,1
PETR4,1.02,90,2020-06-26,1,0.0545022994188575,1,1,1,1
PETR4,1.02,90,2020-06-29,1,0.0426428940302974,1,1,1,1
PETR4,1.02,90,2020-06-30,1,0.0510344454365885,1,1,1,1
PETR4,1.02,90,2020-07-01,1,0.0343891523900985,1,1,1,1
PETR4,1.02,90,2020-07-02,1,0.0414578272901293,1,1,1,1
PETR4,1.02,90,2020-07-03,1,0.0209915254059085,1,1,1,1
PETR4,1.02,90,2020-07-06,1,0.0210385081005113,1,1,1,1
PETR4,1.02,90,2020-07-07,0,-0.012917593920808,1,1,1,1
PETR4,1.02,90,2020-07-08,0,0.0052676869876084,1,1,1,1
PETR4,1.02,90,2020-07-09,1,0.0558811186680954,1,0,1,0
PETR4,1.02,90,2020-07-10,1,0.0362672536887196,1,0,1,0
PETR4,1.02,90,2020-07-13,1,0.0587438283283716,1,1,1,1
PETR4,1.02,90,2020-07-14,0,-0.0198276761796528,1,1,1,1
PETR4,1.02,90,2020-07-15,0,0.0090672721195177,1,1,1,1
PETR4,1.02,90,2020-07-16,1,0.0337276305722313,1,1,1,1
PETR4,1.02,90,2020-07-17,1,0.0396476306088833,1,1,1,1
PETR4,1.02,90,2020-07-20,0,-0.0181239297292239,1,1,1,1
PETR4,1.02,90,2020-07-21,0,-0.0042728634059212,0,1,1,0
PETR4,1.02,90,2020-07-22,0,-0.0155440557454417,1,0,1,0
PETR4,1.02,90,2020-07-23,1,0.0346050802139437,1,0,1,0
PETR4,1.02,90,2020-07-24,0,-0.002186264179176,1,0,1,0
PETR4,1.02,90,2020-07-27,0,-0.0364583219302099,1,1,1,1
PETR4,1.02,90,2020-07-28,0,-0.0534086229706406,1,0,1,0
PETR4,1.02,90,2020-07-29,0,-0.0497381707311704,1,0,1,0
PETR4,1.02,90,2020-07-30,0,0.0113438319362748,0,0,1,0
PETR4,1.02,90,2020-07-31,1,0.0439218842246185,1,0,1,0
PETR4,1.02,90,2020-08-03,1,0.0964585465518885,1,0,1,0
PETR4,1.02,90,2020-08-04,1,0.0584795224323864,0,1,1,0
PETR4,1.02,90,2020-08-05,1,0.0257731243932881,1,1,1,1
PETR4,1.02,90,2020-08-06,1,0.0446194194832698,0,1,1,0
PETR4,1.02,90,2020-08-07,1,0.0427946697901173,1,0,1,0
PETR4,1.02,90,2020-08-10,0,-0.043863313204523,1,1,1,1
PETR4,1.02,90,2020-08-11,0,-0.0325343572573159,1,1,1,1
PETR4,1.02,90,2020-08-12,0,-0.0183368657117317,1,1,1,1
PETR4,1.02,90,2020-08-13,1,0.0241545223046959,1,0,1,0
PETR4,1.02,90,2020-08-14,1,0.0282187076994067,1,1,1,1
PETR4,1.02,90,2020-08-17,0,-0.0161361381796891,1,1,1,1
PETR4,1.02,90,2020-08-18,0,0.0008714279622725,1,1,1,1
PETR4,1.02,90,2020-08-19,1,0.0279750845433317,0,1,1,0
PETR4,1.02,90,2020-08-20,1,0.0270629836898488,1,1,1,1
PETR4,1.02,90,2020-08-21,0,-0.0310585924467038,1,1,1,1
PETR4,1.02,90,2020-08-24,0,-0.0238197708992099,1,1,1,1
PETR4,1.02,90,2020-08-25,0,-0.0390693426912408,1,1,1,1
PETR4,1.02,90,2020-08-26,1,0.0255376864539942,0,1,1,0
PETR4,1.02,90,2020-08-27,1,0.038202294401777,1,1,1,1
PETR4,1.02,90,2020-08-28,1,0.0358423484498409,1,1,1,1
PETR4,1.02,90,2020-08-31,1,0.0414414496297004,1,1,1,1
PETR4,1.02,90,2020-09-01,0,-0.0292193983295993,0,1,1,0
PETR4,1.02,90,2020-09-02,1,0.022556388740814,1,1,1,1
PETR4,1.02,90,2020-09-03,0,-0.0382609387307091,1,1,1,1
PETR4,1.02,90,2020-09-04,0,-0.0275554515292906,1,0,1,0
PETR4,1.02,90,2020-09-08,0,-0.0360159667566086,1,0,1,0
PETR4,1.02,90,2020-09-09,0,-0.0403011017949909,1,1,1,1
PETR4,1.02,90,2020-09-10,0,-0.017630994549549,1,1,1,1
PETR4,1.02,90,2020-09-11,0,0.0095715942867793,1,1,1,1
PETR4,1.02,90,2020-09-14,0,-0.0150136375646784,1,1,1,1
PETR4,1.02,90,2020-09-15,0,-0.0434782943281044,1,1,1,1
PETR4,1.02,90,2020-09-16,1,0.0306833821355105,1,1,1,1
PETR4,1.02,90,2020-09-17,0,-0.0800363788514509,1,1,1,1
PETR4,1.02,90,2020-09-18,0,-0.0418036422499988,1,1,1,1
PETR4,1.02,90,2020-09-21,0,-0.0395993186240981,0,1,1,0
PETR4,1.02,90,2020-09-22,0,-0.0562499747376964,1,1,1,1
PETR4,1.02,90,2020-09-23,1,0.023221412747818,0,1,1,0
PETR4,1.02,90,2020-09-24,1,0.0203474069648286,1,0,1,0
PETR4,1.02,90,2020-09-25,0,-0.0236103977523201,0,0,1,0
PETR4,1.02,90,2020-09-28,1,0.021905220540078,1,1,1,1
PETR4,1.02,90,2020-09-29,1,0.0338461294368095,0,1,1,0
PETR4,1.02,90,2020-09-30,1,0.0539715823146123,1,1,1,1
PETR4,1.02,90,2020-10-01,1,0.0491637106908913,0,1,1,0
PETR4,1.02,90,2020-10-02,1,0.069214968807024,0,1,1,0
PETR4,1.02,90,2020-10-05,0,-0.032730866689798,1,1,1,1
PETR4,1.02,90,2020-10-06,1,0.0295000215226755,1,1,1,1
PETR4,1.02,90,2020-10-07,1,0.0274450333279576,0,1,1,0
PETR4,1.02,90,2020-10-08,0,-0.0290069025790472,0,1,1,0
PETR4,1.02,90,2020-10-09,1,0.023103971418408,0,1,1,0
PETR4,1.02,90,2020-10-13,0,-0.0283723796149936,1,1,1,1
PETR4,1.02,90,2020-10-14,1,0.033129541417626,1,1,1,1
PETR4,1.02,90,2020-10-15,1,0.0335536127262254,0,1,1,0
PETR4,1.02,90,2020-10-16,1,0.0736733755814722,0,1,1,0
PETR4,1.02,90,2020-10-19,1,0.0747332019510054,1,1,1,1
PETR4,1.02,90,2020-10-20,1,0.0486111782990374,1,1,1,1
PETR4,1.02,90,2020-10-21,1,0.0517414227184693,1,0,1,0
PETR4,1.02,90,2020-10-22,0,-0.108405109836036,1,1,1,1
PETR4,1.02,90,2020-10-23,0,-0.0511558893661155,0,0,1,0
PETR4,1.02,90,2020-10-26,0,-0.0651529662894865,1,0,1,0
PETR4,1.02,90,2020-10-27,1,0.0284236935716306,1,0,1,0
PETR4,1.02,90,2020-10-28,1,0.0889853951200285,1,1,1,1
PETR4,1.02,90,2020-10-29,1,0.0485894193537503,0,1,1,0
PETR4,1.02,90,2020-10-30,1,0.0287032169211118,1,1,1,1
PETR4,1.02,90,2020-11-03,1,0.1339330340711808,0,1,1,0
PETR4,1.02,90,2020-11-04,1,0.1604010755943514,1,1,1,1
PETR4,1.02,90,2020-11-05,1,0.1948849589672419,1,1,1,1
PETR4,1.02,90,2020-11-06,1,0.1065845802493974,1,1,1,1
PETR4,1.02,90,2020-11-09,1,0.0671540465320925,1,1,1,1
PETR4,1.02,90,2020-11-10,0,-0.0025696437251336,1,1,1,1
PETR4,1.02,90,2020-11-11,1,0.0615655018459815,0,0,0,1
PETR4,1.02,90,2020-11-12,1,0.0962761258024538,1,0,0,0
PETR4,1.02,90,2020-11-13,1,0.0405172167622318,1,0,1,0
PETR4,1.02,90,2020-11-16,1,0.0472884597063361,1,1,1,1
PETR4,1.02,90,2020-11-17,1,0.0462693479920479,1,1,1,1
PETR4,1.02,90,2020-11-18,1,0.1324841168170603,0,1,1,0
PETR4,1.02,90,2020-11-19,1,0.1187080358218455,0,1,1,0
PETR4,1.02,90,2020-11-20,1,0.1089396559728215,1,1,1,1
PETR4,1.02,90,2020-11-23,1,0.0401716557164164,1,1,1,1
PETR4,1.02,90,2020-11-24,0,-0.0496183152217094,0,1,1,0
PETR4,1.02,90,2020-11-25,0,-0.013107211474887,1,0,1,0
PETR4,1.02,90,2020-11-26,1,0.0223766385143375,1,0,1,0
PETR4,1.02,90,2020-11-27,1,0.0645288839505737,0,0,0,1
PETR4,1.02,90,2020-11-30,1,0.0854330716480216,1,0,1,0
PETR4,1.02,90,2020-12-01,1,0.085546849189031,1,1,1,1
PETR4,1.02,90,2020-12-02,1,0.062715141554414,1,1,1,1
PETR4,1.02,90,2020-12-03,1,0.0220668746917995,0,1,1,0
PETR4,1.02,90,2020-12-04,1,0.034103466641937,1,1,1,1
PETR4,1.02,90,2020-12-07,1,0.0518462555837477,1,1,1,1
PETR4,1.02,90,2020-12-08,1,0.0615845820517182,1,1,1,1
PETR4,1.02,90,2020-12-09,1,0.0397203991816694,1,1,1,1
PETR4,1.02,90,2020-12-10,1,0.0283739001858107,0,1,1,0
PETR4,1.02,90,2020-12-11,0,0.0074918800473757,0,1,1,0
PETR4,1.02,90,2020-12-14,1,0.0212230351155142,1,1,1,1
PETR4,1.02,90,2020-12-15,0,-0.0298025755965194,0,1,1,0
PETR4,1.02,90,2020-12-16,0,-0.0360423993836949,0,1,1,0
PETR4,1.02,90,2020-12-17,0,-0.005338063598401,1,0,1,0
PETR4,1.02,90,2020-12-18,1,0.0489149303032525,1,0,1,0
PETR4,1.02,90,2020-12-21,1,0.0485293786737095,1,0,1,0
PETR4,1.02,90,2020-12-22,1,0.0397374790767779,0,1,1,0
PETR4,1.02,90,2020-12-23,1,0.0289139779629279,0,1,1,0
PETR4,1.02,90,2020-12-28,1,0.0634248912798758,1,0,1,0
PETR4,1.02,90,2020-12-29,1,0.089947081787943,0,1,1,0
PETR4,1.02,90,2020-12-30,1,0.0872600340846119,1,1,1,1
PETR4,1.02,90,2021-01-04,1,0.098961940615295,0,1,1,0
PETR4,1.02,90,2021-01-05,1,0.053050476550895,0,1,1,0
PETR4,1.02,90,2021-01-06,1,0.0468029723583443,1,0,1,0
PETR4,1.02,90,2021-01-07,0,-0.0734265237166422,1,1,1,1
PETR4,1.02,90,2021-01-08,1,0.0310355226722287,1,1,1,1
PETR4,1.02,90,2021-01-11,0,-0.0964010836980726,1,0,1,0
PETR4,1.02,90,2021-01-12,0,-0.0850717360350672,1,0,1,0
PETR4,1.02,90,2021-01-13,0,-0.016455240162716,0,1,1,0
PETR4,1.02,90,2021-01-14,0,-0.0289156517716615,1,1,1,1
PETR4,1.02,90,2021-01-15,1,0.0286117659356985,1,0,0,0
PETR4,1.02,90,2021-01-18,1,0.0224719193995492,0,0,0,1
PETR4,1.02,90,2021-01-19,0,-0.0673575574925343,0,1,1,0
PETR4,1.02,90,2021-01-20,0,-0.0228408374889734,0,1,1,0
PETR4,1.02,90,2021-01-21,1,0.0564425724660078,1,1,1,1
PETR4,1.02,90,2021-01-22,1,0.0440367010971873,0,1,1,0
PETR4,1.02,90,2021-01-26,1,0.0611711081597603,1,1,1,1
PETR4,1.02,90,2021-01-27,1,0.0666177738814544,1,1,1,1
PETR4,1.02,90,2021-01-28,1,0.058866212819413,1,1,1,1
PETR4,1.02,90,2021-01-29,1,0.068965474701877,0,1,1,0
PETR4,1.02,90,2021-02-01,1,0.0595070696468591,1,1,1,1
PETR4,1.02,90,2021-02-02,1,0.0383023367754697,0,1,1,0
PETR4,1.02,90,2021-02-03,1,0.0437045195378187,1,1,1,1
PETR4,1.02,90,2021-02-04,1,0.0383023367754697,1,1,1,1
PETR4,1.02,90,2021-02-05,1,0.0277095698779759,1,1,1,1
PETR4,1.02,90,2021-02-08,0,0.013903776910386,1,1,1,1
PETR4,1.02,90,2021-02-09,1,0.0670511756331748,1,1,1,1
PETR4,1.02,90,2021-02-10,1,0.0987917516010608,1,1,1,1
PETR4,1.02,90,2021-02-11,1,0.1118302641819366,1,1,1,1
PETR4,1.02,90,2021-02-12,1,0.0841514822426843,1,1,1,1
PETR4,1.02,90,2021-02-17,0,-0.2080316614606753,1,1,1,1
PETR4,1.02,90,2021-02-18,0,-0.129504126202876,1,1,1,1
PETR4,1.02,90,2021-02-19,1,0.1074561342051942,1,1,1,1
PETR4,1.02,90,2021-02-22,1,0.0954447126835398,1,1,1,1
PETR4,1.02,90,2021-02-23,1,0.0285132971553687,1,1,1,1
PETR4,1.02,90,2021-02-24,0,-0.1203999989238662,1,1,1,1
PETR4,1.02,90,2021-02-25,0,-0.0866378953584631,1,1,1,1
PETR4,1.02,90,2021-02-26,0,-0.0254387021969734,1,1,1,1
PETR4,1.02,90,2021-03-01,1,0.0631868267234954,1,1,1,1
PETR4,1.02,90,2021-03-02,1,0.065137557219737,1,0,1,0
PETR4,1.02,90,2021-03-03,1,0.0901408873209306,1,1,1,1
PETR4,1.02,90,2021-03-04,1,0.0347592913714933,1,1,1,1
PETR4,1.02,90,2021-03-05,1,0.0706473356615231,1,1,1,1
PETR4,1.02,90,2021-03-08,1,0.0997191743154943,1,1,1,1
PETR4,1.02,90,2021-03-09,1,0.0788515374390566,1,1,1,1
PETR4,1.02,90,2021-03-10,1,0.0468611132833465,1,1,1,1
PETR4,1.02,90,2021-03-11,1,0.0423326708699991,1,1,1,1
PETR4,1.02,90,2021-03-12,1,0.0441368810979265,1,1,1,1
PETR4,1.02,90,2021-03-15,1,0.0211596274518846,1,1,1,1
PETR4,1.02,90,2021-03-16,1,0.0427831765158455,1,1,1,1
PETR4,1.02,90,2021-03-17,0,-0.0452260365335694,1,1,1,1
PETR4,1.02,90,2021-03-18,1,0.033089840924009,1,1,1,1
PETR4,1.02,90,2021-03-19,0,-0.0206838604648917,1,1,1,1
PETR4,1.02,90,2021-03-22,1,0.0306430473812928,1,1,1,1
PETR4,1.02,90,2021-03-23,1,0.0297542111520974,1,1,1,1
PETR4,1.02,90,2021-03-24,1,0.056828122761604,1,1,1,1
PETR4,1.02,90,2021-03-25,1,0.0319421337513206,1,1,1,1
PETR4,1.02,90,2021-03-26,1,0.0449871700496844,1,1,1,1
PETR4,1.02,90,2021-03-29,1,0.0317257998665645,1,1,1,1
PETR4,1.02,90,2021-03-30,1,0.0247899341927801,1,1,1,1
PETR4,1.02,90,2021-03-31,0,-0.0119389817987084,1,1,1,1
PETR4,1.02,90,2021-04-01,0,-0.0178202579760587,1,1,1,1
PETR4,1.02,90,2021-04-05,0,-0.0219190465892045,1,1,1,1
PETR4,1.02,90,2021-04-06,0,-0.0020885489697868,1,0,1,0
PETR4,1.02,90,2021-04-07,0,-0.0004169289125686,1,1,1,1
PETR4,1.02,90,2021-04-08,1,0.0459574935757534,1,1,1,1
PETR4,1.02,90,2021-04-09,1,0.0278127068050666,1,1,1,1
PETR4,1.02,90,2021-04-12,1,0.0269555129978606,1,0,1,0
PETR4,1.02,90,2021-04-13,1,0.0628850332373001,1,1,1,1
PETR4,1.02,90,2021-04-14,1,0.0502109302570816,1,1,1,1
PETR4,1.02,90,2021-04-15,1,0.0760917384597092,0,0,1,0
PETR4,1.02,90,2021-04-16,1,0.0845315605724039,1,1,1,1
PETR4,1.02,90,2021-04-19,0,-0.0226059422403898,1,1,1,1
PETR4,1.02,90,2021-04-20,0,-0.0430820900039322,1,0,1,0
PETR4,1.02,90,2021-04-22,0,0.0025125747977492,0,1,1,0
PETR4,1.02,90,2021-04-23,0,-0.0096435154801359,1,1,1,1
PETR4,1.02,90,2021-04-26,0,-0.0083962091578093,1,1,1,1
PETR4,1.02,90,2021-04-27,1,0.0380342288033601,1,0,1,0
PETR4,1.02,90,2021-04-28,0,-0.050994995845274,1,1,1,1
PETR4,1.02,90,2021-04-29,1,0.0235042455720417,1,0,0,0
PETR4,1.02,90,2021-04-30,0,-0.0126049656090858,1,1,0,0
PETR4,1.02,90,2021-05-03,1,0.0386575092952425,1,1,1,1
PETR4,1.02,90,2021-05-04,1,0.0781183485023468,0,0,1,0
PETR4,1.02,90,2021-05-05,1,0.0615774148070393,1,1,1,1
PETR4,1.02,90,2021-05-06,1,0.0799491997977022,1,1,1,1
PETR4,1.02,90,2021-05-07,1,0.0294354917016181,1,1,1,1
PETR4,1.02,90,2021-05-10,1,0.0793781829298561,0,0,0,1
PETR4,1.02,90,2021-05-11,1,0.0685370046741278,1,1,0,0
PETR4,1.02,90,2021-05-12,1,0.0823909486914475,0,0,0,1
PETR4,1.02,90,2021-05-13,1,0.0387597495655438,1,1,1,1
PETR4,1.02,90,2021-05-14,0,-0.0140685072121189,1,1,1,1
PETR4,1.02,90,2021-05-17,0,-0.0280898992805616,1,0,1,0
PETR4,1.02,90,2021-05-18,1,0.025918760189721,0,0,1,0
PETR4,1.02,90,2021-05-19,0,-0.0118547405709186,0,0,0,1
PETR4,1.02,90,2021-05-20,1,0.0207054948713221,1,1,1,1
PETR4,1.02,90,2021-05-21,0,-0.0140792138889913,1,0,1,0
PETR4,1.02,90,2021-05-24,1,0.0203928469823706,1,1,1,1
PETR4,1.02,90,2021-05-25,1,0.0497877131738404,1,1,1,1
PETR4,1.02,90,2021-05-26,1,0.062116609390211,1,1,1,1
PETR4,1.02,90,2021-05-27,1,0.0713740100571069,1,1,1,1
PETR4,1.02,90,2021-05-28,1,0.061572628035857,1,1,1,1
PETR4,1.02,90,2021-05-31,1,0.0445255214382931,0,1,1,0
PETR4,1.02,90,2021-06-01,1,0.0530164677382605,1,0,1,0
PETR4,1.02,90,2021-06-02,1,0.0363507339903745,0,1,1,0
PETR4,1.02,90,2021-06-04,1,0.0203508582829727,0,1,1,0
PETR4,1.02,90,2021-06-07,1,0.0323039068456438,1,0,1,0
PETR4,1.02,90,2021-06-08,1,0.0219359242314471,0,1,1,0
PETR4,1.02,90,2021-06-09,0,0.0069372510629086,1,1,1,1
PETR4,1.02,90,2021-06-10,0,0.0118056115806672,1,1,1,1
PETR4,1.02,90,2021-06-11,0,-0.0266436120189241,1,0,1,0
PETR4,1.02,90,2021-06-14,0,-0.0220994394432143,1,0,1,0
PETR4,1.02,90,2021-06-15,0,-0.004470447420739,1,1,1,1
PETR4,1.02,90,2021-06-16,0,0.0031023931064211,0,0,1,0
PETR4,1.02,90,2021-06-17,1,0.054285740518265,0,0,0,1
PETR4,1.02,90,2021-06-18,1,0.044014062114893,1,0,1,0
PETR4,1.02,90,2021-06-21,1,0.0272413954844319,0,1,1,0
PETR4,1.02,90,2021-06-22,0,-0.0068375282945439,1,1,1,1
PETR4,1.02,90,2021-06-23,0,-0.0105119775101812,0,1,1,0
PETR4,1.02,90,2021-06-24,0,-0.0087571985645288,0,0,1,0
PETR4,1.02,90,2021-06-25,1,0.0239890344254447,0,0,1,0
PETR4,1.02,90,2021-06-28,1,0.0271571143873998,1,1,1,1
PETR4,1.02,90,2021-06-29,1,0.0292800808709725,0,1,1,0
PETR4,1.02,90,2021-06-30,0,-0.0696032272031508,0,0,1,0
PETR4,1.02,90,2021-07-01,0,-0.0426620976567017,0,1,1,0
PETR4,1.02,90,2021-07-02,0,-0.0523957481162358,1,1,1,1
PETR4,1.02,90,2021-07-05,0,-0.0337978435887517,1,0,1,0
PETR4,1.02,90,2021-07-06,0,-0.0088810367640819,1,0,1,0
PETR4,1.02,90,2021-07-07,1,0.0291971002306419,0,1,1,0
PETR4,1.02,90,2021-07-08,1,0.0224800461199341,0,1,1,0
PETR4,1.02,90,2021-07-12,1,0.023222052560659,0,1,1,0
PETR4,1.02,90,2021-07-13,0,-0.0661921376838154,1,1,1,1
PETR4,1.02,90,2021-07-14,0,-0.0327392145282757,1,1,1,1
PETR4,1.02,90,2021-07-15,0,-0.0099154622294026,1,1,1,1
PETR4,1.02,90,2021-07-16,1,0.0489025621439545,1,1,1,1
PETR4,1.02,90,2021-07-19,1,0.040091578821416,0,0,1,0
PETR4,1.02,90,2021-07-20,1,0.0253826042255791,0,1,1,0
PETR4,1.02,90,2021-07-21,0,0.0055554611446149,0,1,1,0
PETR4,1.02,90,2021-07-22,1,0.0295201932901534,0,1,1,0
PETR4,1.02,90,2021-07-23,1,0.0441286122716564,1,1,1,1
PETR4,1.02,90,2021-07-26,1,0.0208409308457317,1,1,1,1
PETR4,1.02,90,2021-07-27,0,-0.0371855024421656,1,0,1,0
PETR4,1.02,90,2021-07-28,0,-0.0341727048192065,1,1,1,1
PETR4,1.02,90,2021-07-29,0,-0.0478260767039558,1,0,1,0
PETR4,1.02,90,2021-07-30,1,0.0654412503648971,0,0,1,0
PETR4,1.02,90,2021-08-02,1,0.0993929921892649,0,1,1,0
PETR4,1.02,90,2021-08-03,1,0.0915254935299119,1,1,0,0
PETR4,1.02,90,2021-08-04,0,-0.0163477906147179,1,1,1,1
PETR4,1.02,90,2021-08-05,0,0.0059648260238145,1,1,1,1
PETR4,1.02,90,2021-08-06,1,0.0443650327384093,0,1,0,0
PETR4,1.02,90,2021-08-09,1,0.0462897409075715,0,0,0,1
PETR4,1.02,90,2021-08-10,1,0.0514914901172665,0,1,0,0
PETR4,1.02,90,2021-08-11,1,0.0331472880750878,0,0,1,0
PETR4,1.02,90,2021-08-12,0,-0.0232068053915659,0,1,1,0
PETR4,1.02,90,2021-08-13,0,-0.0333330064309864,0,0,0,1
PETR4,1.02,90,2021-08-16,1,0.0294336843557894,0,0,1,0
PETR4,1.02,90,2021-08-17,0,-0.000369957875251,0,0,1,0
PETR4,1.02,90,2021-08-18,1,0.0521705172772521,0,0,1,0
PETR4,1.02,90,2021-08-19,1,0.0541666913878324,0,1,0,0
PETR4,1.02,90,2021-08-20,1,0.0348924501154108,1,1,1,1
PETR4,1.02,90,2021-08-23,1,0.0439720952573237,1,0,0,0
PETR4,1.02,90,2021-08-24,1,0.0390880224695273,0,0,1,0
PETR4,1.02,90,2021-08-25,1,0.0409717862264511,0,0,1,0
PETR4,1.02,90,2021-08-26,1,0.0364621781599472,1,1,1,1
PETR4,1.02,90,2021-08-27,0,-0.0633802580816097,1,0,1,0
PETR4,1.02,90,2021-08-30,0,-0.0663120217862099,0,1,1,0
PETR4,1.02,90,2021-08-31,0,-0.031478762231286,0,1,1,0
PETR4,1.02,90,2021-09-01,0,-0.0751852356563367,1,0,1,0
PETR4,1.02,90,2021-09-02,0,-0.0431519211162307,0,1,1,0
PETR4,1.02,90,2021-09-03,0,-0.0331935436205889,1,0,1,0
PETR4,1.02,90,2021-09-06,0,-0.0022822277935766,0,0,1,0
PETR4,1.02,90,2021-09-08,1,0.0522329014940954,1,0,1,0
PETR4,1.02,90,2021-09-09,0,0.0119139854091243,1,1,1,1
PETR4,1.02,90,2021-09-10,1,0.0255814169422052,1,0,1,0
PETR4,1.02,90,2021-09-13,0,-0.0393063278698768,0,1,1,0
PETR4,1.02,90,2021-09-14,0,-0.0519229987790633,1,0,1,0
PETR4,1.02,90,2021-09-15,0,-0.0333588877583707,1,1,1,1
PETR4,1.02,90,2021-09-16,0,-0.0046206987245774,1,0,1,0
PETR4,1.02,90,2021-09-17,1,0.1191859731001094,1,0,1,0
PETR4,1.02,90,2021-09-20,1,0.0789474360950952,0,0,1,0
PETR4,1.02,90,2021-09-21,1,0.0755972860476867,0,0,1,0
PETR4,1.02,90,2021-09-22,1,0.0747592241393186,1,1,1,1
PETR4,1.02,90,2021-09-23,1,0.0504708484827662,1,1,1,1
PETR4,1.02,90,2021-09-24,1,0.027634494678967,1,0,1,0
PETR4,1.02,90,2021-09-27,1,0.0297903626504529,1,1,1,1
PETR4,1.02,90,2021-09-28,1,0.058801911145073,1,1,1,1
PETR4,1.02,90,2021-09-29,1,0.0704686471209425,1,1,1,1
PETR4,1.02,90,2021-09-30,1,0.0866519235007257,0,1,1,0
PETR4,1.02,90,2021-10-01,1,0.0615995238248019,1,1,1,1
PETR4,1.02,90,2021-10-04,1,0.0210345084679417,1,1,1,1
PETR4,1.02,90,2021-10-05,1,0.0310880702589686,0,1,1,0
PETR4,1.02,90,2021-10-06,1,0.0400696390574562,1,1,1,1
PETR4,1.02,90,2021-10-07,1,0.0420690169358839,1,1,1,1
PETR4,1.02,90,2021-10-08,1,0.0244067897543807,0,1,1,0
PETR4,1.02,90,2021-10-11,1,0.0359959603225508,0,1,1,0
PETR4,1.02,90,2021-10-13,0,-0.061955763632902,1,1,1,1
PETR4,1.02,90,2021-10-14,0,-0.0466443235575446,1,0,1,0
PETR4,1.02,90,2021-10-15,0,-0.0663265876410538,1,0,1,0
PETR4,1.02,90,2021-10-18,0,-0.0704513800629793,0,0,1,0
PETR4,1.02,90,2021-10-19,1,0.0367880833661153,1,1,1,1
PETR4,1.02,90,2021-10-20,1,0.052045853433005,1,1,1,1
PETR4,1.02,90,2021-10-21,1,0.0815497279288253,1,1,1,1
PETR4,1.02,90,2021-10-22,1,0.0558357461092258,0,1,1,0
PETR4,1.02,90,2021-10-25,0,-0.0538194511094646,1,1,1,1
PETR4,1.02,90,2021-10-26,0,-0.0287894515485319,1,1,1,1
PETR4,1.02,90,2021-10-27,1,0.0252366056247101,1,1,1,1
PETR4,1.02,90,2021-10-28,0,-0.1074493788142753,0,0,1,0
PETR4,1.02,90,2021-10-29,1,0.0220137413396197,0,1,1,0
PETR4,1.02,90,2021-11-01,0,-0.057380012657372,0,1,1,0
PETR4,1.02,90,2021-11-03,0,-0.0140637158654046,1,1,1,1
PETR4,1.02,90,2021-11-04,1,0.0251045057293426,1,1,1,1
PETR4,1.02,90,2021-11-05,1,0.0441688775796762,1,1,1,1
PETR4,1.02,90,2021-11-08,1,0.0366411968556585,1,1,1,1
PETR4,1.02,90,2021-11-09,1,0.0360902035136156,1,1,1,1
PETR4,1.02,90,2021-11-10,1,0.0252976379205092,0,1,1,0
PETR4,1.02,90,2021-11-11,1,0.0475103860133503,1,1,1,1
PETR4,1.02,90,2021-11-12,0,-0.0425532538145471,0,1,1,0
PETR4,1.02,90,2021-11-16,0,-0.03760493407988,0,0,1,0
PETR4,1.02,90,2021-11-17,1,0.0509554506595115,1,0,1,0
PETR4,1.02,90,2021-11-18,1,0.0896551878328943,1,1,1,1
PETR4,1.02,90,2021-11-19,1,0.1326995755030793,1,1,1,1
PETR4,1.02,90,2021-11-22,1,0.1195039523910266,1,1,1,1
PETR4,1.02,90,2021-11-23,1,0.0734341809060759,1,1,1,1
PETR4,1.02,90,2021-11-24,1,0.0265060289366969,1,1,1,1
PETR4,1.02,90,2021-11-25,1,0.0803099887611387,1,1,1,1
PETR4,1.02,90,2021-11-26,1,0.0900733625031537,1,1,1,1
PETR4,1.02,90,2021-11-29,1,0.1095585210913578,1,1,1,1
PETR4,1.02,90,2021-11-30,1,0.1019026360905237,0,1,1,0
PETR4,1.02,90,2021-12-01,1,0.0955909956067977,1,1,1,1
PETR4,1.02,90,2021-12-02,1,0.0558286864705832,1,1,1,1
PETR4,1.02,90,2021-12-03,1,0.0448227594438763,0,0,1,0
PETR4,1.02,90,2021-12-06,1,0.0280055105298218,1,0,1,0
PETR4,1.02,90,2021-12-07,1,0.0252043497775387,1,0,1,0
PETR4,1.02,90,2021-12-08,1,0.0343642895797005,1,1,1,1
PETR4,1.02,90,2021-12-09,1,0.0203390185509058,0,1,1,0
PETR4,1.02,90,2021-12-10,0,0.0006740489229593,0,1,1,0
PETR4,1.02,90,2021-12-13,0,-0.0209388736242176,1,1,1,1
PETR4,1.02,90,2021-12-14,1,0.0302405898623052,1,1,1,1
PETR4,1.02,90,2021-12-15,0,-0.0479405695327478,1,0,1,0
PETR4,1.02,90,2021-12-16,0,-0.0395633881865954,1,1,1,1
PETR4,1.02,90,2021-12-17,0,-0.0038678447755591,0,0,1,0
PETR4,1.02,90,2021-12-20,0,0.0070052978798138,0,0,1,0
PETR4,1.02,90,2021-12-21,1,0.0309858590887794,1,1,1,1
PETR4,1.02,90,2021-12-22,1,0.0335333262756292,0,0,1,0
PETR4,1.02,90,2021-12-23,1,0.0338983067209948,0,1,1,0
PETR4,1.02,90,2021-12-27,0,0.0027577248007031,1,1,1,1
PETR4,1.02,90,2021-12-28,1,0.0243903019880957,0,0,1,0
PETR4,1.02,90,2021-12-29,1,0.0297723723477565,1,0,0,0
PETR4,1.02,90,2021-12-30,1,0.0301332214453287,1,1,1,1
PETR4,1.02,90,2022-01-03,0,-0.0336076497315809,0,1,1,0
PETR4,1.02,90,2022-01-04,0,-0.0404248143092862,1,0,1,0
PETR4,1.02,90,2022-01-05,1,0.0275715994328327,0,0,0,1
PETR4,1.02,90,2022-01-06,1,0.0640341654565914,0,1,1,0
PETR4,1.02,90,2022-01-07,1,0.0943194256443595,1,1,1,1
PETR4,1.02,90,2022-01-10,1,0.1245551573723986,1,1,1,1
PETR4,1.02,90,2022-01-11,1,0.0987910539027621,1,1,1,1
PETR4,1.02,90,2022-01-12,1,0.0829664886604353,0,0,1,0
PETR4,1.02,90,2022-01-13,1,0.0637384715703548,1,1,1,1
PETR4,1.02,90,2022-01-14,1,0.0257961920421108,1,1,1,1
PETR4,1.02,90,2022-01-17,1,0.0205956896223882,1,1,1,1
PETR4,1.02,90,2022-01-18,0,0.0015673650731617,1,1,0,0
PETR4,1.02,90,2022-01-19,1,0.0549206222736731,1,1,1,1
PETR4,1.02,90,2022-01-20,1,0.0855242521922468,1,1,1,1
PETR4,1.02,90,2022-01-21,1,0.0930892362200599,1,1,1,1
PETR4,1.02,90,2022-01-24,1,0.0927444769378367,1,1,1,1
PETR4,1.02,90,2022-01-25,1,0.0402401793422284,1,1,1,1
PETR4,1.02,90,2022-01-26,0,-0.0364963794978488,1,1,1,1
PETR4,1.02,90,2022-01-27,0,-0.0378697702198536,1,1,1,1
PETR4,1.02,90,2022-01-28,1,0.0304615371673488,1,1,1,1
PETR4,1.02,90,2022-01-31,1,0.035239552473107,1,1,1,1
PETR4,1.02,90,2022-02-01,0,-0.0377132343488486,1,1,1,1
PETR4,1.02,90,2022-02-02,1,0.0272025090037384,1,1,1,1
PETR4,1.02,90,2022-02-03,1,0.0253008744082747,1,1,1,1
PETR4,1.02,90,2022-02-04,0,-0.0033794626272254,1,1,0,0
PETR4,1.02,90,2022-02-07,1,0.0630093957913917,1,1,1,1
PETR4,1.02,90,2022-02-08,1,0.0693131734643803,1,1,1,1
PETR4,1.02,90,2022-02-09,1,0.0507739901917143,1,1,1,1
PETR4,1.02,90,2022-02-10,1,0.0357033684047531,1,1,1,1
PETR4,1.02,90,2022-02-11,0,-0.0313053925770061,1,1,1,1
PETR4,1.02,90,2022-02-14,1,0.0318432830879493,1,1,1,1
PETR4,1.02,90,2022-02-15,1,0.0356381172326738,1,1,1,1
PETR4,1.02,90,2022-02-16,1,0.0557077713737184,1,1,1,1
PETR4,1.02,90,2022-02-17,1,0.0647835559210929,1,1,1,1
PETR4,1.02,90,2022-02-18,1,0.0677760403314753,1,1,1,1
PETR4,1.02,90,2022-02-21,1,0.0312682283350607,1,1,1,1
PETR4,1.02,90,2022-02-22,1,0.0324751198613975,0,0,1,0
PETR4,1.02,90,2022-02-23,0,-0.0160919608859213,1,0,1,0
PETR4,1.02,90,2022-02-24,1,0.0550074254613635,1,1,1,1
PETR4,1.02,90,2022-02-25,0,-0.0981281725962123,0,1,1,0
PETR4,1.02,90,2022-03-02,0,-0.0677771538262466,1,1,1,1
PETR4,1.02,90,2022-03-03,0,-0.0446008672190292,1,0,1,0
PETR4,1.02,90,2022-03-04,0,-0.0231883924746409,1,1,1,1
PETR4,1.02,90,2022-03-07,1,0.0812499941262243,1,1,1,1
PETR4,1.02,90,2022-03-08,1,0.0613497436730057,1,1,1,1
PETR4,1.02,90,2022-03-09,1,0.0613497436730057,1,1,1,1
PETR4,1.02,90,2022-03-10,0,-0.0908287009874805,1,1,1,1
PETR4,1.02,90,2022-03-11,0,-0.0746222742545911,1,1,1,1
PETR4,1.02,90,2022-03-14,0,-0.0170199207972322,1,1,1,1
PETR4,1.02,90,2022-03-15,0,0.0082539156822836,1,1,1,1
PETR4,1.02,90,2022-03-16,1,0.0271999514270957,1,1,1,1
PETR4,1.02,90,2022-03-17,1,0.0790960344177467,1,1,1,1
PETR4,1.02,90,2022-03-18,1,0.0546748240738448,1,1,1,1
PETR4,1.02,90,2022-03-21,0,0.0096905291717079,1,1,1,1
PETR4,1.02,90,2022-03-22,1,0.0209833698419972,1,1,1,1
PETR4,1.02,90,2022-03-23,1,0.0221528799938239,1,1,1,1
PETR4,1.02,90,2022-03-24,1,0.0261275374524891,0,1,1,0
PETR4,1.02,90,2022-03-25,1,0.0470991675018821,1,1,1,1
PETR4,1.02,90,2022-03-28,1,0.0516651639585588,1,1,1,1
PETR4,1.02,90,2022-03-29,1,0.0396923646366547,1,1,1,1
PETR4,1.02,90,2022-03-30,1,0.0374578172817818,1,1,1,1
PETR4,1.02,90,2022-03-31,0,-0.0354694822730411,1,0,1,0
PETR4,1.02,90,2022-04-01,1,0.0352583124905785,0,0,1,0
PETR4,1.02,90,2022-04-04,1,0.05358240806337,1,1,1,1
PETR4,1.02,90,2022-04-05,1,0.0555215113149274,1,1,1,1
PETR4,1.02,90,2022-04-06,1,0.0624999895298115,0,1,1,0
PETR4,1.02,90,2022-04-07,1,0.0214264403284751,1,1,1,1
PETR4,1.02,90,2022-04-08,1,0.0313765245039627,1,0,1,0
PETR4,1.02,90,2022-04-11,0,-0.0263996346009735,1,1,1,1
PETR4,1.02,90,2022-04-12,0,0.0039501453930959,1,1,1,1
PETR4,1.02,90,2022-04-13,0,0.0063291812275001,1,1,1,1
PETR4,1.02,90,2022-04-14,1,0.0269576829372226,1,0,0,0
PETR4,1.02,90,2022-04-18,1,0.0269576829372226,1,1,1,1
PETR4,1.02,90,2022-04-19,0,-0.050237004000049,1,1,1,1
PETR4,1.02,90,2022-04-20,0,-0.0318840539913639,1,1,1,1
PETR4,1.02,90,2022-04-22,1,0.0216883549379307,1,1,1,1
PETR4,1.02,90,2022-04-25,1,0.0491531264960036,1,1,0,0
PETR4,1.02,90,2022-04-26,1,0.0401712770922295,1,1,1,1
PETR4,1.02,90,2022-04-27,1,0.0374384500151121,1,1,1,1
PETR4,1.02,90,2022-04-28,1,0.0461789037710276,1,1,1,1
PETR4,1.02,90,2022-04-29,1,0.0772290451082937,1,1,1,1
PETR4,1.02,90,2022-05-02,1,0.0996015644357295,1,1,1,1
PETR4,1.02,90,2022-05-03,1,0.0823529103242595,1,1,1,1
PETR4,1.02,90,2022-05-04,1,0.0411820418264301,1,1,1,1
PETR4,1.02,90,2022-05-05,1,0.0373202538820542,1,1,1,1
PETR4,1.02,90,2022-05-06,1,0.0422018613163204,1,1,1,1
PETR4,1.02,90,2022-05-09,1,0.0642768700042513,1,0,1,0
PETR4,1.02,90,2022-05-10,1,0.0640634818439154,1,1,1,1
PETR4,1.02,90,2022-05-11,1,0.056524349180087,1,1,1,1
PETR4,1.02,90,2022-05-12,1,0.0304985636578332,0,0,1,0
PETR4,1.02,90,2022-05-13,1,0.0259854022935739,0,0,1,0
PETR4,1.02,90,2022-05-16,0,-0.0048571406257958,0,1,1,0
PETR4,1.02,90,2022-05-17,1,0.0623171632250512,1,1,1,1
PETR4,1.02,90,2022-05-18,1,0.0832339327988547,1,0,1,0
PETR4,1.02,90,2022-05-19,1,0.0497253738922032,1,0,1,0
PETR4,1.02,90,2022-05-20,1,0.0321205244427944,0,1,1,0
PETR4,1.02,90,2022-05-23,1,0.0435897979611328,1,1,1,1
PETR4,1.02,90,2022-05-24,1,0.0271293644117427,0,1,1,0
PETR4,1.02,90,2022-05-25,0,-0.0612117249705587,1,1,1,1
PETR4,1.02,90,2022-05-26,0,-0.0662519844195982,1,1,1,1
PETR4,1.02,90,2022-05-27,0,-0.0350193873962222,1,1,1,1
PETR4,1.02,90,2022-05-30,0,-0.0042749222714496,0,0,1,0
PETR4,1.02,90,2022-05-31,1,0.0210702743872608,1,0,1,0
PETR4,1.02,90,2022-06-01,1,0.0443777285567901,0,0,1,0
PETR4,1.02,90,2022-06-02,1,0.0535173795336338,1,1,1,1
PETR4,1.02,90,2022-06-03,1,0.0262295360156534,1,1,1,1
PETR4,1.02,90,2022-06-06,1,0.0367671837310432,1,1,1,1
PETR4,1.02,90,2022-06-07,1,0.0239973860307252,1,1,1,1
PETR4,1.02,90,2022-06-08,0,-0.0298263020560204,0,0,1,0
PETR4,1.02,90,2022-06-09,0,-0.0309896368775448,1,1,1,1
PETR4,1.02,90,2022-06-10,1,0.0423845279812666,1,1,1,1
PETR4,1.02,90,2022-06-13,0,-0.0687795097086524,1,1,1,1
PETR4,1.02,90,2022-06-14,0,-0.0976667365012742,1,1,1,1
PETR4,1.02,90,2022-06-15,0,-0.0418885122928658,0,1,1,0
PETR4,1.02,90,2022-06-17,1,0.0857033294464608,1,1,1,1
PETR4,1.02,90,2022-06-20,0,-0.0543164866351434,1,0,1,0
PETR4,1.02,90,2022-06-21,1,0.0560571764896322,0,1,1,0
PETR4,1.02,90,2022-06-22,1,0.0685693043248565,1,0,1,0
PETR4,1.02,90,2022-06-23,1,0.0773542245484391,1,1,1,1
PETR4,1.02,90,2022-06-24,1,0.0749440359244058,1,1,1,1
PETR4,1.02,90,2022-06-27,0,-0.0017494622641642,1,1,1,1
PETR4,1.02,90,2022-06-28,1,0.0280899169376571,1,1,1,1
PETR4,1.02,90,2022-06-29,1,0.0589511945685257,1,1,1,1
PETR4,1.02,90,2022-06-30,1,0.0427350461597961,1,1,1,1
PETR4,1.02,90,2022-07-01,1,0.0259285503819022,1,1,1,1
PETR4,1.02,90,2022-07-04,0,-0.0034601820165686,1,1,1,1
PETR4,1.02,90,2022-07-05,1,0.0287642483322256,1,1,1,1
PETR4,1.02,90,2022-07-06,1,0.034642874249803,1,1,1,1
PETR4,1.02,90,2022-07-07,0,-0.0098142055038331,1,1,1,1
PETR4,1.02,90,2022-07-08,0,-0.0293079781500659,1,1,1,1
PETR4,1.02,90,2022-07-11,0,-0.0120141090439628,1,1,1,1
PETR4,1.02,90,2022-07-12,0,0.0167081290015393,0,1,1,0
PETR4,1.02,90,2022-07-13,1,0.0442856922418646,0,0,1,0
PETR4,1.02,90,2022-07-14,1,0.0555956468125176,1,0,1,0
PETR4,1.02,90,2022-07-15,1,0.0299401373220014,0,0,1,0
PETR4,1.02,90,2022-07-18,1,0.0322241185426852,1,1,1,1
PETR4,1.02,90,2022-07-19,1,0.057791544378166,1,1,1,1
PETR4,1.02,90,2022-07-20,1,0.0910972379119239,0,1,1,0
PETR4,1.02,90,2022-07-21,1,0.0888429046010539,1,0,1,0
PETR4,1.02,90,2022-07-22,1,0.1019926070373362,1,1,1,1
PETR4,1.02,90,2022-07-25,1,0.1108974999780016,1,1,1,1
PETR4,1.02,90,2022-07-26,1,0.1073482531018863,0,1,1,0
PETR4,1.02,90,2022-07-27,1,0.0971826749948781,1,1,1,1
PETR4,1.02,90,2022-07-28,1,0.0315476679223305,1,1,1,1
PETR4,1.02,90,2022-07-29,0,0.0061764380405044,1,1,1,1
PETR4,1.02,90,2022-08-01,1,0.038199624264243,0,1,1,0
PETR4,1.02,90,2022-08-02,1,0.0811526138098617,1,1,1,1
PETR4,1.02,90,2022-08-03,1,0.0991784388634826,1,0,1,0
PETR4,1.02,90,2022-08-04,1,0.1024890533800475,1,1,1,1
PETR4,1.02,90,2022-08-05,1,0.0774046309629923,1,1,1,1
PETR4,1.02,90,2022-08-08,1,0.0561819826256146,1,1,1,1
PETR4,1.02,90,2022-08-09,1,0.051275441423783,1,0,1,0
PETR4,1.02,90,2022-08-10,1,0.0568897511704313,1,1,1,1
PETR4,1.02,90,2022-08-11,1,0.127835077642902,1,1,1,1
PETR4,1.02,90,2022-08-12,1,0.0900258981269133,1,1,1,1
PETR4,1.02,90,2022-08-15,1,0.061160101969897,1,1,1,1
PETR4,1.02,90,2022-08-16,1,0.0635071090596166,1,1,1,1
PETR4,1.02,90,2022-08-17,0,0.0102719220217688,1,1,1,1
PETR4,1.02,90,2022-08-18,1,0.0364520260971654,1,1,1,1
PETR4,1.02,90,2022-08-19,1,0.0825456760041689,1,0,1,0
PETR4,1.02,90,2022-08-22,1,0.0530186810806003,1,1,1,1
PETR4,1.02,90,2022-08-23,1,0.0459153084354475,1,1,1,1
PETR4,1.02,90,2022-08-24,1,0.0287390178715221,1,1,1,1
PETR4,1.02,90,2022-08-25,1,0.054086512784427,1,1,1,1
PETR4,1.02,90,2022-08-26,1,0.0456035781185797,1,1,1,1
PETR4,1.02,90,2022-08-29,0,-0.0170588135748326,1,1,1,1
PETR4,1.02,90,2022-08-30,1,0.0779544504632572,1,1,1,1
PETR4,1.02,90,2022-08-31,1,0.0362709865394148,1,1,1,1
PETR4,1.02,90,2022-09-01,0,-0.0766550635733313,1,1,1,1
PETR4,1.02,90,2022-09-02,0,-0.0608566900265176,1,1,1,1
PETR4,1.02,90,2022-09-05,0,-0.0213821091445787,1,1,1,1
PETR4,1.02,90,2022-09-06,0,-0.0513772800123407,1,1,1,1
PETR4,1.02,90,2022-09-08,0,-0.0421668223654956,0,0,1,0
PETR4,1.02,90,2022-09-09,0,-0.0339035670197703,0,0,1,0
PETR4,1.02,90,2022-09-12,0,-0.0051712983318613,1,0,1,0
PETR4,1.02,90,2022-09-13,1,0.022113861795306,1,0,1,0
PETR4,1.02,90,2022-09-14,1,0.0219922183305052,0,1,1,0
PETR4,1.02,90,2022-09-15,1,0.02397924859586,1,1,1,1
PETR4,1.02,90,2022-09-16,1,0.0518033072899739,0,1,1,0
PETR4,1.02,90,2022-09-19,1,0.021005746876735,1,1,1,1
PETR4,1.02,90,2022-09-20,1,0.0232854928943078,1,1,1,1
PETR4,1.02,90,2022-09-21,0,-0.0574968379690287,1,1,1,1
PETR4,1.02,90,2022-09-22,0,-0.0654533683167152,1,1,1,1
PETR4,1.02,90,2022-09-23,0,-0.0137954327530146,1,1,1,1
PETR4,1.02,90,2022-09-26,0,-0.0033445344861989,1,1,1,1
PETR4,1.02,90,2022-09-27,1,0.1001011064270671,1,1,1,1
PETR4,1.02,90,2022-09-28,1,0.1376336598917673,1,1,1,1
PETR4,1.02,90,2022-09-29,1,0.12867899515059,1,0,1,0
PETR4,1.02,90,2022-09-30,1,0.0589157018650434,0,1,1,0
PETR4,1.02,90,2022-10-03,1,0.0431610640237285,0,0,0,1
PETR4,1.02,90,2022-10-04,1,0.0926456393174384,1,1,1,1
PETR4,1.02,90,2022-10-05,1,0.0399999777890498,1,1,1,1
PETR4,1.02,90,2022-10-06,1,0.0270994347324697,1,1,1,1
PETR4,1.02,90,2022-10-07,1,0.0249628346110242,0,1,1,0
PETR4,1.02,90,2022-10-10,1,0.0486469965297433,1,1,1,1
PETR4,1.02,90,2022-10-11,1,0.0612307470077275,0,1,1,0
PETR4,1.02,90,2022-10-13,1,0.046806013476607,1,1,1,1
PETR4,1.02,90,2022-10-14,1,0.0995788338659466,1,1,1,1
PETR4,1.02,90,2022-10-17,1,0.1324483887903831,1,1,1,1
PETR4,1.02,90,2022-10-18,1,0.1248169005902617,1,1,1,1
PETR4,1.02,90,2022-10-19,1,0.0634349127770901,1,1,1,1
PETR4,1.02,90,2022-10-20,1,0.0532236022808871,1,1,1,1
PETR4,1.02,90,2022-10-21,0,-0.0969862988941068,1,1,1,1
PETR4,1.02,90,2022-10-24,0,-0.0431844846459501,1,1,1,1
PETR4,1.02,90,2022-10-25,1,0.0288343856912449,1,0,1,0
PETR4,1.02,90,2022-10-26,1,0.0222493201230509,1,0,1,0
PETR4,1.02,90,2022-10-27,0,-0.08409784810272,1,1,1,1
PETR4,1.02,90,2022-10-28,1,0.0323423688599895,1,0,1,0
PETR4,1.02,90,2022-10-31,0,-0.1118744293595016,1,0,1,0
PETR4,1.02,90,2022-11-01,1,0.0369127838672738,1,1,1,1
PETR4,1.02,90,2022-11-03,0,-0.126623417187206,1,0,1,0
PETR4,1.02,90,2022-11-04,0,-0.0658083163194854,1,1,1,1
PETR4,1.02,90,2022-11-07,1,0.0328898118170513,0,1,1,0
PETR4,1.02,90,2022-11-08,1,0.037937433174642,0,0,1,0
PETR4,1.02,90,2022-11-09,1,0.0805214817679376,1,1,1,1
PETR4,1.02,90,2022-11-10,1,0.0922480883877541,1,1,1,1
PETR4,1.02,90,2022-11-11,1,0.0337490926208658,1,1,1,1
PETR4,1.02,90,2022-11-14,0,-0.0370370175140472,1,1,1,1
PETR4,1.02,90,2022-11-16,1,0.0222221664206381,1,1,1,1
PETR4,1.02,90,2022-11-17,0,-0.0222566128530796,1,1,1,1
PETR4,1.02,90,2022-11-18,1,0.0379885885588024,1,1,1,1
PETR4,1.02,90,2022-11-21,1,0.0708695524277012,1,1,1,1
PETR4,1.02,90,2022-11-22,1,0.0708695524277012,1,1,1,1
PETR4,1.02,90,2022-11-23,1,0.1003401195926365,1,1,1,1
PETR4,1.02,90,2022-11-24,1,0.0989283156267897,1,1,1,1
PETR4,1.02,90,2022-11-25,1,0.1327695697555571,1,1,1,1
PETR4,1.02,90,2022-11-28,1,0.0890244517609175,1,1,1,1
PETR4,1.02,90,2022-11-29,1,0.0464843792322313,1,1,1,1
PETR4,1.02,90,2022-11-30,0,-0.0353649141660155,1,1,1,1
PETR4,1.02,90,2022-12-01,1,0.0346438397097088,1,1,1,1
PETR4,1.02,90,2022-12-02,1,0.022307660764316,1,1,1,1
PETR4,1.02,90,2022-12-05,1,0.0220758979064079,1,1,1,1
PETR4,1.02,90,2022-12-06,1,0.0288082059442886,1,1,1,1
PETR4,1.02,90,2022-12-07,0,-0.0872798250736399,1,1,1,1
PETR4,1.02,90,2022-12-08,0,-0.1408563293412716,1,1,1,1
PETR4,1.02,90,2022-12-09,0,-0.1033360667414244,1,1,1,1
PETR4,1.02,90,2022-12-12,0,-0.0850622512913706,1,1,1,1
PETR4,1.02,90,2022-12-13,0,-0.005333360315561,1,1,1,1
PETR4,1.02,90,2022-12-14,1,0.1066666188234319,1,1,1,1
PETR4,1.02,90,2022-12-15,1,0.080145709516201,1,1,1,1
PETR4,1.02,90,2022-12-16,1,0.1113121994028483,1,1,1,1
PETR4,1.02,90,2022-12-19,1,0.1263956806142416,1,0,1,0
PETR4,1.02,90,2022-12-20,1,0.0765957920019833,1,1,1,1
PETR4,1.02,90,2022-12-21,1,0.0589958470267055,1,1,1,1
PETR4,1.02,90,2022-12-22,1,0.0493162103938784,1,1,1,1
PETR4,1.02,90,2022-12-23,0,-0.0246815472607976,1,1,1,1
